id,subPropertyOf,parent
kko.actionsData,rdfs:subPropertyOf,owl.DatatypeProperty
kko.actionsData,rdfs:subPropertyOf,kko.copulativeData
kko.copulativeData,rdfs:subPropertyOf,owl.DatatypeProperty
kko.copulativeData,rdfs:subPropertyOf,kko.externalRelationsData
kko.externalRelationsData,rdfs:subPropertyOf,owl.DatatypeProperty
kko.externalRelationsData,rdfs:subPropertyOf,kko.predicateDataProperties
kko.adjunctualData,rdfs:subPropertyOf,owl.DatatypeProperty
kko.adjunctualData,rdfs:subPropertyOf,kko.attributesData
kko.attributesData,rdfs:subPropertyOf,owl.DatatypeProperty
kko.attributesData,rdfs:subPropertyOf,kko.predicateDataProperties
kko.predicateDataProperties,rdfs:subPropertyOf,owl.DatatypeProperty
kko.circumstancesData,rdfs:subPropertyOf,owl.DatatypeProperty
kko.circumstancesData,rdfs:subPropertyOf,kko.mediativeData
kko.mediativeData,rdfs:subPropertyOf,owl.DatatypeProperty
kko.mediativeData,rdfs:subPropertyOf,kko.externalRelationsData
kko.classificationsData,rdfs:subPropertyOf,owl.DatatypeProperty
kko.classificationsData,rdfs:subPropertyOf,kko.contextualData
kko.contextualData,rdfs:subPropertyOf,owl.DatatypeProperty
kko.contextualData,rdfs:subPropertyOf,kko.attributesData
kko.comparisonsData,rdfs:subPropertyOf,owl.DatatypeProperty
kko.comparisonsData,rdfs:subPropertyOf,kko.mediativeData
kko.conjoinsData,rdfs:subPropertyOf,owl.DatatypeProperty
kko.conjoinsData,rdfs:subPropertyOf,kko.copulativeData
kko.descendantsData,rdfs:subPropertyOf,owl.DatatypeProperty
kko.descendantsData,rdfs:subPropertyOf,kko.directData
kko.directData,rdfs:subPropertyOf,owl.DatatypeProperty
kko.directData,rdfs:subPropertyOf,kko.externalRelationsData
kko.elementalsData,rdfs:subPropertyOf,owl.DatatypeProperty
kko.elementalsData,rdfs:subPropertyOf,kko.intrinsicsData
kko.intrinsicsData,rdfs:subPropertyOf,owl.DatatypeProperty
kko.intrinsicsData,rdfs:subPropertyOf,kko.attributesData
kko.equivalencesData,rdfs:subPropertyOf,owl.DatatypeProperty
kko.equivalencesData,rdfs:subPropertyOf,kko.directData
kko.eventualsData,rdfs:subPropertyOf,owl.DatatypeProperty
kko.eventualsData,rdfs:subPropertyOf,kko.adjunctualData
kko.extrinsicsData,rdfs:subPropertyOf,owl.DatatypeProperty
kko.extrinsicsData,rdfs:subPropertyOf,kko.adjunctualData
kko.formsData,rdfs:subPropertyOf,owl.DatatypeProperty
kko.formsData,rdfs:subPropertyOf,kko.intrinsicsData
kko.partsData,rdfs:subPropertyOf,owl.DatatypeProperty
kko.partsData,rdfs:subPropertyOf,kko.directData
kko.performancesData,rdfs:subPropertyOf,owl.DatatypeProperty
kko.performancesData,rdfs:subPropertyOf,kko.mediativeData
kko.qualitiesData,rdfs:subPropertyOf,owl.DatatypeProperty
kko.qualitiesData,rdfs:subPropertyOf,kko.intrinsicsData
kko.quantitiesData,rdfs:subPropertyOf,owl.DatatypeProperty
kko.quantitiesData,rdfs:subPropertyOf,kko.adjunctualData
kko.ratingsData,rdfs:subPropertyOf,owl.DatatypeProperty
kko.ratingsData,rdfs:subPropertyOf,kko.contextualData
kko.situantsData,rdfs:subPropertyOf,owl.DatatypeProperty
kko.situantsData,rdfs:subPropertyOf,kko.contextualData
kko.typingsData,rdfs:subPropertyOf,owl.DatatypeProperty
kko.typingsData,rdfs:subPropertyOf,kko.copulativeData
rc.abs_ascl_2011_code,rdfs:subPropertyOf,owl.DatatypeProperty
rc.abs_ascl_2011_code,rdfs:subPropertyOf,kko.classificationsData
rc.absolute_magnitude,rdfs:subPropertyOf,owl.DatatypeProperty
rc.absolute_magnitude,rdfs:subPropertyOf,kko.qualitiesData
rc.accepted_answer,rdfs:subPropertyOf,owl.DatatypeProperty
rc.accepted_answer,rdfs:subPropertyOf,kko.conjoinsData
rc.accepts_reservations,rdfs:subPropertyOf,owl.DatatypeProperty
rc.accepts_reservations,rdfs:subPropertyOf,kko.extrinsicsData
rc.access_mode,rdfs:subPropertyOf,owl.DatatypeProperty
rc.access_mode,rdfs:subPropertyOf,kko.formsData
rc.access_mode_sufficient,rdfs:subPropertyOf,owl.DatatypeProperty
rc.access_mode_sufficient,rdfs:subPropertyOf,kko.formsData
rc.accessibility_api,rdfs:subPropertyOf,owl.DatatypeProperty
rc.accessibility_api,rdfs:subPropertyOf,kko.extrinsicsData
rc.accessibility_control,rdfs:subPropertyOf,owl.DatatypeProperty
rc.accessibility_control,rdfs:subPropertyOf,kko.extrinsicsData
rc.accessibility_feature,rdfs:subPropertyOf,owl.DatatypeProperty
rc.accessibility_feature,rdfs:subPropertyOf,kko.qualitiesData
rc.accessibility_hazard,rdfs:subPropertyOf,owl.DatatypeProperty
rc.accessibility_hazard,rdfs:subPropertyOf,kko.elementalsData
rc.action_option,rdfs:subPropertyOf,owl.DatatypeProperty
rc.action_option,rdfs:subPropertyOf,kko.actionsData
rc.action_platform,rdfs:subPropertyOf,owl.DatatypeProperty
rc.action_platform,rdfs:subPropertyOf,kko.extrinsicsData
rc.additional_number_of_guests,rdfs:subPropertyOf,owl.DatatypeProperty
rc.additional_number_of_guests,rdfs:subPropertyOf,kko.quantitiesData
rc.additional_property,rdfs:subPropertyOf,owl.DatatypeProperty
rc.additional_property,rdfs:subPropertyOf,kko.qualitiesData
rc.additional_type,rdfs:subPropertyOf,owl.DatatypeProperty
rc.additional_type,rdfs:subPropertyOf,kko.typingsData
rc.advance_booking_requirement,rdfs:subPropertyOf,owl.DatatypeProperty
rc.advance_booking_requirement,rdfs:subPropertyOf,kko.quantitiesData
rc.aerodrome_reference_point,rdfs:subPropertyOf,owl.DatatypeProperty
rc.aerodrome_reference_point,rdfs:subPropertyOf,kko.situantsData
rc.aftershocks,rdfs:subPropertyOf,owl.DatatypeProperty
rc.aftershocks,rdfs:subPropertyOf,kko.qualitiesData
rc.age_of_candidacy,rdfs:subPropertyOf,owl.DatatypeProperty
rc.age_of_candidacy,rdfs:subPropertyOf,kko.quantitiesData
rc.age_of_consent,rdfs:subPropertyOf,owl.DatatypeProperty
rc.age_of_consent,rdfs:subPropertyOf,kko.extrinsicsData
rc.age_of_majority,rdfs:subPropertyOf,owl.DatatypeProperty
rc.age_of_majority,rdfs:subPropertyOf,kko.extrinsicsData
rc.alcohol_by_volume,rdfs:subPropertyOf,owl.DatatypeProperty
rc.alcohol_by_volume,rdfs:subPropertyOf,kko.qualitiesData
rc.alexa_rank,rdfs:subPropertyOf,owl.DatatypeProperty
rc.alexa_rank,rdfs:subPropertyOf,kko.ratingsData
rc.alignment_type,rdfs:subPropertyOf,owl.DatatypeProperty
rc.alignment_type,rdfs:subPropertyOf,kko.classificationsData
rc.amount,rdfs:subPropertyOf,owl.DatatypeProperty
rc.amount,rdfs:subPropertyOf,kko.quantitiesData
rc.amount_of_this_good,rdfs:subPropertyOf,owl.DatatypeProperty
rc.amount_of_this_good,rdfs:subPropertyOf,kko.quantitiesData
rc.angular_resolution,rdfs:subPropertyOf,owl.DatatypeProperty
rc.angular_resolution,rdfs:subPropertyOf,kko.elementalsData
rc.annual_energy_output,rdfs:subPropertyOf,owl.DatatypeProperty
rc.annual_energy_output,rdfs:subPropertyOf,kko.quantitiesData
rc.annual_percentage_rate,rdfs:subPropertyOf,owl.DatatypeProperty
rc.annual_percentage_rate,rdfs:subPropertyOf,kko.quantitiesData
rc.answer_count,rdfs:subPropertyOf,owl.DatatypeProperty
rc.answer_count,rdfs:subPropertyOf,kko.quantitiesData
rc.apoapsis,rdfs:subPropertyOf,owl.DatatypeProperty
rc.apoapsis,rdfs:subPropertyOf,kko.qualitiesData
rc.apparent_magnitude,rdfs:subPropertyOf,owl.DatatypeProperty
rc.apparent_magnitude,rdfs:subPropertyOf,kko.qualitiesData
rc.applicationSuite,rdfs:subPropertyOf,owl.DatatypeProperty
rc.applicationSuite,rdfs:subPropertyOf,kko.partsData
rc.application_category,rdfs:subPropertyOf,owl.DatatypeProperty
rc.application_category,rdfs:subPropertyOf,kko.typingsData
rc.application_sub_category,rdfs:subPropertyOf,owl.DatatypeProperty
rc.application_sub_category,rdfs:subPropertyOf,kko.typingsData
rc.archive_date,rdfs:subPropertyOf,owl.DatatypeProperty
rc.archive_date,rdfs:subPropertyOf,kko.eventualsData
rc.area,rdfs:subPropertyOf,owl.DatatypeProperty
rc.area,rdfs:subPropertyOf,kko.qualitiesData
rc.argument_of_periapsis,rdfs:subPropertyOf,owl.DatatypeProperty
rc.argument_of_periapsis,rdfs:subPropertyOf,kko.qualitiesData
rc.arrival_gate,rdfs:subPropertyOf,owl.DatatypeProperty
rc.arrival_gate,rdfs:subPropertyOf,kko.situantsData
rc.arrival_platform,rdfs:subPropertyOf,owl.DatatypeProperty
rc.arrival_platform,rdfs:subPropertyOf,kko.situantsData
rc.arrival_terminal,rdfs:subPropertyOf,owl.DatatypeProperty
rc.arrival_terminal,rdfs:subPropertyOf,kko.situantsData
rc.arrival_time,rdfs:subPropertyOf,owl.DatatypeProperty
rc.arrival_time,rdfs:subPropertyOf,kko.eventualsData
rc.art_edition,rdfs:subPropertyOf,owl.DatatypeProperty
rc.art_edition,rdfs:subPropertyOf,kko.quantitiesData
rc.art_medium,rdfs:subPropertyOf,owl.DatatypeProperty
rc.art_medium,rdfs:subPropertyOf,kko.typingsData
rc.artform,rdfs:subPropertyOf,owl.DatatypeProperty
rc.artform,rdfs:subPropertyOf,kko.formsData
rc.article_body,rdfs:subPropertyOf,owl.DatatypeProperty
rc.article_body,rdfs:subPropertyOf,kko.formsData
rc.article_section,rdfs:subPropertyOf,owl.DatatypeProperty
rc.article_section,rdfs:subPropertyOf,kko.situantsData
rc.artwork_surface,rdfs:subPropertyOf,owl.DatatypeProperty
rc.artwork_surface,rdfs:subPropertyOf,kko.formsData
rc.assembly,rdfs:subPropertyOf,owl.DatatypeProperty
rc.assembly,rdfs:subPropertyOf,kko.typingsData
rc.atomic_number,rdfs:subPropertyOf,owl.DatatypeProperty
rc.atomic_number,rdfs:subPropertyOf,kko.qualitiesData
rc.attendance,rdfs:subPropertyOf,owl.DatatypeProperty
rc.attendance,rdfs:subPropertyOf,kko.quantitiesData
rc.audience_type,rdfs:subPropertyOf,owl.DatatypeProperty
rc.audience_type,rdfs:subPropertyOf,kko.typingsData
rc.autoignition_temperature,rdfs:subPropertyOf,owl.DatatypeProperty
rc.autoignition_temperature,rdfs:subPropertyOf,kko.qualitiesData
rc.availability_ends,rdfs:subPropertyOf,owl.DatatypeProperty
rc.availability_ends,rdfs:subPropertyOf,kko.eventualsData
rc.availability_starts,rdfs:subPropertyOf,owl.DatatypeProperty
rc.availability_starts,rdfs:subPropertyOf,kko.eventualsData
rc.available_from,rdfs:subPropertyOf,owl.DatatypeProperty
rc.available_from,rdfs:subPropertyOf,kko.eventualsData
rc.available_language,rdfs:subPropertyOf,owl.DatatypeProperty
rc.available_language,rdfs:subPropertyOf,kko.conjoinsData
rc.available_on_device,rdfs:subPropertyOf,owl.DatatypeProperty
rc.available_on_device,rdfs:subPropertyOf,kko.extrinsicsData
rc.available_through,rdfs:subPropertyOf,owl.DatatypeProperty
rc.available_through,rdfs:subPropertyOf,kko.eventualsData
rc.average_space_complexity,rdfs:subPropertyOf,owl.DatatypeProperty
rc.average_space_complexity,rdfs:subPropertyOf,kko.ratingsData
rc.average_time_complexity,rdfs:subPropertyOf,owl.DatatypeProperty
rc.average_time_complexity,rdfs:subPropertyOf,kko.ratingsData
rc.award,rdfs:subPropertyOf,owl.DatatypeProperty
rc.award,rdfs:subPropertyOf,kko.typingsData
rc.awards,rdfs:subPropertyOf,owl.DatatypeProperty
rc.awards,rdfs:subPropertyOf,kko.typingsData
rc.ballots_cast,rdfs:subPropertyOf,owl.DatatypeProperty
rc.ballots_cast,rdfs:subPropertyOf,kko.quantitiesData
rc.baseSalary,rdfs:subPropertyOf,owl.DatatypeProperty
rc.baseSalary,rdfs:subPropertyOf,kko.quantitiesData
rc.base_salary,rdfs:subPropertyOf,owl.DatatypeProperty
rc.base_salary,rdfs:subPropertyOf,kko.quantitiesData
rc.beam,rdfs:subPropertyOf,owl.DatatypeProperty
rc.beam,rdfs:subPropertyOf,kko.qualitiesData
rc.beats_per_minute,rdfs:subPropertyOf,owl.DatatypeProperty
rc.beats_per_minute,rdfs:subPropertyOf,kko.ratingsData
rc.benefits,rdfs:subPropertyOf,owl.DatatypeProperty
rc.benefits,rdfs:subPropertyOf,kko.qualitiesData
rc.best_case_time_complexity,rdfs:subPropertyOf,owl.DatatypeProperty
rc.best_case_time_complexity,rdfs:subPropertyOf,kko.ratingsData
rc.best_rating,rdfs:subPropertyOf,owl.DatatypeProperty
rc.best_rating,rdfs:subPropertyOf,kko.quantitiesData
rc.billing_increment,rdfs:subPropertyOf,owl.DatatypeProperty
rc.billing_increment,rdfs:subPropertyOf,kko.quantitiesData
rc.billing_period,rdfs:subPropertyOf,owl.DatatypeProperty
rc.billing_period,rdfs:subPropertyOf,kko.eventualsData
rc.binding_energy,rdfs:subPropertyOf,owl.DatatypeProperty
rc.binding_energy,rdfs:subPropertyOf,kko.qualitiesData
rc.birth_date,rdfs:subPropertyOf,owl.DatatypeProperty
rc.birth_date,rdfs:subPropertyOf,kko.eventualsData
rc.bite_force_quotient,rdfs:subPropertyOf,owl.DatatypeProperty
rc.bite_force_quotient,rdfs:subPropertyOf,kko.ratingsData
rc.bitrate,rdfs:subPropertyOf,owl.DatatypeProperty
rc.bitrate,rdfs:subPropertyOf,kko.quantitiesData
rc.block_size,rdfs:subPropertyOf,owl.DatatypeProperty
rc.block_size,rdfs:subPropertyOf,kko.qualitiesData
rc.boardingGroup,rdfs:subPropertyOf,owl.DatatypeProperty
rc.boardingGroup,rdfs:subPropertyOf,kko.partsData
rc.boiling_point,rdfs:subPropertyOf,owl.DatatypeProperty
rc.boiling_point,rdfs:subPropertyOf,kko.qualitiesData
rc.booking_time,rdfs:subPropertyOf,owl.DatatypeProperty
rc.booking_time,rdfs:subPropertyOf,kko.eventualsData
rc.bore,rdfs:subPropertyOf,owl.DatatypeProperty
rc.bore,rdfs:subPropertyOf,kko.qualitiesData
rc.box,rdfs:subPropertyOf,owl.DatatypeProperty
rc.box,rdfs:subPropertyOf,kko.formsData
rc.box_office,rdfs:subPropertyOf,owl.DatatypeProperty
rc.box_office,rdfs:subPropertyOf,kko.quantitiesData
rc.broadcast_service_tier,rdfs:subPropertyOf,owl.DatatypeProperty
rc.broadcast_service_tier,rdfs:subPropertyOf,kko.formsData
rc.broadcast_timezone,rdfs:subPropertyOf,owl.DatatypeProperty
rc.broadcast_timezone,rdfs:subPropertyOf,kko.situantsData
rc.browser_requirements,rdfs:subPropertyOf,owl.DatatypeProperty
rc.browser_requirements,rdfs:subPropertyOf,kko.extrinsicsData
rc.budget,rdfs:subPropertyOf,owl.DatatypeProperty
rc.budget,rdfs:subPropertyOf,kko.quantitiesData
rc.caliber,rdfs:subPropertyOf,owl.DatatypeProperty
rc.caliber,rdfs:subPropertyOf,kko.quantitiesData
rc.canonical_smiles,rdfs:subPropertyOf,owl.DatatypeProperty
rc.canonical_smiles,rdfs:subPropertyOf,kko.formsData
rc.carbohydrate_content,rdfs:subPropertyOf,owl.DatatypeProperty
rc.carbohydrate_content,rdfs:subPropertyOf,kko.quantitiesData
rc.cardinality_of_the_group,rdfs:subPropertyOf,owl.DatatypeProperty
rc.cardinality_of_the_group,rdfs:subPropertyOf,kko.quantitiesData
rc.cargo_volume,rdfs:subPropertyOf,owl.DatatypeProperty
rc.cargo_volume,rdfs:subPropertyOf,kko.quantitiesData
rc.carrier_requirements,rdfs:subPropertyOf,owl.DatatypeProperty
rc.carrier_requirements,rdfs:subPropertyOf,kko.extrinsicsData
rc.category,rdfs:subPropertyOf,owl.DatatypeProperty
rc.category,rdfs:subPropertyOf,kko.conjoinsData
rc.ceiling_exposure_limit,rdfs:subPropertyOf,owl.DatatypeProperty
rc.ceiling_exposure_limit,rdfs:subPropertyOf,kko.qualitiesData
rc.century_breaks,rdfs:subPropertyOf,owl.DatatypeProperty
rc.century_breaks,rdfs:subPropertyOf,kko.extrinsicsData
rc.checkin_time,rdfs:subPropertyOf,owl.DatatypeProperty
rc.checkin_time,rdfs:subPropertyOf,kko.eventualsData
rc.checkout_time,rdfs:subPropertyOf,owl.DatatypeProperty
rc.checkout_time,rdfs:subPropertyOf,kko.eventualsData
rc.chemical_formula,rdfs:subPropertyOf,owl.DatatypeProperty
rc.chemical_formula,rdfs:subPropertyOf,kko.formsData
rc.child_max_age,rdfs:subPropertyOf,owl.DatatypeProperty
rc.child_max_age,rdfs:subPropertyOf,kko.quantitiesData
rc.child_min_age,rdfs:subPropertyOf,owl.DatatypeProperty
rc.child_min_age,rdfs:subPropertyOf,kko.quantitiesData
rc.chinese_library_classification,rdfs:subPropertyOf,owl.DatatypeProperty
rc.chinese_library_classification,rdfs:subPropertyOf,kko.classificationsData
rc.cholesterol_content,rdfs:subPropertyOf,owl.DatatypeProperty
rc.cholesterol_content,rdfs:subPropertyOf,kko.quantitiesData
rc.circle,rdfs:subPropertyOf,owl.DatatypeProperty
rc.circle,rdfs:subPropertyOf,kko.formsData
rc.classification_of_instructional_programs_code,rdfs:subPropertyOf,owl.DatatypeProperty
rc.classification_of_instructional_programs_code,rdfs:subPropertyOf,kko.classificationsData
rc.clearance,rdfs:subPropertyOf,owl.DatatypeProperty
rc.clearance,rdfs:subPropertyOf,kko.qualitiesData
rc.clock_speed,rdfs:subPropertyOf,owl.DatatypeProperty
rc.clock_speed,rdfs:subPropertyOf,kko.quantitiesData
rc.closes,rdfs:subPropertyOf,owl.DatatypeProperty
rc.closes,rdfs:subPropertyOf,kko.eventualsData
rc.cno_11_occupation_code,rdfs:subPropertyOf,owl.DatatypeProperty
rc.cno_11_occupation_code,rdfs:subPropertyOf,kko.classificationsData
rc.code_sample_type,rdfs:subPropertyOf,owl.DatatypeProperty
rc.code_sample_type,rdfs:subPropertyOf,kko.classificationsData
rc.colleague,rdfs:subPropertyOf,owl.DatatypeProperty
rc.colleague,rdfs:subPropertyOf,kko.typingsData
rc.collection_or_exhibition_size,rdfs:subPropertyOf,owl.DatatypeProperty
rc.collection_or_exhibition_size,rdfs:subPropertyOf,kko.quantitiesData
rc.color_index,rdfs:subPropertyOf,owl.DatatypeProperty
rc.color_index,rdfs:subPropertyOf,kko.qualitiesData
rc.color_schema,rdfs:subPropertyOf,owl.DatatypeProperty
rc.color_schema,rdfs:subPropertyOf,kko.qualitiesData
rc.comment_count,rdfs:subPropertyOf,owl.DatatypeProperty
rc.comment_count,rdfs:subPropertyOf,kko.quantitiesData
rc.comment_time,rdfs:subPropertyOf,owl.DatatypeProperty
rc.comment_time,rdfs:subPropertyOf,kko.eventualsData
rc.common_equity_tier_1_capital_ratio_ceti,rdfs:subPropertyOf,owl.DatatypeProperty
rc.common_equity_tier_1_capital_ratio_ceti,rdfs:subPropertyOf,kko.ratingsData
rc.compression_ratio,rdfs:subPropertyOf,owl.DatatypeProperty
rc.compression_ratio,rdfs:subPropertyOf,kko.ratingsData
rc.compulsory_education_maximum_age,rdfs:subPropertyOf,owl.DatatypeProperty
rc.compulsory_education_maximum_age,rdfs:subPropertyOf,kko.extrinsicsData
rc.compulsory_education_minimum_age,rdfs:subPropertyOf,owl.DatatypeProperty
rc.compulsory_education_minimum_age,rdfs:subPropertyOf,kko.extrinsicsData
rc.contact_type,rdfs:subPropertyOf,owl.DatatypeProperty
rc.contact_type,rdfs:subPropertyOf,kko.typingsData
rc.content_rating,rdfs:subPropertyOf,owl.DatatypeProperty
rc.content_rating,rdfs:subPropertyOf,kko.ratingsData
rc.content_size,rdfs:subPropertyOf,owl.DatatypeProperty
rc.content_size,rdfs:subPropertyOf,kko.quantitiesData
rc.content_type,rdfs:subPropertyOf,owl.DatatypeProperty
rc.content_type,rdfs:subPropertyOf,kko.typingsData
rc.conversion_to_si_unit,rdfs:subPropertyOf,owl.DatatypeProperty
rc.conversion_to_si_unit,rdfs:subPropertyOf,kko.equivalencesData
rc.conversion_to_standard_unit,rdfs:subPropertyOf,owl.DatatypeProperty
rc.conversion_to_standard_unit,rdfs:subPropertyOf,kko.equivalencesData
rc.cook_time,rdfs:subPropertyOf,owl.DatatypeProperty
rc.cook_time,rdfs:subPropertyOf,kko.eventualsData
rc.cooking_method,rdfs:subPropertyOf,owl.DatatypeProperty
rc.cooking_method,rdfs:subPropertyOf,kko.formsData
rc.coordinate_location,rdfs:subPropertyOf,owl.DatatypeProperty
rc.coordinate_location,rdfs:subPropertyOf,kko.situantsData
rc.coordinates_of_easternmost_point,rdfs:subPropertyOf,owl.DatatypeProperty
rc.coordinates_of_easternmost_point,rdfs:subPropertyOf,kko.situantsData
rc.coordinates_of_northernmost_point,rdfs:subPropertyOf,owl.DatatypeProperty
rc.coordinates_of_northernmost_point,rdfs:subPropertyOf,kko.situantsData
rc.coordinates_of_southernmost_point,rdfs:subPropertyOf,owl.DatatypeProperty
rc.coordinates_of_southernmost_point,rdfs:subPropertyOf,kko.situantsData
rc.coordinates_of_the_point_of_view,rdfs:subPropertyOf,owl.DatatypeProperty
rc.coordinates_of_the_point_of_view,rdfs:subPropertyOf,kko.situantsData
rc.coordinates_of_westernmost_point,rdfs:subPropertyOf,owl.DatatypeProperty
rc.coordinates_of_westernmost_point,rdfs:subPropertyOf,kko.situantsData
rc.copyright_year,rdfs:subPropertyOf,owl.DatatypeProperty
rc.copyright_year,rdfs:subPropertyOf,kko.quantitiesData
rc.cost,rdfs:subPropertyOf,owl.DatatypeProperty
rc.cost,rdfs:subPropertyOf,kko.quantitiesData
rc.cost_of_damage,rdfs:subPropertyOf,owl.DatatypeProperty
rc.cost_of_damage,rdfs:subPropertyOf,kko.quantitiesData
rc.countries_not_supported,rdfs:subPropertyOf,owl.DatatypeProperty
rc.countries_not_supported,rdfs:subPropertyOf,kko.extrinsicsData
rc.countries_supported,rdfs:subPropertyOf,owl.DatatypeProperty
rc.countries_supported,rdfs:subPropertyOf,kko.extrinsicsData
rc.course_mode,rdfs:subPropertyOf,owl.DatatypeProperty
rc.course_mode,rdfs:subPropertyOf,kko.formsData
rc.course_prerequisites,rdfs:subPropertyOf,owl.DatatypeProperty
rc.course_prerequisites,rdfs:subPropertyOf,kko.conjoinsData
rc.coverage_end_time,rdfs:subPropertyOf,owl.DatatypeProperty
rc.coverage_end_time,rdfs:subPropertyOf,kko.eventualsData
rc.coverage_start_time,rdfs:subPropertyOf,owl.DatatypeProperty
rc.coverage_start_time,rdfs:subPropertyOf,kko.eventualsData
rc.cruise_speed,rdfs:subPropertyOf,owl.DatatypeProperty
rc.cruise_speed,rdfs:subPropertyOf,kko.quantitiesData
rc.currencies_accepted,rdfs:subPropertyOf,owl.DatatypeProperty
rc.currencies_accepted,rdfs:subPropertyOf,kko.quantitiesData
rc.currency_schema,rdfs:subPropertyOf,owl.DatatypeProperty
rc.currency_schema,rdfs:subPropertyOf,kko.quantitiesData
rc.daily_patronage,rdfs:subPropertyOf,owl.DatatypeProperty
rc.daily_patronage,rdfs:subPropertyOf,kko.quantitiesData
rc.dana_8_th_edition,rdfs:subPropertyOf,owl.DatatypeProperty
rc.dana_8_th_edition,rdfs:subPropertyOf,kko.classificationsData
rc.danish_bibliometric_research_indicator_level,rdfs:subPropertyOf,owl.DatatypeProperty
rc.danish_bibliometric_research_indicator_level,rdfs:subPropertyOf,kko.ratingsData
rc.data_size,rdfs:subPropertyOf,owl.DatatypeProperty
rc.data_size,rdfs:subPropertyOf,kko.elementalsData
rc.dataset_time_interval,rdfs:subPropertyOf,owl.DatatypeProperty
rc.dataset_time_interval,rdfs:subPropertyOf,kko.eventualsData
rc.date_created,rdfs:subPropertyOf,owl.DatatypeProperty
rc.date_created,rdfs:subPropertyOf,kko.eventualsData
rc.date_deleted,rdfs:subPropertyOf,owl.DatatypeProperty
rc.date_deleted,rdfs:subPropertyOf,kko.eventualsData
rc.date_depicted,rdfs:subPropertyOf,owl.DatatypeProperty
rc.date_depicted,rdfs:subPropertyOf,kko.eventualsData
rc.date_issued,rdfs:subPropertyOf,owl.DatatypeProperty
rc.date_issued,rdfs:subPropertyOf,kko.eventualsData
rc.date_modified,rdfs:subPropertyOf,owl.DatatypeProperty
rc.date_modified,rdfs:subPropertyOf,kko.eventualsData
rc.date_of_baptism_in_early_childhood,rdfs:subPropertyOf,owl.DatatypeProperty
rc.date_of_baptism_in_early_childhood,rdfs:subPropertyOf,kko.eventualsData
rc.date_of_birth,rdfs:subPropertyOf,owl.DatatypeProperty
rc.date_of_birth,rdfs:subPropertyOf,kko.eventualsData
rc.date_of_burial_or_cremation,rdfs:subPropertyOf,owl.DatatypeProperty
rc.date_of_burial_or_cremation,rdfs:subPropertyOf,kko.eventualsData
rc.date_of_death,rdfs:subPropertyOf,owl.DatatypeProperty
rc.date_of_death,rdfs:subPropertyOf,kko.eventualsData
rc.date_of_disappearance,rdfs:subPropertyOf,owl.DatatypeProperty
rc.date_of_disappearance,rdfs:subPropertyOf,kko.eventualsData
rc.date_of_first_performance,rdfs:subPropertyOf,owl.DatatypeProperty
rc.date_of_first_performance,rdfs:subPropertyOf,kko.eventualsData
rc.date_of_official_closure,rdfs:subPropertyOf,owl.DatatypeProperty
rc.date_of_official_closure,rdfs:subPropertyOf,kko.eventualsData
rc.date_of_official_opening,rdfs:subPropertyOf,owl.DatatypeProperty
rc.date_of_official_opening,rdfs:subPropertyOf,kko.eventualsData
rc.date_posted,rdfs:subPropertyOf,owl.DatatypeProperty
rc.date_posted,rdfs:subPropertyOf,kko.eventualsData
rc.date_published,rdfs:subPropertyOf,owl.DatatypeProperty
rc.date_published,rdfs:subPropertyOf,kko.eventualsData
rc.date_read,rdfs:subPropertyOf,owl.DatatypeProperty
rc.date_read,rdfs:subPropertyOf,kko.eventualsData
rc.date_received,rdfs:subPropertyOf,owl.DatatypeProperty
rc.date_received,rdfs:subPropertyOf,kko.eventualsData
rc.date_sent,rdfs:subPropertyOf,owl.DatatypeProperty
rc.date_sent,rdfs:subPropertyOf,kko.eventualsData
rc.date_vehicle_first_registered,rdfs:subPropertyOf,owl.DatatypeProperty
rc.date_vehicle_first_registered,rdfs:subPropertyOf,kko.eventualsData
rc.dateline,rdfs:subPropertyOf,owl.DatatypeProperty
rc.dateline,rdfs:subPropertyOf,kko.situantsData
rc.death_date,rdfs:subPropertyOf,owl.DatatypeProperty
rc.death_date,rdfs:subPropertyOf,kko.eventualsData
rc.decomposition_point,rdfs:subPropertyOf,owl.DatatypeProperty
rc.decomposition_point,rdfs:subPropertyOf,kko.qualitiesData
rc.default_value,rdfs:subPropertyOf,owl.DatatypeProperty
rc.default_value,rdfs:subPropertyOf,kko.quantitiesData
rc.defined_daily_dose,rdfs:subPropertyOf,owl.DatatypeProperty
rc.defined_daily_dose,rdfs:subPropertyOf,kko.quantitiesData
rc.defining_formula,rdfs:subPropertyOf,owl.DatatypeProperty
rc.defining_formula,rdfs:subPropertyOf,kko.formsData
rc.delivery_lead_time,rdfs:subPropertyOf,owl.DatatypeProperty
rc.delivery_lead_time,rdfs:subPropertyOf,kko.quantitiesData
rc.density,rdfs:subPropertyOf,owl.DatatypeProperty
rc.density,rdfs:subPropertyOf,kko.qualitiesData
rc.departure_gate,rdfs:subPropertyOf,owl.DatatypeProperty
rc.departure_gate,rdfs:subPropertyOf,kko.situantsData
rc.departure_platform,rdfs:subPropertyOf,owl.DatatypeProperty
rc.departure_platform,rdfs:subPropertyOf,kko.situantsData
rc.departure_terminal,rdfs:subPropertyOf,owl.DatatypeProperty
rc.departure_terminal,rdfs:subPropertyOf,kko.situantsData
rc.departure_time,rdfs:subPropertyOf,owl.DatatypeProperty
rc.departure_time,rdfs:subPropertyOf,kko.eventualsData
rc.dependencies,rdfs:subPropertyOf,owl.DatatypeProperty
rc.dependencies,rdfs:subPropertyOf,kko.extrinsicsData
rc.depicts_iconclass_notation,rdfs:subPropertyOf,owl.DatatypeProperty
rc.depicts_iconclass_notation,rdfs:subPropertyOf,kko.classificationsData
rc.depth,rdfs:subPropertyOf,owl.DatatypeProperty
rc.depth,rdfs:subPropertyOf,kko.qualitiesData
rc.device,rdfs:subPropertyOf,owl.DatatypeProperty
rc.device,rdfs:subPropertyOf,kko.typingsData
rc.dewey_decimal_classification,rdfs:subPropertyOf,owl.DatatypeProperty
rc.dewey_decimal_classification,rdfs:subPropertyOf,kko.classificationsData
rc.diameter,rdfs:subPropertyOf,owl.DatatypeProperty
rc.diameter,rdfs:subPropertyOf,kko.qualitiesData
rc.discharge,rdfs:subPropertyOf,owl.DatatypeProperty
rc.discharge,rdfs:subPropertyOf,kko.qualitiesData
rc.discontinued_date,rdfs:subPropertyOf,owl.DatatypeProperty
rc.discontinued_date,rdfs:subPropertyOf,kko.eventualsData
rc.discount,rdfs:subPropertyOf,owl.DatatypeProperty
rc.discount,rdfs:subPropertyOf,kko.quantitiesData
rc.discount_currency,rdfs:subPropertyOf,owl.DatatypeProperty
rc.discount_currency,rdfs:subPropertyOf,kko.quantitiesData
rc.disease_burden,rdfs:subPropertyOf,owl.DatatypeProperty
rc.disease_burden,rdfs:subPropertyOf,kko.quantitiesData
rc.dissolution_date,rdfs:subPropertyOf,owl.DatatypeProperty
rc.dissolution_date,rdfs:subPropertyOf,kko.eventualsData
rc.dissolved_abolished_or_demolished,rdfs:subPropertyOf,owl.DatatypeProperty
rc.dissolved_abolished_or_demolished,rdfs:subPropertyOf,kko.eventualsData
rc.distance_from_earth,rdfs:subPropertyOf,owl.DatatypeProperty
rc.distance_from_earth,rdfs:subPropertyOf,kko.situantsData
rc.door_time,rdfs:subPropertyOf,owl.DatatypeProperty
rc.door_time,rdfs:subPropertyOf,kko.eventualsData
rc.doubles_record,rdfs:subPropertyOf,owl.DatatypeProperty
rc.doubles_record,rdfs:subPropertyOf,kko.extrinsicsData
rc.downvote_count,rdfs:subPropertyOf,owl.DatatypeProperty
rc.downvote_count,rdfs:subPropertyOf,kko.quantitiesData
rc.draft,rdfs:subPropertyOf,owl.DatatypeProperty
rc.draft,rdfs:subPropertyOf,kko.qualitiesData
rc.drive_wheel_configuration,rdfs:subPropertyOf,owl.DatatypeProperty
rc.drive_wheel_configuration,rdfs:subPropertyOf,kko.formsData
rc.dropoff_time,rdfs:subPropertyOf,owl.DatatypeProperty
rc.dropoff_time,rdfs:subPropertyOf,kko.eventualsData
rc.dsm_iv_classification,rdfs:subPropertyOf,owl.DatatypeProperty
rc.dsm_iv_classification,rdfs:subPropertyOf,kko.classificationsData
rc.duration,rdfs:subPropertyOf,owl.DatatypeProperty
rc.duration,rdfs:subPropertyOf,kko.eventualsData
rc.duration,rdfs:subPropertyOf,kko.qualitiesData
rc.duration_of_warranty,rdfs:subPropertyOf,owl.DatatypeProperty
rc.duration_of_warranty,rdfs:subPropertyOf,kko.quantitiesData
rc.dynamic_viscosity,rdfs:subPropertyOf,owl.DatatypeProperty
rc.dynamic_viscosity,rdfs:subPropertyOf,kko.qualitiesData
rc.earliest_date,rdfs:subPropertyOf,owl.DatatypeProperty
rc.earliest_date,rdfs:subPropertyOf,kko.eventualsData
rc.earthquake_magnitude_on_the_moment_magnitude_scale,rdfs:subPropertyOf,owl.DatatypeProperty
rc.earthquake_magnitude_on_the_moment_magnitude_scale,rdfs:subPropertyOf,kko.ratingsData
rc.earthquake_magnitude_on_the_richter_magnitude_scale,rdfs:subPropertyOf,owl.DatatypeProperty
rc.earthquake_magnitude_on_the_richter_magnitude_scale,rdfs:subPropertyOf,kko.ratingsData
rc.education_requirements,rdfs:subPropertyOf,owl.DatatypeProperty
rc.education_requirements,rdfs:subPropertyOf,kko.qualitiesData
rc.educational_framework,rdfs:subPropertyOf,owl.DatatypeProperty
rc.educational_framework,rdfs:subPropertyOf,kko.extrinsicsData
rc.educational_role,rdfs:subPropertyOf,owl.DatatypeProperty
rc.educational_role,rdfs:subPropertyOf,kko.conjoinsData
rc.educational_use,rdfs:subPropertyOf,owl.DatatypeProperty
rc.educational_use,rdfs:subPropertyOf,kko.conjoinsData
rc.effective_firing_range,rdfs:subPropertyOf,owl.DatatypeProperty
rc.effective_firing_range,rdfs:subPropertyOf,kko.quantitiesData
rc.electorate,rdfs:subPropertyOf,owl.DatatypeProperty
rc.electorate,rdfs:subPropertyOf,kko.quantitiesData
rc.electric_charge,rdfs:subPropertyOf,owl.DatatypeProperty
rc.electric_charge,rdfs:subPropertyOf,kko.qualitiesData
rc.electric_dipole_moment,rdfs:subPropertyOf,owl.DatatypeProperty
rc.electric_dipole_moment,rdfs:subPropertyOf,kko.qualitiesData
rc.electronegativity,rdfs:subPropertyOf,owl.DatatypeProperty
rc.electronegativity,rdfs:subPropertyOf,kko.qualitiesData
rc.elevation,rdfs:subPropertyOf,owl.DatatypeProperty
rc.elevation,rdfs:subPropertyOf,kko.quantitiesData
rc.elevation_above_sea_level,rdfs:subPropertyOf,owl.DatatypeProperty
rc.elevation_above_sea_level,rdfs:subPropertyOf,kko.qualitiesData
rc.eligible_duration,rdfs:subPropertyOf,owl.DatatypeProperty
rc.eligible_duration,rdfs:subPropertyOf,kko.quantitiesData
rc.eligible_quantity,rdfs:subPropertyOf,owl.DatatypeProperty
rc.eligible_quantity,rdfs:subPropertyOf,kko.quantitiesData
rc.eligible_transaction_volume,rdfs:subPropertyOf,owl.DatatypeProperty
rc.eligible_transaction_volume,rdfs:subPropertyOf,kko.extrinsicsData
rc.eligible_voters,rdfs:subPropertyOf,owl.DatatypeProperty
rc.eligible_voters,rdfs:subPropertyOf,kko.quantitiesData
rc.elo_rating,rdfs:subPropertyOf,owl.DatatypeProperty
rc.elo_rating,rdfs:subPropertyOf,kko.ratingsData
rc.employees,rdfs:subPropertyOf,owl.DatatypeProperty
rc.employees,rdfs:subPropertyOf,kko.quantitiesData
rc.employment_type,rdfs:subPropertyOf,owl.DatatypeProperty
rc.employment_type,rdfs:subPropertyOf,kko.classificationsData
rc.encoding_format,rdfs:subPropertyOf,owl.DatatypeProperty
rc.encoding_format,rdfs:subPropertyOf,kko.formsData
rc.encoding_type,rdfs:subPropertyOf,owl.DatatypeProperty
rc.encoding_type,rdfs:subPropertyOf,kko.classificationsData
rc.endTime,rdfs:subPropertyOf,owl.DatatypeProperty
rc.endTime,rdfs:subPropertyOf,kko.eventualsData
rc.end_date,rdfs:subPropertyOf,owl.DatatypeProperty
rc.end_date,rdfs:subPropertyOf,kko.eventualsData
rc.end_time,rdfs:subPropertyOf,owl.DatatypeProperty
rc.end_time,rdfs:subPropertyOf,kko.eventualsData
rc.energy_storage_capacity,rdfs:subPropertyOf,owl.DatatypeProperty
rc.energy_storage_capacity,rdfs:subPropertyOf,kko.quantitiesData
rc.enthalpy_of_vaporization,rdfs:subPropertyOf,owl.DatatypeProperty
rc.enthalpy_of_vaporization,rdfs:subPropertyOf,kko.qualitiesData
rc.equal,rdfs:subPropertyOf,owl.DatatypeProperty
rc.equal,rdfs:subPropertyOf,kko.equivalencesData
rc.equivalent_class,rdfs:subPropertyOf,owl.DatatypeProperty
rc.equivalent_class,rdfs:subPropertyOf,kko.equivalencesData
rc.equivalent_property,rdfs:subPropertyOf,owl.DatatypeProperty
rc.equivalent_property,rdfs:subPropertyOf,kko.equivalencesData
rc.erd_s_number,rdfs:subPropertyOf,owl.DatatypeProperty
rc.erd_s_number,rdfs:subPropertyOf,kko.classificationsData
rc.estimated_cost,rdfs:subPropertyOf,owl.DatatypeProperty
rc.estimated_cost,rdfs:subPropertyOf,kko.quantitiesData
rc.estimated_flight_duration,rdfs:subPropertyOf,owl.DatatypeProperty
rc.estimated_flight_duration,rdfs:subPropertyOf,kko.eventualsData
rc.event_distance,rdfs:subPropertyOf,owl.DatatypeProperty
rc.event_distance,rdfs:subPropertyOf,kko.quantitiesData
rc.exact_match,rdfs:subPropertyOf,owl.DatatypeProperty
rc.exact_match,rdfs:subPropertyOf,kko.equivalencesData
rc.expected_arrival_from,rdfs:subPropertyOf,owl.DatatypeProperty
rc.expected_arrival_from,rdfs:subPropertyOf,kko.eventualsData
rc.expected_arrival_until,rdfs:subPropertyOf,owl.DatatypeProperty
rc.expected_arrival_until,rdfs:subPropertyOf,kko.eventualsData
rc.experience_requirements,rdfs:subPropertyOf,owl.DatatypeProperty
rc.experience_requirements,rdfs:subPropertyOf,kko.qualitiesData
rc.expires,rdfs:subPropertyOf,owl.DatatypeProperty
rc.expires,rdfs:subPropertyOf,kko.eventualsData
rc.external_subproperty,rdfs:subPropertyOf,owl.DatatypeProperty
rc.external_subproperty,rdfs:subPropertyOf,kko.descendantsData
rc.external_superproperty,rdfs:subPropertyOf,owl.DatatypeProperty
rc.external_superproperty,rdfs:subPropertyOf,kko.descendantsData
rc.face_value,rdfs:subPropertyOf,owl.DatatypeProperty
rc.face_value,rdfs:subPropertyOf,kko.quantitiesData
rc.family_relationship_degree,rdfs:subPropertyOf,owl.DatatypeProperty
rc.family_relationship_degree,rdfs:subPropertyOf,kko.situantsData
rc.fat_content,rdfs:subPropertyOf,owl.DatatypeProperty
rc.fat_content,rdfs:subPropertyOf,kko.quantitiesData
rc.fee,rdfs:subPropertyOf,owl.DatatypeProperty
rc.fee,rdfs:subPropertyOf,kko.quantitiesData
rc.fees_and_commissions_specification,rdfs:subPropertyOf,owl.DatatypeProperty
rc.fees_and_commissions_specification,rdfs:subPropertyOf,kko.extrinsicsData
rc.female_population,rdfs:subPropertyOf,owl.DatatypeProperty
rc.female_population,rdfs:subPropertyOf,kko.quantitiesData
rc.fiber_content,rdfs:subPropertyOf,owl.DatatypeProperty
rc.fiber_content,rdfs:subPropertyOf,kko.quantitiesData
rc.file_format_schema,rdfs:subPropertyOf,owl.DatatypeProperty
rc.file_format_schema,rdfs:subPropertyOf,kko.formsData
rc.file_size,rdfs:subPropertyOf,owl.DatatypeProperty
rc.file_size,rdfs:subPropertyOf,kko.quantitiesData
rc.first_flight,rdfs:subPropertyOf,owl.DatatypeProperty
rc.first_flight,rdfs:subPropertyOf,kko.eventualsData
rc.fiscal_tax_revenue,rdfs:subPropertyOf,owl.DatatypeProperty
rc.fiscal_tax_revenue,rdfs:subPropertyOf,kko.quantitiesData
rc.flash_point,rdfs:subPropertyOf,owl.DatatypeProperty
rc.flash_point,rdfs:subPropertyOf,kko.qualitiesData
rc.flight_distance,rdfs:subPropertyOf,owl.DatatypeProperty
rc.flight_distance,rdfs:subPropertyOf,kko.quantitiesData
rc.floor_size,rdfs:subPropertyOf,owl.DatatypeProperty
rc.floor_size,rdfs:subPropertyOf,kko.quantitiesData
rc.floors_above_ground,rdfs:subPropertyOf,owl.DatatypeProperty
rc.floors_above_ground,rdfs:subPropertyOf,kko.formsData
rc.floors_below_ground,rdfs:subPropertyOf,owl.DatatypeProperty
rc.floors_below_ground,rdfs:subPropertyOf,kko.formsData
rc.floruit,rdfs:subPropertyOf,owl.DatatypeProperty
rc.floruit,rdfs:subPropertyOf,kko.eventualsData
rc.focal_height,rdfs:subPropertyOf,owl.DatatypeProperty
rc.focal_height,rdfs:subPropertyOf,kko.qualitiesData
rc.focal_length,rdfs:subPropertyOf,owl.DatatypeProperty
rc.focal_length,rdfs:subPropertyOf,kko.qualitiesData
rc.formatter_url,rdfs:subPropertyOf,owl.DatatypeProperty
rc.formatter_url,rdfs:subPropertyOf,kko.equivalencesData
rc.founding_date,rdfs:subPropertyOf,owl.DatatypeProperty
rc.founding_date,rdfs:subPropertyOf,kko.eventualsData
rc.free,rdfs:subPropertyOf,owl.DatatypeProperty
rc.free,rdfs:subPropertyOf,kko.qualitiesData
rc.frequency,rdfs:subPropertyOf,owl.DatatypeProperty
rc.frequency,rdfs:subPropertyOf,kko.qualitiesData
rc.fuel_consumption,rdfs:subPropertyOf,owl.DatatypeProperty
rc.fuel_consumption,rdfs:subPropertyOf,kko.quantitiesData
rc.fuel_efficiency,rdfs:subPropertyOf,owl.DatatypeProperty
rc.fuel_efficiency,rdfs:subPropertyOf,kko.quantitiesData
rc.fuel_type,rdfs:subPropertyOf,owl.DatatypeProperty
rc.fuel_type,rdfs:subPropertyOf,kko.classificationsData
rc.fusion_enthalpy,rdfs:subPropertyOf,owl.DatatypeProperty
rc.fusion_enthalpy,rdfs:subPropertyOf,kko.qualitiesData
rc.galaxy_morphological_type,rdfs:subPropertyOf,owl.DatatypeProperty
rc.galaxy_morphological_type,rdfs:subPropertyOf,kko.classificationsData
rc.game_location,rdfs:subPropertyOf,owl.DatatypeProperty
rc.game_location,rdfs:subPropertyOf,kko.situantsData
rc.game_platform,rdfs:subPropertyOf,owl.DatatypeProperty
rc.game_platform,rdfs:subPropertyOf,kko.extrinsicsData
rc.gdp_ppp,rdfs:subPropertyOf,owl.DatatypeProperty
rc.gdp_ppp,rdfs:subPropertyOf,kko.ratingsData
rc.gender,rdfs:subPropertyOf,owl.DatatypeProperty
rc.gender,rdfs:subPropertyOf,kko.qualitiesData
rc.general_formula,rdfs:subPropertyOf,owl.DatatypeProperty
rc.general_formula,rdfs:subPropertyOf,kko.formsData
rc.genomic_end,rdfs:subPropertyOf,owl.DatatypeProperty
rc.genomic_end,rdfs:subPropertyOf,kko.situantsData
rc.genomic_start,rdfs:subPropertyOf,owl.DatatypeProperty
rc.genomic_start,rdfs:subPropertyOf,kko.situantsData
rc.genre_schema,rdfs:subPropertyOf,owl.DatatypeProperty
rc.genre_schema,rdfs:subPropertyOf,kko.classificationsData
rc.geo,rdfs:subPropertyOf,owl.DatatypeProperty
rc.geo,rdfs:subPropertyOf,kko.situantsData
rc.geo_midpoint,rdfs:subPropertyOf,owl.DatatypeProperty
rc.geo_midpoint,rdfs:subPropertyOf,kko.quantitiesData
rc.geo_radius,rdfs:subPropertyOf,owl.DatatypeProperty
rc.geo_radius,rdfs:subPropertyOf,kko.quantitiesData
rc.geoshape,rdfs:subPropertyOf,owl.DatatypeProperty
rc.geoshape,rdfs:subPropertyOf,kko.formsData
rc.gestation_period,rdfs:subPropertyOf,owl.DatatypeProperty
rc.gestation_period,rdfs:subPropertyOf,kko.qualitiesData
rc.gini_coefficient,rdfs:subPropertyOf,owl.DatatypeProperty
rc.gini_coefficient,rdfs:subPropertyOf,kko.classificationsData
rc.greater,rdfs:subPropertyOf,owl.DatatypeProperty
rc.greater,rdfs:subPropertyOf,kko.equivalencesData
rc.greater_or_equal,rdfs:subPropertyOf,owl.DatatypeProperty
rc.greater_or_equal,rdfs:subPropertyOf,kko.equivalencesData
rc.gross_tonnage,rdfs:subPropertyOf,owl.DatatypeProperty
rc.gross_tonnage,rdfs:subPropertyOf,kko.quantitiesData
rc.half_life,rdfs:subPropertyOf,owl.DatatypeProperty
rc.half_life,rdfs:subPropertyOf,kko.qualitiesData
rc.has_command_line_option,rdfs:subPropertyOf,owl.DatatypeProperty
rc.has_command_line_option,rdfs:subPropertyOf,kko.formsData
rc.heart_rate,rdfs:subPropertyOf,owl.DatatypeProperty
rc.heart_rate,rdfs:subPropertyOf,kko.ratingsData
rc.height,rdfs:subPropertyOf,owl.DatatypeProperty
rc.height,rdfs:subPropertyOf,kko.qualitiesData
rc.high_price,rdfs:subPropertyOf,owl.DatatypeProperty
rc.high_price,rdfs:subPropertyOf,kko.quantitiesData
rc.hornbostel_sachs_classification,rdfs:subPropertyOf,owl.DatatypeProperty
rc.hornbostel_sachs_classification,rdfs:subPropertyOf,kko.classificationsData
rc.http_method,rdfs:subPropertyOf,owl.DatatypeProperty
rc.http_method,rdfs:subPropertyOf,kko.elementalsData
rc.human_development_index,rdfs:subPropertyOf,owl.DatatypeProperty
rc.human_development_index,rdfs:subPropertyOf,kko.classificationsData
rc.hydraulic_head,rdfs:subPropertyOf,owl.DatatypeProperty
rc.hydraulic_head,rdfs:subPropertyOf,kko.qualitiesData
rc.icd_10_pcs,rdfs:subPropertyOf,owl.DatatypeProperty
rc.icd_10_pcs,rdfs:subPropertyOf,kko.classificationsData
rc.icd_o,rdfs:subPropertyOf,owl.DatatypeProperty
rc.icd_o,rdfs:subPropertyOf,kko.classificationsData
rc.icpc_2_id,rdfs:subPropertyOf,owl.DatatypeProperty
rc.icpc_2_id,rdfs:subPropertyOf,kko.classificationsData
rc.idlh,rdfs:subPropertyOf,owl.DatatypeProperty
rc.idlh,rdfs:subPropertyOf,kko.qualitiesData
rc.in_language,rdfs:subPropertyOf,owl.DatatypeProperty
rc.in_language,rdfs:subPropertyOf,kko.conjoinsData
rc.incentive_compensation,rdfs:subPropertyOf,owl.DatatypeProperty
rc.incentive_compensation,rdfs:subPropertyOf,kko.qualitiesData
rc.incentives,rdfs:subPropertyOf,owl.DatatypeProperty
rc.incentives,rdfs:subPropertyOf,kko.qualitiesData
rc.inception,rdfs:subPropertyOf,owl.DatatypeProperty
rc.inception,rdfs:subPropertyOf,kko.eventualsData
rc.incidence,rdfs:subPropertyOf,owl.DatatypeProperty
rc.incidence,rdfs:subPropertyOf,kko.performancesData
rc.industry_schema,rdfs:subPropertyOf,owl.DatatypeProperty
rc.industry_schema,rdfs:subPropertyOf,kko.typingsData
rc.ineligible_region,rdfs:subPropertyOf,owl.DatatypeProperty
rc.ineligible_region,rdfs:subPropertyOf,kko.situantsData
rc.inflation_rate,rdfs:subPropertyOf,owl.DatatypeProperty
rc.inflation_rate,rdfs:subPropertyOf,kko.ratingsData
rc.ingredients,rdfs:subPropertyOf,owl.DatatypeProperty
rc.ingredients,rdfs:subPropertyOf,kko.partsData
rc.installed_capacity,rdfs:subPropertyOf,owl.DatatypeProperty
rc.installed_capacity,rdfs:subPropertyOf,kko.qualitiesData
rc.interaction_statistic,rdfs:subPropertyOf,owl.DatatypeProperty
rc.interaction_statistic,rdfs:subPropertyOf,kko.extrinsicsData
rc.interactivity_type,rdfs:subPropertyOf,owl.DatatypeProperty
rc.interactivity_type,rdfs:subPropertyOf,kko.typingsData
rc.interest_rate,rdfs:subPropertyOf,owl.DatatypeProperty
rc.interest_rate,rdfs:subPropertyOf,kko.quantitiesData
rc.international_standard_industrial_classification_code_rev_4,rdfs:subPropertyOf,owl.DatatypeProperty
rc.international_standard_industrial_classification_code_rev_4,rdfs:subPropertyOf,kko.classificationsData
rc.inventory_level,rdfs:subPropertyOf,owl.DatatypeProperty
rc.inventory_level,rdfs:subPropertyOf,kko.quantitiesData
rc.ionization_energy,rdfs:subPropertyOf,owl.DatatypeProperty
rc.ionization_energy,rdfs:subPropertyOf,kko.qualitiesData
rc.is_accessible_for_free,rdfs:subPropertyOf,owl.DatatypeProperty
rc.is_accessible_for_free,rdfs:subPropertyOf,kko.conjoinsData
rc.is_based_on_url,rdfs:subPropertyOf,owl.DatatypeProperty
rc.is_based_on_url,rdfs:subPropertyOf,kko.descendantsData
rc.is_family_friendly,rdfs:subPropertyOf,owl.DatatypeProperty
rc.is_family_friendly,rdfs:subPropertyOf,kko.conjoinsData
rc.is_gift,rdfs:subPropertyOf,owl.DatatypeProperty
rc.is_gift,rdfs:subPropertyOf,kko.conjoinsData
rc.is_live_broadcast,rdfs:subPropertyOf,owl.DatatypeProperty
rc.is_live_broadcast,rdfs:subPropertyOf,kko.qualitiesData
rc.isco_occupation_code,rdfs:subPropertyOf,owl.DatatypeProperty
rc.isco_occupation_code,rdfs:subPropertyOf,kko.classificationsData
rc.isomeric_smiles,rdfs:subPropertyOf,owl.DatatypeProperty
rc.isomeric_smiles,rdfs:subPropertyOf,kko.extrinsicsData
rc.isospin_quantum_number,rdfs:subPropertyOf,owl.DatatypeProperty
rc.isospin_quantum_number,rdfs:subPropertyOf,kko.qualitiesData
rc.isospin_z_component,rdfs:subPropertyOf,owl.DatatypeProperty
rc.isospin_z_component,rdfs:subPropertyOf,kko.qualitiesData
rc.isq_dimension,rdfs:subPropertyOf,owl.DatatypeProperty
rc.isq_dimension,rdfs:subPropertyOf,kko.quantitiesData
rc.job_benefits,rdfs:subPropertyOf,owl.DatatypeProperty
rc.job_benefits,rdfs:subPropertyOf,kko.qualitiesData
rc.kinematic_viscosity,rdfs:subPropertyOf,owl.DatatypeProperty
rc.kinematic_viscosity,rdfs:subPropertyOf,kko.qualitiesData
rc.kld_b_2010_occupation_code,rdfs:subPropertyOf,owl.DatatypeProperty
rc.kld_b_2010_occupation_code,rdfs:subPropertyOf,kko.classificationsData
rc.known_vehicle_damages,rdfs:subPropertyOf,owl.DatatypeProperty
rc.known_vehicle_damages,rdfs:subPropertyOf,kko.situantsData
rc.language_schema,rdfs:subPropertyOf,owl.DatatypeProperty
rc.language_schema,rdfs:subPropertyOf,kko.conjoinsData
rc.last_reviewed,rdfs:subPropertyOf,owl.DatatypeProperty
rc.last_reviewed,rdfs:subPropertyOf,kko.eventualsData
rc.latest_date,rdfs:subPropertyOf,owl.DatatypeProperty
rc.latest_date,rdfs:subPropertyOf,kko.eventualsData
rc.latitude,rdfs:subPropertyOf,owl.DatatypeProperty
rc.latitude,rdfs:subPropertyOf,kko.quantitiesData
rc.latvian_national_address_register_id,rdfs:subPropertyOf,owl.DatatypeProperty
rc.latvian_national_address_register_id,rdfs:subPropertyOf,kko.classificationsData
rc.learning_resource_type,rdfs:subPropertyOf,owl.DatatypeProperty
rc.learning_resource_type,rdfs:subPropertyOf,kko.typingsData
rc.length,rdfs:subPropertyOf,owl.DatatypeProperty
rc.length,rdfs:subPropertyOf,kko.qualitiesData
rc.lesser,rdfs:subPropertyOf,owl.DatatypeProperty
rc.lesser,rdfs:subPropertyOf,kko.equivalencesData
rc.lesser_or_equal,rdfs:subPropertyOf,owl.DatatypeProperty
rc.lesser_or_equal,rdfs:subPropertyOf,kko.equivalencesData
rc.library_of_congress_classification,rdfs:subPropertyOf,owl.DatatypeProperty
rc.library_of_congress_classification,rdfs:subPropertyOf,kko.classificationsData
rc.life_expectancy,rdfs:subPropertyOf,owl.DatatypeProperty
rc.life_expectancy,rdfs:subPropertyOf,kko.quantitiesData
rc.light_characteristic_of_lighthouse,rdfs:subPropertyOf,owl.DatatypeProperty
rc.light_characteristic_of_lighthouse,rdfs:subPropertyOf,kko.formsData
rc.light_sector,rdfs:subPropertyOf,owl.DatatypeProperty
rc.light_sector,rdfs:subPropertyOf,kko.situantsData
rc.lighthouse_range,rdfs:subPropertyOf,owl.DatatypeProperty
rc.lighthouse_range,rdfs:subPropertyOf,kko.qualitiesData
rc.line,rdfs:subPropertyOf,owl.DatatypeProperty
rc.line,rdfs:subPropertyOf,kko.formsData
rc.loan_term,rdfs:subPropertyOf,owl.DatatypeProperty
rc.loan_term,rdfs:subPropertyOf,kko.quantitiesData
rc.lodging_unit_type,rdfs:subPropertyOf,owl.DatatypeProperty
rc.lodging_unit_type,rdfs:subPropertyOf,kko.classificationsData
rc.longest_span,rdfs:subPropertyOf,owl.DatatypeProperty
rc.longest_span,rdfs:subPropertyOf,kko.qualitiesData
rc.longitude,rdfs:subPropertyOf,owl.DatatypeProperty
rc.longitude,rdfs:subPropertyOf,kko.quantitiesData
rc.longitude_of_ascending_node,rdfs:subPropertyOf,owl.DatatypeProperty
rc.longitude_of_ascending_node,rdfs:subPropertyOf,kko.qualitiesData
rc.low_price,rdfs:subPropertyOf,owl.DatatypeProperty
rc.low_price,rdfs:subPropertyOf,kko.quantitiesData
rc.lower_flammable_limit,rdfs:subPropertyOf,owl.DatatypeProperty
rc.lower_flammable_limit,rdfs:subPropertyOf,kko.qualitiesData
rc.lowest_atmospheric_pressure,rdfs:subPropertyOf,owl.DatatypeProperty
rc.lowest_atmospheric_pressure,rdfs:subPropertyOf,kko.qualitiesData
rc.luminosity,rdfs:subPropertyOf,owl.DatatypeProperty
rc.luminosity,rdfs:subPropertyOf,kko.qualitiesData
rc.luminous_intensity,rdfs:subPropertyOf,owl.DatatypeProperty
rc.luminous_intensity,rdfs:subPropertyOf,kko.qualitiesData
rc.main_content_of_page,rdfs:subPropertyOf,owl.DatatypeProperty
rc.main_content_of_page,rdfs:subPropertyOf,kko.formsData
rc.mains_voltage,rdfs:subPropertyOf,owl.DatatypeProperty
rc.mains_voltage,rdfs:subPropertyOf,kko.qualitiesData
rc.male_population,rdfs:subPropertyOf,owl.DatatypeProperty
rc.male_population,rdfs:subPropertyOf,kko.quantitiesData
rc.market_capitalization,rdfs:subPropertyOf,owl.DatatypeProperty
rc.market_capitalization,rdfs:subPropertyOf,kko.quantitiesData
rc.marriageable_age,rdfs:subPropertyOf,owl.DatatypeProperty
rc.marriageable_age,rdfs:subPropertyOf,kko.extrinsicsData
rc.mass,rdfs:subPropertyOf,owl.DatatypeProperty
rc.mass,rdfs:subPropertyOf,kko.qualitiesData
rc.mass_excess,rdfs:subPropertyOf,owl.DatatypeProperty
rc.mass_excess,rdfs:subPropertyOf,kko.quantitiesData
rc.matches_games_drawn_tied,rdfs:subPropertyOf,owl.DatatypeProperty
rc.matches_games_drawn_tied,rdfs:subPropertyOf,kko.quantitiesData
rc.max_price,rdfs:subPropertyOf,owl.DatatypeProperty
rc.max_price,rdfs:subPropertyOf,kko.quantitiesData
rc.max_value,rdfs:subPropertyOf,owl.DatatypeProperty
rc.max_value,rdfs:subPropertyOf,kko.quantitiesData
rc.maximal_incubation_period_in_humans,rdfs:subPropertyOf,owl.DatatypeProperty
rc.maximal_incubation_period_in_humans,rdfs:subPropertyOf,kko.ratingsData
rc.maximum_attendee_capacity,rdfs:subPropertyOf,owl.DatatypeProperty
rc.maximum_attendee_capacity,rdfs:subPropertyOf,kko.quantitiesData
rc.maximum_capacity,rdfs:subPropertyOf,owl.DatatypeProperty
rc.maximum_capacity,rdfs:subPropertyOf,kko.qualitiesData
rc.maximum_date_property_constraint,rdfs:subPropertyOf,owl.DatatypeProperty
rc.maximum_date_property_constraint,rdfs:subPropertyOf,kko.eventualsData
rc.maximum_frequency_of_audible_sound,rdfs:subPropertyOf,owl.DatatypeProperty
rc.maximum_frequency_of_audible_sound,rdfs:subPropertyOf,kko.quantitiesData
rc.maximum_glide_ratio,rdfs:subPropertyOf,owl.DatatypeProperty
rc.maximum_glide_ratio,rdfs:subPropertyOf,kko.ratingsData
rc.maximum_gradient,rdfs:subPropertyOf,owl.DatatypeProperty
rc.maximum_gradient,rdfs:subPropertyOf,kko.quantitiesData
rc.maximum_number_of_players,rdfs:subPropertyOf,owl.DatatypeProperty
rc.maximum_number_of_players,rdfs:subPropertyOf,kko.quantitiesData
rc.maximum_operating_altitude,rdfs:subPropertyOf,owl.DatatypeProperty
rc.maximum_operating_altitude,rdfs:subPropertyOf,kko.qualitiesData
rc.maximum_size_or_capacity,rdfs:subPropertyOf,owl.DatatypeProperty
rc.maximum_size_or_capacity,rdfs:subPropertyOf,kko.elementalsData
rc.maximum_strahler_number,rdfs:subPropertyOf,owl.DatatypeProperty
rc.maximum_strahler_number,rdfs:subPropertyOf,kko.ratingsData
rc.maximum_sustained_winds,rdfs:subPropertyOf,owl.DatatypeProperty
rc.maximum_sustained_winds,rdfs:subPropertyOf,kko.quantitiesData
rc.maximum_wavelength_of_sensitivity,rdfs:subPropertyOf,owl.DatatypeProperty
rc.maximum_wavelength_of_sensitivity,rdfs:subPropertyOf,kko.elementalsData
rc.meal_service,rdfs:subPropertyOf,owl.DatatypeProperty
rc.meal_service,rdfs:subPropertyOf,kko.elementalsData
rc.mean_age,rdfs:subPropertyOf,owl.DatatypeProperty
rc.mean_age,rdfs:subPropertyOf,kko.ratingsData
rc.mean_anomaly,rdfs:subPropertyOf,owl.DatatypeProperty
rc.mean_anomaly,rdfs:subPropertyOf,kko.qualitiesData
rc.mean_lifetime,rdfs:subPropertyOf,owl.DatatypeProperty
rc.mean_lifetime,rdfs:subPropertyOf,kko.qualitiesData
rc.median_income,rdfs:subPropertyOf,owl.DatatypeProperty
rc.median_income,rdfs:subPropertyOf,kko.ratingsData
rc.median_lethal_dose,rdfs:subPropertyOf,owl.DatatypeProperty
rc.median_lethal_dose,rdfs:subPropertyOf,kko.extrinsicsData
rc.melting_point,rdfs:subPropertyOf,owl.DatatypeProperty
rc.melting_point,rdfs:subPropertyOf,kko.qualitiesData
rc.member_count,rdfs:subPropertyOf,owl.DatatypeProperty
rc.member_count,rdfs:subPropertyOf,kko.quantitiesData
rc.memory_requirements,rdfs:subPropertyOf,owl.DatatypeProperty
rc.memory_requirements,rdfs:subPropertyOf,kko.quantitiesData
rc.metallicity,rdfs:subPropertyOf,owl.DatatypeProperty
rc.metallicity,rdfs:subPropertyOf,kko.qualitiesData
rc.mileage_from_odometer,rdfs:subPropertyOf,owl.DatatypeProperty
rc.mileage_from_odometer,rdfs:subPropertyOf,kko.quantitiesData
rc.min_price,rdfs:subPropertyOf,owl.DatatypeProperty
rc.min_price,rdfs:subPropertyOf,kko.quantitiesData
rc.min_value,rdfs:subPropertyOf,owl.DatatypeProperty
rc.min_value,rdfs:subPropertyOf,kko.quantitiesData
rc.minimal_incubation_period_in_humans,rdfs:subPropertyOf,owl.DatatypeProperty
rc.minimal_incubation_period_in_humans,rdfs:subPropertyOf,kko.ratingsData
rc.minimal_lethal_dose,rdfs:subPropertyOf,owl.DatatypeProperty
rc.minimal_lethal_dose,rdfs:subPropertyOf,kko.extrinsicsData
rc.minimum_age,rdfs:subPropertyOf,owl.DatatypeProperty
rc.minimum_age,rdfs:subPropertyOf,kko.eventualsData
rc.minimum_date_property_constraint,rdfs:subPropertyOf,owl.DatatypeProperty
rc.minimum_date_property_constraint,rdfs:subPropertyOf,kko.eventualsData
rc.minimum_explosive_concentration,rdfs:subPropertyOf,owl.DatatypeProperty
rc.minimum_explosive_concentration,rdfs:subPropertyOf,kko.qualitiesData
rc.minimum_frequency_of_audible_sound,rdfs:subPropertyOf,owl.DatatypeProperty
rc.minimum_frequency_of_audible_sound,rdfs:subPropertyOf,kko.qualitiesData
rc.minimum_number_of_players,rdfs:subPropertyOf,owl.DatatypeProperty
rc.minimum_number_of_players,rdfs:subPropertyOf,kko.quantitiesData
rc.minimum_payment_due,rdfs:subPropertyOf,owl.DatatypeProperty
rc.minimum_payment_due,rdfs:subPropertyOf,kko.quantitiesData
rc.minimum_wavelength_of_sensitivity,rdfs:subPropertyOf,owl.DatatypeProperty
rc.minimum_wavelength_of_sensitivity,rdfs:subPropertyOf,kko.elementalsData
rc.model_schema,rdfs:subPropertyOf,owl.DatatypeProperty
rc.model_schema,rdfs:subPropertyOf,kko.classificationsData
rc.modified_time,rdfs:subPropertyOf,owl.DatatypeProperty
rc.modified_time,rdfs:subPropertyOf,kko.eventualsData
rc.mohs_hardness,rdfs:subPropertyOf,owl.DatatypeProperty
rc.mohs_hardness,rdfs:subPropertyOf,kko.qualitiesData
rc.multiple_values,rdfs:subPropertyOf,owl.DatatypeProperty
rc.multiple_values,rdfs:subPropertyOf,kko.elementalsData
rc.music_composition_form,rdfs:subPropertyOf,owl.DatatypeProperty
rc.music_composition_form,rdfs:subPropertyOf,kko.formsData
rc.musical_key,rdfs:subPropertyOf,owl.DatatypeProperty
rc.musical_key,rdfs:subPropertyOf,kko.classificationsData
rc.muzzle_velocity,rdfs:subPropertyOf,owl.DatatypeProperty
rc.muzzle_velocity,rdfs:subPropertyOf,kko.quantitiesData
rc.named_position,rdfs:subPropertyOf,owl.DatatypeProperty
rc.named_position,rdfs:subPropertyOf,kko.formsData
rc.natural_abundance,rdfs:subPropertyOf,owl.DatatypeProperty
rc.natural_abundance,rdfs:subPropertyOf,kko.classificationsData
rc.netWorth,rdfs:subPropertyOf,owl.DatatypeProperty
rc.netWorth,rdfs:subPropertyOf,kko.quantitiesData
rc.net_profit,rdfs:subPropertyOf,owl.DatatypeProperty
rc.net_profit,rdfs:subPropertyOf,kko.quantitiesData
rc.net_tonnage,rdfs:subPropertyOf,owl.DatatypeProperty
rc.net_tonnage,rdfs:subPropertyOf,kko.quantitiesData
rc.net_worth,rdfs:subPropertyOf,owl.DatatypeProperty
rc.net_worth,rdfs:subPropertyOf,kko.quantitiesData
rc.neutron_number,rdfs:subPropertyOf,owl.DatatypeProperty
rc.neutron_number,rdfs:subPropertyOf,kko.qualitiesData
rc.nfpa_fire,rdfs:subPropertyOf,owl.DatatypeProperty
rc.nfpa_fire,rdfs:subPropertyOf,kko.classificationsData
rc.nfpa_health,rdfs:subPropertyOf,owl.DatatypeProperty
rc.nfpa_health,rdfs:subPropertyOf,kko.classificationsData
rc.nfpa_instability,rdfs:subPropertyOf,owl.DatatypeProperty
rc.nfpa_instability,rdfs:subPropertyOf,kko.classificationsData
rc.nfpa_special,rdfs:subPropertyOf,owl.DatatypeProperty
rc.nfpa_special,rdfs:subPropertyOf,kko.classificationsData
rc.nickel_strunz_10_th_ed_review_of_9_th_ed_2009_update,rdfs:subPropertyOf,owl.DatatypeProperty
rc.nickel_strunz_10_th_ed_review_of_9_th_ed_2009_update,rdfs:subPropertyOf,kko.classificationsData
rc.nickel_strunz_9_th_edition_updated_2009,rdfs:subPropertyOf,owl.DatatypeProperty
rc.nickel_strunz_9_th_edition_updated_2009,rdfs:subPropertyOf,kko.classificationsData
rc.nominal_gdp,rdfs:subPropertyOf,owl.DatatypeProperty
rc.nominal_gdp,rdfs:subPropertyOf,kko.classificationsData
rc.nominal_gdp_per_capita,rdfs:subPropertyOf,owl.DatatypeProperty
rc.nominal_gdp_per_capita,rdfs:subPropertyOf,kko.ratingsData
rc.non_equal,rdfs:subPropertyOf,owl.DatatypeProperty
rc.non_equal,rdfs:subPropertyOf,kko.equivalencesData
rc.num_adults,rdfs:subPropertyOf,owl.DatatypeProperty
rc.num_adults,rdfs:subPropertyOf,kko.quantitiesData
rc.num_children,rdfs:subPropertyOf,owl.DatatypeProperty
rc.num_children,rdfs:subPropertyOf,kko.quantitiesData
rc.num_tracks,rdfs:subPropertyOf,owl.DatatypeProperty
rc.num_tracks,rdfs:subPropertyOf,kko.quantitiesData
rc.numberOfEpisodes,rdfs:subPropertyOf,owl.DatatypeProperty
rc.numberOfEpisodes,rdfs:subPropertyOf,kko.quantitiesData
rc.numberOfPages,rdfs:subPropertyOf,owl.DatatypeProperty
rc.numberOfPages,rdfs:subPropertyOf,kko.quantitiesData
rc.numberOfSeasons,rdfs:subPropertyOf,owl.DatatypeProperty
rc.numberOfSeasons,rdfs:subPropertyOf,kko.quantitiesData
rc.number_of_airbags,rdfs:subPropertyOf,owl.DatatypeProperty
rc.number_of_airbags,rdfs:subPropertyOf,kko.quantitiesData
rc.number_of_axles,rdfs:subPropertyOf,owl.DatatypeProperty
rc.number_of_axles,rdfs:subPropertyOf,kko.quantitiesData
rc.number_of_beds,rdfs:subPropertyOf,owl.DatatypeProperty
rc.number_of_beds,rdfs:subPropertyOf,kko.quantitiesData
rc.number_of_cases,rdfs:subPropertyOf,owl.DatatypeProperty
rc.number_of_cases,rdfs:subPropertyOf,kko.quantitiesData
rc.number_of_casualties,rdfs:subPropertyOf,owl.DatatypeProperty
rc.number_of_casualties,rdfs:subPropertyOf,kko.quantitiesData
rc.number_of_children,rdfs:subPropertyOf,owl.DatatypeProperty
rc.number_of_children,rdfs:subPropertyOf,kko.quantitiesData
rc.number_of_clubs,rdfs:subPropertyOf,owl.DatatypeProperty
rc.number_of_clubs,rdfs:subPropertyOf,kko.quantitiesData
rc.number_of_cylinders,rdfs:subPropertyOf,owl.DatatypeProperty
rc.number_of_cylinders,rdfs:subPropertyOf,kko.formsData
rc.number_of_deaths,rdfs:subPropertyOf,owl.DatatypeProperty
rc.number_of_deaths,rdfs:subPropertyOf,kko.quantitiesData
rc.number_of_doors,rdfs:subPropertyOf,owl.DatatypeProperty
rc.number_of_doors,rdfs:subPropertyOf,kko.quantitiesData
rc.number_of_elevators,rdfs:subPropertyOf,owl.DatatypeProperty
rc.number_of_elevators,rdfs:subPropertyOf,kko.formsData
rc.number_of_employees,rdfs:subPropertyOf,owl.DatatypeProperty
rc.number_of_employees,rdfs:subPropertyOf,kko.quantitiesData
rc.number_of_episodes,rdfs:subPropertyOf,owl.DatatypeProperty
rc.number_of_episodes,rdfs:subPropertyOf,kko.quantitiesData
rc.number_of_forward_gears,rdfs:subPropertyOf,owl.DatatypeProperty
rc.number_of_forward_gears,rdfs:subPropertyOf,kko.quantitiesData
rc.number_of_graves,rdfs:subPropertyOf,owl.DatatypeProperty
rc.number_of_graves,rdfs:subPropertyOf,kko.quantitiesData
rc.number_of_households,rdfs:subPropertyOf,owl.DatatypeProperty
rc.number_of_households,rdfs:subPropertyOf,kko.quantitiesData
rc.number_of_houses,rdfs:subPropertyOf,owl.DatatypeProperty
rc.number_of_houses,rdfs:subPropertyOf,kko.quantitiesData
rc.number_of_injured,rdfs:subPropertyOf,owl.DatatypeProperty
rc.number_of_injured,rdfs:subPropertyOf,kko.quantitiesData
rc.number_of_items,rdfs:subPropertyOf,owl.DatatypeProperty
rc.number_of_items,rdfs:subPropertyOf,kko.quantitiesData
rc.number_of_losses,rdfs:subPropertyOf,owl.DatatypeProperty
rc.number_of_losses,rdfs:subPropertyOf,kko.quantitiesData
rc.number_of_masts,rdfs:subPropertyOf,owl.DatatypeProperty
rc.number_of_masts,rdfs:subPropertyOf,kko.formsData
rc.number_of_matches_played_races_starts,rdfs:subPropertyOf,owl.DatatypeProperty
rc.number_of_matches_played_races_starts,rdfs:subPropertyOf,kko.quantitiesData
rc.number_of_missing,rdfs:subPropertyOf,owl.DatatypeProperty
rc.number_of_missing,rdfs:subPropertyOf,kko.quantitiesData
rc.number_of_out_of_school_children,rdfs:subPropertyOf,owl.DatatypeProperty
rc.number_of_out_of_school_children,rdfs:subPropertyOf,kko.quantitiesData
rc.number_of_pages,rdfs:subPropertyOf,owl.DatatypeProperty
rc.number_of_pages,rdfs:subPropertyOf,kko.quantitiesData
rc.number_of_participants,rdfs:subPropertyOf,owl.DatatypeProperty
rc.number_of_participants,rdfs:subPropertyOf,kko.quantitiesData
rc.number_of_parts_of_this_work_of_art,rdfs:subPropertyOf,owl.DatatypeProperty
rc.number_of_parts_of_this_work_of_art,rdfs:subPropertyOf,kko.quantitiesData
rc.number_of_perpetrators,rdfs:subPropertyOf,owl.DatatypeProperty
rc.number_of_perpetrators,rdfs:subPropertyOf,kko.quantitiesData
rc.number_of_platform_tracks,rdfs:subPropertyOf,owl.DatatypeProperty
rc.number_of_platform_tracks,rdfs:subPropertyOf,kko.quantitiesData
rc.number_of_players,rdfs:subPropertyOf,owl.DatatypeProperty
rc.number_of_players,rdfs:subPropertyOf,kko.quantitiesData
rc.number_of_players_in_region,rdfs:subPropertyOf,owl.DatatypeProperty
rc.number_of_players_in_region,rdfs:subPropertyOf,kko.quantitiesData
rc.number_of_points_goals_set_scored,rdfs:subPropertyOf,owl.DatatypeProperty
rc.number_of_points_goals_set_scored,rdfs:subPropertyOf,kko.quantitiesData
rc.number_of_previous_owners,rdfs:subPropertyOf,owl.DatatypeProperty
rc.number_of_previous_owners,rdfs:subPropertyOf,kko.quantitiesData
rc.number_of_processor_cores,rdfs:subPropertyOf,owl.DatatypeProperty
rc.number_of_processor_cores,rdfs:subPropertyOf,kko.quantitiesData
rc.number_of_records,rdfs:subPropertyOf,owl.DatatypeProperty
rc.number_of_records,rdfs:subPropertyOf,kko.quantitiesData
rc.number_of_registered_users_contributors,rdfs:subPropertyOf,owl.DatatypeProperty
rc.number_of_registered_users_contributors,rdfs:subPropertyOf,kko.quantitiesData
rc.number_of_representations,rdfs:subPropertyOf,owl.DatatypeProperty
rc.number_of_representations,rdfs:subPropertyOf,kko.quantitiesData
rc.number_of_representatives_in_an_organization_legislature,rdfs:subPropertyOf,owl.DatatypeProperty
rc.number_of_representatives_in_an_organization_legislature,rdfs:subPropertyOf,kko.quantitiesData
rc.number_of_rooms,rdfs:subPropertyOf,owl.DatatypeProperty
rc.number_of_rooms,rdfs:subPropertyOf,kko.quantitiesData
rc.number_of_seasons,rdfs:subPropertyOf,owl.DatatypeProperty
rc.number_of_seasons,rdfs:subPropertyOf,kko.quantitiesData
rc.number_of_seats,rdfs:subPropertyOf,owl.DatatypeProperty
rc.number_of_seats,rdfs:subPropertyOf,kko.quantitiesData
rc.number_of_spans,rdfs:subPropertyOf,owl.DatatypeProperty
rc.number_of_spans,rdfs:subPropertyOf,kko.formsData
rc.number_of_speakers,rdfs:subPropertyOf,owl.DatatypeProperty
rc.number_of_speakers,rdfs:subPropertyOf,kko.quantitiesData
rc.number_of_subscribers,rdfs:subPropertyOf,owl.DatatypeProperty
rc.number_of_subscribers,rdfs:subPropertyOf,kko.quantitiesData
rc.number_of_survivors,rdfs:subPropertyOf,owl.DatatypeProperty
rc.number_of_survivors,rdfs:subPropertyOf,kko.quantitiesData
rc.number_of_victims_of_killer,rdfs:subPropertyOf,owl.DatatypeProperty
rc.number_of_victims_of_killer,rdfs:subPropertyOf,kko.quantitiesData
rc.number_of_wins,rdfs:subPropertyOf,owl.DatatypeProperty
rc.number_of_wins,rdfs:subPropertyOf,kko.quantitiesData
rc.numbered_position,rdfs:subPropertyOf,owl.DatatypeProperty
rc.numbered_position,rdfs:subPropertyOf,kko.quantitiesData
rc.numeric_value,rdfs:subPropertyOf,owl.DatatypeProperty
rc.numeric_value,rdfs:subPropertyOf,kko.qualitiesData
rc.nutrition,rdfs:subPropertyOf,owl.DatatypeProperty
rc.nutrition,rdfs:subPropertyOf,kko.quantitiesData
rc.oath_of_office_date,rdfs:subPropertyOf,owl.DatatypeProperty
rc.oath_of_office_date,rdfs:subPropertyOf,kko.eventualsData
rc.occupancy,rdfs:subPropertyOf,owl.DatatypeProperty
rc.occupancy,rdfs:subPropertyOf,kko.quantitiesData
rc.occupational_category,rdfs:subPropertyOf,owl.DatatypeProperty
rc.occupational_category,rdfs:subPropertyOf,kko.classificationsData
rc.offer_count,rdfs:subPropertyOf,owl.DatatypeProperty
rc.offer_count,rdfs:subPropertyOf,kko.quantitiesData
rc.opening_hours,rdfs:subPropertyOf,owl.DatatypeProperty
rc.opening_hours,rdfs:subPropertyOf,kko.eventualsData
rc.opens,rdfs:subPropertyOf,owl.DatatypeProperty
rc.opens,rdfs:subPropertyOf,kko.eventualsData
rc.operating_income,rdfs:subPropertyOf,owl.DatatypeProperty
rc.operating_income,rdfs:subPropertyOf,kko.quantitiesData
rc.operating_system_schema,rdfs:subPropertyOf,owl.DatatypeProperty
rc.operating_system_schema,rdfs:subPropertyOf,kko.extrinsicsData
rc.operations_and_procedures_key_ops,rdfs:subPropertyOf,owl.DatatypeProperty
rc.operations_and_procedures_key_ops,rdfs:subPropertyOf,kko.classificationsData
rc.option,rdfs:subPropertyOf,owl.DatatypeProperty
rc.option,rdfs:subPropertyOf,kko.actionsData
rc.orbital_eccentricity,rdfs:subPropertyOf,owl.DatatypeProperty
rc.orbital_eccentricity,rdfs:subPropertyOf,kko.qualitiesData
rc.orbital_inclination,rdfs:subPropertyOf,owl.DatatypeProperty
rc.orbital_inclination,rdfs:subPropertyOf,kko.qualitiesData
rc.orbital_period,rdfs:subPropertyOf,owl.DatatypeProperty
rc.orbital_period,rdfs:subPropertyOf,kko.qualitiesData
rc.orbits_completed,rdfs:subPropertyOf,owl.DatatypeProperty
rc.orbits_completed,rdfs:subPropertyOf,kko.quantitiesData
rc.order_date,rdfs:subPropertyOf,owl.DatatypeProperty
rc.order_date,rdfs:subPropertyOf,kko.eventualsData
rc.order_quantity,rdfs:subPropertyOf,owl.DatatypeProperty
rc.order_quantity,rdfs:subPropertyOf,kko.quantitiesData
rc.owned_from,rdfs:subPropertyOf,owl.DatatypeProperty
rc.owned_from,rdfs:subPropertyOf,kko.eventualsData
rc.owned_through,rdfs:subPropertyOf,owl.DatatypeProperty
rc.owned_through,rdfs:subPropertyOf,kko.eventualsData
rc.oxidation_state,rdfs:subPropertyOf,owl.DatatypeProperty
rc.oxidation_state,rdfs:subPropertyOf,kko.qualitiesData
rc.p_ka,rdfs:subPropertyOf,owl.DatatypeProperty
rc.p_ka,rdfs:subPropertyOf,kko.qualitiesData
rc.par,rdfs:subPropertyOf,owl.DatatypeProperty
rc.par,rdfs:subPropertyOf,kko.quantitiesData
rc.parallax,rdfs:subPropertyOf,owl.DatatypeProperty
rc.parallax,rdfs:subPropertyOf,kko.situantsData
rc.parent_item,rdfs:subPropertyOf,owl.DatatypeProperty
rc.parent_item,rdfs:subPropertyOf,kko.typingsData
rc.parity,rdfs:subPropertyOf,owl.DatatypeProperty
rc.parity,rdfs:subPropertyOf,kko.qualitiesData
rc.partition_coefficient_water_octanol,rdfs:subPropertyOf,owl.DatatypeProperty
rc.partition_coefficient_water_octanol,rdfs:subPropertyOf,kko.qualitiesData
rc.party_size,rdfs:subPropertyOf,owl.DatatypeProperty
rc.party_size,rdfs:subPropertyOf,kko.quantitiesData
rc.passenger_priority_status,rdfs:subPropertyOf,owl.DatatypeProperty
rc.passenger_priority_status,rdfs:subPropertyOf,kko.classificationsData
rc.patronage,rdfs:subPropertyOf,owl.DatatypeProperty
rc.patronage,rdfs:subPropertyOf,kko.extrinsicsData
rc.payload_mass,rdfs:subPropertyOf,owl.DatatypeProperty
rc.payload_mass,rdfs:subPropertyOf,kko.quantitiesData
rc.payment_accepted,rdfs:subPropertyOf,owl.DatatypeProperty
rc.payment_accepted,rdfs:subPropertyOf,kko.classificationsData
rc.payment_due,rdfs:subPropertyOf,owl.DatatypeProperty
rc.payment_due,rdfs:subPropertyOf,kko.eventualsData
rc.payment_due_date,rdfs:subPropertyOf,owl.DatatypeProperty
rc.payment_due_date,rdfs:subPropertyOf,kko.eventualsData
rc.perform_time,rdfs:subPropertyOf,owl.DatatypeProperty
rc.perform_time,rdfs:subPropertyOf,kko.eventualsData
rc.periapsis,rdfs:subPropertyOf,owl.DatatypeProperty
rc.periapsis,rdfs:subPropertyOf,kko.qualitiesData
rc.periapsis_date,rdfs:subPropertyOf,owl.DatatypeProperty
rc.periapsis_date,rdfs:subPropertyOf,kko.eventualsData
rc.perimeter,rdfs:subPropertyOf,owl.DatatypeProperty
rc.perimeter,rdfs:subPropertyOf,kko.qualitiesData
rc.permissions,rdfs:subPropertyOf,owl.DatatypeProperty
rc.permissions,rdfs:subPropertyOf,kko.extrinsicsData
rc.permitted_usage,rdfs:subPropertyOf,owl.DatatypeProperty
rc.permitted_usage,rdfs:subPropertyOf,kko.extrinsicsData
rc.personal_best,rdfs:subPropertyOf,owl.DatatypeProperty
rc.personal_best,rdfs:subPropertyOf,kko.qualitiesData
rc.pets_allowed,rdfs:subPropertyOf,owl.DatatypeProperty
rc.pets_allowed,rdfs:subPropertyOf,kko.extrinsicsData
rc.pickup_time,rdfs:subPropertyOf,owl.DatatypeProperty
rc.pickup_time,rdfs:subPropertyOf,kko.eventualsData
rc.player_type,rdfs:subPropertyOf,owl.DatatypeProperty
rc.player_type,rdfs:subPropertyOf,kko.classificationsData
rc.players_online,rdfs:subPropertyOf,owl.DatatypeProperty
rc.players_online,rdfs:subPropertyOf,kko.quantitiesData
rc.point_in_time,rdfs:subPropertyOf,owl.DatatypeProperty
rc.point_in_time,rdfs:subPropertyOf,kko.eventualsData
rc.points_awarded,rdfs:subPropertyOf,owl.DatatypeProperty
rc.points_awarded,rdfs:subPropertyOf,kko.quantitiesData
rc.polygon,rdfs:subPropertyOf,owl.DatatypeProperty
rc.polygon,rdfs:subPropertyOf,kko.formsData
rc.population,rdfs:subPropertyOf,owl.DatatypeProperty
rc.population,rdfs:subPropertyOf,kko.quantitiesData
rc.port,rdfs:subPropertyOf,owl.DatatypeProperty
rc.port,rdfs:subPropertyOf,kko.quantitiesData
rc.position_angle,rdfs:subPropertyOf,owl.DatatypeProperty
rc.position_angle,rdfs:subPropertyOf,kko.qualitiesData
rc.power_consumed,rdfs:subPropertyOf,owl.DatatypeProperty
rc.power_consumed,rdfs:subPropertyOf,kko.qualitiesData
rc.ppp_gdp_per_capita,rdfs:subPropertyOf,owl.DatatypeProperty
rc.ppp_gdp_per_capita,rdfs:subPropertyOf,kko.classificationsData
rc.precipitation_height,rdfs:subPropertyOf,owl.DatatypeProperty
rc.precipitation_height,rdfs:subPropertyOf,kko.quantitiesData
rc.prep_time,rdfs:subPropertyOf,owl.DatatypeProperty
rc.prep_time,rdfs:subPropertyOf,kko.eventualsData
rc.prevalence,rdfs:subPropertyOf,owl.DatatypeProperty
rc.prevalence,rdfs:subPropertyOf,kko.classificationsData
rc.previous_start_date,rdfs:subPropertyOf,owl.DatatypeProperty
rc.previous_start_date,rdfs:subPropertyOf,kko.eventualsData
rc.price,rdfs:subPropertyOf,owl.DatatypeProperty
rc.price,rdfs:subPropertyOf,kko.quantitiesData
rc.price_component,rdfs:subPropertyOf,owl.DatatypeProperty
rc.price_component,rdfs:subPropertyOf,kko.quantitiesData
rc.price_currency,rdfs:subPropertyOf,owl.DatatypeProperty
rc.price_currency,rdfs:subPropertyOf,kko.quantitiesData
rc.price_range,rdfs:subPropertyOf,owl.DatatypeProperty
rc.price_range,rdfs:subPropertyOf,kko.quantitiesData
rc.price_specification,rdfs:subPropertyOf,owl.DatatypeProperty
rc.price_specification,rdfs:subPropertyOf,kko.quantitiesData
rc.price_type,rdfs:subPropertyOf,owl.DatatypeProperty
rc.price_type,rdfs:subPropertyOf,kko.classificationsData
rc.price_valid_until,rdfs:subPropertyOf,owl.DatatypeProperty
rc.price_valid_until,rdfs:subPropertyOf,kko.eventualsData
rc.prize_money,rdfs:subPropertyOf,owl.DatatypeProperty
rc.prize_money,rdfs:subPropertyOf,kko.quantitiesData
rc.processing_time,rdfs:subPropertyOf,owl.DatatypeProperty
rc.processing_time,rdfs:subPropertyOf,kko.eventualsData
rc.processor_requirements,rdfs:subPropertyOf,owl.DatatypeProperty
rc.processor_requirements,rdfs:subPropertyOf,kko.extrinsicsData
rc.product_supported,rdfs:subPropertyOf,owl.DatatypeProperty
rc.product_supported,rdfs:subPropertyOf,kko.conjoinsData
rc.productionDate,rdfs:subPropertyOf,owl.DatatypeProperty
rc.productionDate,rdfs:subPropertyOf,kko.eventualsData
rc.production_date,rdfs:subPropertyOf,owl.DatatypeProperty
rc.production_date,rdfs:subPropertyOf,kko.eventualsData
rc.production_rate,rdfs:subPropertyOf,owl.DatatypeProperty
rc.production_rate,rdfs:subPropertyOf,kko.ratingsData
rc.proficiency_level,rdfs:subPropertyOf,owl.DatatypeProperty
rc.proficiency_level,rdfs:subPropertyOf,kko.classificationsData
rc.programming_language_schema,rdfs:subPropertyOf,owl.DatatypeProperty
rc.programming_language_schema,rdfs:subPropertyOf,kko.conjoinsData
rc.programming_model,rdfs:subPropertyOf,owl.DatatypeProperty
rc.programming_model,rdfs:subPropertyOf,kko.formsData
rc.protein_content,rdfs:subPropertyOf,owl.DatatypeProperty
rc.protein_content,rdfs:subPropertyOf,kko.quantitiesData
rc.provider_mobility,rdfs:subPropertyOf,owl.DatatypeProperty
rc.provider_mobility,rdfs:subPropertyOf,kko.formsData
rc.public_access,rdfs:subPropertyOf,owl.DatatypeProperty
rc.public_access,rdfs:subPropertyOf,kko.qualitiesData
rc.public_domain_date,rdfs:subPropertyOf,owl.DatatypeProperty
rc.public_domain_date,rdfs:subPropertyOf,kko.eventualsData
rc.publication_date,rdfs:subPropertyOf,owl.DatatypeProperty
rc.publication_date,rdfs:subPropertyOf,kko.eventualsData
rc.publication_interval,rdfs:subPropertyOf,owl.DatatypeProperty
rc.publication_interval,rdfs:subPropertyOf,kko.eventualsData
rc.purchase_date,rdfs:subPropertyOf,owl.DatatypeProperty
rc.purchase_date,rdfs:subPropertyOf,kko.eventualsData
rc.qualifications,rdfs:subPropertyOf,owl.DatatypeProperty
rc.qualifications,rdfs:subPropertyOf,kko.qualitiesData
rc.quantitative_metrical_pattern,rdfs:subPropertyOf,owl.DatatypeProperty
rc.quantitative_metrical_pattern,rdfs:subPropertyOf,kko.formsData
rc.quantity,rdfs:subPropertyOf,owl.DatatypeProperty
rc.quantity,rdfs:subPropertyOf,kko.quantitiesData
rc.quantity_buried,rdfs:subPropertyOf,owl.DatatypeProperty
rc.quantity_buried,rdfs:subPropertyOf,kko.quantitiesData
rc.query,rdfs:subPropertyOf,owl.DatatypeProperty
rc.query,rdfs:subPropertyOf,kko.actionsData
rc.question,rdfs:subPropertyOf,owl.DatatypeProperty
rc.question,rdfs:subPropertyOf,kko.actionsData
rc.race_time,rdfs:subPropertyOf,owl.DatatypeProperty
rc.race_time,rdfs:subPropertyOf,kko.quantitiesData
rc.radial_velocity,rdfs:subPropertyOf,owl.DatatypeProperty
rc.radial_velocity,rdfs:subPropertyOf,kko.qualitiesData
rc.radius,rdfs:subPropertyOf,owl.DatatypeProperty
rc.radius,rdfs:subPropertyOf,kko.qualitiesData
rc.ranking,rdfs:subPropertyOf,owl.DatatypeProperty
rc.ranking,rdfs:subPropertyOf,kko.ratingsData
rc.rating_count,rdfs:subPropertyOf,owl.DatatypeProperty
rc.rating_count,rdfs:subPropertyOf,kko.quantitiesData
rc.rating_value,rdfs:subPropertyOf,owl.DatatypeProperty
rc.rating_value,rdfs:subPropertyOf,kko.quantitiesData
rc.readonly_value,rdfs:subPropertyOf,owl.DatatypeProperty
rc.readonly_value,rdfs:subPropertyOf,kko.elementalsData
rc.real_gross_domestic_product_growth_rate,rdfs:subPropertyOf,owl.DatatypeProperty
rc.real_gross_domestic_product_growth_rate,rdfs:subPropertyOf,kko.ratingsData
rc.recipeIngredient,rdfs:subPropertyOf,owl.DatatypeProperty
rc.recipeIngredient,rdfs:subPropertyOf,kko.partsData
rc.recipe_category,rdfs:subPropertyOf,owl.DatatypeProperty
rc.recipe_category,rdfs:subPropertyOf,kko.classificationsData
rc.recipe_cuisine,rdfs:subPropertyOf,owl.DatatypeProperty
rc.recipe_cuisine,rdfs:subPropertyOf,kko.formsData
rc.recipe_yield,rdfs:subPropertyOf,owl.DatatypeProperty
rc.recipe_yield,rdfs:subPropertyOf,kko.quantitiesData
rc.redshift,rdfs:subPropertyOf,owl.DatatypeProperty
rc.redshift,rdfs:subPropertyOf,kko.qualitiesData
rc.reference_quantity,rdfs:subPropertyOf,owl.DatatypeProperty
rc.reference_quantity,rdfs:subPropertyOf,kko.quantitiesData
rc.refractive_index,rdfs:subPropertyOf,owl.DatatypeProperty
rc.refractive_index,rdfs:subPropertyOf,kko.ratingsData
rc.regensburg_classification,rdfs:subPropertyOf,owl.DatatypeProperty
rc.regensburg_classification,rdfs:subPropertyOf,kko.classificationsData
rc.release_date,rdfs:subPropertyOf,owl.DatatypeProperty
rc.release_date,rdfs:subPropertyOf,kko.eventualsData
rc.remaining_attendee_capacity,rdfs:subPropertyOf,owl.DatatypeProperty
rc.remaining_attendee_capacity,rdfs:subPropertyOf,kko.quantitiesData
rc.required_collateral,rdfs:subPropertyOf,owl.DatatypeProperty
rc.required_collateral,rdfs:subPropertyOf,kko.quantitiesData
rc.required_gender,rdfs:subPropertyOf,owl.DatatypeProperty
rc.required_gender,rdfs:subPropertyOf,kko.qualitiesData
rc.required_max_age,rdfs:subPropertyOf,owl.DatatypeProperty
rc.required_max_age,rdfs:subPropertyOf,kko.quantitiesData
rc.required_min_age,rdfs:subPropertyOf,owl.DatatypeProperty
rc.required_min_age,rdfs:subPropertyOf,kko.quantitiesData
rc.required_quantity,rdfs:subPropertyOf,owl.DatatypeProperty
rc.required_quantity,rdfs:subPropertyOf,kko.quantitiesData
rc.requirements,rdfs:subPropertyOf,owl.DatatypeProperty
rc.requirements,rdfs:subPropertyOf,kko.extrinsicsData
rc.requires_subscription,rdfs:subPropertyOf,owl.DatatypeProperty
rc.requires_subscription,rdfs:subPropertyOf,kko.extrinsicsData
rc.residence_time_of_water,rdfs:subPropertyOf,owl.DatatypeProperty
rc.residence_time_of_water,rdfs:subPropertyOf,kko.quantitiesData
rc.responsibilities,rdfs:subPropertyOf,owl.DatatypeProperty
rc.responsibilities,rdfs:subPropertyOf,kko.qualitiesData
rc.retirement_age,rdfs:subPropertyOf,owl.DatatypeProperty
rc.retirement_age,rdfs:subPropertyOf,kko.quantitiesData
rc.retrieved,rdfs:subPropertyOf,owl.DatatypeProperty
rc.retrieved,rdfs:subPropertyOf,kko.eventualsData
rc.review_body,rdfs:subPropertyOf,owl.DatatypeProperty
rc.review_body,rdfs:subPropertyOf,kko.formsData
rc.review_count,rdfs:subPropertyOf,owl.DatatypeProperty
rc.review_count,rdfs:subPropertyOf,kko.quantitiesData
rc.review_rating,rdfs:subPropertyOf,owl.DatatypeProperty
rc.review_rating,rdfs:subPropertyOf,kko.ratingsData
rc.review_score,rdfs:subPropertyOf,owl.DatatypeProperty
rc.review_score,rdfs:subPropertyOf,kko.ratingsData
rc.rotation_period,rdfs:subPropertyOf,owl.DatatypeProperty
rc.rotation_period,rdfs:subPropertyOf,kko.qualitiesData
rc.runtime,rdfs:subPropertyOf,owl.DatatypeProperty
rc.runtime,rdfs:subPropertyOf,kko.extrinsicsData
rc.runtime_platform,rdfs:subPropertyOf,owl.DatatypeProperty
rc.runtime_platform,rdfs:subPropertyOf,kko.extrinsicsData
rc.runway,rdfs:subPropertyOf,owl.DatatypeProperty
rc.runway,rdfs:subPropertyOf,kko.qualitiesData
rc.s_rgb_color_hex_triplet,rdfs:subPropertyOf,owl.DatatypeProperty
rc.s_rgb_color_hex_triplet,rdfs:subPropertyOf,kko.qualitiesData
rc.salary_currency,rdfs:subPropertyOf,owl.DatatypeProperty
rc.salary_currency,rdfs:subPropertyOf,kko.quantitiesData
rc.same_as,rdfs:subPropertyOf,owl.DatatypeProperty
rc.same_as,rdfs:subPropertyOf,kko.equivalencesData
rc.sample_type,rdfs:subPropertyOf,owl.DatatypeProperty
rc.sample_type,rdfs:subPropertyOf,kko.classificationsData
rc.saturated_fat_content,rdfs:subPropertyOf,owl.DatatypeProperty
rc.saturated_fat_content,rdfs:subPropertyOf,kko.quantitiesData
rc.sbc_2010_occupation_code,rdfs:subPropertyOf,owl.DatatypeProperty
rc.sbc_2010_occupation_code,rdfs:subPropertyOf,kko.classificationsData
rc.sbfi_occupation_code,rdfs:subPropertyOf,owl.DatatypeProperty
rc.sbfi_occupation_code,rdfs:subPropertyOf,kko.classificationsData
rc.scale,rdfs:subPropertyOf,owl.DatatypeProperty
rc.scale,rdfs:subPropertyOf,kko.qualitiesData
rc.scheduled_payment_date,rdfs:subPropertyOf,owl.DatatypeProperty
rc.scheduled_payment_date,rdfs:subPropertyOf,kko.eventualsData
rc.scheduled_time,rdfs:subPropertyOf,owl.DatatypeProperty
rc.scheduled_time,rdfs:subPropertyOf,kko.eventualsData
rc.scoville_grade,rdfs:subPropertyOf,owl.DatatypeProperty
rc.scoville_grade,rdfs:subPropertyOf,kko.ratingsData
rc.screen_count,rdfs:subPropertyOf,owl.DatatypeProperty
rc.screen_count,rdfs:subPropertyOf,kko.quantitiesData
rc.seating_type,rdfs:subPropertyOf,owl.DatatypeProperty
rc.seating_type,rdfs:subPropertyOf,kko.classificationsData
rc.security_screening,rdfs:subPropertyOf,owl.DatatypeProperty
rc.security_screening,rdfs:subPropertyOf,kko.ratingsData
rc.semi_major_axis_of_an_orbit,rdfs:subPropertyOf,owl.DatatypeProperty
rc.semi_major_axis_of_an_orbit,rdfs:subPropertyOf,kko.qualitiesData
rc.serves_cuisine,rdfs:subPropertyOf,owl.DatatypeProperty
rc.serves_cuisine,rdfs:subPropertyOf,kko.formsData
rc.service_entry,rdfs:subPropertyOf,owl.DatatypeProperty
rc.service_entry,rdfs:subPropertyOf,kko.eventualsData
rc.service_retirement,rdfs:subPropertyOf,owl.DatatypeProperty
rc.service_retirement,rdfs:subPropertyOf,kko.eventualsData
rc.service_type,rdfs:subPropertyOf,owl.DatatypeProperty
rc.service_type,rdfs:subPropertyOf,kko.classificationsData
rc.serving_size,rdfs:subPropertyOf,owl.DatatypeProperty
rc.serving_size,rdfs:subPropertyOf,kko.quantitiesData
rc.short_term_exposure_limit,rdfs:subPropertyOf,owl.DatatypeProperty
rc.short_term_exposure_limit,rdfs:subPropertyOf,kko.extrinsicsData
rc.singles_record,rdfs:subPropertyOf,owl.DatatypeProperty
rc.singles_record,rdfs:subPropertyOf,kko.extrinsicsData
rc.size_of_team_at_start,rdfs:subPropertyOf,owl.DatatypeProperty
rc.size_of_team_at_start,rdfs:subPropertyOf,kko.quantitiesData
rc.skills,rdfs:subPropertyOf,owl.DatatypeProperty
rc.skills,rdfs:subPropertyOf,kko.qualitiesData
rc.slope,rdfs:subPropertyOf,owl.DatatypeProperty
rc.slope,rdfs:subPropertyOf,kko.quantitiesData
rc.slope_rating,rdfs:subPropertyOf,owl.DatatypeProperty
rc.slope_rating,rdfs:subPropertyOf,kko.ratingsData
rc.smoking_allowed,rdfs:subPropertyOf,owl.DatatypeProperty
rc.smoking_allowed,rdfs:subPropertyOf,kko.qualitiesData
rc.soc_code_2010,rdfs:subPropertyOf,owl.DatatypeProperty
rc.soc_code_2010,rdfs:subPropertyOf,kko.classificationsData
rc.sodium_content,rdfs:subPropertyOf,owl.DatatypeProperty
rc.sodium_content,rdfs:subPropertyOf,kko.quantitiesData
rc.software_requirements,rdfs:subPropertyOf,owl.DatatypeProperty
rc.software_requirements,rdfs:subPropertyOf,kko.extrinsicsData
rc.software_version_identifier,rdfs:subPropertyOf,owl.DatatypeProperty
rc.software_version_identifier,rdfs:subPropertyOf,kko.classificationsData
rc.solubility,rdfs:subPropertyOf,owl.DatatypeProperty
rc.solubility,rdfs:subPropertyOf,kko.qualitiesData
rc.sound_power_level,rdfs:subPropertyOf,owl.DatatypeProperty
rc.sound_power_level,rdfs:subPropertyOf,kko.qualitiesData
rc.spacecraft_docking_undocking_date,rdfs:subPropertyOf,owl.DatatypeProperty
rc.spacecraft_docking_undocking_date,rdfs:subPropertyOf,kko.eventualsData
rc.special_commitments,rdfs:subPropertyOf,owl.DatatypeProperty
rc.special_commitments,rdfs:subPropertyOf,kko.extrinsicsData
rc.spectral_class,rdfs:subPropertyOf,owl.DatatypeProperty
rc.spectral_class,rdfs:subPropertyOf,kko.qualitiesData
rc.speed,rdfs:subPropertyOf,owl.DatatypeProperty
rc.speed,rdfs:subPropertyOf,kko.qualitiesData
rc.speed_limit,rdfs:subPropertyOf,owl.DatatypeProperty
rc.speed_limit,rdfs:subPropertyOf,kko.quantitiesData
rc.speed_of_sound,rdfs:subPropertyOf,owl.DatatypeProperty
rc.speed_of_sound,rdfs:subPropertyOf,kko.qualitiesData
rc.spin_quantum_number,rdfs:subPropertyOf,owl.DatatypeProperty
rc.spin_quantum_number,rdfs:subPropertyOf,kko.qualitiesData
rc.sport_schema,rdfs:subPropertyOf,owl.DatatypeProperty
rc.sport_schema,rdfs:subPropertyOf,kko.typingsData
rc.sports_league_level,rdfs:subPropertyOf,owl.DatatypeProperty
rc.sports_league_level,rdfs:subPropertyOf,kko.classificationsData
rc.standard_enthalpy_of_formation,rdfs:subPropertyOf,owl.DatatypeProperty
rc.standard_enthalpy_of_formation,rdfs:subPropertyOf,kko.qualitiesData
rc.standard_molar_entropy,rdfs:subPropertyOf,owl.DatatypeProperty
rc.standard_molar_entropy,rdfs:subPropertyOf,kko.qualitiesData
rc.star_rating,rdfs:subPropertyOf,owl.DatatypeProperty
rc.star_rating,rdfs:subPropertyOf,kko.ratingsData
rc.startTime,rdfs:subPropertyOf,owl.DatatypeProperty
rc.startTime,rdfs:subPropertyOf,kko.eventualsData
rc.start_date,rdfs:subPropertyOf,owl.DatatypeProperty
rc.start_date,rdfs:subPropertyOf,kko.eventualsData
rc.start_time,rdfs:subPropertyOf,owl.DatatypeProperty
rc.start_time,rdfs:subPropertyOf,kko.eventualsData
rc.statistics_denmarks_classification_of_occupation_disco_08,rdfs:subPropertyOf,owl.DatatypeProperty
rc.statistics_denmarks_classification_of_occupation_disco_08,rdfs:subPropertyOf,kko.classificationsData
rc.stellar_rotational_velocity,rdfs:subPropertyOf,owl.DatatypeProperty
rc.stellar_rotational_velocity,rdfs:subPropertyOf,kko.quantitiesData
rc.step_value,rdfs:subPropertyOf,owl.DatatypeProperty
rc.step_value,rdfs:subPropertyOf,kko.quantitiesData
rc.storage_requirements,rdfs:subPropertyOf,owl.DatatypeProperty
rc.storage_requirements,rdfs:subPropertyOf,kko.extrinsicsData
rc.stroke,rdfs:subPropertyOf,owl.DatatypeProperty
rc.stroke,rdfs:subPropertyOf,kko.qualitiesData
rc.strunz_8_th_edition_series_id_updated,rdfs:subPropertyOf,owl.DatatypeProperty
rc.strunz_8_th_edition_series_id_updated,rdfs:subPropertyOf,kko.classificationsData
rc.students_count,rdfs:subPropertyOf,owl.DatatypeProperty
rc.students_count,rdfs:subPropertyOf,kko.quantitiesData
rc.sublimation_temperature,rdfs:subPropertyOf,owl.DatatypeProperty
rc.sublimation_temperature,rdfs:subPropertyOf,kko.qualitiesData
rc.subtitle_language,rdfs:subPropertyOf,owl.DatatypeProperty
rc.subtitle_language,rdfs:subPropertyOf,kko.conjoinsData
rc.sugar_content,rdfs:subPropertyOf,owl.DatatypeProperty
rc.sugar_content,rdfs:subPropertyOf,kko.quantitiesData
rc.suggested_gender,rdfs:subPropertyOf,owl.DatatypeProperty
rc.suggested_gender,rdfs:subPropertyOf,kko.qualitiesData
rc.suggested_max_age,rdfs:subPropertyOf,owl.DatatypeProperty
rc.suggested_max_age,rdfs:subPropertyOf,kko.quantitiesData
rc.suggested_min_age,rdfs:subPropertyOf,owl.DatatypeProperty
rc.suggested_min_age,rdfs:subPropertyOf,kko.quantitiesData
rc.suitable_for_diet,rdfs:subPropertyOf,owl.DatatypeProperty
rc.suitable_for_diet,rdfs:subPropertyOf,kko.qualitiesData
rc.surface,rdfs:subPropertyOf,owl.DatatypeProperty
rc.surface,rdfs:subPropertyOf,kko.formsData
rc.surface_tension,rdfs:subPropertyOf,owl.DatatypeProperty
rc.surface_tension,rdfs:subPropertyOf,kko.qualitiesData
rc.tabular_population,rdfs:subPropertyOf,owl.DatatypeProperty
rc.tabular_population,rdfs:subPropertyOf,kko.quantitiesData
rc.target_interest_rate,rdfs:subPropertyOf,owl.DatatypeProperty
rc.target_interest_rate,rdfs:subPropertyOf,kko.ratingsData
rc.target_platform,rdfs:subPropertyOf,owl.DatatypeProperty
rc.target_platform,rdfs:subPropertyOf,kko.formsData
rc.temperature,rdfs:subPropertyOf,owl.DatatypeProperty
rc.temperature,rdfs:subPropertyOf,kko.qualitiesData
rc.temporal,rdfs:subPropertyOf,owl.DatatypeProperty
rc.temporal,rdfs:subPropertyOf,kko.eventualsData
rc.temporal_coverage,rdfs:subPropertyOf,owl.DatatypeProperty
rc.temporal_coverage,rdfs:subPropertyOf,kko.eventualsData
rc.term_length_of_office,rdfs:subPropertyOf,owl.DatatypeProperty
rc.term_length_of_office,rdfs:subPropertyOf,kko.eventualsData
rc.text,rdfs:subPropertyOf,owl.DatatypeProperty
rc.text,rdfs:subPropertyOf,kko.formsData
rc.thermal_conductivity,rdfs:subPropertyOf,owl.DatatypeProperty
rc.thermal_conductivity,rdfs:subPropertyOf,kko.qualitiesData
rc.thickness,rdfs:subPropertyOf,owl.DatatypeProperty
rc.thickness,rdfs:subPropertyOf,kko.qualitiesData
rc.throughput,rdfs:subPropertyOf,owl.DatatypeProperty
rc.throughput,rdfs:subPropertyOf,kko.quantitiesData
rc.time_in_space,rdfs:subPropertyOf,owl.DatatypeProperty
rc.time_in_space,rdfs:subPropertyOf,kko.eventualsData
rc.time_of_discovery_or_invention,rdfs:subPropertyOf,owl.DatatypeProperty
rc.time_of_discovery_or_invention,rdfs:subPropertyOf,kko.eventualsData
rc.time_of_earliest_written_record,rdfs:subPropertyOf,owl.DatatypeProperty
rc.time_of_earliest_written_record,rdfs:subPropertyOf,kko.eventualsData
rc.time_of_spacecraft_landing,rdfs:subPropertyOf,owl.DatatypeProperty
rc.time_of_spacecraft_landing,rdfs:subPropertyOf,kko.eventualsData
rc.time_of_spacecraft_launch,rdfs:subPropertyOf,owl.DatatypeProperty
rc.time_of_spacecraft_launch,rdfs:subPropertyOf,kko.eventualsData
rc.time_of_spacecraft_orbit_decay,rdfs:subPropertyOf,owl.DatatypeProperty
rc.time_of_spacecraft_orbit_decay,rdfs:subPropertyOf,kko.eventualsData
rc.time_period_of_periodically_occurring_event,rdfs:subPropertyOf,owl.DatatypeProperty
rc.time_period_of_periodically_occurring_event,rdfs:subPropertyOf,kko.eventualsData
rc.time_required,rdfs:subPropertyOf,owl.DatatypeProperty
rc.time_required,rdfs:subPropertyOf,kko.eventualsData
rc.time_weighted_average_exposure_limit,rdfs:subPropertyOf,owl.DatatypeProperty
rc.time_weighted_average_exposure_limit,rdfs:subPropertyOf,kko.extrinsicsData
rc.topographic_isolation,rdfs:subPropertyOf,owl.DatatypeProperty
rc.topographic_isolation,rdfs:subPropertyOf,kko.situantsData
rc.topographic_prominence,rdfs:subPropertyOf,owl.DatatypeProperty
rc.topographic_prominence,rdfs:subPropertyOf,kko.qualitiesData
rc.total_assets,rdfs:subPropertyOf,owl.DatatypeProperty
rc.total_assets,rdfs:subPropertyOf,kko.quantitiesData
rc.total_equity,rdfs:subPropertyOf,owl.DatatypeProperty
rc.total_equity,rdfs:subPropertyOf,kko.quantitiesData
rc.total_expenditure,rdfs:subPropertyOf,owl.DatatypeProperty
rc.total_expenditure,rdfs:subPropertyOf,kko.quantitiesData
rc.total_fertility_rate,rdfs:subPropertyOf,owl.DatatypeProperty
rc.total_fertility_rate,rdfs:subPropertyOf,kko.ratingsData
rc.total_liabilities,rdfs:subPropertyOf,owl.DatatypeProperty
rc.total_liabilities,rdfs:subPropertyOf,kko.quantitiesData
rc.total_payment_due,rdfs:subPropertyOf,owl.DatatypeProperty
rc.total_payment_due,rdfs:subPropertyOf,kko.quantitiesData
rc.total_price,rdfs:subPropertyOf,owl.DatatypeProperty
rc.total_price,rdfs:subPropertyOf,kko.quantitiesData
rc.total_produced,rdfs:subPropertyOf,owl.DatatypeProperty
rc.total_produced,rdfs:subPropertyOf,kko.quantitiesData
rc.total_reserves,rdfs:subPropertyOf,owl.DatatypeProperty
rc.total_reserves,rdfs:subPropertyOf,kko.quantitiesData
rc.total_revenue,rdfs:subPropertyOf,owl.DatatypeProperty
rc.total_revenue,rdfs:subPropertyOf,kko.quantitiesData
rc.total_time,rdfs:subPropertyOf,owl.DatatypeProperty
rc.total_time,rdfs:subPropertyOf,kko.eventualsData
rc.total_valid_votes,rdfs:subPropertyOf,owl.DatatypeProperty
rc.total_valid_votes,rdfs:subPropertyOf,kko.quantitiesData
rc.track,rdfs:subPropertyOf,owl.DatatypeProperty
rc.track,rdfs:subPropertyOf,kko.partsData
rc.trans_fat_content,rdfs:subPropertyOf,owl.DatatypeProperty
rc.trans_fat_content,rdfs:subPropertyOf,kko.quantitiesData
rc.transliteration,rdfs:subPropertyOf,owl.DatatypeProperty
rc.transliteration,rdfs:subPropertyOf,kko.equivalencesData
rc.typical_age_range,rdfs:subPropertyOf,owl.DatatypeProperty
rc.typical_age_range,rdfs:subPropertyOf,kko.quantitiesData
rc.un_code_classification,rdfs:subPropertyOf,owl.DatatypeProperty
rc.un_code_classification,rdfs:subPropertyOf,kko.classificationsData
rc.un_packaging_group,rdfs:subPropertyOf,owl.DatatypeProperty
rc.un_packaging_group,rdfs:subPropertyOf,kko.classificationsData
rc.unemployment_rate,rdfs:subPropertyOf,owl.DatatypeProperty
rc.unemployment_rate,rdfs:subPropertyOf,kko.ratingsData
rc.unit_text,rdfs:subPropertyOf,owl.DatatypeProperty
rc.unit_text,rdfs:subPropertyOf,kko.quantitiesData
rc.units_sold,rdfs:subPropertyOf,owl.DatatypeProperty
rc.units_sold,rdfs:subPropertyOf,kko.quantitiesData
rc.universal_decimal_classification,rdfs:subPropertyOf,owl.DatatypeProperty
rc.universal_decimal_classification,rdfs:subPropertyOf,kko.classificationsData
rc.unsaturated_fat_content,rdfs:subPropertyOf,owl.DatatypeProperty
rc.unsaturated_fat_content,rdfs:subPropertyOf,kko.quantitiesData
rc.upload_date,rdfs:subPropertyOf,owl.DatatypeProperty
rc.upload_date,rdfs:subPropertyOf,kko.eventualsData
rc.upper_flammable_limit,rdfs:subPropertyOf,owl.DatatypeProperty
rc.upper_flammable_limit,rdfs:subPropertyOf,kko.qualitiesData
rc.upvote_count,rdfs:subPropertyOf,owl.DatatypeProperty
rc.upvote_count,rdfs:subPropertyOf,kko.quantitiesData
rc.url_template,rdfs:subPropertyOf,owl.DatatypeProperty
rc.url_template,rdfs:subPropertyOf,kko.extrinsicsData
rc.user_interaction_count,rdfs:subPropertyOf,owl.DatatypeProperty
rc.user_interaction_count,rdfs:subPropertyOf,kko.quantitiesData
rc.utc_timezone_offset,rdfs:subPropertyOf,owl.DatatypeProperty
rc.utc_timezone_offset,rdfs:subPropertyOf,kko.equivalencesData
rc.valid_for,rdfs:subPropertyOf,owl.DatatypeProperty
rc.valid_for,rdfs:subPropertyOf,kko.eventualsData
rc.valid_from,rdfs:subPropertyOf,owl.DatatypeProperty
rc.valid_from,rdfs:subPropertyOf,kko.eventualsData
rc.valid_through,rdfs:subPropertyOf,owl.DatatypeProperty
rc.valid_through,rdfs:subPropertyOf,kko.eventualsData
rc.valid_until,rdfs:subPropertyOf,owl.DatatypeProperty
rc.valid_until,rdfs:subPropertyOf,kko.eventualsData
rc.value,rdfs:subPropertyOf,owl.DatatypeProperty
rc.value,rdfs:subPropertyOf,kko.quantitiesData
rc.value_added_tax_included,rdfs:subPropertyOf,owl.DatatypeProperty
rc.value_added_tax_included,rdfs:subPropertyOf,kko.elementalsData
rc.value_max_length,rdfs:subPropertyOf,owl.DatatypeProperty
rc.value_max_length,rdfs:subPropertyOf,kko.quantitiesData
rc.value_min_length,rdfs:subPropertyOf,owl.DatatypeProperty
rc.value_min_length,rdfs:subPropertyOf,kko.quantitiesData
rc.value_pattern,rdfs:subPropertyOf,owl.DatatypeProperty
rc.value_pattern,rdfs:subPropertyOf,kko.formsData
rc.value_required,rdfs:subPropertyOf,owl.DatatypeProperty
rc.value_required,rdfs:subPropertyOf,kko.elementalsData
rc.vapor_pressure,rdfs:subPropertyOf,owl.DatatypeProperty
rc.vapor_pressure,rdfs:subPropertyOf,kko.qualitiesData
rc.vat_rate,rdfs:subPropertyOf,owl.DatatypeProperty
rc.vat_rate,rdfs:subPropertyOf,kko.ratingsData
rc.vehicleTransmission,rdfs:subPropertyOf,owl.DatatypeProperty
rc.vehicleTransmission,rdfs:subPropertyOf,kko.partsData
rc.vehicle_configuration,rdfs:subPropertyOf,owl.DatatypeProperty
rc.vehicle_configuration,rdfs:subPropertyOf,kko.formsData
rc.vehicle_interior_color,rdfs:subPropertyOf,owl.DatatypeProperty
rc.vehicle_interior_color,rdfs:subPropertyOf,kko.qualitiesData
rc.vehicle_interior_type,rdfs:subPropertyOf,owl.DatatypeProperty
rc.vehicle_interior_type,rdfs:subPropertyOf,kko.classificationsData
rc.vehicle_model_date,rdfs:subPropertyOf,owl.DatatypeProperty
rc.vehicle_model_date,rdfs:subPropertyOf,kko.eventualsData
rc.vehicle_range,rdfs:subPropertyOf,owl.DatatypeProperty
rc.vehicle_range,rdfs:subPropertyOf,kko.qualitiesData
rc.vehicle_seating_capacity,rdfs:subPropertyOf,owl.DatatypeProperty
rc.vehicle_seating_capacity,rdfs:subPropertyOf,kko.quantitiesData
rc.version,rdfs:subPropertyOf,owl.DatatypeProperty
rc.version,rdfs:subPropertyOf,kko.quantitiesData
rc.vertical_depth,rdfs:subPropertyOf,owl.DatatypeProperty
rc.vertical_depth,rdfs:subPropertyOf,kko.situantsData
rc.vibration,rdfs:subPropertyOf,owl.DatatypeProperty
rc.vibration,rdfs:subPropertyOf,kko.qualitiesData
rc.video_format,rdfs:subPropertyOf,owl.DatatypeProperty
rc.video_format,rdfs:subPropertyOf,kko.classificationsData
rc.video_frame_size,rdfs:subPropertyOf,owl.DatatypeProperty
rc.video_frame_size,rdfs:subPropertyOf,kko.formsData
rc.video_quality,rdfs:subPropertyOf,owl.DatatypeProperty
rc.video_quality,rdfs:subPropertyOf,kko.qualitiesData
rc.visitors_per_year,rdfs:subPropertyOf,owl.DatatypeProperty
rc.visitors_per_year,rdfs:subPropertyOf,kko.quantitiesData
rc.volatile_random_access_memory_capacity,rdfs:subPropertyOf,owl.DatatypeProperty
rc.volatile_random_access_memory_capacity,rdfs:subPropertyOf,kko.quantitiesData
rc.voltage,rdfs:subPropertyOf,owl.DatatypeProperty
rc.voltage,rdfs:subPropertyOf,kko.qualitiesData
rc.volume_as_quantity,rdfs:subPropertyOf,owl.DatatypeProperty
rc.volume_as_quantity,rdfs:subPropertyOf,kko.qualitiesData
rc.votes_received,rdfs:subPropertyOf,owl.DatatypeProperty
rc.votes_received,rdfs:subPropertyOf,kko.quantitiesData
rc.water_as_percent_of_area,rdfs:subPropertyOf,owl.DatatypeProperty
rc.water_as_percent_of_area,rdfs:subPropertyOf,kko.classificationsData
rc.watershed_area,rdfs:subPropertyOf,owl.DatatypeProperty
rc.watershed_area,rdfs:subPropertyOf,kko.qualitiesData
rc.wavelength,rdfs:subPropertyOf,owl.DatatypeProperty
rc.wavelength,rdfs:subPropertyOf,kko.qualitiesData
rc.web_checkin_time,rdfs:subPropertyOf,owl.DatatypeProperty
rc.web_checkin_time,rdfs:subPropertyOf,kko.eventualsData
rc.weight,rdfs:subPropertyOf,owl.DatatypeProperty
rc.weight,rdfs:subPropertyOf,kko.quantitiesData
rc.wheelbase,rdfs:subPropertyOf,owl.DatatypeProperty
rc.wheelbase,rdfs:subPropertyOf,kko.quantitiesData
rc.width,rdfs:subPropertyOf,owl.DatatypeProperty
rc.width,rdfs:subPropertyOf,kko.qualitiesData
rc.wikidata_time_precision,rdfs:subPropertyOf,owl.DatatypeProperty
rc.wikidata_time_precision,rdfs:subPropertyOf,kko.classificationsData
rc.wing_area,rdfs:subPropertyOf,owl.DatatypeProperty
rc.wing_area,rdfs:subPropertyOf,kko.qualitiesData
rc.wingspan,rdfs:subPropertyOf,owl.DatatypeProperty
rc.wingspan,rdfs:subPropertyOf,kko.qualitiesData
rc.word_count,rdfs:subPropertyOf,owl.DatatypeProperty
rc.word_count,rdfs:subPropertyOf,kko.quantitiesData
rc.work_hours,rdfs:subPropertyOf,owl.DatatypeProperty
rc.work_hours,rdfs:subPropertyOf,kko.eventualsData
rc.work_period_end,rdfs:subPropertyOf,owl.DatatypeProperty
rc.work_period_end,rdfs:subPropertyOf,kko.eventualsData
rc.work_period_start,rdfs:subPropertyOf,owl.DatatypeProperty
rc.work_period_start,rdfs:subPropertyOf,kko.eventualsData
rc.worst_case_space_complexity,rdfs:subPropertyOf,owl.DatatypeProperty
rc.worst_case_space_complexity,rdfs:subPropertyOf,kko.ratingsData
rc.worst_case_time_complexity,rdfs:subPropertyOf,owl.DatatypeProperty
rc.worst_case_time_complexity,rdfs:subPropertyOf,kko.ratingsData
rc.worst_rating,rdfs:subPropertyOf,owl.DatatypeProperty
rc.worst_rating,rdfs:subPropertyOf,kko.quantitiesData
rc.year_of_taxon_name_publication,rdfs:subPropertyOf,owl.DatatypeProperty
rc.year_of_taxon_name_publication,rdfs:subPropertyOf,kko.eventualsData
rc.yearly_revenue,rdfs:subPropertyOf,owl.DatatypeProperty
rc.yearly_revenue,rdfs:subPropertyOf,kko.quantitiesData
rc.years_in_operation,rdfs:subPropertyOf,owl.DatatypeProperty
rc.years_in_operation,rdfs:subPropertyOf,kko.quantitiesData
rc.yield,rdfs:subPropertyOf,owl.DatatypeProperty
rc.yield,rdfs:subPropertyOf,kko.quantitiesData
kko.actions,rdfs:subPropertyOf,owl.ObjectProperty
kko.actions,rdfs:subPropertyOf,kko.copulative
kko.copulative,rdfs:subPropertyOf,owl.ObjectProperty
kko.copulative,rdfs:subPropertyOf,kko.externalRelations
kko.externalRelations,rdfs:subPropertyOf,owl.ObjectProperty
kko.externalRelations,rdfs:subPropertyOf,kko.predicateProperties
kko.adjunctual,rdfs:subPropertyOf,owl.ObjectProperty
kko.adjunctual,rdfs:subPropertyOf,kko.attributes
kko.attributes,rdfs:subPropertyOf,owl.ObjectProperty
kko.attributes,rdfs:subPropertyOf,kko.predicateProperties
kko.predicateProperties,rdfs:subPropertyOf,owl.ObjectProperty
kko.circumstances,rdfs:subPropertyOf,owl.ObjectProperty
kko.circumstances,rdfs:subPropertyOf,kko.mediative
kko.mediative,rdfs:subPropertyOf,owl.ObjectProperty
kko.mediative,rdfs:subPropertyOf,kko.externalRelations
kko.classifications,rdfs:subPropertyOf,owl.ObjectProperty
kko.classifications,rdfs:subPropertyOf,kko.contextual
kko.contextual,rdfs:subPropertyOf,owl.ObjectProperty
kko.contextual,rdfs:subPropertyOf,kko.attributes
kko.comparisons,rdfs:subPropertyOf,owl.ObjectProperty
kko.comparisons,rdfs:subPropertyOf,kko.mediative
kko.conjoins,rdfs:subPropertyOf,owl.ObjectProperty
kko.conjoins,rdfs:subPropertyOf,kko.copulative
kko.descendants,rdfs:subPropertyOf,owl.ObjectProperty
kko.descendants,rdfs:subPropertyOf,kko.direct
kko.direct,rdfs:subPropertyOf,owl.ObjectProperty
kko.direct,rdfs:subPropertyOf,kko.externalRelations
kko.elementals,rdfs:subPropertyOf,owl.ObjectProperty
kko.elementals,rdfs:subPropertyOf,kko.intrinsics
kko.intrinsics,rdfs:subPropertyOf,owl.ObjectProperty
kko.intrinsics,rdfs:subPropertyOf,kko.attributes
kko.equivalences,rdfs:subPropertyOf,owl.ObjectProperty
kko.equivalences,rdfs:subPropertyOf,kko.direct
kko.eventuals,rdfs:subPropertyOf,owl.ObjectProperty
kko.eventuals,rdfs:subPropertyOf,kko.adjunctual
kko.extrinsics,rdfs:subPropertyOf,owl.ObjectProperty
kko.extrinsics,rdfs:subPropertyOf,kko.adjunctual
kko.forms,rdfs:subPropertyOf,owl.ObjectProperty
kko.forms,rdfs:subPropertyOf,kko.intrinsics
kko.partsOf,rdfs:subPropertyOf,owl.ObjectProperty
kko.partsOf,rdfs:subPropertyOf,kko.direct
kko.performances,rdfs:subPropertyOf,owl.ObjectProperty
kko.performances,rdfs:subPropertyOf,kko.mediative
kko.qualities,rdfs:subPropertyOf,owl.ObjectProperty
kko.qualities,rdfs:subPropertyOf,kko.intrinsics
kko.quantities,rdfs:subPropertyOf,owl.ObjectProperty
kko.quantities,rdfs:subPropertyOf,kko.adjunctual
kko.ratings,rdfs:subPropertyOf,owl.ObjectProperty
kko.ratings,rdfs:subPropertyOf,kko.contextual
kko.situants,rdfs:subPropertyOf,owl.ObjectProperty
kko.situants,rdfs:subPropertyOf,kko.contextual
kko.typings,rdfs:subPropertyOf,owl.ObjectProperty
kko.typings,rdfs:subPropertyOf,kko.copulative
rc.academic_degree,rdfs:subPropertyOf,owl.ObjectProperty
rc.academic_degree,rdfs:subPropertyOf,kko.extrinsics
rc.academic_major,rdfs:subPropertyOf,owl.ObjectProperty
rc.academic_major,rdfs:subPropertyOf,kko.extrinsics
rc.academic_minor,rdfs:subPropertyOf,owl.ObjectProperty
rc.academic_minor,rdfs:subPropertyOf,kko.extrinsics
rc.accepted_offer,rdfs:subPropertyOf,owl.ObjectProperty
rc.accepted_offer,rdfs:subPropertyOf,kko.extrinsics
rc.accepted_payment_method,rdfs:subPropertyOf,owl.ObjectProperty
rc.accepted_payment_method,rdfs:subPropertyOf,kko.extrinsics
rc.accountable_person,rdfs:subPropertyOf,owl.ObjectProperty
rc.accountable_person,rdfs:subPropertyOf,kko.conjoins
rc.acquired_from,rdfs:subPropertyOf,owl.ObjectProperty
rc.acquired_from,rdfs:subPropertyOf,kko.conjoins
rc.action_application,rdfs:subPropertyOf,owl.ObjectProperty
rc.action_application,rdfs:subPropertyOf,kko.extrinsics
rc.action_status,rdfs:subPropertyOf,owl.ObjectProperty
rc.action_status,rdfs:subPropertyOf,kko.classifications
rc.activating_neurotransmitter,rdfs:subPropertyOf,owl.ObjectProperty
rc.activating_neurotransmitter,rdfs:subPropertyOf,kko.actions
rc.active_ingredient_in,rdfs:subPropertyOf,owl.ObjectProperty
rc.active_ingredient_in,rdfs:subPropertyOf,kko.elementals
rc.actor,rdfs:subPropertyOf,owl.ObjectProperty
rc.actor,rdfs:subPropertyOf,kko.typings
rc.actors,rdfs:subPropertyOf,owl.ObjectProperty
rc.actors,rdfs:subPropertyOf,kko.typings
rc.add_on,rdfs:subPropertyOf,owl.ObjectProperty
rc.add_on,rdfs:subPropertyOf,kko.extrinsics
rc.addressee,rdfs:subPropertyOf,owl.ObjectProperty
rc.addressee,rdfs:subPropertyOf,kko.typings
rc.adjacent_building,rdfs:subPropertyOf,owl.ObjectProperty
rc.adjacent_building,rdfs:subPropertyOf,kko.situants
rc.adjacent_station,rdfs:subPropertyOf,owl.ObjectProperty
rc.adjacent_station,rdfs:subPropertyOf,kko.situants
rc.admissible_rule_in,rdfs:subPropertyOf,owl.ObjectProperty
rc.admissible_rule_in,rdfs:subPropertyOf,kko.forms
rc.affiliation,rdfs:subPropertyOf,owl.ObjectProperty
rc.affiliation,rdfs:subPropertyOf,kko.conjoins
rc.afflicts,rdfs:subPropertyOf,owl.ObjectProperty
rc.afflicts,rdfs:subPropertyOf,kko.actions
rc.after_a_work_by,rdfs:subPropertyOf,owl.ObjectProperty
rc.after_a_work_by,rdfs:subPropertyOf,kko.conjoins
rc.agent,rdfs:subPropertyOf,owl.ObjectProperty
rc.agent,rdfs:subPropertyOf,kko.typings
rc.aggregate_rating,rdfs:subPropertyOf,owl.ObjectProperty
rc.aggregate_rating,rdfs:subPropertyOf,kko.ratings
rc.aircraft,rdfs:subPropertyOf,owl.ObjectProperty
rc.aircraft,rdfs:subPropertyOf,kko.typings
rc.airline_alliance,rdfs:subPropertyOf,owl.ObjectProperty
rc.airline_alliance,rdfs:subPropertyOf,kko.conjoins
rc.airline_hub,rdfs:subPropertyOf,owl.ObjectProperty
rc.airline_hub,rdfs:subPropertyOf,kko.typings
rc.album,rdfs:subPropertyOf,owl.ObjectProperty
rc.album,rdfs:subPropertyOf,kko.typings
rc.album_production_type,rdfs:subPropertyOf,owl.ObjectProperty
rc.album_production_type,rdfs:subPropertyOf,kko.typings
rc.album_release,rdfs:subPropertyOf,owl.ObjectProperty
rc.album_release,rdfs:subPropertyOf,kko.typings
rc.album_release_type,rdfs:subPropertyOf,owl.ObjectProperty
rc.album_release_type,rdfs:subPropertyOf,kko.typings
rc.albums,rdfs:subPropertyOf,owl.ObjectProperty
rc.albums,rdfs:subPropertyOf,kko.typings
rc.allegiance,rdfs:subPropertyOf,owl.ObjectProperty
rc.allegiance,rdfs:subPropertyOf,kko.extrinsics
rc.alumni,rdfs:subPropertyOf,owl.ObjectProperty
rc.alumni,rdfs:subPropertyOf,kko.typings
rc.alumni_of,rdfs:subPropertyOf,owl.ObjectProperty
rc.alumni_of,rdfs:subPropertyOf,kko.conjoins
rc.ambitus,rdfs:subPropertyOf,owl.ObjectProperty
rc.ambitus,rdfs:subPropertyOf,kko.qualities
rc.amended_by,rdfs:subPropertyOf,owl.ObjectProperty
rc.amended_by,rdfs:subPropertyOf,kko.conjoins
rc.amenity_feature,rdfs:subPropertyOf,owl.ObjectProperty
rc.amenity_feature,rdfs:subPropertyOf,kko.qualities
rc.ammunition,rdfs:subPropertyOf,owl.ObjectProperty
rc.ammunition,rdfs:subPropertyOf,kko.elementals
rc.anatomical_branch_of,rdfs:subPropertyOf,owl.ObjectProperty
rc.anatomical_branch_of,rdfs:subPropertyOf,kko.partsOf
rc.anatomical_location,rdfs:subPropertyOf,owl.ObjectProperty
rc.anatomical_location,rdfs:subPropertyOf,kko.typings
rc.ancestral_home,rdfs:subPropertyOf,owl.ObjectProperty
rc.ancestral_home,rdfs:subPropertyOf,kko.situants
rc.animal_breed,rdfs:subPropertyOf,owl.ObjectProperty
rc.animal_breed,rdfs:subPropertyOf,kko.descendants
rc.antagonist_muscle,rdfs:subPropertyOf,owl.ObjectProperty
rc.antagonist_muscle,rdfs:subPropertyOf,kko.extrinsics
rc.anthem,rdfs:subPropertyOf,owl.ObjectProperty
rc.anthem,rdfs:subPropertyOf,kko.conjoins
rc.antiparticle,rdfs:subPropertyOf,owl.ObjectProperty
rc.antiparticle,rdfs:subPropertyOf,kko.typings
rc.antisense_inhibitor_of,rdfs:subPropertyOf,owl.ObjectProperty
rc.antisense_inhibitor_of,rdfs:subPropertyOf,kko.actions
rc.appears_in_the_form_of,rdfs:subPropertyOf,owl.ObjectProperty
rc.appears_in_the_form_of,rdfs:subPropertyOf,kko.forms
rc.application,rdfs:subPropertyOf,owl.ObjectProperty
rc.application,rdfs:subPropertyOf,kko.typings
rc.applies_to_delivery_method,rdfs:subPropertyOf,owl.ObjectProperty
rc.applies_to_delivery_method,rdfs:subPropertyOf,kko.conjoins
rc.applies_to_jurisdiction,rdfs:subPropertyOf,owl.ObjectProperty
rc.applies_to_jurisdiction,rdfs:subPropertyOf,kko.conjoins
rc.applies_to_part,rdfs:subPropertyOf,owl.ObjectProperty
rc.applies_to_part,rdfs:subPropertyOf,kko.conjoins
rc.applies_to_payment_method,rdfs:subPropertyOf,owl.ObjectProperty
rc.applies_to_payment_method,rdfs:subPropertyOf,kko.extrinsics
rc.appointed_by,rdfs:subPropertyOf,owl.ObjectProperty
rc.appointed_by,rdfs:subPropertyOf,kko.conjoins
rc.approved_by,rdfs:subPropertyOf,owl.ObjectProperty
rc.approved_by,rdfs:subPropertyOf,kko.conjoins
rc.architect,rdfs:subPropertyOf,owl.ObjectProperty
rc.architect,rdfs:subPropertyOf,kko.conjoins
rc.architectural_style,rdfs:subPropertyOf,owl.ObjectProperty
rc.architectural_style,rdfs:subPropertyOf,kko.forms
rc.archives_at,rdfs:subPropertyOf,owl.ObjectProperty
rc.archives_at,rdfs:subPropertyOf,kko.conjoins
rc.area_schema,rdfs:subPropertyOf,owl.ObjectProperty
rc.area_schema,rdfs:subPropertyOf,kko.situants
rc.area_served,rdfs:subPropertyOf,owl.ObjectProperty
rc.area_served,rdfs:subPropertyOf,kko.situants
rc.armament,rdfs:subPropertyOf,owl.ObjectProperty
rc.armament,rdfs:subPropertyOf,kko.quantities
rc.arrival_airport,rdfs:subPropertyOf,owl.ObjectProperty
rc.arrival_airport,rdfs:subPropertyOf,kko.situants
rc.arrival_bus_stop,rdfs:subPropertyOf,owl.ObjectProperty
rc.arrival_bus_stop,rdfs:subPropertyOf,kko.situants
rc.arrival_station,rdfs:subPropertyOf,owl.ObjectProperty
rc.arrival_station,rdfs:subPropertyOf,kko.situants
rc.art_director,rdfs:subPropertyOf,owl.ObjectProperty
rc.art_director,rdfs:subPropertyOf,kko.extrinsics
rc.arterial_supply,rdfs:subPropertyOf,owl.ObjectProperty
rc.arterial_supply,rdfs:subPropertyOf,kko.typings
rc.aspect_ratio,rdfs:subPropertyOf,owl.ObjectProperty
rc.aspect_ratio,rdfs:subPropertyOf,kko.forms
rc.asteroid_family,rdfs:subPropertyOf,owl.ObjectProperty
rc.asteroid_family,rdfs:subPropertyOf,kko.typings
rc.asteroid_spectral_type,rdfs:subPropertyOf,owl.ObjectProperty
rc.asteroid_spectral_type,rdfs:subPropertyOf,kko.classifications
rc.astronaut_mission,rdfs:subPropertyOf,owl.ObjectProperty
rc.astronaut_mission,rdfs:subPropertyOf,kko.conjoins
rc.astronomical_filter,rdfs:subPropertyOf,owl.ObjectProperty
rc.astronomical_filter,rdfs:subPropertyOf,kko.conjoins
rc.athlete,rdfs:subPropertyOf,owl.ObjectProperty
rc.athlete,rdfs:subPropertyOf,kko.typings
rc.attendee,rdfs:subPropertyOf,owl.ObjectProperty
rc.attendee,rdfs:subPropertyOf,kko.typings
rc.attendees,rdfs:subPropertyOf,owl.ObjectProperty
rc.attendees,rdfs:subPropertyOf,kko.typings
rc.attributed_to,rdfs:subPropertyOf,owl.ObjectProperty
rc.attributed_to,rdfs:subPropertyOf,kko.conjoins
rc.audience,rdfs:subPropertyOf,owl.ObjectProperty
rc.audience,rdfs:subPropertyOf,kko.typings
rc.australian_classification,rdfs:subPropertyOf,owl.ObjectProperty
rc.australian_classification,rdfs:subPropertyOf,kko.classifications
rc.author,rdfs:subPropertyOf,owl.ObjectProperty
rc.author,rdfs:subPropertyOf,kko.elementals
rc.author,rdfs:subPropertyOf,kko.typings
rc.author_of_afterword,rdfs:subPropertyOf,owl.ObjectProperty
rc.author_of_afterword,rdfs:subPropertyOf,kko.conjoins
rc.author_of_foreword,rdfs:subPropertyOf,owl.ObjectProperty
rc.author_of_foreword,rdfs:subPropertyOf,kko.extrinsics
rc.authority,rdfs:subPropertyOf,owl.ObjectProperty
rc.authority,rdfs:subPropertyOf,kko.typings
rc.autologous_cell_line,rdfs:subPropertyOf,owl.ObjectProperty
rc.autologous_cell_line,rdfs:subPropertyOf,kko.descendants
rc.availability,rdfs:subPropertyOf,owl.ObjectProperty
rc.availability,rdfs:subPropertyOf,kko.extrinsics
rc.available_at_or_from,rdfs:subPropertyOf,owl.ObjectProperty
rc.available_at_or_from,rdfs:subPropertyOf,kko.situants
rc.available_channel,rdfs:subPropertyOf,owl.ObjectProperty
rc.available_channel,rdfs:subPropertyOf,kko.extrinsics
rc.available_delivery_method,rdfs:subPropertyOf,owl.ObjectProperty
rc.available_delivery_method,rdfs:subPropertyOf,kko.extrinsics
rc.avionics,rdfs:subPropertyOf,owl.ObjectProperty
rc.avionics,rdfs:subPropertyOf,kko.partsOf
rc.award_received,rdfs:subPropertyOf,owl.ObjectProperty
rc.award_received,rdfs:subPropertyOf,kko.conjoins
rc.away_team,rdfs:subPropertyOf,owl.ObjectProperty
rc.away_team,rdfs:subPropertyOf,kko.typings
rc.b_side_deprecated,rdfs:subPropertyOf,owl.ObjectProperty
rc.b_side_deprecated,rdfs:subPropertyOf,kko.quantities
rc.backup_or_reserve_team_or_crew,rdfs:subPropertyOf,owl.ObjectProperty
rc.backup_or_reserve_team_or_crew,rdfs:subPropertyOf,kko.conjoins
rc.base,rdfs:subPropertyOf,owl.ObjectProperty
rc.base,rdfs:subPropertyOf,kko.elementals
rc.based_on,rdfs:subPropertyOf,owl.ObjectProperty
rc.based_on,rdfs:subPropertyOf,kko.conjoins
rc.basic_form_of_government,rdfs:subPropertyOf,owl.ObjectProperty
rc.basic_form_of_government,rdfs:subPropertyOf,kko.qualities
rc.basin_country,rdfs:subPropertyOf,owl.ObjectProperty
rc.basin_country,rdfs:subPropertyOf,kko.extrinsics
rc.bbfc_rating,rdfs:subPropertyOf,owl.ObjectProperty
rc.bbfc_rating,rdfs:subPropertyOf,kko.ratings
rc.bcc_recipient,rdfs:subPropertyOf,owl.ObjectProperty
rc.bcc_recipient,rdfs:subPropertyOf,kko.extrinsics
rc.bed,rdfs:subPropertyOf,owl.ObjectProperty
rc.bed,rdfs:subPropertyOf,kko.extrinsics
rc.best_combative_classification,rdfs:subPropertyOf,owl.ObjectProperty
rc.best_combative_classification,rdfs:subPropertyOf,kko.classifications
rc.best_sprinter_classification,rdfs:subPropertyOf,owl.ObjectProperty
rc.best_sprinter_classification,rdfs:subPropertyOf,kko.classifications
rc.binding_of_software_library,rdfs:subPropertyOf,owl.ObjectProperty
rc.binding_of_software_library,rdfs:subPropertyOf,kko.conjoins
rc.biological_phase,rdfs:subPropertyOf,owl.ObjectProperty
rc.biological_phase,rdfs:subPropertyOf,kko.eventuals
rc.biological_process,rdfs:subPropertyOf,owl.ObjectProperty
rc.biological_process,rdfs:subPropertyOf,kko.conjoins
rc.biological_variant_of,rdfs:subPropertyOf,owl.ObjectProperty
rc.biological_variant_of,rdfs:subPropertyOf,kko.descendants
rc.birth_place,rdfs:subPropertyOf,owl.ObjectProperty
rc.birth_place,rdfs:subPropertyOf,kko.situants
rc.birthday,rdfs:subPropertyOf,owl.ObjectProperty
rc.birthday,rdfs:subPropertyOf,kko.eventuals
rc.blog_post,rdfs:subPropertyOf,owl.ObjectProperty
rc.blog_post,rdfs:subPropertyOf,kko.partsOf
rc.blog_posts,rdfs:subPropertyOf,owl.ObjectProperty
rc.blog_posts,rdfs:subPropertyOf,kko.partsOf
rc.blood_type,rdfs:subPropertyOf,owl.ObjectProperty
rc.blood_type,rdfs:subPropertyOf,kko.qualities
rc.board_member,rdfs:subPropertyOf,owl.ObjectProperty
rc.board_member,rdfs:subPropertyOf,kko.conjoins
rc.boarding_policy,rdfs:subPropertyOf,owl.ObjectProperty
rc.boarding_policy,rdfs:subPropertyOf,kko.typings
rc.bodies_of_water_basin_category,rdfs:subPropertyOf,owl.ObjectProperty
rc.bodies_of_water_basin_category,rdfs:subPropertyOf,kko.conjoins
rc.book_format,rdfs:subPropertyOf,owl.ObjectProperty
rc.book_format,rdfs:subPropertyOf,kko.typings
rc.booking_agent,rdfs:subPropertyOf,owl.ObjectProperty
rc.booking_agent,rdfs:subPropertyOf,kko.conjoins
rc.borrower,rdfs:subPropertyOf,owl.ObjectProperty
rc.borrower,rdfs:subPropertyOf,kko.typings
rc.bowling_style,rdfs:subPropertyOf,owl.ObjectProperty
rc.bowling_style,rdfs:subPropertyOf,kko.forms
rc.branch_of,rdfs:subPropertyOf,owl.ObjectProperty
rc.branch_of,rdfs:subPropertyOf,kko.conjoins
rc.brand,rdfs:subPropertyOf,owl.ObjectProperty
rc.brand,rdfs:subPropertyOf,kko.extrinsics
rc.broadcast_affiliate_of,rdfs:subPropertyOf,owl.ObjectProperty
rc.broadcast_affiliate_of,rdfs:subPropertyOf,kko.conjoins
rc.broadcast_by,rdfs:subPropertyOf,owl.ObjectProperty
rc.broadcast_by,rdfs:subPropertyOf,kko.actions
rc.broadcast_of_event,rdfs:subPropertyOf,owl.ObjectProperty
rc.broadcast_of_event,rdfs:subPropertyOf,kko.eventuals
rc.broadcaster,rdfs:subPropertyOf,owl.ObjectProperty
rc.broadcaster,rdfs:subPropertyOf,kko.typings
rc.broker,rdfs:subPropertyOf,owl.ObjectProperty
rc.broker,rdfs:subPropertyOf,kko.typings
rc.business_division,rdfs:subPropertyOf,owl.ObjectProperty
rc.business_division,rdfs:subPropertyOf,kko.typings
rc.business_function,rdfs:subPropertyOf,owl.ObjectProperty
rc.business_function,rdfs:subPropertyOf,kko.typings
rc.buyer,rdfs:subPropertyOf,owl.ObjectProperty
rc.buyer,rdfs:subPropertyOf,kko.typings
rc.by_artist,rdfs:subPropertyOf,owl.ObjectProperty
rc.by_artist,rdfs:subPropertyOf,kko.conjoins
rc.by_product,rdfs:subPropertyOf,owl.ObjectProperty
rc.by_product,rdfs:subPropertyOf,kko.typings
rc.by_product_of,rdfs:subPropertyOf,owl.ObjectProperty
rc.by_product_of,rdfs:subPropertyOf,kko.extrinsics
rc.calculated_from,rdfs:subPropertyOf,owl.ObjectProperty
rc.calculated_from,rdfs:subPropertyOf,kko.ratings
rc.calories,rdfs:subPropertyOf,owl.ObjectProperty
rc.calories,rdfs:subPropertyOf,kko.quantities
rc.camera_setup,rdfs:subPropertyOf,owl.ObjectProperty
rc.camera_setup,rdfs:subPropertyOf,kko.forms
rc.candidacy_in_election,rdfs:subPropertyOf,owl.ObjectProperty
rc.candidacy_in_election,rdfs:subPropertyOf,kko.conjoins
rc.candidate,rdfs:subPropertyOf,owl.ObjectProperty
rc.candidate,rdfs:subPropertyOf,kko.elementals
rc.candidate,rdfs:subPropertyOf,kko.typings
rc.canonization_status,rdfs:subPropertyOf,owl.ObjectProperty
rc.canonization_status,rdfs:subPropertyOf,kko.classifications
rc.capital,rdfs:subPropertyOf,owl.ObjectProperty
rc.capital,rdfs:subPropertyOf,kko.extrinsics
rc.capital_of,rdfs:subPropertyOf,owl.ObjectProperty
rc.capital_of,rdfs:subPropertyOf,kko.conjoins
rc.captain,rdfs:subPropertyOf,owl.ObjectProperty
rc.captain,rdfs:subPropertyOf,kko.elementals
rc.cardinality_of_this_set,rdfs:subPropertyOf,owl.ObjectProperty
rc.cardinality_of_this_set,rdfs:subPropertyOf,kko.classifications
rc.carnegie_classification_of_institutions_of_higher_education,rdfs:subPropertyOf,owl.ObjectProperty
rc.carnegie_classification_of_institutions_of_higher_education,rdfs:subPropertyOf,kko.classifications
rc.carrier,rdfs:subPropertyOf,owl.ObjectProperty
rc.carrier,rdfs:subPropertyOf,kko.typings
rc.carries,rdfs:subPropertyOf,owl.ObjectProperty
rc.carries,rdfs:subPropertyOf,kko.actions
rc.carries_scientific_instrument,rdfs:subPropertyOf,owl.ObjectProperty
rc.carries_scientific_instrument,rdfs:subPropertyOf,kko.conjoins
rc.cast_member,rdfs:subPropertyOf,owl.ObjectProperty
rc.cast_member,rdfs:subPropertyOf,kko.extrinsics
rc.catalog_schema,rdfs:subPropertyOf,owl.ObjectProperty
rc.catalog_schema,rdfs:subPropertyOf,kko.partsOf
rc.category_combines_topics,rdfs:subPropertyOf,owl.ObjectProperty
rc.category_combines_topics,rdfs:subPropertyOf,kko.conjoins
rc.category_contains,rdfs:subPropertyOf,owl.ObjectProperty
rc.category_contains,rdfs:subPropertyOf,kko.classifications
rc.category_for_alumni_of_educational_institution,rdfs:subPropertyOf,owl.ObjectProperty
rc.category_for_alumni_of_educational_institution,rdfs:subPropertyOf,kko.classifications
rc.category_for_employees_of_the_organization,rdfs:subPropertyOf,owl.ObjectProperty
rc.category_for_employees_of_the_organization,rdfs:subPropertyOf,kko.classifications
rc.category_for_films_shot_at_this_location,rdfs:subPropertyOf,owl.ObjectProperty
rc.category_for_films_shot_at_this_location,rdfs:subPropertyOf,kko.conjoins
rc.category_for_people_born_here,rdfs:subPropertyOf,owl.ObjectProperty
rc.category_for_people_born_here,rdfs:subPropertyOf,kko.conjoins
rc.category_for_people_who_died_here,rdfs:subPropertyOf,owl.ObjectProperty
rc.category_for_people_who_died_here,rdfs:subPropertyOf,kko.conjoins
rc.category_for_pictures_taken_with_camera,rdfs:subPropertyOf,owl.ObjectProperty
rc.category_for_pictures_taken_with_camera,rdfs:subPropertyOf,kko.conjoins
rc.category_of_associated_people,rdfs:subPropertyOf,owl.ObjectProperty
rc.category_of_associated_people,rdfs:subPropertyOf,kko.conjoins
rc.category_of_people_buried_here,rdfs:subPropertyOf,owl.ObjectProperty
rc.category_of_people_buried_here,rdfs:subPropertyOf,kko.conjoins
rc.category_related_to_list,rdfs:subPropertyOf,owl.ObjectProperty
rc.category_related_to_list,rdfs:subPropertyOf,kko.conjoins
rc.category_s_main_topic,rdfs:subPropertyOf,owl.ObjectProperty
rc.category_s_main_topic,rdfs:subPropertyOf,kko.elementals
rc.cathedral,rdfs:subPropertyOf,owl.ObjectProperty
rc.cathedral,rdfs:subPropertyOf,kko.typings
rc.catholic_rite,rdfs:subPropertyOf,owl.ObjectProperty
rc.catholic_rite,rdfs:subPropertyOf,kko.conjoins
rc.cause_of_death,rdfs:subPropertyOf,owl.ObjectProperty
rc.cause_of_death,rdfs:subPropertyOf,kko.conjoins
rc.cause_of_destruction,rdfs:subPropertyOf,owl.ObjectProperty
rc.cause_of_destruction,rdfs:subPropertyOf,kko.conjoins
rc.cc_recipient,rdfs:subPropertyOf,owl.ObjectProperty
rc.cc_recipient,rdfs:subPropertyOf,kko.extrinsics
rc.cell_component,rdfs:subPropertyOf,owl.ObjectProperty
rc.cell_component,rdfs:subPropertyOf,kko.conjoins
rc.central_bank,rdfs:subPropertyOf,owl.ObjectProperty
rc.central_bank,rdfs:subPropertyOf,kko.conjoins
rc.central_bank_issuer,rdfs:subPropertyOf,owl.ObjectProperty
rc.central_bank_issuer,rdfs:subPropertyOf,kko.conjoins
rc.cero_rating,rdfs:subPropertyOf,owl.ObjectProperty
rc.cero_rating,rdfs:subPropertyOf,kko.ratings
rc.chairperson,rdfs:subPropertyOf,owl.ObjectProperty
rc.chairperson,rdfs:subPropertyOf,kko.extrinsics
rc.character,rdfs:subPropertyOf,owl.ObjectProperty
rc.character,rdfs:subPropertyOf,kko.typings
rc.character_attribute,rdfs:subPropertyOf,owl.ObjectProperty
rc.character_attribute,rdfs:subPropertyOf,kko.qualities
rc.character_role,rdfs:subPropertyOf,owl.ObjectProperty
rc.character_role,rdfs:subPropertyOf,kko.conjoins
rc.characters,rdfs:subPropertyOf,owl.ObjectProperty
rc.characters,rdfs:subPropertyOf,kko.elementals
rc.charge,rdfs:subPropertyOf,owl.ObjectProperty
rc.charge,rdfs:subPropertyOf,kko.elementals
rc.charted_in,rdfs:subPropertyOf,owl.ObjectProperty
rc.charted_in,rdfs:subPropertyOf,kko.conjoins
rc.chief_executive_officer,rdfs:subPropertyOf,owl.ObjectProperty
rc.chief_executive_officer,rdfs:subPropertyOf,kko.extrinsics
rc.chief_operating_officer,rdfs:subPropertyOf,owl.ObjectProperty
rc.chief_operating_officer,rdfs:subPropertyOf,kko.conjoins
rc.child,rdfs:subPropertyOf,owl.ObjectProperty
rc.child,rdfs:subPropertyOf,kko.descendants
rc.child_astronomical_body,rdfs:subPropertyOf,owl.ObjectProperty
rc.child_astronomical_body,rdfs:subPropertyOf,kko.typings
rc.children,rdfs:subPropertyOf,owl.ObjectProperty
rc.children,rdfs:subPropertyOf,kko.typings
rc.chivalric_order,rdfs:subPropertyOf,owl.ObjectProperty
rc.chivalric_order,rdfs:subPropertyOf,kko.conjoins
rc.choreographer,rdfs:subPropertyOf,owl.ObjectProperty
rc.choreographer,rdfs:subPropertyOf,kko.extrinsics
rc.chromosome,rdfs:subPropertyOf,owl.ObjectProperty
rc.chromosome,rdfs:subPropertyOf,kko.typings
rc.class_ind_rating,rdfs:subPropertyOf,owl.ObjectProperty
rc.class_ind_rating,rdfs:subPropertyOf,kko.ratings
rc.classification_of_race,rdfs:subPropertyOf,owl.ObjectProperty
rc.classification_of_race,rdfs:subPropertyOf,kko.classifications
rc.cleavage,rdfs:subPropertyOf,owl.ObjectProperty
rc.cleavage,rdfs:subPropertyOf,kko.qualities
rc.closed_on,rdfs:subPropertyOf,owl.ObjectProperty
rc.closed_on,rdfs:subPropertyOf,kko.eventuals
rc.cnc_film_rating_france,rdfs:subPropertyOf,owl.ObjectProperty
rc.cnc_film_rating_france,rdfs:subPropertyOf,kko.ratings
rc.cnc_film_rating_romania,rdfs:subPropertyOf,owl.ObjectProperty
rc.cnc_film_rating_romania,rdfs:subPropertyOf,kko.ratings
rc.co_driver,rdfs:subPropertyOf,owl.ObjectProperty
rc.co_driver,rdfs:subPropertyOf,kko.conjoins
rc.coach,rdfs:subPropertyOf,owl.ObjectProperty
rc.coach,rdfs:subPropertyOf,kko.typings
rc.coat_of_arms,rdfs:subPropertyOf,owl.ObjectProperty
rc.coat_of_arms,rdfs:subPropertyOf,kko.typings
rc.code_of_nomenclature,rdfs:subPropertyOf,owl.ObjectProperty
rc.code_of_nomenclature,rdfs:subPropertyOf,kko.typings
rc.codomain,rdfs:subPropertyOf,owl.ObjectProperty
rc.codomain,rdfs:subPropertyOf,kko.descendants
rc.coextensive_with,rdfs:subPropertyOf,owl.ObjectProperty
rc.coextensive_with,rdfs:subPropertyOf,kko.conjoins
rc.colleagues,rdfs:subPropertyOf,owl.ObjectProperty
rc.colleagues,rdfs:subPropertyOf,kko.typings
rc.collection_schema,rdfs:subPropertyOf,owl.ObjectProperty
rc.collection_schema,rdfs:subPropertyOf,kko.conjoins
rc.color,rdfs:subPropertyOf,owl.ObjectProperty
rc.color,rdfs:subPropertyOf,kko.qualities
rc.combination_classification,rdfs:subPropertyOf,owl.ObjectProperty
rc.combination_classification,rdfs:subPropertyOf,kko.classifications
rc.commanded_by,rdfs:subPropertyOf,owl.ObjectProperty
rc.commanded_by,rdfs:subPropertyOf,kko.conjoins
rc.commander_of,rdfs:subPropertyOf,owl.ObjectProperty
rc.commander_of,rdfs:subPropertyOf,kko.conjoins
rc.commemorates,rdfs:subPropertyOf,owl.ObjectProperty
rc.commemorates,rdfs:subPropertyOf,kko.actions
rc.commissioned_by,rdfs:subPropertyOf,owl.ObjectProperty
rc.commissioned_by,rdfs:subPropertyOf,kko.conjoins
rc.companion_of,rdfs:subPropertyOf,owl.ObjectProperty
rc.companion_of,rdfs:subPropertyOf,kko.conjoins
rc.competition_class,rdfs:subPropertyOf,owl.ObjectProperty
rc.competition_class,rdfs:subPropertyOf,kko.elementals
rc.competitor,rdfs:subPropertyOf,owl.ObjectProperty
rc.competitor,rdfs:subPropertyOf,kko.typings
rc.composer,rdfs:subPropertyOf,owl.ObjectProperty
rc.composer,rdfs:subPropertyOf,kko.conjoins
rc.composer,rdfs:subPropertyOf,kko.typings
rc.compressor_type,rdfs:subPropertyOf,owl.ObjectProperty
rc.compressor_type,rdfs:subPropertyOf,kko.partsOf
rc.conferred_by,rdfs:subPropertyOf,owl.ObjectProperty
rc.conferred_by,rdfs:subPropertyOf,kko.conjoins
rc.conflict,rdfs:subPropertyOf,owl.ObjectProperty
rc.conflict,rdfs:subPropertyOf,kko.situants
rc.conjugate_acid,rdfs:subPropertyOf,owl.ObjectProperty
rc.conjugate_acid,rdfs:subPropertyOf,kko.elementals
rc.conjugate_base,rdfs:subPropertyOf,owl.ObjectProperty
rc.conjugate_base,rdfs:subPropertyOf,kko.elementals
rc.connecting_line,rdfs:subPropertyOf,owl.ObjectProperty
rc.connecting_line,rdfs:subPropertyOf,kko.conjoins
rc.connecting_service,rdfs:subPropertyOf,owl.ObjectProperty
rc.connecting_service,rdfs:subPropertyOf,kko.conjoins
rc.connector,rdfs:subPropertyOf,owl.ObjectProperty
rc.connector,rdfs:subPropertyOf,kko.extrinsics
rc.connects_with,rdfs:subPropertyOf,owl.ObjectProperty
rc.connects_with,rdfs:subPropertyOf,kko.conjoins
rc.consecrator,rdfs:subPropertyOf,owl.ObjectProperty
rc.consecrator,rdfs:subPropertyOf,kko.typings
rc.constellation,rdfs:subPropertyOf,owl.ObjectProperty
rc.constellation,rdfs:subPropertyOf,kko.typings
rc.contained_in,rdfs:subPropertyOf,owl.ObjectProperty
rc.contained_in,rdfs:subPropertyOf,kko.situants
rc.contained_in_place,rdfs:subPropertyOf,owl.ObjectProperty
rc.contained_in_place,rdfs:subPropertyOf,kko.situants
rc.contains,rdfs:subPropertyOf,owl.ObjectProperty
rc.contains,rdfs:subPropertyOf,kko.elementals
rc.contains_administrative_territorial_entity,rdfs:subPropertyOf,owl.ObjectProperty
rc.contains_administrative_territorial_entity,rdfs:subPropertyOf,kko.partsOf
rc.contains_place,rdfs:subPropertyOf,owl.ObjectProperty
rc.contains_place,rdfs:subPropertyOf,kko.situants
rc.contains_season,rdfs:subPropertyOf,owl.ObjectProperty
rc.contains_season,rdfs:subPropertyOf,kko.eventuals
rc.contains_settlement,rdfs:subPropertyOf,owl.ObjectProperty
rc.contains_settlement,rdfs:subPropertyOf,kko.conjoins
rc.content_deliverer,rdfs:subPropertyOf,owl.ObjectProperty
rc.content_deliverer,rdfs:subPropertyOf,kko.conjoins
rc.content_location,rdfs:subPropertyOf,owl.ObjectProperty
rc.content_location,rdfs:subPropertyOf,kko.situants
rc.continent,rdfs:subPropertyOf,owl.ObjectProperty
rc.continent,rdfs:subPropertyOf,kko.typings
rc.contributed_to_creative_work,rdfs:subPropertyOf,owl.ObjectProperty
rc.contributed_to_creative_work,rdfs:subPropertyOf,kko.conjoins
rc.contributing_factor_of,rdfs:subPropertyOf,owl.ObjectProperty
rc.contributing_factor_of,rdfs:subPropertyOf,kko.circumstances
rc.contributor,rdfs:subPropertyOf,owl.ObjectProperty
rc.contributor,rdfs:subPropertyOf,kko.typings
rc.contributor_s_to_the_creative_work_or_subject,rdfs:subPropertyOf,owl.ObjectProperty
rc.contributor_s_to_the_creative_work_or_subject,rdfs:subPropertyOf,kko.extrinsics
rc.convicted_of,rdfs:subPropertyOf,owl.ObjectProperty
rc.convicted_of,rdfs:subPropertyOf,kko.conjoins
rc.coolant,rdfs:subPropertyOf,owl.ObjectProperty
rc.coolant,rdfs:subPropertyOf,kko.conjoins
rc.copyrightHolder,rdfs:subPropertyOf,owl.ObjectProperty
rc.copyrightHolder,rdfs:subPropertyOf,kko.typings
rc.copyright_holder,rdfs:subPropertyOf,owl.ObjectProperty
rc.copyright_holder,rdfs:subPropertyOf,kko.conjoins
rc.copyright_holder,rdfs:subPropertyOf,kko.typings
rc.corporate_officer,rdfs:subPropertyOf,owl.ObjectProperty
rc.corporate_officer,rdfs:subPropertyOf,kko.conjoins
rc.costume_designer,rdfs:subPropertyOf,owl.ObjectProperty
rc.costume_designer,rdfs:subPropertyOf,kko.extrinsics
rc.country,rdfs:subPropertyOf,owl.ObjectProperty
rc.country,rdfs:subPropertyOf,kko.extrinsics
rc.countryOfOrigin,rdfs:subPropertyOf,owl.ObjectProperty
rc.countryOfOrigin,rdfs:subPropertyOf,kko.extrinsics
rc.country_for_sport,rdfs:subPropertyOf,owl.ObjectProperty
rc.country_for_sport,rdfs:subPropertyOf,kko.conjoins
rc.country_of_citizenship,rdfs:subPropertyOf,owl.ObjectProperty
rc.country_of_citizenship,rdfs:subPropertyOf,kko.extrinsics
rc.country_of_origin,rdfs:subPropertyOf,owl.ObjectProperty
rc.country_of_origin,rdfs:subPropertyOf,kko.extrinsics
rc.country_of_origin,rdfs:subPropertyOf,kko.situants
rc.course,rdfs:subPropertyOf,owl.ObjectProperty
rc.course,rdfs:subPropertyOf,kko.situants
rc.court,rdfs:subPropertyOf,owl.ObjectProperty
rc.court,rdfs:subPropertyOf,kko.conjoins
rc.cover_art_by,rdfs:subPropertyOf,owl.ObjectProperty
rc.cover_art_by,rdfs:subPropertyOf,kko.conjoins
rc.cpu,rdfs:subPropertyOf,owl.ObjectProperty
rc.cpu,rdfs:subPropertyOf,kko.qualities
rc.creator,rdfs:subPropertyOf,owl.ObjectProperty
rc.creator,rdfs:subPropertyOf,kko.conjoins
rc.creator,rdfs:subPropertyOf,kko.typings
rc.credited_to,rdfs:subPropertyOf,owl.ObjectProperty
rc.credited_to,rdfs:subPropertyOf,kko.conjoins
rc.crew_member,rdfs:subPropertyOf,owl.ObjectProperty
rc.crew_member,rdfs:subPropertyOf,kko.conjoins
rc.criterion_used,rdfs:subPropertyOf,owl.ObjectProperty
rc.criterion_used,rdfs:subPropertyOf,kko.performances
rc.crosses,rdfs:subPropertyOf,owl.ObjectProperty
rc.crosses,rdfs:subPropertyOf,kko.actions
rc.crystal_system,rdfs:subPropertyOf,owl.ObjectProperty
rc.crystal_system,rdfs:subPropertyOf,kko.conjoins
rc.cuisine,rdfs:subPropertyOf,owl.ObjectProperty
rc.cuisine,rdfs:subPropertyOf,kko.typings
rc.culture,rdfs:subPropertyOf,owl.ObjectProperty
rc.culture,rdfs:subPropertyOf,kko.situants
rc.curator,rdfs:subPropertyOf,owl.ObjectProperty
rc.curator,rdfs:subPropertyOf,kko.elementals
rc.currency,rdfs:subPropertyOf,owl.ObjectProperty
rc.currency,rdfs:subPropertyOf,kko.quantities
rc.customer,rdfs:subPropertyOf,owl.ObjectProperty
rc.customer,rdfs:subPropertyOf,kko.typings
rc.dam,rdfs:subPropertyOf,owl.ObjectProperty
rc.dam,rdfs:subPropertyOf,kko.conjoins
rc.damaged,rdfs:subPropertyOf,owl.ObjectProperty
rc.damaged,rdfs:subPropertyOf,kko.actions
rc.dan_kyu_rank,rdfs:subPropertyOf,owl.ObjectProperty
rc.dan_kyu_rank,rdfs:subPropertyOf,kko.ratings
rc.data_feed_element,rdfs:subPropertyOf,owl.ObjectProperty
rc.data_feed_element,rdfs:subPropertyOf,kko.partsOf
rc.dataset,rdfs:subPropertyOf,owl.ObjectProperty
rc.dataset,rdfs:subPropertyOf,kko.typings
rc.dayOfWeek,rdfs:subPropertyOf,owl.ObjectProperty
rc.dayOfWeek,rdfs:subPropertyOf,kko.eventuals
rc.day_in_year_for_periodic_occurrence,rdfs:subPropertyOf,owl.ObjectProperty
rc.day_in_year_for_periodic_occurrence,rdfs:subPropertyOf,kko.eventuals
rc.day_of_week,rdfs:subPropertyOf,owl.ObjectProperty
rc.day_of_week,rdfs:subPropertyOf,kko.eventuals
rc.death_place,rdfs:subPropertyOf,owl.ObjectProperty
rc.death_place,rdfs:subPropertyOf,kko.situants
rc.debut_participant,rdfs:subPropertyOf,owl.ObjectProperty
rc.debut_participant,rdfs:subPropertyOf,kko.typings
rc.decays_to,rdfs:subPropertyOf,owl.ObjectProperty
rc.decays_to,rdfs:subPropertyOf,kko.actions
rc.dedicated_to,rdfs:subPropertyOf,owl.ObjectProperty
rc.dedicated_to,rdfs:subPropertyOf,kko.conjoins
rc.defendant,rdfs:subPropertyOf,owl.ObjectProperty
rc.defendant,rdfs:subPropertyOf,kko.elementals
rc.defender,rdfs:subPropertyOf,owl.ObjectProperty
rc.defender,rdfs:subPropertyOf,kko.typings
rc.delivery_method,rdfs:subPropertyOf,owl.ObjectProperty
rc.delivery_method,rdfs:subPropertyOf,kko.extrinsics
rc.delivery_status,rdfs:subPropertyOf,owl.ObjectProperty
rc.delivery_status,rdfs:subPropertyOf,kko.extrinsics
rc.department,rdfs:subPropertyOf,owl.ObjectProperty
rc.department,rdfs:subPropertyOf,kko.conjoins
rc.departure_airport,rdfs:subPropertyOf,owl.ObjectProperty
rc.departure_airport,rdfs:subPropertyOf,kko.situants
rc.departure_bus_stop,rdfs:subPropertyOf,owl.ObjectProperty
rc.departure_bus_stop,rdfs:subPropertyOf,kko.situants
rc.departure_station,rdfs:subPropertyOf,owl.ObjectProperty
rc.departure_station,rdfs:subPropertyOf,kko.situants
rc.depends_on_software,rdfs:subPropertyOf,owl.ObjectProperty
rc.depends_on_software,rdfs:subPropertyOf,kko.conjoins
rc.depicted_by,rdfs:subPropertyOf,owl.ObjectProperty
rc.depicted_by,rdfs:subPropertyOf,kko.conjoins
rc.depicts,rdfs:subPropertyOf,owl.ObjectProperty
rc.depicts,rdfs:subPropertyOf,kko.actions
rc.depositor,rdfs:subPropertyOf,owl.ObjectProperty
rc.depositor,rdfs:subPropertyOf,kko.conjoins
rc.deprecated_in_version,rdfs:subPropertyOf,owl.ObjectProperty
rc.deprecated_in_version,rdfs:subPropertyOf,kko.forms
rc.derivative_work,rdfs:subPropertyOf,owl.ObjectProperty
rc.derivative_work,rdfs:subPropertyOf,kko.descendants
rc.describes_a_project_that_uses,rdfs:subPropertyOf,owl.ObjectProperty
rc.describes_a_project_that_uses,rdfs:subPropertyOf,kko.extrinsics
rc.designated_as_terrorist_by,rdfs:subPropertyOf,owl.ObjectProperty
rc.designated_as_terrorist_by,rdfs:subPropertyOf,kko.classifications
rc.designed_by,rdfs:subPropertyOf,owl.ObjectProperty
rc.designed_by,rdfs:subPropertyOf,kko.conjoins
rc.designed_to_carry,rdfs:subPropertyOf,owl.ObjectProperty
rc.designed_to_carry,rdfs:subPropertyOf,kko.conjoins
rc.destination_point,rdfs:subPropertyOf,owl.ObjectProperty
rc.destination_point,rdfs:subPropertyOf,kko.situants
rc.destroyed,rdfs:subPropertyOf,owl.ObjectProperty
rc.destroyed,rdfs:subPropertyOf,kko.actions
rc.determination_method,rdfs:subPropertyOf,owl.ObjectProperty
rc.determination_method,rdfs:subPropertyOf,kko.circumstances
rc.developer,rdfs:subPropertyOf,owl.ObjectProperty
rc.developer,rdfs:subPropertyOf,kko.conjoins
rc.development_of_anatomical_structure,rdfs:subPropertyOf,owl.ObjectProperty
rc.development_of_anatomical_structure,rdfs:subPropertyOf,kko.eventuals
rc.develops_from,rdfs:subPropertyOf,owl.ObjectProperty
rc.develops_from,rdfs:subPropertyOf,kko.qualities
rc.dialect_of,rdfs:subPropertyOf,owl.ObjectProperty
rc.dialect_of,rdfs:subPropertyOf,kko.forms
rc.diaspora,rdfs:subPropertyOf,owl.ObjectProperty
rc.diaspora,rdfs:subPropertyOf,kko.extrinsics
rc.different_from,rdfs:subPropertyOf,owl.ObjectProperty
rc.different_from,rdfs:subPropertyOf,kko.conjoins
rc.digital_rights_management_system,rdfs:subPropertyOf,owl.ObjectProperty
rc.digital_rights_management_system,rdfs:subPropertyOf,kko.elementals
rc.diocese,rdfs:subPropertyOf,owl.ObjectProperty
rc.diocese,rdfs:subPropertyOf,kko.typings
rc.diplomatic_mission_sent,rdfs:subPropertyOf,owl.ObjectProperty
rc.diplomatic_mission_sent,rdfs:subPropertyOf,kko.conjoins
rc.diplomatic_relation,rdfs:subPropertyOf,owl.ObjectProperty
rc.diplomatic_relation,rdfs:subPropertyOf,kko.conjoins
rc.direction,rdfs:subPropertyOf,owl.ObjectProperty
rc.direction,rdfs:subPropertyOf,kko.circumstances
rc.direction_relative_to_location,rdfs:subPropertyOf,owl.ObjectProperty
rc.direction_relative_to_location,rdfs:subPropertyOf,kko.circumstances
rc.director,rdfs:subPropertyOf,owl.ObjectProperty
rc.director,rdfs:subPropertyOf,kko.conjoins
rc.director,rdfs:subPropertyOf,kko.typings
rc.director_manager,rdfs:subPropertyOf,owl.ObjectProperty
rc.director_manager,rdfs:subPropertyOf,kko.typings
rc.director_of_photography,rdfs:subPropertyOf,owl.ObjectProperty
rc.director_of_photography,rdfs:subPropertyOf,kko.extrinsics
rc.directors,rdfs:subPropertyOf,owl.ObjectProperty
rc.directors,rdfs:subPropertyOf,kko.typings
rc.discography,rdfs:subPropertyOf,owl.ObjectProperty
rc.discography,rdfs:subPropertyOf,kko.typings
rc.discoverer_or_inventor,rdfs:subPropertyOf,owl.ObjectProperty
rc.discoverer_or_inventor,rdfs:subPropertyOf,kko.conjoins
rc.discovery_method,rdfs:subPropertyOf,owl.ObjectProperty
rc.discovery_method,rdfs:subPropertyOf,kko.conjoins
rc.disjoint_union_of,rdfs:subPropertyOf,owl.ObjectProperty
rc.disjoint_union_of,rdfs:subPropertyOf,kko.actions
rc.dissertation_submitted_to,rdfs:subPropertyOf,owl.ObjectProperty
rc.dissertation_submitted_to,rdfs:subPropertyOf,kko.actions
rc.distance,rdfs:subPropertyOf,owl.ObjectProperty
rc.distance,rdfs:subPropertyOf,kko.quantities
rc.distinctive_jersey,rdfs:subPropertyOf,owl.ObjectProperty
rc.distinctive_jersey,rdfs:subPropertyOf,kko.conjoins
rc.distribution,rdfs:subPropertyOf,owl.ObjectProperty
rc.distribution,rdfs:subPropertyOf,kko.extrinsics
rc.distribution_format,rdfs:subPropertyOf,owl.ObjectProperty
rc.distribution_format,rdfs:subPropertyOf,kko.extrinsics
rc.distributor,rdfs:subPropertyOf,owl.ObjectProperty
rc.distributor,rdfs:subPropertyOf,kko.extrinsics
rc.docking_port,rdfs:subPropertyOf,owl.ObjectProperty
rc.docking_port,rdfs:subPropertyOf,kko.forms
rc.doctoral_advisor,rdfs:subPropertyOf,owl.ObjectProperty
rc.doctoral_advisor,rdfs:subPropertyOf,kko.typings
rc.doctoral_student,rdfs:subPropertyOf,owl.ObjectProperty
rc.doctoral_student,rdfs:subPropertyOf,kko.typings
rc.doctoral_thesis,rdfs:subPropertyOf,owl.ObjectProperty
rc.doctoral_thesis,rdfs:subPropertyOf,kko.conjoins
rc.does_not_have_part,rdfs:subPropertyOf,owl.ObjectProperty
rc.does_not_have_part,rdfs:subPropertyOf,kko.partsOf
rc.domain,rdfs:subPropertyOf,owl.ObjectProperty
rc.domain,rdfs:subPropertyOf,kko.descendants
rc.domain_of_saint_or_deity,rdfs:subPropertyOf,owl.ObjectProperty
rc.domain_of_saint_or_deity,rdfs:subPropertyOf,kko.circumstances
rc.donated_by,rdfs:subPropertyOf,owl.ObjectProperty
rc.donated_by,rdfs:subPropertyOf,kko.conjoins
rc.drafted_by,rdfs:subPropertyOf,owl.ObjectProperty
rc.drafted_by,rdfs:subPropertyOf,kko.conjoins
rc.drainage_basin,rdfs:subPropertyOf,owl.ObjectProperty
rc.drainage_basin,rdfs:subPropertyOf,kko.situants
rc.driving_side,rdfs:subPropertyOf,owl.ObjectProperty
rc.driving_side,rdfs:subPropertyOf,kko.qualities
rc.dropoff_location,rdfs:subPropertyOf,owl.ObjectProperty
rc.dropoff_location,rdfs:subPropertyOf,kko.situants
rc.drug_used_for_treatment,rdfs:subPropertyOf,owl.ObjectProperty
rc.drug_used_for_treatment,rdfs:subPropertyOf,kko.typings
rc.dual_to,rdfs:subPropertyOf,owl.ObjectProperty
rc.dual_to,rdfs:subPropertyOf,kko.comparisons
rc.edibility,rdfs:subPropertyOf,owl.ObjectProperty
rc.edibility,rdfs:subPropertyOf,kko.qualities
rc.editor,rdfs:subPropertyOf,owl.ObjectProperty
rc.editor,rdfs:subPropertyOf,kko.elementals
rc.editor,rdfs:subPropertyOf,kko.typings
rc.educated_at,rdfs:subPropertyOf,owl.ObjectProperty
rc.educated_at,rdfs:subPropertyOf,kko.conjoins
rc.educational_alignment,rdfs:subPropertyOf,owl.ObjectProperty
rc.educational_alignment,rdfs:subPropertyOf,kko.conjoins
rc.eight_banner_register,rdfs:subPropertyOf,owl.ObjectProperty
rc.eight_banner_register,rdfs:subPropertyOf,kko.conjoins
rc.eirin_film_rating,rdfs:subPropertyOf,owl.ObjectProperty
rc.eirin_film_rating,rdfs:subPropertyOf,kko.ratings
rc.elected_in,rdfs:subPropertyOf,owl.ObjectProperty
rc.elected_in,rdfs:subPropertyOf,kko.conjoins
rc.elector,rdfs:subPropertyOf,owl.ObjectProperty
rc.elector,rdfs:subPropertyOf,kko.typings
rc.electoral_district,rdfs:subPropertyOf,owl.ObjectProperty
rc.electoral_district,rdfs:subPropertyOf,kko.typings
rc.electrical_plug_type,rdfs:subPropertyOf,owl.ObjectProperty
rc.electrical_plug_type,rdfs:subPropertyOf,kko.elementals
rc.eligible_customer_type,rdfs:subPropertyOf,owl.ObjectProperty
rc.eligible_customer_type,rdfs:subPropertyOf,kko.typings
rc.eligible_region,rdfs:subPropertyOf,owl.ObjectProperty
rc.eligible_region,rdfs:subPropertyOf,kko.situants
rc.employee,rdfs:subPropertyOf,owl.ObjectProperty
rc.employee,rdfs:subPropertyOf,kko.typings
rc.employees_schema,rdfs:subPropertyOf,owl.ObjectProperty
rc.employees_schema,rdfs:subPropertyOf,kko.typings
rc.employer,rdfs:subPropertyOf,owl.ObjectProperty
rc.employer,rdfs:subPropertyOf,kko.typings
rc.emulates,rdfs:subPropertyOf,owl.ObjectProperty
rc.emulates,rdfs:subPropertyOf,kko.performances
rc.enclave_within,rdfs:subPropertyOf,owl.ObjectProperty
rc.enclave_within,rdfs:subPropertyOf,kko.conjoins
rc.enclosure,rdfs:subPropertyOf,owl.ObjectProperty
rc.enclosure,rdfs:subPropertyOf,kko.extrinsics
rc.encoded_by,rdfs:subPropertyOf,owl.ObjectProperty
rc.encoded_by,rdfs:subPropertyOf,kko.conjoins
rc.encodes,rdfs:subPropertyOf,owl.ObjectProperty
rc.encodes,rdfs:subPropertyOf,kko.actions
rc.encodes_creative_work,rdfs:subPropertyOf,owl.ObjectProperty
rc.encodes_creative_work,rdfs:subPropertyOf,kko.partsOf
rc.end_cause,rdfs:subPropertyOf,owl.ObjectProperty
rc.end_cause,rdfs:subPropertyOf,kko.eventuals
rc.endemic_to,rdfs:subPropertyOf,owl.ObjectProperty
rc.endemic_to,rdfs:subPropertyOf,kko.conjoins
rc.endianness,rdfs:subPropertyOf,owl.ObjectProperty
rc.endianness,rdfs:subPropertyOf,kko.qualities
rc.endorsee,rdfs:subPropertyOf,owl.ObjectProperty
rc.endorsee,rdfs:subPropertyOf,kko.typings
rc.engine_configuration,rdfs:subPropertyOf,owl.ObjectProperty
rc.engine_configuration,rdfs:subPropertyOf,kko.forms
rc.entertainment_business,rdfs:subPropertyOf,owl.ObjectProperty
rc.entertainment_business,rdfs:subPropertyOf,kko.typings
rc.episode,rdfs:subPropertyOf,owl.ObjectProperty
rc.episode,rdfs:subPropertyOf,kko.partsOf
rc.episodes,rdfs:subPropertyOf,owl.ObjectProperty
rc.episodes,rdfs:subPropertyOf,kko.partsOf
rc.esrb_rating,rdfs:subPropertyOf,owl.ObjectProperty
rc.esrb_rating,rdfs:subPropertyOf,kko.ratings
rc.ethnic_group,rdfs:subPropertyOf,owl.ObjectProperty
rc.ethnic_group,rdfs:subPropertyOf,kko.qualities
rc.ethnologue_language_status,rdfs:subPropertyOf,owl.ObjectProperty
rc.ethnologue_language_status,rdfs:subPropertyOf,kko.ratings
rc.event,rdfs:subPropertyOf,owl.ObjectProperty
rc.event,rdfs:subPropertyOf,kko.eventuals
rc.event_status,rdfs:subPropertyOf,owl.ObjectProperty
rc.event_status,rdfs:subPropertyOf,kko.classifications
rc.events,rdfs:subPropertyOf,owl.ObjectProperty
rc.events,rdfs:subPropertyOf,kko.eventuals
rc.excavation_director,rdfs:subPropertyOf,owl.ObjectProperty
rc.excavation_director,rdfs:subPropertyOf,kko.conjoins
rc.exception_to_constraint,rdfs:subPropertyOf,owl.ObjectProperty
rc.exception_to_constraint,rdfs:subPropertyOf,kko.actions
rc.exclave_of,rdfs:subPropertyOf,owl.ObjectProperty
rc.exclave_of,rdfs:subPropertyOf,kko.conjoins
rc.excluding,rdfs:subPropertyOf,owl.ObjectProperty
rc.excluding,rdfs:subPropertyOf,kko.equivalences
rc.executive_body,rdfs:subPropertyOf,owl.ObjectProperty
rc.executive_body,rdfs:subPropertyOf,kko.conjoins
rc.executive_producer,rdfs:subPropertyOf,owl.ObjectProperty
rc.executive_producer,rdfs:subPropertyOf,kko.extrinsics
rc.exemplar_of,rdfs:subPropertyOf,owl.ObjectProperty
rc.exemplar_of,rdfs:subPropertyOf,kko.comparisons
rc.exercise_course,rdfs:subPropertyOf,owl.ObjectProperty
rc.exercise_course,rdfs:subPropertyOf,kko.situants
rc.exhibition_history,rdfs:subPropertyOf,owl.ObjectProperty
rc.exhibition_history,rdfs:subPropertyOf,kko.conjoins
rc.expects_acceptance_of,rdfs:subPropertyOf,owl.ObjectProperty
rc.expects_acceptance_of,rdfs:subPropertyOf,kko.extrinsics
rc.eye_color,rdfs:subPropertyOf,owl.ObjectProperty
rc.eye_color,rdfs:subPropertyOf,kko.qualities
rc.fabrication_method,rdfs:subPropertyOf,owl.ObjectProperty
rc.fabrication_method,rdfs:subPropertyOf,kko.elementals
rc.facet_of,rdfs:subPropertyOf,owl.ObjectProperty
rc.facet_of,rdfs:subPropertyOf,kko.conjoins
rc.fach,rdfs:subPropertyOf,owl.ObjectProperty
rc.fach,rdfs:subPropertyOf,kko.qualities
rc.family,rdfs:subPropertyOf,owl.ObjectProperty
rc.family,rdfs:subPropertyOf,kko.conjoins
rc.fao_risk_status,rdfs:subPropertyOf,owl.ObjectProperty
rc.fao_risk_status,rdfs:subPropertyOf,kko.classifications
rc.fare_zone,rdfs:subPropertyOf,owl.ObjectProperty
rc.fare_zone,rdfs:subPropertyOf,kko.situants
rc.father,rdfs:subPropertyOf,owl.ObjectProperty
rc.father,rdfs:subPropertyOf,kko.descendants
rc.feast_day,rdfs:subPropertyOf,owl.ObjectProperty
rc.feast_day,rdfs:subPropertyOf,kko.eventuals
rc.fictional_analog_of,rdfs:subPropertyOf,owl.ObjectProperty
rc.fictional_analog_of,rdfs:subPropertyOf,kko.conjoins
rc.fictional_universe_described_in,rdfs:subPropertyOf,owl.ObjectProperty
rc.fictional_universe_described_in,rdfs:subPropertyOf,kko.conjoins
rc.field_of_this_occupation,rdfs:subPropertyOf,owl.ObjectProperty
rc.field_of_this_occupation,rdfs:subPropertyOf,kko.typings
rc.field_of_work,rdfs:subPropertyOf,owl.ObjectProperty
rc.field_of_work,rdfs:subPropertyOf,kko.conjoins
rc.file_format,rdfs:subPropertyOf,owl.ObjectProperty
rc.file_format,rdfs:subPropertyOf,kko.forms
rc.film_crew_member,rdfs:subPropertyOf,owl.ObjectProperty
rc.film_crew_member,rdfs:subPropertyOf,kko.extrinsics
rc.film_editor,rdfs:subPropertyOf,owl.ObjectProperty
rc.film_editor,rdfs:subPropertyOf,kko.extrinsics
rc.filming_location,rdfs:subPropertyOf,owl.ObjectProperty
rc.filming_location,rdfs:subPropertyOf,kko.situants
rc.filmiroda_rating,rdfs:subPropertyOf,owl.ObjectProperty
rc.filmiroda_rating,rdfs:subPropertyOf,kko.ratings
rc.final_event,rdfs:subPropertyOf,owl.ObjectProperty
rc.final_event,rdfs:subPropertyOf,kko.eventuals
rc.first_aid_measures,rdfs:subPropertyOf,owl.ObjectProperty
rc.first_aid_measures,rdfs:subPropertyOf,kko.actions
rc.first_appearance,rdfs:subPropertyOf,owl.ObjectProperty
rc.first_appearance,rdfs:subPropertyOf,kko.conjoins
rc.first_performance,rdfs:subPropertyOf,owl.ObjectProperty
rc.first_performance,rdfs:subPropertyOf,kko.eventuals
rc.flag,rdfs:subPropertyOf,owl.ObjectProperty
rc.flag,rdfs:subPropertyOf,kko.extrinsics
rc.flag_bearer,rdfs:subPropertyOf,owl.ObjectProperty
rc.flag_bearer,rdfs:subPropertyOf,kko.typings
rc.flower_color,rdfs:subPropertyOf,owl.ObjectProperty
rc.flower_color,rdfs:subPropertyOf,kko.qualities
rc.followed_by,rdfs:subPropertyOf,owl.ObjectProperty
rc.followed_by,rdfs:subPropertyOf,kko.conjoins
rc.followee,rdfs:subPropertyOf,owl.ObjectProperty
rc.followee,rdfs:subPropertyOf,kko.typings
rc.follows,rdfs:subPropertyOf,owl.ObjectProperty
rc.follows,rdfs:subPropertyOf,kko.actions
rc.follows,rdfs:subPropertyOf,kko.typings
rc.food_establishment,rdfs:subPropertyOf,owl.ObjectProperty
rc.food_establishment,rdfs:subPropertyOf,kko.typings
rc.food_event,rdfs:subPropertyOf,owl.ObjectProperty
rc.food_event,rdfs:subPropertyOf,kko.typings
rc.foods_traditionally_associated,rdfs:subPropertyOf,owl.ObjectProperty
rc.foods_traditionally_associated,rdfs:subPropertyOf,kko.circumstances
rc.for_work,rdfs:subPropertyOf,owl.ObjectProperty
rc.for_work,rdfs:subPropertyOf,kko.qualities
rc.fossil_found_in_this_unit,rdfs:subPropertyOf,owl.ObjectProperty
rc.fossil_found_in_this_unit,rdfs:subPropertyOf,kko.conjoins
rc.found_in_taxon,rdfs:subPropertyOf,owl.ObjectProperty
rc.found_in_taxon,rdfs:subPropertyOf,kko.conjoins
rc.foundational_text,rdfs:subPropertyOf,owl.ObjectProperty
rc.foundational_text,rdfs:subPropertyOf,kko.elementals
rc.founded_by,rdfs:subPropertyOf,owl.ObjectProperty
rc.founded_by,rdfs:subPropertyOf,kko.elementals
rc.founder,rdfs:subPropertyOf,owl.ObjectProperty
rc.founder,rdfs:subPropertyOf,kko.typings
rc.founders,rdfs:subPropertyOf,owl.ObjectProperty
rc.founders,rdfs:subPropertyOf,kko.typings
rc.founding_location,rdfs:subPropertyOf,owl.ObjectProperty
rc.founding_location,rdfs:subPropertyOf,kko.situants
rc.fpb_rating,rdfs:subPropertyOf,owl.ObjectProperty
rc.fpb_rating,rdfs:subPropertyOf,kko.ratings
rc.fracturing,rdfs:subPropertyOf,owl.ObjectProperty
rc.fracturing,rdfs:subPropertyOf,kko.actions
rc.from_fictional_universe,rdfs:subPropertyOf,owl.ObjectProperty
rc.from_fictional_universe,rdfs:subPropertyOf,kko.conjoins
rc.from_location,rdfs:subPropertyOf,owl.ObjectProperty
rc.from_location,rdfs:subPropertyOf,kko.situants
rc.fsk_film_rating,rdfs:subPropertyOf,owl.ObjectProperty
rc.fsk_film_rating,rdfs:subPropertyOf,kko.ratings
rc.fuel_system,rdfs:subPropertyOf,owl.ObjectProperty
rc.fuel_system,rdfs:subPropertyOf,kko.partsOf
rc.funder,rdfs:subPropertyOf,owl.ObjectProperty
rc.funder,rdfs:subPropertyOf,kko.typings
rc.gait,rdfs:subPropertyOf,owl.ObjectProperty
rc.gait,rdfs:subPropertyOf,kko.qualities
rc.game_artist,rdfs:subPropertyOf,owl.ObjectProperty
rc.game_artist,rdfs:subPropertyOf,kko.conjoins
rc.game_item,rdfs:subPropertyOf,owl.ObjectProperty
rc.game_item,rdfs:subPropertyOf,kko.partsOf
rc.game_mode,rdfs:subPropertyOf,owl.ObjectProperty
rc.game_mode,rdfs:subPropertyOf,kko.forms
rc.game_server,rdfs:subPropertyOf,owl.ObjectProperty
rc.game_server,rdfs:subPropertyOf,kko.conjoins
rc.general_classification_of_race_participants,rdfs:subPropertyOf,owl.ObjectProperty
rc.general_classification_of_race_participants,rdfs:subPropertyOf,kko.classifications
rc.general_manager,rdfs:subPropertyOf,owl.ObjectProperty
rc.general_manager,rdfs:subPropertyOf,kko.elementals
rc.genre,rdfs:subPropertyOf,owl.ObjectProperty
rc.genre,rdfs:subPropertyOf,kko.forms
rc.geographic_area,rdfs:subPropertyOf,owl.ObjectProperty
rc.geographic_area,rdfs:subPropertyOf,kko.situants
rc.geography_of_topic,rdfs:subPropertyOf,owl.ObjectProperty
rc.geography_of_topic,rdfs:subPropertyOf,kko.situants
rc.geomorphological_unit,rdfs:subPropertyOf,owl.ObjectProperty
rc.geomorphological_unit,rdfs:subPropertyOf,kko.situants
rc.ghs_signal_word,rdfs:subPropertyOf,owl.ObjectProperty
rc.ghs_signal_word,rdfs:subPropertyOf,kko.conjoins
rc.godparent,rdfs:subPropertyOf,owl.ObjectProperty
rc.godparent,rdfs:subPropertyOf,kko.typings
rc.gpu,rdfs:subPropertyOf,owl.ObjectProperty
rc.gpu,rdfs:subPropertyOf,kko.partsOf
rc.gram_staining,rdfs:subPropertyOf,owl.ObjectProperty
rc.gram_staining,rdfs:subPropertyOf,kko.qualities
rc.grantee,rdfs:subPropertyOf,owl.ObjectProperty
rc.grantee,rdfs:subPropertyOf,kko.conjoins
rc.gsrr_rating,rdfs:subPropertyOf,owl.ObjectProperty
rc.gsrr_rating,rdfs:subPropertyOf,kko.ratings
rc.guest_of_honor,rdfs:subPropertyOf,owl.ObjectProperty
rc.guest_of_honor,rdfs:subPropertyOf,kko.conjoins
rc.gui_toolkit_or_framework,rdfs:subPropertyOf,owl.ObjectProperty
rc.gui_toolkit_or_framework,rdfs:subPropertyOf,kko.extrinsics
rc.guidance_system,rdfs:subPropertyOf,owl.ObjectProperty
rc.guidance_system,rdfs:subPropertyOf,kko.elementals
rc.habitat,rdfs:subPropertyOf,owl.ObjectProperty
rc.habitat,rdfs:subPropertyOf,kko.situants
rc.had_as_last_meal,rdfs:subPropertyOf,owl.ObjectProperty
rc.had_as_last_meal,rdfs:subPropertyOf,kko.extrinsics
rc.hair_color,rdfs:subPropertyOf,owl.ObjectProperty
rc.hair_color,rdfs:subPropertyOf,kko.qualities
rc.handedness,rdfs:subPropertyOf,owl.ObjectProperty
rc.handedness,rdfs:subPropertyOf,kko.qualities
rc.hasPart,rdfs:subPropertyOf,owl.ObjectProperty
rc.hasPart,rdfs:subPropertyOf,kko.partsOf
rc.has_active_ingredient,rdfs:subPropertyOf,owl.ObjectProperty
rc.has_active_ingredient,rdfs:subPropertyOf,kko.partsOf
rc.has_anatomical_branch,rdfs:subPropertyOf,owl.ObjectProperty
rc.has_anatomical_branch,rdfs:subPropertyOf,kko.partsOf
rc.has_cause,rdfs:subPropertyOf,owl.ObjectProperty
rc.has_cause,rdfs:subPropertyOf,kko.actions
rc.has_contributing_factor,rdfs:subPropertyOf,owl.ObjectProperty
rc.has_contributing_factor,rdfs:subPropertyOf,kko.conjoins
rc.has_course_instance,rdfs:subPropertyOf,owl.ObjectProperty
rc.has_course_instance,rdfs:subPropertyOf,kko.eventuals
rc.has_delivery_method,rdfs:subPropertyOf,owl.ObjectProperty
rc.has_delivery_method,rdfs:subPropertyOf,kko.extrinsics
rc.has_dialect_deprecated,rdfs:subPropertyOf,owl.ObjectProperty
rc.has_dialect_deprecated,rdfs:subPropertyOf,kko.conjoins
rc.has_digital_document_permission,rdfs:subPropertyOf,owl.ObjectProperty
rc.has_digital_document_permission,rdfs:subPropertyOf,kko.extrinsics
rc.has_effect,rdfs:subPropertyOf,owl.ObjectProperty
rc.has_effect,rdfs:subPropertyOf,kko.actions
rc.has_facet_polytope,rdfs:subPropertyOf,owl.ObjectProperty
rc.has_facet_polytope,rdfs:subPropertyOf,kko.forms
rc.has_facility,rdfs:subPropertyOf,owl.ObjectProperty
rc.has_facility,rdfs:subPropertyOf,kko.conjoins
rc.has_fruit_type,rdfs:subPropertyOf,owl.ObjectProperty
rc.has_fruit_type,rdfs:subPropertyOf,kko.partsOf
rc.has_grammatical_case,rdfs:subPropertyOf,owl.ObjectProperty
rc.has_grammatical_case,rdfs:subPropertyOf,kko.conjoins
rc.has_grammatical_mood,rdfs:subPropertyOf,owl.ObjectProperty
rc.has_grammatical_mood,rdfs:subPropertyOf,kko.conjoins
rc.has_immediate_cause,rdfs:subPropertyOf,owl.ObjectProperty
rc.has_immediate_cause,rdfs:subPropertyOf,kko.conjoins
rc.has_listed_ingredient,rdfs:subPropertyOf,owl.ObjectProperty
rc.has_listed_ingredient,rdfs:subPropertyOf,kko.elementals
rc.has_melody,rdfs:subPropertyOf,owl.ObjectProperty
rc.has_melody,rdfs:subPropertyOf,kko.quantities
rc.has_menu_item,rdfs:subPropertyOf,owl.ObjectProperty
rc.has_menu_item,rdfs:subPropertyOf,kko.partsOf
rc.has_menu_section,rdfs:subPropertyOf,owl.ObjectProperty
rc.has_menu_section,rdfs:subPropertyOf,kko.partsOf
rc.has_natural_reservoir,rdfs:subPropertyOf,owl.ObjectProperty
rc.has_natural_reservoir,rdfs:subPropertyOf,kko.qualities
rc.has_offer_catalog,rdfs:subPropertyOf,owl.ObjectProperty
rc.has_offer_catalog,rdfs:subPropertyOf,kko.extrinsics
rc.has_part,rdfs:subPropertyOf,owl.ObjectProperty
rc.has_part,rdfs:subPropertyOf,kko.partsOf
rc.has_parts_of_the_class,rdfs:subPropertyOf,owl.ObjectProperty
rc.has_parts_of_the_class,rdfs:subPropertyOf,kko.partsOf
rc.has_pet,rdfs:subPropertyOf,owl.ObjectProperty
rc.has_pet,rdfs:subPropertyOf,kko.conjoins
rc.has_phoneme,rdfs:subPropertyOf,owl.ObjectProperty
rc.has_phoneme,rdfs:subPropertyOf,kko.conjoins
rc.has_pos,rdfs:subPropertyOf,owl.ObjectProperty
rc.has_pos,rdfs:subPropertyOf,kko.elementals
rc.has_quality,rdfs:subPropertyOf,owl.ObjectProperty
rc.has_quality,rdfs:subPropertyOf,kko.qualities
rc.has_superpartner,rdfs:subPropertyOf,owl.ObjectProperty
rc.has_superpartner,rdfs:subPropertyOf,kko.descendants
rc.has_tense,rdfs:subPropertyOf,owl.ObjectProperty
rc.has_tense,rdfs:subPropertyOf,kko.conjoins
rc.has_vertex_figure,rdfs:subPropertyOf,owl.ObjectProperty
rc.has_vertex_figure,rdfs:subPropertyOf,kko.conjoins
rc.head_coach,rdfs:subPropertyOf,owl.ObjectProperty
rc.head_coach,rdfs:subPropertyOf,kko.elementals
rc.head_of_government,rdfs:subPropertyOf,owl.ObjectProperty
rc.head_of_government,rdfs:subPropertyOf,kko.conjoins
rc.head_of_state,rdfs:subPropertyOf,owl.ObjectProperty
rc.head_of_state,rdfs:subPropertyOf,kko.conjoins
rc.headquarters_location,rdfs:subPropertyOf,owl.ObjectProperty
rc.headquarters_location,rdfs:subPropertyOf,kko.situants
rc.health_specialty,rdfs:subPropertyOf,owl.ObjectProperty
rc.health_specialty,rdfs:subPropertyOf,kko.typings
rc.heritage_designation,rdfs:subPropertyOf,owl.ObjectProperty
rc.heritage_designation,rdfs:subPropertyOf,kko.extrinsics
rc.highest_judicial_authority,rdfs:subPropertyOf,owl.ObjectProperty
rc.highest_judicial_authority,rdfs:subPropertyOf,kko.conjoins
rc.highest_note,rdfs:subPropertyOf,owl.ObjectProperty
rc.highest_note,rdfs:subPropertyOf,kko.qualities
rc.highest_point,rdfs:subPropertyOf,owl.ObjectProperty
rc.highest_point,rdfs:subPropertyOf,kko.qualities
rc.highway_system,rdfs:subPropertyOf,owl.ObjectProperty
rc.highway_system,rdfs:subPropertyOf,kko.typings
rc.hiring_organization,rdfs:subPropertyOf,owl.ObjectProperty
rc.hiring_organization,rdfs:subPropertyOf,kko.conjoins
rc.history_of_topic,rdfs:subPropertyOf,owl.ObjectProperty
rc.history_of_topic,rdfs:subPropertyOf,kko.conjoins
rc.home_location,rdfs:subPropertyOf,owl.ObjectProperty
rc.home_location,rdfs:subPropertyOf,kko.situants
rc.home_port,rdfs:subPropertyOf,owl.ObjectProperty
rc.home_port,rdfs:subPropertyOf,kko.situants
rc.home_team,rdfs:subPropertyOf,owl.ObjectProperty
rc.home_team,rdfs:subPropertyOf,kko.typings
rc.home_venue,rdfs:subPropertyOf,owl.ObjectProperty
rc.home_venue,rdfs:subPropertyOf,kko.situants
rc.home_world,rdfs:subPropertyOf,owl.ObjectProperty
rc.home_world,rdfs:subPropertyOf,kko.situants
rc.host,rdfs:subPropertyOf,owl.ObjectProperty
rc.host,rdfs:subPropertyOf,kko.situants
rc.hosting_organization,rdfs:subPropertyOf,owl.ObjectProperty
rc.hosting_organization,rdfs:subPropertyOf,kko.conjoins
rc.hours_available,rdfs:subPropertyOf,owl.ObjectProperty
rc.hours_available,rdfs:subPropertyOf,kko.eventuals
rc.hymenium_attachment,rdfs:subPropertyOf,owl.ObjectProperty
rc.hymenium_attachment,rdfs:subPropertyOf,kko.typings
rc.hymenium_type,rdfs:subPropertyOf,owl.ObjectProperty
rc.hymenium_type,rdfs:subPropertyOf,kko.typings
rc.icaa_rating,rdfs:subPropertyOf,owl.ObjectProperty
rc.icaa_rating,rdfs:subPropertyOf,kko.ratings
rc.iconographic_symbol,rdfs:subPropertyOf,owl.ObjectProperty
rc.iconographic_symbol,rdfs:subPropertyOf,kko.conjoins
rc.ictv_virus_genome_composition,rdfs:subPropertyOf,owl.ObjectProperty
rc.ictv_virus_genome_composition,rdfs:subPropertyOf,kko.elementals
rc.illustrator,rdfs:subPropertyOf,owl.ObjectProperty
rc.illustrator,rdfs:subPropertyOf,kko.elementals
rc.illustrator,rdfs:subPropertyOf,kko.typings
rc.ima_status_and_or_rank,rdfs:subPropertyOf,owl.ObjectProperty
rc.ima_status_and_or_rank,rdfs:subPropertyOf,kko.ratings
rc.image_of_function,rdfs:subPropertyOf,owl.ObjectProperty
rc.image_of_function,rdfs:subPropertyOf,kko.conjoins
rc.immediate_cause_of,rdfs:subPropertyOf,owl.ObjectProperty
rc.immediate_cause_of,rdfs:subPropertyOf,kko.conjoins
rc.implementation_of,rdfs:subPropertyOf,owl.ObjectProperty
rc.implementation_of,rdfs:subPropertyOf,kko.descendants
rc.in_album,rdfs:subPropertyOf,owl.ObjectProperty
rc.in_album,rdfs:subPropertyOf,kko.partsOf
rc.in_broadcast_lineup,rdfs:subPropertyOf,owl.ObjectProperty
rc.in_broadcast_lineup,rdfs:subPropertyOf,kko.conjoins
rc.in_opposition_to,rdfs:subPropertyOf,owl.ObjectProperty
rc.in_opposition_to,rdfs:subPropertyOf,kko.equivalences
rc.in_playlist,rdfs:subPropertyOf,owl.ObjectProperty
rc.in_playlist,rdfs:subPropertyOf,kko.conjoins
rc.incaa_film_rating,rdfs:subPropertyOf,owl.ObjectProperty
rc.incaa_film_rating,rdfs:subPropertyOf,kko.ratings
rc.incarnation_of,rdfs:subPropertyOf,owl.ObjectProperty
rc.incarnation_of,rdfs:subPropertyOf,kko.descendants
rc.included_composition,rdfs:subPropertyOf,owl.ObjectProperty
rc.included_composition,rdfs:subPropertyOf,kko.conjoins
rc.included_data_catalog,rdfs:subPropertyOf,owl.ObjectProperty
rc.included_data_catalog,rdfs:subPropertyOf,kko.partsOf
rc.included_in_data_catalog,rdfs:subPropertyOf,owl.ObjectProperty
rc.included_in_data_catalog,rdfs:subPropertyOf,kko.partsOf
rc.includes_object,rdfs:subPropertyOf,owl.ObjectProperty
rc.includes_object,rdfs:subPropertyOf,kko.conjoins
rc.including,rdfs:subPropertyOf,owl.ObjectProperty
rc.including,rdfs:subPropertyOf,kko.conjoins
rc.income_classification_philippines,rdfs:subPropertyOf,owl.ObjectProperty
rc.income_classification_philippines,rdfs:subPropertyOf,kko.classifications
rc.indigenous_to,rdfs:subPropertyOf,owl.ObjectProperty
rc.indigenous_to,rdfs:subPropertyOf,kko.conjoins
rc.industry,rdfs:subPropertyOf,owl.ObjectProperty
rc.industry,rdfs:subPropertyOf,kko.typings
rc.influenced_by,rdfs:subPropertyOf,owl.ObjectProperty
rc.influenced_by,rdfs:subPropertyOf,kko.conjoins
rc.inhibitor_of,rdfs:subPropertyOf,owl.ObjectProperty
rc.inhibitor_of,rdfs:subPropertyOf,kko.actions
rc.innervated_by,rdfs:subPropertyOf,owl.ObjectProperty
rc.innervated_by,rdfs:subPropertyOf,kko.conjoins
rc.innervates,rdfs:subPropertyOf,owl.ObjectProperty
rc.innervates,rdfs:subPropertyOf,kko.actions
rc.input_method,rdfs:subPropertyOf,owl.ObjectProperty
rc.input_method,rdfs:subPropertyOf,kko.extrinsics
rc.input_set,rdfs:subPropertyOf,owl.ObjectProperty
rc.input_set,rdfs:subPropertyOf,kko.typings
rc.inspired_by,rdfs:subPropertyOf,owl.ObjectProperty
rc.inspired_by,rdfs:subPropertyOf,kko.conjoins
rc.instance_of,rdfs:subPropertyOf,owl.ObjectProperty
rc.instance_of,rdfs:subPropertyOf,kko.descendants
rc.instruction_set,rdfs:subPropertyOf,owl.ObjectProperty
rc.instruction_set,rdfs:subPropertyOf,kko.conjoins
rc.instructor,rdfs:subPropertyOf,owl.ObjectProperty
rc.instructor,rdfs:subPropertyOf,kko.typings
rc.instrument,rdfs:subPropertyOf,owl.ObjectProperty
rc.instrument,rdfs:subPropertyOf,kko.conjoins
rc.instrument,rdfs:subPropertyOf,kko.typings
rc.instrumentation,rdfs:subPropertyOf,owl.ObjectProperty
rc.instrumentation,rdfs:subPropertyOf,kko.forms
rc.intangible_cultural_heritage_status,rdfs:subPropertyOf,owl.ObjectProperty
rc.intangible_cultural_heritage_status,rdfs:subPropertyOf,kko.classifications
rc.intended_public,rdfs:subPropertyOf,owl.ObjectProperty
rc.intended_public,rdfs:subPropertyOf,kko.conjoins
rc.interaction,rdfs:subPropertyOf,owl.ObjectProperty
rc.interaction,rdfs:subPropertyOf,kko.elementals
rc.interaction_service,rdfs:subPropertyOf,owl.ObjectProperty
rc.interaction_service,rdfs:subPropertyOf,kko.extrinsics
rc.interaction_type,rdfs:subPropertyOf,owl.ObjectProperty
rc.interaction_type,rdfs:subPropertyOf,kko.typings
rc.interchange_station,rdfs:subPropertyOf,owl.ObjectProperty
rc.interchange_station,rdfs:subPropertyOf,kko.conjoins
rc.interested_in,rdfs:subPropertyOf,owl.ObjectProperty
rc.interested_in,rdfs:subPropertyOf,kko.conjoins
rc.interleaves_with,rdfs:subPropertyOf,owl.ObjectProperty
rc.interleaves_with,rdfs:subPropertyOf,kko.conjoins
rc.international_nuclear_event_scale,rdfs:subPropertyOf,owl.ObjectProperty
rc.international_nuclear_event_scale,rdfs:subPropertyOf,kko.ratings
rc.introduced_feature,rdfs:subPropertyOf,owl.ObjectProperty
rc.introduced_feature,rdfs:subPropertyOf,kko.elementals
rc.inverse_of,rdfs:subPropertyOf,owl.ObjectProperty
rc.inverse_of,rdfs:subPropertyOf,kko.equivalences
rc.investigated_by,rdfs:subPropertyOf,owl.ObjectProperty
rc.investigated_by,rdfs:subPropertyOf,kko.conjoins
rc.investor,rdfs:subPropertyOf,owl.ObjectProperty
rc.investor,rdfs:subPropertyOf,kko.typings
rc.is_a_hydrated_form_of,rdfs:subPropertyOf,owl.ObjectProperty
rc.is_a_hydrated_form_of,rdfs:subPropertyOf,kko.forms
rc.is_based_on,rdfs:subPropertyOf,owl.ObjectProperty
rc.is_based_on,rdfs:subPropertyOf,kko.descendants
rc.is_consumable_for,rdfs:subPropertyOf,owl.ObjectProperty
rc.is_consumable_for,rdfs:subPropertyOf,kko.partsOf
rc.is_part_of,rdfs:subPropertyOf,owl.ObjectProperty
rc.is_part_of,rdfs:subPropertyOf,kko.partsOf
rc.is_pollinated_by,rdfs:subPropertyOf,owl.ObjectProperty
rc.is_pollinated_by,rdfs:subPropertyOf,kko.conjoins
rc.is_pollinator_of,rdfs:subPropertyOf,owl.ObjectProperty
rc.is_pollinator_of,rdfs:subPropertyOf,kko.conjoins
rc.is_proceedings_from,rdfs:subPropertyOf,owl.ObjectProperty
rc.is_proceedings_from,rdfs:subPropertyOf,kko.extrinsics
rc.is_recto_of,rdfs:subPropertyOf,owl.ObjectProperty
rc.is_recto_of,rdfs:subPropertyOf,kko.quantities
rc.is_related_to,rdfs:subPropertyOf,owl.ObjectProperty
rc.is_related_to,rdfs:subPropertyOf,kko.conjoins
rc.is_variant_of,rdfs:subPropertyOf,owl.ObjectProperty
rc.is_variant_of,rdfs:subPropertyOf,kko.conjoins
rc.is_verso_of,rdfs:subPropertyOf,owl.ObjectProperty
rc.is_verso_of,rdfs:subPropertyOf,kko.quantities
rc.isocaudomer,rdfs:subPropertyOf,owl.ObjectProperty
rc.isocaudomer,rdfs:subPropertyOf,kko.forms
rc.isoschizomer,rdfs:subPropertyOf,owl.ObjectProperty
rc.isoschizomer,rdfs:subPropertyOf,kko.forms
rc.issuedBy,rdfs:subPropertyOf,owl.ObjectProperty
rc.issuedBy,rdfs:subPropertyOf,kko.conjoins
rc.issued_by,rdfs:subPropertyOf,owl.ObjectProperty
rc.issued_by,rdfs:subPropertyOf,kko.conjoins
rc.issued_through,rdfs:subPropertyOf,owl.ObjectProperty
rc.issued_through,rdfs:subPropertyOf,kko.extrinsics
rc.item,rdfs:subPropertyOf,owl.ObjectProperty
rc.item,rdfs:subPropertyOf,kko.partsOf
rc.item_condition,rdfs:subPropertyOf,owl.ObjectProperty
rc.item_condition,rdfs:subPropertyOf,kko.qualities
rc.item_offered,rdfs:subPropertyOf,owl.ObjectProperty
rc.item_offered,rdfs:subPropertyOf,kko.conjoins
rc.item_operated,rdfs:subPropertyOf,owl.ObjectProperty
rc.item_operated,rdfs:subPropertyOf,kko.conjoins
rc.item_reviewed,rdfs:subPropertyOf,owl.ObjectProperty
rc.item_reviewed,rdfs:subPropertyOf,kko.conjoins
rc.item_shipped,rdfs:subPropertyOf,owl.ObjectProperty
rc.item_shipped,rdfs:subPropertyOf,kko.conjoins
rc.iucn_conservation_status,rdfs:subPropertyOf,owl.ObjectProperty
rc.iucn_conservation_status,rdfs:subPropertyOf,kko.classifications
rc.iucn_protected_areas_category,rdfs:subPropertyOf,owl.ObjectProperty
rc.iucn_protected_areas_category,rdfs:subPropertyOf,kko.classifications
rc.jmk_film_rating,rdfs:subPropertyOf,owl.ObjectProperty
rc.jmk_film_rating,rdfs:subPropertyOf,kko.ratings
rc.job_location,rdfs:subPropertyOf,owl.ObjectProperty
rc.job_location,rdfs:subPropertyOf,kko.situants
rc.judge,rdfs:subPropertyOf,owl.ObjectProperty
rc.judge,rdfs:subPropertyOf,kko.elementals
rc.kijkwijzer_rating,rdfs:subPropertyOf,owl.ObjectProperty
rc.kijkwijzer_rating,rdfs:subPropertyOf,kko.ratings
rc.killed_by,rdfs:subPropertyOf,owl.ObjectProperty
rc.killed_by,rdfs:subPropertyOf,kko.conjoins
rc.kml_file,rdfs:subPropertyOf,owl.ObjectProperty
rc.kml_file,rdfs:subPropertyOf,kko.forms
rc.kmrb_film_rating,rdfs:subPropertyOf,owl.ObjectProperty
rc.kmrb_film_rating,rdfs:subPropertyOf,kko.ratings
rc.knows,rdfs:subPropertyOf,owl.ObjectProperty
rc.knows,rdfs:subPropertyOf,kko.conjoins
rc.koppen_climate_classification,rdfs:subPropertyOf,owl.ObjectProperty
rc.koppen_climate_classification,rdfs:subPropertyOf,kko.classifications
rc.lagrangian_point,rdfs:subPropertyOf,owl.ObjectProperty
rc.lagrangian_point,rdfs:subPropertyOf,kko.typings
rc.lake_inflows,rdfs:subPropertyOf,owl.ObjectProperty
rc.lake_inflows,rdfs:subPropertyOf,kko.quantities
rc.lake_outflow,rdfs:subPropertyOf,owl.ObjectProperty
rc.lake_outflow,rdfs:subPropertyOf,kko.quantities
rc.lakes_on_river,rdfs:subPropertyOf,owl.ObjectProperty
rc.lakes_on_river,rdfs:subPropertyOf,kko.conjoins
rc.landlord,rdfs:subPropertyOf,owl.ObjectProperty
rc.landlord,rdfs:subPropertyOf,kko.typings
rc.language_of_work_or_name,rdfs:subPropertyOf,owl.ObjectProperty
rc.language_of_work_or_name,rdfs:subPropertyOf,kko.forms
rc.language_regulatory_body,rdfs:subPropertyOf,owl.ObjectProperty
rc.language_regulatory_body,rdfs:subPropertyOf,kko.conjoins
rc.language_used,rdfs:subPropertyOf,owl.ObjectProperty
rc.language_used,rdfs:subPropertyOf,kko.conjoins
rc.languages_spoken_written_or_signed,rdfs:subPropertyOf,owl.ObjectProperty
rc.languages_spoken_written_or_signed,rdfs:subPropertyOf,kko.quantities
rc.launch_contractor,rdfs:subPropertyOf,owl.ObjectProperty
rc.launch_contractor,rdfs:subPropertyOf,kko.extrinsics
rc.laws_applied,rdfs:subPropertyOf,owl.ObjectProperty
rc.laws_applied,rdfs:subPropertyOf,kko.elementals
rc.league,rdfs:subPropertyOf,owl.ObjectProperty
rc.league,rdfs:subPropertyOf,kko.elementals
rc.league_level_above,rdfs:subPropertyOf,owl.ObjectProperty
rc.league_level_above,rdfs:subPropertyOf,kko.conjoins
rc.league_level_below,rdfs:subPropertyOf,owl.ObjectProperty
rc.league_level_below,rdfs:subPropertyOf,kko.conjoins
rc.league_points_system,rdfs:subPropertyOf,owl.ObjectProperty
rc.league_points_system,rdfs:subPropertyOf,kko.forms
rc.legal_form,rdfs:subPropertyOf,owl.ObjectProperty
rc.legal_form,rdfs:subPropertyOf,kko.typings
rc.legislated_by,rdfs:subPropertyOf,owl.ObjectProperty
rc.legislated_by,rdfs:subPropertyOf,kko.conjoins
rc.legislative_body,rdfs:subPropertyOf,owl.ObjectProperty
rc.legislative_body,rdfs:subPropertyOf,kko.conjoins
rc.lender,rdfs:subPropertyOf,owl.ObjectProperty
rc.lender,rdfs:subPropertyOf,kko.typings
rc.librettist,rdfs:subPropertyOf,owl.ObjectProperty
rc.librettist,rdfs:subPropertyOf,kko.extrinsics
rc.license,rdfs:subPropertyOf,owl.ObjectProperty
rc.license,rdfs:subPropertyOf,kko.extrinsics
rc.licensed_to_broadcast_to,rdfs:subPropertyOf,owl.ObjectProperty
rc.licensed_to_broadcast_to,rdfs:subPropertyOf,kko.conjoins
rc.lifestyle,rdfs:subPropertyOf,owl.ObjectProperty
rc.lifestyle,rdfs:subPropertyOf,kko.typings
rc.linguistic_typology,rdfs:subPropertyOf,owl.ObjectProperty
rc.linguistic_typology,rdfs:subPropertyOf,kko.classifications
rc.lithography,rdfs:subPropertyOf,owl.ObjectProperty
rc.lithography,rdfs:subPropertyOf,kko.qualities
rc.live_blog_update,rdfs:subPropertyOf,owl.ObjectProperty
rc.live_blog_update,rdfs:subPropertyOf,kko.eventuals
rc.located_in_or_next_to_body_of_water,rdfs:subPropertyOf,owl.ObjectProperty
rc.located_in_or_next_to_body_of_water,rdfs:subPropertyOf,kko.conjoins
rc.located_in_present_day_administrative_territorial_entity,rdfs:subPropertyOf,owl.ObjectProperty
rc.located_in_present_day_administrative_territorial_entity,rdfs:subPropertyOf,kko.situants
rc.located_in_protected_area,rdfs:subPropertyOf,owl.ObjectProperty
rc.located_in_protected_area,rdfs:subPropertyOf,kko.situants
rc.located_in_the_administrative_territorial_entity,rdfs:subPropertyOf,owl.ObjectProperty
rc.located_in_the_administrative_territorial_entity,rdfs:subPropertyOf,kko.situants
rc.located_in_time_zone,rdfs:subPropertyOf,owl.ObjectProperty
rc.located_in_time_zone,rdfs:subPropertyOf,kko.conjoins
rc.located_on_astronomical_location,rdfs:subPropertyOf,owl.ObjectProperty
rc.located_on_astronomical_location,rdfs:subPropertyOf,kko.conjoins
rc.located_on_linear_feature,rdfs:subPropertyOf,owl.ObjectProperty
rc.located_on_linear_feature,rdfs:subPropertyOf,kko.situants
rc.located_on_street,rdfs:subPropertyOf,owl.ObjectProperty
rc.located_on_street,rdfs:subPropertyOf,kko.situants
rc.located_on_terrain_feature,rdfs:subPropertyOf,owl.ObjectProperty
rc.located_on_terrain_feature,rdfs:subPropertyOf,kko.situants
rc.location,rdfs:subPropertyOf,owl.ObjectProperty
rc.location,rdfs:subPropertyOf,kko.situants
rc.location_created,rdfs:subPropertyOf,owl.ObjectProperty
rc.location_created,rdfs:subPropertyOf,kko.situants
rc.location_of_discovery,rdfs:subPropertyOf,owl.ObjectProperty
rc.location_of_discovery,rdfs:subPropertyOf,kko.situants
rc.location_of_final_assembly,rdfs:subPropertyOf,owl.ObjectProperty
rc.location_of_final_assembly,rdfs:subPropertyOf,kko.situants
rc.location_of_first_performance,rdfs:subPropertyOf,owl.ObjectProperty
rc.location_of_first_performance,rdfs:subPropertyOf,kko.situants
rc.location_of_formation,rdfs:subPropertyOf,owl.ObjectProperty
rc.location_of_formation,rdfs:subPropertyOf,kko.situants
rc.location_of_landing,rdfs:subPropertyOf,owl.ObjectProperty
rc.location_of_landing,rdfs:subPropertyOf,kko.situants
rc.loser,rdfs:subPropertyOf,owl.ObjectProperty
rc.loser,rdfs:subPropertyOf,kko.typings
rc.lowest_note,rdfs:subPropertyOf,owl.ObjectProperty
rc.lowest_note,rdfs:subPropertyOf,kko.qualities
rc.lowest_point,rdfs:subPropertyOf,owl.ObjectProperty
rc.lowest_point,rdfs:subPropertyOf,kko.qualities
rc.lymphatic_drainage,rdfs:subPropertyOf,owl.ObjectProperty
rc.lymphatic_drainage,rdfs:subPropertyOf,kko.typings
rc.lyricist,rdfs:subPropertyOf,owl.ObjectProperty
rc.lyricist,rdfs:subPropertyOf,kko.typings
rc.lyrics_by,rdfs:subPropertyOf,owl.ObjectProperty
rc.lyrics_by,rdfs:subPropertyOf,kko.conjoins
rc.magnetic_ordering,rdfs:subPropertyOf,owl.ObjectProperty
rc.magnetic_ordering,rdfs:subPropertyOf,kko.qualities
rc.main_building_contractor,rdfs:subPropertyOf,owl.ObjectProperty
rc.main_building_contractor,rdfs:subPropertyOf,kko.conjoins
rc.main_food_source,rdfs:subPropertyOf,owl.ObjectProperty
rc.main_food_source,rdfs:subPropertyOf,kko.quantities
rc.main_regulatory_text,rdfs:subPropertyOf,owl.ObjectProperty
rc.main_regulatory_text,rdfs:subPropertyOf,kko.conjoins
rc.main_subject,rdfs:subPropertyOf,owl.ObjectProperty
rc.main_subject,rdfs:subPropertyOf,kko.elementals
rc.maintained_by,rdfs:subPropertyOf,owl.ObjectProperty
rc.maintained_by,rdfs:subPropertyOf,kko.conjoins
rc.make_up_artist,rdfs:subPropertyOf,owl.ObjectProperty
rc.make_up_artist,rdfs:subPropertyOf,kko.conjoins
rc.makes_offer,rdfs:subPropertyOf,owl.ObjectProperty
rc.makes_offer,rdfs:subPropertyOf,kko.actions
rc.mandates,rdfs:subPropertyOf,owl.ObjectProperty
rc.mandates,rdfs:subPropertyOf,kko.qualities
rc.manifestation_of,rdfs:subPropertyOf,owl.ObjectProperty
rc.manifestation_of,rdfs:subPropertyOf,kko.conjoins
rc.manner_of_death,rdfs:subPropertyOf,owl.ObjectProperty
rc.manner_of_death,rdfs:subPropertyOf,kko.extrinsics
rc.manufacturer,rdfs:subPropertyOf,owl.ObjectProperty
rc.manufacturer,rdfs:subPropertyOf,kko.conjoins
rc.manufacturer,rdfs:subPropertyOf,kko.elementals
rc.map_type,rdfs:subPropertyOf,owl.ObjectProperty
rc.map_type,rdfs:subPropertyOf,kko.typings
rc.mascot,rdfs:subPropertyOf,owl.ObjectProperty
rc.mascot,rdfs:subPropertyOf,kko.conjoins
rc.material,rdfs:subPropertyOf,owl.ObjectProperty
rc.material,rdfs:subPropertyOf,kko.typings
rc.material_used,rdfs:subPropertyOf,owl.ObjectProperty
rc.material_used,rdfs:subPropertyOf,kko.elementals
rc.means_of_locomotion,rdfs:subPropertyOf,owl.ObjectProperty
rc.means_of_locomotion,rdfs:subPropertyOf,kko.actions
rc.measured_by,rdfs:subPropertyOf,owl.ObjectProperty
rc.measured_by,rdfs:subPropertyOf,kko.conjoins
rc.measured_physical_quantity,rdfs:subPropertyOf,owl.ObjectProperty
rc.measured_physical_quantity,rdfs:subPropertyOf,kko.quantities
rc.measures,rdfs:subPropertyOf,owl.ObjectProperty
rc.measures,rdfs:subPropertyOf,kko.actions
rc.medical_condition,rdfs:subPropertyOf,owl.ObjectProperty
rc.medical_condition,rdfs:subPropertyOf,kko.qualities
rc.medical_condition_treated,rdfs:subPropertyOf,owl.ObjectProperty
rc.medical_condition_treated,rdfs:subPropertyOf,kko.conjoins
rc.medical_examinations,rdfs:subPropertyOf,owl.ObjectProperty
rc.medical_examinations,rdfs:subPropertyOf,kko.conjoins
rc.member,rdfs:subPropertyOf,owl.ObjectProperty
rc.member,rdfs:subPropertyOf,kko.typings
rc.memberOf,rdfs:subPropertyOf,owl.ObjectProperty
rc.memberOf,rdfs:subPropertyOf,kko.conjoins
rc.member_of,rdfs:subPropertyOf,owl.ObjectProperty
rc.member_of,rdfs:subPropertyOf,kko.conjoins
rc.member_of_political_party,rdfs:subPropertyOf,owl.ObjectProperty
rc.member_of_political_party,rdfs:subPropertyOf,kko.extrinsics
rc.member_of_sports_team,rdfs:subPropertyOf,owl.ObjectProperty
rc.member_of_sports_team,rdfs:subPropertyOf,kko.typings
rc.member_of_the_deme,rdfs:subPropertyOf,owl.ObjectProperty
rc.member_of_the_deme,rdfs:subPropertyOf,kko.extrinsics
rc.members,rdfs:subPropertyOf,owl.ObjectProperty
rc.members,rdfs:subPropertyOf,kko.typings
rc.members_have_occupation,rdfs:subPropertyOf,owl.ObjectProperty
rc.members_have_occupation,rdfs:subPropertyOf,kko.conjoins
rc.mercalli_intensity_scale,rdfs:subPropertyOf,owl.ObjectProperty
rc.mercalli_intensity_scale,rdfs:subPropertyOf,kko.ratings
rc.merchant,rdfs:subPropertyOf,owl.ObjectProperty
rc.merchant,rdfs:subPropertyOf,kko.typings
rc.metrically_compatible_typeface,rdfs:subPropertyOf,owl.ObjectProperty
rc.metrically_compatible_typeface,rdfs:subPropertyOf,kko.forms
rc.military_branch,rdfs:subPropertyOf,owl.ObjectProperty
rc.military_branch,rdfs:subPropertyOf,kko.typings
rc.military_casualty_classification,rdfs:subPropertyOf,owl.ObjectProperty
rc.military_casualty_classification,rdfs:subPropertyOf,kko.classifications
rc.military_rank,rdfs:subPropertyOf,owl.ObjectProperty
rc.military_rank,rdfs:subPropertyOf,kko.extrinsics
rc.minor_planet_group,rdfs:subPropertyOf,owl.ObjectProperty
rc.minor_planet_group,rdfs:subPropertyOf,kko.typings
rc.mode_of_inheritance,rdfs:subPropertyOf,owl.ObjectProperty
rc.mode_of_inheritance,rdfs:subPropertyOf,kko.elementals
rc.molecular_function,rdfs:subPropertyOf,owl.ObjectProperty
rc.molecular_function,rdfs:subPropertyOf,kko.conjoins
rc.monomer_of,rdfs:subPropertyOf,owl.ObjectProperty
rc.monomer_of,rdfs:subPropertyOf,kko.qualities
rc.month_of_the_year,rdfs:subPropertyOf,owl.ObjectProperty
rc.month_of_the_year,rdfs:subPropertyOf,kko.eventuals
rc.mother,rdfs:subPropertyOf,owl.ObjectProperty
rc.mother,rdfs:subPropertyOf,kko.descendants
rc.mother_house,rdfs:subPropertyOf,owl.ObjectProperty
rc.mother_house,rdfs:subPropertyOf,kko.typings
rc.mount,rdfs:subPropertyOf,owl.ObjectProperty
rc.mount,rdfs:subPropertyOf,kko.typings
rc.mountain_range,rdfs:subPropertyOf,owl.ObjectProperty
rc.mountain_range,rdfs:subPropertyOf,kko.situants
rc.mountains_classification,rdfs:subPropertyOf,owl.ObjectProperty
rc.mountains_classification,rdfs:subPropertyOf,kko.classifications
rc.mouth_of_the_watercourse,rdfs:subPropertyOf,owl.ObjectProperty
rc.mouth_of_the_watercourse,rdfs:subPropertyOf,kko.conjoins
rc.mouthpiece,rdfs:subPropertyOf,owl.ObjectProperty
rc.mouthpiece,rdfs:subPropertyOf,kko.conjoins
rc.movement,rdfs:subPropertyOf,owl.ObjectProperty
rc.movement,rdfs:subPropertyOf,kko.extrinsics
rc.mpaa_film_rating,rdfs:subPropertyOf,owl.ObjectProperty
rc.mpaa_film_rating,rdfs:subPropertyOf,kko.ratings
rc.muscle_action,rdfs:subPropertyOf,owl.ObjectProperty
rc.muscle_action,rdfs:subPropertyOf,kko.actions
rc.muscle_insertion,rdfs:subPropertyOf,owl.ObjectProperty
rc.muscle_insertion,rdfs:subPropertyOf,kko.situants
rc.muscle_origin,rdfs:subPropertyOf,owl.ObjectProperty
rc.muscle_origin,rdfs:subPropertyOf,kko.situants
rc.mushroom_cap_shape,rdfs:subPropertyOf,owl.ObjectProperty
rc.mushroom_cap_shape,rdfs:subPropertyOf,kko.forms
rc.mushroom_ecological_type,rdfs:subPropertyOf,owl.ObjectProperty
rc.mushroom_ecological_type,rdfs:subPropertyOf,kko.typings
rc.music_arrangement,rdfs:subPropertyOf,owl.ObjectProperty
rc.music_arrangement,rdfs:subPropertyOf,kko.performances
rc.music_by,rdfs:subPropertyOf,owl.ObjectProperty
rc.music_by,rdfs:subPropertyOf,kko.conjoins
rc.music_group_member,rdfs:subPropertyOf,owl.ObjectProperty
rc.music_group_member,rdfs:subPropertyOf,kko.typings
rc.music_release_format,rdfs:subPropertyOf,owl.ObjectProperty
rc.music_release_format,rdfs:subPropertyOf,kko.typings
rc.musical_conductor,rdfs:subPropertyOf,owl.ObjectProperty
rc.musical_conductor,rdfs:subPropertyOf,kko.conjoins
rc.name_day,rdfs:subPropertyOf,owl.ObjectProperty
rc.name_day,rdfs:subPropertyOf,kko.eventuals
rc.named_after,rdfs:subPropertyOf,owl.ObjectProperty
rc.named_after,rdfs:subPropertyOf,kko.conjoins
rc.named_by,rdfs:subPropertyOf,owl.ObjectProperty
rc.named_by,rdfs:subPropertyOf,kko.conjoins
rc.narrative_location,rdfs:subPropertyOf,owl.ObjectProperty
rc.narrative_location,rdfs:subPropertyOf,kko.situants
rc.narrator,rdfs:subPropertyOf,owl.ObjectProperty
rc.narrator,rdfs:subPropertyOf,kko.extrinsics
rc.nationality,rdfs:subPropertyOf,owl.ObjectProperty
rc.nationality,rdfs:subPropertyOf,kko.extrinsics
rc.native_language,rdfs:subPropertyOf,owl.ObjectProperty
rc.native_language,rdfs:subPropertyOf,kko.quantities
rc.natural_product_of_taxon,rdfs:subPropertyOf,owl.ObjectProperty
rc.natural_product_of_taxon,rdfs:subPropertyOf,kko.conjoins
rc.negative_therapeutic_predictor,rdfs:subPropertyOf,owl.ObjectProperty
rc.negative_therapeutic_predictor,rdfs:subPropertyOf,kko.ratings
rc.neoschizomer,rdfs:subPropertyOf,owl.ObjectProperty
rc.neoschizomer,rdfs:subPropertyOf,kko.forms
rc.neurological_function,rdfs:subPropertyOf,owl.ObjectProperty
rc.neurological_function,rdfs:subPropertyOf,kko.extrinsics
rc.newspaper_format,rdfs:subPropertyOf,owl.ObjectProperty
rc.newspaper_format,rdfs:subPropertyOf,kko.forms
rc.next_crossing_downstream,rdfs:subPropertyOf,owl.ObjectProperty
rc.next_crossing_downstream,rdfs:subPropertyOf,kko.situants
rc.next_crossing_upstream,rdfs:subPropertyOf,owl.ObjectProperty
rc.next_crossing_upstream,rdfs:subPropertyOf,kko.situants
rc.next_higher_rank,rdfs:subPropertyOf,owl.ObjectProperty
rc.next_higher_rank,rdfs:subPropertyOf,kko.descendants
rc.next_lower_rank,rdfs:subPropertyOf,owl.ObjectProperty
rc.next_lower_rank,rdfs:subPropertyOf,kko.descendants
rc.nmhh_film_rating,rdfs:subPropertyOf,owl.ObjectProperty
rc.nmhh_film_rating,rdfs:subPropertyOf,kko.ratings
rc.nominated_by,rdfs:subPropertyOf,owl.ObjectProperty
rc.nominated_by,rdfs:subPropertyOf,kko.conjoins
rc.nominated_for,rdfs:subPropertyOf,owl.ObjectProperty
rc.nominated_for,rdfs:subPropertyOf,kko.conjoins
rc.nominee,rdfs:subPropertyOf,owl.ObjectProperty
rc.nominee,rdfs:subPropertyOf,kko.typings
rc.notable_work,rdfs:subPropertyOf,owl.ObjectProperty
rc.notable_work,rdfs:subPropertyOf,kko.extrinsics
rc.notation,rdfs:subPropertyOf,owl.ObjectProperty
rc.notation,rdfs:subPropertyOf,kko.typings
rc.oath_made_by,rdfs:subPropertyOf,owl.ObjectProperty
rc.oath_made_by,rdfs:subPropertyOf,kko.conjoins
rc.object,rdfs:subPropertyOf,owl.ObjectProperty
rc.object,rdfs:subPropertyOf,kko.conjoins
rc.objective_of_project_or_action,rdfs:subPropertyOf,owl.ObjectProperty
rc.objective_of_project_or_action,rdfs:subPropertyOf,kko.conjoins
rc.occupant,rdfs:subPropertyOf,owl.ObjectProperty
rc.occupant,rdfs:subPropertyOf,kko.conjoins
rc.occupation,rdfs:subPropertyOf,owl.ObjectProperty
rc.occupation,rdfs:subPropertyOf,kko.typings
rc.of,rdfs:subPropertyOf,owl.ObjectProperty
rc.of,rdfs:subPropertyOf,kko.descendants
rc.offered_by,rdfs:subPropertyOf,owl.ObjectProperty
rc.offered_by,rdfs:subPropertyOf,kko.conjoins
rc.offers,rdfs:subPropertyOf,owl.ObjectProperty
rc.offers,rdfs:subPropertyOf,kko.actions
rc.offers_view_on,rdfs:subPropertyOf,owl.ObjectProperty
rc.offers_view_on,rdfs:subPropertyOf,kko.conjoins
rc.office_contested,rdfs:subPropertyOf,owl.ObjectProperty
rc.office_contested,rdfs:subPropertyOf,kko.elementals
rc.office_held_by_head_of_government,rdfs:subPropertyOf,owl.ObjectProperty
rc.office_held_by_head_of_government,rdfs:subPropertyOf,kko.conjoins
rc.office_held_by_head_of_state,rdfs:subPropertyOf,owl.ObjectProperty
rc.office_held_by_head_of_state,rdfs:subPropertyOf,kko.conjoins
rc.office_held_by_head_of_the_organization,rdfs:subPropertyOf,owl.ObjectProperty
rc.office_held_by_head_of_the_organization,rdfs:subPropertyOf,kko.conjoins
rc.officeholder,rdfs:subPropertyOf,owl.ObjectProperty
rc.officeholder,rdfs:subPropertyOf,kko.typings
rc.official_app,rdfs:subPropertyOf,owl.ObjectProperty
rc.official_app,rdfs:subPropertyOf,kko.extrinsics
rc.official_language,rdfs:subPropertyOf,owl.ObjectProperty
rc.official_language,rdfs:subPropertyOf,kko.elementals
rc.official_religion,rdfs:subPropertyOf,owl.ObjectProperty
rc.official_religion,rdfs:subPropertyOf,kko.conjoins
rc.official_residence,rdfs:subPropertyOf,owl.ObjectProperty
rc.official_residence,rdfs:subPropertyOf,kko.situants
rc.officially_opened_by,rdfs:subPropertyOf,owl.ObjectProperty
rc.officially_opened_by,rdfs:subPropertyOf,kko.conjoins
rc.online_service,rdfs:subPropertyOf,owl.ObjectProperty
rc.online_service,rdfs:subPropertyOf,kko.typings
rc.open_days,rdfs:subPropertyOf,owl.ObjectProperty
rc.open_days,rdfs:subPropertyOf,kko.eventuals
rc.opening_hours_specification,rdfs:subPropertyOf,owl.ObjectProperty
rc.opening_hours_specification,rdfs:subPropertyOf,kko.eventuals
rc.operating_area,rdfs:subPropertyOf,owl.ObjectProperty
rc.operating_area,rdfs:subPropertyOf,kko.situants
rc.operating_system,rdfs:subPropertyOf,owl.ObjectProperty
rc.operating_system,rdfs:subPropertyOf,kko.elementals
rc.operator,rdfs:subPropertyOf,owl.ObjectProperty
rc.operator,rdfs:subPropertyOf,kko.conjoins
rc.opponent,rdfs:subPropertyOf,owl.ObjectProperty
rc.opponent,rdfs:subPropertyOf,kko.typings
rc.opposite_of,rdfs:subPropertyOf,owl.ObjectProperty
rc.opposite_of,rdfs:subPropertyOf,kko.equivalences
rc.order_delivery,rdfs:subPropertyOf,owl.ObjectProperty
rc.order_delivery,rdfs:subPropertyOf,kko.extrinsics
rc.order_item_status,rdfs:subPropertyOf,owl.ObjectProperty
rc.order_item_status,rdfs:subPropertyOf,kko.classifications
rc.order_of_battle,rdfs:subPropertyOf,owl.ObjectProperty
rc.order_of_battle,rdfs:subPropertyOf,kko.forms
rc.order_status,rdfs:subPropertyOf,owl.ObjectProperty
rc.order_status,rdfs:subPropertyOf,kko.classifications
rc.organization_directed_from_the_office_or_person,rdfs:subPropertyOf,owl.ObjectProperty
rc.organization_directed_from_the_office_or_person,rdfs:subPropertyOf,kko.conjoins
rc.organizer,rdfs:subPropertyOf,owl.ObjectProperty
rc.organizer,rdfs:subPropertyOf,kko.conjoins
rc.organizer,rdfs:subPropertyOf,kko.typings
rc.origin_of_the_watercourse,rdfs:subPropertyOf,owl.ObjectProperty
rc.origin_of_the_watercourse,rdfs:subPropertyOf,kko.situants
rc.original_film_format,rdfs:subPropertyOf,owl.ObjectProperty
rc.original_film_format,rdfs:subPropertyOf,kko.forms
rc.original_language_of_film_or_tv_show,rdfs:subPropertyOf,owl.ObjectProperty
rc.original_language_of_film_or_tv_show,rdfs:subPropertyOf,kko.forms
rc.original_network,rdfs:subPropertyOf,owl.ObjectProperty
rc.original_network,rdfs:subPropertyOf,kko.extrinsics
rc.ortholog,rdfs:subPropertyOf,owl.ObjectProperty
rc.ortholog,rdfs:subPropertyOf,kko.extrinsics
rc.overlies,rdfs:subPropertyOf,owl.ObjectProperty
rc.overlies,rdfs:subPropertyOf,kko.actions
rc.owned_by,rdfs:subPropertyOf,owl.ObjectProperty
rc.owned_by,rdfs:subPropertyOf,kko.conjoins
rc.owner_of,rdfs:subPropertyOf,owl.ObjectProperty
rc.owner_of,rdfs:subPropertyOf,kko.conjoins
rc.owns,rdfs:subPropertyOf,owl.ObjectProperty
rc.owns,rdfs:subPropertyOf,kko.typings
rc.package_management_system,rdfs:subPropertyOf,owl.ObjectProperty
rc.package_management_system,rdfs:subPropertyOf,kko.extrinsics
rc.parent,rdfs:subPropertyOf,owl.ObjectProperty
rc.parent,rdfs:subPropertyOf,kko.typings
rc.parentOrganization,rdfs:subPropertyOf,owl.ObjectProperty
rc.parentOrganization,rdfs:subPropertyOf,kko.descendants
rc.parent_astronomical_body,rdfs:subPropertyOf,owl.ObjectProperty
rc.parent_astronomical_body,rdfs:subPropertyOf,kko.typings
rc.parent_cell_line,rdfs:subPropertyOf,owl.ObjectProperty
rc.parent_cell_line,rdfs:subPropertyOf,kko.descendants
rc.parent_club,rdfs:subPropertyOf,owl.ObjectProperty
rc.parent_club,rdfs:subPropertyOf,kko.typings
rc.parent_of_this_hybrid_breed_or_cultivar,rdfs:subPropertyOf,owl.ObjectProperty
rc.parent_of_this_hybrid_breed_or_cultivar,rdfs:subPropertyOf,kko.partsOf
rc.parent_organization,rdfs:subPropertyOf,owl.ObjectProperty
rc.parent_organization,rdfs:subPropertyOf,kko.descendants
rc.parent_organization,rdfs:subPropertyOf,kko.typings
rc.parent_peak,rdfs:subPropertyOf,owl.ObjectProperty
rc.parent_peak,rdfs:subPropertyOf,kko.situants
rc.parent_service,rdfs:subPropertyOf,owl.ObjectProperty
rc.parent_service,rdfs:subPropertyOf,kko.typings
rc.parent_taxon,rdfs:subPropertyOf,owl.ObjectProperty
rc.parent_taxon,rdfs:subPropertyOf,kko.descendants
rc.parents,rdfs:subPropertyOf,owl.ObjectProperty
rc.parents,rdfs:subPropertyOf,kko.typings
rc.parliamentary_group,rdfs:subPropertyOf,owl.ObjectProperty
rc.parliamentary_group,rdfs:subPropertyOf,kko.typings
rc.parliamentary_term,rdfs:subPropertyOf,owl.ObjectProperty
rc.parliamentary_term,rdfs:subPropertyOf,kko.quantities
rc.part_of,rdfs:subPropertyOf,owl.ObjectProperty
rc.part_of,rdfs:subPropertyOf,kko.partsOf
rc.part_of_episode,rdfs:subPropertyOf,owl.ObjectProperty
rc.part_of_episode,rdfs:subPropertyOf,kko.partsOf
rc.part_of_invoice,rdfs:subPropertyOf,owl.ObjectProperty
rc.part_of_invoice,rdfs:subPropertyOf,kko.partsOf
rc.part_of_order,rdfs:subPropertyOf,owl.ObjectProperty
rc.part_of_order,rdfs:subPropertyOf,kko.partsOf
rc.part_of_season,rdfs:subPropertyOf,owl.ObjectProperty
rc.part_of_season,rdfs:subPropertyOf,kko.partsOf
rc.part_of_series,rdfs:subPropertyOf,owl.ObjectProperty
rc.part_of_series,rdfs:subPropertyOf,kko.partsOf
rc.part_of_the_series,rdfs:subPropertyOf,owl.ObjectProperty
rc.part_of_the_series,rdfs:subPropertyOf,kko.partsOf
rc.part_of_tv_series,rdfs:subPropertyOf,owl.ObjectProperty
rc.part_of_tv_series,rdfs:subPropertyOf,kko.partsOf
rc.partially_coincident_with,rdfs:subPropertyOf,owl.ObjectProperty
rc.partially_coincident_with,rdfs:subPropertyOf,kko.comparisons
rc.participant,rdfs:subPropertyOf,owl.ObjectProperty
rc.participant,rdfs:subPropertyOf,kko.conjoins
rc.participant,rdfs:subPropertyOf,kko.typings
rc.participant_of,rdfs:subPropertyOf,owl.ObjectProperty
rc.participant_of,rdfs:subPropertyOf,kko.conjoins
rc.participating_team,rdfs:subPropertyOf,owl.ObjectProperty
rc.participating_team,rdfs:subPropertyOf,kko.conjoins
rc.partner,rdfs:subPropertyOf,owl.ObjectProperty
rc.partner,rdfs:subPropertyOf,kko.typings
rc.partner_in_business_or_sport,rdfs:subPropertyOf,owl.ObjectProperty
rc.partner_in_business_or_sport,rdfs:subPropertyOf,kko.typings
rc.partnership_with,rdfs:subPropertyOf,owl.ObjectProperty
rc.partnership_with,rdfs:subPropertyOf,kko.conjoins
rc.party_chief_representative,rdfs:subPropertyOf,owl.ObjectProperty
rc.party_chief_representative,rdfs:subPropertyOf,kko.conjoins
rc.pathogen_transmission_process,rdfs:subPropertyOf,owl.ObjectProperty
rc.pathogen_transmission_process,rdfs:subPropertyOf,kko.extrinsics
rc.patient_of,rdfs:subPropertyOf,owl.ObjectProperty
rc.patient_of,rdfs:subPropertyOf,kko.conjoins
rc.patron_saint,rdfs:subPropertyOf,owl.ObjectProperty
rc.patron_saint,rdfs:subPropertyOf,kko.conjoins
rc.patronym_or_matronym_for_this_name,rdfs:subPropertyOf,owl.ObjectProperty
rc.patronym_or_matronym_for_this_name,rdfs:subPropertyOf,kko.elementals
rc.payment_method,rdfs:subPropertyOf,owl.ObjectProperty
rc.payment_method,rdfs:subPropertyOf,kko.extrinsics
rc.payment_status,rdfs:subPropertyOf,owl.ObjectProperty
rc.payment_status,rdfs:subPropertyOf,kko.classifications
rc.payment_types_accepted,rdfs:subPropertyOf,owl.ObjectProperty
rc.payment_types_accepted,rdfs:subPropertyOf,kko.conjoins
rc.pegi_rating,rdfs:subPropertyOf,owl.ObjectProperty
rc.pegi_rating,rdfs:subPropertyOf,kko.ratings
rc.penalty,rdfs:subPropertyOf,owl.ObjectProperty
rc.penalty,rdfs:subPropertyOf,kko.conjoins
rc.pendant_of,rdfs:subPropertyOf,owl.ObjectProperty
rc.pendant_of,rdfs:subPropertyOf,kko.conjoins
rc.people_or_cargo_transported,rdfs:subPropertyOf,owl.ObjectProperty
rc.people_or_cargo_transported,rdfs:subPropertyOf,kko.conjoins
rc.performer,rdfs:subPropertyOf,owl.ObjectProperty
rc.performer,rdfs:subPropertyOf,kko.elementals
rc.performer,rdfs:subPropertyOf,kko.typings
rc.performer_in,rdfs:subPropertyOf,owl.ObjectProperty
rc.performer_in,rdfs:subPropertyOf,kko.conjoins
rc.performers,rdfs:subPropertyOf,owl.ObjectProperty
rc.performers,rdfs:subPropertyOf,kko.typings
rc.permanent_duplicated_item,rdfs:subPropertyOf,owl.ObjectProperty
rc.permanent_duplicated_item,rdfs:subPropertyOf,kko.conjoins
rc.permission_type,rdfs:subPropertyOf,owl.ObjectProperty
rc.permission_type,rdfs:subPropertyOf,kko.typings
rc.permit_audience,rdfs:subPropertyOf,owl.ObjectProperty
rc.permit_audience,rdfs:subPropertyOf,kko.extrinsics
rc.phase_of_matter,rdfs:subPropertyOf,owl.ObjectProperty
rc.phase_of_matter,rdfs:subPropertyOf,kko.qualities
rc.phase_point,rdfs:subPropertyOf,owl.ObjectProperty
rc.phase_point,rdfs:subPropertyOf,kko.qualities
rc.physically_interacts_with,rdfs:subPropertyOf,owl.ObjectProperty
rc.physically_interacts_with,rdfs:subPropertyOf,kko.conjoins
rc.pickup_location,rdfs:subPropertyOf,owl.ObjectProperty
rc.pickup_location,rdfs:subPropertyOf,kko.situants
rc.place_of_birth,rdfs:subPropertyOf,owl.ObjectProperty
rc.place_of_birth,rdfs:subPropertyOf,kko.situants
rc.place_of_burial,rdfs:subPropertyOf,owl.ObjectProperty
rc.place_of_burial,rdfs:subPropertyOf,kko.situants
rc.place_of_death,rdfs:subPropertyOf,owl.ObjectProperty
rc.place_of_death,rdfs:subPropertyOf,kko.situants
rc.place_of_detention,rdfs:subPropertyOf,owl.ObjectProperty
rc.place_of_detention,rdfs:subPropertyOf,kko.situants
rc.place_of_origin_switzerland,rdfs:subPropertyOf,owl.ObjectProperty
rc.place_of_origin_switzerland,rdfs:subPropertyOf,kko.situants
rc.place_of_publication,rdfs:subPropertyOf,owl.ObjectProperty
rc.place_of_publication,rdfs:subPropertyOf,kko.situants
rc.place_served_by_transport_hub,rdfs:subPropertyOf,owl.ObjectProperty
rc.place_served_by_transport_hub,rdfs:subPropertyOf,kko.situants
rc.plaintiff,rdfs:subPropertyOf,owl.ObjectProperty
rc.plaintiff,rdfs:subPropertyOf,kko.elementals
rc.platform,rdfs:subPropertyOf,owl.ObjectProperty
rc.platform,rdfs:subPropertyOf,kko.typings
rc.play_mode,rdfs:subPropertyOf,owl.ObjectProperty
rc.play_mode,rdfs:subPropertyOf,kko.forms
rc.playing_hand,rdfs:subPropertyOf,owl.ObjectProperty
rc.playing_hand,rdfs:subPropertyOf,kko.qualities
rc.point_group,rdfs:subPropertyOf,owl.ObjectProperty
rc.point_group,rdfs:subPropertyOf,kko.typings
rc.points_classification,rdfs:subPropertyOf,owl.ObjectProperty
rc.points_classification,rdfs:subPropertyOf,kko.classifications
rc.points_goal_scored_by,rdfs:subPropertyOf,owl.ObjectProperty
rc.points_goal_scored_by,rdfs:subPropertyOf,kko.quantities
rc.pole_position,rdfs:subPropertyOf,owl.ObjectProperty
rc.pole_position,rdfs:subPropertyOf,kko.conjoins
rc.political_alignment,rdfs:subPropertyOf,owl.ObjectProperty
rc.political_alignment,rdfs:subPropertyOf,kko.qualities
rc.political_ideology,rdfs:subPropertyOf,owl.ObjectProperty
rc.political_ideology,rdfs:subPropertyOf,kko.typings
rc.polymer_of,rdfs:subPropertyOf,owl.ObjectProperty
rc.polymer_of,rdfs:subPropertyOf,kko.elementals
rc.port_of_registry,rdfs:subPropertyOf,owl.ObjectProperty
rc.port_of_registry,rdfs:subPropertyOf,kko.situants
rc.position_held,rdfs:subPropertyOf,owl.ObjectProperty
rc.position_held,rdfs:subPropertyOf,kko.conjoins
rc.position_played_on_team_speciality,rdfs:subPropertyOf,owl.ObjectProperty
rc.position_played_on_team_speciality,rdfs:subPropertyOf,kko.typings
rc.positive_therapeutic_predictor,rdfs:subPropertyOf,owl.ObjectProperty
rc.positive_therapeutic_predictor,rdfs:subPropertyOf,kko.ratings
rc.possessed_by_spirit,rdfs:subPropertyOf,owl.ObjectProperty
rc.possessed_by_spirit,rdfs:subPropertyOf,kko.extrinsics
rc.possible_creator,rdfs:subPropertyOf,owl.ObjectProperty
rc.possible_creator,rdfs:subPropertyOf,kko.extrinsics
rc.possible_treatment,rdfs:subPropertyOf,owl.ObjectProperty
rc.possible_treatment,rdfs:subPropertyOf,kko.actions
rc.potential_action,rdfs:subPropertyOf,owl.ObjectProperty
rc.potential_action,rdfs:subPropertyOf,kko.actions
rc.powered_by,rdfs:subPropertyOf,owl.ObjectProperty
rc.powered_by,rdfs:subPropertyOf,kko.elementals
rc.practiced_by,rdfs:subPropertyOf,owl.ObjectProperty
rc.practiced_by,rdfs:subPropertyOf,kko.conjoins
rc.predecessor_of,rdfs:subPropertyOf,owl.ObjectProperty
rc.predecessor_of,rdfs:subPropertyOf,kko.descendants
rc.pregnancy_category,rdfs:subPropertyOf,owl.ObjectProperty
rc.pregnancy_category,rdfs:subPropertyOf,kko.classifications
rc.premiere_type,rdfs:subPropertyOf,owl.ObjectProperty
rc.premiere_type,rdfs:subPropertyOf,kko.conjoins
rc.present_in_work,rdfs:subPropertyOf,owl.ObjectProperty
rc.present_in_work,rdfs:subPropertyOf,kko.conjoins
rc.presenter,rdfs:subPropertyOf,owl.ObjectProperty
rc.presenter,rdfs:subPropertyOf,kko.elementals
rc.primary_destinations,rdfs:subPropertyOf,owl.ObjectProperty
rc.primary_destinations,rdfs:subPropertyOf,kko.situants
rc.printed_by,rdfs:subPropertyOf,owl.ObjectProperty
rc.printed_by,rdfs:subPropertyOf,kko.conjoins
rc.produced_by,rdfs:subPropertyOf,owl.ObjectProperty
rc.produced_by,rdfs:subPropertyOf,kko.conjoins
rc.produced_sound,rdfs:subPropertyOf,owl.ObjectProperty
rc.produced_sound,rdfs:subPropertyOf,kko.qualities
rc.producer,rdfs:subPropertyOf,owl.ObjectProperty
rc.producer,rdfs:subPropertyOf,kko.extrinsics
rc.producer,rdfs:subPropertyOf,kko.typings
rc.produces,rdfs:subPropertyOf,owl.ObjectProperty
rc.produces,rdfs:subPropertyOf,kko.typings
rc.product_certification,rdfs:subPropertyOf,owl.ObjectProperty
rc.product_certification,rdfs:subPropertyOf,kko.extrinsics
rc.product_or_material_produced,rdfs:subPropertyOf,owl.ObjectProperty
rc.product_or_material_produced,rdfs:subPropertyOf,kko.qualities
rc.productionCompany,rdfs:subPropertyOf,owl.ObjectProperty
rc.productionCompany,rdfs:subPropertyOf,kko.conjoins
rc.production_company,rdfs:subPropertyOf,owl.ObjectProperty
rc.production_company,rdfs:subPropertyOf,kko.conjoins
rc.production_company,rdfs:subPropertyOf,kko.typings
rc.production_designer,rdfs:subPropertyOf,owl.ObjectProperty
rc.production_designer,rdfs:subPropertyOf,kko.extrinsics
rc.production_statistics,rdfs:subPropertyOf,owl.ObjectProperty
rc.production_statistics,rdfs:subPropertyOf,kko.classifications
rc.professorship,rdfs:subPropertyOf,owl.ObjectProperty
rc.professorship,rdfs:subPropertyOf,kko.elementals
rc.program_membership_used,rdfs:subPropertyOf,owl.ObjectProperty
rc.program_membership_used,rdfs:subPropertyOf,kko.extrinsics
rc.programmer,rdfs:subPropertyOf,owl.ObjectProperty
rc.programmer,rdfs:subPropertyOf,kko.elementals
rc.programming_language,rdfs:subPropertyOf,owl.ObjectProperty
rc.programming_language,rdfs:subPropertyOf,kko.typings
rc.programming_paradigm,rdfs:subPropertyOf,owl.ObjectProperty
rc.programming_paradigm,rdfs:subPropertyOf,kko.forms
rc.promoted,rdfs:subPropertyOf,owl.ObjectProperty
rc.promoted,rdfs:subPropertyOf,kko.actions
rc.property_constraint,rdfs:subPropertyOf,owl.ObjectProperty
rc.property_constraint,rdfs:subPropertyOf,kko.actions
rc.prosecutor,rdfs:subPropertyOf,owl.ObjectProperty
rc.prosecutor,rdfs:subPropertyOf,kko.quantities
rc.protocol,rdfs:subPropertyOf,owl.ObjectProperty
rc.protocol,rdfs:subPropertyOf,kko.typings
rc.proved_by,rdfs:subPropertyOf,owl.ObjectProperty
rc.proved_by,rdfs:subPropertyOf,kko.conjoins
rc.provider,rdfs:subPropertyOf,owl.ObjectProperty
rc.provider,rdfs:subPropertyOf,kko.typings
rc.provides_broadcast_service,rdfs:subPropertyOf,owl.ObjectProperty
rc.provides_broadcast_service,rdfs:subPropertyOf,kko.conjoins
rc.provides_service,rdfs:subPropertyOf,owl.ObjectProperty
rc.provides_service,rdfs:subPropertyOf,kko.extrinsics
rc.proxy,rdfs:subPropertyOf,owl.ObjectProperty
rc.proxy,rdfs:subPropertyOf,kko.typings
rc.pseudo_crystal_habit,rdfs:subPropertyOf,owl.ObjectProperty
rc.pseudo_crystal_habit,rdfs:subPropertyOf,kko.forms
rc.public_holiday,rdfs:subPropertyOf,owl.ObjectProperty
rc.public_holiday,rdfs:subPropertyOf,kko.eventuals
rc.publication,rdfs:subPropertyOf,owl.ObjectProperty
rc.publication,rdfs:subPropertyOf,kko.eventuals
rc.published_in,rdfs:subPropertyOf,owl.ObjectProperty
rc.published_in,rdfs:subPropertyOf,kko.conjoins
rc.published_on,rdfs:subPropertyOf,owl.ObjectProperty
rc.published_on,rdfs:subPropertyOf,kko.eventuals
rc.publisher,rdfs:subPropertyOf,owl.ObjectProperty
rc.publisher,rdfs:subPropertyOf,kko.elementals
rc.publisher,rdfs:subPropertyOf,kko.typings
rc.qualifies_for_event,rdfs:subPropertyOf,owl.ObjectProperty
rc.qualifies_for_event,rdfs:subPropertyOf,kko.conjoins
rc.quest,rdfs:subPropertyOf,owl.ObjectProperty
rc.quest,rdfs:subPropertyOf,kko.elementals
rc.radio_format,rdfs:subPropertyOf,owl.ObjectProperty
rc.radio_format,rdfs:subPropertyOf,kko.conjoins
rc.radix,rdfs:subPropertyOf,owl.ObjectProperty
rc.radix,rdfs:subPropertyOf,kko.qualities
rc.railway_signalling_system,rdfs:subPropertyOf,owl.ObjectProperty
rc.railway_signalling_system,rdfs:subPropertyOf,kko.quantities
rc.rars_rating,rdfs:subPropertyOf,owl.ObjectProperty
rc.rars_rating,rdfs:subPropertyOf,kko.ratings
rc.readable_file_format,rdfs:subPropertyOf,owl.ObjectProperty
rc.readable_file_format,rdfs:subPropertyOf,kko.forms
rc.reads_environment_variable,rdfs:subPropertyOf,owl.ObjectProperty
rc.reads_environment_variable,rdfs:subPropertyOf,kko.actions
rc.real_estate_agent,rdfs:subPropertyOf,owl.ObjectProperty
rc.real_estate_agent,rdfs:subPropertyOf,kko.typings
rc.recipe,rdfs:subPropertyOf,owl.ObjectProperty
rc.recipe,rdfs:subPropertyOf,kko.typings
rc.recipient,rdfs:subPropertyOf,owl.ObjectProperty
rc.recipient,rdfs:subPropertyOf,kko.conjoins
rc.recordLabel,rdfs:subPropertyOf,owl.ObjectProperty
rc.recordLabel,rdfs:subPropertyOf,kko.conjoins
rc.record_held,rdfs:subPropertyOf,owl.ObjectProperty
rc.record_held,rdfs:subPropertyOf,kko.performances
rc.record_label,rdfs:subPropertyOf,owl.ObjectProperty
rc.record_label,rdfs:subPropertyOf,kko.conjoins
rc.record_or_record_progression,rdfs:subPropertyOf,owl.ObjectProperty
rc.record_or_record_progression,rdfs:subPropertyOf,kko.conjoins
rc.recordedAt,rdfs:subPropertyOf,owl.ObjectProperty
rc.recordedAt,rdfs:subPropertyOf,kko.situants
rc.recorded_as,rdfs:subPropertyOf,owl.ObjectProperty
rc.recorded_as,rdfs:subPropertyOf,kko.conjoins
rc.recorded_at,rdfs:subPropertyOf,owl.ObjectProperty
rc.recorded_at,rdfs:subPropertyOf,kko.conjoins
rc.recorded_at,rdfs:subPropertyOf,kko.situants
rc.recorded_in,rdfs:subPropertyOf,owl.ObjectProperty
rc.recorded_in,rdfs:subPropertyOf,kko.eventuals
rc.recording_of,rdfs:subPropertyOf,owl.ObjectProperty
rc.recording_of,rdfs:subPropertyOf,kko.conjoins
rc.recording_or_performance_of,rdfs:subPropertyOf,owl.ObjectProperty
rc.recording_or_performance_of,rdfs:subPropertyOf,kko.actions
rc.recovered_by,rdfs:subPropertyOf,owl.ObjectProperty
rc.recovered_by,rdfs:subPropertyOf,kko.conjoins
rc.rector,rdfs:subPropertyOf,owl.ObjectProperty
rc.rector,rdfs:subPropertyOf,kko.conjoins
rc.referee,rdfs:subPropertyOf,owl.ObjectProperty
rc.referee,rdfs:subPropertyOf,kko.elementals
rc.regions_allowed,rdfs:subPropertyOf,owl.ObjectProperty
rc.regions_allowed,rdfs:subPropertyOf,kko.situants
rc.regulated_by,rdfs:subPropertyOf,owl.ObjectProperty
rc.regulated_by,rdfs:subPropertyOf,kko.conjoins
rc.regulates_molecular_biology,rdfs:subPropertyOf,owl.ObjectProperty
rc.regulates_molecular_biology,rdfs:subPropertyOf,kko.actions
rc.related_to,rdfs:subPropertyOf,owl.ObjectProperty
rc.related_to,rdfs:subPropertyOf,kko.typings
rc.relative,rdfs:subPropertyOf,owl.ObjectProperty
rc.relative,rdfs:subPropertyOf,kko.typings
rc.relative_to,rdfs:subPropertyOf,owl.ObjectProperty
rc.relative_to,rdfs:subPropertyOf,kko.quantities
rc.release_of,rdfs:subPropertyOf,owl.ObjectProperty
rc.release_of,rdfs:subPropertyOf,kko.typings
rc.released_event,rdfs:subPropertyOf,owl.ObjectProperty
rc.released_event,rdfs:subPropertyOf,kko.equivalences
rc.relegated,rdfs:subPropertyOf,owl.ObjectProperty
rc.relegated,rdfs:subPropertyOf,kko.conjoins
rc.religion,rdfs:subPropertyOf,owl.ObjectProperty
rc.religion,rdfs:subPropertyOf,kko.conjoins
rc.religious_order,rdfs:subPropertyOf,owl.ObjectProperty
rc.religious_order,rdfs:subPropertyOf,kko.typings
rc.removed_feature,rdfs:subPropertyOf,owl.ObjectProperty
rc.removed_feature,rdfs:subPropertyOf,kko.typings
rc.repealed_by,rdfs:subPropertyOf,owl.ObjectProperty
rc.repealed_by,rdfs:subPropertyOf,kko.conjoins
rc.repeals,rdfs:subPropertyOf,owl.ObjectProperty
rc.repeals,rdfs:subPropertyOf,kko.actions
rc.replaced_by,rdfs:subPropertyOf,owl.ObjectProperty
rc.replaced_by,rdfs:subPropertyOf,kko.conjoins
rc.replacee,rdfs:subPropertyOf,owl.ObjectProperty
rc.replacee,rdfs:subPropertyOf,kko.conjoins
rc.replacer,rdfs:subPropertyOf,owl.ObjectProperty
rc.replacer,rdfs:subPropertyOf,kko.conjoins
rc.replaces,rdfs:subPropertyOf,owl.ObjectProperty
rc.replaces,rdfs:subPropertyOf,kko.actions
rc.reply_to,rdfs:subPropertyOf,owl.ObjectProperty
rc.reply_to,rdfs:subPropertyOf,kko.conjoins
rc.represented_by,rdfs:subPropertyOf,owl.ObjectProperty
rc.represented_by,rdfs:subPropertyOf,kko.conjoins
rc.represents,rdfs:subPropertyOf,owl.ObjectProperty
rc.represents,rdfs:subPropertyOf,kko.conjoins
rc.reservation_for,rdfs:subPropertyOf,owl.ObjectProperty
rc.reservation_for,rdfs:subPropertyOf,kko.conjoins
rc.reservation_status,rdfs:subPropertyOf,owl.ObjectProperty
rc.reservation_status,rdfs:subPropertyOf,kko.classifications
rc.reservoir_created,rdfs:subPropertyOf,owl.ObjectProperty
rc.reservoir_created,rdfs:subPropertyOf,kko.extrinsics
rc.residence,rdfs:subPropertyOf,owl.ObjectProperty
rc.residence,rdfs:subPropertyOf,kko.situants
rc.result,rdfs:subPropertyOf,owl.ObjectProperty
rc.result,rdfs:subPropertyOf,kko.conjoins
rc.result_review,rdfs:subPropertyOf,owl.ObjectProperty
rc.result_review,rdfs:subPropertyOf,kko.extrinsics
rc.results,rdfs:subPropertyOf,owl.ObjectProperty
rc.results,rdfs:subPropertyOf,kko.performances
rc.reviewedBy,rdfs:subPropertyOf,owl.ObjectProperty
rc.reviewedBy,rdfs:subPropertyOf,kko.conjoins
rc.reviewed_by,rdfs:subPropertyOf,owl.ObjectProperty
rc.reviewed_by,rdfs:subPropertyOf,kko.actions
rc.reviewed_by,rdfs:subPropertyOf,kko.conjoins
rc.reward_program,rdfs:subPropertyOf,owl.ObjectProperty
rc.reward_program,rdfs:subPropertyOf,kko.extrinsics
rc.right_to_vote,rdfs:subPropertyOf,owl.ObjectProperty
rc.right_to_vote,rdfs:subPropertyOf,kko.elementals
rc.route_of_administration,rdfs:subPropertyOf,owl.ObjectProperty
rc.route_of_administration,rdfs:subPropertyOf,kko.forms
rc.rsvp_response,rdfs:subPropertyOf,owl.ObjectProperty
rc.rsvp_response,rdfs:subPropertyOf,kko.classifications
rc.rtc_film_rating,rdfs:subPropertyOf,owl.ObjectProperty
rc.rtc_film_rating,rdfs:subPropertyOf,kko.ratings
rc.rules_for_classification,rdfs:subPropertyOf,owl.ObjectProperty
rc.rules_for_classification,rdfs:subPropertyOf,kko.classifications
rc.said_to_be_the_same_as,rdfs:subPropertyOf,owl.ObjectProperty
rc.said_to_be_the_same_as,rdfs:subPropertyOf,kko.comparisons
rc.saros_cycle_of_eclipse,rdfs:subPropertyOf,owl.ObjectProperty
rc.saros_cycle_of_eclipse,rdfs:subPropertyOf,kko.eventuals
rc.satellite_bus,rdfs:subPropertyOf,owl.ObjectProperty
rc.satellite_bus,rdfs:subPropertyOf,kko.partsOf
rc.scenographer,rdfs:subPropertyOf,owl.ObjectProperty
rc.scenographer,rdfs:subPropertyOf,kko.conjoins
rc.scheduled_service_destination,rdfs:subPropertyOf,owl.ObjectProperty
rc.scheduled_service_destination,rdfs:subPropertyOf,kko.situants
rc.screenwriter,rdfs:subPropertyOf,owl.ObjectProperty
rc.screenwriter,rdfs:subPropertyOf,kko.extrinsics
rc.script_directionality,rdfs:subPropertyOf,owl.ObjectProperty
rc.script_directionality,rdfs:subPropertyOf,kko.forms
rc.season,rdfs:subPropertyOf,owl.ObjectProperty
rc.season,rdfs:subPropertyOf,kko.eventuals
rc.season_starts,rdfs:subPropertyOf,owl.ObjectProperty
rc.season_starts,rdfs:subPropertyOf,kko.eventuals
rc.seasons,rdfs:subPropertyOf,owl.ObjectProperty
rc.seasons,rdfs:subPropertyOf,kko.eventuals
rc.secretary_general,rdfs:subPropertyOf,owl.ObjectProperty
rc.secretary_general,rdfs:subPropertyOf,kko.extrinsics
rc.seeks,rdfs:subPropertyOf,owl.ObjectProperty
rc.seeks,rdfs:subPropertyOf,kko.conjoins
rc.seller,rdfs:subPropertyOf,owl.ObjectProperty
rc.seller,rdfs:subPropertyOf,kko.typings
rc.sender,rdfs:subPropertyOf,owl.ObjectProperty
rc.sender,rdfs:subPropertyOf,kko.conjoins
rc.separated_from,rdfs:subPropertyOf,owl.ObjectProperty
rc.separated_from,rdfs:subPropertyOf,kko.conjoins
rc.series_spin_off,rdfs:subPropertyOf,owl.ObjectProperty
rc.series_spin_off,rdfs:subPropertyOf,kko.situants
rc.server_status,rdfs:subPropertyOf,owl.ObjectProperty
rc.server_status,rdfs:subPropertyOf,kko.classifications
rc.service_area,rdfs:subPropertyOf,owl.ObjectProperty
rc.service_area,rdfs:subPropertyOf,kko.situants
rc.service_audience,rdfs:subPropertyOf,owl.ObjectProperty
rc.service_audience,rdfs:subPropertyOf,kko.extrinsics
rc.service_location,rdfs:subPropertyOf,owl.ObjectProperty
rc.service_location,rdfs:subPropertyOf,kko.situants
rc.service_operator,rdfs:subPropertyOf,owl.ObjectProperty
rc.service_operator,rdfs:subPropertyOf,kko.conjoins
rc.service_output,rdfs:subPropertyOf,owl.ObjectProperty
rc.service_output,rdfs:subPropertyOf,kko.conjoins
rc.set_in_period,rdfs:subPropertyOf,owl.ObjectProperty
rc.set_in_period,rdfs:subPropertyOf,kko.conjoins
rc.sex_gender,rdfs:subPropertyOf,owl.ObjectProperty
rc.sex_gender,rdfs:subPropertyOf,kko.qualities
rc.sexual_orientation,rdfs:subPropertyOf,owl.ObjectProperty
rc.sexual_orientation,rdfs:subPropertyOf,kko.qualities
rc.sexually_homologous_with,rdfs:subPropertyOf,owl.ObjectProperty
rc.sexually_homologous_with,rdfs:subPropertyOf,kko.forms
rc.shape,rdfs:subPropertyOf,owl.ObjectProperty
rc.shape,rdfs:subPropertyOf,kko.forms
rc.shares_border_with,rdfs:subPropertyOf,owl.ObjectProperty
rc.shares_border_with,rdfs:subPropertyOf,kko.conjoins
rc.shooting_handedness,rdfs:subPropertyOf,owl.ObjectProperty
rc.shooting_handedness,rdfs:subPropertyOf,kko.qualities
rc.sibling,rdfs:subPropertyOf,owl.ObjectProperty
rc.sibling,rdfs:subPropertyOf,kko.descendants
rc.sibling,rdfs:subPropertyOf,kko.typings
rc.siblings,rdfs:subPropertyOf,owl.ObjectProperty
rc.siblings,rdfs:subPropertyOf,kko.typings
rc.sidekick_of,rdfs:subPropertyOf,owl.ObjectProperty
rc.sidekick_of,rdfs:subPropertyOf,kko.conjoins
rc.signatory,rdfs:subPropertyOf,owl.ObjectProperty
rc.signatory,rdfs:subPropertyOf,kko.typings
rc.significant_drug_interaction,rdfs:subPropertyOf,owl.ObjectProperty
rc.significant_drug_interaction,rdfs:subPropertyOf,kko.conjoins
rc.significant_environmental_impact,rdfs:subPropertyOf,owl.ObjectProperty
rc.significant_environmental_impact,rdfs:subPropertyOf,kko.extrinsics
rc.significant_event,rdfs:subPropertyOf,owl.ObjectProperty
rc.significant_event,rdfs:subPropertyOf,kko.eventuals
rc.significant_person,rdfs:subPropertyOf,owl.ObjectProperty
rc.significant_person,rdfs:subPropertyOf,kko.conjoins
rc.site_of_astronomical_discovery,rdfs:subPropertyOf,owl.ObjectProperty
rc.site_of_astronomical_discovery,rdfs:subPropertyOf,kko.conjoins
rc.sitter,rdfs:subPropertyOf,owl.ObjectProperty
rc.sitter,rdfs:subPropertyOf,kko.conjoins
rc.social_classification,rdfs:subPropertyOf,owl.ObjectProperty
rc.social_classification,rdfs:subPropertyOf,kko.classifications
rc.socket_supported,rdfs:subPropertyOf,owl.ObjectProperty
rc.socket_supported,rdfs:subPropertyOf,kko.extrinsics
rc.software_add_on,rdfs:subPropertyOf,owl.ObjectProperty
rc.software_add_on,rdfs:subPropertyOf,kko.partsOf
rc.software_engine,rdfs:subPropertyOf,owl.ObjectProperty
rc.software_engine,rdfs:subPropertyOf,kko.elementals
rc.software_quality_assurance,rdfs:subPropertyOf,owl.ObjectProperty
rc.software_quality_assurance,rdfs:subPropertyOf,kko.elementals
rc.solid_solution_series_with,rdfs:subPropertyOf,owl.ObjectProperty
rc.solid_solution_series_with,rdfs:subPropertyOf,kko.conjoins
rc.solved_by,rdfs:subPropertyOf,owl.ObjectProperty
rc.solved_by,rdfs:subPropertyOf,kko.actions
rc.solves,rdfs:subPropertyOf,owl.ObjectProperty
rc.solves,rdfs:subPropertyOf,kko.actions
rc.soundtrack_release,rdfs:subPropertyOf,owl.ObjectProperty
rc.soundtrack_release,rdfs:subPropertyOf,kko.typings
rc.source_of_energy,rdfs:subPropertyOf,owl.ObjectProperty
rc.source_of_energy,rdfs:subPropertyOf,kko.qualities
rc.source_of_income,rdfs:subPropertyOf,owl.ObjectProperty
rc.source_of_income,rdfs:subPropertyOf,kko.extrinsics
rc.source_of_material,rdfs:subPropertyOf,owl.ObjectProperty
rc.source_of_material,rdfs:subPropertyOf,kko.situants
rc.source_organization,rdfs:subPropertyOf,owl.ObjectProperty
rc.source_organization,rdfs:subPropertyOf,kko.conjoins
rc.space_group,rdfs:subPropertyOf,owl.ObjectProperty
rc.space_group,rdfs:subPropertyOf,kko.typings
rc.space_launch_vehicle,rdfs:subPropertyOf,owl.ObjectProperty
rc.space_launch_vehicle,rdfs:subPropertyOf,kko.elementals
rc.space_tug,rdfs:subPropertyOf,owl.ObjectProperty
rc.space_tug,rdfs:subPropertyOf,kko.typings
rc.spatial,rdfs:subPropertyOf,owl.ObjectProperty
rc.spatial,rdfs:subPropertyOf,kko.situants
rc.spatial_coverage,rdfs:subPropertyOf,owl.ObjectProperty
rc.spatial_coverage,rdfs:subPropertyOf,kko.situants
rc.speaker,rdfs:subPropertyOf,owl.ObjectProperty
rc.speaker,rdfs:subPropertyOf,kko.typings
rc.special_opening_hours_specification,rdfs:subPropertyOf,owl.ObjectProperty
rc.special_opening_hours_specification,rdfs:subPropertyOf,kko.eventuals
rc.special_rank,rdfs:subPropertyOf,owl.ObjectProperty
rc.special_rank,rdfs:subPropertyOf,kko.ratings
rc.specialty,rdfs:subPropertyOf,owl.ObjectProperty
rc.specialty,rdfs:subPropertyOf,kko.typings
rc.species_kept,rdfs:subPropertyOf,owl.ObjectProperty
rc.species_kept,rdfs:subPropertyOf,kko.quantities
rc.sponsor,rdfs:subPropertyOf,owl.ObjectProperty
rc.sponsor,rdfs:subPropertyOf,kko.typings
rc.spore_print_color,rdfs:subPropertyOf,owl.ObjectProperty
rc.spore_print_color,rdfs:subPropertyOf,kko.qualities
rc.sport,rdfs:subPropertyOf,owl.ObjectProperty
rc.sport,rdfs:subPropertyOf,kko.typings
rc.sports_activity_location,rdfs:subPropertyOf,owl.ObjectProperty
rc.sports_activity_location,rdfs:subPropertyOf,kko.situants
rc.sports_discipline_competed_in,rdfs:subPropertyOf,owl.ObjectProperty
rc.sports_discipline_competed_in,rdfs:subPropertyOf,kko.typings
rc.sports_event,rdfs:subPropertyOf,owl.ObjectProperty
rc.sports_event,rdfs:subPropertyOf,kko.typings
rc.sports_season_of_league_or_competition,rdfs:subPropertyOf,owl.ObjectProperty
rc.sports_season_of_league_or_competition,rdfs:subPropertyOf,kko.eventuals
rc.sports_team,rdfs:subPropertyOf,owl.ObjectProperty
rc.sports_team,rdfs:subPropertyOf,kko.typings
rc.spouse,rdfs:subPropertyOf,owl.ObjectProperty
rc.spouse,rdfs:subPropertyOf,kko.conjoins
rc.spouse,rdfs:subPropertyOf,kko.typings
rc.stability_of_property_value,rdfs:subPropertyOf,owl.ObjectProperty
rc.stability_of_property_value,rdfs:subPropertyOf,kko.classifications
rc.stage_classification,rdfs:subPropertyOf,owl.ObjectProperty
rc.stage_classification,rdfs:subPropertyOf,kko.classifications
rc.standards_body,rdfs:subPropertyOf,owl.ObjectProperty
rc.standards_body,rdfs:subPropertyOf,kko.elementals
rc.start_period,rdfs:subPropertyOf,owl.ObjectProperty
rc.start_period,rdfs:subPropertyOf,kko.eventuals
rc.start_point,rdfs:subPropertyOf,owl.ObjectProperty
rc.start_point,rdfs:subPropertyOf,kko.situants
rc.statement_describes,rdfs:subPropertyOf,owl.ObjectProperty
rc.statement_describes,rdfs:subPropertyOf,kko.conjoins
rc.statement_is_subject_of,rdfs:subPropertyOf,owl.ObjectProperty
rc.statement_is_subject_of,rdfs:subPropertyOf,kko.conjoins
rc.statement_supported_by,rdfs:subPropertyOf,owl.ObjectProperty
rc.statement_supported_by,rdfs:subPropertyOf,kko.conjoins
rc.statistical_leader,rdfs:subPropertyOf,owl.ObjectProperty
rc.statistical_leader,rdfs:subPropertyOf,kko.conjoins
rc.steering_position,rdfs:subPropertyOf,owl.ObjectProperty
rc.steering_position,rdfs:subPropertyOf,kko.forms
rc.stepparent,rdfs:subPropertyOf,owl.ObjectProperty
rc.stepparent,rdfs:subPropertyOf,kko.conjoins
rc.stipe_character,rdfs:subPropertyOf,owl.ObjectProperty
rc.stipe_character,rdfs:subPropertyOf,kko.qualities
rc.stock_exchange,rdfs:subPropertyOf,owl.ObjectProperty
rc.stock_exchange,rdfs:subPropertyOf,kko.conjoins
rc.stock_market_index,rdfs:subPropertyOf,owl.ObjectProperty
rc.stock_market_index,rdfs:subPropertyOf,kko.forms
rc.storyboard_artist,rdfs:subPropertyOf,owl.ObjectProperty
rc.storyboard_artist,rdfs:subPropertyOf,kko.extrinsics
rc.strand_orientation,rdfs:subPropertyOf,owl.ObjectProperty
rc.strand_orientation,rdfs:subPropertyOf,kko.forms
rc.streak_color,rdfs:subPropertyOf,owl.ObjectProperty
rc.streak_color,rdfs:subPropertyOf,kko.qualities
rc.structural_engineer,rdfs:subPropertyOf,owl.ObjectProperty
rc.structural_engineer,rdfs:subPropertyOf,kko.conjoins
rc.structure_replaced_by,rdfs:subPropertyOf,owl.ObjectProperty
rc.structure_replaced_by,rdfs:subPropertyOf,kko.conjoins
rc.structure_replaces,rdfs:subPropertyOf,owl.ObjectProperty
rc.structure_replaces,rdfs:subPropertyOf,kko.comparisons
rc.student,rdfs:subPropertyOf,owl.ObjectProperty
rc.student,rdfs:subPropertyOf,kko.typings
rc.student_of,rdfs:subPropertyOf,owl.ObjectProperty
rc.student_of,rdfs:subPropertyOf,kko.conjoins
rc.studied_by,rdfs:subPropertyOf,owl.ObjectProperty
rc.studied_by,rdfs:subPropertyOf,kko.conjoins
rc.studies,rdfs:subPropertyOf,owl.ObjectProperty
rc.studies,rdfs:subPropertyOf,kko.typings
rc.sub_event,rdfs:subPropertyOf,owl.ObjectProperty
rc.sub_event,rdfs:subPropertyOf,kko.eventuals
rc.sub_events,rdfs:subPropertyOf,owl.ObjectProperty
rc.sub_events,rdfs:subPropertyOf,kko.eventuals
rc.sub_organization,rdfs:subPropertyOf,owl.ObjectProperty
rc.sub_organization,rdfs:subPropertyOf,kko.partsOf
rc.sub_reservation,rdfs:subPropertyOf,owl.ObjectProperty
rc.sub_reservation,rdfs:subPropertyOf,kko.partsOf
rc.subclass_of,rdfs:subPropertyOf,owl.ObjectProperty
rc.subclass_of,rdfs:subPropertyOf,kko.descendants
rc.subject_has_role,rdfs:subPropertyOf,owl.ObjectProperty
rc.subject_has_role,rdfs:subPropertyOf,kko.conjoins
rc.subject_item_of_this_property,rdfs:subPropertyOf,owl.ObjectProperty
rc.subject_item_of_this_property,rdfs:subPropertyOf,kko.conjoins
rc.subproperty_of,rdfs:subPropertyOf,owl.ObjectProperty
rc.subproperty_of,rdfs:subPropertyOf,kko.descendants
rc.subsidiary,rdfs:subPropertyOf,owl.ObjectProperty
rc.subsidiary,rdfs:subPropertyOf,kko.typings
rc.substitute_deputy_replacement_of_office_officeholder,rdfs:subPropertyOf,owl.ObjectProperty
rc.substitute_deputy_replacement_of_office_officeholder,rdfs:subPropertyOf,kko.conjoins
rc.successful_candidate,rdfs:subPropertyOf,owl.ObjectProperty
rc.successful_candidate,rdfs:subPropertyOf,kko.elementals
rc.successor_of,rdfs:subPropertyOf,owl.ObjectProperty
rc.successor_of,rdfs:subPropertyOf,kko.descendants
rc.suggested_answer,rdfs:subPropertyOf,owl.ObjectProperty
rc.suggested_answer,rdfs:subPropertyOf,kko.conjoins
rc.super_event,rdfs:subPropertyOf,owl.ObjectProperty
rc.super_event,rdfs:subPropertyOf,kko.eventuals
rc.superhuman_feature_or_ability,rdfs:subPropertyOf,owl.ObjectProperty
rc.superhuman_feature_or_ability,rdfs:subPropertyOf,kko.qualities
rc.superpartner_of,rdfs:subPropertyOf,owl.ObjectProperty
rc.superpartner_of,rdfs:subPropertyOf,kko.descendants
rc.supply,rdfs:subPropertyOf,owl.ObjectProperty
rc.supply,rdfs:subPropertyOf,kko.typings
rc.supporting_data,rdfs:subPropertyOf,owl.ObjectProperty
rc.supporting_data,rdfs:subPropertyOf,kko.extrinsics
rc.supports_programming_language,rdfs:subPropertyOf,owl.ObjectProperty
rc.supports_programming_language,rdfs:subPropertyOf,kko.extrinsics
rc.surface_played_on,rdfs:subPropertyOf,owl.ObjectProperty
rc.surface_played_on,rdfs:subPropertyOf,kko.conjoins
rc.symptoms,rdfs:subPropertyOf,owl.ObjectProperty
rc.symptoms,rdfs:subPropertyOf,kko.conjoins
rc.takes_place_in_fictional_universe,rdfs:subPropertyOf,owl.ObjectProperty
rc.takes_place_in_fictional_universe,rdfs:subPropertyOf,kko.conjoins
rc.target,rdfs:subPropertyOf,owl.ObjectProperty
rc.target,rdfs:subPropertyOf,kko.conjoins
rc.target_collection,rdfs:subPropertyOf,owl.ObjectProperty
rc.target_collection,rdfs:subPropertyOf,kko.conjoins
rc.target_product,rdfs:subPropertyOf,owl.ObjectProperty
rc.target_product,rdfs:subPropertyOf,kko.extrinsics
rc.taxon_rank,rdfs:subPropertyOf,owl.ObjectProperty
rc.taxon_rank,rdfs:subPropertyOf,kko.ratings
rc.taxonomic_type,rdfs:subPropertyOf,owl.ObjectProperty
rc.taxonomic_type,rdfs:subPropertyOf,kko.typings
rc.teams_classification_by_points,rdfs:subPropertyOf,owl.ObjectProperty
rc.teams_classification_by_points,rdfs:subPropertyOf,kko.classifications
rc.teams_classification_by_time,rdfs:subPropertyOf,owl.ObjectProperty
rc.teams_classification_by_time,rdfs:subPropertyOf,kko.classifications
rc.template_s_main_topic,rdfs:subPropertyOf,owl.ObjectProperty
rc.template_s_main_topic,rdfs:subPropertyOf,kko.classifications
rc.tempo_marking,rdfs:subPropertyOf,owl.ObjectProperty
rc.tempo_marking,rdfs:subPropertyOf,kko.qualities
rc.temporal_range_end,rdfs:subPropertyOf,owl.ObjectProperty
rc.temporal_range_end,rdfs:subPropertyOf,kko.eventuals
rc.temporal_range_start,rdfs:subPropertyOf,owl.ObjectProperty
rc.temporal_range_start,rdfs:subPropertyOf,kko.eventuals
rc.terminus,rdfs:subPropertyOf,owl.ObjectProperty
rc.terminus,rdfs:subPropertyOf,kko.situants
rc.terminus_location,rdfs:subPropertyOf,owl.ObjectProperty
rc.terminus_location,rdfs:subPropertyOf,kko.situants
rc.territory_claimed_by,rdfs:subPropertyOf,owl.ObjectProperty
rc.territory_claimed_by,rdfs:subPropertyOf,kko.conjoins
rc.territory_overlaps,rdfs:subPropertyOf,owl.ObjectProperty
rc.territory_overlaps,rdfs:subPropertyOf,kko.situants
rc.theme_music,rdfs:subPropertyOf,owl.ObjectProperty
rc.theme_music,rdfs:subPropertyOf,kko.elementals
rc.therapeutic_area,rdfs:subPropertyOf,owl.ObjectProperty
rc.therapeutic_area,rdfs:subPropertyOf,kko.extrinsics
rc.this_taxon_is_source_of,rdfs:subPropertyOf,owl.ObjectProperty
rc.this_taxon_is_source_of,rdfs:subPropertyOf,kko.conjoins
rc.this_zoological_name_is_coordinate_with,rdfs:subPropertyOf,owl.ObjectProperty
rc.this_zoological_name_is_coordinate_with,rdfs:subPropertyOf,kko.conjoins
rc.time_period,rdfs:subPropertyOf,owl.ObjectProperty
rc.time_period,rdfs:subPropertyOf,kko.eventuals
rc.title_of_chess_person,rdfs:subPropertyOf,owl.ObjectProperty
rc.title_of_chess_person,rdfs:subPropertyOf,kko.conjoins
rc.to_location,rdfs:subPropertyOf,owl.ObjectProperty
rc.to_location,rdfs:subPropertyOf,kko.situants
rc.to_recipient,rdfs:subPropertyOf,owl.ObjectProperty
rc.to_recipient,rdfs:subPropertyOf,kko.conjoins
rc.together_with,rdfs:subPropertyOf,owl.ObjectProperty
rc.together_with,rdfs:subPropertyOf,kko.conjoins
rc.tonality,rdfs:subPropertyOf,owl.ObjectProperty
rc.tonality,rdfs:subPropertyOf,kko.qualities
rc.tool,rdfs:subPropertyOf,owl.ObjectProperty
rc.tool,rdfs:subPropertyOf,kko.typings
rc.topic_s_main_category,rdfs:subPropertyOf,owl.ObjectProperty
rc.topic_s_main_category,rdfs:subPropertyOf,kko.classifications
rc.topic_s_main_template,rdfs:subPropertyOf,owl.ObjectProperty
rc.topic_s_main_template,rdfs:subPropertyOf,kko.classifications
rc.torch_lit_by,rdfs:subPropertyOf,owl.ObjectProperty
rc.torch_lit_by,rdfs:subPropertyOf,kko.circumstances
rc.tourist_office,rdfs:subPropertyOf,owl.ObjectProperty
rc.tourist_office,rdfs:subPropertyOf,kko.conjoins
rc.tourist_type,rdfs:subPropertyOf,owl.ObjectProperty
rc.tourist_type,rdfs:subPropertyOf,kko.typings
rc.track_gauge,rdfs:subPropertyOf,owl.ObjectProperty
rc.track_gauge,rdfs:subPropertyOf,kko.forms
rc.tracklist,rdfs:subPropertyOf,owl.ObjectProperty
rc.tracklist,rdfs:subPropertyOf,kko.elementals
rc.tracks,rdfs:subPropertyOf,owl.ObjectProperty
rc.tracks,rdfs:subPropertyOf,kko.partsOf
rc.train_depot,rdfs:subPropertyOf,owl.ObjectProperty
rc.train_depot,rdfs:subPropertyOf,kko.elementals
rc.translator,rdfs:subPropertyOf,owl.ObjectProperty
rc.translator,rdfs:subPropertyOf,kko.elementals
rc.translator,rdfs:subPropertyOf,kko.typings
rc.tributary,rdfs:subPropertyOf,owl.ObjectProperty
rc.tributary,rdfs:subPropertyOf,kko.typings
rc.tributary_orientation,rdfs:subPropertyOf,owl.ObjectProperty
rc.tributary_orientation,rdfs:subPropertyOf,kko.situants
rc.trophy_awarded,rdfs:subPropertyOf,owl.ObjectProperty
rc.trophy_awarded,rdfs:subPropertyOf,kko.extrinsics
rc.twinned_administrative_body,rdfs:subPropertyOf,owl.ObjectProperty
rc.twinned_administrative_body,rdfs:subPropertyOf,kko.conjoins
rc.twinning,rdfs:subPropertyOf,owl.ObjectProperty
rc.twinning,rdfs:subPropertyOf,kko.forms
rc.type_foundry,rdfs:subPropertyOf,owl.ObjectProperty
rc.type_foundry,rdfs:subPropertyOf,kko.conjoins
rc.type_locality_geology,rdfs:subPropertyOf,owl.ObjectProperty
rc.type_locality_geology,rdfs:subPropertyOf,kko.situants
rc.type_of_bed,rdfs:subPropertyOf,owl.ObjectProperty
rc.type_of_bed,rdfs:subPropertyOf,kko.typings
rc.type_of_electrification,rdfs:subPropertyOf,owl.ObjectProperty
rc.type_of_electrification,rdfs:subPropertyOf,kko.qualities
rc.type_of_good,rdfs:subPropertyOf,owl.ObjectProperty
rc.type_of_good,rdfs:subPropertyOf,kko.typings
rc.type_of_kinship,rdfs:subPropertyOf,owl.ObjectProperty
rc.type_of_kinship,rdfs:subPropertyOf,kko.typings
rc.type_of_orbit,rdfs:subPropertyOf,owl.ObjectProperty
rc.type_of_orbit,rdfs:subPropertyOf,kko.elementals
rc.type_of_unit_for_this_property,rdfs:subPropertyOf,owl.ObjectProperty
rc.type_of_unit_for_this_property,rdfs:subPropertyOf,kko.circumstances
rc.type_of_variable_star,rdfs:subPropertyOf,owl.ObjectProperty
rc.type_of_variable_star,rdfs:subPropertyOf,kko.typings
rc.typeface_font_used,rdfs:subPropertyOf,owl.ObjectProperty
rc.typeface_font_used,rdfs:subPropertyOf,kko.qualities
rc.undercarriage,rdfs:subPropertyOf,owl.ObjectProperty
rc.undercarriage,rdfs:subPropertyOf,kko.elementals
rc.underlies,rdfs:subPropertyOf,owl.ObjectProperty
rc.underlies,rdfs:subPropertyOf,kko.actions
rc.unesco_language_status,rdfs:subPropertyOf,owl.ObjectProperty
rc.unesco_language_status,rdfs:subPropertyOf,kko.classifications
rc.union_of,rdfs:subPropertyOf,owl.ObjectProperty
rc.union_of,rdfs:subPropertyOf,kko.conjoins
rc.unveiled_by,rdfs:subPropertyOf,owl.ObjectProperty
rc.unveiled_by,rdfs:subPropertyOf,kko.conjoins
rc.update_method,rdfs:subPropertyOf,owl.ObjectProperty
rc.update_method,rdfs:subPropertyOf,kko.forms
rc.use,rdfs:subPropertyOf,owl.ObjectProperty
rc.use,rdfs:subPropertyOf,kko.qualities
rc.used_by,rdfs:subPropertyOf,owl.ObjectProperty
rc.used_by,rdfs:subPropertyOf,kko.conjoins
rc.used_metre,rdfs:subPropertyOf,owl.ObjectProperty
rc.used_metre,rdfs:subPropertyOf,kko.qualities
rc.uses,rdfs:subPropertyOf,owl.ObjectProperty
rc.uses,rdfs:subPropertyOf,kko.actions
rc.uses_property,rdfs:subPropertyOf,owl.ObjectProperty
rc.uses_property,rdfs:subPropertyOf,kko.elementals
rc.usk_rating,rdfs:subPropertyOf,owl.ObjectProperty
rc.usk_rating,rdfs:subPropertyOf,kko.ratings
rc.vaccine_for,rdfs:subPropertyOf,owl.ObjectProperty
rc.vaccine_for,rdfs:subPropertyOf,kko.conjoins
rc.valid_in,rdfs:subPropertyOf,owl.ObjectProperty
rc.valid_in,rdfs:subPropertyOf,kko.situants
rc.valid_in_period,rdfs:subPropertyOf,owl.ObjectProperty
rc.valid_in_period,rdfs:subPropertyOf,kko.conjoins
rc.valid_in_place,rdfs:subPropertyOf,owl.ObjectProperty
rc.valid_in_place,rdfs:subPropertyOf,kko.conjoins
rc.valvetrain_configuration,rdfs:subPropertyOf,owl.ObjectProperty
rc.valvetrain_configuration,rdfs:subPropertyOf,kko.partsOf
rc.vehicle_engine,rdfs:subPropertyOf,owl.ObjectProperty
rc.vehicle_engine,rdfs:subPropertyOf,kko.partsOf
rc.vehicle_normally_used,rdfs:subPropertyOf,owl.ObjectProperty
rc.vehicle_normally_used,rdfs:subPropertyOf,kko.conjoins
rc.vehicle_special_usage,rdfs:subPropertyOf,owl.ObjectProperty
rc.vehicle_special_usage,rdfs:subPropertyOf,kko.extrinsics
rc.vendor,rdfs:subPropertyOf,owl.ObjectProperty
rc.vendor,rdfs:subPropertyOf,kko.typings
rc.venous_drainage,rdfs:subPropertyOf,owl.ObjectProperty
rc.venous_drainage,rdfs:subPropertyOf,kko.typings
rc.vessel,rdfs:subPropertyOf,owl.ObjectProperty
rc.vessel,rdfs:subPropertyOf,kko.elementals
rc.vessel_class,rdfs:subPropertyOf,owl.ObjectProperty
rc.vessel_class,rdfs:subPropertyOf,kko.elementals
rc.via,rdfs:subPropertyOf,owl.ObjectProperty
rc.via,rdfs:subPropertyOf,kko.actions
rc.vice_county,rdfs:subPropertyOf,owl.ObjectProperty
rc.vice_county,rdfs:subPropertyOf,kko.typings
rc.victory,rdfs:subPropertyOf,owl.ObjectProperty
rc.victory,rdfs:subPropertyOf,kko.extrinsics
rc.voice_actor,rdfs:subPropertyOf,owl.ObjectProperty
rc.voice_actor,rdfs:subPropertyOf,kko.typings
rc.voice_type,rdfs:subPropertyOf,owl.ObjectProperty
rc.voice_type,rdfs:subPropertyOf,kko.qualities
rc.volcanic_explosivity_index,rdfs:subPropertyOf,owl.ObjectProperty
rc.volcanic_explosivity_index,rdfs:subPropertyOf,kko.ratings
rc.volcano_observatory,rdfs:subPropertyOf,owl.ObjectProperty
rc.volcano_observatory,rdfs:subPropertyOf,kko.actions
rc.vox_a_typ_i_classification,rdfs:subPropertyOf,owl.ObjectProperty
rc.vox_a_typ_i_classification,rdfs:subPropertyOf,kko.classifications
rc.wears,rdfs:subPropertyOf,owl.ObjectProperty
rc.wears,rdfs:subPropertyOf,kko.actions
rc.wfd_chemical_status,rdfs:subPropertyOf,owl.ObjectProperty
rc.wfd_chemical_status,rdfs:subPropertyOf,kko.classifications
rc.wfd_ecological_status,rdfs:subPropertyOf,owl.ObjectProperty
rc.wfd_ecological_status,rdfs:subPropertyOf,kko.classifications
rc.wheel_arrangement,rdfs:subPropertyOf,owl.ObjectProperty
rc.wheel_arrangement,rdfs:subPropertyOf,kko.forms
rc.wheelchair_accessibility,rdfs:subPropertyOf,owl.ObjectProperty
rc.wheelchair_accessibility,rdfs:subPropertyOf,kko.qualities
rc.wi_fi_access,rdfs:subPropertyOf,owl.ObjectProperty
rc.wi_fi_access,rdfs:subPropertyOf,kko.quantities
rc.wikidata_property,rdfs:subPropertyOf,owl.ObjectProperty
rc.wikidata_property,rdfs:subPropertyOf,kko.descendants
rc.wing_configuration,rdfs:subPropertyOf,owl.ObjectProperty
rc.wing_configuration,rdfs:subPropertyOf,kko.forms
rc.winner,rdfs:subPropertyOf,owl.ObjectProperty
rc.winner,rdfs:subPropertyOf,kko.elementals
rc.winner,rdfs:subPropertyOf,kko.typings
rc.workLocation,rdfs:subPropertyOf,owl.ObjectProperty
rc.workLocation,rdfs:subPropertyOf,kko.situants
rc.work_featured,rdfs:subPropertyOf,owl.ObjectProperty
rc.work_featured,rdfs:subPropertyOf,kko.eventuals
rc.work_location,rdfs:subPropertyOf,owl.ObjectProperty
rc.work_location,rdfs:subPropertyOf,kko.situants
rc.work_performed,rdfs:subPropertyOf,owl.ObjectProperty
rc.work_performed,rdfs:subPropertyOf,kko.eventuals
rc.work_presented,rdfs:subPropertyOf,owl.ObjectProperty
rc.work_presented,rdfs:subPropertyOf,kko.performances
rc.works_for,rdfs:subPropertyOf,owl.ObjectProperty
rc.works_for,rdfs:subPropertyOf,kko.conjoins
rc.workshop_of,rdfs:subPropertyOf,owl.ObjectProperty
rc.workshop_of,rdfs:subPropertyOf,kko.conjoins
rc.world_heritage_criteria,rdfs:subPropertyOf,owl.ObjectProperty
rc.world_heritage_criteria,rdfs:subPropertyOf,kko.circumstances
rc.worshipped_by,rdfs:subPropertyOf,owl.ObjectProperty
rc.worshipped_by,rdfs:subPropertyOf,kko.conjoins
rc.writable_file_format,rdfs:subPropertyOf,owl.ObjectProperty
rc.writable_file_format,rdfs:subPropertyOf,kko.forms
rc.writing_system,rdfs:subPropertyOf,owl.ObjectProperty
rc.writing_system,rdfs:subPropertyOf,kko.typings
rc.y_dna_haplogroup,rdfs:subPropertyOf,owl.ObjectProperty
rc.y_dna_haplogroup,rdfs:subPropertyOf,kko.elementals
rc.young_rider_classification,rdfs:subPropertyOf,owl.ObjectProperty
rc.young_rider_classification,rdfs:subPropertyOf,kko.classifications
rc.youth_wing,rdfs:subPropertyOf,owl.ObjectProperty
rc.youth_wing,rdfs:subPropertyOf,kko.conjoins
kko.license,rdfs:subPropertyOf,owl.AnnotationProperty
kko.license,rdfs:subPropertyOf,kko.augments
kko.augments,rdfs:subPropertyOf,owl.AnnotationProperty
kko.augments,rdfs:subPropertyOf,kko.associatives
kko.associatives,rdfs:subPropertyOf,owl.AnnotationProperty
kko.associatives,rdfs:subPropertyOf,kko.representations
kko.representations,rdfs:subPropertyOf,owl.AnnotationProperty
kko.codes,rdfs:subPropertyOf,owl.AnnotationProperty
kko.codes,rdfs:subPropertyOf,kko.indexes
kko.indexes,rdfs:subPropertyOf,owl.AnnotationProperty
kko.indexes,rdfs:subPropertyOf,kko.representations
kko.denotatives,rdfs:subPropertyOf,owl.AnnotationProperty
kko.denotatives,rdfs:subPropertyOf,kko.representations
kko.descriptions,rdfs:subPropertyOf,owl.AnnotationProperty
kko.descriptions,rdfs:subPropertyOf,kko.denotatives
kko.hasCharacteristic,rdfs:subPropertyOf,owl.AnnotationProperty
kko.hasCharacteristic,rdfs:subPropertyOf,kko.relateds
kko.relateds,rdfs:subPropertyOf,owl.AnnotationProperty
kko.relateds,rdfs:subPropertyOf,kko.associatives
kko.identifiers,rdfs:subPropertyOf,owl.AnnotationProperty
kko.identifiers,rdfs:subPropertyOf,kko.indexes
kko.isCharacteristicOf,rdfs:subPropertyOf,owl.AnnotationProperty
kko.isCharacteristicOf,rdfs:subPropertyOf,kko.relateds
kko.isTypology,rdfs:subPropertyOf,owl.AnnotationProperty
kko.isTypology,rdfs:subPropertyOf,kko.descriptions
kko.labels,rdfs:subPropertyOf,owl.AnnotationProperty
kko.labels,rdfs:subPropertyOf,kko.denotatives
kko.lists,rdfs:subPropertyOf,owl.AnnotationProperty
kko.lists,rdfs:subPropertyOf,kko.associatives
kko.mappingAsObject,rdfs:subPropertyOf,owl.AnnotationProperty
kko.mappingAsObject,rdfs:subPropertyOf,kko.augments
kko.media,rdfs:subPropertyOf,owl.AnnotationProperty
kko.media,rdfs:subPropertyOf,kko.denotatives
kko.pointers,rdfs:subPropertyOf,owl.AnnotationProperty
kko.pointers,rdfs:subPropertyOf,kko.indexes
kko.prefURI,rdfs:subPropertyOf,owl.AnnotationProperty
kko.prefURI,rdfs:subPropertyOf,kko.pointers
kko.relatesTo,rdfs:subPropertyOf,owl.AnnotationProperty
kko.relatesTo,rdfs:subPropertyOf,kko.structureAnnotations
kko.structureAnnotations,rdfs:subPropertyOf,owl.AnnotationProperty
kko.relatesToActionTypes,rdfs:subPropertyOf,owl.AnnotationProperty
kko.relatesToActionTypes,rdfs:subPropertyOf,kko.relatesTo
kko.relatesToAdjunctualAttributes,rdfs:subPropertyOf,owl.AnnotationProperty
kko.relatesToAdjunctualAttributes,rdfs:subPropertyOf,kko.relatesTo
kko.relatesToAgents,rdfs:subPropertyOf,owl.AnnotationProperty
kko.relatesToAgents,rdfs:subPropertyOf,kko.relatesTo
kko.relatesToAnimals,rdfs:subPropertyOf,owl.AnnotationProperty
kko.relatesToAnimals,rdfs:subPropertyOf,kko.relatesTo
kko.relatesToAreaRegion,rdfs:subPropertyOf,owl.AnnotationProperty
kko.relatesToAreaRegion,rdfs:subPropertyOf,kko.relatesTo
kko.relatesToArtifacts,rdfs:subPropertyOf,owl.AnnotationProperty
kko.relatesToArtifacts,rdfs:subPropertyOf,kko.relatesTo
kko.relatesToAtomsElements,rdfs:subPropertyOf,owl.AnnotationProperty
kko.relatesToAtomsElements,rdfs:subPropertyOf,kko.relatesTo
kko.relatesToAudioInfo,rdfs:subPropertyOf,owl.AnnotationProperty
kko.relatesToAudioInfo,rdfs:subPropertyOf,kko.relatesTo
kko.relatesToBiologicalChemistry,rdfs:subPropertyOf,owl.AnnotationProperty
kko.relatesToBiologicalChemistry,rdfs:subPropertyOf,kko.relatesTo
kko.relatesToBiologicalProcesses,rdfs:subPropertyOf,owl.AnnotationProperty
kko.relatesToBiologicalProcesses,rdfs:subPropertyOf,kko.relatesTo
kko.relatesToChemistry,rdfs:subPropertyOf,owl.AnnotationProperty
kko.relatesToChemistry,rdfs:subPropertyOf,kko.relatesTo
kko.relatesToConcepts,rdfs:subPropertyOf,owl.AnnotationProperty
kko.relatesToConcepts,rdfs:subPropertyOf,kko.relatesTo
kko.relatesToContextualAttributes,rdfs:subPropertyOf,owl.AnnotationProperty
kko.relatesToContextualAttributes,rdfs:subPropertyOf,kko.relatesTo
kko.relatesToCopulativeRelations,rdfs:subPropertyOf,owl.AnnotationProperty
kko.relatesToCopulativeRelations,rdfs:subPropertyOf,kko.relatesTo
kko.relatesToDirectRelations,rdfs:subPropertyOf,owl.AnnotationProperty
kko.relatesToDirectRelations,rdfs:subPropertyOf,kko.relatesTo
kko.relatesToDiseases,rdfs:subPropertyOf,owl.AnnotationProperty
kko.relatesToDiseases,rdfs:subPropertyOf,kko.relatesTo
kko.relatesToDrugs,rdfs:subPropertyOf,owl.AnnotationProperty
kko.relatesToDrugs,rdfs:subPropertyOf,kko.relatesTo
kko.relatesToEconomicSystems,rdfs:subPropertyOf,owl.AnnotationProperty
kko.relatesToEconomicSystems,rdfs:subPropertyOf,kko.relatesTo
kko.relatesToEventTypes,rdfs:subPropertyOf,owl.AnnotationProperty
kko.relatesToEventTypes,rdfs:subPropertyOf,kko.relatesTo
kko.relatesToFacilities,rdfs:subPropertyOf,owl.AnnotationProperty
kko.relatesToFacilities,rdfs:subPropertyOf,kko.relatesTo
kko.relatesToFoodDrink,rdfs:subPropertyOf,owl.AnnotationProperty
kko.relatesToFoodDrink,rdfs:subPropertyOf,kko.relatesTo
kko.relatesToForms,rdfs:subPropertyOf,owl.AnnotationProperty
kko.relatesToForms,rdfs:subPropertyOf,kko.relatesTo
kko.relatesToGeopolitical,rdfs:subPropertyOf,owl.AnnotationProperty
kko.relatesToGeopolitical,rdfs:subPropertyOf,kko.relatesTo
kko.relatesToInformation,rdfs:subPropertyOf,owl.AnnotationProperty
kko.relatesToInformation,rdfs:subPropertyOf,kko.relatesTo
kko.relatesToInquiryMethods,rdfs:subPropertyOf,owl.AnnotationProperty
kko.relatesToInquiryMethods,rdfs:subPropertyOf,kko.relatesTo
kko.relatesToIntrinsicAttributes,rdfs:subPropertyOf,owl.AnnotationProperty
kko.relatesToIntrinsicAttributes,rdfs:subPropertyOf,kko.relatesTo
kko.relatesToKnowledgeDomains,rdfs:subPropertyOf,owl.AnnotationProperty
kko.relatesToKnowledgeDomains,rdfs:subPropertyOf,kko.relatesTo
kko.relatesToLearningProcesses,rdfs:subPropertyOf,owl.AnnotationProperty
kko.relatesToLearningProcesses,rdfs:subPropertyOf,kko.relatesTo
kko.relatesToLivingThings,rdfs:subPropertyOf,owl.AnnotationProperty
kko.relatesToLivingThings,rdfs:subPropertyOf,kko.relatesTo
kko.relatesToLocationPlace,rdfs:subPropertyOf,owl.AnnotationProperty
kko.relatesToLocationPlace,rdfs:subPropertyOf,kko.relatesTo
kko.relatesToManifestations,rdfs:subPropertyOf,owl.AnnotationProperty
kko.relatesToManifestations,rdfs:subPropertyOf,kko.relatesTo
kko.relatesToMethodeutic,rdfs:subPropertyOf,owl.AnnotationProperty
kko.relatesToMethodeutic,rdfs:subPropertyOf,kko.relatesTo
kko.relatesToNaturalMatter,rdfs:subPropertyOf,owl.AnnotationProperty
kko.relatesToNaturalMatter,rdfs:subPropertyOf,kko.relatesTo
kko.relatesToNaturalPhenomena,rdfs:subPropertyOf,owl.AnnotationProperty
kko.relatesToNaturalPhenomena,rdfs:subPropertyOf,kko.relatesTo
kko.relatesToNaturalSubstances,rdfs:subPropertyOf,owl.AnnotationProperty
kko.relatesToNaturalSubstances,rdfs:subPropertyOf,kko.relatesTo
kko.relatesToOrganicMatter,rdfs:subPropertyOf,owl.AnnotationProperty
kko.relatesToOrganicMatter,rdfs:subPropertyOf,kko.relatesTo
kko.relatesToOrganizations,rdfs:subPropertyOf,owl.AnnotationProperty
kko.relatesToOrganizations,rdfs:subPropertyOf,kko.relatesTo
kko.relatesToPersons,rdfs:subPropertyOf,owl.AnnotationProperty
kko.relatesToPersons,rdfs:subPropertyOf,kko.relatesTo
kko.relatesToPlaces,rdfs:subPropertyOf,owl.AnnotationProperty
kko.relatesToPlaces,rdfs:subPropertyOf,kko.relatesTo
kko.relatesToPlants,rdfs:subPropertyOf,owl.AnnotationProperty
kko.relatesToPlants,rdfs:subPropertyOf,kko.relatesTo
kko.relatesToPrimarySectorProducts,rdfs:subPropertyOf,owl.AnnotationProperty
kko.relatesToPrimarySectorProducts,rdfs:subPropertyOf,kko.relatesTo
kko.relatesToProducts,rdfs:subPropertyOf,owl.AnnotationProperty
kko.relatesToProducts,rdfs:subPropertyOf,kko.relatesTo
kko.relatesToProkaryotes,rdfs:subPropertyOf,owl.AnnotationProperty
kko.relatesToProkaryotes,rdfs:subPropertyOf,kko.relatesTo
kko.relatesToProtistsFungus,rdfs:subPropertyOf,owl.AnnotationProperty
kko.relatesToProtistsFungus,rdfs:subPropertyOf,kko.relatesTo
kko.relatesToSecondarySectorProducts,rdfs:subPropertyOf,owl.AnnotationProperty
kko.relatesToSecondarySectorProducts,rdfs:subPropertyOf,kko.relatesTo
kko.relatesToShapes,rdfs:subPropertyOf,owl.AnnotationProperty
kko.relatesToShapes,rdfs:subPropertyOf,kko.relatesTo
kko.relatesToSituationTypes,rdfs:subPropertyOf,owl.AnnotationProperty
kko.relatesToSituationTypes,rdfs:subPropertyOf,kko.relatesTo
kko.relatesToSocialSystems,rdfs:subPropertyOf,owl.AnnotationProperty
kko.relatesToSocialSystems,rdfs:subPropertyOf,kko.relatesTo
kko.relatesToSociety,rdfs:subPropertyOf,owl.AnnotationProperty
kko.relatesToSociety,rdfs:subPropertyOf,kko.relatesTo
kko.relatesToStructuredInfo,rdfs:subPropertyOf,owl.AnnotationProperty
kko.relatesToStructuredInfo,rdfs:subPropertyOf,kko.relatesTo
kko.relatesToSymbolic,rdfs:subPropertyOf,owl.AnnotationProperty
kko.relatesToSymbolic,rdfs:subPropertyOf,kko.relatesTo
kko.relatesToSystems,rdfs:subPropertyOf,owl.AnnotationProperty
kko.relatesToSystems,rdfs:subPropertyOf,kko.relatesTo
kko.relatesToTertiarySectorServices,rdfs:subPropertyOf,owl.AnnotationProperty
kko.relatesToTertiarySectorServices,rdfs:subPropertyOf,kko.relatesTo
kko.relatesToTimes,rdfs:subPropertyOf,owl.AnnotationProperty
kko.relatesToTimes,rdfs:subPropertyOf,kko.relatesTo
kko.relatesToTopicsCategories,rdfs:subPropertyOf,owl.AnnotationProperty
kko.relatesToTopicsCategories,rdfs:subPropertyOf,kko.relatesTo
kko.relatesToVisualInfo,rdfs:subPropertyOf,owl.AnnotationProperty
kko.relatesToVisualInfo,rdfs:subPropertyOf,kko.relatesTo
kko.relatesToWrittenInfo,rdfs:subPropertyOf,owl.AnnotationProperty
kko.relatesToWrittenInfo,rdfs:subPropertyOf,kko.relatesTo
kko.superClassOf,rdfs:subPropertyOf,owl.AnnotationProperty
kko.superClassOf,rdfs:subPropertyOf,kko.structureAnnotations
kko.superPropertyOf,rdfs:subPropertyOf,owl.AnnotationProperty
kko.superPropertyOf,rdfs:subPropertyOf,kko.structureAnnotations
1.1.contributor,rdfs:subPropertyOf,owl.AnnotationProperty
1.1.contributor,rdfs:subPropertyOf,kko.augments
1.1.creator,rdfs:subPropertyOf,owl.AnnotationProperty
1.1.creator,rdfs:subPropertyOf,kko.augments
1.1.date,rdfs:subPropertyOf,owl.AnnotationProperty
1.1.date,rdfs:subPropertyOf,kko.augments
1.1.dateCopyrighted,rdfs:subPropertyOf,owl.AnnotationProperty
1.1.dateCopyrighted,rdfs:subPropertyOf,kko.augments
1.1.description,rdfs:subPropertyOf,owl.AnnotationProperty
1.1.description,rdfs:subPropertyOf,kko.descriptions
1.1.publisher,rdfs:subPropertyOf,owl.AnnotationProperty
1.1.publisher,rdfs:subPropertyOf,kko.augments
kko.preferredNamespacePrefix,rdfs:subPropertyOf,owl.AnnotationProperty
kko.preferredNamespacePrefix,rdfs:subPropertyOf,kko.identifiers
kko.preferredNamespaceUri,rdfs:subPropertyOf,owl.AnnotationProperty
kko.preferredNamespaceUri,rdfs:subPropertyOf,kko.identifiers
rc._365_chess_player_id,rdfs:subPropertyOf,owl.AnnotationProperty
rc._365_chess_player_id,rdfs:subPropertyOf,kko.identifiers
rc._3_d_met_id,rdfs:subPropertyOf,owl.AnnotationProperty
rc._3_d_met_id,rdfs:subPropertyOf,kko.identifiers
rc._3_d_model,rdfs:subPropertyOf,owl.AnnotationProperty
rc._3_d_model,rdfs:subPropertyOf,kko.media
rc._90_minut_player_id,rdfs:subPropertyOf,owl.AnnotationProperty
rc._90_minut_player_id,rdfs:subPropertyOf,kko.identifiers
rc.a_bo_k_number,rdfs:subPropertyOf,owl.AnnotationProperty
rc.a_bo_k_number,rdfs:subPropertyOf,kko.identifiers
rc.aarne_thompson_uther_tale_type_index,rdfs:subPropertyOf,owl.AnnotationProperty
rc.aarne_thompson_uther_tale_type_index,rdfs:subPropertyOf,kko.identifiers
rc.aat_id,rdfs:subPropertyOf,owl.AnnotationProperty
rc.aat_id,rdfs:subPropertyOf,kko.identifiers
rc.aba_bird_id,rdfs:subPropertyOf,owl.AnnotationProperty
rc.aba_bird_id,rdfs:subPropertyOf,kko.identifiers
rc.abandonia_identifier,rdfs:subPropertyOf,owl.AnnotationProperty
rc.abandonia_identifier,rdfs:subPropertyOf,kko.identifiers
rc.about,rdfs:subPropertyOf,owl.AnnotationProperty
rc.about,rdfs:subPropertyOf,kko.pointers
rc.academia_edu_institutional_id,rdfs:subPropertyOf,owl.AnnotationProperty
rc.academia_edu_institutional_id,rdfs:subPropertyOf,kko.identifiers
rc.academia_net_id,rdfs:subPropertyOf,owl.AnnotationProperty
rc.academia_net_id,rdfs:subPropertyOf,kko.identifiers
rc.academic_tree_id,rdfs:subPropertyOf,owl.AnnotationProperty
rc.academic_tree_id,rdfs:subPropertyOf,kko.identifiers
rc.academie_des_inscriptions_et_belles_lettres_member_id,rdfs:subPropertyOf,owl.AnnotationProperty
rc.academie_des_inscriptions_et_belles_lettres_member_id,rdfs:subPropertyOf,kko.identifiers
rc.academie_francaise_member_id,rdfs:subPropertyOf,owl.AnnotationProperty
rc.academie_francaise_member_id,rdfs:subPropertyOf,kko.identifiers
rc.acb_com_player_id,rdfs:subPropertyOf,owl.AnnotationProperty
rc.acb_com_player_id,rdfs:subPropertyOf,kko.identifiers
rc.accademia_della_crusca_id,rdfs:subPropertyOf,owl.AnnotationProperty
rc.accademia_della_crusca_id,rdfs:subPropertyOf,kko.identifiers
rc.access_code,rdfs:subPropertyOf,owl.AnnotationProperty
rc.access_code,rdfs:subPropertyOf,kko.codes
rc.accessibility_summary,rdfs:subPropertyOf,owl.AnnotationProperty
rc.accessibility_summary,rdfs:subPropertyOf,kko.descriptions
rc.account_id,rdfs:subPropertyOf,owl.AnnotationProperty
rc.account_id,rdfs:subPropertyOf,kko.identifiers
rc.acm_digital_library_author_id,rdfs:subPropertyOf,owl.AnnotationProperty
rc.acm_digital_library_author_id,rdfs:subPropertyOf,kko.identifiers
rc.acm_digital_library_citation_id,rdfs:subPropertyOf,owl.AnnotationProperty
rc.acm_digital_library_citation_id,rdfs:subPropertyOf,kko.identifiers
rc.acma_radiocommunications_licence_id,rdfs:subPropertyOf,owl.AnnotationProperty
rc.acma_radiocommunications_licence_id,rdfs:subPropertyOf,kko.identifiers
rc.actorenregister_id,rdfs:subPropertyOf,owl.AnnotationProperty
rc.actorenregister_id,rdfs:subPropertyOf,kko.identifiers
rc.adagp_artist_id,rdfs:subPropertyOf,owl.AnnotationProperty
rc.adagp_artist_id,rdfs:subPropertyOf,kko.identifiers
rc.additional_name,rdfs:subPropertyOf,owl.AnnotationProperty
rc.additional_name,rdfs:subPropertyOf,kko.labels
rc.address,rdfs:subPropertyOf,owl.AnnotationProperty
rc.address,rdfs:subPropertyOf,kko.pointers
rc.address_country,rdfs:subPropertyOf,owl.AnnotationProperty
rc.address_country,rdfs:subPropertyOf,kko.pointers
rc.address_locality,rdfs:subPropertyOf,owl.AnnotationProperty
rc.address_locality,rdfs:subPropertyOf,kko.pointers
rc.address_region,rdfs:subPropertyOf,owl.AnnotationProperty
rc.address_region,rdfs:subPropertyOf,kko.pointers
rc.adk_member_id,rdfs:subPropertyOf,owl.AnnotationProperty
rc.adk_member_id,rdfs:subPropertyOf,kko.identifiers
rc.administrative_code_of_indonesia,rdfs:subPropertyOf,owl.AnnotationProperty
rc.administrative_code_of_indonesia,rdfs:subPropertyOf,kko.codes
rc.admiralty_number,rdfs:subPropertyOf,owl.AnnotationProperty
rc.admiralty_number,rdfs:subPropertyOf,kko.identifiers
rc.ads_bibcode,rdfs:subPropertyOf,owl.AnnotationProperty
rc.ads_bibcode,rdfs:subPropertyOf,kko.identifiers
rc.adult_film_database_actor_id,rdfs:subPropertyOf,owl.AnnotationProperty
rc.adult_film_database_actor_id,rdfs:subPropertyOf,kko.identifiers
rc.adw_taxon_id,rdfs:subPropertyOf,owl.AnnotationProperty
rc.adw_taxon_id,rdfs:subPropertyOf,kko.identifiers
rc.aelg_id,rdfs:subPropertyOf,owl.AnnotationProperty
rc.aelg_id,rdfs:subPropertyOf,kko.identifiers
rc.afi_catalog_of_feature_films_id,rdfs:subPropertyOf,owl.AnnotationProperty
rc.afi_catalog_of_feature_films_id,rdfs:subPropertyOf,kko.identifiers
rc.afl_tables_coach_id,rdfs:subPropertyOf,owl.AnnotationProperty
rc.afl_tables_coach_id,rdfs:subPropertyOf,kko.identifiers
rc.afl_tables_player_id,rdfs:subPropertyOf,owl.AnnotationProperty
rc.afl_tables_player_id,rdfs:subPropertyOf,kko.identifiers
rc.african_plant_database_id,rdfs:subPropertyOf,owl.AnnotationProperty
rc.african_plant_database_id,rdfs:subPropertyOf,kko.identifiers
rc.africultures_movie_id,rdfs:subPropertyOf,owl.AnnotationProperty
rc.africultures_movie_id,rdfs:subPropertyOf,kko.identifiers
rc.africultures_person_id,rdfs:subPropertyOf,owl.AnnotationProperty
rc.africultures_person_id,rdfs:subPropertyOf,kko.identifiers
rc.after_media,rdfs:subPropertyOf,owl.AnnotationProperty
rc.after_media,rdfs:subPropertyOf,kko.media
rc.aftonbladet_topic_id,rdfs:subPropertyOf,owl.AnnotationProperty
rc.aftonbladet_topic_id,rdfs:subPropertyOf,kko.identifiers
rc.agassiz_checklist_number,rdfs:subPropertyOf,owl.AnnotationProperty
rc.agassiz_checklist_number,rdfs:subPropertyOf,kko.identifiers
rc.agorha_event_identifier,rdfs:subPropertyOf,owl.AnnotationProperty
rc.agorha_event_identifier,rdfs:subPropertyOf,kko.identifiers
rc.agorha_person_institution_id,rdfs:subPropertyOf,owl.AnnotationProperty
rc.agorha_person_institution_id,rdfs:subPropertyOf,kko.identifiers
rc.agorha_work_id,rdfs:subPropertyOf,owl.AnnotationProperty
rc.agorha_work_id,rdfs:subPropertyOf,kko.identifiers
rc.aicte_institute_application_id,rdfs:subPropertyOf,owl.AnnotationProperty
rc.aicte_institute_application_id,rdfs:subPropertyOf,kko.identifiers
rc.ainm_id,rdfs:subPropertyOf,owl.AnnotationProperty
rc.ainm_id,rdfs:subPropertyOf,kko.identifiers
rc.air_ministry_specification_id,rdfs:subPropertyOf,owl.AnnotationProperty
rc.air_ministry_specification_id,rdfs:subPropertyOf,kko.identifiers
rc.aircraft_registration,rdfs:subPropertyOf,owl.AnnotationProperty
rc.aircraft_registration,rdfs:subPropertyOf,kko.identifiers
rc.aircraft_registration_prefix,rdfs:subPropertyOf,owl.AnnotationProperty
rc.aircraft_registration_prefix,rdfs:subPropertyOf,kko.codes
rc.akl_online_artist_id,rdfs:subPropertyOf,owl.AnnotationProperty
rc.akl_online_artist_id,rdfs:subPropertyOf,kko.identifiers
rc.alabama_sports_hall_of_fame_athlete_id,rdfs:subPropertyOf,owl.AnnotationProperty
rc.alabama_sports_hall_of_fame_athlete_id,rdfs:subPropertyOf,kko.identifiers
rc.alaska_sports_hall_of_fame_athlete_id,rdfs:subPropertyOf,owl.AnnotationProperty
rc.alaska_sports_hall_of_fame_athlete_id,rdfs:subPropertyOf,kko.identifiers
rc.alberta_register_of_historic_places_id,rdfs:subPropertyOf,owl.AnnotationProperty
rc.alberta_register_of_historic_places_id,rdfs:subPropertyOf,kko.identifiers
rc.alcuin_id,rdfs:subPropertyOf,owl.AnnotationProperty
rc.alcuin_id,rdfs:subPropertyOf,kko.identifiers
rc.algae_base_url,rdfs:subPropertyOf,owl.AnnotationProperty
rc.algae_base_url,rdfs:subPropertyOf,kko.pointers
rc.all_athletics_com_id,rdfs:subPropertyOf,owl.AnnotationProperty
rc.all_athletics_com_id,rdfs:subPropertyOf,kko.identifiers
rc.all_blacks_player_id,rdfs:subPropertyOf,owl.AnnotationProperty
rc.all_blacks_player_id,rdfs:subPropertyOf,kko.identifiers
rc.all_movie_movie_id,rdfs:subPropertyOf,owl.AnnotationProperty
rc.all_movie_movie_id,rdfs:subPropertyOf,kko.identifiers
rc.all_movie_person_id,rdfs:subPropertyOf,owl.AnnotationProperty
rc.all_movie_person_id,rdfs:subPropertyOf,kko.identifiers
rc.all_music_album_id,rdfs:subPropertyOf,owl.AnnotationProperty
rc.all_music_album_id,rdfs:subPropertyOf,kko.identifiers
rc.all_music_artist_id,rdfs:subPropertyOf,owl.AnnotationProperty
rc.all_music_artist_id,rdfs:subPropertyOf,kko.identifiers
rc.all_music_composition_id,rdfs:subPropertyOf,owl.AnnotationProperty
rc.all_music_composition_id,rdfs:subPropertyOf,kko.identifiers
rc.all_music_song_id,rdfs:subPropertyOf,owl.AnnotationProperty
rc.all_music_song_id,rdfs:subPropertyOf,kko.identifiers
rc.all_russian_mathematical_portal_id,rdfs:subPropertyOf,owl.AnnotationProperty
rc.all_russian_mathematical_portal_id,rdfs:subPropertyOf,kko.identifiers
rc.allbreedpedigree_id,rdfs:subPropertyOf,owl.AnnotationProperty
rc.allbreedpedigree_id,rdfs:subPropertyOf,kko.identifiers
rc.allcinema_film_id,rdfs:subPropertyOf,owl.AnnotationProperty
rc.allcinema_film_id,rdfs:subPropertyOf,kko.identifiers
rc.alljudo_judoka_id,rdfs:subPropertyOf,owl.AnnotationProperty
rc.alljudo_judoka_id,rdfs:subPropertyOf,kko.identifiers
rc.allo_cine_company_id,rdfs:subPropertyOf,owl.AnnotationProperty
rc.allo_cine_company_id,rdfs:subPropertyOf,kko.identifiers
rc.allo_cine_film_id,rdfs:subPropertyOf,owl.AnnotationProperty
rc.allo_cine_film_id,rdfs:subPropertyOf,kko.identifiers
rc.allo_cine_person_id,rdfs:subPropertyOf,owl.AnnotationProperty
rc.allo_cine_person_id,rdfs:subPropertyOf,kko.identifiers
rc.allo_cine_series_id,rdfs:subPropertyOf,owl.AnnotationProperty
rc.allo_cine_series_id,rdfs:subPropertyOf,kko.identifiers
rc.alpg_tour_golf_player_id,rdfs:subPropertyOf,owl.AnnotationProperty
rc.alpg_tour_golf_player_id,rdfs:subPropertyOf,kko.identifiers
rc.alternate_name,rdfs:subPropertyOf,owl.AnnotationProperty
rc.alternate_name,rdfs:subPropertyOf,kko.labels
rc.alternate_names,rdfs:subPropertyOf,owl.AnnotationProperty
rc.alternate_names,rdfs:subPropertyOf,kko.labels
rc.alternative_headline,rdfs:subPropertyOf,owl.AnnotationProperty
rc.alternative_headline,rdfs:subPropertyOf,kko.labels
rc.amazon_author_id,rdfs:subPropertyOf,owl.AnnotationProperty
rc.amazon_author_id,rdfs:subPropertyOf,kko.identifiers
rc.ameblo_username,rdfs:subPropertyOf,owl.AnnotationProperty
rc.ameblo_username,rdfs:subPropertyOf,kko.identifiers
rc.america_s_byways_road_id,rdfs:subPropertyOf,owl.AnnotationProperty
rc.america_s_byways_road_id,rdfs:subPropertyOf,kko.identifiers
rc.american_hockey_league_player_id,rdfs:subPropertyOf,owl.AnnotationProperty
rc.american_hockey_league_player_id,rdfs:subPropertyOf,kko.identifiers
rc.american_national_biography_id,rdfs:subPropertyOf,owl.AnnotationProperty
rc.american_national_biography_id,rdfs:subPropertyOf,kko.identifiers
rc.amphibia_web_species_id,rdfs:subPropertyOf,owl.AnnotationProperty
rc.amphibia_web_species_id,rdfs:subPropertyOf,kko.identifiers
rc.amphibians_of_india_id,rdfs:subPropertyOf,owl.AnnotationProperty
rc.amphibians_of_india_id,rdfs:subPropertyOf,kko.identifiers
rc.amtrak_station_code,rdfs:subPropertyOf,owl.AnnotationProperty
rc.amtrak_station_code,rdfs:subPropertyOf,kko.codes
rc.angel_list_id,rdfs:subPropertyOf,owl.AnnotationProperty
rc.angel_list_id,rdfs:subPropertyOf,kko.identifiers
rc.animator_ru_film_id,rdfs:subPropertyOf,owl.AnnotationProperty
rc.animator_ru_film_id,rdfs:subPropertyOf,kko.identifiers
rc.anime_cons_com_guest_id,rdfs:subPropertyOf,owl.AnnotationProperty
rc.anime_cons_com_guest_id,rdfs:subPropertyOf,kko.identifiers
rc.anime_news_network_anime_id,rdfs:subPropertyOf,owl.AnnotationProperty
rc.anime_news_network_anime_id,rdfs:subPropertyOf,kko.identifiers
rc.anime_news_network_company_id,rdfs:subPropertyOf,owl.AnnotationProperty
rc.anime_news_network_company_id,rdfs:subPropertyOf,kko.identifiers
rc.anime_news_network_manga_id,rdfs:subPropertyOf,owl.AnnotationProperty
rc.anime_news_network_manga_id,rdfs:subPropertyOf,kko.identifiers
rc.anime_news_network_person_id,rdfs:subPropertyOf,owl.AnnotationProperty
rc.anime_news_network_person_id,rdfs:subPropertyOf,kko.identifiers
rc.anti_virus_alias,rdfs:subPropertyOf,owl.AnnotationProperty
rc.anti_virus_alias,rdfs:subPropertyOf,kko.labels
rc.app_store_app_id,rdfs:subPropertyOf,owl.AnnotationProperty
rc.app_store_app_id,rdfs:subPropertyOf,kko.identifiers
rc.appears_in_the_heritage_monument_list,rdfs:subPropertyOf,owl.AnnotationProperty
rc.appears_in_the_heritage_monument_list,rdfs:subPropertyOf,kko.lists
rc.apple_music_album_id,rdfs:subPropertyOf,owl.AnnotationProperty
rc.apple_music_album_id,rdfs:subPropertyOf,kko.identifiers
rc.ar_kive_id,rdfs:subPropertyOf,owl.AnnotationProperty
rc.ar_kive_id,rdfs:subPropertyOf,kko.identifiers
rc.ar_xiv_classification,rdfs:subPropertyOf,owl.AnnotationProperty
rc.ar_xiv_classification,rdfs:subPropertyOf,kko.codes
rc.ar_xiv_id,rdfs:subPropertyOf,owl.AnnotationProperty
rc.ar_xiv_id,rdfs:subPropertyOf,kko.identifiers
rc.araneae_spider_id,rdfs:subPropertyOf,owl.AnnotationProperty
rc.araneae_spider_id,rdfs:subPropertyOf,kko.identifiers
rc.arbet_sam_id,rdfs:subPropertyOf,owl.AnnotationProperty
rc.arbet_sam_id,rdfs:subPropertyOf,kko.identifiers
rc.arch_linux_package,rdfs:subPropertyOf,owl.AnnotationProperty
rc.arch_linux_package,rdfs:subPropertyOf,kko.identifiers
rc.architectuurgids_architect_id,rdfs:subPropertyOf,owl.AnnotationProperty
rc.architectuurgids_architect_id,rdfs:subPropertyOf,kko.identifiers
rc.architectuurgids_building_id,rdfs:subPropertyOf,owl.AnnotationProperty
rc.architectuurgids_building_id,rdfs:subPropertyOf,kko.identifiers
rc.archival_creator_authority_record_at_the_archives_nationales,rdfs:subPropertyOf,owl.AnnotationProperty
rc.archival_creator_authority_record_at_the_archives_nationales,rdfs:subPropertyOf,kko.identifiers
rc.archive_url,rdfs:subPropertyOf,owl.AnnotationProperty
rc.archive_url,rdfs:subPropertyOf,kko.pointers
rc.archon_code,rdfs:subPropertyOf,owl.AnnotationProperty
rc.archon_code,rdfs:subPropertyOf,kko.codes
rc.argentine_chamber_of_deputies_id,rdfs:subPropertyOf,owl.AnnotationProperty
rc.argentine_chamber_of_deputies_id,rdfs:subPropertyOf,kko.identifiers
rc.argentine_olympic_committee_athlete_id,rdfs:subPropertyOf,owl.AnnotationProperty
rc.argentine_olympic_committee_athlete_id,rdfs:subPropertyOf,kko.identifiers
rc.argentine_senate_member_id,rdfs:subPropertyOf,owl.AnnotationProperty
rc.argentine_senate_member_id,rdfs:subPropertyOf,kko.identifiers
rc.argentinian_historic_heritage_id,rdfs:subPropertyOf,owl.AnnotationProperty
rc.argentinian_historic_heritage_id,rdfs:subPropertyOf,kko.identifiers
rc.aricns,rdfs:subPropertyOf,owl.AnnotationProperty
rc.aricns,rdfs:subPropertyOf,kko.identifiers
rc.arlhs_lighthouse_id,rdfs:subPropertyOf,owl.AnnotationProperty
rc.arlhs_lighthouse_id,rdfs:subPropertyOf,kko.identifiers
rc.arlima_id,rdfs:subPropertyOf,owl.AnnotationProperty
rc.arlima_id,rdfs:subPropertyOf,kko.identifiers
rc.arquivo_arq_id,rdfs:subPropertyOf,owl.AnnotationProperty
rc.arquivo_arq_id,rdfs:subPropertyOf,kko.identifiers
rc.arrs_runner_id,rdfs:subPropertyOf,owl.AnnotationProperty
rc.arrs_runner_id,rdfs:subPropertyOf,kko.identifiers
rc.art_museum_of_estonia_artist_id,rdfs:subPropertyOf,owl.AnnotationProperty
rc.art_museum_of_estonia_artist_id,rdfs:subPropertyOf,kko.identifiers
rc.art_museum_of_estonia_artwork_id,rdfs:subPropertyOf,owl.AnnotationProperty
rc.art_museum_of_estonia_artwork_id,rdfs:subPropertyOf,kko.identifiers
rc.art_name,rdfs:subPropertyOf,owl.AnnotationProperty
rc.art_name,rdfs:subPropertyOf,kko.labels
rc.art_renewal_center_artist_id,rdfs:subPropertyOf,owl.AnnotationProperty
rc.art_renewal_center_artist_id,rdfs:subPropertyOf,kko.identifiers
rc.art_uk_artist_id,rdfs:subPropertyOf,owl.AnnotationProperty
rc.art_uk_artist_id,rdfs:subPropertyOf,kko.identifiers
rc.art_uk_artwork_id,rdfs:subPropertyOf,owl.AnnotationProperty
rc.art_uk_artwork_id,rdfs:subPropertyOf,kko.identifiers
rc.art_uk_collection_id,rdfs:subPropertyOf,owl.AnnotationProperty
rc.art_uk_collection_id,rdfs:subPropertyOf,kko.identifiers
rc.art_uk_venue_id,rdfs:subPropertyOf,owl.AnnotationProperty
rc.art_uk_venue_id,rdfs:subPropertyOf,kko.identifiers
rc.artic_artwork_id,rdfs:subPropertyOf,owl.AnnotationProperty
rc.artic_artwork_id,rdfs:subPropertyOf,kko.identifiers
rc.article_id,rdfs:subPropertyOf,owl.AnnotationProperty
rc.article_id,rdfs:subPropertyOf,kko.identifiers
rc.artnet_artist_id,rdfs:subPropertyOf,owl.AnnotationProperty
rc.artnet_artist_id,rdfs:subPropertyOf,kko.identifiers
rc.artsy_artist_id,rdfs:subPropertyOf,owl.AnnotationProperty
rc.artsy_artist_id,rdfs:subPropertyOf,kko.identifiers
rc.artsy_gene,rdfs:subPropertyOf,owl.AnnotationProperty
rc.artsy_gene,rdfs:subPropertyOf,kko.identifiers
rc.as_com_athlete_id,rdfs:subPropertyOf,owl.AnnotationProperty
rc.as_com_athlete_id,rdfs:subPropertyOf,kko.identifiers
rc.ascap_ace_work_id,rdfs:subPropertyOf,owl.AnnotationProperty
rc.ascap_ace_work_id,rdfs:subPropertyOf,kko.identifiers
rc.asf_kid_cave_tag_number,rdfs:subPropertyOf,owl.AnnotationProperty
rc.asf_kid_cave_tag_number,rdfs:subPropertyOf,kko.identifiers
rc.ashrae_refrigerant_number,rdfs:subPropertyOf,owl.AnnotationProperty
rc.ashrae_refrigerant_number,rdfs:subPropertyOf,kko.identifiers
rc.asi_monument_id,rdfs:subPropertyOf,owl.AnnotationProperty
rc.asi_monument_id,rdfs:subPropertyOf,kko.identifiers
rc.assembly_version,rdfs:subPropertyOf,owl.AnnotationProperty
rc.assembly_version,rdfs:subPropertyOf,kko.codes
rc.associated_article,rdfs:subPropertyOf,owl.AnnotationProperty
rc.associated_article,rdfs:subPropertyOf,kko.relateds
rc.associated_media,rdfs:subPropertyOf,owl.AnnotationProperty
rc.associated_media,rdfs:subPropertyOf,kko.media
rc.association_authors_of_switzerland_id,rdfs:subPropertyOf,owl.AnnotationProperty
rc.association_authors_of_switzerland_id,rdfs:subPropertyOf,kko.identifiers
rc.astronomic_symbol_image,rdfs:subPropertyOf,owl.AnnotationProperty
rc.astronomic_symbol_image,rdfs:subPropertyOf,kko.media
rc.at_cvet,rdfs:subPropertyOf,owl.AnnotationProperty
rc.at_cvet,rdfs:subPropertyOf,kko.identifiers
rc.at_the_circulating_library_id,rdfs:subPropertyOf,owl.AnnotationProperty
rc.at_the_circulating_library_id,rdfs:subPropertyOf,kko.identifiers
rc.atari_legend_identifier,rdfs:subPropertyOf,owl.AnnotationProperty
rc.atari_legend_identifier,rdfs:subPropertyOf,kko.identifiers
rc.atarimania_identifier,rdfs:subPropertyOf,owl.AnnotationProperty
rc.atarimania_identifier,rdfs:subPropertyOf,kko.identifiers
rc.atc_code,rdfs:subPropertyOf,owl.AnnotationProperty
rc.atc_code,rdfs:subPropertyOf,kko.codes
rc.athenaeum_artwork_id,rdfs:subPropertyOf,owl.AnnotationProperty
rc.athenaeum_artwork_id,rdfs:subPropertyOf,kko.identifiers
rc.athenaeum_museum_id,rdfs:subPropertyOf,owl.AnnotationProperty
rc.athenaeum_museum_id,rdfs:subPropertyOf,kko.identifiers
rc.athenaeum_person_id,rdfs:subPropertyOf,owl.AnnotationProperty
rc.athenaeum_person_id,rdfs:subPropertyOf,kko.identifiers
rc.athletics_australia_athlete_id,rdfs:subPropertyOf,owl.AnnotationProperty
rc.athletics_australia_athlete_id,rdfs:subPropertyOf,kko.identifiers
rc.atlas_id,rdfs:subPropertyOf,owl.AnnotationProperty
rc.atlas_id,rdfs:subPropertyOf,kko.identifiers
rc.atlas_of_hillforts_id,rdfs:subPropertyOf,owl.AnnotationProperty
rc.atlas_of_hillforts_id,rdfs:subPropertyOf,kko.identifiers
rc.atomic_heritage_foundation_id,rdfs:subPropertyOf,owl.AnnotationProperty
rc.atomic_heritage_foundation_id,rdfs:subPropertyOf,kko.identifiers
rc.atp_player_id,rdfs:subPropertyOf,owl.AnnotationProperty
rc.atp_player_id,rdfs:subPropertyOf,kko.identifiers
rc.atp_tennis_tournament_id,rdfs:subPropertyOf,owl.AnnotationProperty
rc.atp_tennis_tournament_id,rdfs:subPropertyOf,kko.identifiers
rc.atvk_id,rdfs:subPropertyOf,owl.AnnotationProperty
rc.atvk_id,rdfs:subPropertyOf,kko.identifiers
rc.au_amendi_id,rdfs:subPropertyOf,owl.AnnotationProperty
rc.au_amendi_id,rdfs:subPropertyOf,kko.identifiers
rc.auckland_art_gallery_artist_id,rdfs:subPropertyOf,owl.AnnotationProperty
rc.auckland_art_gallery_artist_id,rdfs:subPropertyOf,kko.identifiers
rc.audio,rdfs:subPropertyOf,owl.AnnotationProperty
rc.audio,rdfs:subPropertyOf,kko.media
rc.audio_recording_of_the_subject_s_spoken_voice,rdfs:subPropertyOf,owl.AnnotationProperty
rc.audio_recording_of_the_subject_s_spoken_voice,rdfs:subPropertyOf,kko.media
rc.aur_package,rdfs:subPropertyOf,owl.AnnotationProperty
rc.aur_package,rdfs:subPropertyOf,kko.identifiers
rc.ausnut_food_id,rdfs:subPropertyOf,owl.AnnotationProperty
rc.ausnut_food_id,rdfs:subPropertyOf,kko.identifiers
rc.austlang_code,rdfs:subPropertyOf,owl.AnnotationProperty
rc.austlang_code,rdfs:subPropertyOf,kko.codes
rc.australasian_pollen_and_spore_atlas_code,rdfs:subPropertyOf,owl.AnnotationProperty
rc.australasian_pollen_and_spore_atlas_code,rdfs:subPropertyOf,kko.identifiers
rc.australian_antarctic_gazetteer_id,rdfs:subPropertyOf,owl.AnnotationProperty
rc.australian_antarctic_gazetteer_id,rdfs:subPropertyOf,kko.identifiers
rc.australian_baseball_league_player_id,rdfs:subPropertyOf,owl.AnnotationProperty
rc.australian_baseball_league_player_id,rdfs:subPropertyOf,kko.identifiers
rc.australian_business_number,rdfs:subPropertyOf,owl.AnnotationProperty
rc.australian_business_number,rdfs:subPropertyOf,kko.identifiers
rc.australian_company_number,rdfs:subPropertyOf,owl.AnnotationProperty
rc.australian_company_number,rdfs:subPropertyOf,kko.identifiers
rc.australian_dictionary_of_biography_id,rdfs:subPropertyOf,owl.AnnotationProperty
rc.australian_dictionary_of_biography_id,rdfs:subPropertyOf,kko.identifiers
rc.australian_football_com_id,rdfs:subPropertyOf,owl.AnnotationProperty
rc.australian_football_com_id,rdfs:subPropertyOf,kko.identifiers
rc.australian_geological_provinces_id,rdfs:subPropertyOf,owl.AnnotationProperty
rc.australian_geological_provinces_id,rdfs:subPropertyOf,kko.identifiers
rc.australian_government_organisations_register_id,rdfs:subPropertyOf,owl.AnnotationProperty
rc.australian_government_organisations_register_id,rdfs:subPropertyOf,kko.identifiers
rc.australian_heritage_database_place_id,rdfs:subPropertyOf,owl.AnnotationProperty
rc.australian_heritage_database_place_id,rdfs:subPropertyOf,kko.identifiers
rc.australian_national_shipwreck_id,rdfs:subPropertyOf,owl.AnnotationProperty
rc.australian_national_shipwreck_id,rdfs:subPropertyOf,kko.identifiers
rc.australian_olympic_committee_athlete_id,rdfs:subPropertyOf,owl.AnnotationProperty
rc.australian_olympic_committee_athlete_id,rdfs:subPropertyOf,kko.identifiers
rc.australian_ramsar_site_id,rdfs:subPropertyOf,owl.AnnotationProperty
rc.australian_ramsar_site_id,rdfs:subPropertyOf,kko.identifiers
rc.australian_registered_scheme_number,rdfs:subPropertyOf,owl.AnnotationProperty
rc.australian_registered_scheme_number,rdfs:subPropertyOf,kko.identifiers
rc.australian_standard_geographic_classification_2006_id,rdfs:subPropertyOf,owl.AnnotationProperty
rc.australian_standard_geographic_classification_2006_id,rdfs:subPropertyOf,kko.identifiers
rc.australian_statistical_geography_2011_id,rdfs:subPropertyOf,owl.AnnotationProperty
rc.australian_statistical_geography_2011_id,rdfs:subPropertyOf,kko.identifiers
rc.australian_statistical_geography_2016_id,rdfs:subPropertyOf,owl.AnnotationProperty
rc.australian_statistical_geography_2016_id,rdfs:subPropertyOf,kko.identifiers
rc.australian_stratigraphic_units_database_id,rdfs:subPropertyOf,owl.AnnotationProperty
rc.australian_stratigraphic_units_database_id,rdfs:subPropertyOf,kko.identifiers
rc.australian_wetlands_code,rdfs:subPropertyOf,owl.AnnotationProperty
rc.australian_wetlands_code,rdfs:subPropertyOf,kko.identifiers
rc.australian_women_s_register_id,rdfs:subPropertyOf,owl.AnnotationProperty
rc.australian_women_s_register_id,rdfs:subPropertyOf,kko.identifiers
rc.austrian_municipality_key,rdfs:subPropertyOf,owl.AnnotationProperty
rc.austrian_municipality_key,rdfs:subPropertyOf,kko.identifiers
rc.austrian_parliament_id,rdfs:subPropertyOf,owl.AnnotationProperty
rc.austrian_parliament_id,rdfs:subPropertyOf,kko.identifiers
rc.author_citation_zoology,rdfs:subPropertyOf,owl.AnnotationProperty
rc.author_citation_zoology,rdfs:subPropertyOf,kko.relateds
rc.author_name_string,rdfs:subPropertyOf,owl.AnnotationProperty
rc.author_name_string,rdfs:subPropertyOf,kko.labels
rc.autonomous_system_number,rdfs:subPropertyOf,owl.AnnotationProperty
rc.autonomous_system_number,rdfs:subPropertyOf,kko.codes
rc.autores_ar_id,rdfs:subPropertyOf,owl.AnnotationProperty
rc.autores_ar_id,rdfs:subPropertyOf,kko.identifiers
rc.autores_uy_id,rdfs:subPropertyOf,owl.AnnotationProperty
rc.autores_uy_id,rdfs:subPropertyOf,kko.identifiers
rc.aviation_safety_network_accident_id,rdfs:subPropertyOf,owl.AnnotationProperty
rc.aviation_safety_network_accident_id,rdfs:subPropertyOf,kko.identifiers
rc.aviation_safety_network_wikibase_occurrence,rdfs:subPropertyOf,owl.AnnotationProperty
rc.aviation_safety_network_wikibase_occurrence,rdfs:subPropertyOf,kko.identifiers
rc.avibase_id,rdfs:subPropertyOf,owl.AnnotationProperty
rc.avibase_id,rdfs:subPropertyOf,kko.identifiers
rc.az_billiards_id,rdfs:subPropertyOf,owl.AnnotationProperty
rc.az_billiards_id,rdfs:subPropertyOf,kko.identifiers
rc.b_an_q_work_id,rdfs:subPropertyOf,owl.AnnotationProperty
rc.b_an_q_work_id,rdfs:subPropertyOf,kko.identifiers
rc.ba_la_t_object_id,rdfs:subPropertyOf,owl.AnnotationProperty
rc.ba_la_t_object_id,rdfs:subPropertyOf,kko.identifiers
rc.ba_la_t_person_organisation_id,rdfs:subPropertyOf,owl.AnnotationProperty
rc.ba_la_t_person_organisation_id,rdfs:subPropertyOf,kko.identifiers
rc.babel_net_id,rdfs:subPropertyOf,owl.AnnotationProperty
rc.babel_net_id,rdfs:subPropertyOf,kko.identifiers
rc.babelio_author_id,rdfs:subPropertyOf,owl.AnnotationProperty
rc.babelio_author_id,rdfs:subPropertyOf,kko.identifiers
rc.babelio_work_id,rdfs:subPropertyOf,owl.AnnotationProperty
rc.babelio_work_id,rdfs:subPropertyOf,kko.identifiers
rc.bac_dive_id,rdfs:subPropertyOf,owl.AnnotationProperty
rc.bac_dive_id,rdfs:subPropertyOf,kko.identifiers
rc.badminton_link_player_id,rdfs:subPropertyOf,owl.AnnotationProperty
rc.badminton_link_player_id,rdfs:subPropertyOf,kko.identifiers
rc.bag_residence_id,rdfs:subPropertyOf,owl.AnnotationProperty
rc.bag_residence_id,rdfs:subPropertyOf,kko.identifiers
rc.bait_la_zemer_ha_ivri_artist_id,rdfs:subPropertyOf,owl.AnnotationProperty
rc.bait_la_zemer_ha_ivri_artist_id,rdfs:subPropertyOf,kko.identifiers
rc.bait_la_zemer_ha_ivri_song_id,rdfs:subPropertyOf,owl.AnnotationProperty
rc.bait_la_zemer_ha_ivri_song_id,rdfs:subPropertyOf,kko.identifiers
rc.ballotpedia_id,rdfs:subPropertyOf,owl.AnnotationProperty
rc.ballotpedia_id,rdfs:subPropertyOf,kko.identifiers
rc.baltisches_biographisches_lexikon_digital_id_former_scheme,rdfs:subPropertyOf,owl.AnnotationProperty
rc.baltisches_biographisches_lexikon_digital_id_former_scheme,rdfs:subPropertyOf,kko.identifiers
rc.ban_q_author_id,rdfs:subPropertyOf,owl.AnnotationProperty
rc.ban_q_author_id,rdfs:subPropertyOf,kko.identifiers
rc.band_number,rdfs:subPropertyOf,owl.AnnotationProperty
rc.band_number,rdfs:subPropertyOf,kko.identifiers
rc.bandcamp_id,rdfs:subPropertyOf,owl.AnnotationProperty
rc.bandcamp_id,rdfs:subPropertyOf,kko.identifiers
rc.bandysidan_player_id,rdfs:subPropertyOf,owl.AnnotationProperty
rc.bandysidan_player_id,rdfs:subPropertyOf,kko.identifiers
rc.bangla_movie_database_id,rdfs:subPropertyOf,owl.AnnotationProperty
rc.bangla_movie_database_id,rdfs:subPropertyOf,kko.identifiers
rc.bangladesh_administrative_division_code_pre_2017,rdfs:subPropertyOf,owl.AnnotationProperty
rc.bangladesh_administrative_division_code_pre_2017,rdfs:subPropertyOf,kko.codes
rc.banglapedia_bengali_version_id,rdfs:subPropertyOf,owl.AnnotationProperty
rc.banglapedia_bengali_version_id,rdfs:subPropertyOf,kko.identifiers
rc.banglapedia_english_version_id,rdfs:subPropertyOf,owl.AnnotationProperty
rc.banglapedia_english_version_id,rdfs:subPropertyOf,kko.identifiers
rc.banque_de_noms_de_lieux_du_quebec_id,rdfs:subPropertyOf,owl.AnnotationProperty
rc.banque_de_noms_de_lieux_du_quebec_id,rdfs:subPropertyOf,kko.identifiers
rc.barbarian_f_c_id,rdfs:subPropertyOf,owl.AnnotationProperty
rc.barbarian_f_c_id,rdfs:subPropertyOf,kko.identifiers
rc.barbarian_r_c_id,rdfs:subPropertyOf,owl.AnnotationProperty
rc.barbarian_r_c_id,rdfs:subPropertyOf,kko.identifiers
rc.bargeton_id,rdfs:subPropertyOf,owl.AnnotationProperty
rc.bargeton_id,rdfs:subPropertyOf,kko.identifiers
rc.barnes_foundation_id,rdfs:subPropertyOf,owl.AnnotationProperty
rc.barnes_foundation_id,rdfs:subPropertyOf,kko.identifiers
rc.bartoc_id,rdfs:subPropertyOf,owl.AnnotationProperty
rc.bartoc_id,rdfs:subPropertyOf,kko.identifiers
rc.base_biographique_autor_id,rdfs:subPropertyOf,owl.AnnotationProperty
rc.base_biographique_autor_id,rdfs:subPropertyOf,kko.identifiers
rc.baseball_almanac_id,rdfs:subPropertyOf,owl.AnnotationProperty
rc.baseball_almanac_id,rdfs:subPropertyOf,kko.identifiers
rc.baseball_reference_com_major_league_player_id,rdfs:subPropertyOf,owl.AnnotationProperty
rc.baseball_reference_com_major_league_player_id,rdfs:subPropertyOf,kko.identifiers
rc.baseball_reference_com_minor_foreign_league_player_id,rdfs:subPropertyOf,owl.AnnotationProperty
rc.baseball_reference_com_minor_foreign_league_player_id,rdfs:subPropertyOf,kko.identifiers
rc.bashkir_encyclopedia_bashkir_version_id,rdfs:subPropertyOf,owl.AnnotationProperty
rc.bashkir_encyclopedia_bashkir_version_id,rdfs:subPropertyOf,kko.identifiers
rc.bashkir_encyclopedia_russian_version_id,rdfs:subPropertyOf,owl.AnnotationProperty
rc.bashkir_encyclopedia_russian_version_id,rdfs:subPropertyOf,kko.identifiers
rc.basic_unit_of_settlement_code_czech_slovak,rdfs:subPropertyOf,owl.AnnotationProperty
rc.basic_unit_of_settlement_code_czech_slovak,rdfs:subPropertyOf,kko.codes
rc.basionym,rdfs:subPropertyOf,owl.AnnotationProperty
rc.basionym,rdfs:subPropertyOf,kko.labels
rc.basisregistratie_instellingen_number,rdfs:subPropertyOf,owl.AnnotationProperty
rc.basisregistratie_instellingen_number,rdfs:subPropertyOf,kko.identifiers
rc.basketball_reference_com_europe_player_id,rdfs:subPropertyOf,owl.AnnotationProperty
rc.basketball_reference_com_europe_player_id,rdfs:subPropertyOf,kko.identifiers
rc.basketball_reference_com_nba_coach_id,rdfs:subPropertyOf,owl.AnnotationProperty
rc.basketball_reference_com_nba_coach_id,rdfs:subPropertyOf,kko.identifiers
rc.basketball_reference_com_nba_g_league_player_id,rdfs:subPropertyOf,owl.AnnotationProperty
rc.basketball_reference_com_nba_g_league_player_id,rdfs:subPropertyOf,kko.identifiers
rc.basketball_reference_com_nba_player_id,rdfs:subPropertyOf,owl.AnnotationProperty
rc.basketball_reference_com_nba_player_id,rdfs:subPropertyOf,kko.identifiers
rc.basketball_reference_com_wnba_coach_id,rdfs:subPropertyOf,owl.AnnotationProperty
rc.basketball_reference_com_wnba_coach_id,rdfs:subPropertyOf,kko.identifiers
rc.basketball_reference_com_wnba_player_id,rdfs:subPropertyOf,owl.AnnotationProperty
rc.basketball_reference_com_wnba_player_id,rdfs:subPropertyOf,kko.identifiers
rc.bathymetry_image,rdfs:subPropertyOf,owl.AnnotationProperty
rc.bathymetry_image,rdfs:subPropertyOf,kko.media
rc.bav_id,rdfs:subPropertyOf,owl.AnnotationProperty
rc.bav_id,rdfs:subPropertyOf,kko.identifiers
rc.bavarian_geotope_id,rdfs:subPropertyOf,owl.AnnotationProperty
rc.bavarian_geotope_id,rdfs:subPropertyOf,kko.identifiers
rc.bavarian_monument_authority_id,rdfs:subPropertyOf,owl.AnnotationProperty
rc.bavarian_monument_authority_id,rdfs:subPropertyOf,kko.identifiers
rc.bavarikon_id,rdfs:subPropertyOf,owl.AnnotationProperty
rc.bavarikon_id,rdfs:subPropertyOf,kko.identifiers
rc.bbc_genome_id,rdfs:subPropertyOf,owl.AnnotationProperty
rc.bbc_genome_id,rdfs:subPropertyOf,kko.identifiers
rc.bbc_news_democracy_live_id,rdfs:subPropertyOf,owl.AnnotationProperty
rc.bbc_news_democracy_live_id,rdfs:subPropertyOf,kko.identifiers
rc.bbc_programme_id,rdfs:subPropertyOf,owl.AnnotationProperty
rc.bbc_programme_id,rdfs:subPropertyOf,kko.identifiers
rc.bbc_things_id,rdfs:subPropertyOf,owl.AnnotationProperty
rc.bbc_things_id,rdfs:subPropertyOf,kko.identifiers
rc.bbf_id,rdfs:subPropertyOf,owl.AnnotationProperty
rc.bbf_id,rdfs:subPropertyOf,kko.identifiers
rc.bc_geographical_names_id,rdfs:subPropertyOf,owl.AnnotationProperty
rc.bc_geographical_names_id,rdfs:subPropertyOf,kko.identifiers
rc.bc_sports_hall_of_fame_athlete_id,rdfs:subPropertyOf,owl.AnnotationProperty
rc.bc_sports_hall_of_fame_athlete_id,rdfs:subPropertyOf,kko.identifiers
rc.bcu_ecrivainsvd,rdfs:subPropertyOf,owl.AnnotationProperty
rc.bcu_ecrivainsvd,rdfs:subPropertyOf,kko.identifiers
rc.bd_futbol_player_id,rdfs:subPropertyOf,owl.AnnotationProperty
rc.bd_futbol_player_id,rdfs:subPropertyOf,kko.identifiers
rc.bdcyl_authority_id,rdfs:subPropertyOf,owl.AnnotationProperty
rc.bdcyl_authority_id,rdfs:subPropertyOf,kko.identifiers
rc.bdrc_resource_id,rdfs:subPropertyOf,owl.AnnotationProperty
rc.bdrc_resource_id,rdfs:subPropertyOf,kko.identifiers
rc.beach_volleyball_database_id,rdfs:subPropertyOf,owl.AnnotationProperty
rc.beach_volleyball_database_id,rdfs:subPropertyOf,kko.identifiers
rc.beazley_archive_pottery_database_id,rdfs:subPropertyOf,owl.AnnotationProperty
rc.beazley_archive_pottery_database_id,rdfs:subPropertyOf,kko.identifiers
rc.bechdel_test_movie_list_id,rdfs:subPropertyOf,owl.AnnotationProperty
rc.bechdel_test_movie_list_id,rdfs:subPropertyOf,kko.identifiers
rc.beer_advocate_brewery_id,rdfs:subPropertyOf,owl.AnnotationProperty
rc.beer_advocate_brewery_id,rdfs:subPropertyOf,kko.identifiers
rc.before_media,rdfs:subPropertyOf,owl.AnnotationProperty
rc.before_media,rdfs:subPropertyOf,kko.media
rc.behind_the_voice_actors_video_game_id,rdfs:subPropertyOf,owl.AnnotationProperty
rc.behind_the_voice_actors_video_game_id,rdfs:subPropertyOf,kko.identifiers
rc.bekker_number,rdfs:subPropertyOf,owl.AnnotationProperty
rc.bekker_number,rdfs:subPropertyOf,kko.identifiers
rc.belgian_senate_person_id,rdfs:subPropertyOf,owl.AnnotationProperty
rc.belgian_senate_person_id,rdfs:subPropertyOf,kko.identifiers
rc.belvedere_artist_id,rdfs:subPropertyOf,owl.AnnotationProperty
rc.belvedere_artist_id,rdfs:subPropertyOf,kko.identifiers
rc.benezit_id,rdfs:subPropertyOf,owl.AnnotationProperty
rc.benezit_id,rdfs:subPropertyOf,kko.identifiers
rc.berl_pap_identifier,rdfs:subPropertyOf,owl.AnnotationProperty
rc.berl_pap_identifier,rdfs:subPropertyOf,kko.identifiers
rc.berlin_cultural_heritage_id,rdfs:subPropertyOf,owl.AnnotationProperty
rc.berlin_cultural_heritage_id,rdfs:subPropertyOf,kko.identifiers
rc.bfi_films_tv_and_people_id,rdfs:subPropertyOf,owl.AnnotationProperty
rc.bfi_films_tv_and_people_id,rdfs:subPropertyOf,kko.identifiers
rc.bfi_national_archive_work_id,rdfs:subPropertyOf,owl.AnnotationProperty
rc.bfi_national_archive_work_id,rdfs:subPropertyOf,kko.identifiers
rc.bg_ekatte_place_id,rdfs:subPropertyOf,owl.AnnotationProperty
rc.bg_ekatte_place_id,rdfs:subPropertyOf,kko.identifiers
rc.bgs_lexicon_id,rdfs:subPropertyOf,owl.AnnotationProperty
rc.bgs_lexicon_id,rdfs:subPropertyOf,kko.identifiers
rc.bhl_bibliography_id,rdfs:subPropertyOf,owl.AnnotationProperty
rc.bhl_bibliography_id,rdfs:subPropertyOf,kko.identifiers
rc.bhl_creator_id,rdfs:subPropertyOf,owl.AnnotationProperty
rc.bhl_creator_id,rdfs:subPropertyOf,kko.identifiers
rc.bhl_page_id,rdfs:subPropertyOf,owl.AnnotationProperty
rc.bhl_page_id,rdfs:subPropertyOf,kko.identifiers
rc.bibcode,rdfs:subPropertyOf,owl.AnnotationProperty
rc.bibcode,rdfs:subPropertyOf,kko.codes
rc.biblio_net_author_id,rdfs:subPropertyOf,owl.AnnotationProperty
rc.biblio_net_author_id,rdfs:subPropertyOf,kko.identifiers
rc.biblio_net_publication_id,rdfs:subPropertyOf,owl.AnnotationProperty
rc.biblio_net_publication_id,rdfs:subPropertyOf,kko.identifiers
rc.biblio_net_publisher_id,rdfs:subPropertyOf,owl.AnnotationProperty
rc.biblio_net_publisher_id,rdfs:subPropertyOf,kko.identifiers
rc.biblioteca_nacional_de_chile_catalogue_number,rdfs:subPropertyOf,owl.AnnotationProperty
rc.biblioteca_nacional_de_chile_catalogue_number,rdfs:subPropertyOf,kko.identifiers
rc.biblioteca_nacional_de_espa_a_id,rdfs:subPropertyOf,owl.AnnotationProperty
rc.biblioteca_nacional_de_espa_a_id,rdfs:subPropertyOf,kko.identifiers
rc.biblioteca_nacional_de_mexico_id,rdfs:subPropertyOf,owl.AnnotationProperty
rc.biblioteca_nacional_de_mexico_id,rdfs:subPropertyOf,kko.identifiers
rc.bibliotheque_nationale_de_france_id,rdfs:subPropertyOf,owl.AnnotationProperty
rc.bibliotheque_nationale_de_france_id,rdfs:subPropertyOf,kko.identifiers
rc.bibo_id,rdfs:subPropertyOf,owl.AnnotationProperty
rc.bibo_id,rdfs:subPropertyOf,kko.identifiers
rc.bibsys_id,rdfs:subPropertyOf,owl.AnnotationProperty
rc.bibsys_id,rdfs:subPropertyOf,kko.identifiers
rc.bien_de_interes_cultural_bic_code,rdfs:subPropertyOf,owl.AnnotationProperty
rc.bien_de_interes_cultural_bic_code,rdfs:subPropertyOf,kko.identifiers
rc.bildindex_der_kunst_und_architektur_id,rdfs:subPropertyOf,owl.AnnotationProperty
rc.bildindex_der_kunst_und_architektur_id,rdfs:subPropertyOf,kko.identifiers
rc.billboard_artist_id,rdfs:subPropertyOf,owl.AnnotationProperty
rc.billboard_artist_id,rdfs:subPropertyOf,kko.identifiers
rc.billing_address,rdfs:subPropertyOf,owl.AnnotationProperty
rc.billing_address,rdfs:subPropertyOf,kko.pointers
rc.billion_graves_cemetery_id,rdfs:subPropertyOf,owl.AnnotationProperty
rc.billion_graves_cemetery_id,rdfs:subPropertyOf,kko.identifiers
rc.bio_lib_id,rdfs:subPropertyOf,owl.AnnotationProperty
rc.bio_lib_id,rdfs:subPropertyOf,kko.identifiers
rc.biografisch_portal_number,rdfs:subPropertyOf,owl.AnnotationProperty
rc.biografisch_portal_number,rdfs:subPropertyOf,kko.identifiers
rc.biographical_dictionary_of_georgia_id,rdfs:subPropertyOf,owl.AnnotationProperty
rc.biographical_dictionary_of_georgia_id,rdfs:subPropertyOf,kko.identifiers
rc.biographical_dictionary_of_swedish_women,rdfs:subPropertyOf,owl.AnnotationProperty
rc.biographical_dictionary_of_swedish_women,rdfs:subPropertyOf,kko.identifiers
rc.biographical_directory_of_federal_judges_id,rdfs:subPropertyOf,owl.AnnotationProperty
rc.biographical_directory_of_federal_judges_id,rdfs:subPropertyOf,kko.identifiers
rc.biography_at_the_bundestag_of_germany,rdfs:subPropertyOf,owl.AnnotationProperty
rc.biography_at_the_bundestag_of_germany,rdfs:subPropertyOf,kko.relateds
rc.biography_at_the_landtag_of_mecklenburg_vorpommern,rdfs:subPropertyOf,owl.AnnotationProperty
rc.biography_at_the_landtag_of_mecklenburg_vorpommern,rdfs:subPropertyOf,kko.identifiers
rc.birth_name,rdfs:subPropertyOf,owl.AnnotationProperty
rc.birth_name,rdfs:subPropertyOf,kko.labels
rc.bivouac_com_mountain_id,rdfs:subPropertyOf,owl.AnnotationProperty
rc.bivouac_com_mountain_id,rdfs:subPropertyOf,kko.identifiers
rc.bivouac_com_pass_id,rdfs:subPropertyOf,owl.AnnotationProperty
rc.bivouac_com_pass_id,rdfs:subPropertyOf,kko.identifiers
rc.bldam_object_id,rdfs:subPropertyOf,owl.AnnotationProperty
rc.bldam_object_id,rdfs:subPropertyOf,kko.identifiers
rc.bloomberg_company_id,rdfs:subPropertyOf,owl.AnnotationProperty
rc.bloomberg_company_id,rdfs:subPropertyOf,kko.identifiers
rc.bloomberg_person_id,rdfs:subPropertyOf,owl.AnnotationProperty
rc.bloomberg_person_id,rdfs:subPropertyOf,kko.identifiers
rc.blue_style_com_id,rdfs:subPropertyOf,owl.AnnotationProperty
rc.blue_style_com_id,rdfs:subPropertyOf,kko.identifiers
rc.bluebook_abbreviation,rdfs:subPropertyOf,owl.AnnotationProperty
rc.bluebook_abbreviation,rdfs:subPropertyOf,kko.labels
rc.bmlo_id,rdfs:subPropertyOf,owl.AnnotationProperty
rc.bmlo_id,rdfs:subPropertyOf,kko.identifiers
rc.bmx_results_com_rider_id,rdfs:subPropertyOf,owl.AnnotationProperty
rc.bmx_results_com_rider_id,rdfs:subPropertyOf,kko.identifiers
rc.bn_argentine_editions,rdfs:subPropertyOf,owl.AnnotationProperty
rc.bn_argentine_editions,rdfs:subPropertyOf,kko.identifiers
rc.bna_authority_id,rdfs:subPropertyOf,owl.AnnotationProperty
rc.bna_authority_id,rdfs:subPropertyOf,kko.identifiers
rc.bnc_id,rdfs:subPropertyOf,owl.AnnotationProperty
rc.bnc_id,rdfs:subPropertyOf,kko.identifiers
rc.bncf_thesaurus_id,rdfs:subPropertyOf,owl.AnnotationProperty
rc.bncf_thesaurus_id,rdfs:subPropertyOf,kko.identifiers
rc.bne_journal_id,rdfs:subPropertyOf,owl.AnnotationProperty
rc.bne_journal_id,rdfs:subPropertyOf,kko.identifiers
rc.bo_f_person_id,rdfs:subPropertyOf,owl.AnnotationProperty
rc.bo_f_person_id,rdfs:subPropertyOf,kko.identifiers
rc.board_game_geek_designer_id,rdfs:subPropertyOf,owl.AnnotationProperty
rc.board_game_geek_designer_id,rdfs:subPropertyOf,kko.identifiers
rc.board_game_geek_id,rdfs:subPropertyOf,owl.AnnotationProperty
rc.board_game_geek_id,rdfs:subPropertyOf,kko.identifiers
rc.boat_of_heritage_interest_id,rdfs:subPropertyOf,owl.AnnotationProperty
rc.boat_of_heritage_interest_id,rdfs:subPropertyOf,kko.identifiers
rc.boijmans_artist_id,rdfs:subPropertyOf,owl.AnnotationProperty
rc.boijmans_artist_id,rdfs:subPropertyOf,kko.identifiers
rc.bold_systems_taxon_id,rdfs:subPropertyOf,owl.AnnotationProperty
rc.bold_systems_taxon_id,rdfs:subPropertyOf,kko.identifiers
rc.bollywood_hungama_person_id,rdfs:subPropertyOf,owl.AnnotationProperty
rc.bollywood_hungama_person_id,rdfs:subPropertyOf,kko.identifiers
rc.book_brainz_author_id,rdfs:subPropertyOf,owl.AnnotationProperty
rc.book_brainz_author_id,rdfs:subPropertyOf,kko.identifiers
rc.book_edition,rdfs:subPropertyOf,owl.AnnotationProperty
rc.book_edition,rdfs:subPropertyOf,kko.codes
rc.booking_com_hotel_id,rdfs:subPropertyOf,owl.AnnotationProperty
rc.booking_com_hotel_id,rdfs:subPropertyOf,kko.identifiers
rc.borden_code,rdfs:subPropertyOf,owl.AnnotationProperty
rc.borden_code,rdfs:subPropertyOf,kko.identifiers
rc.botanist_author_abbreviation,rdfs:subPropertyOf,owl.AnnotationProperty
rc.botanist_author_abbreviation,rdfs:subPropertyOf,kko.labels
rc.box_office_mojo_film_id,rdfs:subPropertyOf,owl.AnnotationProperty
rc.box_office_mojo_film_id,rdfs:subPropertyOf,kko.identifiers
rc.box_office_mojo_franchise_id,rdfs:subPropertyOf,owl.AnnotationProperty
rc.box_office_mojo_franchise_id,rdfs:subPropertyOf,kko.identifiers
rc.box_office_mojo_person_id,rdfs:subPropertyOf,owl.AnnotationProperty
rc.box_office_mojo_person_id,rdfs:subPropertyOf,kko.identifiers
rc.box_office_mojo_studio_id,rdfs:subPropertyOf,owl.AnnotationProperty
rc.box_office_mojo_studio_id,rdfs:subPropertyOf,kko.identifiers
rc.box_rec_boxer_id,rdfs:subPropertyOf,owl.AnnotationProperty
rc.box_rec_boxer_id,rdfs:subPropertyOf,kko.identifiers
rc.bph_journal_id,rdfs:subPropertyOf,owl.AnnotationProperty
rc.bph_journal_id,rdfs:subPropertyOf,kko.identifiers
rc.bps_language_code,rdfs:subPropertyOf,owl.AnnotationProperty
rc.bps_language_code,rdfs:subPropertyOf,kko.codes
rc.bradley_and_fletcher_checklist_number,rdfs:subPropertyOf,owl.AnnotationProperty
rc.bradley_and_fletcher_checklist_number,rdfs:subPropertyOf,kko.identifiers
rc.brain_info_id_hierarchical,rdfs:subPropertyOf,owl.AnnotationProperty
rc.brain_info_id_hierarchical,rdfs:subPropertyOf,kko.identifiers
rc.branch_code,rdfs:subPropertyOf,owl.AnnotationProperty
rc.branch_code,rdfs:subPropertyOf,kko.codes
rc.brand_schema,rdfs:subPropertyOf,owl.AnnotationProperty
rc.brand_schema,rdfs:subPropertyOf,kko.labels
rc.brazilian_municipality_code,rdfs:subPropertyOf,owl.AnnotationProperty
rc.brazilian_municipality_code,rdfs:subPropertyOf,kko.identifiers
rc.brazilian_olympic_committee_athlete_id,rdfs:subPropertyOf,owl.AnnotationProperty
rc.brazilian_olympic_committee_athlete_id,rdfs:subPropertyOf,kko.identifiers
rc.breadcrumb,rdfs:subPropertyOf,owl.AnnotationProperty
rc.breadcrumb,rdfs:subPropertyOf,kko.pointers
rc.bridge_reports_com_id,rdfs:subPropertyOf,owl.AnnotationProperty
rc.bridge_reports_com_id,rdfs:subPropertyOf,kko.identifiers
rc.bridgehunter_com_id,rdfs:subPropertyOf,owl.AnnotationProperty
rc.bridgehunter_com_id,rdfs:subPropertyOf,kko.identifiers
rc.bridgeman_artist_id,rdfs:subPropertyOf,owl.AnnotationProperty
rc.bridgeman_artist_id,rdfs:subPropertyOf,kko.identifiers
rc.british_bobsleigh_skeleton_association_id,rdfs:subPropertyOf,owl.AnnotationProperty
rc.british_bobsleigh_skeleton_association_id,rdfs:subPropertyOf,kko.identifiers
rc.british_book_trade_index_id,rdfs:subPropertyOf,owl.AnnotationProperty
rc.british_book_trade_index_id,rdfs:subPropertyOf,kko.identifiers
rc.british_council_artist_id,rdfs:subPropertyOf,owl.AnnotationProperty
rc.british_council_artist_id,rdfs:subPropertyOf,kko.identifiers
rc.british_history_online_vch_id,rdfs:subPropertyOf,owl.AnnotationProperty
rc.british_history_online_vch_id,rdfs:subPropertyOf,kko.identifiers
rc.british_museum_person_institution,rdfs:subPropertyOf,owl.AnnotationProperty
rc.british_museum_person_institution,rdfs:subPropertyOf,kko.identifiers
rc.british_olympic_association_athlete_id,rdfs:subPropertyOf,owl.AnnotationProperty
rc.british_olympic_association_athlete_id,rdfs:subPropertyOf,kko.identifiers
rc.broadcast_channel_id,rdfs:subPropertyOf,owl.AnnotationProperty
rc.broadcast_channel_id,rdfs:subPropertyOf,kko.identifiers
rc.broadcast_display_name,rdfs:subPropertyOf,owl.AnnotationProperty
rc.broadcast_display_name,rdfs:subPropertyOf,kko.labels
rc.brockhaus_enzyklopadie_online_id,rdfs:subPropertyOf,owl.AnnotationProperty
rc.brockhaus_enzyklopadie_online_id,rdfs:subPropertyOf,kko.identifiers
rc.brooklyn_museum_artwork_id,rdfs:subPropertyOf,owl.AnnotationProperty
rc.brooklyn_museum_artwork_id,rdfs:subPropertyOf,kko.identifiers
rc.brueckenweb_id,rdfs:subPropertyOf,owl.AnnotationProperty
rc.brueckenweb_id,rdfs:subPropertyOf,kko.identifiers
rc.bsd_portal_athlete_id,rdfs:subPropertyOf,owl.AnnotationProperty
rc.bsd_portal_athlete_id,rdfs:subPropertyOf,kko.identifiers
rc.bto_birds_of_britain_id,rdfs:subPropertyOf,owl.AnnotationProperty
rc.bto_birds_of_britain_id,rdfs:subPropertyOf,kko.identifiers
rc.bto_five_letter_code,rdfs:subPropertyOf,owl.AnnotationProperty
rc.bto_five_letter_code,rdfs:subPropertyOf,kko.codes
rc.bug_guide_id,rdfs:subPropertyOf,owl.AnnotationProperty
rc.bug_guide_id,rdfs:subPropertyOf,kko.identifiers
rc.bug_tracking_system,rdfs:subPropertyOf,owl.AnnotationProperty
rc.bug_tracking_system,rdfs:subPropertyOf,kko.augments
rc.bulbapedia_article,rdfs:subPropertyOf,owl.AnnotationProperty
rc.bulbapedia_article,rdfs:subPropertyOf,kko.identifiers
rc.bureau_du_patrimoine_de_seine_saint_denis_id,rdfs:subPropertyOf,owl.AnnotationProperty
rc.bureau_du_patrimoine_de_seine_saint_denis_id,rdfs:subPropertyOf,kko.identifiers
rc.burial_plot_reference,rdfs:subPropertyOf,owl.AnnotationProperty
rc.burial_plot_reference,rdfs:subPropertyOf,kko.pointers
rc.bus_name,rdfs:subPropertyOf,owl.AnnotationProperty
rc.bus_name,rdfs:subPropertyOf,kko.identifiers
rc.bus_number,rdfs:subPropertyOf,owl.AnnotationProperty
rc.bus_number,rdfs:subPropertyOf,kko.identifiers
rc.but_moth_id,rdfs:subPropertyOf,owl.AnnotationProperty
rc.but_moth_id,rdfs:subPropertyOf,kko.identifiers
rc.butterflies_and_moths_of_north_america_id,rdfs:subPropertyOf,owl.AnnotationProperty
rc.butterflies_and_moths_of_north_america_id,rdfs:subPropertyOf,kko.identifiers
rc.bvmc_person_id,rdfs:subPropertyOf,owl.AnnotationProperty
rc.bvmc_person_id,rdfs:subPropertyOf,kko.identifiers
rc.bvmc_place_id,rdfs:subPropertyOf,owl.AnnotationProperty
rc.bvmc_place_id,rdfs:subPropertyOf,kko.identifiers
rc.bvmc_work_id,rdfs:subPropertyOf,owl.AnnotationProperty
rc.bvmc_work_id,rdfs:subPropertyOf,kko.identifiers
rc.bvpb_authority_id,rdfs:subPropertyOf,owl.AnnotationProperty
rc.bvpb_authority_id,rdfs:subPropertyOf,kko.identifiers
rc.bvph_publication_id,rdfs:subPropertyOf,owl.AnnotationProperty
rc.bvph_publication_id,rdfs:subPropertyOf,kko.identifiers
rc.bw_fbadminton_com_player_id,rdfs:subPropertyOf,owl.AnnotationProperty
rc.bw_fbadminton_com_player_id,rdfs:subPropertyOf,kko.identifiers
rc.bwf_tournamentsoftware_com_player_id,rdfs:subPropertyOf,owl.AnnotationProperty
rc.bwf_tournamentsoftware_com_player_id,rdfs:subPropertyOf,kko.identifiers
rc.c_span_organization_id,rdfs:subPropertyOf,owl.AnnotationProperty
rc.c_span_organization_id,rdfs:subPropertyOf,kko.identifiers
rc.c_span_person_id,rdfs:subPropertyOf,owl.AnnotationProperty
rc.c_span_person_id,rdfs:subPropertyOf,kko.identifiers
rc.cadw_building_id,rdfs:subPropertyOf,owl.AnnotationProperty
rc.cadw_building_id,rdfs:subPropertyOf,kko.identifiers
rc.cadw_monument_id,rdfs:subPropertyOf,owl.AnnotationProperty
rc.cadw_monument_id,rdfs:subPropertyOf,kko.identifiers
rc.cage_match_tag_team_id,rdfs:subPropertyOf,owl.AnnotationProperty
rc.cage_match_tag_team_id,rdfs:subPropertyOf,kko.identifiers
rc.cage_match_worker_id,rdfs:subPropertyOf,owl.AnnotationProperty
rc.cage_match_worker_id,rdfs:subPropertyOf,kko.identifiers
rc.cage_match_wrestling_stable_id,rdfs:subPropertyOf,owl.AnnotationProperty
rc.cage_match_wrestling_stable_id,rdfs:subPropertyOf,kko.identifiers
rc.cairn_author_id,rdfs:subPropertyOf,owl.AnnotationProperty
rc.cairn_author_id,rdfs:subPropertyOf,kko.identifiers
rc.cairn_journal_id,rdfs:subPropertyOf,owl.AnnotationProperty
rc.cairn_journal_id,rdfs:subPropertyOf,kko.identifiers
rc.calflora_id,rdfs:subPropertyOf,owl.AnnotationProperty
rc.calflora_id,rdfs:subPropertyOf,kko.identifiers
rc.california_sports_hall_of_fame_athlete_id,rdfs:subPropertyOf,owl.AnnotationProperty
rc.california_sports_hall_of_fame_athlete_id,rdfs:subPropertyOf,kko.identifiers
rc.calis_id,rdfs:subPropertyOf,owl.AnnotationProperty
rc.calis_id,rdfs:subPropertyOf,kko.identifiers
rc.call_sign,rdfs:subPropertyOf,owl.AnnotationProperty
rc.call_sign,rdfs:subPropertyOf,kko.labels
rc.callsign_of_airline,rdfs:subPropertyOf,owl.AnnotationProperty
rc.callsign_of_airline,rdfs:subPropertyOf,kko.identifiers
rc.cambridge_alumni_database_id,rdfs:subPropertyOf,owl.AnnotationProperty
rc.cambridge_alumni_database_id,rdfs:subPropertyOf,kko.identifiers
rc.canada_s_sports_hall_of_fame_athlete_id,rdfs:subPropertyOf,owl.AnnotationProperty
rc.canada_s_sports_hall_of_fame_athlete_id,rdfs:subPropertyOf,kko.identifiers
rc.canadian_baseball_hall_of_fame_inductee_id,rdfs:subPropertyOf,owl.AnnotationProperty
rc.canadian_baseball_hall_of_fame_inductee_id,rdfs:subPropertyOf,kko.identifiers
rc.canadian_coastguard_lighthouse_id,rdfs:subPropertyOf,owl.AnnotationProperty
rc.canadian_coastguard_lighthouse_id,rdfs:subPropertyOf,kko.identifiers
rc.canadian_environmental_sustainability_indicators_id_protected_areas,rdfs:subPropertyOf,owl.AnnotationProperty
rc.canadian_environmental_sustainability_indicators_id_protected_areas,rdfs:subPropertyOf,kko.identifiers
rc.canadian_olympic_committee_athlete_id,rdfs:subPropertyOf,owl.AnnotationProperty
rc.canadian_olympic_committee_athlete_id,rdfs:subPropertyOf,kko.identifiers
rc.canadian_register_of_historic_places_id,rdfs:subPropertyOf,owl.AnnotationProperty
rc.canadian_register_of_historic_places_id,rdfs:subPropertyOf,kko.identifiers
rc.canadian_ski_hall_of_fame_inductee_id,rdfs:subPropertyOf,owl.AnnotationProperty
rc.canadian_ski_hall_of_fame_inductee_id,rdfs:subPropertyOf,kko.identifiers
rc.canadiana_authorities_id,rdfs:subPropertyOf,owl.AnnotationProperty
rc.canadiana_authorities_id,rdfs:subPropertyOf,kko.identifiers
rc.canal_u_channel_id,rdfs:subPropertyOf,owl.AnnotationProperty
rc.canal_u_channel_id,rdfs:subPropertyOf,kko.identifiers
rc.canmore_id,rdfs:subPropertyOf,owl.AnnotationProperty
rc.canmore_id,rdfs:subPropertyOf,kko.identifiers
rc.cantic_id,rdfs:subPropertyOf,owl.AnnotationProperty
rc.cantic_id,rdfs:subPropertyOf,kko.identifiers
rc.caption,rdfs:subPropertyOf,owl.AnnotationProperty
rc.caption,rdfs:subPropertyOf,kko.labels
rc.carnegie_hall_agent_id,rdfs:subPropertyOf,owl.AnnotationProperty
rc.carnegie_hall_agent_id,rdfs:subPropertyOf,kko.identifiers
rc.carnegie_museum_of_art_id,rdfs:subPropertyOf,owl.AnnotationProperty
rc.carnegie_museum_of_art_id,rdfs:subPropertyOf,kko.identifiers
rc.cas_registry_number,rdfs:subPropertyOf,owl.AnnotationProperty
rc.cas_registry_number,rdfs:subPropertyOf,kko.identifiers
rc.catalan_biographical_dictionary_of_women_id,rdfs:subPropertyOf,owl.AnnotationProperty
rc.catalan_biographical_dictionary_of_women_id,rdfs:subPropertyOf,kko.identifiers
rc.catalan_object_of_cultural_interest_id,rdfs:subPropertyOf,owl.AnnotationProperty
rc.catalan_object_of_cultural_interest_id,rdfs:subPropertyOf,kko.identifiers
rc.catalog,rdfs:subPropertyOf,owl.AnnotationProperty
rc.catalog,rdfs:subPropertyOf,kko.codes
rc.catalog_code,rdfs:subPropertyOf,owl.AnnotationProperty
rc.catalog_code,rdfs:subPropertyOf,kko.codes
rc.catalog_number,rdfs:subPropertyOf,owl.AnnotationProperty
rc.catalog_number,rdfs:subPropertyOf,kko.identifiers
rc.catalogue_of_illuminated_manuscripts_id,rdfs:subPropertyOf,owl.AnnotationProperty
rc.catalogue_of_illuminated_manuscripts_id,rdfs:subPropertyOf,kko.identifiers
rc.catalogue_of_life_in_taiwan_id,rdfs:subPropertyOf,owl.AnnotationProperty
rc.catalogue_of_life_in_taiwan_id,rdfs:subPropertyOf,kko.identifiers
rc.catalogus_professorum_academiae_groninganae_id,rdfs:subPropertyOf,owl.AnnotationProperty
rc.catalogus_professorum_academiae_groninganae_id,rdfs:subPropertyOf,kko.identifiers
rc.catalogus_professorum_academiae_rheno_traiectinae_id,rdfs:subPropertyOf,owl.AnnotationProperty
rc.catalogus_professorum_academiae_rheno_traiectinae_id,rdfs:subPropertyOf,kko.identifiers
rc.catalogus_professorum_halensis,rdfs:subPropertyOf,owl.AnnotationProperty
rc.catalogus_professorum_halensis,rdfs:subPropertyOf,kko.identifiers
rc.catalogus_professorum_lipsiensis_id,rdfs:subPropertyOf,owl.AnnotationProperty
rc.catalogus_professorum_lipsiensis_id,rdfs:subPropertyOf,kko.identifiers
rc.catalogus_professorum_rostochiensium_id,rdfs:subPropertyOf,owl.AnnotationProperty
rc.catalogus_professorum_rostochiensium_id,rdfs:subPropertyOf,kko.identifiers
rc.catholic_encyclopedia_id,rdfs:subPropertyOf,owl.AnnotationProperty
rc.catholic_encyclopedia_id,rdfs:subPropertyOf,kko.identifiers
rc.catholic_hierarchy_diocese_id,rdfs:subPropertyOf,owl.AnnotationProperty
rc.catholic_hierarchy_diocese_id,rdfs:subPropertyOf,kko.identifiers
rc.catholic_hierarchy_person_id,rdfs:subPropertyOf,owl.AnnotationProperty
rc.catholic_hierarchy_person_id,rdfs:subPropertyOf,kko.identifiers
rc.catholic_ru_id,rdfs:subPropertyOf,owl.AnnotationProperty
rc.catholic_ru_id,rdfs:subPropertyOf,kko.identifiers
rc.cato_id,rdfs:subPropertyOf,owl.AnnotationProperty
rc.cato_id,rdfs:subPropertyOf,kko.identifiers
rc.cave_e_cadastre_id,rdfs:subPropertyOf,owl.AnnotationProperty
rc.cave_e_cadastre_id,rdfs:subPropertyOf,kko.identifiers
rc.caverphone,rdfs:subPropertyOf,owl.AnnotationProperty
rc.caverphone,rdfs:subPropertyOf,kko.codes
rc.cbdb_id,rdfs:subPropertyOf,owl.AnnotationProperty
rc.cbdb_id,rdfs:subPropertyOf,kko.identifiers
rc.cbs_municipality_code,rdfs:subPropertyOf,owl.AnnotationProperty
rc.cbs_municipality_code,rdfs:subPropertyOf,kko.identifiers
rc.cc_id,rdfs:subPropertyOf,owl.AnnotationProperty
rc.cc_id,rdfs:subPropertyOf,kko.identifiers
rc.cdb_chemical_id,rdfs:subPropertyOf,owl.AnnotationProperty
rc.cdb_chemical_id,rdfs:subPropertyOf,kko.identifiers
rc.cdd_public_id,rdfs:subPropertyOf,owl.AnnotationProperty
rc.cdd_public_id,rdfs:subPropertyOf,kko.identifiers
rc.cdli_id,rdfs:subPropertyOf,owl.AnnotationProperty
rc.cdli_id,rdfs:subPropertyOf,kko.identifiers
rc.celex_number,rdfs:subPropertyOf,owl.AnnotationProperty
rc.celex_number,rdfs:subPropertyOf,kko.identifiers
rc.cell_line_ontology_id,rdfs:subPropertyOf,owl.AnnotationProperty
rc.cell_line_ontology_id,rdfs:subPropertyOf,kko.identifiers
rc.cellosaurus_id,rdfs:subPropertyOf,owl.AnnotationProperty
rc.cellosaurus_id,rdfs:subPropertyOf,kko.identifiers
rc.censo_guia_archive_id,rdfs:subPropertyOf,owl.AnnotationProperty
rc.censo_guia_archive_id,rdfs:subPropertyOf,kko.identifiers
rc.cerl_id,rdfs:subPropertyOf,owl.AnnotationProperty
rc.cerl_id,rdfs:subPropertyOf,kko.identifiers
rc.cesar_person_id,rdfs:subPropertyOf,owl.AnnotationProperty
rc.cesar_person_id,rdfs:subPropertyOf,kko.identifiers
rc.cets_number,rdfs:subPropertyOf,owl.AnnotationProperty
rc.cets_number,rdfs:subPropertyOf,kko.identifiers
rc.cev_player_id,rdfs:subPropertyOf,owl.AnnotationProperty
rc.cev_player_id,rdfs:subPropertyOf,kko.identifiers
rc.cgndb_unique_id,rdfs:subPropertyOf,owl.AnnotationProperty
rc.cgndb_unique_id,rdfs:subPropertyOf,kko.identifiers
rc.ch_ebi_id,rdfs:subPropertyOf,owl.AnnotationProperty
rc.ch_ebi_id,rdfs:subPropertyOf,kko.identifiers
rc.ch_embl_id,rdfs:subPropertyOf,owl.AnnotationProperty
rc.ch_embl_id,rdfs:subPropertyOf,kko.identifiers
rc.chamber_of_deputies_of_italy_storia_id,rdfs:subPropertyOf,owl.AnnotationProperty
rc.chamber_of_deputies_of_italy_storia_id,rdfs:subPropertyOf,kko.identifiers
rc.channel_number,rdfs:subPropertyOf,owl.AnnotationProperty
rc.channel_number,rdfs:subPropertyOf,kko.identifiers
rc.chapter,rdfs:subPropertyOf,owl.AnnotationProperty
rc.chapter,rdfs:subPropertyOf,kko.pointers
rc.character_name,rdfs:subPropertyOf,owl.AnnotationProperty
rc.character_name,rdfs:subPropertyOf,kko.labels
rc.charity_commission_no,rdfs:subPropertyOf,owl.AnnotationProperty
rc.charity_commission_no,rdfs:subPropertyOf,kko.identifiers
rc.charity_navigator_id,rdfs:subPropertyOf,owl.AnnotationProperty
rc.charity_navigator_id,rdfs:subPropertyOf,kko.identifiers
rc.charity_number_isle_of_man,rdfs:subPropertyOf,owl.AnnotationProperty
rc.charity_number_isle_of_man,rdfs:subPropertyOf,kko.identifiers
rc.cheat_code,rdfs:subPropertyOf,owl.AnnotationProperty
rc.cheat_code,rdfs:subPropertyOf,kko.codes
rc.chem_spider_id,rdfs:subPropertyOf,owl.AnnotationProperty
rc.chem_spider_id,rdfs:subPropertyOf,kko.identifiers
rc.chemical_structure,rdfs:subPropertyOf,owl.AnnotationProperty
rc.chemical_structure,rdfs:subPropertyOf,kko.media
rc.chemins_de_memoire_id,rdfs:subPropertyOf,owl.AnnotationProperty
rc.chemins_de_memoire_id,rdfs:subPropertyOf,kko.identifiers
rc.chess_club_id,rdfs:subPropertyOf,owl.AnnotationProperty
rc.chess_club_id,rdfs:subPropertyOf,kko.identifiers
rc.chess_com_player_id,rdfs:subPropertyOf,owl.AnnotationProperty
rc.chess_com_player_id,rdfs:subPropertyOf,kko.identifiers
rc.chess_games_id,rdfs:subPropertyOf,owl.AnnotationProperty
rc.chess_games_id,rdfs:subPropertyOf,kko.identifiers
rc.chesstempo_id,rdfs:subPropertyOf,owl.AnnotationProperty
rc.chesstempo_id,rdfs:subPropertyOf,kko.identifiers
rc.chgis_id,rdfs:subPropertyOf,owl.AnnotationProperty
rc.chgis_id,rdfs:subPropertyOf,kko.identifiers
rc.china_administrative_division_code,rdfs:subPropertyOf,owl.AnnotationProperty
rc.china_administrative_division_code,rdfs:subPropertyOf,kko.codes
rc.china_railway_tmis_station_code,rdfs:subPropertyOf,owl.AnnotationProperty
rc.china_railway_tmis_station_code,rdfs:subPropertyOf,kko.identifiers
rc.china_vitae_id,rdfs:subPropertyOf,owl.AnnotationProperty
rc.china_vitae_id,rdfs:subPropertyOf,kko.identifiers
rc.chinese_posters_artist_id,rdfs:subPropertyOf,owl.AnnotationProperty
rc.chinese_posters_artist_id,rdfs:subPropertyOf,kko.identifiers
rc.christie_s_creator_id,rdfs:subPropertyOf,owl.AnnotationProperty
rc.christie_s_creator_id,rdfs:subPropertyOf,kko.identifiers
rc.christie_s_object_id,rdfs:subPropertyOf,owl.AnnotationProperty
rc.christie_s_object_id,rdfs:subPropertyOf,kko.identifiers
rc.church_of_sweden_parish_code,rdfs:subPropertyOf,owl.AnnotationProperty
rc.church_of_sweden_parish_code,rdfs:subPropertyOf,kko.identifiers
rc.church_of_sweden_pastoratskod,rdfs:subPropertyOf,owl.AnnotationProperty
rc.church_of_sweden_pastoratskod,rdfs:subPropertyOf,kko.identifiers
rc.ci_net_mag_film_id,rdfs:subPropertyOf,owl.AnnotationProperty
rc.ci_net_mag_film_id,rdfs:subPropertyOf,kko.identifiers
rc.ci_net_mag_person_id,rdfs:subPropertyOf,owl.AnnotationProperty
rc.ci_net_mag_person_id,rdfs:subPropertyOf,kko.identifiers
rc.ci_nii_article_id,rdfs:subPropertyOf,owl.AnnotationProperty
rc.ci_nii_article_id,rdfs:subPropertyOf,kko.identifiers
rc.ci_nii_author_id_articles,rdfs:subPropertyOf,owl.AnnotationProperty
rc.ci_nii_author_id_articles,rdfs:subPropertyOf,kko.identifiers
rc.ci_nii_author_id_books,rdfs:subPropertyOf,owl.AnnotationProperty
rc.ci_nii_author_id_books,rdfs:subPropertyOf,kko.identifiers
rc.ci_nii_book_id,rdfs:subPropertyOf,owl.AnnotationProperty
rc.ci_nii_book_id,rdfs:subPropertyOf,kko.identifiers
rc.ci_vi_c_variant_id,rdfs:subPropertyOf,owl.AnnotationProperty
rc.ci_vi_c_variant_id,rdfs:subPropertyOf,kko.identifiers
rc.cine_gr_film_id,rdfs:subPropertyOf,owl.AnnotationProperty
rc.cine_gr_film_id,rdfs:subPropertyOf,kko.identifiers
rc.cine_ressources_film_id,rdfs:subPropertyOf,owl.AnnotationProperty
rc.cine_ressources_film_id,rdfs:subPropertyOf,kko.identifiers
rc.cine_ressources_person_id,rdfs:subPropertyOf,owl.AnnotationProperty
rc.cine_ressources_person_id,rdfs:subPropertyOf,kko.identifiers
rc.cinema_de_id,rdfs:subPropertyOf,owl.AnnotationProperty
rc.cinema_de_id,rdfs:subPropertyOf,kko.identifiers
rc.cinema_of_israel_id,rdfs:subPropertyOf,owl.AnnotationProperty
rc.cinema_of_israel_id,rdfs:subPropertyOf,kko.identifiers
rc.cinema_treasures_id,rdfs:subPropertyOf,owl.AnnotationProperty
rc.cinema_treasures_id,rdfs:subPropertyOf,kko.identifiers
rc.cinemagia_film_id,rdfs:subPropertyOf,owl.AnnotationProperty
rc.cinemagia_film_id,rdfs:subPropertyOf,kko.identifiers
rc.cinemagia_person_id,rdfs:subPropertyOf,owl.AnnotationProperty
rc.cinemagia_person_id,rdfs:subPropertyOf,kko.identifiers
rc.cinematheque_quebecoise_work_identifier,rdfs:subPropertyOf,owl.AnnotationProperty
rc.cinematheque_quebecoise_work_identifier,rdfs:subPropertyOf,kko.identifiers
rc.cinematografo_film_id,rdfs:subPropertyOf,owl.AnnotationProperty
rc.cinematografo_film_id,rdfs:subPropertyOf,kko.identifiers
rc.cinematografo_name_or_company_id,rdfs:subPropertyOf,owl.AnnotationProperty
rc.cinematografo_name_or_company_id,rdfs:subPropertyOf,kko.identifiers
rc.cinenacional_com_movie_id,rdfs:subPropertyOf,owl.AnnotationProperty
rc.cinenacional_com_movie_id,rdfs:subPropertyOf,kko.identifiers
rc.cinenacional_com_person_id,rdfs:subPropertyOf,owl.AnnotationProperty
rc.cinenacional_com_person_id,rdfs:subPropertyOf,kko.identifiers
rc.cineplex_film_id,rdfs:subPropertyOf,owl.AnnotationProperty
rc.cineplex_film_id,rdfs:subPropertyOf,kko.identifiers
rc.ciqual_2017_id,rdfs:subPropertyOf,owl.AnnotationProperty
rc.ciqual_2017_id,rdfs:subPropertyOf,kko.identifiers
rc.circle_id_writer_id,rdfs:subPropertyOf,owl.AnnotationProperty
rc.circle_id_writer_id,rdfs:subPropertyOf,kko.identifiers
rc.citation,rdfs:subPropertyOf,owl.AnnotationProperty
rc.citation,rdfs:subPropertyOf,kko.relateds
rc.cites_species_id,rdfs:subPropertyOf,owl.AnnotationProperty
rc.cites_species_id,rdfs:subPropertyOf,kko.identifiers
rc.cites_work,rdfs:subPropertyOf,owl.AnnotationProperty
rc.cites_work,rdfs:subPropertyOf,kko.relateds
rc.claim_reviewed,rdfs:subPropertyOf,owl.AnnotationProperty
rc.claim_reviewed,rdfs:subPropertyOf,kko.descriptions
rc.clara_id,rdfs:subPropertyOf,owl.AnnotationProperty
rc.clara_id,rdfs:subPropertyOf,kko.identifiers
rc.clergy_of_the_church_of_england_database_id,rdfs:subPropertyOf,owl.AnnotationProperty
rc.clergy_of_the_church_of_england_database_id,rdfs:subPropertyOf,kko.identifiers
rc.clin_var_variation_id,rdfs:subPropertyOf,owl.AnnotationProperty
rc.clin_var_variation_id,rdfs:subPropertyOf,kko.identifiers
rc.clinical_trials_gov_identifier,rdfs:subPropertyOf,owl.AnnotationProperty
rc.clinical_trials_gov_identifier,rdfs:subPropertyOf,kko.identifiers
rc.clip_number,rdfs:subPropertyOf,owl.AnnotationProperty
rc.clip_number,rdfs:subPropertyOf,kko.identifiers
rc.clochers_de_france_id,rdfs:subPropertyOf,owl.AnnotationProperty
rc.clochers_de_france_id,rdfs:subPropertyOf,kko.identifiers
rc.cn,rdfs:subPropertyOf,owl.AnnotationProperty
rc.cn,rdfs:subPropertyOf,kko.identifiers
rc.cnc_authorization_number,rdfs:subPropertyOf,owl.AnnotationProperty
rc.cnc_authorization_number,rdfs:subPropertyOf,kko.identifiers
rc.cnps_id,rdfs:subPropertyOf,owl.AnnotationProperty
rc.cnps_id,rdfs:subPropertyOf,kko.identifiers
rc.cnrs_research_group_id,rdfs:subPropertyOf,owl.AnnotationProperty
rc.cnrs_research_group_id,rdfs:subPropertyOf,kko.identifiers
rc.coam_architect_id,rdfs:subPropertyOf,owl.AnnotationProperty
rc.coam_architect_id,rdfs:subPropertyOf,kko.identifiers
rc.coam_structure_id,rdfs:subPropertyOf,owl.AnnotationProperty
rc.coam_structure_id,rdfs:subPropertyOf,kko.identifiers
rc.coat_of_arms_image,rdfs:subPropertyOf,owl.AnnotationProperty
rc.coat_of_arms_image,rdfs:subPropertyOf,kko.media
rc.code,rdfs:subPropertyOf,owl.AnnotationProperty
rc.code,rdfs:subPropertyOf,kko.codes
rc.code_for_china_reservoir_name,rdfs:subPropertyOf,owl.AnnotationProperty
rc.code_for_china_reservoir_name,rdfs:subPropertyOf,kko.identifiers
rc.code_for_weekend_and_holiday_homes_sweden,rdfs:subPropertyOf,owl.AnnotationProperty
rc.code_for_weekend_and_holiday_homes_sweden,rdfs:subPropertyOf,kko.identifiers
rc.code_of_household_registration_and_conscription_information_system_taiwan,rdfs:subPropertyOf,owl.AnnotationProperty
rc.code_of_household_registration_and_conscription_information_system_taiwan,rdfs:subPropertyOf,kko.codes
rc.code_repository,rdfs:subPropertyOf,owl.AnnotationProperty
rc.code_repository,rdfs:subPropertyOf,kko.pointers
rc.coden,rdfs:subPropertyOf,owl.AnnotationProperty
rc.coden,rdfs:subPropertyOf,kko.codes
rc.codename,rdfs:subPropertyOf,owl.AnnotationProperty
rc.codename,rdfs:subPropertyOf,kko.labels
rc.coflein_id,rdfs:subPropertyOf,owl.AnnotationProperty
rc.coflein_id,rdfs:subPropertyOf,kko.identifiers
rc.collage_image,rdfs:subPropertyOf,owl.AnnotationProperty
rc.collage_image,rdfs:subPropertyOf,kko.media
rc.collection,rdfs:subPropertyOf,owl.AnnotationProperty
rc.collection,rdfs:subPropertyOf,kko.relateds
rc.collective_biographies_of_women_id,rdfs:subPropertyOf,owl.AnnotationProperty
rc.collective_biographies_of_women_id,rdfs:subPropertyOf,kko.identifiers
rc.college_football_data_warehouse_id,rdfs:subPropertyOf,owl.AnnotationProperty
rc.college_football_data_warehouse_id,rdfs:subPropertyOf,kko.identifiers
rc.college_football_ho_f_id,rdfs:subPropertyOf,owl.AnnotationProperty
rc.college_football_ho_f_id,rdfs:subPropertyOf,kko.identifiers
rc.cologne_phonetics,rdfs:subPropertyOf,owl.AnnotationProperty
rc.cologne_phonetics,rdfs:subPropertyOf,kko.codes
rc.colorado_sports_hall_of_fame_id,rdfs:subPropertyOf,owl.AnnotationProperty
rc.colorado_sports_hall_of_fame_id,rdfs:subPropertyOf,kko.identifiers
rc.colour_index_international_constitution_id,rdfs:subPropertyOf,owl.AnnotationProperty
rc.colour_index_international_constitution_id,rdfs:subPropertyOf,kko.identifiers
rc.column,rdfs:subPropertyOf,owl.AnnotationProperty
rc.column,rdfs:subPropertyOf,kko.relateds
rc.com_law_id,rdfs:subPropertyOf,owl.AnnotationProperty
rc.com_law_id,rdfs:subPropertyOf,kko.identifiers
rc.comedien_ch_id,rdfs:subPropertyOf,owl.AnnotationProperty
rc.comedien_ch_id,rdfs:subPropertyOf,kko.identifiers
rc.comic_book_db_id,rdfs:subPropertyOf,owl.AnnotationProperty
rc.comic_book_db_id,rdfs:subPropertyOf,kko.identifiers
rc.commemorative_plaque_image,rdfs:subPropertyOf,owl.AnnotationProperty
rc.commemorative_plaque_image,rdfs:subPropertyOf,kko.media
rc.comment,rdfs:subPropertyOf,owl.AnnotationProperty
rc.comment,rdfs:subPropertyOf,kko.augments
rc.comment_deprecated,rdfs:subPropertyOf,owl.AnnotationProperty
rc.comment_deprecated,rdfs:subPropertyOf,kko.relateds
rc.comment_text,rdfs:subPropertyOf,owl.AnnotationProperty
rc.comment_text,rdfs:subPropertyOf,kko.augments
rc.common_database_on_designated_areas_id,rdfs:subPropertyOf,owl.AnnotationProperty
rc.common_database_on_designated_areas_id,rdfs:subPropertyOf,kko.identifiers
rc.common_vulnerabilities_and_exposures_id,rdfs:subPropertyOf,owl.AnnotationProperty
rc.common_vulnerabilities_and_exposures_id,rdfs:subPropertyOf,kko.identifiers
rc.commons_category,rdfs:subPropertyOf,owl.AnnotationProperty
rc.commons_category,rdfs:subPropertyOf,kko.relateds
rc.commons_compatible_image_available_at_url,rdfs:subPropertyOf,owl.AnnotationProperty
rc.commons_compatible_image_available_at_url,rdfs:subPropertyOf,kko.relateds
rc.commons_creator_page,rdfs:subPropertyOf,owl.AnnotationProperty
rc.commons_creator_page,rdfs:subPropertyOf,kko.augments
rc.commons_gallery,rdfs:subPropertyOf,owl.AnnotationProperty
rc.commons_gallery,rdfs:subPropertyOf,kko.relateds
rc.commons_institution_page,rdfs:subPropertyOf,owl.AnnotationProperty
rc.commons_institution_page,rdfs:subPropertyOf,kko.relateds
rc.commons_maps_category,rdfs:subPropertyOf,owl.AnnotationProperty
rc.commons_maps_category,rdfs:subPropertyOf,kko.relateds
rc.commonwealth_games_federation_athlete_id,rdfs:subPropertyOf,owl.AnnotationProperty
rc.commonwealth_games_federation_athlete_id,rdfs:subPropertyOf,kko.identifiers
rc.comp_art_institution_id,rdfs:subPropertyOf,owl.AnnotationProperty
rc.comp_art_institution_id,rdfs:subPropertyOf,kko.identifiers
rc.comp_art_person_id,rdfs:subPropertyOf,owl.AnnotationProperty
rc.comp_art_person_id,rdfs:subPropertyOf,kko.identifiers
rc.companies_house_id,rdfs:subPropertyOf,owl.AnnotationProperty
rc.companies_house_id,rdfs:subPropertyOf,kko.identifiers
rc.cona_id,rdfs:subPropertyOf,owl.AnnotationProperty
rc.cona_id,rdfs:subPropertyOf,kko.identifiers
rc.confirmation_number,rdfs:subPropertyOf,owl.AnnotationProperty
rc.confirmation_number,rdfs:subPropertyOf,kko.identifiers
rc.conicet_person_id,rdfs:subPropertyOf,owl.AnnotationProperty
rc.conicet_person_id,rdfs:subPropertyOf,kko.identifiers
rc.conifers_org_id,rdfs:subPropertyOf,owl.AnnotationProperty
rc.conifers_org_id,rdfs:subPropertyOf,kko.identifiers
rc.conor_id,rdfs:subPropertyOf,owl.AnnotationProperty
rc.conor_id,rdfs:subPropertyOf,kko.identifiers
rc.conscription_number,rdfs:subPropertyOf,owl.AnnotationProperty
rc.conscription_number,rdfs:subPropertyOf,kko.identifiers
rc.conseil_de_presse_luxembourg_journalist_id,rdfs:subPropertyOf,owl.AnnotationProperty
rc.conseil_de_presse_luxembourg_journalist_id,rdfs:subPropertyOf,kko.identifiers
rc.conservatoire_du_littoral_id,rdfs:subPropertyOf,owl.AnnotationProperty
rc.conservatoire_du_littoral_id,rdfs:subPropertyOf,kko.identifiers
rc.contact_option,rdfs:subPropertyOf,owl.AnnotationProperty
rc.contact_option,rdfs:subPropertyOf,kko.relateds
rc.contact_point,rdfs:subPropertyOf,owl.AnnotationProperty
rc.contact_point,rdfs:subPropertyOf,kko.pointers
rc.contact_points,rdfs:subPropertyOf,owl.AnnotationProperty
rc.contact_points,rdfs:subPropertyOf,kko.pointers
rc.content_url,rdfs:subPropertyOf,owl.AnnotationProperty
rc.content_url,rdfs:subPropertyOf,kko.pointers
rc.cooper_hewitt_person_or_org_id,rdfs:subPropertyOf,owl.AnnotationProperty
rc.cooper_hewitt_person_or_org_id,rdfs:subPropertyOf,kko.identifiers
rc.cordis_project_id,rdfs:subPropertyOf,owl.AnnotationProperty
rc.cordis_project_id,rdfs:subPropertyOf,kko.identifiers
rc.corporate_number_japan,rdfs:subPropertyOf,owl.AnnotationProperty
rc.corporate_number_japan,rdfs:subPropertyOf,kko.identifiers
rc.corrigendum_erratum,rdfs:subPropertyOf,owl.AnnotationProperty
rc.corrigendum_erratum,rdfs:subPropertyOf,kko.relateds
rc.cos_ing_number,rdfs:subPropertyOf,owl.AnnotationProperty
rc.cos_ing_number,rdfs:subPropertyOf,kko.identifiers
rc.cospar_id,rdfs:subPropertyOf,owl.AnnotationProperty
rc.cospar_id,rdfs:subPropertyOf,kko.identifiers
rc.country_calling_code,rdfs:subPropertyOf,owl.AnnotationProperty
rc.country_calling_code,rdfs:subPropertyOf,kko.identifiers
rc.course_code,rdfs:subPropertyOf,owl.AnnotationProperty
rc.course_code,rdfs:subPropertyOf,kko.codes
rc.courtesy_name,rdfs:subPropertyOf,owl.AnnotationProperty
rc.courtesy_name,rdfs:subPropertyOf,kko.labels
rc.cpc_power_identifier,rdfs:subPropertyOf,owl.AnnotationProperty
rc.cpc_power_identifier,rdfs:subPropertyOf,kko.identifiers
rc.cpdl_id,rdfs:subPropertyOf,owl.AnnotationProperty
rc.cpdl_id,rdfs:subPropertyOf,kko.identifiers
rc.cpdoc_id,rdfs:subPropertyOf,owl.AnnotationProperty
rc.cpdoc_id,rdfs:subPropertyOf,kko.identifiers
rc.cq_ranking_female_cyclist_id,rdfs:subPropertyOf,owl.AnnotationProperty
rc.cq_ranking_female_cyclist_id,rdfs:subPropertyOf,kko.identifiers
rc.cq_ranking_male_cyclist_id,rdfs:subPropertyOf,owl.AnnotationProperty
rc.cq_ranking_male_cyclist_id,rdfs:subPropertyOf,kko.identifiers
rc.cq_ranking_men_s_race_id,rdfs:subPropertyOf,owl.AnnotationProperty
rc.cq_ranking_men_s_race_id,rdfs:subPropertyOf,kko.identifiers
rc.cq_ranking_men_s_team_url,rdfs:subPropertyOf,owl.AnnotationProperty
rc.cq_ranking_men_s_team_url,rdfs:subPropertyOf,kko.pointers
rc.cq_ranking_women_s_race_id,rdfs:subPropertyOf,owl.AnnotationProperty
rc.cq_ranking_women_s_race_id,rdfs:subPropertyOf,kko.identifiers
rc.cravo_albin_artist_id,rdfs:subPropertyOf,owl.AnnotationProperty
rc.cravo_albin_artist_id,rdfs:subPropertyOf,kko.identifiers
rc.cri_stin_id,rdfs:subPropertyOf,owl.AnnotationProperty
rc.cri_stin_id,rdfs:subPropertyOf,kko.identifiers
rc.cricket_archive_player_id,rdfs:subPropertyOf,owl.AnnotationProperty
rc.cricket_archive_player_id,rdfs:subPropertyOf,kko.identifiers
rc.cricos_provider_code,rdfs:subPropertyOf,owl.AnnotationProperty
rc.cricos_provider_code,rdfs:subPropertyOf,kko.identifiers
rc.critical_dictionary_of_foreign_contemporary_literature_id,rdfs:subPropertyOf,owl.AnnotationProperty
rc.critical_dictionary_of_foreign_contemporary_literature_id,rdfs:subPropertyOf,kko.identifiers
rc.croatian_football_federation_player_id,rdfs:subPropertyOf,owl.AnnotationProperty
rc.croatian_football_federation_player_id,rdfs:subPropertyOf,kko.identifiers
rc.croatian_football_statistics_id,rdfs:subPropertyOf,owl.AnnotationProperty
rc.croatian_football_statistics_id,rdfs:subPropertyOf,kko.identifiers
rc.croatian_olympic_committee_athlete_id,rdfs:subPropertyOf,owl.AnnotationProperty
rc.croatian_olympic_committee_athlete_id,rdfs:subPropertyOf,kko.identifiers
rc.cross_tables_com_scrabble_player_id,rdfs:subPropertyOf,owl.AnnotationProperty
rc.cross_tables_com_scrabble_player_id,rdfs:subPropertyOf,kko.identifiers
rc.crossref_funder_id,rdfs:subPropertyOf,owl.AnnotationProperty
rc.crossref_funder_id,rdfs:subPropertyOf,kko.identifiers
rc.crunchbase_organization_id,rdfs:subPropertyOf,owl.AnnotationProperty
rc.crunchbase_organization_id,rdfs:subPropertyOf,kko.identifiers
rc.crunchbase_person_id,rdfs:subPropertyOf,owl.AnnotationProperty
rc.crunchbase_person_id,rdfs:subPropertyOf,kko.identifiers
rc.crunchyroll_id,rdfs:subPropertyOf,owl.AnnotationProperty
rc.crunchyroll_id,rdfs:subPropertyOf,kko.identifiers
rc.csfd_film_id,rdfs:subPropertyOf,owl.AnnotationProperty
rc.csfd_film_id,rdfs:subPropertyOf,kko.identifiers
rc.csfd_person_id,rdfs:subPropertyOf,owl.AnnotationProperty
rc.csfd_person_id,rdfs:subPropertyOf,kko.identifiers
rc.ctbuh_skyscraper_center_building_complex_id,rdfs:subPropertyOf,owl.AnnotationProperty
rc.ctbuh_skyscraper_center_building_complex_id,rdfs:subPropertyOf,kko.identifiers
rc.ctbuh_skyscraper_center_building_id,rdfs:subPropertyOf,owl.AnnotationProperty
rc.ctbuh_skyscraper_center_building_id,rdfs:subPropertyOf,kko.identifiers
rc.ctext_work_id,rdfs:subPropertyOf,owl.AnnotationProperty
rc.ctext_work_id,rdfs:subPropertyOf,kko.identifiers
rc.cths_person_id,rdfs:subPropertyOf,owl.AnnotationProperty
rc.cths_person_id,rdfs:subPropertyOf,kko.identifiers
rc.cths_society_id,rdfs:subPropertyOf,owl.AnnotationProperty
rc.cths_society_id,rdfs:subPropertyOf,kko.identifiers
rc.cue_tracker_player_id,rdfs:subPropertyOf,owl.AnnotationProperty
rc.cue_tracker_player_id,rdfs:subPropertyOf,kko.identifiers
rc.cue_tracker_tournament_id,rdfs:subPropertyOf,owl.AnnotationProperty
rc.cue_tracker_tournament_id,rdfs:subPropertyOf,kko.identifiers
rc.cullum_number,rdfs:subPropertyOf,owl.AnnotationProperty
rc.cullum_number,rdfs:subPropertyOf,kko.identifiers
rc.cultura_italia_id,rdfs:subPropertyOf,owl.AnnotationProperty
rc.cultura_italia_id,rdfs:subPropertyOf,kko.identifiers
rc.cultural_heritage_armenia_id,rdfs:subPropertyOf,owl.AnnotationProperty
rc.cultural_heritage_armenia_id,rdfs:subPropertyOf,kko.identifiers
rc.cultural_heritage_database_in_austria_objekt_id,rdfs:subPropertyOf,owl.AnnotationProperty
rc.cultural_heritage_database_in_austria_objekt_id,rdfs:subPropertyOf,kko.identifiers
rc.cultural_heritage_kosovo_id,rdfs:subPropertyOf,owl.AnnotationProperty
rc.cultural_heritage_kosovo_id,rdfs:subPropertyOf,kko.identifiers
rc.cultural_heritage_monument_in_serbia_id,rdfs:subPropertyOf,owl.AnnotationProperty
rc.cultural_heritage_monument_in_serbia_id,rdfs:subPropertyOf,kko.identifiers
rc.cultural_properties_of_belarus_reference_number,rdfs:subPropertyOf,owl.AnnotationProperty
rc.cultural_properties_of_belarus_reference_number,rdfs:subPropertyOf,kko.identifiers
rc.cultureel_woordenboek_identifier,rdfs:subPropertyOf,owl.AnnotationProperty
rc.cultureel_woordenboek_identifier,rdfs:subPropertyOf,kko.identifiers
rc.currency_symbol_description,rdfs:subPropertyOf,owl.AnnotationProperty
rc.currency_symbol_description,rdfs:subPropertyOf,kko.descriptions
rc.cutting_site_of_restriction_enzyme,rdfs:subPropertyOf,owl.AnnotationProperty
rc.cutting_site_of_restriction_enzyme,rdfs:subPropertyOf,kko.codes
rc.cvr_number,rdfs:subPropertyOf,owl.AnnotationProperty
rc.cvr_number,rdfs:subPropertyOf,kko.identifiers
rc.cwgc_burial_ground_id,rdfs:subPropertyOf,owl.AnnotationProperty
rc.cwgc_burial_ground_id,rdfs:subPropertyOf,kko.identifiers
rc.cwgc_person_id,rdfs:subPropertyOf,owl.AnnotationProperty
rc.cwgc_person_id,rdfs:subPropertyOf,kko.identifiers
rc.cyc_hash_id,rdfs:subPropertyOf,owl.AnnotationProperty
rc.cyc_hash_id,rdfs:subPropertyOf,kko.identifiers
rc.cycle_base_cyclist_id,rdfs:subPropertyOf,owl.AnnotationProperty
rc.cycle_base_cyclist_id,rdfs:subPropertyOf,kko.identifiers
rc.cycling_archives_cyclist_id,rdfs:subPropertyOf,owl.AnnotationProperty
rc.cycling_archives_cyclist_id,rdfs:subPropertyOf,kko.identifiers
rc.cycling_archives_race_id,rdfs:subPropertyOf,owl.AnnotationProperty
rc.cycling_archives_race_id,rdfs:subPropertyOf,kko.identifiers
rc.cycling_archives_team_id,rdfs:subPropertyOf,owl.AnnotationProperty
rc.cycling_archives_team_id,rdfs:subPropertyOf,kko.identifiers
rc.cycling_database_id,rdfs:subPropertyOf,owl.AnnotationProperty
rc.cycling_database_id,rdfs:subPropertyOf,kko.identifiers
rc.cytogenetic_location,rdfs:subPropertyOf,owl.AnnotationProperty
rc.cytogenetic_location,rdfs:subPropertyOf,kko.pointers
rc.cyworld_id,rdfs:subPropertyOf,owl.AnnotationProperty
rc.cyworld_id,rdfs:subPropertyOf,kko.identifiers
rc.czech_cultural_heritage_id,rdfs:subPropertyOf,owl.AnnotationProperty
rc.czech_cultural_heritage_id,rdfs:subPropertyOf,kko.identifiers
rc.czech_jockey_club_horse_id,rdfs:subPropertyOf,owl.AnnotationProperty
rc.czech_jockey_club_horse_id,rdfs:subPropertyOf,kko.identifiers
rc.czech_monument_catalogue_number,rdfs:subPropertyOf,owl.AnnotationProperty
rc.czech_monument_catalogue_number,rdfs:subPropertyOf,kko.identifiers
rc.czech_national_bibliography_book_id,rdfs:subPropertyOf,owl.AnnotationProperty
rc.czech_national_bibliography_book_id,rdfs:subPropertyOf,kko.identifiers
rc.czech_neighbourhood_id_code,rdfs:subPropertyOf,owl.AnnotationProperty
rc.czech_neighbourhood_id_code,rdfs:subPropertyOf,kko.identifiers
rc.czech_olympic_committee_athlete_id,rdfs:subPropertyOf,owl.AnnotationProperty
rc.czech_olympic_committee_athlete_id,rdfs:subPropertyOf,kko.identifiers
rc.czech_registration_id,rdfs:subPropertyOf,owl.AnnotationProperty
rc.czech_registration_id,rdfs:subPropertyOf,kko.identifiers
rc.czech_street_id,rdfs:subPropertyOf,owl.AnnotationProperty
rc.czech_street_id,rdfs:subPropertyOf,kko.identifiers
rc.d_u_n_s_number,rdfs:subPropertyOf,owl.AnnotationProperty
rc.d_u_n_s_number,rdfs:subPropertyOf,kko.identifiers
rc.daao_id,rdfs:subPropertyOf,owl.AnnotationProperty
rc.daao_id,rdfs:subPropertyOf,kko.identifiers
rc.dacs_id,rdfs:subPropertyOf,owl.AnnotationProperty
rc.dacs_id,rdfs:subPropertyOf,kko.identifiers
rc.dagens_n_ringsliv_topic_id,rdfs:subPropertyOf,owl.AnnotationProperty
rc.dagens_n_ringsliv_topic_id,rdfs:subPropertyOf,kko.identifiers
rc.dagens_nyheter_topic_id,rdfs:subPropertyOf,owl.AnnotationProperty
rc.dagens_nyheter_topic_id,rdfs:subPropertyOf,kko.identifiers
rc.dahr_artist_id,rdfs:subPropertyOf,owl.AnnotationProperty
rc.dahr_artist_id,rdfs:subPropertyOf,kko.identifiers
rc.dailymotion_channel_id,rdfs:subPropertyOf,owl.AnnotationProperty
rc.dailymotion_channel_id,rdfs:subPropertyOf,kko.identifiers
rc.damit_asteroid_id,rdfs:subPropertyOf,owl.AnnotationProperty
rc.damit_asteroid_id,rdfs:subPropertyOf,kko.identifiers
rc.danish_ancient_monument_id,rdfs:subPropertyOf,owl.AnnotationProperty
rc.danish_ancient_monument_id,rdfs:subPropertyOf,kko.identifiers
rc.danish_bibliometric_research_indicator_bfi_sno_cno,rdfs:subPropertyOf,owl.AnnotationProperty
rc.danish_bibliometric_research_indicator_bfi_sno_cno,rdfs:subPropertyOf,kko.identifiers
rc.danish_list_of_lights_and_fog_signals_id,rdfs:subPropertyOf,owl.AnnotationProperty
rc.danish_list_of_lights_and_fog_signals_id,rdfs:subPropertyOf,kko.identifiers
rc.danish_listed_buildings_case_id,rdfs:subPropertyOf,owl.AnnotationProperty
rc.danish_listed_buildings_case_id,rdfs:subPropertyOf,kko.identifiers
rc.danish_national_filmography_person_id,rdfs:subPropertyOf,owl.AnnotationProperty
rc.danish_national_filmography_person_id,rdfs:subPropertyOf,kko.identifiers
rc.danish_parish_code,rdfs:subPropertyOf,owl.AnnotationProperty
rc.danish_parish_code,rdfs:subPropertyOf,kko.identifiers
rc.danish_protected_area_id,rdfs:subPropertyOf,owl.AnnotationProperty
rc.danish_protected_area_id,rdfs:subPropertyOf,kko.identifiers
rc.danish_urban_area_code,rdfs:subPropertyOf,owl.AnnotationProperty
rc.danish_urban_area_code,rdfs:subPropertyOf,kko.codes
rc.danskefilm_animated_film_id,rdfs:subPropertyOf,owl.AnnotationProperty
rc.danskefilm_animated_film_id,rdfs:subPropertyOf,kko.identifiers
rc.danskefilm_film_id,rdfs:subPropertyOf,owl.AnnotationProperty
rc.danskefilm_film_id,rdfs:subPropertyOf,kko.identifiers
rc.danskefilm_person_id,rdfs:subPropertyOf,owl.AnnotationProperty
rc.danskefilm_person_id,rdfs:subPropertyOf,kko.identifiers
rc.danskefilm_silent_film_id,rdfs:subPropertyOf,owl.AnnotationProperty
rc.danskefilm_silent_film_id,rdfs:subPropertyOf,kko.identifiers
rc.danskefilm_tv_christmas_calendar,rdfs:subPropertyOf,owl.AnnotationProperty
rc.danskefilm_tv_christmas_calendar,rdfs:subPropertyOf,kko.identifiers
rc.danskefilm_tv_series_id,rdfs:subPropertyOf,owl.AnnotationProperty
rc.danskefilm_tv_series_id,rdfs:subPropertyOf,kko.identifiers
rc.danskfilmogtv_person_id,rdfs:subPropertyOf,owl.AnnotationProperty
rc.danskfilmogtv_person_id,rdfs:subPropertyOf,kko.identifiers
rc.danskfilmogtv_title_id,rdfs:subPropertyOf,owl.AnnotationProperty
rc.danskfilmogtv_title_id,rdfs:subPropertyOf,kko.identifiers
rc.dantai_code,rdfs:subPropertyOf,owl.AnnotationProperty
rc.dantai_code,rdfs:subPropertyOf,kko.identifiers
rc.darts_database_player_id,rdfs:subPropertyOf,owl.AnnotationProperty
rc.darts_database_player_id,rdfs:subPropertyOf,kko.identifiers
rc.data_gouv_fr_organisation_id,rdfs:subPropertyOf,owl.AnnotationProperty
rc.data_gouv_fr_organisation_id,rdfs:subPropertyOf,kko.identifiers
rc.database_football_com_id,rdfs:subPropertyOf,owl.AnnotationProperty
rc.database_football_com_id,rdfs:subPropertyOf,kko.identifiers
rc.database_of_classical_scholars_id,rdfs:subPropertyOf,owl.AnnotationProperty
rc.database_of_classical_scholars_id,rdfs:subPropertyOf,kko.identifiers
rc.database_olympics_com_athlete_id,rdfs:subPropertyOf,owl.AnnotationProperty
rc.database_olympics_com_athlete_id,rdfs:subPropertyOf,kko.identifiers
rc.datahub_page,rdfs:subPropertyOf,owl.AnnotationProperty
rc.datahub_page,rdfs:subPropertyOf,kko.identifiers
rc.daum_movie_id,rdfs:subPropertyOf,owl.AnnotationProperty
rc.daum_movie_id,rdfs:subPropertyOf,kko.identifiers
rc.daum_tv_series_id,rdfs:subPropertyOf,owl.AnnotationProperty
rc.daum_tv_series_id,rdfs:subPropertyOf,kko.identifiers
rc.davis_cup_player_id,rdfs:subPropertyOf,owl.AnnotationProperty
rc.davis_cup_player_id,rdfs:subPropertyOf,kko.identifiers
rc.dba_id,rdfs:subPropertyOf,owl.AnnotationProperty
rc.dba_id,rdfs:subPropertyOf,kko.identifiers
rc.dbc_author_id,rdfs:subPropertyOf,owl.AnnotationProperty
rc.dbc_author_id,rdfs:subPropertyOf,kko.identifiers
rc.dblp_id,rdfs:subPropertyOf,owl.AnnotationProperty
rc.dblp_id,rdfs:subPropertyOf,kko.identifiers
rc.dbnl_author_id,rdfs:subPropertyOf,owl.AnnotationProperty
rc.dbnl_author_id,rdfs:subPropertyOf,kko.identifiers
rc.dbpedia_id,rdfs:subPropertyOf,owl.AnnotationProperty
rc.dbpedia_id,rdfs:subPropertyOf,kko.identifiers
rc.dbpedia_ontology_id,rdfs:subPropertyOf,owl.AnnotationProperty
rc.dbpedia_ontology_id,rdfs:subPropertyOf,kko.identifiers
rc.dbs_id,rdfs:subPropertyOf,owl.AnnotationProperty
rc.dbs_id,rdfs:subPropertyOf,kko.identifiers
rc.dc_id,rdfs:subPropertyOf,owl.AnnotationProperty
rc.dc_id,rdfs:subPropertyOf,kko.identifiers
rc.debian_stable_package,rdfs:subPropertyOf,owl.AnnotationProperty
rc.debian_stable_package,rdfs:subPropertyOf,kko.identifiers
rc.debrett_s_people_of_today_id,rdfs:subPropertyOf,owl.AnnotationProperty
rc.debrett_s_people_of_today_id,rdfs:subPropertyOf,kko.identifiers
rc.declarator_org_id,rdfs:subPropertyOf,owl.AnnotationProperty
rc.declarator_org_id,rdfs:subPropertyOf,kko.identifiers
rc.deezer_album_id,rdfs:subPropertyOf,owl.AnnotationProperty
rc.deezer_album_id,rdfs:subPropertyOf,kko.identifiers
rc.deezer_artist_id,rdfs:subPropertyOf,owl.AnnotationProperty
rc.deezer_artist_id,rdfs:subPropertyOf,kko.identifiers
rc.deezer_track_id,rdfs:subPropertyOf,owl.AnnotationProperty
rc.deezer_track_id,rdfs:subPropertyOf,kko.identifiers
rc.delarge_id,rdfs:subPropertyOf,owl.AnnotationProperty
rc.delarge_id,rdfs:subPropertyOf,kko.identifiers
rc.delivery_address,rdfs:subPropertyOf,owl.AnnotationProperty
rc.delivery_address,rdfs:subPropertyOf,kko.pointers
rc.demonym,rdfs:subPropertyOf,owl.AnnotationProperty
rc.demonym,rdfs:subPropertyOf,kko.labels
rc.denk_xweb_identifier,rdfs:subPropertyOf,owl.AnnotationProperty
rc.denk_xweb_identifier,rdfs:subPropertyOf,kko.identifiers
rc.department_of_education_and_skills_roll_number,rdfs:subPropertyOf,owl.AnnotationProperty
rc.department_of_education_and_skills_roll_number,rdfs:subPropertyOf,kko.identifiers
rc.described_at_url,rdfs:subPropertyOf,owl.AnnotationProperty
rc.described_at_url,rdfs:subPropertyOf,kko.pointers
rc.described_by_source,rdfs:subPropertyOf,owl.AnnotationProperty
rc.described_by_source,rdfs:subPropertyOf,kko.pointers
rc.description,rdfs:subPropertyOf,owl.AnnotationProperty
rc.description,rdfs:subPropertyOf,kko.descriptions
rc.detail_map,rdfs:subPropertyOf,owl.AnnotationProperty
rc.detail_map,rdfs:subPropertyOf,kko.media
rc.deutsche_synchronkartei_actor_id,rdfs:subPropertyOf,owl.AnnotationProperty
rc.deutsche_synchronkartei_actor_id,rdfs:subPropertyOf,kko.identifiers
rc.deutsche_synchronkartei_dubbing_voice_actor_id,rdfs:subPropertyOf,owl.AnnotationProperty
rc.deutsche_synchronkartei_dubbing_voice_actor_id,rdfs:subPropertyOf,kko.identifiers
rc.deutsche_synchronkartei_film_id,rdfs:subPropertyOf,owl.AnnotationProperty
rc.deutsche_synchronkartei_film_id,rdfs:subPropertyOf,kko.identifiers
rc.deutsche_synchronkartei_series_id,rdfs:subPropertyOf,owl.AnnotationProperty
rc.deutsche_synchronkartei_series_id,rdfs:subPropertyOf,kko.identifiers
rc.deutsche_ultramarathon_vereinigung_id,rdfs:subPropertyOf,owl.AnnotationProperty
rc.deutsche_ultramarathon_vereinigung_id,rdfs:subPropertyOf,kko.identifiers
rc.df_e_urn,rdfs:subPropertyOf,owl.AnnotationProperty
rc.df_e_urn,rdfs:subPropertyOf,kko.identifiers
rc.dfb_datacenter_player_id,rdfs:subPropertyOf,owl.AnnotationProperty
rc.dfb_datacenter_player_id,rdfs:subPropertyOf,kko.identifiers
rc.dgo_4_identifier,rdfs:subPropertyOf,owl.AnnotationProperty
rc.dgo_4_identifier,rdfs:subPropertyOf,kko.identifiers
rc.dharma_drum_buddhist_college_person_id,rdfs:subPropertyOf,owl.AnnotationProperty
rc.dharma_drum_buddhist_college_person_id,rdfs:subPropertyOf,kko.identifiers
rc.dharma_drum_buddhist_college_place_id,rdfs:subPropertyOf,owl.AnnotationProperty
rc.dharma_drum_buddhist_college_place_id,rdfs:subPropertyOf,kko.identifiers
rc.dialnet_article_id,rdfs:subPropertyOf,owl.AnnotationProperty
rc.dialnet_article_id,rdfs:subPropertyOf,kko.identifiers
rc.dialnet_author_id,rdfs:subPropertyOf,owl.AnnotationProperty
rc.dialnet_author_id,rdfs:subPropertyOf,kko.identifiers
rc.dialnet_book_id,rdfs:subPropertyOf,owl.AnnotationProperty
rc.dialnet_book_id,rdfs:subPropertyOf,kko.identifiers
rc.dialnet_journal_id,rdfs:subPropertyOf,owl.AnnotationProperty
rc.dialnet_journal_id,rdfs:subPropertyOf,kko.identifiers
rc.dictionary_grierson_id,rdfs:subPropertyOf,owl.AnnotationProperty
rc.dictionary_grierson_id,rdfs:subPropertyOf,kko.identifiers
rc.dictionary_of_art_historians_id,rdfs:subPropertyOf,owl.AnnotationProperty
rc.dictionary_of_art_historians_id,rdfs:subPropertyOf,kko.identifiers
rc.dictionary_of_canadian_biography_id,rdfs:subPropertyOf,owl.AnnotationProperty
rc.dictionary_of_canadian_biography_id,rdfs:subPropertyOf,kko.identifiers
rc.dictionary_of_medieval_names_from_european_sources_entry,rdfs:subPropertyOf,owl.AnnotationProperty
rc.dictionary_of_medieval_names_from_european_sources_entry,rdfs:subPropertyOf,kko.identifiers
rc.dictionary_of_new_zealand_biography,rdfs:subPropertyOf,owl.AnnotationProperty
rc.dictionary_of_new_zealand_biography,rdfs:subPropertyOf,kko.identifiers
rc.dictionary_of_swedish_national_biography,rdfs:subPropertyOf,owl.AnnotationProperty
rc.dictionary_of_swedish_national_biography,rdfs:subPropertyOf,kko.identifiers
rc.dictionary_of_sydney_id,rdfs:subPropertyOf,owl.AnnotationProperty
rc.dictionary_of_sydney_id,rdfs:subPropertyOf,kko.identifiers
rc.dictionary_of_ulster_biography_id,rdfs:subPropertyOf,owl.AnnotationProperty
rc.dictionary_of_ulster_biography_id,rdfs:subPropertyOf,kko.identifiers
rc.dictionary_of_welsh_biography_id,rdfs:subPropertyOf,owl.AnnotationProperty
rc.dictionary_of_welsh_biography_id,rdfs:subPropertyOf,kko.identifiers
rc.dictionnaire_des_auteurs_luxembourgeois_id,rdfs:subPropertyOf,owl.AnnotationProperty
rc.dictionnaire_des_auteurs_luxembourgeois_id,rdfs:subPropertyOf,kko.identifiers
rc.dictionnaire_des_peintres_belges_id,rdfs:subPropertyOf,owl.AnnotationProperty
rc.dictionnaire_des_peintres_belges_id,rdfs:subPropertyOf,kko.identifiers
rc.dictionnaire_du_jura_id,rdfs:subPropertyOf,owl.AnnotationProperty
rc.dictionnaire_du_jura_id,rdfs:subPropertyOf,kko.identifiers
rc.dig_dag_id,rdfs:subPropertyOf,owl.AnnotationProperty
rc.dig_dag_id,rdfs:subPropertyOf,kko.identifiers
rc.digital_atlas_of_the_roman_empire_id,rdfs:subPropertyOf,owl.AnnotationProperty
rc.digital_atlas_of_the_roman_empire_id,rdfs:subPropertyOf,kko.identifiers
rc.digital_typhoon_typhoon_id,rdfs:subPropertyOf,owl.AnnotationProperty
rc.digital_typhoon_typhoon_id,rdfs:subPropertyOf,kko.identifiers
rc.digital_valencian_library_author_id,rdfs:subPropertyOf,owl.AnnotationProperty
rc.digital_valencian_library_author_id,rdfs:subPropertyOf,kko.identifiers
rc.din_oloket,rdfs:subPropertyOf,owl.AnnotationProperty
rc.din_oloket,rdfs:subPropertyOf,kko.identifiers
rc.directions,rdfs:subPropertyOf,owl.AnnotationProperty
rc.directions,rdfs:subPropertyOf,kko.descriptions
rc.directory_of_czech_publishers_id,rdfs:subPropertyOf,owl.AnnotationProperty
rc.directory_of_czech_publishers_id,rdfs:subPropertyOf,kko.identifiers
rc.disambiguating_description,rdfs:subPropertyOf,owl.AnnotationProperty
rc.disambiguating_description,rdfs:subPropertyOf,kko.descriptions
rc.discogs_artist_id,rdfs:subPropertyOf,owl.AnnotationProperty
rc.discogs_artist_id,rdfs:subPropertyOf,kko.identifiers
rc.discogs_label_id,rdfs:subPropertyOf,owl.AnnotationProperty
rc.discogs_label_id,rdfs:subPropertyOf,kko.identifiers
rc.discogs_master_id,rdfs:subPropertyOf,owl.AnnotationProperty
rc.discogs_master_id,rdfs:subPropertyOf,kko.identifiers
rc.discogs_release_id,rdfs:subPropertyOf,owl.AnnotationProperty
rc.discogs_release_id,rdfs:subPropertyOf,kko.identifiers
rc.discount_code,rdfs:subPropertyOf,owl.AnnotationProperty
rc.discount_code,rdfs:subPropertyOf,kko.codes
rc.discusses,rdfs:subPropertyOf,owl.AnnotationProperty
rc.discusses,rdfs:subPropertyOf,kko.relateds
rc.discussion_url,rdfs:subPropertyOf,owl.AnnotationProperty
rc.discussion_url,rdfs:subPropertyOf,kko.pointers
rc.disease_ontology_id,rdfs:subPropertyOf,owl.AnnotationProperty
rc.disease_ontology_id,rdfs:subPropertyOf,kko.identifiers
rc.diseases_db,rdfs:subPropertyOf,owl.AnnotationProperty
rc.diseases_db,rdfs:subPropertyOf,kko.identifiers
rc.distribution_map,rdfs:subPropertyOf,owl.AnnotationProperty
rc.distribution_map,rdfs:subPropertyOf,kko.media
rc.distro_watch_id,rdfs:subPropertyOf,owl.AnnotationProperty
rc.distro_watch_id,rdfs:subPropertyOf,kko.identifiers
rc.dizionario_biografico_degli_italiani_identifier,rdfs:subPropertyOf,owl.AnnotationProperty
rc.dizionario_biografico_degli_italiani_identifier,rdfs:subPropertyOf,kko.identifiers
rc.dli_id,rdfs:subPropertyOf,owl.AnnotationProperty
rc.dli_id,rdfs:subPropertyOf,kko.identifiers
rc.dmoz_id,rdfs:subPropertyOf,owl.AnnotationProperty
rc.dmoz_id,rdfs:subPropertyOf,kko.identifiers
rc.dnb_editions,rdfs:subPropertyOf,owl.AnnotationProperty
rc.dnb_editions,rdfs:subPropertyOf,kko.identifiers
rc.dnf_film_id,rdfs:subPropertyOf,owl.AnnotationProperty
rc.dnf_film_id,rdfs:subPropertyOf,kko.identifiers
rc.doap_id,rdfs:subPropertyOf,owl.AnnotationProperty
rc.doap_id,rdfs:subPropertyOf,kko.identifiers
rc.doc_check_flexikon_de_id,rdfs:subPropertyOf,owl.AnnotationProperty
rc.doc_check_flexikon_de_id,rdfs:subPropertyOf,kko.identifiers
rc.doc_check_flexikon_en_id,rdfs:subPropertyOf,owl.AnnotationProperty
rc.doc_check_flexikon_en_id,rdfs:subPropertyOf,kko.identifiers
rc.docomomo_iberico_id,rdfs:subPropertyOf,owl.AnnotationProperty
rc.docomomo_iberico_id,rdfs:subPropertyOf,kko.identifiers
rc.dodis_id,rdfs:subPropertyOf,owl.AnnotationProperty
rc.dodis_id,rdfs:subPropertyOf,kko.identifiers
rc.doi,rdfs:subPropertyOf,owl.AnnotationProperty
rc.doi,rdfs:subPropertyOf,kko.identifiers
rc.doi_prefix,rdfs:subPropertyOf,owl.AnnotationProperty
rc.doi_prefix,rdfs:subPropertyOf,kko.identifiers
rc.doris_id,rdfs:subPropertyOf,owl.AnnotationProperty
rc.doris_id,rdfs:subPropertyOf,kko.identifiers
rc.douban_film_id,rdfs:subPropertyOf,owl.AnnotationProperty
rc.douban_film_id,rdfs:subPropertyOf,kko.identifiers
rc.download_url,rdfs:subPropertyOf,owl.AnnotationProperty
rc.download_url,rdfs:subPropertyOf,kko.pointers
rc.dpla_id,rdfs:subPropertyOf,owl.AnnotationProperty
rc.dpla_id,rdfs:subPropertyOf,kko.identifiers
rc.draftexpress_com_id,rdfs:subPropertyOf,owl.AnnotationProperty
rc.draftexpress_com_id,rdfs:subPropertyOf,kko.identifiers
rc.dreadnought_project_page,rdfs:subPropertyOf,owl.AnnotationProperty
rc.dreadnought_project_page,rdfs:subPropertyOf,kko.identifiers
rc.driver_db_driver_id,rdfs:subPropertyOf,owl.AnnotationProperty
rc.driver_db_driver_id,rdfs:subPropertyOf,kko.identifiers
rc.drug_bank_id,rdfs:subPropertyOf,owl.AnnotationProperty
rc.drug_bank_id,rdfs:subPropertyOf,kko.identifiers
rc.drusop_id,rdfs:subPropertyOf,owl.AnnotationProperty
rc.drusop_id,rdfs:subPropertyOf,kko.identifiers
rc.dsbe_id,rdfs:subPropertyOf,owl.AnnotationProperty
rc.dsbe_id,rdfs:subPropertyOf,kko.identifiers
rc.dsh_object_id,rdfs:subPropertyOf,owl.AnnotationProperty
rc.dsh_object_id,rdfs:subPropertyOf,kko.identifiers
rc.dsm_5_classification,rdfs:subPropertyOf,owl.AnnotationProperty
rc.dsm_5_classification,rdfs:subPropertyOf,kko.identifiers
rc.dsmhof_athlete_id,rdfs:subPropertyOf,owl.AnnotationProperty
rc.dsmhof_athlete_id,rdfs:subPropertyOf,kko.identifiers
rc.dsstox_substance_identifier,rdfs:subPropertyOf,owl.AnnotationProperty
rc.dsstox_substance_identifier,rdfs:subPropertyOf,kko.identifiers
rc.duns,rdfs:subPropertyOf,owl.AnnotationProperty
rc.duns,rdfs:subPropertyOf,kko.identifiers
rc.during_media,rdfs:subPropertyOf,owl.AnnotationProperty
rc.during_media,rdfs:subPropertyOf,kko.media
rc.dutch_cemetery_in_chinsurah_person_id,rdfs:subPropertyOf,owl.AnnotationProperty
rc.dutch_cemetery_in_chinsurah_person_id,rdfs:subPropertyOf,kko.identifiers
rc.dutch_lost_building_register_id,rdfs:subPropertyOf,owl.AnnotationProperty
rc.dutch_lost_building_register_id,rdfs:subPropertyOf,kko.identifiers
rc.dutch_senate_person_id,rdfs:subPropertyOf,owl.AnnotationProperty
rc.dutch_senate_person_id,rdfs:subPropertyOf,kko.identifiers
rc.dvn_id,rdfs:subPropertyOf,owl.AnnotationProperty
rc.dvn_id,rdfs:subPropertyOf,kko.identifiers
rc.dvv_player_id,rdfs:subPropertyOf,owl.AnnotationProperty
rc.dvv_player_id,rdfs:subPropertyOf,kko.identifiers
rc.dyntaxa_id,rdfs:subPropertyOf,owl.AnnotationProperty
rc.dyntaxa_id,rdfs:subPropertyOf,kko.identifiers
rc.dz_foot_com_player_id,rdfs:subPropertyOf,owl.AnnotationProperty
rc.dz_foot_com_player_id,rdfs:subPropertyOf,kko.identifiers
rc.e_archiv_li_id,rdfs:subPropertyOf,owl.AnnotationProperty
rc.e_archiv_li_id,rdfs:subPropertyOf,kko.identifiers
rc.e_bird_taxon_id,rdfs:subPropertyOf,owl.AnnotationProperty
rc.e_bird_taxon_id,rdfs:subPropertyOf,kko.identifiers
rc.e_db_film_id,rdfs:subPropertyOf,owl.AnnotationProperty
rc.e_db_film_id,rdfs:subPropertyOf,kko.identifiers
rc.e_db_person_id,rdfs:subPropertyOf,owl.AnnotationProperty
rc.e_db_person_id,rdfs:subPropertyOf,kko.identifiers
rc.e_mail_address,rdfs:subPropertyOf,owl.AnnotationProperty
rc.e_mail_address,rdfs:subPropertyOf,kko.pointers
rc.e_medicine,rdfs:subPropertyOf,owl.AnnotationProperty
rc.e_medicine,rdfs:subPropertyOf,kko.codes
rc.e_number,rdfs:subPropertyOf,owl.AnnotationProperty
rc.e_number,rdfs:subPropertyOf,kko.identifiers
rc.e_parks_unit_id,rdfs:subPropertyOf,owl.AnnotationProperty
rc.e_parks_unit_id,rdfs:subPropertyOf,kko.identifiers
rc.e_th_os_thesis_id,rdfs:subPropertyOf,owl.AnnotationProperty
rc.e_th_os_thesis_id,rdfs:subPropertyOf,kko.identifiers
rc.e_wrc_results_com_racer_id,rdfs:subPropertyOf,owl.AnnotationProperty
rc.e_wrc_results_com_racer_id,rdfs:subPropertyOf,kko.identifiers
rc.eagle_id,rdfs:subPropertyOf,owl.AnnotationProperty
rc.eagle_id,rdfs:subPropertyOf,kko.identifiers
rc.early_aviators_people_id,rdfs:subPropertyOf,owl.AnnotationProperty
rc.early_aviators_people_id,rdfs:subPropertyOf,kko.identifiers
rc.ec_enzyme_number,rdfs:subPropertyOf,owl.AnnotationProperty
rc.ec_enzyme_number,rdfs:subPropertyOf,kko.identifiers
rc.ec_number,rdfs:subPropertyOf,owl.AnnotationProperty
rc.ec_number,rdfs:subPropertyOf,kko.identifiers
rc.ecartico_person_id,rdfs:subPropertyOf,owl.AnnotationProperty
rc.ecartico_person_id,rdfs:subPropertyOf,kko.identifiers
rc.echa_info_card_id,rdfs:subPropertyOf,owl.AnnotationProperty
rc.echa_info_card_id,rdfs:subPropertyOf,kko.identifiers
rc.ecocrop_id,rdfs:subPropertyOf,owl.AnnotationProperty
rc.ecocrop_id,rdfs:subPropertyOf,kko.identifiers
rc.ecole_des_chartes_thesis_abstract_id,rdfs:subPropertyOf,owl.AnnotationProperty
rc.ecole_des_chartes_thesis_abstract_id,rdfs:subPropertyOf,kko.identifiers
rc.edition_number,rdfs:subPropertyOf,owl.AnnotationProperty
rc.edition_number,rdfs:subPropertyOf,kko.pointers
rc.edition_or_translation_of,rdfs:subPropertyOf,owl.AnnotationProperty
rc.edition_or_translation_of,rdfs:subPropertyOf,kko.descriptions
rc.edrpou_code,rdfs:subPropertyOf,owl.AnnotationProperty
rc.edrpou_code,rdfs:subPropertyOf,kko.codes
rc.ee_breed_number,rdfs:subPropertyOf,owl.AnnotationProperty
rc.ee_breed_number,rdfs:subPropertyOf,kko.identifiers
rc.egaxa_id,rdfs:subPropertyOf,owl.AnnotationProperty
rc.egaxa_id,rdfs:subPropertyOf,kko.identifiers
rc.ehak_id,rdfs:subPropertyOf,owl.AnnotationProperty
rc.ehak_id,rdfs:subPropertyOf,kko.identifiers
rc.eidr_identifier,rdfs:subPropertyOf,owl.AnnotationProperty
rc.eidr_identifier,rdfs:subPropertyOf,kko.identifiers
rc.ek_number,rdfs:subPropertyOf,owl.AnnotationProperty
rc.ek_number,rdfs:subPropertyOf,kko.identifiers
rc.el_cinema_film_id,rdfs:subPropertyOf,owl.AnnotationProperty
rc.el_cinema_film_id,rdfs:subPropertyOf,kko.identifiers
rc.el_cinema_person_id,rdfs:subPropertyOf,owl.AnnotationProperty
rc.el_cinema_person_id,rdfs:subPropertyOf,kko.identifiers
rc.el_film_film_id,rdfs:subPropertyOf,owl.AnnotationProperty
rc.el_film_film_id,rdfs:subPropertyOf,kko.identifiers
rc.el_film_person_id,rdfs:subPropertyOf,owl.AnnotationProperty
rc.el_film_person_id,rdfs:subPropertyOf,kko.identifiers
rc.eldoblaje_dubbing_actor_id,rdfs:subPropertyOf,owl.AnnotationProperty
rc.eldoblaje_dubbing_actor_id,rdfs:subPropertyOf,kko.identifiers
rc.eldoblaje_movie_id,rdfs:subPropertyOf,owl.AnnotationProperty
rc.eldoblaje_movie_id,rdfs:subPropertyOf,kko.identifiers
rc.eldoblaje_original_actor_id,rdfs:subPropertyOf,owl.AnnotationProperty
rc.eldoblaje_original_actor_id,rdfs:subPropertyOf,kko.identifiers
rc.electronic_enlightenment_id,rdfs:subPropertyOf,owl.AnnotationProperty
rc.electronic_enlightenment_id,rdfs:subPropertyOf,kko.identifiers
rc.element_symbol,rdfs:subPropertyOf,owl.AnnotationProperty
rc.element_symbol,rdfs:subPropertyOf,kko.identifiers
rc.elhuyar_zth_id,rdfs:subPropertyOf,owl.AnnotationProperty
rc.elhuyar_zth_id,rdfs:subPropertyOf,kko.identifiers
rc.elibrary_ru_organisation_id,rdfs:subPropertyOf,owl.AnnotationProperty
rc.elibrary_ru_organisation_id,rdfs:subPropertyOf,kko.identifiers
rc.elite_prospects_player_id,rdfs:subPropertyOf,owl.AnnotationProperty
rc.elite_prospects_player_id,rdfs:subPropertyOf,kko.identifiers
rc.elite_prospects_staff_id,rdfs:subPropertyOf,owl.AnnotationProperty
rc.elite_prospects_staff_id,rdfs:subPropertyOf,kko.identifiers
rc.elonet_movie_id,rdfs:subPropertyOf,owl.AnnotationProperty
rc.elonet_movie_id,rdfs:subPropertyOf,kko.identifiers
rc.elonet_person_id,rdfs:subPropertyOf,owl.AnnotationProperty
rc.elonet_person_id,rdfs:subPropertyOf,kko.identifiers
rc.elstat_geographical_code,rdfs:subPropertyOf,owl.AnnotationProperty
rc.elstat_geographical_code,rdfs:subPropertyOf,kko.identifiers
rc.email,rdfs:subPropertyOf,owl.AnnotationProperty
rc.email,rdfs:subPropertyOf,kko.pointers
rc.embassy_pages_com_id,rdfs:subPropertyOf,owl.AnnotationProperty
rc.embassy_pages_com_id,rdfs:subPropertyOf,kko.identifiers
rc.embed_url,rdfs:subPropertyOf,owl.AnnotationProperty
rc.embed_url,rdfs:subPropertyOf,kko.pointers
rc.embed_url_template,rdfs:subPropertyOf,owl.AnnotationProperty
rc.embed_url_template,rdfs:subPropertyOf,kko.codes
rc.emergency_phone_number,rdfs:subPropertyOf,owl.AnnotationProperty
rc.emergency_phone_number,rdfs:subPropertyOf,kko.identifiers
rc.emlo_location_id,rdfs:subPropertyOf,owl.AnnotationProperty
rc.emlo_location_id,rdfs:subPropertyOf,kko.identifiers
rc.emlo_person_id,rdfs:subPropertyOf,owl.AnnotationProperty
rc.emlo_person_id,rdfs:subPropertyOf,kko.identifiers
rc.emporis_building_complex_id,rdfs:subPropertyOf,owl.AnnotationProperty
rc.emporis_building_complex_id,rdfs:subPropertyOf,kko.identifiers
rc.emporis_building_id,rdfs:subPropertyOf,owl.AnnotationProperty
rc.emporis_building_id,rdfs:subPropertyOf,kko.identifiers
rc.enard_athlete_id,rdfs:subPropertyOf,owl.AnnotationProperty
rc.enard_athlete_id,rdfs:subPropertyOf,kko.identifiers
rc.enciclopedia_acoriana_id,rdfs:subPropertyOf,owl.AnnotationProperty
rc.enciclopedia_acoriana_id,rdfs:subPropertyOf,kko.identifiers
rc.enciclopedia_de_la_literatura_en_mexico_id,rdfs:subPropertyOf,owl.AnnotationProperty
rc.enciclopedia_de_la_literatura_en_mexico_id,rdfs:subPropertyOf,kko.identifiers
rc.enciclopedia_italiana_id,rdfs:subPropertyOf,owl.AnnotationProperty
rc.enciclopedia_italiana_id,rdfs:subPropertyOf,kko.identifiers
rc.enciclopedia_itau_cultural_id,rdfs:subPropertyOf,owl.AnnotationProperty
rc.enciclopedia_itau_cultural_id,rdfs:subPropertyOf,kko.identifiers
rc.encoding,rdfs:subPropertyOf,owl.AnnotationProperty
rc.encoding,rdfs:subPropertyOf,kko.media
rc.encodings,rdfs:subPropertyOf,owl.AnnotationProperty
rc.encodings,rdfs:subPropertyOf,kko.media
rc.encyclop_dia_britannica_contributor_id,rdfs:subPropertyOf,owl.AnnotationProperty
rc.encyclop_dia_britannica_contributor_id,rdfs:subPropertyOf,kko.identifiers
rc.encyclop_dia_britannica_online_id,rdfs:subPropertyOf,owl.AnnotationProperty
rc.encyclop_dia_britannica_online_id,rdfs:subPropertyOf,kko.identifiers
rc.encyclop_dia_universalis_id,rdfs:subPropertyOf,owl.AnnotationProperty
rc.encyclop_dia_universalis_id,rdfs:subPropertyOf,kko.identifiers
rc.encyclopaedia_metallum_artist_id,rdfs:subPropertyOf,owl.AnnotationProperty
rc.encyclopaedia_metallum_artist_id,rdfs:subPropertyOf,kko.identifiers
rc.encyclopaedia_metallum_band_id,rdfs:subPropertyOf,owl.AnnotationProperty
rc.encyclopaedia_metallum_band_id,rdfs:subPropertyOf,kko.identifiers
rc.encyclopaedia_metallum_release_id,rdfs:subPropertyOf,owl.AnnotationProperty
rc.encyclopaedia_metallum_release_id,rdfs:subPropertyOf,kko.identifiers
rc.encyclopedia_of_australian_science_id,rdfs:subPropertyOf,owl.AnnotationProperty
rc.encyclopedia_of_australian_science_id,rdfs:subPropertyOf,kko.identifiers
rc.encyclopedia_of_life_id,rdfs:subPropertyOf,owl.AnnotationProperty
rc.encyclopedia_of_life_id,rdfs:subPropertyOf,kko.identifiers
rc.encyclopedia_of_modern_ukraine_id,rdfs:subPropertyOf,owl.AnnotationProperty
rc.encyclopedia_of_modern_ukraine_id,rdfs:subPropertyOf,kko.identifiers
rc.encyclopedia_of_surfing_id,rdfs:subPropertyOf,owl.AnnotationProperty
rc.encyclopedia_of_surfing_id,rdfs:subPropertyOf,kko.identifiers
rc.encyclopedia_of_triangle_centers_identifier,rdfs:subPropertyOf,owl.AnnotationProperty
rc.encyclopedia_of_triangle_centers_identifier,rdfs:subPropertyOf,kko.identifiers
rc.endangeredlanguages_com_id,rdfs:subPropertyOf,owl.AnnotationProperty
rc.endangeredlanguages_com_id,rdfs:subPropertyOf,kko.identifiers
rc.ensembl_gene_id,rdfs:subPropertyOf,owl.AnnotationProperty
rc.ensembl_gene_id,rdfs:subPropertyOf,kko.identifiers
rc.ensembl_protein_id,rdfs:subPropertyOf,owl.AnnotationProperty
rc.ensembl_protein_id,rdfs:subPropertyOf,kko.identifiers
rc.ensembl_transcript_id,rdfs:subPropertyOf,owl.AnnotationProperty
rc.ensembl_transcript_id,rdfs:subPropertyOf,kko.identifiers
rc.ent_revues_id,rdfs:subPropertyOf,owl.AnnotationProperty
rc.ent_revues_id,rdfs:subPropertyOf,kko.identifiers
rc.enterprise_number_belgium,rdfs:subPropertyOf,owl.AnnotationProperty
rc.enterprise_number_belgium,rdfs:subPropertyOf,kko.identifiers
rc.entrez_gene_id,rdfs:subPropertyOf,owl.AnnotationProperty
rc.entrez_gene_id,rdfs:subPropertyOf,kko.identifiers
rc.environmental_register_code_estonia,rdfs:subPropertyOf,owl.AnnotationProperty
rc.environmental_register_code_estonia,rdfs:subPropertyOf,kko.codes
rc.epcr_player_id,rdfs:subPropertyOf,owl.AnnotationProperty
rc.epcr_player_id,rdfs:subPropertyOf,kko.identifiers
rc.epguides_id,rdfs:subPropertyOf,owl.AnnotationProperty
rc.epguides_id,rdfs:subPropertyOf,kko.identifiers
rc.ephe_id,rdfs:subPropertyOf,owl.AnnotationProperty
rc.ephe_id,rdfs:subPropertyOf,kko.identifiers
rc.episode_number,rdfs:subPropertyOf,owl.AnnotationProperty
rc.episode_number,rdfs:subPropertyOf,kko.identifiers
rc.eppo_code,rdfs:subPropertyOf,owl.AnnotationProperty
rc.eppo_code,rdfs:subPropertyOf,kko.codes
rc.epsg_crs,rdfs:subPropertyOf,owl.AnnotationProperty
rc.epsg_crs,rdfs:subPropertyOf,kko.identifiers
rc.era_journal_id,rdfs:subPropertyOf,owl.AnnotationProperty
rc.era_journal_id,rdfs:subPropertyOf,kko.identifiers
rc.erih_plus_id,rdfs:subPropertyOf,owl.AnnotationProperty
rc.erih_plus_id,rdfs:subPropertyOf,kko.identifiers
rc.error,rdfs:subPropertyOf,owl.AnnotationProperty
rc.error,rdfs:subPropertyOf,kko.augments
rc.erudit_journal_id,rdfs:subPropertyOf,owl.AnnotationProperty
rc.erudit_journal_id,rdfs:subPropertyOf,kko.identifiers
rc.esbl_athlete_id,rdfs:subPropertyOf,owl.AnnotationProperty
rc.esbl_athlete_id,rdfs:subPropertyOf,kko.identifiers
rc.esco_occupation_id,rdfs:subPropertyOf,owl.AnnotationProperty
rc.esco_occupation_id,rdfs:subPropertyOf,kko.identifiers
rc.esco_skill_id,rdfs:subPropertyOf,owl.AnnotationProperty
rc.esco_skill_id,rdfs:subPropertyOf,kko.identifiers
rc.esec_person_id,rdfs:subPropertyOf,owl.AnnotationProperty
rc.esec_person_id,rdfs:subPropertyOf,kko.identifiers
rc.esp_ncricinfo_com_player_id,rdfs:subPropertyOf,owl.AnnotationProperty
rc.esp_ncricinfo_com_player_id,rdfs:subPropertyOf,kko.identifiers
rc.esp_nscrum_player_id,rdfs:subPropertyOf,owl.AnnotationProperty
rc.esp_nscrum_player_id,rdfs:subPropertyOf,kko.identifiers
rc.esperantist_id,rdfs:subPropertyOf,owl.AnnotationProperty
rc.esperantist_id,rdfs:subPropertyOf,kko.identifiers
rc.espn_com_mlb_player_id,rdfs:subPropertyOf,owl.AnnotationProperty
rc.espn_com_mlb_player_id,rdfs:subPropertyOf,kko.identifiers
rc.espn_com_nba_player_id,rdfs:subPropertyOf,owl.AnnotationProperty
rc.espn_com_nba_player_id,rdfs:subPropertyOf,kko.identifiers
rc.espn_com_nfl_player_id,rdfs:subPropertyOf,owl.AnnotationProperty
rc.espn_com_nfl_player_id,rdfs:subPropertyOf,kko.identifiers
rc.espn_com_nhl_player_id,rdfs:subPropertyOf,owl.AnnotationProperty
rc.espn_com_nhl_player_id,rdfs:subPropertyOf,kko.identifiers
rc.espn_x_games_athlete_id,rdfs:subPropertyOf,owl.AnnotationProperty
rc.espn_x_games_athlete_id,rdfs:subPropertyOf,kko.identifiers
rc.espnfc_com_player_id,rdfs:subPropertyOf,owl.AnnotationProperty
rc.espnfc_com_player_id,rdfs:subPropertyOf,kko.identifiers
rc.esr_station_code,rdfs:subPropertyOf,owl.AnnotationProperty
rc.esr_station_code,rdfs:subPropertyOf,kko.codes
rc.estc_citation_number,rdfs:subPropertyOf,owl.AnnotationProperty
rc.estc_citation_number,rdfs:subPropertyOf,kko.identifiers
rc.estonian_cultural_monument_id,rdfs:subPropertyOf,owl.AnnotationProperty
rc.estonian_cultural_monument_id,rdfs:subPropertyOf,kko.identifiers
rc.estonian_football_association_player_id,rdfs:subPropertyOf,owl.AnnotationProperty
rc.estonian_football_association_player_id,rdfs:subPropertyOf,kko.identifiers
rc.estonian_football_association_team_id,rdfs:subPropertyOf,owl.AnnotationProperty
rc.estonian_football_association_team_id,rdfs:subPropertyOf,kko.identifiers
rc.estonian_research_portal_person_id,rdfs:subPropertyOf,owl.AnnotationProperty
rc.estonian_research_portal_person_id,rdfs:subPropertyOf,kko.identifiers
rc.estyn_id,rdfs:subPropertyOf,owl.AnnotationProperty
rc.estyn_id,rdfs:subPropertyOf,kko.identifiers
rc.ethnologue_com_language_code,rdfs:subPropertyOf,owl.AnnotationProperty
rc.ethnologue_com_language_code,rdfs:subPropertyOf,kko.codes
rc.eu_football_info_player_id,rdfs:subPropertyOf,owl.AnnotationProperty
rc.eu_football_info_player_id,rdfs:subPropertyOf,kko.identifiers
rc.eu_river_basin_district_code,rdfs:subPropertyOf,owl.AnnotationProperty
rc.eu_river_basin_district_code,rdfs:subPropertyOf,kko.codes
rc.eu_surface_water_body_code,rdfs:subPropertyOf,owl.AnnotationProperty
rc.eu_surface_water_body_code,rdfs:subPropertyOf,kko.identifiers
rc.eu_transparency_register_id,rdfs:subPropertyOf,owl.AnnotationProperty
rc.eu_transparency_register_id,rdfs:subPropertyOf,kko.identifiers
rc.eu_vat_number,rdfs:subPropertyOf,owl.AnnotationProperty
rc.eu_vat_number,rdfs:subPropertyOf,kko.identifiers
rc.euap_id,rdfs:subPropertyOf,owl.AnnotationProperty
rc.euap_id,rdfs:subPropertyOf,kko.identifiers
rc.eul_editions,rdfs:subPropertyOf,owl.AnnotationProperty
rc.eul_editions,rdfs:subPropertyOf,kko.identifiers
rc.euring_number,rdfs:subPropertyOf,owl.AnnotationProperty
rc.euring_number,rdfs:subPropertyOf,kko.identifiers
rc.euro_tour_golf_player_id,rdfs:subPropertyOf,owl.AnnotationProperty
rc.euro_tour_golf_player_id,rdfs:subPropertyOf,kko.identifiers
rc.eurobasket_com_id,rdfs:subPropertyOf,owl.AnnotationProperty
rc.eurobasket_com_id,rdfs:subPropertyOf,kko.identifiers
rc.eurohockey_com_player_id,rdfs:subPropertyOf,owl.AnnotationProperty
rc.eurohockey_com_player_id,rdfs:subPropertyOf,kko.identifiers
rc.euroleague_net_id,rdfs:subPropertyOf,owl.AnnotationProperty
rc.euroleague_net_id,rdfs:subPropertyOf,kko.identifiers
rc.european_athletics_id,rdfs:subPropertyOf,owl.AnnotationProperty
rc.european_athletics_id,rdfs:subPropertyOf,kko.identifiers
rc.european_case_law_id,rdfs:subPropertyOf,owl.AnnotationProperty
rc.european_case_law_id,rdfs:subPropertyOf,kko.identifiers
rc.european_fencing_confederation_athlete_id,rdfs:subPropertyOf,owl.AnnotationProperty
rc.european_fencing_confederation_athlete_id,rdfs:subPropertyOf,kko.identifiers
rc.european_handball_federation_player_id,rdfs:subPropertyOf,owl.AnnotationProperty
rc.european_handball_federation_player_id,rdfs:subPropertyOf,kko.identifiers
rc.european_medicines_agency_product_number,rdfs:subPropertyOf,owl.AnnotationProperty
rc.european_medicines_agency_product_number,rdfs:subPropertyOf,kko.identifiers
rc.europeana_fashion_creator_id,rdfs:subPropertyOf,owl.AnnotationProperty
rc.europeana_fashion_creator_id,rdfs:subPropertyOf,kko.identifiers
rc.europeana_fashion_vocabulary_id,rdfs:subPropertyOf,owl.AnnotationProperty
rc.europeana_fashion_vocabulary_id,rdfs:subPropertyOf,kko.identifiers
rc.europeana_id,rdfs:subPropertyOf,owl.AnnotationProperty
rc.europeana_id,rdfs:subPropertyOf,kko.identifiers
rc.euta_person_id,rdfs:subPropertyOf,owl.AnnotationProperty
rc.euta_person_id,rdfs:subPropertyOf,kko.identifiers
rc.euta_theatre_id,rdfs:subPropertyOf,owl.AnnotationProperty
rc.euta_theatre_id,rdfs:subPropertyOf,kko.identifiers
rc.event_id,rdfs:subPropertyOf,owl.AnnotationProperty
rc.event_id,rdfs:subPropertyOf,kko.identifiers
rc.example_of_work,rdfs:subPropertyOf,owl.AnnotationProperty
rc.example_of_work,rdfs:subPropertyOf,kko.augments
rc.exceptional_heritage_of_wallonia_id,rdfs:subPropertyOf,owl.AnnotationProperty
rc.exceptional_heritage_of_wallonia_id,rdfs:subPropertyOf,kko.identifiers
rc.executable_library_name,rdfs:subPropertyOf,owl.AnnotationProperty
rc.executable_library_name,rdfs:subPropertyOf,kko.labels
rc.executive_order_number,rdfs:subPropertyOf,owl.AnnotationProperty
rc.executive_order_number,rdfs:subPropertyOf,kko.identifiers
rc.exif_data,rdfs:subPropertyOf,owl.AnnotationProperty
rc.exif_data,rdfs:subPropertyOf,kko.descriptions
rc.exif_make,rdfs:subPropertyOf,owl.AnnotationProperty
rc.exif_make,rdfs:subPropertyOf,kko.labels
rc.exif_model,rdfs:subPropertyOf,owl.AnnotationProperty
rc.exif_model,rdfs:subPropertyOf,kko.labels
rc.expected_completeness,rdfs:subPropertyOf,owl.AnnotationProperty
rc.expected_completeness,rdfs:subPropertyOf,kko.descriptions
rc.exploitation_visa_number,rdfs:subPropertyOf,owl.AnnotationProperty
rc.exploitation_visa_number,rdfs:subPropertyOf,kko.identifiers
rc.external_data_available_at,rdfs:subPropertyOf,owl.AnnotationProperty
rc.external_data_available_at,rdfs:subPropertyOf,kko.pointers
rc.f_droid_package,rdfs:subPropertyOf,owl.AnnotationProperty
rc.f_droid_package,rdfs:subPropertyOf,kko.identifiers
rc.faa_airport_code,rdfs:subPropertyOf,owl.AnnotationProperty
rc.faa_airport_code,rdfs:subPropertyOf,kko.identifiers
rc.facebook_id,rdfs:subPropertyOf,owl.AnnotationProperty
rc.facebook_id,rdfs:subPropertyOf,kko.identifiers
rc.facebook_id_name_number,rdfs:subPropertyOf,owl.AnnotationProperty
rc.facebook_id_name_number,rdfs:subPropertyOf,kko.identifiers
rc.facebook_places_id,rdfs:subPropertyOf,owl.AnnotationProperty
rc.facebook_places_id,rdfs:subPropertyOf,kko.identifiers
rc.facr_player_id,rdfs:subPropertyOf,owl.AnnotationProperty
rc.facr_player_id,rdfs:subPropertyOf,kko.identifiers
rc.fai_id,rdfs:subPropertyOf,owl.AnnotationProperty
rc.fai_id,rdfs:subPropertyOf,kko.identifiers
rc.fama_work_id,rdfs:subPropertyOf,owl.AnnotationProperty
rc.fama_work_id,rdfs:subPropertyOf,kko.identifiers
rc.familyName,rdfs:subPropertyOf,owl.AnnotationProperty
rc.familyName,rdfs:subPropertyOf,kko.labels
rc.family_name,rdfs:subPropertyOf,owl.AnnotationProperty
rc.family_name,rdfs:subPropertyOf,kko.labels
rc.family_name_identical_to_this_given_name,rdfs:subPropertyOf,owl.AnnotationProperty
rc.family_name_identical_to_this_given_name,rdfs:subPropertyOf,kko.labels
rc.family_search_person_id,rdfs:subPropertyOf,owl.AnnotationProperty
rc.family_search_person_id,rdfs:subPropertyOf,kko.identifiers
rc.familypedia_person_id,rdfs:subPropertyOf,owl.AnnotationProperty
rc.familypedia_person_id,rdfs:subPropertyOf,kko.identifiers
rc.fan_graphs_player_id,rdfs:subPropertyOf,owl.AnnotationProperty
rc.fan_graphs_player_id,rdfs:subPropertyOf,kko.identifiers
rc.fandom_wiki_id,rdfs:subPropertyOf,owl.AnnotationProperty
rc.fandom_wiki_id,rdfs:subPropertyOf,kko.identifiers
rc.fantoir_code,rdfs:subPropertyOf,owl.AnnotationProperty
rc.fantoir_code,rdfs:subPropertyOf,kko.identifiers
rc.fao_2007_genetic_resource_id,rdfs:subPropertyOf,owl.AnnotationProperty
rc.fao_2007_genetic_resource_id,rdfs:subPropertyOf,kko.identifiers
rc.fast_id,rdfs:subPropertyOf,owl.AnnotationProperty
rc.fast_id,rdfs:subPropertyOf,kko.identifiers
rc.fauna_europaea_id,rdfs:subPropertyOf,owl.AnnotationProperty
rc.fauna_europaea_id,rdfs:subPropertyOf,kko.identifiers
rc.fauna_europaea_new_id,rdfs:subPropertyOf,owl.AnnotationProperty
rc.fauna_europaea_new_id,rdfs:subPropertyOf,kko.identifiers
rc.faxNumber,rdfs:subPropertyOf,owl.AnnotationProperty
rc.faxNumber,rdfs:subPropertyOf,kko.pointers
rc.fax_number,rdfs:subPropertyOf,owl.AnnotationProperty
rc.fax_number,rdfs:subPropertyOf,kko.pointers
rc.fcc_facility_id,rdfs:subPropertyOf,owl.AnnotationProperty
rc.fcc_facility_id,rdfs:subPropertyOf,kko.identifiers
rc.fci_rider_id,rdfs:subPropertyOf,owl.AnnotationProperty
rc.fci_rider_id,rdfs:subPropertyOf,kko.identifiers
rc.feature_list,rdfs:subPropertyOf,owl.AnnotationProperty
rc.feature_list,rdfs:subPropertyOf,kko.lists
rc.fed_cup_player_id,rdfs:subPropertyOf,owl.AnnotationProperty
rc.fed_cup_player_id,rdfs:subPropertyOf,kko.identifiers
rc.federal_heritage_buildings_id_canada,rdfs:subPropertyOf,owl.AnnotationProperty
rc.federal_heritage_buildings_id_canada,rdfs:subPropertyOf,kko.identifiers
rc.federal_register_document_number,rdfs:subPropertyOf,owl.AnnotationProperty
rc.federal_register_document_number,rdfs:subPropertyOf,kko.identifiers
rc.fedora_package,rdfs:subPropertyOf,owl.AnnotationProperty
rc.fedora_package,rdfs:subPropertyOf,kko.identifiers
rc.fei_person_id,rdfs:subPropertyOf,owl.AnnotationProperty
rc.fei_person_id,rdfs:subPropertyOf,kko.identifiers
rc.fellow_of_the_royal_society_id,rdfs:subPropertyOf,owl.AnnotationProperty
rc.fellow_of_the_royal_society_id,rdfs:subPropertyOf,kko.identifiers
rc.female_form_of_label,rdfs:subPropertyOf,owl.AnnotationProperty
rc.female_form_of_label,rdfs:subPropertyOf,kko.labels
rc.ff_voile_sailor_id,rdfs:subPropertyOf,owl.AnnotationProperty
rc.ff_voile_sailor_id,rdfs:subPropertyOf,kko.identifiers
rc.fff_female_player_id,rdfs:subPropertyOf,owl.AnnotationProperty
rc.fff_female_player_id,rdfs:subPropertyOf,kko.identifiers
rc.fff_male_player_id,rdfs:subPropertyOf,owl.AnnotationProperty
rc.fff_male_player_id,rdfs:subPropertyOf,kko.identifiers
rc.ffn_swimmer_id,rdfs:subPropertyOf,owl.AnnotationProperty
rc.ffn_swimmer_id,rdfs:subPropertyOf,kko.identifiers
rc.ffr_player_id,rdfs:subPropertyOf,owl.AnnotationProperty
rc.ffr_player_id,rdfs:subPropertyOf,kko.identifiers
rc.fiba_player_id,rdfs:subPropertyOf,owl.AnnotationProperty
rc.fiba_player_id,rdfs:subPropertyOf,kko.identifiers
rc.fidal_athlete_id,rdfs:subPropertyOf,owl.AnnotationProperty
rc.fidal_athlete_id,rdfs:subPropertyOf,kko.identifiers
rc.fide_id,rdfs:subPropertyOf,owl.AnnotationProperty
rc.fide_id,rdfs:subPropertyOf,kko.identifiers
rc.fie_fencer_id,rdfs:subPropertyOf,owl.AnnotationProperty
rc.fie_fencer_id,rdfs:subPropertyOf,kko.identifiers
rc.fifa_country_code,rdfs:subPropertyOf,owl.AnnotationProperty
rc.fifa_country_code,rdfs:subPropertyOf,kko.identifiers
rc.fifa_player_id,rdfs:subPropertyOf,owl.AnnotationProperty
rc.fifa_player_id,rdfs:subPropertyOf,kko.identifiers
rc.fig_gymnast_licence_number,rdfs:subPropertyOf,owl.AnnotationProperty
rc.fig_gymnast_licence_number,rdfs:subPropertyOf,kko.identifiers
rc.figshare_author_id,rdfs:subPropertyOf,owl.AnnotationProperty
rc.figshare_author_id,rdfs:subPropertyOf,kko.identifiers
rc.fih_player_id,rdfs:subPropertyOf,owl.AnnotationProperty
rc.fih_player_id,rdfs:subPropertyOf,kko.identifiers
rc.fil_athlete_id,rdfs:subPropertyOf,owl.AnnotationProperty
rc.fil_athlete_id,rdfs:subPropertyOf,kko.identifiers
rc.file_extension,rdfs:subPropertyOf,owl.AnnotationProperty
rc.file_extension,rdfs:subPropertyOf,kko.pointers
rc.file_format_identification_pattern,rdfs:subPropertyOf,owl.AnnotationProperty
rc.file_format_identification_pattern,rdfs:subPropertyOf,kko.codes
rc.file_format_wiki_page_id,rdfs:subPropertyOf,owl.AnnotationProperty
rc.file_format_wiki_page_id,rdfs:subPropertyOf,kko.identifiers
rc.film_affinity_id,rdfs:subPropertyOf,owl.AnnotationProperty
rc.film_affinity_id,rdfs:subPropertyOf,kko.identifiers
rc.film_documentaire_fr_film_id,rdfs:subPropertyOf,owl.AnnotationProperty
rc.film_documentaire_fr_film_id,rdfs:subPropertyOf,kko.identifiers
rc.film_polski_pl_id,rdfs:subPropertyOf,owl.AnnotationProperty
rc.film_polski_pl_id,rdfs:subPropertyOf,kko.identifiers
rc.film_poster,rdfs:subPropertyOf,owl.AnnotationProperty
rc.film_poster,rdfs:subPropertyOf,kko.media
rc.film_script,rdfs:subPropertyOf,owl.AnnotationProperty
rc.film_script,rdfs:subPropertyOf,kko.augments
rc.filmography,rdfs:subPropertyOf,owl.AnnotationProperty
rc.filmography,rdfs:subPropertyOf,kko.lists
rc.filmportal_id,rdfs:subPropertyOf,owl.AnnotationProperty
rc.filmportal_id,rdfs:subPropertyOf,kko.identifiers
rc.filmweb_pl_film_id,rdfs:subPropertyOf,owl.AnnotationProperty
rc.filmweb_pl_film_id,rdfs:subPropertyOf,kko.identifiers
rc.filmweb_pl_id,rdfs:subPropertyOf,owl.AnnotationProperty
rc.filmweb_pl_id,rdfs:subPropertyOf,kko.identifiers
rc.filmweb_pl_person_id,rdfs:subPropertyOf,owl.AnnotationProperty
rc.filmweb_pl_person_id,rdfs:subPropertyOf,kko.identifiers
rc.fina_athlete_id,rdfs:subPropertyOf,owl.AnnotationProperty
rc.fina_athlete_id,rdfs:subPropertyOf,kko.identifiers
rc.find_a_grave_cemetery_id,rdfs:subPropertyOf,owl.AnnotationProperty
rc.find_a_grave_cemetery_id,rdfs:subPropertyOf,kko.identifiers
rc.find_a_grave_memorial_id,rdfs:subPropertyOf,owl.AnnotationProperty
rc.find_a_grave_memorial_id,rdfs:subPropertyOf,kko.identifiers
rc.findsmiley_id,rdfs:subPropertyOf,owl.AnnotationProperty
rc.findsmiley_id,rdfs:subPropertyOf,kko.identifiers
rc.finnish_archaeological_heritage_id,rdfs:subPropertyOf,owl.AnnotationProperty
rc.finnish_archaeological_heritage_id,rdfs:subPropertyOf,kko.identifiers
rc.finnish_lake_id,rdfs:subPropertyOf,owl.AnnotationProperty
rc.finnish_lake_id,rdfs:subPropertyOf,kko.identifiers
rc.finnish_ministers_database_id,rdfs:subPropertyOf,owl.AnnotationProperty
rc.finnish_ministers_database_id,rdfs:subPropertyOf,kko.identifiers
rc.finnish_mp_id,rdfs:subPropertyOf,owl.AnnotationProperty
rc.finnish_mp_id,rdfs:subPropertyOf,kko.identifiers
rc.finnish_municipality_number,rdfs:subPropertyOf,owl.AnnotationProperty
rc.finnish_municipality_number,rdfs:subPropertyOf,kko.identifiers
rc.finnish_national_gallery_artist_id,rdfs:subPropertyOf,owl.AnnotationProperty
rc.finnish_national_gallery_artist_id,rdfs:subPropertyOf,kko.identifiers
rc.fips_10_4_countries_and_regions,rdfs:subPropertyOf,owl.AnnotationProperty
rc.fips_10_4_countries_and_regions,rdfs:subPropertyOf,kko.identifiers
rc.fips_55_3_locations_in_the_us,rdfs:subPropertyOf,owl.AnnotationProperty
rc.fips_55_3_locations_in_the_us,rdfs:subPropertyOf,kko.identifiers
rc.fips_6_4_us_counties,rdfs:subPropertyOf,owl.AnnotationProperty
rc.fips_6_4_us_counties,rdfs:subPropertyOf,kko.identifiers
rc.first_line,rdfs:subPropertyOf,owl.AnnotationProperty
rc.first_line,rdfs:subPropertyOf,kko.descriptions
rc.fis_alpine_skier_id,rdfs:subPropertyOf,owl.AnnotationProperty
rc.fis_alpine_skier_id,rdfs:subPropertyOf,kko.identifiers
rc.fis_cross_country_skier_id,rdfs:subPropertyOf,owl.AnnotationProperty
rc.fis_cross_country_skier_id,rdfs:subPropertyOf,kko.identifiers
rc.fis_freestyle_skier_id,rdfs:subPropertyOf,owl.AnnotationProperty
rc.fis_freestyle_skier_id,rdfs:subPropertyOf,kko.identifiers
rc.fis_nordic_combined_skier_id,rdfs:subPropertyOf,owl.AnnotationProperty
rc.fis_nordic_combined_skier_id,rdfs:subPropertyOf,kko.identifiers
rc.fis_ski_jumper_id,rdfs:subPropertyOf,owl.AnnotationProperty
rc.fis_ski_jumper_id,rdfs:subPropertyOf,kko.identifiers
rc.fis_snowboarder_id,rdfs:subPropertyOf,owl.AnnotationProperty
rc.fis_snowboarder_id,rdfs:subPropertyOf,kko.identifiers
rc.fisa_rower_id,rdfs:subPropertyOf,owl.AnnotationProperty
rc.fisa_rower_id,rdfs:subPropertyOf,kko.identifiers
rc.fish_base_species_id,rdfs:subPropertyOf,owl.AnnotationProperty
rc.fish_base_species_id,rdfs:subPropertyOf,kko.identifiers
rc.fivb_beach_volleyball_player_id,rdfs:subPropertyOf,owl.AnnotationProperty
rc.fivb_beach_volleyball_player_id,rdfs:subPropertyOf,kko.identifiers
rc.flag_image,rdfs:subPropertyOf,owl.AnnotationProperty
rc.flag_image,rdfs:subPropertyOf,kko.media
rc.flags_of_the_world_id,rdfs:subPropertyOf,owl.AnnotationProperty
rc.flags_of_the_world_id,rdfs:subPropertyOf,kko.identifiers
rc.flanders_arts_institute_venue_id,rdfs:subPropertyOf,owl.AnnotationProperty
rc.flanders_arts_institute_venue_id,rdfs:subPropertyOf,kko.identifiers
rc.flathub_id,rdfs:subPropertyOf,owl.AnnotationProperty
rc.flathub_id,rdfs:subPropertyOf,kko.identifiers
rc.fleet_or_registration_number,rdfs:subPropertyOf,owl.AnnotationProperty
rc.fleet_or_registration_number,rdfs:subPropertyOf,kko.identifiers
rc.flemish_parliament_person_id,rdfs:subPropertyOf,owl.AnnotationProperty
rc.flemish_parliament_person_id,rdfs:subPropertyOf,kko.identifiers
rc.flickr_user_id,rdfs:subPropertyOf,owl.AnnotationProperty
rc.flickr_user_id,rdfs:subPropertyOf,kko.identifiers
rc.flightNumber,rdfs:subPropertyOf,owl.AnnotationProperty
rc.flightNumber,rdfs:subPropertyOf,kko.identifiers
rc.flight_number,rdfs:subPropertyOf,owl.AnnotationProperty
rc.flight_number,rdfs:subPropertyOf,kko.identifiers
rc.flora_base_id,rdfs:subPropertyOf,owl.AnnotationProperty
rc.flora_base_id,rdfs:subPropertyOf,kko.identifiers
rc.flora_of_australia_id_old,rdfs:subPropertyOf,owl.AnnotationProperty
rc.flora_of_australia_id_old,rdfs:subPropertyOf,kko.identifiers
rc.flora_of_china_id,rdfs:subPropertyOf,owl.AnnotationProperty
rc.flora_of_china_id,rdfs:subPropertyOf,kko.identifiers
rc.flora_of_israel_online_plant_id,rdfs:subPropertyOf,owl.AnnotationProperty
rc.flora_of_israel_online_plant_id,rdfs:subPropertyOf,kko.identifiers
rc.flora_of_north_america_taxon_id,rdfs:subPropertyOf,owl.AnnotationProperty
rc.flora_of_north_america_taxon_id,rdfs:subPropertyOf,kko.identifiers
rc.florentine_musea_catalogue_id,rdfs:subPropertyOf,owl.AnnotationProperty
rc.florentine_musea_catalogue_id,rdfs:subPropertyOf,kko.identifiers
rc.florentine_musea_inventario_1890_id,rdfs:subPropertyOf,owl.AnnotationProperty
rc.florentine_musea_inventario_1890_id,rdfs:subPropertyOf,kko.identifiers
rc.florida_sports_hall_of_fame_athlete_id,rdfs:subPropertyOf,owl.AnnotationProperty
rc.florida_sports_hall_of_fame_athlete_id,rdfs:subPropertyOf,kko.identifiers
rc.fly_base_gene_id,rdfs:subPropertyOf,owl.AnnotationProperty
rc.fly_base_gene_id,rdfs:subPropertyOf,kko.identifiers
rc.fmd_brand_id,rdfs:subPropertyOf,owl.AnnotationProperty
rc.fmd_brand_id,rdfs:subPropertyOf,kko.identifiers
rc.fmd_designer_id,rdfs:subPropertyOf,owl.AnnotationProperty
rc.fmd_designer_id,rdfs:subPropertyOf,kko.pointers
rc.fmd_magazine_id,rdfs:subPropertyOf,owl.AnnotationProperty
rc.fmd_magazine_id,rdfs:subPropertyOf,kko.identifiers
rc.fmd_model_id,rdfs:subPropertyOf,owl.AnnotationProperty
rc.fmd_model_id,rdfs:subPropertyOf,kko.identifiers
rc.fmd_photographer_id,rdfs:subPropertyOf,owl.AnnotationProperty
rc.fmd_photographer_id,rdfs:subPropertyOf,kko.identifiers
rc.foaf_id,rdfs:subPropertyOf,owl.AnnotationProperty
rc.foaf_id,rdfs:subPropertyOf,kko.identifiers
rc.fogis_se_id,rdfs:subPropertyOf,owl.AnnotationProperty
rc.fogis_se_id,rdfs:subPropertyOf,kko.identifiers
rc.foih_heritage_types_id,rdfs:subPropertyOf,owl.AnnotationProperty
rc.foih_heritage_types_id,rdfs:subPropertyOf,kko.identifiers
rc.foih_periods_id,rdfs:subPropertyOf,owl.AnnotationProperty
rc.foih_periods_id,rdfs:subPropertyOf,kko.identifiers
rc.foih_person_id,rdfs:subPropertyOf,owl.AnnotationProperty
rc.foih_person_id,rdfs:subPropertyOf,kko.identifiers
rc.foih_relict_id,rdfs:subPropertyOf,owl.AnnotationProperty
rc.foih_relict_id,rdfs:subPropertyOf,kko.identifiers
rc.foih_styles_and_cultures_id,rdfs:subPropertyOf,owl.AnnotationProperty
rc.foih_styles_and_cultures_id,rdfs:subPropertyOf,kko.identifiers
rc.foih_taxon_id,rdfs:subPropertyOf,owl.AnnotationProperty
rc.foih_taxon_id,rdfs:subPropertyOf,kko.identifiers
rc.food_ex_2_code,rdfs:subPropertyOf,owl.AnnotationProperty
rc.food_ex_2_code,rdfs:subPropertyOf,kko.codes
rc.football_database_eu_player_id,rdfs:subPropertyOf,owl.AnnotationProperty
rc.football_database_eu_player_id,rdfs:subPropertyOf,kko.identifiers
rc.football_facts_ru_player_id,rdfs:subPropertyOf,owl.AnnotationProperty
rc.football_facts_ru_player_id,rdfs:subPropertyOf,kko.identifiers
rc.football_federation_of_ukraine_player_id,rdfs:subPropertyOf,owl.AnnotationProperty
rc.football_federation_of_ukraine_player_id,rdfs:subPropertyOf,kko.identifiers
rc.footofeminin_fr_player_id,rdfs:subPropertyOf,owl.AnnotationProperty
rc.footofeminin_fr_player_id,rdfs:subPropertyOf,kko.identifiers
rc.fora_de_jogo_manager_id,rdfs:subPropertyOf,owl.AnnotationProperty
rc.fora_de_jogo_manager_id,rdfs:subPropertyOf,kko.identifiers
rc.fora_de_jogo_player_id,rdfs:subPropertyOf,owl.AnnotationProperty
rc.fora_de_jogo_player_id,rdfs:subPropertyOf,kko.identifiers
rc.format_as_a_regular_expression,rdfs:subPropertyOf,owl.AnnotationProperty
rc.format_as_a_regular_expression,rdfs:subPropertyOf,kko.identifiers
rc.formatter_uri_for_rdf_resource,rdfs:subPropertyOf,owl.AnnotationProperty
rc.formatter_uri_for_rdf_resource,rdfs:subPropertyOf,kko.pointers
rc.fossilworks_id,rdfs:subPropertyOf,owl.AnnotationProperty
rc.fossilworks_id,rdfs:subPropertyOf,kko.identifiers
rc.fotbal_dnes_player_id,rdfs:subPropertyOf,owl.AnnotationProperty
rc.fotbal_dnes_player_id,rdfs:subPropertyOf,kko.identifiers
rc.fotografen_nl_id,rdfs:subPropertyOf,owl.AnnotationProperty
rc.fotografen_nl_id,rdfs:subPropertyOf,kko.identifiers
rc.foundational_model_of_anatomy_id,rdfs:subPropertyOf,owl.AnnotationProperty
rc.foundational_model_of_anatomy_id,rdfs:subPropertyOf,kko.identifiers
rc.foursquare_venue_id,rdfs:subPropertyOf,owl.AnnotationProperty
rc.foursquare_venue_id,rdfs:subPropertyOf,kko.identifiers
rc.framalibre_id,rdfs:subPropertyOf,owl.AnnotationProperty
rc.framalibre_id,rdfs:subPropertyOf,kko.identifiers
rc.frbr_id,rdfs:subPropertyOf,owl.AnnotationProperty
rc.frbr_id,rdfs:subPropertyOf,kko.identifiers
rc.free_software_directory_entry,rdfs:subPropertyOf,owl.AnnotationProperty
rc.free_software_directory_entry,rdfs:subPropertyOf,kko.identifiers
rc.freebase_id,rdfs:subPropertyOf,owl.AnnotationProperty
rc.freebase_id,rdfs:subPropertyOf,kko.identifiers
rc.french_athletics_federation_athlete_id,rdfs:subPropertyOf,owl.AnnotationProperty
rc.french_athletics_federation_athlete_id,rdfs:subPropertyOf,kko.identifiers
rc.french_catholic_church_structure_id,rdfs:subPropertyOf,owl.AnnotationProperty
rc.french_catholic_church_structure_id,rdfs:subPropertyOf,kko.identifiers
rc.french_diocesan_architects_id,rdfs:subPropertyOf,owl.AnnotationProperty
rc.french_diocesan_architects_id,rdfs:subPropertyOf,kko.identifiers
rc.french_national_assembly_id,rdfs:subPropertyOf,owl.AnnotationProperty
rc.french_national_assembly_id,rdfs:subPropertyOf,kko.identifiers
rc.french_national_assembly_lobbyist_id,rdfs:subPropertyOf,owl.AnnotationProperty
rc.french_national_assembly_lobbyist_id,rdfs:subPropertyOf,kko.identifiers
rc.french_national_research_structure_identifier,rdfs:subPropertyOf,owl.AnnotationProperty
rc.french_national_research_structure_identifier,rdfs:subPropertyOf,kko.identifiers
rc.french_olympic_committee_athlete_id,rdfs:subPropertyOf,owl.AnnotationProperty
rc.french_olympic_committee_athlete_id,rdfs:subPropertyOf,kko.identifiers
rc.french_sculpture_census_artist_id,rdfs:subPropertyOf,owl.AnnotationProperty
rc.french_sculpture_census_artist_id,rdfs:subPropertyOf,kko.identifiers
rc.full_work_available_at,rdfs:subPropertyOf,owl.AnnotationProperty
rc.full_work_available_at,rdfs:subPropertyOf,kko.pointers
rc.fussballdaten_de_id,rdfs:subPropertyOf,owl.AnnotationProperty
rc.fussballdaten_de_id,rdfs:subPropertyOf,kko.identifiers
rc.futsal_planet_player_id,rdfs:subPropertyOf,owl.AnnotationProperty
rc.futsal_planet_player_id,rdfs:subPropertyOf,kko.identifiers
rc.g_catholic_church_id,rdfs:subPropertyOf,owl.AnnotationProperty
rc.g_catholic_church_id,rdfs:subPropertyOf,kko.identifiers
rc.g_pnotebook_id,rdfs:subPropertyOf,owl.AnnotationProperty
rc.g_pnotebook_id,rdfs:subPropertyOf,kko.identifiers
rc.gacs_id,rdfs:subPropertyOf,owl.AnnotationProperty
rc.gacs_id,rdfs:subPropertyOf,kko.identifiers
rc.galiciana_author_id,rdfs:subPropertyOf,owl.AnnotationProperty
rc.galiciana_author_id,rdfs:subPropertyOf,kko.identifiers
rc.galiciana_work_id,rdfs:subPropertyOf,owl.AnnotationProperty
rc.galiciana_work_id,rdfs:subPropertyOf,kko.identifiers
rc.gallica_id,rdfs:subPropertyOf,owl.AnnotationProperty
rc.gallica_id,rdfs:subPropertyOf,kko.identifiers
rc.game,rdfs:subPropertyOf,owl.AnnotationProperty
rc.game,rdfs:subPropertyOf,kko.media
rc.game_fa_qs_game_id,rdfs:subPropertyOf,owl.AnnotationProperty
rc.game_fa_qs_game_id,rdfs:subPropertyOf,kko.identifiers
rc.game_tip,rdfs:subPropertyOf,owl.AnnotationProperty
rc.game_tip,rdfs:subPropertyOf,kko.descriptions
rc.gamebase_64_identifier,rdfs:subPropertyOf,owl.AnnotationProperty
rc.gamebase_64_identifier,rdfs:subPropertyOf,kko.identifiers
rc.gaming_history_identifier,rdfs:subPropertyOf,owl.AnnotationProperty
rc.gaming_history_identifier,rdfs:subPropertyOf,kko.identifiers
rc.gaoloumi_id,rdfs:subPropertyOf,owl.AnnotationProperty
rc.gaoloumi_id,rdfs:subPropertyOf,kko.identifiers
rc.gard_rare_disease_id,rdfs:subPropertyOf,owl.AnnotationProperty
rc.gard_rare_disease_id,rdfs:subPropertyOf,kko.identifiers
rc.gares_connexions_id,rdfs:subPropertyOf,owl.AnnotationProperty
rc.gares_connexions_id,rdfs:subPropertyOf,kko.identifiers
rc.gatehouse_gazetteer_place_id,rdfs:subPropertyOf,owl.AnnotationProperty
rc.gatehouse_gazetteer_place_id,rdfs:subPropertyOf,kko.identifiers
rc.gazetteer_of_planetary_nomenclature_id,rdfs:subPropertyOf,owl.AnnotationProperty
rc.gazetteer_of_planetary_nomenclature_id,rdfs:subPropertyOf,kko.identifiers
rc.gcd_series_id,rdfs:subPropertyOf,owl.AnnotationProperty
rc.gcd_series_id,rdfs:subPropertyOf,kko.identifiers
rc.gecd_film_id,rdfs:subPropertyOf,owl.AnnotationProperty
rc.gecd_film_id,rdfs:subPropertyOf,kko.identifiers
rc.gecd_person_id,rdfs:subPropertyOf,owl.AnnotationProperty
rc.gecd_person_id,rdfs:subPropertyOf,kko.identifiers
rc.gen_bank_assembly_accession,rdfs:subPropertyOf,owl.AnnotationProperty
rc.gen_bank_assembly_accession,rdfs:subPropertyOf,kko.identifiers
rc.gene_atlas_image,rdfs:subPropertyOf,owl.AnnotationProperty
rc.gene_atlas_image,rdfs:subPropertyOf,kko.media
rc.gene_db_id,rdfs:subPropertyOf,owl.AnnotationProperty
rc.gene_db_id,rdfs:subPropertyOf,kko.identifiers
rc.gene_ontology_id,rdfs:subPropertyOf,owl.AnnotationProperty
rc.gene_ontology_id,rdfs:subPropertyOf,kko.identifiers
rc.gene_reviews_id,rdfs:subPropertyOf,owl.AnnotationProperty
rc.gene_reviews_id,rdfs:subPropertyOf,kko.identifiers
rc.genealogics_org_person_id,rdfs:subPropertyOf,owl.AnnotationProperty
rc.genealogics_org_person_id,rdfs:subPropertyOf,kko.identifiers
rc.genetic_association,rdfs:subPropertyOf,owl.AnnotationProperty
rc.genetic_association,rdfs:subPropertyOf,kko.relateds
rc.geni_com_profile_id,rdfs:subPropertyOf,owl.AnnotationProperty
rc.geni_com_profile_id,rdfs:subPropertyOf,kko.identifiers
rc.genius_artist_id,rdfs:subPropertyOf,owl.AnnotationProperty
rc.genius_artist_id,rdfs:subPropertyOf,kko.identifiers
rc.gentoo_package,rdfs:subPropertyOf,owl.AnnotationProperty
rc.gentoo_package,rdfs:subPropertyOf,kko.identifiers
rc.geo_id,rdfs:subPropertyOf,owl.AnnotationProperty
rc.geo_id,rdfs:subPropertyOf,kko.identifiers
rc.geo_names_feature_code,rdfs:subPropertyOf,owl.AnnotationProperty
rc.geo_names_feature_code,rdfs:subPropertyOf,kko.codes
rc.geo_names_id,rdfs:subPropertyOf,owl.AnnotationProperty
rc.geo_names_id,rdfs:subPropertyOf,kko.identifiers
rc.geographical_names_board_of_nsw_id,rdfs:subPropertyOf,owl.AnnotationProperty
rc.geographical_names_board_of_nsw_id,rdfs:subPropertyOf,kko.identifiers
rc.geokod,rdfs:subPropertyOf,owl.AnnotationProperty
rc.geokod,rdfs:subPropertyOf,kko.identifiers
rc.geopatronyme_id,rdfs:subPropertyOf,owl.AnnotationProperty
rc.geopatronyme_id,rdfs:subPropertyOf,kko.identifiers
rc.georgia_sports_hall_of_fame_id,rdfs:subPropertyOf,owl.AnnotationProperty
rc.georgia_sports_hall_of_fame_id,rdfs:subPropertyOf,kko.identifiers
rc.georgian_national_register_of_monuments_id,rdfs:subPropertyOf,owl.AnnotationProperty
rc.georgian_national_register_of_monuments_id,rdfs:subPropertyOf,kko.identifiers
rc.gepris_person_id,rdfs:subPropertyOf,owl.AnnotationProperty
rc.gepris_person_id,rdfs:subPropertyOf,kko.identifiers
rc.german_athletics_association_athlete_id,rdfs:subPropertyOf,owl.AnnotationProperty
rc.german_athletics_association_athlete_id,rdfs:subPropertyOf,kko.identifiers
rc.german_cattle_breed_id,rdfs:subPropertyOf,owl.AnnotationProperty
rc.german_cattle_breed_id,rdfs:subPropertyOf,kko.identifiers
rc.german_district_key,rdfs:subPropertyOf,owl.AnnotationProperty
rc.german_district_key,rdfs:subPropertyOf,kko.identifiers
rc.german_municipality_key,rdfs:subPropertyOf,owl.AnnotationProperty
rc.german_municipality_key,rdfs:subPropertyOf,kko.identifiers
rc.german_olympic_sports_confederation_athlete_id,rdfs:subPropertyOf,owl.AnnotationProperty
rc.german_olympic_sports_confederation_athlete_id,rdfs:subPropertyOf,kko.identifiers
rc.german_regional_key,rdfs:subPropertyOf,owl.AnnotationProperty
rc.german_regional_key,rdfs:subPropertyOf,kko.identifiers
rc.german_tax_authority_id,rdfs:subPropertyOf,owl.AnnotationProperty
rc.german_tax_authority_id,rdfs:subPropertyOf,kko.identifiers
rc.gertrude_identifier,rdfs:subPropertyOf,owl.AnnotationProperty
rc.gertrude_identifier,rdfs:subPropertyOf,kko.identifiers
rc.gewasserkennzahl,rdfs:subPropertyOf,owl.AnnotationProperty
rc.gewasserkennzahl,rdfs:subPropertyOf,kko.codes
rc.giphy_username,rdfs:subPropertyOf,owl.AnnotationProperty
rc.giphy_username,rdfs:subPropertyOf,kko.identifiers
rc.git_hub_username,rdfs:subPropertyOf,owl.AnnotationProperty
rc.git_hub_username,rdfs:subPropertyOf,kko.identifiers
rc.givenName,rdfs:subPropertyOf,owl.AnnotationProperty
rc.givenName,rdfs:subPropertyOf,kko.labels
rc.given_name,rdfs:subPropertyOf,owl.AnnotationProperty
rc.given_name,rdfs:subPropertyOf,kko.labels
rc.given_name_version_for_other_gender,rdfs:subPropertyOf,owl.AnnotationProperty
rc.given_name_version_for_other_gender,rdfs:subPropertyOf,kko.labels
rc.glam_identifier,rdfs:subPropertyOf,owl.AnnotationProperty
rc.glam_identifier,rdfs:subPropertyOf,kko.identifiers
rc.global_anabaptist_mennonite_encyclopedia_online_id,rdfs:subPropertyOf,owl.AnnotationProperty
rc.global_anabaptist_mennonite_encyclopedia_online_id,rdfs:subPropertyOf,kko.identifiers
rc.global_biodiversity_information_facility_id,rdfs:subPropertyOf,owl.AnnotationProperty
rc.global_biodiversity_information_facility_id,rdfs:subPropertyOf,kko.identifiers
rc.global_geoparks_network_id,rdfs:subPropertyOf,owl.AnnotationProperty
rc.global_geoparks_network_id,rdfs:subPropertyOf,kko.identifiers
rc.global_location_number,rdfs:subPropertyOf,owl.AnnotationProperty
rc.global_location_number,rdfs:subPropertyOf,kko.identifiers
rc.global_poker_index_id,rdfs:subPropertyOf,owl.AnnotationProperty
rc.global_poker_index_id,rdfs:subPropertyOf,kko.identifiers
rc.global_terrorism_database_id,rdfs:subPropertyOf,owl.AnnotationProperty
rc.global_terrorism_database_id,rdfs:subPropertyOf,kko.identifiers
rc.global_trade_item_number,rdfs:subPropertyOf,owl.AnnotationProperty
rc.global_trade_item_number,rdfs:subPropertyOf,kko.identifiers
rc.glottolog_code,rdfs:subPropertyOf,owl.AnnotationProperty
rc.glottolog_code,rdfs:subPropertyOf,kko.identifiers
rc.gmelin_number,rdfs:subPropertyOf,owl.AnnotationProperty
rc.gmelin_number,rdfs:subPropertyOf,kko.identifiers
rc.gnd_id,rdfs:subPropertyOf,owl.AnnotationProperty
rc.gnd_id,rdfs:subPropertyOf,kko.identifiers
rc.gnis_antarctica_id,rdfs:subPropertyOf,owl.AnnotationProperty
rc.gnis_antarctica_id,rdfs:subPropertyOf,kko.identifiers
rc.gnis_id,rdfs:subPropertyOf,owl.AnnotationProperty
rc.gnis_id,rdfs:subPropertyOf,kko.identifiers
rc.gns_unique_feature_id,rdfs:subPropertyOf,owl.AnnotationProperty
rc.gns_unique_feature_id,rdfs:subPropertyOf,kko.identifiers
rc.gog_application_id,rdfs:subPropertyOf,owl.AnnotationProperty
rc.gog_application_id,rdfs:subPropertyOf,kko.identifiers
rc.goodreads_author_id,rdfs:subPropertyOf,owl.AnnotationProperty
rc.goodreads_author_id,rdfs:subPropertyOf,kko.identifiers
rc.goodreads_book_id,rdfs:subPropertyOf,owl.AnnotationProperty
rc.goodreads_book_id,rdfs:subPropertyOf,kko.identifiers
rc.google_arts_culture_asset_id,rdfs:subPropertyOf,owl.AnnotationProperty
rc.google_arts_culture_asset_id,rdfs:subPropertyOf,kko.identifiers
rc.google_arts_culture_partner_id,rdfs:subPropertyOf,owl.AnnotationProperty
rc.google_arts_culture_partner_id,rdfs:subPropertyOf,kko.identifiers
rc.google_books_id,rdfs:subPropertyOf,owl.AnnotationProperty
rc.google_books_id,rdfs:subPropertyOf,kko.identifiers
rc.google_doodle,rdfs:subPropertyOf,owl.AnnotationProperty
rc.google_doodle,rdfs:subPropertyOf,kko.identifiers
rc.google_id,rdfs:subPropertyOf,owl.AnnotationProperty
rc.google_id,rdfs:subPropertyOf,kko.identifiers
rc.google_knowledge_graph_id,rdfs:subPropertyOf,owl.AnnotationProperty
rc.google_knowledge_graph_id,rdfs:subPropertyOf,kko.identifiers
rc.google_maps_customer_id,rdfs:subPropertyOf,owl.AnnotationProperty
rc.google_maps_customer_id,rdfs:subPropertyOf,kko.identifiers
rc.google_play_developer_id,rdfs:subPropertyOf,owl.AnnotationProperty
rc.google_play_developer_id,rdfs:subPropertyOf,kko.identifiers
rc.google_play_music_album_id,rdfs:subPropertyOf,owl.AnnotationProperty
rc.google_play_music_album_id,rdfs:subPropertyOf,kko.identifiers
rc.google_play_music_artist_id,rdfs:subPropertyOf,owl.AnnotationProperty
rc.google_play_music_artist_id,rdfs:subPropertyOf,kko.identifiers
rc.google_play_store_app_id,rdfs:subPropertyOf,owl.AnnotationProperty
rc.google_play_store_app_id,rdfs:subPropertyOf,kko.identifiers
rc.google_scholar_author_id,rdfs:subPropertyOf,owl.AnnotationProperty
rc.google_scholar_author_id,rdfs:subPropertyOf,kko.identifiers
rc.google_scholar_paper_id,rdfs:subPropertyOf,owl.AnnotationProperty
rc.google_scholar_paper_id,rdfs:subPropertyOf,kko.identifiers
rc.goratings_id,rdfs:subPropertyOf,owl.AnnotationProperty
rc.goratings_id,rdfs:subPropertyOf,kko.identifiers
rc.gost_7_67_cyrillic,rdfs:subPropertyOf,owl.AnnotationProperty
rc.gost_7_67_cyrillic,rdfs:subPropertyOf,kko.identifiers
rc.gost_7_75_97_code,rdfs:subPropertyOf,owl.AnnotationProperty
rc.gost_7_75_97_code,rdfs:subPropertyOf,kko.codes
rc.grace_s_guide_id,rdfs:subPropertyOf,owl.AnnotationProperty
rc.grace_s_guide_id,rdfs:subPropertyOf,kko.identifiers
rc.gran_enciclopedia_catalana_id,rdfs:subPropertyOf,owl.AnnotationProperty
rc.gran_enciclopedia_catalana_id,rdfs:subPropertyOf,kko.identifiers
rc.grass_base_id,rdfs:subPropertyOf,owl.AnnotationProperty
rc.grass_base_id,rdfs:subPropertyOf,kko.identifiers
rc.grau_index,rdfs:subPropertyOf,owl.AnnotationProperty
rc.grau_index,rdfs:subPropertyOf,kko.identifiers
rc.gravsted_dk_id,rdfs:subPropertyOf,owl.AnnotationProperty
rc.gravsted_dk_id,rdfs:subPropertyOf,kko.identifiers
rc.great_aragonese_encyclopedia_id,rdfs:subPropertyOf,owl.AnnotationProperty
rc.great_aragonese_encyclopedia_id,rdfs:subPropertyOf,kko.identifiers
rc.great_russian_encyclopedia_online_id,rdfs:subPropertyOf,owl.AnnotationProperty
rc.great_russian_encyclopedia_online_id,rdfs:subPropertyOf,kko.identifiers
rc.gregory_aland_number,rdfs:subPropertyOf,owl.AnnotationProperty
rc.gregory_aland_number,rdfs:subPropertyOf,kko.identifiers
rc.grid_id,rdfs:subPropertyOf,owl.AnnotationProperty
rc.grid_id,rdfs:subPropertyOf,kko.identifiers
rc.gridabase_glacier_id,rdfs:subPropertyOf,owl.AnnotationProperty
rc.gridabase_glacier_id,rdfs:subPropertyOf,kko.identifiers
rc.grin_url,rdfs:subPropertyOf,owl.AnnotationProperty
rc.grin_url,rdfs:subPropertyOf,kko.pointers
rc.groeningemuseum_work_pid,rdfs:subPropertyOf,owl.AnnotationProperty
rc.groeningemuseum_work_pid,rdfs:subPropertyOf,kko.identifiers
rc.gs_1_country_code,rdfs:subPropertyOf,owl.AnnotationProperty
rc.gs_1_country_code,rdfs:subPropertyOf,kko.codes
rc.gs_1_manufacturer_code,rdfs:subPropertyOf,owl.AnnotationProperty
rc.gs_1_manufacturer_code,rdfs:subPropertyOf,kko.codes
rc.gsm_arena_phone_id,rdfs:subPropertyOf,owl.AnnotationProperty
rc.gsm_arena_phone_id,rdfs:subPropertyOf,kko.identifiers
rc.gss_code_2011,rdfs:subPropertyOf,owl.AnnotationProperty
rc.gss_code_2011,rdfs:subPropertyOf,kko.codes
rc.gtaa_id,rdfs:subPropertyOf,owl.AnnotationProperty
rc.gtaa_id,rdfs:subPropertyOf,kko.identifiers
rc.gtin_12,rdfs:subPropertyOf,owl.AnnotationProperty
rc.gtin_12,rdfs:subPropertyOf,kko.codes
rc.gtin_13,rdfs:subPropertyOf,owl.AnnotationProperty
rc.gtin_13,rdfs:subPropertyOf,kko.codes
rc.gtin_14,rdfs:subPropertyOf,owl.AnnotationProperty
rc.gtin_14,rdfs:subPropertyOf,kko.codes
rc.gtin_8,rdfs:subPropertyOf,owl.AnnotationProperty
rc.gtin_8,rdfs:subPropertyOf,kko.codes
rc.guardian_topic_id,rdfs:subPropertyOf,owl.AnnotationProperty
rc.guardian_topic_id,rdfs:subPropertyOf,kko.identifiers
rc.guardiana_id,rdfs:subPropertyOf,owl.AnnotationProperty
rc.guardiana_id,rdfs:subPropertyOf,kko.identifiers
rc.guide_nicaise_id,rdfs:subPropertyOf,owl.AnnotationProperty
rc.guide_nicaise_id,rdfs:subPropertyOf,kko.identifiers
rc.guide_of_the_french_church_person_id,rdfs:subPropertyOf,owl.AnnotationProperty
rc.guide_of_the_french_church_person_id,rdfs:subPropertyOf,kko.identifiers
rc.guide_star_israel_organization_id,rdfs:subPropertyOf,owl.AnnotationProperty
rc.guide_star_israel_organization_id,rdfs:subPropertyOf,kko.identifiers
rc.guide_to_north_american_birds_id,rdfs:subPropertyOf,owl.AnnotationProperty
rc.guide_to_north_american_birds_id,rdfs:subPropertyOf,kko.identifiers
rc.guide_to_pharmacology_ligand_id,rdfs:subPropertyOf,owl.AnnotationProperty
rc.guide_to_pharmacology_ligand_id,rdfs:subPropertyOf,kko.identifiers
rc.guj_lit_person_id,rdfs:subPropertyOf,owl.AnnotationProperty
rc.guj_lit_person_id,rdfs:subPropertyOf,kko.identifiers
rc.guthrie_code,rdfs:subPropertyOf,owl.AnnotationProperty
rc.guthrie_code,rdfs:subPropertyOf,kko.codes
rc.gymn_forum_athlete_id,rdfs:subPropertyOf,owl.AnnotationProperty
rc.gymn_forum_athlete_id,rdfs:subPropertyOf,kko.identifiers
rc.hal_author_id,rdfs:subPropertyOf,owl.AnnotationProperty
rc.hal_author_id,rdfs:subPropertyOf,kko.identifiers
rc.hall_of_light_amiga_database_id,rdfs:subPropertyOf,owl.AnnotationProperty
rc.hall_of_light_amiga_database_id,rdfs:subPropertyOf,kko.identifiers
rc.hall_of_valor_id,rdfs:subPropertyOf,owl.AnnotationProperty
rc.hall_of_valor_id,rdfs:subPropertyOf,kko.identifiers
rc.han_cinema_person_id,rdfs:subPropertyOf,owl.AnnotationProperty
rc.han_cinema_person_id,rdfs:subPropertyOf,kko.identifiers
rc.handle,rdfs:subPropertyOf,owl.AnnotationProperty
rc.handle,rdfs:subPropertyOf,kko.identifiers
rc.hans_christian_andersen_centre_work_id,rdfs:subPropertyOf,owl.AnnotationProperty
rc.hans_christian_andersen_centre_work_id,rdfs:subPropertyOf,kko.identifiers
rc.hansard_1803_2005_id,rdfs:subPropertyOf,owl.AnnotationProperty
rc.hansard_1803_2005_id,rdfs:subPropertyOf,kko.identifiers
rc.hansard_2006_march_2016_id,rdfs:subPropertyOf,owl.AnnotationProperty
rc.hansard_2006_march_2016_id,rdfs:subPropertyOf,kko.identifiers
rc.harasire_id,rdfs:subPropertyOf,owl.AnnotationProperty
rc.harasire_id,rdfs:subPropertyOf,kko.identifiers
rc.has_edition,rdfs:subPropertyOf,owl.AnnotationProperty
rc.has_edition,rdfs:subPropertyOf,kko.pointers
rc.has_list,rdfs:subPropertyOf,owl.AnnotationProperty
rc.has_list,rdfs:subPropertyOf,kko.lists
rc.has_map,rdfs:subPropertyOf,owl.AnnotationProperty
rc.has_map,rdfs:subPropertyOf,kko.media
rc.has_member_id,rdfs:subPropertyOf,owl.AnnotationProperty
rc.has_member_id,rdfs:subPropertyOf,kko.identifiers
rc.has_menu,rdfs:subPropertyOf,owl.AnnotationProperty
rc.has_menu,rdfs:subPropertyOf,kko.descriptions
rc.hathi_trust_id,rdfs:subPropertyOf,owl.AnnotationProperty
rc.hathi_trust_id,rdfs:subPropertyOf,kko.identifiers
rc.hawai_i_sports_hall_of_fame_id,rdfs:subPropertyOf,owl.AnnotationProperty
rc.hawai_i_sports_hall_of_fame_id,rdfs:subPropertyOf,kko.identifiers
rc.hds_id,rdfs:subPropertyOf,owl.AnnotationProperty
rc.hds_id,rdfs:subPropertyOf,kko.identifiers
rc.headline,rdfs:subPropertyOf,owl.AnnotationProperty
rc.headline,rdfs:subPropertyOf,kko.labels
rc.hederich_encyclopedia_article_id,rdfs:subPropertyOf,owl.AnnotationProperty
rc.hederich_encyclopedia_article_id,rdfs:subPropertyOf,kko.identifiers
rc.heidelberg_academy_for_sciences_and_humanities_member_id,rdfs:subPropertyOf,owl.AnnotationProperty
rc.heidelberg_academy_for_sciences_and_humanities_member_id,rdfs:subPropertyOf,kko.identifiers
rc.hellenic_olympic_committee_athlete_id,rdfs:subPropertyOf,owl.AnnotationProperty
rc.hellenic_olympic_committee_athlete_id,rdfs:subPropertyOf,kko.identifiers
rc.helvetic_archives_id,rdfs:subPropertyOf,owl.AnnotationProperty
rc.helvetic_archives_id,rdfs:subPropertyOf,kko.identifiers
rc.heritage_conservation_district_of_ontario_id,rdfs:subPropertyOf,owl.AnnotationProperty
rc.heritage_conservation_district_of_ontario_id,rdfs:subPropertyOf,kko.identifiers
rc.heritage_lighthouse_of_canada_id,rdfs:subPropertyOf,owl.AnnotationProperty
rc.heritage_lighthouse_of_canada_id,rdfs:subPropertyOf,kko.identifiers
rc.heritage_railway_station_of_canada_id,rdfs:subPropertyOf,owl.AnnotationProperty
rc.heritage_railway_station_of_canada_id,rdfs:subPropertyOf,kko.identifiers
rc.heritagefoundation_ca_id,rdfs:subPropertyOf,owl.AnnotationProperty
rc.heritagefoundation_ca_id,rdfs:subPropertyOf,kko.identifiers
rc.hermann_mauguin_notation,rdfs:subPropertyOf,owl.AnnotationProperty
rc.hermann_mauguin_notation,rdfs:subPropertyOf,kko.identifiers
rc.hgnc_gene_symbol,rdfs:subPropertyOf,owl.AnnotationProperty
rc.hgnc_gene_symbol,rdfs:subPropertyOf,kko.identifiers
rc.hgnc_id,rdfs:subPropertyOf,owl.AnnotationProperty
rc.hgnc_id,rdfs:subPropertyOf,kko.identifiers
rc.hgvs_nomenclature,rdfs:subPropertyOf,owl.AnnotationProperty
rc.hgvs_nomenclature,rdfs:subPropertyOf,kko.codes
rc.hhof_com_nhl_player_id,rdfs:subPropertyOf,owl.AnnotationProperty
rc.hhof_com_nhl_player_id,rdfs:subPropertyOf,kko.identifiers
rc.hispania_nostra_red_list_code,rdfs:subPropertyOf,owl.AnnotationProperty
rc.hispania_nostra_red_list_code,rdfs:subPropertyOf,kko.identifiers
rc.historic_place_names_of_wales_id,rdfs:subPropertyOf,owl.AnnotationProperty
rc.historic_place_names_of_wales_id,rdfs:subPropertyOf,kko.identifiers
rc.historic_scotland_id,rdfs:subPropertyOf,owl.AnnotationProperty
rc.historic_scotland_id,rdfs:subPropertyOf,kko.identifiers
rc.historical_gazetteer_gov_id,rdfs:subPropertyOf,owl.AnnotationProperty
rc.historical_gazetteer_gov_id,rdfs:subPropertyOf,kko.identifiers
rc.history_of_modern_biomedicine_id,rdfs:subPropertyOf,owl.AnnotationProperty
rc.history_of_modern_biomedicine_id,rdfs:subPropertyOf,kko.identifiers
rc.history_of_parliament_id,rdfs:subPropertyOf,owl.AnnotationProperty
rc.history_of_parliament_id,rdfs:subPropertyOf,kko.identifiers
rc.hkmdb_film_id,rdfs:subPropertyOf,owl.AnnotationProperty
rc.hkmdb_film_id,rdfs:subPropertyOf,kko.identifiers
rc.hkmdb_person_id,rdfs:subPropertyOf,owl.AnnotationProperty
rc.hkmdb_person_id,rdfs:subPropertyOf,kko.identifiers
rc.hmdb_id,rdfs:subPropertyOf,owl.AnnotationProperty
rc.hmdb_id,rdfs:subPropertyOf,kko.identifiers
rc.hni_person_institution_id,rdfs:subPropertyOf,owl.AnnotationProperty
rc.hni_person_institution_id,rdfs:subPropertyOf,kko.identifiers
rc.hockey_db_com_player_id,rdfs:subPropertyOf,owl.AnnotationProperty
rc.hockey_db_com_player_id,rdfs:subPropertyOf,kko.identifiers
rc.hockey_reference_com_player_id,rdfs:subPropertyOf,owl.AnnotationProperty
rc.hockey_reference_com_player_id,rdfs:subPropertyOf,kko.identifiers
rc.hollandsche_molen_id,rdfs:subPropertyOf,owl.AnnotationProperty
rc.hollandsche_molen_id,rdfs:subPropertyOf,kko.identifiers
rc.homolo_gene_id,rdfs:subPropertyOf,owl.AnnotationProperty
rc.homolo_gene_id,rdfs:subPropertyOf,kko.identifiers
rc.honorificPrefix,rdfs:subPropertyOf,owl.AnnotationProperty
rc.honorificPrefix,rdfs:subPropertyOf,kko.labels
rc.honorificSuffix,rdfs:subPropertyOf,owl.AnnotationProperty
rc.honorificSuffix,rdfs:subPropertyOf,kko.labels
rc.honorific_prefix,rdfs:subPropertyOf,owl.AnnotationProperty
rc.honorific_prefix,rdfs:subPropertyOf,kko.labels
rc.honorific_suffix,rdfs:subPropertyOf,owl.AnnotationProperty
rc.honorific_suffix,rdfs:subPropertyOf,kko.labels
rc.horsetelex_id,rdfs:subPropertyOf,owl.AnnotationProperty
rc.horsetelex_id,rdfs:subPropertyOf,kko.identifiers
rc.hotels_com_hotel_id,rdfs:subPropertyOf,owl.AnnotationProperty
rc.hotels_com_hotel_id,rdfs:subPropertyOf,kko.identifiers
rc.how_long_to_beat_id,rdfs:subPropertyOf,owl.AnnotationProperty
rc.how_long_to_beat_id,rdfs:subPropertyOf,kko.identifiers
rc.hsdb_id,rdfs:subPropertyOf,owl.AnnotationProperty
rc.hsdb_id,rdfs:subPropertyOf,kko.identifiers
rc.html_entity,rdfs:subPropertyOf,owl.AnnotationProperty
rc.html_entity,rdfs:subPropertyOf,kko.codes
rc.human_phenotype_ontology_id,rdfs:subPropertyOf,owl.AnnotationProperty
rc.human_phenotype_ontology_id,rdfs:subPropertyOf,kko.identifiers
rc.humble_store_id,rdfs:subPropertyOf,owl.AnnotationProperty
rc.humble_store_id,rdfs:subPropertyOf,kko.identifiers
rc.hungarian_company_id,rdfs:subPropertyOf,owl.AnnotationProperty
rc.hungarian_company_id,rdfs:subPropertyOf,kko.identifiers
rc.hungarian_national_assembly_identifier,rdfs:subPropertyOf,owl.AnnotationProperty
rc.hungarian_national_assembly_identifier,rdfs:subPropertyOf,kko.identifiers
rc.hungarian_ngo_id,rdfs:subPropertyOf,owl.AnnotationProperty
rc.hungarian_ngo_id,rdfs:subPropertyOf,kko.identifiers
rc.hungarian_olympic_committee_athlete_id,rdfs:subPropertyOf,owl.AnnotationProperty
rc.hungarian_olympic_committee_athlete_id,rdfs:subPropertyOf,kko.identifiers
rc.hungarian_public_body_id,rdfs:subPropertyOf,owl.AnnotationProperty
rc.hungarian_public_body_id,rdfs:subPropertyOf,kko.identifiers
rc.hurdat_identifier,rdfs:subPropertyOf,owl.AnnotationProperty
rc.hurdat_identifier,rdfs:subPropertyOf,kko.identifiers
rc.hydrological_order_number,rdfs:subPropertyOf,owl.AnnotationProperty
rc.hydrological_order_number,rdfs:subPropertyOf,kko.identifiers
rc.i_naturalist_taxon_id,rdfs:subPropertyOf,owl.AnnotationProperty
rc.i_naturalist_taxon_id,rdfs:subPropertyOf,kko.identifiers
rc.i_patrimonio_id,rdfs:subPropertyOf,owl.AnnotationProperty
rc.i_patrimonio_id,rdfs:subPropertyOf,kko.identifiers
rc.i_pv_4_routing_prefix,rdfs:subPropertyOf,owl.AnnotationProperty
rc.i_pv_4_routing_prefix,rdfs:subPropertyOf,kko.codes
rc.i_pv_6_routing_prefix,rdfs:subPropertyOf,owl.AnnotationProperty
rc.i_pv_6_routing_prefix,rdfs:subPropertyOf,kko.codes
rc.i_sz_db_company_id,rdfs:subPropertyOf,owl.AnnotationProperty
rc.i_sz_db_company_id,rdfs:subPropertyOf,kko.identifiers
rc.i_sz_db_dub_id,rdfs:subPropertyOf,owl.AnnotationProperty
rc.i_sz_db_dub_id,rdfs:subPropertyOf,kko.identifiers
rc.i_sz_db_film_id,rdfs:subPropertyOf,owl.AnnotationProperty
rc.i_sz_db_film_id,rdfs:subPropertyOf,kko.identifiers
rc.i_sz_db_person_id,rdfs:subPropertyOf,owl.AnnotationProperty
rc.i_sz_db_person_id,rdfs:subPropertyOf,kko.identifiers
rc.i_tunes_artist_id,rdfs:subPropertyOf,owl.AnnotationProperty
rc.i_tunes_artist_id,rdfs:subPropertyOf,kko.identifiers
rc.iaaf_athlete_id,rdfs:subPropertyOf,owl.AnnotationProperty
rc.iaaf_athlete_id,rdfs:subPropertyOf,kko.identifiers
rc.iaaf_diamond_league_athlete_id,rdfs:subPropertyOf,owl.AnnotationProperty
rc.iaaf_diamond_league_athlete_id,rdfs:subPropertyOf,kko.identifiers
rc.iafd_female_performer_id,rdfs:subPropertyOf,owl.AnnotationProperty
rc.iafd_female_performer_id,rdfs:subPropertyOf,kko.identifiers
rc.iafd_male_performer_id,rdfs:subPropertyOf,owl.AnnotationProperty
rc.iafd_male_performer_id,rdfs:subPropertyOf,kko.identifiers
rc.iat_diver_id,rdfs:subPropertyOf,owl.AnnotationProperty
rc.iat_diver_id,rdfs:subPropertyOf,kko.identifiers
rc.iat_triathlete_id,rdfs:subPropertyOf,owl.AnnotationProperty
rc.iat_triathlete_id,rdfs:subPropertyOf,kko.identifiers
rc.iat_weightlifter_id,rdfs:subPropertyOf,owl.AnnotationProperty
rc.iat_weightlifter_id,rdfs:subPropertyOf,kko.identifiers
rc.iata_airline_designator,rdfs:subPropertyOf,owl.AnnotationProperty
rc.iata_airline_designator,rdfs:subPropertyOf,kko.identifiers
rc.iata_airport_code,rdfs:subPropertyOf,owl.AnnotationProperty
rc.iata_airport_code,rdfs:subPropertyOf,kko.identifiers
rc.iata_code,rdfs:subPropertyOf,owl.AnnotationProperty
rc.iata_code,rdfs:subPropertyOf,kko.codes
rc.ib_tr_acs_cyclone_id,rdfs:subPropertyOf,owl.AnnotationProperty
rc.ib_tr_acs_cyclone_id,rdfs:subPropertyOf,kko.identifiers
rc.ibhof_boxer_id,rdfs:subPropertyOf,owl.AnnotationProperty
rc.ibhof_boxer_id,rdfs:subPropertyOf,kko.identifiers
rc.ibm_coded_character_set_id,rdfs:subPropertyOf,owl.AnnotationProperty
rc.ibm_coded_character_set_id,rdfs:subPropertyOf,kko.identifiers
rc.ibm_graphic_character_global_id,rdfs:subPropertyOf,owl.AnnotationProperty
rc.ibm_graphic_character_global_id,rdfs:subPropertyOf,kko.identifiers
rc.ibm_graphic_character_set_global_id,rdfs:subPropertyOf,owl.AnnotationProperty
rc.ibm_graphic_character_set_global_id,rdfs:subPropertyOf,kko.identifiers
rc.ibnr_id,rdfs:subPropertyOf,owl.AnnotationProperty
rc.ibnr_id,rdfs:subPropertyOf,kko.identifiers
rc.ibsf_athlete_id,rdfs:subPropertyOf,owl.AnnotationProperty
rc.ibsf_athlete_id,rdfs:subPropertyOf,kko.identifiers
rc.ibu_biathlete_id,rdfs:subPropertyOf,owl.AnnotationProperty
rc.ibu_biathlete_id,rdfs:subPropertyOf,kko.identifiers
rc.icao_airline_designator,rdfs:subPropertyOf,owl.AnnotationProperty
rc.icao_airline_designator,rdfs:subPropertyOf,kko.identifiers
rc.icao_airport_code,rdfs:subPropertyOf,owl.AnnotationProperty
rc.icao_airport_code,rdfs:subPropertyOf,kko.identifiers
rc.icao_code,rdfs:subPropertyOf,owl.AnnotationProperty
rc.icao_code,rdfs:subPropertyOf,kko.codes
rc.iccf_player_id,rdfs:subPropertyOf,owl.AnnotationProperty
rc.iccf_player_id,rdfs:subPropertyOf,kko.identifiers
rc.icd_10,rdfs:subPropertyOf,owl.AnnotationProperty
rc.icd_10,rdfs:subPropertyOf,kko.identifiers
rc.icd_10_cm,rdfs:subPropertyOf,owl.AnnotationProperty
rc.icd_10_cm,rdfs:subPropertyOf,kko.codes
rc.icd_9,rdfs:subPropertyOf,owl.AnnotationProperty
rc.icd_9,rdfs:subPropertyOf,kko.identifiers
rc.icd_9_cm,rdfs:subPropertyOf,owl.AnnotationProperty
rc.icd_9_cm,rdfs:subPropertyOf,kko.identifiers
rc.icf_canoer_id,rdfs:subPropertyOf,owl.AnnotationProperty
rc.icf_canoer_id,rdfs:subPropertyOf,kko.identifiers
rc.icon,rdfs:subPropertyOf,owl.AnnotationProperty
rc.icon,rdfs:subPropertyOf,kko.media
rc.iconclass_notation,rdfs:subPropertyOf,owl.AnnotationProperty
rc.iconclass_notation,rdfs:subPropertyOf,kko.codes
rc.ictv_virus_id,rdfs:subPropertyOf,owl.AnnotationProperty
rc.ictv_virus_id,rdfs:subPropertyOf,kko.identifiers
rc.id_museus_brazil,rdfs:subPropertyOf,owl.AnnotationProperty
rc.id_museus_brazil,rdfs:subPropertyOf,kko.identifiers
rc.ida_place_id,rdfs:subPropertyOf,owl.AnnotationProperty
rc.ida_place_id,rdfs:subPropertyOf,kko.identifiers
rc.identifier,rdfs:subPropertyOf,owl.AnnotationProperty
rc.identifier,rdfs:subPropertyOf,kko.identifiers
rc.identifiers_org_prefix,rdfs:subPropertyOf,owl.AnnotationProperty
rc.identifiers_org_prefix,rdfs:subPropertyOf,kko.identifiers
rc.ideo_job_id,rdfs:subPropertyOf,owl.AnnotationProperty
rc.ideo_job_id,rdfs:subPropertyOf,kko.identifiers
rc.idescat_territorial_code_in_catalonia,rdfs:subPropertyOf,owl.AnnotationProperty
rc.idescat_territorial_code_in_catalonia,rdfs:subPropertyOf,kko.codes
rc.iditarod_musher_id,rdfs:subPropertyOf,owl.AnnotationProperty
rc.iditarod_musher_id,rdfs:subPropertyOf,kko.identifiers
rc.iedb_epitope_id,rdfs:subPropertyOf,owl.AnnotationProperty
rc.iedb_epitope_id,rdfs:subPropertyOf,kko.identifiers
rc.ietf_language_tag,rdfs:subPropertyOf,owl.AnnotationProperty
rc.ietf_language_tag,rdfs:subPropertyOf,kko.identifiers
rc.ifsc_climber_id,rdfs:subPropertyOf,owl.AnnotationProperty
rc.ifsc_climber_id,rdfs:subPropertyOf,kko.identifiers
rc.igespar_id,rdfs:subPropertyOf,owl.AnnotationProperty
rc.igespar_id,rdfs:subPropertyOf,kko.identifiers
rc.ighof_athlete_id,rdfs:subPropertyOf,owl.AnnotationProperty
rc.ighof_athlete_id,rdfs:subPropertyOf,kko.identifiers
rc.igpcv_id,rdfs:subPropertyOf,owl.AnnotationProperty
rc.igpcv_id,rdfs:subPropertyOf,kko.identifiers
rc.iho_hydrographic_dictionary_s_32_number,rdfs:subPropertyOf,owl.AnnotationProperty
rc.iho_hydrographic_dictionary_s_32_number,rdfs:subPropertyOf,kko.identifiers
rc.ihsi_id,rdfs:subPropertyOf,owl.AnnotationProperty
rc.ihsi_id,rdfs:subPropertyOf,kko.identifiers
rc.ijf_judoka_id,rdfs:subPropertyOf,owl.AnnotationProperty
rc.ijf_judoka_id,rdfs:subPropertyOf,kko.identifiers
rc.im_db_id,rdfs:subPropertyOf,owl.AnnotationProperty
rc.im_db_id,rdfs:subPropertyOf,kko.identifiers
rc.ima_number_broad_sense,rdfs:subPropertyOf,owl.AnnotationProperty
rc.ima_number_broad_sense,rdfs:subPropertyOf,kko.identifiers
rc.image,rdfs:subPropertyOf,owl.AnnotationProperty
rc.image,rdfs:subPropertyOf,kko.media
rc.image_of_grave,rdfs:subPropertyOf,owl.AnnotationProperty
rc.image_of_grave,rdfs:subPropertyOf,kko.media
rc.imis_person_id,rdfs:subPropertyOf,owl.AnnotationProperty
rc.imis_person_id,rdfs:subPropertyOf,kko.identifiers
rc.imo_ship_number,rdfs:subPropertyOf,owl.AnnotationProperty
rc.imo_ship_number,rdfs:subPropertyOf,kko.identifiers
rc.imslp_id,rdfs:subPropertyOf,owl.AnnotationProperty
rc.imslp_id,rdfs:subPropertyOf,kko.identifiers
rc.in_ch_i,rdfs:subPropertyOf,owl.AnnotationProperty
rc.in_ch_i,rdfs:subPropertyOf,kko.identifiers
rc.in_ch_i_key,rdfs:subPropertyOf,owl.AnnotationProperty
rc.in_ch_i_key,rdfs:subPropertyOf,kko.identifiers
rc.in_herit_place_number,rdfs:subPropertyOf,owl.AnnotationProperty
rc.in_herit_place_number,rdfs:subPropertyOf,kko.identifiers
rc.in_ph_o_id,rdfs:subPropertyOf,owl.AnnotationProperty
rc.in_ph_o_id,rdfs:subPropertyOf,kko.identifiers
rc.ina_video_id,rdfs:subPropertyOf,owl.AnnotationProperty
rc.ina_video_id,rdfs:subPropertyOf,kko.identifiers
rc.inao_product_id,rdfs:subPropertyOf,owl.AnnotationProperty
rc.inao_product_id,rdfs:subPropertyOf,kko.identifiers
rc.index_fungorum_id,rdfs:subPropertyOf,owl.AnnotationProperty
rc.index_fungorum_id,rdfs:subPropertyOf,kko.identifiers
rc.index_hepaticarum_id,rdfs:subPropertyOf,owl.AnnotationProperty
rc.index_hepaticarum_id,rdfs:subPropertyOf,kko.identifiers
rc.indian_census_area_code_2001,rdfs:subPropertyOf,owl.AnnotationProperty
rc.indian_census_area_code_2001,rdfs:subPropertyOf,kko.codes
rc.indian_foundation_for_butterflies_id,rdfs:subPropertyOf,owl.AnnotationProperty
rc.indian_foundation_for_butterflies_id,rdfs:subPropertyOf,kko.identifiers
rc.indiana_basketball_hall_of_fame_id,rdfs:subPropertyOf,owl.AnnotationProperty
rc.indiana_basketball_hall_of_fame_id,rdfs:subPropertyOf,kko.identifiers
rc.indianapolis_museum_of_art_artwork_id,rdfs:subPropertyOf,owl.AnnotationProperty
rc.indianapolis_museum_of_art_artwork_id,rdfs:subPropertyOf,kko.identifiers
rc.indonesian_ethnicity_code,rdfs:subPropertyOf,owl.AnnotationProperty
rc.indonesian_ethnicity_code,rdfs:subPropertyOf,kko.codes
rc.indonesian_small_islands_directory_id,rdfs:subPropertyOf,owl.AnnotationProperty
rc.indonesian_small_islands_directory_id,rdfs:subPropertyOf,kko.identifiers
rc.inducks_character_id,rdfs:subPropertyOf,owl.AnnotationProperty
rc.inducks_character_id,rdfs:subPropertyOf,kko.identifiers
rc.inducks_creator_id,rdfs:subPropertyOf,owl.AnnotationProperty
rc.inducks_creator_id,rdfs:subPropertyOf,kko.identifiers
rc.inducks_issue_id,rdfs:subPropertyOf,owl.AnnotationProperty
rc.inducks_issue_id,rdfs:subPropertyOf,kko.identifiers
rc.inducks_miniseries_id,rdfs:subPropertyOf,owl.AnnotationProperty
rc.inducks_miniseries_id,rdfs:subPropertyOf,kko.identifiers
rc.inducks_publication_id,rdfs:subPropertyOf,owl.AnnotationProperty
rc.inducks_publication_id,rdfs:subPropertyOf,kko.identifiers
rc.inducks_story_id,rdfs:subPropertyOf,owl.AnnotationProperty
rc.inducks_story_id,rdfs:subPropertyOf,kko.identifiers
rc.ine_municipality_code,rdfs:subPropertyOf,owl.AnnotationProperty
rc.ine_municipality_code,rdfs:subPropertyOf,kko.identifiers
rc.inegi_locality_id,rdfs:subPropertyOf,owl.AnnotationProperty
rc.inegi_locality_id,rdfs:subPropertyOf,kko.identifiers
rc.inegi_municipality_id,rdfs:subPropertyOf,owl.AnnotationProperty
rc.inegi_municipality_id,rdfs:subPropertyOf,kko.identifiers
rc.information_center_for_israeli_art_artist_id,rdfs:subPropertyOf,owl.AnnotationProperty
rc.information_center_for_israeli_art_artist_id,rdfs:subPropertyOf,kko.identifiers
rc.inscription,rdfs:subPropertyOf,owl.AnnotationProperty
rc.inscription,rdfs:subPropertyOf,kko.descriptions
rc.insee_arrondissement_code,rdfs:subPropertyOf,owl.AnnotationProperty
rc.insee_arrondissement_code,rdfs:subPropertyOf,kko.codes
rc.insee_canton_code,rdfs:subPropertyOf,owl.AnnotationProperty
rc.insee_canton_code,rdfs:subPropertyOf,kko.codes
rc.insee_countries_and_foreign_territories_code,rdfs:subPropertyOf,owl.AnnotationProperty
rc.insee_countries_and_foreign_territories_code,rdfs:subPropertyOf,kko.codes
rc.insee_department_code,rdfs:subPropertyOf,owl.AnnotationProperty
rc.insee_department_code,rdfs:subPropertyOf,kko.codes
rc.insee_municipality_code,rdfs:subPropertyOf,owl.AnnotationProperty
rc.insee_municipality_code,rdfs:subPropertyOf,kko.identifiers
rc.insee_region_code,rdfs:subPropertyOf,owl.AnnotationProperty
rc.insee_region_code,rdfs:subPropertyOf,kko.codes
rc.inspire_hep_author_id,rdfs:subPropertyOf,owl.AnnotationProperty
rc.inspire_hep_author_id,rdfs:subPropertyOf,kko.identifiers
rc.inspire_id,rdfs:subPropertyOf,owl.AnnotationProperty
rc.inspire_id,rdfs:subPropertyOf,kko.identifiers
rc.instagram_location_id,rdfs:subPropertyOf,owl.AnnotationProperty
rc.instagram_location_id,rdfs:subPropertyOf,kko.identifiers
rc.instagram_username,rdfs:subPropertyOf,owl.AnnotationProperty
rc.instagram_username,rdfs:subPropertyOf,kko.identifiers
rc.install_url,rdfs:subPropertyOf,owl.AnnotationProperty
rc.install_url,rdfs:subPropertyOf,kko.pointers
rc.integrated_postsecondary_education_data_system_id,rdfs:subPropertyOf,owl.AnnotationProperty
rc.integrated_postsecondary_education_data_system_id,rdfs:subPropertyOf,kko.identifiers
rc.inter_pro_id,rdfs:subPropertyOf,owl.AnnotationProperty
rc.inter_pro_id,rdfs:subPropertyOf,kko.identifiers
rc.international_classification_for_standards,rdfs:subPropertyOf,owl.AnnotationProperty
rc.international_classification_for_standards,rdfs:subPropertyOf,kko.codes
rc.international_olympic_committee_athlete_id,rdfs:subPropertyOf,owl.AnnotationProperty
rc.international_olympic_committee_athlete_id,rdfs:subPropertyOf,kko.identifiers
rc.international_paralympic_committee_athlete_id,rdfs:subPropertyOf,owl.AnnotationProperty
rc.international_paralympic_committee_athlete_id,rdfs:subPropertyOf,kko.identifiers
rc.international_standard_identifier_for_libraries,rdfs:subPropertyOf,owl.AnnotationProperty
rc.international_standard_identifier_for_libraries,rdfs:subPropertyOf,kko.identifiers
rc.international_standard_recording_code,rdfs:subPropertyOf,owl.AnnotationProperty
rc.international_standard_recording_code,rdfs:subPropertyOf,kko.identifiers
rc.international_world_games_association_athlete_id,rdfs:subPropertyOf,owl.AnnotationProperty
rc.international_world_games_association_athlete_id,rdfs:subPropertyOf,kko.identifiers
rc.internet_archive_id,rdfs:subPropertyOf,owl.AnnotationProperty
rc.internet_archive_id,rdfs:subPropertyOf,kko.identifiers
rc.internet_bird_collection_species_id,rdfs:subPropertyOf,owl.AnnotationProperty
rc.internet_bird_collection_species_id,rdfs:subPropertyOf,kko.identifiers
rc.internet_broadway_database_person_id,rdfs:subPropertyOf,owl.AnnotationProperty
rc.internet_broadway_database_person_id,rdfs:subPropertyOf,kko.identifiers
rc.internet_broadway_database_production_id,rdfs:subPropertyOf,owl.AnnotationProperty
rc.internet_broadway_database_production_id,rdfs:subPropertyOf,kko.identifiers
rc.internet_broadway_database_show_id,rdfs:subPropertyOf,owl.AnnotationProperty
rc.internet_broadway_database_show_id,rdfs:subPropertyOf,kko.identifiers
rc.internet_broadway_database_venue_id,rdfs:subPropertyOf,owl.AnnotationProperty
rc.internet_broadway_database_venue_id,rdfs:subPropertyOf,kko.identifiers
rc.internet_off_broadway_database_actor_id,rdfs:subPropertyOf,owl.AnnotationProperty
rc.internet_off_broadway_database_actor_id,rdfs:subPropertyOf,kko.identifiers
rc.internet_wrestling_database_id,rdfs:subPropertyOf,owl.AnnotationProperty
rc.internet_wrestling_database_id,rdfs:subPropertyOf,kko.identifiers
rc.internetmedicin_se_id,rdfs:subPropertyOf,owl.AnnotationProperty
rc.internetmedicin_se_id,rdfs:subPropertyOf,kko.identifiers
rc.invaluable_com_person_id,rdfs:subPropertyOf,owl.AnnotationProperty
rc.invaluable_com_person_id,rdfs:subPropertyOf,kko.identifiers
rc.inventari_del_patrimoni_arquitect_nic_de_catalunya_code,rdfs:subPropertyOf,owl.AnnotationProperty
rc.inventari_del_patrimoni_arquitect_nic_de_catalunya_code,rdfs:subPropertyOf,kko.identifiers
rc.inventory_number,rdfs:subPropertyOf,owl.AnnotationProperty
rc.inventory_number,rdfs:subPropertyOf,kko.identifiers
rc.ioc_country_code,rdfs:subPropertyOf,owl.AnnotationProperty
rc.ioc_country_code,rdfs:subPropertyOf,kko.codes
rc.iof_athlete_id,rdfs:subPropertyOf,owl.AnnotationProperty
rc.iof_athlete_id,rdfs:subPropertyOf,kko.identifiers
rc.iowa_sports_hall_of_fame_id,rdfs:subPropertyOf,owl.AnnotationProperty
rc.iowa_sports_hall_of_fame_id,rdfs:subPropertyOf,kko.identifiers
rc.ipa_braille,rdfs:subPropertyOf,owl.AnnotationProperty
rc.ipa_braille,rdfs:subPropertyOf,kko.media
rc.ipa_number_order,rdfs:subPropertyOf,owl.AnnotationProperty
rc.ipa_number_order,rdfs:subPropertyOf,kko.identifiers
rc.ipa_transcription,rdfs:subPropertyOf,owl.AnnotationProperty
rc.ipa_transcription,rdfs:subPropertyOf,kko.descriptions
rc.ipi_base_code,rdfs:subPropertyOf,owl.AnnotationProperty
rc.ipi_base_code,rdfs:subPropertyOf,kko.identifiers
rc.ipi_name_number,rdfs:subPropertyOf,owl.AnnotationProperty
rc.ipi_name_number,rdfs:subPropertyOf,kko.identifiers
rc.ipni_author_id,rdfs:subPropertyOf,owl.AnnotationProperty
rc.ipni_author_id,rdfs:subPropertyOf,kko.identifiers
rc.ipni_plant_id,rdfs:subPropertyOf,owl.AnnotationProperty
rc.ipni_plant_id,rdfs:subPropertyOf,kko.identifiers
rc.ipni_publication_id,rdfs:subPropertyOf,owl.AnnotationProperty
rc.ipni_publication_id,rdfs:subPropertyOf,kko.identifiers
rc.iran_statistics_id,rdfs:subPropertyOf,owl.AnnotationProperty
rc.iran_statistics_id,rdfs:subPropertyOf,kko.identifiers
rc.iranian_national_heritage_registration_number,rdfs:subPropertyOf,owl.AnnotationProperty
rc.iranian_national_heritage_registration_number,rdfs:subPropertyOf,kko.identifiers
rc.iranica_id,rdfs:subPropertyOf,owl.AnnotationProperty
rc.iranica_id,rdfs:subPropertyOf,kko.identifiers
rc.irc_channel,rdfs:subPropertyOf,owl.AnnotationProperty
rc.irc_channel,rdfs:subPropertyOf,kko.pointers
rc.irish_grid_reference,rdfs:subPropertyOf,owl.AnnotationProperty
rc.irish_grid_reference,rdfs:subPropertyOf,kko.identifiers
rc.irish_national_inventory_of_architectural_heritage_id,rdfs:subPropertyOf,owl.AnnotationProperty
rc.irish_national_inventory_of_architectural_heritage_id,rdfs:subPropertyOf,kko.identifiers
rc.irish_national_monument_id,rdfs:subPropertyOf,owl.AnnotationProperty
rc.irish_national_monument_id,rdfs:subPropertyOf,kko.identifiers
rc.irish_rugby_football_union_men_s_player_id,rdfs:subPropertyOf,owl.AnnotationProperty
rc.irish_rugby_football_union_men_s_player_id,rdfs:subPropertyOf,kko.identifiers
rc.irish_sites_and_monuments_record_id,rdfs:subPropertyOf,owl.AnnotationProperty
rc.irish_sites_and_monuments_record_id,rdfs:subPropertyOf,kko.identifiers
rc.irmng_id,rdfs:subPropertyOf,owl.AnnotationProperty
rc.irmng_id,rdfs:subPropertyOf,kko.identifiers
rc.irs_employer_identification_number,rdfs:subPropertyOf,owl.AnnotationProperty
rc.irs_employer_identification_number,rdfs:subPropertyOf,kko.identifiers
rc.is_a_list_of,rdfs:subPropertyOf,owl.AnnotationProperty
rc.is_a_list_of,rdfs:subPropertyOf,kko.lists
rc.is_accessory_or_spare_part_for,rdfs:subPropertyOf,owl.AnnotationProperty
rc.is_accessory_or_spare_part_for,rdfs:subPropertyOf,kko.pointers
rc.is_similar_to,rdfs:subPropertyOf,owl.AnnotationProperty
rc.is_similar_to,rdfs:subPropertyOf,kko.relateds
rc.isan_identifier,rdfs:subPropertyOf,owl.AnnotationProperty
rc.isan_identifier,rdfs:subPropertyOf,kko.identifiers
rc.isbn,rdfs:subPropertyOf,owl.AnnotationProperty
rc.isbn,rdfs:subPropertyOf,kko.identifiers
rc.isbn_10,rdfs:subPropertyOf,owl.AnnotationProperty
rc.isbn_10,rdfs:subPropertyOf,kko.identifiers
rc.isbn_13,rdfs:subPropertyOf,owl.AnnotationProperty
rc.isbn_13,rdfs:subPropertyOf,kko.identifiers
rc.isbn_identifier_group,rdfs:subPropertyOf,owl.AnnotationProperty
rc.isbn_identifier_group,rdfs:subPropertyOf,kko.identifiers
rc.isbn_publisher_prefix,rdfs:subPropertyOf,owl.AnnotationProperty
rc.isbn_publisher_prefix,rdfs:subPropertyOf,kko.codes
rc.isfdb_author_id,rdfs:subPropertyOf,owl.AnnotationProperty
rc.isfdb_author_id,rdfs:subPropertyOf,kko.identifiers
rc.isfdb_publication_id,rdfs:subPropertyOf,owl.AnnotationProperty
rc.isfdb_publication_id,rdfs:subPropertyOf,kko.identifiers
rc.isfdb_publisher_id,rdfs:subPropertyOf,owl.AnnotationProperty
rc.isfdb_publisher_id,rdfs:subPropertyOf,kko.identifiers
rc.isfdb_series_id,rdfs:subPropertyOf,owl.AnnotationProperty
rc.isfdb_series_id,rdfs:subPropertyOf,kko.identifiers
rc.isfdb_title_id,rdfs:subPropertyOf,owl.AnnotationProperty
rc.isfdb_title_id,rdfs:subPropertyOf,kko.identifiers
rc.ishim_id,rdfs:subPropertyOf,owl.AnnotationProperty
rc.ishim_id,rdfs:subPropertyOf,kko.identifiers
rc.ishof_swimmer_id,rdfs:subPropertyOf,owl.AnnotationProperty
rc.ishof_swimmer_id,rdfs:subPropertyOf,kko.identifiers
rc.isic_v_4,rdfs:subPropertyOf,owl.AnnotationProperty
rc.isic_v_4,rdfs:subPropertyOf,kko.codes
rc.isidore_id,rdfs:subPropertyOf,owl.AnnotationProperty
rc.isidore_id,rdfs:subPropertyOf,kko.identifiers
rc.isin,rdfs:subPropertyOf,owl.AnnotationProperty
rc.isin,rdfs:subPropertyOf,kko.identifiers
rc.ismn,rdfs:subPropertyOf,owl.AnnotationProperty
rc.ismn,rdfs:subPropertyOf,kko.identifiers
rc.isni,rdfs:subPropertyOf,owl.AnnotationProperty
rc.isni,rdfs:subPropertyOf,kko.identifiers
rc.iso_15924_alpha_4_code,rdfs:subPropertyOf,owl.AnnotationProperty
rc.iso_15924_alpha_4_code,rdfs:subPropertyOf,kko.codes
rc.iso_15924_numeric_code,rdfs:subPropertyOf,owl.AnnotationProperty
rc.iso_15924_numeric_code,rdfs:subPropertyOf,kko.codes
rc.iso_3166_1_alpha_2_code,rdfs:subPropertyOf,owl.AnnotationProperty
rc.iso_3166_1_alpha_2_code,rdfs:subPropertyOf,kko.codes
rc.iso_3166_1_alpha_3_code,rdfs:subPropertyOf,owl.AnnotationProperty
rc.iso_3166_1_alpha_3_code,rdfs:subPropertyOf,kko.codes
rc.iso_3166_1_numeric_code,rdfs:subPropertyOf,owl.AnnotationProperty
rc.iso_3166_1_numeric_code,rdfs:subPropertyOf,kko.codes
rc.iso_3166_2_code,rdfs:subPropertyOf,owl.AnnotationProperty
rc.iso_3166_2_code,rdfs:subPropertyOf,kko.identifiers
rc.iso_3166_3,rdfs:subPropertyOf,owl.AnnotationProperty
rc.iso_3166_3,rdfs:subPropertyOf,kko.codes
rc.iso_4063_process_number,rdfs:subPropertyOf,owl.AnnotationProperty
rc.iso_4063_process_number,rdfs:subPropertyOf,kko.identifiers
rc.iso_4217_code,rdfs:subPropertyOf,owl.AnnotationProperty
rc.iso_4217_code,rdfs:subPropertyOf,kko.codes
rc.iso_4_abbreviation,rdfs:subPropertyOf,owl.AnnotationProperty
rc.iso_4_abbreviation,rdfs:subPropertyOf,kko.identifiers
rc.iso_639_1_code,rdfs:subPropertyOf,owl.AnnotationProperty
rc.iso_639_1_code,rdfs:subPropertyOf,kko.codes
rc.iso_639_2_code,rdfs:subPropertyOf,owl.AnnotationProperty
rc.iso_639_2_code,rdfs:subPropertyOf,kko.codes
rc.iso_639_3_code,rdfs:subPropertyOf,owl.AnnotationProperty
rc.iso_639_3_code,rdfs:subPropertyOf,kko.identifiers
rc.iso_639_5_code,rdfs:subPropertyOf,owl.AnnotationProperty
rc.iso_639_5_code,rdfs:subPropertyOf,kko.identifiers
rc.iso_639_6_code,rdfs:subPropertyOf,owl.AnnotationProperty
rc.iso_639_6_code,rdfs:subPropertyOf,kko.codes
rc.iso_9362_swift_bic_code,rdfs:subPropertyOf,owl.AnnotationProperty
rc.iso_9362_swift_bic_code,rdfs:subPropertyOf,kko.identifiers
rc.iso_standard,rdfs:subPropertyOf,owl.AnnotationProperty
rc.iso_standard,rdfs:subPropertyOf,kko.relateds
rc.isocat_id,rdfs:subPropertyOf,owl.AnnotationProperty
rc.isocat_id,rdfs:subPropertyOf,kko.identifiers
rc.israel_antiquities_authority_id,rdfs:subPropertyOf,owl.AnnotationProperty
rc.israel_antiquities_authority_id,rdfs:subPropertyOf,kko.identifiers
rc.israel_chess_federation_player_id,rdfs:subPropertyOf,owl.AnnotationProperty
rc.israel_chess_federation_player_id,rdfs:subPropertyOf,kko.identifiers
rc.israel_football_association_player_id,rdfs:subPropertyOf,owl.AnnotationProperty
rc.israel_football_association_player_id,rdfs:subPropertyOf,kko.identifiers
rc.israeli_cbs_municipal_id,rdfs:subPropertyOf,owl.AnnotationProperty
rc.israeli_cbs_municipal_id,rdfs:subPropertyOf,kko.identifiers
rc.isrc_code,rdfs:subPropertyOf,owl.AnnotationProperty
rc.isrc_code,rdfs:subPropertyOf,kko.codes
rc.issf_athlete_id,rdfs:subPropertyOf,owl.AnnotationProperty
rc.issf_athlete_id,rdfs:subPropertyOf,kko.identifiers
rc.issn,rdfs:subPropertyOf,owl.AnnotationProperty
rc.issn,rdfs:subPropertyOf,kko.identifiers
rc.issue,rdfs:subPropertyOf,owl.AnnotationProperty
rc.issue,rdfs:subPropertyOf,kko.pointers
rc.issue_number,rdfs:subPropertyOf,owl.AnnotationProperty
rc.issue_number,rdfs:subPropertyOf,kko.identifiers
rc.istat_id,rdfs:subPropertyOf,owl.AnnotationProperty
rc.istat_id,rdfs:subPropertyOf,kko.identifiers
rc.isu_figure_skater_id,rdfs:subPropertyOf,owl.AnnotationProperty
rc.isu_figure_skater_id,rdfs:subPropertyOf,kko.identifiers
rc.iswc,rdfs:subPropertyOf,owl.AnnotationProperty
rc.iswc,rdfs:subPropertyOf,kko.identifiers
rc.iswc_code,rdfs:subPropertyOf,owl.AnnotationProperty
rc.iswc_code,rdfs:subPropertyOf,kko.codes
rc.it_s_rugby_player_id,rdfs:subPropertyOf,owl.AnnotationProperty
rc.it_s_rugby_player_id,rdfs:subPropertyOf,kko.identifiers
rc.italian_cadastre_code,rdfs:subPropertyOf,owl.AnnotationProperty
rc.italian_cadastre_code,rdfs:subPropertyOf,kko.identifiers
rc.italian_chamber_of_deputies_dati_id,rdfs:subPropertyOf,owl.AnnotationProperty
rc.italian_chamber_of_deputies_dati_id,rdfs:subPropertyOf,kko.identifiers
rc.italian_national_olympic_committee_athlete_id,rdfs:subPropertyOf,owl.AnnotationProperty
rc.italian_national_olympic_committee_athlete_id,rdfs:subPropertyOf,kko.identifiers
rc.italian_navy_lighthouses_and_beacons_id,rdfs:subPropertyOf,owl.AnnotationProperty
rc.italian_navy_lighthouses_and_beacons_id,rdfs:subPropertyOf,kko.identifiers
rc.italian_senate_id,rdfs:subPropertyOf,owl.AnnotationProperty
rc.italian_senate_id,rdfs:subPropertyOf,kko.identifiers
rc.italian_senate_of_the_republic_id,rdfs:subPropertyOf,owl.AnnotationProperty
rc.italian_senate_of_the_republic_id,rdfs:subPropertyOf,kko.identifiers
rc.item_list_element,rdfs:subPropertyOf,owl.AnnotationProperty
rc.item_list_element,rdfs:subPropertyOf,kko.lists
rc.item_list_order,rdfs:subPropertyOf,owl.AnnotationProperty
rc.item_list_order,rdfs:subPropertyOf,kko.lists
rc.itf_player_id,rdfs:subPropertyOf,owl.AnnotationProperty
rc.itf_player_id,rdfs:subPropertyOf,kko.identifiers
rc.itf_wheelchair_player_id,rdfs:subPropertyOf,owl.AnnotationProperty
rc.itf_wheelchair_player_id,rdfs:subPropertyOf,kko.identifiers
rc.itis_tsn,rdfs:subPropertyOf,owl.AnnotationProperty
rc.itis_tsn,rdfs:subPropertyOf,kko.identifiers
rc.itra_runner_id,rdfs:subPropertyOf,owl.AnnotationProperty
rc.itra_runner_id,rdfs:subPropertyOf,kko.identifiers
rc.ittf_table_tennis_player_id,rdfs:subPropertyOf,owl.AnnotationProperty
rc.ittf_table_tennis_player_id,rdfs:subPropertyOf,kko.identifiers
rc.itu_iso_iec_object_identifier,rdfs:subPropertyOf,owl.AnnotationProperty
rc.itu_iso_iec_object_identifier,rdfs:subPropertyOf,kko.identifiers
rc.itu_letter_code,rdfs:subPropertyOf,owl.AnnotationProperty
rc.itu_letter_code,rdfs:subPropertyOf,kko.codes
rc.itu_triathlete_id,rdfs:subPropertyOf,owl.AnnotationProperty
rc.itu_triathlete_id,rdfs:subPropertyOf,kko.identifiers
rc.iucn_taxon_id,rdfs:subPropertyOf,owl.AnnotationProperty
rc.iucn_taxon_id,rdfs:subPropertyOf,kko.augments
rc.iupac_gold_book_id,rdfs:subPropertyOf,owl.AnnotationProperty
rc.iupac_gold_book_id,rdfs:subPropertyOf,kko.identifiers
rc.iwf_athlete_id,rdfs:subPropertyOf,owl.AnnotationProperty
rc.iwf_athlete_id,rdfs:subPropertyOf,kko.identifiers
rc.iwm_memorial_id,rdfs:subPropertyOf,owl.AnnotationProperty
rc.iwm_memorial_id,rdfs:subPropertyOf,kko.identifiers
rc.iwrp_athlete_id,rdfs:subPropertyOf,owl.AnnotationProperty
rc.iwrp_athlete_id,rdfs:subPropertyOf,kko.identifiers
rc.j_league_manager_id,rdfs:subPropertyOf,owl.AnnotationProperty
rc.j_league_manager_id,rdfs:subPropertyOf,kko.identifiers
rc.j_league_player_id,rdfs:subPropertyOf,owl.AnnotationProperty
rc.j_league_player_id,rdfs:subPropertyOf,kko.identifiers
rc.j_paul_getty_museum_artist_id,rdfs:subPropertyOf,owl.AnnotationProperty
rc.j_paul_getty_museum_artist_id,rdfs:subPropertyOf,kko.identifiers
rc.j_paul_getty_museum_object_id,rdfs:subPropertyOf,owl.AnnotationProperty
rc.j_paul_getty_museum_object_id,rdfs:subPropertyOf,kko.identifiers
rc.jamendo_album_id,rdfs:subPropertyOf,owl.AnnotationProperty
rc.jamendo_album_id,rdfs:subPropertyOf,kko.identifiers
rc.jamendo_artist_id,rdfs:subPropertyOf,owl.AnnotationProperty
rc.jamendo_artist_id,rdfs:subPropertyOf,kko.identifiers
rc.japan_sumo_association_id,rdfs:subPropertyOf,owl.AnnotationProperty
rc.japan_sumo_association_id,rdfs:subPropertyOf,kko.identifiers
rc.japan_tour_golf_player_id,rdfs:subPropertyOf,owl.AnnotationProperty
rc.japan_tour_golf_player_id,rdfs:subPropertyOf,kko.identifiers
rc.japanese_baseball_hall_of_fame_id,rdfs:subPropertyOf,owl.AnnotationProperty
rc.japanese_baseball_hall_of_fame_id,rdfs:subPropertyOf,kko.identifiers
rc.japanese_high_school_code,rdfs:subPropertyOf,owl.AnnotationProperty
rc.japanese_high_school_code,rdfs:subPropertyOf,kko.identifiers
rc.japanese_military_aircraft_designation,rdfs:subPropertyOf,owl.AnnotationProperty
rc.japanese_military_aircraft_designation,rdfs:subPropertyOf,kko.identifiers
rc.jew_age_person_id,rdfs:subPropertyOf,owl.AnnotationProperty
rc.jew_age_person_id,rdfs:subPropertyOf,kko.identifiers
rc.jewish_encyclopedia_daat_id,rdfs:subPropertyOf,owl.AnnotationProperty
rc.jewish_encyclopedia_daat_id,rdfs:subPropertyOf,kko.identifiers
rc.jewish_encyclopedia_id_russian,rdfs:subPropertyOf,owl.AnnotationProperty
rc.jewish_encyclopedia_id_russian,rdfs:subPropertyOf,kko.identifiers
rc.jewish_gen_locality_id,rdfs:subPropertyOf,owl.AnnotationProperty
rc.jewish_gen_locality_id,rdfs:subPropertyOf,kko.identifiers
rc.jm_db_film_id,rdfs:subPropertyOf,owl.AnnotationProperty
rc.jm_db_film_id,rdfs:subPropertyOf,kko.identifiers
rc.jm_db_person_or_company_id,rdfs:subPropertyOf,owl.AnnotationProperty
rc.jm_db_person_or_company_id,rdfs:subPropertyOf,kko.identifiers
rc.job_title,rdfs:subPropertyOf,owl.AnnotationProperty
rc.job_title,rdfs:subPropertyOf,kko.labels
rc.joconde_id,rdfs:subPropertyOf,owl.AnnotationProperty
rc.joconde_id,rdfs:subPropertyOf,kko.identifiers
rc.joint_electronics_type_designation_automated_system_designation,rdfs:subPropertyOf,owl.AnnotationProperty
rc.joint_electronics_type_designation_automated_system_designation,rdfs:subPropertyOf,kko.identifiers
rc.journalisted_id,rdfs:subPropertyOf,owl.AnnotationProperty
rc.journalisted_id,rdfs:subPropertyOf,kko.identifiers
rc.jpl_small_body_database_id,rdfs:subPropertyOf,owl.AnnotationProperty
rc.jpl_small_body_database_id,rdfs:subPropertyOf,kko.identifiers
rc.jstor_article_id,rdfs:subPropertyOf,owl.AnnotationProperty
rc.jstor_article_id,rdfs:subPropertyOf,kko.identifiers
rc.jstor_journal_code,rdfs:subPropertyOf,owl.AnnotationProperty
rc.jstor_journal_code,rdfs:subPropertyOf,kko.identifiers
rc.jstor_topic_id,rdfs:subPropertyOf,owl.AnnotationProperty
rc.jstor_topic_id,rdfs:subPropertyOf,kko.identifiers
rc.judo_inside_judoka_id,rdfs:subPropertyOf,owl.AnnotationProperty
rc.judo_inside_judoka_id,rdfs:subPropertyOf,kko.identifiers
rc.jufo_id,rdfs:subPropertyOf,owl.AnnotationProperty
rc.jufo_id,rdfs:subPropertyOf,kko.identifiers
rc.just_sports_stats_id,rdfs:subPropertyOf,owl.AnnotationProperty
rc.just_sports_stats_id,rdfs:subPropertyOf,kko.identifiers
rc.justia_patents_company_id,rdfs:subPropertyOf,owl.AnnotationProperty
rc.justia_patents_company_id,rdfs:subPropertyOf,kko.identifiers
rc.justia_patents_inventor_id,rdfs:subPropertyOf,owl.AnnotationProperty
rc.justia_patents_inventor_id,rdfs:subPropertyOf,kko.identifiers
rc.juwra_com_id,rdfs:subPropertyOf,owl.AnnotationProperty
rc.juwra_com_id,rdfs:subPropertyOf,kko.identifiers
rc.k_league_player_id,rdfs:subPropertyOf,owl.AnnotationProperty
rc.k_league_player_id,rdfs:subPropertyOf,kko.identifiers
rc.kaiserhof_id,rdfs:subPropertyOf,owl.AnnotationProperty
rc.kaiserhof_id,rdfs:subPropertyOf,kko.identifiers
rc.kaitai_struct_format_gallery_id,rdfs:subPropertyOf,owl.AnnotationProperty
rc.kaitai_struct_format_gallery_id,rdfs:subPropertyOf,kko.identifiers
rc.kansallisbiografia_id,rdfs:subPropertyOf,owl.AnnotationProperty
rc.kansallisbiografia_id,rdfs:subPropertyOf,kko.identifiers
rc.kansas_sports_hall_of_fame_id,rdfs:subPropertyOf,owl.AnnotationProperty
rc.kansas_sports_hall_of_fame_id,rdfs:subPropertyOf,kko.identifiers
rc.kantl_member_id,rdfs:subPropertyOf,owl.AnnotationProperty
rc.kantl_member_id,rdfs:subPropertyOf,kko.identifiers
rc.karate_records_id,rdfs:subPropertyOf,owl.AnnotationProperty
rc.karate_records_id,rdfs:subPropertyOf,kko.identifiers
rc.kbo_hitter_id,rdfs:subPropertyOf,owl.AnnotationProperty
rc.kbo_hitter_id,rdfs:subPropertyOf,kko.identifiers
rc.kbo_pitcher_id,rdfs:subPropertyOf,owl.AnnotationProperty
rc.kbo_pitcher_id,rdfs:subPropertyOf,kko.identifiers
rc.kdg_komponisten_der_gegenwart,rdfs:subPropertyOf,owl.AnnotationProperty
rc.kdg_komponisten_der_gegenwart,rdfs:subPropertyOf,kko.identifiers
rc.kegg_id,rdfs:subPropertyOf,owl.AnnotationProperty
rc.kegg_id,rdfs:subPropertyOf,kko.identifiers
rc.kemler_code,rdfs:subPropertyOf,owl.AnnotationProperty
rc.kemler_code,rdfs:subPropertyOf,kko.identifiers
rc.kepn_id,rdfs:subPropertyOf,owl.AnnotationProperty
rc.kepn_id,rdfs:subPropertyOf,kko.identifiers
rc.keywords,rdfs:subPropertyOf,owl.AnnotationProperty
rc.keywords,rdfs:subPropertyOf,kko.labels
rc.kiev_street_code,rdfs:subPropertyOf,owl.AnnotationProperty
rc.kiev_street_code,rdfs:subPropertyOf,kko.identifiers
rc.killer_list_of_videogames_id,rdfs:subPropertyOf,owl.AnnotationProperty
rc.killer_list_of_videogames_id,rdfs:subPropertyOf,kko.identifiers
rc.kindred_britain_id,rdfs:subPropertyOf,owl.AnnotationProperty
rc.kindred_britain_id,rdfs:subPropertyOf,kko.identifiers
rc.kinenote_film_id,rdfs:subPropertyOf,owl.AnnotationProperty
rc.kinenote_film_id,rdfs:subPropertyOf,kko.identifiers
rc.kinenote_person_id,rdfs:subPropertyOf,owl.AnnotationProperty
rc.kinenote_person_id,rdfs:subPropertyOf,kko.identifiers
rc.kinoliste_id,rdfs:subPropertyOf,owl.AnnotationProperty
rc.kinoliste_id,rdfs:subPropertyOf,kko.identifiers
rc.kinopoisk_film_id,rdfs:subPropertyOf,owl.AnnotationProperty
rc.kinopoisk_film_id,rdfs:subPropertyOf,kko.identifiers
rc.kinopoisk_person_id,rdfs:subPropertyOf,owl.AnnotationProperty
rc.kinopoisk_person_id,rdfs:subPropertyOf,kko.identifiers
rc.kinopolis_film_id,rdfs:subPropertyOf,owl.AnnotationProperty
rc.kinopolis_film_id,rdfs:subPropertyOf,kko.identifiers
rc.kinship_equivalent_in_sparql_at_wikidata,rdfs:subPropertyOf,owl.AnnotationProperty
rc.kinship_equivalent_in_sparql_at_wikidata,rdfs:subPropertyOf,kko.codes
rc.kirshenbaum_code,rdfs:subPropertyOf,owl.AnnotationProperty
rc.kirshenbaum_code,rdfs:subPropertyOf,kko.identifiers
rc.klg_kritisches_lexikon_der_gegenwartsliteratur,rdfs:subPropertyOf,owl.AnnotationProperty
rc.klg_kritisches_lexikon_der_gegenwartsliteratur,rdfs:subPropertyOf,kko.identifiers
rc.klosterdatenbank_id,rdfs:subPropertyOf,owl.AnnotationProperty
rc.klosterdatenbank_id,rdfs:subPropertyOf,kko.identifiers
rc.km_db_film_id,rdfs:subPropertyOf,owl.AnnotationProperty
rc.km_db_film_id,rdfs:subPropertyOf,kko.identifiers
rc.km_db_person_id,rdfs:subPropertyOf,owl.AnnotationProperty
rc.km_db_person_id,rdfs:subPropertyOf,kko.identifiers
rc.kmska_work_pid,rdfs:subPropertyOf,owl.AnnotationProperty
rc.kmska_work_pid,rdfs:subPropertyOf,kko.identifiers
rc.kn_ap_s_ac_k_id,rdfs:subPropertyOf,owl.AnnotationProperty
rc.kn_ap_s_ac_k_id,rdfs:subPropertyOf,kko.identifiers
rc.knaw_past_member_id,rdfs:subPropertyOf,owl.AnnotationProperty
rc.knaw_past_member_id,rdfs:subPropertyOf,kko.identifiers
rc.koatuu_identifier,rdfs:subPropertyOf,owl.AnnotationProperty
rc.koatuu_identifier,rdfs:subPropertyOf,kko.identifiers
rc.kontinental_hockey_league_player_id,rdfs:subPropertyOf,owl.AnnotationProperty
rc.kontinental_hockey_league_player_id,rdfs:subPropertyOf,kko.identifiers
rc.ksh_code,rdfs:subPropertyOf,owl.AnnotationProperty
rc.ksh_code,rdfs:subPropertyOf,kko.identifiers
rc.ku_leuven_person_id,rdfs:subPropertyOf,owl.AnnotationProperty
rc.ku_leuven_person_id,rdfs:subPropertyOf,kko.identifiers
rc.kultur_nav_id,rdfs:subPropertyOf,owl.AnnotationProperty
rc.kultur_nav_id,rdfs:subPropertyOf,kko.identifiers
rc.kulturelles_erbe_koln_object_id,rdfs:subPropertyOf,owl.AnnotationProperty
rc.kulturelles_erbe_koln_object_id,rdfs:subPropertyOf,kko.identifiers
rc.kulturminne_id,rdfs:subPropertyOf,owl.AnnotationProperty
rc.kulturminne_id,rdfs:subPropertyOf,kko.identifiers
rc.kulturnoe_nasledie_ru_id,rdfs:subPropertyOf,owl.AnnotationProperty
rc.kulturnoe_nasledie_ru_id,rdfs:subPropertyOf,kko.identifiers
rc.kunstindeks_danmark_artist_id,rdfs:subPropertyOf,owl.AnnotationProperty
rc.kunstindeks_danmark_artist_id,rdfs:subPropertyOf,kko.identifiers
rc.kunstindeks_danmark_artwork_id,rdfs:subPropertyOf,owl.AnnotationProperty
rc.kunstindeks_danmark_artwork_id,rdfs:subPropertyOf,kko.identifiers
rc.kv_k_company_id,rdfs:subPropertyOf,owl.AnnotationProperty
rc.kv_k_company_id,rdfs:subPropertyOf,kko.identifiers
rc.kvab_member_id,rdfs:subPropertyOf,owl.AnnotationProperty
rc.kvab_member_id,rdfs:subPropertyOf,kko.identifiers
rc.kvikmyndir_film_id,rdfs:subPropertyOf,owl.AnnotationProperty
rc.kvikmyndir_film_id,rdfs:subPropertyOf,kko.identifiers
rc.l_equipe_football_player_id,rdfs:subPropertyOf,owl.AnnotationProperty
rc.l_equipe_football_player_id,rdfs:subPropertyOf,kko.identifiers
rc.la_poste_personality_id,rdfs:subPropertyOf,owl.AnnotationProperty
rc.la_poste_personality_id,rdfs:subPropertyOf,kko.identifiers
rc.label_in_sign_language,rdfs:subPropertyOf,owl.AnnotationProperty
rc.label_in_sign_language,rdfs:subPropertyOf,kko.media
rc.lacma_id,rdfs:subPropertyOf,owl.AnnotationProperty
rc.lacma_id,rdfs:subPropertyOf,kko.identifiers
rc.ladies_european_tour_golf_player_id,rdfs:subPropertyOf,owl.AnnotationProperty
rc.ladies_european_tour_golf_player_id,rdfs:subPropertyOf,kko.identifiers
rc.lake_id_sweden,rdfs:subPropertyOf,owl.AnnotationProperty
rc.lake_id_sweden,rdfs:subPropertyOf,kko.identifiers
rc.lambiek_comiclopedia_artist_id,rdfs:subPropertyOf,owl.AnnotationProperty
rc.lambiek_comiclopedia_artist_id,rdfs:subPropertyOf,kko.identifiers
rc.landtag_of_liechtenstein_id,rdfs:subPropertyOf,owl.AnnotationProperty
rc.landtag_of_liechtenstein_id,rdfs:subPropertyOf,kko.identifiers
rc.last_fm_id,rdfs:subPropertyOf,owl.AnnotationProperty
rc.last_fm_id,rdfs:subPropertyOf,kko.identifiers
rc.last_line,rdfs:subPropertyOf,owl.AnnotationProperty
rc.last_line,rdfs:subPropertyOf,kko.descriptions
rc.last_words,rdfs:subPropertyOf,owl.AnnotationProperty
rc.last_words,rdfs:subPropertyOf,kko.descriptions
rc.latindex_id,rdfs:subPropertyOf,owl.AnnotationProperty
rc.latindex_id,rdfs:subPropertyOf,kko.identifiers
rc.lattes_platform_number,rdfs:subPropertyOf,owl.AnnotationProperty
rc.lattes_platform_number,rdfs:subPropertyOf,kko.identifiers
rc.latvian_cultural_heritage_register_id,rdfs:subPropertyOf,owl.AnnotationProperty
rc.latvian_cultural_heritage_register_id,rdfs:subPropertyOf,kko.identifiers
rc.latvian_olympic_committee_athlete_id,rdfs:subPropertyOf,owl.AnnotationProperty
rc.latvian_olympic_committee_athlete_id,rdfs:subPropertyOf,kko.identifiers
rc.latvian_protected_nature_territory_id,rdfs:subPropertyOf,owl.AnnotationProperty
rc.latvian_protected_nature_territory_id,rdfs:subPropertyOf,kko.identifiers
rc.latvian_toponymic_names_database_id,rdfs:subPropertyOf,owl.AnnotationProperty
rc.latvian_toponymic_names_database_id,rdfs:subPropertyOf,kko.identifiers
rc.lau,rdfs:subPropertyOf,owl.AnnotationProperty
rc.lau,rdfs:subPropertyOf,kko.identifiers
rc.launchpad_net_project_id,rdfs:subPropertyOf,owl.AnnotationProperty
rc.launchpad_net_project_id,rdfs:subPropertyOf,kko.identifiers
rc.lawa_waterbody_id,rdfs:subPropertyOf,owl.AnnotationProperty
rc.lawa_waterbody_id,rdfs:subPropertyOf,kko.identifiers
rc.lbt_person_id,rdfs:subPropertyOf,owl.AnnotationProperty
rc.lbt_person_id,rdfs:subPropertyOf,kko.identifiers
rc.ldi_f_id,rdfs:subPropertyOf,owl.AnnotationProperty
rc.ldi_f_id,rdfs:subPropertyOf,kko.identifiers
rc.le_monde_diplomatique_subject_id,rdfs:subPropertyOf,owl.AnnotationProperty
rc.le_monde_diplomatique_subject_id,rdfs:subPropertyOf,kko.identifiers
rc.leadscope_id,rdfs:subPropertyOf,owl.AnnotationProperty
rc.leadscope_id,rdfs:subPropertyOf,kko.identifiers
rc.lega_pallavolo_serie_a_femminile_player_id,rdfs:subPropertyOf,owl.AnnotationProperty
rc.lega_pallavolo_serie_a_femminile_player_id,rdfs:subPropertyOf,kko.identifiers
rc.lega_pallavolo_serie_a_player_id,rdfs:subPropertyOf,owl.AnnotationProperty
rc.lega_pallavolo_serie_a_player_id,rdfs:subPropertyOf,kko.identifiers
rc.legacies_of_british_slave_ownership_person_id,rdfs:subPropertyOf,owl.AnnotationProperty
rc.legacies_of_british_slave_ownership_person_id,rdfs:subPropertyOf,kko.identifiers
rc.legal_citation_of_this_text,rdfs:subPropertyOf,owl.AnnotationProperty
rc.legal_citation_of_this_text,rdfs:subPropertyOf,kko.relateds
rc.legal_entity_identifier,rdfs:subPropertyOf,owl.AnnotationProperty
rc.legal_entity_identifier,rdfs:subPropertyOf,kko.identifiers
rc.legal_name,rdfs:subPropertyOf,owl.AnnotationProperty
rc.legal_name,rdfs:subPropertyOf,kko.labels
rc.lei_code,rdfs:subPropertyOf,owl.AnnotationProperty
rc.lei_code,rdfs:subPropertyOf,kko.codes
rc.leidse_hoogleraren_id,rdfs:subPropertyOf,owl.AnnotationProperty
rc.leidse_hoogleraren_id,rdfs:subPropertyOf,kko.identifiers
rc.lem_id,rdfs:subPropertyOf,owl.AnnotationProperty
rc.lem_id,rdfs:subPropertyOf,kko.identifiers
rc.lemon_64_identifier,rdfs:subPropertyOf,owl.AnnotationProperty
rc.lemon_64_identifier,rdfs:subPropertyOf,kko.identifiers
rc.lemon_amiga_identifier,rdfs:subPropertyOf,owl.AnnotationProperty
rc.lemon_amiga_identifier,rdfs:subPropertyOf,kko.identifiers
rc.leonore_id,rdfs:subPropertyOf,owl.AnnotationProperty
rc.leonore_id,rdfs:subPropertyOf,kko.identifiers
rc.leopoldina_member_id,rdfs:subPropertyOf,owl.AnnotationProperty
rc.leopoldina_member_id,rdfs:subPropertyOf,kko.identifiers
rc.lep_index_id,rdfs:subPropertyOf,owl.AnnotationProperty
rc.lep_index_id,rdfs:subPropertyOf,kko.identifiers
rc.les_archives_du_spectacle_person_id,rdfs:subPropertyOf,owl.AnnotationProperty
rc.les_archives_du_spectacle_person_id,rdfs:subPropertyOf,kko.identifiers
rc.les_biographies_com_id,rdfs:subPropertyOf,owl.AnnotationProperty
rc.les_biographies_com_id,rdfs:subPropertyOf,kko.identifiers
rc.lexicon_istoric_retic_id,rdfs:subPropertyOf,owl.AnnotationProperty
rc.lexicon_istoric_retic_id,rdfs:subPropertyOf,kko.identifiers
rc.lf_d_hb_object_id,rdfs:subPropertyOf,owl.AnnotationProperty
rc.lf_d_hb_object_id,rdfs:subPropertyOf,kko.identifiers
rc.lf_ds_object_id,rdfs:subPropertyOf,owl.AnnotationProperty
rc.lf_ds_object_id,rdfs:subPropertyOf,kko.identifiers
rc.lfb_player_id,rdfs:subPropertyOf,owl.AnnotationProperty
rc.lfb_player_id,rdfs:subPropertyOf,kko.identifiers
rc.lfh_player_id,rdfs:subPropertyOf,owl.AnnotationProperty
rc.lfh_player_id,rdfs:subPropertyOf,kko.identifiers
rc.lfp_player_id,rdfs:subPropertyOf,owl.AnnotationProperty
rc.lfp_player_id,rdfs:subPropertyOf,kko.identifiers
rc.lib_reviews_id,rdfs:subPropertyOf,owl.AnnotationProperty
rc.lib_reviews_id,rdfs:subPropertyOf,kko.identifiers
rc.libraries_australia_id,rdfs:subPropertyOf,owl.AnnotationProperty
rc.libraries_australia_id,rdfs:subPropertyOf,kko.identifiers
rc.libraries_org_id,rdfs:subPropertyOf,owl.AnnotationProperty
rc.libraries_org_id,rdfs:subPropertyOf,kko.identifiers
rc.library_of_congress_authority_id,rdfs:subPropertyOf,owl.AnnotationProperty
rc.library_of_congress_authority_id,rdfs:subPropertyOf,kko.identifiers
rc.library_of_congress_control_number_lccn_bibliographic,rdfs:subPropertyOf,owl.AnnotationProperty
rc.library_of_congress_control_number_lccn_bibliographic,rdfs:subPropertyOf,kko.identifiers
rc.library_of_congress_cultural_heritage_organizations,rdfs:subPropertyOf,owl.AnnotationProperty
rc.library_of_congress_cultural_heritage_organizations,rdfs:subPropertyOf,kko.identifiers
rc.library_of_congress_genre_form_terms_id,rdfs:subPropertyOf,owl.AnnotationProperty
rc.library_of_congress_genre_form_terms_id,rdfs:subPropertyOf,kko.identifiers
rc.library_of_congress_juke_box_id,rdfs:subPropertyOf,owl.AnnotationProperty
rc.library_of_congress_juke_box_id,rdfs:subPropertyOf,kko.identifiers
rc.library_of_the_national_congress_of_argentina_id,rdfs:subPropertyOf,owl.AnnotationProperty
rc.library_of_the_national_congress_of_argentina_id,rdfs:subPropertyOf,kko.identifiers
rc.library_thing_work_id,rdfs:subPropertyOf,owl.AnnotationProperty
rc.library_thing_work_id,rdfs:subPropertyOf,kko.identifiers
rc.libri_vox_author_id,rdfs:subPropertyOf,owl.AnnotationProperty
rc.libri_vox_author_id,rdfs:subPropertyOf,kko.identifiers
rc.libris_editions,rdfs:subPropertyOf,owl.AnnotationProperty
rc.libris_editions,rdfs:subPropertyOf,kko.identifiers
rc.licence_plate_code,rdfs:subPropertyOf,owl.AnnotationProperty
rc.licence_plate_code,rdfs:subPropertyOf,kko.codes
rc.license_schema,rdfs:subPropertyOf,owl.AnnotationProperty
rc.license_schema,rdfs:subPropertyOf,kko.augments
rc.linguasphere_code,rdfs:subPropertyOf,owl.AnnotationProperty
rc.linguasphere_code,rdfs:subPropertyOf,kko.codes
rc.linguist_list_code,rdfs:subPropertyOf,owl.AnnotationProperty
rc.linguist_list_code,rdfs:subPropertyOf,kko.codes
rc.linked_in_company_id,rdfs:subPropertyOf,owl.AnnotationProperty
rc.linked_in_company_id,rdfs:subPropertyOf,kko.identifiers
rc.linked_in_personal_profile_url_deprecated_use_p_6634,rdfs:subPropertyOf,owl.AnnotationProperty
rc.linked_in_personal_profile_url_deprecated_use_p_6634,rdfs:subPropertyOf,kko.pointers
rc.lipid_maps_id,rdfs:subPropertyOf,owl.AnnotationProperty
rc.lipid_maps_id,rdfs:subPropertyOf,kko.identifiers
rc.list_of_characters,rdfs:subPropertyOf,owl.AnnotationProperty
rc.list_of_characters,rdfs:subPropertyOf,kko.lists
rc.list_of_episodes,rdfs:subPropertyOf,owl.AnnotationProperty
rc.list_of_episodes,rdfs:subPropertyOf,kko.lists
rc.list_of_monuments,rdfs:subPropertyOf,owl.AnnotationProperty
rc.list_of_monuments,rdfs:subPropertyOf,kko.lists
rc.list_of_works,rdfs:subPropertyOf,owl.AnnotationProperty
rc.list_of_works,rdfs:subPropertyOf,kko.lists
rc.list_related_to_category,rdfs:subPropertyOf,owl.AnnotationProperty
rc.list_related_to_category,rdfs:subPropertyOf,kko.lists
rc.literal_translation,rdfs:subPropertyOf,owl.AnnotationProperty
rc.literal_translation,rdfs:subPropertyOf,kko.descriptions
rc.litholex_id,rdfs:subPropertyOf,owl.AnnotationProperty
rc.litholex_id,rdfs:subPropertyOf,kko.identifiers
rc.lithuanian_national_olympic_committee_athlete_id,rdfs:subPropertyOf,owl.AnnotationProperty
rc.lithuanian_national_olympic_committee_athlete_id,rdfs:subPropertyOf,kko.identifiers
rc.live_journal_id,rdfs:subPropertyOf,owl.AnnotationProperty
rc.live_journal_id,rdfs:subPropertyOf,kko.identifiers
rc.lkl_player_id,rdfs:subPropertyOf,owl.AnnotationProperty
rc.lkl_player_id,rdfs:subPropertyOf,kko.identifiers
rc.lnb_id,rdfs:subPropertyOf,owl.AnnotationProperty
rc.lnb_id,rdfs:subPropertyOf,kko.identifiers
rc.lnb_pro_a_player_id,rdfs:subPropertyOf,owl.AnnotationProperty
rc.lnb_pro_a_player_id,rdfs:subPropertyOf,kko.identifiers
rc.lnh_player_id,rdfs:subPropertyOf,owl.AnnotationProperty
rc.lnh_player_id,rdfs:subPropertyOf,kko.identifiers
rc.lnv_player_id,rdfs:subPropertyOf,owl.AnnotationProperty
rc.lnv_player_id,rdfs:subPropertyOf,kko.identifiers
rc.lo_c_and_marc_vocabularies_id,rdfs:subPropertyOf,owl.AnnotationProperty
rc.lo_c_and_marc_vocabularies_id,rdfs:subPropertyOf,kko.identifiers
rc.lo_j_peak_id,rdfs:subPropertyOf,owl.AnnotationProperty
rc.lo_j_peak_id,rdfs:subPropertyOf,kko.identifiers
rc.loc_fdd_id,rdfs:subPropertyOf,owl.AnnotationProperty
rc.loc_fdd_id,rdfs:subPropertyOf,kko.identifiers
rc.local_dialing_code,rdfs:subPropertyOf,owl.AnnotationProperty
rc.local_dialing_code,rdfs:subPropertyOf,kko.codes
rc.located_at_street_address_deprecated,rdfs:subPropertyOf,owl.AnnotationProperty
rc.located_at_street_address_deprecated,rdfs:subPropertyOf,kko.pointers
rc.location_map,rdfs:subPropertyOf,owl.AnnotationProperty
rc.location_map,rdfs:subPropertyOf,kko.media
rc.locator_map_image,rdfs:subPropertyOf,owl.AnnotationProperty
rc.locator_map_image,rdfs:subPropertyOf,kko.media
rc.lodging_unit_description,rdfs:subPropertyOf,owl.AnnotationProperty
rc.lodging_unit_description,rdfs:subPropertyOf,kko.descriptions
rc.logo,rdfs:subPropertyOf,owl.AnnotationProperty
rc.logo,rdfs:subPropertyOf,kko.media
rc.logo_image,rdfs:subPropertyOf,owl.AnnotationProperty
rc.logo_image,rdfs:subPropertyOf,kko.media
rc.loinc_id,rdfs:subPropertyOf,owl.AnnotationProperty
rc.loinc_id,rdfs:subPropertyOf,kko.identifiers
rc.lombardia_beni_culturali_artwork_id,rdfs:subPropertyOf,owl.AnnotationProperty
rc.lombardia_beni_culturali_artwork_id,rdfs:subPropertyOf,kko.identifiers
rc.lombardia_beni_culturali_building_id,rdfs:subPropertyOf,owl.AnnotationProperty
rc.lombardia_beni_culturali_building_id,rdfs:subPropertyOf,kko.identifiers
rc.lombardia_beni_culturali_toponym_id,rdfs:subPropertyOf,owl.AnnotationProperty
rc.lombardia_beni_culturali_toponym_id,rdfs:subPropertyOf,kko.identifiers
rc.loop_id,rdfs:subPropertyOf,owl.AnnotationProperty
rc.loop_id,rdfs:subPropertyOf,kko.identifiers
rc.lost_art_id,rdfs:subPropertyOf,owl.AnnotationProperty
rc.lost_art_id,rdfs:subPropertyOf,kko.identifiers
rc.lostbridges_org_id,rdfs:subPropertyOf,owl.AnnotationProperty
rc.lostbridges_org_id,rdfs:subPropertyOf,kko.identifiers
rc.lotsawa_house_tibetan_author_id,rdfs:subPropertyOf,owl.AnnotationProperty
rc.lotsawa_house_tibetan_author_id,rdfs:subPropertyOf,kko.identifiers
rc.louisiana_sports_hall_of_fame_id,rdfs:subPropertyOf,owl.AnnotationProperty
rc.louisiana_sports_hall_of_fame_id,rdfs:subPropertyOf,kko.identifiers
rc.low_german_bibliography_and_biography_id,rdfs:subPropertyOf,owl.AnnotationProperty
rc.low_german_bibliography_and_biography_id,rdfs:subPropertyOf,kko.identifiers
rc.lpga_tour_golf_player_id,rdfs:subPropertyOf,owl.AnnotationProperty
rc.lpga_tour_golf_player_id,rdfs:subPropertyOf,kko.identifiers
rc.lpsn_url,rdfs:subPropertyOf,owl.AnnotationProperty
rc.lpsn_url,rdfs:subPropertyOf,kko.pointers
rc.lti_korea_library_id,rdfs:subPropertyOf,owl.AnnotationProperty
rc.lti_korea_library_id,rdfs:subPropertyOf,kko.identifiers
rc.luding_game_id,rdfs:subPropertyOf,owl.AnnotationProperty
rc.luding_game_id,rdfs:subPropertyOf,kko.identifiers
rc.lumiere_film_id,rdfs:subPropertyOf,owl.AnnotationProperty
rc.lumiere_film_id,rdfs:subPropertyOf,kko.identifiers
rc.luminous_lint_id,rdfs:subPropertyOf,owl.AnnotationProperty
rc.luminous_lint_id,rdfs:subPropertyOf,kko.identifiers
rc.lyrics,rdfs:subPropertyOf,owl.AnnotationProperty
rc.lyrics,rdfs:subPropertyOf,kko.descriptions
rc.m_49_code,rdfs:subPropertyOf,owl.AnnotationProperty
rc.m_49_code,rdfs:subPropertyOf,kko.codes
rc.m_ymovies_actor_id,rdfs:subPropertyOf,owl.AnnotationProperty
rc.m_ymovies_actor_id,rdfs:subPropertyOf,kko.identifiers
rc.m_ymovies_director_id,rdfs:subPropertyOf,owl.AnnotationProperty
rc.m_ymovies_director_id,rdfs:subPropertyOf,kko.identifiers
rc.m_ymovies_movie_id,rdfs:subPropertyOf,owl.AnnotationProperty
rc.m_ymovies_movie_id,rdfs:subPropertyOf,kko.identifiers
rc.mac_address_block_large_id,rdfs:subPropertyOf,owl.AnnotationProperty
rc.mac_address_block_large_id,rdfs:subPropertyOf,kko.identifiers
rc.mac_tutor_id_biographies,rdfs:subPropertyOf,owl.AnnotationProperty
rc.mac_tutor_id_biographies,rdfs:subPropertyOf,kko.identifiers
rc.mackolik_com_player_id,rdfs:subPropertyOf,owl.AnnotationProperty
rc.mackolik_com_player_id,rdfs:subPropertyOf,kko.identifiers
rc.magdeburger_biographisches_lexikon,rdfs:subPropertyOf,owl.AnnotationProperty
rc.magdeburger_biographisches_lexikon,rdfs:subPropertyOf,kko.identifiers
rc.main_entity,rdfs:subPropertyOf,owl.AnnotationProperty
rc.main_entity,rdfs:subPropertyOf,kko.pointers
rc.main_entity_of_page,rdfs:subPropertyOf,owl.AnnotationProperty
rc.main_entity_of_page,rdfs:subPropertyOf,kko.relateds
rc.maison_d_ecrivain_id,rdfs:subPropertyOf,owl.AnnotationProperty
rc.maison_d_ecrivain_id,rdfs:subPropertyOf,kko.identifiers
rc.maitron_id,rdfs:subPropertyOf,owl.AnnotationProperty
rc.maitron_id,rdfs:subPropertyOf,kko.identifiers
rc.mala_cards_id,rdfs:subPropertyOf,owl.AnnotationProperty
rc.mala_cards_id,rdfs:subPropertyOf,kko.identifiers
rc.male_form_of_label,rdfs:subPropertyOf,owl.AnnotationProperty
rc.male_form_of_label,rdfs:subPropertyOf,kko.labels
rc.maltese_islands_national_inventory_of_cultural_property_id,rdfs:subPropertyOf,owl.AnnotationProperty
rc.maltese_islands_national_inventory_of_cultural_property_id,rdfs:subPropertyOf,kko.identifiers
rc.mame_rom_name,rdfs:subPropertyOf,owl.AnnotationProperty
rc.mame_rom_name,rdfs:subPropertyOf,kko.labels
rc.manitoba_sports_hall_of_fame_athlete_id,rdfs:subPropertyOf,owl.AnnotationProperty
rc.manitoba_sports_hall_of_fame_athlete_id,rdfs:subPropertyOf,kko.identifiers
rc.map,rdfs:subPropertyOf,owl.AnnotationProperty
rc.map,rdfs:subPropertyOf,kko.pointers
rc.mapa_place_id,rdfs:subPropertyOf,owl.AnnotationProperty
rc.mapa_place_id,rdfs:subPropertyOf,kko.identifiers
rc.mapillary_id,rdfs:subPropertyOf,owl.AnnotationProperty
rc.mapillary_id,rdfs:subPropertyOf,kko.identifiers
rc.mappy_place_id,rdfs:subPropertyOf,owl.AnnotationProperty
rc.mappy_place_id,rdfs:subPropertyOf,kko.identifiers
rc.maps,rdfs:subPropertyOf,owl.AnnotationProperty
rc.maps,rdfs:subPropertyOf,kko.pointers
rc.marburger_professorenkatalog_id,rdfs:subPropertyOf,owl.AnnotationProperty
rc.marburger_professorenkatalog_id,rdfs:subPropertyOf,kko.identifiers
rc.marine_regions_geographic_id,rdfs:subPropertyOf,owl.AnnotationProperty
rc.marine_regions_geographic_id,rdfs:subPropertyOf,kko.identifiers
rc.marine_traffic_lighthouse_id,rdfs:subPropertyOf,owl.AnnotationProperty
rc.marine_traffic_lighthouse_id,rdfs:subPropertyOf,kko.identifiers
rc.marine_traffic_port_id,rdfs:subPropertyOf,owl.AnnotationProperty
rc.marine_traffic_port_id,rdfs:subPropertyOf,kko.identifiers
rc.maritime_identification_digits,rdfs:subPropertyOf,owl.AnnotationProperty
rc.maritime_identification_digits,rdfs:subPropertyOf,kko.identifiers
rc.married_name,rdfs:subPropertyOf,owl.AnnotationProperty
rc.married_name,rdfs:subPropertyOf,kko.labels
rc.masaryk_university_person_id,rdfs:subPropertyOf,owl.AnnotationProperty
rc.masaryk_university_person_id,rdfs:subPropertyOf,kko.identifiers
rc.mastodon_address,rdfs:subPropertyOf,owl.AnnotationProperty
rc.mastodon_address,rdfs:subPropertyOf,kko.identifiers
rc.math_world_identifier,rdfs:subPropertyOf,owl.AnnotationProperty
rc.math_world_identifier,rdfs:subPropertyOf,kko.identifiers
rc.mathematical_reviews_id,rdfs:subPropertyOf,owl.AnnotationProperty
rc.mathematical_reviews_id,rdfs:subPropertyOf,kko.identifiers
rc.mathematics_genealogy_project_id,rdfs:subPropertyOf,owl.AnnotationProperty
rc.mathematics_genealogy_project_id,rdfs:subPropertyOf,kko.identifiers
rc.mathematics_subject_classification_id,rdfs:subPropertyOf,owl.AnnotationProperty
rc.mathematics_subject_classification_id,rdfs:subPropertyOf,kko.identifiers
rc.mavise_competent_authority_id,rdfs:subPropertyOf,owl.AnnotationProperty
rc.mavise_competent_authority_id,rdfs:subPropertyOf,kko.identifiers
rc.mavise_tv_channel_id,rdfs:subPropertyOf,owl.AnnotationProperty
rc.mavise_tv_channel_id,rdfs:subPropertyOf,kko.identifiers
rc.mc_cune_reischauer_romanization,rdfs:subPropertyOf,owl.AnnotationProperty
rc.mc_cune_reischauer_romanization,rdfs:subPropertyOf,kko.media
rc.mcn_code,rdfs:subPropertyOf,owl.AnnotationProperty
rc.mcn_code,rdfs:subPropertyOf,kko.codes
rc.me_sh_code,rdfs:subPropertyOf,owl.AnnotationProperty
rc.me_sh_code,rdfs:subPropertyOf,kko.codes
rc.me_sh_descriptor_id,rdfs:subPropertyOf,owl.AnnotationProperty
rc.me_sh_descriptor_id,rdfs:subPropertyOf,kko.identifiers
rc.media_art_database_author_id,rdfs:subPropertyOf,owl.AnnotationProperty
rc.media_art_database_author_id,rdfs:subPropertyOf,kko.identifiers
rc.media_type,rdfs:subPropertyOf,owl.AnnotationProperty
rc.media_type,rdfs:subPropertyOf,kko.pointers
rc.medical_dictionary_for_regulatory_activities_id,rdfs:subPropertyOf,owl.AnnotationProperty
rc.medical_dictionary_for_regulatory_activities_id,rdfs:subPropertyOf,kko.identifiers
rc.medium_username,rdfs:subPropertyOf,owl.AnnotationProperty
rc.medium_username,rdfs:subPropertyOf,kko.identifiers
rc.medline_plus_id,rdfs:subPropertyOf,owl.AnnotationProperty
rc.medline_plus_id,rdfs:subPropertyOf,kko.identifiers
rc.meg_id,rdfs:subPropertyOf,owl.AnnotationProperty
rc.meg_id,rdfs:subPropertyOf,kko.identifiers
rc.megogo_id,rdfs:subPropertyOf,owl.AnnotationProperty
rc.megogo_id,rdfs:subPropertyOf,kko.identifiers
rc.mek_id,rdfs:subPropertyOf,owl.AnnotationProperty
rc.mek_id,rdfs:subPropertyOf,kko.identifiers
rc.melon_album_id,rdfs:subPropertyOf,owl.AnnotationProperty
rc.melon_album_id,rdfs:subPropertyOf,kko.identifiers
rc.melon_artist_id,rdfs:subPropertyOf,owl.AnnotationProperty
rc.melon_artist_id,rdfs:subPropertyOf,kko.identifiers
rc.member_of_the_assembly_of_madrid_id,rdfs:subPropertyOf,owl.AnnotationProperty
rc.member_of_the_assembly_of_madrid_id,rdfs:subPropertyOf,kko.identifiers
rc.member_of_the_hellenic_parliament_id,rdfs:subPropertyOf,owl.AnnotationProperty
rc.member_of_the_hellenic_parliament_id,rdfs:subPropertyOf,kko.identifiers
rc.membership_number,rdfs:subPropertyOf,owl.AnnotationProperty
rc.membership_number,rdfs:subPropertyOf,kko.identifiers
rc.memoire_des_hommes_id,rdfs:subPropertyOf,owl.AnnotationProperty
rc.memoire_des_hommes_id,rdfs:subPropertyOf,kko.identifiers
rc.memoire_du_cyclisme_cyclist_id,rdfs:subPropertyOf,owl.AnnotationProperty
rc.memoire_du_cyclisme_cyclist_id,rdfs:subPropertyOf,kko.identifiers
rc.memoria_globo,rdfs:subPropertyOf,owl.AnnotationProperty
rc.memoria_globo,rdfs:subPropertyOf,kko.identifiers
rc.mendeley_person_id,rdfs:subPropertyOf,owl.AnnotationProperty
rc.mendeley_person_id,rdfs:subPropertyOf,kko.identifiers
rc.mentions,rdfs:subPropertyOf,owl.AnnotationProperty
rc.mentions,rdfs:subPropertyOf,kko.relateds
rc.menu,rdfs:subPropertyOf,owl.AnnotationProperty
rc.menu,rdfs:subPropertyOf,kko.descriptions
rc.mep_directory_id,rdfs:subPropertyOf,owl.AnnotationProperty
rc.mep_directory_id,rdfs:subPropertyOf,kko.identifiers
rc.merchant_category_code,rdfs:subPropertyOf,owl.AnnotationProperty
rc.merchant_category_code,rdfs:subPropertyOf,kko.codes
rc.merck_index_monograph,rdfs:subPropertyOf,owl.AnnotationProperty
rc.merck_index_monograph,rdfs:subPropertyOf,kko.pointers
rc.merck_index_reaction_id,rdfs:subPropertyOf,owl.AnnotationProperty
rc.merck_index_reaction_id,rdfs:subPropertyOf,kko.identifiers
rc.merimee_id,rdfs:subPropertyOf,owl.AnnotationProperty
rc.merimee_id,rdfs:subPropertyOf,kko.identifiers
rc.message_attachment,rdfs:subPropertyOf,owl.AnnotationProperty
rc.message_attachment,rdfs:subPropertyOf,kko.augments
rc.messes_info_catholic_church_id,rdfs:subPropertyOf,owl.AnnotationProperty
rc.messes_info_catholic_church_id,rdfs:subPropertyOf,kko.identifiers
rc.metabo_lights_compound_id,rdfs:subPropertyOf,owl.AnnotationProperty
rc.metabo_lights_compound_id,rdfs:subPropertyOf,kko.identifiers
rc.metacritic_id,rdfs:subPropertyOf,owl.AnnotationProperty
rc.metacritic_id,rdfs:subPropertyOf,kko.identifiers
rc.meteoritical_bulletin_database_id,rdfs:subPropertyOf,owl.AnnotationProperty
rc.meteoritical_bulletin_database_id,rdfs:subPropertyOf,kko.identifiers
rc.metro_lyrics_id,rdfs:subPropertyOf,owl.AnnotationProperty
rc.metro_lyrics_id,rdfs:subPropertyOf,kko.identifiers
rc.mgi_gene_symbol,rdfs:subPropertyOf,owl.AnnotationProperty
rc.mgi_gene_symbol,rdfs:subPropertyOf,kko.identifiers
rc.mi_r_base_mature_mi_rna_id,rdfs:subPropertyOf,owl.AnnotationProperty
rc.mi_r_base_mature_mi_rna_id,rdfs:subPropertyOf,kko.identifiers
rc.mi_r_base_pre_mi_rna_id,rdfs:subPropertyOf,owl.AnnotationProperty
rc.mi_r_base_pre_mi_rna_id,rdfs:subPropertyOf,kko.identifiers
rc.michelin_restaurants_id,rdfs:subPropertyOf,owl.AnnotationProperty
rc.michelin_restaurants_id,rdfs:subPropertyOf,kko.identifiers
rc.michelin_voyages_id,rdfs:subPropertyOf,owl.AnnotationProperty
rc.michelin_voyages_id,rdfs:subPropertyOf,kko.identifiers
rc.mil_std_2525_symbol_identification_code,rdfs:subPropertyOf,owl.AnnotationProperty
rc.mil_std_2525_symbol_identification_code,rdfs:subPropertyOf,kko.codes
rc.military_designation,rdfs:subPropertyOf,owl.AnnotationProperty
rc.military_designation,rdfs:subPropertyOf,kko.identifiers
rc.mimo_instrument_id,rdfs:subPropertyOf,owl.AnnotationProperty
rc.mimo_instrument_id,rdfs:subPropertyOf,kko.identifiers
rc.ministry_of_education_of_chile_school_id,rdfs:subPropertyOf,owl.AnnotationProperty
rc.ministry_of_education_of_chile_school_id,rdfs:subPropertyOf,kko.identifiers
rc.minitel_code,rdfs:subPropertyOf,owl.AnnotationProperty
rc.minitel_code,rdfs:subPropertyOf,kko.codes
rc.minkultury_film_id,rdfs:subPropertyOf,owl.AnnotationProperty
rc.minkultury_film_id,rdfs:subPropertyOf,kko.identifiers
rc.minneapolis_institute_of_art_artwork_id,rdfs:subPropertyOf,owl.AnnotationProperty
rc.minneapolis_institute_of_art_artwork_id,rdfs:subPropertyOf,kko.identifiers
rc.minneapolis_institute_of_art_constituent_id,rdfs:subPropertyOf,owl.AnnotationProperty
rc.minneapolis_institute_of_art_constituent_id,rdfs:subPropertyOf,kko.identifiers
rc.minnesota_legislator_id,rdfs:subPropertyOf,owl.AnnotationProperty
rc.minnesota_legislator_id,rdfs:subPropertyOf,kko.identifiers
rc.minor_planet_center_observatory_code,rdfs:subPropertyOf,owl.AnnotationProperty
rc.minor_planet_center_observatory_code,rdfs:subPropertyOf,kko.identifiers
rc.mir_bel_journal_id,rdfs:subPropertyOf,owl.AnnotationProperty
rc.mir_bel_journal_id,rdfs:subPropertyOf,kko.identifiers
rc.mir_tar_base_id,rdfs:subPropertyOf,owl.AnnotationProperty
rc.mir_tar_base_id,rdfs:subPropertyOf,kko.identifiers
rc.misjonsarkiv_person_id,rdfs:subPropertyOf,owl.AnnotationProperty
rc.misjonsarkiv_person_id,rdfs:subPropertyOf,kko.identifiers
rc.mississippi_sports_hall_of_fame_id,rdfs:subPropertyOf,owl.AnnotationProperty
rc.mississippi_sports_hall_of_fame_id,rdfs:subPropertyOf,kko.identifiers
rc.missouri_sports_hall_of_fame_id,rdfs:subPropertyOf,owl.AnnotationProperty
rc.missouri_sports_hall_of_fame_id,rdfs:subPropertyOf,kko.identifiers
rc.mix_n_match_catalogue_id,rdfs:subPropertyOf,owl.AnnotationProperty
rc.mix_n_match_catalogue_id,rdfs:subPropertyOf,kko.identifiers
rc.mlb_com_player_id,rdfs:subPropertyOf,owl.AnnotationProperty
rc.mlb_com_player_id,rdfs:subPropertyOf,kko.identifiers
rc.mll_player_id,rdfs:subPropertyOf,owl.AnnotationProperty
rc.mll_player_id,rdfs:subPropertyOf,kko.identifiers
rc.mls_player_id,rdfs:subPropertyOf,owl.AnnotationProperty
rc.mls_player_id,rdfs:subPropertyOf,kko.identifiers
rc.mmsi,rdfs:subPropertyOf,owl.AnnotationProperty
rc.mmsi,rdfs:subPropertyOf,kko.identifiers
rc.mncars_artist_id,rdfs:subPropertyOf,owl.AnnotationProperty
rc.mncars_artist_id,rdfs:subPropertyOf,kko.identifiers
rc.mo_id,rdfs:subPropertyOf,owl.AnnotationProperty
rc.mo_id,rdfs:subPropertyOf,kko.identifiers
rc.mobile_country_code,rdfs:subPropertyOf,owl.AnnotationProperty
rc.mobile_country_code,rdfs:subPropertyOf,kko.codes
rc.mobile_network_code,rdfs:subPropertyOf,owl.AnnotationProperty
rc.mobile_network_code,rdfs:subPropertyOf,kko.codes
rc.moby_games_company_id,rdfs:subPropertyOf,owl.AnnotationProperty
rc.moby_games_company_id,rdfs:subPropertyOf,kko.identifiers
rc.moby_games_developer_id,rdfs:subPropertyOf,owl.AnnotationProperty
rc.moby_games_developer_id,rdfs:subPropertyOf,kko.identifiers
rc.moby_games_id,rdfs:subPropertyOf,owl.AnnotationProperty
rc.moby_games_id,rdfs:subPropertyOf,kko.identifiers
rc.model_manual_id,rdfs:subPropertyOf,owl.AnnotationProperty
rc.model_manual_id,rdfs:subPropertyOf,kko.identifiers
rc.models_com_client_id,rdfs:subPropertyOf,owl.AnnotationProperty
rc.models_com_client_id,rdfs:subPropertyOf,kko.identifiers
rc.models_com_person_id,rdfs:subPropertyOf,owl.AnnotationProperty
rc.models_com_person_id,rdfs:subPropertyOf,kko.identifiers
rc.molendatabase_verdwenen_molens_id,rdfs:subPropertyOf,owl.AnnotationProperty
rc.molendatabase_verdwenen_molens_id,rdfs:subPropertyOf,kko.identifiers
rc.molenecho_s_id,rdfs:subPropertyOf,owl.AnnotationProperty
rc.molenecho_s_id,rdfs:subPropertyOf,kko.identifiers
rc.monogram,rdfs:subPropertyOf,owl.AnnotationProperty
rc.monogram,rdfs:subPropertyOf,kko.media
rc.monte_carlo_particle_number,rdfs:subPropertyOf,owl.AnnotationProperty
rc.monte_carlo_particle_number,rdfs:subPropertyOf,kko.identifiers
rc.monumentos_de_s_o_paulo_id,rdfs:subPropertyOf,owl.AnnotationProperty
rc.monumentos_de_s_o_paulo_id,rdfs:subPropertyOf,kko.identifiers
rc.mooma_artist_id,rdfs:subPropertyOf,owl.AnnotationProperty
rc.mooma_artist_id,rdfs:subPropertyOf,kko.identifiers
rc.moto_gp_racer_id,rdfs:subPropertyOf,owl.AnnotationProperty
rc.moto_gp_racer_id,rdfs:subPropertyOf,kko.identifiers
rc.motto,rdfs:subPropertyOf,owl.AnnotationProperty
rc.motto,rdfs:subPropertyOf,kko.descriptions
rc.motto_text,rdfs:subPropertyOf,owl.AnnotationProperty
rc.motto_text,rdfs:subPropertyOf,kko.descriptions
rc.mountain_bike_hall_of_fame_inductee_id,rdfs:subPropertyOf,owl.AnnotationProperty
rc.mountain_bike_hall_of_fame_inductee_id,rdfs:subPropertyOf,kko.identifiers
rc.mountain_project_id,rdfs:subPropertyOf,owl.AnnotationProperty
rc.mountain_project_id,rdfs:subPropertyOf,kko.identifiers
rc.mouse_genome_informatics_id,rdfs:subPropertyOf,owl.AnnotationProperty
rc.mouse_genome_informatics_id,rdfs:subPropertyOf,kko.identifiers
rc.movie_meter_director_id,rdfs:subPropertyOf,owl.AnnotationProperty
rc.movie_meter_director_id,rdfs:subPropertyOf,kko.identifiers
rc.movie_meter_film_id,rdfs:subPropertyOf,owl.AnnotationProperty
rc.movie_meter_film_id,rdfs:subPropertyOf,kko.identifiers
rc.movie_walker_id,rdfs:subPropertyOf,owl.AnnotationProperty
rc.movie_walker_id,rdfs:subPropertyOf,kko.identifiers
rc.movieplayer_film_id,rdfs:subPropertyOf,owl.AnnotationProperty
rc.movieplayer_film_id,rdfs:subPropertyOf,kko.identifiers
rc.movieplayer_person_id,rdfs:subPropertyOf,owl.AnnotationProperty
rc.movieplayer_person_id,rdfs:subPropertyOf,kko.identifiers
rc.movieplayer_tv_series_id,rdfs:subPropertyOf,owl.AnnotationProperty
rc.movieplayer_tv_series_id,rdfs:subPropertyOf,kko.identifiers
rc.mpn,rdfs:subPropertyOf,owl.AnnotationProperty
rc.mpn,rdfs:subPropertyOf,kko.identifiers
rc.mr_author_id,rdfs:subPropertyOf,owl.AnnotationProperty
rc.mr_author_id,rdfs:subPropertyOf,kko.identifiers
rc.msbi_person_id,rdfs:subPropertyOf,owl.AnnotationProperty
rc.msbi_person_id,rdfs:subPropertyOf,kko.identifiers
rc.msk_gent_work_pid,rdfs:subPropertyOf,owl.AnnotationProperty
rc.msk_gent_work_pid,rdfs:subPropertyOf,kko.identifiers
rc.msw_id,rdfs:subPropertyOf,owl.AnnotationProperty
rc.msw_id,rdfs:subPropertyOf,kko.identifiers
rc.mtmt_author_id,rdfs:subPropertyOf,owl.AnnotationProperty
rc.mtmt_author_id,rdfs:subPropertyOf,kko.identifiers
rc.mtr_station_code,rdfs:subPropertyOf,owl.AnnotationProperty
rc.mtr_station_code,rdfs:subPropertyOf,kko.identifiers
rc.mu_be_virtual_id,rdfs:subPropertyOf,owl.AnnotationProperty
rc.mu_be_virtual_id,rdfs:subPropertyOf,kko.identifiers
rc.mu_is_object_id,rdfs:subPropertyOf,owl.AnnotationProperty
rc.mu_is_object_id,rdfs:subPropertyOf,kko.identifiers
rc.mu_is_person_or_group_id,rdfs:subPropertyOf,owl.AnnotationProperty
rc.mu_is_person_or_group_id,rdfs:subPropertyOf,kko.identifiers
rc.municipality_code_denmark,rdfs:subPropertyOf,owl.AnnotationProperty
rc.municipality_code_denmark,rdfs:subPropertyOf,kko.identifiers
rc.munk_s_roll_id,rdfs:subPropertyOf,owl.AnnotationProperty
rc.munk_s_roll_id,rdfs:subPropertyOf,kko.identifiers
rc.munzinger_iba,rdfs:subPropertyOf,owl.AnnotationProperty
rc.munzinger_iba,rdfs:subPropertyOf,kko.identifiers
rc.munzinger_pop_id,rdfs:subPropertyOf,owl.AnnotationProperty
rc.munzinger_pop_id,rdfs:subPropertyOf,kko.identifiers
rc.munzinger_sport_number,rdfs:subPropertyOf,owl.AnnotationProperty
rc.munzinger_sport_number,rdfs:subPropertyOf,kko.identifiers
rc.musee_d_orsay_artist_id,rdfs:subPropertyOf,owl.AnnotationProperty
rc.musee_d_orsay_artist_id,rdfs:subPropertyOf,kko.identifiers
rc.musee_d_orsay_artwork_id,rdfs:subPropertyOf,owl.AnnotationProperty
rc.musee_d_orsay_artwork_id,rdfs:subPropertyOf,kko.identifiers
rc.musee_des_augustins_artwork_id,rdfs:subPropertyOf,owl.AnnotationProperty
rc.musee_des_augustins_artwork_id,rdfs:subPropertyOf,kko.identifiers
rc.museofile,rdfs:subPropertyOf,owl.AnnotationProperty
rc.museofile,rdfs:subPropertyOf,kko.identifiers
rc.museum_of_fine_arts_boston_object_id,rdfs:subPropertyOf,owl.AnnotationProperty
rc.museum_of_fine_arts_boston_object_id,rdfs:subPropertyOf,kko.identifiers
rc.museum_of_fine_arts_houston_object_id,rdfs:subPropertyOf,owl.AnnotationProperty
rc.museum_of_fine_arts_houston_object_id,rdfs:subPropertyOf,kko.identifiers
rc.museum_of_modern_art_artist_id,rdfs:subPropertyOf,owl.AnnotationProperty
rc.museum_of_modern_art_artist_id,rdfs:subPropertyOf,kko.identifiers
rc.museum_of_modern_art_work_id,rdfs:subPropertyOf,owl.AnnotationProperty
rc.museum_of_modern_art_work_id,rdfs:subPropertyOf,kko.identifiers
rc.music_brainz_area_id,rdfs:subPropertyOf,owl.AnnotationProperty
rc.music_brainz_area_id,rdfs:subPropertyOf,kko.identifiers
rc.music_brainz_artist_id,rdfs:subPropertyOf,owl.AnnotationProperty
rc.music_brainz_artist_id,rdfs:subPropertyOf,kko.identifiers
rc.music_brainz_instrument_id,rdfs:subPropertyOf,owl.AnnotationProperty
rc.music_brainz_instrument_id,rdfs:subPropertyOf,kko.identifiers
rc.music_brainz_label_id,rdfs:subPropertyOf,owl.AnnotationProperty
rc.music_brainz_label_id,rdfs:subPropertyOf,kko.identifiers
rc.music_brainz_place_id,rdfs:subPropertyOf,owl.AnnotationProperty
rc.music_brainz_place_id,rdfs:subPropertyOf,kko.identifiers
rc.music_brainz_recording_id,rdfs:subPropertyOf,owl.AnnotationProperty
rc.music_brainz_recording_id,rdfs:subPropertyOf,kko.identifiers
rc.music_brainz_release_group_id,rdfs:subPropertyOf,owl.AnnotationProperty
rc.music_brainz_release_group_id,rdfs:subPropertyOf,kko.identifiers
rc.music_brainz_series_id,rdfs:subPropertyOf,owl.AnnotationProperty
rc.music_brainz_series_id,rdfs:subPropertyOf,kko.identifiers
rc.music_brainz_work_id,rdfs:subPropertyOf,owl.AnnotationProperty
rc.music_brainz_work_id,rdfs:subPropertyOf,kko.identifiers
rc.musikverket_person_id,rdfs:subPropertyOf,owl.AnnotationProperty
rc.musikverket_person_id,rdfs:subPropertyOf,kko.identifiers
rc.musopen_composer_id,rdfs:subPropertyOf,owl.AnnotationProperty
rc.musopen_composer_id,rdfs:subPropertyOf,kko.identifiers
rc.mutopia_composer_id,rdfs:subPropertyOf,owl.AnnotationProperty
rc.mutopia_composer_id,rdfs:subPropertyOf,kko.identifiers
rc.my_anime_list_anime_id,rdfs:subPropertyOf,owl.AnnotationProperty
rc.my_anime_list_anime_id,rdfs:subPropertyOf,kko.identifiers
rc.my_anime_list_character_id,rdfs:subPropertyOf,owl.AnnotationProperty
rc.my_anime_list_character_id,rdfs:subPropertyOf,kko.identifiers
rc.my_anime_list_manga_id,rdfs:subPropertyOf,owl.AnnotationProperty
rc.my_anime_list_manga_id,rdfs:subPropertyOf,kko.identifiers
rc.my_anime_list_people_id,rdfs:subPropertyOf,owl.AnnotationProperty
rc.my_anime_list_people_id,rdfs:subPropertyOf,kko.identifiers
rc.my_drama_list_name_id,rdfs:subPropertyOf,owl.AnnotationProperty
rc.my_drama_list_name_id,rdfs:subPropertyOf,kko.identifiers
rc.my_drama_list_title_id,rdfs:subPropertyOf,owl.AnnotationProperty
rc.my_drama_list_title_id,rdfs:subPropertyOf,kko.identifiers
rc.my_space_id,rdfs:subPropertyOf,owl.AnnotationProperty
rc.my_space_id,rdfs:subPropertyOf,kko.identifiers
rc.myco_bank_taxon_name_id,rdfs:subPropertyOf,owl.AnnotationProperty
rc.myco_bank_taxon_name_id,rdfs:subPropertyOf,kko.identifiers
rc.n_6_i_id_obsolete,rdfs:subPropertyOf,owl.AnnotationProperty
rc.n_6_i_id_obsolete,rdfs:subPropertyOf,kko.identifiers
rc.nace_code,rdfs:subPropertyOf,owl.AnnotationProperty
rc.nace_code,rdfs:subPropertyOf,kko.codes
rc.naics,rdfs:subPropertyOf,owl.AnnotationProperty
rc.naics,rdfs:subPropertyOf,kko.codes
rc.naics_code,rdfs:subPropertyOf,owl.AnnotationProperty
rc.naics_code,rdfs:subPropertyOf,kko.codes
rc.naif_id,rdfs:subPropertyOf,owl.AnnotationProperty
rc.naif_id,rdfs:subPropertyOf,kko.identifiers
rc.naismith_memorial_basketball_hall_of_fame_id,rdfs:subPropertyOf,owl.AnnotationProperty
rc.naismith_memorial_basketball_hall_of_fame_id,rdfs:subPropertyOf,kko.identifiers
rc.nalt_id,rdfs:subPropertyOf,owl.AnnotationProperty
rc.nalt_id,rdfs:subPropertyOf,kko.identifiers
rc.name_assigning_authority_number,rdfs:subPropertyOf,owl.AnnotationProperty
rc.name_assigning_authority_number,rdfs:subPropertyOf,kko.identifiers
rc.name_in_kana,rdfs:subPropertyOf,owl.AnnotationProperty
rc.name_in_kana,rdfs:subPropertyOf,kko.labels
rc.name_in_native_language,rdfs:subPropertyOf,owl.AnnotationProperty
rc.name_in_native_language,rdfs:subPropertyOf,kko.labels
rc.named_as,rdfs:subPropertyOf,owl.AnnotationProperty
rc.named_as,rdfs:subPropertyOf,kko.labels
rc.naq_elected_person_id,rdfs:subPropertyOf,owl.AnnotationProperty
rc.naq_elected_person_id,rdfs:subPropertyOf,kko.identifiers
rc.nasa_biographical_id,rdfs:subPropertyOf,owl.AnnotationProperty
rc.nasa_biographical_id,rdfs:subPropertyOf,kko.identifiers
rc.nasjonalbiblioteket_photographer_id,rdfs:subPropertyOf,owl.AnnotationProperty
rc.nasjonalbiblioteket_photographer_id,rdfs:subPropertyOf,kko.identifiers
rc.national_academy_of_medicine_france_member_id,rdfs:subPropertyOf,owl.AnnotationProperty
rc.national_academy_of_medicine_france_member_id,rdfs:subPropertyOf,kko.identifiers
rc.national_assembly_of_nigeria_id,rdfs:subPropertyOf,owl.AnnotationProperty
rc.national_assembly_of_nigeria_id,rdfs:subPropertyOf,kko.identifiers
rc.national_baseball_hall_of_fame_and_museum_id,rdfs:subPropertyOf,owl.AnnotationProperty
rc.national_baseball_hall_of_fame_and_museum_id,rdfs:subPropertyOf,kko.identifiers
rc.national_bridge_inventory_number,rdfs:subPropertyOf,owl.AnnotationProperty
rc.national_bridge_inventory_number,rdfs:subPropertyOf,kko.identifiers
rc.national_cancer_institute_id,rdfs:subPropertyOf,owl.AnnotationProperty
rc.national_cancer_institute_id,rdfs:subPropertyOf,kko.identifiers
rc.national_collegiate_basketball_hall_of_fame_id,rdfs:subPropertyOf,owl.AnnotationProperty
rc.national_collegiate_basketball_hall_of_fame_id,rdfs:subPropertyOf,kko.identifiers
rc.national_diet_library_auth_id,rdfs:subPropertyOf,owl.AnnotationProperty
rc.national_diet_library_auth_id,rdfs:subPropertyOf,kko.identifiers
rc.national_discography_of_italian_song_artist_group_id,rdfs:subPropertyOf,owl.AnnotationProperty
rc.national_discography_of_italian_song_artist_group_id,rdfs:subPropertyOf,kko.identifiers
rc.national_discography_of_italian_song_work_id,rdfs:subPropertyOf,owl.AnnotationProperty
rc.national_discography_of_italian_song_work_id,rdfs:subPropertyOf,kko.identifiers
rc.national_film_board_of_canada_film_id,rdfs:subPropertyOf,owl.AnnotationProperty
rc.national_film_board_of_canada_film_id,rdfs:subPropertyOf,kko.identifiers
rc.national_football_teams_com_player_id,rdfs:subPropertyOf,owl.AnnotationProperty
rc.national_football_teams_com_player_id,rdfs:subPropertyOf,kko.identifiers
rc.national_forest_foundation_id,rdfs:subPropertyOf,owl.AnnotationProperty
rc.national_forest_foundation_id,rdfs:subPropertyOf,kko.identifiers
rc.national_gallery_of_art_artist_id,rdfs:subPropertyOf,owl.AnnotationProperty
rc.national_gallery_of_art_artist_id,rdfs:subPropertyOf,kko.identifiers
rc.national_gallery_of_art_artwork_id,rdfs:subPropertyOf,owl.AnnotationProperty
rc.national_gallery_of_art_artwork_id,rdfs:subPropertyOf,kko.identifiers
rc.national_gallery_of_victoria_artist_id,rdfs:subPropertyOf,owl.AnnotationProperty
rc.national_gallery_of_victoria_artist_id,rdfs:subPropertyOf,kko.identifiers
rc.national_gallery_of_victoria_artwork_id,rdfs:subPropertyOf,owl.AnnotationProperty
rc.national_gallery_of_victoria_artwork_id,rdfs:subPropertyOf,kko.identifiers
rc.national_heritage_list_for_england_number,rdfs:subPropertyOf,owl.AnnotationProperty
rc.national_heritage_list_for_england_number,rdfs:subPropertyOf,kko.identifiers
rc.national_historic_ships_certificate_number,rdfs:subPropertyOf,owl.AnnotationProperty
rc.national_historic_ships_certificate_number,rdfs:subPropertyOf,kko.identifiers
rc.national_historic_sites_of_canada_id,rdfs:subPropertyOf,owl.AnnotationProperty
rc.national_historic_sites_of_canada_id,rdfs:subPropertyOf,kko.identifiers
rc.national_inventors_hall_of_fame_id,rdfs:subPropertyOf,owl.AnnotationProperty
rc.national_inventors_hall_of_fame_id,rdfs:subPropertyOf,kko.identifiers
rc.national_inventory_of_canadian_military_memorials_id,rdfs:subPropertyOf,owl.AnnotationProperty
rc.national_inventory_of_canadian_military_memorials_id,rdfs:subPropertyOf,kko.identifiers
rc.national_library_board_singapore_id,rdfs:subPropertyOf,owl.AnnotationProperty
rc.national_library_board_singapore_id,rdfs:subPropertyOf,kko.identifiers
rc.national_library_of_australia_id,rdfs:subPropertyOf,owl.AnnotationProperty
rc.national_library_of_australia_id,rdfs:subPropertyOf,kko.identifiers
rc.national_library_of_brazil_id,rdfs:subPropertyOf,owl.AnnotationProperty
rc.national_library_of_brazil_id,rdfs:subPropertyOf,kko.identifiers
rc.national_library_of_greece_id,rdfs:subPropertyOf,owl.AnnotationProperty
rc.national_library_of_greece_id,rdfs:subPropertyOf,kko.identifiers
rc.national_library_of_israel_identifier,rdfs:subPropertyOf,owl.AnnotationProperty
rc.national_library_of_israel_identifier,rdfs:subPropertyOf,kko.identifiers
rc.national_library_of_wales_authority_id,rdfs:subPropertyOf,owl.AnnotationProperty
rc.national_library_of_wales_authority_id,rdfs:subPropertyOf,kko.identifiers
rc.national_monuments_of_namibia_site_reference,rdfs:subPropertyOf,owl.AnnotationProperty
rc.national_monuments_of_namibia_site_reference,rdfs:subPropertyOf,kko.identifiers
rc.national_natural_landmarks_site_id,rdfs:subPropertyOf,owl.AnnotationProperty
rc.national_natural_landmarks_site_id,rdfs:subPropertyOf,kko.identifiers
rc.national_park_foundation_id,rdfs:subPropertyOf,owl.AnnotationProperty
rc.national_park_foundation_id,rdfs:subPropertyOf,kko.identifiers
rc.national_pipe_organ_register_id,rdfs:subPropertyOf,owl.AnnotationProperty
rc.national_pipe_organ_register_id,rdfs:subPropertyOf,kko.identifiers
rc.national_portrait_gallery_london_person_id,rdfs:subPropertyOf,owl.AnnotationProperty
rc.national_portrait_gallery_london_person_id,rdfs:subPropertyOf,kko.identifiers
rc.national_record_of_the_historic_environment_id,rdfs:subPropertyOf,owl.AnnotationProperty
rc.national_record_of_the_historic_environment_id,rdfs:subPropertyOf,kko.identifiers
rc.national_recreation_trails_database_id,rdfs:subPropertyOf,owl.AnnotationProperty
rc.national_recreation_trails_database_id,rdfs:subPropertyOf,kko.identifiers
rc.national_track_field_hall_of_fame_athlete_id,rdfs:subPropertyOf,owl.AnnotationProperty
rc.national_track_field_hall_of_fame_athlete_id,rdfs:subPropertyOf,kko.identifiers
rc.national_trust_collections_id,rdfs:subPropertyOf,owl.AnnotationProperty
rc.national_trust_collections_id,rdfs:subPropertyOf,kko.identifiers
rc.nationalmuseum_sweden_artist_id,rdfs:subPropertyOf,owl.AnnotationProperty
rc.nationalmuseum_sweden_artist_id,rdfs:subPropertyOf,kko.identifiers
rc.nationalmuseum_sweden_artwork_id,rdfs:subPropertyOf,owl.AnnotationProperty
rc.nationalmuseum_sweden_artwork_id,rdfs:subPropertyOf,kko.identifiers
rc.native_label,rdfs:subPropertyOf,owl.AnnotationProperty
rc.native_label,rdfs:subPropertyOf,kko.labels
rc.nato_code_for_grade,rdfs:subPropertyOf,owl.AnnotationProperty
rc.nato_code_for_grade,rdfs:subPropertyOf,kko.codes
rc.nato_reporting_name,rdfs:subPropertyOf,owl.AnnotationProperty
rc.nato_reporting_name,rdfs:subPropertyOf,kko.media
rc.natura_2000_site_id,rdfs:subPropertyOf,owl.AnnotationProperty
rc.natura_2000_site_id,rdfs:subPropertyOf,kko.identifiers
rc.naturbase_id,rdfs:subPropertyOf,owl.AnnotationProperty
rc.naturbase_id,rdfs:subPropertyOf,kko.identifiers
rc.nature_preserve_in_north_rhine_westphalia_id,rdfs:subPropertyOf,owl.AnnotationProperty
rc.nature_preserve_in_north_rhine_westphalia_id,rdfs:subPropertyOf,kko.identifiers
rc.naturvardsregistret_id,rdfs:subPropertyOf,owl.AnnotationProperty
rc.naturvardsregistret_id,rdfs:subPropertyOf,kko.identifiers
rc.nava_id,rdfs:subPropertyOf,owl.AnnotationProperty
rc.nava_id,rdfs:subPropertyOf,kko.identifiers
rc.nba_com_player_id,rdfs:subPropertyOf,owl.AnnotationProperty
rc.nba_com_player_id,rdfs:subPropertyOf,kko.identifiers
rc.nbn_system_key,rdfs:subPropertyOf,owl.AnnotationProperty
rc.nbn_system_key,rdfs:subPropertyOf,kko.identifiers
rc.ncbi_locus_tag,rdfs:subPropertyOf,owl.AnnotationProperty
rc.ncbi_locus_tag,rdfs:subPropertyOf,kko.identifiers
rc.ncbi_taxonomy_id,rdfs:subPropertyOf,owl.AnnotationProperty
rc.ncbi_taxonomy_id,rdfs:subPropertyOf,kko.identifiers
rc.nces_district_id,rdfs:subPropertyOf,owl.AnnotationProperty
rc.nces_district_id,rdfs:subPropertyOf,kko.identifiers
rc.nces_school_id,rdfs:subPropertyOf,owl.AnnotationProperty
rc.nces_school_id,rdfs:subPropertyOf,kko.identifiers
rc.nci_thesaurus_id,rdfs:subPropertyOf,owl.AnnotationProperty
rc.nci_thesaurus_id,rdfs:subPropertyOf,kko.identifiers
rc.ncl_id,rdfs:subPropertyOf,owl.AnnotationProperty
rc.ncl_id,rdfs:subPropertyOf,kko.identifiers
rc.ncmec_person_id,rdfs:subPropertyOf,owl.AnnotationProperty
rc.ncmec_person_id,rdfs:subPropertyOf,kko.identifiers
rc.ndf_rt_id,rdfs:subPropertyOf,owl.AnnotationProperty
rc.ndf_rt_id,rdfs:subPropertyOf,kko.identifiers
rc.ndl_bib_id,rdfs:subPropertyOf,owl.AnnotationProperty
rc.ndl_bib_id,rdfs:subPropertyOf,kko.identifiers
rc.ndl_jpno,rdfs:subPropertyOf,owl.AnnotationProperty
rc.ndl_jpno,rdfs:subPropertyOf,kko.identifiers
rc.ne_se_id,rdfs:subPropertyOf,owl.AnnotationProperty
rc.ne_se_id,rdfs:subPropertyOf,kko.identifiers
rc.nederlands_soortenregister_id,rdfs:subPropertyOf,owl.AnnotationProperty
rc.nederlands_soortenregister_id,rdfs:subPropertyOf,kko.identifiers
rc.nederlandse_molendatabase_id,rdfs:subPropertyOf,owl.AnnotationProperty
rc.nederlandse_molendatabase_id,rdfs:subPropertyOf,kko.identifiers
rc.netflix_id,rdfs:subPropertyOf,owl.AnnotationProperty
rc.netflix_id,rdfs:subPropertyOf,kko.identifiers
rc.neuro_names_id_plain_mode,rdfs:subPropertyOf,owl.AnnotationProperty
rc.neuro_names_id_plain_mode,rdfs:subPropertyOf,kko.identifiers
rc.neurolex_id,rdfs:subPropertyOf,owl.AnnotationProperty
rc.neurolex_id,rdfs:subPropertyOf,kko.identifiers
rc.new_brunswick_sports_hall_of_fame_athlete_id,rdfs:subPropertyOf,owl.AnnotationProperty
rc.new_brunswick_sports_hall_of_fame_athlete_id,rdfs:subPropertyOf,kko.identifiers
rc.new_general_catalogue_id,rdfs:subPropertyOf,owl.AnnotationProperty
rc.new_general_catalogue_id,rdfs:subPropertyOf,kko.identifiers
rc.new_georgia_encyclopedia_id,rdfs:subPropertyOf,owl.AnnotationProperty
rc.new_georgia_encyclopedia_id,rdfs:subPropertyOf,kko.identifiers
rc.new_mexico_sports_hall_of_fame_id,rdfs:subPropertyOf,owl.AnnotationProperty
rc.new_mexico_sports_hall_of_fame_id,rdfs:subPropertyOf,kko.identifiers
rc.new_york_city_landmarks_preservation_commission_id,rdfs:subPropertyOf,owl.AnnotationProperty
rc.new_york_city_landmarks_preservation_commission_id,rdfs:subPropertyOf,kko.identifiers
rc.new_york_city_parks_monument_id,rdfs:subPropertyOf,owl.AnnotationProperty
rc.new_york_city_parks_monument_id,rdfs:subPropertyOf,kko.identifiers
rc.new_zealand_heritage_list_number,rdfs:subPropertyOf,owl.AnnotationProperty
rc.new_zealand_heritage_list_number,rdfs:subPropertyOf,kko.identifiers
rc.new_zealand_olympic_committee_athlete_id,rdfs:subPropertyOf,owl.AnnotationProperty
rc.new_zealand_olympic_committee_athlete_id,rdfs:subPropertyOf,kko.identifiers
rc.new_zealand_organisms_register_id,rdfs:subPropertyOf,owl.AnnotationProperty
rc.new_zealand_organisms_register_id,rdfs:subPropertyOf,kko.identifiers
rc.new_zealand_sports_hall_of_fame_id,rdfs:subPropertyOf,owl.AnnotationProperty
rc.new_zealand_sports_hall_of_fame_id,rdfs:subPropertyOf,kko.identifiers
rc.next_item,rdfs:subPropertyOf,owl.AnnotationProperty
rc.next_item,rdfs:subPropertyOf,kko.lists
rc.nff_person_id,rdfs:subPropertyOf,owl.AnnotationProperty
rc.nff_person_id,rdfs:subPropertyOf,kko.identifiers
rc.nfl_com_id,rdfs:subPropertyOf,owl.AnnotationProperty
rc.nfl_com_id,rdfs:subPropertyOf,kko.identifiers
rc.nga_lighthouse_id,rdfs:subPropertyOf,owl.AnnotationProperty
rc.nga_lighthouse_id,rdfs:subPropertyOf,kko.identifiers
rc.nhf_player_id,rdfs:subPropertyOf,owl.AnnotationProperty
rc.nhf_player_id,rdfs:subPropertyOf,kko.identifiers
rc.nhl_com_player_id,rdfs:subPropertyOf,owl.AnnotationProperty
rc.nhl_com_player_id,rdfs:subPropertyOf,kko.identifiers
rc.niaid_chem_db_id,rdfs:subPropertyOf,owl.AnnotationProperty
rc.niaid_chem_db_id,rdfs:subPropertyOf,kko.identifiers
rc.nickname,rdfs:subPropertyOf,owl.AnnotationProperty
rc.nickname,rdfs:subPropertyOf,kko.labels
rc.niea_building_id,rdfs:subPropertyOf,owl.AnnotationProperty
rc.niea_building_id,rdfs:subPropertyOf,kko.identifiers
rc.nighttime_view,rdfs:subPropertyOf,owl.AnnotationProperty
rc.nighttime_view,rdfs:subPropertyOf,kko.media
rc.nihon_tarento_meikan_id,rdfs:subPropertyOf,owl.AnnotationProperty
rc.nihon_tarento_meikan_id,rdfs:subPropertyOf,kko.identifiers
rc.nikkaji_id,rdfs:subPropertyOf,owl.AnnotationProperty
rc.nikkaji_id,rdfs:subPropertyOf,kko.identifiers
rc.nilf_author_id,rdfs:subPropertyOf,owl.AnnotationProperty
rc.nilf_author_id,rdfs:subPropertyOf,kko.identifiers
rc.nintendo_of_america_game_store_id,rdfs:subPropertyOf,owl.AnnotationProperty
rc.nintendo_of_america_game_store_id,rdfs:subPropertyOf,kko.identifiers
rc.niosh_pocket_guide_id,rdfs:subPropertyOf,owl.AnnotationProperty
rc.niosh_pocket_guide_id,rdfs:subPropertyOf,kko.identifiers
rc.nioshtic_2_id,rdfs:subPropertyOf,owl.AnnotationProperty
rc.nioshtic_2_id,rdfs:subPropertyOf,kko.identifiers
rc.nis_ins_code,rdfs:subPropertyOf,owl.AnnotationProperty
rc.nis_ins_code,rdfs:subPropertyOf,kko.identifiers
rc.nish_hall_of_fame_id,rdfs:subPropertyOf,owl.AnnotationProperty
rc.nish_hall_of_fame_id,rdfs:subPropertyOf,kko.identifiers
rc.nist_codata_id,rdfs:subPropertyOf,owl.AnnotationProperty
rc.nist_codata_id,rdfs:subPropertyOf,kko.identifiers
rc.nkcr_aut_id,rdfs:subPropertyOf,owl.AnnotationProperty
rc.nkcr_aut_id,rdfs:subPropertyOf,kko.identifiers
rc.nlbpa_id,rdfs:subPropertyOf,owl.AnnotationProperty
rc.nlbpa_id,rdfs:subPropertyOf,kko.identifiers
rc.nlc_authorities,rdfs:subPropertyOf,owl.AnnotationProperty
rc.nlc_authorities,rdfs:subPropertyOf,kko.identifiers
rc.nll_player_id,rdfs:subPropertyOf,owl.AnnotationProperty
rc.nll_player_id,rdfs:subPropertyOf,kko.identifiers
rc.nlm_unique_id,rdfs:subPropertyOf,owl.AnnotationProperty
rc.nlm_unique_id,rdfs:subPropertyOf,kko.identifiers
rc.nlp_id_unique,rdfs:subPropertyOf,owl.AnnotationProperty
rc.nlp_id_unique,rdfs:subPropertyOf,kko.identifiers
rc.nlr_id_romania,rdfs:subPropertyOf,owl.AnnotationProperty
rc.nlr_id_romania,rdfs:subPropertyOf,kko.identifiers
rc.nndb_people_id,rdfs:subPropertyOf,owl.AnnotationProperty
rc.nndb_people_id,rdfs:subPropertyOf,kko.identifiers
rc.nnl_work_id,rdfs:subPropertyOf,owl.AnnotationProperty
rc.nnl_work_id,rdfs:subPropertyOf,kko.identifiers
rc.nobel_prize_id,rdfs:subPropertyOf,owl.AnnotationProperty
rc.nobel_prize_id,rdfs:subPropertyOf,kko.identifiers
rc.nobel_prize_people_nomination_id,rdfs:subPropertyOf,owl.AnnotationProperty
rc.nobel_prize_people_nomination_id,rdfs:subPropertyOf,kko.identifiers
rc.noble_title,rdfs:subPropertyOf,owl.AnnotationProperty
rc.noble_title,rdfs:subPropertyOf,kko.labels
rc.noc_occupation_code,rdfs:subPropertyOf,owl.AnnotationProperty
rc.noc_occupation_code,rdfs:subPropertyOf,kko.codes
rc.nominis_given_name_id,rdfs:subPropertyOf,owl.AnnotationProperty
rc.nominis_given_name_id,rdfs:subPropertyOf,kko.identifiers
rc.nominis_saint_id,rdfs:subPropertyOf,owl.AnnotationProperty
rc.nominis_saint_id,rdfs:subPropertyOf,kko.identifiers
rc.nomisma_id,rdfs:subPropertyOf,owl.AnnotationProperty
rc.nomisma_id,rdfs:subPropertyOf,kko.identifiers
rc.nor,rdfs:subPropertyOf,owl.AnnotationProperty
rc.nor,rdfs:subPropertyOf,kko.identifiers
rc.north_carolina_sports_hall_of_fame_id,rdfs:subPropertyOf,owl.AnnotationProperty
rc.north_carolina_sports_hall_of_fame_id,rdfs:subPropertyOf,kko.identifiers
rc.northern_ireland_charity_number,rdfs:subPropertyOf,owl.AnnotationProperty
rc.northern_ireland_charity_number,rdfs:subPropertyOf,kko.identifiers
rc.norway_database_for_statistics_on_higher_education_publisher_id,rdfs:subPropertyOf,owl.AnnotationProperty
rc.norway_database_for_statistics_on_higher_education_publisher_id,rdfs:subPropertyOf,kko.identifiers
rc.norway_import_service_and_registration_authority_periodical_code,rdfs:subPropertyOf,owl.AnnotationProperty
rc.norway_import_service_and_registration_authority_periodical_code,rdfs:subPropertyOf,kko.identifiers
rc.norway_import_service_and_registration_authority_publisher_code,rdfs:subPropertyOf,owl.AnnotationProperty
rc.norway_import_service_and_registration_authority_publisher_code,rdfs:subPropertyOf,kko.identifiers
rc.norwegian_filmography_id,rdfs:subPropertyOf,owl.AnnotationProperty
rc.norwegian_filmography_id,rdfs:subPropertyOf,kko.identifiers
rc.norwegian_historical_register_of_persons_id,rdfs:subPropertyOf,owl.AnnotationProperty
rc.norwegian_historical_register_of_persons_id,rdfs:subPropertyOf,kko.identifiers
rc.norwegian_list_of_lights_id,rdfs:subPropertyOf,owl.AnnotationProperty
rc.norwegian_list_of_lights_id,rdfs:subPropertyOf,kko.identifiers
rc.norwegian_municipality_number,rdfs:subPropertyOf,owl.AnnotationProperty
rc.norwegian_municipality_number,rdfs:subPropertyOf,kko.identifiers
rc.norwegian_organisation_number,rdfs:subPropertyOf,owl.AnnotationProperty
rc.norwegian_organisation_number,rdfs:subPropertyOf,kko.identifiers
rc.norwegian_register_journal_id,rdfs:subPropertyOf,owl.AnnotationProperty
rc.norwegian_register_journal_id,rdfs:subPropertyOf,kko.identifiers
rc.norwegian_war_sailor_register_person_id,rdfs:subPropertyOf,owl.AnnotationProperty
rc.norwegian_war_sailor_register_person_id,rdfs:subPropertyOf,kko.identifiers
rc.nova_scotia_register_of_historic_places_id,rdfs:subPropertyOf,owl.AnnotationProperty
rc.nova_scotia_register_of_historic_places_id,rdfs:subPropertyOf,kko.identifiers
rc.nova_scotia_sport_hall_of_fame_id,rdfs:subPropertyOf,owl.AnnotationProperty
rc.nova_scotia_sport_hall_of_fame_id,rdfs:subPropertyOf,kko.identifiers
rc.npb_player_id,rdfs:subPropertyOf,owl.AnnotationProperty
rc.npb_player_id,rdfs:subPropertyOf,kko.identifiers
rc.npca_id,rdfs:subPropertyOf,owl.AnnotationProperty
rc.npca_id,rdfs:subPropertyOf,kko.identifiers
rc.nps_unit_id,rdfs:subPropertyOf,owl.AnnotationProperty
rc.nps_unit_id,rdfs:subPropertyOf,kko.identifiers
rc.npsn_indonesian_school_id,rdfs:subPropertyOf,owl.AnnotationProperty
rc.npsn_indonesian_school_id,rdfs:subPropertyOf,kko.identifiers
rc.nrhp_reference_number,rdfs:subPropertyOf,owl.AnnotationProperty
rc.nrhp_reference_number,rdfs:subPropertyOf,kko.identifiers
rc.nsc_number,rdfs:subPropertyOf,owl.AnnotationProperty
rc.nsc_number,rdfs:subPropertyOf,kko.identifiers
rc.nsdap_membership_number_1925_1945,rdfs:subPropertyOf,owl.AnnotationProperty
rc.nsdap_membership_number_1925_1945,rdfs:subPropertyOf,kko.identifiers
rc.nsk_id,rdfs:subPropertyOf,owl.AnnotationProperty
rc.nsk_id,rdfs:subPropertyOf,kko.identifiers
rc.nsw_flora_id,rdfs:subPropertyOf,owl.AnnotationProperty
rc.nsw_flora_id,rdfs:subPropertyOf,kko.identifiers
rc.nsw_heritage_database_id,rdfs:subPropertyOf,owl.AnnotationProperty
rc.nsw_heritage_database_id,rdfs:subPropertyOf,kko.identifiers
rc.nszl_id,rdfs:subPropertyOf,owl.AnnotationProperty
rc.nszl_id,rdfs:subPropertyOf,kko.identifiers
rc.nszl_name_authority_id,rdfs:subPropertyOf,owl.AnnotationProperty
rc.nszl_name_authority_id,rdfs:subPropertyOf,kko.identifiers
rc.nta_id,rdfs:subPropertyOf,owl.AnnotationProperty
rc.nta_id,rdfs:subPropertyOf,kko.identifiers
rc.nukat_id,rdfs:subPropertyOf,owl.AnnotationProperty
rc.nukat_id,rdfs:subPropertyOf,kko.identifiers
rc.nupill_literatura_digital_author,rdfs:subPropertyOf,owl.AnnotationProperty
rc.nupill_literatura_digital_author,rdfs:subPropertyOf,kko.identifiers
rc.nupill_literatura_digital_document,rdfs:subPropertyOf,owl.AnnotationProperty
rc.nupill_literatura_digital_document,rdfs:subPropertyOf,kko.identifiers
rc.nuts_code,rdfs:subPropertyOf,owl.AnnotationProperty
rc.nuts_code,rdfs:subPropertyOf,kko.identifiers
rc.nuttab_food_id,rdfs:subPropertyOf,owl.AnnotationProperty
rc.nuttab_food_id,rdfs:subPropertyOf,kko.identifiers
rc.nve_drainage_basin_regine_id,rdfs:subPropertyOf,owl.AnnotationProperty
rc.nve_drainage_basin_regine_id,rdfs:subPropertyOf,kko.identifiers
rc.nyt_topic_id,rdfs:subPropertyOf,owl.AnnotationProperty
rc.nyt_topic_id,rdfs:subPropertyOf,kko.identifiers
rc.observatoire_du_patrimoine_religieux_id,rdfs:subPropertyOf,owl.AnnotationProperty
rc.observatoire_du_patrimoine_religieux_id,rdfs:subPropertyOf,kko.identifiers
rc.oclc_control_number,rdfs:subPropertyOf,owl.AnnotationProperty
rc.oclc_control_number,rdfs:subPropertyOf,kko.identifiers
rc.odis_id,rdfs:subPropertyOf,owl.AnnotationProperty
rc.odis_id,rdfs:subPropertyOf,kko.identifiers
rc.oeis_id,rdfs:subPropertyOf,owl.AnnotationProperty
rc.oeis_id,rdfs:subPropertyOf,kko.identifiers
rc.of_db_id,rdfs:subPropertyOf,owl.AnnotationProperty
rc.of_db_id,rdfs:subPropertyOf,kko.identifiers
rc.official_blog,rdfs:subPropertyOf,owl.AnnotationProperty
rc.official_blog,rdfs:subPropertyOf,kko.pointers
rc.official_name,rdfs:subPropertyOf,owl.AnnotationProperty
rc.official_name,rdfs:subPropertyOf,kko.labels
rc.official_symbol,rdfs:subPropertyOf,owl.AnnotationProperty
rc.official_symbol,rdfs:subPropertyOf,kko.media
rc.official_website,rdfs:subPropertyOf,owl.AnnotationProperty
rc.official_website,rdfs:subPropertyOf,kko.pointers
rc.oireachtas_member_id,rdfs:subPropertyOf,owl.AnnotationProperty
rc.oireachtas_member_id,rdfs:subPropertyOf,kko.identifiers
rc.okato_id,rdfs:subPropertyOf,owl.AnnotationProperty
rc.okato_id,rdfs:subPropertyOf,kko.identifiers
rc.oklahoma_sports_hall_of_fame_id,rdfs:subPropertyOf,owl.AnnotationProperty
rc.oklahoma_sports_hall_of_fame_id,rdfs:subPropertyOf,kko.identifiers
rc.okp_id_of_the_good_or_service,rdfs:subPropertyOf,owl.AnnotationProperty
rc.okp_id_of_the_good_or_service,rdfs:subPropertyOf,kko.identifiers
rc.okpd_2_code_of_the_good_or_service,rdfs:subPropertyOf,owl.AnnotationProperty
rc.okpd_2_code_of_the_good_or_service,rdfs:subPropertyOf,kko.codes
rc.okpd_code_of_the_good_or_service,rdfs:subPropertyOf,owl.AnnotationProperty
rc.okpd_code_of_the_good_or_service,rdfs:subPropertyOf,kko.codes
rc.okpo_id,rdfs:subPropertyOf,owl.AnnotationProperty
rc.okpo_id,rdfs:subPropertyOf,kko.identifiers
rc.oktmo_id,rdfs:subPropertyOf,owl.AnnotationProperty
rc.oktmo_id,rdfs:subPropertyOf,kko.identifiers
rc.okved_1_1_code_of_the_economic_activity,rdfs:subPropertyOf,owl.AnnotationProperty
rc.okved_1_1_code_of_the_economic_activity,rdfs:subPropertyOf,kko.codes
rc.okved_2_code_of_the_economic_activity,rdfs:subPropertyOf,owl.AnnotationProperty
rc.okved_2_code_of_the_economic_activity,rdfs:subPropertyOf,kko.codes
rc.olimp_base_chess_olympiad_player_id,rdfs:subPropertyOf,owl.AnnotationProperty
rc.olimp_base_chess_olympiad_player_id,rdfs:subPropertyOf,kko.identifiers
rc.om_institution_id,rdfs:subPropertyOf,owl.AnnotationProperty
rc.om_institution_id,rdfs:subPropertyOf,kko.identifiers
rc.omega_wiki_defined_meaning,rdfs:subPropertyOf,owl.AnnotationProperty
rc.omega_wiki_defined_meaning,rdfs:subPropertyOf,kko.identifiers
rc.omim_id,rdfs:subPropertyOf,owl.AnnotationProperty
rc.omim_id,rdfs:subPropertyOf,kko.identifiers
rc.online_books_page_author_id,rdfs:subPropertyOf,owl.AnnotationProperty
rc.online_books_page_author_id,rdfs:subPropertyOf,kko.identifiers
rc.online_list_of_lights_id,rdfs:subPropertyOf,owl.AnnotationProperty
rc.online_list_of_lights_id,rdfs:subPropertyOf,kko.identifiers
rc.online_world_of_wrestling_id,rdfs:subPropertyOf,owl.AnnotationProperty
rc.online_world_of_wrestling_id,rdfs:subPropertyOf,kko.identifiers
rc.ontario_heritage_act_register_id,rdfs:subPropertyOf,owl.AnnotationProperty
rc.ontario_heritage_act_register_id,rdfs:subPropertyOf,kko.identifiers
rc.ontario_mpp_id,rdfs:subPropertyOf,owl.AnnotationProperty
rc.ontario_mpp_id,rdfs:subPropertyOf,kko.identifiers
rc.ontario_sports_hall_of_fame_athlete_id,rdfs:subPropertyOf,owl.AnnotationProperty
rc.ontario_sports_hall_of_fame_athlete_id,rdfs:subPropertyOf,kko.identifiers
rc.oo_id,rdfs:subPropertyOf,owl.AnnotationProperty
rc.oo_id,rdfs:subPropertyOf,kko.identifiers
rc.oorlogsmonument_id,rdfs:subPropertyOf,owl.AnnotationProperty
rc.oorlogsmonument_id,rdfs:subPropertyOf,kko.identifiers
rc.open_beauty_facts_category_id,rdfs:subPropertyOf,owl.AnnotationProperty
rc.open_beauty_facts_category_id,rdfs:subPropertyOf,kko.identifiers
rc.open_citations_bibliographic_resource_id,rdfs:subPropertyOf,owl.AnnotationProperty
rc.open_citations_bibliographic_resource_id,rdfs:subPropertyOf,kko.identifiers
rc.open_corporates_id,rdfs:subPropertyOf,owl.AnnotationProperty
rc.open_corporates_id,rdfs:subPropertyOf,kko.identifiers
rc.open_critic_id,rdfs:subPropertyOf,owl.AnnotationProperty
rc.open_critic_id,rdfs:subPropertyOf,kko.identifiers
rc.open_domesday_person_id,rdfs:subPropertyOf,owl.AnnotationProperty
rc.open_domesday_person_id,rdfs:subPropertyOf,kko.identifiers
rc.open_domesday_settlement_id,rdfs:subPropertyOf,owl.AnnotationProperty
rc.open_domesday_settlement_id,rdfs:subPropertyOf,kko.identifiers
rc.open_edition_journal_id,rdfs:subPropertyOf,owl.AnnotationProperty
rc.open_edition_journal_id,rdfs:subPropertyOf,kko.identifiers
rc.open_food_facts_food_additive_id,rdfs:subPropertyOf,owl.AnnotationProperty
rc.open_food_facts_food_additive_id,rdfs:subPropertyOf,kko.labels
rc.open_food_facts_food_category_id,rdfs:subPropertyOf,owl.AnnotationProperty
rc.open_food_facts_food_category_id,rdfs:subPropertyOf,kko.labels
rc.open_hub_id,rdfs:subPropertyOf,owl.AnnotationProperty
rc.open_hub_id,rdfs:subPropertyOf,kko.identifiers
rc.open_library_id,rdfs:subPropertyOf,owl.AnnotationProperty
rc.open_library_id,rdfs:subPropertyOf,kko.identifiers
rc.open_library_subject_id,rdfs:subPropertyOf,owl.AnnotationProperty
rc.open_library_subject_id,rdfs:subPropertyOf,kko.identifiers
rc.open_media_database_film_id,rdfs:subPropertyOf,owl.AnnotationProperty
rc.open_media_database_film_id,rdfs:subPropertyOf,kko.identifiers
rc.open_mlol_author_id,rdfs:subPropertyOf,owl.AnnotationProperty
rc.open_mlol_author_id,rdfs:subPropertyOf,kko.identifiers
rc.open_plaques_plaque_id,rdfs:subPropertyOf,owl.AnnotationProperty
rc.open_plaques_plaque_id,rdfs:subPropertyOf,kko.identifiers
rc.open_plaques_subject_id,rdfs:subPropertyOf,owl.AnnotationProperty
rc.open_plaques_subject_id,rdfs:subPropertyOf,kko.identifiers
rc.open_secrets_organization_id,rdfs:subPropertyOf,owl.AnnotationProperty
rc.open_secrets_organization_id,rdfs:subPropertyOf,kko.identifiers
rc.open_secrets_people_id,rdfs:subPropertyOf,owl.AnnotationProperty
rc.open_secrets_people_id,rdfs:subPropertyOf,kko.identifiers
rc.openpolis_id,rdfs:subPropertyOf,owl.AnnotationProperty
rc.openpolis_id,rdfs:subPropertyOf,kko.identifiers
rc.opera_vivra_singer_id,rdfs:subPropertyOf,owl.AnnotationProperty
rc.opera_vivra_singer_id,rdfs:subPropertyOf,kko.identifiers
rc.operabase_id,rdfs:subPropertyOf,owl.AnnotationProperty
rc.operabase_id,rdfs:subPropertyOf,kko.identifiers
rc.operational_requirement_of_the_uk_air_ministry,rdfs:subPropertyOf,owl.AnnotationProperty
rc.operational_requirement_of_the_uk_air_ministry,rdfs:subPropertyOf,kko.identifiers
rc.orcid_i_d,rdfs:subPropertyOf,owl.AnnotationProperty
rc.orcid_i_d,rdfs:subPropertyOf,kko.identifiers
rc.order_item_number,rdfs:subPropertyOf,owl.AnnotationProperty
rc.order_item_number,rdfs:subPropertyOf,kko.identifiers
rc.order_number,rdfs:subPropertyOf,owl.AnnotationProperty
rc.order_number,rdfs:subPropertyOf,kko.identifiers
rc.ordered_item,rdfs:subPropertyOf,owl.AnnotationProperty
rc.ordered_item,rdfs:subPropertyOf,kko.labels
rc.org_id,rdfs:subPropertyOf,owl.AnnotationProperty
rc.org_id,rdfs:subPropertyOf,kko.identifiers
rc.org_id_guide_id,rdfs:subPropertyOf,owl.AnnotationProperty
rc.org_id_guide_id,rdfs:subPropertyOf,kko.identifiers
rc.origin_address,rdfs:subPropertyOf,owl.AnnotationProperty
rc.origin_address,rdfs:subPropertyOf,kko.pointers
rc.original_combination,rdfs:subPropertyOf,owl.AnnotationProperty
rc.original_combination,rdfs:subPropertyOf,kko.augments
rc.orphanet_id,rdfs:subPropertyOf,owl.AnnotationProperty
rc.orphanet_id,rdfs:subPropertyOf,kko.identifiers
rc.orthodox_encyclopedia_id,rdfs:subPropertyOf,owl.AnnotationProperty
rc.orthodox_encyclopedia_id,rdfs:subPropertyOf,kko.identifiers
rc.os_grid_reference,rdfs:subPropertyOf,owl.AnnotationProperty
rc.os_grid_reference,rdfs:subPropertyOf,kko.pointers
rc.osm_relation_id,rdfs:subPropertyOf,owl.AnnotationProperty
rc.osm_relation_id,rdfs:subPropertyOf,kko.identifiers
rc.osm_tag_or_key,rdfs:subPropertyOf,owl.AnnotationProperty
rc.osm_tag_or_key,rdfs:subPropertyOf,kko.codes
rc.owgr_golf_player_id,rdfs:subPropertyOf,owl.AnnotationProperty
rc.owgr_golf_player_id,rdfs:subPropertyOf,kko.identifiers
rc.oxford_dictionary_of_national_biography_id,rdfs:subPropertyOf,owl.AnnotationProperty
rc.oxford_dictionary_of_national_biography_id,rdfs:subPropertyOf,kko.identifiers
rc.p_number,rdfs:subPropertyOf,owl.AnnotationProperty
rc.p_number,rdfs:subPropertyOf,kko.identifiers
rc.pace_member_id,rdfs:subPropertyOf,owl.AnnotationProperty
rc.pace_member_id,rdfs:subPropertyOf,kko.identifiers
rc.pactols_thesaurus_id,rdfs:subPropertyOf,owl.AnnotationProperty
rc.pactols_thesaurus_id,rdfs:subPropertyOf,kko.identifiers
rc.page_at_belarus_globe_website,rdfs:subPropertyOf,owl.AnnotationProperty
rc.page_at_belarus_globe_website,rdfs:subPropertyOf,kko.relateds
rc.page_at_hram_by,rdfs:subPropertyOf,owl.AnnotationProperty
rc.page_at_hram_by,rdfs:subPropertyOf,kko.pointers
rc.page_at_website_of_belarus_geocenter,rdfs:subPropertyOf,owl.AnnotationProperty
rc.page_at_website_of_belarus_geocenter,rdfs:subPropertyOf,kko.identifiers
rc.page_banner,rdfs:subPropertyOf,owl.AnnotationProperty
rc.page_banner,rdfs:subPropertyOf,kko.media
rc.page_end,rdfs:subPropertyOf,owl.AnnotationProperty
rc.page_end,rdfs:subPropertyOf,kko.pointers
rc.page_s,rdfs:subPropertyOf,owl.AnnotationProperty
rc.page_s,rdfs:subPropertyOf,kko.pointers
rc.page_start,rdfs:subPropertyOf,owl.AnnotationProperty
rc.page_start,rdfs:subPropertyOf,kko.pointers
rc.pagination,rdfs:subPropertyOf,owl.AnnotationProperty
rc.pagination,rdfs:subPropertyOf,kko.pointers
rc.pal_dat_plant_id,rdfs:subPropertyOf,owl.AnnotationProperty
rc.pal_dat_plant_id,rdfs:subPropertyOf,kko.identifiers
rc.palissy_id,rdfs:subPropertyOf,owl.AnnotationProperty
rc.palissy_id,rdfs:subPropertyOf,kko.identifiers
rc.panarctic_flora_id,rdfs:subPropertyOf,owl.AnnotationProperty
rc.panarctic_flora_id,rdfs:subPropertyOf,kko.identifiers
rc.panoramic_view,rdfs:subPropertyOf,owl.AnnotationProperty
rc.panoramic_view,rdfs:subPropertyOf,kko.media
rc.pantheon_des_sports_du_quebec_id,rdfs:subPropertyOf,owl.AnnotationProperty
rc.pantheon_des_sports_du_quebec_id,rdfs:subPropertyOf,kko.identifiers
rc.pares_id,rdfs:subPropertyOf,owl.AnnotationProperty
rc.pares_id,rdfs:subPropertyOf,kko.identifiers
rc.paris_city_digital_code,rdfs:subPropertyOf,owl.AnnotationProperty
rc.paris_city_digital_code,rdfs:subPropertyOf,kko.identifiers
rc.parks_gardens_uk_record_id,rdfs:subPropertyOf,owl.AnnotationProperty
rc.parks_gardens_uk_record_id,rdfs:subPropertyOf,kko.identifiers
rc.parks_it_id,rdfs:subPropertyOf,owl.AnnotationProperty
rc.parks_it_id,rdfs:subPropertyOf,kko.identifiers
rc.parlement_politiek_id,rdfs:subPropertyOf,owl.AnnotationProperty
rc.parlement_politiek_id,rdfs:subPropertyOf,kko.identifiers
rc.parliament_uk_biography_pages,rdfs:subPropertyOf,owl.AnnotationProperty
rc.parliament_uk_biography_pages,rdfs:subPropertyOf,kko.identifiers
rc.parliamentary_record_identifier,rdfs:subPropertyOf,owl.AnnotationProperty
rc.parliamentary_record_identifier,rdfs:subPropertyOf,kko.identifiers
rc.parsons_code,rdfs:subPropertyOf,owl.AnnotationProperty
rc.parsons_code,rdfs:subPropertyOf,kko.codes
rc.pase_id,rdfs:subPropertyOf,owl.AnnotationProperty
rc.pase_id,rdfs:subPropertyOf,kko.identifiers
rc.passenger_sequence_number,rdfs:subPropertyOf,owl.AnnotationProperty
rc.passenger_sequence_number,rdfs:subPropertyOf,kko.pointers
rc.patent_number,rdfs:subPropertyOf,owl.AnnotationProperty
rc.patent_number,rdfs:subPropertyOf,kko.identifiers
rc.patientplus_id,rdfs:subPropertyOf,owl.AnnotationProperty
rc.patientplus_id,rdfs:subPropertyOf,kko.identifiers
rc.patreon_id,rdfs:subPropertyOf,owl.AnnotationProperty
rc.patreon_id,rdfs:subPropertyOf,kko.identifiers
rc.patrimonio_inmueble_de_andalucia_id,rdfs:subPropertyOf,owl.AnnotationProperty
rc.patrimonio_inmueble_de_andalucia_id,rdfs:subPropertyOf,kko.identifiers
rc.patrimonio_web_j_cy_l_id,rdfs:subPropertyOf,owl.AnnotationProperty
rc.patrimonio_web_j_cy_l_id,rdfs:subPropertyOf,kko.identifiers
rc.patrimonioculturale_er_id,rdfs:subPropertyOf,owl.AnnotationProperty
rc.patrimonioculturale_er_id,rdfs:subPropertyOf,kko.identifiers
rc.patrons_de_france_id,rdfs:subPropertyOf,owl.AnnotationProperty
rc.patrons_de_france_id,rdfs:subPropertyOf,kko.identifiers
rc.payment_method_id,rdfs:subPropertyOf,owl.AnnotationProperty
rc.payment_method_id,rdfs:subPropertyOf,kko.identifiers
rc.payment_url,rdfs:subPropertyOf,owl.AnnotationProperty
rc.payment_url,rdfs:subPropertyOf,kko.pointers
rc.pcp_reference_number,rdfs:subPropertyOf,owl.AnnotationProperty
rc.pcp_reference_number,rdfs:subPropertyOf,kko.identifiers
rc.pdb_ligand_id,rdfs:subPropertyOf,owl.AnnotationProperty
rc.pdb_ligand_id,rdfs:subPropertyOf,kko.identifiers
rc.pdb_structure_id,rdfs:subPropertyOf,owl.AnnotationProperty
rc.pdb_structure_id,rdfs:subPropertyOf,kko.identifiers
rc.peak_finder_id,rdfs:subPropertyOf,owl.AnnotationProperty
rc.peak_finder_id,rdfs:subPropertyOf,kko.identifiers
rc.peakbagger_area_id,rdfs:subPropertyOf,owl.AnnotationProperty
rc.peakbagger_area_id,rdfs:subPropertyOf,kko.identifiers
rc.peakbagger_mountain_id,rdfs:subPropertyOf,owl.AnnotationProperty
rc.peakbagger_mountain_id,rdfs:subPropertyOf,kko.identifiers
rc.peakware_mountain_id,rdfs:subPropertyOf,owl.AnnotationProperty
rc.peakware_mountain_id,rdfs:subPropertyOf,kko.identifiers
rc.pei_register_of_historic_places_id,rdfs:subPropertyOf,owl.AnnotationProperty
rc.pei_register_of_historic_places_id,rdfs:subPropertyOf,kko.identifiers
rc.pennant_number,rdfs:subPropertyOf,owl.AnnotationProperty
rc.pennant_number,rdfs:subPropertyOf,kko.identifiers
rc.perlentaucher_id,rdfs:subPropertyOf,owl.AnnotationProperty
rc.perlentaucher_id,rdfs:subPropertyOf,kko.identifiers
rc.perm_id,rdfs:subPropertyOf,owl.AnnotationProperty
rc.perm_id,rdfs:subPropertyOf,kko.identifiers
rc.perry_index,rdfs:subPropertyOf,owl.AnnotationProperty
rc.perry_index,rdfs:subPropertyOf,kko.codes
rc.persee_author_id,rdfs:subPropertyOf,owl.AnnotationProperty
rc.persee_author_id,rdfs:subPropertyOf,kko.identifiers
rc.persee_journal_id,rdfs:subPropertyOf,owl.AnnotationProperty
rc.persee_journal_id,rdfs:subPropertyOf,kko.identifiers
rc.persons_of_ancient_athens,rdfs:subPropertyOf,owl.AnnotationProperty
rc.persons_of_ancient_athens,rdfs:subPropertyOf,kko.identifiers
rc.petit_patrimoine_com_id,rdfs:subPropertyOf,owl.AnnotationProperty
rc.petit_patrimoine_com_id,rdfs:subPropertyOf,kko.identifiers
rc.pfa_f_id,rdfs:subPropertyOf,owl.AnnotationProperty
rc.pfa_f_id,rdfs:subPropertyOf,kko.identifiers
rc.pfam_id,rdfs:subPropertyOf,owl.AnnotationProperty
rc.pfam_id,rdfs:subPropertyOf,kko.identifiers
rc.pga_tour_golf_player_id,rdfs:subPropertyOf,owl.AnnotationProperty
rc.pga_tour_golf_player_id,rdfs:subPropertyOf,kko.identifiers
rc.ph_d_tree_person_id,rdfs:subPropertyOf,owl.AnnotationProperty
rc.ph_d_tree_person_id,rdfs:subPropertyOf,kko.identifiers
rc.phasmida_species_file_id,rdfs:subPropertyOf,owl.AnnotationProperty
rc.phasmida_species_file_id,rdfs:subPropertyOf,kko.identifiers
rc.phil_papers_author_id,rdfs:subPropertyOf,owl.AnnotationProperty
rc.phil_papers_author_id,rdfs:subPropertyOf,kko.identifiers
rc.phil_papers_publication_id,rdfs:subPropertyOf,owl.AnnotationProperty
rc.phil_papers_publication_id,rdfs:subPropertyOf,kko.identifiers
rc.phil_papers_topic,rdfs:subPropertyOf,owl.AnnotationProperty
rc.phil_papers_topic,rdfs:subPropertyOf,kko.descriptions
rc.phil_people_profile,rdfs:subPropertyOf,owl.AnnotationProperty
rc.phil_people_profile,rdfs:subPropertyOf,kko.descriptions
rc.philadelphia_museum_of_art_id,rdfs:subPropertyOf,owl.AnnotationProperty
rc.philadelphia_museum_of_art_id,rdfs:subPropertyOf,kko.identifiers
rc.philippine_standard_geographic_code,rdfs:subPropertyOf,owl.AnnotationProperty
rc.philippine_standard_geographic_code,rdfs:subPropertyOf,kko.codes
rc.phone_number,rdfs:subPropertyOf,owl.AnnotationProperty
rc.phone_number,rdfs:subPropertyOf,kko.labels
rc.photo,rdfs:subPropertyOf,owl.AnnotationProperty
rc.photo,rdfs:subPropertyOf,kko.media
rc.photographers_identities_catalog_id,rdfs:subPropertyOf,owl.AnnotationProperty
rc.photographers_identities_catalog_id,rdfs:subPropertyOf,kko.identifiers
rc.photos,rdfs:subPropertyOf,owl.AnnotationProperty
rc.photos,rdfs:subPropertyOf,kko.media
rc.photosphere_image,rdfs:subPropertyOf,owl.AnnotationProperty
rc.photosphere_image,rdfs:subPropertyOf,kko.media
rc.picto_right_id_code,rdfs:subPropertyOf,owl.AnnotationProperty
rc.picto_right_id_code,rdfs:subPropertyOf,kko.identifiers
rc.pim_authority_id,rdfs:subPropertyOf,owl.AnnotationProperty
rc.pim_authority_id,rdfs:subPropertyOf,kko.identifiers
rc.pinakothek_artist_id,rdfs:subPropertyOf,owl.AnnotationProperty
rc.pinakothek_artist_id,rdfs:subPropertyOf,kko.identifiers
rc.pinterest_username,rdfs:subPropertyOf,owl.AnnotationProperty
rc.pinterest_username,rdfs:subPropertyOf,kko.identifiers
rc.pinyin_transliteration,rdfs:subPropertyOf,owl.AnnotationProperty
rc.pinyin_transliteration,rdfs:subPropertyOf,kko.media
rc.pizmonet_id,rdfs:subPropertyOf,owl.AnnotationProperty
rc.pizmonet_id,rdfs:subPropertyOf,kko.identifiers
rc.place_name_sign,rdfs:subPropertyOf,owl.AnnotationProperty
rc.place_name_sign,rdfs:subPropertyOf,kko.media
rc.plan_view_image,rdfs:subPropertyOf,owl.AnnotationProperty
rc.plan_view_image,rdfs:subPropertyOf,kko.media
rc.plant_list_id,rdfs:subPropertyOf,owl.AnnotationProperty
rc.plant_list_id,rdfs:subPropertyOf,kko.identifiers
rc.plantarium_id,rdfs:subPropertyOf,owl.AnnotationProperty
rc.plantarium_id,rdfs:subPropertyOf,kko.identifiers
rc.plants_of_the_world_online_id,rdfs:subPropertyOf,owl.AnnotationProperty
rc.plants_of_the_world_online_id,rdfs:subPropertyOf,kko.identifiers
rc.plarr_id,rdfs:subPropertyOf,owl.AnnotationProperty
rc.plarr_id,rdfs:subPropertyOf,kko.identifiers
rc.play_station_id,rdfs:subPropertyOf,owl.AnnotationProperty
rc.play_station_id,rdfs:subPropertyOf,kko.identifiers
rc.playing_range_image,rdfs:subPropertyOf,owl.AnnotationProperty
rc.playing_range_image,rdfs:subPropertyOf,kko.media
rc.plazi_id,rdfs:subPropertyOf,owl.AnnotationProperty
rc.plazi_id,rdfs:subPropertyOf,kko.identifiers
rc.pleiades_category_identifier,rdfs:subPropertyOf,owl.AnnotationProperty
rc.pleiades_category_identifier,rdfs:subPropertyOf,kko.identifiers
rc.pleiades_id,rdfs:subPropertyOf,owl.AnnotationProperty
rc.pleiades_id,rdfs:subPropertyOf,kko.identifiers
rc.plu_code,rdfs:subPropertyOf,owl.AnnotationProperty
rc.plu_code,rdfs:subPropertyOf,kko.codes
rc.plus_4_world_identifier,rdfs:subPropertyOf,owl.AnnotationProperty
rc.plus_4_world_identifier,rdfs:subPropertyOf,kko.identifiers
rc.pm_20_folder_id,rdfs:subPropertyOf,owl.AnnotationProperty
rc.pm_20_folder_id,rdfs:subPropertyOf,kko.identifiers
rc.pmcid,rdfs:subPropertyOf,owl.AnnotationProperty
rc.pmcid,rdfs:subPropertyOf,kko.identifiers
rc.po_id,rdfs:subPropertyOf,owl.AnnotationProperty
rc.po_id,rdfs:subPropertyOf,kko.identifiers
rc.pokedex_pokemon_browser_number,rdfs:subPropertyOf,owl.AnnotationProperty
rc.pokedex_pokemon_browser_number,rdfs:subPropertyOf,kko.identifiers
rc.pol_sys_id,rdfs:subPropertyOf,owl.AnnotationProperty
rc.pol_sys_id,rdfs:subPropertyOf,kko.identifiers
rc.polish_cultural_heritage_register_number,rdfs:subPropertyOf,owl.AnnotationProperty
rc.polish_cultural_heritage_register_number,rdfs:subPropertyOf,kko.identifiers
rc.polish_scientist_id,rdfs:subPropertyOf,owl.AnnotationProperty
rc.polish_scientist_id,rdfs:subPropertyOf,kko.identifiers
rc.politi_fact_personality_id,rdfs:subPropertyOf,owl.AnnotationProperty
rc.politi_fact_personality_id,rdfs:subPropertyOf,kko.identifiers
rc.port_film_id,rdfs:subPropertyOf,owl.AnnotationProperty
rc.port_film_id,rdfs:subPropertyOf,kko.identifiers
rc.port_person_id,rdfs:subPropertyOf,owl.AnnotationProperty
rc.port_person_id,rdfs:subPropertyOf,kko.identifiers
rc.portuguese_job_code_cpp_2010,rdfs:subPropertyOf,owl.AnnotationProperty
rc.portuguese_job_code_cpp_2010,rdfs:subPropertyOf,kko.codes
rc.portuguese_lighthouse_id,rdfs:subPropertyOf,owl.AnnotationProperty
rc.portuguese_lighthouse_id,rdfs:subPropertyOf,kko.identifiers
rc.portuguese_national_library_id,rdfs:subPropertyOf,owl.AnnotationProperty
rc.portuguese_national_library_id,rdfs:subPropertyOf,kko.identifiers
rc.position,rdfs:subPropertyOf,owl.AnnotationProperty
rc.position,rdfs:subPropertyOf,kko.lists
rc.post_office_box_number,rdfs:subPropertyOf,owl.AnnotationProperty
rc.post_office_box_number,rdfs:subPropertyOf,kko.identifiers
rc.postalCode,rdfs:subPropertyOf,owl.AnnotationProperty
rc.postalCode,rdfs:subPropertyOf,kko.codes
rc.postal_code,rdfs:subPropertyOf,owl.AnnotationProperty
rc.postal_code,rdfs:subPropertyOf,kko.codes
rc.posthumous_name,rdfs:subPropertyOf,owl.AnnotationProperty
rc.posthumous_name,rdfs:subPropertyOf,kko.labels
rc.power_of_10_athlete_id,rdfs:subPropertyOf,owl.AnnotationProperty
rc.power_of_10_athlete_id,rdfs:subPropertyOf,kko.identifiers
rc.prabook_id,rdfs:subPropertyOf,owl.AnnotationProperty
rc.prabook_id,rdfs:subPropertyOf,kko.identifiers
rc.prazdne_domy_building_id,rdfs:subPropertyOf,owl.AnnotationProperty
rc.prazdne_domy_building_id,rdfs:subPropertyOf,kko.identifiers
rc.prdl_author_id,rdfs:subPropertyOf,owl.AnnotationProperty
rc.prdl_author_id,rdfs:subPropertyOf,kko.identifiers
rc.premiership_rugby_com_id,rdfs:subPropertyOf,owl.AnnotationProperty
rc.premiership_rugby_com_id,rdfs:subPropertyOf,kko.identifiers
rc.previous_item,rdfs:subPropertyOf,owl.AnnotationProperty
rc.previous_item,rdfs:subPropertyOf,kko.lists
rc.primary_image_of_page,rdfs:subPropertyOf,owl.AnnotationProperty
rc.primary_image_of_page,rdfs:subPropertyOf,kko.media
rc.print_column,rdfs:subPropertyOf,owl.AnnotationProperty
rc.print_column,rdfs:subPropertyOf,kko.pointers
rc.print_edition,rdfs:subPropertyOf,owl.AnnotationProperty
rc.print_edition,rdfs:subPropertyOf,kko.pointers
rc.print_page,rdfs:subPropertyOf,owl.AnnotationProperty
rc.print_page,rdfs:subPropertyOf,kko.pointers
rc.print_section,rdfs:subPropertyOf,owl.AnnotationProperty
rc.print_section,rdfs:subPropertyOf,kko.pointers
rc.prisma_id,rdfs:subPropertyOf,owl.AnnotationProperty
rc.prisma_id,rdfs:subPropertyOf,kko.identifiers
rc.pro_14_player_id,rdfs:subPropertyOf,owl.AnnotationProperty
rc.pro_14_player_id,rdfs:subPropertyOf,kko.identifiers
rc.pro_cycling_stats_cyclist_id,rdfs:subPropertyOf,owl.AnnotationProperty
rc.pro_cycling_stats_cyclist_id,rdfs:subPropertyOf,kko.identifiers
rc.pro_cycling_stats_race_id,rdfs:subPropertyOf,owl.AnnotationProperty
rc.pro_cycling_stats_race_id,rdfs:subPropertyOf,kko.identifiers
rc.pro_cycling_stats_team_id,rdfs:subPropertyOf,owl.AnnotationProperty
rc.pro_cycling_stats_team_id,rdfs:subPropertyOf,kko.identifiers
rc.pro_football_hall_of_fame_id_old,rdfs:subPropertyOf,owl.AnnotationProperty
rc.pro_football_hall_of_fame_id_old,rdfs:subPropertyOf,kko.identifiers
rc.pro_football_reference_com_player_id,rdfs:subPropertyOf,owl.AnnotationProperty
rc.pro_football_reference_com_player_id,rdfs:subPropertyOf,kko.identifiers
rc.produces_cohesive_end,rdfs:subPropertyOf,owl.AnnotationProperty
rc.produces_cohesive_end,rdfs:subPropertyOf,kko.codes
rc.product_id,rdfs:subPropertyOf,owl.AnnotationProperty
rc.product_id,rdfs:subPropertyOf,kko.identifiers
rc.production_code,rdfs:subPropertyOf,owl.AnnotationProperty
rc.production_code,rdfs:subPropertyOf,kko.codes
rc.professional_name_japan,rdfs:subPropertyOf,owl.AnnotationProperty
rc.professional_name_japan,rdfs:subPropertyOf,kko.labels
rc.program_name,rdfs:subPropertyOf,owl.AnnotationProperty
rc.program_name,rdfs:subPropertyOf,kko.labels
rc.project_gutenberg_author_id,rdfs:subPropertyOf,owl.AnnotationProperty
rc.project_gutenberg_author_id,rdfs:subPropertyOf,kko.identifiers
rc.project_gutenberg_ebook_id,rdfs:subPropertyOf,owl.AnnotationProperty
rc.project_gutenberg_ebook_id,rdfs:subPropertyOf,kko.identifiers
rc.pronom_file_format_identifier,rdfs:subPropertyOf,owl.AnnotationProperty
rc.pronom_file_format_identifier,rdfs:subPropertyOf,kko.identifiers
rc.pronom_software_identifier,rdfs:subPropertyOf,owl.AnnotationProperty
rc.pronom_software_identifier,rdfs:subPropertyOf,kko.identifiers
rc.pronunciation_audio,rdfs:subPropertyOf,owl.AnnotationProperty
rc.pronunciation_audio,rdfs:subPropertyOf,kko.media
rc.properties_for_this_type,rdfs:subPropertyOf,owl.AnnotationProperty
rc.properties_for_this_type,rdfs:subPropertyOf,kko.relateds
rc.property_id,rdfs:subPropertyOf,owl.AnnotationProperty
rc.property_id,rdfs:subPropertyOf,kko.identifiers
rc.property_proposal_discussion,rdfs:subPropertyOf,owl.AnnotationProperty
rc.property_proposal_discussion,rdfs:subPropertyOf,kko.augments
rc.prosopographia_attica,rdfs:subPropertyOf,owl.AnnotationProperty
rc.prosopographia_attica,rdfs:subPropertyOf,kko.identifiers
rc.protected_areas_inpn_code,rdfs:subPropertyOf,owl.AnnotationProperty
rc.protected_areas_inpn_code,rdfs:subPropertyOf,kko.identifiers
rc.protected_heritage_site_in_brussels_id,rdfs:subPropertyOf,owl.AnnotationProperty
rc.protected_heritage_site_in_brussels_id,rdfs:subPropertyOf,kko.identifiers
rc.provisional_designation,rdfs:subPropertyOf,owl.AnnotationProperty
rc.provisional_designation,rdfs:subPropertyOf,kko.labels
rc.prs_legislative_research_mp_id,rdfs:subPropertyOf,owl.AnnotationProperty
rc.prs_legislative_research_mp_id,rdfs:subPropertyOf,kko.identifiers
rc.psa_world_tour_id,rdfs:subPropertyOf,owl.AnnotationProperty
rc.psa_world_tour_id,rdfs:subPropertyOf,kko.identifiers
rc.pseudonym,rdfs:subPropertyOf,owl.AnnotationProperty
rc.pseudonym,rdfs:subPropertyOf,kko.labels
rc.psh_id,rdfs:subPropertyOf,owl.AnnotationProperty
rc.psh_id,rdfs:subPropertyOf,kko.identifiers
rc.pss_archi_architect_id,rdfs:subPropertyOf,owl.AnnotationProperty
rc.pss_archi_architect_id,rdfs:subPropertyOf,kko.identifiers
rc.pss_archi_id,rdfs:subPropertyOf,owl.AnnotationProperty
rc.pss_archi_id,rdfs:subPropertyOf,kko.identifiers
rc.pub_chem_bio_assay_id_aid,rdfs:subPropertyOf,owl.AnnotationProperty
rc.pub_chem_bio_assay_id_aid,rdfs:subPropertyOf,kko.identifiers
rc.pub_chem_cid,rdfs:subPropertyOf,owl.AnnotationProperty
rc.pub_chem_cid,rdfs:subPropertyOf,kko.identifiers
rc.pub_chem_substance_id_sid,rdfs:subPropertyOf,owl.AnnotationProperty
rc.pub_chem_substance_id_sid,rdfs:subPropertyOf,kko.identifiers
rc.pub_med_health,rdfs:subPropertyOf,owl.AnnotationProperty
rc.pub_med_health,rdfs:subPropertyOf,kko.identifiers
rc.pub_med_id,rdfs:subPropertyOf,owl.AnnotationProperty
rc.pub_med_id,rdfs:subPropertyOf,kko.identifiers
rc.public_key_fingerprint,rdfs:subPropertyOf,owl.AnnotationProperty
rc.public_key_fingerprint,rdfs:subPropertyOf,kko.pointers
rc.public_whip_id,rdfs:subPropertyOf,owl.AnnotationProperty
rc.public_whip_id,rdfs:subPropertyOf,kko.identifiers
rc.publishing_principles,rdfs:subPropertyOf,owl.AnnotationProperty
rc.publishing_principles,rdfs:subPropertyOf,kko.augments
rc.publons_author_id,rdfs:subPropertyOf,owl.AnnotationProperty
rc.publons_author_id,rdfs:subPropertyOf,kko.identifiers
rc.publons_publication_id,rdfs:subPropertyOf,owl.AnnotationProperty
rc.publons_publication_id,rdfs:subPropertyOf,kko.identifiers
rc.pubs_history_pub_id,rdfs:subPropertyOf,owl.AnnotationProperty
rc.pubs_history_pub_id,rdfs:subPropertyOf,kko.identifiers
rc.q_edu_id,rdfs:subPropertyOf,owl.AnnotationProperty
rc.q_edu_id,rdfs:subPropertyOf,kko.identifiers
rc.quantity_symbol,rdfs:subPropertyOf,owl.AnnotationProperty
rc.quantity_symbol,rdfs:subPropertyOf,kko.media
rc.qudt_unit_id,rdfs:subPropertyOf,owl.AnnotationProperty
rc.qudt_unit_id,rdfs:subPropertyOf,kko.identifiers
rc.quebec_cultural_heritage_directory_id,rdfs:subPropertyOf,owl.AnnotationProperty
rc.quebec_cultural_heritage_directory_id,rdfs:subPropertyOf,kko.identifiers
rc.quebec_cultural_heritage_directory_people_identifier,rdfs:subPropertyOf,owl.AnnotationProperty
rc.quebec_cultural_heritage_directory_people_identifier,rdfs:subPropertyOf,kko.identifiers
rc.quebec_municipalities_geographical_code,rdfs:subPropertyOf,owl.AnnotationProperty
rc.quebec_municipalities_geographical_code,rdfs:subPropertyOf,kko.codes
rc.queensland_australian_football_hall_of_fame_inductee_id,rdfs:subPropertyOf,owl.AnnotationProperty
rc.queensland_australian_football_hall_of_fame_inductee_id,rdfs:subPropertyOf,kko.identifiers
rc.queensland_heritage_register_id,rdfs:subPropertyOf,owl.AnnotationProperty
rc.queensland_heritage_register_id,rdfs:subPropertyOf,kko.identifiers
rc.queensland_place_id,rdfs:subPropertyOf,owl.AnnotationProperty
rc.queensland_place_id,rdfs:subPropertyOf,kko.identifiers
rc.quora_topic_id,rdfs:subPropertyOf,owl.AnnotationProperty
rc.quora_topic_id,rdfs:subPropertyOf,kko.identifiers
rc.quora_username,rdfs:subPropertyOf,owl.AnnotationProperty
rc.quora_username,rdfs:subPropertyOf,kko.identifiers
rc.quote,rdfs:subPropertyOf,owl.AnnotationProperty
rc.quote,rdfs:subPropertyOf,kko.descriptions
rc.ra_collections_id,rdfs:subPropertyOf,owl.AnnotationProperty
rc.ra_collections_id,rdfs:subPropertyOf,kko.identifiers
rc.raa_number,rdfs:subPropertyOf,owl.AnnotationProperty
rc.raa_number,rdfs:subPropertyOf,kko.identifiers
rc.racing_reference_info_driver_id,rdfs:subPropertyOf,owl.AnnotationProperty
rc.racing_reference_info_driver_id,rdfs:subPropertyOf,kko.identifiers
rc.racon_signal,rdfs:subPropertyOf,owl.AnnotationProperty
rc.racon_signal,rdfs:subPropertyOf,kko.identifiers
rc.radio_radicale_organizer_id,rdfs:subPropertyOf,owl.AnnotationProperty
rc.radio_radicale_organizer_id,rdfs:subPropertyOf,kko.identifiers
rc.radio_radicale_person_id,rdfs:subPropertyOf,owl.AnnotationProperty
rc.radio_radicale_person_id,rdfs:subPropertyOf,kko.identifiers
rc.radzima_org_id,rdfs:subPropertyOf,owl.AnnotationProperty
rc.radzima_org_id,rdfs:subPropertyOf,kko.identifiers
rc.railways_archive_event_id,rdfs:subPropertyOf,owl.AnnotationProperty
rc.railways_archive_event_id,rdfs:subPropertyOf,kko.identifiers
rc.rallye_info_com_driver_or_co_driver_id,rdfs:subPropertyOf,owl.AnnotationProperty
rc.rallye_info_com_driver_or_co_driver_id,rdfs:subPropertyOf,kko.identifiers
rc.ramsar_sites_information_service_id,rdfs:subPropertyOf,owl.AnnotationProperty
rc.ramsar_sites_information_service_id,rdfs:subPropertyOf,kko.identifiers
rc.ran_id,rdfs:subPropertyOf,owl.AnnotationProperty
rc.ran_id,rdfs:subPropertyOf,kko.identifiers
rc.ranm_member_id,rdfs:subPropertyOf,owl.AnnotationProperty
rc.ranm_member_id,rdfs:subPropertyOf,kko.identifiers
rc.rat_genome_database_id,rdfs:subPropertyOf,owl.AnnotationProperty
rc.rat_genome_database_id,rdfs:subPropertyOf,kko.identifiers
rc.rate_beer_brewery_id,rdfs:subPropertyOf,owl.AnnotationProperty
rc.rate_beer_brewery_id,rdfs:subPropertyOf,kko.identifiers
rc.re_p_ec_institute_id,rdfs:subPropertyOf,owl.AnnotationProperty
rc.re_p_ec_institute_id,rdfs:subPropertyOf,kko.identifiers
rc.re_p_ec_short_id,rdfs:subPropertyOf,owl.AnnotationProperty
rc.re_p_ec_short_id,rdfs:subPropertyOf,kko.identifiers
rc.reactome_id,rdfs:subPropertyOf,owl.AnnotationProperty
rc.reactome_id,rdfs:subPropertyOf,kko.identifiers
rc.ready_64_identifier,rdfs:subPropertyOf,owl.AnnotationProperty
rc.ready_64_identifier,rdfs:subPropertyOf,kko.identifiers
rc.real_gm_basketball_player_id,rdfs:subPropertyOf,owl.AnnotationProperty
rc.real_gm_basketball_player_id,rdfs:subPropertyOf,kko.identifiers
rc.reaxys_registry_number,rdfs:subPropertyOf,owl.AnnotationProperty
rc.reaxys_registry_number,rdfs:subPropertyOf,kko.identifiers
rc.rebase_enzyme_number,rdfs:subPropertyOf,owl.AnnotationProperty
rc.rebase_enzyme_number,rdfs:subPropertyOf,kko.identifiers
rc.recipe_instructions,rdfs:subPropertyOf,owl.AnnotationProperty
rc.recipe_instructions,rdfs:subPropertyOf,kko.descriptions
rc.recognition_sequence,rdfs:subPropertyOf,owl.AnnotationProperty
rc.recognition_sequence,rdfs:subPropertyOf,kko.codes
rc.recreation_gov_gateway_id,rdfs:subPropertyOf,owl.AnnotationProperty
rc.recreation_gov_gateway_id,rdfs:subPropertyOf,kko.identifiers
rc.recreation_gov_point_of_interest_id,rdfs:subPropertyOf,owl.AnnotationProperty
rc.recreation_gov_point_of_interest_id,rdfs:subPropertyOf,kko.identifiers
rc.red_bull_athlete_id,rdfs:subPropertyOf,owl.AnnotationProperty
rc.red_bull_athlete_id,rdfs:subPropertyOf,kko.identifiers
rc.redalyc_journal_id,rdfs:subPropertyOf,owl.AnnotationProperty
rc.redalyc_journal_id,rdfs:subPropertyOf,kko.identifiers
rc.reddit_username,rdfs:subPropertyOf,owl.AnnotationProperty
rc.reddit_username,rdfs:subPropertyOf,kko.identifiers
rc.ref_seq,rdfs:subPropertyOf,owl.AnnotationProperty
rc.ref_seq,rdfs:subPropertyOf,kko.identifiers
rc.ref_seq_protein_id,rdfs:subPropertyOf,owl.AnnotationProperty
rc.ref_seq_protein_id,rdfs:subPropertyOf,kko.identifiers
rc.ref_seq_rna_id,rdfs:subPropertyOf,owl.AnnotationProperty
rc.ref_seq_rna_id,rdfs:subPropertyOf,kko.identifiers
rc.reference_url,rdfs:subPropertyOf,owl.AnnotationProperty
rc.reference_url,rdfs:subPropertyOf,kko.pointers
rc.references_order,rdfs:subPropertyOf,owl.AnnotationProperty
rc.references_order,rdfs:subPropertyOf,kko.identifiers
rc.refseq_genome_id,rdfs:subPropertyOf,owl.AnnotationProperty
rc.refseq_genome_id,rdfs:subPropertyOf,kko.identifiers
rc.related_link,rdfs:subPropertyOf,owl.AnnotationProperty
rc.related_link,rdfs:subPropertyOf,kko.relateds
rc.relations_ontology_id,rdfs:subPropertyOf,owl.AnnotationProperty
rc.relations_ontology_id,rdfs:subPropertyOf,kko.identifiers
rc.release_notes,rdfs:subPropertyOf,owl.AnnotationProperty
rc.release_notes,rdfs:subPropertyOf,kko.augments
rc.relief_location_map,rdfs:subPropertyOf,owl.AnnotationProperty
rc.relief_location_map,rdfs:subPropertyOf,kko.media
rc.religious_name,rdfs:subPropertyOf,owl.AnnotationProperty
rc.religious_name,rdfs:subPropertyOf,kko.labels
rc.repertoire_national_des_associations_identifier,rdfs:subPropertyOf,owl.AnnotationProperty
rc.repertoire_national_des_associations_identifier,rdfs:subPropertyOf,kko.identifiers
rc.replaced_synonym_for_nom_nov,rdfs:subPropertyOf,owl.AnnotationProperty
rc.replaced_synonym_for_nom_nov,rdfs:subPropertyOf,kko.labels
rc.reply_to_url,rdfs:subPropertyOf,owl.AnnotationProperty
rc.reply_to_url,rdfs:subPropertyOf,kko.pointers
rc.report_number,rdfs:subPropertyOf,owl.AnnotationProperty
rc.report_number,rdfs:subPropertyOf,kko.identifiers
rc.reporting_mark,rdfs:subPropertyOf,owl.AnnotationProperty
rc.reporting_mark,rdfs:subPropertyOf,kko.identifiers
rc.representative_of_page,rdfs:subPropertyOf,owl.AnnotationProperty
rc.representative_of_page,rdfs:subPropertyOf,kko.media
rc.reprezentacija_id,rdfs:subPropertyOf,owl.AnnotationProperty
rc.reprezentacija_id,rdfs:subPropertyOf,kko.identifiers
rc.rero_id,rdfs:subPropertyOf,owl.AnnotationProperty
rc.rero_id,rdfs:subPropertyOf,kko.identifiers
rc.research_gate_institute_id,rdfs:subPropertyOf,owl.AnnotationProperty
rc.research_gate_institute_id,rdfs:subPropertyOf,kko.identifiers
rc.research_gate_profile_id,rdfs:subPropertyOf,owl.AnnotationProperty
rc.research_gate_profile_id,rdfs:subPropertyOf,kko.identifiers
rc.research_papers_in_economics_series_handle,rdfs:subPropertyOf,owl.AnnotationProperty
rc.research_papers_in_economics_series_handle,rdfs:subPropertyOf,kko.identifiers
rc.researcher_id,rdfs:subPropertyOf,owl.AnnotationProperty
rc.researcher_id,rdfs:subPropertyOf,kko.identifiers
rc.researchmap_id,rdfs:subPropertyOf,owl.AnnotationProperty
rc.researchmap_id,rdfs:subPropertyOf,kko.identifiers
rc.reservation_id,rdfs:subPropertyOf,owl.AnnotationProperty
rc.reservation_id,rdfs:subPropertyOf,kko.identifiers
rc.reserve_number_canada,rdfs:subPropertyOf,owl.AnnotationProperty
rc.reserve_number_canada,rdfs:subPropertyOf,kko.identifiers
rc.reserved_ticket,rdfs:subPropertyOf,owl.AnnotationProperty
rc.reserved_ticket,rdfs:subPropertyOf,kko.codes
rc.reserves_naturelles_de_france_id,rdfs:subPropertyOf,owl.AnnotationProperty
rc.reserves_naturelles_de_france_id,rdfs:subPropertyOf,kko.identifiers
rc.result_comment,rdfs:subPropertyOf,owl.AnnotationProperty
rc.result_comment,rdfs:subPropertyOf,kko.augments
rc.review,rdfs:subPropertyOf,owl.AnnotationProperty
rc.review,rdfs:subPropertyOf,kko.relateds
rc.reviews,rdfs:subPropertyOf,owl.AnnotationProperty
rc.reviews,rdfs:subPropertyOf,kko.relateds
rc.revised_hepburn_romanization,rdfs:subPropertyOf,owl.AnnotationProperty
rc.revised_hepburn_romanization,rdfs:subPropertyOf,kko.media
rc.revised_romanization,rdfs:subPropertyOf,owl.AnnotationProperty
rc.revised_romanization,rdfs:subPropertyOf,kko.media
rc.rf_c_id,rdfs:subPropertyOf,owl.AnnotationProperty
rc.rf_c_id,rdfs:subPropertyOf,kko.identifiers
rc.rfam_id,rdfs:subPropertyOf,owl.AnnotationProperty
rc.rfam_id,rdfs:subPropertyOf,kko.identifiers
rc.righteous_among_the_nations_id,rdfs:subPropertyOf,owl.AnnotationProperty
rc.righteous_among_the_nations_id,rdfs:subPropertyOf,kko.identifiers
rc.riigikogu_id,rdfs:subPropertyOf,owl.AnnotationProperty
rc.riigikogu_id,rdfs:subPropertyOf,kko.identifiers
rc.rijksmonument_id,rdfs:subPropertyOf,owl.AnnotationProperty
rc.rijksmonument_id,rdfs:subPropertyOf,kko.identifiers
rc.riksdagen_person_id,rdfs:subPropertyOf,owl.AnnotationProperty
rc.riksdagen_person_id,rdfs:subPropertyOf,kko.identifiers
rc.ringgold_id,rdfs:subPropertyOf,owl.AnnotationProperty
rc.ringgold_id,rdfs:subPropertyOf,kko.identifiers
rc.riss_catalog,rdfs:subPropertyOf,owl.AnnotationProperty
rc.riss_catalog,rdfs:subPropertyOf,kko.codes
rc.ritva_person_id,rdfs:subPropertyOf,owl.AnnotationProperty
rc.ritva_person_id,rdfs:subPropertyOf,kko.identifiers
rc.ritva_program_id,rdfs:subPropertyOf,owl.AnnotationProperty
rc.ritva_program_id,rdfs:subPropertyOf,kko.identifiers
rc.rivers_gov_protected_area_id,rdfs:subPropertyOf,owl.AnnotationProperty
rc.rivers_gov_protected_area_id,rdfs:subPropertyOf,kko.identifiers
rc.rk_dartists_id,rdfs:subPropertyOf,owl.AnnotationProperty
rc.rk_dartists_id,rdfs:subPropertyOf,kko.identifiers
rc.rk_dimages_id,rdfs:subPropertyOf,owl.AnnotationProperty
rc.rk_dimages_id,rdfs:subPropertyOf,kko.identifiers
rc.rk_dlibrary_id,rdfs:subPropertyOf,owl.AnnotationProperty
rc.rk_dlibrary_id,rdfs:subPropertyOf,kko.identifiers
rc.rkd_esd_slovenia_id,rdfs:subPropertyOf,owl.AnnotationProperty
rc.rkd_esd_slovenia_id,rdfs:subPropertyOf,kko.identifiers
rc.rky_national_built_heritage_environment_id,rdfs:subPropertyOf,owl.AnnotationProperty
rc.rky_national_built_heritage_environment_id,rdfs:subPropertyOf,kko.identifiers
rc.road_number,rdfs:subPropertyOf,owl.AnnotationProperty
rc.road_number,rdfs:subPropertyOf,kko.identifiers
rc.roarmap_id,rdfs:subPropertyOf,owl.AnnotationProperty
rc.roarmap_id,rdfs:subPropertyOf,kko.identifiers
rc.rock_and_roll_hall_of_fame_id,rdfs:subPropertyOf,owl.AnnotationProperty
rc.rock_and_roll_hall_of_fame_id,rdfs:subPropertyOf,kko.identifiers
rc.rock_com_ar_artist_id,rdfs:subPropertyOf,owl.AnnotationProperty
rc.rock_com_ar_artist_id,rdfs:subPropertyOf,kko.identifiers
rc.rodovid_id,rdfs:subPropertyOf,owl.AnnotationProperty
rc.rodovid_id,rdfs:subPropertyOf,kko.identifiers
rc.role_name,rdfs:subPropertyOf,owl.AnnotationProperty
rc.role_name,rdfs:subPropertyOf,kko.labels
rc.roller_coaster_database_id,rdfs:subPropertyOf,owl.AnnotationProperty
rc.roller_coaster_database_id,rdfs:subPropertyOf,kko.identifiers
rc.rolling_stone_artist_id,rdfs:subPropertyOf,owl.AnnotationProperty
rc.rolling_stone_artist_id,rdfs:subPropertyOf,kko.identifiers
rc.roman_cognomen,rdfs:subPropertyOf,owl.AnnotationProperty
rc.roman_cognomen,rdfs:subPropertyOf,kko.labels
rc.roman_nomen_gentilicium,rdfs:subPropertyOf,owl.AnnotationProperty
rc.roman_nomen_gentilicium,rdfs:subPropertyOf,kko.labels
rc.roman_praenomen,rdfs:subPropertyOf,owl.AnnotationProperty
rc.roman_praenomen,rdfs:subPropertyOf,kko.labels
rc.romania_lmi_code,rdfs:subPropertyOf,owl.AnnotationProperty
rc.romania_lmi_code,rdfs:subPropertyOf,kko.identifiers
rc.romanian_olympic_and_sports_committee_athlete_id,rdfs:subPropertyOf,owl.AnnotationProperty
rc.romanian_olympic_and_sports_committee_athlete_id,rdfs:subPropertyOf,kko.identifiers
rc.rome_occupation_code_v_3,rdfs:subPropertyOf,owl.AnnotationProperty
rc.rome_occupation_code_v_3,rdfs:subPropertyOf,kko.codes
rc.rotten_tomatoes_id,rdfs:subPropertyOf,owl.AnnotationProperty
rc.rotten_tomatoes_id,rdfs:subPropertyOf,kko.identifiers
rc.roud_folk_song_index_number,rdfs:subPropertyOf,owl.AnnotationProperty
rc.roud_folk_song_index_number,rdfs:subPropertyOf,kko.identifiers
rc.routard_com_place_id,rdfs:subPropertyOf,owl.AnnotationProperty
rc.routard_com_place_id,rdfs:subPropertyOf,kko.identifiers
rc.route_diagram,rdfs:subPropertyOf,owl.AnnotationProperty
rc.route_diagram,rdfs:subPropertyOf,kko.media
rc.route_map,rdfs:subPropertyOf,owl.AnnotationProperty
rc.route_map,rdfs:subPropertyOf,kko.media
rc.route_number,rdfs:subPropertyOf,owl.AnnotationProperty
rc.route_number,rdfs:subPropertyOf,kko.identifiers
rc.royal_academy_new_identifier,rdfs:subPropertyOf,owl.AnnotationProperty
rc.royal_academy_new_identifier,rdfs:subPropertyOf,kko.identifiers
rc.royal_aero_club_aviator_s_certificate_id,rdfs:subPropertyOf,owl.AnnotationProperty
rc.royal_aero_club_aviator_s_certificate_id,rdfs:subPropertyOf,kko.identifiers
rc.royal_belgian_football_association_player_id,rdfs:subPropertyOf,owl.AnnotationProperty
rc.royal_belgian_football_association_player_id,rdfs:subPropertyOf,kko.identifiers
rc.royal_dutch_athletics_federation_athlete_id,rdfs:subPropertyOf,owl.AnnotationProperty
rc.royal_dutch_athletics_federation_athlete_id,rdfs:subPropertyOf,kko.identifiers
rc.royal_swedish_academy_of_letters_member_id,rdfs:subPropertyOf,owl.AnnotationProperty
rc.royal_swedish_academy_of_letters_member_id,rdfs:subPropertyOf,kko.identifiers
rc.rsl_editions,rdfs:subPropertyOf,owl.AnnotationProperty
rc.rsl_editions,rdfs:subPropertyOf,kko.identifiers
rc.rsl_id_person,rdfs:subPropertyOf,owl.AnnotationProperty
rc.rsl_id_person,rdfs:subPropertyOf,kko.identifiers
rc.rsl_scanned_books_identifier,rdfs:subPropertyOf,owl.AnnotationProperty
rc.rsl_scanned_books_identifier,rdfs:subPropertyOf,kko.identifiers
rc.rss_id,rdfs:subPropertyOf,owl.AnnotationProperty
rc.rss_id,rdfs:subPropertyOf,kko.identifiers
rc.rtecs_number,rdfs:subPropertyOf,owl.AnnotationProperty
rc.rtecs_number,rdfs:subPropertyOf,kko.identifiers
rc.ruchess_id,rdfs:subPropertyOf,owl.AnnotationProperty
rc.ruchess_id,rdfs:subPropertyOf,kko.identifiers
rc.rugby_league_project_player_id,rdfs:subPropertyOf,owl.AnnotationProperty
rc.rugby_league_project_player_id,rdfs:subPropertyOf,kko.identifiers
rc.rundata,rdfs:subPropertyOf,owl.AnnotationProperty
rc.rundata,rdfs:subPropertyOf,kko.identifiers
rc.runeberg_author_id,rdfs:subPropertyOf,owl.AnnotationProperty
rc.runeberg_author_id,rdfs:subPropertyOf,kko.identifiers
rc.runeberg_book_id,rdfs:subPropertyOf,owl.AnnotationProperty
rc.runeberg_book_id,rdfs:subPropertyOf,kko.identifiers
rc.rush_parliamentary_archive_id,rdfs:subPropertyOf,owl.AnnotationProperty
rc.rush_parliamentary_archive_id,rdfs:subPropertyOf,kko.identifiers
rc.russian_bandy_federation_player_id,rdfs:subPropertyOf,owl.AnnotationProperty
rc.russian_bandy_federation_player_id,rdfs:subPropertyOf,kko.identifiers
rc.russian_premier_league_player_id,rdfs:subPropertyOf,owl.AnnotationProperty
rc.russian_premier_league_player_id,rdfs:subPropertyOf,kko.identifiers
rc.russiancinema_ru_film_id,rdfs:subPropertyOf,owl.AnnotationProperty
rc.russiancinema_ru_film_id,rdfs:subPropertyOf,kko.identifiers
rc.rx_norm_cui,rdfs:subPropertyOf,owl.AnnotationProperty
rc.rx_norm_cui,rdfs:subPropertyOf,kko.identifiers
rc.rxno_ontology,rdfs:subPropertyOf,owl.AnnotationProperty
rc.rxno_ontology,rdfs:subPropertyOf,kko.codes
rc.s_2_a_3_biographical_database_id,rdfs:subPropertyOf,owl.AnnotationProperty
rc.s_2_a_3_biographical_database_id,rdfs:subPropertyOf,kko.identifiers
rc.s_name,rdfs:subPropertyOf,owl.AnnotationProperty
rc.s_name,rdfs:subPropertyOf,kko.labels
rc.sa_rugby_player_id,rdfs:subPropertyOf,owl.AnnotationProperty
rc.sa_rugby_player_id,rdfs:subPropertyOf,kko.identifiers
rc.sabr_person_id,rdfs:subPropertyOf,owl.AnnotationProperty
rc.sabr_person_id,rdfs:subPropertyOf,kko.identifiers
rc.saccharomyces_genome_database_id,rdfs:subPropertyOf,owl.AnnotationProperty
rc.saccharomyces_genome_database_id,rdfs:subPropertyOf,kko.identifiers
rc.sachsische_biografie,rdfs:subPropertyOf,owl.AnnotationProperty
rc.sachsische_biografie,rdfs:subPropertyOf,kko.identifiers
rc.safsal_coach_id,rdfs:subPropertyOf,owl.AnnotationProperty
rc.safsal_coach_id,rdfs:subPropertyOf,kko.identifiers
rc.safsal_player_id,rdfs:subPropertyOf,owl.AnnotationProperty
rc.safsal_player_id,rdfs:subPropertyOf,kko.identifiers
rc.sahra_heritage_site_id,rdfs:subPropertyOf,owl.AnnotationProperty
rc.sahra_heritage_site_id,rdfs:subPropertyOf,kko.identifiers
rc.sambafoot_player_id,rdfs:subPropertyOf,owl.AnnotationProperty
rc.sambafoot_player_id,rdfs:subPropertyOf,kko.identifiers
rc.san_id,rdfs:subPropertyOf,owl.AnnotationProperty
rc.san_id,rdfs:subPropertyOf,kko.identifiers
rc.sandbox_external_identifier,rdfs:subPropertyOf,owl.AnnotationProperty
rc.sandbox_external_identifier,rdfs:subPropertyOf,kko.identifiers
rc.sandrart_net_artwork_id,rdfs:subPropertyOf,owl.AnnotationProperty
rc.sandrart_net_artwork_id,rdfs:subPropertyOf,kko.identifiers
rc.sandrart_net_person_id,rdfs:subPropertyOf,owl.AnnotationProperty
rc.sandrart_net_person_id,rdfs:subPropertyOf,kko.identifiers
rc.sandre_id,rdfs:subPropertyOf,owl.AnnotationProperty
rc.sandre_id,rdfs:subPropertyOf,kko.identifiers
rc.sanu_member_id,rdfs:subPropertyOf,owl.AnnotationProperty
rc.sanu_member_id,rdfs:subPropertyOf,kko.identifiers
rc.saskatchewan_register_of_heritage_property_id,rdfs:subPropertyOf,owl.AnnotationProperty
rc.saskatchewan_register_of_heritage_property_id,rdfs:subPropertyOf,kko.identifiers
rc.saxon_academy_of_sciences_member_id,rdfs:subPropertyOf,owl.AnnotationProperty
rc.saxon_academy_of_sciences_member_id,rdfs:subPropertyOf,kko.identifiers
rc.sbn_author_id,rdfs:subPropertyOf,owl.AnnotationProperty
rc.sbn_author_id,rdfs:subPropertyOf,kko.identifiers
rc.scanned_file_on_wikimedia_commons,rdfs:subPropertyOf,owl.AnnotationProperty
rc.scanned_file_on_wikimedia_commons,rdfs:subPropertyOf,kko.descriptions
rc.scar_composite_gazetteer_place_id,rdfs:subPropertyOf,owl.AnnotationProperty
rc.scar_composite_gazetteer_place_id,rdfs:subPropertyOf,kko.identifiers
rc.schema_org_id,rdfs:subPropertyOf,owl.AnnotationProperty
rc.schema_org_id,rdfs:subPropertyOf,kko.identifiers
rc.schema_version,rdfs:subPropertyOf,owl.AnnotationProperty
rc.schema_version,rdfs:subPropertyOf,kko.codes
rc.schlafli_symbol,rdfs:subPropertyOf,owl.AnnotationProperty
rc.schlafli_symbol,rdfs:subPropertyOf,kko.media
rc.science_museum_people_id,rdfs:subPropertyOf,owl.AnnotationProperty
rc.science_museum_people_id,rdfs:subPropertyOf,kko.identifiers
rc.scn,rdfs:subPropertyOf,owl.AnnotationProperty
rc.scn,rdfs:subPropertyOf,kko.identifiers
rc.scope_dk_film_id,rdfs:subPropertyOf,owl.AnnotationProperty
rc.scope_dk_film_id,rdfs:subPropertyOf,kko.identifiers
rc.scope_dk_person_id,rdfs:subPropertyOf,owl.AnnotationProperty
rc.scope_dk_person_id,rdfs:subPropertyOf,kko.identifiers
rc.scopus_affiliation_id,rdfs:subPropertyOf,owl.AnnotationProperty
rc.scopus_affiliation_id,rdfs:subPropertyOf,kko.identifiers
rc.scopus_author_id,rdfs:subPropertyOf,owl.AnnotationProperty
rc.scopus_author_id,rdfs:subPropertyOf,kko.identifiers
rc.scopus_eid,rdfs:subPropertyOf,owl.AnnotationProperty
rc.scopus_eid,rdfs:subPropertyOf,kko.identifiers
rc.scopus_source_id,rdfs:subPropertyOf,owl.AnnotationProperty
rc.scopus_source_id,rdfs:subPropertyOf,kko.identifiers
rc.scoresway_handball_person_id,rdfs:subPropertyOf,owl.AnnotationProperty
rc.scoresway_handball_person_id,rdfs:subPropertyOf,kko.identifiers
rc.scoresway_soccer_person_id,rdfs:subPropertyOf,owl.AnnotationProperty
rc.scoresway_soccer_person_id,rdfs:subPropertyOf,kko.identifiers
rc.scottish_charity_number,rdfs:subPropertyOf,owl.AnnotationProperty
rc.scottish_charity_number,rdfs:subPropertyOf,kko.identifiers
rc.scottish_football_association_player_id,rdfs:subPropertyOf,owl.AnnotationProperty
rc.scottish_football_association_player_id,rdfs:subPropertyOf,kko.identifiers
rc.scottish_sports_hall_of_fame_athlete_id,rdfs:subPropertyOf,owl.AnnotationProperty
rc.scottish_sports_hall_of_fame_athlete_id,rdfs:subPropertyOf,kko.identifiers
rc.screenshot,rdfs:subPropertyOf,owl.AnnotationProperty
rc.screenshot,rdfs:subPropertyOf,kko.media
rc.seal_description,rdfs:subPropertyOf,owl.AnnotationProperty
rc.seal_description,rdfs:subPropertyOf,kko.descriptions
rc.seal_image,rdfs:subPropertyOf,owl.AnnotationProperty
rc.seal_image,rdfs:subPropertyOf,kko.media
rc.search_formatter_url,rdfs:subPropertyOf,owl.AnnotationProperty
rc.search_formatter_url,rdfs:subPropertyOf,kko.codes
rc.season_number,rdfs:subPropertyOf,owl.AnnotationProperty
rc.season_number,rdfs:subPropertyOf,kko.identifiers
rc.seat_number,rdfs:subPropertyOf,owl.AnnotationProperty
rc.seat_number,rdfs:subPropertyOf,kko.pointers
rc.seat_row,rdfs:subPropertyOf,owl.AnnotationProperty
rc.seat_row,rdfs:subPropertyOf,kko.pointers
rc.seat_section,rdfs:subPropertyOf,owl.AnnotationProperty
rc.seat_section,rdfs:subPropertyOf,kko.pointers
rc.second_family_name_in_spanish_name,rdfs:subPropertyOf,owl.AnnotationProperty
rc.second_family_name_in_spanish_name,rdfs:subPropertyOf,kko.labels
rc.second_hand_songs_artist_id,rdfs:subPropertyOf,owl.AnnotationProperty
rc.second_hand_songs_artist_id,rdfs:subPropertyOf,kko.identifiers
rc.second_hand_songs_song_id,rdfs:subPropertyOf,owl.AnnotationProperty
rc.second_hand_songs_song_id,rdfs:subPropertyOf,kko.identifiers
rc.section_verse_paragraph_or_clause,rdfs:subPropertyOf,owl.AnnotationProperty
rc.section_verse_paragraph_or_clause,rdfs:subPropertyOf,kko.pointers
rc.sectional_view,rdfs:subPropertyOf,owl.AnnotationProperty
rc.sectional_view,rdfs:subPropertyOf,kko.media
rc.see_also,rdfs:subPropertyOf,owl.AnnotationProperty
rc.see_also,rdfs:subPropertyOf,kko.relateds
rc.seed_number,rdfs:subPropertyOf,owl.AnnotationProperty
rc.seed_number,rdfs:subPropertyOf,kko.identifiers
rc.sefaria_id,rdfs:subPropertyOf,owl.AnnotationProperty
rc.sefaria_id,rdfs:subPropertyOf,kko.identifiers
rc.sega_8_bit_com_identifier,rdfs:subPropertyOf,owl.AnnotationProperty
rc.sega_8_bit_com_identifier,rdfs:subPropertyOf,kko.identifiers
rc.selibr_id,rdfs:subPropertyOf,owl.AnnotationProperty
rc.selibr_id,rdfs:subPropertyOf,kko.identifiers
rc.semantic_scholar_author_id,rdfs:subPropertyOf,owl.AnnotationProperty
rc.semantic_scholar_author_id,rdfs:subPropertyOf,kko.identifiers
rc.semantic_scholar_paper_id,rdfs:subPropertyOf,owl.AnnotationProperty
rc.semantic_scholar_paper_id,rdfs:subPropertyOf,kko.identifiers
rc.senat_fr_id,rdfs:subPropertyOf,owl.AnnotationProperty
rc.senat_fr_id,rdfs:subPropertyOf,kko.identifiers
rc.sequence_ontology_id,rdfs:subPropertyOf,owl.AnnotationProperty
rc.sequence_ontology_id,rdfs:subPropertyOf,kko.identifiers
rc.serbian_olympic_committee_athlete_id,rdfs:subPropertyOf,owl.AnnotationProperty
rc.serbian_olympic_committee_athlete_id,rdfs:subPropertyOf,kko.identifiers
rc.serialNumber,rdfs:subPropertyOf,owl.AnnotationProperty
rc.serialNumber,rdfs:subPropertyOf,kko.identifiers
rc.serial_number,rdfs:subPropertyOf,owl.AnnotationProperty
rc.serial_number,rdfs:subPropertyOf,kko.identifiers
rc.series_ordinal,rdfs:subPropertyOf,owl.AnnotationProperty
rc.series_ordinal,rdfs:subPropertyOf,kko.pointers
rc.service_phone,rdfs:subPropertyOf,owl.AnnotationProperty
rc.service_phone,rdfs:subPropertyOf,kko.pointers
rc.service_postal_address,rdfs:subPropertyOf,owl.AnnotationProperty
rc.service_postal_address,rdfs:subPropertyOf,kko.pointers
rc.service_ribbon_image,rdfs:subPropertyOf,owl.AnnotationProperty
rc.service_ribbon_image,rdfs:subPropertyOf,kko.media
rc.service_sms_number,rdfs:subPropertyOf,owl.AnnotationProperty
rc.service_sms_number,rdfs:subPropertyOf,kko.pointers
rc.service_url,rdfs:subPropertyOf,owl.AnnotationProperty
rc.service_url,rdfs:subPropertyOf,kko.pointers
rc.shakeosphere_person_id,rdfs:subPropertyOf,owl.AnnotationProperty
rc.shakeosphere_person_id,rdfs:subPropertyOf,kko.identifiers
rc.share_catalogue_author_id,rdfs:subPropertyOf,owl.AnnotationProperty
rc.share_catalogue_author_id,rdfs:subPropertyOf,kko.identifiers
rc.shared_content,rdfs:subPropertyOf,owl.AnnotationProperty
rc.shared_content,rdfs:subPropertyOf,kko.media
rc.sheet_music,rdfs:subPropertyOf,owl.AnnotationProperty
rc.sheet_music,rdfs:subPropertyOf,kko.media
rc.sherdog_id,rdfs:subPropertyOf,owl.AnnotationProperty
rc.sherdog_id,rdfs:subPropertyOf,kko.identifiers
rc.sherpa_juliet_id,rdfs:subPropertyOf,owl.AnnotationProperty
rc.sherpa_juliet_id,rdfs:subPropertyOf,kko.identifiers
rc.shield_image,rdfs:subPropertyOf,owl.AnnotationProperty
rc.shield_image,rdfs:subPropertyOf,kko.media
rc.shirat_nashim_person_id,rdfs:subPropertyOf,owl.AnnotationProperty
rc.shirat_nashim_person_id,rdfs:subPropertyOf,kko.identifiers
rc.shironet_artist_id,rdfs:subPropertyOf,owl.AnnotationProperty
rc.shironet_artist_id,rdfs:subPropertyOf,kko.identifiers
rc.shironet_song_id,rdfs:subPropertyOf,owl.AnnotationProperty
rc.shironet_song_id,rdfs:subPropertyOf,kko.identifiers
rc.shoftim_be_israel_judge_id,rdfs:subPropertyOf,owl.AnnotationProperty
rc.shoftim_be_israel_judge_id,rdfs:subPropertyOf,kko.identifiers
rc.short_name,rdfs:subPropertyOf,owl.AnnotationProperty
rc.short_name,rdfs:subPropertyOf,kko.labels
rc.short_track_speed_skater_isu_id,rdfs:subPropertyOf,owl.AnnotationProperty
rc.short_track_speed_skater_isu_id,rdfs:subPropertyOf,kko.identifiers
rc.sic_code,rdfs:subPropertyOf,owl.AnnotationProperty
rc.sic_code,rdfs:subPropertyOf,kko.codes
rc.sigic_author_id,rdfs:subPropertyOf,owl.AnnotationProperty
rc.sigic_author_id,rdfs:subPropertyOf,kko.identifiers
rc.sigic_group_id,rdfs:subPropertyOf,owl.AnnotationProperty
rc.sigic_group_id,rdfs:subPropertyOf,kko.identifiers
rc.sigic_institution_id,rdfs:subPropertyOf,owl.AnnotationProperty
rc.sigic_institution_id,rdfs:subPropertyOf,kko.identifiers
rc.signature,rdfs:subPropertyOf,owl.AnnotationProperty
rc.signature,rdfs:subPropertyOf,kko.media
rc.significant_link,rdfs:subPropertyOf,owl.AnnotationProperty
rc.significant_link,rdfs:subPropertyOf,kko.pointers
rc.significant_links,rdfs:subPropertyOf,owl.AnnotationProperty
rc.significant_links,rdfs:subPropertyOf,kko.pointers
rc.sikart_id,rdfs:subPropertyOf,owl.AnnotationProperty
rc.sikart_id,rdfs:subPropertyOf,kko.identifiers
rc.simbad_id,rdfs:subPropertyOf,owl.AnnotationProperty
rc.simbad_id,rdfs:subPropertyOf,kko.identifiers
rc.simc_place_id,rdfs:subPropertyOf,owl.AnnotationProperty
rc.simc_place_id,rdfs:subPropertyOf,kko.identifiers
rc.sina_weibo_user_id,rdfs:subPropertyOf,owl.AnnotationProperty
rc.sina_weibo_user_id,rdfs:subPropertyOf,kko.identifiers
rc.sioc_id,rdfs:subPropertyOf,owl.AnnotationProperty
rc.sioc_id,rdfs:subPropertyOf,kko.identifiers
rc.sipa_id,rdfs:subPropertyOf,owl.AnnotationProperty
rc.sipa_id,rdfs:subPropertyOf,kko.identifiers
rc.sipca_code,rdfs:subPropertyOf,owl.AnnotationProperty
rc.sipca_code,rdfs:subPropertyOf,kko.identifiers
rc.siprojuris_id,rdfs:subPropertyOf,owl.AnnotationProperty
rc.siprojuris_id,rdfs:subPropertyOf,kko.identifiers
rc.siren_number,rdfs:subPropertyOf,owl.AnnotationProperty
rc.siren_number,rdfs:subPropertyOf,kko.identifiers
rc.siret_number,rdfs:subPropertyOf,owl.AnnotationProperty
rc.siret_number,rdfs:subPropertyOf,kko.identifiers
rc.siruta_code,rdfs:subPropertyOf,owl.AnnotationProperty
rc.siruta_code,rdfs:subPropertyOf,kko.codes
rc.site_of_special_scientific_interest_england_id,rdfs:subPropertyOf,owl.AnnotationProperty
rc.site_of_special_scientific_interest_england_id,rdfs:subPropertyOf,kko.identifiers
rc.six_degrees_of_francis_bacon_id,rdfs:subPropertyOf,owl.AnnotationProperty
rc.six_degrees_of_francis_bacon_id,rdfs:subPropertyOf,kko.identifiers
rc.ski_db_skier_id,rdfs:subPropertyOf,owl.AnnotationProperty
rc.ski_db_skier_id,rdfs:subPropertyOf,kko.identifiers
rc.sku,rdfs:subPropertyOf,owl.AnnotationProperty
rc.sku,rdfs:subPropertyOf,kko.identifiers
rc.skype_username,rdfs:subPropertyOf,owl.AnnotationProperty
rc.skype_username,rdfs:subPropertyOf,kko.identifiers
rc.skyscraper_page_building_id,rdfs:subPropertyOf,owl.AnnotationProperty
rc.skyscraper_page_building_id,rdfs:subPropertyOf,kko.identifiers
rc.slide_share_username,rdfs:subPropertyOf,owl.AnnotationProperty
rc.slide_share_username,rdfs:subPropertyOf,kko.identifiers
rc.slovene_cultural_heritage_register_id,rdfs:subPropertyOf,owl.AnnotationProperty
rc.slovene_cultural_heritage_register_id,rdfs:subPropertyOf,kko.identifiers
rc.slovenska_biografija_id,rdfs:subPropertyOf,owl.AnnotationProperty
rc.slovenska_biografija_id,rdfs:subPropertyOf,kko.identifiers
rc.small_monuments_of_plzen_catalogue_id,rdfs:subPropertyOf,owl.AnnotationProperty
rc.small_monuments_of_plzen_catalogue_id,rdfs:subPropertyOf,kko.identifiers
rc.smithsonian_american_art_museum_id,rdfs:subPropertyOf,owl.AnnotationProperty
rc.smithsonian_american_art_museum_id,rdfs:subPropertyOf,kko.identifiers
rc.smithsonian_american_art_museum_person_institution_id,rdfs:subPropertyOf,owl.AnnotationProperty
rc.smithsonian_american_art_museum_person_institution_id,rdfs:subPropertyOf,kko.identifiers
rc.smithsonian_trinomial,rdfs:subPropertyOf,owl.AnnotationProperty
rc.smithsonian_trinomial,rdfs:subPropertyOf,kko.codes
rc.smithsonian_volcano_id,rdfs:subPropertyOf,owl.AnnotationProperty
rc.smithsonian_volcano_id,rdfs:subPropertyOf,kko.identifiers
rc.snac_ark_id,rdfs:subPropertyOf,owl.AnnotationProperty
rc.snac_ark_id,rdfs:subPropertyOf,kko.identifiers
rc.snap_id,rdfs:subPropertyOf,owl.AnnotationProperty
rc.snap_id,rdfs:subPropertyOf,kko.identifiers
rc.snap_package,rdfs:subPropertyOf,owl.AnnotationProperty
rc.snap_package,rdfs:subPropertyOf,kko.identifiers
rc.snapchat_username,rdfs:subPropertyOf,owl.AnnotationProperty
rc.snapchat_username,rdfs:subPropertyOf,kko.identifiers
rc.snczi_ipe_dam_id,rdfs:subPropertyOf,owl.AnnotationProperty
rc.snczi_ipe_dam_id,rdfs:subPropertyOf,kko.identifiers
rc.snczi_ipe_reservoir_id,rdfs:subPropertyOf,owl.AnnotationProperty
rc.snczi_ipe_reservoir_id,rdfs:subPropertyOf,kko.identifiers
rc.snooker_database_player_id,rdfs:subPropertyOf,owl.AnnotationProperty
rc.snooker_database_player_id,rdfs:subPropertyOf,kko.identifiers
rc.snooker_org_player_id,rdfs:subPropertyOf,owl.AnnotationProperty
rc.snooker_org_player_id,rdfs:subPropertyOf,kko.identifiers
rc.snooker_org_tournament_id,rdfs:subPropertyOf,owl.AnnotationProperty
rc.snooker_org_tournament_id,rdfs:subPropertyOf,kko.identifiers
rc.soato_id,rdfs:subPropertyOf,owl.AnnotationProperty
rc.soato_id,rdfs:subPropertyOf,kko.identifiers
rc.soccerbase_manager_id,rdfs:subPropertyOf,owl.AnnotationProperty
rc.soccerbase_manager_id,rdfs:subPropertyOf,kko.identifiers
rc.soccerbase_player_id,rdfs:subPropertyOf,owl.AnnotationProperty
rc.soccerbase_player_id,rdfs:subPropertyOf,kko.identifiers
rc.soccerdonna_player_id,rdfs:subPropertyOf,owl.AnnotationProperty
rc.soccerdonna_player_id,rdfs:subPropertyOf,kko.identifiers
rc.soccerway_player_id,rdfs:subPropertyOf,owl.AnnotationProperty
rc.soccerway_player_id,rdfs:subPropertyOf,kko.identifiers
rc.social_science_research_network_id,rdfs:subPropertyOf,owl.AnnotationProperty
rc.social_science_research_network_id,rdfs:subPropertyOf,kko.identifiers
rc.software_help,rdfs:subPropertyOf,owl.AnnotationProperty
rc.software_help,rdfs:subPropertyOf,kko.augments
rc.software_version_schema,rdfs:subPropertyOf,owl.AnnotationProperty
rc.software_version_schema,rdfs:subPropertyOf,kko.codes
rc.solomon_r_guggenheim_foundation_artwork_id,rdfs:subPropertyOf,owl.AnnotationProperty
rc.solomon_r_guggenheim_foundation_artwork_id,rdfs:subPropertyOf,kko.identifiers
rc.songkick_artist_id,rdfs:subPropertyOf,owl.AnnotationProperty
rc.songkick_artist_id,rdfs:subPropertyOf,kko.identifiers
rc.songkick_venue_id,rdfs:subPropertyOf,owl.AnnotationProperty
rc.songkick_venue_id,rdfs:subPropertyOf,kko.identifiers
rc.sound_cloud_id,rdfs:subPropertyOf,owl.AnnotationProperty
rc.sound_cloud_id,rdfs:subPropertyOf,kko.identifiers
rc.soundex,rdfs:subPropertyOf,owl.AnnotationProperty
rc.soundex,rdfs:subPropertyOf,kko.codes
rc.soundtrack_collector_id,rdfs:subPropertyOf,owl.AnnotationProperty
rc.soundtrack_collector_id,rdfs:subPropertyOf,kko.identifiers
rc.source_code_repository,rdfs:subPropertyOf,owl.AnnotationProperty
rc.source_code_repository,rdfs:subPropertyOf,kko.relateds
rc.source_forge_project,rdfs:subPropertyOf,owl.AnnotationProperty
rc.source_forge_project,rdfs:subPropertyOf,kko.identifiers
rc.source_website_for_the_property,rdfs:subPropertyOf,owl.AnnotationProperty
rc.source_website_for_the_property,rdfs:subPropertyOf,kko.pointers
rc.soureh_cinema_film_id,rdfs:subPropertyOf,owl.AnnotationProperty
rc.soureh_cinema_film_id,rdfs:subPropertyOf,kko.identifiers
rc.soureh_cinema_person_id,rdfs:subPropertyOf,owl.AnnotationProperty
rc.soureh_cinema_person_id,rdfs:subPropertyOf,kko.identifiers
rc.south_african_municipality_code,rdfs:subPropertyOf,owl.AnnotationProperty
rc.south_african_municipality_code,rdfs:subPropertyOf,kko.identifiers
rc.south_australian_football_hall_of_fame_inductee_id,rdfs:subPropertyOf,owl.AnnotationProperty
rc.south_australian_football_hall_of_fame_inductee_id,rdfs:subPropertyOf,kko.identifiers
rc.south_australian_heritage_register_database_id,rdfs:subPropertyOf,owl.AnnotationProperty
rc.south_australian_heritage_register_database_id,rdfs:subPropertyOf,kko.identifiers
rc.south_dakota_legislator_id,rdfs:subPropertyOf,owl.AnnotationProperty
rc.south_dakota_legislator_id,rdfs:subPropertyOf,kko.identifiers
rc.south_dakota_sports_hall_of_fame_id,rdfs:subPropertyOf,owl.AnnotationProperty
rc.south_dakota_sports_hall_of_fame_id,rdfs:subPropertyOf,kko.identifiers
rc.spanish_biographical_dictionary_id,rdfs:subPropertyOf,owl.AnnotationProperty
rc.spanish_biographical_dictionary_id,rdfs:subPropertyOf,kko.identifiers
rc.spanish_boletin_oficial_del_estado_id,rdfs:subPropertyOf,owl.AnnotationProperty
rc.spanish_boletin_oficial_del_estado_id,rdfs:subPropertyOf,kko.identifiers
rc.spanish_paralympic_committee_athlete_id,rdfs:subPropertyOf,owl.AnnotationProperty
rc.spanish_paralympic_committee_athlete_id,rdfs:subPropertyOf,kko.identifiers
rc.spdx_id,rdfs:subPropertyOf,owl.AnnotationProperty
rc.spdx_id,rdfs:subPropertyOf,kko.identifiers
rc.species_profile_and_threats_database_id,rdfs:subPropertyOf,owl.AnnotationProperty
rc.species_profile_and_threats_database_id,rdfs:subPropertyOf,kko.identifiers
rc.speed_skating_base_eu_id,rdfs:subPropertyOf,owl.AnnotationProperty
rc.speed_skating_base_eu_id,rdfs:subPropertyOf,kko.identifiers
rc.speed_skating_news_info_speed_skater_id,rdfs:subPropertyOf,owl.AnnotationProperty
rc.speed_skating_news_info_speed_skater_id,rdfs:subPropertyOf,kko.identifiers
rc.speed_skating_stats_speed_skater_id,rdfs:subPropertyOf,owl.AnnotationProperty
rc.speed_skating_stats_speed_skater_id,rdfs:subPropertyOf,kko.identifiers
rc.speedskating_results_com_speed_skater_id,rdfs:subPropertyOf,owl.AnnotationProperty
rc.speedskating_results_com_speed_skater_id,rdfs:subPropertyOf,kko.identifiers
rc.spenserians_person_id,rdfs:subPropertyOf,owl.AnnotationProperty
rc.spenserians_person_id,rdfs:subPropertyOf,kko.identifiers
rc.splash,rdfs:subPropertyOf,owl.AnnotationProperty
rc.splash,rdfs:subPropertyOf,kko.identifiers
rc.spoken_text_audio,rdfs:subPropertyOf,owl.AnnotationProperty
rc.spoken_text_audio,rdfs:subPropertyOf,kko.media
rc.sport_australia_hall_of_fame_inductee_id,rdfs:subPropertyOf,owl.AnnotationProperty
rc.sport_australia_hall_of_fame_inductee_id,rdfs:subPropertyOf,kko.identifiers
rc.sport_number,rdfs:subPropertyOf,owl.AnnotationProperty
rc.sport_number,rdfs:subPropertyOf,kko.identifiers
rc.sportbox_ru_id,rdfs:subPropertyOf,owl.AnnotationProperty
rc.sportbox_ru_id,rdfs:subPropertyOf,kko.identifiers
rc.sporthorse_data_id,rdfs:subPropertyOf,owl.AnnotationProperty
rc.sporthorse_data_id,rdfs:subPropertyOf,kko.identifiers
rc.sports_reference_com_college_basketball_coach_id,rdfs:subPropertyOf,owl.AnnotationProperty
rc.sports_reference_com_college_basketball_coach_id,rdfs:subPropertyOf,kko.identifiers
rc.sports_reference_com_college_basketball_player_id,rdfs:subPropertyOf,owl.AnnotationProperty
rc.sports_reference_com_college_basketball_player_id,rdfs:subPropertyOf,kko.identifiers
rc.sports_reference_com_college_football_player_id,rdfs:subPropertyOf,owl.AnnotationProperty
rc.sports_reference_com_college_football_player_id,rdfs:subPropertyOf,kko.identifiers
rc.sports_reference_com_olympic_athlete_id,rdfs:subPropertyOf,owl.AnnotationProperty
rc.sports_reference_com_olympic_athlete_id,rdfs:subPropertyOf,kko.identifiers
rc.sports_ru_athlete_id,rdfs:subPropertyOf,owl.AnnotationProperty
rc.sports_ru_athlete_id,rdfs:subPropertyOf,kko.identifiers
rc.spotify_album_id,rdfs:subPropertyOf,owl.AnnotationProperty
rc.spotify_album_id,rdfs:subPropertyOf,kko.identifiers
rc.spotify_artist_id,rdfs:subPropertyOf,owl.AnnotationProperty
rc.spotify_artist_id,rdfs:subPropertyOf,kko.identifiers
rc.spotify_track_id,rdfs:subPropertyOf,owl.AnnotationProperty
rc.spotify_track_id,rdfs:subPropertyOf,kko.identifiers
rc.squash_info_player_id,rdfs:subPropertyOf,owl.AnnotationProperty
rc.squash_info_player_id,rdfs:subPropertyOf,kko.identifiers
rc.sratim_id,rdfs:subPropertyOf,owl.AnnotationProperty
rc.sratim_id,rdfs:subPropertyOf,kko.identifiers
rc.ssr_place_name_number,rdfs:subPropertyOf,owl.AnnotationProperty
rc.ssr_place_name_number,rdfs:subPropertyOf,kko.identifiers
rc.ssr_written_form_id,rdfs:subPropertyOf,owl.AnnotationProperty
rc.ssr_written_form_id,rdfs:subPropertyOf,kko.identifiers
rc.ssrn_author_id,rdfs:subPropertyOf,owl.AnnotationProperty
rc.ssrn_author_id,rdfs:subPropertyOf,kko.identifiers
rc.stack_exchange_tag,rdfs:subPropertyOf,owl.AnnotationProperty
rc.stack_exchange_tag,rdfs:subPropertyOf,kko.labels
rc.stadel_museum_artist_id,rdfs:subPropertyOf,owl.AnnotationProperty
rc.stadel_museum_artist_id,rdfs:subPropertyOf,kko.identifiers
rc.stanford_encyclopedia_of_philosophy_id,rdfs:subPropertyOf,owl.AnnotationProperty
rc.stanford_encyclopedia_of_philosophy_id,rdfs:subPropertyOf,kko.identifiers
rc.star_wars_databank_id,rdfs:subPropertyOf,owl.AnnotationProperty
rc.star_wars_databank_id,rdfs:subPropertyOf,kko.identifiers
rc.state_catalogue_of_geographical_names_russia_id,rdfs:subPropertyOf,owl.AnnotationProperty
rc.state_catalogue_of_geographical_names_russia_id,rdfs:subPropertyOf,kko.identifiers
rc.state_water_register_code_russia,rdfs:subPropertyOf,owl.AnnotationProperty
rc.state_water_register_code_russia,rdfs:subPropertyOf,kko.identifiers
rc.stated_in,rdfs:subPropertyOf,owl.AnnotationProperty
rc.stated_in,rdfs:subPropertyOf,kko.augments
rc.station_code,rdfs:subPropertyOf,owl.AnnotationProperty
rc.station_code,rdfs:subPropertyOf,kko.identifiers
rc.statistical_service_of_cyprus_geocode,rdfs:subPropertyOf,owl.AnnotationProperty
rc.statistical_service_of_cyprus_geocode,rdfs:subPropertyOf,kko.codes
rc.statistics_canada_geographic_code,rdfs:subPropertyOf,owl.AnnotationProperty
rc.statistics_canada_geographic_code,rdfs:subPropertyOf,kko.codes
rc.statistics_indonesia_ethnicity_code,rdfs:subPropertyOf,owl.AnnotationProperty
rc.statistics_indonesia_ethnicity_code,rdfs:subPropertyOf,kko.identifiers
rc.statoids_id,rdfs:subPropertyOf,owl.AnnotationProperty
rc.statoids_id,rdfs:subPropertyOf,kko.identifiers
rc.steam_application_id,rdfs:subPropertyOf,owl.AnnotationProperty
rc.steam_application_id,rdfs:subPropertyOf,kko.identifiers
rc.step,rdfs:subPropertyOf,owl.AnnotationProperty
rc.step,rdfs:subPropertyOf,kko.lists
rc.steps,rdfs:subPropertyOf,owl.AnnotationProperty
rc.steps,rdfs:subPropertyOf,kko.lists
rc.stereo_ve_mono_artist_id,rdfs:subPropertyOf,owl.AnnotationProperty
rc.stereo_ve_mono_artist_id,rdfs:subPropertyOf,kko.identifiers
rc.store_norske_leksikon_id,rdfs:subPropertyOf,owl.AnnotationProperty
rc.store_norske_leksikon_id,rdfs:subPropertyOf,kko.identifiers
rc.storting_person_id,rdfs:subPropertyOf,owl.AnnotationProperty
rc.storting_person_id,rdfs:subPropertyOf,kko.identifiers
rc.streaming_media_url,rdfs:subPropertyOf,owl.AnnotationProperty
rc.streaming_media_url,rdfs:subPropertyOf,kko.pointers
rc.street_address,rdfs:subPropertyOf,owl.AnnotationProperty
rc.street_address,rdfs:subPropertyOf,kko.pointers
rc.street_key,rdfs:subPropertyOf,owl.AnnotationProperty
rc.street_key,rdfs:subPropertyOf,kko.identifiers
rc.street_number,rdfs:subPropertyOf,owl.AnnotationProperty
rc.street_number,rdfs:subPropertyOf,kko.identifiers
rc.structurae_person_id,rdfs:subPropertyOf,owl.AnnotationProperty
rc.structurae_person_id,rdfs:subPropertyOf,kko.identifiers
rc.structurae_structure_id,rdfs:subPropertyOf,owl.AnnotationProperty
rc.structurae_structure_id,rdfs:subPropertyOf,kko.identifiers
rc.student_register_of_the_university_of_helsinki_id_1640_1852,rdfs:subPropertyOf,owl.AnnotationProperty
rc.student_register_of_the_university_of_helsinki_id_1640_1852,rdfs:subPropertyOf,kko.identifiers
rc.student_register_of_the_university_of_helsinki_id_1853_1899,rdfs:subPropertyOf,owl.AnnotationProperty
rc.student_register_of_the_university_of_helsinki_id_1853_1899,rdfs:subPropertyOf,kko.identifiers
rc.stuttgart_database_of_scientific_illustrators_id,rdfs:subPropertyOf,owl.AnnotationProperty
rc.stuttgart_database_of_scientific_illustrators_id,rdfs:subPropertyOf,kko.identifiers
rc.stw_thesaurus_for_economics_id,rdfs:subPropertyOf,owl.AnnotationProperty
rc.stw_thesaurus_for_economics_id,rdfs:subPropertyOf,kko.identifiers
rc.subreddit,rdfs:subPropertyOf,owl.AnnotationProperty
rc.subreddit,rdfs:subPropertyOf,kko.identifiers
rc.subtitle,rdfs:subPropertyOf,owl.AnnotationProperty
rc.subtitle,rdfs:subPropertyOf,kko.descriptions
rc.sudoc_authorities_id,rdfs:subPropertyOf,owl.AnnotationProperty
rc.sudoc_authorities_id,rdfs:subPropertyOf,kko.identifiers
rc.sudoc_editions,rdfs:subPropertyOf,owl.AnnotationProperty
rc.sudoc_editions,rdfs:subPropertyOf,kko.identifiers
rc.summit_post_mountain_id,rdfs:subPropertyOf,owl.AnnotationProperty
rc.summit_post_mountain_id,rdfs:subPropertyOf,kko.identifiers
rc.suncat_id,rdfs:subPropertyOf,owl.AnnotationProperty
rc.suncat_id,rdfs:subPropertyOf,kko.identifiers
rc.sunshine_tour_golf_player_id,rdfs:subPropertyOf,owl.AnnotationProperty
rc.sunshine_tour_golf_player_id,rdfs:subPropertyOf,kko.identifiers
rc.supermodels_nl_id,rdfs:subPropertyOf,owl.AnnotationProperty
rc.supermodels_nl_id,rdfs:subPropertyOf,kko.identifiers
rc.sure_ch_embl_id,rdfs:subPropertyOf,owl.AnnotationProperty
rc.sure_ch_embl_id,rdfs:subPropertyOf,kko.identifiers
rc.surfline_id,rdfs:subPropertyOf,owl.AnnotationProperty
rc.surfline_id,rdfs:subPropertyOf,kko.identifiers
rc.surman_id,rdfs:subPropertyOf,owl.AnnotationProperty
rc.surman_id,rdfs:subPropertyOf,kko.identifiers
rc.survey_of_scottish_witchcraft_accused_witch_id,rdfs:subPropertyOf,owl.AnnotationProperty
rc.survey_of_scottish_witchcraft_accused_witch_id,rdfs:subPropertyOf,kko.identifiers
rc.survey_of_scottish_witchcraft_person_id,rdfs:subPropertyOf,owl.AnnotationProperty
rc.survey_of_scottish_witchcraft_person_id,rdfs:subPropertyOf,kko.identifiers
rc.survey_of_scottish_witchcraft_trial_id,rdfs:subPropertyOf,owl.AnnotationProperty
rc.survey_of_scottish_witchcraft_trial_id,rdfs:subPropertyOf,kko.identifiers
rc.swb_editions,rdfs:subPropertyOf,owl.AnnotationProperty
rc.swb_editions,rdfs:subPropertyOf,kko.identifiers
rc.swedish_civil_parish_code_ata_code,rdfs:subPropertyOf,owl.AnnotationProperty
rc.swedish_civil_parish_code_ata_code,rdfs:subPropertyOf,kko.identifiers
rc.swedish_county_code,rdfs:subPropertyOf,owl.AnnotationProperty
rc.swedish_county_code,rdfs:subPropertyOf,kko.identifiers
rc.swedish_county_letter,rdfs:subPropertyOf,owl.AnnotationProperty
rc.swedish_county_letter,rdfs:subPropertyOf,kko.codes
rc.swedish_district_code,rdfs:subPropertyOf,owl.AnnotationProperty
rc.swedish_district_code,rdfs:subPropertyOf,kko.identifiers
rc.swedish_film_database_company_id,rdfs:subPropertyOf,owl.AnnotationProperty
rc.swedish_film_database_company_id,rdfs:subPropertyOf,kko.identifiers
rc.swedish_film_database_film_id,rdfs:subPropertyOf,owl.AnnotationProperty
rc.swedish_film_database_film_id,rdfs:subPropertyOf,kko.identifiers
rc.swedish_film_database_group_id,rdfs:subPropertyOf,owl.AnnotationProperty
rc.swedish_film_database_group_id,rdfs:subPropertyOf,kko.identifiers
rc.swedish_film_database_person_id,rdfs:subPropertyOf,owl.AnnotationProperty
rc.swedish_film_database_person_id,rdfs:subPropertyOf,kko.identifiers
rc.swedish_film_database_soundtrack_id,rdfs:subPropertyOf,owl.AnnotationProperty
rc.swedish_film_database_soundtrack_id,rdfs:subPropertyOf,kko.identifiers
rc.swedish_football_association_player_id,rdfs:subPropertyOf,owl.AnnotationProperty
rc.swedish_football_association_player_id,rdfs:subPropertyOf,kko.identifiers
rc.swedish_media_database_id,rdfs:subPropertyOf,owl.AnnotationProperty
rc.swedish_media_database_id,rdfs:subPropertyOf,kko.identifiers
rc.swedish_minor_urban_area_code,rdfs:subPropertyOf,owl.AnnotationProperty
rc.swedish_minor_urban_area_code,rdfs:subPropertyOf,kko.identifiers
rc.swedish_municipality_code,rdfs:subPropertyOf,owl.AnnotationProperty
rc.swedish_municipality_code,rdfs:subPropertyOf,kko.identifiers
rc.swedish_musical_heritage_composer_id,rdfs:subPropertyOf,owl.AnnotationProperty
rc.swedish_musical_heritage_composer_id,rdfs:subPropertyOf,kko.identifiers
rc.swedish_olympic_committee_athlete_id,rdfs:subPropertyOf,owl.AnnotationProperty
rc.swedish_olympic_committee_athlete_id,rdfs:subPropertyOf,kko.identifiers
rc.swedish_open_cultural_heritage_uri,rdfs:subPropertyOf,owl.AnnotationProperty
rc.swedish_open_cultural_heritage_uri,rdfs:subPropertyOf,kko.identifiers
rc.swedish_portrait_archive,rdfs:subPropertyOf,owl.AnnotationProperty
rc.swedish_portrait_archive,rdfs:subPropertyOf,kko.identifiers
rc.swedish_urban_area_code,rdfs:subPropertyOf,owl.AnnotationProperty
rc.swedish_urban_area_code,rdfs:subPropertyOf,kko.identifiers
rc.swim_swam_id,rdfs:subPropertyOf,owl.AnnotationProperty
rc.swim_swam_id,rdfs:subPropertyOf,kko.identifiers
rc.swimming_australia_swimmer_id,rdfs:subPropertyOf,owl.AnnotationProperty
rc.swimming_australia_swimmer_id,rdfs:subPropertyOf,kko.identifiers
rc.swimrankings_net_swimmer_id,rdfs:subPropertyOf,owl.AnnotationProperty
rc.swimrankings_net_swimmer_id,rdfs:subPropertyOf,kko.identifiers
rc.swiss_enterprise_identification_number,rdfs:subPropertyOf,owl.AnnotationProperty
rc.swiss_enterprise_identification_number,rdfs:subPropertyOf,kko.identifiers
rc.swiss_federal_archives_id,rdfs:subPropertyOf,owl.AnnotationProperty
rc.swiss_federal_archives_id,rdfs:subPropertyOf,kko.identifiers
rc.swiss_football_association_club_number,rdfs:subPropertyOf,owl.AnnotationProperty
rc.swiss_football_association_club_number,rdfs:subPropertyOf,kko.identifiers
rc.swiss_municipality_code,rdfs:subPropertyOf,owl.AnnotationProperty
rc.swiss_municipality_code,rdfs:subPropertyOf,kko.identifiers
rc.swiss_parliament_id,rdfs:subPropertyOf,owl.AnnotationProperty
rc.swiss_parliament_id,rdfs:subPropertyOf,kko.identifiers
rc.sycomore_id,rdfs:subPropertyOf,owl.AnnotationProperty
rc.sycomore_id,rdfs:subPropertyOf,kko.identifiers
rc.ta_98_latin_term,rdfs:subPropertyOf,owl.AnnotationProperty
rc.ta_98_latin_term,rdfs:subPropertyOf,kko.identifiers
rc.tab_4_u_artist_id,rdfs:subPropertyOf,owl.AnnotationProperty
rc.tab_4_u_artist_id,rdfs:subPropertyOf,kko.identifiers
rc.taekwondo_data_id,rdfs:subPropertyOf,owl.AnnotationProperty
rc.taekwondo_data_id,rdfs:subPropertyOf,kko.identifiers
rc.tagesschau_election_id,rdfs:subPropertyOf,owl.AnnotationProperty
rc.tagesschau_election_id,rdfs:subPropertyOf,kko.identifiers
rc.talouselaman_vaikuttajat_id,rdfs:subPropertyOf,owl.AnnotationProperty
rc.talouselaman_vaikuttajat_id,rdfs:subPropertyOf,kko.identifiers
rc.target_description,rdfs:subPropertyOf,owl.AnnotationProperty
rc.target_description,rdfs:subPropertyOf,kko.descriptions
rc.target_name,rdfs:subPropertyOf,owl.AnnotationProperty
rc.target_name,rdfs:subPropertyOf,kko.labels
rc.target_url,rdfs:subPropertyOf,owl.AnnotationProperty
rc.target_url,rdfs:subPropertyOf,kko.pointers
rc.tate_artist_id,rdfs:subPropertyOf,owl.AnnotationProperty
rc.tate_artist_id,rdfs:subPropertyOf,kko.identifiers
rc.tax_id,rdfs:subPropertyOf,owl.AnnotationProperty
rc.tax_id,rdfs:subPropertyOf,kko.identifiers
rc.taxon_common_name,rdfs:subPropertyOf,owl.AnnotationProperty
rc.taxon_common_name,rdfs:subPropertyOf,kko.labels
rc.taxon_name,rdfs:subPropertyOf,owl.AnnotationProperty
rc.taxon_name,rdfs:subPropertyOf,kko.labels
rc.taxon_range_map_image,rdfs:subPropertyOf,owl.AnnotationProperty
rc.taxon_range_map_image,rdfs:subPropertyOf,kko.media
rc.taxon_synonym,rdfs:subPropertyOf,owl.AnnotationProperty
rc.taxon_synonym,rdfs:subPropertyOf,kko.labels
rc.taxref_id,rdfs:subPropertyOf,owl.AnnotationProperty
rc.taxref_id,rdfs:subPropertyOf,kko.identifiers
rc.tcm_movie_database_film_id,rdfs:subPropertyOf,owl.AnnotationProperty
rc.tcm_movie_database_film_id,rdfs:subPropertyOf,kko.identifiers
rc.tcm_movie_database_person_id,rdfs:subPropertyOf,owl.AnnotationProperty
rc.tcm_movie_database_person_id,rdfs:subPropertyOf,kko.identifiers
rc.te_papa_person_id,rdfs:subPropertyOf,owl.AnnotationProperty
rc.te_papa_person_id,rdfs:subPropertyOf,kko.identifiers
rc.te_x_string,rdfs:subPropertyOf,owl.AnnotationProperty
rc.te_x_string,rdfs:subPropertyOf,kko.labels
rc.ted_speaker_id,rdfs:subPropertyOf,owl.AnnotationProperty
rc.ted_speaker_id,rdfs:subPropertyOf,kko.identifiers
rc.ted_talk_id,rdfs:subPropertyOf,owl.AnnotationProperty
rc.ted_talk_id,rdfs:subPropertyOf,kko.identifiers
rc.ted_topic_id,rdfs:subPropertyOf,owl.AnnotationProperty
rc.ted_topic_id,rdfs:subPropertyOf,kko.identifiers
rc.tela_botanica_id,rdfs:subPropertyOf,owl.AnnotationProperty
rc.tela_botanica_id,rdfs:subPropertyOf,kko.identifiers
rc.telegram_username,rdfs:subPropertyOf,owl.AnnotationProperty
rc.telegram_username,rdfs:subPropertyOf,kko.identifiers
rc.telephone,rdfs:subPropertyOf,owl.AnnotationProperty
rc.telephone,rdfs:subPropertyOf,kko.pointers
rc.temple_name,rdfs:subPropertyOf,owl.AnnotationProperty
rc.temple_name,rdfs:subPropertyOf,kko.pointers
rc.tennessee_sports_hall_of_fame_athlete_id,rdfs:subPropertyOf,owl.AnnotationProperty
rc.tennessee_sports_hall_of_fame_athlete_id,rdfs:subPropertyOf,kko.identifiers
rc.tennis_archives_player_id,rdfs:subPropertyOf,owl.AnnotationProperty
rc.tennis_archives_player_id,rdfs:subPropertyOf,kko.identifiers
rc.tennis_australia_player_id,rdfs:subPropertyOf,owl.AnnotationProperty
rc.tennis_australia_player_id,rdfs:subPropertyOf,kko.identifiers
rc.tennis_hall_of_fame_player_id,rdfs:subPropertyOf,owl.AnnotationProperty
rc.tennis_hall_of_fame_player_id,rdfs:subPropertyOf,kko.identifiers
rc.tennis_temple_player_id,rdfs:subPropertyOf,owl.AnnotationProperty
rc.tennis_temple_player_id,rdfs:subPropertyOf,kko.identifiers
rc.terminologia_anatomica_98_id,rdfs:subPropertyOf,owl.AnnotationProperty
rc.terminologia_anatomica_98_id,rdfs:subPropertyOf,kko.identifiers
rc.terminologia_embryologica,rdfs:subPropertyOf,owl.AnnotationProperty
rc.terminologia_embryologica,rdfs:subPropertyOf,kko.identifiers
rc.terminologia_histologica,rdfs:subPropertyOf,owl.AnnotationProperty
rc.terminologia_histologica,rdfs:subPropertyOf,kko.codes
rc.teryt_municipality_code,rdfs:subPropertyOf,owl.AnnotationProperty
rc.teryt_municipality_code,rdfs:subPropertyOf,kko.identifiers
rc.teuchos_id,rdfs:subPropertyOf,owl.AnnotationProperty
rc.teuchos_id,rdfs:subPropertyOf,kko.identifiers
rc.tgn_id,rdfs:subPropertyOf,owl.AnnotationProperty
rc.tgn_id,rdfs:subPropertyOf,kko.identifiers
rc.thai_cultural_heritage_id,rdfs:subPropertyOf,owl.AnnotationProperty
rc.thai_cultural_heritage_id,rdfs:subPropertyOf,kko.identifiers
rc.thailand_central_administrative_unit_code,rdfs:subPropertyOf,owl.AnnotationProperty
rc.thailand_central_administrative_unit_code,rdfs:subPropertyOf,kko.identifiers
rc.the_baseball_cube_player_id,rdfs:subPropertyOf,owl.AnnotationProperty
rc.the_baseball_cube_player_id,rdfs:subPropertyOf,kko.identifiers
rc.the_big_cartoon_data_base_id,rdfs:subPropertyOf,owl.AnnotationProperty
rc.the_big_cartoon_data_base_id,rdfs:subPropertyOf,kko.identifiers
rc.the_black_book_id,rdfs:subPropertyOf,owl.AnnotationProperty
rc.the_black_book_id,rdfs:subPropertyOf,kko.identifiers
rc.the_coptic_library_id,rdfs:subPropertyOf,owl.AnnotationProperty
rc.the_coptic_library_id,rdfs:subPropertyOf,kko.identifiers
rc.the_final_ball_player_id,rdfs:subPropertyOf,owl.AnnotationProperty
rc.the_final_ball_player_id,rdfs:subPropertyOf,kko.identifiers
rc.the_met_object_id,rdfs:subPropertyOf,owl.AnnotationProperty
rc.the_met_object_id,rdfs:subPropertyOf,kko.identifiers
rc.the_numbers_movie_id,rdfs:subPropertyOf,owl.AnnotationProperty
rc.the_numbers_movie_id,rdfs:subPropertyOf,kko.identifiers
rc.the_numbers_person_id,rdfs:subPropertyOf,owl.AnnotationProperty
rc.the_numbers_person_id,rdfs:subPropertyOf,kko.identifiers
rc.the_peerage_person_id,rdfs:subPropertyOf,owl.AnnotationProperty
rc.the_peerage_person_id,rdfs:subPropertyOf,kko.identifiers
rc.the_sports_org_athlete_id,rdfs:subPropertyOf,owl.AnnotationProperty
rc.the_sports_org_athlete_id,rdfs:subPropertyOf,kko.identifiers
rc.the_times_of_india_topic_id,rdfs:subPropertyOf,owl.AnnotationProperty
rc.the_times_of_india_topic_id,rdfs:subPropertyOf,kko.identifiers
rc.the_tvdb_com_id,rdfs:subPropertyOf,owl.AnnotationProperty
rc.the_tvdb_com_id,rdfs:subPropertyOf,kko.identifiers
rc.the_vogue_list_id,rdfs:subPropertyOf,owl.AnnotationProperty
rc.the_vogue_list_id,rdfs:subPropertyOf,kko.identifiers
rc.theaterlexikon_der_schweiz_online_id,rdfs:subPropertyOf,owl.AnnotationProperty
rc.theaterlexikon_der_schweiz_online_id,rdfs:subPropertyOf,kko.identifiers
rc.theatres_trust_database_id,rdfs:subPropertyOf,owl.AnnotationProperty
rc.theatres_trust_database_id,rdfs:subPropertyOf,kko.identifiers
rc.theatricalia_person_id,rdfs:subPropertyOf,owl.AnnotationProperty
rc.theatricalia_person_id,rdfs:subPropertyOf,kko.identifiers
rc.theatricalia_play_id,rdfs:subPropertyOf,owl.AnnotationProperty
rc.theatricalia_play_id,rdfs:subPropertyOf,kko.identifiers
rc.theatricalia_theatre_id,rdfs:subPropertyOf,owl.AnnotationProperty
rc.theatricalia_theatre_id,rdfs:subPropertyOf,kko.identifiers
rc.theoi_project_id,rdfs:subPropertyOf,owl.AnnotationProperty
rc.theoi_project_id,rdfs:subPropertyOf,kko.identifiers
rc.theses_fr_person_id,rdfs:subPropertyOf,owl.AnnotationProperty
rc.theses_fr_person_id,rdfs:subPropertyOf,kko.identifiers
rc.they_work_for_you_id,rdfs:subPropertyOf,owl.AnnotationProperty
rc.they_work_for_you_id,rdfs:subPropertyOf,kko.identifiers
rc.third_party_formatter_url,rdfs:subPropertyOf,owl.AnnotationProperty
rc.third_party_formatter_url,rdfs:subPropertyOf,kko.codes
rc.thumbnail,rdfs:subPropertyOf,owl.AnnotationProperty
rc.thumbnail,rdfs:subPropertyOf,kko.media
rc.thumbnail_url,rdfs:subPropertyOf,owl.AnnotationProperty
rc.thumbnail_url,rdfs:subPropertyOf,kko.pointers
rc.thw_kiel_player_id,rdfs:subPropertyOf,owl.AnnotationProperty
rc.thw_kiel_player_id,rdfs:subPropertyOf,kko.identifiers
rc.thyssen_bornemisza_artist_id,rdfs:subPropertyOf,owl.AnnotationProperty
rc.thyssen_bornemisza_artist_id,rdfs:subPropertyOf,kko.identifiers
rc.tickerSymbol,rdfs:subPropertyOf,owl.AnnotationProperty
rc.tickerSymbol,rdfs:subPropertyOf,kko.identifiers
rc.ticker_symbol,rdfs:subPropertyOf,owl.AnnotationProperty
rc.ticker_symbol,rdfs:subPropertyOf,kko.identifiers
rc.ticker_symbol,rdfs:subPropertyOf,kko.labels
rc.ticket_number,rdfs:subPropertyOf,owl.AnnotationProperty
rc.ticket_number,rdfs:subPropertyOf,kko.identifiers
rc.ticket_token,rdfs:subPropertyOf,owl.AnnotationProperty
rc.ticket_token,rdfs:subPropertyOf,kko.identifiers
rc.ticketed_seat,rdfs:subPropertyOf,owl.AnnotationProperty
rc.ticketed_seat,rdfs:subPropertyOf,kko.pointers
rc.tidal_album_id,rdfs:subPropertyOf,owl.AnnotationProperty
rc.tidal_album_id,rdfs:subPropertyOf,kko.identifiers
rc.tidal_artist_id,rdfs:subPropertyOf,owl.AnnotationProperty
rc.tidal_artist_id,rdfs:subPropertyOf,kko.identifiers
rc.tidal_track_id,rdfs:subPropertyOf,owl.AnnotationProperty
rc.tidal_track_id,rdfs:subPropertyOf,kko.identifiers
rc.tilastopaja_female_athlete_id,rdfs:subPropertyOf,owl.AnnotationProperty
rc.tilastopaja_female_athlete_id,rdfs:subPropertyOf,kko.identifiers
rc.tilastopaja_male_athlete_id,rdfs:subPropertyOf,owl.AnnotationProperty
rc.tilastopaja_male_athlete_id,rdfs:subPropertyOf,kko.identifiers
rc.time_id,rdfs:subPropertyOf,owl.AnnotationProperty
rc.time_id,rdfs:subPropertyOf,kko.identifiers
rc.titan_id,rdfs:subPropertyOf,owl.AnnotationProperty
rc.titan_id,rdfs:subPropertyOf,kko.identifiers
rc.title,rdfs:subPropertyOf,owl.AnnotationProperty
rc.title,rdfs:subPropertyOf,kko.labels
rc.tlg_author_id,rdfs:subPropertyOf,owl.AnnotationProperty
rc.tlg_author_id,rdfs:subPropertyOf,kko.identifiers
rc.tm_db_movie_id,rdfs:subPropertyOf,owl.AnnotationProperty
rc.tm_db_movie_id,rdfs:subPropertyOf,kko.identifiers
rc.tm_db_person_id,rdfs:subPropertyOf,owl.AnnotationProperty
rc.tm_db_person_id,rdfs:subPropertyOf,kko.identifiers
rc.tm_db_tv_series_id,rdfs:subPropertyOf,owl.AnnotationProperty
rc.tm_db_tv_series_id,rdfs:subPropertyOf,kko.identifiers
rc.todotango_com_person_id,rdfs:subPropertyOf,owl.AnnotationProperty
rc.todotango_com_person_id,rdfs:subPropertyOf,kko.identifiers
rc.toid,rdfs:subPropertyOf,owl.AnnotationProperty
rc.toid,rdfs:subPropertyOf,kko.identifiers
rc.top_level_internet_domain,rdfs:subPropertyOf,owl.AnnotationProperty
rc.top_level_internet_domain,rdfs:subPropertyOf,kko.pointers
rc.track_and_field_statistics_female_athlete_id,rdfs:subPropertyOf,owl.AnnotationProperty
rc.track_and_field_statistics_female_athlete_id,rdfs:subPropertyOf,kko.identifiers
rc.track_and_field_statistics_male_athlete_id,rdfs:subPropertyOf,owl.AnnotationProperty
rc.track_and_field_statistics_male_athlete_id,rdfs:subPropertyOf,kko.identifiers
rc.tracking_number,rdfs:subPropertyOf,owl.AnnotationProperty
rc.tracking_number,rdfs:subPropertyOf,kko.identifiers
rc.tracking_url,rdfs:subPropertyOf,owl.AnnotationProperty
rc.tracking_url,rdfs:subPropertyOf,kko.pointers
rc.traffic_sign,rdfs:subPropertyOf,owl.AnnotationProperty
rc.traffic_sign,rdfs:subPropertyOf,kko.media
rc.trailer,rdfs:subPropertyOf,owl.AnnotationProperty
rc.trailer,rdfs:subPropertyOf,kko.media
rc.train_name,rdfs:subPropertyOf,owl.AnnotationProperty
rc.train_name,rdfs:subPropertyOf,kko.labels
rc.train_number,rdfs:subPropertyOf,owl.AnnotationProperty
rc.train_number,rdfs:subPropertyOf,kko.identifiers
rc.transcript,rdfs:subPropertyOf,owl.AnnotationProperty
rc.transcript,rdfs:subPropertyOf,kko.descriptions
rc.transfermarkt_manager_id,rdfs:subPropertyOf,owl.AnnotationProperty
rc.transfermarkt_manager_id,rdfs:subPropertyOf,kko.identifiers
rc.transfermarkt_player_id,rdfs:subPropertyOf,owl.AnnotationProperty
rc.transfermarkt_player_id,rdfs:subPropertyOf,kko.identifiers
rc.transfermarkt_referee_id,rdfs:subPropertyOf,owl.AnnotationProperty
rc.transfermarkt_referee_id,rdfs:subPropertyOf,kko.identifiers
rc.transferred_account_data_interchange_group_code,rdfs:subPropertyOf,owl.AnnotationProperty
rc.transferred_account_data_interchange_group_code,rdfs:subPropertyOf,kko.identifiers
rc.transit_id,rdfs:subPropertyOf,owl.AnnotationProperty
rc.transit_id,rdfs:subPropertyOf,kko.identifiers
rc.treasury_of_lives_id,rdfs:subPropertyOf,owl.AnnotationProperty
rc.treasury_of_lives_id,rdfs:subPropertyOf,kko.identifiers
rc.treccani_id,rdfs:subPropertyOf,owl.AnnotationProperty
rc.treccani_id,rdfs:subPropertyOf,kko.identifiers
rc.trip_advisor_id,rdfs:subPropertyOf,owl.AnnotationProperty
rc.trip_advisor_id,rdfs:subPropertyOf,kko.identifiers
rc.trismegistos_geo_id,rdfs:subPropertyOf,owl.AnnotationProperty
rc.trismegistos_geo_id,rdfs:subPropertyOf,kko.identifiers
rc.tropicos_id,rdfs:subPropertyOf,owl.AnnotationProperty
rc.tropicos_id,rdfs:subPropertyOf,kko.identifiers
rc.tropicos_publication_id,rdfs:subPropertyOf,owl.AnnotationProperty
rc.tropicos_publication_id,rdfs:subPropertyOf,kko.identifiers
rc.trunk_prefix,rdfs:subPropertyOf,owl.AnnotationProperty
rc.trunk_prefix,rdfs:subPropertyOf,kko.codes
rc.tse_number,rdfs:subPropertyOf,owl.AnnotationProperty
rc.tse_number,rdfs:subPropertyOf,kko.identifiers
rc.tumblr_id,rdfs:subPropertyOf,owl.AnnotationProperty
rc.tumblr_id,rdfs:subPropertyOf,kko.identifiers
rc.tunisian_geographic_code,rdfs:subPropertyOf,owl.AnnotationProperty
rc.tunisian_geographic_code,rdfs:subPropertyOf,kko.codes
rc.turkish_football_federation_coach_id,rdfs:subPropertyOf,owl.AnnotationProperty
rc.turkish_football_federation_coach_id,rdfs:subPropertyOf,kko.identifiers
rc.turkish_football_federation_player_id,rdfs:subPropertyOf,owl.AnnotationProperty
rc.turkish_football_federation_player_id,rdfs:subPropertyOf,kko.identifiers
rc.tv_com_id,rdfs:subPropertyOf,owl.AnnotationProperty
rc.tv_com_id,rdfs:subPropertyOf,kko.identifiers
rc.tv_guide_person_id,rdfs:subPropertyOf,owl.AnnotationProperty
rc.tv_guide_person_id,rdfs:subPropertyOf,kko.identifiers
rc.tv_guide_show_id,rdfs:subPropertyOf,owl.AnnotationProperty
rc.tv_guide_show_id,rdfs:subPropertyOf,kko.identifiers
rc.twitch_game_id,rdfs:subPropertyOf,owl.AnnotationProperty
rc.twitch_game_id,rdfs:subPropertyOf,kko.identifiers
rc.twitter_hashtag,rdfs:subPropertyOf,owl.AnnotationProperty
rc.twitter_hashtag,rdfs:subPropertyOf,kko.labels
rc.twitter_username,rdfs:subPropertyOf,owl.AnnotationProperty
rc.twitter_username,rdfs:subPropertyOf,kko.identifiers
rc.tyrolean_art_cadastre_inventory_id,rdfs:subPropertyOf,owl.AnnotationProperty
rc.tyrolean_art_cadastre_inventory_id,rdfs:subPropertyOf,kko.identifiers
rc.u_bio_id,rdfs:subPropertyOf,owl.AnnotationProperty
rc.u_bio_id,rdfs:subPropertyOf,kko.identifiers
rc.u_gent_memorialis_id,rdfs:subPropertyOf,owl.AnnotationProperty
rc.u_gent_memorialis_id,rdfs:subPropertyOf,kko.identifiers
rc.u_s_gymnastics_hall_of_fame_athlete_id,rdfs:subPropertyOf,owl.AnnotationProperty
rc.u_s_gymnastics_hall_of_fame_athlete_id,rdfs:subPropertyOf,kko.identifiers
rc.u_s_national_geodetic_survey_id,rdfs:subPropertyOf,owl.AnnotationProperty
rc.u_s_national_geodetic_survey_id,rdfs:subPropertyOf,kko.identifiers
rc.u_s_ski_and_snowboard_hall_of_fame_athlete_id,rdfs:subPropertyOf,owl.AnnotationProperty
rc.u_s_ski_and_snowboard_hall_of_fame_athlete_id,rdfs:subPropertyOf,kko.identifiers
rc.uai_code,rdfs:subPropertyOf,owl.AnnotationProperty
rc.uai_code,rdfs:subPropertyOf,kko.codes
rc.uberon_id,rdfs:subPropertyOf,owl.AnnotationProperty
rc.uberon_id,rdfs:subPropertyOf,kko.identifiers
rc.ubigeo_code,rdfs:subPropertyOf,owl.AnnotationProperty
rc.ubigeo_code,rdfs:subPropertyOf,kko.identifiers
rc.ubuntu_package,rdfs:subPropertyOf,owl.AnnotationProperty
rc.ubuntu_package,rdfs:subPropertyOf,kko.identifiers
rc.uci_code,rdfs:subPropertyOf,owl.AnnotationProperty
rc.uci_code,rdfs:subPropertyOf,kko.identifiers
rc.ucsc_genome_browser_assembly_id,rdfs:subPropertyOf,owl.AnnotationProperty
rc.ucsc_genome_browser_assembly_id,rdfs:subPropertyOf,kko.identifiers
rc.uefa_player_id,rdfs:subPropertyOf,owl.AnnotationProperty
rc.uefa_player_id,rdfs:subPropertyOf,kko.identifiers
rc.uic_alphabetical_country_code,rdfs:subPropertyOf,owl.AnnotationProperty
rc.uic_alphabetical_country_code,rdfs:subPropertyOf,kko.codes
rc.uic_numerical_country_code,rdfs:subPropertyOf,owl.AnnotationProperty
rc.uic_numerical_country_code,rdfs:subPropertyOf,kko.codes
rc.uic_station_code,rdfs:subPropertyOf,owl.AnnotationProperty
rc.uic_station_code,rdfs:subPropertyOf,kko.codes
rc.uipm_athlete_id,rdfs:subPropertyOf,owl.AnnotationProperty
rc.uipm_athlete_id,rdfs:subPropertyOf,kko.identifiers
rc.uk_electoral_commission_id,rdfs:subPropertyOf,owl.AnnotationProperty
rc.uk_electoral_commission_id,rdfs:subPropertyOf,kko.identifiers
rc.uk_national_archives_id,rdfs:subPropertyOf,owl.AnnotationProperty
rc.uk_national_archives_id,rdfs:subPropertyOf,kko.identifiers
rc.uk_national_fruit_collection_id,rdfs:subPropertyOf,owl.AnnotationProperty
rc.uk_national_fruit_collection_id,rdfs:subPropertyOf,kko.identifiers
rc.uk_provider_reference_number,rdfs:subPropertyOf,owl.AnnotationProperty
rc.uk_provider_reference_number,rdfs:subPropertyOf,kko.identifiers
rc.uk_railway_station_code,rdfs:subPropertyOf,owl.AnnotationProperty
rc.uk_railway_station_code,rdfs:subPropertyOf,kko.codes
rc.ukrainian_regulations_base_id,rdfs:subPropertyOf,owl.AnnotationProperty
rc.ukrainian_regulations_base_id,rdfs:subPropertyOf,kko.identifiers
rc.ulan_id,rdfs:subPropertyOf,owl.AnnotationProperty
rc.ulan_id,rdfs:subPropertyOf,kko.identifiers
rc.ultra_signup_runner_id,rdfs:subPropertyOf,owl.AnnotationProperty
rc.ultra_signup_runner_id,rdfs:subPropertyOf,kko.identifiers
rc.umac_id,rdfs:subPropertyOf,owl.AnnotationProperty
rc.umac_id,rdfs:subPropertyOf,kko.identifiers
rc.umls_cui,rdfs:subPropertyOf,owl.AnnotationProperty
rc.umls_cui,rdfs:subPropertyOf,kko.identifiers
rc.un_document_symbol,rdfs:subPropertyOf,owl.AnnotationProperty
rc.un_document_symbol,rdfs:subPropertyOf,kko.media
rc.un_locode,rdfs:subPropertyOf,owl.AnnotationProperty
rc.un_locode,rdfs:subPropertyOf,kko.identifiers
rc.un_number,rdfs:subPropertyOf,owl.AnnotationProperty
rc.un_number,rdfs:subPropertyOf,kko.codes
rc.under_name,rdfs:subPropertyOf,owl.AnnotationProperty
rc.under_name,rdfs:subPropertyOf,kko.labels
rc.undp_country_code,rdfs:subPropertyOf,owl.AnnotationProperty
rc.undp_country_code,rdfs:subPropertyOf,kko.codes
rc.unesco_atlas_of_the_world_s_languages_in_danger_id,rdfs:subPropertyOf,owl.AnnotationProperty
rc.unesco_atlas_of_the_world_s_languages_in_danger_id,rdfs:subPropertyOf,kko.identifiers
rc.unesco_biosphere_reserve_url,rdfs:subPropertyOf,owl.AnnotationProperty
rc.unesco_biosphere_reserve_url,rdfs:subPropertyOf,kko.identifiers
rc.unesco_thesaurus_id,rdfs:subPropertyOf,owl.AnnotationProperty
rc.unesco_thesaurus_id,rdfs:subPropertyOf,kko.identifiers
rc.uni_prot_journal_id,rdfs:subPropertyOf,owl.AnnotationProperty
rc.uni_prot_journal_id,rdfs:subPropertyOf,kko.identifiers
rc.uni_prot_protein_id,rdfs:subPropertyOf,owl.AnnotationProperty
rc.uni_prot_protein_id,rdfs:subPropertyOf,kko.identifiers
rc.unicode_character,rdfs:subPropertyOf,owl.AnnotationProperty
rc.unicode_character,rdfs:subPropertyOf,kko.labels
rc.unicode_hex_codepoint,rdfs:subPropertyOf,owl.AnnotationProperty
rc.unicode_hex_codepoint,rdfs:subPropertyOf,kko.codes
rc.unified_astronomy_thesaurus_id,rdfs:subPropertyOf,owl.AnnotationProperty
rc.unified_astronomy_thesaurus_id,rdfs:subPropertyOf,kko.identifiers
rc.uniform_resource_identifier_scheme,rdfs:subPropertyOf,owl.AnnotationProperty
rc.uniform_resource_identifier_scheme,rdfs:subPropertyOf,kko.codes
rc.uniform_type_identifier,rdfs:subPropertyOf,owl.AnnotationProperty
rc.uniform_type_identifier,rdfs:subPropertyOf,kko.identifiers
rc.unifrance_company_id,rdfs:subPropertyOf,owl.AnnotationProperty
rc.unifrance_company_id,rdfs:subPropertyOf,kko.identifiers
rc.unifrance_film_id,rdfs:subPropertyOf,owl.AnnotationProperty
rc.unifrance_film_id,rdfs:subPropertyOf,kko.identifiers
rc.unifrance_person_id,rdfs:subPropertyOf,owl.AnnotationProperty
rc.unifrance_person_id,rdfs:subPropertyOf,kko.identifiers
rc.unii,rdfs:subPropertyOf,owl.AnnotationProperty
rc.unii,rdfs:subPropertyOf,kko.identifiers
rc.unit_code,rdfs:subPropertyOf,owl.AnnotationProperty
rc.unit_code,rdfs:subPropertyOf,kko.codes
rc.united_nations_treaty_series_registration_number,rdfs:subPropertyOf,owl.AnnotationProperty
rc.united_nations_treaty_series_registration_number,rdfs:subPropertyOf,kko.identifiers
rc.united_nations_treaty_series_volume_number,rdfs:subPropertyOf,owl.AnnotationProperty
rc.united_nations_treaty_series_volume_number,rdfs:subPropertyOf,kko.identifiers
rc.united_states_armed_forces_service_number,rdfs:subPropertyOf,owl.AnnotationProperty
rc.united_states_armed_forces_service_number,rdfs:subPropertyOf,kko.identifiers
rc.united_states_army_and_air_force_aircraft_designation,rdfs:subPropertyOf,owl.AnnotationProperty
rc.united_states_army_and_air_force_aircraft_designation,rdfs:subPropertyOf,kko.identifiers
rc.united_states_navy_aircraft_designation,rdfs:subPropertyOf,owl.AnnotationProperty
rc.united_states_navy_aircraft_designation,rdfs:subPropertyOf,kko.identifiers
rc.united_states_olympic_committee_athlete_id,rdfs:subPropertyOf,owl.AnnotationProperty
rc.united_states_olympic_committee_athlete_id,rdfs:subPropertyOf,kko.identifiers
rc.united_states_public_law,rdfs:subPropertyOf,owl.AnnotationProperty
rc.united_states_public_law,rdfs:subPropertyOf,kko.identifiers
rc.united_states_reports_id,rdfs:subPropertyOf,owl.AnnotationProperty
rc.united_states_reports_id,rdfs:subPropertyOf,kko.identifiers
rc.united_states_statutes_at_large_citation,rdfs:subPropertyOf,owl.AnnotationProperty
rc.united_states_statutes_at_large_citation,rdfs:subPropertyOf,kko.identifiers
rc.united_world_wrestling_id,rdfs:subPropertyOf,owl.AnnotationProperty
rc.united_world_wrestling_id,rdfs:subPropertyOf,kko.identifiers
rc.university_of_barcelona_authority_id,rdfs:subPropertyOf,owl.AnnotationProperty
rc.university_of_barcelona_authority_id,rdfs:subPropertyOf,kko.identifiers
rc.unspsc_code,rdfs:subPropertyOf,owl.AnnotationProperty
rc.unspsc_code,rdfs:subPropertyOf,kko.codes
rc.unspsc_id,rdfs:subPropertyOf,owl.AnnotationProperty
rc.unspsc_id,rdfs:subPropertyOf,kko.identifiers
rc.untappd_brewery_id,rdfs:subPropertyOf,owl.AnnotationProperty
rc.untappd_brewery_id,rdfs:subPropertyOf,kko.identifiers
rc.unz_review_author_id,rdfs:subPropertyOf,owl.AnnotationProperty
rc.unz_review_author_id,rdfs:subPropertyOf,kko.identifiers
rc.unz_review_journal_id,rdfs:subPropertyOf,owl.AnnotationProperty
rc.unz_review_journal_id,rdfs:subPropertyOf,kko.identifiers
rc.uppslagsverket_finland_id,rdfs:subPropertyOf,owl.AnnotationProperty
rc.uppslagsverket_finland_id,rdfs:subPropertyOf,kko.identifiers
rc.url,rdfs:subPropertyOf,owl.AnnotationProperty
rc.url,rdfs:subPropertyOf,kko.pointers
rc.urn_nbn,rdfs:subPropertyOf,owl.AnnotationProperty
rc.urn_nbn,rdfs:subPropertyOf,kko.codes
rc.us_congress_bio_id,rdfs:subPropertyOf,owl.AnnotationProperty
rc.us_congress_bio_id,rdfs:subPropertyOf,kko.identifiers
rc.us_federal_election_commission_id,rdfs:subPropertyOf,owl.AnnotationProperty
rc.us_federal_election_commission_id,rdfs:subPropertyOf,kko.identifiers
rc.us_national_archives_identifier,rdfs:subPropertyOf,owl.AnnotationProperty
rc.us_national_archives_identifier,rdfs:subPropertyOf,kko.identifiers
rc.usa_gymnastics_athlete_id,rdfs:subPropertyOf,owl.AnnotationProperty
rc.usa_gymnastics_athlete_id,rdfs:subPropertyOf,kko.identifiers
rc.usa_gymnastics_hall_of_fame_athlete_id,rdfs:subPropertyOf,owl.AnnotationProperty
rc.usa_gymnastics_hall_of_fame_athlete_id,rdfs:subPropertyOf,kko.identifiers
rc.usa_track_field_athlete_id,rdfs:subPropertyOf,owl.AnnotationProperty
rc.usa_track_field_athlete_id,rdfs:subPropertyOf,kko.identifiers
rc.usb_vendor_id,rdfs:subPropertyOf,owl.AnnotationProperty
rc.usb_vendor_id,rdfs:subPropertyOf,kko.identifiers
rc.uscf_id,rdfs:subPropertyOf,owl.AnnotationProperty
rc.uscf_id,rdfs:subPropertyOf,kko.identifiers
rc.uscg_lighthouse_id,rdfs:subPropertyOf,owl.AnnotationProperty
rc.uscg_lighthouse_id,rdfs:subPropertyOf,kko.identifiers
rc.usda_ndb_number,rdfs:subPropertyOf,owl.AnnotationProperty
rc.usda_ndb_number,rdfs:subPropertyOf,kko.identifiers
rc.usda_plants_id,rdfs:subPropertyOf,owl.AnnotationProperty
rc.usda_plants_id,rdfs:subPropertyOf,kko.identifiers
rc.user_manual_link,rdfs:subPropertyOf,owl.AnnotationProperty
rc.user_manual_link,rdfs:subPropertyOf,kko.relateds
rc.usgs_earthquake_id,rdfs:subPropertyOf,owl.AnnotationProperty
rc.usgs_earthquake_id,rdfs:subPropertyOf,kko.identifiers
rc.ushmm_holocaust_encyclopedia_id,rdfs:subPropertyOf,owl.AnnotationProperty
rc.ushmm_holocaust_encyclopedia_id,rdfs:subPropertyOf,kko.identifiers
rc.usl_championship_player_id,rdfs:subPropertyOf,owl.AnnotationProperty
rc.usl_championship_player_id,rdfs:subPropertyOf,kko.identifiers
rc.usop_code,rdfs:subPropertyOf,owl.AnnotationProperty
rc.usop_code,rdfs:subPropertyOf,kko.identifiers
rc.v_a_item_id,rdfs:subPropertyOf,owl.AnnotationProperty
rc.v_a_item_id,rdfs:subPropertyOf,kko.identifiers
rc.vaccine_ontology_id,rdfs:subPropertyOf,owl.AnnotationProperty
rc.vaccine_ontology_id,rdfs:subPropertyOf,kko.identifiers
rc.value_name,rdfs:subPropertyOf,owl.AnnotationProperty
rc.value_name,rdfs:subPropertyOf,kko.labels
rc.value_reference,rdfs:subPropertyOf,owl.AnnotationProperty
rc.value_reference,rdfs:subPropertyOf,kko.pointers
rc.vanderkrogt_net_statues_id,rdfs:subPropertyOf,owl.AnnotationProperty
rc.vanderkrogt_net_statues_id,rdfs:subPropertyOf,kko.identifiers
rc.vascan_id,rdfs:subPropertyOf,owl.AnnotationProperty
rc.vascan_id,rdfs:subPropertyOf,kko.identifiers
rc.vat_id,rdfs:subPropertyOf,owl.AnnotationProperty
rc.vat_id,rdfs:subPropertyOf,kko.identifiers
rc.vbl_player_id,rdfs:subPropertyOf,owl.AnnotationProperty
rc.vbl_player_id,rdfs:subPropertyOf,kko.identifiers
rc.vehicle_identification_number,rdfs:subPropertyOf,owl.AnnotationProperty
rc.vehicle_identification_number,rdfs:subPropertyOf,kko.identifiers
rc.verkhovna_rada_mp_id,rdfs:subPropertyOf,owl.AnnotationProperty
rc.verkhovna_rada_mp_id,rdfs:subPropertyOf,kko.identifiers
rc.vermont_sports_hall_of_fame_athlete_id,rdfs:subPropertyOf,owl.AnnotationProperty
rc.vermont_sports_hall_of_fame_athlete_id,rdfs:subPropertyOf,kko.identifiers
rc.vg_mdb_album_id,rdfs:subPropertyOf,owl.AnnotationProperty
rc.vg_mdb_album_id,rdfs:subPropertyOf,kko.identifiers
rc.vg_mdb_artist_id,rdfs:subPropertyOf,owl.AnnotationProperty
rc.vg_mdb_artist_id,rdfs:subPropertyOf,kko.identifiers
rc.vgm_db_organization_id,rdfs:subPropertyOf,owl.AnnotationProperty
rc.vgm_db_organization_id,rdfs:subPropertyOf,kko.identifiers
rc.viaf_id,rdfs:subPropertyOf,owl.AnnotationProperty
rc.viaf_id,rdfs:subPropertyOf,kko.identifiers
rc.vici_org_id,rdfs:subPropertyOf,owl.AnnotationProperty
rc.vici_org_id,rdfs:subPropertyOf,kko.identifiers
rc.vicnames_place_id,rdfs:subPropertyOf,owl.AnnotationProperty
rc.vicnames_place_id,rdfs:subPropertyOf,kko.identifiers
rc.victorian_heritage_database_id,rdfs:subPropertyOf,owl.AnnotationProperty
rc.victorian_heritage_database_id,rdfs:subPropertyOf,kko.identifiers
rc.video,rdfs:subPropertyOf,owl.AnnotationProperty
rc.video,rdfs:subPropertyOf,kko.media
rc.videolectures_id,rdfs:subPropertyOf,owl.AnnotationProperty
rc.videolectures_id,rdfs:subPropertyOf,kko.identifiers
rc.village_code_of_indonesia,rdfs:subPropertyOf,owl.AnnotationProperty
rc.village_code_of_indonesia,rdfs:subPropertyOf,kko.identifiers
rc.vimeo_username,rdfs:subPropertyOf,owl.AnnotationProperty
rc.vimeo_username,rdfs:subPropertyOf,kko.identifiers
rc.vincoli_in_rete_id,rdfs:subPropertyOf,owl.AnnotationProperty
rc.vincoli_in_rete_id,rdfs:subPropertyOf,kko.identifiers
rc.vine_user_id,rdfs:subPropertyOf,owl.AnnotationProperty
rc.vine_user_id,rdfs:subPropertyOf,kko.identifiers
rc.violin_id,rdfs:subPropertyOf,owl.AnnotationProperty
rc.violin_id,rdfs:subPropertyOf,kko.identifiers
rc.vision_of_britain_place_id,rdfs:subPropertyOf,owl.AnnotationProperty
rc.vision_of_britain_place_id,rdfs:subPropertyOf,kko.identifiers
rc.vision_of_britain_unit_id,rdfs:subPropertyOf,owl.AnnotationProperty
rc.vision_of_britain_unit_id,rdfs:subPropertyOf,kko.identifiers
rc.visual_novel_database_id,rdfs:subPropertyOf,owl.AnnotationProperty
rc.visual_novel_database_id,rdfs:subPropertyOf,kko.identifiers
rc.vitaskra_id,rdfs:subPropertyOf,owl.AnnotationProperty
rc.vitaskra_id,rdfs:subPropertyOf,kko.identifiers
rc.vivc_grape_variety_id,rdfs:subPropertyOf,owl.AnnotationProperty
rc.vivc_grape_variety_id,rdfs:subPropertyOf,kko.identifiers
rc.vk_username,rdfs:subPropertyOf,owl.AnnotationProperty
rc.vk_username,rdfs:subPropertyOf,kko.identifiers
rc.vlinderstichting_id,rdfs:subPropertyOf,owl.AnnotationProperty
rc.vlinderstichting_id,rdfs:subPropertyOf,kko.identifiers
rc.vocalized_name,rdfs:subPropertyOf,owl.AnnotationProperty
rc.vocalized_name,rdfs:subPropertyOf,kko.media
rc.volume,rdfs:subPropertyOf,owl.AnnotationProperty
rc.volume,rdfs:subPropertyOf,kko.pointers
rc.volume_number,rdfs:subPropertyOf,owl.AnnotationProperty
rc.volume_number,rdfs:subPropertyOf,kko.identifiers
rc.vote_smart_id,rdfs:subPropertyOf,owl.AnnotationProperty
rc.vote_smart_id,rdfs:subPropertyOf,kko.identifiers
rc.wafl_footy_facts_id,rdfs:subPropertyOf,owl.AnnotationProperty
rc.wafl_footy_facts_id,rdfs:subPropertyOf,kko.identifiers
rc.wals_family_code,rdfs:subPropertyOf,owl.AnnotationProperty
rc.wals_family_code,rdfs:subPropertyOf,kko.identifiers
rc.wals_genus_code,rdfs:subPropertyOf,owl.AnnotationProperty
rc.wals_genus_code,rdfs:subPropertyOf,kko.identifiers
rc.wals_lect_code,rdfs:subPropertyOf,owl.AnnotationProperty
rc.wals_lect_code,rdfs:subPropertyOf,kko.identifiers
rc.walters_art_museum_id,rdfs:subPropertyOf,owl.AnnotationProperty
rc.walters_art_museum_id,rdfs:subPropertyOf,kko.identifiers
rc.warheroes_ru_id,rdfs:subPropertyOf,owl.AnnotationProperty
rc.warheroes_ru_id,rdfs:subPropertyOf,kko.identifiers
rc.warranty,rdfs:subPropertyOf,owl.AnnotationProperty
rc.warranty,rdfs:subPropertyOf,kko.augments
rc.warranty_promise,rdfs:subPropertyOf,owl.AnnotationProperty
rc.warranty_promise,rdfs:subPropertyOf,kko.augments
rc.warranty_scope,rdfs:subPropertyOf,owl.AnnotationProperty
rc.warranty_scope,rdfs:subPropertyOf,kko.augments
rc.watson_dallwitz_family_id,rdfs:subPropertyOf,owl.AnnotationProperty
rc.watson_dallwitz_family_id,rdfs:subPropertyOf,kko.identifiers
rc.wbpln_author_id,rdfs:subPropertyOf,owl.AnnotationProperty
rc.wbpln_author_id,rdfs:subPropertyOf,kko.identifiers
rc.wcspf_id,rdfs:subPropertyOf,owl.AnnotationProperty
rc.wcspf_id,rdfs:subPropertyOf,kko.identifiers
rc.wdpa_id,rdfs:subPropertyOf,owl.AnnotationProperty
rc.wdpa_id,rdfs:subPropertyOf,kko.identifiers
rc.we_relate_person_id,rdfs:subPropertyOf,owl.AnnotationProperty
rc.we_relate_person_id,rdfs:subPropertyOf,kko.identifiers
rc.web_feed_url,rdfs:subPropertyOf,owl.AnnotationProperty
rc.web_feed_url,rdfs:subPropertyOf,kko.pointers
rc.web_gallery_of_art_id,rdfs:subPropertyOf,owl.AnnotationProperty
rc.web_gallery_of_art_id,rdfs:subPropertyOf,kko.identifiers
rc.web_umenia_creator_id,rdfs:subPropertyOf,owl.AnnotationProperty
rc.web_umenia_creator_id,rdfs:subPropertyOf,kko.identifiers
rc.webcam_page_url,rdfs:subPropertyOf,owl.AnnotationProperty
rc.webcam_page_url,rdfs:subPropertyOf,kko.pointers
rc.webpedigrees_id,rdfs:subPropertyOf,owl.AnnotationProperty
rc.webpedigrees_id,rdfs:subPropertyOf,kko.identifiers
rc.website_account_on,rdfs:subPropertyOf,owl.AnnotationProperty
rc.website_account_on,rdfs:subPropertyOf,kko.relateds
rc.welsh_assembly_id,rdfs:subPropertyOf,owl.AnnotationProperty
rc.welsh_assembly_id,rdfs:subPropertyOf,kko.identifiers
rc.welsh_chapels_id,rdfs:subPropertyOf,owl.AnnotationProperty
rc.welsh_chapels_id,rdfs:subPropertyOf,kko.identifiers
rc.wereld_van_oranje_player_id,rdfs:subPropertyOf,owl.AnnotationProperty
rc.wereld_van_oranje_player_id,rdfs:subPropertyOf,kko.identifiers
rc.west_australian_football_league_player_id,rdfs:subPropertyOf,owl.AnnotationProperty
rc.west_australian_football_league_player_id,rdfs:subPropertyOf,kko.identifiers
rc.who_international_non_proprietary_names_id,rdfs:subPropertyOf,owl.AnnotationProperty
rc.who_international_non_proprietary_names_id,rdfs:subPropertyOf,kko.identifiers
rc.who_s_who_in_france_biography_id,rdfs:subPropertyOf,owl.AnnotationProperty
rc.who_s_who_in_france_biography_id,rdfs:subPropertyOf,kko.identifiers
rc.who_s_who_uk_id,rdfs:subPropertyOf,owl.AnnotationProperty
rc.who_s_who_uk_id,rdfs:subPropertyOf,kko.identifiers
rc.wigos_station_id,rdfs:subPropertyOf,owl.AnnotationProperty
rc.wigos_station_id,rdfs:subPropertyOf,kko.identifiers
rc.wiki_loves_monuments_id,rdfs:subPropertyOf,owl.AnnotationProperty
rc.wiki_loves_monuments_id,rdfs:subPropertyOf,kko.identifiers
rc.wiki_pathways_id,rdfs:subPropertyOf,owl.AnnotationProperty
rc.wiki_pathways_id,rdfs:subPropertyOf,kko.identifiers
rc.wiki_skripta_id,rdfs:subPropertyOf,owl.AnnotationProperty
rc.wiki_skripta_id,rdfs:subPropertyOf,kko.identifiers
rc.wiki_tree_person_id,rdfs:subPropertyOf,owl.AnnotationProperty
rc.wiki_tree_person_id,rdfs:subPropertyOf,kko.identifiers
rc.wikidata_q_id,rdfs:subPropertyOf,owl.AnnotationProperty
rc.wikidata_q_id,rdfs:subPropertyOf,kko.identifiers
rc.wikidata_sparql_query_equivalent,rdfs:subPropertyOf,owl.AnnotationProperty
rc.wikidata_sparql_query_equivalent,rdfs:subPropertyOf,kko.codes
rc.wikidata_usage_instructions,rdfs:subPropertyOf,owl.AnnotationProperty
rc.wikidata_usage_instructions,rdfs:subPropertyOf,kko.augments
rc.wikimedia_database_name,rdfs:subPropertyOf,owl.AnnotationProperty
rc.wikimedia_database_name,rdfs:subPropertyOf,kko.identifiers
rc.wikimedia_language_code,rdfs:subPropertyOf,owl.AnnotationProperty
rc.wikimedia_language_code,rdfs:subPropertyOf,kko.identifiers
rc.wikimedia_username,rdfs:subPropertyOf,owl.AnnotationProperty
rc.wikimedia_username,rdfs:subPropertyOf,kko.identifiers
rc.wikipedia_category_id,rdfs:subPropertyOf,owl.AnnotationProperty
rc.wikipedia_category_id,rdfs:subPropertyOf,kko.identifiers
rc.wikipedia_id,rdfs:subPropertyOf,owl.AnnotationProperty
rc.wikipedia_id,rdfs:subPropertyOf,kko.identifiers
rc.wikisource_index_page,rdfs:subPropertyOf,owl.AnnotationProperty
rc.wikisource_index_page,rdfs:subPropertyOf,kko.relateds
rc.wikitribune_category,rdfs:subPropertyOf,owl.AnnotationProperty
rc.wikitribune_category,rdfs:subPropertyOf,kko.identifiers
rc.wilderness_connect_id,rdfs:subPropertyOf,owl.AnnotationProperty
rc.wilderness_connect_id,rdfs:subPropertyOf,kko.identifiers
rc.wildflowers_of_israel_id,rdfs:subPropertyOf,owl.AnnotationProperty
rc.wildflowers_of_israel_id,rdfs:subPropertyOf,kko.identifiers
rc.wimbledon_player_id,rdfs:subPropertyOf,owl.AnnotationProperty
rc.wimbledon_player_id,rdfs:subPropertyOf,kko.identifiers
rc.wine_app_db_id,rdfs:subPropertyOf,owl.AnnotationProperty
rc.wine_app_db_id,rdfs:subPropertyOf,kko.identifiers
rc.wipo_st_3,rdfs:subPropertyOf,owl.AnnotationProperty
rc.wipo_st_3,rdfs:subPropertyOf,kko.codes
rc.wisdenindia_com_id,rdfs:subPropertyOf,owl.AnnotationProperty
rc.wisdenindia_com_id,rdfs:subPropertyOf,kko.identifiers
rc.wnba_player_id,rdfs:subPropertyOf,owl.AnnotationProperty
rc.wnba_player_id,rdfs:subPropertyOf,kko.identifiers
rc.wo_rms_id_for_taxa,rdfs:subPropertyOf,owl.AnnotationProperty
rc.wo_rms_id_for_taxa,rdfs:subPropertyOf,kko.identifiers
rc.woeid,rdfs:subPropertyOf,owl.AnnotationProperty
rc.woeid,rdfs:subPropertyOf,kko.identifiers
rc.women_s_basketball_hall_of_fame_id,rdfs:subPropertyOf,owl.AnnotationProperty
rc.women_s_basketball_hall_of_fame_id,rdfs:subPropertyOf,kko.identifiers
rc.women_s_collegiate_tennis_hall_of_fame_id,rdfs:subPropertyOf,owl.AnnotationProperty
rc.women_s_collegiate_tennis_hall_of_fame_id,rdfs:subPropertyOf,kko.identifiers
rc.women_s_sports_foundation_id,rdfs:subPropertyOf,owl.AnnotationProperty
rc.women_s_sports_foundation_id,rdfs:subPropertyOf,kko.identifiers
rc.women_writers_id,rdfs:subPropertyOf,owl.AnnotationProperty
rc.women_writers_id,rdfs:subPropertyOf,kko.identifiers
rc.work_example,rdfs:subPropertyOf,owl.AnnotationProperty
rc.work_example,rdfs:subPropertyOf,kko.augments
rc.world_archery_athlete_id,rdfs:subPropertyOf,owl.AnnotationProperty
rc.world_archery_athlete_id,rdfs:subPropertyOf,kko.identifiers
rc.world_bridge_federation_id,rdfs:subPropertyOf,owl.AnnotationProperty
rc.world_bridge_federation_id,rdfs:subPropertyOf,kko.identifiers
rc.world_curling_federation_id,rdfs:subPropertyOf,owl.AnnotationProperty
rc.world_curling_federation_id,rdfs:subPropertyOf,kko.identifiers
rc.world_curling_tour_id,rdfs:subPropertyOf,owl.AnnotationProperty
rc.world_curling_tour_id,rdfs:subPropertyOf,kko.identifiers
rc.world_football_net_player_id,rdfs:subPropertyOf,owl.AnnotationProperty
rc.world_football_net_player_id,rdfs:subPropertyOf,kko.identifiers
rc.world_glacier_inventory_id,rdfs:subPropertyOf,owl.AnnotationProperty
rc.world_glacier_inventory_id,rdfs:subPropertyOf,kko.identifiers
rc.world_golf_hall_of_fame_player_id,rdfs:subPropertyOf,owl.AnnotationProperty
rc.world_golf_hall_of_fame_player_id,rdfs:subPropertyOf,kko.identifiers
rc.world_health_organisation_international_nonproprietary_name,rdfs:subPropertyOf,owl.AnnotationProperty
rc.world_health_organisation_international_nonproprietary_name,rdfs:subPropertyOf,kko.identifiers
rc.world_heritage_site_id,rdfs:subPropertyOf,owl.AnnotationProperty
rc.world_heritage_site_id,rdfs:subPropertyOf,kko.identifiers
rc.world_heritage_tentative_list_id,rdfs:subPropertyOf,owl.AnnotationProperty
rc.world_heritage_tentative_list_id,rdfs:subPropertyOf,kko.identifiers
rc.world_of_o_athlete_id,rdfs:subPropertyOf,owl.AnnotationProperty
rc.world_of_o_athlete_id,rdfs:subPropertyOf,kko.identifiers
rc.world_of_spectrum_id,rdfs:subPropertyOf,owl.AnnotationProperty
rc.world_of_spectrum_id,rdfs:subPropertyOf,kko.identifiers
rc.world_rugby_hall_of_fame_id,rdfs:subPropertyOf,owl.AnnotationProperty
rc.world_rugby_hall_of_fame_id,rdfs:subPropertyOf,kko.identifiers
rc.world_rugby_sevens_series_player_id,rdfs:subPropertyOf,owl.AnnotationProperty
rc.world_rugby_sevens_series_player_id,rdfs:subPropertyOf,kko.identifiers
rc.world_sailing_member_id,rdfs:subPropertyOf,owl.AnnotationProperty
rc.world_sailing_member_id,rdfs:subPropertyOf,kko.identifiers
rc.world_sbk_com_racer_identifier,rdfs:subPropertyOf,owl.AnnotationProperty
rc.world_sbk_com_racer_identifier,rdfs:subPropertyOf,kko.identifiers
rc.world_series_of_poker_id,rdfs:subPropertyOf,owl.AnnotationProperty
rc.world_series_of_poker_id,rdfs:subPropertyOf,kko.identifiers
rc.world_snooker_athlete_id,rdfs:subPropertyOf,owl.AnnotationProperty
rc.world_snooker_athlete_id,rdfs:subPropertyOf,kko.identifiers
rc.world_spider_catalog_id,rdfs:subPropertyOf,owl.AnnotationProperty
rc.world_spider_catalog_id,rdfs:subPropertyOf,kko.identifiers
rc.world_surf_league_id,rdfs:subPropertyOf,owl.AnnotationProperty
rc.world_surf_league_id,rdfs:subPropertyOf,kko.identifiers
rc.world_waterfall_database_id,rdfs:subPropertyOf,owl.AnnotationProperty
rc.world_waterfall_database_id,rdfs:subPropertyOf,kko.identifiers
rc.wormbase_gene_id,rdfs:subPropertyOf,owl.AnnotationProperty
rc.wormbase_gene_id,rdfs:subPropertyOf,kko.identifiers
rc.wrestlingdata_person_id,rdfs:subPropertyOf,owl.AnnotationProperty
rc.wrestlingdata_person_id,rdfs:subPropertyOf,kko.identifiers
rc.wsj_topic_id,rdfs:subPropertyOf,owl.AnnotationProperty
rc.wsj_topic_id,rdfs:subPropertyOf,kko.identifiers
rc.wta_player_id,rdfs:subPropertyOf,owl.AnnotationProperty
rc.wta_player_id,rdfs:subPropertyOf,kko.identifiers
rc.wta_tennis_tournament_id,rdfs:subPropertyOf,owl.AnnotationProperty
rc.wta_tennis_tournament_id,rdfs:subPropertyOf,kko.identifiers
rc.wurttembergische_kirchengeschichte_person_id,rdfs:subPropertyOf,owl.AnnotationProperty
rc.wurttembergische_kirchengeschichte_person_id,rdfs:subPropertyOf,kko.identifiers
rc.wurvoc_org_measure_id,rdfs:subPropertyOf,owl.AnnotationProperty
rc.wurvoc_org_measure_id,rdfs:subPropertyOf,kko.identifiers
rc.wwe_com_superstar_id,rdfs:subPropertyOf,owl.AnnotationProperty
rc.wwe_com_superstar_id,rdfs:subPropertyOf,kko.identifiers
rc.wwf_ecoregion_code,rdfs:subPropertyOf,owl.AnnotationProperty
rc.wwf_ecoregion_code,rdfs:subPropertyOf,kko.codes
rc.x_sampa_code,rdfs:subPropertyOf,owl.AnnotationProperty
rc.x_sampa_code,rdfs:subPropertyOf,kko.codes
rc.xeno_canto_species_id,rdfs:subPropertyOf,owl.AnnotationProperty
rc.xeno_canto_species_id,rdfs:subPropertyOf,kko.identifiers
rc.yad_vashem_encyclopedia_of_the_ghettos_id,rdfs:subPropertyOf,owl.AnnotationProperty
rc.yad_vashem_encyclopedia_of_the_ghettos_id,rdfs:subPropertyOf,kko.identifiers
rc.yahoo_japan_talent_database_id,rdfs:subPropertyOf,owl.AnnotationProperty
rc.yahoo_japan_talent_database_id,rdfs:subPropertyOf,kko.identifiers
rc.yale_center_for_british_art_artwork_id,rdfs:subPropertyOf,owl.AnnotationProperty
rc.yale_center_for_british_art_artwork_id,rdfs:subPropertyOf,kko.identifiers
rc.yandex_music_album_id,rdfs:subPropertyOf,owl.AnnotationProperty
rc.yandex_music_album_id,rdfs:subPropertyOf,kko.identifiers
rc.yandex_music_artist_id,rdfs:subPropertyOf,owl.AnnotationProperty
rc.yandex_music_artist_id,rdfs:subPropertyOf,kko.identifiers
rc.yard_number,rdfs:subPropertyOf,owl.AnnotationProperty
rc.yard_number,rdfs:subPropertyOf,kko.identifiers
rc.yelp_id,rdfs:subPropertyOf,owl.AnnotationProperty
rc.yelp_id,rdfs:subPropertyOf,kko.identifiers
rc.yerel_net_village_id,rdfs:subPropertyOf,owl.AnnotationProperty
rc.yerel_net_village_id,rdfs:subPropertyOf,kko.identifiers
rc.yle_areena_id,rdfs:subPropertyOf,owl.AnnotationProperty
rc.yle_areena_id,rdfs:subPropertyOf,kko.identifiers
rc.you_tube_channel_id,rdfs:subPropertyOf,owl.AnnotationProperty
rc.you_tube_channel_id,rdfs:subPropertyOf,kko.identifiers
rc.you_tube_playlist_id,rdfs:subPropertyOf,owl.AnnotationProperty
rc.you_tube_playlist_id,rdfs:subPropertyOf,kko.identifiers
rc.you_tube_video_id,rdfs:subPropertyOf,owl.AnnotationProperty
rc.you_tube_video_id,rdfs:subPropertyOf,kko.identifiers
rc.yso_id,rdfs:subPropertyOf,owl.AnnotationProperty
rc.yso_id,rdfs:subPropertyOf,kko.identifiers
rc.z_39_5_abbreviation,rdfs:subPropertyOf,owl.AnnotationProperty
rc.z_39_5_abbreviation,rdfs:subPropertyOf,kko.labels
rc.zanikleobce_cz_abandoned_objects_id,rdfs:subPropertyOf,owl.AnnotationProperty
rc.zanikleobce_cz_abandoned_objects_id,rdfs:subPropertyOf,kko.identifiers
rc.zaragoza_monument_id,rdfs:subPropertyOf,owl.AnnotationProperty
rc.zaragoza_monument_id,rdfs:subPropertyOf,kko.identifiers
rc.zb_math_author_id,rdfs:subPropertyOf,owl.AnnotationProperty
rc.zb_math_author_id,rdfs:subPropertyOf,kko.identifiers
rc.zb_math_work_id,rdfs:subPropertyOf,owl.AnnotationProperty
rc.zb_math_work_id,rdfs:subPropertyOf,kko.identifiers
rc.zdb_id,rdfs:subPropertyOf,owl.AnnotationProperty
rc.zdb_id,rdfs:subPropertyOf,kko.identifiers
rc.zemereshet_artist_id,rdfs:subPropertyOf,owl.AnnotationProperty
rc.zemereshet_artist_id,rdfs:subPropertyOf,kko.identifiers
rc.zemereshet_song_id,rdfs:subPropertyOf,owl.AnnotationProperty
rc.zemereshet_song_id,rdfs:subPropertyOf,kko.identifiers
rc.zeri_image_id,rdfs:subPropertyOf,owl.AnnotationProperty
rc.zeri_image_id,rdfs:subPropertyOf,kko.identifiers
rc.zfin_gene_id,rdfs:subPropertyOf,owl.AnnotationProperty
rc.zfin_gene_id,rdfs:subPropertyOf,kko.identifiers
rc.zhihu_topic_id,rdfs:subPropertyOf,owl.AnnotationProperty
rc.zhihu_topic_id,rdfs:subPropertyOf,kko.identifiers
rc.zinc_id,rdfs:subPropertyOf,owl.AnnotationProperty
rc.zinc_id,rdfs:subPropertyOf,kko.identifiers
rc.znieff_id,rdfs:subPropertyOf,owl.AnnotationProperty
rc.znieff_id,rdfs:subPropertyOf,kko.identifiers
rc.zoo_bank_author_id,rdfs:subPropertyOf,owl.AnnotationProperty
rc.zoo_bank_author_id,rdfs:subPropertyOf,kko.identifiers
rc.zoo_bank_id_for_name_or_act,rdfs:subPropertyOf,owl.AnnotationProperty
rc.zoo_bank_id_for_name_or_act,rdfs:subPropertyOf,kko.identifiers
rc.zoo_bank_publication_id,rdfs:subPropertyOf,owl.AnnotationProperty
rc.zoo_bank_publication_id,rdfs:subPropertyOf,kko.identifiers
rc.zvg_number,rdfs:subPropertyOf,owl.AnnotationProperty
rc.zvg_number,rdfs:subPropertyOf,kko.identifiers
rc._n_a,rdfs:subPropertyOf,owl.AnnotationProperty
rc._n_a,rdfs:subPropertyOf,kko.identifiers
rc.name,rdfs:subPropertyOf,owl.AnnotationProperty
rc.name,rdfs:subPropertyOf,kko.labels
rc.name_w,rdfs:subPropertyOf,owl.AnnotationProperty
rc.name_w,rdfs:subPropertyOf,kko.labels
