id,subclassof,parent
rc:TerrorismByMethod,rdfs:subClassOf,rc:MethodType
rc:TerrorismByMethod,rdfs:subClassOf,owl:Thing
rc:Self_esteem,rdfs:subClassOf,rc:PersonalQuantity
rc:Self_esteem,rdfs:subClassOf,owl:Thing
rc:EthnicGroupOfFlemish,rdfs:subClassOf,rc:EthnicGroupOfEuropeans
rc:EthnicGroupOfFlemish,rdfs:subClassOf,owl:Thing
rc:ComputerAidedDesignSoftware,rdfs:subClassOf,rc:ComputerAidedEngineering
rc:ComputerAidedDesignSoftware,rdfs:subClassOf,owl:Thing
rc:TIEFighter,rdfs:subClassOf,rc:FictionalSpacecraft
rc:TIEFighter,rdfs:subClassOf,owl:Thing
rc:QuarterlyReport,rdfs:subClassOf,rc:ConceptualWorkSeries_Periodic
rc:QuarterlyReport,rdfs:subClassOf,rc:ReportOnSituation
rc:QuarterlyReport,rdfs:subClassOf,owl:Thing
rc:ComputationalLearningTheory,rdfs:subClassOf,rc:Theories
rc:ComputationalLearningTheory,rdfs:subClassOf,owl:Thing
rc:HeraldicBadge,rdfs:subClassOf,rc:Heraldry
rc:HeraldicBadge,rdfs:subClassOf,owl:Thing
rc:Trail,rdfs:subClassOf,rc:InertArtifact
rc:Trail,rdfs:subClassOf,owl:Thing
rc:PhysicalDevice,rdfs:subClassOf,rc:SolidTangibleArtifact
rc:PhysicalDevice,rdfs:subClassOf,owl:Thing
rc:NeoclassicalPalace,rdfs:subClassOf,rc:NeoclassicArchitecturalStyle
rc:NeoclassicalPalace,rdfs:subClassOf,owl:Thing
rc:BrooklynBridge,rdfs:subClassOf,rc:Bridge
rc:BrooklynBridge,rdfs:subClassOf,owl:Thing
rc:DebtAssumptionLetter,rdfs:subClassOf,rc:FinancialDocument
rc:DebtAssumptionLetter,rdfs:subClassOf,owl:Thing
rc:Hearing_LegalProceeding,rdfs:subClassOf,rc:LegalProceeding
rc:Hearing_LegalProceeding,rdfs:subClassOf,owl:Thing
rc:ObservationPost,rdfs:subClassOf,rc:InspectionFacility
rc:ObservationPost,rdfs:subClassOf,owl:Thing
rc:AutomobileTypeByModel,rdfs:subClassOf,rc:ProductTypeByBrandVersion
rc:AutomobileTypeByModel,rdfs:subClassOf,owl:Thing
rc:SkiLift,rdfs:subClassOf,rc:MechanicalDevice
rc:SkiLift,rdfs:subClassOf,rc:NonAutomotiveTransportDevice
rc:SkiLift,rdfs:subClassOf,owl:Thing
rc:HistoricalNarrativeMovie,rdfs:subClassOf,rc:HistoricalNarrative
rc:HistoricalNarrativeMovie,rdfs:subClassOf,rc:PropositionalConceptualWork_HistoricalNarrativeGenre
rc:HistoricalNarrativeMovie,rdfs:subClassOf,owl:Thing
rc:Wood,rdfs:subClassOf,rc:CombustibleFuelSubstance_Natural
rc:Wood,rdfs:subClassOf,rc:VegetableMatter
rc:Wood,rdfs:subClassOf,owl:Thing
rc:UnmannedAerialVehicle,rdfs:subClassOf,rc:PoweredDevice
rc:UnmannedAerialVehicle,rdfs:subClassOf,owl:Thing
rc:Clurichaun,rdfs:subClassOf,rc:Fairy
rc:Clurichaun,rdfs:subClassOf,owl:Thing
rc:MarineElectronics,rdfs:subClassOf,rc:ElectronicDevice
rc:MarineElectronics,rdfs:subClassOf,owl:Thing
rc:AutoWaterPump,rdfs:subClassOf,rc:KineticEnergyPoweredDevice
rc:AutoWaterPump,rdfs:subClassOf,owl:Thing
rc:PaperWeight,rdfs:subClassOf,rc:NonPoweredDevice
rc:PaperWeight,rdfs:subClassOf,owl:Thing
rc:SecurityClearance,rdfs:subClassOf,rc:TotallyOrderedQuantityType
rc:SecurityClearance,rdfs:subClassOf,owl:Thing
rc:EmployeeRelations,rdfs:subClassOf,rc:WorkplaceCondition
rc:EmployeeRelations,rdfs:subClassOf,owl:Thing
rc:Holism,rdfs:subClassOf,rc:Belief
rc:Holism,rdfs:subClassOf,owl:Thing
rc:Lighthouse,rdfs:subClassOf,rc:NavigationBeacon
rc:Lighthouse,rdfs:subClassOf,owl:Thing
rc:PhonographRecord,rdfs:subClassOf,rc:DiscStorageMedium
rc:PhonographRecord,rdfs:subClassOf,owl:Thing
rc:TheoryOfCryptography,rdfs:subClassOf,rc:Cryptography
rc:TheoryOfCryptography,rdfs:subClassOf,owl:Thing
rc:TaekwondoActivity,rdfs:subClassOf,rc:MartialArtsByType
rc:TaekwondoActivity,rdfs:subClassOf,owl:Thing
rc:PoleForPoleVaulting,rdfs:subClassOf,rc:Device_SingleUser
rc:PoleForPoleVaulting,rdfs:subClassOf,rc:Device_UserControlled
rc:PoleForPoleVaulting,rdfs:subClassOf,rc:Device_UserPowered
rc:PoleForPoleVaulting,rdfs:subClassOf,owl:Thing
rc:EthnicGroupOfEastAsians,rdfs:subClassOf,rc:EthnicGroupOfAsians
rc:EthnicGroupOfEastAsians,rdfs:subClassOf,owl:Thing
rc:SpeedOfLight,rdfs:subClassOf,rc:Speed
rc:SpeedOfLight,rdfs:subClassOf,rc:UniversalConstant
rc:SpeedOfLight,rdfs:subClassOf,owl:Thing
rc:PushCart,rdfs:subClassOf,rc:Device_SingleUser
rc:PushCart,rdfs:subClassOf,rc:Device_UserPowered
rc:PushCart,rdfs:subClassOf,owl:Thing
rc:IllegalDrug,rdfs:subClassOf,rc:RecreationalDrug
rc:IllegalDrug,rdfs:subClassOf,owl:Thing
rc:AdultMaleHuman,rdfs:subClassOf,rc:HumanAdult
rc:AdultMaleHuman,rdfs:subClassOf,rc:MaleHuman
rc:AdultMaleHuman,rdfs:subClassOf,owl:Thing
rc:Notebook,rdfs:subClassOf,rc:PrimarilyPaperStationeryProduct
rc:Notebook,rdfs:subClassOf,owl:Thing
rc:Drywall,rdfs:subClassOf,rc:ArtificialMaterial
rc:Drywall,rdfs:subClassOf,rc:DeviceWithNoMovingParts
rc:Drywall,rdfs:subClassOf,owl:Thing
rc:EnzymeKinetics,rdfs:subClassOf,rc:CatalyticReaction
rc:EnzymeKinetics,rdfs:subClassOf,owl:Thing
rc:Machismo_Pride,rdfs:subClassOf,rc:PrideOfMembership
rc:Machismo_Pride,rdfs:subClassOf,owl:Thing
rc:LevelOfBurningSensation,rdfs:subClassOf,rc:LevelOfDiscomfort
rc:LevelOfBurningSensation,rdfs:subClassOf,owl:Thing
rc:PreColumbianArchitecture,rdfs:subClassOf,rc:ArchitecturalTypeByStyle
rc:PreColumbianArchitecture,rdfs:subClassOf,owl:Thing
rc:HighTechArchitecture,rdfs:subClassOf,rc:PostmodernArchitecturalStyle
rc:HighTechArchitecture,rdfs:subClassOf,owl:Thing
rc:Cruise_Vacation,rdfs:subClassOf,rc:CruisingMaritime
rc:Cruise_Vacation,rdfs:subClassOf,owl:Thing
rc:ComputerNetworkingCable,rdfs:subClassOf,rc:Path_InfoTransfer
rc:ComputerNetworkingCable,rdfs:subClassOf,owl:Thing
rc:GeneralSecretary_CommunistPartyOfVietnam,rdfs:subClassOf,rc:HeadOfGovernment
rc:GeneralSecretary_CommunistPartyOfVietnam,rdfs:subClassOf,owl:Thing
rc:Vanillin,rdfs:subClassOf,rc:PlantProduct
rc:Vanillin,rdfs:subClassOf,owl:Thing
rc:NetworkProtocol,rdfs:subClassOf,rc:CommunicationProtocol
rc:NetworkProtocol,rdfs:subClassOf,owl:Thing
rc:PotassiumChromate,rdfs:subClassOf,rc:InorganicCompound
rc:PotassiumChromate,rdfs:subClassOf,owl:Thing
rc:PoleVaultBar,rdfs:subClassOf,rc:NonPoweredDevice
rc:PoleVaultBar,rdfs:subClassOf,owl:Thing
rc:Homelessness,rdfs:subClassOf,rc:HumanitarianAidInterAgentSupport
rc:Homelessness,rdfs:subClassOf,rc:Poverty
rc:Homelessness,rdfs:subClassOf,owl:Thing
rc:Cannabis,rdfs:subClassOf,rc:HempFamily
rc:Cannabis,rdfs:subClassOf,owl:Thing
rc:Forklift,rdfs:subClassOf,rc:InternalCombustionPoweredDevice
rc:Forklift,rdfs:subClassOf,owl:Thing
rc:MeasurementsAndDefinitionsOfPoverty,rdfs:subClassOf,rc:Poverty
rc:MeasurementsAndDefinitionsOfPoverty,rdfs:subClassOf,owl:Thing
rc:Sarin,rdfs:subClassOf,rc:NoOdor
rc:Sarin,rdfs:subClassOf,owl:Thing
rc:FlutePlayer,rdfs:subClassOf,rc:MusicalInstrumentPlayer
rc:FlutePlayer,rdfs:subClassOf,owl:Thing
rc:Hurdle,rdfs:subClassOf,rc:NonPoweredDevice
rc:Hurdle,rdfs:subClassOf,owl:Thing
rc:Post,rdfs:subClassOf,rc:SolidTangibleArtifact
rc:Post,rdfs:subClassOf,rc:StructuralComponentBasicShape
rc:Post,rdfs:subClassOf,owl:Thing
rc:Boccia,rdfs:subClassOf,rc:Bowling_Sport
rc:Boccia,rdfs:subClassOf,owl:Thing
rc:SquareQuantity,rdfs:subClassOf,rc:TwoDimensionalQuantity
rc:SquareQuantity,rdfs:subClassOf,owl:Thing
rc:ChechenDiaspora,rdfs:subClassOf,rc:Diaspora
rc:ChechenDiaspora,rdfs:subClassOf,rc:EthnicGroupOfChechens
rc:ChechenDiaspora,rdfs:subClassOf,owl:Thing
rc:HadithStudies,rdfs:subClassOf,rc:Hadith
rc:HadithStudies,rdfs:subClassOf,owl:Thing
rc:Duke,rdfs:subClassOf,rc:MaleHuman
rc:Duke,rdfs:subClassOf,owl:Thing
rc:EthnicGroupOfMalinke,rdfs:subClassOf,rc:EthnicGroupOfMande
rc:EthnicGroupOfMalinke,rdfs:subClassOf,owl:Thing
rc:Reluctance,rdfs:subClassOf,rc:PhysicalQuantity
rc:Reluctance,rdfs:subClassOf,owl:Thing
rc:MovieReel,rdfs:subClassOf,rc:InformationStorageMedia
rc:MovieReel,rdfs:subClassOf,rc:MediaPlayingDevice
rc:MovieReel,rdfs:subClassOf,owl:Thing
rc:WorldPopulation,rdfs:subClassOf,rc:HumanPopulation
rc:WorldPopulation,rdfs:subClassOf,owl:Thing
rc:Testimony,rdfs:subClassOf,rc:Evidence_Indication
rc:Testimony,rdfs:subClassOf,owl:Thing
rc:SnowSki,rdfs:subClassOf,rc:GravityPoweredDevice
rc:SnowSki,rdfs:subClassOf,owl:Thing
rc:Scarcity,rdfs:subClassOf,rc:Shortage
rc:Scarcity,rdfs:subClassOf,owl:Thing
rc:ConferenceProceedingsArticle,rdfs:subClassOf,rc:ResearchPaper
rc:ConferenceProceedingsArticle,rdfs:subClassOf,owl:Thing
rc:CacheCoherency,rdfs:subClassOf,rc:CentralProcessingUnit
rc:CacheCoherency,rdfs:subClassOf,owl:Thing
rc:JewsInTheAfricanDiaspora,rdfs:subClassOf,rc:JewishDiaspora
rc:JewsInTheAfricanDiaspora,rdfs:subClassOf,owl:Thing
rc:CompactOverheadPowerline,rdfs:subClassOf,rc:ElectricalTransmissionDistributionEquipment
rc:CompactOverheadPowerline,rdfs:subClassOf,owl:Thing
rc:Actress,rdfs:subClassOf,rc:Actor
rc:Actress,rdfs:subClassOf,rc:FemaleHuman
rc:Actress,rdfs:subClassOf,owl:Thing
rc:Blue_EyeColor,rdfs:subClassOf,rc:HumanEyeColor
rc:Blue_EyeColor,rdfs:subClassOf,owl:Thing
rc:LegislativeTerm,rdfs:subClassOf,rc:Time_Quantity
rc:LegislativeTerm,rdfs:subClassOf,owl:Thing
rc:WindupToy,rdfs:subClassOf,rc:WindupDevice
rc:WindupToy,rdfs:subClassOf,owl:Thing
rc:EthnicGroupOfAfro_Arabs,rdfs:subClassOf,rc:EthnicGroupOfAfricans
rc:EthnicGroupOfAfro_Arabs,rdfs:subClassOf,rc:EthnicGroupOfArabs
rc:EthnicGroupOfAfro_Arabs,rdfs:subClassOf,owl:Thing
rc:RoseFlower,rdfs:subClassOf,rc:PleasantOdor
rc:RoseFlower,rdfs:subClassOf,owl:Thing
rc:GlazeForCeramics,rdfs:subClassOf,rc:CoatingMaterial
rc:GlazeForCeramics,rdfs:subClassOf,owl:Thing
rc:RitualClown,rdfs:subClassOf,rc:PropositionalConceptualWork_SatireGenre
rc:RitualClown,rdfs:subClassOf,owl:Thing
rc:ProbabilityInterval,rdfs:subClassOf,rc:ContinuousIntervalOnNumberLine
rc:ProbabilityInterval,rdfs:subClassOf,owl:Thing
rc:MedicalTesting,rdfs:subClassOf,rc:LaboratorySupply
rc:MedicalTesting,rdfs:subClassOf,owl:Thing
rc:TransportationContainerProduct,rdfs:subClassOf,rc:ContainerArtifact
rc:TransportationContainerProduct,rdfs:subClassOf,owl:Thing
rc:HighFrequencyEMRadiation,rdfs:subClassOf,rc:ElectromagneticRadiation
rc:HighFrequencyEMRadiation,rdfs:subClassOf,owl:Thing
rc:ParallelComputerCable,rdfs:subClassOf,rc:Path_InfoTransfer
rc:ParallelComputerCable,rdfs:subClassOf,owl:Thing
rc:ExchangeOfUserRights,rdfs:subClassOf,rc:Transaction
rc:ExchangeOfUserRights,rdfs:subClassOf,owl:Thing
rc:Dominatrix,rdfs:subClassOf,rc:FemaleHuman
rc:Dominatrix,rdfs:subClassOf,owl:Thing
rc:DisposableCamera,rdfs:subClassOf,rc:ConsumableProduct
rc:DisposableCamera,rdfs:subClassOf,rc:DisposableProduct
rc:DisposableCamera,rdfs:subClassOf,owl:Thing
rc:PhilosophicalTheory,rdfs:subClassOf,rc:Philosophy
rc:PhilosophicalTheory,rdfs:subClassOf,rc:PropositionalInformationThing
rc:PhilosophicalTheory,rdfs:subClassOf,owl:Thing
rc:ChemicalPurity,rdfs:subClassOf,rc:MultiDimensionalQuantity
rc:ChemicalPurity,rdfs:subClassOf,rc:NonAspectualQuantity
rc:ChemicalPurity,rdfs:subClassOf,rc:Rating
rc:ChemicalPurity,rdfs:subClassOf,rc:TangiblePhysicalQuantity
rc:ChemicalPurity,rdfs:subClassOf,owl:Thing
rc:GroceryMarketCategory,rdfs:subClassOf,rc:ProductTypeByMarketCategory
rc:GroceryMarketCategory,rdfs:subClassOf,owl:Thing
rc:Premier_HeadOfGovernment,rdfs:subClassOf,rc:HeadOfGovernment
rc:Premier_HeadOfGovernment,rdfs:subClassOf,owl:Thing
rc:HumanAdult,rdfs:subClassOf,rc:AdultAnimal
rc:HumanAdult,rdfs:subClassOf,rc:HumanTypeByLifeStageType
rc:HumanAdult,rdfs:subClassOf,rc:SexuallyMature
rc:HumanAdult,rdfs:subClassOf,owl:Thing
rc:Finish,rdfs:subClassOf,rc:CoatingMaterial
rc:Finish,rdfs:subClassOf,owl:Thing
rc:EthnicGroupOfSenufo,rdfs:subClassOf,rc:EthnicGroupOfAfricans
rc:EthnicGroupOfSenufo,rdfs:subClassOf,owl:Thing
rc:ProtectiveAttire,rdfs:subClassOf,rc:ProtectiveEquipment_Human
rc:ProtectiveAttire,rdfs:subClassOf,owl:Thing
rc:Marquis,rdfs:subClassOf,rc:MaleHuman
rc:Marquis,rdfs:subClassOf,owl:Thing
rc:MedievalCatalanJew,rdfs:subClassOf,rc:EthnicGroupOfCatalans
rc:MedievalCatalanJew,rdfs:subClassOf,owl:Thing
rc:EthnicGroupOfOvimbundu,rdfs:subClassOf,rc:EthnicGroupOfAfricans
rc:EthnicGroupOfOvimbundu,rdfs:subClassOf,owl:Thing
rc:Refrigerator_Freezer,rdfs:subClassOf,rc:DomesticKitchenAppliance
rc:Refrigerator_Freezer,rdfs:subClassOf,rc:MajorAppliance
rc:Refrigerator_Freezer,rdfs:subClassOf,rc:RefrigeratedStorageDevice
rc:Refrigerator_Freezer,rdfs:subClassOf,owl:Thing
rc:LegallyDrunk,rdfs:subClassOf,rc:Drunk
rc:LegallyDrunk,rdfs:subClassOf,owl:Thing
rc:DryPetFood,rdfs:subClassOf,rc:PetFood
rc:DryPetFood,rdfs:subClassOf,owl:Thing
rc:BasicTaste,rdfs:subClassOf,rc:ObjectTypeByTaste
rc:BasicTaste,rdfs:subClassOf,owl:Thing
rc:BeverageCan,rdfs:subClassOf,rc:Can
rc:BeverageCan,rdfs:subClassOf,rc:DisposableProduct
rc:BeverageCan,rdfs:subClassOf,owl:Thing
rc:MediaPlayingDevice,rdfs:subClassOf,rc:MechanicalDevice
rc:MediaPlayingDevice,rdfs:subClassOf,owl:Thing
rc:LouisPasteur,rdfs:subClassOf,rc:Deceased
rc:LouisPasteur,rdfs:subClassOf,owl:Thing
rc:Foreshore,rdfs:subClassOf,rc:Seacoast
rc:Foreshore,rdfs:subClassOf,owl:Thing
rc:MiningCultureAndTradition,rdfs:subClassOf,rc:Mining
rc:MiningCultureAndTradition,rdfs:subClassOf,owl:Thing
rc:PrincePhilipDukeOfEdinburgh,rdfs:subClassOf,rc:Prince
rc:PrincePhilipDukeOfEdinburgh,rdfs:subClassOf,owl:Thing
rc:Courtyard,rdfs:subClassOf,rc:Person_SupportingObject
rc:Courtyard,rdfs:subClassOf,owl:Thing
rc:KurdishMen,rdfs:subClassOf,rc:EthnicGroupOfKurds
rc:KurdishMen,rdfs:subClassOf,owl:Thing
rc:Glyph,rdfs:subClassOf,rc:CharacterToken
rc:Glyph,rdfs:subClassOf,owl:Thing
rc:DietMedication,rdfs:subClassOf,rc:ArtificialMaterial
rc:DietMedication,rdfs:subClassOf,owl:Thing
rc:EarthmovingScoop,rdfs:subClassOf,rc:KineticEnergyPoweredDevice
rc:EarthmovingScoop,rdfs:subClassOf,rc:MechanicalDevice
rc:EarthmovingScoop,rdfs:subClassOf,owl:Thing
rc:Gate,rdfs:subClassOf,rc:DoorWindowGlass
rc:Gate,rdfs:subClassOf,owl:Thing
rc:Competitiveness,rdfs:subClassOf,rc:MentalQuantity
rc:Competitiveness,rdfs:subClassOf,owl:Thing
rc:Biochip_Generic,rdfs:subClassOf,rc:IntegratedCircuitChipRecorder
rc:Biochip_Generic,rdfs:subClassOf,owl:Thing
rc:HomogeneousSpaceRegionSet,rdfs:subClassOf,rc:SpaceRegionSet
rc:HomogeneousSpaceRegionSet,rdfs:subClassOf,owl:Thing
rc:HerbertienDynasty,rdfs:subClassOf,rc:Carolingian_Monarch_HeadOfState
rc:HerbertienDynasty,rdfs:subClassOf,owl:Thing
rc:UyghurChristian,rdfs:subClassOf,rc:EthnicGroupOfUighur
rc:UyghurChristian,rdfs:subClassOf,owl:Thing
rc:Constitution,rdfs:subClassOf,rc:Law
rc:Constitution,rdfs:subClassOf,owl:Thing
rc:EthnicGroupOfArab_Berbers,rdfs:subClassOf,rc:EthnicGroupOfAfricans
rc:EthnicGroupOfArab_Berbers,rdfs:subClassOf,rc:EthnicGroupOfArabs
rc:EthnicGroupOfArab_Berbers,rdfs:subClassOf,owl:Thing
rc:Slake_ChemicalReaction,rdfs:subClassOf,rc:BinaryChemicalReaction
rc:Slake_ChemicalReaction,rdfs:subClassOf,rc:ExothermicReaction
rc:Slake_ChemicalReaction,rdfs:subClassOf,owl:Thing
rc:KingGustavV,rdfs:subClassOf,rc:King_HeadOfState
rc:KingGustavV,rdfs:subClassOf,owl:Thing
rc:LowVoltageNetwork,rdfs:subClassOf,rc:ElectricalComponent
rc:LowVoltageNetwork,rdfs:subClassOf,owl:Thing
rc:EthnicGroupOfKarakalpaks,rdfs:subClassOf,rc:EthnicGroupOfAsians
rc:EthnicGroupOfKarakalpaks,rdfs:subClassOf,owl:Thing
rc:SamplingRate_Frequency,rdfs:subClassOf,rc:Frequency
rc:SamplingRate_Frequency,rdfs:subClassOf,owl:Thing
rc:HydrogenPeroxide,rdfs:subClassOf,rc:DisinfectantSubstance
rc:HydrogenPeroxide,rdfs:subClassOf,rc:InorganicGas
rc:HydrogenPeroxide,rdfs:subClassOf,owl:Thing
rc:BerberMoroccan,rdfs:subClassOf,rc:EthnicGroupOfBerbers
rc:BerberMoroccan,rdfs:subClassOf,owl:Thing
rc:Poster,rdfs:subClassOf,rc:SheetOfPaper
rc:Poster,rdfs:subClassOf,owl:Thing
rc:CircuitTester,rdfs:subClassOf,rc:PowerSystemDevice
rc:CircuitTester,rdfs:subClassOf,owl:Thing
rc:AutomobileSubwoofer,rdfs:subClassOf,rc:AutoSoundMarketCategory
rc:AutomobileSubwoofer,rdfs:subClassOf,rc:AutomobileAudioEquipment
rc:AutomobileSubwoofer,rdfs:subClassOf,owl:Thing
rc:NormalTopologicalSpace,rdfs:subClassOf,rc:TopologicalSpace
rc:NormalTopologicalSpace,rdfs:subClassOf,owl:Thing
rc:IndexDataStructure,rdfs:subClassOf,rc:Index_PointerList
rc:IndexDataStructure,rdfs:subClassOf,owl:Thing
rc:Egoism,rdfs:subClassOf,rc:Individuality
rc:Egoism,rdfs:subClassOf,owl:Thing
rc:PornStar,rdfs:subClassOf,rc:Entertainer
rc:PornStar,rdfs:subClassOf,owl:Thing
rc:Permission,rdfs:subClassOf,rc:Entitlement
rc:Permission,rdfs:subClassOf,owl:Thing
rc:ElectricalWire,rdfs:subClassOf,rc:Cable
rc:ElectricalWire,rdfs:subClassOf,rc:TwoTerminalElectricalDevice
rc:ElectricalWire,rdfs:subClassOf,rc:Wire
rc:ElectricalWire,rdfs:subClassOf,owl:Thing
rc:ComicsCharacter,rdfs:subClassOf,rc:FictionalCharacter
rc:ComicsCharacter,rdfs:subClassOf,owl:Thing
rc:AtomicParticleSensor,rdfs:subClassOf,rc:NuclearPhysicsMaterial
rc:AtomicParticleSensor,rdfs:subClassOf,owl:Thing
rc:KingHenryIV,rdfs:subClassOf,rc:King_HeadOfState
rc:KingHenryIV,rdfs:subClassOf,owl:Thing
rc:MilitaryBarrack,rdfs:subClassOf,rc:MilitaryFacility
rc:MilitaryBarrack,rdfs:subClassOf,owl:Thing
rc:ProfessionalWrestlingDancer,rdfs:subClassOf,rc:Cheerleader
rc:ProfessionalWrestlingDancer,rdfs:subClassOf,owl:Thing
rc:Pegasus,rdfs:subClassOf,rc:MythologicalCreature
rc:Pegasus,rdfs:subClassOf,owl:Thing
rc:Peach,rdfs:subClassOf,rc:TreeShrub
rc:Peach,rdfs:subClassOf,owl:Thing
rc:Gracefulness,rdfs:subClassOf,rc:PerformanceLevelQuantity
rc:Gracefulness,rdfs:subClassOf,owl:Thing
rc:PhysicalTemplate,rdfs:subClassOf,rc:NonPoweredDevice
rc:PhysicalTemplate,rdfs:subClassOf,owl:Thing
rc:BatteryPoweredDevice,rdfs:subClassOf,rc:SelfPoweredDevice
rc:BatteryPoweredDevice,rdfs:subClassOf,owl:Thing
rc:Marshmallow,rdfs:subClassOf,rc:SweetTaste
rc:Marshmallow,rdfs:subClassOf,owl:Thing
rc:PalestinianChildren,rdfs:subClassOf,rc:EthnicGroupOfPalestinians
rc:PalestinianChildren,rdfs:subClassOf,owl:Thing
rc:EthnicGroupOfGujaratis,rdfs:subClassOf,rc:EthnicGroupOfIndo_Aryans
rc:EthnicGroupOfGujaratis,rdfs:subClassOf,owl:Thing
rc:Hakka,rdfs:subClassOf,rc:EthnicGroupOfHanChinese
rc:Hakka,rdfs:subClassOf,owl:Thing
rc:MetathesisReaction,rdfs:subClassOf,rc:BinaryChemicalReaction
rc:MetathesisReaction,rdfs:subClassOf,rc:DisplacementReaction
rc:MetathesisReaction,rdfs:subClassOf,owl:Thing
rc:EnergyPolicy,rdfs:subClassOf,rc:PublicPolicy
rc:EnergyPolicy,rdfs:subClassOf,owl:Thing
rc:MilitaryBase_Grounds,rdfs:subClassOf,rc:MilitaryFacility
rc:MilitaryBase_Grounds,rdfs:subClassOf,owl:Thing
rc:NoisePollution,rdfs:subClassOf,rc:Pollutant
rc:NoisePollution,rdfs:subClassOf,owl:Thing
rc:CulturalHeritageEnsemble,rdfs:subClassOf,rc:CulturalHeritage
rc:CulturalHeritageEnsemble,rdfs:subClassOf,owl:Thing
rc:EnergyDevelopment,rdfs:subClassOf,rc:Energy_Topic
rc:EnergyDevelopment,rdfs:subClassOf,owl:Thing
rc:Wetness,rdfs:subClassOf,rc:NonAspectualQuantity
rc:Wetness,rdfs:subClassOf,rc:Rating
rc:Wetness,rdfs:subClassOf,rc:TangiblePhysicalQuantity
rc:Wetness,rdfs:subClassOf,owl:Thing
rc:ChromiumOxidation,rdfs:subClassOf,rc:BinaryChemicalReaction
rc:ChromiumOxidation,rdfs:subClassOf,rc:OxidationProcess
rc:ChromiumOxidation,rdfs:subClassOf,rc:RedoxReaction
rc:ChromiumOxidation,rdfs:subClassOf,owl:Thing
rc:Patriotism,rdfs:subClassOf,rc:PrideOfMembership
rc:Patriotism,rdfs:subClassOf,owl:Thing
rc:Phycophyta,rdfs:subClassOf,rc:Haplodiplont
rc:Phycophyta,rdfs:subClassOf,owl:Thing
rc:RomanceMovie,rdfs:subClassOf,rc:RomanceStory_Generic
rc:RomanceMovie,rdfs:subClassOf,owl:Thing
rc:Length,rdfs:subClassOf,rc:Distance
rc:Length,rdfs:subClassOf,owl:Thing
rc:SailingShip,rdfs:subClassOf,rc:WindPoweredDevice
rc:SailingShip,rdfs:subClassOf,owl:Thing
rc:ElectromagneticForce,rdfs:subClassOf,rc:MultiDimensionalQuantity
rc:ElectromagneticForce,rdfs:subClassOf,owl:Thing
rc:CrackingReaction,rdfs:subClassOf,rc:ChemicalDecomposition
rc:CrackingReaction,rdfs:subClassOf,rc:Cracking
rc:CrackingReaction,rdfs:subClassOf,owl:Thing
rc:EthnicGroupOfMagyars,rdfs:subClassOf,rc:EthnicGroupOfEuropeans
rc:EthnicGroupOfMagyars,rdfs:subClassOf,owl:Thing
rc:EngineProblem,rdfs:subClassOf,rc:Engine
rc:EngineProblem,rdfs:subClassOf,owl:Thing
rc:Fume,rdfs:subClassOf,rc:FoulOdor
rc:Fume,rdfs:subClassOf,owl:Thing
rc:CorkBoard,rdfs:subClassOf,rc:NonPoweredDevice
rc:CorkBoard,rdfs:subClassOf,owl:Thing
rc:Population_Ecological,rdfs:subClassOf,rc:PopulationOfBLOs
rc:Population_Ecological,rdfs:subClassOf,owl:Thing
rc:HistoricTemporalThing,rdfs:subClassOf,rc:FamousIndividual
rc:HistoricTemporalThing,rdfs:subClassOf,owl:Thing
rc:PropellerDrivenAirplane,rdfs:subClassOf,rc:InternalCombustionPoweredDevice
rc:PropellerDrivenAirplane,rdfs:subClassOf,owl:Thing
rc:Crouton,rdfs:subClassOf,rc:SaltyTaste
rc:Crouton,rdfs:subClassOf,owl:Thing
rc:CherryTree,rdfs:subClassOf,rc:Rosaceae
rc:CherryTree,rdfs:subClassOf,owl:Thing
rc:CivilEngineering,rdfs:subClassOf,rc:EngineeringField
rc:CivilEngineering,rdfs:subClassOf,owl:Thing
rc:Gray_HairColor,rdfs:subClassOf,rc:HumanHairColor
rc:Gray_HairColor,rdfs:subClassOf,owl:Thing
rc:Printer,rdfs:subClassOf,rc:BusinessMachine
rc:Printer,rdfs:subClassOf,rc:ReproductionDevice
rc:Printer,rdfs:subClassOf,owl:Thing
rc:ServingTray,rdfs:subClassOf,rc:Tray
rc:ServingTray,rdfs:subClassOf,owl:Thing
rc:HeatingElement,rdfs:subClassOf,rc:HeatingDevice
rc:HeatingElement,rdfs:subClassOf,owl:Thing
rc:RadiationResistance,rdfs:subClassOf,rc:DispositionalQuantity
rc:RadiationResistance,rdfs:subClassOf,rc:NonAspectualQuantity
rc:RadiationResistance,rdfs:subClassOf,rc:TangiblePhysicalQuantity
rc:RadiationResistance,rdfs:subClassOf,owl:Thing
rc:SodiumAzideDecomposition,rdfs:subClassOf,rc:ChemicalReaction
rc:SodiumAzideDecomposition,rdfs:subClassOf,owl:Thing
rc:SnookerWorldRanking,rdfs:subClassOf,rc:Snooker
rc:SnookerWorldRanking,rdfs:subClassOf,owl:Thing
rc:Millions_Quant,rdfs:subClassOf,rc:OrderOfMagnitudeInterval
rc:Millions_Quant,rdfs:subClassOf,owl:Thing
rc:HammerForThrowing,rdfs:subClassOf,rc:Device_SingleUser
rc:HammerForThrowing,rdfs:subClassOf,rc:Device_UserPowered
rc:HammerForThrowing,rdfs:subClassOf,owl:Thing
rc:EthnicGroupOfByelorussians,rdfs:subClassOf,rc:EthnicGroupOfSlavs
rc:EthnicGroupOfByelorussians,rdfs:subClassOf,owl:Thing
rc:MooringDolphin,rdfs:subClassOf,rc:NonPoweredDevice
rc:MooringDolphin,rdfs:subClassOf,owl:Thing
rc:OpenSourceComputerProgram,rdfs:subClassOf,rc:OpenSource
rc:OpenSourceComputerProgram,rdfs:subClassOf,owl:Thing
rc:DevanagariLetter,rdfs:subClassOf,rc:DevanagariWriting
rc:DevanagariLetter,rdfs:subClassOf,owl:Thing
rc:Distance,rdfs:subClassOf,rc:OneDimensionalQuantity
rc:Distance,rdfs:subClassOf,rc:SpatialQuantity
rc:Distance,rdfs:subClassOf,owl:Thing
rc:InternationalRelationsTerm,rdfs:subClassOf,rc:InternationalRelations
rc:InternationalRelationsTerm,rdfs:subClassOf,owl:Thing
rc:JudoActivity,rdfs:subClassOf,rc:MartialArtsByType
rc:JudoActivity,rdfs:subClassOf,owl:Thing
rc:EthnicGroupOfSidama,rdfs:subClassOf,rc:EthnicGroupOfAfricans
rc:EthnicGroupOfSidama,rdfs:subClassOf,owl:Thing
rc:Plastic,rdfs:subClassOf,rc:ArtificialMaterial
rc:Plastic,rdfs:subClassOf,owl:Thing
rc:InsurancePolicyDescription,rdfs:subClassOf,rc:NonfictionalPCW
rc:InsurancePolicyDescription,rdfs:subClassOf,owl:Thing
rc:RomaPeople,rdfs:subClassOf,rc:EthnicGroupOfRom_Gypsy
rc:RomaPeople,rdfs:subClassOf,owl:Thing
rc:DukeOfHolsteinGottorp,rdfs:subClassOf,rc:Duke
rc:DukeOfHolsteinGottorp,rdfs:subClassOf,owl:Thing
rc:LeadSulfide,rdfs:subClassOf,rc:OtherInorganicCompound
rc:LeadSulfide,rdfs:subClassOf,owl:Thing
rc:PulsedPower,rdfs:subClassOf,rc:Power
rc:PulsedPower,rdfs:subClassOf,owl:Thing
rc:OrganSystem,rdfs:subClassOf,rc:ConnectedPhysicalPath_Biological
rc:OrganSystem,rdfs:subClassOf,owl:Thing
rc:BariumSulfate,rdfs:subClassOf,rc:InorganicSalt
rc:BariumSulfate,rdfs:subClassOf,owl:Thing
rc:OperaSinger,rdfs:subClassOf,rc:Actor
rc:OperaSinger,rdfs:subClassOf,rc:Singer
rc:OperaSinger,rdfs:subClassOf,owl:Thing
rc:ScalarOrVectorInterval,rdfs:subClassOf,rc:TupleOfIntervals
rc:ScalarOrVectorInterval,rdfs:subClassOf,owl:Thing
rc:LaundryEquipmentMarketCategory,rdfs:subClassOf,rc:ProductTypeByMarketCategory
rc:LaundryEquipmentMarketCategory,rdfs:subClassOf,owl:Thing
rc:Cufflink,rdfs:subClassOf,rc:ClothingAccessory
rc:Cufflink,rdfs:subClassOf,rc:Connector
rc:Cufflink,rdfs:subClassOf,owl:Thing
rc:ScienceFantasy,rdfs:subClassOf,rc:FantasyGenre
rc:ScienceFantasy,rdfs:subClassOf,owl:Thing
rc:ProbabilityTheoryParadox,rdfs:subClassOf,rc:Paradox
rc:ProbabilityTheoryParadox,rdfs:subClassOf,owl:Thing
rc:Traditional,rdfs:subClassOf,rc:StyleAttribute
rc:Traditional,rdfs:subClassOf,owl:Thing
rc:Soloist,rdfs:subClassOf,rc:MusicalPerformer
rc:Soloist,rdfs:subClassOf,owl:Thing
rc:DiplomaticCorrespondence,rdfs:subClassOf,rc:Correspondence
rc:DiplomaticCorrespondence,rdfs:subClassOf,owl:Thing
rc:IonicBonding,rdfs:subClassOf,rc:ChemicalBonding
rc:IonicBonding,rdfs:subClassOf,owl:Thing
rc:ContractNegotiation,rdfs:subClassOf,rc:BusinessActivity
rc:ContractNegotiation,rdfs:subClassOf,rc:CulturalActivity
rc:ContractNegotiation,rdfs:subClassOf,owl:Thing
rc:Titan,rdfs:subClassOf,rc:MythologicalGod
rc:Titan,rdfs:subClassOf,owl:Thing
rc:FloorMat,rdfs:subClassOf,rc:NonPoweredDevice
rc:FloorMat,rdfs:subClassOf,owl:Thing
rc:PalestinianWomen,rdfs:subClassOf,rc:EthnicGroupOfPalestinians
rc:PalestinianWomen,rdfs:subClassOf,owl:Thing
rc:Acceleration,rdfs:subClassOf,rc:PhysicalQuantity
rc:Acceleration,rdfs:subClassOf,rc:Rate
rc:Acceleration,rdfs:subClassOf,rc:ThreeDimensionalQuantity
rc:Acceleration,rdfs:subClassOf,owl:Thing
rc:FreightContainer,rdfs:subClassOf,rc:StorageConstruct
rc:FreightContainer,rdfs:subClassOf,owl:Thing
rc:Hypocrisy,rdfs:subClassOf,rc:PersonalQuantity
rc:Hypocrisy,rdfs:subClassOf,owl:Thing
rc:StickDispenser,rdfs:subClassOf,rc:ContainerArtifact
rc:StickDispenser,rdfs:subClassOf,owl:Thing
rc:PaiutePeople,rdfs:subClassOf,rc:CensusGroupOfUSNativeAmericans_Generic
rc:PaiutePeople,rdfs:subClassOf,owl:Thing
rc:SweetTaste,rdfs:subClassOf,rc:ObjectTypeByTaste
rc:SweetTaste,rdfs:subClassOf,owl:Thing
rc:DiscoMirrorBall,rdfs:subClassOf,rc:NonPoweredDevice
rc:DiscoMirrorBall,rdfs:subClassOf,rc:OpticalDevice
rc:DiscoMirrorBall,rdfs:subClassOf,owl:Thing
rc:JoanOfArc,rdfs:subClassOf,rc:Deceased
rc:JoanOfArc,rdfs:subClassOf,owl:Thing
rc:HashingAlgorithm,rdfs:subClassOf,rc:Algorithm
rc:HashingAlgorithm,rdfs:subClassOf,owl:Thing
rc:FemaleInfant,rdfs:subClassOf,rc:FemaleChild
rc:FemaleInfant,rdfs:subClassOf,owl:Thing
rc:FinnishWomen,rdfs:subClassOf,rc:EthnicGroupOfFinns
rc:FinnishWomen,rdfs:subClassOf,owl:Thing
rc:SwimmingGoggles,rdfs:subClassOf,rc:ProtectiveGear
rc:SwimmingGoggles,rdfs:subClassOf,rc:SensoryEnhancementDevice_Visual
rc:SwimmingGoggles,rdfs:subClassOf,rc:SwimmingEquipment
rc:SwimmingGoggles,rdfs:subClassOf,owl:Thing
rc:EthnicGroupOfDiola,rdfs:subClassOf,rc:EthnicGroupOfAfricans
rc:EthnicGroupOfDiola,rdfs:subClassOf,owl:Thing
rc:FinanciallyHurting,rdfs:subClassOf,rc:EconomicalQuantity
rc:FinanciallyHurting,rdfs:subClassOf,owl:Thing
rc:KingCharlesX,rdfs:subClassOf,rc:King_HeadOfState
rc:KingCharlesX,rdfs:subClassOf,owl:Thing
rc:EthnicGroupOfKurds,rdfs:subClassOf,rc:EthnicGroupOfMiddleEasterners
rc:EthnicGroupOfKurds,rdfs:subClassOf,owl:Thing
rc:Eraser_Board,rdfs:subClassOf,rc:Device_UserControlled
rc:Eraser_Board,rdfs:subClassOf,owl:Thing
rc:FlynnsTaxonomy,rdfs:subClassOf,rc:ParallelArchitecture
rc:FlynnsTaxonomy,rdfs:subClassOf,owl:Thing
rc:Pipe_Plumbing,rdfs:subClassOf,rc:Pipe_ConduitArtifact
rc:Pipe_Plumbing,rdfs:subClassOf,owl:Thing
rc:RadioTelescope,rdfs:subClassOf,rc:ScientificInstrument
rc:RadioTelescope,rdfs:subClassOf,owl:Thing
rc:Table_Visual,rdfs:subClassOf,rc:StructuredInformationSource
rc:Table_Visual,rdfs:subClassOf,owl:Thing
rc:Transmitter,rdfs:subClassOf,rc:WirelessCommunicationDevice
rc:Transmitter,rdfs:subClassOf,owl:Thing
rc:AssyriansInIran,rdfs:subClassOf,rc:EthnicGroupOfAssyrians
rc:AssyriansInIran,rdfs:subClassOf,owl:Thing
rc:Thoroughfare,rdfs:subClassOf,rc:RoadSystem
rc:Thoroughfare,rdfs:subClassOf,owl:Thing
rc:KnowledgeEngineering,rdfs:subClassOf,rc:InformationScience
rc:KnowledgeEngineering,rdfs:subClassOf,owl:Thing
rc:MoorishArchitecture_IberianPeninsula,rdfs:subClassOf,rc:MoorishArchitecture
rc:MoorishArchitecture_IberianPeninsula,rdfs:subClassOf,owl:Thing
rc:Fairgrounds,rdfs:subClassOf,rc:OutdoorRecreationArea
rc:Fairgrounds,rdfs:subClassOf,owl:Thing
rc:TestStrip,rdfs:subClassOf,rc:Device_OneTimeUse
rc:TestStrip,rdfs:subClassOf,rc:SinglePurposeDevice
rc:TestStrip,rdfs:subClassOf,owl:Thing
rc:ElectronicTestEquipment,rdfs:subClassOf,rc:ElectronicDevice
rc:ElectronicTestEquipment,rdfs:subClassOf,owl:Thing
rc:Knife,rdfs:subClassOf,rc:CuttingDevice
rc:Knife,rdfs:subClassOf,rc:Device_UserPowered
rc:Knife,rdfs:subClassOf,owl:Thing
rc:EthnicGroupOfTatars,rdfs:subClassOf,rc:EthnicGroupOfEuropeans
rc:EthnicGroupOfTatars,rdfs:subClassOf,owl:Thing
rc:RulerOfTheKingdomOfKongo,rdfs:subClassOf,rc:King_HeadOfState
rc:RulerOfTheKingdomOfKongo,rdfs:subClassOf,owl:Thing
rc:Utopia,rdfs:subClassOf,rc:MythologicalPlace
rc:Utopia,rdfs:subClassOf,owl:Thing
rc:SouthernMongol,rdfs:subClassOf,rc:MongolPeople
rc:SouthernMongol,rdfs:subClassOf,owl:Thing
rc:Chair_PieceOfFurniture,rdfs:subClassOf,rc:FurnitureMarketCategory
rc:Chair_PieceOfFurniture,rdfs:subClassOf,rc:NonPoweredDevice
rc:Chair_PieceOfFurniture,rdfs:subClassOf,rc:SeatingDevice
rc:Chair_PieceOfFurniture,rdfs:subClassOf,owl:Thing
rc:MedievalPersianPeople,rdfs:subClassOf,rc:EthnicGroupOfPersians
rc:MedievalPersianPeople,rdfs:subClassOf,owl:Thing
rc:Torpedo,rdfs:subClassOf,rc:SelfPoweredProjectile
rc:Torpedo,rdfs:subClassOf,owl:Thing
rc:LiteraryGenre,rdfs:subClassOf,rc:GenreTypes
rc:LiteraryGenre,rdfs:subClassOf,owl:Thing
rc:DynamicInfoSource,rdfs:subClassOf,rc:Artifact_Intangible
rc:DynamicInfoSource,rdfs:subClassOf,owl:Thing
rc:NarrativeTVShow,rdfs:subClassOf,rc:Narrative
rc:NarrativeTVShow,rdfs:subClassOf,owl:Thing
rc:Cub,rdfs:subClassOf,rc:JuvenileAnimal
rc:Cub,rdfs:subClassOf,owl:Thing
rc:BloodTypeByABOAndRhFactor,rdfs:subClassOf,rc:BloodType
rc:BloodTypeByABOAndRhFactor,rdfs:subClassOf,owl:Thing
rc:BuckinghamPalace,rdfs:subClassOf,rc:OfficialResidence
rc:BuckinghamPalace,rdfs:subClassOf,owl:Thing
rc:Microwave_UpperSBand,rdfs:subClassOf,rc:Microwave_SBand
rc:Microwave_UpperSBand,rdfs:subClassOf,owl:Thing
rc:JoseRizal,rdfs:subClassOf,rc:EthnicGroupOfFilipinos
rc:JoseRizal,rdfs:subClassOf,owl:Thing
rc:EthnicGroupOfSpain,rdfs:subClassOf,rc:EthnicGroupOfEuropeans
rc:EthnicGroupOfSpain,rdfs:subClassOf,owl:Thing
rc:AnsweringMachine,rdfs:subClassOf,rc:InformationRecordingDevice
rc:AnsweringMachine,rdfs:subClassOf,rc:PersonalCommunicationDevice
rc:AnsweringMachine,rdfs:subClassOf,owl:Thing
rc:RococoArchitecturalStyle,rdfs:subClassOf,rc:ArchitecturalTypeByStyle
rc:RococoArchitecturalStyle,rdfs:subClassOf,owl:Thing
rc:ImageCatalogue,rdfs:subClassOf,rc:Catalog
rc:ImageCatalogue,rdfs:subClassOf,owl:Thing
rc:LongevityClaim,rdfs:subClassOf,rc:Longevity
rc:LongevityClaim,rdfs:subClassOf,owl:Thing
rc:EthnicGroupOfCelts,rdfs:subClassOf,rc:EthnicGroupOfEuropeans
rc:EthnicGroupOfCelts,rdfs:subClassOf,owl:Thing
rc:MauritanianMoor,rdfs:subClassOf,rc:EthnicGroupOfMoors
rc:MauritanianMoor,rdfs:subClassOf,owl:Thing
rc:RecordPlayer,rdfs:subClassOf,rc:AudioEquipment
rc:RecordPlayer,rdfs:subClassOf,rc:MediaPlayingDevice
rc:RecordPlayer,rdfs:subClassOf,owl:Thing
rc:Economics,rdfs:subClassOf,rc:SocialScienceType
rc:Economics,rdfs:subClassOf,owl:Thing
rc:KingWilliamIV,rdfs:subClassOf,rc:King_HeadOfState
rc:KingWilliamIV,rdfs:subClassOf,owl:Thing
rc:EthnicGroupOfBurmans,rdfs:subClassOf,rc:EthnicGroupOfAsians
rc:EthnicGroupOfBurmans,rdfs:subClassOf,owl:Thing
rc:UniformResidentialLoanApplication,rdfs:subClassOf,rc:WebPage
rc:UniformResidentialLoanApplication,rdfs:subClassOf,owl:Thing
rc:SpanningDevice_Static,rdfs:subClassOf,rc:DeviceTypeByFunction
rc:SpanningDevice_Static,rdfs:subClassOf,owl:Thing
rc:UnifiedSoilClassificationSystem,rdfs:subClassOf,rc:IndexedInformationSource
rc:UnifiedSoilClassificationSystem,rdfs:subClassOf,owl:Thing
rc:Horology,rdfs:subClassOf,rc:Time_Topic
rc:Horology,rdfs:subClassOf,owl:Thing
rc:Sidewalk,rdfs:subClassOf,rc:TransportFacility
rc:Sidewalk,rdfs:subClassOf,rc:Walkway
rc:Sidewalk,rdfs:subClassOf,owl:Thing
rc:BillClinton,rdfs:subClassOf,rc:UnitedStatesPresident
rc:BillClinton,rdfs:subClassOf,owl:Thing
rc:MineShaft,rdfs:subClassOf,rc:InertArtifact
rc:MineShaft,rdfs:subClassOf,owl:Thing
rc:ComputabilityTheory,rdfs:subClassOf,rc:MathematicalLogic
rc:ComputabilityTheory,rdfs:subClassOf,owl:Thing
rc:Backpack,rdfs:subClassOf,rc:NonPoweredDevice
rc:Backpack,rdfs:subClassOf,owl:Thing
rc:RatingSystem,rdfs:subClassOf,rc:Rating
rc:RatingSystem,rdfs:subClassOf,owl:Thing
rc:CertificationOfWorkExperience,rdfs:subClassOf,rc:Credential
rc:CertificationOfWorkExperience,rdfs:subClassOf,owl:Thing
rc:IdahoSpringsnail,rdfs:subClassOf,rc:Pyrgulopsis
rc:IdahoSpringsnail,rdfs:subClassOf,owl:Thing
rc:MilitaryCommunicationDevice,rdfs:subClassOf,rc:CommunicationDevice
rc:MilitaryCommunicationDevice,rdfs:subClassOf,owl:Thing
rc:EmergencyCall_Script,rdfs:subClassOf,rc:EmergencyCommunication
rc:EmergencyCall_Script,rdfs:subClassOf,owl:Thing
rc:AuburnHairedHuman,rdfs:subClassOf,rc:HumanHairColor
rc:AuburnHairedHuman,rdfs:subClassOf,owl:Thing
rc:Boycott_Economic,rdfs:subClassOf,rc:Politics
rc:Boycott_Economic,rdfs:subClassOf,owl:Thing
rc:EthnicGroupOfFilipinos,rdfs:subClassOf,rc:EthnicGroupOfAsians
rc:EthnicGroupOfFilipinos,rdfs:subClassOf,owl:Thing
rc:Tricycle,rdfs:subClassOf,rc:Device_UserControlled
rc:Tricycle,rdfs:subClassOf,rc:Device_UserPowered
rc:Tricycle,rdfs:subClassOf,owl:Thing
rc:RainCoat,rdfs:subClassOf,rc:Coat
rc:RainCoat,rdfs:subClassOf,owl:Thing
rc:BeetPlant,rdfs:subClassOf,rc:Amaranthaceae
rc:BeetPlant,rdfs:subClassOf,owl:Thing
rc:PunkRocker,rdfs:subClassOf,rc:YoungHuman
rc:PunkRocker,rdfs:subClassOf,owl:Thing
rc:EthnicGroupOfTheCaucasusRegion,rdfs:subClassOf,rc:EthnicGroup
rc:EthnicGroupOfTheCaucasusRegion,rdfs:subClassOf,owl:Thing
rc:FreezingFogArea,rdfs:subClassOf,rc:FoggyArea
rc:FreezingFogArea,rdfs:subClassOf,owl:Thing
rc:GamesAndPuzzlesMarketCategory,rdfs:subClassOf,rc:ProductTypeByMarketCategory
rc:GamesAndPuzzlesMarketCategory,rdfs:subClassOf,owl:Thing
rc:MachineTool,rdfs:subClassOf,rc:IndustrialDevice
rc:MachineTool,rdfs:subClassOf,rc:MechanicalDevice
rc:MachineTool,rdfs:subClassOf,rc:Tool
rc:MachineTool,rdfs:subClassOf,owl:Thing
rc:StateRoute,rdfs:subClassOf,rc:TravelRoute_Road
rc:StateRoute,rdfs:subClassOf,owl:Thing
rc:GettingWell,rdfs:subClassOf,rc:Sick
rc:GettingWell,rdfs:subClassOf,owl:Thing
rc:PowerControl,rdfs:subClassOf,rc:Power
rc:PowerControl,rdfs:subClassOf,owl:Thing
rc:MethylAlcohol,rdfs:subClassOf,rc:CombustibleFuelSubstance_Processed
rc:MethylAlcohol,rdfs:subClassOf,rc:ToxicAlcohol
rc:MethylAlcohol,rdfs:subClassOf,owl:Thing
rc:Szukely,rdfs:subClassOf,rc:EthnicGroupOfMagyars
rc:Szukely,rdfs:subClassOf,owl:Thing
rc:Umbrella,rdfs:subClassOf,rc:ClothingAccessory
rc:Umbrella,rdfs:subClassOf,rc:MechanicalDevice
rc:Umbrella,rdfs:subClassOf,rc:PersonalDevice
rc:Umbrella,rdfs:subClassOf,owl:Thing
rc:HardDiskDrive,rdfs:subClassOf,rc:MediaStorageDevice
rc:HardDiskDrive,rdfs:subClassOf,owl:Thing
rc:BirthCertificate,rdfs:subClassOf,rc:BusinessUsePaper
rc:BirthCertificate,rdfs:subClassOf,rc:Form_StandardizedIBO
rc:BirthCertificate,rdfs:subClassOf,owl:Thing
rc:PlasticGroceryBag,rdfs:subClassOf,rc:DisposableProduct
rc:PlasticGroceryBag,rdfs:subClassOf,owl:Thing
rc:GenghisKhan,rdfs:subClassOf,rc:WorldLeader
rc:GenghisKhan,rdfs:subClassOf,owl:Thing
rc:IndividualistFeminism,rdfs:subClassOf,rc:Individuality
rc:IndividualistFeminism,rdfs:subClassOf,owl:Thing
rc:Hassium,rdfs:subClassOf,rc:TransuraniumElement
rc:Hassium,rdfs:subClassOf,owl:Thing
rc:TVShowHost,rdfs:subClassOf,rc:Entertainer
rc:TVShowHost,rdfs:subClassOf,owl:Thing
rc:StationTerminalOrStop,rdfs:subClassOf,rc:MassTransitSystem
rc:StationTerminalOrStop,rdfs:subClassOf,owl:Thing
rc:ContactLensCareProduct,rdfs:subClassOf,rc:LiquidTangibleArtifact
rc:ContactLensCareProduct,rdfs:subClassOf,owl:Thing
rc:PublicWaterSystem,rdfs:subClassOf,rc:MechanicalDevice
rc:PublicWaterSystem,rdfs:subClassOf,owl:Thing
rc:KingHaraldV,rdfs:subClassOf,rc:King_HeadOfState
rc:KingHaraldV,rdfs:subClassOf,owl:Thing
rc:Deconstructivism,rdfs:subClassOf,rc:PostmodernArchitecturalStyle
rc:Deconstructivism,rdfs:subClassOf,owl:Thing
rc:EthnicGroupOfSlovenes,rdfs:subClassOf,rc:EthnicGroupOfSlavs
rc:EthnicGroupOfSlovenes,rdfs:subClassOf,owl:Thing
rc:Clamp,rdfs:subClassOf,rc:HolderGripper
rc:Clamp,rdfs:subClassOf,owl:Thing
rc:Ream,rdfs:subClassOf,rc:ScalarQuantity
rc:Ream,rdfs:subClassOf,owl:Thing
rc:EthnicGroupOfTigrinya,rdfs:subClassOf,rc:EthnicGroupOfAfricans
rc:EthnicGroupOfTigrinya,rdfs:subClassOf,owl:Thing
rc:EthnicGroupOfMixedRace,rdfs:subClassOf,rc:EthnicGroup
rc:EthnicGroupOfMixedRace,rdfs:subClassOf,owl:Thing
rc:ToolsGeneralMachineryProduct,rdfs:subClassOf,rc:DurableGood
rc:ToolsGeneralMachineryProduct,rdfs:subClassOf,owl:Thing
rc:Thesaurus,rdfs:subClassOf,rc:ReferenceWork_Written
rc:Thesaurus,rdfs:subClassOf,owl:Thing
rc:StochasticProcess,rdfs:subClassOf,rc:Statistics
rc:StochasticProcess,rdfs:subClassOf,owl:Thing
rc:WaterContent,rdfs:subClassOf,rc:TangiblePhysicalQuantity
rc:WaterContent,rdfs:subClassOf,owl:Thing
rc:ArchitecturalConservation,rdfs:subClassOf,rc:Conservation
rc:ArchitecturalConservation,rdfs:subClassOf,owl:Thing
rc:ElectricPowerTransmissionSystem,rdfs:subClassOf,rc:ElectricalGrid
rc:ElectricPowerTransmissionSystem,rdfs:subClassOf,owl:Thing
rc:EthnicGroupOfMbaka,rdfs:subClassOf,rc:EthnicGroupOfAfricans
rc:EthnicGroupOfMbaka,rdfs:subClassOf,owl:Thing
rc:InternationalRelationsEducation,rdfs:subClassOf,rc:InternationalRelations
rc:InternationalRelationsEducation,rdfs:subClassOf,owl:Thing
rc:CesiumHydroxide,rdfs:subClassOf,rc:InorganicSalt
rc:CesiumHydroxide,rdfs:subClassOf,owl:Thing
rc:TechnologyStrategy,rdfs:subClassOf,rc:Technology
rc:TechnologyStrategy,rdfs:subClassOf,owl:Thing
rc:AgriculturalSprayingDevice,rdfs:subClassOf,rc:SprayingDevice
rc:AgriculturalSprayingDevice,rdfs:subClassOf,owl:Thing
rc:Yokai,rdfs:subClassOf,rc:Paranormal
rc:Yokai,rdfs:subClassOf,owl:Thing
rc:Cumans,rdfs:subClassOf,rc:EthnicGroupOfTurks
rc:Cumans,rdfs:subClassOf,owl:Thing
rc:Swastika,rdfs:subClassOf,rc:GeopoliticalSymbol
rc:Swastika,rdfs:subClassOf,owl:Thing
rc:YoungsModulus,rdfs:subClassOf,rc:CoefficientOfElasticity
rc:YoungsModulus,rdfs:subClassOf,owl:Thing
rc:WelshPeople,rdfs:subClassOf,rc:EthnicGroupOfEuropeans
rc:WelshPeople,rdfs:subClassOf,owl:Thing
rc:BattlefieldPark,rdfs:subClassOf,rc:HistoricalSite
rc:BattlefieldPark,rdfs:subClassOf,owl:Thing
rc:Desmidiales,rdfs:subClassOf,rc:Charophytopsida
rc:Desmidiales,rdfs:subClassOf,owl:Thing
rc:PropositionalCWText,rdfs:subClassOf,rc:CWInfoStructure
rc:PropositionalCWText,rdfs:subClassOf,owl:Thing
rc:Werewolf,rdfs:subClassOf,rc:MythologicalMonster
rc:Werewolf,rdfs:subClassOf,owl:Thing
rc:LearningMethod,rdfs:subClassOf,rc:Learning
rc:LearningMethod,rdfs:subClassOf,owl:Thing
rc:BibleInPopularCulture,rdfs:subClassOf,rc:Bible
rc:BibleInPopularCulture,rdfs:subClassOf,owl:Thing
rc:Raw,rdfs:subClassOf,rc:EvaluativeQuantity
rc:Raw,rdfs:subClassOf,owl:Thing
rc:Ayahuasca,rdfs:subClassOf,rc:ArtificialDrink
rc:Ayahuasca,rdfs:subClassOf,owl:Thing
rc:SententialConstituent,rdfs:subClassOf,rc:AbstractInformationStructure
rc:SententialConstituent,rdfs:subClassOf,owl:Thing
rc:ConstructionEquipment,rdfs:subClassOf,rc:FacilitiesEquipment
rc:ConstructionEquipment,rdfs:subClassOf,owl:Thing
rc:PropaneTorch,rdfs:subClassOf,rc:CombustionDevice
rc:PropaneTorch,rdfs:subClassOf,rc:FuelPoweredDevice
rc:PropaneTorch,rdfs:subClassOf,owl:Thing
rc:OpticalFilter,rdfs:subClassOf,rc:PhysicalFilter
rc:OpticalFilter,rdfs:subClassOf,owl:Thing
rc:FactorRelatedToIntelligence,rdfs:subClassOf,rc:IntelligenceLevel
rc:FactorRelatedToIntelligence,rdfs:subClassOf,owl:Thing
rc:HumanWithShavedHeadHairstyle,rdfs:subClassOf,rc:HumanTypeByHairstyle
rc:HumanWithShavedHeadHairstyle,rdfs:subClassOf,owl:Thing
rc:Celebrity_Political,rdfs:subClassOf,rc:Celebrity
rc:Celebrity_Political,rdfs:subClassOf,owl:Thing
rc:JuvenileAnimal,rdfs:subClassOf,rc:AnimalTypeByMaturity
rc:JuvenileAnimal,rdfs:subClassOf,owl:Thing
rc:Snowmobile,rdfs:subClassOf,rc:InternalCombustionPoweredDevice
rc:Snowmobile,rdfs:subClassOf,owl:Thing
rc:Object,rdfs:subClassOf,rc:FunctionalSystem
rc:Object,rdfs:subClassOf,owl:Thing
rc:MedicalRobot,rdfs:subClassOf,rc:MedicalDevice
rc:MedicalRobot,rdfs:subClassOf,owl:Thing
rc:BoyScout,rdfs:subClassOf,rc:Scout_MemberOfScoutingOrganization
rc:BoyScout,rdfs:subClassOf,owl:Thing
rc:CommercialFarmFacility,rdfs:subClassOf,rc:CommercialFacility
rc:CommercialFarmFacility,rdfs:subClassOf,owl:Thing
rc:Fantasy,rdfs:subClassOf,rc:GenreTypes
rc:Fantasy,rdfs:subClassOf,rc:NonAspectualQuantity
rc:Fantasy,rdfs:subClassOf,owl:Thing
rc:ExothermicReaction,rdfs:subClassOf,rc:ExergonicReaction
rc:ExothermicReaction,rdfs:subClassOf,owl:Thing
rc:DutchJew,rdfs:subClassOf,rc:AshkenaziJews
rc:DutchJew,rdfs:subClassOf,owl:Thing
rc:Florideophyceae,rdfs:subClassOf,rc:RedAlgae
rc:Florideophyceae,rdfs:subClassOf,owl:Thing
rc:Muhammad_Person,rdfs:subClassOf,rc:IndividualPeople
rc:Muhammad_Person,rdfs:subClassOf,owl:Thing
rc:X_LinkedMentalRetardation,rdfs:subClassOf,rc:IntellectualDisability
rc:X_LinkedMentalRetardation,rdfs:subClassOf,owl:Thing
rc:MythologicalKingdomsEmpiresAndCountries,rdfs:subClassOf,rc:MythologicalPlace
rc:MythologicalKingdomsEmpiresAndCountries,rdfs:subClassOf,owl:Thing
rc:ScientificPresentation,rdfs:subClassOf,rc:Informing
rc:ScientificPresentation,rdfs:subClassOf,owl:Thing
rc:Potential,rdfs:subClassOf,rc:NonNumericScalarQuantity
rc:Potential,rdfs:subClassOf,owl:Thing
rc:FoodStorageContainer,rdfs:subClassOf,rc:StorageConstruct
rc:FoodStorageContainer,rdfs:subClassOf,owl:Thing
rc:Gravimetry,rdfs:subClassOf,rc:Geodesy
rc:Gravimetry,rdfs:subClassOf,owl:Thing
rc:BerberEgyptian,rdfs:subClassOf,rc:EthnicGroupOfBerbers
rc:BerberEgyptian,rdfs:subClassOf,owl:Thing
rc:WilburWright,rdfs:subClassOf,rc:Deceased
rc:WilburWright,rdfs:subClassOf,owl:Thing
rc:DoorKnob,rdfs:subClassOf,rc:Knob
rc:DoorKnob,rdfs:subClassOf,rc:MechanicalDevice
rc:DoorKnob,rdfs:subClassOf,owl:Thing
rc:PackageBomb,rdfs:subClassOf,rc:MailableObject
rc:PackageBomb,rdfs:subClassOf,owl:Thing
rc:SilverwarePiece,rdfs:subClassOf,rc:FlatwareSet
rc:SilverwarePiece,rdfs:subClassOf,owl:Thing
rc:Symmetry,rdfs:subClassOf,rc:Proportion
rc:Symmetry,rdfs:subClassOf,rc:SenseOfBalance
rc:Symmetry,rdfs:subClassOf,owl:Thing
rc:EthnicGroupOfMestizos,rdfs:subClassOf,rc:EthnicGroupOfMixedRace
rc:EthnicGroupOfMestizos,rdfs:subClassOf,rc:EthnicGroupOfNewWorldNatives
rc:EthnicGroupOfMestizos,rdfs:subClassOf,owl:Thing
rc:FractalRepresentation,rdfs:subClassOf,rc:Algorithm
rc:FractalRepresentation,rdfs:subClassOf,owl:Thing
rc:FunctionalDataStructure,rdfs:subClassOf,rc:FunctionalObject
rc:FunctionalDataStructure,rdfs:subClassOf,owl:Thing
rc:PrescriptionDrugSample,rdfs:subClassOf,rc:PromotionalProduct
rc:PrescriptionDrugSample,rdfs:subClassOf,owl:Thing
rc:SmallApplianceMarketCategory,rdfs:subClassOf,rc:ProductTypeByMarketCategory
rc:SmallApplianceMarketCategory,rdfs:subClassOf,owl:Thing
rc:BoricAcid,rdfs:subClassOf,rc:InorganicAcid
rc:BoricAcid,rdfs:subClassOf,owl:Thing
rc:CriminalRecord,rdfs:subClassOf,rc:Record
rc:CriminalRecord,rdfs:subClassOf,owl:Thing
rc:ChaiseLounge,rdfs:subClassOf,rc:SeatingDevice
rc:ChaiseLounge,rdfs:subClassOf,owl:Thing
rc:Placebo,rdfs:subClassOf,rc:ConsumableProduct
rc:Placebo,rdfs:subClassOf,rc:Dosage
rc:Placebo,rdfs:subClassOf,owl:Thing
rc:KnowledgeRepresentationLanguage,rdfs:subClassOf,rc:ComputerLanguage
rc:KnowledgeRepresentationLanguage,rdfs:subClassOf,owl:Thing
rc:EthnicGroupOfApaches,rdfs:subClassOf,rc:EthnicGroupOfNorthAmericanNatives
rc:EthnicGroupOfApaches,rdfs:subClassOf,owl:Thing
rc:WoodStain,rdfs:subClassOf,rc:LiquidTangibleArtifact
rc:WoodStain,rdfs:subClassOf,owl:Thing
rc:SurveyMethodology,rdfs:subClassOf,rc:Psychometrics
rc:SurveyMethodology,rdfs:subClassOf,rc:Statistics
rc:SurveyMethodology,rdfs:subClassOf,owl:Thing
rc:Pickle,rdfs:subClassOf,rc:SaltyTaste
rc:Pickle,rdfs:subClassOf,owl:Thing
rc:ReactionMechanism,rdfs:subClassOf,rc:ChemicalReaction
rc:ReactionMechanism,rdfs:subClassOf,owl:Thing
rc:EthnicGroupOfSoussous,rdfs:subClassOf,rc:EthnicGroupOfAfricans
rc:EthnicGroupOfSoussous,rdfs:subClassOf,owl:Thing
rc:TypeOfGeisha,rdfs:subClassOf,rc:Geisha
rc:TypeOfGeisha,rdfs:subClassOf,owl:Thing
rc:Superstring,rdfs:subClassOf,rc:Quantum
rc:Superstring,rdfs:subClassOf,owl:Thing
rc:PropagandaActivity,rdfs:subClassOf,rc:CulturalActivity
rc:PropagandaActivity,rdfs:subClassOf,owl:Thing
rc:EthnicGroupOfNgoni,rdfs:subClassOf,rc:EthnicGroupOfAfricans
rc:EthnicGroupOfNgoni,rdfs:subClassOf,owl:Thing
rc:SouthOssetianPeople,rdfs:subClassOf,rc:EthnicGroupOfAsians
rc:SouthOssetianPeople,rdfs:subClassOf,rc:EthnicGroupOfEuropeans
rc:SouthOssetianPeople,rdfs:subClassOf,owl:Thing
rc:SpanishChildren,rdfs:subClassOf,rc:EthnicGroupOfSpain
rc:SpanishChildren,rdfs:subClassOf,owl:Thing
rc:Template_programming,rdfs:subClassOf,rc:ProgrammingLanguageTopic
rc:Template_programming,rdfs:subClassOf,owl:Thing
rc:Curb,rdfs:subClassOf,rc:RoadRailroadConstructionMaterial
rc:Curb,rdfs:subClassOf,owl:Thing
rc:TwoDimensionalQuantity,rdfs:subClassOf,rc:MultiDimensionalQuantity
rc:TwoDimensionalQuantity,rdfs:subClassOf,owl:Thing
rc:NegativeInteger,rdfs:subClassOf,rc:NegativeNumber
rc:NegativeInteger,rdfs:subClassOf,owl:Thing
rc:ElectricMixerBeater,rdfs:subClassOf,rc:DomesticKitchenAppliance
rc:ElectricMixerBeater,rdfs:subClassOf,owl:Thing
rc:MythologicalMonster,rdfs:subClassOf,rc:Monster
rc:MythologicalMonster,rdfs:subClassOf,rc:MythologicalCreature
rc:MythologicalMonster,rdfs:subClassOf,owl:Thing
rc:PostStuckInGround,rdfs:subClassOf,rc:Shaft
rc:PostStuckInGround,rdfs:subClassOf,owl:Thing
rc:NitricAcid,rdfs:subClassOf,rc:InorganicAcid
rc:NitricAcid,rdfs:subClassOf,rc:ToxicAcid
rc:NitricAcid,rdfs:subClassOf,owl:Thing
rc:EarthStone,rdfs:subClassOf,rc:EarthenSubstance
rc:EarthStone,rdfs:subClassOf,owl:Thing
rc:RandomNumberGeneration,rdfs:subClassOf,rc:RandomFrequency
rc:RandomNumberGeneration,rdfs:subClassOf,owl:Thing
rc:Function_Denotational,rdfs:subClassOf,rc:Relation
rc:Function_Denotational,rdfs:subClassOf,owl:Thing
rc:FootballPants,rdfs:subClassOf,rc:Pants
rc:FootballPants,rdfs:subClassOf,owl:Thing
rc:AnimalSuppliesMarketCategory,rdfs:subClassOf,rc:ProductTypeByMarketCategory
rc:AnimalSuppliesMarketCategory,rdfs:subClassOf,owl:Thing
rc:ProjectileShellAssembly,rdfs:subClassOf,rc:SelfPoweredProjectile
rc:ProjectileShellAssembly,rdfs:subClassOf,owl:Thing
rc:MonumentalCross,rdfs:subClassOf,rc:Cross_FixedStructure
rc:MonumentalCross,rdfs:subClassOf,owl:Thing
rc:ScottishChildren,rdfs:subClassOf,rc:EthnicGroupOfScots
rc:ScottishChildren,rdfs:subClassOf,owl:Thing
rc:PhilosophyBeliefs,rdfs:subClassOf,rc:Philosophy
rc:PhilosophyBeliefs,rdfs:subClassOf,owl:Thing
rc:BusinessAdministration,rdfs:subClassOf,rc:EconomicsFieldOfStudy
rc:BusinessAdministration,rdfs:subClassOf,owl:Thing
rc:Fairy,rdfs:subClassOf,rc:MythologicalCreature
rc:Fairy,rdfs:subClassOf,rc:SupernaturalBeing
rc:Fairy,rdfs:subClassOf,owl:Thing
rc:FirstLady,rdfs:subClassOf,rc:Celebrity_Political
rc:FirstLady,rdfs:subClassOf,owl:Thing
rc:ElectricalButton,rdfs:subClassOf,rc:Button_ControlDevice
rc:ElectricalButton,rdfs:subClassOf,owl:Thing
rc:NavigationDevice,rdfs:subClassOf,rc:PhysicalDevice
rc:NavigationDevice,rdfs:subClassOf,owl:Thing
rc:Hollow,rdfs:subClassOf,rc:NonAspectualQuantity
rc:Hollow,rdfs:subClassOf,owl:Thing
rc:Pace_Speed,rdfs:subClassOf,rc:Speed
rc:Pace_Speed,rdfs:subClassOf,owl:Thing
rc:VerticalDirection,rdfs:subClassOf,rc:TerrestrialDirection
rc:VerticalDirection,rdfs:subClassOf,owl:Thing
rc:AmateurRadioEquipment,rdfs:subClassOf,rc:RecreationEquipment
rc:AmateurRadioEquipment,rdfs:subClassOf,owl:Thing
rc:DataFeed_System,rdfs:subClassOf,rc:FunctionalSystem
rc:DataFeed_System,rdfs:subClassOf,owl:Thing
rc:AlarmSignal,rdfs:subClassOf,rc:Signal
rc:AlarmSignal,rdfs:subClassOf,owl:Thing
rc:LuxembourgishPeople,rdfs:subClassOf,rc:EthnicGroupOfEuropeans
rc:LuxembourgishPeople,rdfs:subClassOf,owl:Thing
rc:ShoeRack,rdfs:subClassOf,rc:Rack_Holder
rc:ShoeRack,rdfs:subClassOf,owl:Thing
rc:CatalanDiaspora,rdfs:subClassOf,rc:Diaspora
rc:CatalanDiaspora,rdfs:subClassOf,rc:EthnicGroupOfCatalans
rc:CatalanDiaspora,rdfs:subClassOf,owl:Thing
rc:Warhead,rdfs:subClassOf,rc:MechanicalDevice
rc:Warhead,rdfs:subClassOf,owl:Thing
rc:EthnicGroupOfGeorgiansOfEurasia,rdfs:subClassOf,rc:EthnicGroupOfEuropeans
rc:EthnicGroupOfGeorgiansOfEurasia,rdfs:subClassOf,owl:Thing
rc:VideoTapeDeckMechanism,rdfs:subClassOf,rc:MediaPlayingDevice
rc:VideoTapeDeckMechanism,rdfs:subClassOf,owl:Thing
rc:ConstructionArtifact,rdfs:subClassOf,rc:ManMadeThing
rc:ConstructionArtifact,rdfs:subClassOf,owl:Thing
rc:Trestle,rdfs:subClassOf,rc:HoldingPositioningDevice
rc:Trestle,rdfs:subClassOf,owl:Thing
rc:RampArtifact,rdfs:subClassOf,rc:Ramp
rc:RampArtifact,rdfs:subClassOf,owl:Thing
rc:PowerCordExtension,rdfs:subClassOf,rc:ExternallyPoweredDevice
rc:PowerCordExtension,rdfs:subClassOf,owl:Thing
rc:GrowthChart,rdfs:subClassOf,rc:DistanceMeasuringDevice
rc:GrowthChart,rdfs:subClassOf,rc:InformationBearingObject
rc:GrowthChart,rdfs:subClassOf,owl:Thing
rc:AmanitaRegalis,rdfs:subClassOf,rc:Amanita
rc:AmanitaRegalis,rdfs:subClassOf,owl:Thing
rc:DishDryingRack,rdfs:subClassOf,rc:NonPoweredDevice
rc:DishDryingRack,rdfs:subClassOf,owl:Thing
rc:NasalSpray,rdfs:subClassOf,rc:SpraySubstance
rc:NasalSpray,rdfs:subClassOf,owl:Thing
rc:Hades_TheGod,rdfs:subClassOf,rc:MythologicalGod
rc:Hades_TheGod,rdfs:subClassOf,owl:Thing
rc:WrittenMediaSeriesProduct,rdfs:subClassOf,rc:MediaSeriesProduct
rc:WrittenMediaSeriesProduct,rdfs:subClassOf,owl:Thing
rc:PortableAudioEquipment,rdfs:subClassOf,rc:BatteryPoweredDevice
rc:PortableAudioEquipment,rdfs:subClassOf,owl:Thing
rc:LevelOfDifficulty,rdfs:subClassOf,rc:EvaluativeQuantity
rc:LevelOfDifficulty,rdfs:subClassOf,rc:TotallyOrderedQuantityType
rc:LevelOfDifficulty,rdfs:subClassOf,owl:Thing
rc:Hammock,rdfs:subClassOf,rc:OutdoorFurnitureMarketCategory
rc:Hammock,rdfs:subClassOf,owl:Thing
rc:Radome,rdfs:subClassOf,rc:ContainerArtifact
rc:Radome,rdfs:subClassOf,owl:Thing
rc:AutoLuggageRack,rdfs:subClassOf,rc:Rack_Holder
rc:AutoLuggageRack,rdfs:subClassOf,owl:Thing
rc:Merit,rdfs:subClassOf,rc:Goodness_Generic
rc:Merit,rdfs:subClassOf,owl:Thing
rc:Simulation_Activity,rdfs:subClassOf,rc:DevisedStructuredActivity
rc:Simulation_Activity,rdfs:subClassOf,owl:Thing
rc:LetterOpener,rdfs:subClassOf,rc:CuttingDevice
rc:LetterOpener,rdfs:subClassOf,rc:Device_UserPowered
rc:LetterOpener,rdfs:subClassOf,rc:Opener_Device
rc:LetterOpener,rdfs:subClassOf,owl:Thing
rc:Amenity,rdfs:subClassOf,rc:EvaluativeQuantity
rc:Amenity,rdfs:subClassOf,rc:MeasureOfUtility
rc:Amenity,rdfs:subClassOf,owl:Thing
rc:PunjabiRajput,rdfs:subClassOf,rc:EthnicGroupOfPunjabis
rc:PunjabiRajput,rdfs:subClassOf,owl:Thing
rc:Muffler_VehiclePart,rdfs:subClassOf,rc:KineticEnergyPoweredDevice
rc:Muffler_VehiclePart,rdfs:subClassOf,owl:Thing
rc:CustomarySystemOfLinks_Comm,rdfs:subClassOf,rc:Artifact_Communication
rc:CustomarySystemOfLinks_Comm,rdfs:subClassOf,rc:ITBroadcastingProduct
rc:CustomarySystemOfLinks_Comm,rdfs:subClassOf,owl:Thing
rc:GrassTrimmer,rdfs:subClassOf,rc:CuttingDevice
rc:GrassTrimmer,rdfs:subClassOf,owl:Thing
rc:Software,rdfs:subClassOf,rc:ComputerAsSystem
rc:Software,rdfs:subClassOf,rc:ComputerSoftwareMarketCategory
rc:Software,rdfs:subClassOf,rc:ITBroadcastingProduct
rc:Software,rdfs:subClassOf,owl:Thing
rc:OrangeTree,rdfs:subClassOf,rc:Rutaceae
rc:OrangeTree,rdfs:subClassOf,rc:TreeShrub
rc:OrangeTree,rdfs:subClassOf,owl:Thing
rc:SexualOrientation,rdfs:subClassOf,rc:PhysicalAttractiveness
rc:SexualOrientation,rdfs:subClassOf,owl:Thing
rc:EthnicGroupOfAngolares,rdfs:subClassOf,rc:EthnicGroupOfAfricans
rc:EthnicGroupOfAngolares,rdfs:subClassOf,owl:Thing
rc:EuropeanDiaspora,rdfs:subClassOf,rc:Diaspora
rc:EuropeanDiaspora,rdfs:subClassOf,rc:EthnicGroupOfEuropeans
rc:EuropeanDiaspora,rdfs:subClassOf,owl:Thing
rc:AdventureMovie,rdfs:subClassOf,rc:PropositionalConceptualWork_AdventureGenre
rc:AdventureMovie,rdfs:subClassOf,owl:Thing
rc:PhysicsProblem,rdfs:subClassOf,rc:Question_PCW
rc:PhysicsProblem,rdfs:subClassOf,owl:Thing
rc:JumperCables,rdfs:subClassOf,rc:GeneralAutoMarketCategory
rc:JumperCables,rdfs:subClassOf,owl:Thing
rc:NitrousOxide,rdfs:subClassOf,rc:Oxide
rc:NitrousOxide,rdfs:subClassOf,owl:Thing
rc:BankDebitCard,rdfs:subClassOf,rc:TenderObject
rc:BankDebitCard,rdfs:subClassOf,owl:Thing
rc:FinancialDocument,rdfs:subClassOf,rc:InformationBearingObject
rc:FinancialDocument,rdfs:subClassOf,owl:Thing
rc:OahuTreeSnail,rdfs:subClassOf,rc:Achatinella
rc:OahuTreeSnail,rdfs:subClassOf,owl:Thing
rc:MillardFillmore,rdfs:subClassOf,rc:Deceased
rc:MillardFillmore,rdfs:subClassOf,rc:UnitedStatesPresident
rc:MillardFillmore,rdfs:subClassOf,owl:Thing
rc:Glamour,rdfs:subClassOf,rc:NonAspectualQuantity
rc:Glamour,rdfs:subClassOf,rc:PersonalQuantity
rc:Glamour,rdfs:subClassOf,rc:Rating
rc:Glamour,rdfs:subClassOf,owl:Thing
rc:Multigraph,rdfs:subClassOf,rc:RelationalStructure
rc:Multigraph,rdfs:subClassOf,owl:Thing
rc:SzeYup,rdfs:subClassOf,rc:Actor
rc:SzeYup,rdfs:subClassOf,owl:Thing
rc:KingOlavV,rdfs:subClassOf,rc:King_HeadOfState
rc:KingOlavV,rdfs:subClassOf,owl:Thing
rc:Gun,rdfs:subClassOf,rc:MechanicalDevice
rc:Gun,rdfs:subClassOf,rc:ProjectileLauncher
rc:Gun,rdfs:subClassOf,owl:Thing
rc:CzechoslovakJew,rdfs:subClassOf,rc:AshkenaziJews
rc:CzechoslovakJew,rdfs:subClassOf,owl:Thing
rc:MusicNotationFileFormat,rdfs:subClassOf,rc:MusicalNotation_General
rc:MusicNotationFileFormat,rdfs:subClassOf,owl:Thing
rc:LawnMower,rdfs:subClassOf,rc:CuttingDevice
rc:LawnMower,rdfs:subClassOf,rc:Device_SingleUser
rc:LawnMower,rdfs:subClassOf,owl:Thing
rc:IntelligenceAnalysisProcess,rdfs:subClassOf,rc:InformationProcess
rc:IntelligenceAnalysisProcess,rdfs:subClassOf,owl:Thing
rc:StreetPerformer,rdfs:subClassOf,rc:Artist_Performer
rc:StreetPerformer,rdfs:subClassOf,owl:Thing
rc:SpacedRepetitionSoftware,rdfs:subClassOf,rc:Memory
rc:SpacedRepetitionSoftware,rdfs:subClassOf,owl:Thing
rc:NewbornBaby,rdfs:subClassOf,rc:Juvenile
rc:NewbornBaby,rdfs:subClassOf,owl:Thing
rc:Keyboardist,rdfs:subClassOf,rc:MusicalInstrumentPlayer
rc:Keyboardist,rdfs:subClassOf,owl:Thing
rc:MUDGame,rdfs:subClassOf,rc:MUDRealm
rc:MUDGame,rdfs:subClassOf,owl:Thing
rc:SammarinesePeople,rdfs:subClassOf,rc:EthnicGroupOfEuropeans
rc:SammarinesePeople,rdfs:subClassOf,owl:Thing
rc:SpaceShuttle,rdfs:subClassOf,rc:FuelPoweredDevice
rc:SpaceShuttle,rdfs:subClassOf,rc:GroundToOrbitVehicle
rc:SpaceShuttle,rdfs:subClassOf,rc:RocketPlane
rc:SpaceShuttle,rdfs:subClassOf,rc:TransportationContainerProduct
rc:SpaceShuttle,rdfs:subClassOf,owl:Thing
rc:PhysicalIntimacy,rdfs:subClassOf,rc:Intimacy
rc:PhysicalIntimacy,rdfs:subClassOf,owl:Thing
rc:GraduatedCylinder,rdfs:subClassOf,rc:FluidReservoir
rc:GraduatedCylinder,rdfs:subClassOf,owl:Thing
rc:IrishPeople,rdfs:subClassOf,rc:EthnicGroupOfEuropeans
rc:IrishPeople,rdfs:subClassOf,owl:Thing
rc:Caulk,rdfs:subClassOf,rc:ArtificialMaterial
rc:Caulk,rdfs:subClassOf,owl:Thing
rc:OrdersOfMagnitudeLength,rdfs:subClassOf,rc:Length
rc:OrdersOfMagnitudeLength,rdfs:subClassOf,owl:Thing
rc:PottersWheel,rdfs:subClassOf,rc:Device_SingleUser
rc:PottersWheel,rdfs:subClassOf,owl:Thing
rc:Wheelbarrow,rdfs:subClassOf,rc:Device_UserPowered
rc:Wheelbarrow,rdfs:subClassOf,owl:Thing
rc:FrameForPictureOrMirror,rdfs:subClassOf,rc:Frame
rc:FrameForPictureOrMirror,rdfs:subClassOf,owl:Thing
rc:LyndonJohnson,rdfs:subClassOf,rc:UnitedStatesPresident
rc:LyndonJohnson,rdfs:subClassOf,owl:Thing
rc:ArmenianChildren,rdfs:subClassOf,rc:EthnicGroupOfArmenians
rc:ArmenianChildren,rdfs:subClassOf,owl:Thing
rc:SecretInformation,rdfs:subClassOf,rc:LimitedAccess
rc:SecretInformation,rdfs:subClassOf,owl:Thing
rc:CephalicDirection,rdfs:subClassOf,rc:AnatomicalDirection
rc:CephalicDirection,rdfs:subClassOf,owl:Thing
rc:ComplexQuantityPredicate,rdfs:subClassOf,rc:Predicate
rc:ComplexQuantityPredicate,rdfs:subClassOf,owl:Thing
rc:HumanitarianAid,rdfs:subClassOf,rc:HumanitarianAssistance
rc:HumanitarianAid,rdfs:subClassOf,owl:Thing
rc:Carboxy_LyaseCatalysis,rdfs:subClassOf,rc:CatalyticActivity
rc:Carboxy_LyaseCatalysis,rdfs:subClassOf,owl:Thing
rc:AbstractVisualStructure,rdfs:subClassOf,rc:AbstractStructure
rc:AbstractVisualStructure,rdfs:subClassOf,owl:Thing
rc:OliveTree,rdfs:subClassOf,rc:Oleaceae
rc:OliveTree,rdfs:subClassOf,owl:Thing
rc:Engraving,rdfs:subClassOf,rc:ReproductionService
rc:Engraving,rdfs:subClassOf,owl:Thing
rc:Instructions,rdfs:subClassOf,rc:NormativeSpecification
rc:Instructions,rdfs:subClassOf,owl:Thing
rc:UrgeToScratch,rdfs:subClassOf,rc:InternalSensoryQuantity
rc:UrgeToScratch,rdfs:subClassOf,owl:Thing
rc:AutomaticNumberPlateRecognition,rdfs:subClassOf,rc:Surveillance
rc:AutomaticNumberPlateRecognition,rdfs:subClassOf,owl:Thing
rc:JavaneseDiaspora,rdfs:subClassOf,rc:Diaspora
rc:JavaneseDiaspora,rdfs:subClassOf,rc:EthnicGroupOfJavanese
rc:JavaneseDiaspora,rdfs:subClassOf,owl:Thing
rc:Future,rdfs:subClassOf,rc:Time_Quantity
rc:Future,rdfs:subClassOf,owl:Thing
rc:EnergyQuantity,rdfs:subClassOf,rc:MultiDimensionalQuantity
rc:EnergyQuantity,rdfs:subClassOf,rc:PhysicalQuantity
rc:EnergyQuantity,rdfs:subClassOf,owl:Thing
rc:HeatingVentilatingAndAirConditioning,rdfs:subClassOf,rc:DurableGood
rc:HeatingVentilatingAndAirConditioning,rdfs:subClassOf,owl:Thing
rc:MalagasyDiaspora,rdfs:subClassOf,rc:Diaspora
rc:MalagasyDiaspora,rdfs:subClassOf,owl:Thing
rc:BariumCarbonate,rdfs:subClassOf,rc:InorganicSalt
rc:BariumCarbonate,rdfs:subClassOf,owl:Thing
rc:Kindness,rdfs:subClassOf,rc:Virtue
rc:Kindness,rdfs:subClassOf,owl:Thing
rc:ChitaRivera,rdfs:subClassOf,rc:Dancer_Performer
rc:ChitaRivera,rdfs:subClassOf,owl:Thing
rc:IslamicArchitecture,rdfs:subClassOf,rc:ArchitecturalTypeByStyle
rc:IslamicArchitecture,rdfs:subClassOf,owl:Thing
rc:NewsShowHost,rdfs:subClassOf,rc:TVShowHost
rc:NewsShowHost,rdfs:subClassOf,owl:Thing
rc:Count_Nobleman,rdfs:subClassOf,rc:MaleHuman
rc:Count_Nobleman,rdfs:subClassOf,owl:Thing
kko:Society,rdfs:subClassOf,kko:SocialSystems
kko:Society,rdfs:subClassOf,owl:Thing
rc:ShippingAndTheEnvironment,rdfs:subClassOf,rc:EnvironmentalImpact
rc:ShippingAndTheEnvironment,rdfs:subClassOf,owl:Thing
rc:AlamosaSpringsnail,rdfs:subClassOf,rc:Pyrgulopsis
rc:AlamosaSpringsnail,rdfs:subClassOf,owl:Thing
rc:JeansByBrand,rdfs:subClassOf,rc:ProductTypeByBrand
rc:JeansByBrand,rdfs:subClassOf,owl:Thing
rc:NetworkingHardware,rdfs:subClassOf,rc:ComputerHardware
rc:NetworkingHardware,rdfs:subClassOf,owl:Thing
rc:NegativeAndNonNegativeNumbers,rdfs:subClassOf,rc:RealNumber
rc:NegativeAndNonNegativeNumbers,rdfs:subClassOf,owl:Thing
rc:ApacheCulture,rdfs:subClassOf,rc:EthnicGroupOfApaches
rc:ApacheCulture,rdfs:subClassOf,owl:Thing
rc:FilipinoMen,rdfs:subClassOf,rc:EthnicGroupOfFilipinos
rc:FilipinoMen,rdfs:subClassOf,owl:Thing
rc:WaysideCross,rdfs:subClassOf,rc:ReligiousObject
rc:WaysideCross,rdfs:subClassOf,owl:Thing
rc:MediaSeriesProduct,rdfs:subClassOf,rc:ConceptualWorkSeries
rc:MediaSeriesProduct,rdfs:subClassOf,owl:Thing
rc:PocketOfGarment,rdfs:subClassOf,rc:ContainerArtifact
rc:PocketOfGarment,rdfs:subClassOf,owl:Thing
rc:LemonTree,rdfs:subClassOf,rc:Rutaceae
rc:LemonTree,rdfs:subClassOf,owl:Thing
rc:SodiumHydroxide,rdfs:subClassOf,rc:ChemicalToxin
rc:SodiumHydroxide,rdfs:subClassOf,rc:InorganicBase
rc:SodiumHydroxide,rdfs:subClassOf,owl:Thing
rc:KarateActivity,rdfs:subClassOf,rc:MartialArtsByType
rc:KarateActivity,rdfs:subClassOf,owl:Thing
rc:RolePlayingGame,rdfs:subClassOf,rc:DevisedPracticeOrWork_RolePlayingGenre
rc:RolePlayingGame,rdfs:subClassOf,owl:Thing
rc:Collapsible,rdfs:subClassOf,rc:NonAspectualQuantity
rc:Collapsible,rdfs:subClassOf,owl:Thing
rc:StorageTower,rdfs:subClassOf,rc:ConstructionContainer
rc:StorageTower,rdfs:subClassOf,rc:MaterialContainer
rc:StorageTower,rdfs:subClassOf,rc:StorageConstruct
rc:StorageTower,rdfs:subClassOf,owl:Thing
rc:EthnicGroupOfDinka,rdfs:subClassOf,rc:EthnicGroupOfAfricans
rc:EthnicGroupOfDinka,rdfs:subClassOf,owl:Thing
rc:WorldLeader,rdfs:subClassOf,rc:Celebrity_Political
rc:WorldLeader,rdfs:subClassOf,owl:Thing
rc:Note_Mortgage,rdfs:subClassOf,rc:FinancialDocument
rc:Note_Mortgage,rdfs:subClassOf,owl:Thing
rc:Monophonic,rdfs:subClassOf,rc:EnvironmentalQuantity
rc:Monophonic,rdfs:subClassOf,owl:Thing
rc:WesternTVShow,rdfs:subClassOf,rc:PropositionalConceptualWork_WesternGenre
rc:WesternTVShow,rdfs:subClassOf,owl:Thing
rc:PlayhouseClubhouse,rdfs:subClassOf,rc:SmallBuilding
rc:PlayhouseClubhouse,rdfs:subClassOf,owl:Thing
kko:AVInfo,rdfs:subClassOf,kko:Information
kko:AVInfo,rdfs:subClassOf,owl:Thing
rc:SyntheticApertureRadar,rdfs:subClassOf,rc:RadarDevice
rc:SyntheticApertureRadar,rdfs:subClassOf,owl:Thing
rc:FirstGentleman,rdfs:subClassOf,rc:Celebrity_Political
rc:FirstGentleman,rdfs:subClassOf,owl:Thing
rc:Discus,rdfs:subClassOf,rc:Device_SingleUser
rc:Discus,rdfs:subClassOf,rc:Device_UserControlled
rc:Discus,rdfs:subClassOf,rc:Device_UserPowered
rc:Discus,rdfs:subClassOf,rc:FieldSportsEvent
rc:Discus,rdfs:subClassOf,owl:Thing
rc:FictionalExtraterrestrial,rdfs:subClassOf,rc:FictionalCharacter
rc:FictionalExtraterrestrial,rdfs:subClassOf,owl:Thing
rc:Giant,rdfs:subClassOf,rc:MythologicalCreature
rc:Giant,rdfs:subClassOf,owl:Thing
rc:EthnicGroupOfMayans,rdfs:subClassOf,rc:EthnicGroupOfNorthAmericanNatives
rc:EthnicGroupOfMayans,rdfs:subClassOf,owl:Thing
rc:CandleHolder,rdfs:subClassOf,rc:NonElectricalLightingDevice
rc:CandleHolder,rdfs:subClassOf,owl:Thing
rc:Wristwatch,rdfs:subClassOf,rc:SelfPoweredDevice
rc:Wristwatch,rdfs:subClassOf,owl:Thing
rc:CDPlayer_AudioComponent,rdfs:subClassOf,rc:AudioEquipment
rc:CDPlayer_AudioComponent,rdfs:subClassOf,rc:CompactDiscPlayer
rc:CDPlayer_AudioComponent,rdfs:subClassOf,owl:Thing
rc:Diagram,rdfs:subClassOf,rc:IconicInformation
rc:Diagram,rdfs:subClassOf,owl:Thing
rc:PrizeAttribute,rdfs:subClassOf,rc:SocialQuantity
rc:PrizeAttribute,rdfs:subClassOf,owl:Thing
rc:EthnicGroupOfMoldavians,rdfs:subClassOf,rc:EthnicGroupOfSlavs
rc:EthnicGroupOfMoldavians,rdfs:subClassOf,owl:Thing
rc:Altimeter,rdfs:subClassOf,rc:LandSurveyingInstrument
rc:Altimeter,rdfs:subClassOf,owl:Thing
rc:Bunker,rdfs:subClassOf,rc:ProtectiveSystem
rc:Bunker,rdfs:subClassOf,owl:Thing
rc:TabletComputer,rdfs:subClassOf,rc:BatteryPoweredDevice
rc:TabletComputer,rdfs:subClassOf,owl:Thing
rc:TrashBag,rdfs:subClassOf,rc:ConsumableProduct
rc:TrashBag,rdfs:subClassOf,rc:DisposableProduct
rc:TrashBag,rdfs:subClassOf,rc:TrashContainer
rc:TrashBag,rdfs:subClassOf,owl:Thing
rc:LoveSong,rdfs:subClassOf,rc:SymbolicThing
rc:LoveSong,rdfs:subClassOf,owl:Thing
rc:Gunman,rdfs:subClassOf,rc:MaleHuman
rc:Gunman,rdfs:subClassOf,owl:Thing
rc:PinewoodDerbyCar,rdfs:subClassOf,rc:MechanicalDevice
rc:PinewoodDerbyCar,rdfs:subClassOf,owl:Thing
rc:MahayanaBuddhistMonk,rdfs:subClassOf,rc:BuddhistMonk
rc:MahayanaBuddhistMonk,rdfs:subClassOf,owl:Thing
rc:AlternativeEnergy,rdfs:subClassOf,rc:EnergyStuff
rc:AlternativeEnergy,rdfs:subClassOf,rc:Sustainability
rc:AlternativeEnergy,rdfs:subClassOf,owl:Thing
rc:TVTalkShowHost,rdfs:subClassOf,rc:TVShowHost
rc:TVTalkShowHost,rdfs:subClassOf,rc:TalkShowHost
rc:TVTalkShowHost,rdfs:subClassOf,owl:Thing
rc:Document,rdfs:subClassOf,rc:TextuallySpecificWork
rc:Document,rdfs:subClassOf,owl:Thing
rc:EthnicGroupOfFons,rdfs:subClassOf,rc:EthnicGroupOfAfricans
rc:EthnicGroupOfFons,rdfs:subClassOf,owl:Thing
rc:IntravenousDrug,rdfs:subClassOf,rc:LiquidTangibleArtifact
rc:IntravenousDrug,rdfs:subClassOf,owl:Thing
rc:GirlScout,rdfs:subClassOf,rc:Scout_MemberOfScoutingOrganization
rc:GirlScout,rdfs:subClassOf,owl:Thing
rc:ElectronicKeyboardPlayer,rdfs:subClassOf,rc:MusicalInstrumentPlayer
rc:ElectronicKeyboardPlayer,rdfs:subClassOf,owl:Thing
rc:BlandTaste,rdfs:subClassOf,rc:ObjectTypeByTaste
rc:BlandTaste,rdfs:subClassOf,owl:Thing
rc:Form_StandardizedIBO,rdfs:subClassOf,rc:HumanAccessibleIBO
rc:Form_StandardizedIBO,rdfs:subClassOf,rc:StructuredInformationSource
rc:Form_StandardizedIBO,rdfs:subClassOf,owl:Thing
rc:UniversalConstant,rdfs:subClassOf,rc:ScalarPointValue
rc:UniversalConstant,rdfs:subClassOf,owl:Thing
rc:PunctuationMark,rdfs:subClassOf,rc:Punctuation
rc:PunctuationMark,rdfs:subClassOf,owl:Thing
rc:TaxReturn,rdfs:subClassOf,rc:TaxationIssue
rc:TaxReturn,rdfs:subClassOf,owl:Thing
rc:HousePlant_Potted,rdfs:subClassOf,rc:HouseholdFurnishingsMC
rc:HousePlant_Potted,rdfs:subClassOf,owl:Thing
rc:Imago,rdfs:subClassOf,rc:AdultAnimal
rc:Imago,rdfs:subClassOf,owl:Thing
rc:TVAntenna,rdfs:subClassOf,rc:FixedNetworkEquipmentComponent
rc:TVAntenna,rdfs:subClassOf,owl:Thing
rc:BrandNamePharmacyProductType,rdfs:subClassOf,rc:ProductTypeByBrandVersion
rc:BrandNamePharmacyProductType,rdfs:subClassOf,owl:Thing
rc:HumancomputerInteraction,rdfs:subClassOf,rc:Design
rc:HumancomputerInteraction,rdfs:subClassOf,rc:EngineeringField
rc:HumancomputerInteraction,rdfs:subClassOf,rc:InformationScience
rc:HumancomputerInteraction,rdfs:subClassOf,owl:Thing
rc:TelephoneExchange,rdfs:subClassOf,rc:ControlDevice
rc:TelephoneExchange,rdfs:subClassOf,rc:ITBroadcastingComponent
rc:TelephoneExchange,rdfs:subClassOf,owl:Thing
rc:ClassOfComputer,rdfs:subClassOf,rc:Computer
rc:ClassOfComputer,rdfs:subClassOf,owl:Thing
rc:Saxophonist,rdfs:subClassOf,rc:MusicalInstrumentPlayer
rc:Saxophonist,rdfs:subClassOf,owl:Thing
rc:OpticalDevice,rdfs:subClassOf,rc:PhysicalDevice
rc:OpticalDevice,rdfs:subClassOf,owl:Thing
rc:CrimeMovie,rdfs:subClassOf,rc:PropositionalConceptualWork_CrimeGenre
rc:CrimeMovie,rdfs:subClassOf,owl:Thing
rc:Radiometry,rdfs:subClassOf,rc:ElectromagneticRadiation
rc:Radiometry,rdfs:subClassOf,owl:Thing
rc:MaritimeCulture,rdfs:subClassOf,rc:Subculture
rc:MaritimeCulture,rdfs:subClassOf,owl:Thing
rc:VideoRecordedObject,rdfs:subClassOf,kko:VisualInfo
rc:VideoRecordedObject,rdfs:subClassOf,rc:AVMediaProduct
rc:VideoRecordedObject,rdfs:subClassOf,rc:PublishedMaterial
rc:VideoRecordedObject,rdfs:subClassOf,rc:RecordingOfWaveIBT
rc:VideoRecordedObject,rdfs:subClassOf,owl:Thing
rc:PrepaymentOption,rdfs:subClassOf,rc:Obligation
rc:PrepaymentOption,rdfs:subClassOf,owl:Thing
rc:Analysis,rdfs:subClassOf,rc:Cognition
rc:Analysis,rdfs:subClassOf,owl:Thing
rc:PersonalWatercraft,rdfs:subClassOf,rc:InternalCombustionPoweredDevice
rc:PersonalWatercraft,rdfs:subClassOf,owl:Thing
rc:Ethene,rdfs:subClassOf,rc:GaseousFuel
rc:Ethene,rdfs:subClassOf,owl:Thing
rc:SpeechRecognition,rdfs:subClassOf,rc:Linguistics_Computational
rc:SpeechRecognition,rdfs:subClassOf,owl:Thing
rc:PotassiumHydroxide,rdfs:subClassOf,rc:ChemicalToxin
rc:PotassiumHydroxide,rdfs:subClassOf,rc:InorganicSalt
rc:PotassiumHydroxide,rdfs:subClassOf,owl:Thing
rc:Armory,rdfs:subClassOf,rc:StorageConstruct
rc:Armory,rdfs:subClassOf,owl:Thing
rc:TwoByFour,rdfs:subClassOf,rc:Beam_Construction
rc:TwoByFour,rdfs:subClassOf,owl:Thing
rc:ElectroweakTheory,rdfs:subClassOf,rc:ParticlePhysics
rc:ElectroweakTheory,rdfs:subClassOf,owl:Thing
rc:EthnicGroupOfScots,rdfs:subClassOf,rc:EthnicGroupOfEuropeans
rc:EthnicGroupOfScots,rdfs:subClassOf,owl:Thing
rc:USCProductTypeCode,rdfs:subClassOf,rc:IDString
rc:USCProductTypeCode,rdfs:subClassOf,owl:Thing
rc:CalciumOxide,rdfs:subClassOf,rc:CementLime
rc:CalciumOxide,rdfs:subClassOf,rc:Oxide
rc:CalciumOxide,rdfs:subClassOf,owl:Thing
rc:Avionics,rdfs:subClassOf,rc:ElectronicDevice
rc:Avionics,rdfs:subClassOf,rc:FlightCommunicationsRelatedSystem
rc:Avionics,rdfs:subClassOf,owl:Thing
rc:PeriodicTableInPopularCulture,rdfs:subClassOf,rc:PeriodicTable
rc:PeriodicTableInPopularCulture,rdfs:subClassOf,owl:Thing
rc:MacroeconomicPolicy,rdfs:subClassOf,rc:PublicPolicy
rc:MacroeconomicPolicy,rdfs:subClassOf,owl:Thing
rc:ExecutiveOrder,rdfs:subClassOf,rc:StatutoryInstrument
rc:ExecutiveOrder,rdfs:subClassOf,owl:Thing
rc:OlympicMedal,rdfs:subClassOf,rc:SportsAward
rc:OlympicMedal,rdfs:subClassOf,owl:Thing
rc:HotWaterHeater,rdfs:subClassOf,rc:HeatingDevice
rc:HotWaterHeater,rdfs:subClassOf,owl:Thing
rc:CommercialDocument,rdfs:subClassOf,rc:HumanAccessibleIBO
rc:CommercialDocument,rdfs:subClassOf,owl:Thing
rc:ScrapWasteMaterial,rdfs:subClassOf,rc:CommodityProduct
rc:ScrapWasteMaterial,rdfs:subClassOf,owl:Thing
rc:NuclearGuidedMissileCruiser,rdfs:subClassOf,rc:NuclearPoweredDevice
rc:NuclearGuidedMissileCruiser,rdfs:subClassOf,owl:Thing
rc:Rutherfordium,rdfs:subClassOf,rc:TransuraniumElement
rc:Rutherfordium,rdfs:subClassOf,owl:Thing
rc:EthnicGroupOfHamitics,rdfs:subClassOf,rc:EthnicGroupOfAfricans
rc:EthnicGroupOfHamitics,rdfs:subClassOf,owl:Thing
rc:RecordedSoundProduct,rdfs:subClassOf,rc:Collectible
rc:RecordedSoundProduct,rdfs:subClassOf,owl:Thing
rc:Unconscious,rdfs:subClassOf,rc:AwarenessQuantity
rc:Unconscious,rdfs:subClassOf,owl:Thing
rc:WordGame,rdfs:subClassOf,rc:Game
rc:WordGame,rdfs:subClassOf,owl:Thing
rc:InertialNavigationSystem,rdfs:subClassOf,rc:PhysicalSystem
rc:InertialNavigationSystem,rdfs:subClassOf,rc:SystemOfDevices
rc:InertialNavigationSystem,rdfs:subClassOf,owl:Thing
rc:AmericanPatriotism,rdfs:subClassOf,rc:Patriotism
rc:AmericanPatriotism,rdfs:subClassOf,owl:Thing
rc:OnlineNewsSeries,rdfs:subClassOf,rc:NonfictionalPCW
rc:OnlineNewsSeries,rdfs:subClassOf,rc:TextualPCW
rc:OnlineNewsSeries,rdfs:subClassOf,owl:Thing
rc:RelationalStructure,rdfs:subClassOf,rc:MathematicalObject
rc:RelationalStructure,rdfs:subClassOf,owl:Thing
rc:Kaiju,rdfs:subClassOf,rc:FantasyGenre
rc:Kaiju,rdfs:subClassOf,owl:Thing
rc:Fuse_ElectricalComponent,rdfs:subClassOf,rc:CircuitProtectionDevice
rc:Fuse_ElectricalComponent,rdfs:subClassOf,owl:Thing
rc:ChemicalReactionTypeByEquationFormula,rdfs:subClassOf,rc:ChemicalReaction
rc:ChemicalReactionTypeByEquationFormula,rdfs:subClassOf,owl:Thing
rc:Magician_Performer,rdfs:subClassOf,rc:Artist_Performer
rc:Magician_Performer,rdfs:subClassOf,owl:Thing
rc:SprinklerSystem,rdfs:subClassOf,rc:PhysicalSystem
rc:SprinklerSystem,rdfs:subClassOf,rc:SystemOfDevices
rc:SprinklerSystem,rdfs:subClassOf,owl:Thing
rc:GeographicCoordinateSystem,rdfs:subClassOf,rc:CoordinateSystem
rc:GeographicCoordinateSystem,rdfs:subClassOf,owl:Thing
rc:Seacoast,rdfs:subClassOf,rc:SaltyOdor
rc:Seacoast,rdfs:subClassOf,owl:Thing
rc:CombustibleFuelSubstance_Processed,rdfs:subClassOf,rc:ConsumableProduct
rc:CombustibleFuelSubstance_Processed,rdfs:subClassOf,owl:Thing
rc:HenryIOfEngland_Person,rdfs:subClassOf,rc:IndividualPeople
rc:HenryIOfEngland_Person,rdfs:subClassOf,owl:Thing
rc:Hydrazine,rdfs:subClassOf,rc:InorganicCompound
rc:Hydrazine,rdfs:subClassOf,owl:Thing
rc:RailroadSwitch,rdfs:subClassOf,rc:BuiltInDevice
rc:RailroadSwitch,rdfs:subClassOf,rc:MechanicalDevice
rc:RailroadSwitch,rdfs:subClassOf,rc:TransportationPart
rc:RailroadSwitch,rdfs:subClassOf,owl:Thing
rc:Microscope,rdfs:subClassOf,rc:Device_SingleUser
rc:Microscope,rdfs:subClassOf,owl:Thing
rc:PublishedMaterial,rdfs:subClassOf,rc:PrintingPhotographAVEquipmentProducts
rc:PublishedMaterial,rdfs:subClassOf,owl:Thing
rc:FamousIndividual,rdfs:subClassOf,rc:LevelOfRenown
rc:FamousIndividual,rdfs:subClassOf,owl:Thing
rc:Agreement,rdfs:subClassOf,rc:Policy
rc:Agreement,rdfs:subClassOf,owl:Thing
rc:Mercury,rdfs:subClassOf,rc:ChemicalToxin
rc:Mercury,rdfs:subClassOf,rc:TransitionMetal
rc:Mercury,rdfs:subClassOf,rc:UnalloyedMetal
rc:Mercury,rdfs:subClassOf,owl:Thing
rc:ProposedEnergyProject,rdfs:subClassOf,rc:Proposal
rc:ProposedEnergyProject,rdfs:subClassOf,owl:Thing
rc:ElectrochemicalEngineering,rdfs:subClassOf,rc:ElectricalEngineeringField
rc:ElectrochemicalEngineering,rdfs:subClassOf,owl:Thing
rc:NailClippers,rdfs:subClassOf,rc:CuttingDevice
rc:NailClippers,rdfs:subClassOf,rc:Device_UserPowered
rc:NailClippers,rdfs:subClassOf,owl:Thing
rc:TruthValue,rdfs:subClassOf,rc:MathematicalObject
rc:TruthValue,rdfs:subClassOf,owl:Thing
rc:CharacterToken_Inscribed,rdfs:subClassOf,rc:CharacterToken
rc:CharacterToken_Inscribed,rdfs:subClassOf,owl:Thing
rc:Firewall_Construction,rdfs:subClassOf,rc:WallFinishingMaterial
rc:Firewall_Construction,rdfs:subClassOf,owl:Thing
rc:SexualSelection,rdfs:subClassOf,rc:PhysicalAttractiveness
rc:SexualSelection,rdfs:subClassOf,owl:Thing
rc:Earmuffs,rdfs:subClassOf,rc:Headgear
rc:Earmuffs,rdfs:subClassOf,owl:Thing
rc:InformationProcess,rdfs:subClassOf,kko:Information
rc:InformationProcess,rdfs:subClassOf,owl:Thing
rc:NonAspectualQuantity,rdfs:subClassOf,rc:ScalarQuantity
rc:NonAspectualQuantity,rdfs:subClassOf,owl:Thing
rc:FilipinoWomen,rdfs:subClassOf,rc:EthnicGroupOfFilipinos
rc:FilipinoWomen,rdfs:subClassOf,owl:Thing
rc:BBQGrill,rdfs:subClassOf,rc:ContainerArtifact
rc:BBQGrill,rdfs:subClassOf,rc:HeatingDevice
rc:BBQGrill,rdfs:subClassOf,owl:Thing
rc:Pesticide,rdfs:subClassOf,rc:PestControlProduct
rc:Pesticide,rdfs:subClassOf,owl:Thing
rc:TemperatureControl,rdfs:subClassOf,rc:Temperature
rc:TemperatureControl,rdfs:subClassOf,owl:Thing
rc:Uranium,rdfs:subClassOf,rc:FissionableMaterial
rc:Uranium,rdfs:subClassOf,owl:Thing
rc:ObjectUsedForDivination,rdfs:subClassOf,rc:Divination
rc:ObjectUsedForDivination,rdfs:subClassOf,owl:Thing
rc:SpacecraftDesign,rdfs:subClassOf,rc:VehicleDesign
rc:SpacecraftDesign,rdfs:subClassOf,owl:Thing
rc:BoosterSeat,rdfs:subClassOf,rc:SeatingDevice
rc:BoosterSeat,rdfs:subClassOf,owl:Thing
rc:Awake,rdfs:subClassOf,rc:AwarenessQuantity
rc:Awake,rdfs:subClassOf,owl:Thing
rc:AbominableSnowman,rdfs:subClassOf,rc:CoveredWithHair
rc:AbominableSnowman,rdfs:subClassOf,rc:LegendaryCreature
rc:AbominableSnowman,rdfs:subClassOf,owl:Thing
rc:MythologicalCreature,rdfs:subClassOf,rc:MythologicalThing
rc:MythologicalCreature,rdfs:subClassOf,owl:Thing
rc:GrandfatherClock,rdfs:subClassOf,rc:MechanicalDevice
rc:GrandfatherClock,rdfs:subClassOf,owl:Thing
rc:AutoFuse,rdfs:subClassOf,rc:AutoPart
rc:AutoFuse,rdfs:subClassOf,rc:GeneralAutoMarketCategory
rc:AutoFuse,rdfs:subClassOf,owl:Thing
rc:Yard_BuildingGrounds,rdfs:subClassOf,rc:FacilityComponent
rc:Yard_BuildingGrounds,rdfs:subClassOf,owl:Thing
rc:ProductTesting,rdfs:subClassOf,rc:ConsumerActivism
rc:ProductTesting,rdfs:subClassOf,owl:Thing
rc:GammaEmissionSensor,rdfs:subClassOf,rc:NonPoweredDevice
rc:GammaEmissionSensor,rdfs:subClassOf,owl:Thing
rc:DramaCharacter,rdfs:subClassOf,rc:FictionalCharacter
rc:DramaCharacter,rdfs:subClassOf,owl:Thing
rc:ComputerFileCopy,rdfs:subClassOf,rc:Document
rc:ComputerFileCopy,rdfs:subClassOf,owl:Thing
rc:Stability,rdfs:subClassOf,rc:DispositionalQuantity
rc:Stability,rdfs:subClassOf,rc:EvaluativeQuantity
rc:Stability,rdfs:subClassOf,rc:TangiblePhysicalQuantity
rc:Stability,rdfs:subClassOf,owl:Thing
rc:HarryTruman,rdfs:subClassOf,rc:UnitedStatesPresident
rc:HarryTruman,rdfs:subClassOf,owl:Thing
rc:DiskDrive,rdfs:subClassOf,rc:MagneticComputerStorageDevice
rc:DiskDrive,rdfs:subClassOf,owl:Thing
rc:StrontiumNitrate,rdfs:subClassOf,rc:InorganicSalt
rc:StrontiumNitrate,rdfs:subClassOf,owl:Thing
rc:Eschatology,rdfs:subClassOf,rc:MythologicalThing
rc:Eschatology,rdfs:subClassOf,owl:Thing
rc:HumanTeenager,rdfs:subClassOf,rc:YoungHuman
rc:HumanTeenager,rdfs:subClassOf,owl:Thing
rc:SesamePlant,rdfs:subClassOf,rc:MintFamily
rc:SesamePlant,rdfs:subClassOf,owl:Thing
rc:Efficiency,rdfs:subClassOf,rc:NonAspectualQuantity
rc:Efficiency,rdfs:subClassOf,rc:PerformanceLevelQuantity
rc:Efficiency,rdfs:subClassOf,owl:Thing
rc:EthnicGroupOfBatswana,rdfs:subClassOf,rc:EthnicGroupOfAfricans
rc:EthnicGroupOfBatswana,rdfs:subClassOf,owl:Thing
rc:VegetableOil,rdfs:subClassOf,rc:PlantProduct
rc:VegetableOil,rdfs:subClassOf,owl:Thing
rc:ProposedBuildingOrStructure,rdfs:subClassOf,rc:Proposal
rc:ProposedBuildingOrStructure,rdfs:subClassOf,owl:Thing
rc:GammaRadiationSource,rdfs:subClassOf,rc:ElectromagneticRadiation
rc:GammaRadiationSource,rdfs:subClassOf,owl:Thing
rc:Waitress,rdfs:subClassOf,rc:FemaleHuman
rc:Waitress,rdfs:subClassOf,owl:Thing
rc:MultiDimensionalQuantity,rdfs:subClassOf,rc:MeasurableQuantity
rc:MultiDimensionalQuantity,rdfs:subClassOf,owl:Thing
rc:AmmoniumChloride,rdfs:subClassOf,rc:InorganicSalt
rc:AmmoniumChloride,rdfs:subClassOf,owl:Thing
rc:EggplantPlant,rdfs:subClassOf,rc:Solanaceae
rc:EggplantPlant,rdfs:subClassOf,owl:Thing
rc:AutomobileAlternator,rdfs:subClassOf,rc:CurrentSource
rc:AutomobileAlternator,rdfs:subClassOf,owl:Thing
rc:NeoclassicalArchitect,rdfs:subClassOf,rc:NeoclassicArchitecturalStyle
rc:NeoclassicalArchitect,rdfs:subClassOf,owl:Thing
rc:Wisdom,rdfs:subClassOf,rc:PerformanceLevelQuantity
rc:Wisdom,rdfs:subClassOf,owl:Thing
rc:ComedyTVShow,rdfs:subClassOf,rc:PropositionalConceptualWork_ComedyGenre
rc:ComedyTVShow,rdfs:subClassOf,owl:Thing
rc:Cow_FemaleHerdAnimal,rdfs:subClassOf,rc:AdultAnimal
rc:Cow_FemaleHerdAnimal,rdfs:subClassOf,owl:Thing
rc:Corkscrew,rdfs:subClassOf,rc:Opener_Device
rc:Corkscrew,rdfs:subClassOf,owl:Thing
rc:EthnicGroupOfEwe,rdfs:subClassOf,rc:EthnicGroupOfAfricans
rc:EthnicGroupOfEwe,rdfs:subClassOf,owl:Thing
rc:HouseholdFurnishingsMC,rdfs:subClassOf,rc:ConsumerGood
rc:HouseholdFurnishingsMC,rdfs:subClassOf,owl:Thing
rc:VitaminPill,rdfs:subClassOf,rc:DietarySupplement
rc:VitaminPill,rdfs:subClassOf,owl:Thing
rc:CeramicArtifact,rdfs:subClassOf,rc:ArtificialPhysicalObject
rc:CeramicArtifact,rdfs:subClassOf,owl:Thing
rc:CellLifeStageType,rdfs:subClassOf,rc:OrganismTypeByLifeStage
rc:CellLifeStageType,rdfs:subClassOf,owl:Thing
rc:Accepted,rdfs:subClassOf,rc:Proposal
rc:Accepted,rdfs:subClassOf,owl:Thing
rc:AlternativeInternetDNSService,rdfs:subClassOf,rc:DomainNameSystemProtocol
rc:AlternativeInternetDNSService,rdfs:subClassOf,owl:Thing
rc:StorageConstructInABuilding,rdfs:subClassOf,rc:MaterialContainer
rc:StorageConstructInABuilding,rdfs:subClassOf,rc:NonPoweredDevice
rc:StorageConstructInABuilding,rdfs:subClassOf,rc:StorageConstruct
rc:StorageConstructInABuilding,rdfs:subClassOf,owl:Thing
rc:MaoriDiaspora,rdfs:subClassOf,rc:Diaspora
rc:MaoriDiaspora,rdfs:subClassOf,rc:EthnicGroupOfMaoris
rc:MaoriDiaspora,rdfs:subClassOf,owl:Thing
rc:FinnishChildren,rdfs:subClassOf,rc:EthnicGroupOfFinns
rc:FinnishChildren,rdfs:subClassOf,owl:Thing
rc:TelevisionVideoAndDVD,rdfs:subClassOf,rc:DVD_Disk
rc:TelevisionVideoAndDVD,rdfs:subClassOf,owl:Thing
rc:Copper,rdfs:subClassOf,rc:Mineral
rc:Copper,rdfs:subClassOf,rc:TransitionMetal
rc:Copper,rdfs:subClassOf,rc:UnalloyedMetal
rc:Copper,rdfs:subClassOf,owl:Thing
rc:Supercomputing,rdfs:subClassOf,rc:ComputerService
rc:Supercomputing,rdfs:subClassOf,owl:Thing
rc:Wrapper,rdfs:subClassOf,rc:DisposableProduct
rc:Wrapper,rdfs:subClassOf,owl:Thing
rc:Confidentiality,rdfs:subClassOf,rc:EvaluativeQuantity
rc:Confidentiality,rdfs:subClassOf,owl:Thing
rc:EBookReader,rdfs:subClassOf,rc:BatteryPoweredDevice
rc:EBookReader,rdfs:subClassOf,rc:MediaPlayingDevice
rc:EBookReader,rdfs:subClassOf,owl:Thing
rc:Bridge_Military,rdfs:subClassOf,rc:MilitaryEngineeringEquipment
rc:Bridge_Military,rdfs:subClassOf,owl:Thing
rc:ElectricalSwitch,rdfs:subClassOf,rc:ControlDevice
rc:ElectricalSwitch,rdfs:subClassOf,rc:Coupler
rc:ElectricalSwitch,rdfs:subClassOf,owl:Thing
rc:PopulationDensity,rdfs:subClassOf,rc:NonAspectualQuantity
rc:PopulationDensity,rdfs:subClassOf,rc:PopulationOfType_Organism_Whole
rc:PopulationDensity,rdfs:subClassOf,rc:RatioQuantity
rc:PopulationDensity,rdfs:subClassOf,owl:Thing
rc:Wit,rdfs:subClassOf,rc:PersonalQuantity
rc:Wit,rdfs:subClassOf,owl:Thing
rc:Manuscript,rdfs:subClassOf,rc:Book
rc:Manuscript,rdfs:subClassOf,owl:Thing
rc:MuzzleForAnimal,rdfs:subClassOf,rc:NonPoweredDevice
rc:MuzzleForAnimal,rdfs:subClassOf,rc:Restraint_PhysicalDevice
rc:MuzzleForAnimal,rdfs:subClassOf,owl:Thing
rc:RiskManagementSoftware,rdfs:subClassOf,rc:RiskManagement
rc:RiskManagementSoftware,rdfs:subClassOf,owl:Thing
rc:Supermodel,rdfs:subClassOf,rc:FamousHuman
rc:Supermodel,rdfs:subClassOf,owl:Thing
rc:PalestinianMen,rdfs:subClassOf,rc:EthnicGroupOfPalestinians
rc:PalestinianMen,rdfs:subClassOf,owl:Thing
rc:CarbonatedBeverage,rdfs:subClassOf,rc:ArtificialDrink
rc:CarbonatedBeverage,rdfs:subClassOf,owl:Thing
rc:Hyperion_TheTitan,rdfs:subClassOf,rc:MythologicalGod
rc:Hyperion_TheTitan,rdfs:subClassOf,owl:Thing
rc:InternalCombustionPoweredDevice,rdfs:subClassOf,rc:SelfPoweredDevice
rc:InternalCombustionPoweredDevice,rdfs:subClassOf,owl:Thing
rc:Truth,rdfs:subClassOf,rc:TruthValue
rc:Truth,rdfs:subClassOf,owl:Thing
rc:MobileHome,rdfs:subClassOf,rc:PrefabricatedResidentialBuildingStructure
rc:MobileHome,rdfs:subClassOf,owl:Thing
rc:SmokeDetector,rdfs:subClassOf,rc:FireAlarm
rc:SmokeDetector,rdfs:subClassOf,rc:HouseholdAppliance
rc:SmokeDetector,rdfs:subClassOf,rc:OtherDomesticHouseholdAppliance
rc:SmokeDetector,rdfs:subClassOf,owl:Thing
rc:MeasureOfUtility,rdfs:subClassOf,rc:ScalarQuantity
rc:MeasureOfUtility,rdfs:subClassOf,owl:Thing
rc:InnerTube,rdfs:subClassOf,rc:MechanicalDevice
rc:InnerTube,rdfs:subClassOf,owl:Thing
rc:PotassiumChloride,rdfs:subClassOf,rc:InorganicSalt
rc:PotassiumChloride,rdfs:subClassOf,owl:Thing
rc:AnselAdams_Person,rdfs:subClassOf,rc:IndividualPeople
rc:AnselAdams_Person,rdfs:subClassOf,owl:Thing
rc:ChemicalEngineering,rdfs:subClassOf,rc:IndustrialEngineering
rc:ChemicalEngineering,rdfs:subClassOf,owl:Thing
rc:AlgerianArchitecture,rdfs:subClassOf,rc:ArchitecturalTypeByStyle
rc:AlgerianArchitecture,rdfs:subClassOf,owl:Thing
rc:PortableCalculator,rdfs:subClassOf,rc:PersonalDevice
rc:PortableCalculator,rdfs:subClassOf,owl:Thing
rc:GrainSilo,rdfs:subClassOf,rc:FoodStorageContainer
rc:GrainSilo,rdfs:subClassOf,rc:StorageTower
rc:GrainSilo,rdfs:subClassOf,owl:Thing
rc:ComputerEnclosure,rdfs:subClassOf,rc:ChassisComponent
rc:ComputerEnclosure,rdfs:subClassOf,owl:Thing
rc:HumanWeight,rdfs:subClassOf,rc:Mass
rc:HumanWeight,rdfs:subClassOf,owl:Thing
rc:CoffeeFilter,rdfs:subClassOf,rc:PhysicalFilter
rc:CoffeeFilter,rdfs:subClassOf,owl:Thing
rc:ModeratelyAlert,rdfs:subClassOf,rc:Awake
rc:ModeratelyAlert,rdfs:subClassOf,owl:Thing
rc:Drunk,rdfs:subClassOf,rc:Intoxicated
rc:Drunk,rdfs:subClassOf,owl:Thing
rc:Shellfish,rdfs:subClassOf,rc:ShellfishAquaticInvertebrate
rc:Shellfish,rdfs:subClassOf,owl:Thing
rc:BeautyDevice,rdfs:subClassOf,rc:Device_SingleUser
rc:BeautyDevice,rdfs:subClassOf,owl:Thing
rc:FranklinDRoosevelt,rdfs:subClassOf,rc:UnitedStatesPresident
rc:FranklinDRoosevelt,rdfs:subClassOf,owl:Thing
rc:God,rdfs:subClassOf,rc:DivineBeing
rc:God,rdfs:subClassOf,owl:Thing
rc:PositiveChange,rdfs:subClassOf,rc:LevelOfChange
rc:PositiveChange,rdfs:subClassOf,owl:Thing
rc:FigTree,rdfs:subClassOf,rc:Moraceae
rc:FigTree,rdfs:subClassOf,owl:Thing
rc:Gyroscope,rdfs:subClassOf,rc:MechanicalDevice
rc:Gyroscope,rdfs:subClassOf,owl:Thing
rc:JazzRadio,rdfs:subClassOf,rc:RadioFormat
rc:JazzRadio,rdfs:subClassOf,owl:Thing
rc:Coriander,rdfs:subClassOf,rc:Apiaceae
rc:Coriander,rdfs:subClassOf,rc:HerbPlant
rc:Coriander,rdfs:subClassOf,owl:Thing
rc:ElizabethII,rdfs:subClassOf,rc:Queen_HeadOfState
rc:ElizabethII,rdfs:subClassOf,owl:Thing
rc:Time_Quantity,rdfs:subClassOf,rc:NonAspectualQuantity
rc:Time_Quantity,rdfs:subClassOf,rc:OneDimensionalQuantity
rc:Time_Quantity,rdfs:subClassOf,rc:PhysicalQuantity
rc:Time_Quantity,rdfs:subClassOf,rc:ScalarOrVectorInterval
rc:Time_Quantity,rdfs:subClassOf,owl:Thing
rc:AuthorizationBill,rdfs:subClassOf,rc:USFederalLegislation
rc:AuthorizationBill,rdfs:subClassOf,owl:Thing
rc:ClassicistArchitecture,rdfs:subClassOf,rc:ArchitecturalTypeByStyle
rc:ClassicistArchitecture,rdfs:subClassOf,owl:Thing
rc:Apollo_God,rdfs:subClassOf,rc:MythologicalGod
rc:Apollo_God,rdfs:subClassOf,owl:Thing
rc:KingCharlesII,rdfs:subClassOf,rc:King_HeadOfState
rc:KingCharlesII,rdfs:subClassOf,owl:Thing
rc:Bowl_Generic,rdfs:subClassOf,rc:NonPoweredDevice
rc:Bowl_Generic,rdfs:subClassOf,owl:Thing
rc:StatisticalModel,rdfs:subClassOf,rc:Statistics
rc:StatisticalModel,rdfs:subClassOf,owl:Thing
rc:Stem_DrinkingVesselPart,rdfs:subClassOf,rc:Handle
rc:Stem_DrinkingVesselPart,rdfs:subClassOf,owl:Thing
rc:HeadOfState,rdfs:subClassOf,rc:Celebrity_Political
rc:HeadOfState,rdfs:subClassOf,owl:Thing
rc:BengaliDiaspora,rdfs:subClassOf,rc:Diaspora
rc:BengaliDiaspora,rdfs:subClassOf,rc:EthnicGroupOfBengalis
rc:BengaliDiaspora,rdfs:subClassOf,owl:Thing
rc:ProtectiveEquipment_Human,rdfs:subClassOf,rc:DefenseSystem
rc:ProtectiveEquipment_Human,rdfs:subClassOf,owl:Thing
rc:BaroqueArchitecture,rdfs:subClassOf,rc:ArchitecturalTypeByStyle
rc:BaroqueArchitecture,rdfs:subClassOf,owl:Thing
rc:LithuanianPeopleByEthnicOrNationalOrigin,rdfs:subClassOf,rc:EthnicGroupOfLithuanians
rc:LithuanianPeopleByEthnicOrNationalOrigin,rdfs:subClassOf,owl:Thing
rc:TotalSynthesis,rdfs:subClassOf,rc:ChemicalSynthesis
rc:TotalSynthesis,rdfs:subClassOf,owl:Thing
rc:Widowhood,rdfs:subClassOf,rc:Remarriage
rc:Widowhood,rdfs:subClassOf,owl:Thing
rc:HomeTelephone,rdfs:subClassOf,rc:OtherDomesticHouseholdAppliance
rc:HomeTelephone,rdfs:subClassOf,rc:Telephone
rc:HomeTelephone,rdfs:subClassOf,owl:Thing
rc:TaxForm_1040,rdfs:subClassOf,rc:ConceptualWorkSeries_Periodic
rc:TaxForm_1040,rdfs:subClassOf,owl:Thing
rc:BatikCloth,rdfs:subClassOf,rc:FabricDecorationMaterial
rc:BatikCloth,rdfs:subClassOf,owl:Thing
rc:SodiumChloride,rdfs:subClassOf,rc:InorganicSalt
rc:SodiumChloride,rdfs:subClassOf,rc:Nutrient
rc:SodiumChloride,rdfs:subClassOf,owl:Thing
rc:CuneiformDeterminative,rdfs:subClassOf,rc:Cuneiform
rc:CuneiformDeterminative,rdfs:subClassOf,owl:Thing
rc:ArtificialLanguage,rdfs:subClassOf,rc:Artifact_Intangible
rc:ArtificialLanguage,rdfs:subClassOf,owl:Thing
rc:ProperNameString,rdfs:subClassOf,rc:IDString
rc:ProperNameString,rdfs:subClassOf,owl:Thing
rc:Spermicide,rdfs:subClassOf,rc:BirthControlMarketCategory
rc:Spermicide,rdfs:subClassOf,owl:Thing
rc:GraphTraversal,rdfs:subClassOf,rc:GraphSearchAlgorithm
rc:GraphTraversal,rdfs:subClassOf,owl:Thing
rc:Tension,rdfs:subClassOf,rc:TangiblePhysicalQuantity
rc:Tension,rdfs:subClassOf,owl:Thing
rc:TowerOfBabel,rdfs:subClassOf,rc:MythologicalPlace
rc:TowerOfBabel,rdfs:subClassOf,owl:Thing
rc:MomentumVector,rdfs:subClassOf,rc:VectorInterval
rc:MomentumVector,rdfs:subClassOf,owl:Thing
rc:Spectroscopy,rdfs:subClassOf,rc:PhysicalChemistry
rc:Spectroscopy,rdfs:subClassOf,owl:Thing
rc:FacilityComponent,rdfs:subClassOf,rc:BuildingMaterial
rc:FacilityComponent,rdfs:subClassOf,owl:Thing
rc:PlasticFilm,rdfs:subClassOf,rc:DeviceWithNoMovingParts
rc:PlasticFilm,rdfs:subClassOf,owl:Thing
rc:MultiStepRedoxReaction,rdfs:subClassOf,rc:RedoxReaction
rc:MultiStepRedoxReaction,rdfs:subClassOf,owl:Thing
rc:ScottishTraveller,rdfs:subClassOf,rc:EthnicGroupOfRom_Gypsy
rc:ScottishTraveller,rdfs:subClassOf,rc:EthnicGroupOfScots
rc:ScottishTraveller,rdfs:subClassOf,owl:Thing
rc:SodiumPhosphate,rdfs:subClassOf,rc:InorganicSalt
rc:SodiumPhosphate,rdfs:subClassOf,owl:Thing
rc:LampBase,rdfs:subClassOf,rc:LightingMarketCategory
rc:LampBase,rdfs:subClassOf,owl:Thing
rc:ThaiChildren,rdfs:subClassOf,rc:EthnicGroupOfThais
rc:ThaiChildren,rdfs:subClassOf,owl:Thing
rc:EarlyLivesByIndividual,rdfs:subClassOf,rc:YoungHuman
rc:EarlyLivesByIndividual,rdfs:subClassOf,owl:Thing
rc:JohannesGutenberg,rdfs:subClassOf,rc:Inventor
rc:JohannesGutenberg,rdfs:subClassOf,owl:Thing
rc:Dumpster,rdfs:subClassOf,rc:SinglePurposeDevice
rc:Dumpster,rdfs:subClassOf,owl:Thing
rc:BritishPeopleOfHausaDescent,rdfs:subClassOf,rc:EthnicGroupOfHausa
rc:BritishPeopleOfHausaDescent,rdfs:subClassOf,owl:Thing
rc:Ahluwalia,rdfs:subClassOf,rc:EthnicGroupOfPunjabis
rc:Ahluwalia,rdfs:subClassOf,owl:Thing
rc:ButterChurn,rdfs:subClassOf,rc:ContainerArtifact
rc:ButterChurn,rdfs:subClassOf,rc:MechanicalDevice
rc:ButterChurn,rdfs:subClassOf,owl:Thing
rc:LawOfMoses,rdfs:subClassOf,rc:Pentateuch
rc:LawOfMoses,rdfs:subClassOf,owl:Thing
rc:Iconicity,rdfs:subClassOf,rc:Linguistics
rc:Iconicity,rdfs:subClassOf,owl:Thing
rc:Mass,rdfs:subClassOf,rc:MassOrSpatialQuantity
rc:Mass,rdfs:subClassOf,rc:NonAspectualQuantity
rc:Mass,rdfs:subClassOf,rc:OneDimensionalQuantity
rc:Mass,rdfs:subClassOf,owl:Thing
rc:WorldWideWebClientProgram,rdfs:subClassOf,rc:InternetSoftwareMarketCategory
rc:WorldWideWebClientProgram,rdfs:subClassOf,owl:Thing
rc:EthnicGroupOfBodo,rdfs:subClassOf,rc:EthnicGroupOfAsians
rc:EthnicGroupOfBodo,rdfs:subClassOf,owl:Thing
rc:EuropeanWomen,rdfs:subClassOf,rc:EthnicGroupOfEuropeans
rc:EuropeanWomen,rdfs:subClassOf,owl:Thing
rc:BoatLift,rdfs:subClassOf,rc:VehicleLift
rc:BoatLift,rdfs:subClassOf,owl:Thing
rc:CartoonCharacter,rdfs:subClassOf,rc:FictionalCharacter
rc:CartoonCharacter,rdfs:subClassOf,owl:Thing
rc:GravitationalWave,rdfs:subClassOf,rc:GeneralRelativity
rc:GravitationalWave,rdfs:subClassOf,owl:Thing
rc:EthnicGroupOfFinns,rdfs:subClassOf,rc:EthnicGroupOfEuropeans
rc:EthnicGroupOfFinns,rdfs:subClassOf,owl:Thing
rc:CombustionHeatingElement,rdfs:subClassOf,rc:CombustionDevice
rc:CombustionHeatingElement,rdfs:subClassOf,rc:FuelPoweredDevice
rc:CombustionHeatingElement,rdfs:subClassOf,owl:Thing
rc:Yarn,rdfs:subClassOf,rc:Cord_Textile
rc:Yarn,rdfs:subClassOf,owl:Thing
rc:GautamaBuddha,rdfs:subClassOf,rc:Buddha
rc:GautamaBuddha,rdfs:subClassOf,owl:Thing
rc:Cross_ConstructionArtifact,rdfs:subClassOf,rc:StructuralBuildingProduct
rc:Cross_ConstructionArtifact,rdfs:subClassOf,owl:Thing
rc:Kettle,rdfs:subClassOf,rc:FluidReservoir
rc:Kettle,rdfs:subClassOf,owl:Thing
rc:EastAsianPeople,rdfs:subClassOf,rc:EthnicGroupOfAsians
rc:EastAsianPeople,rdfs:subClassOf,owl:Thing
rc:Density,rdfs:subClassOf,rc:NonAspectualQuantity
rc:Density,rdfs:subClassOf,rc:RatioQuantity
rc:Density,rdfs:subClassOf,rc:TangiblePhysicalQuantity
rc:Density,rdfs:subClassOf,owl:Thing
rc:BikeCarrier,rdfs:subClassOf,rc:Rack_Holder
rc:BikeCarrier,rdfs:subClassOf,owl:Thing
rc:Curium,rdfs:subClassOf,rc:TransuraniumElement
rc:Curium,rdfs:subClassOf,owl:Thing
rc:Concentration_MassPerVolume,rdfs:subClassOf,rc:ConcentrationStrength
rc:Concentration_MassPerVolume,rdfs:subClassOf,owl:Thing
rc:DevanagariScriptHelpPage,rdfs:subClassOf,rc:DevanagariWriting
rc:DevanagariScriptHelpPage,rdfs:subClassOf,owl:Thing
rc:RemoteControlDevice,rdfs:subClassOf,rc:ControlDevice
rc:RemoteControlDevice,rdfs:subClassOf,owl:Thing
rc:BumperSticker,rdfs:subClassOf,rc:Device_OneTimeUse
rc:BumperSticker,rdfs:subClassOf,rc:KnickKnackMarketCategory
rc:BumperSticker,rdfs:subClassOf,owl:Thing
rc:LongAndShortScale,rdfs:subClassOf,rc:Integer
rc:LongAndShortScale,rdfs:subClassOf,owl:Thing
rc:ElectricalToaster,rdfs:subClassOf,rc:DomesticKitchenAppliance
rc:ElectricalToaster,rdfs:subClassOf,rc:FoodOrDrinkPreparationDevice
rc:ElectricalToaster,rdfs:subClassOf,owl:Thing
rc:ChittenangoOvateAmberSnail,rdfs:subClassOf,rc:Fossaria
rc:ChittenangoOvateAmberSnail,rdfs:subClassOf,owl:Thing
rc:EthnicGroupOfLobi,rdfs:subClassOf,rc:EthnicGroupOfAfricans
rc:EthnicGroupOfLobi,rdfs:subClassOf,owl:Thing
rc:Duchess,rdfs:subClassOf,rc:FemaleHuman
rc:Duchess,rdfs:subClassOf,owl:Thing
rc:MedicalPad,rdfs:subClassOf,rc:Device_OneTimeUse
rc:MedicalPad,rdfs:subClassOf,rc:TextileArtifact
rc:MedicalPad,rdfs:subClassOf,owl:Thing
rc:FictionalSpacecraft,rdfs:subClassOf,rc:FictionalTransport
rc:FictionalSpacecraft,rdfs:subClassOf,owl:Thing
rc:ApplicationProtocolDataUnit,rdfs:subClassOf,rc:StructuredInformationSource
rc:ApplicationProtocolDataUnit,rdfs:subClassOf,owl:Thing
rc:MechanicalEngineering,rdfs:subClassOf,rc:EngineeringField
rc:MechanicalEngineering,rdfs:subClassOf,owl:Thing
rc:PresidentOfBelarus,rdfs:subClassOf,rc:President_HeadOfGovernmentOrHeadOfState
rc:PresidentOfBelarus,rdfs:subClassOf,owl:Thing
rc:VerticalDatum,rdfs:subClassOf,rc:GeographicDatum
rc:VerticalDatum,rdfs:subClassOf,owl:Thing
kko:AudioInfo,rdfs:subClassOf,kko:AVInfo
kko:AudioInfo,rdfs:subClassOf,owl:Thing
rc:Napkin,rdfs:subClassOf,rc:CleaningDevice
rc:Napkin,rdfs:subClassOf,rc:Device_UserControlled
rc:Napkin,rdfs:subClassOf,rc:Device_UserPowered
rc:Napkin,rdfs:subClassOf,owl:Thing
rc:MiniatureGolfCourse,rdfs:subClassOf,rc:SportsCourse
rc:MiniatureGolfCourse,rdfs:subClassOf,owl:Thing
rc:QualityOfLife,rdfs:subClassOf,rc:EvaluativeQuantity
rc:QualityOfLife,rdfs:subClassOf,owl:Thing
rc:HorrorMovie,rdfs:subClassOf,rc:PropositionalConceptualWork_HorrorGenre
rc:HorrorMovie,rdfs:subClassOf,owl:Thing
rc:BagEnd,rdfs:subClassOf,rc:FictionalPlace
rc:BagEnd,rdfs:subClassOf,owl:Thing
rc:EncryptionAlgorithm,rdfs:subClassOf,rc:Algorithm
rc:EncryptionAlgorithm,rdfs:subClassOf,owl:Thing
rc:StatisticalNaturalLanguageProcessing,rdfs:subClassOf,rc:NaturalLanguageProcessing
rc:StatisticalNaturalLanguageProcessing,rdfs:subClassOf,owl:Thing
rc:CardShuffling,rdfs:subClassOf,rc:RandomFrequency
rc:CardShuffling,rdfs:subClassOf,owl:Thing
rc:InstructionalMovie,rdfs:subClassOf,rc:PropositionalConceptualWork_InstructionalGenre
rc:InstructionalMovie,rdfs:subClassOf,owl:Thing
rc:TransportationDevice_Vehicle,rdfs:subClassOf,rc:Device_UserControlled
rc:TransportationDevice_Vehicle,rdfs:subClassOf,rc:SelfPoweredDevice
rc:TransportationDevice_Vehicle,rdfs:subClassOf,owl:Thing
rc:BariumHydroxide,rdfs:subClassOf,rc:InorganicSalt
rc:BariumHydroxide,rdfs:subClassOf,owl:Thing
rc:BangsianFantasy,rdfs:subClassOf,rc:FantasyGenre
rc:BangsianFantasy,rdfs:subClassOf,owl:Thing
rc:MaceSpray,rdfs:subClassOf,rc:SpraySubstance
rc:MaceSpray,rdfs:subClassOf,owl:Thing
rc:Shipwreck,rdfs:subClassOf,rc:VehicleAccident
rc:Shipwreck,rdfs:subClassOf,owl:Thing
rc:Lamb,rdfs:subClassOf,rc:JuvenileAnimal
rc:Lamb,rdfs:subClassOf,owl:Thing
rc:KurdishWomen,rdfs:subClassOf,rc:EthnicGroupOfKurds
rc:KurdishWomen,rdfs:subClassOf,owl:Thing
rc:Astrometry,rdfs:subClassOf,rc:MeasuringDevice
rc:Astrometry,rdfs:subClassOf,owl:Thing
rc:UtahValvataSnail,rdfs:subClassOf,rc:Valvata
rc:UtahValvataSnail,rdfs:subClassOf,owl:Thing
rc:CommercialFreightFlight,rdfs:subClassOf,rc:ConveyingMaterials
rc:CommercialFreightFlight,rdfs:subClassOf,owl:Thing
rc:Width,rdfs:subClassOf,rc:Distance
rc:Width,rdfs:subClassOf,owl:Thing
rc:BookReview,rdfs:subClassOf,rc:PropositionalConceptualWork_LiteraryCriticismGenre
rc:BookReview,rdfs:subClassOf,owl:Thing
rc:FuelCell,rdfs:subClassOf,rc:FuelPoweredDevice
rc:FuelCell,rdfs:subClassOf,owl:Thing
rc:MusicalInstrumentPlayer,rdfs:subClassOf,rc:MusicalPerformer
rc:MusicalInstrumentPlayer,rdfs:subClassOf,owl:Thing
rc:WordPlay,rdfs:subClassOf,rc:Creativity
rc:WordPlay,rdfs:subClassOf,owl:Thing
rc:Jewelry,rdfs:subClassOf,rc:Collectible
rc:Jewelry,rdfs:subClassOf,rc:LuxuryItem
rc:Jewelry,rdfs:subClassOf,rc:NonPoweredDevice
rc:Jewelry,rdfs:subClassOf,rc:SomethingToWear
rc:Jewelry,rdfs:subClassOf,rc:TimepiecesJewelryProduct
rc:Jewelry,rdfs:subClassOf,rc:Valuable_PersonalPossession
rc:Jewelry,rdfs:subClassOf,owl:Thing
rc:Innovation,rdfs:subClassOf,rc:Creativity
rc:Innovation,rdfs:subClassOf,owl:Thing
rc:PhysicalOceanography,rdfs:subClassOf,rc:Oceanography
rc:PhysicalOceanography,rdfs:subClassOf,owl:Thing
rc:PrivilegedCommunication,rdfs:subClassOf,rc:Confidentiality
rc:PrivilegedCommunication,rdfs:subClassOf,owl:Thing
rc:Unicycle,rdfs:subClassOf,rc:Device_UserControlled
rc:Unicycle,rdfs:subClassOf,rc:Device_UserPowered
rc:Unicycle,rdfs:subClassOf,owl:Thing
rc:PropositionalFallacy,rdfs:subClassOf,rc:PropositionalLogic
rc:PropositionalFallacy,rdfs:subClassOf,owl:Thing
rc:DispositionalQuantity,rdfs:subClassOf,rc:ScalarQuantity
rc:DispositionalQuantity,rdfs:subClassOf,owl:Thing
rc:TVCommercial_IBT,rdfs:subClassOf,rc:Commercial_IBT
rc:TVCommercial_IBT,rdfs:subClassOf,rc:TVMediaProduct
rc:TVCommercial_IBT,rdfs:subClassOf,owl:Thing
rc:ComputerStorageDevice,rdfs:subClassOf,rc:InformationStorageDevice
rc:ComputerStorageDevice,rdfs:subClassOf,owl:Thing
rc:EthnicGroupOfBashkir,rdfs:subClassOf,rc:EthnicGroupOfAsians
rc:EthnicGroupOfBashkir,rdfs:subClassOf,owl:Thing
rc:GymnasticsApparatus,rdfs:subClassOf,rc:Device_SingleUser
rc:GymnasticsApparatus,rdfs:subClassOf,rc:NonPoweredDevice
rc:GymnasticsApparatus,rdfs:subClassOf,owl:Thing
rc:Charlemagne_Person,rdfs:subClassOf,rc:HolyRomanEmperor
rc:Charlemagne_Person,rdfs:subClassOf,owl:Thing
rc:Backdoor_SecurityBypassInstructions,rdfs:subClassOf,rc:SecurityInformation
rc:Backdoor_SecurityBypassInstructions,rdfs:subClassOf,owl:Thing
rc:EthnicGroupOfKirghiz,rdfs:subClassOf,rc:EthnicGroupOfAsians
rc:EthnicGroupOfKirghiz,rdfs:subClassOf,owl:Thing
rc:PinballElectronics,rdfs:subClassOf,rc:PinballMachine
rc:PinballElectronics,rdfs:subClassOf,owl:Thing
rc:Teleportation,rdfs:subClassOf,rc:PropositionalConceptualWork_ScienceFictionGenre
rc:Teleportation,rdfs:subClassOf,owl:Thing
rc:Sensor_Device,rdfs:subClassOf,rc:SensoryEnhancementDevice
rc:Sensor_Device,rdfs:subClassOf,owl:Thing
rc:HumanitarianMilitaryOperation,rdfs:subClassOf,rc:HumanitarianAidInterAgentSupport
rc:HumanitarianMilitaryOperation,rdfs:subClassOf,owl:Thing
rc:Dart,rdfs:subClassOf,rc:Device_UserPowered
rc:Dart,rdfs:subClassOf,rc:Projectile_Device
rc:Dart,rdfs:subClassOf,owl:Thing
rc:CordlessTelephone,rdfs:subClassOf,rc:Telephone
rc:CordlessTelephone,rdfs:subClassOf,owl:Thing
rc:RunicInscription,rdfs:subClassOf,rc:Inscription
rc:RunicInscription,rdfs:subClassOf,owl:Thing
rc:CD_ROMDrive,rdfs:subClassOf,rc:OpticalComputerStorageDevice
rc:CD_ROMDrive,rdfs:subClassOf,owl:Thing
rc:ScienceFictionTVShow,rdfs:subClassOf,rc:PropositionalConceptualWork_ScienceFictionGenre
rc:ScienceFictionTVShow,rdfs:subClassOf,owl:Thing
rc:SustainabilityBySubject,rdfs:subClassOf,rc:Sustainability
rc:SustainabilityBySubject,rdfs:subClassOf,owl:Thing
rc:PotatoPlant,rdfs:subClassOf,rc:Solanaceae
rc:PotatoPlant,rdfs:subClassOf,owl:Thing
rc:AntiguaAndBarbudaPerson,rdfs:subClassOf,rc:EthnicGroupOfNewWorldBlacks
rc:AntiguaAndBarbudaPerson,rdfs:subClassOf,owl:Thing
rc:StandardModel,rdfs:subClassOf,rc:ParticlePhysics
rc:StandardModel,rdfs:subClassOf,owl:Thing
rc:HumanlyOccupiedRegion_TransportationDevice,rdfs:subClassOf,rc:TransportationContainerProduct
rc:HumanlyOccupiedRegion_TransportationDevice,rdfs:subClassOf,rc:TransportationPart
rc:HumanlyOccupiedRegion_TransportationDevice,rdfs:subClassOf,owl:Thing
rc:IceHockeyPads,rdfs:subClassOf,rc:IceHockeyEquipment
rc:IceHockeyPads,rdfs:subClassOf,rc:ProtectiveGear
rc:IceHockeyPads,rdfs:subClassOf,owl:Thing
rc:PhantomIslands,rdfs:subClassOf,rc:MythologicalPlace
rc:PhantomIslands,rdfs:subClassOf,owl:Thing
rc:WeightLiftingBelt,rdfs:subClassOf,rc:ExerciseEquipment
rc:WeightLiftingBelt,rdfs:subClassOf,owl:Thing
rc:ColoradoRiverTribe,rdfs:subClassOf,rc:EthnicGroupOfNorthAmericanNatives
rc:ColoradoRiverTribe,rdfs:subClassOf,owl:Thing
rc:EvenNumber,rdfs:subClassOf,rc:Integer
rc:EvenNumber,rdfs:subClassOf,owl:Thing
rc:HurricaneKatrinaDisasterRelief,rdfs:subClassOf,rc:HumanitarianAidInterAgentSupport
rc:HurricaneKatrinaDisasterRelief,rdfs:subClassOf,owl:Thing
rc:Heroin,rdfs:subClassOf,rc:OpioidDrug
rc:Heroin,rdfs:subClassOf,owl:Thing
rc:GarbageDisposal,rdfs:subClassOf,rc:DomesticKitchenAppliance
rc:GarbageDisposal,rdfs:subClassOf,rc:WasteConversionDevice
rc:GarbageDisposal,rdfs:subClassOf,owl:Thing
rc:EthnicGroupOfSherpas,rdfs:subClassOf,rc:EthnicGroupOfNepalese
rc:EthnicGroupOfSherpas,rdfs:subClassOf,owl:Thing
rc:SexualOrgy,rdfs:subClassOf,rc:GroupSex
rc:SexualOrgy,rdfs:subClassOf,owl:Thing
rc:SurgicalRoboticEquipment,rdfs:subClassOf,rc:SurgicalProduct
rc:SurgicalRoboticEquipment,rdfs:subClassOf,owl:Thing
rc:Pulpit,rdfs:subClassOf,rc:FreestandingFurniture
rc:Pulpit,rdfs:subClassOf,owl:Thing
rc:LevelOfDizziness,rdfs:subClassOf,rc:LevelOfDiscomfort
rc:LevelOfDizziness,rdfs:subClassOf,owl:Thing
rc:DualityTheory,rdfs:subClassOf,rc:Geometry
rc:DualityTheory,rdfs:subClassOf,owl:Thing
rc:HighExplosive,rdfs:subClassOf,rc:ArtificialMaterial
rc:HighExplosive,rdfs:subClassOf,owl:Thing
rc:PowerStation,rdfs:subClassOf,rc:PowerPlant
rc:PowerStation,rdfs:subClassOf,owl:Thing
rc:BaseballBat_Wooden,rdfs:subClassOf,rc:Woodwork
rc:BaseballBat_Wooden,rdfs:subClassOf,owl:Thing
rc:IndustrialWaste,rdfs:subClassOf,rc:Pollutant
rc:IndustrialWaste,rdfs:subClassOf,owl:Thing
rc:PowerCordAdapter,rdfs:subClassOf,rc:SinglePurposeDevice
rc:PowerCordAdapter,rdfs:subClassOf,owl:Thing
rc:BodyOdor,rdfs:subClassOf,rc:FoulOdor
rc:BodyOdor,rdfs:subClassOf,owl:Thing
rc:ProbabilityInterpretation,rdfs:subClassOf,rc:ProbabilityInterval
rc:ProbabilityInterpretation,rdfs:subClassOf,owl:Thing
rc:ProtectiveMask,rdfs:subClassOf,rc:Mask
rc:ProtectiveMask,rdfs:subClassOf,owl:Thing
rc:Rate,rdfs:subClassOf,rc:RatioQuantity
rc:Rate,rdfs:subClassOf,owl:Thing
rc:VideoArt,rdfs:subClassOf,rc:Art
rc:VideoArt,rdfs:subClassOf,owl:Thing
rc:IronSulfate,rdfs:subClassOf,rc:ChemicalToxin
rc:IronSulfate,rdfs:subClassOf,rc:InorganicSalt
rc:IronSulfate,rdfs:subClassOf,owl:Thing
rc:Fingerprint,rdfs:subClassOf,rc:AuthenticationSource
rc:Fingerprint,rdfs:subClassOf,owl:Thing
rc:ChamorroChief,rdfs:subClassOf,rc:TribalLeader
rc:ChamorroChief,rdfs:subClassOf,owl:Thing
rc:InternetStandard,rdfs:subClassOf,rc:ProductStandard
rc:InternetStandard,rdfs:subClassOf,owl:Thing
rc:FictionalPlanet,rdfs:subClassOf,rc:FictionalPlace
rc:FictionalPlanet,rdfs:subClassOf,owl:Thing
rc:EthnicGroupOfAustralianAborigines,rdfs:subClassOf,rc:EthnicGroupOfAustralians
rc:EthnicGroupOfAustralianAborigines,rdfs:subClassOf,rc:IndigenousPeople
rc:EthnicGroupOfAustralianAborigines,rdfs:subClassOf,owl:Thing
rc:CubicQuantity,rdfs:subClassOf,rc:ThreeDimensionalQuantity
rc:CubicQuantity,rdfs:subClassOf,owl:Thing
rc:SpecificHeat,rdfs:subClassOf,rc:MultiDimensionalQuantity
rc:SpecificHeat,rdfs:subClassOf,rc:TangiblePhysicalQuantity
rc:SpecificHeat,rdfs:subClassOf,owl:Thing
rc:FlemishWomen,rdfs:subClassOf,rc:EthnicGroupOfFlemish
rc:FlemishWomen,rdfs:subClassOf,owl:Thing
rc:Fuse_IgnitionDevice,rdfs:subClassOf,rc:TriggeringMechanism
rc:Fuse_IgnitionDevice,rdfs:subClassOf,owl:Thing
kko:InquiryMethods,rdfs:subClassOf,kko:Methodeutic
kko:InquiryMethods,rdfs:subClassOf,owl:Thing
rc:Stone,rdfs:subClassOf,rc:SolidRockyPlanetaryStuff
rc:Stone,rdfs:subClassOf,owl:Thing
rc:Match_FireStarter,rdfs:subClassOf,rc:CombustionDevice
rc:Match_FireStarter,rdfs:subClassOf,rc:Device_OneTimeUse
rc:Match_FireStarter,rdfs:subClassOf,rc:Device_UserControlled
rc:Match_FireStarter,rdfs:subClassOf,rc:DisposableProduct
rc:Match_FireStarter,rdfs:subClassOf,owl:Thing
rc:NaturalGasFiredPowerStation,rdfs:subClassOf,rc:NaturalGasPoweredDevice
rc:NaturalGasFiredPowerStation,rdfs:subClassOf,owl:Thing
rc:TribeMember,rdfs:subClassOf,rc:IndigenousPeople
rc:TribeMember,rdfs:subClassOf,owl:Thing
rc:Receiver_AudioComponent,rdfs:subClassOf,rc:AudioSystemComponent
rc:Receiver_AudioComponent,rdfs:subClassOf,rc:RadioReceiver
rc:Receiver_AudioComponent,rdfs:subClassOf,owl:Thing
rc:PostmodernArchitectureByArchitect,rdfs:subClassOf,rc:PostmodernArchitecturalStyle
rc:PostmodernArchitectureByArchitect,rdfs:subClassOf,owl:Thing
rc:Regent_HeadOfState,rdfs:subClassOf,rc:HeadOfState
rc:Regent_HeadOfState,rdfs:subClassOf,owl:Thing
rc:Drawer,rdfs:subClassOf,rc:StorageConstruct
rc:Drawer,rdfs:subClassOf,owl:Thing
rc:ParticleAccelerator,rdfs:subClassOf,rc:Device_UserControlled
rc:ParticleAccelerator,rdfs:subClassOf,owl:Thing
rc:AVMediaProduct,rdfs:subClassOf,rc:MediaProduct
rc:AVMediaProduct,rdfs:subClassOf,owl:Thing
rc:CoinOperatedDevice,rdfs:subClassOf,rc:PhysicalDevice
rc:CoinOperatedDevice,rdfs:subClassOf,owl:Thing
rc:AcylGroupCatalysis,rdfs:subClassOf,rc:CatalyticActivity
rc:AcylGroupCatalysis,rdfs:subClassOf,owl:Thing
rc:TowedWeapon,rdfs:subClassOf,rc:MechanicalDevice
rc:TowedWeapon,rdfs:subClassOf,rc:PoweredDevice
rc:TowedWeapon,rdfs:subClassOf,owl:Thing
rc:EarPlug,rdfs:subClassOf,rc:NonPoweredDevice
rc:EarPlug,rdfs:subClassOf,owl:Thing
rc:HornPlayer,rdfs:subClassOf,rc:MusicalInstrumentPlayer
rc:HornPlayer,rdfs:subClassOf,owl:Thing
rc:StorageOrganizer,rdfs:subClassOf,rc:ContainerArtifact
rc:StorageOrganizer,rdfs:subClassOf,rc:Organizer
rc:StorageOrganizer,rdfs:subClassOf,owl:Thing
rc:EthnicGroupOfFangs,rdfs:subClassOf,rc:EthnicGroupOfAfricans
rc:EthnicGroupOfFangs,rdfs:subClassOf,owl:Thing
rc:VideoRentalService,rdfs:subClassOf,rc:EntertainmentService
rc:VideoRentalService,rdfs:subClassOf,owl:Thing
rc:FlowControlDevice,rdfs:subClassOf,rc:FlowControlStructure
rc:FlowControlDevice,rdfs:subClassOf,owl:Thing
rc:EthnicGroupOfAssyrians,rdfs:subClassOf,rc:EthnicGroup
rc:EthnicGroupOfAssyrians,rdfs:subClassOf,owl:Thing
rc:Fawn,rdfs:subClassOf,rc:JuvenileAnimal
rc:Fawn,rdfs:subClassOf,owl:Thing
rc:WindshieldWiper,rdfs:subClassOf,rc:CleaningDevice
rc:WindshieldWiper,rdfs:subClassOf,owl:Thing
rc:Deficit,rdfs:subClassOf,rc:Shortage
rc:Deficit,rdfs:subClassOf,owl:Thing
rc:MeasurementOfBiodiversity,rdfs:subClassOf,rc:Biodiversity
rc:MeasurementOfBiodiversity,rdfs:subClassOf,owl:Thing
rc:Valve_Mechanical,rdfs:subClassOf,rc:FlowControlDevice
rc:Valve_Mechanical,rdfs:subClassOf,owl:Thing
rc:TVSeriesProduct,rdfs:subClassOf,rc:BroadcastSeriesProduct
rc:TVSeriesProduct,rdfs:subClassOf,owl:Thing
rc:SwedishJew,rdfs:subClassOf,rc:AshkenaziJews
rc:SwedishJew,rdfs:subClassOf,owl:Thing
rc:FeedbackLoop,rdfs:subClassOf,rc:Causality_AttitudeTopic
rc:FeedbackLoop,rdfs:subClassOf,owl:Thing
rc:AerialTramway,rdfs:subClassOf,rc:CableDrivenConveyance
rc:AerialTramway,rdfs:subClassOf,owl:Thing
rc:EthnicGroupOfUighur,rdfs:subClassOf,rc:EthnicGroupOfAsians
rc:EthnicGroupOfUighur,rdfs:subClassOf,owl:Thing
rc:TieRack,rdfs:subClassOf,rc:Rack_Holder
rc:TieRack,rdfs:subClassOf,owl:Thing
rc:Singer_songwriter,rdfs:subClassOf,rc:Singer
rc:Singer_songwriter,rdfs:subClassOf,owl:Thing
rc:EthnicGroupOfTwa,rdfs:subClassOf,rc:EthnicGroupOfAfricans
rc:EthnicGroupOfTwa,rdfs:subClassOf,owl:Thing
rc:AutomotiveElectronics,rdfs:subClassOf,rc:ElectricalComponent
rc:AutomotiveElectronics,rdfs:subClassOf,rc:ElectronicDevice
rc:AutomotiveElectronics,rdfs:subClassOf,owl:Thing
rc:HeismanTrophy,rdfs:subClassOf,rc:Trophy
rc:HeismanTrophy,rdfs:subClassOf,owl:Thing
rc:BlissRapidsSnail,rdfs:subClassOf,rc:Pyrgulopsis
rc:BlissRapidsSnail,rdfs:subClassOf,owl:Thing
rc:FoodUtensil,rdfs:subClassOf,rc:FoodServicesEquipment
rc:FoodUtensil,rdfs:subClassOf,rc:HandTool
rc:FoodUtensil,rdfs:subClassOf,rc:HousewaresMarketCategory
rc:FoodUtensil,rdfs:subClassOf,rc:Tableware
rc:FoodUtensil,rdfs:subClassOf,owl:Thing
rc:BuildingConstructionMachineryProduct,rdfs:subClassOf,rc:DurableGood
rc:BuildingConstructionMachineryProduct,rdfs:subClassOf,owl:Thing
rc:AcousticMeasurement,rdfs:subClassOf,rc:MeasuringDevice
rc:AcousticMeasurement,rdfs:subClassOf,owl:Thing
rc:OnionPlant,rdfs:subClassOf,rc:Amaryllidaceae
rc:OnionPlant,rdfs:subClassOf,owl:Thing
rc:ActorActressTypeByPerformanceType,rdfs:subClassOf,rc:Actor
rc:ActorActressTypeByPerformanceType,rdfs:subClassOf,owl:Thing
rc:Capacitor,rdfs:subClassOf,rc:GeneralAutoMarketCategory
rc:Capacitor,rdfs:subClassOf,rc:MechanicalAutoPart
rc:Capacitor,rdfs:subClassOf,rc:TwoTerminalElectricalDevice
rc:Capacitor,rdfs:subClassOf,owl:Thing
rc:MesoamericanArchitecture,rdfs:subClassOf,rc:ArchitecturalTypeByStyle
rc:MesoamericanArchitecture,rdfs:subClassOf,owl:Thing
rc:ElectricPower,rdfs:subClassOf,rc:Power
rc:ElectricPower,rdfs:subClassOf,owl:Thing
rc:Hardness,rdfs:subClassOf,rc:DispositionalQuantity
rc:Hardness,rdfs:subClassOf,rc:MultiDimensionalQuantity
rc:Hardness,rdfs:subClassOf,rc:NonAspectualQuantity
rc:Hardness,rdfs:subClassOf,rc:TangiblePhysicalQuantity
rc:Hardness,rdfs:subClassOf,owl:Thing
rc:SexualityAndAge,rdfs:subClassOf,rc:PhysicalAttractiveness
rc:SexualityAndAge,rdfs:subClassOf,owl:Thing
rc:BloodTypeABNegative,rdfs:subClassOf,rc:BloodType
rc:BloodTypeABNegative,rdfs:subClassOf,owl:Thing
rc:ThyroidologicalMethod,rdfs:subClassOf,rc:MedicalProcedure
rc:ThyroidologicalMethod,rdfs:subClassOf,owl:Thing
rc:Catalysis,rdfs:subClassOf,rc:CatalyticReaction
rc:Catalysis,rdfs:subClassOf,owl:Thing
rc:LatvianDiaspora,rdfs:subClassOf,rc:Diaspora
rc:LatvianDiaspora,rdfs:subClassOf,rc:EthnicGroupOfLatvians
rc:LatvianDiaspora,rdfs:subClassOf,owl:Thing
rc:Dragster,rdfs:subClassOf,rc:Device_SingleUser
rc:Dragster,rdfs:subClassOf,owl:Thing
rc:ElectricToothbrush,rdfs:subClassOf,rc:DomesticBathAppliance
rc:ElectricToothbrush,rdfs:subClassOf,rc:SmallApplianceMarketCategory
rc:ElectricToothbrush,rdfs:subClassOf,rc:Toothbrush
rc:ElectricToothbrush,rdfs:subClassOf,owl:Thing
rc:TheWhiteHouse,rdfs:subClassOf,rc:OfficialResidence
rc:TheWhiteHouse,rdfs:subClassOf,owl:Thing
rc:CameraTripod,rdfs:subClassOf,rc:MechanicalDevice
rc:CameraTripod,rdfs:subClassOf,owl:Thing
rc:ProcessionalCross,rdfs:subClassOf,rc:ReligiousObject
rc:ProcessionalCross,rdfs:subClassOf,owl:Thing
rc:SidewalkBench,rdfs:subClassOf,rc:OutdoorFurnitureMarketCategory
rc:SidewalkBench,rdfs:subClassOf,owl:Thing
rc:EthnicGroupOfRussians,rdfs:subClassOf,rc:EthnicGroupOfSlavs
rc:EthnicGroupOfRussians,rdfs:subClassOf,owl:Thing
rc:ReceiveProtocol,rdfs:subClassOf,rc:CommunicationProtocol
rc:ReceiveProtocol,rdfs:subClassOf,owl:Thing
rc:LionTamer,rdfs:subClassOf,rc:Artist_Performer
rc:LionTamer,rdfs:subClassOf,owl:Thing
rc:FictionalOrganism,rdfs:subClassOf,rc:FictionalThing
rc:FictionalOrganism,rdfs:subClassOf,owl:Thing
rc:BayesDiscreteOutcome,rdfs:subClassOf,rc:Collection
rc:BayesDiscreteOutcome,rdfs:subClassOf,owl:Thing
rc:SilverBromide,rdfs:subClassOf,rc:InorganicHalide
rc:SilverBromide,rdfs:subClassOf,owl:Thing
rc:KingLouisPhilippe,rdfs:subClassOf,rc:King_HeadOfState
rc:KingLouisPhilippe,rdfs:subClassOf,owl:Thing
rc:TravelProductsMarketCategory,rdfs:subClassOf,rc:ConsumerGood
rc:TravelProductsMarketCategory,rdfs:subClassOf,rc:ProductTypeByMarketCategory
rc:TravelProductsMarketCategory,rdfs:subClassOf,owl:Thing
rc:NetworkFlow,rdfs:subClassOf,rc:OperationsResearch
rc:NetworkFlow,rdfs:subClassOf,owl:Thing
rc:TVBiography,rdfs:subClassOf,rc:Biography
rc:TVBiography,rdfs:subClassOf,owl:Thing
rc:EnergeticMaterial,rdfs:subClassOf,rc:EnergyStuff
rc:EnergeticMaterial,rdfs:subClassOf,owl:Thing
rc:Dieting,rdfs:subClassOf,rc:CulturalActivity
rc:Dieting,rdfs:subClassOf,owl:Thing
rc:Shipyard,rdfs:subClassOf,rc:HeavyIndustryFacility
rc:Shipyard,rdfs:subClassOf,owl:Thing
rc:JustificationTruth,rdfs:subClassOf,rc:Belief
rc:JustificationTruth,rdfs:subClassOf,owl:Thing
rc:PhosphorousAcid,rdfs:subClassOf,rc:InorganicAcid
rc:PhosphorousAcid,rdfs:subClassOf,owl:Thing
rc:Number_Extended,rdfs:subClassOf,rc:Number_General
rc:Number_Extended,rdfs:subClassOf,owl:Thing
rc:AirHeatingDevice,rdfs:subClassOf,rc:HeatingDevice
rc:AirHeatingDevice,rdfs:subClassOf,owl:Thing
rc:CellImaging,rdfs:subClassOf,rc:Biotechnology
rc:CellImaging,rdfs:subClassOf,rc:CellBiology
rc:CellImaging,rdfs:subClassOf,rc:Microscopy
rc:CellImaging,rdfs:subClassOf,owl:Thing
rc:SlowCooker,rdfs:subClassOf,rc:CookingVessel
rc:SlowCooker,rdfs:subClassOf,rc:DomesticKitchenAppliance
rc:SlowCooker,rdfs:subClassOf,owl:Thing
rc:ShowerCurtainRod,rdfs:subClassOf,rc:Shaft
rc:ShowerCurtainRod,rdfs:subClassOf,owl:Thing
rc:Swing,rdfs:subClassOf,rc:SeatingDevice
rc:Swing,rdfs:subClassOf,owl:Thing
rc:EthnicGroupOfPersians,rdfs:subClassOf,rc:EthnicGroupOfMiddleEasterners
rc:EthnicGroupOfPersians,rdfs:subClassOf,owl:Thing
rc:Parameter,rdfs:subClassOf,rc:Mathematical
rc:Parameter,rdfs:subClassOf,owl:Thing
rc:BiologicalQuantity,rdfs:subClassOf,rc:PhysicalQuantity
rc:BiologicalQuantity,rdfs:subClassOf,owl:Thing
rc:Unconsciousness,rdfs:subClassOf,rc:Unconscious
rc:Unconsciousness,rdfs:subClassOf,owl:Thing
rc:PrecipitationReaction,rdfs:subClassOf,rc:MetathesisReaction
rc:PrecipitationReaction,rdfs:subClassOf,owl:Thing
rc:RockMusician,rdfs:subClassOf,rc:MusicalPerformer
rc:RockMusician,rdfs:subClassOf,owl:Thing
rc:Pineapple,rdfs:subClassOf,rc:Ananas
rc:Pineapple,rdfs:subClassOf,owl:Thing
rc:NavalShipyard,rdfs:subClassOf,rc:MilitaryFacility
rc:NavalShipyard,rdfs:subClassOf,owl:Thing
rc:EthnicGroupOfGurung,rdfs:subClassOf,rc:EthnicGroupOfNepalese
rc:EthnicGroupOfGurung,rdfs:subClassOf,owl:Thing
rc:FantasyMovie,rdfs:subClassOf,rc:PropositionalConceptualWork_FantasyGenre
rc:FantasyMovie,rdfs:subClassOf,owl:Thing
rc:ProbabilityAssessment,rdfs:subClassOf,rc:ProbabilityInterval
rc:ProbabilityAssessment,rdfs:subClassOf,owl:Thing
rc:CottonPlant,rdfs:subClassOf,rc:Malvaceae
rc:CottonPlant,rdfs:subClassOf,owl:Thing
rc:SofaBed,rdfs:subClassOf,rc:CollapsibleDevice
rc:SofaBed,rdfs:subClassOf,owl:Thing
rc:ExplosiveDeviceDisposalKit,rdfs:subClassOf,rc:Kit
rc:ExplosiveDeviceDisposalKit,rdfs:subClassOf,owl:Thing
rc:Desk_PieceOfFurniture,rdfs:subClassOf,rc:StorageConstruct
rc:Desk_PieceOfFurniture,rdfs:subClassOf,owl:Thing
rc:CarAlarm,rdfs:subClassOf,rc:DefenseSystem
rc:CarAlarm,rdfs:subClassOf,owl:Thing
rc:RussianJew,rdfs:subClassOf,rc:AshkenaziJews
rc:RussianJew,rdfs:subClassOf,owl:Thing
rc:TearGas,rdfs:subClassOf,rc:NonlethalWeapon
rc:TearGas,rdfs:subClassOf,owl:Thing
rc:TypeTheory,rdfs:subClassOf,rc:MathematicalLogic
rc:TypeTheory,rdfs:subClassOf,owl:Thing
rc:TaiwaneseDiaspora,rdfs:subClassOf,rc:Diaspora
rc:TaiwaneseDiaspora,rdfs:subClassOf,owl:Thing
rc:Socialite,rdfs:subClassOf,rc:Celebrity
rc:Socialite,rdfs:subClassOf,owl:Thing
rc:AlgebraicNumber,rdfs:subClassOf,rc:RealNumber
rc:AlgebraicNumber,rdfs:subClassOf,owl:Thing
rc:StandardPressure,rdfs:subClassOf,rc:NonNumericScalarQuantity
rc:StandardPressure,rdfs:subClassOf,rc:Pressure
rc:StandardPressure,rdfs:subClassOf,owl:Thing
rc:AirVentSystem,rdfs:subClassOf,rc:ContainerArtifact
rc:AirVentSystem,rdfs:subClassOf,rc:FlowControlDevice
rc:AirVentSystem,rdfs:subClassOf,owl:Thing
rc:Prestige,rdfs:subClassOf,rc:InterAgentQuantity
rc:Prestige,rdfs:subClassOf,rc:TotallyOrderedQuantityType
rc:Prestige,rdfs:subClassOf,owl:Thing
rc:Alani,rdfs:subClassOf,rc:Rutaceae
rc:Alani,rdfs:subClassOf,owl:Thing
rc:Tradition,rdfs:subClassOf,rc:Concept
rc:Tradition,rdfs:subClassOf,owl:Thing
rc:Chick,rdfs:subClassOf,rc:JuvenileAnimal
rc:Chick,rdfs:subClassOf,owl:Thing
rc:Segway,rdfs:subClassOf,rc:BatteryPoweredDevice
rc:Segway,rdfs:subClassOf,owl:Thing
rc:TarotReading,rdfs:subClassOf,rc:Divination
rc:TarotReading,rdfs:subClassOf,owl:Thing
rc:MagnesiumOxide,rdfs:subClassOf,rc:InorganicOxide
rc:MagnesiumOxide,rdfs:subClassOf,owl:Thing
rc:HotPack,rdfs:subClassOf,rc:SinglePurposeDevice
rc:HotPack,rdfs:subClassOf,owl:Thing
rc:ChemicalEngineeringThermodynamics,rdfs:subClassOf,rc:ThermodynamicSystem
rc:ChemicalEngineeringThermodynamics,rdfs:subClassOf,owl:Thing
rc:EdwardIOfEngland_Person,rdfs:subClassOf,rc:IndividualPeople
rc:EdwardIOfEngland_Person,rdfs:subClassOf,owl:Thing
rc:BovineCalf,rdfs:subClassOf,rc:JuvenileAnimal
rc:BovineCalf,rdfs:subClassOf,owl:Thing
rc:WebPage,rdfs:subClassOf,rc:StructuredKnowledgeSource
rc:WebPage,rdfs:subClassOf,owl:Thing
rc:NazcaLine,rdfs:subClassOf,rc:UNESCOWorldHertitageSite
rc:NazcaLine,rdfs:subClassOf,owl:Thing
rc:FileDirectory,rdfs:subClassOf,rc:DynamicIndexedInfoSource
rc:FileDirectory,rdfs:subClassOf,owl:Thing
rc:BookRack,rdfs:subClassOf,rc:Rack_Holder
rc:BookRack,rdfs:subClassOf,rc:StorageConstruct
rc:BookRack,rdfs:subClassOf,owl:Thing
rc:EconomicalQuantity,rdfs:subClassOf,rc:ScalarQuantity
rc:EconomicalQuantity,rdfs:subClassOf,owl:Thing
rc:MagazineCopy,rdfs:subClassOf,rc:PeriodicalCopy
rc:MagazineCopy,rdfs:subClassOf,owl:Thing
rc:FilePermission,rdfs:subClassOf,rc:IndividualTypeBySecurityStatus
rc:FilePermission,rdfs:subClassOf,owl:Thing
rc:GasCookingRange,rdfs:subClassOf,rc:NaturalGasPoweredDevice
rc:GasCookingRange,rdfs:subClassOf,owl:Thing
rc:RestrictedRating,rdfs:subClassOf,rc:EvaluativeQuantity
rc:RestrictedRating,rdfs:subClassOf,owl:Thing
rc:Predicate,rdfs:subClassOf,rc:Relation
rc:Predicate,rdfs:subClassOf,owl:Thing
rc:BerberTribe,rdfs:subClassOf,rc:EthnicGroupOfBerbers
rc:BerberTribe,rdfs:subClassOf,owl:Thing
rc:RadarSignalProcessing,rdfs:subClassOf,rc:RadarDevice
rc:RadarSignalProcessing,rdfs:subClassOf,owl:Thing
rc:SweetGrass,rdfs:subClassOf,rc:Hierochloe
rc:SweetGrass,rdfs:subClassOf,owl:Thing
rc:TribalLeader,rdfs:subClassOf,rc:TribeMember
rc:TribalLeader,rdfs:subClassOf,owl:Thing
rc:ArcMinute,rdfs:subClassOf,rc:AngularDistance
rc:ArcMinute,rdfs:subClassOf,owl:Thing
rc:Clam,rdfs:subClassOf,rc:Bivalvia
rc:Clam,rdfs:subClassOf,owl:Thing
rc:RequestForBid,rdfs:subClassOf,rc:CommercialProposal
rc:RequestForBid,rdfs:subClassOf,owl:Thing
rc:AudioVisualReceiver,rdfs:subClassOf,rc:VideoReceiverComponent
rc:AudioVisualReceiver,rdfs:subClassOf,owl:Thing
rc:AngloScots,rdfs:subClassOf,rc:EthnicGroupOfScots
rc:AngloScots,rdfs:subClassOf,owl:Thing
rc:Cuteness_EmotionalResponse,rdfs:subClassOf,rc:EvaluativeQuantity
rc:Cuteness_EmotionalResponse,rdfs:subClassOf,owl:Thing
rc:HomeopathicRemedy,rdfs:subClassOf,rc:AlternativeMedicine
rc:HomeopathicRemedy,rdfs:subClassOf,owl:Thing
rc:TownSquare,rdfs:subClassOf,rc:Person_SupportingObject
rc:TownSquare,rdfs:subClassOf,owl:Thing
rc:BowlingCompetition,rdfs:subClassOf,rc:Bowling_Sport
rc:BowlingCompetition,rdfs:subClassOf,owl:Thing
rc:AdventureGame,rdfs:subClassOf,rc:ComputerGameEntertainmentSoftware
rc:AdventureGame,rdfs:subClassOf,owl:Thing
rc:King_HeadOfState,rdfs:subClassOf,rc:MaleHuman
rc:King_HeadOfState,rdfs:subClassOf,rc:Monarch_HeadOfState
rc:King_HeadOfState,rdfs:subClassOf,owl:Thing
rc:CoRegent_HeadOfState,rdfs:subClassOf,rc:HeadOfState
rc:CoRegent_HeadOfState,rdfs:subClassOf,owl:Thing
rc:EstimationTheory,rdfs:subClassOf,rc:SignalProcessing
rc:EstimationTheory,rdfs:subClassOf,owl:Thing
rc:ChemicalTest,rdfs:subClassOf,rc:LaboratorySupply
rc:ChemicalTest,rdfs:subClassOf,owl:Thing
rc:Propanol,rdfs:subClassOf,rc:AlcoholGroup
rc:Propanol,rdfs:subClassOf,rc:ToxicAlcohol
rc:Propanol,rdfs:subClassOf,owl:Thing
rc:Cigarette,rdfs:subClassOf,rc:Device_OneTimeUse
rc:Cigarette,rdfs:subClassOf,owl:Thing
rc:AbstractInformationStructure,rdfs:subClassOf,rc:AbstractStructure
rc:AbstractInformationStructure,rdfs:subClassOf,owl:Thing
rc:Sluice,rdfs:subClassOf,rc:FlowControlDevice
rc:Sluice,rdfs:subClassOf,owl:Thing
rc:NativeAmericanArchitecture,rdfs:subClassOf,rc:ArchitecturalTypeByStyle
rc:NativeAmericanArchitecture,rdfs:subClassOf,owl:Thing
rc:Bumpy,rdfs:subClassOf,rc:NonAspectualQuantity
rc:Bumpy,rdfs:subClassOf,owl:Thing
rc:BirthControlDrug,rdfs:subClassOf,rc:BirthControlMarketCategory
rc:BirthControlDrug,rdfs:subClassOf,owl:Thing
rc:SustainableDevelopment,rdfs:subClassOf,rc:Sustainability
rc:SustainableDevelopment,rdfs:subClassOf,owl:Thing
rc:TragedyOfTheCommons,rdfs:subClassOf,rc:EnvironmentalEconomics
rc:TragedyOfTheCommons,rdfs:subClassOf,owl:Thing
rc:RomanticComedyMovie,rdfs:subClassOf,rc:PropositionalConceptualWork_RomanticComedyGenre
rc:RomanticComedyMovie,rdfs:subClassOf,owl:Thing
rc:SupportColumn,rdfs:subClassOf,rc:NonPoweredDevice
rc:SupportColumn,rdfs:subClassOf,owl:Thing
rc:TensileStrength,rdfs:subClassOf,rc:DispositionalQuantity
rc:TensileStrength,rdfs:subClassOf,rc:MultiDimensionalQuantity
rc:TensileStrength,rdfs:subClassOf,rc:NonAspectualQuantity
rc:TensileStrength,rdfs:subClassOf,rc:TangiblePhysicalQuantity
rc:TensileStrength,rdfs:subClassOf,owl:Thing
rc:CamillaDuchessOfCornwall,rdfs:subClassOf,rc:Duchess
rc:CamillaDuchessOfCornwall,rdfs:subClassOf,owl:Thing
rc:ScalarQuantity,rdfs:subClassOf,rc:QuantityType
rc:ScalarQuantity,rdfs:subClassOf,owl:Thing
rc:Geats,rdfs:subClassOf,rc:EthnicGroupOfSwedes
rc:Geats,rdfs:subClassOf,owl:Thing
rc:LiquidStorageTank,rdfs:subClassOf,rc:FluidReservoir
rc:LiquidStorageTank,rdfs:subClassOf,rc:StorageConstruct
rc:LiquidStorageTank,rdfs:subClassOf,owl:Thing
rc:ReferenceWebSite,rdfs:subClassOf,rc:ReferenceWork_Structured
rc:ReferenceWebSite,rdfs:subClassOf,owl:Thing
rc:Opal_Gem,rdfs:subClassOf,rc:SemiPreciousStone
rc:Opal_Gem,rdfs:subClassOf,owl:Thing
rc:Warm,rdfs:subClassOf,rc:Temperature
rc:Warm,rdfs:subClassOf,owl:Thing
rc:Pearl,rdfs:subClassOf,rc:Gemstone
rc:Pearl,rdfs:subClassOf,owl:Thing
rc:NonZeroNumber,rdfs:subClassOf,rc:RealNumber
rc:NonZeroNumber,rdfs:subClassOf,owl:Thing
rc:Reporting,rdfs:subClassOf,rc:DescribingSomething
rc:Reporting,rdfs:subClassOf,owl:Thing
rc:WorldWideWebServerProgram,rdfs:subClassOf,rc:InternetSoftwareMarketCategory
rc:WorldWideWebServerProgram,rdfs:subClassOf,owl:Thing
rc:EthnicGroupOfEnglish,rdfs:subClassOf,rc:EthnicGroupOfEuropeans
rc:EthnicGroupOfEnglish,rdfs:subClassOf,owl:Thing
rc:DietarySupplement,rdfs:subClassOf,rc:ArtificialMaterial
rc:DietarySupplement,rdfs:subClassOf,rc:Nutrient
rc:DietarySupplement,rdfs:subClassOf,owl:Thing
rc:ProteinStructure,rdfs:subClassOf,rc:Biophysics
rc:ProteinStructure,rdfs:subClassOf,owl:Thing
rc:CoconutMeat,rdfs:subClassOf,rc:VegetableMatter
rc:CoconutMeat,rdfs:subClassOf,owl:Thing
rc:BookSeries,rdfs:subClassOf,rc:PublishedConceptualWork
rc:BookSeries,rdfs:subClassOf,owl:Thing
rc:WrittenCharacterSequence,rdfs:subClassOf,rc:CharacterStringToken_Serial
rc:WrittenCharacterSequence,rdfs:subClassOf,owl:Thing
rc:LithiumBromide,rdfs:subClassOf,rc:InorganicHalide
rc:LithiumBromide,rdfs:subClassOf,owl:Thing
rc:WorkQuantity,rdfs:subClassOf,rc:EnergyQuantity
rc:WorkQuantity,rdfs:subClassOf,owl:Thing
rc:CocaPlant,rdfs:subClassOf,rc:Erythroxylaceae
rc:CocaPlant,rdfs:subClassOf,owl:Thing
rc:Past,rdfs:subClassOf,rc:Time_Quantity
rc:Past,rdfs:subClassOf,owl:Thing
rc:WritingSymbolCharacter,rdfs:subClassOf,rc:Logogram
rc:WritingSymbolCharacter,rdfs:subClassOf,owl:Thing
rc:EthnicGroupOfToucouleur,rdfs:subClassOf,rc:EthnicGroupOfAfricans
rc:EthnicGroupOfToucouleur,rdfs:subClassOf,owl:Thing
rc:SweetOdor,rdfs:subClassOf,rc:Odor
rc:SweetOdor,rdfs:subClassOf,owl:Thing
rc:Battery,rdfs:subClassOf,rc:BatteryPoweredDevice
rc:Battery,rdfs:subClassOf,rc:CurrentSource
rc:Battery,rdfs:subClassOf,rc:VoltageSource
rc:Battery,rdfs:subClassOf,owl:Thing
rc:CertificateOfDeposit,rdfs:subClassOf,rc:BankAccount
rc:CertificateOfDeposit,rdfs:subClassOf,rc:FinancialDocument
rc:CertificateOfDeposit,rdfs:subClassOf,rc:LoanAgreement
rc:CertificateOfDeposit,rdfs:subClassOf,rc:TimeDepositAccount
rc:CertificateOfDeposit,rdfs:subClassOf,owl:Thing
rc:ModelTheory,rdfs:subClassOf,rc:ScientificFieldOfStudy
rc:ModelTheory,rdfs:subClassOf,owl:Thing
rc:Helmet,rdfs:subClassOf,rc:Headgear
rc:Helmet,rdfs:subClassOf,owl:Thing
rc:AutoFilterMarketCategory,rdfs:subClassOf,rc:ProductTypeByMarketCategory
rc:AutoFilterMarketCategory,rdfs:subClassOf,owl:Thing
rc:SnowGoggles,rdfs:subClassOf,rc:Casual
rc:SnowGoggles,rdfs:subClassOf,rc:SensoryEnhancementDevice_Visual
rc:SnowGoggles,rdfs:subClassOf,rc:SkiEquipment
rc:SnowGoggles,rdfs:subClassOf,rc:SportsAccessory
rc:SnowGoggles,rdfs:subClassOf,owl:Thing
rc:EthnicGroupOfNewWorldHispanics,rdfs:subClassOf,rc:EthnicGroupOfHispanics
rc:EthnicGroupOfNewWorldHispanics,rdfs:subClassOf,owl:Thing
rc:PrimeMinister_HeadOfGovernment,rdfs:subClassOf,rc:HeadOfGovernment
rc:PrimeMinister_HeadOfGovernment,rdfs:subClassOf,owl:Thing
rc:StapleRemover,rdfs:subClassOf,rc:Device_SingleUser
rc:StapleRemover,rdfs:subClassOf,owl:Thing
rc:PlanarPointSet,rdfs:subClassOf,rc:PointSet
rc:PlanarPointSet,rdfs:subClassOf,owl:Thing
rc:FictionalObject,rdfs:subClassOf,rc:FictionalThing
rc:FictionalObject,rdfs:subClassOf,owl:Thing
rc:ToiletBowl,rdfs:subClassOf,rc:FluidReservoir
rc:ToiletBowl,rdfs:subClassOf,rc:MechanicalDevice
rc:ToiletBowl,rdfs:subClassOf,rc:SeatingDevice
rc:ToiletBowl,rdfs:subClassOf,owl:Thing
rc:Greasy,rdfs:subClassOf,rc:NonAspectualQuantity
rc:Greasy,rdfs:subClassOf,owl:Thing
rc:AngularDistance,rdfs:subClassOf,rc:OneDimensionalQuantity
rc:AngularDistance,rdfs:subClassOf,rc:SpatialQuantity
rc:AngularDistance,rdfs:subClassOf,owl:Thing
rc:TableOfContents,rdfs:subClassOf,rc:TextString
rc:TableOfContents,rdfs:subClassOf,owl:Thing
rc:LaundryHamper,rdfs:subClassOf,rc:StorageConstruct
rc:LaundryHamper,rdfs:subClassOf,owl:Thing
rc:Bequest,rdfs:subClassOf,rc:LegalProceeding
rc:Bequest,rdfs:subClassOf,owl:Thing
rc:ArabDiaspora,rdfs:subClassOf,rc:Diaspora
rc:ArabDiaspora,rdfs:subClassOf,rc:EthnicGroupOfArabs
rc:ArabDiaspora,rdfs:subClassOf,owl:Thing
rc:Glove_ChemicalAndBiological,rdfs:subClassOf,rc:Glove
rc:Glove_ChemicalAndBiological,rdfs:subClassOf,owl:Thing
rc:FireHelmet,rdfs:subClassOf,rc:FirefightingEquipment
rc:FireHelmet,rdfs:subClassOf,owl:Thing
rc:PornographicMagazineSeries,rdfs:subClassOf,rc:MagazineSeries
rc:PornographicMagazineSeries,rdfs:subClassOf,owl:Thing
rc:EthnicGroupOfSudaneseArabs,rdfs:subClassOf,rc:EthnicGroupOfAfricans
rc:EthnicGroupOfSudaneseArabs,rdfs:subClassOf,rc:EthnicGroupOfArabs
rc:EthnicGroupOfSudaneseArabs,rdfs:subClassOf,owl:Thing
rc:DrinkingFountain,rdfs:subClassOf,rc:FlowControlDevice
rc:DrinkingFountain,rdfs:subClassOf,rc:FluidReservoir
rc:DrinkingFountain,rdfs:subClassOf,owl:Thing
rc:Effectiveness,rdfs:subClassOf,rc:PerformanceLevelQuantity
rc:Effectiveness,rdfs:subClassOf,owl:Thing
rc:Crematory,rdfs:subClassOf,rc:CombustionDevice
rc:Crematory,rdfs:subClassOf,owl:Thing
rc:MysteryMovie,rdfs:subClassOf,rc:PropositionalConceptualWork_MysteryGenre
rc:MysteryMovie,rdfs:subClassOf,owl:Thing
rc:PuttingGreen,rdfs:subClassOf,rc:Golf_Accessory
rc:PuttingGreen,rdfs:subClassOf,rc:GolfingArea
rc:PuttingGreen,rdfs:subClassOf,owl:Thing
rc:MedicinalPlant,rdfs:subClassOf,rc:Ethnobotany
rc:MedicinalPlant,rdfs:subClassOf,owl:Thing
rc:TimeManagement,rdfs:subClassOf,rc:Management
rc:TimeManagement,rdfs:subClassOf,owl:Thing
rc:NonPublishedText,rdfs:subClassOf,rc:TextualMaterial
rc:NonPublishedText,rdfs:subClassOf,owl:Thing
rc:Canvas,rdfs:subClassOf,rc:ArtSupplies
rc:Canvas,rdfs:subClassOf,owl:Thing
rc:LevelOfSubstanceInSystem,rdfs:subClassOf,rc:BiologicalQuantity
rc:LevelOfSubstanceInSystem,rdfs:subClassOf,rc:TangiblePhysicalQuantity
rc:LevelOfSubstanceInSystem,rdfs:subClassOf,rc:TotallyOrderedQuantityType
rc:LevelOfSubstanceInSystem,rdfs:subClassOf,owl:Thing
rc:WireCutter,rdfs:subClassOf,rc:CuttingDevice
rc:WireCutter,rdfs:subClassOf,owl:Thing
rc:HazaraTribe,rdfs:subClassOf,rc:EthnicGroupOfHazara
rc:HazaraTribe,rdfs:subClassOf,owl:Thing
rc:Microwave_SBand,rdfs:subClassOf,rc:MicrowaveRadiation
rc:Microwave_SBand,rdfs:subClassOf,owl:Thing
rc:NezPerce_EthnicGroupOfNewWorldNatives,rdfs:subClassOf,rc:Shahaptian_EthnicGroupOfNewWorldNatives
rc:NezPerce_EthnicGroupOfNewWorldNatives,rdfs:subClassOf,owl:Thing
rc:AerosolCan,rdfs:subClassOf,rc:Can
rc:AerosolCan,rdfs:subClassOf,rc:Container_PressureBarrier
rc:AerosolCan,rdfs:subClassOf,rc:MechanicalDevice
rc:AerosolCan,rdfs:subClassOf,rc:SprayingDevice
rc:AerosolCan,rdfs:subClassOf,owl:Thing
rc:CreditReportDocument,rdfs:subClassOf,rc:FinancialDocument
rc:CreditReportDocument,rdfs:subClassOf,owl:Thing
rc:Odometer,rdfs:subClassOf,rc:AutoPart
rc:Odometer,rdfs:subClassOf,rc:InformationStorageDevice
rc:Odometer,rdfs:subClassOf,owl:Thing
rc:EthnicGroupOfHausa,rdfs:subClassOf,rc:EthnicGroupOfAfricans
rc:EthnicGroupOfHausa,rdfs:subClassOf,owl:Thing
rc:SensoryEnhancementDevice,rdfs:subClassOf,rc:DeviceTypeByFunction
rc:SensoryEnhancementDevice,rdfs:subClassOf,owl:Thing
rc:EthnicGroupOfSouthAsians,rdfs:subClassOf,rc:EthnicGroupOfAsians
rc:EthnicGroupOfSouthAsians,rdfs:subClassOf,owl:Thing
rc:SoapOpera,rdfs:subClassOf,rc:Serial_MediaProduct
rc:SoapOpera,rdfs:subClassOf,owl:Thing
rc:Megaphone,rdfs:subClassOf,rc:Audio_VisualEquipment
rc:Megaphone,rdfs:subClassOf,rc:PersonalCommunicationDevice
rc:Megaphone,rdfs:subClassOf,owl:Thing
rc:RenewableEnergyPolicy,rdfs:subClassOf,rc:PublicPolicy
rc:RenewableEnergyPolicy,rdfs:subClassOf,owl:Thing
rc:SkinHead,rdfs:subClassOf,rc:HumanWithShavedHeadHairstyle
rc:SkinHead,rdfs:subClassOf,owl:Thing
rc:CollegeBasketballCompetition,rdfs:subClassOf,rc:CollegeBasketball
rc:CollegeBasketballCompetition,rdfs:subClassOf,owl:Thing
rc:EthnicGroupOfBaya,rdfs:subClassOf,rc:EthnicGroupOfAfricans
rc:EthnicGroupOfBaya,rdfs:subClassOf,owl:Thing
rc:Morale,rdfs:subClassOf,rc:PersonalQuantity
rc:Morale,rdfs:subClassOf,rc:SocialQuantity
rc:Morale,rdfs:subClassOf,owl:Thing
rc:NeomodernArchitecture,rdfs:subClassOf,rc:ArchitecturalTypeByStyle
rc:NeomodernArchitecture,rdfs:subClassOf,owl:Thing
rc:Sprinkler,rdfs:subClassOf,rc:SprayingDevice
rc:Sprinkler,rdfs:subClassOf,owl:Thing
rc:BritishMuseum_Building,rdfs:subClassOf,rc:NeoclassicArchitecturalStyle
rc:BritishMuseum_Building,rdfs:subClassOf,owl:Thing
rc:EthnicGroupOfIndo_Aryans,rdfs:subClassOf,rc:EthnicGroupOfIndia
rc:EthnicGroupOfIndo_Aryans,rdfs:subClassOf,owl:Thing
rc:EthnicGroupOfSouthAmericanNatives,rdfs:subClassOf,rc:EthnicGroupOfNewWorldNatives
rc:EthnicGroupOfSouthAmericanNatives,rdfs:subClassOf,owl:Thing
rc:CarrotPlant,rdfs:subClassOf,rc:Apiaceae
rc:CarrotPlant,rdfs:subClassOf,owl:Thing
rc:EthnicGroupOfRom_Gypsy,rdfs:subClassOf,rc:EthnicGroupOfEuropeans
rc:EthnicGroupOfRom_Gypsy,rdfs:subClassOf,owl:Thing
rc:ManufacturingFacility,rdfs:subClassOf,rc:IndustrialBuildingStructure
rc:ManufacturingFacility,rdfs:subClassOf,owl:Thing
rc:TimingLight,rdfs:subClassOf,rc:AutomotiveDevice
rc:TimingLight,rdfs:subClassOf,owl:Thing
rc:AircraftWeightMeasurement,rdfs:subClassOf,rc:Mass
rc:AircraftWeightMeasurement,rdfs:subClassOf,owl:Thing
rc:CircassianDiaspora,rdfs:subClassOf,rc:Diaspora
rc:CircassianDiaspora,rdfs:subClassOf,rc:EthnicGroupOfCircassians
rc:CircassianDiaspora,rdfs:subClassOf,owl:Thing
rc:StrictlyFunctionalRelation,rdfs:subClassOf,rc:FunctionalRelation
rc:StrictlyFunctionalRelation,rdfs:subClassOf,owl:Thing
rc:KurdishJew,rdfs:subClassOf,rc:EthnicGroupOfKurds
rc:KurdishJew,rdfs:subClassOf,owl:Thing
rc:ThreeDimensionalQuantity,rdfs:subClassOf,rc:MultiDimensionalQuantity
rc:ThreeDimensionalQuantity,rdfs:subClassOf,owl:Thing
rc:FictionalCharacter,rdfs:subClassOf,rc:FictionalThing
rc:FictionalCharacter,rdfs:subClassOf,owl:Thing
rc:PotassiumPermanganate,rdfs:subClassOf,rc:OtherInorganicCompound
rc:PotassiumPermanganate,rdfs:subClassOf,owl:Thing
rc:Ultralight_Helicopter,rdfs:subClassOf,rc:RotaryWingAircraft
rc:Ultralight_Helicopter,rdfs:subClassOf,owl:Thing
rc:BarryGoldwater,rdfs:subClassOf,rc:Deceased
rc:BarryGoldwater,rdfs:subClassOf,owl:Thing
rc:Dancer_Performer,rdfs:subClassOf,rc:Artist_Performer
rc:Dancer_Performer,rdfs:subClassOf,owl:Thing
rc:SchedulingTransportation,rdfs:subClassOf,rc:MassTransitSystem
rc:SchedulingTransportation,rdfs:subClassOf,owl:Thing
rc:SkunkOdor,rdfs:subClassOf,rc:FoulOdor
rc:SkunkOdor,rdfs:subClassOf,owl:Thing
rc:DictionaryProgram,rdfs:subClassOf,rc:EducationalReferenceSoftware
rc:DictionaryProgram,rdfs:subClassOf,rc:ReferenceComputerProgram
rc:DictionaryProgram,rdfs:subClassOf,owl:Thing
rc:ReproductionDevice,rdfs:subClassOf,rc:PhysicalDevice
rc:ReproductionDevice,rdfs:subClassOf,owl:Thing
rc:ExactlySolvableModel,rdfs:subClassOf,rc:QuantumFieldTheory
rc:ExactlySolvableModel,rdfs:subClassOf,owl:Thing
rc:ElectricalCurrentLevel,rdfs:subClassOf,rc:NonAspectualQuantity
rc:ElectricalCurrentLevel,rdfs:subClassOf,rc:Rate
rc:ElectricalCurrentLevel,rdfs:subClassOf,owl:Thing
rc:EthnicGroupOfSesotho,rdfs:subClassOf,rc:EthnicGroupOfAfricans
rc:EthnicGroupOfSesotho,rdfs:subClassOf,owl:Thing
rc:Policy,rdfs:subClassOf,rc:NormativeSpecification
rc:Policy,rdfs:subClassOf,owl:Thing
rc:CottonBall,rdfs:subClassOf,rc:CleaningDevice
rc:CottonBall,rdfs:subClassOf,rc:Device_OneTimeUse
rc:CottonBall,rdfs:subClassOf,rc:Device_UserControlled
rc:CottonBall,rdfs:subClassOf,owl:Thing
rc:Occult,rdfs:subClassOf,rc:Paranormal
rc:Occult,rdfs:subClassOf,owl:Thing
rc:EthnicGroupOfMande,rdfs:subClassOf,rc:EthnicGroupOfAfricans
rc:EthnicGroupOfMande,rdfs:subClassOf,owl:Thing
rc:ComputerCable,rdfs:subClassOf,rc:ComputerHardwareComponent
rc:ComputerCable,rdfs:subClassOf,owl:Thing
rc:Reality,rdfs:subClassOf,rc:PhilosophicalConcept
rc:Reality,rdfs:subClassOf,owl:Thing
rc:EthnicGroupOfKikuyu,rdfs:subClassOf,rc:EthnicGroupOfAfricans
rc:EthnicGroupOfKikuyu,rdfs:subClassOf,owl:Thing
rc:ElectricalCapacitance,rdfs:subClassOf,rc:MultiDimensionalQuantity
rc:ElectricalCapacitance,rdfs:subClassOf,owl:Thing
rc:InuitInCanada,rdfs:subClassOf,rc:EthnicGroupOfInuit
rc:InuitInCanada,rdfs:subClassOf,owl:Thing
rc:Fabulist_Storyteller,rdfs:subClassOf,rc:Storyteller
rc:Fabulist_Storyteller,rdfs:subClassOf,owl:Thing
rc:Jetty,rdfs:subClassOf,rc:FlowControlDevice
rc:Jetty,rdfs:subClassOf,owl:Thing
rc:Principles,rdfs:subClassOf,kko:Concepts
rc:Principles,rdfs:subClassOf,owl:Thing
rc:EstonianJew,rdfs:subClassOf,rc:AshkenaziJews
rc:EstonianJew,rdfs:subClassOf,owl:Thing
rc:EthnicGroupOfYao,rdfs:subClassOf,rc:EthnicGroupOfAsians
rc:EthnicGroupOfYao,rdfs:subClassOf,owl:Thing
rc:ArtworksInMetal,rdfs:subClassOf,rc:Metalworking
rc:ArtworksInMetal,rdfs:subClassOf,owl:Thing
rc:Die_TheTool,rdfs:subClassOf,rc:SinglePurposeDevice
rc:Die_TheTool,rdfs:subClassOf,owl:Thing
rc:PhoneAnsweringMachineCombo,rdfs:subClassOf,rc:Telephone
rc:PhoneAnsweringMachineCombo,rdfs:subClassOf,owl:Thing
rc:ScottishWomen,rdfs:subClassOf,rc:EthnicGroupOfScots
rc:ScottishWomen,rdfs:subClassOf,owl:Thing
rc:TrashCompactor_Household,rdfs:subClassOf,rc:DomesticKitchenAppliance
rc:TrashCompactor_Household,rdfs:subClassOf,owl:Thing
rc:HooverDam,rdfs:subClassOf,rc:NationalTreasure
rc:HooverDam,rdfs:subClassOf,owl:Thing
rc:SirFrancisDrake_HistoricPerson,rdfs:subClassOf,rc:Deceased
rc:SirFrancisDrake_HistoricPerson,rdfs:subClassOf,owl:Thing
rc:EthnicGroupOfTemne,rdfs:subClassOf,rc:EthnicGroupOfAfricans
rc:EthnicGroupOfTemne,rdfs:subClassOf,owl:Thing
rc:Tutorial,rdfs:subClassOf,rc:Explanation
rc:Tutorial,rdfs:subClassOf,owl:Thing
rc:PeopleOfTheCaucasus,rdfs:subClassOf,rc:AsianPeople
rc:PeopleOfTheCaucasus,rdfs:subClassOf,owl:Thing
rc:DurationOfAMonarchsPower,rdfs:subClassOf,rc:Time_Quantity
rc:DurationOfAMonarchsPower,rdfs:subClassOf,owl:Thing
rc:Ballot_IBO,rdfs:subClassOf,rc:PublishedIBT
rc:Ballot_IBO,rdfs:subClassOf,owl:Thing
rc:ArchitecturalTypeByStyle,rdfs:subClassOf,rc:StyleAttribute
rc:ArchitecturalTypeByStyle,rdfs:subClassOf,owl:Thing
rc:MissileLauncher,rdfs:subClassOf,rc:ProjectileLauncher
rc:MissileLauncher,rdfs:subClassOf,owl:Thing
rc:Pessimism,rdfs:subClassOf,rc:PersonalQuantity
rc:Pessimism,rdfs:subClassOf,owl:Thing
rc:SurgeProtector,rdfs:subClassOf,rc:SinglePurposeDevice
rc:SurgeProtector,rdfs:subClassOf,owl:Thing
rc:AlmondTree,rdfs:subClassOf,rc:Rosaceae
rc:AlmondTree,rdfs:subClassOf,owl:Thing
rc:EthnicGroupOfDagestani,rdfs:subClassOf,rc:EthnicGroupOfAsians
rc:EthnicGroupOfDagestani,rdfs:subClassOf,owl:Thing
rc:SodiumDihydrogenPhosphate,rdfs:subClassOf,rc:InorganicSalt
rc:SodiumDihydrogenPhosphate,rdfs:subClassOf,owl:Thing
rc:WordOrPhrase,rdfs:subClassOf,rc:Vocabulary
rc:WordOrPhrase,rdfs:subClassOf,owl:Thing
rc:Hashish,rdfs:subClassOf,rc:CrudeDrug
rc:Hashish,rdfs:subClassOf,rc:PsychoactiveAgent
rc:Hashish,rdfs:subClassOf,owl:Thing
rc:TreeHouse,rdfs:subClassOf,rc:PrefabricatedResidentialBuildingStructure
rc:TreeHouse,rdfs:subClassOf,owl:Thing
rc:BiochemicalSynthesis,rdfs:subClassOf,rc:ChemicalSynthesis
rc:BiochemicalSynthesis,rdfs:subClassOf,owl:Thing
rc:DukeEllington,rdfs:subClassOf,rc:DanceBandLeader
rc:DukeEllington,rdfs:subClassOf,owl:Thing
rc:FrenchWomen,rdfs:subClassOf,rc:EthnicGroupOfFrench
rc:FrenchWomen,rdfs:subClassOf,owl:Thing
rc:FictionalWeapon,rdfs:subClassOf,rc:FictionalObject
rc:FictionalWeapon,rdfs:subClassOf,owl:Thing
rc:TelevisionStar,rdfs:subClassOf,rc:ActorOnTV
rc:TelevisionStar,rdfs:subClassOf,rc:Celebrity_Entertainment
rc:TelevisionStar,rdfs:subClassOf,owl:Thing
rc:GraphicalAIS,rdfs:subClassOf,rc:AbstractInformationStructure
rc:GraphicalAIS,rdfs:subClassOf,owl:Thing
rc:PollenGrain,rdfs:subClassOf,rc:Gametophyte
rc:PollenGrain,rdfs:subClassOf,owl:Thing
rc:Bleacher,rdfs:subClassOf,rc:SeatingDevice
rc:Bleacher,rdfs:subClassOf,owl:Thing
rc:TerrestrialDirection,rdfs:subClassOf,rc:Direction
rc:TerrestrialDirection,rdfs:subClassOf,owl:Thing
rc:BusinessPlanDocument,rdfs:subClassOf,rc:WebPage
rc:BusinessPlanDocument,rdfs:subClassOf,owl:Thing
rc:VisualWork,rdfs:subClassOf,rc:ConceptualWork
rc:VisualWork,rdfs:subClassOf,owl:Thing
rc:Skill,rdfs:subClassOf,rc:Capability
rc:Skill,rdfs:subClassOf,owl:Thing
rc:BlockPulley,rdfs:subClassOf,rc:MechanicalDevice
rc:BlockPulley,rdfs:subClassOf,rc:SimpleMachine
rc:BlockPulley,rdfs:subClassOf,owl:Thing
rc:DeadSeaScroll,rdfs:subClassOf,rc:Scroll
rc:DeadSeaScroll,rdfs:subClassOf,owl:Thing
rc:ComputerHardwareComponent,rdfs:subClassOf,rc:ComputerHardwareItem
rc:ComputerHardwareComponent,rdfs:subClassOf,owl:Thing
rc:NarrativeStyle,rdfs:subClassOf,rc:StyleAttribute
rc:NarrativeStyle,rdfs:subClassOf,owl:Thing
rc:CookBook,rdfs:subClassOf,rc:Book
rc:CookBook,rdfs:subClassOf,owl:Thing
rc:NavalArchitecture,rdfs:subClassOf,rc:CivilEngineering
rc:NavalArchitecture,rdfs:subClassOf,owl:Thing
rc:Steamboat,rdfs:subClassOf,rc:FuelPoweredDevice
rc:Steamboat,rdfs:subClassOf,owl:Thing
rc:Hazel_EyeColor,rdfs:subClassOf,rc:HumanEyeColor
rc:Hazel_EyeColor,rdfs:subClassOf,owl:Thing
rc:MannedSpacecraft,rdfs:subClassOf,rc:RocketPropelledTransportationDevice
rc:MannedSpacecraft,rdfs:subClassOf,rc:Spacecraft
rc:MannedSpacecraft,rdfs:subClassOf,owl:Thing
rc:Slang,rdfs:subClassOf,rc:Sociolinguistics
rc:Slang,rdfs:subClassOf,owl:Thing
rc:ConstructedHumanLanguage,rdfs:subClassOf,rc:DevisedStructuredActivity
rc:ConstructedHumanLanguage,rdfs:subClassOf,owl:Thing
rc:Encrypted,rdfs:subClassOf,rc:LimitedAccess
rc:Encrypted,rdfs:subClassOf,owl:Thing
rc:Kipchak,rdfs:subClassOf,rc:EthnicGroupOfTurks
rc:Kipchak,rdfs:subClassOf,owl:Thing
rc:ThrillerMovie,rdfs:subClassOf,rc:PropositionalConceptualWork_ThrillerGenre
rc:ThrillerMovie,rdfs:subClassOf,owl:Thing
rc:ProposalTypeByStatus,rdfs:subClassOf,rc:EvaluativeQuantity
rc:ProposalTypeByStatus,rdfs:subClassOf,owl:Thing
rc:TobaccoPlant,rdfs:subClassOf,rc:Solanaceae
rc:TobaccoPlant,rdfs:subClassOf,owl:Thing
rc:Pomor,rdfs:subClassOf,rc:EthnicGroupOfRussians
rc:Pomor,rdfs:subClassOf,owl:Thing
rc:EthnicGroupOfNauruans,rdfs:subClassOf,rc:EthnicGroupOfPolynesians
rc:EthnicGroupOfNauruans,rdfs:subClassOf,owl:Thing
rc:BotanicalArt,rdfs:subClassOf,rc:Botany
rc:BotanicalArt,rdfs:subClassOf,owl:Thing
rc:FictionalCompany,rdfs:subClassOf,rc:FictionalOrganization
rc:FictionalCompany,rdfs:subClassOf,owl:Thing
rc:EngineeringThermodynamics,rdfs:subClassOf,rc:ThermodynamicSystem
rc:EngineeringThermodynamics,rdfs:subClassOf,owl:Thing
rc:KnowledgeRepresentationSoftware,rdfs:subClassOf,rc:ArtificialIntelligenceProgram
rc:KnowledgeRepresentationSoftware,rdfs:subClassOf,owl:Thing
rc:MythologicalIsland,rdfs:subClassOf,rc:MythologicalPlace
rc:MythologicalIsland,rdfs:subClassOf,owl:Thing
rc:TVClip,rdfs:subClassOf,rc:TVMediaProduct
rc:TVClip,rdfs:subClassOf,owl:Thing
rc:SodiumBicarbonate,rdfs:subClassOf,rc:FoodIngredientOnly
rc:SodiumBicarbonate,rdfs:subClassOf,rc:InorganicSalt
rc:SodiumBicarbonate,rdfs:subClassOf,owl:Thing
rc:FantaseryeAndTelefantasya,rdfs:subClassOf,rc:FantasyGenre
rc:FantaseryeAndTelefantasya,rdfs:subClassOf,owl:Thing
rc:InternetCelebrity,rdfs:subClassOf,rc:Celebrity
rc:InternetCelebrity,rdfs:subClassOf,owl:Thing
rc:ScatteringAbsorptionRadiativeOptics,rdfs:subClassOf,rc:ElectromagneticRadiation
rc:ScatteringAbsorptionRadiativeOptics,rdfs:subClassOf,owl:Thing
rc:InLineSkate,rdfs:subClassOf,rc:Device_UserControlled
rc:InLineSkate,rdfs:subClassOf,owl:Thing
rc:Guitarist,rdfs:subClassOf,rc:MusicalInstrumentPlayer
rc:Guitarist,rdfs:subClassOf,owl:Thing
rc:BloodTypeByRhFactor,rdfs:subClassOf,rc:BloodType
rc:BloodTypeByRhFactor,rdfs:subClassOf,owl:Thing
rc:DragKing,rdfs:subClassOf,rc:HumanTypeBySexualOrientation
rc:DragKing,rdfs:subClassOf,owl:Thing
rc:KingHenryVIII,rdfs:subClassOf,rc:King_HeadOfState
rc:KingHenryVIII,rdfs:subClassOf,owl:Thing
rc:Regulation,rdfs:subClassOf,rc:Statute
rc:Regulation,rdfs:subClassOf,owl:Thing
rc:Rohan,rdfs:subClassOf,rc:FictionalPlace
rc:Rohan,rdfs:subClassOf,owl:Thing
rc:ElectricAlarmClock,rdfs:subClassOf,rc:ElectronicHouseholdAppliance
rc:ElectricAlarmClock,rdfs:subClassOf,owl:Thing
rc:NuclearTerrorism,rdfs:subClassOf,rc:NuclearAttack
rc:NuclearTerrorism,rdfs:subClassOf,owl:Thing
rc:VectorInterval,rdfs:subClassOf,rc:ScalarOrVectorInterval
rc:VectorInterval,rdfs:subClassOf,owl:Thing
rc:Incidence,rdfs:subClassOf,rc:Rate
rc:Incidence,rdfs:subClassOf,owl:Thing
rc:MythologyByCulture,rdfs:subClassOf,rc:MythologicalThing
rc:MythologyByCulture,rdfs:subClassOf,owl:Thing
rc:GrammaticalNumber,rdfs:subClassOf,rc:Syntax
rc:GrammaticalNumber,rdfs:subClassOf,owl:Thing
rc:PoliceBarrack,rdfs:subClassOf,rc:PoliceFacility
rc:PoliceBarrack,rdfs:subClassOf,owl:Thing
rc:Deceased,rdfs:subClassOf,rc:OrganismTypeByExistentialStatus
rc:Deceased,rdfs:subClassOf,owl:Thing
rc:CompactDiscOrganizer,rdfs:subClassOf,rc:Organizer
rc:CompactDiscOrganizer,rdfs:subClassOf,rc:StorageConstruct
rc:CompactDiscOrganizer,rdfs:subClassOf,owl:Thing
rc:Auction_Event,rdfs:subClassOf,rc:Distribution
rc:Auction_Event,rdfs:subClassOf,owl:Thing
rc:ReproductiveToxicant,rdfs:subClassOf,rc:Infertile
rc:ReproductiveToxicant,rdfs:subClassOf,owl:Thing
rc:EthnicGroupOfBantus,rdfs:subClassOf,rc:EthnicGroupOfAfricans
rc:EthnicGroupOfBantus,rdfs:subClassOf,owl:Thing
rc:Pump_Mechanical,rdfs:subClassOf,rc:MechanicalDevice
rc:Pump_Mechanical,rdfs:subClassOf,rc:Pump_Generic
rc:Pump_Mechanical,rdfs:subClassOf,owl:Thing
rc:Existentialism,rdfs:subClassOf,rc:Individuality
rc:Existentialism,rdfs:subClassOf,owl:Thing
rc:Drumstick,rdfs:subClassOf,rc:Device_SingleUser
rc:Drumstick,rdfs:subClassOf,owl:Thing
rc:OilPressureGauge,rdfs:subClassOf,rc:AutoPart
rc:OilPressureGauge,rdfs:subClassOf,owl:Thing
rc:ChildPoverty,rdfs:subClassOf,rc:Poverty
rc:ChildPoverty,rdfs:subClassOf,owl:Thing
rc:Lemuria,rdfs:subClassOf,rc:MythologicalPlace
rc:Lemuria,rdfs:subClassOf,owl:Thing
rc:GeographicalQuantity,rdfs:subClassOf,rc:TangiblePhysicalQuantity
rc:GeographicalQuantity,rdfs:subClassOf,owl:Thing
rc:FictionalLanguage,rdfs:subClassOf,rc:FictionalThing
rc:FictionalLanguage,rdfs:subClassOf,owl:Thing
rc:Hoe,rdfs:subClassOf,rc:CuttingDevice
rc:Hoe,rdfs:subClassOf,rc:Device_UserPowered
rc:Hoe,rdfs:subClassOf,owl:Thing
rc:EDGESpecies,rdfs:subClassOf,rc:Biodiversity
rc:EDGESpecies,rdfs:subClassOf,owl:Thing
rc:NetForceQuantity,rdfs:subClassOf,rc:ForceQuantity
rc:NetForceQuantity,rdfs:subClassOf,owl:Thing
rc:LateralDirection,rdfs:subClassOf,rc:AnatomicalDirection
rc:LateralDirection,rdfs:subClassOf,owl:Thing
rc:BoysUniform,rdfs:subClassOf,rc:BoysClothing
rc:BoysUniform,rdfs:subClassOf,owl:Thing
rc:NaziArchitecture,rdfs:subClassOf,rc:NeoclassicArchitecturalStyle
rc:NaziArchitecture,rdfs:subClassOf,owl:Thing
rc:WrinkleRemovingDevice,rdfs:subClassOf,rc:DomesticBathAppliance
rc:WrinkleRemovingDevice,rdfs:subClassOf,rc:HandTool
rc:WrinkleRemovingDevice,rdfs:subClassOf,owl:Thing
rc:Landscaping,rdfs:subClassOf,rc:FacilityMaintenanceRepairService
rc:Landscaping,rdfs:subClassOf,owl:Thing
rc:Zero,rdfs:subClassOf,rc:NonNegativeInteger
rc:Zero,rdfs:subClassOf,owl:Thing
rc:CarTray,rdfs:subClassOf,rc:Tray
rc:CarTray,rdfs:subClassOf,owl:Thing
rc:Earl,rdfs:subClassOf,rc:MaleHuman
rc:Earl,rdfs:subClassOf,owl:Thing
rc:StructurallySpecificWork,rdfs:subClassOf,rc:ConceptualWork
rc:StructurallySpecificWork,rdfs:subClassOf,owl:Thing
rc:CastleArchitecturalStyle,rdfs:subClassOf,rc:ArchitecturalTypeByStyle
rc:CastleArchitecturalStyle,rdfs:subClassOf,owl:Thing
rc:Avatar_ComputerImage,rdfs:subClassOf,rc:SymbolicThing
rc:Avatar_ComputerImage,rdfs:subClassOf,owl:Thing
rc:ForceVector,rdfs:subClassOf,rc:VectorQuantity
rc:ForceVector,rdfs:subClassOf,owl:Thing
rc:Juggler,rdfs:subClassOf,rc:Acrobat
rc:Juggler,rdfs:subClassOf,owl:Thing
rc:Inspecting,rdfs:subClassOf,rc:TransportService
rc:Inspecting,rdfs:subClassOf,owl:Thing
rc:Simulator,rdfs:subClassOf,rc:PoweredDevice
rc:Simulator,rdfs:subClassOf,owl:Thing
rc:Spice,rdfs:subClassOf,rc:VegetableMatter
rc:Spice,rdfs:subClassOf,owl:Thing
rc:HomeElectronicsMarketCategory,rdfs:subClassOf,rc:ProductTypeByMarketCategory
rc:HomeElectronicsMarketCategory,rdfs:subClassOf,owl:Thing
rc:Molarity,rdfs:subClassOf,rc:ConcentrationStrength
rc:Molarity,rdfs:subClassOf,owl:Thing
rc:UtilityPole,rdfs:subClassOf,rc:ElectricalTransmissionDistributionEquipment
rc:UtilityPole,rdfs:subClassOf,owl:Thing
rc:AngelaMerkel,rdfs:subClassOf,rc:Chancellor_HeadOfGovernment
rc:AngelaMerkel,rdfs:subClassOf,owl:Thing
rc:EthnicGroupOfGreeks,rdfs:subClassOf,rc:EthnicGroupOfEuropeans
rc:EthnicGroupOfGreeks,rdfs:subClassOf,owl:Thing
rc:MortgageCertificate,rdfs:subClassOf,rc:WrittenLegalAgreement
rc:MortgageCertificate,rdfs:subClassOf,owl:Thing
rc:SeljukArchitecture,rdfs:subClassOf,rc:ArchitecturalTypeByStyle
rc:SeljukArchitecture,rdfs:subClassOf,owl:Thing
rc:IntravenousEquipment,rdfs:subClassOf,rc:MechanicalDevice
rc:IntravenousEquipment,rdfs:subClassOf,owl:Thing
rc:Tobacco,rdfs:subClassOf,rc:PlantProduct
rc:Tobacco,rdfs:subClassOf,owl:Thing
rc:WeatherQuantity,rdfs:subClassOf,rc:GeographicalQuantity
rc:WeatherQuantity,rdfs:subClassOf,owl:Thing
rc:ConventionOnBiologicalDiversity,rdfs:subClassOf,rc:Biodiversity
rc:ConventionOnBiologicalDiversity,rdfs:subClassOf,owl:Thing
rc:EnergyPhysics,rdfs:subClassOf,rc:Physics
rc:EnergyPhysics,rdfs:subClassOf,owl:Thing
rc:SCSICable,rdfs:subClassOf,rc:Path_InfoTransfer
rc:SCSICable,rdfs:subClassOf,owl:Thing
rc:RomanEmpireInArtAndCulture,rdfs:subClassOf,rc:ArchaeologicalCulture
rc:RomanEmpireInArtAndCulture,rdfs:subClassOf,owl:Thing
rc:Breakwater,rdfs:subClassOf,rc:Wall_Vertical
rc:Breakwater,rdfs:subClassOf,owl:Thing
rc:Hairstyle,rdfs:subClassOf,rc:FashionableStyle
rc:Hairstyle,rdfs:subClassOf,owl:Thing
rc:PotassiumBromide,rdfs:subClassOf,rc:InorganicSalt
rc:PotassiumBromide,rdfs:subClassOf,owl:Thing
rc:EthnicGroupOfRuthenians,rdfs:subClassOf,rc:EthnicGroupOfSlavs
rc:EthnicGroupOfRuthenians,rdfs:subClassOf,owl:Thing
rc:PolishJew,rdfs:subClassOf,rc:AshkenaziJews
rc:PolishJew,rdfs:subClassOf,owl:Thing
rc:MeatGrinder,rdfs:subClassOf,rc:GrindingDevice
rc:MeatGrinder,rdfs:subClassOf,owl:Thing
rc:RedAlgaeGenus,rdfs:subClassOf,rc:RedAlgae
rc:RedAlgaeGenus,rdfs:subClassOf,owl:Thing
rc:ChristmasLightString,rdfs:subClassOf,rc:ElectricalLightingDevice
rc:ChristmasLightString,rdfs:subClassOf,owl:Thing
rc:SteeringWheel,rdfs:subClassOf,rc:Device_UserControlled
rc:SteeringWheel,rdfs:subClassOf,owl:Thing
rc:Integer,rdfs:subClassOf,rc:RationalNumber
rc:Integer,rdfs:subClassOf,owl:Thing
rc:CorsicanDiaspora,rdfs:subClassOf,rc:Diaspora
rc:CorsicanDiaspora,rdfs:subClassOf,owl:Thing
rc:VacationRental,rdfs:subClassOf,rc:EntertainmentService
rc:VacationRental,rdfs:subClassOf,owl:Thing
rc:CoordinateSystem,rdfs:subClassOf,rc:FrameOfReference
rc:CoordinateSystem,rdfs:subClassOf,owl:Thing
rc:Stent,rdfs:subClassOf,rc:Pipe_ConduitArtifact
rc:Stent,rdfs:subClassOf,owl:Thing
rc:RearWindowWiperAndWasher,rdfs:subClassOf,rc:CleaningDevice
rc:RearWindowWiperAndWasher,rdfs:subClassOf,owl:Thing
rc:PowerEngineering,rdfs:subClassOf,rc:ElectricalEngineeringField
rc:PowerEngineering,rdfs:subClassOf,owl:Thing
rc:ZincSulfate,rdfs:subClassOf,rc:InorganicSalt
rc:ZincSulfate,rdfs:subClassOf,owl:Thing
rc:CottonSwab,rdfs:subClassOf,rc:CleaningDevice
rc:CottonSwab,rdfs:subClassOf,rc:Device_OneTimeUse
rc:CottonSwab,rdfs:subClassOf,rc:Device_UserControlled
rc:CottonSwab,rdfs:subClassOf,rc:DisposableProduct
rc:CottonSwab,rdfs:subClassOf,owl:Thing
rc:VehicleRegistrationPlate,rdfs:subClassOf,rc:RoadSystem
rc:VehicleRegistrationPlate,rdfs:subClassOf,owl:Thing
rc:Stretcher,rdfs:subClassOf,rc:MusclePoweredDevice
rc:Stretcher,rdfs:subClassOf,owl:Thing
rc:EthnicGroupOfMalays,rdfs:subClassOf,rc:EthnicGroupOfEastIndians
rc:EthnicGroupOfMalays,rdfs:subClassOf,owl:Thing
rc:BicycleBrakeCable,rdfs:subClassOf,rc:Device_UserPowered
rc:BicycleBrakeCable,rdfs:subClassOf,owl:Thing
rc:ActorOnTV,rdfs:subClassOf,rc:Actor
rc:ActorOnTV,rdfs:subClassOf,owl:Thing
rc:Ultralight,rdfs:subClassOf,rc:AircraftByType
rc:Ultralight,rdfs:subClassOf,rc:FuelPoweredDevice
rc:Ultralight,rdfs:subClassOf,owl:Thing
rc:FictionalHuman,rdfs:subClassOf,rc:FictionalCharacter
rc:FictionalHuman,rdfs:subClassOf,owl:Thing
rc:EthnicGroupOfWhiteSouthAfricans,rdfs:subClassOf,rc:EthnicGroupOfAfricans
rc:EthnicGroupOfWhiteSouthAfricans,rdfs:subClassOf,rc:EthnicGroupOfCaucasians
rc:EthnicGroupOfWhiteSouthAfricans,rdfs:subClassOf,owl:Thing
rc:Neptunium,rdfs:subClassOf,rc:TransuraniumElement
rc:Neptunium,rdfs:subClassOf,owl:Thing
rc:BakingChocolate_Unsweetened,rdfs:subClassOf,rc:BitterTaste
rc:BakingChocolate_Unsweetened,rdfs:subClassOf,owl:Thing
rc:IodicAcid,rdfs:subClassOf,rc:InorganicAcid
rc:IodicAcid,rdfs:subClassOf,owl:Thing
rc:PrimeMinisterOfVietnam,rdfs:subClassOf,rc:PrimeMinister_HeadOfGovernment
rc:PrimeMinisterOfVietnam,rdfs:subClassOf,owl:Thing
rc:LanguageInterpretation,rdfs:subClassOf,rc:AppliedLinguistics
rc:LanguageInterpretation,rdfs:subClassOf,owl:Thing
rc:Splint,rdfs:subClassOf,rc:NonPoweredDevice
rc:Splint,rdfs:subClassOf,owl:Thing
rc:SkiCarrier,rdfs:subClassOf,rc:MechanicalDevice
rc:SkiCarrier,rdfs:subClassOf,owl:Thing
rc:DramaticPerformance,rdfs:subClassOf,rc:InformationBearingPerformance
rc:DramaticPerformance,rdfs:subClassOf,owl:Thing
rc:FormerRailwayStation,rdfs:subClassOf,rc:Abandoned_ConstructionArtifact
rc:FormerRailwayStation,rdfs:subClassOf,owl:Thing
rc:DisplacementReaction,rdfs:subClassOf,rc:ChemicalReaction
rc:DisplacementReaction,rdfs:subClassOf,owl:Thing
rc:EthnicGroupOfMeru,rdfs:subClassOf,rc:EthnicGroupOfAfricans
rc:EthnicGroupOfMeru,rdfs:subClassOf,owl:Thing
rc:PotassiumIodide,rdfs:subClassOf,rc:InorganicSalt
rc:PotassiumIodide,rdfs:subClassOf,owl:Thing
rc:AcholiPeople,rdfs:subClassOf,rc:EthnicGroupOfAcholi
rc:AcholiPeople,rdfs:subClassOf,owl:Thing
rc:VideoCassette,rdfs:subClassOf,rc:HomeElectronicsMarketCategory
rc:VideoCassette,rdfs:subClassOf,owl:Thing
rc:PlaygroundEquipment,rdfs:subClassOf,rc:MechanicalDevice
rc:PlaygroundEquipment,rdfs:subClassOf,owl:Thing
rc:VideoGameCharacter,rdfs:subClassOf,rc:FictionalCharacter
rc:VideoGameCharacter,rdfs:subClassOf,owl:Thing
rc:FoulOdor,rdfs:subClassOf,rc:Odor
rc:FoulOdor,rdfs:subClassOf,owl:Thing
rc:AlarmSound,rdfs:subClassOf,rc:SoundInformationBearingThing
rc:AlarmSound,rdfs:subClassOf,owl:Thing
rc:Interval_BoundedAbove,rdfs:subClassOf,rc:Interval_Bounded
rc:Interval_BoundedAbove,rdfs:subClassOf,owl:Thing
rc:AcademicTesting,rdfs:subClassOf,rc:Test_Assessment
rc:AcademicTesting,rdfs:subClassOf,owl:Thing
rc:Helicopter,rdfs:subClassOf,rc:FuelPoweredDevice
rc:Helicopter,rdfs:subClassOf,owl:Thing
rc:PopulationModel,rdfs:subClassOf,rc:PopulationOfType_Organism_Whole
rc:PopulationModel,rdfs:subClassOf,rc:Population_Ecological
rc:PopulationModel,rdfs:subClassOf,owl:Thing
rc:LinguisticMorphology,rdfs:subClassOf,rc:LinguisticsDiscipline
rc:LinguisticMorphology,rdfs:subClassOf,owl:Thing
rc:RadioPersonality,rdfs:subClassOf,rc:Entertainer
rc:RadioPersonality,rdfs:subClassOf,owl:Thing
rc:CountsOfHabsburg,rdfs:subClassOf,rc:Count_Nobleman
rc:CountsOfHabsburg,rdfs:subClassOf,owl:Thing
rc:NeoFuturismArchitecture,rdfs:subClassOf,rc:ArchitecturalTypeByStyle
rc:NeoFuturismArchitecture,rdfs:subClassOf,owl:Thing
rc:HotChocolate,rdfs:subClassOf,rc:ArtificialDrink
rc:HotChocolate,rdfs:subClassOf,rc:SweetTaste
rc:HotChocolate,rdfs:subClassOf,owl:Thing
rc:InfraredSolarCell,rdfs:subClassOf,rc:InfraredRadiation
rc:InfraredSolarCell,rdfs:subClassOf,owl:Thing
rc:BurjiSultan,rdfs:subClassOf,rc:Sultan_HeadOfState
rc:BurjiSultan,rdfs:subClassOf,owl:Thing
rc:WesternMovie,rdfs:subClassOf,rc:WesternStory_Generic
rc:WesternMovie,rdfs:subClassOf,owl:Thing
rc:Anthem,rdfs:subClassOf,rc:SymbolicThing
rc:Anthem,rdfs:subClassOf,owl:Thing
rc:Sultan_HeadOfState,rdfs:subClassOf,rc:HeadOfState
rc:Sultan_HeadOfState,rdfs:subClassOf,owl:Thing
rc:EthnicGroupOfSererNdut,rdfs:subClassOf,rc:EthnicGroupOfSerer
rc:EthnicGroupOfSererNdut,rdfs:subClassOf,owl:Thing
rc:WomensLeadershipSchool,rdfs:subClassOf,rc:Leadership
rc:WomensLeadershipSchool,rdfs:subClassOf,owl:Thing
rc:ClosetOrganizer,rdfs:subClassOf,rc:Organizer
rc:ClosetOrganizer,rdfs:subClassOf,rc:StorageConstruct
rc:ClosetOrganizer,rdfs:subClassOf,owl:Thing
rc:ByzantineRevivalArchitecture,rdfs:subClassOf,rc:ArchitecturalTypeByStyle
rc:ByzantineRevivalArchitecture,rdfs:subClassOf,owl:Thing
rc:MagicalThinking,rdfs:subClassOf,rc:Magic
rc:MagicalThinking,rdfs:subClassOf,owl:Thing
rc:HouseOfAfifGessaphe,rdfs:subClassOf,rc:EthnicGroupOfMaronites
rc:HouseOfAfifGessaphe,rdfs:subClassOf,owl:Thing
rc:GravitationalForceQuantity,rdfs:subClassOf,rc:ForceQuantity
rc:GravitationalForceQuantity,rdfs:subClassOf,owl:Thing
rc:SnowBrush,rdfs:subClassOf,rc:NonPoweredDevice
rc:SnowBrush,rdfs:subClassOf,owl:Thing
rc:ClockRadio,rdfs:subClassOf,rc:MultiPurposeDevice
rc:ClockRadio,rdfs:subClassOf,rc:Radio
rc:ClockRadio,rdfs:subClassOf,owl:Thing
rc:Actor_Voice,rdfs:subClassOf,rc:Actor
rc:Actor_Voice,rdfs:subClassOf,owl:Thing
rc:MedicalEthics,rdfs:subClassOf,rc:Bioethics
rc:MedicalEthics,rdfs:subClassOf,owl:Thing
rc:AnimalTypeByMaturity,rdfs:subClassOf,rc:OrganismTypeByLifeStage
rc:AnimalTypeByMaturity,rdfs:subClassOf,owl:Thing
rc:RussianLanguageEducation,rdfs:subClassOf,rc:LanguageEducation
rc:RussianLanguageEducation,rdfs:subClassOf,owl:Thing
rc:Jute,rdfs:subClassOf,rc:VegetableMatter
rc:Jute,rdfs:subClassOf,owl:Thing
rc:CoffeeMaker,rdfs:subClassOf,rc:DomesticKitchenAppliance
rc:CoffeeMaker,rdfs:subClassOf,rc:FoodOrDrinkPreparationDevice
rc:CoffeeMaker,rdfs:subClassOf,owl:Thing
rc:Modernity,rdfs:subClassOf,rc:Rating
rc:Modernity,rdfs:subClassOf,owl:Thing
rc:Fan_ElectricalAppliance,rdfs:subClassOf,rc:ClimateControlDevice
rc:Fan_ElectricalAppliance,rdfs:subClassOf,owl:Thing
rc:TangiblePhysicalQuantity,rdfs:subClassOf,rc:PhysicalQuantity
rc:TangiblePhysicalQuantity,rdfs:subClassOf,owl:Thing
rc:Imagination,rdfs:subClassOf,rc:Creativity
rc:Imagination,rdfs:subClassOf,owl:Thing
rc:Freshness,rdfs:subClassOf,rc:EvaluativeQuantity
rc:Freshness,rdfs:subClassOf,owl:Thing
rc:Prince,rdfs:subClassOf,rc:MaleHuman
rc:Prince,rdfs:subClassOf,owl:Thing
rc:GasStoveBurner,rdfs:subClassOf,rc:NaturalGasPoweredDevice
rc:GasStoveBurner,rdfs:subClassOf,owl:Thing
rc:LocationAssociatedWithArthurianLegend,rdfs:subClassOf,rc:MythologicalPlace
rc:LocationAssociatedWithArthurianLegend,rdfs:subClassOf,owl:Thing
rc:ComplexSystem,rdfs:subClassOf,rc:System
rc:ComplexSystem,rdfs:subClassOf,owl:Thing
rc:WardrobeRack,rdfs:subClassOf,rc:Rack_Holder
rc:WardrobeRack,rdfs:subClassOf,owl:Thing
rc:PedalBoat,rdfs:subClassOf,rc:Device_UserPowered
rc:PedalBoat,rdfs:subClassOf,owl:Thing
rc:Hazarajat,rdfs:subClassOf,rc:EthnicGroupOfHazara
rc:Hazarajat,rdfs:subClassOf,owl:Thing
rc:MuhajirDiaspora,rdfs:subClassOf,rc:Diaspora
rc:MuhajirDiaspora,rdfs:subClassOf,rc:EthnicGroupOfMuhajir
rc:MuhajirDiaspora,rdfs:subClassOf,owl:Thing
rc:Tweezers,rdfs:subClassOf,rc:Device_UserPowered
rc:Tweezers,rdfs:subClassOf,owl:Thing
rc:PokerChip,rdfs:subClassOf,rc:NonPoweredDevice
rc:PokerChip,rdfs:subClassOf,owl:Thing
rc:MassOrSpatialQuantity,rdfs:subClassOf,rc:MeasurableQuantity
rc:MassOrSpatialQuantity,rdfs:subClassOf,rc:PhysicalQuantity
rc:MassOrSpatialQuantity,rdfs:subClassOf,owl:Thing
rc:EthnicGroupOfCreoles,rdfs:subClassOf,rc:EthnicGroupOfAfricans
rc:EthnicGroupOfCreoles,rdfs:subClassOf,rc:EthnicGroupOfEuropeans
rc:EthnicGroupOfCreoles,rdfs:subClassOf,rc:EthnicGroupOfMixedRace
rc:EthnicGroupOfCreoles,rdfs:subClassOf,owl:Thing
rc:CatalyticActivity,rdfs:subClassOf,rc:CatalyticReaction
rc:CatalyticActivity,rdfs:subClassOf,owl:Thing
rc:OldHuman,rdfs:subClassOf,rc:HumanAdult
rc:OldHuman,rdfs:subClassOf,owl:Thing
rc:Insulin,rdfs:subClassOf,rc:ProteinStuff
rc:Insulin,rdfs:subClassOf,owl:Thing
rc:Cheerleader,rdfs:subClassOf,rc:Entertainer
rc:Cheerleader,rdfs:subClassOf,rc:FemaleHuman
rc:Cheerleader,rdfs:subClassOf,owl:Thing
rc:SolidPlastic,rdfs:subClassOf,rc:SolidTangibleArtifact
rc:SolidPlastic,rdfs:subClassOf,owl:Thing
rc:ThesaurusProgram,rdfs:subClassOf,rc:ReferenceComputerProgram
rc:ThesaurusProgram,rdfs:subClassOf,owl:Thing
rc:TransportationComponentSystem,rdfs:subClassOf,rc:SystemOfDevices
rc:TransportationComponentSystem,rdfs:subClassOf,owl:Thing
rc:WateringCan,rdfs:subClassOf,rc:DeviceWithNoMovingParts
rc:WateringCan,rdfs:subClassOf,rc:NonPoweredDevice
rc:WateringCan,rdfs:subClassOf,owl:Thing
rc:Tractor,rdfs:subClassOf,rc:InternalCombustionPoweredDevice
rc:Tractor,rdfs:subClassOf,owl:Thing
rc:CutCard,rdfs:subClassOf,rc:RandomFrequency
rc:CutCard,rdfs:subClassOf,owl:Thing
rc:RateOfChangeInQuantity_Speed,rdfs:subClassOf,rc:Rate
rc:RateOfChangeInQuantity_Speed,rdfs:subClassOf,owl:Thing
rc:ComputerPowerSupply,rdfs:subClassOf,rc:PowerConditioningEquipment
rc:ComputerPowerSupply,rdfs:subClassOf,owl:Thing
rc:InternationalTrade,rdfs:subClassOf,rc:ConveyingMaterials
rc:InternationalTrade,rdfs:subClassOf,rc:TradePolicyService
rc:InternationalTrade,rdfs:subClassOf,owl:Thing
rc:LinkageSystem,rdfs:subClassOf,rc:MechanicalDevice
rc:LinkageSystem,rdfs:subClassOf,owl:Thing
rc:Conjecture,rdfs:subClassOf,rc:MathematicalLogic
rc:Conjecture,rdfs:subClassOf,owl:Thing
rc:EcologicalIndicator,rdfs:subClassOf,rc:Sustainability
rc:EcologicalIndicator,rdfs:subClassOf,owl:Thing
rc:EthnicGroupOfAnglo_Irish,rdfs:subClassOf,rc:EthnicGroupOfEnglish
rc:EthnicGroupOfAnglo_Irish,rdfs:subClassOf,owl:Thing
rc:Fennel,rdfs:subClassOf,rc:Apiaceae
rc:Fennel,rdfs:subClassOf,owl:Thing
rc:Quarry,rdfs:subClassOf,rc:Mine_ExcavationFacility
rc:Quarry,rdfs:subClassOf,owl:Thing
rc:Password,rdfs:subClassOf,rc:IDString
rc:Password,rdfs:subClassOf,owl:Thing
rc:CreditCardAuthorizationForm,rdfs:subClassOf,rc:Form_StandardizedIBO
rc:CreditCardAuthorizationForm,rdfs:subClassOf,owl:Thing
rc:Unemployment,rdfs:subClassOf,rc:Shortage
rc:Unemployment,rdfs:subClassOf,owl:Thing
rc:Cold,rdfs:subClassOf,rc:Temperature
rc:Cold,rdfs:subClassOf,owl:Thing
rc:Elf,rdfs:subClassOf,rc:MythologicalCreature
rc:Elf,rdfs:subClassOf,owl:Thing
rc:HerbertHoover,rdfs:subClassOf,rc:UnitedStatesPresident
rc:HerbertHoover,rdfs:subClassOf,owl:Thing
rc:Afrancesado,rdfs:subClassOf,rc:EthnicGroupOfSpain
rc:Afrancesado,rdfs:subClassOf,owl:Thing
rc:InuitInTheUnitedStates,rdfs:subClassOf,rc:EthnicGroupOfInuit
rc:InuitInTheUnitedStates,rdfs:subClassOf,owl:Thing
rc:Cornerstone,rdfs:subClassOf,rc:ConstructionBlock
rc:Cornerstone,rdfs:subClassOf,owl:Thing
kko:VisualInfo,rdfs:subClassOf,kko:AVInfo
kko:VisualInfo,rdfs:subClassOf,owl:Thing
rc:IntelligentTransportationSystem,rdfs:subClassOf,rc:PhysicalSystem
rc:IntelligentTransportationSystem,rdfs:subClassOf,owl:Thing
rc:EthnicGroupOfAmhara,rdfs:subClassOf,rc:EthnicGroupOfAfricans
rc:EthnicGroupOfAmhara,rdfs:subClassOf,owl:Thing
rc:Bioethanol,rdfs:subClassOf,rc:Biofuel
rc:Bioethanol,rdfs:subClassOf,owl:Thing
rc:Earthwork,rdfs:subClassOf,rc:ArtifactualFeatureType
rc:Earthwork,rdfs:subClassOf,owl:Thing
rc:Concentration_PartsPerVolume,rdfs:subClassOf,rc:ConcentrationStrength
rc:Concentration_PartsPerVolume,rdfs:subClassOf,owl:Thing
rc:IceCubeTray,rdfs:subClassOf,rc:Tray
rc:IceCubeTray,rdfs:subClassOf,owl:Thing
rc:ThematicGenre,rdfs:subClassOf,rc:GenreTypes
rc:ThematicGenre,rdfs:subClassOf,owl:Thing
rc:EthnicGroupOfKalenjin,rdfs:subClassOf,rc:EthnicGroupOfAfricans
rc:EthnicGroupOfKalenjin,rdfs:subClassOf,owl:Thing
rc:KensingtonPalace_London,rdfs:subClassOf,rc:OfficialResidence
rc:KensingtonPalace_London,rdfs:subClassOf,owl:Thing
rc:PhotoFlashBulbAttachment,rdfs:subClassOf,rc:PhotographicFlashDevice
rc:PhotoFlashBulbAttachment,rdfs:subClassOf,owl:Thing
rc:AlternativeMedicalTreatment,rdfs:subClassOf,rc:AlternativeMedicine
rc:AlternativeMedicalTreatment,rdfs:subClassOf,owl:Thing
rc:CharlesBabbage,rdfs:subClassOf,rc:Inventor
rc:CharlesBabbage,rdfs:subClassOf,owl:Thing
rc:WineRack,rdfs:subClassOf,rc:Rack_Holder
rc:WineRack,rdfs:subClassOf,owl:Thing
rc:EthnicGroupOfNilotics,rdfs:subClassOf,rc:EthnicGroupOfAfricans
rc:EthnicGroupOfNilotics,rdfs:subClassOf,owl:Thing
rc:LikelySuspect,rdfs:subClassOf,rc:EvaluativeQuantity
rc:LikelySuspect,rdfs:subClassOf,owl:Thing
rc:Interval_Bounded,rdfs:subClassOf,rc:ScalarInterval
rc:Interval_Bounded,rdfs:subClassOf,owl:Thing
rc:Intention,rdfs:subClassOf,rc:FreedomOfAction
rc:Intention,rdfs:subClassOf,owl:Thing
rc:FoodProcessing,rdfs:subClassOf,rc:Machinery
rc:FoodProcessing,rdfs:subClassOf,owl:Thing
rc:RenaissanceArchitecture,rdfs:subClassOf,rc:ArchitecturalTypeByStyle
rc:RenaissanceArchitecture,rdfs:subClassOf,owl:Thing
rc:SimultaneousEquationMethodsEconometrics,rdfs:subClassOf,rc:MathematicalMethod
rc:SimultaneousEquationMethodsEconometrics,rdfs:subClassOf,owl:Thing
rc:Harness,rdfs:subClassOf,rc:NonPoweredDevice
rc:Harness,rdfs:subClassOf,owl:Thing
rc:PuebloPeople,rdfs:subClassOf,rc:EthnicGroupOfPuebloans
rc:PuebloPeople,rdfs:subClassOf,owl:Thing
rc:CastorOil,rdfs:subClassOf,rc:SeedOil
rc:CastorOil,rdfs:subClassOf,owl:Thing
rc:GoldenGateBridge,rdfs:subClassOf,rc:Bridge
rc:GoldenGateBridge,rdfs:subClassOf,owl:Thing
rc:Bandage,rdfs:subClassOf,rc:Device_OneTimeUse
rc:Bandage,rdfs:subClassOf,rc:NonPoweredDevice
rc:Bandage,rdfs:subClassOf,owl:Thing
rc:EthnicGroupOfGurage,rdfs:subClassOf,rc:EthnicGroupOfAfricans
rc:EthnicGroupOfGurage,rdfs:subClassOf,owl:Thing
rc:Power,rdfs:subClassOf,rc:PhysicalQuantity
rc:Power,rdfs:subClassOf,rc:Rate
rc:Power,rdfs:subClassOf,rc:ThreeDimensionalQuantity
rc:Power,rdfs:subClassOf,owl:Thing
rc:Mineral,rdfs:subClassOf,rc:RawMaterials
rc:Mineral,rdfs:subClassOf,owl:Thing
rc:Periodical,rdfs:subClassOf,rc:ConceptualWorkSeries_Periodic
rc:Periodical,rdfs:subClassOf,rc:PublishedConceptualWork
rc:Periodical,rdfs:subClassOf,owl:Thing
rc:Equator_Celestial,rdfs:subClassOf,rc:CelestialCoordinateSystem
rc:Equator_Celestial,rdfs:subClassOf,owl:Thing
rc:Gauls,rdfs:subClassOf,rc:EthnicGroupOfCelts
rc:Gauls,rdfs:subClassOf,owl:Thing
rc:FinancialSupport,rdfs:subClassOf,rc:EconomicSupport
rc:FinancialSupport,rdfs:subClassOf,owl:Thing
rc:Interval_UnboundedBelow,rdfs:subClassOf,rc:Interval_Bounded
rc:Interval_UnboundedBelow,rdfs:subClassOf,owl:Thing
rc:MusicalComposition_Cyberpunk,rdfs:subClassOf,rc:ConceptualWork_CyberpunkGenre
rc:MusicalComposition_Cyberpunk,rdfs:subClassOf,owl:Thing
rc:Teleplay,rdfs:subClassOf,rc:Play
rc:Teleplay,rdfs:subClassOf,owl:Thing
rc:RadioFrequency,rdfs:subClassOf,rc:Airwaves
rc:RadioFrequency,rdfs:subClassOf,rc:RadioFrequencyPropagation
rc:RadioFrequency,rdfs:subClassOf,owl:Thing
rc:EthnicGroupOfSena,rdfs:subClassOf,rc:EthnicGroupOfAfricans
rc:EthnicGroupOfSena,rdfs:subClassOf,owl:Thing
rc:AirPressure,rdfs:subClassOf,rc:Pressure
rc:AirPressure,rdfs:subClassOf,owl:Thing
rc:TurntableMechanism,rdfs:subClassOf,rc:InstrumentalArtifact
rc:TurntableMechanism,rdfs:subClassOf,rc:MechanicalDevice
rc:TurntableMechanism,rdfs:subClassOf,owl:Thing
rc:SenecaTribe,rdfs:subClassOf,rc:Iroquois_EthnicGroupOfNewWorldNatives
rc:SenecaTribe,rdfs:subClassOf,owl:Thing
rc:Arsenic,rdfs:subClassOf,rc:ChemicalToxin
rc:Arsenic,rdfs:subClassOf,owl:Thing
rc:FireExtinguisher,rdfs:subClassOf,rc:ContainerArtifact
rc:FireExtinguisher,rdfs:subClassOf,rc:MechanicalDevice
rc:FireExtinguisher,rdfs:subClassOf,owl:Thing
rc:BuiltInCookingRange,rdfs:subClassOf,rc:BuiltInDevice
rc:BuiltInCookingRange,rdfs:subClassOf,owl:Thing
rc:ComplexNumber,rdfs:subClassOf,rc:Number_General
rc:ComplexNumber,rdfs:subClassOf,owl:Thing
rc:DramaGenre,rdfs:subClassOf,rc:PropositionalConceptualWork_DramaGenre
rc:DramaGenre,rdfs:subClassOf,rc:ThematicGenre
rc:DramaGenre,rdfs:subClassOf,owl:Thing
rc:Conservation,rdfs:subClassOf,rc:Sustainability
rc:Conservation,rdfs:subClassOf,owl:Thing
rc:FirefightersCoat,rdfs:subClassOf,rc:Coat
rc:FirefightersCoat,rdfs:subClassOf,rc:FirefightingEquipment
rc:FirefightersCoat,rdfs:subClassOf,owl:Thing
rc:Microwave_KaBand,rdfs:subClassOf,rc:MicrowaveRadiation
rc:Microwave_KaBand,rdfs:subClassOf,owl:Thing
rc:FinancingByBorrowing,rdfs:subClassOf,rc:Finance
rc:FinancingByBorrowing,rdfs:subClassOf,owl:Thing
rc:GujaratiDiaspora,rdfs:subClassOf,rc:Diaspora
rc:GujaratiDiaspora,rdfs:subClassOf,rc:EthnicGroupOfGujaratis
rc:GujaratiDiaspora,rdfs:subClassOf,owl:Thing
rc:ApachePeople,rdfs:subClassOf,rc:EthnicGroupOfApaches
rc:ApachePeople,rdfs:subClassOf,owl:Thing
rc:KernelMethodsForMachineLearning,rdfs:subClassOf,rc:MathematicalMethod
rc:KernelMethodsForMachineLearning,rdfs:subClassOf,owl:Thing
rc:ElectricCookingRange,rdfs:subClassOf,rc:CookingRange
rc:ElectricCookingRange,rdfs:subClassOf,owl:Thing
rc:PhysiologicalQuantity,rdfs:subClassOf,rc:TangiblePhysicalQuantity
rc:PhysiologicalQuantity,rdfs:subClassOf,owl:Thing
rc:ClimateChangeMitigation,rdfs:subClassOf,rc:Sustainability
rc:ClimateChangeMitigation,rdfs:subClassOf,owl:Thing
rc:NarrativeModeType,rdfs:subClassOf,rc:GenreTypes
rc:NarrativeModeType,rdfs:subClassOf,owl:Thing
rc:TwelveOlympians,rdfs:subClassOf,rc:MythologicalGod
rc:TwelveOlympians,rdfs:subClassOf,owl:Thing
rc:Meitnerium,rdfs:subClassOf,rc:TransuraniumElement
rc:Meitnerium,rdfs:subClassOf,owl:Thing
rc:ComedicActor,rdfs:subClassOf,rc:Actor
rc:ComedicActor,rdfs:subClassOf,owl:Thing
rc:NegativeNumber,rdfs:subClassOf,rc:NonPositiveNumber
rc:NegativeNumber,rdfs:subClassOf,rc:NonZeroNumber
rc:NegativeNumber,rdfs:subClassOf,owl:Thing
rc:Compressor,rdfs:subClassOf,rc:IndustrialDevice
rc:Compressor,rdfs:subClassOf,owl:Thing
rc:Facemask_Hockey,rdfs:subClassOf,rc:IceHockeyEquipment
rc:Facemask_Hockey,rdfs:subClassOf,owl:Thing
rc:KingEdwardVI,rdfs:subClassOf,rc:King_HeadOfState
rc:KingEdwardVI,rdfs:subClassOf,owl:Thing
rc:PaperTowel,rdfs:subClassOf,rc:CleaningDevice
rc:PaperTowel,rdfs:subClassOf,rc:Device_OneTimeUse
rc:PaperTowel,rdfs:subClassOf,rc:DisposableProduct
rc:PaperTowel,rdfs:subClassOf,owl:Thing
rc:Park,rdfs:subClassOf,rc:OutdoorRecreationArea
rc:Park,rdfs:subClassOf,owl:Thing
rc:LumberYard,rdfs:subClassOf,rc:StorageFacility
rc:LumberYard,rdfs:subClassOf,owl:Thing
rc:MedicalDevice,rdfs:subClassOf,rc:PhysicalDevice
rc:MedicalDevice,rdfs:subClassOf,owl:Thing
rc:HydroazoicAcid,rdfs:subClassOf,rc:InorganicAcid
rc:HydroazoicAcid,rdfs:subClassOf,owl:Thing
rc:ActionAttributeLevelQuantity,rdfs:subClassOf,rc:Rating
rc:ActionAttributeLevelQuantity,rdfs:subClassOf,owl:Thing
rc:EroticDramaMovie,rdfs:subClassOf,rc:PropositionalConceptualWork_EroticDramaGenre
rc:EroticDramaMovie,rdfs:subClassOf,owl:Thing
rc:FiberOpticTransmission,rdfs:subClassOf,rc:VisibleLight
rc:FiberOpticTransmission,rdfs:subClassOf,owl:Thing
rc:ArcSecond,rdfs:subClassOf,rc:AngularDistance
rc:ArcSecond,rdfs:subClassOf,owl:Thing
rc:RomanAlphabet,rdfs:subClassOf,rc:WritingSystem
rc:RomanAlphabet,rdfs:subClassOf,owl:Thing
rc:ElectricalSupplyMarketCategory,rdfs:subClassOf,rc:DurableGood
rc:ElectricalSupplyMarketCategory,rdfs:subClassOf,rc:ProductTypeByMarketCategory
rc:ElectricalSupplyMarketCategory,rdfs:subClassOf,owl:Thing
rc:PaintRobot,rdfs:subClassOf,rc:Robot
rc:PaintRobot,rdfs:subClassOf,owl:Thing
rc:MonetaryInflationRate,rdfs:subClassOf,rc:MultiDimensionalQuantity
rc:MonetaryInflationRate,rdfs:subClassOf,owl:Thing
rc:AmmoniumSulfate,rdfs:subClassOf,rc:InorganicSalt
rc:AmmoniumSulfate,rdfs:subClassOf,owl:Thing
rc:FireAlarm,rdfs:subClassOf,rc:DefenseSystem
rc:FireAlarm,rdfs:subClassOf,owl:Thing
rc:Bandstand,rdfs:subClassOf,rc:BleacherStairStructuralComponent
rc:Bandstand,rdfs:subClassOf,owl:Thing
rc:DriverTrainingSimulator,rdfs:subClassOf,rc:EducationalComputerProgram
rc:DriverTrainingSimulator,rdfs:subClassOf,rc:Simulator
rc:DriverTrainingSimulator,rdfs:subClassOf,owl:Thing
rc:ForensicPhotography,rdfs:subClassOf,rc:ForensicScience
rc:ForensicPhotography,rdfs:subClassOf,owl:Thing
rc:MusicalText,rdfs:subClassOf,rc:TextuallySpecificWork
rc:MusicalText,rdfs:subClassOf,owl:Thing
rc:AtomicModel,rdfs:subClassOf,rc:ChemistryElectrochemistryMicrochemistry
rc:AtomicModel,rdfs:subClassOf,owl:Thing
rc:Rationalism,rdfs:subClassOf,rc:Belief
rc:Rationalism,rdfs:subClassOf,owl:Thing
rc:PepperSpray,rdfs:subClassOf,rc:SpraySubstance
rc:PepperSpray,rdfs:subClassOf,owl:Thing
rc:StrengthTraining,rdfs:subClassOf,rc:StrengthConditioning
rc:StrengthTraining,rdfs:subClassOf,owl:Thing
rc:MongolianPeople,rdfs:subClassOf,rc:EthnicGroupOfAsians
rc:MongolianPeople,rdfs:subClassOf,owl:Thing
rc:LaserBeam,rdfs:subClassOf,rc:VisibleLight
rc:LaserBeam,rdfs:subClassOf,owl:Thing
rc:FoggyArea,rdfs:subClassOf,rc:CompletelyCloudCoveredArea
rc:FoggyArea,rdfs:subClassOf,owl:Thing
rc:MaleInfant,rdfs:subClassOf,rc:MaleChild
rc:MaleInfant,rdfs:subClassOf,owl:Thing
rc:CoconutMilk,rdfs:subClassOf,rc:VegetableMatter
rc:CoconutMilk,rdfs:subClassOf,owl:Thing
rc:WindInstrument_Musical,rdfs:subClassOf,rc:Device_SingleUser
rc:WindInstrument_Musical,rdfs:subClassOf,owl:Thing
rc:BreakfastCereal,rdfs:subClassOf,rc:PlantProduct
rc:BreakfastCereal,rdfs:subClassOf,owl:Thing
rc:Achilles_Human,rdfs:subClassOf,rc:IndividualPeople
rc:Achilles_Human,rdfs:subClassOf,rc:MythologicalHero
rc:Achilles_Human,rdfs:subClassOf,owl:Thing
rc:BabyWalker,rdfs:subClassOf,rc:Device_UserPowered
rc:BabyWalker,rdfs:subClassOf,owl:Thing
rc:KitchenTimer,rdfs:subClassOf,rc:DomesticKitchenTool
rc:KitchenTimer,rdfs:subClassOf,owl:Thing
rc:Airship,rdfs:subClassOf,rc:SpecialtyAircraft
rc:Airship,rdfs:subClassOf,owl:Thing
rc:EthnicGroupOfMandyako,rdfs:subClassOf,rc:EthnicGroupOfAfricans
rc:EthnicGroupOfMandyako,rdfs:subClassOf,owl:Thing
rc:RestrictedInformation,rdfs:subClassOf,rc:LimitedAccess
rc:RestrictedInformation,rdfs:subClassOf,owl:Thing
rc:TalkShowHost,rdfs:subClassOf,rc:Entertainer
rc:TalkShowHost,rdfs:subClassOf,owl:Thing
rc:CleaningSubstance,rdfs:subClassOf,rc:ConsumableProduct
rc:CleaningSubstance,rdfs:subClassOf,owl:Thing
rc:ProjectManagementSoftware,rdfs:subClassOf,rc:BusinessFunctionSpecificSoftware
rc:ProjectManagementSoftware,rdfs:subClassOf,owl:Thing
rc:BenitoMussolini,rdfs:subClassOf,rc:President_HeadOfGovernmentOrHeadOfState
rc:BenitoMussolini,rdfs:subClassOf,owl:Thing
rc:SortingAlgorithm,rdfs:subClassOf,rc:Algorithm
rc:SortingAlgorithm,rdfs:subClassOf,owl:Thing
rc:MarineBotany,rdfs:subClassOf,rc:Botany
rc:MarineBotany,rdfs:subClassOf,owl:Thing
rc:Inventor,rdfs:subClassOf,rc:Creator_Person
rc:Inventor,rdfs:subClassOf,owl:Thing
rc:EthnicGroupOfIndo_Mauritians,rdfs:subClassOf,rc:EthnicGroupOfAsians
rc:EthnicGroupOfIndo_Mauritians,rdfs:subClassOf,owl:Thing
rc:DynamicsProcessing,rdfs:subClassOf,rc:SignalProcessing
rc:DynamicsProcessing,rdfs:subClassOf,owl:Thing
rc:EthnicGroupOfGreenlanders,rdfs:subClassOf,rc:EthnicGroup
rc:EthnicGroupOfGreenlanders,rdfs:subClassOf,owl:Thing
rc:ChristmasTree,rdfs:subClassOf,rc:ConiferTree
rc:ChristmasTree,rdfs:subClassOf,rc:SeedCutting_TreeShrub
rc:ChristmasTree,rdfs:subClassOf,owl:Thing
rc:AnnualDocument,rdfs:subClassOf,rc:NonfictionalPCW
rc:AnnualDocument,rdfs:subClassOf,owl:Thing
rc:Silver,rdfs:subClassOf,rc:PreciousMetalSource
rc:Silver,rdfs:subClassOf,rc:TransitionMetal
rc:Silver,rdfs:subClassOf,rc:UnalloyedMetal
rc:Silver,rdfs:subClassOf,owl:Thing
rc:Axe,rdfs:subClassOf,rc:CuttingDevice
rc:Axe,rdfs:subClassOf,rc:Device_UserPowered
rc:Axe,rdfs:subClassOf,owl:Thing
rc:Advertising,rdfs:subClassOf,rc:EditorialDesignService
rc:Advertising,rdfs:subClassOf,owl:Thing
rc:ComputerMemory_Abstract,rdfs:subClassOf,rc:List
rc:ComputerMemory_Abstract,rdfs:subClassOf,owl:Thing
rc:EthnicGroupOfMboum,rdfs:subClassOf,rc:EthnicGroupOfAfricans
rc:EthnicGroupOfMboum,rdfs:subClassOf,owl:Thing
rc:ComputerHardwarePackage,rdfs:subClassOf,rc:ElectronicDevice
rc:ComputerHardwarePackage,rdfs:subClassOf,owl:Thing
rc:OkraPlant,rdfs:subClassOf,rc:Malvaceae
rc:OkraPlant,rdfs:subClassOf,owl:Thing
rc:Butanol,rdfs:subClassOf,rc:FuelOxygenate
rc:Butanol,rdfs:subClassOf,rc:ToxicAlcohol
rc:Butanol,rdfs:subClassOf,owl:Thing
rc:UnicodeTypeface,rdfs:subClassOf,rc:UnicodeStandard
rc:UnicodeTypeface,rdfs:subClassOf,owl:Thing
rc:Quasirandomness,rdfs:subClassOf,rc:RandomFrequency
rc:Quasirandomness,rdfs:subClassOf,owl:Thing
rc:ShoePolish_Liquid,rdfs:subClassOf,rc:LiquidTangibleArtifact
rc:ShoePolish_Liquid,rdfs:subClassOf,owl:Thing
rc:Uniform_PersistenceDistribution,rdfs:subClassOf,rc:PersistenceDistribution
rc:Uniform_PersistenceDistribution,rdfs:subClassOf,owl:Thing
rc:IranianAmerican,rdfs:subClassOf,rc:EthnicGroupOfPersians
rc:IranianAmerican,rdfs:subClassOf,owl:Thing
rc:CriticalPhenomena,rdfs:subClassOf,rc:StatisticalMechanics
rc:CriticalPhenomena,rdfs:subClassOf,owl:Thing
rc:Emergentism,rdfs:subClassOf,rc:PhilosophyBeliefs
rc:Emergentism,rdfs:subClassOf,owl:Thing
rc:TextileFloorCovering,rdfs:subClassOf,rc:TextileArtifact
rc:TextileFloorCovering,rdfs:subClassOf,owl:Thing
rc:ElectronicStructureMethod,rdfs:subClassOf,rc:ComputationalChemistry
rc:ElectronicStructureMethod,rdfs:subClassOf,owl:Thing
rc:SONAR_Device,rdfs:subClassOf,rc:ReconnaissanceDevice
rc:SONAR_Device,rdfs:subClassOf,owl:Thing
rc:NorwegianJew,rdfs:subClassOf,rc:AshkenaziJews
rc:NorwegianJew,rdfs:subClassOf,owl:Thing
rc:Area,rdfs:subClassOf,rc:NonAspectualQuantity
rc:Area,rdfs:subClassOf,rc:SpatialQuantity
rc:Area,rdfs:subClassOf,rc:SquareQuantity
rc:Area,rdfs:subClassOf,owl:Thing
rc:Whip,rdfs:subClassOf,rc:Device_UserControlled
rc:Whip,rdfs:subClassOf,rc:Device_UserPowered
rc:Whip,rdfs:subClassOf,owl:Thing
rc:Icehouse,rdfs:subClassOf,rc:StorageFacility
rc:Icehouse,rdfs:subClassOf,owl:Thing
rc:TotallyOrderedQuantityType,rdfs:subClassOf,rc:Rating
rc:TotallyOrderedQuantityType,rdfs:subClassOf,owl:Thing
rc:AnimalPen,rdfs:subClassOf,rc:ConstructionContainer
rc:AnimalPen,rdfs:subClassOf,owl:Thing
rc:Sexuality,rdfs:subClassOf,rc:NonAspectualQuantity
rc:Sexuality,rdfs:subClassOf,owl:Thing
rc:EconomicTheory,rdfs:subClassOf,rc:Economics
rc:EconomicTheory,rdfs:subClassOf,owl:Thing
rc:SupernaturalBeing,rdfs:subClassOf,rc:FictionalThing
rc:SupernaturalBeing,rdfs:subClassOf,owl:Thing
rc:MortgageBanking,rdfs:subClassOf,rc:BankingInvestment
rc:MortgageBanking,rdfs:subClassOf,owl:Thing
rc:Concept,rdfs:subClassOf,rc:Idea
rc:Concept,rdfs:subClassOf,owl:Thing
rc:SpellChecker,rdfs:subClassOf,rc:EducationalReferenceSoftware
rc:SpellChecker,rdfs:subClassOf,owl:Thing
rc:Logistics,rdfs:subClassOf,rc:FieldOfStudy
rc:Logistics,rdfs:subClassOf,owl:Thing
rc:Creator_Person,rdfs:subClassOf,rc:IndividualPeople
rc:Creator_Person,rdfs:subClassOf,owl:Thing
rc:DrillingFluid,rdfs:subClassOf,rc:WasteProduct
rc:DrillingFluid,rdfs:subClassOf,owl:Thing
rc:KingAmadeo,rdfs:subClassOf,rc:King_HeadOfState
rc:KingAmadeo,rdfs:subClassOf,owl:Thing
rc:KingLouisXVII,rdfs:subClassOf,rc:King_HeadOfState
rc:KingLouisXVII,rdfs:subClassOf,owl:Thing
rc:CirculatorySystem,rdfs:subClassOf,rc:PipingSystem_Biological
rc:CirculatorySystem,rdfs:subClassOf,owl:Thing
rc:Agrarianism,rdfs:subClassOf,rc:Agriculture
rc:Agrarianism,rdfs:subClassOf,owl:Thing
rc:ScandinavianPeople,rdfs:subClassOf,rc:EthnicGroupOfEuropeans
rc:ScandinavianPeople,rdfs:subClassOf,owl:Thing
rc:Ladle,rdfs:subClassOf,rc:KitchenFurnishingsMarketCategory
rc:Ladle,rdfs:subClassOf,owl:Thing
rc:Realism,rdfs:subClassOf,rc:PhilosophyBeliefs
rc:Realism,rdfs:subClassOf,owl:Thing
rc:ForensicMeteorology,rdfs:subClassOf,rc:ForensicScience
rc:ForensicMeteorology,rdfs:subClassOf,owl:Thing
rc:ToiletTank,rdfs:subClassOf,rc:LiquidStorageTank
rc:ToiletTank,rdfs:subClassOf,rc:NonPoweredDevice
rc:ToiletTank,rdfs:subClassOf,owl:Thing
rc:WinstonChurchill,rdfs:subClassOf,rc:PrimeMinister_HeadOfGovernment
rc:WinstonChurchill,rdfs:subClassOf,owl:Thing
rc:MilitaryUniform,rdfs:subClassOf,rc:MilitaryEquipment
rc:MilitaryUniform,rdfs:subClassOf,owl:Thing
rc:AltarBoy,rdfs:subClassOf,rc:MaleHuman
rc:AltarBoy,rdfs:subClassOf,rc:YoungHuman
rc:AltarBoy,rdfs:subClassOf,owl:Thing
rc:MethylTert_butylEther,rdfs:subClassOf,rc:FuelOxygenate
rc:MethylTert_butylEther,rdfs:subClassOf,owl:Thing
rc:Monk,rdfs:subClassOf,rc:MaleHuman
rc:Monk,rdfs:subClassOf,owl:Thing
rc:MuppetCharacter,rdfs:subClassOf,rc:Muppet_FictionalCharacter
rc:MuppetCharacter,rdfs:subClassOf,owl:Thing
rc:PaperCutter,rdfs:subClassOf,rc:CuttingDevice
rc:PaperCutter,rdfs:subClassOf,rc:Device_SingleUser
rc:PaperCutter,rdfs:subClassOf,rc:Device_UserPowered
rc:PaperCutter,rdfs:subClassOf,owl:Thing
rc:PaperPlane,rdfs:subClassOf,rc:OrigamiArtifact
rc:PaperPlane,rdfs:subClassOf,owl:Thing
rc:UkrainianJew,rdfs:subClassOf,rc:AshkenaziJews
rc:UkrainianJew,rdfs:subClassOf,owl:Thing
rc:Singer,rdfs:subClassOf,rc:MusicalPerformer
rc:Singer,rdfs:subClassOf,owl:Thing
kko:WrittenInfo,rdfs:subClassOf,kko:Information
kko:WrittenInfo,rdfs:subClassOf,owl:Thing
rc:LithiumHydroxide,rdfs:subClassOf,rc:InorganicSalt
rc:LithiumHydroxide,rdfs:subClassOf,owl:Thing
rc:RomanesqueArchitectureInProvence,rdfs:subClassOf,rc:RomanesqueArchitecture
rc:RomanesqueArchitectureInProvence,rdfs:subClassOf,owl:Thing
rc:EthnicGroupOfTeso,rdfs:subClassOf,rc:EthnicGroupOfAfricans
rc:EthnicGroupOfTeso,rdfs:subClassOf,owl:Thing
rc:EthnicGroupOfSinhalese,rdfs:subClassOf,rc:EthnicGroupOfEastIndians
rc:EthnicGroupOfSinhalese,rdfs:subClassOf,owl:Thing
rc:CookwareSet,rdfs:subClassOf,rc:DeviceWithNoMovingParts
rc:CookwareSet,rdfs:subClassOf,owl:Thing
rc:Shahaptian_EthnicGroupOfNewWorldNatives,rdfs:subClassOf,rc:Penutian_EthnicGroupOfNewWorldNatives
rc:Shahaptian_EthnicGroupOfNewWorldNatives,rdfs:subClassOf,owl:Thing
rc:DriedFish,rdfs:subClassOf,rc:DriedProduct
rc:DriedFish,rdfs:subClassOf,owl:Thing
rc:Mirage,rdfs:subClassOf,rc:FictionalThing
rc:Mirage,rdfs:subClassOf,owl:Thing
rc:MythologicalMountain,rdfs:subClassOf,rc:MythologicalPlace
rc:MythologicalMountain,rdfs:subClassOf,owl:Thing
rc:Sanction,rdfs:subClassOf,rc:Punishment
rc:Sanction,rdfs:subClassOf,owl:Thing
rc:EthnicGroupOfSundanese,rdfs:subClassOf,rc:EthnicGroupOfIndonesians
rc:EthnicGroupOfSundanese,rdfs:subClassOf,owl:Thing
rc:SyntheticMaterial,rdfs:subClassOf,rc:ChemicalSynthesis
rc:SyntheticMaterial,rdfs:subClassOf,owl:Thing
rc:CompletelyFlawed,rdfs:subClassOf,rc:Flaw
rc:CompletelyFlawed,rdfs:subClassOf,rc:LevelOfFlawedness
rc:CompletelyFlawed,rdfs:subClassOf,rc:NonNumericScalarQuantity
rc:CompletelyFlawed,rdfs:subClassOf,owl:Thing
rc:Chisel,rdfs:subClassOf,rc:DeviceWithNoMovingParts
rc:Chisel,rdfs:subClassOf,owl:Thing
rc:Producer_Movie,rdfs:subClassOf,rc:Creator_Person
rc:Producer_Movie,rdfs:subClassOf,owl:Thing
rc:EarthRadius_Standard,rdfs:subClassOf,rc:Distance
rc:EarthRadius_Standard,rdfs:subClassOf,owl:Thing
rc:PecanTree,rdfs:subClassOf,rc:HickoryTree
rc:PecanTree,rdfs:subClassOf,owl:Thing
rc:EthnicGroupOfBakongo,rdfs:subClassOf,rc:EthnicGroupOfAfricans
rc:EthnicGroupOfBakongo,rdfs:subClassOf,owl:Thing
rc:GeometricGraphTheory,rdfs:subClassOf,rc:Geometry
rc:GeometricGraphTheory,rdfs:subClassOf,owl:Thing
rc:PositiveNumber,rdfs:subClassOf,rc:NonNegativeNumber
rc:PositiveNumber,rdfs:subClassOf,rc:NonZeroNumber
rc:PositiveNumber,rdfs:subClassOf,owl:Thing
rc:ArmChair,rdfs:subClassOf,rc:GeneralLivingAreaFurnitureMC
rc:ArmChair,rdfs:subClassOf,rc:UpholsteredFurnitureMC
rc:ArmChair,rdfs:subClassOf,owl:Thing
rc:Cyclosarin,rdfs:subClassOf,rc:CholinesteraseInhibitingSubstance
rc:Cyclosarin,rdfs:subClassOf,owl:Thing
rc:PersonalQuantity,rdfs:subClassOf,rc:AgentCapacityQuantity
rc:PersonalQuantity,rdfs:subClassOf,owl:Thing
rc:BruneauHotSpringsnail,rdfs:subClassOf,rc:Pyrgulopsis
rc:BruneauHotSpringsnail,rdfs:subClassOf,owl:Thing
rc:BuddhistMonk,rdfs:subClassOf,rc:Monk
rc:BuddhistMonk,rdfs:subClassOf,owl:Thing
rc:Barrel_Container,rdfs:subClassOf,rc:StorageConstruct
rc:Barrel_Container,rdfs:subClassOf,owl:Thing
rc:ItalianJew,rdfs:subClassOf,rc:AshkenaziJews
rc:ItalianJew,rdfs:subClassOf,owl:Thing
rc:ProbabilityDistribution,rdfs:subClassOf,rc:ProbabilityInterval
rc:ProbabilityDistribution,rdfs:subClassOf,owl:Thing
rc:Biodiversity,rdfs:subClassOf,rc:GeographicalQuantity
rc:Biodiversity,rdfs:subClassOf,rc:MeasurableQuantity
rc:Biodiversity,rdfs:subClassOf,rc:NonAspectualQuantity
rc:Biodiversity,rdfs:subClassOf,owl:Thing
rc:FaceRecognition,rdfs:subClassOf,rc:Biometrics
rc:FaceRecognition,rdfs:subClassOf,owl:Thing
rc:DividendReinvestmentPlan,rdfs:subClassOf,rc:Schedule
rc:DividendReinvestmentPlan,rdfs:subClassOf,owl:Thing
rc:AlternativeDiagnosis,rdfs:subClassOf,rc:MedicalDiagnosis
rc:AlternativeDiagnosis,rdfs:subClassOf,owl:Thing
rc:Piety,rdfs:subClassOf,rc:Loyalty
rc:Piety,rdfs:subClassOf,owl:Thing
rc:EprintArchive,rdfs:subClassOf,rc:ScholarlyArticle
rc:EprintArchive,rdfs:subClassOf,owl:Thing
rc:EthnicGroupOfNewari,rdfs:subClassOf,rc:EthnicGroupOfNepalese
rc:EthnicGroupOfNewari,rdfs:subClassOf,owl:Thing
rc:CancelledCheck,rdfs:subClassOf,rc:FinancialDocument
rc:CancelledCheck,rdfs:subClassOf,owl:Thing
rc:CentralAirConditioner,rdfs:subClassOf,rc:AirConditioner
rc:CentralAirConditioner,rdfs:subClassOf,rc:LargeApplianceMarketCategory
rc:CentralAirConditioner,rdfs:subClassOf,owl:Thing
rc:NTDomainServer,rdfs:subClassOf,rc:NTMachine
rc:NTDomainServer,rdfs:subClassOf,owl:Thing
rc:RoadVehicle_InternalCombustionEngine,rdfs:subClassOf,rc:InternalCombustionPoweredDevice
rc:RoadVehicle_InternalCombustionEngine,rdfs:subClassOf,owl:Thing
rc:EthnicGroupOfTurkmen,rdfs:subClassOf,rc:EthnicGroupOfAsians
rc:EthnicGroupOfTurkmen,rdfs:subClassOf,owl:Thing
rc:NapkinRing,rdfs:subClassOf,rc:NonPoweredDevice
rc:NapkinRing,rdfs:subClassOf,owl:Thing
rc:Synchronicity,rdfs:subClassOf,rc:SynchronicityOfComplexAction
rc:Synchronicity,rdfs:subClassOf,owl:Thing
rc:TechnologicalChange,rdfs:subClassOf,rc:PerformanceLevelQuantity
rc:TechnologicalChange,rdfs:subClassOf,owl:Thing
rc:PandoraPeaks,rdfs:subClassOf,rc:PornStar
rc:PandoraPeaks,rdfs:subClassOf,owl:Thing
rc:EthnicGroupOfKoori,rdfs:subClassOf,rc:EthnicGroupOfAustralianAborigines
rc:EthnicGroupOfKoori,rdfs:subClassOf,owl:Thing
rc:EthnicGroupOfSara,rdfs:subClassOf,rc:EthnicGroupOfAfricans
rc:EthnicGroupOfSara,rdfs:subClassOf,owl:Thing
rc:WheelAndAxle,rdfs:subClassOf,rc:MechanicalDevice
rc:WheelAndAxle,rdfs:subClassOf,rc:SimpleMachine
rc:WheelAndAxle,rdfs:subClassOf,owl:Thing
rc:Goodness_Generic,rdfs:subClassOf,rc:EvaluativeQuantity
rc:Goodness_Generic,rdfs:subClassOf,owl:Thing
rc:AdultAnimal,rdfs:subClassOf,rc:AnimalTypeByMaturity
rc:AdultAnimal,rdfs:subClassOf,owl:Thing
rc:OwnershipDocument,rdfs:subClassOf,rc:FinancialDocument
rc:OwnershipDocument,rdfs:subClassOf,owl:Thing
rc:WasteReduction,rdfs:subClassOf,rc:Sustainability
rc:WasteReduction,rdfs:subClassOf,owl:Thing
rc:SoftwareObject_Individual,rdfs:subClassOf,rc:Software
rc:SoftwareObject_Individual,rdfs:subClassOf,owl:Thing
rc:Garbage_Generic,rdfs:subClassOf,rc:WasteProduct
rc:Garbage_Generic,rdfs:subClassOf,owl:Thing
rc:HomelessnessSolution,rdfs:subClassOf,rc:Homelessness
rc:HomelessnessSolution,rdfs:subClassOf,owl:Thing
rc:DoseOfDrug,rdfs:subClassOf,rc:Dosage
rc:DoseOfDrug,rdfs:subClassOf,owl:Thing
rc:HashTable_DataStructure,rdfs:subClassOf,rc:StructuredKnowledgeSource
rc:HashTable_DataStructure,rdfs:subClassOf,owl:Thing
rc:Radiosonde,rdfs:subClassOf,rc:ContainerArtifact
rc:Radiosonde,rdfs:subClassOf,owl:Thing
rc:Monster,rdfs:subClassOf,rc:FictionalThing
rc:Monster,rdfs:subClassOf,owl:Thing
rc:Flask_LabGlassware,rdfs:subClassOf,rc:StorageConstruct
rc:Flask_LabGlassware,rdfs:subClassOf,owl:Thing
rc:HempFamily,rdfs:subClassOf,rc:Cannabaceae
rc:HempFamily,rdfs:subClassOf,owl:Thing
rc:SerbPeople,rdfs:subClassOf,rc:EthnicGroupOfEuropeans
rc:SerbPeople,rdfs:subClassOf,owl:Thing
rc:Tampon_Feminine,rdfs:subClassOf,rc:Device_OneTimeUse
rc:Tampon_Feminine,rdfs:subClassOf,rc:DisposableProduct
rc:Tampon_Feminine,rdfs:subClassOf,rc:FeminineHygieneMarketCategory
rc:Tampon_Feminine,rdfs:subClassOf,rc:PersonalHygieneProduct
rc:Tampon_Feminine,rdfs:subClassOf,owl:Thing
rc:BantuCountryOrTerritory,rdfs:subClassOf,rc:EthnicGroupOfBantus
rc:BantuCountryOrTerritory,rdfs:subClassOf,owl:Thing
rc:TableCovering,rdfs:subClassOf,rc:NonPoweredDevice
rc:TableCovering,rdfs:subClassOf,owl:Thing
rc:IsraeliDeclarationOfIndependence,rdfs:subClassOf,rc:DeclarationOfIndependence
rc:IsraeliDeclarationOfIndependence,rdfs:subClassOf,owl:Thing
rc:GeographicDatum,rdfs:subClassOf,rc:GeographicalQuantity
rc:GeographicDatum,rdfs:subClassOf,owl:Thing
rc:IntervalOnNumberLine,rdfs:subClassOf,rc:NumericInterval
rc:IntervalOnNumberLine,rdfs:subClassOf,owl:Thing
rc:DrillingRig,rdfs:subClassOf,rc:Rig
rc:DrillingRig,rdfs:subClassOf,owl:Thing
rc:HumanWithMohawkHairstyle,rdfs:subClassOf,rc:HumanTypeByHairstyle
rc:HumanWithMohawkHairstyle,rdfs:subClassOf,owl:Thing
rc:HydrogenBromide,rdfs:subClassOf,rc:InorganicHalide
rc:HydrogenBromide,rdfs:subClassOf,owl:Thing
rc:EthnicGroupOfMoshi_Dagomba,rdfs:subClassOf,rc:EthnicGroupOfAfricans
rc:EthnicGroupOfMoshi_Dagomba,rdfs:subClassOf,owl:Thing
rc:BluRayDisc,rdfs:subClassOf,rc:MediaPlayingDevice
rc:BluRayDisc,rdfs:subClassOf,owl:Thing
rc:FictionalHumanoid,rdfs:subClassOf,rc:FictionalCharacter
rc:FictionalHumanoid,rdfs:subClassOf,owl:Thing
rc:LeadIodide,rdfs:subClassOf,rc:InorganicHalide
rc:LeadIodide,rdfs:subClassOf,owl:Thing
rc:Freezer,rdfs:subClassOf,rc:DomesticKitchenAppliance
rc:Freezer,rdfs:subClassOf,rc:MajorAppliance
rc:Freezer,rdfs:subClassOf,rc:RefrigeratedStorageDevice
rc:Freezer,rdfs:subClassOf,owl:Thing
rc:Valve,rdfs:subClassOf,rc:FlowControlStructure
rc:Valve,rdfs:subClassOf,owl:Thing
rc:Holster,rdfs:subClassOf,rc:StorageConstruct
rc:Holster,rdfs:subClassOf,owl:Thing
rc:EthnicGroupOfKimbundu,rdfs:subClassOf,rc:EthnicGroupOfAfricans
rc:EthnicGroupOfKimbundu,rdfs:subClassOf,owl:Thing
rc:ComputerDatabase,rdfs:subClassOf,rc:Database_AbstractContent
rc:ComputerDatabase,rdfs:subClassOf,rc:StructuredKnowledgeSource
rc:ComputerDatabase,rdfs:subClassOf,owl:Thing
rc:PopularityLevel,rdfs:subClassOf,rc:PersonalQuantity
rc:PopularityLevel,rdfs:subClassOf,rc:TotallyOrderedQuantityType
rc:PopularityLevel,rdfs:subClassOf,owl:Thing
rc:EthnicGroupOfMagars,rdfs:subClassOf,rc:EthnicGroupOfNepalese
rc:EthnicGroupOfMagars,rdfs:subClassOf,owl:Thing
rc:Gamecube,rdfs:subClassOf,rc:VideoGameHardware
rc:Gamecube,rdfs:subClassOf,owl:Thing
rc:EthnicGroupOfBedouins,rdfs:subClassOf,rc:EthnicGroupOfAfricans
rc:EthnicGroupOfBedouins,rdfs:subClassOf,rc:EthnicGroupOfArabs
rc:EthnicGroupOfBedouins,rdfs:subClassOf,owl:Thing
rc:IndigenousCultureOfTheAmericas,rdfs:subClassOf,rc:IndigenousPeoplesOfTheAmericas
rc:IndigenousCultureOfTheAmericas,rdfs:subClassOf,owl:Thing
rc:PropositionalConceptualWork_ComedyGenre,rdfs:subClassOf,rc:ThematicGenre
rc:PropositionalConceptualWork_ComedyGenre,rdfs:subClassOf,owl:Thing
rc:SolarPanel,rdfs:subClassOf,rc:CurrentSource
rc:SolarPanel,rdfs:subClassOf,rc:PhotovoltaicGeneration
rc:SolarPanel,rdfs:subClassOf,owl:Thing
rc:ZipCode,rdfs:subClassOf,rc:PostalCode
rc:ZipCode,rdfs:subClassOf,owl:Thing
rc:RoadVehicle_ElectricWithFuelCell,rdfs:subClassOf,rc:FuelCellPoweredDevice
rc:RoadVehicle_ElectricWithFuelCell,rdfs:subClassOf,owl:Thing
rc:Watch,rdfs:subClassOf,rc:MechanicalDevice
rc:Watch,rdfs:subClassOf,rc:PersonalDevice
rc:Watch,rdfs:subClassOf,rc:SomethingToWear
rc:Watch,rdfs:subClassOf,owl:Thing
rc:CPUSpeed,rdfs:subClassOf,rc:ComputerQuantity
rc:CPUSpeed,rdfs:subClassOf,rc:Rate
rc:CPUSpeed,rdfs:subClassOf,owl:Thing
rc:ByzantineArchitecture,rdfs:subClassOf,rc:ArchitecturalTypeByStyle
rc:ByzantineArchitecture,rdfs:subClassOf,owl:Thing
rc:Tengu,rdfs:subClassOf,rc:MythologicalCreature
rc:Tengu,rdfs:subClassOf,owl:Thing
rc:RecyclingCenter,rdfs:subClassOf,rc:Recycling
rc:RecyclingCenter,rdfs:subClassOf,owl:Thing
rc:Typewriter,rdfs:subClassOf,rc:BusinessMachine
rc:Typewriter,rdfs:subClassOf,rc:ReproductionDevice
rc:Typewriter,rdfs:subClassOf,rc:TypingMachine
rc:Typewriter,rdfs:subClassOf,owl:Thing
rc:LawnMower_HandPushed,rdfs:subClassOf,rc:Device_UserPowered
rc:LawnMower_HandPushed,rdfs:subClassOf,owl:Thing
rc:LawnMower_Riding,rdfs:subClassOf,rc:InternalCombustionPoweredDevice
rc:LawnMower_Riding,rdfs:subClassOf,owl:Thing
rc:ArchaeologicalCulture,rdfs:subClassOf,rc:Archaeology
rc:ArchaeologicalCulture,rdfs:subClassOf,owl:Thing
rc:Unit_PaperQuantity,rdfs:subClassOf,rc:Ream
rc:Unit_PaperQuantity,rdfs:subClassOf,owl:Thing
rc:Harpoon_FishingDevice,rdfs:subClassOf,rc:SinglePurposeDevice
rc:Harpoon_FishingDevice,rdfs:subClassOf,owl:Thing
rc:BalmoralCastle,rdfs:subClassOf,rc:OfficialResidence
rc:BalmoralCastle,rdfs:subClassOf,owl:Thing
rc:ReligiousIcon,rdfs:subClassOf,rc:ReligiousObject
rc:ReligiousIcon,rdfs:subClassOf,owl:Thing
rc:RussianFormalism,rdfs:subClassOf,rc:PropositionalConceptualWork_LiteraryCriticismGenre
rc:RussianFormalism,rdfs:subClassOf,owl:Thing
rc:Dam,rdfs:subClassOf,rc:FlowControlDevice
rc:Dam,rdfs:subClassOf,owl:Thing
rc:IDDocument,rdfs:subClassOf,rc:Valuable_PersonalPossession
rc:IDDocument,rdfs:subClassOf,owl:Thing
rc:Hydrotherapy,rdfs:subClassOf,rc:AlternativeMedicine
rc:Hydrotherapy,rdfs:subClassOf,owl:Thing
rc:BabyBouncer,rdfs:subClassOf,rc:SeatingDevice
rc:BabyBouncer,rdfs:subClassOf,owl:Thing
rc:ProtectedBySecrecy,rdfs:subClassOf,rc:LimitedAccess
rc:ProtectedBySecrecy,rdfs:subClassOf,owl:Thing
rc:NitrousAcid,rdfs:subClassOf,rc:InorganicAcid
rc:NitrousAcid,rdfs:subClassOf,owl:Thing
rc:PopulationEcology,rdfs:subClassOf,rc:PopulationOfType_Organism_Whole
rc:PopulationEcology,rdfs:subClassOf,owl:Thing
rc:Sporophyte,rdfs:subClassOf,rc:Haplodiplont
rc:Sporophyte,rdfs:subClassOf,owl:Thing
rc:TheodoreRoosevelt,rdfs:subClassOf,rc:Statesman
rc:TheodoreRoosevelt,rdfs:subClassOf,rc:UnitedStatesPresident
rc:TheodoreRoosevelt,rdfs:subClassOf,owl:Thing
rc:Machining,rdfs:subClassOf,rc:ManufacturingSupplyProduct
rc:Machining,rdfs:subClassOf,rc:Metalworking
rc:Machining,rdfs:subClassOf,owl:Thing
rc:EthnicGroupOfMaur,rdfs:subClassOf,rc:EthnicGroupOfAfricans
rc:EthnicGroupOfMaur,rdfs:subClassOf,owl:Thing
rc:BlindAnimal,rdfs:subClassOf,rc:AwarenessQuantity
rc:BlindAnimal,rdfs:subClassOf,owl:Thing
rc:ToyGlider,rdfs:subClassOf,rc:Device_UserControlled
rc:ToyGlider,rdfs:subClassOf,rc:WindPoweredDevice
rc:ToyGlider,rdfs:subClassOf,owl:Thing
rc:Photochemistry,rdfs:subClassOf,rc:Light
rc:Photochemistry,rdfs:subClassOf,owl:Thing
rc:FishingNet,rdfs:subClassOf,rc:FishingEquipment
rc:FishingNet,rdfs:subClassOf,rc:TrapDevice
rc:FishingNet,rdfs:subClassOf,owl:Thing
rc:AutomobileSpeaker,rdfs:subClassOf,rc:AutoSoundMarketCategory
rc:AutomobileSpeaker,rdfs:subClassOf,rc:AutomobileAudioEquipment
rc:AutomobileSpeaker,rdfs:subClassOf,owl:Thing
rc:EthnicGroupOfKotoko,rdfs:subClassOf,rc:EthnicGroupOfAfricans
rc:EthnicGroupOfKotoko,rdfs:subClassOf,owl:Thing
rc:Juvenile,rdfs:subClassOf,rc:HumanTypeByLifeStageType
rc:Juvenile,rdfs:subClassOf,rc:JuvenileAnimal
rc:Juvenile,rdfs:subClassOf,owl:Thing
rc:Fertility,rdfs:subClassOf,rc:HumanPopulation
rc:Fertility,rdfs:subClassOf,owl:Thing
rc:BasqueWomen,rdfs:subClassOf,rc:EthnicGroupOfBasques
rc:BasqueWomen,rdfs:subClassOf,owl:Thing
rc:PotpourriForHome,rdfs:subClassOf,rc:ArtifactTypeByGenericCategory
rc:PotpourriForHome,rdfs:subClassOf,owl:Thing
rc:Trumpeter,rdfs:subClassOf,rc:BrassInstrumentPlayer
rc:Trumpeter,rdfs:subClassOf,rc:HornPlayer
rc:Trumpeter,rdfs:subClassOf,owl:Thing
rc:FictionalTaxon,rdfs:subClassOf,rc:FictionalOrganism
rc:FictionalTaxon,rdfs:subClassOf,owl:Thing
rc:ResearchMethod,rdfs:subClassOf,rc:MethodType
rc:ResearchMethod,rdfs:subClassOf,owl:Thing
rc:Angel,rdfs:subClassOf,rc:DivineBeing
rc:Angel,rdfs:subClassOf,owl:Thing
rc:FictionalCity,rdfs:subClassOf,rc:FictionalPlace
rc:FictionalCity,rdfs:subClassOf,owl:Thing
rc:HandleBar,rdfs:subClassOf,rc:Handle
rc:HandleBar,rdfs:subClassOf,owl:Thing
rc:GothicRevivalArchitecture,rdfs:subClassOf,rc:GothicArchitecturalStyle
rc:GothicRevivalArchitecture,rdfs:subClassOf,owl:Thing
rc:SulfuricAcid,rdfs:subClassOf,rc:InorganicAcid
rc:SulfuricAcid,rdfs:subClassOf,rc:ToxicAcid
rc:SulfuricAcid,rdfs:subClassOf,owl:Thing
rc:BusinessCard,rdfs:subClassOf,rc:NoveltyPaper
rc:BusinessCard,rdfs:subClassOf,rc:SheetOfPaper
rc:BusinessCard,rdfs:subClassOf,owl:Thing
rc:Algorithm,rdfs:subClassOf,rc:Mathematical
rc:Algorithm,rdfs:subClassOf,owl:Thing
rc:Monument,rdfs:subClassOf,rc:Custom_Made
rc:Monument,rdfs:subClassOf,owl:Thing
rc:RadarDevice,rdfs:subClassOf,rc:ElectricalDevice
rc:RadarDevice,rdfs:subClassOf,rc:ReconnaissanceDevice
rc:RadarDevice,rdfs:subClassOf,owl:Thing
rc:Queen_HeadOfState,rdfs:subClassOf,rc:FemaleHuman
rc:Queen_HeadOfState,rdfs:subClassOf,rc:Monarch_HeadOfState
rc:Queen_HeadOfState,rdfs:subClassOf,owl:Thing
rc:YoungJediKnight,rdfs:subClassOf,rc:JediKnight
rc:YoungJediKnight,rdfs:subClassOf,owl:Thing
rc:Flaw_Intermittent,rdfs:subClassOf,rc:Flaw
rc:Flaw_Intermittent,rdfs:subClassOf,owl:Thing
rc:Flour,rdfs:subClassOf,rc:Starch
rc:Flour,rdfs:subClassOf,owl:Thing
rc:PhosphoricAcid,rdfs:subClassOf,rc:InorganicAcid
rc:PhosphoricAcid,rdfs:subClassOf,owl:Thing
rc:ElectricHairShaver,rdfs:subClassOf,rc:Razor
rc:ElectricHairShaver,rdfs:subClassOf,owl:Thing
rc:VisualArtsGenre,rdfs:subClassOf,rc:GenreTypes
rc:VisualArtsGenre,rdfs:subClassOf,owl:Thing
rc:Sarong_Skirt,rdfs:subClassOf,rc:Skirt
rc:Sarong_Skirt,rdfs:subClassOf,owl:Thing
rc:SpiderWeb,rdfs:subClassOf,rc:Artifact_AnimalCreated
rc:SpiderWeb,rdfs:subClassOf,rc:TrapDevice
rc:SpiderWeb,rdfs:subClassOf,owl:Thing
rc:MissileAssemblyFacility,rdfs:subClassOf,rc:MissileFacility
rc:MissileAssemblyFacility,rdfs:subClassOf,owl:Thing
rc:CatalyticReaction,rdfs:subClassOf,rc:ChemicalReaction
rc:CatalyticReaction,rdfs:subClassOf,owl:Thing
rc:HighFantasy,rdfs:subClassOf,rc:FantasyGenre
rc:HighFantasy,rdfs:subClassOf,owl:Thing
rc:EconomicSupport,rdfs:subClassOf,rc:InterAgentSupportQuantity
rc:EconomicSupport,rdfs:subClassOf,owl:Thing
rc:Anchorperson,rdfs:subClassOf,rc:NewsShowHost
rc:Anchorperson,rdfs:subClassOf,owl:Thing
rc:LipBalm,rdfs:subClassOf,rc:CoatingMaterial
rc:LipBalm,rdfs:subClassOf,owl:Thing
rc:BinaryChemicalReaction,rdfs:subClassOf,rc:ChemicalReaction
rc:BinaryChemicalReaction,rdfs:subClassOf,owl:Thing
rc:ExplosiveDevice,rdfs:subClassOf,rc:Device_OneTimeUse
rc:ExplosiveDevice,rdfs:subClassOf,rc:SelfPoweredDevice
rc:ExplosiveDevice,rdfs:subClassOf,rc:TriggerableDevice
rc:ExplosiveDevice,rdfs:subClassOf,owl:Thing
rc:GoldenRatio_Number,rdfs:subClassOf,rc:IrrationalNumber
rc:GoldenRatio_Number,rdfs:subClassOf,owl:Thing
rc:HydroselenicAcid,rdfs:subClassOf,rc:InorganicAcid
rc:HydroselenicAcid,rdfs:subClassOf,owl:Thing
rc:USGSTopographicMap,rdfs:subClassOf,rc:PublishedConceptualWork
rc:USGSTopographicMap,rdfs:subClassOf,owl:Thing
rc:KrebsCycle,rdfs:subClassOf,rc:CellularRespiration_Aerobic
rc:KrebsCycle,rdfs:subClassOf,owl:Thing
rc:MedicalResearch,rdfs:subClassOf,rc:HealthcareService
rc:MedicalResearch,rdfs:subClassOf,owl:Thing
rc:SchoenbrunnPalace,rdfs:subClassOf,rc:OfficialResidence
rc:SchoenbrunnPalace,rdfs:subClassOf,owl:Thing
rc:RailwayJunction,rdfs:subClassOf,rc:Junction_Connector
rc:RailwayJunction,rdfs:subClassOf,owl:Thing
rc:FaucetTap,rdfs:subClassOf,rc:ContainerArtifact
rc:FaucetTap,rdfs:subClassOf,rc:FlowControlDevice
rc:FaucetTap,rdfs:subClassOf,owl:Thing
rc:FantasyByMedium,rdfs:subClassOf,rc:Fantasy
rc:FantasyByMedium,rdfs:subClassOf,owl:Thing
rc:Tuple,rdfs:subClassOf,rc:MathematicalObject
rc:Tuple,rdfs:subClassOf,owl:Thing
rc:Viscount,rdfs:subClassOf,rc:MaleHuman
rc:Viscount,rdfs:subClassOf,owl:Thing
rc:ComputerFile,rdfs:subClassOf,rc:Document
rc:ComputerFile,rdfs:subClassOf,owl:Thing
rc:OuijaSet,rdfs:subClassOf,rc:Device_UserPowered
rc:OuijaSet,rdfs:subClassOf,rc:Game_EquipmentSet
rc:OuijaSet,rdfs:subClassOf,rc:MechanicalDevice
rc:OuijaSet,rdfs:subClassOf,rc:SinglePurposeDevice
rc:OuijaSet,rdfs:subClassOf,owl:Thing
rc:WindsorCastle,rdfs:subClassOf,rc:OfficialResidence
rc:WindsorCastle,rdfs:subClassOf,owl:Thing
rc:FirstOrderMethod,rdfs:subClassOf,rc:MathematicalFieldOfStudy
rc:FirstOrderMethod,rdfs:subClassOf,owl:Thing
rc:WaterSprinkler,rdfs:subClassOf,rc:AgriculturalImplement
rc:WaterSprinkler,rdfs:subClassOf,rc:AgriculturalProduct
rc:WaterSprinkler,rdfs:subClassOf,rc:AgriculturalSprayingDevice
rc:WaterSprinkler,rdfs:subClassOf,owl:Thing
rc:EthnicGroupOfCajuns,rdfs:subClassOf,rc:EthnicGroup
rc:EthnicGroupOfCajuns,rdfs:subClassOf,owl:Thing
rc:Baron,rdfs:subClassOf,rc:MaleHuman
rc:Baron,rdfs:subClassOf,owl:Thing
rc:Treaty,rdfs:subClassOf,rc:InternationalAffairs
rc:Treaty,rdfs:subClassOf,owl:Thing
rc:VentilationDevice,rdfs:subClassOf,rc:DeviceTypeByFunction
rc:VentilationDevice,rdfs:subClassOf,owl:Thing
rc:Chigger,rdfs:subClassOf,rc:Larva
rc:Chigger,rdfs:subClassOf,owl:Thing
rc:CrimeRate,rdfs:subClassOf,rc:NonAspectualQuantity
rc:CrimeRate,rdfs:subClassOf,rc:PerCapitaRatioQuantity
rc:CrimeRate,rdfs:subClassOf,owl:Thing
rc:Couch,rdfs:subClassOf,rc:Object_SupportingFurniture
rc:Couch,rdfs:subClassOf,owl:Thing
rc:BlackAndWhiteColorScheme,rdfs:subClassOf,rc:ColorScheme
rc:BlackAndWhiteColorScheme,rdfs:subClassOf,owl:Thing
rc:Bohrium,rdfs:subClassOf,rc:TransuraniumElement
rc:Bohrium,rdfs:subClassOf,owl:Thing
rc:Toughness,rdfs:subClassOf,rc:DispositionalQuantity
rc:Toughness,rdfs:subClassOf,rc:MultiDimensionalQuantity
rc:Toughness,rdfs:subClassOf,rc:NonAspectualQuantity
rc:Toughness,rdfs:subClassOf,rc:TangiblePhysicalQuantity
rc:Toughness,rdfs:subClassOf,owl:Thing
rc:PoweredFlight,rdfs:subClassOf,rc:AirTransportationDevice
rc:PoweredFlight,rdfs:subClassOf,owl:Thing
rc:MonCalamariCruiser,rdfs:subClassOf,rc:FictionalSpacecraft
rc:MonCalamariCruiser,rdfs:subClassOf,owl:Thing
rc:Sick,rdfs:subClassOf,rc:EvaluativeQuantity
rc:Sick,rdfs:subClassOf,owl:Thing
rc:HumanWithCrewcutHairstyle,rdfs:subClassOf,rc:HumanTypeByHairstyle
rc:HumanWithCrewcutHairstyle,rdfs:subClassOf,owl:Thing
rc:WoodenBuildingOrStructure,rdfs:subClassOf,rc:Woodwork
rc:WoodenBuildingOrStructure,rdfs:subClassOf,owl:Thing
rc:ThicknessPlaner,rdfs:subClassOf,rc:ElectricalTool
rc:ThicknessPlaner,rdfs:subClassOf,owl:Thing
rc:AutoSoundMarketCategory,rdfs:subClassOf,rc:AutomotiveDevice
rc:AutoSoundMarketCategory,rdfs:subClassOf,rc:ExternallyPoweredDevice
rc:AutoSoundMarketCategory,rdfs:subClassOf,rc:MechanicalDevice
rc:AutoSoundMarketCategory,rdfs:subClassOf,rc:ProductTypeByMarketCategory
rc:AutoSoundMarketCategory,rdfs:subClassOf,owl:Thing
rc:EncyclopediaProgram,rdfs:subClassOf,rc:Encyclopedia
rc:EncyclopediaProgram,rdfs:subClassOf,owl:Thing
rc:BoxingGlove,rdfs:subClassOf,rc:BoxingEquipment
rc:BoxingGlove,rdfs:subClassOf,rc:Glove
rc:BoxingGlove,rdfs:subClassOf,owl:Thing
rc:SoftwareParameter,rdfs:subClassOf,rc:Parameter
rc:SoftwareParameter,rdfs:subClassOf,owl:Thing
rc:EthnicGroupOfTongans,rdfs:subClassOf,rc:EthnicGroupOfPolynesians
rc:EthnicGroupOfTongans,rdfs:subClassOf,owl:Thing
rc:SensitiveButUnclassified,rdfs:subClassOf,rc:LimitedAccess
rc:SensitiveButUnclassified,rdfs:subClassOf,owl:Thing
rc:Synchronous,rdfs:subClassOf,rc:SynchronicityOfComplexAction
rc:Synchronous,rdfs:subClassOf,owl:Thing
rc:NikitaKhrushchev,rdfs:subClassOf,rc:FamousHuman
rc:NikitaKhrushchev,rdfs:subClassOf,owl:Thing
rc:EthnicGroupOfCham,rdfs:subClassOf,rc:EthnicGroupOfAsians
rc:EthnicGroupOfCham,rdfs:subClassOf,owl:Thing
rc:Fishhook,rdfs:subClassOf,rc:DeviceWithNoMovingParts
rc:Fishhook,rdfs:subClassOf,rc:FishingEquipment
rc:Fishhook,rdfs:subClassOf,rc:SinglePurposeDevice
rc:Fishhook,rdfs:subClassOf,owl:Thing
rc:PrinceHarry,rdfs:subClassOf,rc:Prince
rc:PrinceHarry,rdfs:subClassOf,owl:Thing
rc:SignalFilter,rdfs:subClassOf,rc:AudioSystem
rc:SignalFilter,rdfs:subClassOf,rc:PassiveDiscreteComponent
rc:SignalFilter,rdfs:subClassOf,owl:Thing
rc:Analgesic,rdfs:subClassOf,rc:FirstAidMarketCategory
rc:Analgesic,rdfs:subClassOf,owl:Thing
rc:GutterDownSpout,rdfs:subClassOf,rc:Chute_SlopingPath
rc:GutterDownSpout,rdfs:subClassOf,rc:Pipe_ConduitArtifact
rc:GutterDownSpout,rdfs:subClassOf,owl:Thing
rc:PhysicalAttractiveness,rdfs:subClassOf,rc:EvaluativeQuantity
rc:PhysicalAttractiveness,rdfs:subClassOf,owl:Thing
rc:FrenchFries,rdfs:subClassOf,rc:SaltyTaste
rc:FrenchFries,rdfs:subClassOf,owl:Thing
rc:RedHairedHuman,rdfs:subClassOf,rc:AuburnHairedHuman
rc:RedHairedHuman,rdfs:subClassOf,owl:Thing
rc:PresidentOfIran,rdfs:subClassOf,rc:President_HeadOfGovernmentOrHeadOfState
rc:PresidentOfIran,rdfs:subClassOf,owl:Thing
rc:GrapeJuice,rdfs:subClassOf,rc:SweetTaste
rc:GrapeJuice,rdfs:subClassOf,owl:Thing
rc:Mattress,rdfs:subClassOf,rc:BedsAndMattressesMarketCategory
rc:Mattress,rdfs:subClassOf,rc:NonPoweredDevice
rc:Mattress,rdfs:subClassOf,owl:Thing
rc:IndependenceResult,rdfs:subClassOf,rc:MathematicalLogic
rc:IndependenceResult,rdfs:subClassOf,owl:Thing
rc:AutonomousCar,rdfs:subClassOf,rc:Automobile
rc:AutonomousCar,rdfs:subClassOf,owl:Thing
rc:AirplaneTailAssembly,rdfs:subClassOf,rc:MechanicalDevice
rc:AirplaneTailAssembly,rdfs:subClassOf,owl:Thing
rc:DanishDiaspora,rdfs:subClassOf,rc:Diaspora
rc:DanishDiaspora,rdfs:subClassOf,owl:Thing
rc:GeosynchronousEarthOrbit,rdfs:subClassOf,rc:GeographicalDirection
rc:GeosynchronousEarthOrbit,rdfs:subClassOf,owl:Thing
rc:AluminumChloride,rdfs:subClassOf,rc:InorganicSalt
rc:AluminumChloride,rdfs:subClassOf,owl:Thing
rc:KamrupiPeople,rdfs:subClassOf,rc:EthnicGroupOfAsians
rc:KamrupiPeople,rdfs:subClassOf,owl:Thing
rc:ScienceFictionMovie,rdfs:subClassOf,rc:PropositionalConceptualWork_ScienceFictionGenre
rc:ScienceFictionMovie,rdfs:subClassOf,rc:SciFiOrFantasyStory_Generic
rc:ScienceFictionMovie,rdfs:subClassOf,owl:Thing
rc:EthnicGroupOfHindustani,rdfs:subClassOf,rc:EthnicGroupOfIndo_Aryans
rc:EthnicGroupOfHindustani,rdfs:subClassOf,owl:Thing
rc:BritonsOfTheNorth,rdfs:subClassOf,rc:EthnicGroupOfScots
rc:BritonsOfTheNorth,rdfs:subClassOf,owl:Thing
rc:HellenisticArchitecture,rdfs:subClassOf,rc:ArchitecturalTypeByStyle
rc:HellenisticArchitecture,rdfs:subClassOf,owl:Thing
rc:HolyRomanEmperor,rdfs:subClassOf,rc:Emperor_HeadOfState
rc:HolyRomanEmperor,rdfs:subClassOf,rc:King_HeadOfState
rc:HolyRomanEmperor,rdfs:subClassOf,owl:Thing
rc:FuelCellPoweredDevice,rdfs:subClassOf,rc:SelfPoweredDevice
rc:FuelCellPoweredDevice,rdfs:subClassOf,owl:Thing
rc:NawabsOfBalochistanPakistan,rdfs:subClassOf,rc:EthnicGroupOfBaluchis
rc:NawabsOfBalochistanPakistan,rdfs:subClassOf,owl:Thing
rc:EthnicGroupOfOldWorldBlacks,rdfs:subClassOf,rc:EthnicGroupOfAfricans
rc:EthnicGroupOfOldWorldBlacks,rdfs:subClassOf,rc:EthnicGroupOfBlacks
rc:EthnicGroupOfOldWorldBlacks,rdfs:subClassOf,owl:Thing
rc:Interval_Mathematics,rdfs:subClassOf,rc:ScalarOrVectorInterval
rc:Interval_Mathematics,rdfs:subClassOf,owl:Thing
rc:BiochemistryMethod,rdfs:subClassOf,rc:Biochemistry
rc:BiochemistryMethod,rdfs:subClassOf,owl:Thing
rc:AutomotiveFluid,rdfs:subClassOf,rc:LiquidTangibleArtifact
rc:AutomotiveFluid,rdfs:subClassOf,owl:Thing
rc:PersonalOrganizer,rdfs:subClassOf,rc:Organizer
rc:PersonalOrganizer,rdfs:subClassOf,owl:Thing
rc:RoadVehicle_ElectricWithBattery,rdfs:subClassOf,rc:BatteryPoweredDevice
rc:RoadVehicle_ElectricWithBattery,rdfs:subClassOf,owl:Thing
rc:Wormwood,rdfs:subClassOf,rc:BitterTaste
rc:Wormwood,rdfs:subClassOf,owl:Thing
rc:PuebloanArchitecture,rdfs:subClassOf,rc:ArchitecturalTypeByStyle
rc:PuebloanArchitecture,rdfs:subClassOf,owl:Thing
rc:SpanishLanguageCulture,rdfs:subClassOf,rc:LanguageCulture
rc:SpanishLanguageCulture,rdfs:subClassOf,owl:Thing
rc:AlsatianJew,rdfs:subClassOf,rc:AshkenaziJews
rc:AlsatianJew,rdfs:subClassOf,owl:Thing
rc:SexualityInPopularCulture,rdfs:subClassOf,rc:Erotica
rc:SexualityInPopularCulture,rdfs:subClassOf,owl:Thing
rc:Chimney,rdfs:subClassOf,rc:ConstructionContainer
rc:Chimney,rdfs:subClassOf,rc:NonPoweredDevice
rc:Chimney,rdfs:subClassOf,owl:Thing
rc:EthnicGroupOfMicronesians,rdfs:subClassOf,rc:EthnicGroupOfPacificIslanders
rc:EthnicGroupOfMicronesians,rdfs:subClassOf,owl:Thing
rc:WellLogging,rdfs:subClassOf,rc:DrillingEngineering
rc:WellLogging,rdfs:subClassOf,owl:Thing
rc:Diode,rdfs:subClassOf,rc:TwoTerminalElectricalDevice
rc:Diode,rdfs:subClassOf,owl:Thing
rc:AluminumSulfide,rdfs:subClassOf,rc:ChemicalToxin
rc:AluminumSulfide,rdfs:subClassOf,rc:InorganicCompound
rc:AluminumSulfide,rdfs:subClassOf,owl:Thing
rc:RatioQuantity,rdfs:subClassOf,rc:MultiDimensionalQuantity
rc:RatioQuantity,rdfs:subClassOf,owl:Thing
rc:CrownJewelsOfTheUnitedKingdom,rdfs:subClassOf,rc:NationalTreasure
rc:CrownJewelsOfTheUnitedKingdom,rdfs:subClassOf,owl:Thing
rc:Openness,rdfs:subClassOf,rc:NonNumericScalarQuantity
rc:Openness,rdfs:subClassOf,owl:Thing
rc:MagicSpell,rdfs:subClassOf,rc:ConceptualWork
rc:MagicSpell,rdfs:subClassOf,owl:Thing
rc:TVShowOnScience,rdfs:subClassOf,rc:PropositionalConceptualWork_EducationalGenre
rc:TVShowOnScience,rdfs:subClassOf,owl:Thing
rc:Brand,rdfs:subClassOf,rc:Name
rc:Brand,rdfs:subClassOf,owl:Thing
rc:DeathCertificate,rdfs:subClassOf,rc:BusinessUsePaper
rc:DeathCertificate,rdfs:subClassOf,owl:Thing
rc:IrishChildren,rdfs:subClassOf,rc:EthnicGroupOfIrish
rc:IrishChildren,rdfs:subClassOf,owl:Thing
rc:FurPelt,rdfs:subClassOf,rc:NonPoweredDevice
rc:FurPelt,rdfs:subClassOf,owl:Thing
rc:AeronauticalEngineering,rdfs:subClassOf,rc:IndustrialEngineering
rc:AeronauticalEngineering,rdfs:subClassOf,owl:Thing
rc:LoadingDock,rdfs:subClassOf,rc:TransportFacility
rc:LoadingDock,rdfs:subClassOf,owl:Thing
rc:Gold,rdfs:subClassOf,rc:PreciousMetalSource
rc:Gold,rdfs:subClassOf,rc:TransitionMetal
rc:Gold,rdfs:subClassOf,rc:UnalloyedMetal
rc:Gold,rdfs:subClassOf,owl:Thing
rc:ChildSupport,rdfs:subClassOf,rc:Divorce
rc:ChildSupport,rdfs:subClassOf,owl:Thing
rc:TrainingCamp,rdfs:subClassOf,rc:Campsite
rc:TrainingCamp,rdfs:subClassOf,owl:Thing
rc:MultinuclearNMRSceptroscopy,rdfs:subClassOf,rc:MedicalImagingDevice
rc:MultinuclearNMRSceptroscopy,rdfs:subClassOf,owl:Thing
rc:Biosecurity,rdfs:subClassOf,rc:Sustainability
rc:Biosecurity,rdfs:subClassOf,owl:Thing
rc:Crop,rdfs:subClassOf,rc:AgriculturalCommodity
rc:Crop,rdfs:subClassOf,rc:PlantProduct
rc:Crop,rdfs:subClassOf,owl:Thing
rc:Organist,rdfs:subClassOf,rc:MusicalInstrumentPlayer
rc:Organist,rdfs:subClassOf,owl:Thing
rc:Weathervane,rdfs:subClassOf,rc:MechanicalDevice
rc:Weathervane,rdfs:subClassOf,rc:OutdoorAccessoryMarketCategory
rc:Weathervane,rdfs:subClassOf,owl:Thing
rc:Chronology,rdfs:subClassOf,rc:PropositionalConceptualWork
rc:Chronology,rdfs:subClassOf,owl:Thing
rc:WorkBench,rdfs:subClassOf,rc:ShelvingStorage
rc:WorkBench,rdfs:subClassOf,rc:Table_PieceOfFurniture
rc:WorkBench,rdfs:subClassOf,owl:Thing
rc:Unclassified,rdfs:subClassOf,rc:EvaluativeQuantity
rc:Unclassified,rdfs:subClassOf,rc:IndividualTypeBySecurityStatus
rc:Unclassified,rdfs:subClassOf,owl:Thing
rc:SolarRadiation,rdfs:subClassOf,rc:ElectromagneticRadiation
rc:SolarRadiation,rdfs:subClassOf,owl:Thing
rc:WoodPaneling,rdfs:subClassOf,rc:Woodwork
rc:WoodPaneling,rdfs:subClassOf,owl:Thing
rc:GasCan,rdfs:subClassOf,rc:Can
rc:GasCan,rdfs:subClassOf,owl:Thing
rc:MilitaryTVShow,rdfs:subClassOf,rc:PropositionalConceptualWork_WarGenre
rc:MilitaryTVShow,rdfs:subClassOf,owl:Thing
rc:DrinkingGlass,rdfs:subClassOf,rc:GlasswareForKitchen
rc:DrinkingGlass,rdfs:subClassOf,owl:Thing
rc:UyghurPeople,rdfs:subClassOf,rc:EthnicGroupOfUighur
rc:UyghurPeople,rdfs:subClassOf,owl:Thing
rc:PenBody,rdfs:subClassOf,rc:ContainerArtifact
rc:PenBody,rdfs:subClassOf,owl:Thing
rc:EthnicGroupOfLyela,rdfs:subClassOf,rc:EthnicGroupOfAfricans
rc:EthnicGroupOfLyela,rdfs:subClassOf,owl:Thing
rc:MicrowaveRadiation,rdfs:subClassOf,rc:ElectromagneticRadiation
rc:MicrowaveRadiation,rdfs:subClassOf,owl:Thing
rc:SoilTest,rdfs:subClassOf,rc:SoilMeasuringEquipment
rc:SoilTest,rdfs:subClassOf,owl:Thing
rc:EthnicGroupOfSerbians,rdfs:subClassOf,rc:EthnicGroupOfSlavs
rc:EthnicGroupOfSerbians,rdfs:subClassOf,owl:Thing
rc:CountsOfProvence,rdfs:subClassOf,rc:Count_Nobleman
rc:CountsOfProvence,rdfs:subClassOf,owl:Thing
rc:Check_TenderObject,rdfs:subClassOf,rc:FinancialAccountTenderObject
rc:Check_TenderObject,rdfs:subClassOf,rc:Form_StandardizedIBO
rc:Check_TenderObject,rdfs:subClassOf,rc:SheetOfPaper
rc:Check_TenderObject,rdfs:subClassOf,owl:Thing
rc:OrangeJuice,rdfs:subClassOf,rc:SweetTaste
rc:OrangeJuice,rdfs:subClassOf,owl:Thing
rc:Condom,rdfs:subClassOf,rc:Device_OneTimeUse
rc:Condom,rdfs:subClassOf,rc:DisposableProduct
rc:Condom,rdfs:subClassOf,owl:Thing
rc:PruningShears,rdfs:subClassOf,rc:CuttingDevice
rc:PruningShears,rdfs:subClassOf,rc:Device_UserPowered
rc:PruningShears,rdfs:subClassOf,owl:Thing
rc:MassSpectrometry,rdfs:subClassOf,rc:MeasuringDevice
rc:MassSpectrometry,rdfs:subClassOf,owl:Thing
rc:Accelerometer,rdfs:subClassOf,rc:Transducer
rc:Accelerometer,rdfs:subClassOf,owl:Thing
rc:EthnicGroupOfMonegasques,rdfs:subClassOf,rc:EthnicGroupOfEuropeans
rc:EthnicGroupOfMonegasques,rdfs:subClassOf,owl:Thing
rc:Discomfort,rdfs:subClassOf,rc:LevelOfDiscomfort
rc:Discomfort,rdfs:subClassOf,owl:Thing
rc:FishingPole,rdfs:subClassOf,rc:FishingEquipment
rc:FishingPole,rdfs:subClassOf,rc:SinglePurposeDevice
rc:FishingPole,rdfs:subClassOf,owl:Thing
rc:EthnicGroupOfIsraeliJews,rdfs:subClassOf,rc:EthnicGroupOfMiddleEasterners
rc:EthnicGroupOfIsraeliJews,rdfs:subClassOf,owl:Thing
rc:ConversionToIslam,rdfs:subClassOf,rc:Islam
rc:ConversionToIslam,rdfs:subClassOf,owl:Thing
rc:EthnicGroupOfPoles,rdfs:subClassOf,rc:EthnicGroupOfSlavs
rc:EthnicGroupOfPoles,rdfs:subClassOf,owl:Thing
rc:Paddle_Water,rdfs:subClassOf,rc:Device_UserPowered
rc:Paddle_Water,rdfs:subClassOf,owl:Thing
rc:EthnicGroupOfBobo,rdfs:subClassOf,rc:EthnicGroupOfAfricans
rc:EthnicGroupOfBobo,rdfs:subClassOf,owl:Thing
rc:DramaticMovie,rdfs:subClassOf,rc:PropositionalConceptualWork_DramaGenre
rc:DramaticMovie,rdfs:subClassOf,owl:Thing
rc:Ranking,rdfs:subClassOf,rc:Statistics
rc:Ranking,rdfs:subClassOf,owl:Thing
rc:AnimalContainer,rdfs:subClassOf,rc:AnimalContainmentHabitat
rc:AnimalContainer,rdfs:subClassOf,rc:StorageConstruct
rc:AnimalContainer,rdfs:subClassOf,owl:Thing
rc:FamousHuman,rdfs:subClassOf,rc:FamousIndividual
rc:FamousHuman,rdfs:subClassOf,rc:IndividualPeople
rc:FamousHuman,rdfs:subClassOf,owl:Thing
rc:CreditScoring,rdfs:subClassOf,rc:FinancialActivity
rc:CreditScoring,rdfs:subClassOf,owl:Thing
rc:WashCloth,rdfs:subClassOf,rc:CleaningImplement
rc:WashCloth,rdfs:subClassOf,owl:Thing
rc:EthnicGroupOfBaribas,rdfs:subClassOf,rc:EthnicGroupOfAfricans
rc:EthnicGroupOfBaribas,rdfs:subClassOf,owl:Thing
rc:GeographicalDirection,rdfs:subClassOf,rc:TerrestrialDirection
rc:GeographicalDirection,rdfs:subClassOf,owl:Thing
rc:HydrogenBonding,rdfs:subClassOf,rc:ChemicalBonding
rc:HydrogenBonding,rdfs:subClassOf,owl:Thing
rc:Timecard,rdfs:subClassOf,rc:Form_StandardizedIBO
rc:Timecard,rdfs:subClassOf,owl:Thing
rc:EthnicGroupOfSonghai,rdfs:subClassOf,rc:EthnicGroupOfAfricans
rc:EthnicGroupOfSonghai,rdfs:subClassOf,owl:Thing
rc:KnowledgeBase,rdfs:subClassOf,rc:OnlineDatabase
rc:KnowledgeBase,rdfs:subClassOf,owl:Thing
rc:HighSpeedRailwayLineInFrance,rdfs:subClassOf,rc:TGVTrain
rc:HighSpeedRailwayLineInFrance,rdfs:subClassOf,owl:Thing
rc:Grandeur,rdfs:subClassOf,rc:NonNumericScalarQuantity
rc:Grandeur,rdfs:subClassOf,rc:SocialQuantity
rc:Grandeur,rdfs:subClassOf,owl:Thing
rc:TomatoPlant,rdfs:subClassOf,rc:Solanaceae
rc:TomatoPlant,rdfs:subClassOf,owl:Thing
rc:LaboratoryEquipment,rdfs:subClassOf,rc:Equipment
rc:LaboratoryEquipment,rdfs:subClassOf,owl:Thing
rc:TopSecretInformation,rdfs:subClassOf,rc:LimitedAccess
rc:TopSecretInformation,rdfs:subClassOf,owl:Thing
rc:Eyewear,rdfs:subClassOf,rc:NonPoweredDevice
rc:Eyewear,rdfs:subClassOf,rc:PersonalDevice
rc:Eyewear,rdfs:subClassOf,owl:Thing
rc:InflatableSexDoll,rdfs:subClassOf,rc:SexToy
rc:InflatableSexDoll,rdfs:subClassOf,owl:Thing
rc:AerosolSprayer,rdfs:subClassOf,rc:SprayingDevice
rc:AerosolSprayer,rdfs:subClassOf,owl:Thing
rc:GreekJew,rdfs:subClassOf,rc:AshkenaziJews
rc:GreekJew,rdfs:subClassOf,owl:Thing
rc:Lighting,rdfs:subClassOf,rc:Light
rc:Lighting,rdfs:subClassOf,owl:Thing
rc:Mechanics,rdfs:subClassOf,rc:Physics
rc:Mechanics,rdfs:subClassOf,owl:Thing
rc:Ichor,rdfs:subClassOf,rc:MythologicalObject
rc:Ichor,rdfs:subClassOf,owl:Thing
rc:ToyBalloon,rdfs:subClassOf,rc:Balloon
rc:ToyBalloon,rdfs:subClassOf,owl:Thing
rc:SpreadsheetSoftware,rdfs:subClassOf,rc:ContentAuthoringEditingSoftware
rc:SpreadsheetSoftware,rdfs:subClassOf,rc:HumanAccessibleIBT
rc:SpreadsheetSoftware,rdfs:subClassOf,rc:StructuredInformationSource
rc:SpreadsheetSoftware,rdfs:subClassOf,owl:Thing
rc:LaborEconomics,rdfs:subClassOf,rc:Socioeconomics
rc:LaborEconomics,rdfs:subClassOf,owl:Thing
rc:CatalogCopy,rdfs:subClassOf,rc:PrintedPublication
rc:CatalogCopy,rdfs:subClassOf,rc:PublishedIBT
rc:CatalogCopy,rdfs:subClassOf,rc:TextualMaterial
rc:CatalogCopy,rdfs:subClassOf,owl:Thing
rc:SodiumFluoride,rdfs:subClassOf,rc:ChemicalToxin
rc:SodiumFluoride,rdfs:subClassOf,rc:NoOdor
rc:SodiumFluoride,rdfs:subClassOf,owl:Thing
rc:MobilePhone,rdfs:subClassOf,rc:PersonalDevice
rc:MobilePhone,rdfs:subClassOf,rc:Telephone
rc:MobilePhone,rdfs:subClassOf,owl:Thing
rc:PackagingContainerProduct,rdfs:subClassOf,rc:StorageConstruct
rc:PackagingContainerProduct,rdfs:subClassOf,owl:Thing
rc:ElectronicDisplayDevice,rdfs:subClassOf,rc:ElectricalLightingDevice
rc:ElectronicDisplayDevice,rdfs:subClassOf,owl:Thing
rc:Coeus_TheTitan,rdfs:subClassOf,rc:MythologicalGod
rc:Coeus_TheTitan,rdfs:subClassOf,owl:Thing
rc:LaborAndDemographicEconomics,rdfs:subClassOf,rc:Socioeconomics
rc:LaborAndDemographicEconomics,rdfs:subClassOf,owl:Thing
rc:Purse,rdfs:subClassOf,rc:NonPoweredDevice
rc:Purse,rdfs:subClassOf,rc:PersonalDevice
rc:Purse,rdfs:subClassOf,owl:Thing
rc:EuropeanPeopleByEthnicOrNationalOrigin,rdfs:subClassOf,rc:EthnicGroupOfEuropeans
rc:EuropeanPeopleByEthnicOrNationalOrigin,rdfs:subClassOf,owl:Thing
rc:EthnicGroupOfIndonesians,rdfs:subClassOf,rc:EthnicGroupOfAsians
rc:EthnicGroupOfIndonesians,rdfs:subClassOf,owl:Thing
rc:DVDPlayer,rdfs:subClassOf,rc:MediaPlayingDevice
rc:DVDPlayer,rdfs:subClassOf,owl:Thing
rc:Spiritualism,rdfs:subClassOf,rc:Paranormal
rc:Spiritualism,rdfs:subClassOf,owl:Thing
rc:Clock,rdfs:subClassOf,rc:MeasuringDevice
rc:Clock,rdfs:subClassOf,rc:Timepiece
rc:Clock,rdfs:subClassOf,owl:Thing
rc:EthnicGroupOfLugbara,rdfs:subClassOf,rc:EthnicGroupOfAfricans
rc:EthnicGroupOfLugbara,rdfs:subClassOf,owl:Thing
rc:EthnicGroupOfQuechua,rdfs:subClassOf,rc:EthnicGroupOfSouthAmericanNatives
rc:EthnicGroupOfQuechua,rdfs:subClassOf,owl:Thing
rc:AutomobileSuspensionSystem,rdfs:subClassOf,rc:PhysicalSystem
rc:AutomobileSuspensionSystem,rdfs:subClassOf,owl:Thing
rc:ElectricMixer,rdfs:subClassOf,rc:DomesticKitchenAppliance
rc:ElectricMixer,rdfs:subClassOf,rc:DomesticKitchenTool
rc:ElectricMixer,rdfs:subClassOf,rc:FoodOrDrinkPreparationDevice
rc:ElectricMixer,rdfs:subClassOf,rc:MixingDevice
rc:ElectricMixer,rdfs:subClassOf,owl:Thing
rc:BiologicalPestControl,rdfs:subClassOf,rc:SustainableAgriculture
rc:BiologicalPestControl,rdfs:subClassOf,owl:Thing
rc:FinnishDiaspora,rdfs:subClassOf,rc:Diaspora
rc:FinnishDiaspora,rdfs:subClassOf,rc:EthnicGroupOfFinns
rc:FinnishDiaspora,rdfs:subClassOf,owl:Thing
rc:Tube_Container,rdfs:subClassOf,rc:Device_UserPowered
rc:Tube_Container,rdfs:subClassOf,owl:Thing
rc:CzechJew,rdfs:subClassOf,rc:AshkenaziJews
rc:CzechJew,rdfs:subClassOf,owl:Thing
rc:CabbagePlant,rdfs:subClassOf,rc:Brassicaceae
rc:CabbagePlant,rdfs:subClassOf,owl:Thing
rc:EthnicGroupOfAfricans,rdfs:subClassOf,rc:EthnicGroup
rc:EthnicGroupOfAfricans,rdfs:subClassOf,owl:Thing
rc:EnvironmentalIssuesWithPopulation,rdfs:subClassOf,rc:HumanPopulation
rc:EnvironmentalIssuesWithPopulation,rdfs:subClassOf,owl:Thing
rc:NationalizingAnIndustry,rdfs:subClassOf,rc:LegalProceeding
rc:NationalizingAnIndustry,rdfs:subClassOf,owl:Thing
rc:Urinal,rdfs:subClassOf,rc:HumanWasteConversionDevice
rc:Urinal,rdfs:subClassOf,owl:Thing
rc:HouseOfFlanders,rdfs:subClassOf,rc:Carolingian_Monarch_HeadOfState
rc:HouseOfFlanders,rdfs:subClassOf,owl:Thing
rc:EthnicGroupOfAbkhaz,rdfs:subClassOf,rc:EthnicGroupOfAsians
rc:EthnicGroupOfAbkhaz,rdfs:subClassOf,owl:Thing
rc:ElectrolyticCell,rdfs:subClassOf,rc:RedoxReaction
rc:ElectrolyticCell,rdfs:subClassOf,owl:Thing
rc:ChemicallyImpure,rdfs:subClassOf,rc:ChemicalPurity
rc:ChemicallyImpure,rdfs:subClassOf,owl:Thing
rc:ArtificialIntelligence,rdfs:subClassOf,rc:ScientificFieldOfStudy
rc:ArtificialIntelligence,rdfs:subClassOf,owl:Thing
rc:EthnicGroupOfAlbanians,rdfs:subClassOf,rc:EthnicGroupOfEuropeans
rc:EthnicGroupOfAlbanians,rdfs:subClassOf,owl:Thing
rc:GreenSalad,rdfs:subClassOf,rc:PlantProduct
rc:GreenSalad,rdfs:subClassOf,owl:Thing
rc:BusinessModel,rdfs:subClassOf,rc:BusinessRelatedThing
rc:BusinessModel,rdfs:subClassOf,owl:Thing
rc:EthnicGroupOfNgonde,rdfs:subClassOf,rc:EthnicGroupOfAfricans
rc:EthnicGroupOfNgonde,rdfs:subClassOf,owl:Thing
rc:DrinkingVessel,rdfs:subClassOf,rc:FluidReservoir
rc:DrinkingVessel,rdfs:subClassOf,owl:Thing
rc:MangoTree,rdfs:subClassOf,rc:Anacardiaceae
rc:MangoTree,rdfs:subClassOf,owl:Thing
rc:BowForStringInstrument,rdfs:subClassOf,rc:Device_UserPowered
rc:BowForStringInstrument,rdfs:subClassOf,owl:Thing
rc:CentralNervousSystem,rdfs:subClassOf,rc:NerveTissue
rc:CentralNervousSystem,rdfs:subClassOf,owl:Thing
rc:Firewall_Network,rdfs:subClassOf,rc:NetworkFileSystem
rc:Firewall_Network,rdfs:subClassOf,owl:Thing
rc:Reliability,rdfs:subClassOf,rc:EvaluativeQuantity
rc:Reliability,rdfs:subClassOf,owl:Thing
rc:Flax_TheFiber,rdfs:subClassOf,rc:PlantProduct
rc:Flax_TheFiber,rdfs:subClassOf,owl:Thing
rc:Password_Computer,rdfs:subClassOf,rc:SecurityInformation
rc:Password_Computer,rdfs:subClassOf,owl:Thing
rc:BabyGate,rdfs:subClassOf,rc:ToddlerSafetyDevice
rc:BabyGate,rdfs:subClassOf,owl:Thing
rc:ComputerGameProgram_Graphical,rdfs:subClassOf,rc:Game
rc:ComputerGameProgram_Graphical,rdfs:subClassOf,owl:Thing
rc:FirefighterUniform,rdfs:subClassOf,rc:FirefightingEquipment
rc:FirefighterUniform,rdfs:subClassOf,owl:Thing
rc:DistanceTravelledInDirection,rdfs:subClassOf,rc:Distance
rc:DistanceTravelledInDirection,rdfs:subClassOf,owl:Thing
rc:BusStation,rdfs:subClassOf,rc:BusTransport
rc:BusStation,rdfs:subClassOf,owl:Thing
rc:AssassinsCreed,rdfs:subClassOf,rc:PropositionalConceptualWork_HistoricalFictionGenre
rc:AssassinsCreed,rdfs:subClassOf,owl:Thing
rc:Seatbelt,rdfs:subClassOf,rc:MechanicalDevice
rc:Seatbelt,rdfs:subClassOf,owl:Thing
rc:LaserDiscPlayer,rdfs:subClassOf,rc:MediaPlayingDevice
rc:LaserDiscPlayer,rdfs:subClassOf,owl:Thing
rc:UnitedStatesPresident,rdfs:subClassOf,rc:HeadOfGovernment
rc:UnitedStatesPresident,rdfs:subClassOf,rc:HeadOfState_Elected
rc:UnitedStatesPresident,rdfs:subClassOf,rc:President_HeadOfGovernmentOrHeadOfState
rc:UnitedStatesPresident,rdfs:subClassOf,owl:Thing
rc:MelonPlant,rdfs:subClassOf,rc:Cucurbitaceae
rc:MelonPlant,rdfs:subClassOf,owl:Thing
rc:ObjectTypeByTaste,rdfs:subClassOf,rc:AnimalSensoryQuantity
rc:ObjectTypeByTaste,rdfs:subClassOf,owl:Thing
rc:MechanicalFailureMode,rdfs:subClassOf,rc:SolidMechanics
rc:MechanicalFailureMode,rdfs:subClassOf,owl:Thing
rc:Catnip_Plant,rdfs:subClassOf,rc:MintFamily
rc:Catnip_Plant,rdfs:subClassOf,owl:Thing
rc:EthnicGroupOfMelanesians,rdfs:subClassOf,rc:EthnicGroupOfPacificIslanders
rc:EthnicGroupOfMelanesians,rdfs:subClassOf,owl:Thing
rc:EthnicGroupOfArmenians,rdfs:subClassOf,rc:EthnicGroupOfAsians
rc:EthnicGroupOfArmenians,rdfs:subClassOf,owl:Thing
rc:HollowStructuralSection,rdfs:subClassOf,rc:Tube_Structure
rc:HollowStructuralSection,rdfs:subClassOf,owl:Thing
rc:BetteDavis_Actor,rdfs:subClassOf,rc:ActorInMovies
rc:BetteDavis_Actor,rdfs:subClassOf,owl:Thing
rc:TechnologySystem,rdfs:subClassOf,rc:PhysicalSystem
rc:TechnologySystem,rdfs:subClassOf,owl:Thing
rc:WritingPen,rdfs:subClassOf,rc:ContainerArtifact
rc:WritingPen,rdfs:subClassOf,owl:Thing
rc:MethaneCombustion_Reaction,rdfs:subClassOf,rc:BinaryChemicalReaction
rc:MethaneCombustion_Reaction,rdfs:subClassOf,owl:Thing
rc:LawBarCertification,rdfs:subClassOf,rc:Credential
rc:LawBarCertification,rdfs:subClassOf,owl:Thing
rc:Comedy,rdfs:subClassOf,rc:Humor
rc:Comedy,rdfs:subClassOf,owl:Thing
rc:Knight,rdfs:subClassOf,rc:MaleHuman
rc:Knight,rdfs:subClassOf,owl:Thing
rc:Hammurabi,rdfs:subClassOf,rc:King_HeadOfGovernment
rc:Hammurabi,rdfs:subClassOf,owl:Thing
rc:CommunicationProtocol,rdfs:subClassOf,rc:ProductStandard
rc:CommunicationProtocol,rdfs:subClassOf,owl:Thing
rc:NapoleonI,rdfs:subClassOf,rc:Emperor_HeadOfState
rc:NapoleonI,rdfs:subClassOf,owl:Thing
rc:UtilityFurnitureMarketCategory,rdfs:subClassOf,rc:ProductTypeByMarketCategory
rc:UtilityFurnitureMarketCategory,rdfs:subClassOf,owl:Thing
rc:Infographic,rdfs:subClassOf,rc:GraphicDesign
rc:Infographic,rdfs:subClassOf,rc:InformationScience
rc:Infographic,rdfs:subClassOf,rc:Semiotics
rc:Infographic,rdfs:subClassOf,owl:Thing
rc:NigerianFulaPeople,rdfs:subClassOf,rc:EthnicGroupOfFula
rc:NigerianFulaPeople,rdfs:subClassOf,owl:Thing
rc:Direction,rdfs:subClassOf,rc:UnitVectorInterval
rc:Direction,rdfs:subClassOf,owl:Thing
rc:KnickKnackMarketCategory,rdfs:subClassOf,rc:ProductTypeByMarketCategory
rc:KnickKnackMarketCategory,rdfs:subClassOf,owl:Thing
rc:MonetaryValue,rdfs:subClassOf,rc:MeasureOfUtility
rc:MonetaryValue,rdfs:subClassOf,rc:OneDimensionalQuantity
rc:MonetaryValue,rdfs:subClassOf,owl:Thing
rc:SelfContainedBreathingApparatus,rdfs:subClassOf,rc:Device_SingleUser
rc:SelfContainedBreathingApparatus,rdfs:subClassOf,owl:Thing
rc:Sericulture,rdfs:subClassOf,rc:Agriculture
rc:Sericulture,rdfs:subClassOf,owl:Thing
rc:Illusion,rdfs:subClassOf,rc:FictionalThing
rc:Illusion,rdfs:subClassOf,owl:Thing
rc:Ginseng,rdfs:subClassOf,rc:Araliaceae
rc:Ginseng,rdfs:subClassOf,owl:Thing
rc:CaffeinatedBeverage,rdfs:subClassOf,rc:ArtificialDrink
rc:CaffeinatedBeverage,rdfs:subClassOf,owl:Thing
rc:FencingSabre,rdfs:subClassOf,rc:Device_UserControlled
rc:FencingSabre,rdfs:subClassOf,owl:Thing
rc:HumanFather,rdfs:subClassOf,rc:AdultMaleHuman
rc:HumanFather,rdfs:subClassOf,owl:Thing
rc:AirResistance,rdfs:subClassOf,rc:ForceQuantity
rc:AirResistance,rdfs:subClassOf,owl:Thing
rc:CaskStrength,rdfs:subClassOf,rc:NonAspectualQuantity
rc:CaskStrength,rdfs:subClassOf,owl:Thing
rc:TuaregPeople,rdfs:subClassOf,rc:EthnicGroupOfBerbers
rc:TuaregPeople,rdfs:subClassOf,owl:Thing
rc:ComputerSoftwareLibrary,rdfs:subClassOf,rc:ComputerCode_Source
rc:ComputerSoftwareLibrary,rdfs:subClassOf,rc:LibraryFile
rc:ComputerSoftwareLibrary,rdfs:subClassOf,rc:SoftwareObject
rc:ComputerSoftwareLibrary,rdfs:subClassOf,owl:Thing
rc:EthnicGroupOfBagisu,rdfs:subClassOf,rc:EthnicGroupOfAfricans
rc:EthnicGroupOfBagisu,rdfs:subClassOf,owl:Thing
rc:TotemPole,rdfs:subClassOf,rc:Heraldry
rc:TotemPole,rdfs:subClassOf,owl:Thing
rc:BiblicalManuscript_AncientGreekVersion,rdfs:subClassOf,rc:OldTestament
rc:BiblicalManuscript_AncientGreekVersion,rdfs:subClassOf,rc:OldTestamentBook
rc:BiblicalManuscript_AncientGreekVersion,rdfs:subClassOf,owl:Thing
rc:BantuPeople,rdfs:subClassOf,rc:EthnicGroupOfBantus
rc:BantuPeople,rdfs:subClassOf,owl:Thing
rc:Utilitarianism,rdfs:subClassOf,rc:Ethics_PhilosophySubField
rc:Utilitarianism,rdfs:subClassOf,owl:Thing
rc:Amir_HeadOfState,rdfs:subClassOf,rc:Monarch_HeadOfState
rc:Amir_HeadOfState,rdfs:subClassOf,owl:Thing
rc:Pillory,rdfs:subClassOf,rc:Restraint_PhysicalDevice
rc:Pillory,rdfs:subClassOf,owl:Thing
rc:GirlsUniform,rdfs:subClassOf,rc:GirlsClothing
rc:GirlsUniform,rdfs:subClassOf,owl:Thing
rc:Spear,rdfs:subClassOf,rc:Device_UserControlled
rc:Spear,rdfs:subClassOf,owl:Thing
rc:Binoculars,rdfs:subClassOf,rc:Device_SingleUser
rc:Binoculars,rdfs:subClassOf,owl:Thing
rc:DiningRoomFurnitureMarketCategory,rdfs:subClassOf,rc:ProductTypeByMarketCategory
rc:DiningRoomFurnitureMarketCategory,rdfs:subClassOf,owl:Thing
rc:EthnicGroupOfKashmiris,rdfs:subClassOf,rc:EthnicGroupOfAsians
rc:EthnicGroupOfKashmiris,rdfs:subClassOf,owl:Thing
rc:CombustionReaction,rdfs:subClassOf,rc:ChemicalReaction
rc:CombustionReaction,rdfs:subClassOf,owl:Thing
rc:StructuredMediaSeriesProduct,rdfs:subClassOf,rc:MediaSeriesProduct
rc:StructuredMediaSeriesProduct,rdfs:subClassOf,owl:Thing
rc:Throne,rdfs:subClassOf,rc:SymbolicObject
rc:Throne,rdfs:subClassOf,owl:Thing
rc:Fibrous,rdfs:subClassOf,rc:NonAspectualQuantity
rc:Fibrous,rdfs:subClassOf,owl:Thing
rc:FossilFuel,rdfs:subClassOf,rc:EarthenSubstance
rc:FossilFuel,rdfs:subClassOf,owl:Thing
rc:Arbitrage,rdfs:subClassOf,rc:Finance
rc:Arbitrage,rdfs:subClassOf,owl:Thing
rc:HistoricBuilding,rdfs:subClassOf,rc:HistoricalSite
rc:HistoricBuilding,rdfs:subClassOf,owl:Thing
rc:KoreanWritingSystem,rdfs:subClassOf,rc:WritingSystem
rc:KoreanWritingSystem,rdfs:subClassOf,owl:Thing
rc:DrugTestingReagent,rdfs:subClassOf,rc:LaboratorySupply
rc:DrugTestingReagent,rdfs:subClassOf,owl:Thing
rc:IndustrialCleaningStuff,rdfs:subClassOf,rc:ArtificialMaterial
rc:IndustrialCleaningStuff,rdfs:subClassOf,owl:Thing
rc:ReagentsForBiochemistry,rdfs:subClassOf,rc:LaboratorySupply
rc:ReagentsForBiochemistry,rdfs:subClassOf,owl:Thing
rc:ScienceFictionCharacter,rdfs:subClassOf,rc:FictionalCharacter
rc:ScienceFictionCharacter,rdfs:subClassOf,owl:Thing
rc:LampBallast,rdfs:subClassOf,rc:LampLightbulbLampComponent
rc:LampBallast,rdfs:subClassOf,owl:Thing
rc:DisabilityInsurance,rdfs:subClassOf,rc:LifeHealthAccidentInsurance
rc:DisabilityInsurance,rdfs:subClassOf,owl:Thing
rc:Alloy,rdfs:subClassOf,rc:ArtificialMaterial
rc:Alloy,rdfs:subClassOf,rc:Forging
rc:Alloy,rdfs:subClassOf,owl:Thing
rc:Structuralism,rdfs:subClassOf,rc:PropositionalConceptualWork_LiteraryCriticismGenre
rc:Structuralism,rdfs:subClassOf,owl:Thing
rc:VoltageDoubler,rdfs:subClassOf,rc:LineDoubler
rc:VoltageDoubler,rdfs:subClassOf,owl:Thing
rc:Wrinkled,rdfs:subClassOf,rc:Flexibility
rc:Wrinkled,rdfs:subClassOf,owl:Thing
rc:NewspaperSeries,rdfs:subClassOf,rc:ConceptualWorkSeries
rc:NewspaperSeries,rdfs:subClassOf,owl:Thing
rc:NetworkTraffic,rdfs:subClassOf,rc:MeasurableQuantity
rc:NetworkTraffic,rdfs:subClassOf,rc:PhysicalQuantity
rc:NetworkTraffic,rdfs:subClassOf,owl:Thing
rc:Dictionary,rdfs:subClassOf,rc:IndexedInformationSource
rc:Dictionary,rdfs:subClassOf,rc:ReferenceWork_Written
rc:Dictionary,rdfs:subClassOf,owl:Thing
rc:Alternator,rdfs:subClassOf,rc:CurrentSource
rc:Alternator,rdfs:subClassOf,owl:Thing
rc:FuelPoweredDevice,rdfs:subClassOf,rc:MechanicalDevice
rc:FuelPoweredDevice,rdfs:subClassOf,rc:PoweredDevice
rc:FuelPoweredDevice,rdfs:subClassOf,owl:Thing
rc:PlasticFoodWrap,rdfs:subClassOf,rc:ConsumableProduct
rc:PlasticFoodWrap,rdfs:subClassOf,owl:Thing
rc:WaterPoweredFunicularRailway,rdfs:subClassOf,rc:Funicular
rc:WaterPoweredFunicularRailway,rdfs:subClassOf,owl:Thing
rc:Thermoregulation,rdfs:subClassOf,rc:Temperature
rc:Thermoregulation,rdfs:subClassOf,owl:Thing
rc:PolarizationWave,rdfs:subClassOf,rc:ElectromagneticRadiation
rc:PolarizationWave,rdfs:subClassOf,owl:Thing
rc:ProjectionDisplayDevice,rdfs:subClassOf,rc:MediaPlayingDevice
rc:ProjectionDisplayDevice,rdfs:subClassOf,owl:Thing
rc:RecordedIBO,rdfs:subClassOf,rc:InformationBearingObject
rc:RecordedIBO,rdfs:subClassOf,owl:Thing
rc:DeadAnimal,rdfs:subClassOf,rc:Deceased
rc:DeadAnimal,rdfs:subClassOf,owl:Thing
rc:RedAlgaeFamily,rdfs:subClassOf,rc:RedAlgae
rc:RedAlgaeFamily,rdfs:subClassOf,owl:Thing
rc:CentralLimitTheorem,rdfs:subClassOf,rc:NormalDistribution
rc:CentralLimitTheorem,rdfs:subClassOf,owl:Thing
rc:EthnicGroupOfAymara,rdfs:subClassOf,rc:EthnicGroupOfSouthAmericanNatives
rc:EthnicGroupOfAymara,rdfs:subClassOf,owl:Thing
rc:EthnicGroupOfJavanese,rdfs:subClassOf,rc:EthnicGroupOfIndonesians
rc:EthnicGroupOfJavanese,rdfs:subClassOf,rc:EthnicGroupOfMalays
rc:EthnicGroupOfJavanese,rdfs:subClassOf,owl:Thing
rc:EthnicGroupOfMaltese,rdfs:subClassOf,rc:EthnicGroupOfMiddleEasterners
rc:EthnicGroupOfMaltese,rdfs:subClassOf,owl:Thing
rc:Tsar_HeadOfState,rdfs:subClassOf,rc:Monarch_HeadOfState
rc:Tsar_HeadOfState,rdfs:subClassOf,owl:Thing
rc:Fabric,rdfs:subClassOf,rc:TextileArtifact
rc:Fabric,rdfs:subClassOf,owl:Thing
rc:Selfishness,rdfs:subClassOf,rc:PersonalQuantity
rc:Selfishness,rdfs:subClassOf,owl:Thing
rc:Label_IBO,rdfs:subClassOf,rc:StructuredInformationSource
rc:Label_IBO,rdfs:subClassOf,owl:Thing
rc:NuclearWeaponsTesting,rdfs:subClassOf,rc:NuclearWarfare
rc:NuclearWeaponsTesting,rdfs:subClassOf,owl:Thing
rc:Compressibility,rdfs:subClassOf,rc:DispositionalQuantity
rc:Compressibility,rdfs:subClassOf,rc:NonAspectualQuantity
rc:Compressibility,rdfs:subClassOf,rc:TangiblePhysicalQuantity
rc:Compressibility,rdfs:subClassOf,owl:Thing
rc:IranianJew,rdfs:subClassOf,rc:EthnicGroupOfPersians
rc:IranianJew,rdfs:subClassOf,owl:Thing
rc:HistoryOfChemistry,rdfs:subClassOf,rc:HistoricalNarrative
rc:HistoryOfChemistry,rdfs:subClassOf,owl:Thing
rc:AndrewJohnson,rdfs:subClassOf,rc:UnitedStatesPresident
rc:AndrewJohnson,rdfs:subClassOf,owl:Thing
rc:LanguageVersusDialect,rdfs:subClassOf,rc:Sociolinguistics
rc:LanguageVersusDialect,rdfs:subClassOf,owl:Thing
rc:License_LegalAgreement,rdfs:subClassOf,rc:Credential
rc:License_LegalAgreement,rdfs:subClassOf,owl:Thing
rc:PlasticJar,rdfs:subClassOf,rc:PlasticContainer
rc:PlasticJar,rdfs:subClassOf,owl:Thing
rc:BowlingAlley,rdfs:subClassOf,rc:Bowling_Sport
rc:BowlingAlley,rdfs:subClassOf,owl:Thing
kko:Products,rdfs:subClassOf,kko:Artifacts
kko:Products,rdfs:subClassOf,owl:Thing
rc:BusinessRelatedDocumentOrAgreement,rdfs:subClassOf,rc:Document
rc:BusinessRelatedDocumentOrAgreement,rdfs:subClassOf,owl:Thing
rc:AntiqueFurnitureMarketCategory,rdfs:subClassOf,rc:ProductTypeByMarketCategory
rc:AntiqueFurnitureMarketCategory,rdfs:subClassOf,owl:Thing
rc:MythologicalGod,rdfs:subClassOf,rc:MythologicalCharacter
rc:MythologicalGod,rdfs:subClassOf,owl:Thing
rc:EthnicGroupOfMina,rdfs:subClassOf,rc:EthnicGroupOfAfricans
rc:EthnicGroupOfMina,rdfs:subClassOf,owl:Thing
rc:Forge,rdfs:subClassOf,rc:HeatingDevice
rc:Forge,rdfs:subClassOf,owl:Thing
rc:FictionalBird,rdfs:subClassOf,rc:FictionalAnimal
rc:FictionalBird,rdfs:subClassOf,owl:Thing
rc:Stapler,rdfs:subClassOf,rc:MechanicalDevice
rc:Stapler,rdfs:subClassOf,owl:Thing
rc:TeslaCoil,rdfs:subClassOf,rc:PowerSystemDevice
rc:TeslaCoil,rdfs:subClassOf,owl:Thing
rc:AsianPeopleByEthnicOrNationalOrigin,rdfs:subClassOf,rc:AsianPeople
rc:AsianPeopleByEthnicOrNationalOrigin,rdfs:subClassOf,owl:Thing
rc:SoapCupOfDishwasher,rdfs:subClassOf,rc:MechanicalDevice
rc:SoapCupOfDishwasher,rdfs:subClassOf,rc:StorageConstruct
rc:SoapCupOfDishwasher,rdfs:subClassOf,owl:Thing
rc:PropertyTax,rdfs:subClassOf,rc:TaxesOtherThanIncomeTax
rc:PropertyTax,rdfs:subClassOf,owl:Thing
rc:EnvironmentalQuantity,rdfs:subClassOf,rc:ScalarQuantity
rc:EnvironmentalQuantity,rdfs:subClassOf,owl:Thing
rc:Weapon,rdfs:subClassOf,rc:WeaponType
rc:Weapon,rdfs:subClassOf,owl:Thing
rc:GrainElevator,rdfs:subClassOf,rc:StorageFacility
rc:GrainElevator,rdfs:subClassOf,owl:Thing
rc:UrbanEconomics,rdfs:subClassOf,rc:Socioeconomics
rc:UrbanEconomics,rdfs:subClassOf,owl:Thing
rc:HazaraPeople,rdfs:subClassOf,rc:EthnicGroupOfPersians
rc:HazaraPeople,rdfs:subClassOf,owl:Thing
rc:RocketPropelledTransportationDevice,rdfs:subClassOf,rc:SelfPoweredProjectile
rc:RocketPropelledTransportationDevice,rdfs:subClassOf,owl:Thing
rc:ShowerCurtain,rdfs:subClassOf,rc:DeviceWithNoMovingParts
rc:ShowerCurtain,rdfs:subClassOf,rc:NonPoweredDevice
rc:ShowerCurtain,rdfs:subClassOf,rc:SinglePurposeDevice
rc:ShowerCurtain,rdfs:subClassOf,owl:Thing
rc:PhotoFlashBulb,rdfs:subClassOf,rc:PhotographicFlashDevice
rc:PhotoFlashBulb,rdfs:subClassOf,owl:Thing
rc:CuticleRemover,rdfs:subClassOf,rc:LiquidTangibleArtifact
rc:CuticleRemover,rdfs:subClassOf,owl:Thing
rc:Varnish,rdfs:subClassOf,rc:LiquidTangibleArtifact
rc:Varnish,rdfs:subClassOf,owl:Thing
rc:Bhikkhu,rdfs:subClassOf,rc:BuddhistMonk
rc:Bhikkhu,rdfs:subClassOf,owl:Thing
rc:Credibility,rdfs:subClassOf,rc:EvaluativeQuantity
rc:Credibility,rdfs:subClassOf,owl:Thing
rc:NightVisionGoggles,rdfs:subClassOf,rc:Goggles
rc:NightVisionGoggles,rdfs:subClassOf,owl:Thing
rc:RoleplayingGameProgram,rdfs:subClassOf,rc:DevisedPracticeOrWork_RolePlayingGenre
rc:RoleplayingGameProgram,rdfs:subClassOf,owl:Thing
rc:DiskSector,rdfs:subClassOf,rc:ArtificialMaterial
rc:DiskSector,rdfs:subClassOf,owl:Thing
rc:BoxingRing,rdfs:subClassOf,rc:BoxingEquipment
rc:BoxingRing,rdfs:subClassOf,owl:Thing
rc:Rainbow,rdfs:subClassOf,rc:VisibleLight
rc:Rainbow,rdfs:subClassOf,owl:Thing
rc:MechanicalPencil,rdfs:subClassOf,rc:MechanicalDevice
rc:MechanicalPencil,rdfs:subClassOf,owl:Thing
rc:AndrogynousPerson,rdfs:subClassOf,rc:HumanTypeBySexualOrientation
rc:AndrogynousPerson,rdfs:subClassOf,owl:Thing
rc:JavaScriptProgrammingLanguageFamily,rdfs:subClassOf,rc:JavaScriptFile
rc:JavaScriptProgrammingLanguageFamily,rdfs:subClassOf,owl:Thing
rc:SexualAttraction,rdfs:subClassOf,rc:PhysicalAttractiveness
rc:SexualAttraction,rdfs:subClassOf,owl:Thing
rc:EthnicGroupOfHottentots,rdfs:subClassOf,rc:EthnicGroupOfAfricans
rc:EthnicGroupOfHottentots,rdfs:subClassOf,owl:Thing
rc:OrdersOfMagnitudeVolume,rdfs:subClassOf,rc:Volume
rc:OrdersOfMagnitudeVolume,rdfs:subClassOf,owl:Thing
rc:PrinceOfWales,rdfs:subClassOf,rc:Prince
rc:PrinceOfWales,rdfs:subClassOf,owl:Thing
rc:Hype,rdfs:subClassOf,rc:EvaluativeQuantity
rc:Hype,rdfs:subClassOf,owl:Thing
rc:PolygonalNumber,rdfs:subClassOf,rc:FigurateNumber
rc:PolygonalNumber,rdfs:subClassOf,owl:Thing
rc:PhoneJackAdapter,rdfs:subClassOf,rc:SinglePurposeDevice
rc:PhoneJackAdapter,rdfs:subClassOf,rc:Telephone_Accessory
rc:PhoneJackAdapter,rdfs:subClassOf,owl:Thing
rc:WorldRecord,rdfs:subClassOf,rc:Record_ExtremeValue
rc:WorldRecord,rdfs:subClassOf,owl:Thing
rc:Receipt,rdfs:subClassOf,rc:FinancialAccountTenderObject
rc:Receipt,rdfs:subClassOf,owl:Thing
rc:ShortTime,rdfs:subClassOf,rc:NonNumericScalarQuantity
rc:ShortTime,rdfs:subClassOf,owl:Thing
rc:EthnicGroupOfCaribs,rdfs:subClassOf,rc:EthnicGroupOfNewWorldNatives
rc:EthnicGroupOfCaribs,rdfs:subClassOf,owl:Thing
rc:OfficeSpace,rdfs:subClassOf,rc:MultiRoomUnit
rc:OfficeSpace,rdfs:subClassOf,owl:Thing
rc:LevelOfFitness,rdfs:subClassOf,rc:NonAspectualQuantity
rc:LevelOfFitness,rdfs:subClassOf,rc:PersonalQuantity
rc:LevelOfFitness,rdfs:subClassOf,rc:PhysiologicalQuantity
rc:LevelOfFitness,rdfs:subClassOf,rc:TotallyOrderedQuantityType
rc:LevelOfFitness,rdfs:subClassOf,owl:Thing
rc:CursorGUIComponent,rdfs:subClassOf,rc:SymbolicThing
rc:CursorGUIComponent,rdfs:subClassOf,owl:Thing
rc:InternetInformation,rdfs:subClassOf,rc:StructuredInformationSource
rc:InternetInformation,rdfs:subClassOf,owl:Thing
rc:Slippery,rdfs:subClassOf,rc:NonAspectualQuantity
rc:Slippery,rdfs:subClassOf,owl:Thing
rc:CardinalNumber,rdfs:subClassOf,rc:DenumerableSetOrCollection
rc:CardinalNumber,rdfs:subClassOf,rc:Number_General
rc:CardinalNumber,rdfs:subClassOf,owl:Thing
rc:CombForHair,rdfs:subClassOf,rc:InertArtifact
rc:CombForHair,rdfs:subClassOf,owl:Thing
rc:Councilwoman,rdfs:subClassOf,rc:AdultFemaleHuman
rc:Councilwoman,rdfs:subClassOf,owl:Thing
rc:Fullness,rdfs:subClassOf,rc:NonAspectualQuantity
rc:Fullness,rdfs:subClassOf,rc:PhysicalQuantity
rc:Fullness,rdfs:subClassOf,owl:Thing
rc:Mordor,rdfs:subClassOf,rc:FictionalPlace
rc:Mordor,rdfs:subClassOf,owl:Thing
rc:Akbar_Monarch,rdfs:subClassOf,rc:Monarch_HeadOfState
rc:Akbar_Monarch,rdfs:subClassOf,owl:Thing
rc:SerialComputerCable,rdfs:subClassOf,rc:Path_InfoTransfer
rc:SerialComputerCable,rdfs:subClassOf,owl:Thing
rc:DecisionTheory,rdfs:subClassOf,rc:OperationsResearch
rc:DecisionTheory,rdfs:subClassOf,owl:Thing
rc:Signage,rdfs:subClassOf,rc:SignageEtc
rc:Signage,rdfs:subClassOf,owl:Thing
rc:ScienceFictionCulture,rdfs:subClassOf,rc:PropositionalConceptualWork_ScienceFictionGenre
rc:ScienceFictionCulture,rdfs:subClassOf,owl:Thing
rc:AfricanWitchcraft,rdfs:subClassOf,rc:Witchcraft
rc:AfricanWitchcraft,rdfs:subClassOf,owl:Thing
rc:WoodrowWilson,rdfs:subClassOf,rc:UnitedStatesPresident
rc:WoodrowWilson,rdfs:subClassOf,owl:Thing
rc:Oscar_Statuette,rdfs:subClassOf,rc:AwardObject
rc:Oscar_Statuette,rdfs:subClassOf,rc:DeviceWithNoMovingParts
rc:Oscar_Statuette,rdfs:subClassOf,owl:Thing
rc:Glaucophyceae,rdfs:subClassOf,rc:Phycophyta
rc:Glaucophyceae,rdfs:subClassOf,owl:Thing
rc:MythologicalDeer,rdfs:subClassOf,rc:MythologicalCreature
rc:MythologicalDeer,rdfs:subClassOf,owl:Thing
rc:AndroidRobot,rdfs:subClassOf,rc:Robot
rc:AndroidRobot,rdfs:subClassOf,owl:Thing
rc:MagnifyingGlass,rdfs:subClassOf,rc:CombustionDevice
rc:MagnifyingGlass,rdfs:subClassOf,owl:Thing
rc:FantasyWorld,rdfs:subClassOf,rc:FictionalPlace
rc:FantasyWorld,rdfs:subClassOf,owl:Thing
rc:EthnicGroupOfWhitesOfTheUS,rdfs:subClassOf,rc:EthnicGroupOfCaucasians
rc:EthnicGroupOfWhitesOfTheUS,rdfs:subClassOf,owl:Thing
rc:Shingle_BuildingMaterial,rdfs:subClassOf,rc:DeviceWithNoMovingParts
rc:Shingle_BuildingMaterial,rdfs:subClassOf,owl:Thing
rc:LanguageModeling,rdfs:subClassOf,rc:Linguistics_Computational
rc:LanguageModeling,rdfs:subClassOf,owl:Thing
rc:Power_Quality,rdfs:subClassOf,rc:NonAspectualQuantity
rc:Power_Quality,rdfs:subClassOf,owl:Thing
rc:PublicNudity,rdfs:subClassOf,rc:Nude
rc:PublicNudity,rdfs:subClassOf,owl:Thing
rc:EthnicGroupOfMan,rdfs:subClassOf,rc:EthnicGroupOfAsians
rc:EthnicGroupOfMan,rdfs:subClassOf,owl:Thing
rc:LiabilityInsurance,rdfs:subClassOf,rc:LifeHealthAccidentInsurance
rc:LiabilityInsurance,rdfs:subClassOf,owl:Thing
rc:AnalysisDiagram,rdfs:subClassOf,rc:NonfictionalPCW
rc:AnalysisDiagram,rdfs:subClassOf,owl:Thing
rc:Shah,rdfs:subClassOf,rc:Monarch_HeadOfState
rc:Shah,rdfs:subClassOf,owl:Thing
rc:WatchingSomething,rdfs:subClassOf,rc:VisualPerception
rc:WatchingSomething,rdfs:subClassOf,owl:Thing
rc:SawHorse,rdfs:subClassOf,rc:NonPoweredDevice
rc:SawHorse,rdfs:subClassOf,owl:Thing
rc:Intelligence,rdfs:subClassOf,rc:Cognition
rc:Intelligence,rdfs:subClassOf,rc:Memory
rc:Intelligence,rdfs:subClassOf,owl:Thing
rc:ElectronicTradingPlatform,rdfs:subClassOf,rc:FunctionalSystem
rc:ElectronicTradingPlatform,rdfs:subClassOf,owl:Thing
rc:ConsistencyModel,rdfs:subClassOf,rc:DistributedComputingArchitecture
rc:ConsistencyModel,rdfs:subClassOf,owl:Thing
rc:AutoSeatHeater,rdfs:subClassOf,rc:AutomotiveDevice
rc:AutoSeatHeater,rdfs:subClassOf,owl:Thing
rc:ComplexIonFormation,rdfs:subClassOf,rc:ChemicalSynthesis
rc:ComplexIonFormation,rdfs:subClassOf,owl:Thing
rc:BiblicalCriticism,rdfs:subClassOf,rc:Bible
rc:BiblicalCriticism,rdfs:subClassOf,owl:Thing
rc:Soprano_Singer,rdfs:subClassOf,rc:FemaleHuman
rc:Soprano_Singer,rdfs:subClassOf,rc:Singer
rc:Soprano_Singer,rdfs:subClassOf,owl:Thing
rc:ArsenousAcid,rdfs:subClassOf,rc:InorganicAcid
rc:ArsenousAcid,rdfs:subClassOf,owl:Thing
rc:Barometer,rdfs:subClassOf,rc:MeteorologicalInstrument
rc:Barometer,rdfs:subClassOf,owl:Thing
rc:ComputerQuantity,rdfs:subClassOf,rc:MeasurableQuantity
rc:ComputerQuantity,rdfs:subClassOf,owl:Thing
rc:Larva,rdfs:subClassOf,rc:OrganismTypeByLifeStage
rc:Larva,rdfs:subClassOf,owl:Thing
rc:MathematicalThing,rdfs:subClassOf,rc:Mathematical
rc:MathematicalThing,rdfs:subClassOf,owl:Thing
rc:BreadMaker,rdfs:subClassOf,rc:DomesticKitchenAppliance
rc:BreadMaker,rdfs:subClassOf,rc:FoodOrDrinkPreparationDevice
rc:BreadMaker,rdfs:subClassOf,owl:Thing
rc:WorklifeBalance,rdfs:subClassOf,rc:EvaluativeQuantity
rc:WorklifeBalance,rdfs:subClassOf,owl:Thing
rc:Filter,rdfs:subClassOf,rc:PhysicalFilter
rc:Filter,rdfs:subClassOf,owl:Thing
rc:TextualPCWStructure,rdfs:subClassOf,rc:CWStructure
rc:TextualPCWStructure,rdfs:subClassOf,owl:Thing
rc:CarboxylicEsterCatalysis,rdfs:subClassOf,rc:CatalyticActivity
rc:CarboxylicEsterCatalysis,rdfs:subClassOf,owl:Thing
rc:BathTowel,rdfs:subClassOf,rc:BathAccessory
rc:BathTowel,rdfs:subClassOf,owl:Thing
rc:HighChair,rdfs:subClassOf,rc:BabyFeedingDevice
rc:HighChair,rdfs:subClassOf,owl:Thing
rc:Incubator_Device,rdfs:subClassOf,rc:HeatingDevice
rc:Incubator_Device,rdfs:subClassOf,owl:Thing
rc:GeotechnicalEngineering,rdfs:subClassOf,rc:SolidMechanics
rc:GeotechnicalEngineering,rdfs:subClassOf,owl:Thing
rc:WaterScarcity,rdfs:subClassOf,rc:Scarcity
rc:WaterScarcity,rdfs:subClassOf,owl:Thing
rc:MilitaryHistory,rdfs:subClassOf,rc:HistoricalNarrative
rc:MilitaryHistory,rdfs:subClassOf,owl:Thing
rc:FiberOpticCable,rdfs:subClassOf,rc:Path_InfoTransfer
rc:FiberOpticCable,rdfs:subClassOf,owl:Thing
rc:HistoricistArchitecture,rdfs:subClassOf,rc:NeoclassicArchitecturalStyle
rc:HistoricistArchitecture,rdfs:subClassOf,owl:Thing
rc:Queen_WifeOfAKing,rdfs:subClassOf,rc:FemaleAristocrat
rc:Queen_WifeOfAKing,rdfs:subClassOf,owl:Thing
rc:Paranormal,rdfs:subClassOf,kko:Symbolic
rc:Paranormal,rdfs:subClassOf,owl:Thing
rc:Metaphysics,rdfs:subClassOf,rc:PhilosophyByField
rc:Metaphysics,rdfs:subClassOf,owl:Thing
rc:NailPolishRemover,rdfs:subClassOf,rc:LiquidTangibleArtifact
rc:NailPolishRemover,rdfs:subClassOf,owl:Thing
rc:HeadOfGovernment,rdfs:subClassOf,rc:Celebrity_Political
rc:HeadOfGovernment,rdfs:subClassOf,owl:Thing
rc:Wire,rdfs:subClassOf,rc:CordlikeArtifact
rc:Wire,rdfs:subClassOf,rc:NonPoweredDevice
rc:Wire,rdfs:subClassOf,owl:Thing
rc:ExecutionEquipment,rdfs:subClassOf,rc:SupportServicesEquipment
rc:ExecutionEquipment,rdfs:subClassOf,owl:Thing
rc:TravelInsurance,rdfs:subClassOf,rc:StructurePropertyInsurance
rc:TravelInsurance,rdfs:subClassOf,owl:Thing
rc:UnconsciousMind,rdfs:subClassOf,rc:Unconscious
rc:UnconsciousMind,rdfs:subClassOf,owl:Thing
rc:TrashCompactor,rdfs:subClassOf,rc:FoodServicesEquipment
rc:TrashCompactor,rdfs:subClassOf,rc:MechanicalDevice
rc:TrashCompactor,rdfs:subClassOf,rc:TrashContainer
rc:TrashCompactor,rdfs:subClassOf,owl:Thing
rc:EthnicGroupOfServicais,rdfs:subClassOf,rc:EthnicGroupOfAfricans
rc:EthnicGroupOfServicais,rdfs:subClassOf,owl:Thing
rc:NuclearReactor,rdfs:subClassOf,rc:ExternallyPoweredDevice
rc:NuclearReactor,rdfs:subClassOf,owl:Thing
rc:Checkbook,rdfs:subClassOf,rc:Valuable_PersonalPossession
rc:Checkbook,rdfs:subClassOf,owl:Thing
rc:Boomerang,rdfs:subClassOf,rc:Device_UserPowered
rc:Boomerang,rdfs:subClassOf,owl:Thing
rc:MoorishArchitecture,rdfs:subClassOf,rc:ArchitecturalTypeByStyle
rc:MoorishArchitecture,rdfs:subClassOf,owl:Thing
rc:IceHockeyRule,rdfs:subClassOf,rc:IceHockey
rc:IceHockeyRule,rdfs:subClassOf,owl:Thing
rc:BurntAlmond,rdfs:subClassOf,rc:FoulOdor
rc:BurntAlmond,rdfs:subClassOf,owl:Thing
rc:LGBTInAsia,rdfs:subClassOf,rc:LGBT
rc:LGBTInAsia,rdfs:subClassOf,owl:Thing
rc:ConceptionsOfGod,rdfs:subClassOf,rc:Theology
rc:ConceptionsOfGod,rdfs:subClassOf,owl:Thing
rc:Cupid,rdfs:subClassOf,rc:FictionalCharacter
rc:Cupid,rdfs:subClassOf,rc:Nude
rc:Cupid,rdfs:subClassOf,owl:Thing
rc:Cabinet,rdfs:subClassOf,rc:MechanicalDevice
rc:Cabinet,rdfs:subClassOf,owl:Thing
rc:Lettuce_Foodstuff,rdfs:subClassOf,rc:Raw
rc:Lettuce_Foodstuff,rdfs:subClassOf,owl:Thing
rc:Laboratory,rdfs:subClassOf,rc:ResearchFacility
rc:Laboratory,rdfs:subClassOf,owl:Thing
rc:Ticket,rdfs:subClassOf,rc:TenderObject
rc:Ticket,rdfs:subClassOf,owl:Thing
rc:Census,rdfs:subClassOf,rc:Demography
rc:Census,rdfs:subClassOf,owl:Thing
rc:Entertainer,rdfs:subClassOf,rc:Celebrity
rc:Entertainer,rdfs:subClassOf,owl:Thing
rc:ArrowHead,rdfs:subClassOf,rc:DeviceWithNoMovingParts
rc:ArrowHead,rdfs:subClassOf,owl:Thing
rc:Accuracy,rdfs:subClassOf,rc:DispositionalQuantity
rc:Accuracy,rdfs:subClassOf,owl:Thing
rc:EthnicGroupOfNubians,rdfs:subClassOf,rc:EthnicGroupOfAfricans
rc:EthnicGroupOfNubians,rdfs:subClassOf,owl:Thing
rc:Compost_Generic,rdfs:subClassOf,rc:ConsumableProduct
rc:Compost_Generic,rdfs:subClassOf,owl:Thing
rc:LiteraryArchive,rdfs:subClassOf,rc:LiteraryWork
rc:LiteraryArchive,rdfs:subClassOf,owl:Thing
rc:PotassiumNitrate,rdfs:subClassOf,rc:InorganicSalt
rc:PotassiumNitrate,rdfs:subClassOf,rc:OtherToxicSubstance
rc:PotassiumNitrate,rdfs:subClassOf,owl:Thing
rc:Serial_MediaProduct,rdfs:subClassOf,rc:Narrative
rc:Serial_MediaProduct,rdfs:subClassOf,owl:Thing
rc:KingVictorEmmanuelII,rdfs:subClassOf,rc:King_HeadOfState
rc:KingVictorEmmanuelII,rdfs:subClassOf,owl:Thing
rc:Cartomancy,rdfs:subClassOf,rc:Divination
rc:Cartomancy,rdfs:subClassOf,owl:Thing
rc:Geisha,rdfs:subClassOf,rc:Entertainer
rc:Geisha,rdfs:subClassOf,owl:Thing
rc:Batman,rdfs:subClassOf,rc:Superhero
rc:Batman,rdfs:subClassOf,owl:Thing
rc:RoyalobeseMarstonia,rdfs:subClassOf,rc:Cycloneritida
rc:RoyalobeseMarstonia,rdfs:subClassOf,rc:Leptoxis
rc:RoyalobeseMarstonia,rdfs:subClassOf,owl:Thing
rc:VietnameseChamPeople,rdfs:subClassOf,rc:EthnicGroupOfCham
rc:VietnameseChamPeople,rdfs:subClassOf,owl:Thing
rc:PetroleumEngineering,rdfs:subClassOf,rc:IndustrialEngineering
rc:PetroleumEngineering,rdfs:subClassOf,owl:Thing
rc:BicycleSeat,rdfs:subClassOf,rc:SeatingDevice
rc:BicycleSeat,rdfs:subClassOf,owl:Thing
rc:EthnicGroupOfAsturians,rdfs:subClassOf,rc:EthnicGroupOfSpain
rc:EthnicGroupOfAsturians,rdfs:subClassOf,owl:Thing
rc:LeadNitrate,rdfs:subClassOf,rc:InorganicSalt
rc:LeadNitrate,rdfs:subClassOf,owl:Thing
rc:FictionalThing,rdfs:subClassOf,kko:Symbolic
rc:FictionalThing,rdfs:subClassOf,owl:Thing
rc:CarbonDioxide,rdfs:subClassOf,rc:NoOdor
rc:CarbonDioxide,rdfs:subClassOf,owl:Thing
rc:AdultFemaleHuman,rdfs:subClassOf,rc:FemaleHuman
rc:AdultFemaleHuman,rdfs:subClassOf,rc:HumanAdult
rc:AdultFemaleHuman,rdfs:subClassOf,owl:Thing
rc:EthnicGroupOfValencians,rdfs:subClassOf,rc:EthnicGroupOfSpain
rc:EthnicGroupOfValencians,rdfs:subClassOf,owl:Thing
rc:FictionalMoon,rdfs:subClassOf,rc:FictionalPlace
rc:FictionalMoon,rdfs:subClassOf,owl:Thing
rc:GraphicalStructure,rdfs:subClassOf,kko:StructuredInfo
rc:GraphicalStructure,rdfs:subClassOf,owl:Thing
rc:EchinaceaPlant,rdfs:subClassOf,rc:Aster
rc:EchinaceaPlant,rdfs:subClassOf,owl:Thing
rc:Leather,rdfs:subClassOf,rc:AnimalProduct
rc:Leather,rdfs:subClassOf,rc:InertArtifact
rc:Leather,rdfs:subClassOf,owl:Thing
rc:EthnicGroupOfMuong,rdfs:subClassOf,rc:EthnicGroupOfAsians
rc:EthnicGroupOfMuong,rdfs:subClassOf,owl:Thing
rc:EthnicGroupOfRomanians,rdfs:subClassOf,rc:EthnicGroupOfEuropeans
rc:EthnicGroupOfRomanians,rdfs:subClassOf,owl:Thing
rc:EdwardIIOfEngland_Person,rdfs:subClassOf,rc:IndividualPeople
rc:EdwardIIOfEngland_Person,rdfs:subClassOf,owl:Thing
rc:HardDisk,rdfs:subClassOf,rc:MagneticComputerStorageDevice
rc:HardDisk,rdfs:subClassOf,owl:Thing
rc:OilfieldEconomicModel,rdfs:subClassOf,rc:OilfieldModelingService
rc:OilfieldEconomicModel,rdfs:subClassOf,owl:Thing
rc:BitterTaste,rdfs:subClassOf,rc:ObjectTypeByTaste
rc:BitterTaste,rdfs:subClassOf,owl:Thing
rc:CompositeNumber,rdfs:subClassOf,rc:PositiveInteger
rc:CompositeNumber,rdfs:subClassOf,owl:Thing
rc:FrenchRecipientOfTheGeorgeCross,rdfs:subClassOf,rc:EthnicGroupOfFrench
rc:FrenchRecipientOfTheGeorgeCross,rdfs:subClassOf,owl:Thing
rc:LevelOfChange,rdfs:subClassOf,rc:ActionAttributeLevelQuantity
rc:LevelOfChange,rdfs:subClassOf,rc:TotallyOrderedQuantityType
rc:LevelOfChange,rdfs:subClassOf,owl:Thing
rc:Gargoyle_Spout,rdfs:subClassOf,rc:Pipe_ConduitArtifact
rc:Gargoyle_Spout,rdfs:subClassOf,owl:Thing
rc:AbsoluteZero,rdfs:subClassOf,rc:Temperature
rc:AbsoluteZero,rdfs:subClassOf,owl:Thing
rc:DefenseSystem,rdfs:subClassOf,rc:ProtectiveSystem
rc:DefenseSystem,rdfs:subClassOf,owl:Thing
rc:ComplexionSoap,rdfs:subClassOf,rc:NonPoweredDevice
rc:ComplexionSoap,rdfs:subClassOf,rc:SkinCareMarketCategory
rc:ComplexionSoap,rdfs:subClassOf,owl:Thing
rc:Herensuge,rdfs:subClassOf,rc:Dragon
rc:Herensuge,rdfs:subClassOf,owl:Thing
rc:SpaceRegionSet,rdfs:subClassOf,rc:Set_Mathematical
rc:SpaceRegionSet,rdfs:subClassOf,owl:Thing
rc:SexuallyMature,rdfs:subClassOf,rc:AnimalTypeByMaturity
rc:SexuallyMature,rdfs:subClassOf,owl:Thing
rc:Premier_HeadOfState,rdfs:subClassOf,rc:HeadOfState
rc:Premier_HeadOfState,rdfs:subClassOf,owl:Thing
rc:Malleability,rdfs:subClassOf,rc:DispositionalQuantity
rc:Malleability,rdfs:subClassOf,rc:MultiDimensionalQuantity
rc:Malleability,rdfs:subClassOf,rc:NonAspectualQuantity
rc:Malleability,rdfs:subClassOf,rc:TangiblePhysicalQuantity
rc:Malleability,rdfs:subClassOf,owl:Thing
rc:FireStation,rdfs:subClassOf,rc:PublicBuildingStructure
rc:FireStation,rdfs:subClassOf,owl:Thing
rc:JohnAdams,rdfs:subClassOf,rc:UnitedStatesPresident
rc:JohnAdams,rdfs:subClassOf,owl:Thing
rc:LetterCopy,rdfs:subClassOf,rc:HumanAccessibleIBT
rc:LetterCopy,rdfs:subClassOf,owl:Thing
rc:MythologicalThing,rdfs:subClassOf,rc:Mythology
rc:MythologicalThing,rdfs:subClassOf,owl:Thing
rc:SailingSimulator,rdfs:subClassOf,rc:Sailing
rc:SailingSimulator,rdfs:subClassOf,owl:Thing
rc:SemanticWeb,rdfs:subClassOf,rc:WorldWideWeb_DynamicIndexedInfoSource
rc:SemanticWeb,rdfs:subClassOf,owl:Thing
rc:EthnicGroupOfLimbu,rdfs:subClassOf,rc:EthnicGroupOfNepalese
rc:EthnicGroupOfLimbu,rdfs:subClassOf,owl:Thing
rc:IndonesianJew,rdfs:subClassOf,rc:AshkenaziJews
rc:IndonesianJew,rdfs:subClassOf,owl:Thing
rc:EducationalSystem,rdfs:subClassOf,rc:System
rc:EducationalSystem,rdfs:subClassOf,owl:Thing
rc:TransportCulture,rdfs:subClassOf,rc:Tradition
rc:TransportCulture,rdfs:subClassOf,owl:Thing
rc:EthnicGroupOfKanembou,rdfs:subClassOf,rc:EthnicGroupOfAfricans
rc:EthnicGroupOfKanembou,rdfs:subClassOf,owl:Thing
rc:CreativeWork,rdfs:subClassOf,rc:Creativity
rc:CreativeWork,rdfs:subClassOf,owl:Thing
rc:Baronet,rdfs:subClassOf,rc:MaleHuman
rc:Baronet,rdfs:subClassOf,owl:Thing
rc:MestizoCommunitiesInBelize,rdfs:subClassOf,rc:EthnicGroupOfMestizos
rc:MestizoCommunitiesInBelize,rdfs:subClassOf,owl:Thing
rc:PepperPlant,rdfs:subClassOf,rc:Piperales
rc:PepperPlant,rdfs:subClassOf,owl:Thing
rc:Low_DensityLipoproteinReceptorProtein,rdfs:subClassOf,rc:CellularProteinSynthesis
rc:Low_DensityLipoproteinReceptorProtein,rdfs:subClassOf,owl:Thing
rc:Satellite,rdfs:subClassOf,rc:ElectronicDevice
rc:Satellite,rdfs:subClassOf,rc:SolarPoweredDevice
rc:Satellite,rdfs:subClassOf,owl:Thing
rc:BitterOdor,rdfs:subClassOf,rc:Odor
rc:BitterOdor,rdfs:subClassOf,owl:Thing
rc:WalkingCane,rdfs:subClassOf,rc:NonPoweredDevice
rc:WalkingCane,rdfs:subClassOf,rc:PersonalDevice
rc:WalkingCane,rdfs:subClassOf,rc:SinglePurposeDevice
rc:WalkingCane,rdfs:subClassOf,owl:Thing
rc:Equivalent_dose,rdfs:subClassOf,rc:Dosage
rc:Equivalent_dose,rdfs:subClassOf,owl:Thing
rc:WaterIonizer,rdfs:subClassOf,rc:SinglePurposeDevice
rc:WaterIonizer,rdfs:subClassOf,owl:Thing
rc:Towel,rdfs:subClassOf,rc:Device_UserControlled
rc:Towel,rdfs:subClassOf,rc:Device_UserPowered
rc:Towel,rdfs:subClassOf,owl:Thing
rc:SaltyTaste,rdfs:subClassOf,rc:ObjectTypeByTaste
rc:SaltyTaste,rdfs:subClassOf,owl:Thing
rc:RealEstateBubble,rdfs:subClassOf,rc:RealEstateEconomics
rc:RealEstateBubble,rdfs:subClassOf,owl:Thing
rc:TemperatureGauge,rdfs:subClassOf,rc:AutoPart
rc:TemperatureGauge,rdfs:subClassOf,rc:TemperatureMeasuringDevice
rc:TemperatureGauge,rdfs:subClassOf,owl:Thing
rc:BankAccountStatement,rdfs:subClassOf,rc:WrittenReportOnSituation
rc:BankAccountStatement,rdfs:subClassOf,owl:Thing
rc:MemoryProcess,rdfs:subClassOf,rc:Memory
rc:MemoryProcess,rdfs:subClassOf,owl:Thing
rc:Ox,rdfs:subClassOf,rc:Bull_MaleHerdAnimal
rc:Ox,rdfs:subClassOf,owl:Thing
rc:CountQuantity,rdfs:subClassOf,rc:MeasurableQuantity
rc:CountQuantity,rdfs:subClassOf,owl:Thing
rc:Cynicism,rdfs:subClassOf,rc:PersonalQuantity
rc:Cynicism,rdfs:subClassOf,owl:Thing
rc:Subwoofer,rdfs:subClassOf,rc:AudioSystemComponent
rc:Subwoofer,rdfs:subClassOf,owl:Thing
rc:BookGeneric,rdfs:subClassOf,rc:Book
rc:BookGeneric,rdfs:subClassOf,owl:Thing
rc:SynchronicityOfComplexAction,rdfs:subClassOf,rc:ScalarQuantity
rc:SynchronicityOfComplexAction,rdfs:subClassOf,owl:Thing
rc:Chlamydomonadales,rdfs:subClassOf,rc:Chlorophytopsida
rc:Chlamydomonadales,rdfs:subClassOf,owl:Thing
rc:MaxHardcore,rdfs:subClassOf,rc:PornStar
rc:MaxHardcore,rdfs:subClassOf,owl:Thing
rc:ComputerGameProgram,rdfs:subClassOf,rc:PublishedConceptualWork
rc:ComputerGameProgram,rdfs:subClassOf,owl:Thing
rc:Gold_Medal,rdfs:subClassOf,rc:AwardPractice
rc:Gold_Medal,rdfs:subClassOf,owl:Thing
rc:BretonDiaspora,rdfs:subClassOf,rc:Diaspora
rc:BretonDiaspora,rdfs:subClassOf,rc:EthnicGroupOfBretons
rc:BretonDiaspora,rdfs:subClassOf,owl:Thing
rc:CupricNitrate,rdfs:subClassOf,rc:InorganicSalt
rc:CupricNitrate,rdfs:subClassOf,owl:Thing
rc:DanishJew,rdfs:subClassOf,rc:AshkenaziJews
rc:DanishJew,rdfs:subClassOf,owl:Thing
rc:CreativityAndMentalIllness,rdfs:subClassOf,rc:Creativity
rc:CreativityAndMentalIllness,rdfs:subClassOf,owl:Thing
rc:RadarNetwork,rdfs:subClassOf,rc:RadarDevice
rc:RadarNetwork,rdfs:subClassOf,owl:Thing
rc:QuantumBiology,rdfs:subClassOf,rc:Biophysics
rc:QuantumBiology,rdfs:subClassOf,owl:Thing
rc:ModernShelterConstruction,rdfs:subClassOf,rc:BuildingConstructionMachineryProduct
rc:ModernShelterConstruction,rdfs:subClassOf,owl:Thing
rc:LearningManagementSystem,rdfs:subClassOf,rc:EducationalComputerProgram
rc:LearningManagementSystem,rdfs:subClassOf,owl:Thing
rc:ManouchePeople,rdfs:subClassOf,rc:EthnicGroupOfRom_Gypsy
rc:ManouchePeople,rdfs:subClassOf,owl:Thing
rc:VideoProjector,rdfs:subClassOf,rc:ProjectorSupply
rc:VideoProjector,rdfs:subClassOf,owl:Thing
rc:EthnicGroupOfLadins,rdfs:subClassOf,rc:EthnicGroupOfEuropeans
rc:EthnicGroupOfLadins,rdfs:subClassOf,owl:Thing
rc:Diploma,rdfs:subClassOf,rc:Credential
rc:Diploma,rdfs:subClassOf,owl:Thing
rc:Bill_ProposedLaw,rdfs:subClassOf,rc:Proposal
rc:Bill_ProposedLaw,rdfs:subClassOf,owl:Thing
rc:TradingCard,rdfs:subClassOf,rc:Collectible
rc:TradingCard,rdfs:subClassOf,rc:NonPoweredDevice
rc:TradingCard,rdfs:subClassOf,rc:PrintedPublication
rc:TradingCard,rdfs:subClassOf,owl:Thing
rc:BirdBath,rdfs:subClassOf,rc:DomesticPetTreatmentsRelated
rc:BirdBath,rdfs:subClassOf,rc:FluidReservoir
rc:BirdBath,rdfs:subClassOf,owl:Thing
rc:Violist,rdfs:subClassOf,rc:MusicalInstrumentPlayer
rc:Violist,rdfs:subClassOf,owl:Thing
rc:PrinceWilliamDukeOfCambridge,rdfs:subClassOf,rc:Prince
rc:PrinceWilliamDukeOfCambridge,rdfs:subClassOf,owl:Thing
rc:KhansOfKalat,rdfs:subClassOf,rc:EthnicGroupOfBaluchis
rc:KhansOfKalat,rdfs:subClassOf,owl:Thing
rc:OrganismTypeByLifeStage,rdfs:subClassOf,rc:BiologicalQuantity
rc:OrganismTypeByLifeStage,rdfs:subClassOf,rc:TotallyOrderedQuantityType
rc:OrganismTypeByLifeStage,rdfs:subClassOf,owl:Thing
rc:RoomTemperature,rdfs:subClassOf,rc:Temperature
rc:RoomTemperature,rdfs:subClassOf,owl:Thing
rc:DrawerOrganizer,rdfs:subClassOf,rc:Organizer
rc:DrawerOrganizer,rdfs:subClassOf,rc:StorageConstruct
rc:DrawerOrganizer,rdfs:subClassOf,owl:Thing
rc:AnatoliaBeyliksArchitecture,rdfs:subClassOf,rc:ArchitecturalTypeByStyle
rc:AnatoliaBeyliksArchitecture,rdfs:subClassOf,owl:Thing
rc:PopulationOfType_Organism_Whole,rdfs:subClassOf,rc:PopulationOfBLOs
rc:PopulationOfType_Organism_Whole,rdfs:subClassOf,owl:Thing
rc:MemoryTest,rdfs:subClassOf,rc:Memory
rc:MemoryTest,rdfs:subClassOf,owl:Thing
rc:ToysMarketCategory,rdfs:subClassOf,rc:ProductTypeByMarketCategory
rc:ToysMarketCategory,rdfs:subClassOf,owl:Thing
rc:TaiChiActivity,rdfs:subClassOf,rc:MartialArtsByType
rc:TaiChiActivity,rdfs:subClassOf,owl:Thing
rc:AutoBlockHeater,rdfs:subClassOf,rc:AutomotiveDevice
rc:AutoBlockHeater,rdfs:subClassOf,owl:Thing
rc:EthnicGroupOfPakistanis,rdfs:subClassOf,rc:EthnicGroupOfAsians
rc:EthnicGroupOfPakistanis,rdfs:subClassOf,owl:Thing
rc:EthnicGroupOfCzechs,rdfs:subClassOf,rc:EthnicGroupOfSlavs
rc:EthnicGroupOfCzechs,rdfs:subClassOf,owl:Thing
rc:StorageShed,rdfs:subClassOf,rc:ConstructionContainer
rc:StorageShed,rdfs:subClassOf,rc:MaterialContainer
rc:StorageShed,rdfs:subClassOf,rc:StorageConstruct
rc:StorageShed,rdfs:subClassOf,owl:Thing
rc:ArchaeologyInPopularCulture,rdfs:subClassOf,rc:Archaeology
rc:ArchaeologyInPopularCulture,rdfs:subClassOf,owl:Thing
rc:Formality,rdfs:subClassOf,rc:NonAspectualQuantity
rc:Formality,rdfs:subClassOf,owl:Thing
rc:Giftedness,rdfs:subClassOf,rc:IntelligenceLevel
rc:Giftedness,rdfs:subClassOf,owl:Thing
rc:CashRegister,rdfs:subClassOf,rc:MechanicalDevice
rc:CashRegister,rdfs:subClassOf,owl:Thing
rc:WoodenSpoon,rdfs:subClassOf,rc:DomesticKitchenTool
rc:WoodenSpoon,rdfs:subClassOf,rc:KitchenFurnishingsMarketCategory
rc:WoodenSpoon,rdfs:subClassOf,rc:Woodwork
rc:WoodenSpoon,rdfs:subClassOf,owl:Thing
rc:TieTack,rdfs:subClassOf,rc:Connector
rc:TieTack,rdfs:subClassOf,owl:Thing
rc:RestaurantSpace,rdfs:subClassOf,rc:MultiRoomUnit
rc:RestaurantSpace,rdfs:subClassOf,owl:Thing
rc:PresidentialCandidate,rdfs:subClassOf,rc:Celebrity_Political
rc:PresidentialCandidate,rdfs:subClassOf,owl:Thing
rc:Sleepy,rdfs:subClassOf,rc:Awake
rc:Sleepy,rdfs:subClassOf,owl:Thing
rc:WesternApachePeople,rdfs:subClassOf,rc:EthnicGroupOfApaches
rc:WesternApachePeople,rdfs:subClassOf,owl:Thing
rc:PlumTree,rdfs:subClassOf,rc:Rosaceae
rc:PlumTree,rdfs:subClassOf,owl:Thing
rc:EngineTestCell,rdfs:subClassOf,rc:MechanicalDevice
rc:EngineTestCell,rdfs:subClassOf,owl:Thing
rc:AudioSystem,rdfs:subClassOf,rc:PhysicalSystem
rc:AudioSystem,rdfs:subClassOf,rc:SystemOfDevices
rc:AudioSystem,rdfs:subClassOf,owl:Thing
rc:Grave,rdfs:subClassOf,rc:BurialGraveProduct
rc:Grave,rdfs:subClassOf,owl:Thing
rc:Sound,rdfs:subClassOf,rc:Media
rc:Sound,rdfs:subClassOf,owl:Thing
rc:Surplus,rdfs:subClassOf,rc:NonNumericScalarQuantity
rc:Surplus,rdfs:subClassOf,rc:Rating
rc:Surplus,rdfs:subClassOf,owl:Thing
rc:SpiceMill,rdfs:subClassOf,rc:ContainerArtifact
rc:SpiceMill,rdfs:subClassOf,rc:GrindingDevice
rc:SpiceMill,rdfs:subClassOf,owl:Thing
rc:PrepaymentPenalty,rdfs:subClassOf,rc:Obligation
rc:PrepaymentPenalty,rdfs:subClassOf,owl:Thing
rc:AudioTapeDeckMechanism,rdfs:subClassOf,rc:InformationRecordingDevice
rc:AudioTapeDeckMechanism,rdfs:subClassOf,owl:Thing
rc:Group_FictionalCharacter,rdfs:subClassOf,rc:FictionalCharacter
rc:Group_FictionalCharacter,rdfs:subClassOf,owl:Thing
rc:Inconsistency,rdfs:subClassOf,rc:NonNumericScalarQuantity
rc:Inconsistency,rdfs:subClassOf,owl:Thing
rc:RolodexFile,rdfs:subClassOf,rc:StorageConstruct
rc:RolodexFile,rdfs:subClassOf,rc:StructuredInformationSource
rc:RolodexFile,rdfs:subClassOf,owl:Thing
rc:BookRental,rdfs:subClassOf,rc:InformationService
rc:BookRental,rdfs:subClassOf,owl:Thing
rc:Movie,rdfs:subClassOf,rc:AVMediaProduct
rc:Movie,rdfs:subClassOf,rc:TapedMotionPicturePerformance
rc:Movie,rdfs:subClassOf,owl:Thing
rc:FlatwareSet,rdfs:subClassOf,rc:DeviceWithNoMovingParts
rc:FlatwareSet,rdfs:subClassOf,owl:Thing
rc:SikhDiaspora,rdfs:subClassOf,rc:Diaspora
rc:SikhDiaspora,rdfs:subClassOf,owl:Thing
rc:Convent_Residence,rdfs:subClassOf,rc:Abbey
rc:Convent_Residence,rdfs:subClassOf,owl:Thing
rc:TurkicPeoplesOfEurope,rdfs:subClassOf,rc:EthnicGroupOfTurks
rc:TurkicPeoplesOfEurope,rdfs:subClassOf,owl:Thing
rc:MechanicalDrawing,rdfs:subClassOf,rc:CivilEngineering
rc:MechanicalDrawing,rdfs:subClassOf,rc:MechanicalEngineering
rc:MechanicalDrawing,rdfs:subClassOf,owl:Thing
rc:Globalization,rdfs:subClassOf,rc:Sociology
rc:Globalization,rdfs:subClassOf,owl:Thing
rc:Whistle,rdfs:subClassOf,rc:Device_UserPowered
rc:Whistle,rdfs:subClassOf,owl:Thing
rc:KnowledgeSharing,rdfs:subClassOf,rc:SharingEconomy
rc:KnowledgeSharing,rdfs:subClassOf,owl:Thing
rc:YenishPeople,rdfs:subClassOf,rc:EthnicGroupOfRom_Gypsy
rc:YenishPeople,rdfs:subClassOf,owl:Thing
rc:KingOscarII,rdfs:subClassOf,rc:King_HeadOfState
rc:KingOscarII,rdfs:subClassOf,owl:Thing
rc:Monocular,rdfs:subClassOf,rc:Device_SingleUser
rc:Monocular,rdfs:subClassOf,owl:Thing
rc:AgarCultureMedium,rdfs:subClassOf,rc:ArtificialMaterial
rc:AgarCultureMedium,rdfs:subClassOf,owl:Thing
rc:Sled,rdfs:subClassOf,rc:GravityPoweredDevice
rc:Sled,rdfs:subClassOf,owl:Thing
rc:ReligiousHeadgear,rdfs:subClassOf,rc:Headgear
rc:ReligiousHeadgear,rdfs:subClassOf,owl:Thing
kko:Concepts,rdfs:subClassOf,kko:ConceptualSystems
kko:Concepts,rdfs:subClassOf,owl:Thing
rc:Light,rdfs:subClassOf,rc:ElectromagneticRadiation
rc:Light,rdfs:subClassOf,owl:Thing
rc:UsedFurnitureMarketCategory,rdfs:subClassOf,rc:ProductTypeByMarketCategory
rc:UsedFurnitureMarketCategory,rdfs:subClassOf,owl:Thing
rc:RailFreightTransport,rdfs:subClassOf,rc:RailTransport
rc:RailFreightTransport,rdfs:subClassOf,owl:Thing
rc:PoliticalEconomicModel,rdfs:subClassOf,rc:PoliticalEconomics
rc:PoliticalEconomicModel,rdfs:subClassOf,owl:Thing
rc:PunjabiDiaspora,rdfs:subClassOf,rc:Diaspora
rc:PunjabiDiaspora,rdfs:subClassOf,rc:EthnicGroupOfPunjabis
rc:PunjabiDiaspora,rdfs:subClassOf,owl:Thing
rc:QueenIsabellaII,rdfs:subClassOf,rc:Queen_HeadOfState
rc:QueenIsabellaII,rdfs:subClassOf,owl:Thing
rc:DiplomaDocument,rdfs:subClassOf,rc:Diploma
rc:DiplomaDocument,rdfs:subClassOf,owl:Thing
rc:ZacharyTaylor,rdfs:subClassOf,rc:Deceased
rc:ZacharyTaylor,rdfs:subClassOf,rc:UnitedStatesPresident
rc:ZacharyTaylor,rdfs:subClassOf,owl:Thing
rc:EthnicGroupOfCircassians,rdfs:subClassOf,rc:EthnicGroupOfCaucasians
rc:EthnicGroupOfCircassians,rdfs:subClassOf,rc:EthnicGroupOfMiddleEasterners
rc:EthnicGroupOfCircassians,rdfs:subClassOf,owl:Thing
rc:PowerDrill,rdfs:subClassOf,rc:ElectricalTool
rc:PowerDrill,rdfs:subClassOf,owl:Thing
rc:SmallArm_Weapon,rdfs:subClassOf,rc:Device_SingleUser
rc:SmallArm_Weapon,rdfs:subClassOf,owl:Thing
rc:AgentCapacityQuantity,rdfs:subClassOf,rc:DispositionalQuantity
rc:AgentCapacityQuantity,rdfs:subClassOf,owl:Thing
rc:PotassiumAmide,rdfs:subClassOf,rc:OtherInorganicCompound
rc:PotassiumAmide,rdfs:subClassOf,owl:Thing
rc:AutomaticCardShuffler,rdfs:subClassOf,rc:IndustrialDevice
rc:AutomaticCardShuffler,rdfs:subClassOf,rc:SinglePurposeDevice
rc:AutomaticCardShuffler,rdfs:subClassOf,owl:Thing
rc:LegalCode_ModernWestern,rdfs:subClassOf,rc:LegalCode
rc:LegalCode_ModernWestern,rdfs:subClassOf,rc:PublishedConceptualWork
rc:LegalCode_ModernWestern,rdfs:subClassOf,rc:WrittenCodeOfConduct
rc:LegalCode_ModernWestern,rdfs:subClassOf,owl:Thing
rc:SymbolicObject,rdfs:subClassOf,rc:Artifact
rc:SymbolicObject,rdfs:subClassOf,owl:Thing
rc:StringObject,rdfs:subClassOf,rc:ProgramObject
rc:StringObject,rdfs:subClassOf,owl:Thing
rc:TrafficLight,rdfs:subClassOf,rc:ElectricalLightingDevice
rc:TrafficLight,rdfs:subClassOf,rc:InformationBearingObject
rc:TrafficLight,rdfs:subClassOf,rc:SafetyDevice
rc:TrafficLight,rdfs:subClassOf,rc:Signal
rc:TrafficLight,rdfs:subClassOf,owl:Thing
rc:Photon,rdfs:subClassOf,rc:ElectromagneticRadiation
rc:Photon,rdfs:subClassOf,owl:Thing
rc:ConversionToChristianity,rdfs:subClassOf,rc:Christianity
rc:ConversionToChristianity,rdfs:subClassOf,owl:Thing
rc:ConveyingMaterials,rdfs:subClassOf,rc:DevisedStructuredActivity
rc:ConveyingMaterials,rdfs:subClassOf,owl:Thing
rc:EpicPoemInSanskrit,rdfs:subClassOf,rc:EpicPoem
rc:EpicPoemInSanskrit,rdfs:subClassOf,owl:Thing
rc:FolkCulture,rdfs:subClassOf,rc:Traditional
rc:FolkCulture,rdfs:subClassOf,owl:Thing
rc:TamilDiaspora,rdfs:subClassOf,rc:Diaspora
rc:TamilDiaspora,rdfs:subClassOf,rc:EthnicGroupOfTamils
rc:TamilDiaspora,rdfs:subClassOf,owl:Thing
rc:RockCutArchitecture,rdfs:subClassOf,rc:ArchitecturalTypeByStyle
rc:RockCutArchitecture,rdfs:subClassOf,owl:Thing
rc:Implant_Medical,rdfs:subClassOf,rc:SinglePurposeDevice
rc:Implant_Medical,rdfs:subClassOf,owl:Thing
rc:Rice_Foodstuff,rdfs:subClassOf,rc:VegetableMatter
rc:Rice_Foodstuff,rdfs:subClassOf,owl:Thing
rc:AgriculturalFacility,rdfs:subClassOf,rc:AgriculturalBuildingStructure
rc:AgriculturalFacility,rdfs:subClassOf,owl:Thing
rc:Bannock,rdfs:subClassOf,rc:PaiutePeople
rc:Bannock,rdfs:subClassOf,owl:Thing
rc:SierraLeoneanFulaPeople,rdfs:subClassOf,rc:EthnicGroupOfFula
rc:SierraLeoneanFulaPeople,rdfs:subClassOf,owl:Thing
rc:Ammonia,rdfs:subClassOf,rc:AmmoniaAndAmmoniumSalts
rc:Ammonia,rdfs:subClassOf,rc:ChemicalToxin
rc:Ammonia,rdfs:subClassOf,rc:IndustrialUseGas
rc:Ammonia,rdfs:subClassOf,rc:InorganicGas
rc:Ammonia,rdfs:subClassOf,owl:Thing
rc:EnigmaCryptographicMachine,rdfs:subClassOf,rc:CommunicationsDevice
rc:EnigmaCryptographicMachine,rdfs:subClassOf,rc:MechanicalDevice
rc:EnigmaCryptographicMachine,rdfs:subClassOf,owl:Thing
rc:ObservationalStudy,rdfs:subClassOf,rc:Epidemiology
rc:ObservationalStudy,rdfs:subClassOf,rc:Statistics
rc:ObservationalStudy,rdfs:subClassOf,owl:Thing
rc:ShoppingMallBuilding,rdfs:subClassOf,rc:HumanHighOccupancyConstruct
rc:ShoppingMallBuilding,rdfs:subClassOf,owl:Thing
rc:StatisticalMethod,rdfs:subClassOf,rc:MathematicalMethod
rc:StatisticalMethod,rdfs:subClassOf,owl:Thing
rc:SolarCell,rdfs:subClassOf,rc:CurrentSource
rc:SolarCell,rdfs:subClassOf,rc:PhotovoltaicGeneration
rc:SolarCell,rdfs:subClassOf,owl:Thing
rc:EthnicGroupOfKazakhs,rdfs:subClassOf,rc:EthnicGroupOfAsians
rc:EthnicGroupOfKazakhs,rdfs:subClassOf,owl:Thing
rc:FeminismAndHealth,rdfs:subClassOf,rc:Feminism
rc:FeminismAndHealth,rdfs:subClassOf,owl:Thing
rc:EthnicGroupOfChamorro,rdfs:subClassOf,rc:EthnicGroupOfPolynesians
rc:EthnicGroupOfChamorro,rdfs:subClassOf,owl:Thing
rc:SpyPlane,rdfs:subClassOf,rc:InformationGatheringDevice
rc:SpyPlane,rdfs:subClassOf,owl:Thing
rc:LispObject,rdfs:subClassOf,rc:ProgramObject
rc:LispObject,rdfs:subClassOf,owl:Thing
rc:Cairn,rdfs:subClassOf,rc:CeremonialSite
rc:Cairn,rdfs:subClassOf,rc:HistoricalSite
rc:Cairn,rdfs:subClassOf,owl:Thing
rc:NursingCredentialOrCertification,rdfs:subClassOf,rc:Credential
rc:NursingCredentialOrCertification,rdfs:subClassOf,owl:Thing
rc:DentalAppliance,rdfs:subClassOf,rc:PersonalDevice
rc:DentalAppliance,rdfs:subClassOf,owl:Thing
rc:YemeniteJewsInIsrael,rdfs:subClassOf,rc:EthnicGroupOfIsraeliJews
rc:YemeniteJewsInIsrael,rdfs:subClassOf,owl:Thing
rc:Demography,rdfs:subClassOf,rc:HumanPopulation
rc:Demography,rdfs:subClassOf,owl:Thing
rc:FerricHydroxide,rdfs:subClassOf,rc:InorganicOxide
rc:FerricHydroxide,rdfs:subClassOf,owl:Thing
rc:IndexedInformationSource,rdfs:subClassOf,rc:Artifact_Intangible
rc:IndexedInformationSource,rdfs:subClassOf,owl:Thing
rc:Shoulder_Roadway,rdfs:subClassOf,rc:StripNearTheBoundaryOfAnObject
rc:Shoulder_Roadway,rdfs:subClassOf,owl:Thing
rc:GrecoRomanAntiquityInArtAndCulture,rdfs:subClassOf,rc:CulturalDepiction
rc:GrecoRomanAntiquityInArtAndCulture,rdfs:subClassOf,owl:Thing
rc:Victorian,rdfs:subClassOf,rc:ArchitecturalTypeByStyle
rc:Victorian,rdfs:subClassOf,owl:Thing
rc:EthnicGroupOfMon_Khmer,rdfs:subClassOf,rc:EthnicGroupOfAsians
rc:EthnicGroupOfMon_Khmer,rdfs:subClassOf,owl:Thing
rc:TelephoneLandLine,rdfs:subClassOf,rc:TelephoneSubscriberLine
rc:TelephoneLandLine,rdfs:subClassOf,owl:Thing
rc:Cocaine,rdfs:subClassOf,rc:AddictiveSubstance
rc:Cocaine,rdfs:subClassOf,rc:Alkaloid
rc:Cocaine,rdfs:subClassOf,rc:AnaestheticQuinolineRelated
rc:Cocaine,rdfs:subClassOf,rc:LocalAnesthetic
rc:Cocaine,rdfs:subClassOf,rc:Stimulant
rc:Cocaine,rdfs:subClassOf,rc:Vasoconstrictor
rc:Cocaine,rdfs:subClassOf,owl:Thing
rc:LeadIICarbonate,rdfs:subClassOf,rc:InorganicSalt
rc:LeadIICarbonate,rdfs:subClassOf,owl:Thing
rc:FootballBall_American,rdfs:subClassOf,rc:Projectile_Device
rc:FootballBall_American,rdfs:subClassOf,owl:Thing
rc:ParseTree,rdfs:subClassOf,rc:CWInfoStructure
rc:ParseTree,rdfs:subClassOf,rc:PathSystem
rc:ParseTree,rdfs:subClassOf,owl:Thing
rc:Screen_Mesh,rdfs:subClassOf,rc:PhysicalFilter
rc:Screen_Mesh,rdfs:subClassOf,owl:Thing
rc:MessageThread,rdfs:subClassOf,rc:ConceptualWorkSeries
rc:MessageThread,rdfs:subClassOf,owl:Thing
rc:OxidoreductaseCatalysis,rdfs:subClassOf,rc:CatalyticActivity
rc:OxidoreductaseCatalysis,rdfs:subClassOf,owl:Thing
rc:Baritone_Singer,rdfs:subClassOf,rc:MaleHuman
rc:Baritone_Singer,rdfs:subClassOf,rc:Singer
rc:Baritone_Singer,rdfs:subClassOf,owl:Thing
rc:Ballerina,rdfs:subClassOf,rc:BalletDancer
rc:Ballerina,rdfs:subClassOf,rc:FemaleHuman
rc:Ballerina,rdfs:subClassOf,owl:Thing
rc:AudioConceptualWork,rdfs:subClassOf,rc:ConceptualWork
rc:AudioConceptualWork,rdfs:subClassOf,owl:Thing
rc:LanguageDialect,rdfs:subClassOf,rc:Dialectology
rc:LanguageDialect,rdfs:subClassOf,owl:Thing
rc:FormalMethod,rdfs:subClassOf,rc:SoftwareEngineering
rc:FormalMethod,rdfs:subClassOf,owl:Thing
rc:Excavation_Hole,rdfs:subClassOf,rc:InertArtifact
rc:Excavation_Hole,rdfs:subClassOf,owl:Thing
rc:ColdPack,rdfs:subClassOf,rc:SinglePurposeDevice
rc:ColdPack,rdfs:subClassOf,owl:Thing
rc:Brown_HairColor,rdfs:subClassOf,rc:HumanHairColor
rc:Brown_HairColor,rdfs:subClassOf,owl:Thing
rc:DivineBeing,rdfs:subClassOf,rc:SupernaturalBeing
rc:DivineBeing,rdfs:subClassOf,owl:Thing
rc:Alkaloid,rdfs:subClassOf,rc:Biochemical
rc:Alkaloid,rdfs:subClassOf,owl:Thing
rc:Soap_Personal,rdfs:subClassOf,rc:ToiletrySubstance
rc:Soap_Personal,rdfs:subClassOf,owl:Thing
rc:Loan_WrittenLegalAgreement,rdfs:subClassOf,rc:WrittenLegalAgreement
rc:Loan_WrittenLegalAgreement,rdfs:subClassOf,owl:Thing
rc:Distance_Absolute,rdfs:subClassOf,rc:Distance
rc:Distance_Absolute,rdfs:subClassOf,owl:Thing
rc:SerialArt,rdfs:subClassOf,rc:Minimalism
rc:SerialArt,rdfs:subClassOf,owl:Thing
rc:RomanesqueArchitecture,rdfs:subClassOf,rc:ArchitecturalTypeByStyle
rc:RomanesqueArchitecture,rdfs:subClassOf,owl:Thing
rc:Sangha_ReligiousOrderMember,rdfs:subClassOf,rc:Monk
rc:Sangha_ReligiousOrderMember,rdfs:subClassOf,owl:Thing
rc:RoastComedy,rdfs:subClassOf,rc:Satire
rc:RoastComedy,rdfs:subClassOf,owl:Thing
rc:BlowDartGun,rdfs:subClassOf,rc:ProjectileLauncher
rc:BlowDartGun,rdfs:subClassOf,owl:Thing
rc:Bed,rdfs:subClassOf,rc:BedroomFurnitureMarketCategory
rc:Bed,rdfs:subClassOf,rc:BedsAndMattressesMarketCategory
rc:Bed,rdfs:subClassOf,owl:Thing
rc:AggregateRating,rdfs:subClassOf,rc:SocialQuantity
rc:AggregateRating,rdfs:subClassOf,owl:Thing
rc:LightingMarketCategory,rdfs:subClassOf,rc:ConsumerGood
rc:LightingMarketCategory,rdfs:subClassOf,rc:ProductTypeByMarketCategory
rc:LightingMarketCategory,rdfs:subClassOf,owl:Thing
rc:EthnicGroupOfNiueans,rdfs:subClassOf,rc:EthnicGroupOfPolynesians
rc:EthnicGroupOfNiueans,rdfs:subClassOf,owl:Thing
rc:HandTool,rdfs:subClassOf,rc:Device_SingleUser
rc:HandTool,rdfs:subClassOf,rc:Tool
rc:HandTool,rdfs:subClassOf,owl:Thing
rc:Genocide,rdfs:subClassOf,rc:DevisedStructuredActivity
rc:Genocide,rdfs:subClassOf,owl:Thing
rc:TuaregConfederation,rdfs:subClassOf,rc:EthnicGroupOfTuaregs
rc:TuaregConfederation,rdfs:subClassOf,owl:Thing
rc:IndigenousPeoplesOfTheAmericas,rdfs:subClassOf,rc:EthnicGroupOfNewWorldNatives
rc:IndigenousPeoplesOfTheAmericas,rdfs:subClassOf,owl:Thing
rc:GeorgeWashington,rdfs:subClassOf,rc:UnitedStatesPresident
rc:GeorgeWashington,rdfs:subClassOf,owl:Thing
rc:Absinthe,rdfs:subClassOf,rc:BitterTaste
rc:Absinthe,rdfs:subClassOf,rc:Liquor_Drink
rc:Absinthe,rdfs:subClassOf,owl:Thing
rc:StyleFiction,rdfs:subClassOf,rc:StyleAttribute
rc:StyleFiction,rdfs:subClassOf,owl:Thing
rc:KingLouisXIII,rdfs:subClassOf,rc:King_HeadOfState
rc:KingLouisXIII,rdfs:subClassOf,owl:Thing
rc:ArtStyle,rdfs:subClassOf,rc:StyleAttribute
rc:ArtStyle,rdfs:subClassOf,owl:Thing
rc:Superman,rdfs:subClassOf,rc:Superhero
rc:Superman,rdfs:subClassOf,owl:Thing
rc:RealEstateValuation,rdfs:subClassOf,rc:RealEstateEconomics
rc:RealEstateValuation,rdfs:subClassOf,owl:Thing
rc:Iconography,rdfs:subClassOf,rc:ArtHistory
rc:Iconography,rdfs:subClassOf,owl:Thing
rc:Questionnaire_IBO,rdfs:subClassOf,rc:HumanAccessibleIBO
rc:Questionnaire_IBO,rdfs:subClassOf,owl:Thing
rc:Carriage,rdfs:subClassOf,rc:AnimalPoweredDevice
rc:Carriage,rdfs:subClassOf,owl:Thing
rc:Collection,rdfs:subClassOf,rc:SetOrCollection
rc:Collection,rdfs:subClassOf,owl:Thing
rc:VeterinaryProcedure,rdfs:subClassOf,rc:VeterinaryMedicine
rc:VeterinaryProcedure,rdfs:subClassOf,owl:Thing
rc:BusinessMachine,rdfs:subClassOf,rc:CommercialServicesDevice
rc:BusinessMachine,rdfs:subClassOf,owl:Thing
rc:StrawberryBlonde_HairColor,rdfs:subClassOf,rc:HumanHairColor
rc:StrawberryBlonde_HairColor,rdfs:subClassOf,owl:Thing
rc:JohnQAdams,rdfs:subClassOf,rc:UnitedStatesPresident
rc:JohnQAdams,rdfs:subClassOf,owl:Thing
rc:Transcription_DNAToRNA,rdfs:subClassOf,rc:ChemicalSynthesis
rc:Transcription_DNAToRNA,rdfs:subClassOf,owl:Thing
rc:SchoolSuppliesMarketCategory,rdfs:subClassOf,rc:ProductTypeByMarketCategory
rc:SchoolSuppliesMarketCategory,rdfs:subClassOf,owl:Thing
rc:KurdsInSyria,rdfs:subClassOf,rc:EthnicGroupOfKurds
rc:KurdsInSyria,rdfs:subClassOf,owl:Thing
rc:VideoCassetteRecorder,rdfs:subClassOf,rc:VisualInformationRecordingDevice
rc:VideoCassetteRecorder,rdfs:subClassOf,owl:Thing
rc:SicilianDiaspora,rdfs:subClassOf,rc:Diaspora
rc:SicilianDiaspora,rdfs:subClassOf,owl:Thing
rc:Height,rdfs:subClassOf,rc:Distance
rc:Height,rdfs:subClassOf,owl:Thing
rc:MouseButton,rdfs:subClassOf,rc:ComputerMouse
rc:MouseButton,rdfs:subClassOf,owl:Thing
rc:SodiumMonoxide,rdfs:subClassOf,rc:Oxide
rc:SodiumMonoxide,rdfs:subClassOf,owl:Thing
rc:Idea,rdfs:subClassOf,rc:Creativity
rc:Idea,rdfs:subClassOf,owl:Thing
rc:MoneySorter,rdfs:subClassOf,rc:ElectronicDevice
rc:MoneySorter,rdfs:subClassOf,owl:Thing
rc:PrimeNumber,rdfs:subClassOf,rc:PositiveInteger
rc:PrimeNumber,rdfs:subClassOf,owl:Thing
rc:ParodyMovie,rdfs:subClassOf,rc:PropositionalConceptualWork_ParodyGenre
rc:ParodyMovie,rdfs:subClassOf,owl:Thing
rc:Deconstruction,rdfs:subClassOf,rc:PropositionalConceptualWork_LiteraryCriticismGenre
rc:Deconstruction,rdfs:subClassOf,owl:Thing
rc:GeodesyConcept,rdfs:subClassOf,rc:Concept
rc:GeodesyConcept,rdfs:subClassOf,owl:Thing
rc:WeldingRobot,rdfs:subClassOf,rc:Robot
rc:WeldingRobot,rdfs:subClassOf,owl:Thing
rc:LuggageMarketCategory,rdfs:subClassOf,rc:ProductTypeByMarketCategory
rc:LuggageMarketCategory,rdfs:subClassOf,owl:Thing
rc:LightSource,rdfs:subClassOf,rc:Light
rc:LightSource,rdfs:subClassOf,owl:Thing
rc:Shutter,rdfs:subClassOf,rc:ExteriorWallMaterial
rc:Shutter,rdfs:subClassOf,owl:Thing
rc:CircusClown,rdfs:subClassOf,rc:CircusPerformer
rc:CircusClown,rdfs:subClassOf,rc:Clown
rc:CircusClown,rdfs:subClassOf,owl:Thing
rc:Wick,rdfs:subClassOf,rc:NonPoweredDevice
rc:Wick,rdfs:subClassOf,owl:Thing
rc:Sustainability,rdfs:subClassOf,rc:DispositionalQuantity
rc:Sustainability,rdfs:subClassOf,owl:Thing
rc:DenumerableSetOrCollection,rdfs:subClassOf,rc:SetOrCollection
rc:DenumerableSetOrCollection,rdfs:subClassOf,owl:Thing
rc:TemporalRate,rdfs:subClassOf,rc:Time_Quantity
rc:TemporalRate,rdfs:subClassOf,owl:Thing
rc:TopologicalSpace,rdfs:subClassOf,rc:Tuple
rc:TopologicalSpace,rdfs:subClassOf,owl:Thing
rc:GasPedal,rdfs:subClassOf,rc:Device_UserControlled
rc:GasPedal,rdfs:subClassOf,rc:Pedal_ControlDevice
rc:GasPedal,rdfs:subClassOf,owl:Thing
rc:OilPipeline_Juncture,rdfs:subClassOf,rc:Junction_Connector
rc:OilPipeline_Juncture,rdfs:subClassOf,owl:Thing
rc:HardcopyInformationBearingObject,rdfs:subClassOf,rc:HumanAccessibleIBO
rc:HardcopyInformationBearingObject,rdfs:subClassOf,rc:SolidTangibleArtifact
rc:HardcopyInformationBearingObject,rdfs:subClassOf,owl:Thing
rc:NeonLighting,rdfs:subClassOf,rc:ElectricalLightingProduct
rc:NeonLighting,rdfs:subClassOf,owl:Thing
rc:Gamma_RayBurst,rdfs:subClassOf,rc:GammaRadiationSource
rc:Gamma_RayBurst,rdfs:subClassOf,rc:GammaRay
rc:Gamma_RayBurst,rdfs:subClassOf,owl:Thing
rc:KingRichardIII,rdfs:subClassOf,rc:King_HeadOfState
rc:KingRichardIII,rdfs:subClassOf,owl:Thing
rc:ElectricPublicTransport,rdfs:subClassOf,rc:MassTransitSystem
rc:ElectricPublicTransport,rdfs:subClassOf,owl:Thing
rc:EnglishLanguageCulture,rdfs:subClassOf,rc:LanguageCulture
rc:EnglishLanguageCulture,rdfs:subClassOf,owl:Thing
rc:RegulationOfBiotechnology,rdfs:subClassOf,rc:Biotechnology
rc:RegulationOfBiotechnology,rdfs:subClassOf,owl:Thing
rc:NamaPeople,rdfs:subClassOf,rc:EthnicGroupOfHottentots
rc:NamaPeople,rdfs:subClassOf,owl:Thing
rc:HungarianDiaspora,rdfs:subClassOf,rc:Diaspora
rc:HungarianDiaspora,rdfs:subClassOf,rc:EthnicGroupOfMagyars
rc:HungarianDiaspora,rdfs:subClassOf,owl:Thing
rc:RedAlgaeIncertaeSedis,rdfs:subClassOf,rc:RedAlgae
rc:RedAlgaeIncertaeSedis,rdfs:subClassOf,owl:Thing
rc:AutoCamper,rdfs:subClassOf,rc:AutoPart
rc:AutoCamper,rdfs:subClassOf,owl:Thing
rc:ElectricalCharge,rdfs:subClassOf,rc:NonAspectualQuantity
rc:ElectricalCharge,rdfs:subClassOf,rc:OneDimensionalQuantity
rc:ElectricalCharge,rdfs:subClassOf,owl:Thing
rc:AcousticGuitarist,rdfs:subClassOf,rc:MusicalInstrumentPlayer
rc:AcousticGuitarist,rdfs:subClassOf,owl:Thing
rc:TupleOfIntervals,rdfs:subClassOf,rc:Tuple
rc:TupleOfIntervals,rdfs:subClassOf,owl:Thing
rc:Easel,rdfs:subClassOf,rc:Rack_Holder
rc:Easel,rdfs:subClassOf,owl:Thing
rc:SantaCap,rdfs:subClassOf,rc:Cap
rc:SantaCap,rdfs:subClassOf,owl:Thing
rc:PayLoad,rdfs:subClassOf,rc:SinglePurposeDevice
rc:PayLoad,rdfs:subClassOf,owl:Thing
rc:FunctionalAlgorithm,rdfs:subClassOf,rc:Algorithm
rc:FunctionalAlgorithm,rdfs:subClassOf,owl:Thing
rc:Bass_Singer,rdfs:subClassOf,rc:MaleHuman
rc:Bass_Singer,rdfs:subClassOf,rc:Singer
rc:Bass_Singer,rdfs:subClassOf,owl:Thing
rc:EthnicGroupOfTamangs,rdfs:subClassOf,rc:EthnicGroupOfNepalese
rc:EthnicGroupOfTamangs,rdfs:subClassOf,owl:Thing
rc:3DFilm,rdfs:subClassOf,rc:PhotographicFilm
rc:3DFilm,rdfs:subClassOf,owl:Thing
rc:KurdishTribe,rdfs:subClassOf,rc:EthnicGroupOfKurds
rc:KurdishTribe,rdfs:subClassOf,owl:Thing
rc:ObaOfBenin,rdfs:subClassOf,rc:King_HeadOfState
rc:ObaOfBenin,rdfs:subClassOf,owl:Thing
rc:LaserGuidedBomb,rdfs:subClassOf,rc:Device_RemoteControlled
rc:LaserGuidedBomb,rdfs:subClassOf,owl:Thing
rc:PotassiumCarbonate,rdfs:subClassOf,rc:InorganicSalt
rc:PotassiumCarbonate,rdfs:subClassOf,owl:Thing
rc:Rubber_Synthetic,rdfs:subClassOf,rc:ArtificialMaterial
rc:Rubber_Synthetic,rdfs:subClassOf,owl:Thing
rc:NeckBrace,rdfs:subClassOf,rc:NonPoweredDevice
rc:NeckBrace,rdfs:subClassOf,owl:Thing
rc:ClothingIBO,rdfs:subClassOf,rc:TextuallySpecificWork
rc:ClothingIBO,rdfs:subClassOf,owl:Thing
rc:HouseholdLinensMarketCategory,rdfs:subClassOf,rc:ProductTypeByMarketCategory
rc:HouseholdLinensMarketCategory,rdfs:subClassOf,owl:Thing
rc:Cubicle_Office,rdfs:subClassOf,rc:PartitionWall
rc:Cubicle_Office,rdfs:subClassOf,owl:Thing
rc:DyingEarthSubgenre,rdfs:subClassOf,rc:FantasyGenre
rc:DyingEarthSubgenre,rdfs:subClassOf,owl:Thing
rc:CorrectionTape,rdfs:subClassOf,rc:ConsumableProduct
rc:CorrectionTape,rdfs:subClassOf,owl:Thing
rc:PosttranslationalModification,rdfs:subClassOf,rc:CellularProteinSynthesis
rc:PosttranslationalModification,rdfs:subClassOf,owl:Thing
rc:Plea_Legal,rdfs:subClassOf,rc:ReplyingToAQuestion
rc:Plea_Legal,rdfs:subClassOf,owl:Thing
rc:RulerOfSparta,rdfs:subClassOf,rc:Monarch_HeadOfState
rc:RulerOfSparta,rdfs:subClassOf,owl:Thing
rc:Acacia,rdfs:subClassOf,rc:Fabaceae
rc:Acacia,rdfs:subClassOf,owl:Thing
rc:CleaningImplement,rdfs:subClassOf,rc:CleaningDevice
rc:CleaningImplement,rdfs:subClassOf,owl:Thing
rc:BerberMalian,rdfs:subClassOf,rc:EthnicGroupOfBerbers
rc:BerberMalian,rdfs:subClassOf,owl:Thing
rc:EthnicGroupOfOssetians,rdfs:subClassOf,rc:EthnicGroupOfAsians
rc:EthnicGroupOfOssetians,rdfs:subClassOf,owl:Thing
rc:NavigationalBuoy,rdfs:subClassOf,rc:NavigationBeacon
rc:NavigationalBuoy,rdfs:subClassOf,owl:Thing
rc:White_HairColor,rdfs:subClassOf,rc:HumanHairColor
rc:White_HairColor,rdfs:subClassOf,owl:Thing
rc:PolyadenylationProcess,rdfs:subClassOf,rc:ChemicalBonding
rc:PolyadenylationProcess,rdfs:subClassOf,owl:Thing
rc:Ointment,rdfs:subClassOf,rc:LiquidTangibleArtifact
rc:Ointment,rdfs:subClassOf,owl:Thing
rc:EthnicGroupOfBateke,rdfs:subClassOf,rc:EthnicGroupOfAfricans
rc:EthnicGroupOfBateke,rdfs:subClassOf,owl:Thing
rc:ClassicCar,rdfs:subClassOf,rc:Classic
rc:ClassicCar,rdfs:subClassOf,owl:Thing
rc:KurdishChristian,rdfs:subClassOf,rc:EthnicGroupOfKurds
rc:KurdishChristian,rdfs:subClassOf,owl:Thing
rc:GeographicalZone,rdfs:subClassOf,rc:Nature
rc:GeographicalZone,rdfs:subClassOf,owl:Thing
rc:RecordedVideoProduct,rdfs:subClassOf,rc:PublishedIBT
rc:RecordedVideoProduct,rdfs:subClassOf,owl:Thing
rc:Ulvales,rdfs:subClassOf,rc:Chlorophytopsida
rc:Ulvales,rdfs:subClassOf,owl:Thing
rc:Abstract,rdfs:subClassOf,rc:Document
rc:Abstract,rdfs:subClassOf,owl:Thing
rc:FictionByGenre,rdfs:subClassOf,rc:FictionalPCW
rc:FictionByGenre,rdfs:subClassOf,owl:Thing
rc:Glitter,rdfs:subClassOf,rc:ArtsCraftsEquipment
rc:Glitter,rdfs:subClassOf,owl:Thing
rc:Antique,rdfs:subClassOf,rc:EvaluativeQuantity
rc:Antique,rdfs:subClassOf,owl:Thing
rc:SpySatellite,rdfs:subClassOf,rc:InformationGatheringDevice
rc:SpySatellite,rdfs:subClassOf,owl:Thing
rc:ChemicalSynthesis,rdfs:subClassOf,rc:ChemicalReaction
rc:ChemicalSynthesis,rdfs:subClassOf,owl:Thing
rc:OxidativePhosphorylation,rdfs:subClassOf,rc:CellularRespiration_Aerobic
rc:OxidativePhosphorylation,rdfs:subClassOf,owl:Thing
rc:HungarianChildren,rdfs:subClassOf,rc:EthnicGroupOfMagyars
rc:HungarianChildren,rdfs:subClassOf,owl:Thing
rc:CarobTree,rdfs:subClassOf,rc:Fabaceae
rc:CarobTree,rdfs:subClassOf,owl:Thing
rc:KingGoldemar,rdfs:subClassOf,rc:Dwarf_Mythical
rc:KingGoldemar,rdfs:subClassOf,owl:Thing
rc:FoodServicesEquipment,rdfs:subClassOf,rc:Equipment
rc:FoodServicesEquipment,rdfs:subClassOf,owl:Thing
rc:SoutheastAsianPeople,rdfs:subClassOf,rc:EthnicGroupOfAsians
rc:SoutheastAsianPeople,rdfs:subClassOf,owl:Thing
rc:Dishwasher,rdfs:subClassOf,rc:CleaningDevice
rc:Dishwasher,rdfs:subClassOf,rc:DomesticKitchenAppliance
rc:Dishwasher,rdfs:subClassOf,rc:MajorAppliance
rc:Dishwasher,rdfs:subClassOf,owl:Thing
rc:Refrigerator,rdfs:subClassOf,rc:DomesticKitchenAppliance
rc:Refrigerator,rdfs:subClassOf,rc:MajorAppliance
rc:Refrigerator,rdfs:subClassOf,rc:RefrigeratedStorageDevice
rc:Refrigerator,rdfs:subClassOf,owl:Thing
rc:EnvironmentalTaxation,rdfs:subClassOf,rc:Sustainability
rc:EnvironmentalTaxation,rdfs:subClassOf,owl:Thing
rc:MethodsOfProof,rdfs:subClassOf,rc:ProofTheory
rc:MethodsOfProof,rdfs:subClassOf,owl:Thing
rc:StockTank,rdfs:subClassOf,rc:AgriculturalProduct
rc:StockTank,rdfs:subClassOf,owl:Thing
rc:AngularAccelerationRate,rdfs:subClassOf,rc:PhysicalQuantity
rc:AngularAccelerationRate,rdfs:subClassOf,rc:Rate
rc:AngularAccelerationRate,rdfs:subClassOf,owl:Thing
rc:WoolFiber,rdfs:subClassOf,rc:AnimalProduct
rc:WoolFiber,rdfs:subClassOf,owl:Thing
rc:CohortStudyMethod,rdfs:subClassOf,rc:CohortStudies
rc:CohortStudyMethod,rdfs:subClassOf,owl:Thing
rc:RedAlgaeClass,rdfs:subClassOf,rc:RedAlgae
rc:RedAlgaeClass,rdfs:subClassOf,owl:Thing
rc:Box_Container,rdfs:subClassOf,rc:StorageConstruct
rc:Box_Container,rdfs:subClassOf,owl:Thing
rc:IPhone_AppleCellphone,rdfs:subClassOf,rc:CameraPhone
rc:IPhone_AppleCellphone,rdfs:subClassOf,owl:Thing
rc:Mast_Device,rdfs:subClassOf,rc:BoatOrShipPart
rc:Mast_Device,rdfs:subClassOf,owl:Thing
rc:MagneticSensor,rdfs:subClassOf,rc:MagneticDevice
rc:MagneticSensor,rdfs:subClassOf,owl:Thing
rc:TransactionalNetwork,rdfs:subClassOf,rc:HumanArtifactConcept
rc:TransactionalNetwork,rdfs:subClassOf,owl:Thing
rc:PeachTree,rdfs:subClassOf,rc:Rosaceae
rc:PeachTree,rdfs:subClassOf,owl:Thing
rc:Compendium,rdfs:subClassOf,rc:CompiledConceptualWork
rc:Compendium,rdfs:subClassOf,owl:Thing
rc:OnlineEducation,rdfs:subClassOf,rc:TechnologyTeachingAidMaterial
rc:OnlineEducation,rdfs:subClassOf,owl:Thing
rc:NudityAndProtest,rdfs:subClassOf,rc:Nude
rc:NudityAndProtest,rdfs:subClassOf,owl:Thing
rc:AbrahamLincoln,rdfs:subClassOf,rc:UnitedStatesPresident
rc:AbrahamLincoln,rdfs:subClassOf,owl:Thing
rc:BodyDonor,rdfs:subClassOf,rc:Deceased
rc:BodyDonor,rdfs:subClassOf,owl:Thing
rc:GreenlandicPeople,rdfs:subClassOf,rc:EthnicGroupOfEuropeans
rc:GreenlandicPeople,rdfs:subClassOf,owl:Thing
rc:ArtworkProduct,rdfs:subClassOf,rc:ConsumerGood
rc:ArtworkProduct,rdfs:subClassOf,owl:Thing
rc:ConsumerElectronicDevice,rdfs:subClassOf,rc:ElectronicDevice
rc:ConsumerElectronicDevice,rdfs:subClassOf,owl:Thing
rc:Bendable,rdfs:subClassOf,rc:NonAspectualQuantity
rc:Bendable,rdfs:subClassOf,owl:Thing
rc:EthnicGroupOfLapps,rdfs:subClassOf,rc:EthnicGroupOfEuropeans
rc:EthnicGroupOfLapps,rdfs:subClassOf,owl:Thing
rc:SpinModel,rdfs:subClassOf,rc:QuantumMechanics
rc:SpinModel,rdfs:subClassOf,rc:StatisticalMechanics
rc:SpinModel,rdfs:subClassOf,owl:Thing
rc:MagneticCompass,rdfs:subClassOf,rc:MagneticDevice
rc:MagneticCompass,rdfs:subClassOf,owl:Thing
rc:Determinism,rdfs:subClassOf,rc:PhilosophyBeliefs
rc:Determinism,rdfs:subClassOf,owl:Thing
rc:Ecovillage,rdfs:subClassOf,rc:Sustainability
rc:Ecovillage,rdfs:subClassOf,owl:Thing
rc:EthnicGroupOfMaoris,rdfs:subClassOf,rc:EthnicGroupOfPolynesians
rc:EthnicGroupOfMaoris,rdfs:subClassOf,owl:Thing
rc:WebSite,rdfs:subClassOf,rc:DynamicIndexedInfoSource
rc:WebSite,rdfs:subClassOf,owl:Thing
rc:LithiumSulfate,rdfs:subClassOf,rc:InorganicSalt
rc:LithiumSulfate,rdfs:subClassOf,owl:Thing
rc:Playboy,rdfs:subClassOf,rc:MaleHuman
rc:Playboy,rdfs:subClassOf,owl:Thing
rc:Jersey_TheShirt,rdfs:subClassOf,rc:SportsShirt
rc:Jersey_TheShirt,rdfs:subClassOf,owl:Thing
rc:Vector_Precise,rdfs:subClassOf,rc:VectorInterval
rc:Vector_Precise,rdfs:subClassOf,owl:Thing
rc:MusicTypeByGenre,rdfs:subClassOf,rc:GenreTypes
rc:MusicTypeByGenre,rdfs:subClassOf,owl:Thing
rc:Jack_LiftingDevice,rdfs:subClassOf,rc:MechanicalDevice
rc:Jack_LiftingDevice,rdfs:subClassOf,rc:SimpleMachine
rc:Jack_LiftingDevice,rdfs:subClassOf,owl:Thing
rc:InternetService,rdfs:subClassOf,rc:ComputerService
rc:InternetService,rdfs:subClassOf,rc:SubscriberService
rc:InternetService,rdfs:subClassOf,owl:Thing
rc:IntellectualDisability,rdfs:subClassOf,rc:IntelligenceLevel
rc:IntellectualDisability,rdfs:subClassOf,owl:Thing
rc:Assignment_Obligation,rdfs:subClassOf,kko:Society
rc:Assignment_Obligation,rdfs:subClassOf,rc:Assignment_Specification
rc:Assignment_Obligation,rdfs:subClassOf,rc:Obligation
rc:Assignment_Obligation,rdfs:subClassOf,owl:Thing
rc:NewZealandMaoriPeople,rdfs:subClassOf,rc:EthnicGroupOfMaoris
rc:NewZealandMaoriPeople,rdfs:subClassOf,owl:Thing
rc:MixingDevice,rdfs:subClassOf,rc:MechanicalDevice
rc:MixingDevice,rdfs:subClassOf,owl:Thing
rc:MedicalInjectionTool,rdfs:subClassOf,rc:ContainerArtifact
rc:MedicalInjectionTool,rdfs:subClassOf,owl:Thing
rc:Knack,rdfs:subClassOf,rc:AgentCapacityQuantity
rc:Knack,rdfs:subClassOf,owl:Thing
rc:EthnicGroupOfTunisians,rdfs:subClassOf,rc:EthnicGroupOfAfro_Arabs
rc:EthnicGroupOfTunisians,rdfs:subClassOf,owl:Thing
rc:RedAlgaeOrder,rdfs:subClassOf,rc:RedAlgae
rc:RedAlgaeOrder,rdfs:subClassOf,owl:Thing
rc:LatticeModel,rdfs:subClassOf,rc:QuantumChromodynamics
rc:LatticeModel,rdfs:subClassOf,rc:QuantumMechanics
rc:LatticeModel,rdfs:subClassOf,rc:StatisticalMechanics
rc:LatticeModel,rdfs:subClassOf,owl:Thing
rc:TVActionShow,rdfs:subClassOf,rc:PropositionalConceptualWork_ActionGenre
rc:TVActionShow,rdfs:subClassOf,owl:Thing
rc:OddNumber,rdfs:subClassOf,rc:Integer
rc:OddNumber,rdfs:subClassOf,owl:Thing
rc:Pager,rdfs:subClassOf,rc:PersonalDevice
rc:Pager,rdfs:subClassOf,owl:Thing
rc:Obituary,rdfs:subClassOf,rc:Announcement
rc:Obituary,rdfs:subClassOf,rc:Biography
rc:Obituary,rdfs:subClassOf,owl:Thing
rc:IndividualSailingYacht,rdfs:subClassOf,rc:LuxuryItem
rc:IndividualSailingYacht,rdfs:subClassOf,owl:Thing
rc:EthnicGroupOfAzerbaijani,rdfs:subClassOf,rc:EthnicGroupOfAsians
rc:EthnicGroupOfAzerbaijani,rdfs:subClassOf,owl:Thing
rc:EthnicGroupOfMossi,rdfs:subClassOf,rc:EthnicGroupOfAfricans
rc:EthnicGroupOfMossi,rdfs:subClassOf,owl:Thing
rc:CrimeData,rdfs:subClassOf,rc:Criminology
rc:CrimeData,rdfs:subClassOf,owl:Thing
rc:HumanAttributeTesting,rdfs:subClassOf,rc:Test_Assessment
rc:HumanAttributeTesting,rdfs:subClassOf,owl:Thing
rc:Dionysus_TheGod,rdfs:subClassOf,rc:MythologicalGod
rc:Dionysus_TheGod,rdfs:subClassOf,owl:Thing
rc:FictionalAnimal,rdfs:subClassOf,rc:FictionalOrganism
rc:FictionalAnimal,rdfs:subClassOf,owl:Thing
rc:LifeJacket,rdfs:subClassOf,rc:LifePreserver
rc:LifeJacket,rdfs:subClassOf,rc:Vest
rc:LifeJacket,rdfs:subClassOf,owl:Thing
rc:FictionalRobot,rdfs:subClassOf,rc:FictionalObject
rc:FictionalRobot,rdfs:subClassOf,owl:Thing
rc:EthnicGroupOfLurs,rdfs:subClassOf,rc:EthnicGroupOfAsians
rc:EthnicGroupOfLurs,rdfs:subClassOf,rc:EthnicGroupOfMiddleEasterners
rc:EthnicGroupOfLurs,rdfs:subClassOf,owl:Thing
rc:Sweetener,rdfs:subClassOf,rc:SweetTaste
rc:Sweetener,rdfs:subClassOf,owl:Thing
rc:ArmSling,rdfs:subClassOf,rc:NonPoweredDevice
rc:ArmSling,rdfs:subClassOf,owl:Thing
rc:HydrogenChlorate,rdfs:subClassOf,rc:Oxyacid
rc:HydrogenChlorate,rdfs:subClassOf,owl:Thing
rc:CurlyHair,rdfs:subClassOf,rc:HumanTypeByHairstyle
rc:CurlyHair,rdfs:subClassOf,owl:Thing
rc:NutmegTree,rdfs:subClassOf,rc:Magnoliales
rc:NutmegTree,rdfs:subClassOf,owl:Thing
rc:HazaraChildren,rdfs:subClassOf,rc:EthnicGroupOfHazara
rc:HazaraChildren,rdfs:subClassOf,owl:Thing
rc:Hydroxylamine,rdfs:subClassOf,rc:InorganicCompound
rc:Hydroxylamine,rdfs:subClassOf,owl:Thing
rc:PearTree,rdfs:subClassOf,rc:Rosaceae
rc:PearTree,rdfs:subClassOf,owl:Thing
rc:Animal_HumanFoodSource,rdfs:subClassOf,rc:AgriculturalCommodity
rc:Animal_HumanFoodSource,rdfs:subClassOf,rc:AnimalProduct
rc:Animal_HumanFoodSource,rdfs:subClassOf,owl:Thing
rc:SeminarSeries,rdfs:subClassOf,rc:SocialGathering
rc:SeminarSeries,rdfs:subClassOf,owl:Thing
rc:Dimethicone,rdfs:subClassOf,rc:Oil
rc:Dimethicone,rdfs:subClassOf,owl:Thing
rc:EthnicGroupOfEstonians,rdfs:subClassOf,rc:EthnicGroupOfEuropeans
rc:EthnicGroupOfEstonians,rdfs:subClassOf,owl:Thing
rc:RecliningChair,rdfs:subClassOf,rc:ReclinerChairsMarketCategory
rc:RecliningChair,rdfs:subClassOf,owl:Thing
rc:ApplicationAccount,rdfs:subClassOf,rc:Artifact_Intangible
rc:ApplicationAccount,rdfs:subClassOf,owl:Thing
rc:Vitamin,rdfs:subClassOf,rc:Nutrient
rc:Vitamin,rdfs:subClassOf,owl:Thing
rc:WirelessAccessPoint_Device,rdfs:subClassOf,rc:SinglePurposeDevice
rc:WirelessAccessPoint_Device,rdfs:subClassOf,owl:Thing
rc:AdolfHitler,rdfs:subClassOf,rc:Dictator_HeadOfGovernment
rc:AdolfHitler,rdfs:subClassOf,owl:Thing
rc:Individuality,rdfs:subClassOf,rc:PersonalQuantity
rc:Individuality,rdfs:subClassOf,owl:Thing
rc:Onondaga_EthnicGroupOfNewWorldNatives,rdfs:subClassOf,rc:Iroquois_EthnicGroupOfNewWorldNatives
rc:Onondaga_EthnicGroupOfNewWorldNatives,rdfs:subClassOf,owl:Thing
rc:EthnicGroupOfIssa,rdfs:subClassOf,rc:EthnicGroupOfAfricans
rc:EthnicGroupOfIssa,rdfs:subClassOf,owl:Thing
rc:Camelot_Place,rdfs:subClassOf,rc:MythologicalPlace
rc:Camelot_Place,rdfs:subClassOf,owl:Thing
rc:Krypton_ThePlanet,rdfs:subClassOf,rc:FictionalPlace
rc:Krypton_ThePlanet,rdfs:subClassOf,owl:Thing
rc:WireGrill,rdfs:subClassOf,rc:Rack_Holder
rc:WireGrill,rdfs:subClassOf,owl:Thing
rc:EthnicGroupOfWalloons,rdfs:subClassOf,rc:EthnicGroupOfEuropeans
rc:EthnicGroupOfWalloons,rdfs:subClassOf,owl:Thing
rc:SecurityClearanceLevel,rdfs:subClassOf,rc:SecurityClearance
rc:SecurityClearanceLevel,rdfs:subClassOf,owl:Thing
rc:MagazineMountainShagreen,rdfs:subClassOf,rc:Zonites
rc:MagazineMountainShagreen,rdfs:subClassOf,owl:Thing
rc:Pharaoh_HeadOfState,rdfs:subClassOf,rc:Monarch_HeadOfState
rc:Pharaoh_HeadOfState,rdfs:subClassOf,owl:Thing
rc:FishFarm,rdfs:subClassOf,rc:Aquaculture
rc:FishFarm,rdfs:subClassOf,owl:Thing
rc:PalaeoChristianArchitecture,rdfs:subClassOf,rc:ArchitecturalTypeByStyle
rc:PalaeoChristianArchitecture,rdfs:subClassOf,owl:Thing
rc:AviationAndTheEnvironment,rdfs:subClassOf,rc:EnvironmentalImpact
rc:AviationAndTheEnvironment,rdfs:subClassOf,owl:Thing
rc:MetalDetector,rdfs:subClassOf,rc:IndicatingRecordingInstrument
rc:MetalDetector,rdfs:subClassOf,owl:Thing
rc:Collectible,rdfs:subClassOf,rc:ArtifactType
rc:Collectible,rdfs:subClassOf,owl:Thing
rc:Shallow,rdfs:subClassOf,rc:Distance
rc:Shallow,rdfs:subClassOf,rc:NonNumericScalarQuantity
rc:Shallow,rdfs:subClassOf,owl:Thing
rc:ComputerArchitecture,rdfs:subClassOf,rc:ComputerEngineering
rc:ComputerArchitecture,rdfs:subClassOf,owl:Thing
rc:EthnicGroupOfShan,rdfs:subClassOf,rc:EthnicGroupOfAsians
rc:EthnicGroupOfShan,rdfs:subClassOf,owl:Thing
rc:InterstateHighway,rdfs:subClassOf,rc:FourLanesOrWiderRoadway
rc:InterstateHighway,rdfs:subClassOf,owl:Thing
rc:SpanishDiaspora,rdfs:subClassOf,rc:Diaspora
rc:SpanishDiaspora,rdfs:subClassOf,rc:EthnicGroupOfSpain
rc:SpanishDiaspora,rdfs:subClassOf,owl:Thing
rc:EthnicGroupOfNyanja,rdfs:subClassOf,rc:EthnicGroupOfAfricans
rc:EthnicGroupOfNyanja,rdfs:subClassOf,owl:Thing
rc:HealthFraud,rdfs:subClassOf,rc:HealthCare
rc:HealthFraud,rdfs:subClassOf,owl:Thing
rc:SpaceflightGroundEquipment,rdfs:subClassOf,rc:FacilitiesEquipment
rc:SpaceflightGroundEquipment,rdfs:subClassOf,owl:Thing
rc:Princess,rdfs:subClassOf,rc:FemaleHuman
rc:Princess,rdfs:subClassOf,owl:Thing
rc:MagneticTape,rdfs:subClassOf,rc:MagneticDevice
rc:MagneticTape,rdfs:subClassOf,rc:Tape
rc:MagneticTape,rdfs:subClassOf,owl:Thing
rc:CalciumHypochlorite,rdfs:subClassOf,rc:InorganicCompound
rc:CalciumHypochlorite,rdfs:subClassOf,owl:Thing
rc:EnglishPhonology,rdfs:subClassOf,rc:Phonology
rc:EnglishPhonology,rdfs:subClassOf,owl:Thing
rc:Colorful,rdfs:subClassOf,rc:NonAspectualQuantity
rc:Colorful,rdfs:subClassOf,owl:Thing
rc:Incidence_Geometry,rdfs:subClassOf,rc:Incidence
rc:Incidence_Geometry,rdfs:subClassOf,owl:Thing
rc:Fiberglass,rdfs:subClassOf,rc:ArtificialMaterial
rc:Fiberglass,rdfs:subClassOf,rc:BuildingInsulation
rc:Fiberglass,rdfs:subClassOf,rc:DeviceWithNoMovingParts
rc:Fiberglass,rdfs:subClassOf,owl:Thing
rc:EthnicGroupOfMerina,rdfs:subClassOf,rc:EthnicGroupOfEuropeans
rc:EthnicGroupOfMerina,rdfs:subClassOf,owl:Thing
rc:Asynchronous,rdfs:subClassOf,rc:SynchronicityOfComplexAction
rc:Asynchronous,rdfs:subClassOf,owl:Thing
rc:ScientificMethod,rdfs:subClassOf,rc:MethodType
rc:ScientificMethod,rdfs:subClassOf,rc:PhilosophyBeliefs
rc:ScientificMethod,rdfs:subClassOf,owl:Thing
rc:ObjectPredicate,rdfs:subClassOf,rc:Predicate
rc:ObjectPredicate,rdfs:subClassOf,owl:Thing
rc:IncomeTax,rdfs:subClassOf,rc:Taxation
rc:IncomeTax,rdfs:subClassOf,owl:Thing
rc:ForceQuantity,rdfs:subClassOf,rc:PhysicalQuantity
rc:ForceQuantity,rdfs:subClassOf,owl:Thing
rc:Quantum,rdfs:subClassOf,rc:ScalarInterval
rc:Quantum,rdfs:subClassOf,owl:Thing
rc:Drawback,rdfs:subClassOf,rc:Shortage
rc:Drawback,rdfs:subClassOf,owl:Thing
rc:SingleEquationMethodsEconometrics,rdfs:subClassOf,rc:MathematicalMethod
rc:SingleEquationMethodsEconometrics,rdfs:subClassOf,owl:Thing
rc:Pressure,rdfs:subClassOf,rc:RatioQuantity
rc:Pressure,rdfs:subClassOf,rc:TangiblePhysicalQuantity
rc:Pressure,rdfs:subClassOf,owl:Thing
rc:IrishTraveller,rdfs:subClassOf,rc:EthnicGroupOfRom_Gypsy
rc:IrishTraveller,rdfs:subClassOf,owl:Thing
rc:HumanYoungAdult,rdfs:subClassOf,rc:HumanAdult
rc:HumanYoungAdult,rdfs:subClassOf,rc:YoungHuman
rc:HumanYoungAdult,rdfs:subClassOf,owl:Thing
rc:PhDThesis,rdfs:subClassOf,rc:Thesis
rc:PhDThesis,rdfs:subClassOf,owl:Thing
rc:EthnicGroupOfBretons,rdfs:subClassOf,rc:EthnicGroupOfEuropeans
rc:EthnicGroupOfBretons,rdfs:subClassOf,owl:Thing
rc:FinnishMen,rdfs:subClassOf,rc:EthnicGroupOfFinns
rc:FinnishMen,rdfs:subClassOf,owl:Thing
rc:JohnKennedy,rdfs:subClassOf,rc:UnitedStatesPresident
rc:JohnKennedy,rdfs:subClassOf,owl:Thing
rc:FertileAnimal,rdfs:subClassOf,rc:SexuallyMature
rc:FertileAnimal,rdfs:subClassOf,owl:Thing
rc:VideoGameCartridge,rdfs:subClassOf,rc:MechanicalDevice
rc:VideoGameCartridge,rdfs:subClassOf,owl:Thing
rc:IrrationalNumber,rdfs:subClassOf,rc:RealNumber
rc:IrrationalNumber,rdfs:subClassOf,owl:Thing
rc:Sisal_Fiber,rdfs:subClassOf,rc:VegetableMatter
rc:Sisal_Fiber,rdfs:subClassOf,owl:Thing
rc:RotationalInertia_Value,rdfs:subClassOf,rc:PhysicalQuantity
rc:RotationalInertia_Value,rdfs:subClassOf,rc:ScalarOrVectorInterval
rc:RotationalInertia_Value,rdfs:subClassOf,owl:Thing
rc:BlastingCap,rdfs:subClassOf,rc:ExplosiveDevice
rc:BlastingCap,rdfs:subClassOf,owl:Thing
rc:KingJamesI,rdfs:subClassOf,rc:King_HeadOfState
rc:KingJamesI,rdfs:subClassOf,owl:Thing
rc:Signature,rdfs:subClassOf,rc:HandwrittenDocument
rc:Signature,rdfs:subClassOf,rc:SymbolicObject
rc:Signature,rdfs:subClassOf,owl:Thing
rc:EnglishEtymology,rdfs:subClassOf,rc:Etymology
rc:EnglishEtymology,rdfs:subClassOf,owl:Thing
rc:Kitten,rdfs:subClassOf,rc:JuvenileAnimal
rc:Kitten,rdfs:subClassOf,owl:Thing
rc:InternationalRanking,rdfs:subClassOf,rc:Ranking
rc:InternationalRanking,rdfs:subClassOf,owl:Thing
rc:FoodVessel,rdfs:subClassOf,rc:ContainerArtifact
rc:FoodVessel,rdfs:subClassOf,owl:Thing
rc:Documentary_Genre,rdfs:subClassOf,rc:PropositionalConceptualWork_Genre
rc:Documentary_Genre,rdfs:subClassOf,owl:Thing
rc:Melatonin,rdfs:subClassOf,rc:AntiOxidant
rc:Melatonin,rdfs:subClassOf,owl:Thing
rc:Gauge,rdfs:subClassOf,rc:MeasuringDevice
rc:Gauge,rdfs:subClassOf,owl:Thing
rc:RoboticsProject,rdfs:subClassOf,rc:Robotics
rc:RoboticsProject,rdfs:subClassOf,owl:Thing
rc:SugarSubstitute,rdfs:subClassOf,rc:ArtificialMaterial
rc:SugarSubstitute,rdfs:subClassOf,owl:Thing
rc:Tapestry,rdfs:subClassOf,rc:SolidTangibleArtifact
rc:Tapestry,rdfs:subClassOf,owl:Thing
rc:ArtObject,rdfs:subClassOf,rc:Collectible
rc:ArtObject,rdfs:subClassOf,rc:Decoration
rc:ArtObject,rdfs:subClassOf,rc:HumanAccessibleIBO
rc:ArtObject,rdfs:subClassOf,owl:Thing
rc:Cartridge,rdfs:subClassOf,rc:ContainerArtifact
rc:Cartridge,rdfs:subClassOf,owl:Thing
rc:Audio_Accessory,rdfs:subClassOf,rc:Accessory_Artifact
rc:Audio_Accessory,rdfs:subClassOf,owl:Thing
rc:Vinegar,rdfs:subClassOf,rc:SourTaste
rc:Vinegar,rdfs:subClassOf,owl:Thing
rc:Humidifier,rdfs:subClassOf,rc:ClimateControlDevice
rc:Humidifier,rdfs:subClassOf,owl:Thing
rc:CliffsNotes,rdfs:subClassOf,rc:Book
rc:CliffsNotes,rdfs:subClassOf,owl:Thing
rc:Fructose,rdfs:subClassOf,rc:PlantProduct
rc:Fructose,rdfs:subClassOf,owl:Thing
rc:PlasticBottle,rdfs:subClassOf,rc:PlasticContainer
rc:PlasticBottle,rdfs:subClassOf,owl:Thing
rc:MilitaryStrategy,rdfs:subClassOf,rc:Strategy
rc:MilitaryStrategy,rdfs:subClassOf,owl:Thing
rc:RadioElectronics,rdfs:subClassOf,rc:Radio
rc:RadioElectronics,rdfs:subClassOf,owl:Thing
rc:Classic,rdfs:subClassOf,rc:StyleAttribute
rc:Classic,rdfs:subClassOf,owl:Thing
rc:PornographicMovie,rdfs:subClassOf,rc:PornographicMaterial_Legal
rc:PornographicMovie,rdfs:subClassOf,rc:PropositionalConceptualWork_AdultGenre
rc:PornographicMovie,rdfs:subClassOf,owl:Thing
rc:StockCertificate,rdfs:subClassOf,rc:FinancialDocument
rc:StockCertificate,rdfs:subClassOf,owl:Thing
rc:Proportion,rdfs:subClassOf,rc:RatioQuantity
rc:Proportion,rdfs:subClassOf,owl:Thing
rc:IntelligenceByType,rdfs:subClassOf,rc:IntelligenceLevel
rc:IntelligenceByType,rdfs:subClassOf,owl:Thing
rc:BaileyBridge,rdfs:subClassOf,rc:SpanningDevice_Static
rc:BaileyBridge,rdfs:subClassOf,owl:Thing
rc:Electrotherapy,rdfs:subClassOf,rc:Therapy
rc:Electrotherapy,rdfs:subClassOf,owl:Thing
rc:ChessPiece,rdfs:subClassOf,rc:Chess
rc:ChessPiece,rdfs:subClassOf,rc:NonPoweredDevice
rc:ChessPiece,rdfs:subClassOf,owl:Thing
rc:Absorbency,rdfs:subClassOf,rc:DispositionalQuantity
rc:Absorbency,rdfs:subClassOf,rc:TangiblePhysicalQuantity
rc:Absorbency,rdfs:subClassOf,rc:TotallyOrderedQuantityType
rc:Absorbency,rdfs:subClassOf,owl:Thing
rc:OneDimensionalQuantity,rdfs:subClassOf,rc:MeasurableQuantity
rc:OneDimensionalQuantity,rdfs:subClassOf,owl:Thing
rc:Foundationalism,rdfs:subClassOf,rc:PhilosophyBeliefs
rc:Foundationalism,rdfs:subClassOf,owl:Thing
rc:PerCapitaRatioQuantity,rdfs:subClassOf,rc:GeographicalQuantity
rc:PerCapitaRatioQuantity,rdfs:subClassOf,rc:RatioQuantity
rc:PerCapitaRatioQuantity,rdfs:subClassOf,owl:Thing
rc:ChemicalReaction,rdfs:subClassOf,rc:ChemicalKinetics
rc:ChemicalReaction,rdfs:subClassOf,owl:Thing
rc:InformationSystem,rdfs:subClassOf,kko:Systems
rc:InformationSystem,rdfs:subClassOf,owl:Thing
rc:EvaluativeQuantity,rdfs:subClassOf,rc:NonAspectualQuantity
rc:EvaluativeQuantity,rdfs:subClassOf,rc:Rating
rc:EvaluativeQuantity,rdfs:subClassOf,owl:Thing
rc:StationeryMarketCategory,rdfs:subClassOf,rc:ProductTypeByMarketCategory
rc:StationeryMarketCategory,rdfs:subClassOf,owl:Thing
kko:StructuredInfo,rdfs:subClassOf,kko:Information
kko:StructuredInfo,rdfs:subClassOf,owl:Thing
rc:Booklet,rdfs:subClassOf,rc:TextualPCW
rc:Booklet,rdfs:subClassOf,owl:Thing
rc:LogicFamily,rdfs:subClassOf,rc:CentralProcessingUnit
rc:LogicFamily,rdfs:subClassOf,owl:Thing
rc:SalesCounter,rdfs:subClassOf,rc:MerchandiserFreeStandingDisplay
rc:SalesCounter,rdfs:subClassOf,owl:Thing
rc:MedicalTestKit,rdfs:subClassOf,rc:Kit
rc:MedicalTestKit,rdfs:subClassOf,owl:Thing
rc:MiddleAgedHuman,rdfs:subClassOf,rc:HumanAdult
rc:MiddleAgedHuman,rdfs:subClassOf,owl:Thing
rc:InformationKnowledgeAndUncertainty,rdfs:subClassOf,rc:Statistics
rc:InformationKnowledgeAndUncertainty,rdfs:subClassOf,owl:Thing
rc:CookieCutter,rdfs:subClassOf,rc:CuttingDevice
rc:CookieCutter,rdfs:subClassOf,owl:Thing
rc:KingLouisXVIII,rdfs:subClassOf,rc:King_HeadOfState
rc:KingLouisXVIII,rdfs:subClassOf,owl:Thing
rc:BasqueCollaboratorsWithNaziGermany,rdfs:subClassOf,rc:EthnicGroupOfBasques
rc:BasqueCollaboratorsWithNaziGermany,rdfs:subClassOf,owl:Thing
rc:LevelOfDiscomfort,rdfs:subClassOf,rc:InternalSensoryQuantity
rc:LevelOfDiscomfort,rdfs:subClassOf,rc:TotallyOrderedQuantityType
rc:LevelOfDiscomfort,rdfs:subClassOf,owl:Thing
rc:Foal,rdfs:subClassOf,rc:JuvenileAnimal
rc:Foal,rdfs:subClassOf,owl:Thing
rc:PrideOfMembership,rdfs:subClassOf,rc:Loyalty
rc:PrideOfMembership,rdfs:subClassOf,owl:Thing
rc:SolarSpaceObservatory,rdfs:subClassOf,rc:Satellite
rc:SolarSpaceObservatory,rdfs:subClassOf,owl:Thing
rc:AnalyticalChemistryTechnique,rdfs:subClassOf,rc:TechniqueType
rc:AnalyticalChemistryTechnique,rdfs:subClassOf,owl:Thing
rc:PaintedSnakeCoiledForestSnail,rdfs:subClassOf,rc:Pupilla
rc:PaintedSnakeCoiledForestSnail,rdfs:subClassOf,owl:Thing
rc:ThaiPeople,rdfs:subClassOf,rc:EthnicGroupOfAsians
rc:ThaiPeople,rdfs:subClassOf,owl:Thing
rc:Title,rdfs:subClassOf,rc:Description
rc:Title,rdfs:subClassOf,owl:Thing
rc:BedFrame,rdfs:subClassOf,rc:BedsAndMattressesMarketCategory
rc:BedFrame,rdfs:subClassOf,rc:NonPoweredDevice
rc:BedFrame,rdfs:subClassOf,owl:Thing
rc:Khat,rdfs:subClassOf,rc:CathaEdulis
rc:Khat,rdfs:subClassOf,owl:Thing
rc:Tenor_Singer,rdfs:subClassOf,rc:MaleHuman
rc:Tenor_Singer,rdfs:subClassOf,rc:Singer
rc:Tenor_Singer,rdfs:subClassOf,owl:Thing
rc:Gargoyle_Sculpture,rdfs:subClassOf,rc:DeviceWithNoMovingParts
rc:Gargoyle_Sculpture,rdfs:subClassOf,rc:PartOfBuilding
rc:Gargoyle_Sculpture,rdfs:subClassOf,owl:Thing
rc:AncientEgyptianArchitecture,rdfs:subClassOf,rc:EgyptianArchitecturalStyle
rc:AncientEgyptianArchitecture,rdfs:subClassOf,owl:Thing
rc:AppleCultivar,rdfs:subClassOf,rc:Cultivar
rc:AppleCultivar,rdfs:subClassOf,owl:Thing
rc:SecurityDevice,rdfs:subClassOf,rc:DefenseSystem
rc:SecurityDevice,rdfs:subClassOf,rc:DeviceTypeByFunction
rc:SecurityDevice,rdfs:subClassOf,owl:Thing
rc:SavingAFile,rdfs:subClassOf,rc:AccessingAFile
rc:SavingAFile,rdfs:subClassOf,owl:Thing
rc:PaperBag,rdfs:subClassOf,rc:Bag
rc:PaperBag,rdfs:subClassOf,rc:DisposableProduct
rc:PaperBag,rdfs:subClassOf,owl:Thing
rc:SurgicalGlove,rdfs:subClassOf,rc:MedicalGlove
rc:SurgicalGlove,rdfs:subClassOf,owl:Thing
rc:FlavoringCompound,rdfs:subClassOf,rc:ArtificialMaterial
rc:FlavoringCompound,rdfs:subClassOf,owl:Thing
rc:MagnesiumHydroxide,rdfs:subClassOf,rc:InorganicOxide
rc:MagnesiumHydroxide,rdfs:subClassOf,owl:Thing
rc:SilesianPeople,rdfs:subClassOf,rc:EthnicGroupOfEuropeans
rc:SilesianPeople,rdfs:subClassOf,owl:Thing
rc:Robotics,rdfs:subClassOf,rc:IndustrialProcessMachinerySupply
rc:Robotics,rdfs:subClassOf,rc:TechnologyByType
rc:Robotics,rdfs:subClassOf,owl:Thing
rc:VladimirLenin,rdfs:subClassOf,rc:FamousHuman
rc:VladimirLenin,rdfs:subClassOf,owl:Thing
rc:SherpaSummitersOfMountEverest,rdfs:subClassOf,rc:EthnicGroupOfSherpas
rc:SherpaSummitersOfMountEverest,rdfs:subClassOf,owl:Thing
rc:PauliExclusionPrinciple,rdfs:subClassOf,rc:ParticlePhysics
rc:PauliExclusionPrinciple,rdfs:subClassOf,owl:Thing
rc:Passport,rdfs:subClassOf,rc:AuthorizedAgreement
rc:Passport,rdfs:subClassOf,owl:Thing
rc:PrescriptionDrugMarketCategory,rdfs:subClassOf,rc:ProductTypeByMarketCategory
rc:PrescriptionDrugMarketCategory,rdfs:subClassOf,owl:Thing
rc:ToasterOven,rdfs:subClassOf,rc:Oven
rc:ToasterOven,rdfs:subClassOf,owl:Thing
rc:Ventilation,rdfs:subClassOf,rc:HeatingVentilationAirCirculation
rc:Ventilation,rdfs:subClassOf,owl:Thing
rc:ElectricGrill,rdfs:subClassOf,rc:BBQGrill
rc:ElectricGrill,rdfs:subClassOf,owl:Thing
rc:WordProcessor,rdfs:subClassOf,rc:TypingMachine
rc:WordProcessor,rdfs:subClassOf,owl:Thing
rc:Alert,rdfs:subClassOf,rc:Awake
rc:Alert,rdfs:subClassOf,owl:Thing
rc:EconomicSystem,rdfs:subClassOf,rc:Economics
rc:EconomicSystem,rdfs:subClassOf,owl:Thing
rc:Scissors,rdfs:subClassOf,rc:CuttingDevice
rc:Scissors,rdfs:subClassOf,rc:Device_UserPowered
rc:Scissors,rdfs:subClassOf,owl:Thing
rc:RackForFirePlaceTools,rdfs:subClassOf,rc:Rack_Holder
rc:RackForFirePlaceTools,rdfs:subClassOf,owl:Thing
rc:ButterKnife,rdfs:subClassOf,rc:Knife
rc:ButterKnife,rdfs:subClassOf,owl:Thing
rc:GothicArchitecturalStyle,rdfs:subClassOf,rc:ArchitecturalTypeByStyle
rc:GothicArchitecturalStyle,rdfs:subClassOf,owl:Thing
rc:Tea,rdfs:subClassOf,rc:CaffeinatedBeverage
rc:Tea,rdfs:subClassOf,rc:CoffeeTea
rc:Tea,rdfs:subClassOf,rc:EdiblePlant
rc:Tea,rdfs:subClassOf,rc:Theaceae
rc:Tea,rdfs:subClassOf,owl:Thing
rc:StereoSpeaker,rdfs:subClassOf,rc:AudioSystemComponent
rc:StereoSpeaker,rdfs:subClassOf,owl:Thing
rc:WoodSculpture,rdfs:subClassOf,rc:Woodwork
rc:WoodSculpture,rdfs:subClassOf,owl:Thing
rc:TarotCard,rdfs:subClassOf,rc:DeckOfTarotCards
rc:TarotCard,rdfs:subClassOf,owl:Thing
rc:HuginnAndMuninn,rdfs:subClassOf,rc:FictionalAnimal
rc:HuginnAndMuninn,rdfs:subClassOf,owl:Thing
rc:ForcingMathematics,rdfs:subClassOf,rc:MathematicalLogic
rc:ForcingMathematics,rdfs:subClassOf,owl:Thing
rc:Asana,rdfs:subClassOf,rc:DoingYoga
rc:Asana,rdfs:subClassOf,owl:Thing
rc:Shampoo,rdfs:subClassOf,rc:ToiletrySubstance
rc:Shampoo,rdfs:subClassOf,owl:Thing
rc:AjaxProgramming,rdfs:subClassOf,rc:JavaScriptFile
rc:AjaxProgramming,rdfs:subClassOf,owl:Thing
rc:Bill_Currency,rdfs:subClassOf,rc:Device_SingleUser
rc:Bill_Currency,rdfs:subClassOf,owl:Thing
rc:MechanicalEngineeringCompetition,rdfs:subClassOf,rc:EngineeringCompetition
rc:MechanicalEngineeringCompetition,rdfs:subClassOf,owl:Thing
rc:EthnicGroupOfPacificIslanders,rdfs:subClassOf,rc:EthnicGroup
rc:EthnicGroupOfPacificIslanders,rdfs:subClassOf,owl:Thing
rc:SculptureMaterial,rdfs:subClassOf,rc:ArtSupplies
rc:SculptureMaterial,rdfs:subClassOf,owl:Thing
rc:DipoleMoment,rdfs:subClassOf,rc:MultiDimensionalQuantity
rc:DipoleMoment,rdfs:subClassOf,owl:Thing
rc:Resolution,rdfs:subClassOf,rc:Policy
rc:Resolution,rdfs:subClassOf,owl:Thing
rc:PerformanceArt,rdfs:subClassOf,rc:PerformingArtActivity
rc:PerformanceArt,rdfs:subClassOf,owl:Thing
rc:BoxingHeadgear,rdfs:subClassOf,rc:Headgear
rc:BoxingHeadgear,rdfs:subClassOf,owl:Thing
rc:Dolgan,rdfs:subClassOf,rc:EthnicGroupOfTurks
rc:Dolgan,rdfs:subClassOf,owl:Thing
rc:WaterSkiing,rdfs:subClassOf,rc:WaterSurfaceTransportation
rc:WaterSkiing,rdfs:subClassOf,owl:Thing
rc:TuvanPeople,rdfs:subClassOf,rc:EthnicGroupOfTurks
rc:TuvanPeople,rdfs:subClassOf,owl:Thing
rc:Nanotechnology,rdfs:subClassOf,rc:TechnologyByType
rc:Nanotechnology,rdfs:subClassOf,owl:Thing
rc:Dyesebel,rdfs:subClassOf,rc:Mermaid
rc:Dyesebel,rdfs:subClassOf,owl:Thing
rc:OutdoorRecreationArea,rdfs:subClassOf,rc:InertArtifact
rc:OutdoorRecreationArea,rdfs:subClassOf,owl:Thing
rc:WithinGraspableDistance,rdfs:subClassOf,rc:NonNumericScalarQuantity
rc:WithinGraspableDistance,rdfs:subClassOf,owl:Thing
rc:TheoryOfRelativity,rdfs:subClassOf,rc:MathematicalPhysics
rc:TheoryOfRelativity,rdfs:subClassOf,owl:Thing
rc:Missile,rdfs:subClassOf,rc:SelfPoweredProjectile
rc:Missile,rdfs:subClassOf,owl:Thing
rc:HighJumpBar,rdfs:subClassOf,rc:NonPoweredDevice
rc:HighJumpBar,rdfs:subClassOf,owl:Thing
rc:GammaRay,rdfs:subClassOf,rc:ElectromagneticRadiation
rc:GammaRay,rdfs:subClassOf,owl:Thing
rc:Vulnerability,rdfs:subClassOf,rc:NonAspectualQuantity
rc:Vulnerability,rdfs:subClassOf,owl:Thing
rc:Bow_Weapon,rdfs:subClassOf,rc:ProjectileLauncher
rc:Bow_Weapon,rdfs:subClassOf,owl:Thing
rc:Stripper,rdfs:subClassOf,rc:Dancer_Performer
rc:Stripper,rdfs:subClassOf,owl:Thing
rc:EthnicGroupOfKabye,rdfs:subClassOf,rc:EthnicGroupOfAfricans
rc:EthnicGroupOfKabye,rdfs:subClassOf,owl:Thing
rc:ElectronicComponent,rdfs:subClassOf,rc:ElectronicDevice
rc:ElectronicComponent,rdfs:subClassOf,owl:Thing
rc:MissileSilo,rdfs:subClassOf,rc:StorageConstruct
rc:MissileSilo,rdfs:subClassOf,owl:Thing
rc:BigThePerhapanauts,rdfs:subClassOf,rc:FictionalCharacter
rc:BigThePerhapanauts,rdfs:subClassOf,owl:Thing
rc:CalciumHydroxide,rdfs:subClassOf,rc:InorganicSalt
rc:CalciumHydroxide,rdfs:subClassOf,owl:Thing
rc:Invisibility,rdfs:subClassOf,rc:SensoryQuantity
rc:Invisibility,rdfs:subClassOf,owl:Thing
rc:EthnicGroupOfSindhis,rdfs:subClassOf,rc:EthnicGroupOfPakistanis
rc:EthnicGroupOfSindhis,rdfs:subClassOf,owl:Thing
rc:BengaliWriting,rdfs:subClassOf,rc:WritingSystem
rc:BengaliWriting,rdfs:subClassOf,owl:Thing
rc:Horizon,rdfs:subClassOf,rc:GeographicalDirection
rc:Horizon,rdfs:subClassOf,owl:Thing
rc:MicrowaveOven,rdfs:subClassOf,rc:FoodOrDrinkPreparationDevice
rc:MicrowaveOven,rdfs:subClassOf,rc:Oven
rc:MicrowaveOven,rdfs:subClassOf,owl:Thing
rc:MythologicalPower,rdfs:subClassOf,rc:MythologicalThing
rc:MythologicalPower,rdfs:subClassOf,rc:Paranormal
rc:MythologicalPower,rdfs:subClassOf,owl:Thing
rc:SupplyShock,rdfs:subClassOf,rc:Shortage
rc:SupplyShock,rdfs:subClassOf,owl:Thing
rc:Fossil,rdfs:subClassOf,rc:GeologyEarthScience
rc:Fossil,rdfs:subClassOf,owl:Thing
rc:AppointmentCard,rdfs:subClassOf,rc:Form_StandardizedIBO
rc:AppointmentCard,rdfs:subClassOf,owl:Thing
rc:AstronomyProject,rdfs:subClassOf,rc:Astronomy
rc:AstronomyProject,rdfs:subClassOf,owl:Thing
rc:Spinor,rdfs:subClassOf,rc:MathematicalPhysics
rc:Spinor,rdfs:subClassOf,owl:Thing
rc:IndianPeople,rdfs:subClassOf,rc:EthnicGroupOfAsians
rc:IndianPeople,rdfs:subClassOf,owl:Thing
rc:TelephoneSystem,rdfs:subClassOf,rc:BusinessMachine
rc:TelephoneSystem,rdfs:subClassOf,rc:ElectronicDevice
rc:TelephoneSystem,rdfs:subClassOf,owl:Thing
rc:Frequency,rdfs:subClassOf,rc:Rate
rc:Frequency,rdfs:subClassOf,rc:TwoDimensionalQuantity
rc:Frequency,rdfs:subClassOf,owl:Thing
rc:NonElectricalLightingDevice,rdfs:subClassOf,rc:Lighting
rc:NonElectricalLightingDevice,rdfs:subClassOf,owl:Thing
rc:TraditionalistSchool,rdfs:subClassOf,rc:Traditional
rc:TraditionalistSchool,rdfs:subClassOf,owl:Thing
rc:OffshoreOilPlatform,rdfs:subClassOf,rc:OilFieldEquipment
rc:OffshoreOilPlatform,rdfs:subClassOf,owl:Thing
rc:QueenElizabethTheQueenMother,rdfs:subClassOf,rc:Queen_HeadOfState
rc:QueenElizabethTheQueenMother,rdfs:subClassOf,owl:Thing
rc:Router_CarpentryTool,rdfs:subClassOf,rc:CuttingDevice
rc:Router_CarpentryTool,rdfs:subClassOf,rc:ElectricalTool
rc:Router_CarpentryTool,rdfs:subClassOf,owl:Thing
rc:BrandNameMeat,rdfs:subClassOf,rc:ProductTypeByBrand
rc:BrandNameMeat,rdfs:subClassOf,owl:Thing
rc:FinancialObligation,rdfs:subClassOf,rc:Obligation
rc:FinancialObligation,rdfs:subClassOf,owl:Thing
rc:EthnicGroupOfMazandarani,rdfs:subClassOf,rc:EthnicGroupOfMiddleEasterners
rc:EthnicGroupOfMazandarani,rdfs:subClassOf,owl:Thing
rc:HorsebackRiding,rdfs:subClassOf,rc:Ride
rc:HorsebackRiding,rdfs:subClassOf,owl:Thing
rc:SasanianArchitecture,rdfs:subClassOf,rc:ArchitecturalTypeByStyle
rc:SasanianArchitecture,rdfs:subClassOf,owl:Thing
rc:Padded,rdfs:subClassOf,rc:NonAspectualQuantity
rc:Padded,rdfs:subClassOf,owl:Thing
rc:Toxicity,rdfs:subClassOf,rc:BiologicalQuantity
rc:Toxicity,rdfs:subClassOf,rc:TangiblePhysicalQuantity
rc:Toxicity,rdfs:subClassOf,rc:TotallyOrderedQuantityType
rc:Toxicity,rdfs:subClassOf,owl:Thing
rc:Zeus,rdfs:subClassOf,rc:MythologicalGod
rc:Zeus,rdfs:subClassOf,owl:Thing
rc:MoneyClip,rdfs:subClassOf,rc:PersonalDevice
rc:MoneyClip,rdfs:subClassOf,owl:Thing
rc:MedievalArchitecture,rdfs:subClassOf,rc:ArchitecturalTypeByStyle
rc:MedievalArchitecture,rdfs:subClassOf,owl:Thing
rc:RandomizedAlgorithm,rdfs:subClassOf,rc:RandomFrequency
rc:RandomizedAlgorithm,rdfs:subClassOf,owl:Thing
rc:AfghanTajikPeople,rdfs:subClassOf,rc:EthnicGroupOfPersians
rc:AfghanTajikPeople,rdfs:subClassOf,owl:Thing
rc:Toilet,rdfs:subClassOf,rc:HumanWasteConversionDevice
rc:Toilet,rdfs:subClassOf,owl:Thing
rc:SovietDiaspora,rdfs:subClassOf,rc:Diaspora
rc:SovietDiaspora,rdfs:subClassOf,owl:Thing
rc:SpecifiedTest,rdfs:subClassOf,rc:NonfictionalPCW
rc:SpecifiedTest,rdfs:subClassOf,rc:TextualPCW
rc:SpecifiedTest,rdfs:subClassOf,owl:Thing
rc:Parody,rdfs:subClassOf,rc:FollowOnWork
rc:Parody,rdfs:subClassOf,rc:Satire
rc:Parody,rdfs:subClassOf,owl:Thing
rc:MathematicalObject,rdfs:subClassOf,rc:MathematicalThing
rc:MathematicalObject,rdfs:subClassOf,owl:Thing
rc:ProtectedInformation,rdfs:subClassOf,rc:LimitedAccess
rc:ProtectedInformation,rdfs:subClassOf,owl:Thing
rc:BayesVariable,rdfs:subClassOf,rc:Parameter
rc:BayesVariable,rdfs:subClassOf,owl:Thing
rc:RootFindingAlgorithm,rdfs:subClassOf,rc:Algorithm
rc:RootFindingAlgorithm,rdfs:subClassOf,owl:Thing
rc:Janus_TheGod,rdfs:subClassOf,rc:MythologicalGod
rc:Janus_TheGod,rdfs:subClassOf,owl:Thing
rc:ArtDecoArchitecturalStyle,rdfs:subClassOf,rc:ArchitecturalTypeByStyle
rc:ArtDecoArchitecturalStyle,rdfs:subClassOf,owl:Thing
rc:Plywood,rdfs:subClassOf,rc:DeviceWithNoMovingParts
rc:Plywood,rdfs:subClassOf,owl:Thing
rc:Propeller,rdfs:subClassOf,rc:KineticEnergyPoweredDevice
rc:Propeller,rdfs:subClassOf,rc:MechanicalDevice
rc:Propeller,rdfs:subClassOf,owl:Thing
rc:GasFireplace,rdfs:subClassOf,rc:NaturalGasPoweredDevice
rc:GasFireplace,rdfs:subClassOf,owl:Thing
rc:MarineBiology,rdfs:subClassOf,rc:Biology
rc:MarineBiology,rdfs:subClassOf,owl:Thing
rc:AirConditioner,rdfs:subClassOf,rc:MechanicalDevice
rc:AirConditioner,rdfs:subClassOf,owl:Thing
rc:WindowAirConditioner,rdfs:subClassOf,rc:AirConditioner
rc:WindowAirConditioner,rdfs:subClassOf,rc:DomesticPortableAirConditioner
rc:WindowAirConditioner,rdfs:subClassOf,owl:Thing
rc:KingAlfonsoXIII,rdfs:subClassOf,rc:King_HeadOfState
rc:KingAlfonsoXIII,rdfs:subClassOf,owl:Thing
rc:Goblin,rdfs:subClassOf,rc:MythologicalCreature
rc:Goblin,rdfs:subClassOf,owl:Thing
rc:Surfboard,rdfs:subClassOf,rc:Device_SingleUser
rc:Surfboard,rdfs:subClassOf,rc:Device_UserControlled
rc:Surfboard,rdfs:subClassOf,rc:WaterPoweredDevice
rc:Surfboard,rdfs:subClassOf,owl:Thing
rc:PaperWrapping,rdfs:subClassOf,rc:Wrapper
rc:PaperWrapping,rdfs:subClassOf,owl:Thing
rc:DorsalDirection,rdfs:subClassOf,rc:AnatomicalDirection
rc:DorsalDirection,rdfs:subClassOf,owl:Thing
rc:RadioFrequencyPropagation,rdfs:subClassOf,rc:ElectromagneticRadiation
rc:RadioFrequencyPropagation,rdfs:subClassOf,owl:Thing
rc:Dzongs,rdfs:subClassOf,rc:ArchitecturalTypeByStyle
rc:Dzongs,rdfs:subClassOf,owl:Thing
rc:ConfidentialInformation,rdfs:subClassOf,rc:LimitedAccess
rc:ConfidentialInformation,rdfs:subClassOf,owl:Thing
rc:RandomTextGeneration,rdfs:subClassOf,rc:RandomFrequency
rc:RandomTextGeneration,rdfs:subClassOf,owl:Thing
rc:Submarine,rdfs:subClassOf,rc:Container_PressureBarrier
rc:Submarine,rdfs:subClassOf,owl:Thing
rc:Stratigraphy,rdfs:subClassOf,rc:Geology
rc:Stratigraphy,rdfs:subClassOf,owl:Thing
rc:HazardScale,rdfs:subClassOf,rc:RiskManagement
rc:HazardScale,rdfs:subClassOf,owl:Thing
rc:EthnicGroupOfMende,rdfs:subClassOf,rc:EthnicGroupOfAfricans
rc:EthnicGroupOfMende,rdfs:subClassOf,owl:Thing
rc:ClarinetPlayer,rdfs:subClassOf,rc:MusicalInstrumentPlayer
rc:ClarinetPlayer,rdfs:subClassOf,owl:Thing
rc:Tabernacle_ReligiousObject,rdfs:subClassOf,rc:ReligiousObject
rc:Tabernacle_ReligiousObject,rdfs:subClassOf,rc:ReligiousSupply
rc:Tabernacle_ReligiousObject,rdfs:subClassOf,owl:Thing
rc:Crucifix_ChristianSymbol,rdfs:subClassOf,rc:ReligiousObject
rc:Crucifix_ChristianSymbol,rdfs:subClassOf,rc:ReligiousSymbol
rc:Crucifix_ChristianSymbol,rdfs:subClassOf,owl:Thing
rc:LatvianJew,rdfs:subClassOf,rc:AshkenaziJews
rc:LatvianJew,rdfs:subClassOf,owl:Thing
rc:Eurostar,rdfs:subClassOf,rc:Train
rc:Eurostar,rdfs:subClassOf,owl:Thing
rc:Palette_Pad,rdfs:subClassOf,rc:Palette
rc:Palette_Pad,rdfs:subClassOf,owl:Thing
rc:Bodypainting,rdfs:subClassOf,rc:ArtPaintingMaterialApplicator
rc:Bodypainting,rdfs:subClassOf,owl:Thing
rc:Connector,rdfs:subClassOf,rc:InstrumentalArtifact
rc:Connector,rdfs:subClassOf,rc:NonPoweredDevice
rc:Connector,rdfs:subClassOf,owl:Thing
rc:Premier,rdfs:subClassOf,rc:Premier_HeadOfState
rc:Premier,rdfs:subClassOf,owl:Thing
rc:MythologicalCharacter,rdfs:subClassOf,rc:FictionalCharacter
rc:MythologicalCharacter,rdfs:subClassOf,rc:MythologicalThing
rc:MythologicalCharacter,rdfs:subClassOf,owl:Thing
rc:Pillowcase,rdfs:subClassOf,rc:Bag
rc:Pillowcase,rdfs:subClassOf,owl:Thing
rc:Caper_Plant,rdfs:subClassOf,rc:Capparaceae
rc:Caper_Plant,rdfs:subClassOf,owl:Thing
rc:Halo_Symbolic,rdfs:subClassOf,rc:VisibleLight
rc:Halo_Symbolic,rdfs:subClassOf,owl:Thing
rc:MasaiPerson,rdfs:subClassOf,rc:TribeMember
rc:MasaiPerson,rdfs:subClassOf,owl:Thing
rc:BloodTypeO,rdfs:subClassOf,rc:BloodType
rc:BloodTypeO,rdfs:subClassOf,owl:Thing
rc:Excavator_Vehicle,rdfs:subClassOf,rc:Device_SingleUser
rc:Excavator_Vehicle,rdfs:subClassOf,rc:SinglePurposeDevice
rc:Excavator_Vehicle,rdfs:subClassOf,owl:Thing
rc:Anchorwoman,rdfs:subClassOf,rc:FemaleHuman
rc:Anchorwoman,rdfs:subClassOf,owl:Thing
rc:Hephaestus_TheGod,rdfs:subClassOf,rc:MythologicalGod
rc:Hephaestus_TheGod,rdfs:subClassOf,owl:Thing
rc:AngolanKongoPeople,rdfs:subClassOf,rc:EthnicGroupOfBakongo
rc:AngolanKongoPeople,rdfs:subClassOf,owl:Thing
rc:KuwaitiArchitecture,rdfs:subClassOf,rc:ArchitecturalTypeByStyle
rc:KuwaitiArchitecture,rdfs:subClassOf,owl:Thing
rc:Cooler_Container,rdfs:subClassOf,rc:ContainerArtifact
rc:Cooler_Container,rdfs:subClassOf,owl:Thing
rc:Entry,rdfs:subClassOf,rc:List
rc:Entry,rdfs:subClassOf,owl:Thing
rc:Money_DevisedPractice,rdfs:subClassOf,rc:DevisedPracticeOrWork
rc:Money_DevisedPractice,rdfs:subClassOf,owl:Thing
rc:ClothingTypeByStyle,rdfs:subClassOf,rc:StyleAttribute
rc:ClothingTypeByStyle,rdfs:subClassOf,owl:Thing
rc:Flaw,rdfs:subClassOf,rc:Shortage
rc:Flaw,rdfs:subClassOf,owl:Thing
rc:ElectricalHeater,rdfs:subClassOf,rc:ElectricalDevice
rc:ElectricalHeater,rdfs:subClassOf,rc:HeatingDevice
rc:ElectricalHeater,rdfs:subClassOf,owl:Thing
rc:EngineCompartment,rdfs:subClassOf,rc:StorageConstruct
rc:EngineCompartment,rdfs:subClassOf,owl:Thing
rc:SatelliteNavigationSystem,rdfs:subClassOf,rc:Geodesy
rc:SatelliteNavigationSystem,rdfs:subClassOf,rc:Geomatics
rc:SatelliteNavigationSystem,rdfs:subClassOf,owl:Thing
rc:PublicationStyleSpecification,rdfs:subClassOf,rc:NormativeSpecification
rc:PublicationStyleSpecification,rdfs:subClassOf,owl:Thing
kko:Methodeutic,rdfs:subClassOf,kko:Systems
kko:Methodeutic,rdfs:subClassOf,owl:Thing
rc:FloorCovering,rdfs:subClassOf,rc:DeviceWithNoMovingParts
rc:FloorCovering,rdfs:subClassOf,owl:Thing
rc:FictionalDog,rdfs:subClassOf,rc:FictionalAnimal
rc:FictionalDog,rdfs:subClassOf,owl:Thing
rc:Microwave_XBand,rdfs:subClassOf,rc:MicrowaveRadiation
rc:Microwave_XBand,rdfs:subClassOf,owl:Thing
rc:PopularMusicStar,rdfs:subClassOf,rc:Celebrity_Entertainment
rc:PopularMusicStar,rdfs:subClassOf,owl:Thing
rc:ElectricFireplace,rdfs:subClassOf,rc:AirHeatingDevice
rc:ElectricFireplace,rdfs:subClassOf,rc:ElectricalHeater
rc:ElectricFireplace,rdfs:subClassOf,owl:Thing
rc:MartialArtsRanking,rdfs:subClassOf,rc:SportsRanking
rc:MartialArtsRanking,rdfs:subClassOf,owl:Thing
rc:HumanTypeByHairstyle,rdfs:subClassOf,rc:Hairstyle
rc:HumanTypeByHairstyle,rdfs:subClassOf,rc:PersonalQuantity
rc:HumanTypeByHairstyle,rdfs:subClassOf,owl:Thing
rc:BeanNighe,rdfs:subClassOf,rc:Fairy
rc:BeanNighe,rdfs:subClassOf,owl:Thing
rc:Acrobat,rdfs:subClassOf,rc:Artist_Performer
rc:Acrobat,rdfs:subClassOf,owl:Thing
rc:HydrogenCyanide,rdfs:subClassOf,rc:BloodAgentStuff
rc:HydrogenCyanide,rdfs:subClassOf,rc:Cyanide
rc:HydrogenCyanide,rdfs:subClassOf,rc:InorganicGas
rc:HydrogenCyanide,rdfs:subClassOf,owl:Thing
rc:GreenAlgae,rdfs:subClassOf,rc:Chlorophytopsida
rc:GreenAlgae,rdfs:subClassOf,owl:Thing
rc:Red_HairColor,rdfs:subClassOf,rc:HumanHairColor
rc:Red_HairColor,rdfs:subClassOf,owl:Thing
rc:ClassicalOracle,rdfs:subClassOf,rc:Divination
rc:ClassicalOracle,rdfs:subClassOf,owl:Thing
rc:RoboticArm,rdfs:subClassOf,rc:ElectronicDevice
rc:RoboticArm,rdfs:subClassOf,rc:MechanicalDevice
rc:RoboticArm,rdfs:subClassOf,owl:Thing
rc:VisualInformationBearingThing,rdfs:subClassOf,rc:IBTWithVisualElements
rc:VisualInformationBearingThing,rdfs:subClassOf,rc:IconicInformation
rc:VisualInformationBearingThing,rdfs:subClassOf,owl:Thing
rc:EthnicGroupOfAlemannics,rdfs:subClassOf,rc:EthnicGroupOfGermans
rc:EthnicGroupOfAlemannics,rdfs:subClassOf,owl:Thing
rc:Seat_Drivers,rdfs:subClassOf,rc:SeatingDevice
rc:Seat_Drivers,rdfs:subClassOf,owl:Thing
rc:ComputerTypeByBrand,rdfs:subClassOf,rc:ProductTypeByBrand
rc:ComputerTypeByBrand,rdfs:subClassOf,owl:Thing
rc:EthnicGroupOfBalinese,rdfs:subClassOf,rc:EthnicGroupOfIndonesians
rc:EthnicGroupOfBalinese,rdfs:subClassOf,rc:EthnicGroupOfMalays
rc:EthnicGroupOfBalinese,rdfs:subClassOf,owl:Thing
rc:MunicipalFacility,rdfs:subClassOf,rc:PublicBuildingStructure
rc:MunicipalFacility,rdfs:subClassOf,owl:Thing
rc:ChildrensProductMarketCategory,rdfs:subClassOf,rc:ProductTypeByMarketCategory
rc:ChildrensProductMarketCategory,rdfs:subClassOf,owl:Thing
rc:ProgramSpecification,rdfs:subClassOf,rc:Specification
rc:ProgramSpecification,rdfs:subClassOf,owl:Thing
rc:BlueberryBush,rdfs:subClassOf,rc:Ericaceae
rc:BlueberryBush,rdfs:subClassOf,owl:Thing
rc:MythologicalHero,rdfs:subClassOf,rc:FictionalCharacter
rc:MythologicalHero,rdfs:subClassOf,rc:MythologicalThing
rc:MythologicalHero,rdfs:subClassOf,owl:Thing
rc:FumonisinB2,rdfs:subClassOf,rc:Mycotoxin
rc:FumonisinB2,rdfs:subClassOf,owl:Thing
rc:EthnicGroupOfPapuans,rdfs:subClassOf,rc:EthnicGroupOfMelanesians
rc:EthnicGroupOfPapuans,rdfs:subClassOf,owl:Thing
rc:SamiDiaspora,rdfs:subClassOf,rc:Diaspora
rc:SamiDiaspora,rdfs:subClassOf,rc:EthnicGroupOfLapps
rc:SamiDiaspora,rdfs:subClassOf,owl:Thing
rc:IntelligenceQuotient,rdfs:subClassOf,rc:IntelligenceLevel
rc:IntelligenceQuotient,rdfs:subClassOf,rc:NonAspectualQuantity
rc:IntelligenceQuotient,rdfs:subClassOf,owl:Thing
rc:Crunch,rdfs:subClassOf,rc:Shortage
rc:Crunch,rdfs:subClassOf,owl:Thing
rc:PublicPolicy,rdfs:subClassOf,rc:Policy
rc:PublicPolicy,rdfs:subClassOf,owl:Thing
rc:EconomicPolicy,rdfs:subClassOf,rc:Macroeconomics
rc:EconomicPolicy,rdfs:subClassOf,rc:PublicPolicy
rc:EconomicPolicy,rdfs:subClassOf,owl:Thing
rc:EPIC_FinancialIDString,rdfs:subClassOf,rc:IDString
rc:EPIC_FinancialIDString,rdfs:subClassOf,owl:Thing
rc:Murky,rdfs:subClassOf,rc:WaterQuality
rc:Murky,rdfs:subClassOf,rc:WeatherQuantity
rc:Murky,rdfs:subClassOf,owl:Thing
rc:SriLankanMoor,rdfs:subClassOf,rc:EthnicGroupOfMoors
rc:SriLankanMoor,rdfs:subClassOf,owl:Thing
rc:CovalentLinking,rdfs:subClassOf,rc:ChemicalBonding
rc:CovalentLinking,rdfs:subClassOf,owl:Thing
rc:Nest,rdfs:subClassOf,rc:Artifact_AnimalCreated
rc:Nest,rdfs:subClassOf,owl:Thing
rc:Airwaves,rdfs:subClassOf,rc:ElectromagneticRadiation
rc:Airwaves,rdfs:subClassOf,owl:Thing
rc:FantasyTrope,rdfs:subClassOf,rc:Fantasy
rc:FantasyTrope,rdfs:subClassOf,owl:Thing
rc:VideoHardware,rdfs:subClassOf,rc:ElectronicDevice
rc:VideoHardware,rdfs:subClassOf,owl:Thing
rc:WrittenRecord,rdfs:subClassOf,rc:Record
rc:WrittenRecord,rdfs:subClassOf,owl:Thing
kko:Systems,rdfs:subClassOf,kko:Symbolic
kko:Systems,rdfs:subClassOf,owl:Thing
rc:PolygonSet,rdfs:subClassOf,rc:Set_Mathematical
rc:PolygonSet,rdfs:subClassOf,owl:Thing
rc:PhilosophicalConcept,rdfs:subClassOf,rc:Concept
rc:PhilosophicalConcept,rdfs:subClassOf,owl:Thing
rc:Viscountess,rdfs:subClassOf,rc:FemaleHuman
rc:Viscountess,rdfs:subClassOf,owl:Thing
rc:HumanitarianAssistance,rdfs:subClassOf,rc:InterAgentSupportQuantity
rc:HumanitarianAssistance,rdfs:subClassOf,owl:Thing
rc:TableSaw,rdfs:subClassOf,rc:ElectricalTool
rc:TableSaw,rdfs:subClassOf,owl:Thing
rc:Cooktop_Device,rdfs:subClassOf,rc:HeatingDevice
rc:Cooktop_Device,rdfs:subClassOf,owl:Thing
rc:ShellForCasting,rdfs:subClassOf,rc:ContainerArtifact
rc:ShellForCasting,rdfs:subClassOf,rc:ShellMoldCastingAssembly
rc:ShellForCasting,rdfs:subClassOf,owl:Thing
rc:FinanciallySolvent,rdfs:subClassOf,rc:EconomicalQuantity
rc:FinanciallySolvent,rdfs:subClassOf,owl:Thing
rc:MarketingActivity,rdfs:subClassOf,rc:SalesBusinessPromotionActivity
rc:MarketingActivity,rdfs:subClassOf,owl:Thing
rc:EthnicGroupOfUkrainians,rdfs:subClassOf,rc:EthnicGroupOfSlavs
rc:EthnicGroupOfUkrainians,rdfs:subClassOf,owl:Thing
rc:ExaminingTable,rdfs:subClassOf,rc:MedicalDevice
rc:ExaminingTable,rdfs:subClassOf,rc:Table_PieceOfFurniture
rc:ExaminingTable,rdfs:subClassOf,owl:Thing
rc:SkiPole,rdfs:subClassOf,rc:Device_UserControlled
rc:SkiPole,rdfs:subClassOf,owl:Thing
rc:Sunlight,rdfs:subClassOf,rc:SolarRadiation
rc:Sunlight,rdfs:subClassOf,rc:VisibleLight
rc:Sunlight,rdfs:subClassOf,owl:Thing
rc:Dike,rdfs:subClassOf,rc:FlowControlDevice
rc:Dike,rdfs:subClassOf,owl:Thing
rc:Telegraph,rdfs:subClassOf,rc:CommunicationDevice
rc:Telegraph,rdfs:subClassOf,owl:Thing
rc:MP4File,rdfs:subClassOf,rc:ComputerSoundFile
rc:MP4File,rdfs:subClassOf,owl:Thing
rc:Damp,rdfs:subClassOf,rc:NonNumericScalarQuantity
rc:Damp,rdfs:subClassOf,rc:Wetness
rc:Damp,rdfs:subClassOf,owl:Thing
rc:ResidentialBuilding,rdfs:subClassOf,rc:Building
rc:ResidentialBuilding,rdfs:subClassOf,rc:HumanResidence
rc:ResidentialBuilding,rdfs:subClassOf,rc:ResidentialHome
rc:ResidentialBuilding,rdfs:subClassOf,owl:Thing
rc:BloodType,rdfs:subClassOf,rc:BiologicalQuantity
rc:BloodType,rdfs:subClassOf,owl:Thing
rc:ResponsiveWebDesign,rdfs:subClassOf,rc:Design
rc:ResponsiveWebDesign,rdfs:subClassOf,owl:Thing
rc:RenewableResource,rdfs:subClassOf,rc:Sustainability
rc:RenewableResource,rdfs:subClassOf,owl:Thing
rc:Spring,rdfs:subClassOf,rc:KineticEnergyPoweredDevice
rc:Spring,rdfs:subClassOf,owl:Thing
rc:MeasurableQuantity,rdfs:subClassOf,rc:ScalarQuantity
rc:MeasurableQuantity,rdfs:subClassOf,owl:Thing
rc:SugarcanePlant,rdfs:subClassOf,rc:Saccharum
rc:SugarcanePlant,rdfs:subClassOf,owl:Thing
rc:DataCollection,rdfs:subClassOf,rc:Statistics
rc:DataCollection,rdfs:subClassOf,owl:Thing
rc:KurdsInIran,rdfs:subClassOf,rc:EthnicGroupOfKurds
rc:KurdsInIran,rdfs:subClassOf,owl:Thing
rc:ArabicWritingSystem,rdfs:subClassOf,rc:WritingSystem
rc:ArabicWritingSystem,rdfs:subClassOf,owl:Thing
rc:CassetteDeck,rdfs:subClassOf,rc:AudioPresentationComposingEquipment
rc:CassetteDeck,rdfs:subClassOf,rc:AudioTapePlayer_Recorder
rc:CassetteDeck,rdfs:subClassOf,owl:Thing
rc:Implement,rdfs:subClassOf,rc:InstrumentalArtifact
rc:Implement,rdfs:subClassOf,owl:Thing
rc:Comedian,rdfs:subClassOf,rc:Artist_Performer
rc:Comedian,rdfs:subClassOf,owl:Thing
rc:TurnipPlant,rdfs:subClassOf,rc:Brassicaceae
rc:TurnipPlant,rdfs:subClassOf,owl:Thing
rc:ComputerHardware,rdfs:subClassOf,rc:ComputerAsSystem
rc:ComputerHardware,rdfs:subClassOf,rc:ComputerHardwareMarketCategory
rc:ComputerHardware,rdfs:subClassOf,rc:ElectricalDevice
rc:ComputerHardware,rdfs:subClassOf,owl:Thing
rc:Alto_Singer,rdfs:subClassOf,rc:FemaleHuman
rc:Alto_Singer,rdfs:subClassOf,rc:Singer
rc:Alto_Singer,rdfs:subClassOf,owl:Thing
rc:EthnicGroupOfMacedonians,rdfs:subClassOf,rc:EthnicGroupOfSlavs
rc:EthnicGroupOfMacedonians,rdfs:subClassOf,owl:Thing
rc:EthnicGroupOfBanda,rdfs:subClassOf,rc:EthnicGroupOfAfricans
rc:EthnicGroupOfBanda,rdfs:subClassOf,owl:Thing
rc:Dictator_HeadOfGovernment,rdfs:subClassOf,rc:HeadOfGovernment
rc:Dictator_HeadOfGovernment,rdfs:subClassOf,owl:Thing
rc:ClassicMovie,rdfs:subClassOf,rc:PropositionalConceptualWork_ClassicGenre
rc:ClassicMovie,rdfs:subClassOf,owl:Thing
rc:TransitCenter,rdfs:subClassOf,rc:MassTransitSystem
rc:TransitCenter,rdfs:subClassOf,owl:Thing
rc:MayaArchitecture,rdfs:subClassOf,rc:ArchitecturalTypeByStyle
rc:MayaArchitecture,rdfs:subClassOf,owl:Thing
rc:NoTaste,rdfs:subClassOf,rc:ObjectTypeByTaste
rc:NoTaste,rdfs:subClassOf,owl:Thing
rc:Diphenylchloroarsine,rdfs:subClassOf,rc:NoOdor
rc:Diphenylchloroarsine,rdfs:subClassOf,owl:Thing
rc:BaroqueArchitecturalStyle,rdfs:subClassOf,rc:ArchitecturalTypeByStyle
rc:BaroqueArchitecturalStyle,rdfs:subClassOf,owl:Thing
rc:VisualMotif,rdfs:subClassOf,rc:StyleAttribute
rc:VisualMotif,rdfs:subClassOf,owl:Thing
rc:PassengerRailTransport,rdfs:subClassOf,rc:RailTransport
rc:PassengerRailTransport,rdfs:subClassOf,owl:Thing
rc:JewelryBox,rdfs:subClassOf,rc:Organizer
rc:JewelryBox,rdfs:subClassOf,rc:StorageConstruct
rc:JewelryBox,rdfs:subClassOf,owl:Thing
rc:Freeware,rdfs:subClassOf,rc:FreeThing
rc:Freeware,rdfs:subClassOf,owl:Thing
rc:ElectrochemicalEquation,rdfs:subClassOf,rc:ChemicalReactionTypeByEquationFormula
rc:ElectrochemicalEquation,rdfs:subClassOf,owl:Thing
rc:MathematicalMethodsInGeneralRelativity,rdfs:subClassOf,rc:MathematicalMethod
rc:MathematicalMethodsInGeneralRelativity,rdfs:subClassOf,owl:Thing
rc:Asterix_FictionalCharacter,rdfs:subClassOf,rc:FictionalCharacter
rc:Asterix_FictionalCharacter,rdfs:subClassOf,owl:Thing
rc:SystemsThinking,rdfs:subClassOf,rc:Management
rc:SystemsThinking,rdfs:subClassOf,rc:Thinking
rc:SystemsThinking,rdfs:subClassOf,owl:Thing
rc:Energy_Renewable,rdfs:subClassOf,rc:RenewableResource
rc:Energy_Renewable,rdfs:subClassOf,owl:Thing
rc:BodyBrush,rdfs:subClassOf,rc:CleaningDevice
rc:BodyBrush,rdfs:subClassOf,owl:Thing
rc:PublicInformation,rdfs:subClassOf,rc:OpenAccess
rc:PublicInformation,rdfs:subClassOf,owl:Thing
rc:FictionalCountry,rdfs:subClassOf,rc:FictionalPlace
rc:FictionalCountry,rdfs:subClassOf,owl:Thing
rc:BudgetDescriptionDocument,rdfs:subClassOf,rc:WebPage
rc:BudgetDescriptionDocument,rdfs:subClassOf,owl:Thing
rc:EthnicGroupOfWolof,rdfs:subClassOf,rc:EthnicGroupOfAfricans
rc:EthnicGroupOfWolof,rdfs:subClassOf,owl:Thing
rc:EthnicGroupOfBlacksOfTheUS,rdfs:subClassOf,rc:EthnicGroupOfNewWorldBlacks
rc:EthnicGroupOfBlacksOfTheUS,rdfs:subClassOf,owl:Thing
rc:Epistemology,rdfs:subClassOf,rc:ConceptInLogic
rc:Epistemology,rdfs:subClassOf,owl:Thing
rc:Burlesque,rdfs:subClassOf,rc:PerformingArtActivity
rc:Burlesque,rdfs:subClassOf,rc:PropositionalConceptualWork_MusicalGenre
rc:Burlesque,rdfs:subClassOf,owl:Thing
rc:Morphine,rdfs:subClassOf,rc:BitterTaste
rc:Morphine,rdfs:subClassOf,rc:Opiate
rc:Morphine,rdfs:subClassOf,owl:Thing
rc:Sawmill_ManufacturingFacility,rdfs:subClassOf,rc:AgriculturalProcessingMachinery
rc:Sawmill_ManufacturingFacility,rdfs:subClassOf,owl:Thing
rc:RedLight,rdfs:subClassOf,rc:VisibleLight
rc:RedLight,rdfs:subClassOf,owl:Thing
rc:BlueBook_Pricing,rdfs:subClassOf,rc:ReferenceWork_Structured
rc:BlueBook_Pricing,rdfs:subClassOf,owl:Thing
rc:AudioEquipment,rdfs:subClassOf,rc:ElectronicDevice
rc:AudioEquipment,rdfs:subClassOf,owl:Thing
rc:DynamicSystemsDevelopmentMethod,rdfs:subClassOf,rc:SoftwareDevelopmentProcess_Complete
rc:DynamicSystemsDevelopmentMethod,rdfs:subClassOf,owl:Thing
rc:Kava,rdfs:subClassOf,rc:HerbPlant
rc:Kava,rdfs:subClassOf,rc:Piperales
rc:Kava,rdfs:subClassOf,owl:Thing
rc:ElectricalDevice,rdfs:subClassOf,rc:PoweredDevice
rc:ElectricalDevice,rdfs:subClassOf,owl:Thing
rc:Bookcase,rdfs:subClassOf,rc:NonPoweredDevice
rc:Bookcase,rdfs:subClassOf,rc:StorageConstruct
rc:Bookcase,rdfs:subClassOf,owl:Thing
rc:BankSpace,rdfs:subClassOf,rc:MultiRoomUnit
rc:BankSpace,rdfs:subClassOf,owl:Thing
rc:PhilosophyOfMind,rdfs:subClassOf,rc:PhilosophyByField
rc:PhilosophyOfMind,rdfs:subClassOf,owl:Thing
rc:TransportationPlanning,rdfs:subClassOf,rc:SupplyChainManagement
rc:TransportationPlanning,rdfs:subClassOf,owl:Thing
rc:AcrylicSheet,rdfs:subClassOf,rc:NonPoweredDevice
rc:AcrylicSheet,rdfs:subClassOf,owl:Thing
rc:EthnicGroupOfCatalans,rdfs:subClassOf,rc:EthnicGroupOfEuropeans
rc:EthnicGroupOfCatalans,rdfs:subClassOf,owl:Thing
rc:BrutalistArchitecture,rdfs:subClassOf,rc:ArchitecturalTypeByStyle
rc:BrutalistArchitecture,rdfs:subClassOf,owl:Thing
rc:SpecialUseAirspace,rdfs:subClassOf,rc:LimitedAccess
rc:SpecialUseAirspace,rdfs:subClassOf,owl:Thing
rc:AutomobileBattery,rdfs:subClassOf,rc:AutoPart
rc:AutomobileBattery,rdfs:subClassOf,rc:GeneralAutoMarketCategory
rc:AutomobileBattery,rdfs:subClassOf,owl:Thing
rc:Tape,rdfs:subClassOf,rc:ArtificialMaterial
rc:Tape,rdfs:subClassOf,rc:CordlikeArtifact
rc:Tape,rdfs:subClassOf,rc:NonPoweredDevice
rc:Tape,rdfs:subClassOf,owl:Thing
rc:DrugTrafficking,rdfs:subClassOf,rc:PersonalCareService
rc:DrugTrafficking,rdfs:subClassOf,owl:Thing
rc:EthnicGroupOfCaucasians,rdfs:subClassOf,rc:EthnicGroup
rc:EthnicGroupOfCaucasians,rdfs:subClassOf,owl:Thing
rc:WaxedCardboardCarton,rdfs:subClassOf,rc:Box_Container
rc:WaxedCardboardCarton,rdfs:subClassOf,owl:Thing
rc:SardinianDiaspora,rdfs:subClassOf,rc:Diaspora
rc:SardinianDiaspora,rdfs:subClassOf,owl:Thing
rc:HomosexualFemaleHuman,rdfs:subClassOf,rc:FemaleHuman
rc:HomosexualFemaleHuman,rdfs:subClassOf,rc:HomosexualHuman
rc:HomosexualFemaleHuman,rdfs:subClassOf,owl:Thing
rc:Boom_Arm,rdfs:subClassOf,rc:MechanicalDevice
rc:Boom_Arm,rdfs:subClassOf,owl:Thing
rc:MeasuringSpoon,rdfs:subClassOf,rc:FoodVessel
rc:MeasuringSpoon,rdfs:subClassOf,rc:VolumeMeasuringDevice
rc:MeasuringSpoon,rdfs:subClassOf,owl:Thing
rc:EthnicGroupOfLuhya,rdfs:subClassOf,rc:EthnicGroupOfAfricans
rc:EthnicGroupOfLuhya,rdfs:subClassOf,owl:Thing
rc:ArmenianMen,rdfs:subClassOf,rc:EthnicGroupOfArmenians
rc:ArmenianMen,rdfs:subClassOf,owl:Thing
rc:EthnicGroupOfKaramojong,rdfs:subClassOf,rc:EthnicGroupOfAfricans
rc:EthnicGroupOfKaramojong,rdfs:subClassOf,owl:Thing
rc:Engine,rdfs:subClassOf,rc:MechanicalDevice
rc:Engine,rdfs:subClassOf,owl:Thing
rc:Meteorology,rdfs:subClassOf,rc:AtmosphericScience
rc:Meteorology,rdfs:subClassOf,owl:Thing
rc:FantasyByFranchise,rdfs:subClassOf,rc:Fantasy
rc:FantasyByFranchise,rdfs:subClassOf,owl:Thing
rc:Mime_Actor,rdfs:subClassOf,rc:Actor
rc:Mime_Actor,rdfs:subClassOf,owl:Thing
rc:PowerPlantBuilding,rdfs:subClassOf,rc:ModernShelterConstruction
rc:PowerPlantBuilding,rdfs:subClassOf,owl:Thing
rc:DeliveryReceipt,rdfs:subClassOf,rc:TextualMaterial
rc:DeliveryReceipt,rdfs:subClassOf,owl:Thing
rc:Roentgenium,rdfs:subClassOf,rc:TransuraniumElement
rc:Roentgenium,rdfs:subClassOf,owl:Thing
rc:IndexCard,rdfs:subClassOf,rc:Device_OfficeProduct_Consumable
rc:IndexCard,rdfs:subClassOf,rc:PrintingAndWritingPaper
rc:IndexCard,rdfs:subClassOf,owl:Thing
rc:FunctionalSubgroup,rdfs:subClassOf,rc:Function_Mathematic
rc:FunctionalSubgroup,rdfs:subClassOf,rc:Subordinate
rc:FunctionalSubgroup,rdfs:subClassOf,owl:Thing
rc:PopulationGenetics,rdfs:subClassOf,rc:Genetics
rc:PopulationGenetics,rdfs:subClassOf,rc:PopulationOfType_Organism_Whole
rc:PopulationGenetics,rdfs:subClassOf,owl:Thing
rc:DanceBandLeader,rdfs:subClassOf,rc:MusicalConductor
rc:DanceBandLeader,rdfs:subClassOf,owl:Thing
rc:ConstructionVehicle,rdfs:subClassOf,rc:InternalCombustionPoweredDevice
rc:ConstructionVehicle,rdfs:subClassOf,owl:Thing
rc:DistilledWater,rdfs:subClassOf,rc:ArtificialDrink
rc:DistilledWater,rdfs:subClassOf,owl:Thing
rc:AccountingProgram,rdfs:subClassOf,rc:AccountingEnterpriseResourcePlanningSoftware
rc:AccountingProgram,rdfs:subClassOf,owl:Thing
rc:Wheat_Foodstuff,rdfs:subClassOf,rc:VegetableMatter
rc:Wheat_Foodstuff,rdfs:subClassOf,owl:Thing
rc:EthnicGroupOfMesticos,rdfs:subClassOf,rc:EthnicGroupOfAfricans
rc:EthnicGroupOfMesticos,rdfs:subClassOf,rc:EthnicGroupOfEuropeans
rc:EthnicGroupOfMesticos,rdfs:subClassOf,rc:EthnicGroupOfMixedRace
rc:EthnicGroupOfMesticos,rdfs:subClassOf,owl:Thing
rc:Ballot,rdfs:subClassOf,rc:List_CW
rc:Ballot,rdfs:subClassOf,owl:Thing
rc:Control_Power_Quality,rdfs:subClassOf,rc:Power_Quality
rc:Control_Power_Quality,rdfs:subClassOf,owl:Thing
rc:Garnet_Gem,rdfs:subClassOf,rc:SemiPreciousStone
rc:Garnet_Gem,rdfs:subClassOf,owl:Thing
rc:EthnicGroupOfBengalis,rdfs:subClassOf,rc:EthnicGroupOfAsians
rc:EthnicGroupOfBengalis,rdfs:subClassOf,owl:Thing
rc:InternationalizationAndLocalization,rdfs:subClassOf,rc:SoftwareDesign
rc:InternationalizationAndLocalization,rdfs:subClassOf,owl:Thing
rc:ShavingRazor_Manual,rdfs:subClassOf,rc:Device_UserPowered
rc:ShavingRazor_Manual,rdfs:subClassOf,owl:Thing
rc:Honesty,rdfs:subClassOf,rc:PersonalQuantity
rc:Honesty,rdfs:subClassOf,owl:Thing
rc:VersionControlSystem,rdfs:subClassOf,rc:SoftwareEngineering
rc:VersionControlSystem,rdfs:subClassOf,owl:Thing
rc:WitchBroomstick,rdfs:subClassOf,rc:AirTransportationDevice
rc:WitchBroomstick,rdfs:subClassOf,rc:Broom
rc:WitchBroomstick,rdfs:subClassOf,rc:MythologicalObject
rc:WitchBroomstick,rdfs:subClassOf,owl:Thing
rc:Omnibenevolent,rdfs:subClassOf,rc:SupernaturalBeing
rc:Omnibenevolent,rdfs:subClassOf,owl:Thing
rc:NeutralBuoyancyTraining,rdfs:subClassOf,rc:MilitaryEducationAndTraining
rc:NeutralBuoyancyTraining,rdfs:subClassOf,owl:Thing
rc:BerberTunisian,rdfs:subClassOf,rc:EthnicGroupOfBerbers
rc:BerberTunisian,rdfs:subClassOf,owl:Thing
rc:Presence,rdfs:subClassOf,rc:SocialQuantity
rc:Presence,rdfs:subClassOf,owl:Thing
rc:CensusGroupOfCaucasians,rdfs:subClassOf,rc:EthnicGroup
rc:CensusGroupOfCaucasians,rdfs:subClassOf,owl:Thing
rc:Aquaculture,rdfs:subClassOf,rc:Agriculture
rc:Aquaculture,rdfs:subClassOf,rc:ScientificFieldOfStudy
rc:Aquaculture,rdfs:subClassOf,owl:Thing
rc:HypodermicNeedle,rdfs:subClassOf,rc:Device_OneTimeUse
rc:HypodermicNeedle,rdfs:subClassOf,owl:Thing
rc:CookingRange,rdfs:subClassOf,rc:HeatingDevice
rc:CookingRange,rdfs:subClassOf,owl:Thing
rc:PondScum,rdfs:subClassOf,rc:Desmidiales
rc:PondScum,rdfs:subClassOf,owl:Thing
rc:TakeOff_Flight,rdfs:subClassOf,rc:AirTransportation
rc:TakeOff_Flight,rdfs:subClassOf,owl:Thing
rc:EthnicGroupOfGarifuna,rdfs:subClassOf,rc:EthnicGroupOfMixedRace
rc:EthnicGroupOfGarifuna,rdfs:subClassOf,rc:EthnicGroupOfNewWorldNatives
rc:EthnicGroupOfGarifuna,rdfs:subClassOf,owl:Thing
rc:LexicalItem,rdfs:subClassOf,rc:AbstractInformationStructure
rc:LexicalItem,rdfs:subClassOf,owl:Thing
rc:BridgeDesign,rdfs:subClassOf,rc:StructuralEngineering
rc:BridgeDesign,rdfs:subClassOf,owl:Thing
rc:FemaleHuman,rdfs:subClassOf,rc:PersonTypeByGender
rc:FemaleHuman,rdfs:subClassOf,owl:Thing
rc:MiningDrillingMachinery,rdfs:subClassOf,rc:DurableGood
rc:MiningDrillingMachinery,rdfs:subClassOf,owl:Thing
rc:SwedishBirdwatcher,rdfs:subClassOf,rc:EthnicGroupOfSwedes
rc:SwedishBirdwatcher,rdfs:subClassOf,owl:Thing
rc:InformationManagement,rdfs:subClassOf,rc:InformationSystem
rc:InformationManagement,rdfs:subClassOf,owl:Thing
rc:FictionalDuck,rdfs:subClassOf,rc:FictionalAnimal
rc:FictionalDuck,rdfs:subClassOf,owl:Thing
rc:SubgroupProperty,rdfs:subClassOf,rc:Subordinate
rc:SubgroupProperty,rdfs:subClassOf,owl:Thing
rc:OzoneDepletion,rdfs:subClassOf,rc:EnvironmentalImpact
rc:OzoneDepletion,rdfs:subClassOf,owl:Thing
rc:Heuristics,rdfs:subClassOf,rc:Cognition
rc:Heuristics,rdfs:subClassOf,owl:Thing
rc:BusinessFable,rdfs:subClassOf,rc:Narrative
rc:BusinessFable,rdfs:subClassOf,owl:Thing
rc:FactoryBuilding,rdfs:subClassOf,rc:FactoryBuildingComplex
rc:FactoryBuilding,rdfs:subClassOf,owl:Thing
rc:Unicorn,rdfs:subClassOf,rc:MythologicalCreature
rc:Unicorn,rdfs:subClassOf,owl:Thing
rc:HomovanillicAcid,rdfs:subClassOf,rc:Transferase
rc:HomovanillicAcid,rdfs:subClassOf,owl:Thing
rc:Fermentation,rdfs:subClassOf,rc:CellularRespiration_Aerobic
rc:Fermentation,rdfs:subClassOf,owl:Thing
rc:Bull_MaleHerdAnimal,rdfs:subClassOf,rc:AdultAnimal
rc:Bull_MaleHerdAnimal,rdfs:subClassOf,owl:Thing
rc:Queen_HeadOfGovernment,rdfs:subClassOf,rc:HeadOfGovernment
rc:Queen_HeadOfGovernment,rdfs:subClassOf,rc:Queen_HeadOfState
rc:Queen_HeadOfGovernment,rdfs:subClassOf,owl:Thing
rc:ElectromagneticRadiationTransmission,rdfs:subClassOf,rc:ElectromagneticRadiation
rc:ElectromagneticRadiationTransmission,rdfs:subClassOf,owl:Thing
rc:Ala_Demon,rdfs:subClassOf,rc:MythologicalCreature
rc:Ala_Demon,rdfs:subClassOf,owl:Thing
rc:SurgicalMask,rdfs:subClassOf,rc:WearableMedicalDevice
rc:SurgicalMask,rdfs:subClassOf,owl:Thing
rc:TVLoveStory,rdfs:subClassOf,rc:LoveStory_Generic
rc:TVLoveStory,rdfs:subClassOf,rc:PropositionalConceptualWork_RomanceGenre
rc:TVLoveStory,rdfs:subClassOf,owl:Thing
rc:FictionalOrganization,rdfs:subClassOf,rc:FictionalThing
rc:FictionalOrganization,rdfs:subClassOf,owl:Thing
rc:Severity,rdfs:subClassOf,rc:NonNumericScalarQuantity
rc:Severity,rdfs:subClassOf,rc:Rating
rc:Severity,rdfs:subClassOf,owl:Thing
rc:Natalism,rdfs:subClassOf,rc:Demography
rc:Natalism,rdfs:subClassOf,owl:Thing
rc:SanitaryNapkin,rdfs:subClassOf,rc:Device_OneTimeUse
rc:SanitaryNapkin,rdfs:subClassOf,rc:FeminineHygieneMarketCategory
rc:SanitaryNapkin,rdfs:subClassOf,rc:PersonalHygieneProduct
rc:SanitaryNapkin,rdfs:subClassOf,owl:Thing
rc:Vise,rdfs:subClassOf,rc:MechanicalDevice
rc:Vise,rdfs:subClassOf,owl:Thing
rc:EthnicGroupOfAsians,rdfs:subClassOf,rc:EthnicGroup
rc:EthnicGroupOfAsians,rdfs:subClassOf,owl:Thing
rc:DecontaminationEquipment,rdfs:subClassOf,rc:SupportServicesEquipment
rc:DecontaminationEquipment,rdfs:subClassOf,owl:Thing
rc:MentalQuantity,rdfs:subClassOf,rc:AgentCapacityQuantity
rc:MentalQuantity,rdfs:subClassOf,owl:Thing
rc:CD_RW,rdfs:subClassOf,rc:HardDiskDrive
rc:CD_RW,rdfs:subClassOf,owl:Thing
rc:LivestockStable,rdfs:subClassOf,rc:AnimalContainer
rc:LivestockStable,rdfs:subClassOf,rc:AnimalShelter
rc:LivestockStable,rdfs:subClassOf,rc:ConstructionContainer
rc:LivestockStable,rdfs:subClassOf,owl:Thing
rc:MetropolisComics,rdfs:subClassOf,rc:FictionalPlace
rc:MetropolisComics,rdfs:subClassOf,owl:Thing
rc:SindhiTribe,rdfs:subClassOf,rc:EthnicGroupOfSindhis
rc:SindhiTribe,rdfs:subClassOf,owl:Thing
rc:BloodLeadLevel,rdfs:subClassOf,rc:BiologicalQuantity
rc:BloodLeadLevel,rdfs:subClassOf,owl:Thing
rc:GunBarrel,rdfs:subClassOf,rc:SinglePurposeDevice
rc:GunBarrel,rdfs:subClassOf,owl:Thing
rc:OpenSource,rdfs:subClassOf,rc:IndividualTypeBySecurityStatus
rc:OpenSource,rdfs:subClassOf,owl:Thing
rc:AmericanPeopleOfHausaDescent,rdfs:subClassOf,rc:EthnicGroupOfHausa
rc:AmericanPeopleOfHausaDescent,rdfs:subClassOf,owl:Thing
rc:BiogenicSulfideCorrosion,rdfs:subClassOf,rc:ChemicalReaction
rc:BiogenicSulfideCorrosion,rdfs:subClassOf,owl:Thing
rc:MescaleroApache,rdfs:subClassOf,rc:EthnicGroupOfApaches
rc:MescaleroApache,rdfs:subClassOf,owl:Thing
rc:TelegramCopy,rdfs:subClassOf,rc:HumanAccessibleIBT
rc:TelegramCopy,rdfs:subClassOf,owl:Thing
rc:EpidemiologyOfPsychiatricCondition,rdfs:subClassOf,rc:Epidemiology
rc:EpidemiologyOfPsychiatricCondition,rdfs:subClassOf,owl:Thing
rc:OpticalComputerStorageDevice,rdfs:subClassOf,rc:OpticalDevice
rc:OpticalComputerStorageDevice,rdfs:subClassOf,owl:Thing
rc:ComputerMemoryCapacity,rdfs:subClassOf,rc:ComputerQuantity
rc:ComputerMemoryCapacity,rdfs:subClassOf,rc:MultiDimensionalQuantity
rc:ComputerMemoryCapacity,rdfs:subClassOf,owl:Thing
rc:Spore_PlantLifeStage,rdfs:subClassOf,rc:Haplodiplont
rc:Spore_PlantLifeStage,rdfs:subClassOf,owl:Thing
rc:AudioCassette,rdfs:subClassOf,rc:HomeElectronicsMarketCategory
rc:AudioCassette,rdfs:subClassOf,owl:Thing
rc:AutoPowerSunRoof,rdfs:subClassOf,rc:AutomobileSunRoof
rc:AutoPowerSunRoof,rdfs:subClassOf,rc:AutomotiveDevice
rc:AutoPowerSunRoof,rdfs:subClassOf,rc:MechanicalAutoPart
rc:AutoPowerSunRoof,rdfs:subClassOf,owl:Thing
rc:FileFolder,rdfs:subClassOf,rc:StorageConstruct
rc:FileFolder,rdfs:subClassOf,owl:Thing
rc:FoodAndDrink_Topic,rdfs:subClassOf,rc:FoodOrDrink
rc:FoodAndDrink_Topic,rdfs:subClassOf,owl:Thing
rc:OrganicElectronics,rdfs:subClassOf,rc:ElectronicDevice
rc:OrganicElectronics,rdfs:subClassOf,owl:Thing
rc:OfficialDocument,rdfs:subClassOf,rc:Document
rc:OfficialDocument,rdfs:subClassOf,owl:Thing
rc:Transformer_Electric,rdfs:subClassOf,rc:TwoTerminalElectricalDevice
rc:Transformer_Electric,rdfs:subClassOf,owl:Thing
rc:Cow,rdfs:subClassOf,rc:Cow_FemaleHerdAnimal
rc:Cow,rdfs:subClassOf,owl:Thing
rc:Oven,rdfs:subClassOf,rc:HeatingDevice
rc:Oven,rdfs:subClassOf,owl:Thing
rc:FijianWomen,rdfs:subClassOf,rc:EthnicGroupOfFijians
rc:FijianWomen,rdfs:subClassOf,owl:Thing
rc:Shell_AnimalBodyPart,rdfs:subClassOf,rc:Collectible
rc:Shell_AnimalBodyPart,rdfs:subClassOf,rc:ProtectiveSystem
rc:Shell_AnimalBodyPart,rdfs:subClassOf,owl:Thing
rc:Vision,rdfs:subClassOf,rc:Light
rc:Vision,rdfs:subClassOf,owl:Thing
rc:GrammaticalGender,rdfs:subClassOf,rc:Vocabulary
rc:GrammaticalGender,rdfs:subClassOf,owl:Thing
rc:SpiceRack,rdfs:subClassOf,rc:Rack_Holder
rc:SpiceRack,rdfs:subClassOf,owl:Thing
rc:Plectrum_Handheld,rdfs:subClassOf,rc:Device_UserControlled
rc:Plectrum_Handheld,rdfs:subClassOf,owl:Thing
rc:SprayingDevice,rdfs:subClassOf,rc:PoweredDevice
rc:SprayingDevice,rdfs:subClassOf,owl:Thing
rc:PyrotechnicDevice,rdfs:subClassOf,rc:CombustionDevice
rc:PyrotechnicDevice,rdfs:subClassOf,rc:DeviceTypeByPowerSource
rc:PyrotechnicDevice,rdfs:subClassOf,owl:Thing
rc:InformationStorageMedia,rdfs:subClassOf,rc:InformationStorageDevice
rc:InformationStorageMedia,rdfs:subClassOf,owl:Thing
rc:Concrete,rdfs:subClassOf,rc:ArtificialMaterial
rc:Concrete,rdfs:subClassOf,owl:Thing
rc:EthnicGroupOfTuaregs,rdfs:subClassOf,rc:EthnicGroupOfAfricans
rc:EthnicGroupOfTuaregs,rdfs:subClassOf,owl:Thing
rc:Charales,rdfs:subClassOf,rc:Charophytopsida
rc:Charales,rdfs:subClassOf,owl:Thing
rc:TreeBark,rdfs:subClassOf,rc:ProtectiveSystem
rc:TreeBark,rdfs:subClassOf,owl:Thing
rc:CriminalInvestigation,rdfs:subClassOf,rc:LawEnforcementActivity
rc:CriminalInvestigation,rdfs:subClassOf,owl:Thing
rc:SwaziDiaspora,rdfs:subClassOf,rc:Diaspora
rc:SwaziDiaspora,rdfs:subClassOf,owl:Thing
rc:ArtNouveauArchitecturalStyle,rdfs:subClassOf,rc:ArchitecturalTypeByStyle
rc:ArtNouveauArchitecturalStyle,rdfs:subClassOf,owl:Thing
rc:ShabakPeople,rdfs:subClassOf,rc:EthnicGroupOfKurds
rc:ShabakPeople,rdfs:subClassOf,owl:Thing
rc:AluminiumAlloy,rdfs:subClassOf,rc:Alloy
rc:AluminiumAlloy,rdfs:subClassOf,owl:Thing
rc:EnergyMeasurement,rdfs:subClassOf,rc:EnergyQuantity
rc:EnergyMeasurement,rdfs:subClassOf,owl:Thing
rc:PersianWomen,rdfs:subClassOf,rc:EthnicGroupOfPersians
rc:PersianWomen,rdfs:subClassOf,owl:Thing
rc:PresidentOfChina,rdfs:subClassOf,rc:President_HeadOfGovernmentOrHeadOfState
rc:PresidentOfChina,rdfs:subClassOf,owl:Thing
rc:Monk_Christian,rdfs:subClassOf,rc:Monk
rc:Monk_Christian,rdfs:subClassOf,owl:Thing
rc:Celebrity_Entertainment,rdfs:subClassOf,rc:Celebrity
rc:Celebrity_Entertainment,rdfs:subClassOf,owl:Thing
rc:MechanicalBicyclePart,rdfs:subClassOf,rc:MechanicalDevice
rc:MechanicalBicyclePart,rdfs:subClassOf,owl:Thing
rc:Ranghar,rdfs:subClassOf,rc:EthnicGroupOfPunjabis
rc:Ranghar,rdfs:subClassOf,owl:Thing
rc:IntelligenceTest,rdfs:subClassOf,rc:IntelligenceLevel
rc:IntelligenceTest,rdfs:subClassOf,owl:Thing
rc:Steamship,rdfs:subClassOf,rc:FuelPoweredDevice
rc:Steamship,rdfs:subClassOf,owl:Thing
rc:Celebrity,rdfs:subClassOf,rc:FamousHuman
rc:Celebrity,rdfs:subClassOf,owl:Thing
rc:ComputerTypeByUse,rdfs:subClassOf,rc:ComputerHardware
rc:ComputerTypeByUse,rdfs:subClassOf,owl:Thing
rc:MountaineeringAndHealth,rdfs:subClassOf,rc:MountaineeringEvent
rc:MountaineeringAndHealth,rdfs:subClassOf,owl:Thing
rc:ElectromagneticSpectrum,rdfs:subClassOf,rc:ElectromagneticRadiation
rc:ElectromagneticSpectrum,rdfs:subClassOf,owl:Thing
rc:ClusteringAlgorithm,rdfs:subClassOf,rc:Algorithm
rc:ClusteringAlgorithm,rdfs:subClassOf,owl:Thing
rc:RockOpera,rdfs:subClassOf,rc:PropositionalConceptualWork_MusicalGenre
rc:RockOpera,rdfs:subClassOf,owl:Thing
rc:PhonoCable,rdfs:subClassOf,rc:Audio_Accessory
rc:PhonoCable,rdfs:subClassOf,owl:Thing
rc:Mathematical,rdfs:subClassOf,kko:Symbolic
rc:Mathematical,rdfs:subClassOf,owl:Thing
rc:RechargeableBattery,rdfs:subClassOf,rc:BatteryCell
rc:RechargeableBattery,rdfs:subClassOf,owl:Thing
rc:ZeroVector,rdfs:subClassOf,rc:Vector_Precise
rc:ZeroVector,rdfs:subClassOf,owl:Thing
rc:Cowboy,rdfs:subClassOf,rc:MaleHuman
rc:Cowboy,rdfs:subClassOf,owl:Thing
rc:SearchAlgorithm,rdfs:subClassOf,rc:Algorithm
rc:SearchAlgorithm,rdfs:subClassOf,owl:Thing
rc:PaperClip,rdfs:subClassOf,rc:Clip_Fastener
rc:PaperClip,rdfs:subClassOf,rc:Wire
rc:PaperClip,rdfs:subClassOf,owl:Thing
rc:HorizontalDatum,rdfs:subClassOf,rc:GeographicDatum
rc:HorizontalDatum,rdfs:subClassOf,owl:Thing
rc:EthnicGroupOfCreolesOfTheUS,rdfs:subClassOf,rc:EthnicGroup
rc:EthnicGroupOfCreolesOfTheUS,rdfs:subClassOf,owl:Thing
rc:CultMovie,rdfs:subClassOf,rc:PropositionalConceptualWork_CultGenre
rc:CultMovie,rdfs:subClassOf,owl:Thing
rc:DistanceTravelled,rdfs:subClassOf,rc:Distance
rc:DistanceTravelled,rdfs:subClassOf,owl:Thing
rc:FictionalSpecies_Animal,rdfs:subClassOf,rc:FictionalAnimal
rc:FictionalSpecies_Animal,rdfs:subClassOf,owl:Thing
rc:EconomicAidDuringWorldWarII,rdfs:subClassOf,rc:HumanitarianAssistance
rc:EconomicAidDuringWorldWarII,rdfs:subClassOf,owl:Thing
rc:Drummer,rdfs:subClassOf,rc:MusicalInstrumentPlayer
rc:Drummer,rdfs:subClassOf,owl:Thing
rc:IonizingRadiation,rdfs:subClassOf,rc:ElectromagneticRadiation
rc:IonizingRadiation,rdfs:subClassOf,owl:Thing
kko:KnowledgeDomains,rdfs:subClassOf,kko:Methodeutic
kko:KnowledgeDomains,rdfs:subClassOf,owl:Thing
rc:MouseTrap,rdfs:subClassOf,rc:MechanicalDevice
rc:MouseTrap,rdfs:subClassOf,rc:TrapDevice
rc:MouseTrap,rdfs:subClassOf,owl:Thing
rc:StrawberryPlant,rdfs:subClassOf,rc:Rosaceae
rc:StrawberryPlant,rdfs:subClassOf,owl:Thing
rc:Adolescence,rdfs:subClassOf,rc:YoungHuman
rc:Adolescence,rdfs:subClassOf,owl:Thing
rc:MaleChild,rdfs:subClassOf,rc:JuvenileAnimal
rc:MaleChild,rdfs:subClassOf,rc:MaleHuman
rc:MaleChild,rdfs:subClassOf,owl:Thing
rc:GreatLakesTribe,rdfs:subClassOf,rc:EthnicGroupOfNorthAmericanNatives
rc:GreatLakesTribe,rdfs:subClassOf,owl:Thing
rc:Continuously,rdfs:subClassOf,rc:NonNumericScalarQuantity
rc:Continuously,rdfs:subClassOf,owl:Thing
rc:Tomb,rdfs:subClassOf,rc:BurialGraveProduct
rc:Tomb,rdfs:subClassOf,owl:Thing
rc:MetalRefinisher,rdfs:subClassOf,rc:MaleHuman
rc:MetalRefinisher,rdfs:subClassOf,owl:Thing
rc:Puzzle_TangibleProduct,rdfs:subClassOf,rc:Puzzle_Generic
rc:Puzzle_TangibleProduct,rdfs:subClassOf,owl:Thing
rc:Polyethylene,rdfs:subClassOf,rc:SinglePurposeDevice
rc:Polyethylene,rdfs:subClassOf,owl:Thing
rc:Candle,rdfs:subClassOf,rc:LightingDevice
rc:Candle,rdfs:subClassOf,owl:Thing
rc:Paragraph_TextualPCW,rdfs:subClassOf,rc:TextualPCW
rc:Paragraph_TextualPCW,rdfs:subClassOf,owl:Thing
rc:Petroglyph,rdfs:subClassOf,rc:Glyph
rc:Petroglyph,rdfs:subClassOf,rc:StructuredInformationSource
rc:Petroglyph,rdfs:subClassOf,owl:Thing
rc:Reservation,rdfs:subClassOf,rc:Schedule
rc:Reservation,rdfs:subClassOf,owl:Thing
rc:AntiIndigenousRacismInTheAmericas,rdfs:subClassOf,rc:IndigenousPeoplesOfTheAmericas
rc:AntiIndigenousRacismInTheAmericas,rdfs:subClassOf,owl:Thing
rc:CleaningAndTheEnvironment,rdfs:subClassOf,rc:EnvironmentalImpact
rc:CleaningAndTheEnvironment,rdfs:subClassOf,owl:Thing
rc:SewingSuppliesMarketCategory,rdfs:subClassOf,rc:ProductTypeByMarketCategory
rc:SewingSuppliesMarketCategory,rdfs:subClassOf,owl:Thing
rc:Healthy,rdfs:subClassOf,rc:EvaluativeQuantity
rc:Healthy,rdfs:subClassOf,owl:Thing
rc:PineappleJuice,rdfs:subClassOf,rc:SweetTaste
rc:PineappleJuice,rdfs:subClassOf,owl:Thing
rc:NewsAgencyArticle,rdfs:subClassOf,rc:PublishedConceptualWork
rc:NewsAgencyArticle,rdfs:subClassOf,owl:Thing
rc:Statesman,rdfs:subClassOf,rc:MaleHuman
rc:Statesman,rdfs:subClassOf,owl:Thing
rc:Spectrum,rdfs:subClassOf,rc:Light
rc:Spectrum,rdfs:subClassOf,owl:Thing
rc:WallClock,rdfs:subClassOf,rc:MechanicalDevice
rc:WallClock,rdfs:subClassOf,owl:Thing
rc:NewspaperIssue,rdfs:subClassOf,rc:CompiledConceptualWork
rc:NewspaperIssue,rdfs:subClassOf,owl:Thing
rc:HitSong,rdfs:subClassOf,rc:HitConceptualWork
rc:HitSong,rdfs:subClassOf,owl:Thing
rc:PornographyByGenre,rdfs:subClassOf,rc:ThematicGenre
rc:PornographyByGenre,rdfs:subClassOf,owl:Thing
rc:TheoryOfDeduction,rdfs:subClassOf,rc:Logic
rc:TheoryOfDeduction,rdfs:subClassOf,owl:Thing
rc:Compsopogonophyceae,rdfs:subClassOf,rc:RedAlgae
rc:Compsopogonophyceae,rdfs:subClassOf,owl:Thing
rc:Tubist,rdfs:subClassOf,rc:BrassInstrumentPlayer
rc:Tubist,rdfs:subClassOf,owl:Thing
rc:DimensionlessQuantity,rdfs:subClassOf,rc:ScalarQuantity
rc:DimensionlessQuantity,rdfs:subClassOf,owl:Thing
rc:Cottage,rdfs:subClassOf,rc:SmallBuilding
rc:Cottage,rdfs:subClassOf,owl:Thing
rc:TentCaterpillar,rdfs:subClassOf,rc:Caterpillar
rc:TentCaterpillar,rdfs:subClassOf,owl:Thing
rc:MiddleEasternPeople,rdfs:subClassOf,rc:EthnicGroupOfAsians
rc:MiddleEasternPeople,rdfs:subClassOf,owl:Thing
rc:Valhalla,rdfs:subClassOf,rc:MythologicalPlace
rc:Valhalla,rdfs:subClassOf,owl:Thing
rc:Target_Device,rdfs:subClassOf,rc:NonPoweredDevice
rc:Target_Device,rdfs:subClassOf,owl:Thing
rc:AvocadoTree,rdfs:subClassOf,rc:Lauraceae
rc:AvocadoTree,rdfs:subClassOf,owl:Thing
rc:DictionaryEntry,rdfs:subClassOf,rc:Entry
rc:DictionaryEntry,rdfs:subClassOf,owl:Thing
rc:MusicalConductor,rdfs:subClassOf,rc:MusicalPerformer
rc:MusicalConductor,rdfs:subClassOf,owl:Thing
rc:RawEdibles,rdfs:subClassOf,rc:Raw
rc:RawEdibles,rdfs:subClassOf,owl:Thing
rc:BerberAlgerian,rdfs:subClassOf,rc:EthnicGroupOfBerbers
rc:BerberAlgerian,rdfs:subClassOf,owl:Thing
rc:ZeroFareTransportService,rdfs:subClassOf,rc:MassTransitSystem
rc:ZeroFareTransportService,rdfs:subClassOf,owl:Thing
rc:EdwardVIIIAbdicationCrisis,rdfs:subClassOf,rc:King_HeadOfState
rc:EdwardVIIIAbdicationCrisis,rdfs:subClassOf,owl:Thing
rc:FirstClass_TravelClass,rdfs:subClassOf,rc:TravelClass
rc:FirstClass_TravelClass,rdfs:subClassOf,owl:Thing
rc:RailwaySignal,rdfs:subClassOf,rc:ElectricalLightingDevice
rc:RailwaySignal,rdfs:subClassOf,rc:InformationBearingObject
rc:RailwaySignal,rdfs:subClassOf,rc:SafetyDevice
rc:RailwaySignal,rdfs:subClassOf,rc:Signal
rc:RailwaySignal,rdfs:subClassOf,owl:Thing
rc:CuttingBoard,rdfs:subClassOf,rc:NonPoweredDevice
rc:CuttingBoard,rdfs:subClassOf,owl:Thing
rc:MovingImageWithSound,rdfs:subClassOf,rc:Media
rc:MovingImageWithSound,rdfs:subClassOf,owl:Thing
rc:ConcentrationStrength,rdfs:subClassOf,rc:RatioQuantity
rc:ConcentrationStrength,rdfs:subClassOf,rc:TangiblePhysicalQuantity
rc:ConcentrationStrength,rdfs:subClassOf,owl:Thing
rc:TulotomaSnail,rdfs:subClassOf,rc:Pyrgulopsis
rc:TulotomaSnail,rdfs:subClassOf,owl:Thing
rc:EthnicGroupOfEmiri,rdfs:subClassOf,rc:EthnicGroupOfArabs
rc:EthnicGroupOfEmiri,rdfs:subClassOf,owl:Thing
rc:WindupDevice,rdfs:subClassOf,rc:MechanicalDevice
rc:WindupDevice,rdfs:subClassOf,owl:Thing
rc:CardboardBox,rdfs:subClassOf,rc:Box_Container
rc:CardboardBox,rdfs:subClassOf,rc:NonPoweredDevice
rc:CardboardBox,rdfs:subClassOf,owl:Thing
rc:SovietKurdishPeople,rdfs:subClassOf,rc:EthnicGroupOfKurds
rc:SovietKurdishPeople,rdfs:subClassOf,owl:Thing
rc:TaxEvasion,rdfs:subClassOf,rc:TaxationIssue
rc:TaxEvasion,rdfs:subClassOf,owl:Thing
rc:ComputerDisplayScreenRegion,rdfs:subClassOf,rc:ComputingInformation
rc:ComputerDisplayScreenRegion,rdfs:subClassOf,rc:InformationBearingObject
rc:ComputerDisplayScreenRegion,rdfs:subClassOf,owl:Thing
rc:HenryIIOfEngland_Person,rdfs:subClassOf,rc:IndividualPeople
rc:HenryIIOfEngland_Person,rdfs:subClassOf,owl:Thing
rc:RunicWriting,rdfs:subClassOf,rc:WritingSystem
rc:RunicWriting,rdfs:subClassOf,owl:Thing
rc:EthnicGroupOfBhote,rdfs:subClassOf,rc:EthnicGroupOfAsians
rc:EthnicGroupOfBhote,rdfs:subClassOf,owl:Thing
rc:Cauldron,rdfs:subClassOf,rc:FluidReservoir
rc:Cauldron,rdfs:subClassOf,owl:Thing
rc:ThaiMen,rdfs:subClassOf,rc:EthnicGroupOfThais
rc:ThaiMen,rdfs:subClassOf,owl:Thing
rc:EthnicGroupOfHispanicsOfTheUS,rdfs:subClassOf,rc:EthnicGroupOfNewWorldHispanics
rc:EthnicGroupOfHispanicsOfTheUS,rdfs:subClassOf,owl:Thing
rc:MythologyInPopularCulture,rdfs:subClassOf,rc:MythologicalThing
rc:MythologyInPopularCulture,rdfs:subClassOf,owl:Thing
rc:EthnicGroupOfNewWorldNatives,rdfs:subClassOf,rc:IndigenousPeople
rc:EthnicGroupOfNewWorldNatives,rdfs:subClassOf,owl:Thing
rc:EukaryoticProteinSynthesis,rdfs:subClassOf,rc:CellularProteinSynthesis
rc:EukaryoticProteinSynthesis,rdfs:subClassOf,owl:Thing
rc:Permeability,rdfs:subClassOf,rc:DispositionalQuantity
rc:Permeability,rdfs:subClassOf,rc:Rate
rc:Permeability,rdfs:subClassOf,rc:TangiblePhysicalQuantity
rc:Permeability,rdfs:subClassOf,owl:Thing
rc:StereotypicalBlondeAdultFemale,rdfs:subClassOf,rc:AdultFemaleHuman
rc:StereotypicalBlondeAdultFemale,rdfs:subClassOf,rc:BlondeHairedHuman
rc:StereotypicalBlondeAdultFemale,rdfs:subClassOf,owl:Thing
rc:BroomHandle,rdfs:subClassOf,rc:Handle
rc:BroomHandle,rdfs:subClassOf,rc:Shaft
rc:BroomHandle,rdfs:subClassOf,owl:Thing
rc:RescueEquipment,rdfs:subClassOf,rc:SupportServicesEquipment
rc:RescueEquipment,rdfs:subClassOf,owl:Thing
rc:BabyFeedingDevice,rdfs:subClassOf,rc:DeviceTypeByFunction
rc:BabyFeedingDevice,rdfs:subClassOf,owl:Thing
rc:CensusGroupOfUSNativeAmericans_Generic,rdfs:subClassOf,rc:EthnicGroup
rc:CensusGroupOfUSNativeAmericans_Generic,rdfs:subClassOf,owl:Thing
rc:RomanArchitecturalStyle,rdfs:subClassOf,rc:ArchitecturalTypeByStyle
rc:RomanArchitecturalStyle,rdfs:subClassOf,owl:Thing
rc:FemaleAristocrat,rdfs:subClassOf,rc:FemaleHuman
rc:FemaleAristocrat,rdfs:subClassOf,owl:Thing
rc:NuclearPhysics,rdfs:subClassOf,rc:ParticlePhysics
rc:NuclearPhysics,rdfs:subClassOf,owl:Thing
rc:CarvingKnife,rdfs:subClassOf,rc:Knife
rc:CarvingKnife,rdfs:subClassOf,owl:Thing
rc:Drill,rdfs:subClassOf,rc:CuttingDevice
rc:Drill,rdfs:subClassOf,owl:Thing
kko:PrimarySectorProducts,rdfs:subClassOf,kko:Products
kko:PrimarySectorProducts,rdfs:subClassOf,owl:Thing
rc:ShowerCurtainRing,rdfs:subClassOf,rc:NonPoweredDevice
rc:ShowerCurtainRing,rdfs:subClassOf,owl:Thing
rc:FictionalUniverse,rdfs:subClassOf,rc:FictionalPlace
rc:FictionalUniverse,rdfs:subClassOf,owl:Thing
rc:EthnicGroupOfJapanese,rdfs:subClassOf,rc:EthnicGroupOfAsians
rc:EthnicGroupOfJapanese,rdfs:subClassOf,owl:Thing
rc:PercussionInstrument,rdfs:subClassOf,rc:KineticEnergyPoweredDevice
rc:PercussionInstrument,rdfs:subClassOf,owl:Thing
rc:ProbabilisticComplexityTheory,rdfs:subClassOf,rc:RandomFrequency
rc:ProbabilisticComplexityTheory,rdfs:subClassOf,owl:Thing
rc:Jammer,rdfs:subClassOf,rc:RadioJammingTransmitter
rc:Jammer,rdfs:subClassOf,owl:Thing
rc:WaterQuality,rdfs:subClassOf,rc:EnvironmentalQuantity
rc:WaterQuality,rdfs:subClassOf,owl:Thing
rc:ToiletPaper,rdfs:subClassOf,rc:DisposableProduct
rc:ToiletPaper,rdfs:subClassOf,rc:ToiletrySubstance
rc:ToiletPaper,rdfs:subClassOf,owl:Thing
rc:NonNegativeNumber,rdfs:subClassOf,rc:RealNumber
rc:NonNegativeNumber,rdfs:subClassOf,owl:Thing
rc:Image,rdfs:subClassOf,rc:Media
rc:Image,rdfs:subClassOf,owl:Thing
rc:EthnicGroupOfMadurese,rdfs:subClassOf,rc:EthnicGroupOfIndonesians
rc:EthnicGroupOfMadurese,rdfs:subClassOf,owl:Thing
rc:AudioMixing,rdfs:subClassOf,rc:AudioSystem
rc:AudioMixing,rdfs:subClassOf,owl:Thing
rc:MarketTrend,rdfs:subClassOf,rc:FinancialEconomics
rc:MarketTrend,rdfs:subClassOf,owl:Thing
rc:FurniturePart,rdfs:subClassOf,rc:GeneralFurniturePartAccessory
rc:FurniturePart,rdfs:subClassOf,owl:Thing
rc:TransportationLicense_Document,rdfs:subClassOf,rc:Permit
rc:TransportationLicense_Document,rdfs:subClassOf,owl:Thing
rc:ElectricalMeter,rdfs:subClassOf,rc:MeasuringDevice
rc:ElectricalMeter,rdfs:subClassOf,owl:Thing
rc:Cereal,rdfs:subClassOf,rc:SeedBulbSeedlingCutting
rc:Cereal,rdfs:subClassOf,owl:Thing
rc:Quranism,rdfs:subClassOf,rc:Hadith
rc:Quranism,rdfs:subClassOf,owl:Thing
rc:DatabaseSearching,rdfs:subClassOf,rc:InformationService
rc:DatabaseSearching,rdfs:subClassOf,owl:Thing
rc:Uranium_Depleted,rdfs:subClassOf,rc:NuclearFuel
rc:Uranium_Depleted,rdfs:subClassOf,owl:Thing
rc:EthnicGroupOfPalestinians,rdfs:subClassOf,rc:EthnicGroupOfArabs
rc:EthnicGroupOfPalestinians,rdfs:subClassOf,owl:Thing
rc:OfficeRoom,rdfs:subClassOf,rc:RoomInAConstruction
rc:OfficeRoom,rdfs:subClassOf,owl:Thing
rc:MagazineRack,rdfs:subClassOf,rc:Rack_Holder
rc:MagazineRack,rdfs:subClassOf,owl:Thing
rc:CoatingMaterial,rdfs:subClassOf,rc:ArtificialMaterial
rc:CoatingMaterial,rdfs:subClassOf,owl:Thing
rc:PaymentObligation,rdfs:subClassOf,rc:Liability_Obligation
rc:PaymentObligation,rdfs:subClassOf,owl:Thing
rc:PersonTypeByGender,rdfs:subClassOf,rc:PersonalQuantity
rc:PersonTypeByGender,rdfs:subClassOf,owl:Thing
rc:SwimmingStyle,rdfs:subClassOf,rc:StyleAttribute
rc:SwimmingStyle,rdfs:subClassOf,owl:Thing
rc:FishingLure,rdfs:subClassOf,rc:FishingEquipment
rc:FishingLure,rdfs:subClassOf,rc:SinglePurposeDevice
rc:FishingLure,rdfs:subClassOf,owl:Thing
rc:ElectromagneticRadiation,rdfs:subClassOf,rc:TangiblePhysicalQuantity
rc:ElectromagneticRadiation,rdfs:subClassOf,owl:Thing
rc:Questionnaire,rdfs:subClassOf,rc:NonfictionalPCW
rc:Questionnaire,rdfs:subClassOf,rc:TextualPCW
rc:Questionnaire,rdfs:subClassOf,owl:Thing
rc:AnimalUtterance_IBT,rdfs:subClassOf,rc:InformationBearingThing
rc:AnimalUtterance_IBT,rdfs:subClassOf,owl:Thing
rc:NuclearSubmarine,rdfs:subClassOf,rc:NuclearPoweredDevice
rc:NuclearSubmarine,rdfs:subClassOf,owl:Thing
rc:PowerDistribution,rdfs:subClassOf,rc:FacilityManagement
rc:PowerDistribution,rdfs:subClassOf,owl:Thing
rc:PowerSupply,rdfs:subClassOf,rc:CurrentSource
rc:PowerSupply,rdfs:subClassOf,owl:Thing
rc:PhallicArchitecture,rdfs:subClassOf,rc:ArchitecturalTypeByStyle
rc:PhallicArchitecture,rdfs:subClassOf,owl:Thing
rc:Lightheadedness,rdfs:subClassOf,rc:LevelOfDizziness
rc:Lightheadedness,rdfs:subClassOf,owl:Thing
rc:CastratedPeople,rdfs:subClassOf,rc:HumanTypeBySexualOrientation
rc:CastratedPeople,rdfs:subClassOf,owl:Thing
rc:ErosionProtectionStructure,rdfs:subClassOf,rc:Barrier_ConstructionArtifact
rc:ErosionProtectionStructure,rdfs:subClassOf,owl:Thing
rc:Seawall,rdfs:subClassOf,rc:TransportBuildingStructure
rc:Seawall,rdfs:subClassOf,owl:Thing
rc:Stencil_TheImplement,rdfs:subClassOf,rc:Tool
rc:Stencil_TheImplement,rdfs:subClassOf,owl:Thing
rc:ActionGame,rdfs:subClassOf,rc:ComputerGameEntertainmentSoftware
rc:ActionGame,rdfs:subClassOf,owl:Thing
rc:Apparent_magnitude,rdfs:subClassOf,rc:OrderOfMagnitudeInterval
rc:Apparent_magnitude,rdfs:subClassOf,owl:Thing
rc:Diamond_Gem,rdfs:subClassOf,rc:CarbonForm
rc:Diamond_Gem,rdfs:subClassOf,rc:PreciousStone
rc:Diamond_Gem,rdfs:subClassOf,owl:Thing
rc:Ethanol,rdfs:subClassOf,rc:AlcoholGroup
rc:Ethanol,rdfs:subClassOf,rc:FuelOxygenate
rc:Ethanol,rdfs:subClassOf,rc:LiquidFuel
rc:Ethanol,rdfs:subClassOf,rc:PlantBasedLiquidFuelsBiofuel
rc:Ethanol,rdfs:subClassOf,rc:ToxicAlcohol
rc:Ethanol,rdfs:subClassOf,owl:Thing
rc:MajorIndustryEquipment,rdfs:subClassOf,rc:Equipment
rc:MajorIndustryEquipment,rdfs:subClassOf,owl:Thing
rc:PsychiatricModel,rdfs:subClassOf,rc:Psychiatry
rc:PsychiatricModel,rdfs:subClassOf,owl:Thing
rc:RayleighScattering,rdfs:subClassOf,rc:Light
rc:RayleighScattering,rdfs:subClassOf,owl:Thing
rc:InnerModelTheory,rdfs:subClassOf,rc:SetTheory
rc:InnerModelTheory,rdfs:subClassOf,owl:Thing
rc:EroticStory,rdfs:subClassOf,rc:Story
rc:EroticStory,rdfs:subClassOf,owl:Thing
rc:CashewTree,rdfs:subClassOf,rc:Anacardiaceae
rc:CashewTree,rdfs:subClassOf,owl:Thing
rc:Painting_ArtMethod,rdfs:subClassOf,rc:Painting_Activity
rc:Painting_ArtMethod,rdfs:subClassOf,owl:Thing
rc:Lotion,rdfs:subClassOf,rc:LiquidTangibleArtifact
rc:Lotion,rdfs:subClassOf,owl:Thing
rc:SulfurousAcid,rdfs:subClassOf,rc:InorganicAcid
rc:SulfurousAcid,rdfs:subClassOf,owl:Thing
rc:Horseshoe,rdfs:subClassOf,rc:Plate_Shield
rc:Horseshoe,rdfs:subClassOf,owl:Thing
rc:ScottishDiaspora,rdfs:subClassOf,rc:Diaspora
rc:ScottishDiaspora,rdfs:subClassOf,rc:EthnicGroupOfScots
rc:ScottishDiaspora,rdfs:subClassOf,owl:Thing
rc:TVCharacter,rdfs:subClassOf,rc:FictionalCharacter
rc:TVCharacter,rdfs:subClassOf,owl:Thing
rc:ArgumentsForTheExistenceOfGod,rdfs:subClassOf,rc:Theology
rc:ArgumentsForTheExistenceOfGod,rdfs:subClassOf,owl:Thing
rc:HydrochloricAcid,rdfs:subClassOf,rc:ToxicAcid
rc:HydrochloricAcid,rdfs:subClassOf,owl:Thing
rc:EngineeringEquipment,rdfs:subClassOf,rc:SupportServicesEquipment
rc:EngineeringEquipment,rdfs:subClassOf,owl:Thing
rc:CharacterStringToken_Inscribed,rdfs:subClassOf,rc:CharacterStringToken
rc:CharacterStringToken_Inscribed,rdfs:subClassOf,rc:HumanAccessibleIBO
rc:CharacterStringToken_Inscribed,rdfs:subClassOf,owl:Thing
rc:LemonJuice,rdfs:subClassOf,rc:SourTaste
rc:LemonJuice,rdfs:subClassOf,owl:Thing
rc:HorseTraining,rdfs:subClassOf,rc:HorsebackRiding
rc:HorseTraining,rdfs:subClassOf,owl:Thing
rc:CustomerCommunicationsManagement,rdfs:subClassOf,rc:SoftwareObject_Individual
rc:CustomerCommunicationsManagement,rdfs:subClassOf,owl:Thing
rc:DomesticElectricFan,rdfs:subClassOf,rc:OtherDomesticHouseholdAppliance
rc:DomesticElectricFan,rdfs:subClassOf,owl:Thing
rc:Seaborgium,rdfs:subClassOf,rc:TransuraniumElement
rc:Seaborgium,rdfs:subClassOf,owl:Thing
rc:Bathtub,rdfs:subClassOf,rc:Tub
rc:Bathtub,rdfs:subClassOf,owl:Thing
rc:Shapeshifter,rdfs:subClassOf,rc:MythologicalCreature
rc:Shapeshifter,rdfs:subClassOf,owl:Thing
rc:HumanPower,rdfs:subClassOf,rc:Power
rc:HumanPower,rdfs:subClassOf,owl:Thing
rc:EthnicGroupOfKaren,rdfs:subClassOf,rc:EthnicGroupOfAsians
rc:EthnicGroupOfKaren,rdfs:subClassOf,owl:Thing
rc:EthnicGroupOfBapounon,rdfs:subClassOf,rc:EthnicGroupOfAfricans
rc:EthnicGroupOfBapounon,rdfs:subClassOf,owl:Thing
rc:TradePolicy,rdfs:subClassOf,rc:InternationalRelations
rc:TradePolicy,rdfs:subClassOf,rc:PublicPolicy
rc:TradePolicy,rdfs:subClassOf,owl:Thing
rc:SpanishLanguageEducation,rdfs:subClassOf,rc:LanguageEducation
rc:SpanishLanguageEducation,rdfs:subClassOf,owl:Thing
rc:AltarTable,rdfs:subClassOf,rc:Table_PieceOfFurniture
rc:AltarTable,rdfs:subClassOf,owl:Thing
rc:ElectricalWiring,rdfs:subClassOf,rc:Wire
rc:ElectricalWiring,rdfs:subClassOf,owl:Thing
rc:KneePad,rdfs:subClassOf,rc:Casual
rc:KneePad,rdfs:subClassOf,rc:ProtectiveGear
rc:KneePad,rdfs:subClassOf,rc:RuggedClothingStyle
rc:KneePad,rdfs:subClassOf,owl:Thing
rc:ElectronTransportChain,rdfs:subClassOf,rc:OrganicReaction
rc:ElectronTransportChain,rdfs:subClassOf,owl:Thing
rc:MathematicalStructure,rdfs:subClassOf,rc:FunctionalSystem
rc:MathematicalStructure,rdfs:subClassOf,owl:Thing
rc:Charisma,rdfs:subClassOf,rc:PerformanceLevelQuantity
rc:Charisma,rdfs:subClassOf,owl:Thing
rc:EthnicGroupOfBulgarians,rdfs:subClassOf,rc:EthnicGroupOfSlavs
rc:EthnicGroupOfBulgarians,rdfs:subClassOf,owl:Thing
rc:Fratire,rdfs:subClassOf,rc:MasculineObject
rc:Fratire,rdfs:subClassOf,rc:Satire
rc:Fratire,rdfs:subClassOf,owl:Thing
rc:SealedCan,rdfs:subClassOf,rc:Can
rc:SealedCan,rdfs:subClassOf,rc:Container_PressureBarrier
rc:SealedCan,rdfs:subClassOf,owl:Thing
rc:KingLouisXVI,rdfs:subClassOf,rc:King_HeadOfState
rc:KingLouisXVI,rdfs:subClassOf,owl:Thing
rc:SportsRecord,rdfs:subClassOf,rc:Record_ExtremeValue
rc:SportsRecord,rdfs:subClassOf,owl:Thing
rc:IndustrialMachineryProcessingProduct,rdfs:subClassOf,rc:DurableGood
rc:IndustrialMachineryProcessingProduct,rdfs:subClassOf,owl:Thing
rc:IndustrialRelations,rdfs:subClassOf,rc:Sociology
rc:IndustrialRelations,rdfs:subClassOf,owl:Thing
rc:TopicallyAppliedSubstance,rdfs:subClassOf,rc:CoatingMaterial
rc:TopicallyAppliedSubstance,rdfs:subClassOf,owl:Thing
rc:IroningBoard,rdfs:subClassOf,rc:HouseholdFurnishingsMC
rc:IroningBoard,rdfs:subClassOf,rc:MechanicalDevice
rc:IroningBoard,rdfs:subClassOf,owl:Thing
rc:FinnishJew,rdfs:subClassOf,rc:AshkenaziJews
rc:FinnishJew,rdfs:subClassOf,owl:Thing
rc:Mescaline,rdfs:subClassOf,rc:CrudeDrug
rc:Mescaline,rdfs:subClassOf,owl:Thing
rc:InternalSensoryQuantity,rdfs:subClassOf,rc:SensoryQuantity
rc:InternalSensoryQuantity,rdfs:subClassOf,owl:Thing
rc:AppliedTechnology,rdfs:subClassOf,rc:Technology_Artifact
rc:AppliedTechnology,rdfs:subClassOf,owl:Thing
rc:SatelliteEarthStation,rdfs:subClassOf,rc:PersonalCommunicationDevicePart
rc:SatelliteEarthStation,rdfs:subClassOf,owl:Thing
rc:HomeVideoGameMachine,rdfs:subClassOf,rc:ElectronicHouseholdAppliance
rc:HomeVideoGameMachine,rdfs:subClassOf,owl:Thing
rc:HenryIIOfFrance_Person,rdfs:subClassOf,rc:IndividualPeople
rc:HenryIIOfFrance_Person,rdfs:subClassOf,owl:Thing
rc:Sumerogram,rdfs:subClassOf,rc:Cuneiform
rc:Sumerogram,rdfs:subClassOf,rc:Ideogram
rc:Sumerogram,rdfs:subClassOf,owl:Thing
rc:Bicycle,rdfs:subClassOf,rc:BicycleMarketCategory
rc:Bicycle,rdfs:subClassOf,rc:Device_UserPowered
rc:Bicycle,rdfs:subClassOf,owl:Thing
rc:OfficeProductMarketCategory,rdfs:subClassOf,rc:ConsumerGood
rc:OfficeProductMarketCategory,rdfs:subClassOf,rc:ProductTypeByMarketCategory
rc:OfficeProductMarketCategory,rdfs:subClassOf,owl:Thing
rc:Banking,rdfs:subClassOf,rc:BankingInvestment
rc:Banking,rdfs:subClassOf,owl:Thing
rc:WayuuPeople,rdfs:subClassOf,rc:EthnicGroupOfNewWorldNatives
rc:WayuuPeople,rdfs:subClassOf,owl:Thing
rc:MacroeconomicsAndMonetaryEconomics,rdfs:subClassOf,rc:Finance
rc:MacroeconomicsAndMonetaryEconomics,rdfs:subClassOf,owl:Thing
rc:Hypnotherapy,rdfs:subClassOf,rc:PopularPsychology
rc:Hypnotherapy,rdfs:subClassOf,owl:Thing
rc:KitchenUtensilOrganizer,rdfs:subClassOf,rc:Organizer
rc:KitchenUtensilOrganizer,rdfs:subClassOf,rc:StorageConstruct
rc:KitchenUtensilOrganizer,rdfs:subClassOf,owl:Thing
rc:CulturalAnthropology,rdfs:subClassOf,rc:Anthropology
rc:CulturalAnthropology,rdfs:subClassOf,owl:Thing
rc:TestDrive,rdfs:subClassOf,rc:Test_Assessment
rc:TestDrive,rdfs:subClassOf,owl:Thing
rc:PoliticalMovement,rdfs:subClassOf,rc:SocioPoliticalCondition
rc:PoliticalMovement,rdfs:subClassOf,owl:Thing
rc:InfusionDrink,rdfs:subClassOf,rc:ArtificialDrink
rc:InfusionDrink,rdfs:subClassOf,rc:Drink
rc:InfusionDrink,rdfs:subClassOf,rc:LiquidTangibleArtifact
rc:InfusionDrink,rdfs:subClassOf,owl:Thing
rc:SetOfColors,rdfs:subClassOf,rc:Set_Mathematical
rc:SetOfColors,rdfs:subClassOf,owl:Thing
rc:MathematicalTheory,rdfs:subClassOf,rc:Mathematics
rc:MathematicalTheory,rdfs:subClassOf,owl:Thing
rc:GameboyGame,rdfs:subClassOf,rc:BrandNameGame
rc:GameboyGame,rdfs:subClassOf,owl:Thing
rc:HenryVIOfEngland_Person,rdfs:subClassOf,rc:IndividualPeople
rc:HenryVIOfEngland_Person,rdfs:subClassOf,owl:Thing
rc:Arnulfings,rdfs:subClassOf,rc:Carolingian_Monarch_HeadOfState
rc:Arnulfings,rdfs:subClassOf,owl:Thing
rc:CellularRespiration_Aerobic,rdfs:subClassOf,rc:ChemicalSynthesis
rc:CellularRespiration_Aerobic,rdfs:subClassOf,owl:Thing
rc:AutomobileTypeByBrand,rdfs:subClassOf,rc:VehiclesByBrand
rc:AutomobileTypeByBrand,rdfs:subClassOf,owl:Thing
rc:FTPSite,rdfs:subClassOf,rc:IndexedInformationSource
rc:FTPSite,rdfs:subClassOf,owl:Thing
rc:Pi_Number,rdfs:subClassOf,rc:TranscendentalNumber
rc:Pi_Number,rdfs:subClassOf,owl:Thing
rc:TechnologyDevelopment,rdfs:subClassOf,rc:Technology
rc:TechnologyDevelopment,rdfs:subClassOf,owl:Thing
rc:HarrietTubman_HistoricPerson,rdfs:subClassOf,rc:Deceased
rc:HarrietTubman_HistoricPerson,rdfs:subClassOf,owl:Thing
rc:EthnicGroupOfKoreans,rdfs:subClassOf,rc:EthnicGroupOfAsians
rc:EthnicGroupOfKoreans,rdfs:subClassOf,owl:Thing
rc:Pavement,rdfs:subClassOf,rc:ArtificialMaterial
rc:Pavement,rdfs:subClassOf,rc:DeviceWithNoMovingParts
rc:Pavement,rdfs:subClassOf,owl:Thing
rc:FatimidArchitecture,rdfs:subClassOf,rc:IslamicArchitecture
rc:FatimidArchitecture,rdfs:subClassOf,owl:Thing
rc:DevanagariTypeface,rdfs:subClassOf,rc:DevanagariWriting
rc:DevanagariTypeface,rdfs:subClassOf,rc:UnicodeTypeface
rc:DevanagariTypeface,rdfs:subClassOf,owl:Thing
rc:Randomness,rdfs:subClassOf,rc:RandomFrequency
rc:Randomness,rdfs:subClassOf,owl:Thing
rc:EthnicGroupOfSwedes,rdfs:subClassOf,rc:EthnicGroupOfNordics
rc:EthnicGroupOfSwedes,rdfs:subClassOf,owl:Thing
rc:KingJuanCarlos,rdfs:subClassOf,rc:King_HeadOfState
rc:KingJuanCarlos,rdfs:subClassOf,owl:Thing
rc:Ciborium,rdfs:subClassOf,rc:DrinkingVessel
rc:Ciborium,rdfs:subClassOf,owl:Thing
rc:DragQueen,rdfs:subClassOf,rc:HumanTypeBySexualOrientation
rc:DragQueen,rdfs:subClassOf,owl:Thing
rc:Buddha,rdfs:subClassOf,rc:Sangha_ReligiousOrderMember
rc:Buddha,rdfs:subClassOf,owl:Thing
rc:PlantDiseaseScale,rdfs:subClassOf,rc:PlantPathology
rc:PlantDiseaseScale,rdfs:subClassOf,owl:Thing
rc:ChemicalKinetics,rdfs:subClassOf,rc:Rate
rc:ChemicalKinetics,rdfs:subClassOf,owl:Thing
rc:HistoryOfSupernovaObservation,rdfs:subClassOf,rc:HistoryByTopic
rc:HistoryOfSupernovaObservation,rdfs:subClassOf,owl:Thing
rc:MythologicalPeople,rdfs:subClassOf,rc:MythologicalThing
rc:MythologicalPeople,rdfs:subClassOf,owl:Thing
rc:BitumenUpgrader,rdfs:subClassOf,rc:PetroleumProcessingEquipment
rc:BitumenUpgrader,rdfs:subClassOf,owl:Thing
rc:GeographicalDirection_General,rdfs:subClassOf,rc:GeographicalDirection
rc:GeographicalDirection_General,rdfs:subClassOf,owl:Thing
rc:Suspect,rdfs:subClassOf,rc:LikelySuspect
rc:Suspect,rdfs:subClassOf,owl:Thing
rc:Voltmeter,rdfs:subClassOf,rc:GeneralAutoMarketCategory
rc:Voltmeter,rdfs:subClassOf,owl:Thing
rc:SpaceProbe,rdfs:subClassOf,rc:InformationGatheringDevice
rc:SpaceProbe,rdfs:subClassOf,owl:Thing
rc:DriedFruit,rdfs:subClassOf,rc:DriedProduct
rc:DriedFruit,rdfs:subClassOf,owl:Thing
rc:SwimmingPoolLaneDivider,rdfs:subClassOf,rc:CordlikeArtifact
rc:SwimmingPoolLaneDivider,rdfs:subClassOf,rc:NonPoweredDevice
rc:SwimmingPoolLaneDivider,rdfs:subClassOf,owl:Thing
rc:ParaperiodicAcid,rdfs:subClassOf,rc:InorganicAcid
rc:ParaperiodicAcid,rdfs:subClassOf,owl:Thing
rc:Spool,rdfs:subClassOf,rc:DeviceWithNoMovingParts
rc:Spool,rdfs:subClassOf,owl:Thing
rc:Tent,rdfs:subClassOf,rc:CampingOutdoorEquipment
rc:Tent,rdfs:subClassOf,rc:SportingGoodsMarketCategory
rc:Tent,rdfs:subClassOf,owl:Thing
rc:CircusPerformer,rdfs:subClassOf,rc:StagePerformer
rc:CircusPerformer,rdfs:subClassOf,owl:Thing
rc:GeorgianCalligraphy,rdfs:subClassOf,rc:Calligraphy
rc:GeorgianCalligraphy,rdfs:subClassOf,owl:Thing
rc:BloodPressure,rdfs:subClassOf,rc:Pressure
rc:BloodPressure,rdfs:subClassOf,owl:Thing
rc:BooksAndMagazinesMarketCategory,rdfs:subClassOf,rc:ConsumerGood
rc:BooksAndMagazinesMarketCategory,rdfs:subClassOf,rc:ProductTypeByMarketCategory
rc:BooksAndMagazinesMarketCategory,rdfs:subClassOf,rc:SolidTangibleArtifact
rc:BooksAndMagazinesMarketCategory,rdfs:subClassOf,owl:Thing
rc:Shotput,rdfs:subClassOf,rc:FieldSportsEvent
rc:Shotput,rdfs:subClassOf,owl:Thing
rc:SaddlebackCaterpillar,rdfs:subClassOf,rc:Caterpillar
rc:SaddlebackCaterpillar,rdfs:subClassOf,owl:Thing
rc:Emmer,rdfs:subClassOf,rc:Aegilops
rc:Emmer,rdfs:subClassOf,owl:Thing
rc:BillForServices,rdfs:subClassOf,rc:HumanAccessibleIBO
rc:BillForServices,rdfs:subClassOf,owl:Thing
rc:ElectricalGenerator,rdfs:subClassOf,rc:MechanicalDevice
rc:ElectricalGenerator,rdfs:subClassOf,owl:Thing
rc:VacuumCleaner,rdfs:subClassOf,rc:DomesticCleaningTool
rc:VacuumCleaner,rdfs:subClassOf,rc:DomesticLaundryApplianceSupply
rc:VacuumCleaner,rdfs:subClassOf,rc:FloorMachine
rc:VacuumCleaner,rdfs:subClassOf,owl:Thing
rc:LongitudeLine,rdfs:subClassOf,rc:GeodesyConcept
rc:LongitudeLine,rdfs:subClassOf,owl:Thing
rc:NonAnimal_HumanFoodSource,rdfs:subClassOf,rc:PlantAnimalProduct
rc:NonAnimal_HumanFoodSource,rdfs:subClassOf,owl:Thing
rc:MilkingMachine,rdfs:subClassOf,rc:IndustrialDevice
rc:MilkingMachine,rdfs:subClassOf,rc:MechanicalDevice
rc:MilkingMachine,rdfs:subClassOf,owl:Thing
rc:GroverCleveland,rdfs:subClassOf,rc:UnitedStatesPresident
rc:GroverCleveland,rdfs:subClassOf,owl:Thing
rc:Astrology,rdfs:subClassOf,rc:PopularPsychology
rc:Astrology,rdfs:subClassOf,owl:Thing
rc:DirectFireWeapon,rdfs:subClassOf,rc:ProjectileLauncher
rc:DirectFireWeapon,rdfs:subClassOf,owl:Thing
rc:ShelvingSystem,rdfs:subClassOf,rc:Organizer
rc:ShelvingSystem,rdfs:subClassOf,rc:StorageConstruct
rc:ShelvingSystem,rdfs:subClassOf,owl:Thing
rc:ComicBookIssue,rdfs:subClassOf,rc:ComicBookSeries
rc:ComicBookIssue,rdfs:subClassOf,owl:Thing
rc:GargleSolution,rdfs:subClassOf,rc:BathBody
rc:GargleSolution,rdfs:subClassOf,owl:Thing
kko:SocialSystems,rdfs:subClassOf,kko:Systems
kko:SocialSystems,rdfs:subClassOf,owl:Thing
rc:Invitation_IBT,rdfs:subClassOf,rc:TextuallySpecificWork
rc:Invitation_IBT,rdfs:subClassOf,owl:Thing
rc:LevelOfRenown,rdfs:subClassOf,rc:TotallyOrderedQuantityType
rc:LevelOfRenown,rdfs:subClassOf,owl:Thing
rc:EgyptianSphinx,rdfs:subClassOf,rc:MythologicalCreature
rc:EgyptianSphinx,rdfs:subClassOf,owl:Thing
rc:Fireplace,rdfs:subClassOf,rc:FuelPoweredDevice
rc:Fireplace,rdfs:subClassOf,owl:Thing
rc:TimeScale,rdfs:subClassOf,rc:Time_Quantity
rc:TimeScale,rdfs:subClassOf,owl:Thing
rc:Daseinsanalysis,rdfs:subClassOf,rc:Phenomenology
rc:Daseinsanalysis,rdfs:subClassOf,owl:Thing
rc:EthnicGroupOfEgyptians,rdfs:subClassOf,rc:EthnicGroupOfAfricans
rc:EthnicGroupOfEgyptians,rdfs:subClassOf,rc:EthnicGroupOfArabs
rc:EthnicGroupOfEgyptians,rdfs:subClassOf,owl:Thing
rc:President_HeadOfGovernmentOrHeadOfState,rdfs:subClassOf,rc:HeadOfState
rc:President_HeadOfGovernmentOrHeadOfState,rdfs:subClassOf,owl:Thing
rc:EthnicGroupOfKhalkhaMongols,rdfs:subClassOf,rc:MongolPeople
rc:EthnicGroupOfKhalkhaMongols,rdfs:subClassOf,owl:Thing
rc:Nobelium,rdfs:subClassOf,rc:TransuraniumElement
rc:Nobelium,rdfs:subClassOf,owl:Thing
rc:Prometheus_TheTitan,rdfs:subClassOf,rc:MythologicalGod
rc:Prometheus_TheTitan,rdfs:subClassOf,owl:Thing
rc:EthnicGroupOfDravidians,rdfs:subClassOf,rc:EthnicGroupOfIndia
rc:EthnicGroupOfDravidians,rdfs:subClassOf,owl:Thing
rc:PaintThinner,rdfs:subClassOf,rc:ConsumableProduct
rc:PaintThinner,rdfs:subClassOf,owl:Thing
rc:MineralModel,rdfs:subClassOf,rc:GeologyEarthScience
rc:MineralModel,rdfs:subClassOf,owl:Thing
rc:CoatRack,rdfs:subClassOf,rc:Rack_Holder
rc:CoatRack,rdfs:subClassOf,owl:Thing
rc:EthnicGroupOfComorans,rdfs:subClassOf,rc:EthnicGroupOfAfricans
rc:EthnicGroupOfComorans,rdfs:subClassOf,owl:Thing
rc:EmbroideryEquipment,rdfs:subClassOf,rc:NonPoweredDevice
rc:EmbroideryEquipment,rdfs:subClassOf,owl:Thing
rc:BromineMolecule,rdfs:subClassOf,rc:Bromine
rc:BromineMolecule,rdfs:subClassOf,owl:Thing
rc:PencilLead,rdfs:subClassOf,rc:ConsumableProduct
rc:PencilLead,rdfs:subClassOf,owl:Thing
rc:CosmicBackgroundRadiation,rdfs:subClassOf,rc:ElectromagneticRadiation
rc:CosmicBackgroundRadiation,rdfs:subClassOf,owl:Thing
rc:Diaphragm_Contraceptive,rdfs:subClassOf,rc:ContraceptiveDevice
rc:Diaphragm_Contraceptive,rdfs:subClassOf,owl:Thing
rc:Clown,rdfs:subClassOf,rc:Comedian
rc:Clown,rdfs:subClassOf,rc:StagePerformer
rc:Clown,rdfs:subClassOf,owl:Thing
rc:ComputerModel,rdfs:subClassOf,rc:ComputerCode_Source
rc:ComputerModel,rdfs:subClassOf,rc:StructurallySpecificWork
rc:ComputerModel,rdfs:subClassOf,owl:Thing
rc:Lumber,rdfs:subClassOf,rc:BuildingMaterial
rc:Lumber,rdfs:subClassOf,rc:Woodwork
rc:Lumber,rdfs:subClassOf,owl:Thing
rc:KoolAid,rdfs:subClassOf,rc:ArtificialDrink
rc:KoolAid,rdfs:subClassOf,owl:Thing
rc:SportsAttendance,rdfs:subClassOf,rc:Attendance
rc:SportsAttendance,rdfs:subClassOf,owl:Thing
rc:PopulationOfBLOs,rdfs:subClassOf,rc:GeographicalQuantity
rc:PopulationOfBLOs,rdfs:subClassOf,owl:Thing
rc:MRIMachine,rdfs:subClassOf,rc:MagneticDevice
rc:MRIMachine,rdfs:subClassOf,owl:Thing
rc:PhotocopyMachine,rdfs:subClassOf,rc:ElectronicDevice
rc:PhotocopyMachine,rdfs:subClassOf,owl:Thing
rc:T_Shirt,rdfs:subClassOf,rc:SportingGoodsMarketCategory
rc:T_Shirt,rdfs:subClassOf,owl:Thing
rc:Archive,rdfs:subClassOf,rc:InformationBearingObject
rc:Archive,rdfs:subClassOf,owl:Thing
rc:ComputerIBT,rdfs:subClassOf,rc:InformationBearingThing
rc:ComputerIBT,rdfs:subClassOf,owl:Thing
rc:EthnicGroupOfHazara,rdfs:subClassOf,rc:EthnicGroupOfAsians
rc:EthnicGroupOfHazara,rdfs:subClassOf,owl:Thing
rc:TongueDepressor,rdfs:subClassOf,rc:Device_OneTimeUse
rc:TongueDepressor,rdfs:subClassOf,rc:NonPoweredDevice
rc:TongueDepressor,rdfs:subClassOf,rc:Woodwork
rc:TongueDepressor,rdfs:subClassOf,owl:Thing
rc:DomesticCleaningTool,rdfs:subClassOf,rc:CleaningDevice
rc:DomesticCleaningTool,rdfs:subClassOf,owl:Thing
rc:BeauxArtsArchitecturalStyle,rdfs:subClassOf,rc:NeoclassicArchitecturalStyle
rc:BeauxArtsArchitecturalStyle,rdfs:subClassOf,owl:Thing
rc:AnimalSensoryQuantity,rdfs:subClassOf,rc:SensoryQuantity
rc:AnimalSensoryQuantity,rdfs:subClassOf,owl:Thing
rc:CoolingDevice,rdfs:subClassOf,rc:DeviceTypeByFunction
rc:CoolingDevice,rdfs:subClassOf,owl:Thing
rc:StripOfWoodOrMetal,rdfs:subClassOf,rc:Strip_Artifact
rc:StripOfWoodOrMetal,rdfs:subClassOf,owl:Thing
rc:ChildrensLiteratureCriticism,rdfs:subClassOf,rc:PropositionalConceptualWork_LiteraryCriticismGenre
rc:ChildrensLiteratureCriticism,rdfs:subClassOf,owl:Thing
rc:EthnicGroupOfBasques,rdfs:subClassOf,rc:EthnicGroupOfEuropeans
rc:EthnicGroupOfBasques,rdfs:subClassOf,owl:Thing
rc:List,rdfs:subClassOf,rc:Tuple
rc:List,rdfs:subClassOf,owl:Thing
rc:AntiKurdism,rdfs:subClassOf,rc:EthnicGroupOfKurds
rc:AntiKurdism,rdfs:subClassOf,owl:Thing
rc:NonNegativeInteger,rdfs:subClassOf,rc:NonNegativeNumber
rc:NonNegativeInteger,rdfs:subClassOf,owl:Thing
rc:ProductRecall,rdfs:subClassOf,rc:CommercialActivity
rc:ProductRecall,rdfs:subClassOf,owl:Thing
rc:OrderOfMagnitudeInterval,rdfs:subClassOf,rc:Quantity
rc:OrderOfMagnitudeInterval,rdfs:subClassOf,rc:ScalarProperInterval
rc:OrderOfMagnitudeInterval,rdfs:subClassOf,owl:Thing
rc:IPad,rdfs:subClassOf,rc:PersonalAudioPlayer
rc:IPad,rdfs:subClassOf,owl:Thing
rc:GolfBall,rdfs:subClassOf,rc:Device_SingleUser
rc:GolfBall,rdfs:subClassOf,owl:Thing
rc:ConstructivistArchitecture,rdfs:subClassOf,rc:ArchitecturalTypeByStyle
rc:ConstructivistArchitecture,rdfs:subClassOf,owl:Thing
rc:Correspondence,rdfs:subClassOf,rc:Letter
rc:Correspondence,rdfs:subClassOf,owl:Thing
rc:Tax_COC,rdfs:subClassOf,rc:GovernmentCOC
rc:Tax_COC,rdfs:subClassOf,owl:Thing
rc:Fur,rdfs:subClassOf,rc:ProtectiveSystem
rc:Fur,rdfs:subClassOf,owl:Thing
rc:Chaos,rdfs:subClassOf,rc:RandomFrequency
rc:Chaos,rdfs:subClassOf,owl:Thing
rc:AwardObject,rdfs:subClassOf,rc:DevisedPracticeOrWork
rc:AwardObject,rdfs:subClassOf,owl:Thing
rc:RegressionAnalysis,rdfs:subClassOf,rc:MathematicalMethod
rc:RegressionAnalysis,rdfs:subClassOf,rc:MethodologyAnalysis
rc:RegressionAnalysis,rdfs:subClassOf,owl:Thing
rc:HonoraryDegree,rdfs:subClassOf,rc:HigherEducationDegree
rc:HonoraryDegree,rdfs:subClassOf,owl:Thing
rc:WesternGenreAnimation,rdfs:subClassOf,rc:PropositionalConceptualWork_WesternGenre
rc:WesternGenreAnimation,rdfs:subClassOf,owl:Thing
rc:BloodTypeABPositive,rdfs:subClassOf,rc:BloodType
rc:BloodTypeABPositive,rdfs:subClassOf,owl:Thing
rc:EasternHorizon,rdfs:subClassOf,rc:Horizon
rc:EasternHorizon,rdfs:subClassOf,owl:Thing
rc:BehistunInscription,rdfs:subClassOf,rc:AkkadianLiterature
rc:BehistunInscription,rdfs:subClassOf,owl:Thing
rc:PayPhone,rdfs:subClassOf,rc:LandlineTelephone
rc:PayPhone,rdfs:subClassOf,owl:Thing
rc:Energetics,rdfs:subClassOf,rc:EnergyStuff
rc:Energetics,rdfs:subClassOf,owl:Thing
rc:ScriptTypeface,rdfs:subClassOf,rc:Calligraphy
rc:ScriptTypeface,rdfs:subClassOf,owl:Thing
rc:Anatomy,rdfs:subClassOf,rc:FunctionalSystem
rc:Anatomy,rdfs:subClassOf,owl:Thing
rc:Manifesto,rdfs:subClassOf,rc:VerbalOrWrittenWork
rc:Manifesto,rdfs:subClassOf,owl:Thing
rc:CentralAsianPeople,rdfs:subClassOf,rc:EthnicGroupOfAsians
rc:CentralAsianPeople,rdfs:subClassOf,owl:Thing
rc:Clothing,rdfs:subClassOf,rc:NonPoweredDevice
rc:Clothing,rdfs:subClassOf,owl:Thing
rc:MythologicalPlace,rdfs:subClassOf,rc:FictionalPlace
rc:MythologicalPlace,rdfs:subClassOf,rc:MythologicalThing
rc:MythologicalPlace,rdfs:subClassOf,owl:Thing
rc:EroticArt,rdfs:subClassOf,rc:Erotica
rc:EroticArt,rdfs:subClassOf,owl:Thing
rc:WesternHorizon,rdfs:subClassOf,rc:Horizon
rc:WesternHorizon,rdfs:subClassOf,owl:Thing
rc:Asphalt,rdfs:subClassOf,rc:ArtificialMaterial
rc:Asphalt,rdfs:subClassOf,rc:SolidTangibleArtifact
rc:Asphalt,rdfs:subClassOf,owl:Thing
rc:MinisterOfState_HeadOfGovernment,rdfs:subClassOf,rc:HeadOfGovernment
rc:MinisterOfState_HeadOfGovernment,rdfs:subClassOf,owl:Thing
rc:SaltyOdor,rdfs:subClassOf,rc:Odor
rc:SaltyOdor,rdfs:subClassOf,owl:Thing
rc:EthnicGroupOfSomali,rdfs:subClassOf,rc:EthnicGroupOfAfricans
rc:EthnicGroupOfSomali,rdfs:subClassOf,owl:Thing
rc:PhysicallyRestricted,rdfs:subClassOf,rc:LimitedAccess
rc:PhysicallyRestricted,rdfs:subClassOf,owl:Thing
rc:NewsArticle,rdfs:subClassOf,rc:ExpositoryArticle
rc:NewsArticle,rdfs:subClassOf,owl:Thing
rc:Sensibility,rdfs:subClassOf,rc:LevelOfRenown
rc:Sensibility,rdfs:subClassOf,owl:Thing
rc:EthnicGroupOfHispanics,rdfs:subClassOf,rc:EthnicGroup
rc:EthnicGroupOfHispanics,rdfs:subClassOf,owl:Thing
rc:CodeOfConduct,rdfs:subClassOf,rc:NormativeSpecification
rc:CodeOfConduct,rdfs:subClassOf,owl:Thing
rc:WaterPollution,rdfs:subClassOf,rc:Pollutant
rc:WaterPollution,rdfs:subClassOf,owl:Thing
rc:HerbalDrugSubstance,rdfs:subClassOf,rc:CrudeDrug
rc:HerbalDrugSubstance,rdfs:subClassOf,owl:Thing
rc:GraphicDesign,rdfs:subClassOf,rc:AppliedDesignFieldOfStudy
rc:GraphicDesign,rdfs:subClassOf,owl:Thing
rc:PalladianRevivalArchitecture,rdfs:subClassOf,rc:PalladianArchitecture
rc:PalladianRevivalArchitecture,rdfs:subClassOf,owl:Thing
rc:ElectricShaver,rdfs:subClassOf,rc:DomesticBathAppliance
rc:ElectricShaver,rdfs:subClassOf,rc:Razor
rc:ElectricShaver,rdfs:subClassOf,rc:ShavingSuppliesMarketCategory
rc:ElectricShaver,rdfs:subClassOf,owl:Thing
rc:FencingEpee,rdfs:subClassOf,rc:Device_UserControlled
rc:FencingEpee,rdfs:subClassOf,owl:Thing
rc:ComputerNetwork,rdfs:subClassOf,rc:ComputerAsSystem
rc:ComputerNetwork,rdfs:subClassOf,rc:ConnectedPathSystem
rc:ComputerNetwork,rdfs:subClassOf,rc:PhysicalSystem
rc:ComputerNetwork,rdfs:subClassOf,rc:SystemOfDevices
rc:ComputerNetwork,rdfs:subClassOf,owl:Thing
rc:Peeler_Device,rdfs:subClassOf,rc:CuttingDevice
rc:Peeler_Device,rdfs:subClassOf,rc:DomesticKitchenTool
rc:Peeler_Device,rdfs:subClassOf,owl:Thing
rc:MethodEngineering,rdfs:subClassOf,rc:SoftwareDevelopmentProcess_Complete
rc:MethodEngineering,rdfs:subClassOf,owl:Thing
rc:MathematicalTypeface,rdfs:subClassOf,rc:MathematicalNotation
rc:MathematicalTypeface,rdfs:subClassOf,owl:Thing
rc:SolarPowerAndSpace,rdfs:subClassOf,rc:SpaceMission
rc:SolarPowerAndSpace,rdfs:subClassOf,owl:Thing
rc:FishTrap,rdfs:subClassOf,rc:TrapDevice
rc:FishTrap,rdfs:subClassOf,owl:Thing
rc:Airplane,rdfs:subClassOf,rc:FuelPoweredDevice
rc:Airplane,rdfs:subClassOf,owl:Thing
rc:SportsEquipment,rdfs:subClassOf,rc:RecreationEquipment
rc:SportsEquipment,rdfs:subClassOf,rc:SportingGoodsMarketCategory
rc:SportsEquipment,rdfs:subClassOf,owl:Thing
rc:MathematicalLogicHierarchy,rdfs:subClassOf,rc:MathematicalLogic
rc:MathematicalLogicHierarchy,rdfs:subClassOf,owl:Thing
rc:NumericString,rdfs:subClassOf,rc:AbstractInformationStructure
rc:NumericString,rdfs:subClassOf,owl:Thing
rc:OnlineNewsArticle,rdfs:subClassOf,rc:OnlineArticle
rc:OnlineNewsArticle,rdfs:subClassOf,owl:Thing
rc:VehicleBrakeSystem,rdfs:subClassOf,rc:Device_UserControlled
rc:VehicleBrakeSystem,rdfs:subClassOf,owl:Thing
rc:Strength,rdfs:subClassOf,rc:NonAspectualQuantity
rc:Strength,rdfs:subClassOf,rc:PerformanceLevelQuantity
rc:Strength,rdfs:subClassOf,rc:PhysiologicalQuantity
rc:Strength,rdfs:subClassOf,owl:Thing
rc:ApartmentBuilding,rdfs:subClassOf,rc:ApartmentComplex
rc:ApartmentBuilding,rdfs:subClassOf,owl:Thing
rc:ParatransitService,rdfs:subClassOf,rc:MassTransitSystem
rc:ParatransitService,rdfs:subClassOf,owl:Thing
rc:CoaxialCable,rdfs:subClassOf,rc:ElectricalCable
rc:CoaxialCable,rdfs:subClassOf,rc:Path_InfoTransfer
rc:CoaxialCable,rdfs:subClassOf,owl:Thing
rc:LuggageOrganizer,rdfs:subClassOf,rc:Organizer
rc:LuggageOrganizer,rdfs:subClassOf,owl:Thing
rc:Dragon,rdfs:subClassOf,rc:MythologicalMonster
rc:Dragon,rdfs:subClassOf,owl:Thing
rc:ListOfHeadsOfStateOfTheSovietUnion,rdfs:subClassOf,rc:HeadOfGovernment
rc:ListOfHeadsOfStateOfTheSovietUnion,rdfs:subClassOf,owl:Thing
rc:EthnicGroupOfHutu,rdfs:subClassOf,rc:EthnicGroupOfAfricans
rc:EthnicGroupOfHutu,rdfs:subClassOf,owl:Thing
rc:ScientificObservation,rdfs:subClassOf,rc:Observation
rc:ScientificObservation,rdfs:subClassOf,owl:Thing
rc:ElectricalQuantity,rdfs:subClassOf,rc:PhysicalQuantity
rc:ElectricalQuantity,rdfs:subClassOf,owl:Thing
rc:BookCopy,rdfs:subClassOf,rc:Book
rc:BookCopy,rdfs:subClassOf,rc:BooksAndMagazinesMarketCategory
rc:BookCopy,rdfs:subClassOf,rc:PublishedIBT
rc:BookCopy,rdfs:subClassOf,owl:Thing
rc:ArtSuppliesMarketCategory,rdfs:subClassOf,rc:ConsumerGood
rc:ArtSuppliesMarketCategory,rdfs:subClassOf,rc:ProductTypeByMarketCategory
rc:ArtSuppliesMarketCategory,rdfs:subClassOf,owl:Thing
rc:RoadVehicle_Electric,rdfs:subClassOf,rc:AutomotiveDevice
rc:RoadVehicle_Electric,rdfs:subClassOf,owl:Thing
rc:VehicleRental,rdfs:subClassOf,rc:PassengerRoadTransportation
rc:VehicleRental,rdfs:subClassOf,owl:Thing
rc:LowFrequencyEMRadiation,rdfs:subClassOf,rc:ElectromagneticRadiation
rc:LowFrequencyEMRadiation,rdfs:subClassOf,owl:Thing
rc:Muppet_FictionalCharacter,rdfs:subClassOf,rc:FictionalCharacter
rc:Muppet_FictionalCharacter,rdfs:subClassOf,owl:Thing
rc:HealthResearch,rdfs:subClassOf,rc:HealthcareService
rc:HealthResearch,rdfs:subClassOf,owl:Thing
rc:UniqueID,rdfs:subClassOf,rc:IDObject
rc:UniqueID,rdfs:subClassOf,owl:Thing
rc:FemaleBisexuality,rdfs:subClassOf,rc:BisexualHuman
rc:FemaleBisexuality,rdfs:subClassOf,owl:Thing
rc:KnifeSharpener,rdfs:subClassOf,rc:SinglePurposeDevice
rc:KnifeSharpener,rdfs:subClassOf,owl:Thing
rc:House,rdfs:subClassOf,rc:PrefabricatedResidentialBuildingStructure
rc:House,rdfs:subClassOf,owl:Thing
rc:SatireMovie,rdfs:subClassOf,rc:PropositionalConceptualWork_SatireGenre
rc:SatireMovie,rdfs:subClassOf,owl:Thing
rc:Detonator,rdfs:subClassOf,rc:ExplosiveDevice
rc:Detonator,rdfs:subClassOf,owl:Thing
rc:InformationPrivacy,rdfs:subClassOf,rc:PrivacyLevel
rc:InformationPrivacy,rdfs:subClassOf,owl:Thing
rc:BotulinumToxin_Aerosolized,rdfs:subClassOf,rc:NoOdor
rc:BotulinumToxin_Aerosolized,rdfs:subClassOf,rc:NoTaste
rc:BotulinumToxin_Aerosolized,rdfs:subClassOf,owl:Thing
rc:Flashlight,rdfs:subClassOf,rc:BatteryPoweredDevice
rc:Flashlight,rdfs:subClassOf,rc:CampingOutdoorEquipment
rc:Flashlight,rdfs:subClassOf,rc:HardwareMarketCategory
rc:Flashlight,rdfs:subClassOf,owl:Thing
rc:Modernism,rdfs:subClassOf,rc:Modernity
rc:Modernism,rdfs:subClassOf,owl:Thing
rc:CardFile,rdfs:subClassOf,rc:MechanicalDevice
rc:CardFile,rdfs:subClassOf,rc:StationeryProduct
rc:CardFile,rdfs:subClassOf,owl:Thing
rc:CoatHanger,rdfs:subClassOf,rc:Hanger_Generic
rc:CoatHanger,rdfs:subClassOf,owl:Thing
rc:ClassificationOfMinerals,rdfs:subClassOf,rc:Mineralogy
rc:ClassificationOfMinerals,rdfs:subClassOf,owl:Thing
rc:Electrocardiogram,rdfs:subClassOf,rc:MedicalProcedure_Diagnostic
rc:Electrocardiogram,rdfs:subClassOf,owl:Thing
rc:Gigartinales,rdfs:subClassOf,rc:Rhodophyta
rc:Gigartinales,rdfs:subClassOf,owl:Thing
rc:PalmtopComputer,rdfs:subClassOf,rc:BatteryPoweredDevice
rc:PalmtopComputer,rdfs:subClassOf,owl:Thing
rc:NikolaTesla,rdfs:subClassOf,rc:Inventor
rc:NikolaTesla,rdfs:subClassOf,owl:Thing
rc:FibonacciNumber,rdfs:subClassOf,rc:GoldenRatio_Number
rc:FibonacciNumber,rdfs:subClassOf,owl:Thing
rc:EthnicGroupOfLuo,rdfs:subClassOf,rc:EthnicGroupOfAfricans
rc:EthnicGroupOfLuo,rdfs:subClassOf,owl:Thing
rc:BedsAndMattressesMarketCategory,rdfs:subClassOf,rc:ProductTypeByMarketCategory
rc:BedsAndMattressesMarketCategory,rdfs:subClassOf,owl:Thing
rc:Geocode,rdfs:subClassOf,rc:Cartography
rc:Geocode,rdfs:subClassOf,rc:IDString
rc:Geocode,rdfs:subClassOf,owl:Thing
rc:BloodSample,rdfs:subClassOf,rc:ExtractedSample
rc:BloodSample,rdfs:subClassOf,owl:Thing
rc:MakingABankWithdrawal,rdfs:subClassOf,rc:BankingInvestment
rc:MakingABankWithdrawal,rdfs:subClassOf,owl:Thing
rc:AsianWomen,rdfs:subClassOf,rc:EthnicGroupOfAsians
rc:AsianWomen,rdfs:subClassOf,owl:Thing
rc:FerrousHydroxide,rdfs:subClassOf,rc:InorganicOxide
rc:FerrousHydroxide,rdfs:subClassOf,owl:Thing
rc:Flexibility,rdfs:subClassOf,rc:PerformanceLevelQuantity
rc:Flexibility,rdfs:subClassOf,owl:Thing
rc:PaperGroceryBag,rdfs:subClassOf,rc:GroceryBag
rc:PaperGroceryBag,rdfs:subClassOf,owl:Thing
rc:Aerodynamics,rdfs:subClassOf,rc:TechnologyByType
rc:Aerodynamics,rdfs:subClassOf,owl:Thing
rc:Amazon_Warrior,rdfs:subClassOf,rc:Fictional_FemaleHuman
rc:Amazon_Warrior,rdfs:subClassOf,rc:MythologicalPeople
rc:Amazon_Warrior,rdfs:subClassOf,owl:Thing
rc:ArtificialFoodColoring,rdfs:subClassOf,rc:ArtificialMaterial
rc:ArtificialFoodColoring,rdfs:subClassOf,owl:Thing
rc:Repository,rdfs:subClassOf,rc:StorageConstruct
rc:Repository,rdfs:subClassOf,owl:Thing
rc:PenTip,rdfs:subClassOf,rc:SinglePurposeDevice
rc:PenTip,rdfs:subClassOf,owl:Thing
rc:Embargo,rdfs:subClassOf,rc:InternationalEconomics
rc:Embargo,rdfs:subClassOf,rc:MaintenanceOfInternationalPeaceSecurity
rc:Embargo,rdfs:subClassOf,rc:PoliticalEvent
rc:Embargo,rdfs:subClassOf,owl:Thing
rc:EthnicGroupOfGermans,rdfs:subClassOf,rc:EthnicGroupOfEuropeans
rc:EthnicGroupOfGermans,rdfs:subClassOf,owl:Thing
rc:OldAge,rdfs:subClassOf,rc:HumanTypeByLifeStageType
rc:OldAge,rdfs:subClassOf,owl:Thing
rc:VirginiaFox,rdfs:subClassOf,rc:ActorInMovies
rc:VirginiaFox,rdfs:subClassOf,owl:Thing
rc:DomesticPetProduct,rdfs:subClassOf,rc:ConsumerGood
rc:DomesticPetProduct,rdfs:subClassOf,owl:Thing
kko:Symbolic,rdfs:subClassOf,owl:Thing
rc:ContractDocument,rdfs:subClassOf,rc:FinancialDocument
rc:ContractDocument,rdfs:subClassOf,owl:Thing
rc:HardwareRouter,rdfs:subClassOf,rc:NetworkServiceEquipment
rc:HardwareRouter,rdfs:subClassOf,owl:Thing
rc:CompletedStatus,rdfs:subClassOf,rc:NonNumericScalarQuantity
rc:CompletedStatus,rdfs:subClassOf,owl:Thing
rc:ThomasEdison,rdfs:subClassOf,rc:Inventor
rc:ThomasEdison,rdfs:subClassOf,owl:Thing
rc:OnionRing,rdfs:subClassOf,rc:SaltyTaste
rc:OnionRing,rdfs:subClassOf,owl:Thing
rc:Waiter,rdfs:subClassOf,rc:MaleHuman
rc:Waiter,rdfs:subClassOf,owl:Thing
rc:AshkenaziJews,rdfs:subClassOf,rc:EthnicGroup
rc:AshkenaziJews,rdfs:subClassOf,owl:Thing
rc:CoffeeBush,rdfs:subClassOf,rc:Rubiaceae
rc:CoffeeBush,rdfs:subClassOf,owl:Thing
rc:Bridle,rdfs:subClassOf,rc:SinglePurposeDevice
rc:Bridle,rdfs:subClassOf,owl:Thing
rc:FlightDeckCruiser,rdfs:subClassOf,rc:Cruiser
rc:FlightDeckCruiser,rdfs:subClassOf,owl:Thing
rc:Seatbelt_Automatic,rdfs:subClassOf,rc:SelfPoweredDevice
rc:Seatbelt_Automatic,rdfs:subClassOf,owl:Thing
rc:CommercialActivity,rdfs:subClassOf,rc:Economics
rc:CommercialActivity,rdfs:subClassOf,rc:Socioeconomics
rc:CommercialActivity,rdfs:subClassOf,owl:Thing
rc:EconomicAgreement,rdfs:subClassOf,rc:Obligation
rc:EconomicAgreement,rdfs:subClassOf,owl:Thing
rc:Velocity,rdfs:subClassOf,rc:RateOfChangeInQuantity_Speed
rc:Velocity,rdfs:subClassOf,owl:Thing
rc:AircraftTypeByBrand,rdfs:subClassOf,rc:VehiclesByBrand
rc:AircraftTypeByBrand,rdfs:subClassOf,owl:Thing
rc:AcousticWeapon,rdfs:subClassOf,rc:MechanicalDevice
rc:AcousticWeapon,rdfs:subClassOf,owl:Thing
rc:TowelRack,rdfs:subClassOf,rc:Rack_Holder
rc:TowelRack,rdfs:subClassOf,owl:Thing
rc:Moonlight,rdfs:subClassOf,rc:VisibleLight
rc:Moonlight,rdfs:subClassOf,owl:Thing
rc:KabbalisticWordOrPhrase,rdfs:subClassOf,rc:Kabbalah
rc:KabbalisticWordOrPhrase,rdfs:subClassOf,owl:Thing
rc:PharmacyFormalProductType,rdfs:subClassOf,rc:ProductTypeByBrandVersion
rc:PharmacyFormalProductType,rdfs:subClassOf,owl:Thing
rc:WrittenLegalAgreement,rdfs:subClassOf,rc:NonfictionalPCW
rc:WrittenLegalAgreement,rdfs:subClassOf,owl:Thing
rc:DrugBrandName,rdfs:subClassOf,rc:ProductTypeByBrand
rc:DrugBrandName,rdfs:subClassOf,owl:Thing
rc:Ceasefire,rdfs:subClassOf,rc:Politics
rc:Ceasefire,rdfs:subClassOf,owl:Thing
rc:MedicalImaging,rdfs:subClassOf,rc:Imaging
rc:MedicalImaging,rdfs:subClassOf,owl:Thing
rc:ElectricalMedicalDevice,rdfs:subClassOf,rc:ElectricalDevice
rc:ElectricalMedicalDevice,rdfs:subClassOf,owl:Thing
rc:Atlantis,rdfs:subClassOf,rc:MythologicalPlace
rc:Atlantis,rdfs:subClassOf,owl:Thing
rc:Gallery_ArtDisplayStructure,rdfs:subClassOf,rc:CommercialFacility
rc:Gallery_ArtDisplayStructure,rdfs:subClassOf,owl:Thing
rc:Sorceress,rdfs:subClassOf,rc:FemaleHuman
rc:Sorceress,rdfs:subClassOf,owl:Thing
rc:GreekArchitecturalStyle,rdfs:subClassOf,rc:ArchitecturalTypeByStyle
rc:GreekArchitecturalStyle,rdfs:subClassOf,owl:Thing
rc:GovernmentPaidService,rdfs:subClassOf,rc:PoliticsCivicAffairsService
rc:GovernmentPaidService,rdfs:subClassOf,owl:Thing
rc:Network,rdfs:subClassOf,rc:PathSystem
rc:Network,rdfs:subClassOf,owl:Thing
rc:Thermostat,rdfs:subClassOf,rc:ControlDevice
rc:Thermostat,rdfs:subClassOf,owl:Thing
rc:EthnicGroupOfNativeAmericansOfTheUS,rdfs:subClassOf,rc:EthnicGroupOfNorthAmericanNatives
rc:EthnicGroupOfNativeAmericansOfTheUS,rdfs:subClassOf,owl:Thing
rc:AwardCertificate,rdfs:subClassOf,rc:AwardObject
rc:AwardCertificate,rdfs:subClassOf,rc:SheetOfPaper
rc:AwardCertificate,rdfs:subClassOf,owl:Thing
rc:BusinessCenter,rdfs:subClassOf,rc:BuildingCluster
rc:BusinessCenter,rdfs:subClassOf,owl:Thing
rc:GingerPlant,rdfs:subClassOf,rc:Zingiberales
rc:GingerPlant,rdfs:subClassOf,owl:Thing
rc:InformationStorageDevice,rdfs:subClassOf,rc:DeviceTypeByFunction
rc:InformationStorageDevice,rdfs:subClassOf,owl:Thing
rc:HeadMountedDisplay,rdfs:subClassOf,rc:Eyewear
rc:HeadMountedDisplay,rdfs:subClassOf,owl:Thing
rc:BengaliZamindars,rdfs:subClassOf,rc:EthnicGroupOfBengalis
rc:BengaliZamindars,rdfs:subClassOf,owl:Thing
rc:Banshee,rdfs:subClassOf,rc:MythologicalCreature
rc:Banshee,rdfs:subClassOf,rc:SupernaturalBeing
rc:Banshee,rdfs:subClassOf,owl:Thing
rc:Telescope,rdfs:subClassOf,rc:Device_SingleUser
rc:Telescope,rdfs:subClassOf,owl:Thing
rc:EmissionsTrading,rdfs:subClassOf,rc:Sustainability
rc:EmissionsTrading,rdfs:subClassOf,owl:Thing
rc:FamilyMovie,rdfs:subClassOf,rc:PropositionalConceptualWork_FamilyGenre
rc:FamilyMovie,rdfs:subClassOf,owl:Thing
rc:FrameOfReference,rdfs:subClassOf,rc:MathematicalObject
rc:FrameOfReference,rdfs:subClassOf,owl:Thing
rc:RomanEmpireArt,rdfs:subClassOf,rc:AncientNearEastArtAndArchitecture
rc:RomanEmpireArt,rdfs:subClassOf,owl:Thing
rc:Sculpture,rdfs:subClassOf,rc:SolidTangibleArtifact
rc:Sculpture,rdfs:subClassOf,owl:Thing
rc:KingLouisXIV,rdfs:subClassOf,rc:King_HeadOfState
rc:KingLouisXIV,rdfs:subClassOf,owl:Thing
rc:ScientificTechnique,rdfs:subClassOf,rc:TechniqueType
rc:ScientificTechnique,rdfs:subClassOf,owl:Thing
rc:TVShowOnNature,rdfs:subClassOf,rc:PropositionalConceptualWork_EducationalGenre
rc:TVShowOnNature,rdfs:subClassOf,owl:Thing
rc:Colander,rdfs:subClassOf,rc:PhysicalFilter
rc:Colander,rdfs:subClassOf,owl:Thing
rc:Vegetarianism,rdfs:subClassOf,rc:EatingBehavior
rc:Vegetarianism,rdfs:subClassOf,owl:Thing
rc:IndianTamilPeople,rdfs:subClassOf,rc:EthnicGroupOfTamils
rc:IndianTamilPeople,rdfs:subClassOf,owl:Thing
rc:Bangiophyceae,rdfs:subClassOf,rc:RedAlgae
rc:Bangiophyceae,rdfs:subClassOf,owl:Thing
rc:Set_Mathematical,rdfs:subClassOf,rc:SetOrCollection
rc:Set_Mathematical,rdfs:subClassOf,owl:Thing
rc:CeleryPlant,rdfs:subClassOf,rc:Apiaceae
rc:CeleryPlant,rdfs:subClassOf,rc:NonFloweringPlant
rc:CeleryPlant,rdfs:subClassOf,owl:Thing
rc:EthnicGroupOfSwazi,rdfs:subClassOf,rc:EthnicGroupOfAfricans
rc:EthnicGroupOfSwazi,rdfs:subClassOf,owl:Thing
rc:Bellboy,rdfs:subClassOf,rc:MaleHuman
rc:Bellboy,rdfs:subClassOf,owl:Thing
rc:RemoteStarter,rdfs:subClassOf,rc:AutomotiveDevice
rc:RemoteStarter,rdfs:subClassOf,owl:Thing
rc:OrganicSynthesis,rdfs:subClassOf,rc:ChemicalSynthesis
rc:OrganicSynthesis,rdfs:subClassOf,owl:Thing
rc:TelephoneWire,rdfs:subClassOf,rc:Path_InfoTransfer
rc:TelephoneWire,rdfs:subClassOf,owl:Thing
rc:Carolingian_Monarch_HeadOfState,rdfs:subClassOf,rc:Monarch_HeadOfState
rc:Carolingian_Monarch_HeadOfState,rdfs:subClassOf,owl:Thing
rc:Bench_PieceOfFurniture,rdfs:subClassOf,rc:NonPoweredDevice
rc:Bench_PieceOfFurniture,rdfs:subClassOf,rc:Object_SupportingFurniture
rc:Bench_PieceOfFurniture,rdfs:subClassOf,rc:SeatingDevice
rc:Bench_PieceOfFurniture,rdfs:subClassOf,owl:Thing
rc:EthnicGroupOfBlacksOfTheUK,rdfs:subClassOf,rc:EthnicGroupOfBlacks
rc:EthnicGroupOfBlacksOfTheUK,rdfs:subClassOf,owl:Thing
rc:VeryAlert,rdfs:subClassOf,rc:Awake
rc:VeryAlert,rdfs:subClassOf,owl:Thing
rc:DigitalElectronics,rdfs:subClassOf,rc:ElectronicDevice
rc:DigitalElectronics,rdfs:subClassOf,owl:Thing
rc:Insignia,rdfs:subClassOf,rc:Symbol
rc:Insignia,rdfs:subClassOf,rc:SymbolicObject
rc:Insignia,rdfs:subClassOf,owl:Thing
rc:ElectricHairCurler,rdfs:subClassOf,rc:BeautyDevice
rc:ElectricHairCurler,rdfs:subClassOf,rc:DomesticBathAppliance
rc:ElectricHairCurler,rdfs:subClassOf,rc:HeatingDevice
rc:ElectricHairCurler,rdfs:subClassOf,owl:Thing
rc:FreedomOfAction,rdfs:subClassOf,rc:PerformanceLevelQuantity
rc:FreedomOfAction,rdfs:subClassOf,owl:Thing
rc:WarMovie,rdfs:subClassOf,rc:PropositionalConceptualWork_WarGenre
rc:WarMovie,rdfs:subClassOf,owl:Thing
rc:HarvesterAgriculturalImplement,rdfs:subClassOf,rc:InternalCombustionPoweredDevice
rc:HarvesterAgriculturalImplement,rdfs:subClassOf,owl:Thing
rc:Maturity,rdfs:subClassOf,rc:PersonalQuantity
rc:Maturity,rdfs:subClassOf,owl:Thing
rc:CertificationOfApprenticeship,rdfs:subClassOf,rc:EducationalDegree
rc:CertificationOfApprenticeship,rdfs:subClassOf,owl:Thing
rc:Surfactant,rdfs:subClassOf,rc:DomesticCleaningStuff
rc:Surfactant,rdfs:subClassOf,rc:IndustrialCleaningStuff
rc:Surfactant,rdfs:subClassOf,owl:Thing
rc:EthnicGroupOfBamileke,rdfs:subClassOf,rc:EthnicGroupOfAfricans
rc:EthnicGroupOfBamileke,rdfs:subClassOf,owl:Thing
rc:HairDryer,rdfs:subClassOf,rc:AirHeatingDevice
rc:HairDryer,rdfs:subClassOf,rc:BeautyDevice
rc:HairDryer,rdfs:subClassOf,rc:DomesticBathAppliance
rc:HairDryer,rdfs:subClassOf,owl:Thing
rc:Walker_SupportDevice,rdfs:subClassOf,rc:PersonalDevice
rc:Walker_SupportDevice,rdfs:subClassOf,owl:Thing
rc:Pom_Pom,rdfs:subClassOf,rc:Toy
rc:Pom_Pom,rdfs:subClassOf,owl:Thing
rc:Junkyard,rdfs:subClassOf,rc:CommercialFacility
rc:Junkyard,rdfs:subClassOf,owl:Thing
rc:ComputerIcon,rdfs:subClassOf,rc:IconicInformation
rc:ComputerIcon,rdfs:subClassOf,rc:SymbolicThing
rc:ComputerIcon,rdfs:subClassOf,owl:Thing
rc:ElegantClothingStyle,rdfs:subClassOf,rc:LuxuryItem
rc:ElegantClothingStyle,rdfs:subClassOf,owl:Thing
rc:Pacifier,rdfs:subClassOf,rc:DeviceWithNoMovingParts
rc:Pacifier,rdfs:subClassOf,rc:NonPoweredDevice
rc:Pacifier,rdfs:subClassOf,rc:PersonalDevice
rc:Pacifier,rdfs:subClassOf,owl:Thing
rc:ProjectileWeapon_Fired,rdfs:subClassOf,rc:Device_OneTimeUse
rc:ProjectileWeapon_Fired,rdfs:subClassOf,owl:Thing
rc:Appointment,rdfs:subClassOf,rc:Schedule
rc:Appointment,rdfs:subClassOf,owl:Thing
rc:GovernmentRetirementProgram,rdfs:subClassOf,rc:GovernmentProgram
rc:GovernmentRetirementProgram,rdfs:subClassOf,owl:Thing
rc:BerberNigerien,rdfs:subClassOf,rc:EthnicGroupOfBerbers
rc:BerberNigerien,rdfs:subClassOf,owl:Thing
rc:Inefficient,rdfs:subClassOf,rc:Efficiency
rc:Inefficient,rdfs:subClassOf,owl:Thing
rc:NuclearAircraftCarrier,rdfs:subClassOf,rc:NuclearPoweredDevice
rc:NuclearAircraftCarrier,rdfs:subClassOf,owl:Thing
rc:FamousOrganization,rdfs:subClassOf,rc:FamousIndividual
rc:FamousOrganization,rdfs:subClassOf,owl:Thing
rc:FiberOpticGuidedMissile,rdfs:subClassOf,rc:Device_RemoteControlled
rc:FiberOpticGuidedMissile,rdfs:subClassOf,owl:Thing
rc:CognitiveBias,rdfs:subClassOf,rc:Cognition
rc:CognitiveBias,rdfs:subClassOf,owl:Thing
rc:BlondeHairedHuman,rdfs:subClassOf,rc:HumanHairColor
rc:BlondeHairedHuman,rdfs:subClassOf,owl:Thing
rc:RubeGoldbergDevice,rdfs:subClassOf,rc:MechanicalDevice
rc:RubeGoldbergDevice,rdfs:subClassOf,rc:PoweredDevice
rc:RubeGoldbergDevice,rdfs:subClassOf,owl:Thing
rc:RateOfFire,rdfs:subClassOf,rc:PhysicalQuantity
rc:RateOfFire,rdfs:subClassOf,rc:Rate
rc:RateOfFire,rdfs:subClassOf,owl:Thing
rc:JamesPolk,rdfs:subClassOf,rc:Deceased
rc:JamesPolk,rdfs:subClassOf,rc:UnitedStatesPresident
rc:JamesPolk,rdfs:subClassOf,owl:Thing
rc:EnvironmentalProtection,rdfs:subClassOf,rc:EnvironmentalConservation
rc:EnvironmentalProtection,rdfs:subClassOf,owl:Thing
rc:InterAgentQuantity,rdfs:subClassOf,rc:SocialQuantity
rc:InterAgentQuantity,rdfs:subClassOf,owl:Thing
rc:Shipping,rdfs:subClassOf,rc:ConveyingMaterials
rc:Shipping,rdfs:subClassOf,owl:Thing
rc:TransportationProduct,rdfs:subClassOf,rc:DurableGood
rc:TransportationProduct,rdfs:subClassOf,owl:Thing
rc:Cabinet_StorageConstruction,rdfs:subClassOf,rc:Box_Container
rc:Cabinet_StorageConstruction,rdfs:subClassOf,owl:Thing
rc:EthnicGroupOfAndalusians,rdfs:subClassOf,rc:EthnicGroupOfSpain
rc:EthnicGroupOfAndalusians,rdfs:subClassOf,owl:Thing
rc:Speed,rdfs:subClassOf,rc:PhysicalQuantity
rc:Speed,rdfs:subClassOf,rc:Rate
rc:Speed,rdfs:subClassOf,rc:RatioOfPrimitiveQuantities
rc:Speed,rdfs:subClassOf,rc:TwoDimensionalQuantity
rc:Speed,rdfs:subClassOf,owl:Thing
rc:Supernatural,rdfs:subClassOf,rc:Paranormal
rc:Supernatural,rdfs:subClassOf,owl:Thing
rc:CookieJar,rdfs:subClassOf,rc:NonPoweredDevice
rc:CookieJar,rdfs:subClassOf,owl:Thing
rc:Unit_Volume,rdfs:subClassOf,rc:Volume
rc:Unit_Volume,rdfs:subClassOf,owl:Thing
rc:DosageForm,rdfs:subClassOf,rc:DoseOfDrug
rc:DosageForm,rdfs:subClassOf,owl:Thing
rc:SamplingFrequency,rdfs:subClassOf,rc:Frequency
rc:SamplingFrequency,rdfs:subClassOf,owl:Thing
rc:MovieCharacter,rdfs:subClassOf,rc:FictionalCharacter
rc:MovieCharacter,rdfs:subClassOf,owl:Thing
kko:ConceptualSystems,rdfs:subClassOf,kko:Systems
kko:ConceptualSystems,rdfs:subClassOf,owl:Thing
rc:HolonomicBrainTheory,rdfs:subClassOf,rc:Cognition
rc:HolonomicBrainTheory,rdfs:subClassOf,owl:Thing
rc:Troubadour,rdfs:subClassOf,rc:MusicalPerformer
rc:Troubadour,rdfs:subClassOf,owl:Thing
rc:FerricChloride,rdfs:subClassOf,rc:InorganicHalide
rc:FerricChloride,rdfs:subClassOf,owl:Thing
rc:ThaiWomen,rdfs:subClassOf,rc:EthnicGroupOfThais
rc:ThaiWomen,rdfs:subClassOf,owl:Thing
rc:ClassicalArchitecture,rdfs:subClassOf,rc:ArchitecturalTypeByStyle
rc:ClassicalArchitecture,rdfs:subClassOf,owl:Thing
rc:WristGuard,rdfs:subClassOf,rc:ProtectiveGear
rc:WristGuard,rdfs:subClassOf,owl:Thing
rc:BlowDryer,rdfs:subClassOf,rc:HandTool
rc:BlowDryer,rdfs:subClassOf,rc:SmallApplianceMarketCategory
rc:BlowDryer,rdfs:subClassOf,owl:Thing
rc:DatasetsInMachineLearning,rdfs:subClassOf,rc:Dataset
rc:DatasetsInMachineLearning,rdfs:subClassOf,owl:Thing
rc:PolarizedElectromagneticRadiation,rdfs:subClassOf,rc:ElectromagneticRadiation
rc:PolarizedElectromagneticRadiation,rdfs:subClassOf,owl:Thing
rc:CD_ROM,rdfs:subClassOf,rc:HardDiskDrive
rc:CD_ROM,rdfs:subClassOf,owl:Thing
rc:ThermalProtection,rdfs:subClassOf,rc:Temperature
rc:ThermalProtection,rdfs:subClassOf,owl:Thing
rc:CompassPoint,rdfs:subClassOf,rc:GeographicalDirection_Direct
rc:CompassPoint,rdfs:subClassOf,owl:Thing
rc:Router_Network,rdfs:subClassOf,rc:SinglePurposeDevice
rc:Router_Network,rdfs:subClassOf,owl:Thing
rc:StillCamera_Film,rdfs:subClassOf,rc:FilmCamera
rc:StillCamera_Film,rdfs:subClassOf,rc:StillCamera
rc:StillCamera_Film,rdfs:subClassOf,owl:Thing
rc:CursiveStyleOfWriting,rdfs:subClassOf,rc:StyleAttribute
rc:CursiveStyleOfWriting,rdfs:subClassOf,owl:Thing
rc:SewingMachine,rdfs:subClassOf,rc:MechanicalDevice
rc:SewingMachine,rdfs:subClassOf,owl:Thing
rc:AlarmClock,rdfs:subClassOf,rc:MechanicalDevice
rc:AlarmClock,rdfs:subClassOf,owl:Thing
rc:FascistArchitecture,rdfs:subClassOf,rc:ArchitecturalTypeByStyle
rc:FascistArchitecture,rdfs:subClassOf,owl:Thing
rc:ShearStrength,rdfs:subClassOf,rc:DispositionalQuantity
rc:ShearStrength,rdfs:subClassOf,rc:NonAspectualQuantity
rc:ShearStrength,rdfs:subClassOf,rc:TangiblePhysicalQuantity
rc:ShearStrength,rdfs:subClassOf,owl:Thing
rc:PublicTransportInformationSystem,rdfs:subClassOf,rc:MassTransitSystem
rc:PublicTransportInformationSystem,rdfs:subClassOf,owl:Thing
rc:LargeCardinal,rdfs:subClassOf,rc:DenumerableSetOrCollection
rc:LargeCardinal,rdfs:subClassOf,owl:Thing
rc:PippinidDynasty,rdfs:subClassOf,rc:Carolingian_Monarch_HeadOfState
rc:PippinidDynasty,rdfs:subClassOf,owl:Thing
rc:PositiveInteger,rdfs:subClassOf,rc:NonNegativeInteger
rc:PositiveInteger,rdfs:subClassOf,rc:PositiveNumber
rc:PositiveInteger,rdfs:subClassOf,owl:Thing
rc:JavaScriptBasedCalendarComponent,rdfs:subClassOf,rc:JavaScriptFile
rc:JavaScriptBasedCalendarComponent,rdfs:subClassOf,owl:Thing
rc:Rosemary,rdfs:subClassOf,rc:Lamiaceae
rc:Rosemary,rdfs:subClassOf,owl:Thing
rc:NewCriticism,rdfs:subClassOf,rc:PropositionalConceptualWork_LiteraryCriticismGenre
rc:NewCriticism,rdfs:subClassOf,owl:Thing
rc:EthnicGroupOfTumbuko,rdfs:subClassOf,rc:EthnicGroupOfAfricans
rc:EthnicGroupOfTumbuko,rdfs:subClassOf,owl:Thing
rc:CatalyticCracker,rdfs:subClassOf,rc:PetroleumProcessingEquipment
rc:CatalyticCracker,rdfs:subClassOf,owl:Thing
rc:CostaRicanDiaspora,rdfs:subClassOf,rc:Diaspora
rc:CostaRicanDiaspora,rdfs:subClassOf,owl:Thing
rc:AirplaneWing,rdfs:subClassOf,rc:MechanicalDevice
rc:AirplaneWing,rdfs:subClassOf,owl:Thing
rc:RealNumber,rdfs:subClassOf,rc:ComplexNumber
rc:RealNumber,rdfs:subClassOf,rc:ContinuousIntervalOnNumberLine
rc:RealNumber,rdfs:subClassOf,rc:ExtendedRealNumber
rc:RealNumber,rdfs:subClassOf,owl:Thing
rc:OccupationalPhysicalEnvironmentalQuantity,rdfs:subClassOf,rc:EnvironmentalQuantity
rc:OccupationalPhysicalEnvironmentalQuantity,rdfs:subClassOf,owl:Thing
rc:BrickGothic,rdfs:subClassOf,rc:GothicArchitecturalStyle
rc:BrickGothic,rdfs:subClassOf,owl:Thing
rc:ZincHydroxide,rdfs:subClassOf,rc:InorganicOxide
rc:ZincHydroxide,rdfs:subClassOf,owl:Thing
rc:HardwareMarketCategory,rdfs:subClassOf,rc:ConsumerGood
rc:HardwareMarketCategory,rdfs:subClassOf,rc:ProductTypeByMarketCategory
rc:HardwareMarketCategory,rdfs:subClassOf,owl:Thing
rc:Stairway,rdfs:subClassOf,rc:StairStairway
rc:Stairway,rdfs:subClassOf,owl:Thing
rc:NorthAfricanDiaspora,rdfs:subClassOf,rc:Diaspora
rc:NorthAfricanDiaspora,rdfs:subClassOf,rc:EthnicGroupOfAfricans
rc:NorthAfricanDiaspora,rdfs:subClassOf,owl:Thing
rc:Fiber,rdfs:subClassOf,rc:Cord
rc:Fiber,rdfs:subClassOf,owl:Thing
rc:OfficeSuiteSoftware,rdfs:subClassOf,rc:BusinessFunctionSpecificSoftware
rc:OfficeSuiteSoftware,rdfs:subClassOf,owl:Thing
rc:SmartCard,rdfs:subClassOf,rc:IntegratedCircuit
rc:SmartCard,rdfs:subClassOf,owl:Thing
rc:Shredder,rdfs:subClassOf,rc:CuttingDevice
rc:Shredder,rdfs:subClassOf,rc:IndustrialDevice
rc:Shredder,rdfs:subClassOf,owl:Thing
rc:ScholarlySearchService,rdfs:subClassOf,rc:ScholarlyArticle
rc:ScholarlySearchService,rdfs:subClassOf,owl:Thing
rc:ReferenceWork,rdfs:subClassOf,rc:NonfictionalPCW
rc:ReferenceWork,rdfs:subClassOf,rc:TextualPCW
rc:ReferenceWork,rdfs:subClassOf,owl:Thing
rc:IndigenousPoliticsInTheAmericas,rdfs:subClassOf,rc:IndigenousPeoplesOfTheAmericas
rc:IndigenousPoliticsInTheAmericas,rdfs:subClassOf,owl:Thing
rc:RedoxReaction,rdfs:subClassOf,rc:ChemicalReaction
rc:RedoxReaction,rdfs:subClassOf,owl:Thing
rc:Viking_CultureType,rdfs:subClassOf,rc:EthnicGroupOfNordics
rc:Viking_CultureType,rdfs:subClassOf,owl:Thing
rc:AncientTownSquare,rdfs:subClassOf,rc:AncientSite
rc:AncientTownSquare,rdfs:subClassOf,owl:Thing
rc:CivilRightsAndLiberties,rdfs:subClassOf,rc:Entitlement
rc:CivilRightsAndLiberties,rdfs:subClassOf,owl:Thing
rc:MiningAndTheEnvironment,rdfs:subClassOf,rc:EnvironmentalImpact
rc:MiningAndTheEnvironment,rdfs:subClassOf,owl:Thing
rc:VehicleExhaustSystem,rdfs:subClassOf,rc:ConnectedPhysicalPathSystem
rc:VehicleExhaustSystem,rdfs:subClassOf,rc:MechanicalDevice
rc:VehicleExhaustSystem,rdfs:subClassOf,owl:Thing
rc:Yavapai,rdfs:subClassOf,rc:IndigenousPeoplesOfTheAmericas
rc:Yavapai,rdfs:subClassOf,owl:Thing
rc:EthnicGroupOfAfro_Asians,rdfs:subClassOf,rc:EthnicGroupOfAfricans
rc:EthnicGroupOfAfro_Asians,rdfs:subClassOf,owl:Thing
rc:TobaccoSuppliesMarketCategory,rdfs:subClassOf,rc:ConsumerGood
rc:TobaccoSuppliesMarketCategory,rdfs:subClassOf,rc:ProductTypeByMarketCategory
rc:TobaccoSuppliesMarketCategory,rdfs:subClassOf,owl:Thing
rc:CellularProteinSynthesis,rdfs:subClassOf,rc:BiochemicalSynthesis
rc:CellularProteinSynthesis,rdfs:subClassOf,owl:Thing
rc:SwedishChildren,rdfs:subClassOf,rc:EthnicGroupOfSwedes
rc:SwedishChildren,rdfs:subClassOf,owl:Thing
rc:MicrowaveTransmission,rdfs:subClassOf,rc:MicrowaveRadiation
rc:MicrowaveTransmission,rdfs:subClassOf,owl:Thing
rc:Mermaid,rdfs:subClassOf,rc:LegendaryCreature
rc:Mermaid,rdfs:subClassOf,owl:Thing
rc:SouthwestTribe,rdfs:subClassOf,rc:EthnicGroupOfNorthAmericanNatives
rc:SouthwestTribe,rdfs:subClassOf,owl:Thing
rc:PashtunDiaspora,rdfs:subClassOf,rc:Diaspora
rc:PashtunDiaspora,rdfs:subClassOf,rc:EthnicGroupOfPashtun
rc:PashtunDiaspora,rdfs:subClassOf,owl:Thing
rc:BoronTrichloride,rdfs:subClassOf,rc:ChlorineGas
rc:BoronTrichloride,rdfs:subClassOf,owl:Thing
rc:QueenVictoria,rdfs:subClassOf,rc:Queen_HeadOfState
rc:QueenVictoria,rdfs:subClassOf,owl:Thing
rc:PestControlProduct,rdfs:subClassOf,rc:ConsumableProduct
rc:PestControlProduct,rdfs:subClassOf,owl:Thing
rc:Clover,rdfs:subClassOf,rc:Fabaceae
rc:Clover,rdfs:subClassOf,owl:Thing
rc:Arrowroot_Starch,rdfs:subClassOf,rc:PlantProduct
rc:Arrowroot_Starch,rdfs:subClassOf,owl:Thing
rc:IndividualPeople,rdfs:subClassOf,rc:LevelOfRenown
rc:IndividualPeople,rdfs:subClassOf,owl:Thing
rc:InternalCombustionEngine,rdfs:subClassOf,rc:FuelPoweredDevice
rc:InternalCombustionEngine,rdfs:subClassOf,owl:Thing
rc:EthnicGroupOfKamba,rdfs:subClassOf,rc:EthnicGroupOfAfricans
rc:EthnicGroupOfKamba,rdfs:subClassOf,owl:Thing
rc:Compromised,rdfs:subClassOf,rc:IndividualTypeBySecurityStatus
rc:Compromised,rdfs:subClassOf,owl:Thing
rc:NonPositiveNumber,rdfs:subClassOf,rc:RealNumber
rc:NonPositiveNumber,rdfs:subClassOf,owl:Thing
rc:FinancialRatio,rdfs:subClassOf,rc:StatisticalRatio
rc:FinancialRatio,rdfs:subClassOf,rc:StockMarketInvesting
rc:FinancialRatio,rdfs:subClassOf,owl:Thing
rc:FantasyGenre,rdfs:subClassOf,rc:Fantasy
rc:FantasyGenre,rdfs:subClassOf,rc:ThematicGenre
rc:FantasyGenre,rdfs:subClassOf,owl:Thing
rc:Reuse,rdfs:subClassOf,rc:Sustainability
rc:Reuse,rdfs:subClassOf,owl:Thing
rc:Opium,rdfs:subClassOf,rc:CrudeDrug
rc:Opium,rdfs:subClassOf,rc:PlantProduct
rc:Opium,rdfs:subClassOf,owl:Thing
rc:MiningEngineering,rdfs:subClassOf,rc:Mining
rc:MiningEngineering,rdfs:subClassOf,owl:Thing
rc:Rattan,rdfs:subClassOf,rc:PalmTree
rc:Rattan,rdfs:subClassOf,owl:Thing
rc:ControlDevice,rdfs:subClassOf,rc:ControlStructure_Physical
rc:ControlDevice,rdfs:subClassOf,owl:Thing
rc:EthnicGroupOfGalicians,rdfs:subClassOf,rc:EthnicGroupOfEuropeans
rc:EthnicGroupOfGalicians,rdfs:subClassOf,owl:Thing
rc:AppleIncService,rdfs:subClassOf,rc:AppleComputer
rc:AppleIncService,rdfs:subClassOf,owl:Thing
rc:Paper_IBO,rdfs:subClassOf,rc:Media
rc:Paper_IBO,rdfs:subClassOf,rc:TextuallySpecificWork
rc:Paper_IBO,rdfs:subClassOf,owl:Thing
rc:Berkelium,rdfs:subClassOf,rc:TransuraniumElement
rc:Berkelium,rdfs:subClassOf,owl:Thing
rc:RobotHand,rdfs:subClassOf,rc:ElectronicDevice
rc:RobotHand,rdfs:subClassOf,rc:MechanicalDevice
rc:RobotHand,rdfs:subClassOf,owl:Thing
rc:FacialMoisturizer,rdfs:subClassOf,rc:LiquidTangibleArtifact
rc:FacialMoisturizer,rdfs:subClassOf,owl:Thing
rc:BirdFeeder,rdfs:subClassOf,rc:ContainerArtifact
rc:BirdFeeder,rdfs:subClassOf,rc:DeviceWithNoMovingParts
rc:BirdFeeder,rdfs:subClassOf,owl:Thing
rc:Cord_Textile,rdfs:subClassOf,rc:CordlikeArtifact
rc:Cord_Textile,rdfs:subClassOf,rc:TextileArtifact
rc:Cord_Textile,rdfs:subClassOf,owl:Thing
rc:StrontiumHydroxide,rdfs:subClassOf,rc:InorganicSalt
rc:StrontiumHydroxide,rdfs:subClassOf,owl:Thing
rc:FashionableStyle,rdfs:subClassOf,rc:StyleAttribute
rc:FashionableStyle,rdfs:subClassOf,owl:Thing
rc:RonaldReagan,rdfs:subClassOf,rc:UnitedStatesPresident
rc:RonaldReagan,rdfs:subClassOf,owl:Thing
rc:DomesticCleaningStuff,rdfs:subClassOf,rc:ArtificialMaterial
rc:DomesticCleaningStuff,rdfs:subClassOf,owl:Thing
rc:Nationalism,rdfs:subClassOf,rc:PrideOfMembership
rc:Nationalism,rdfs:subClassOf,owl:Thing
rc:Matador,rdfs:subClassOf,rc:Entertainer
rc:Matador,rdfs:subClassOf,owl:Thing
rc:BasketballMovie,rdfs:subClassOf,rc:PropositionalConceptualWork_BasketballGenre
rc:BasketballMovie,rdfs:subClassOf,owl:Thing
rc:PasswordProtected,rdfs:subClassOf,rc:AuthenticationProtected
rc:PasswordProtected,rdfs:subClassOf,owl:Thing
rc:MetallicDrum,rdfs:subClassOf,rc:Can
rc:MetallicDrum,rdfs:subClassOf,owl:Thing
rc:SpraySubstance,rdfs:subClassOf,rc:LiquidTangibleArtifact
rc:SpraySubstance,rdfs:subClassOf,owl:Thing
rc:MathematicalMethod,rdfs:subClassOf,rc:Mathematical
rc:MathematicalMethod,rdfs:subClassOf,owl:Thing
rc:FrenchLiteraryCriticism,rdfs:subClassOf,rc:PropositionalConceptualWork_LiteraryCriticismGenre
rc:FrenchLiteraryCriticism,rdfs:subClassOf,owl:Thing
rc:WritingSystemsDerivedFromThePhoenician,rdfs:subClassOf,rc:PhoenicianWriting
rc:WritingSystemsDerivedFromThePhoenician,rdfs:subClassOf,owl:Thing
rc:MovieTheaterSpace,rdfs:subClassOf,rc:HumanHighOccupancyConstruct
rc:MovieTheaterSpace,rdfs:subClassOf,owl:Thing
rc:EthnicGroupOfLomwe,rdfs:subClassOf,rc:EthnicGroupOfAfricans
rc:EthnicGroupOfLomwe,rdfs:subClassOf,owl:Thing
rc:EquidimensionalSpaceRegionSet,rdfs:subClassOf,rc:HomogeneousSpaceRegionSet
rc:EquidimensionalSpaceRegionSet,rdfs:subClassOf,owl:Thing
rc:AgriculturalMachinery,rdfs:subClassOf,rc:MechanicalDevice
rc:AgriculturalMachinery,rdfs:subClassOf,owl:Thing
rc:EthnicGroupOfAcholi,rdfs:subClassOf,rc:EthnicGroupOfAfricans
rc:EthnicGroupOfAcholi,rdfs:subClassOf,owl:Thing
rc:LithuanianWomen,rdfs:subClassOf,rc:EthnicGroupOfLithuanians
rc:LithuanianWomen,rdfs:subClassOf,owl:Thing
rc:ModernMinimalistArchitecturalStyle,rdfs:subClassOf,rc:ArchitecturalTypeByStyle
rc:ModernMinimalistArchitecturalStyle,rdfs:subClassOf,owl:Thing
rc:DynastiesOfAncientEgypt,rdfs:subClassOf,rc:ArchaeologicalCulture
rc:DynastiesOfAncientEgypt,rdfs:subClassOf,owl:Thing
rc:WeavingEquipment,rdfs:subClassOf,rc:NonPoweredDevice
rc:WeavingEquipment,rdfs:subClassOf,owl:Thing
rc:MarriageReferendum,rdfs:subClassOf,rc:Referendum
rc:MarriageReferendum,rdfs:subClassOf,owl:Thing
rc:Longevity,rdfs:subClassOf,rc:ScalarQuantity
rc:Longevity,rdfs:subClassOf,owl:Thing
rc:Demographics,rdfs:subClassOf,rc:Demography
rc:Demographics,rdfs:subClassOf,rc:PropositionalInformationThing
rc:Demographics,rdfs:subClassOf,owl:Thing
rc:AviationGroundSupportEquipment,rdfs:subClassOf,rc:FacilitiesEquipment
rc:AviationGroundSupportEquipment,rdfs:subClassOf,owl:Thing
rc:EthnicGroupOfMuhajir,rdfs:subClassOf,rc:EthnicGroupOfPakistanis
rc:EthnicGroupOfMuhajir,rdfs:subClassOf,owl:Thing
rc:OfficeBuilding,rdfs:subClassOf,rc:ModernShelterConstruction
rc:OfficeBuilding,rdfs:subClassOf,owl:Thing
rc:Marijuana,rdfs:subClassOf,rc:Cannabaceae
rc:Marijuana,rdfs:subClassOf,rc:PsychoactiveAgent
rc:Marijuana,rdfs:subClassOf,owl:Thing
rc:Helm,rdfs:subClassOf,rc:Device_UserControlled
rc:Helm,rdfs:subClassOf,owl:Thing
rc:SourTaste,rdfs:subClassOf,rc:ObjectTypeByTaste
rc:SourTaste,rdfs:subClassOf,owl:Thing
rc:Plectrum,rdfs:subClassOf,rc:DeviceWithNoMovingParts
rc:Plectrum,rdfs:subClassOf,rc:Device_SingleUser
rc:Plectrum,rdfs:subClassOf,rc:NonPoweredDevice
rc:Plectrum,rdfs:subClassOf,owl:Thing
rc:CranberryBush,rdfs:subClassOf,rc:Ericaceae
rc:CranberryBush,rdfs:subClassOf,owl:Thing
rc:Kimono,rdfs:subClassOf,rc:Gown
rc:Kimono,rdfs:subClassOf,rc:TraditionalClothing
rc:Kimono,rdfs:subClassOf,owl:Thing
rc:Adenosylmethionine_DependentMethyltransferaseCatalysis,rdfs:subClassOf,rc:CatalyticActivity
rc:Adenosylmethionine_DependentMethyltransferaseCatalysis,rdfs:subClassOf,owl:Thing
rc:Prince_HeadOfState,rdfs:subClassOf,rc:Monarch_HeadOfState
rc:Prince_HeadOfState,rdfs:subClassOf,rc:Prince
rc:Prince_HeadOfState,rdfs:subClassOf,owl:Thing
rc:Hemp_Fiber,rdfs:subClassOf,rc:PlantProduct
rc:Hemp_Fiber,rdfs:subClassOf,owl:Thing
rc:PlotNarrative,rdfs:subClassOf,rc:FictionalPCW
rc:PlotNarrative,rdfs:subClassOf,rc:PropositionalConceptualWork_DramaGenre
rc:PlotNarrative,rdfs:subClassOf,owl:Thing
rc:ElectricalEngineeringField,rdfs:subClassOf,rc:ManufactureOfElectricalGood
rc:ElectricalEngineeringField,rdfs:subClassOf,owl:Thing
rc:CertificationOfCompetence,rdfs:subClassOf,rc:Credential
rc:CertificationOfCompetence,rdfs:subClassOf,owl:Thing
rc:OneChildPolicy,rdfs:subClassOf,rc:PopulationOfType_Organism_Whole
rc:OneChildPolicy,rdfs:subClassOf,owl:Thing
rc:BritishNationalVegetationClassification,rdfs:subClassOf,rc:Botany
rc:BritishNationalVegetationClassification,rdfs:subClassOf,owl:Thing
rc:LaundryBasket,rdfs:subClassOf,rc:Basket
rc:LaundryBasket,rdfs:subClassOf,owl:Thing
rc:Headset,rdfs:subClassOf,rc:CommunicationDevice
rc:Headset,rdfs:subClassOf,owl:Thing
rc:Brittle,rdfs:subClassOf,rc:NonAspectualQuantity
rc:Brittle,rdfs:subClassOf,owl:Thing
kko:EmergentKnowledge,rdfs:subClassOf,kko:Methodeutic
kko:EmergentKnowledge,rdfs:subClassOf,owl:Thing
rc:EthnicGroupOfBambara,rdfs:subClassOf,rc:EthnicGroupOfMande
rc:EthnicGroupOfBambara,rdfs:subClassOf,owl:Thing
rc:CollegeFootballRanking,rdfs:subClassOf,rc:CollegeFootball
rc:CollegeFootballRanking,rdfs:subClassOf,owl:Thing
rc:NeoclassicArchitecturalStyle,rdfs:subClassOf,rc:ArchitecturalTypeByStyle
rc:NeoclassicArchitecturalStyle,rdfs:subClassOf,owl:Thing
rc:SynchrotronRadiation,rdfs:subClassOf,rc:ElectromagneticRadiation
rc:SynchrotronRadiation,rdfs:subClassOf,owl:Thing
rc:Traction,rdfs:subClassOf,rc:NonNumericScalarQuantity
rc:Traction,rdfs:subClassOf,rc:Rating
rc:Traction,rdfs:subClassOf,owl:Thing
rc:Spirit_Intangible,rdfs:subClassOf,rc:SupernaturalBeing
rc:Spirit_Intangible,rdfs:subClassOf,owl:Thing
rc:TheOneRing,rdfs:subClassOf,rc:FictionalObject
rc:TheOneRing,rdfs:subClassOf,owl:Thing
rc:Galvanometer,rdfs:subClassOf,rc:ElectricalMeasuringTestingEquipment
rc:Galvanometer,rdfs:subClassOf,rc:Transducer
rc:Galvanometer,rdfs:subClassOf,owl:Thing
rc:Jade_Gem,rdfs:subClassOf,rc:SemiPreciousStone
rc:Jade_Gem,rdfs:subClassOf,owl:Thing
rc:EthnicGroupOfNepalese,rdfs:subClassOf,rc:EthnicGroupOfAsians
rc:EthnicGroupOfNepalese,rdfs:subClassOf,owl:Thing
rc:BodyArt,rdfs:subClassOf,rc:InformationBearingObject
rc:BodyArt,rdfs:subClassOf,owl:Thing
rc:Paying,rdfs:subClassOf,rc:CulturalActivity
rc:Paying,rdfs:subClassOf,owl:Thing
rc:Pistachio,rdfs:subClassOf,rc:Anacardiaceae
rc:Pistachio,rdfs:subClassOf,owl:Thing
rc:WirelessCommunicationDevice,rdfs:subClassOf,rc:ElectronicDevice
rc:WirelessCommunicationDevice,rdfs:subClassOf,owl:Thing
rc:VisualSensoryQuantity,rdfs:subClassOf,rc:SensoryQuantity
rc:VisualSensoryQuantity,rdfs:subClassOf,owl:Thing
rc:Spiderman,rdfs:subClassOf,rc:Superhero
rc:Spiderman,rdfs:subClassOf,owl:Thing
rc:Soft,rdfs:subClassOf,rc:NonAspectualQuantity
rc:Soft,rdfs:subClassOf,owl:Thing
rc:Handset,rdfs:subClassOf,rc:ElectronicDevice
rc:Handset,rdfs:subClassOf,owl:Thing
rc:AngularDistanceBetweenTwoVectors,rdfs:subClassOf,rc:AngularDistance
rc:AngularDistanceBetweenTwoVectors,rdfs:subClassOf,owl:Thing
rc:GearlessElectricDrive,rdfs:subClassOf,rc:ElectricCar
rc:GearlessElectricDrive,rdfs:subClassOf,owl:Thing
rc:DriedMeat,rdfs:subClassOf,rc:DriedProduct
rc:DriedMeat,rdfs:subClassOf,owl:Thing
rc:Haplodiplont,rdfs:subClassOf,rc:OrganismTypeByLifeStage
rc:Haplodiplont,rdfs:subClassOf,owl:Thing
rc:ProjectileWeapon,rdfs:subClassOf,rc:ProjectileWeaponOrLauncher
rc:ProjectileWeapon,rdfs:subClassOf,owl:Thing
rc:WaxedPaper,rdfs:subClassOf,rc:ConsumableProduct
rc:WaxedPaper,rdfs:subClassOf,owl:Thing
rc:RotaryTiller,rdfs:subClassOf,rc:InternalCombustionPoweredDevice
rc:RotaryTiller,rdfs:subClassOf,owl:Thing
rc:EnergyProduction,rdfs:subClassOf,rc:ProductType
rc:EnergyProduction,rdfs:subClassOf,owl:Thing
rc:VideoGameSystem,rdfs:subClassOf,rc:MediaPlayingDevice
rc:VideoGameSystem,rdfs:subClassOf,owl:Thing
rc:BigBeautifulWoman,rdfs:subClassOf,rc:AdultFemaleHuman
rc:BigBeautifulWoman,rdfs:subClassOf,owl:Thing
rc:FlarePipe,rdfs:subClassOf,rc:WasteConversionDevice
rc:FlarePipe,rdfs:subClassOf,owl:Thing
rc:ElectricalPowerGeneration,rdfs:subClassOf,rc:PowerGenerationDevice
rc:ElectricalPowerGeneration,rdfs:subClassOf,owl:Thing
rc:HumanitarianAidInterAgentSupport,rdfs:subClassOf,rc:InterAgentSupportQuantity
rc:HumanitarianAidInterAgentSupport,rdfs:subClassOf,owl:Thing
rc:EnvironmentalStandard,rdfs:subClassOf,rc:TechnicalStandard
rc:EnvironmentalStandard,rdfs:subClassOf,owl:Thing
rc:PresidentOfRussia,rdfs:subClassOf,rc:HeadOfGovernment
rc:PresidentOfRussia,rdfs:subClassOf,rc:HeadOfState_Elected
rc:PresidentOfRussia,rdfs:subClassOf,rc:President_HeadOfGovernmentOrHeadOfState
rc:PresidentOfRussia,rdfs:subClassOf,owl:Thing
rc:Nickel,rdfs:subClassOf,rc:BaseMetal
rc:Nickel,rdfs:subClassOf,rc:TransitionMetal
rc:Nickel,rdfs:subClassOf,rc:UnalloyedMetal
rc:Nickel,rdfs:subClassOf,owl:Thing
rc:GeneralAutoMarketCategory,rdfs:subClassOf,rc:ConsumerGood
rc:GeneralAutoMarketCategory,rdfs:subClassOf,rc:ProductTypeByMarketCategory
rc:GeneralAutoMarketCategory,rdfs:subClassOf,owl:Thing
rc:KeyRack,rdfs:subClassOf,rc:Rack_Holder
rc:KeyRack,rdfs:subClassOf,owl:Thing
rc:ParadoxesOfInfinity,rdfs:subClassOf,rc:DenumerableSetOrCollection
rc:ParadoxesOfInfinity,rdfs:subClassOf,owl:Thing
rc:MilitaryEquipment,rdfs:subClassOf,rc:Equipment
rc:MilitaryEquipment,rdfs:subClassOf,owl:Thing
rc:Subculture,rdfs:subClassOf,rc:Sociology
rc:Subculture,rdfs:subClassOf,owl:Thing
rc:Zombie,rdfs:subClassOf,rc:MythologicalCreature
rc:Zombie,rdfs:subClassOf,owl:Thing
rc:Escalator,rdfs:subClassOf,rc:CommercialServicesDevice
rc:Escalator,rdfs:subClassOf,rc:Conveyance_Stationary
rc:Escalator,rdfs:subClassOf,rc:MechanicalDevice
rc:Escalator,rdfs:subClassOf,rc:NonAutomotiveTransportDevice
rc:Escalator,rdfs:subClassOf,owl:Thing
rc:MedicalLaboratory,rdfs:subClassOf,rc:MedicalPractice
rc:MedicalLaboratory,rdfs:subClassOf,owl:Thing
rc:UniversalHealthcare,rdfs:subClassOf,rc:HealthCare
rc:UniversalHealthcare,rdfs:subClassOf,owl:Thing
rc:SnakeRiverPhysaSnail,rdfs:subClassOf,rc:Physa
rc:SnakeRiverPhysaSnail,rdfs:subClassOf,owl:Thing
rc:PathArtifactSystem,rdfs:subClassOf,rc:Technology_Artifact
rc:PathArtifactSystem,rdfs:subClassOf,owl:Thing
rc:MoneyBag,rdfs:subClassOf,rc:TextileArtifact
rc:MoneyBag,rdfs:subClassOf,owl:Thing
rc:ShakerDispenser,rdfs:subClassOf,rc:ContainerArtifact
rc:ShakerDispenser,rdfs:subClassOf,rc:Device_UserPowered
rc:ShakerDispenser,rdfs:subClassOf,owl:Thing
rc:BosniaAndHerzegovina_CroatCommunity,rdfs:subClassOf,rc:BosnianCroat
rc:BosniaAndHerzegovina_CroatCommunity,rdfs:subClassOf,owl:Thing
rc:JudasIscariot_Human,rdfs:subClassOf,rc:IndividualPeople
rc:JudasIscariot_Human,rdfs:subClassOf,owl:Thing
rc:BasketballRanking,rdfs:subClassOf,rc:Basketball_TheGame
rc:BasketballRanking,rdfs:subClassOf,owl:Thing
rc:Discretion,rdfs:subClassOf,rc:Caution
rc:Discretion,rdfs:subClassOf,owl:Thing
rc:Intimacy,rdfs:subClassOf,rc:InterAgentQuantity
rc:Intimacy,rdfs:subClassOf,owl:Thing
rc:TriggeringMechanism,rdfs:subClassOf,rc:MechanicalDevice
rc:TriggeringMechanism,rdfs:subClassOf,owl:Thing
rc:AssyrianTribe,rdfs:subClassOf,rc:EthnicGroupOfAssyrians
rc:AssyrianTribe,rdfs:subClassOf,owl:Thing
rc:Wheelchair,rdfs:subClassOf,rc:Device_UserControlled
rc:Wheelchair,rdfs:subClassOf,rc:SeatingDevice
rc:Wheelchair,rdfs:subClassOf,owl:Thing
rc:GangsterMovie,rdfs:subClassOf,rc:PropositionalConceptualWork_GangsterGenre
rc:GangsterMovie,rdfs:subClassOf,owl:Thing
rc:Lexicography,rdfs:subClassOf,rc:LinguisticsDiscipline
rc:Lexicography,rdfs:subClassOf,owl:Thing
rc:SaturdayNightLiveCastMember,rdfs:subClassOf,rc:Comedian
rc:SaturdayNightLiveCastMember,rdfs:subClassOf,owl:Thing
rc:StainedGlassWindow,rdfs:subClassOf,rc:WindowPortal
rc:StainedGlassWindow,rdfs:subClassOf,owl:Thing
rc:Missile_JetPropelled,rdfs:subClassOf,rc:JetPropelledTransportationDevice
rc:Missile_JetPropelled,rdfs:subClassOf,owl:Thing
rc:EthnicGroupOfGagauz,rdfs:subClassOf,rc:EthnicGroupOfEuropeans
rc:EthnicGroupOfGagauz,rdfs:subClassOf,owl:Thing
rc:HumanWithSpikedHairstyle,rdfs:subClassOf,rc:HumanTypeByHairstyle
rc:HumanWithSpikedHairstyle,rdfs:subClassOf,owl:Thing
rc:DigestiveSystem,rdfs:subClassOf,rc:PipingSystem_Biological
rc:DigestiveSystem,rdfs:subClassOf,owl:Thing
rc:Pew,rdfs:subClassOf,rc:ReligiousFurniture
rc:Pew,rdfs:subClassOf,owl:Thing
rc:Cartography,rdfs:subClassOf,rc:Geography
rc:Cartography,rdfs:subClassOf,rc:ScientificFieldOfStudy
rc:Cartography,rdfs:subClassOf,owl:Thing
rc:PersonalComputer,rdfs:subClassOf,rc:ConsumerElectronicDevice
rc:PersonalComputer,rdfs:subClassOf,owl:Thing
rc:Ghost,rdfs:subClassOf,rc:MythologicalCreature
rc:Ghost,rdfs:subClassOf,rc:SupernaturalBeing
rc:Ghost,rdfs:subClassOf,owl:Thing
rc:Racket_SportsEquipment,rdfs:subClassOf,rc:Device_SingleUser
rc:Racket_SportsEquipment,rdfs:subClassOf,rc:Device_UserControlled
rc:Racket_SportsEquipment,rdfs:subClassOf,rc:Device_UserPowered
rc:Racket_SportsEquipment,rdfs:subClassOf,owl:Thing
rc:TextEditorProgram,rdfs:subClassOf,rc:ContentAuthoringEditingSoftware
rc:TextEditorProgram,rdfs:subClassOf,owl:Thing
rc:RadioTalkShowHost,rdfs:subClassOf,rc:RadioPersonality
rc:RadioTalkShowHost,rdfs:subClassOf,rc:TalkShowHost
rc:RadioTalkShowHost,rdfs:subClassOf,owl:Thing
rc:CombustibleFuelSubstance_Natural,rdfs:subClassOf,rc:ConsumableProduct
rc:CombustibleFuelSubstance_Natural,rdfs:subClassOf,owl:Thing
rc:Improvisation,rdfs:subClassOf,rc:Creativity
rc:Improvisation,rdfs:subClassOf,owl:Thing
rc:TurkicPeople,rdfs:subClassOf,rc:EthnicGroupOfTurks
rc:TurkicPeople,rdfs:subClassOf,owl:Thing
rc:IllocutionaryAct,rdfs:subClassOf,rc:IllocutionaryForce
rc:IllocutionaryAct,rdfs:subClassOf,owl:Thing
rc:NudePerson,rdfs:subClassOf,rc:Nude
rc:NudePerson,rdfs:subClassOf,owl:Thing
rc:GameShowHost,rdfs:subClassOf,rc:TVShowHost
rc:GameShowHost,rdfs:subClassOf,owl:Thing
rc:RadioWave,rdfs:subClassOf,rc:Airwaves
rc:RadioWave,rdfs:subClassOf,owl:Thing
rc:ElectricalEquipment,rdfs:subClassOf,rc:PowerSystemDevice
rc:ElectricalEquipment,rdfs:subClassOf,owl:Thing
rc:Supertask,rdfs:subClassOf,rc:DenumerableSetOrCollection
rc:Supertask,rdfs:subClassOf,owl:Thing
rc:FlaxPlant,rdfs:subClassOf,rc:Linaceae
rc:FlaxPlant,rdfs:subClassOf,owl:Thing
rc:EastEuropeanPeople,rdfs:subClassOf,rc:EthnicGroupOfEuropeans
rc:EastEuropeanPeople,rdfs:subClassOf,owl:Thing
rc:RetailStoreSpace,rdfs:subClassOf,rc:MultiRoomUnit
rc:RetailStoreSpace,rdfs:subClassOf,rc:RetailOutlet
rc:RetailStoreSpace,rdfs:subClassOf,owl:Thing
rc:Technetium,rdfs:subClassOf,rc:TransuraniumElement
rc:Technetium,rdfs:subClassOf,owl:Thing
rc:ModerateBrown_Color,rdfs:subClassOf,rc:Brown_HairColor
rc:ModerateBrown_Color,rdfs:subClassOf,owl:Thing
rc:FreshwaterAlgae,rdfs:subClassOf,rc:Chlorophytopsida
rc:FreshwaterAlgae,rdfs:subClassOf,owl:Thing
rc:Marjoram,rdfs:subClassOf,rc:Lamiaceae
rc:Marjoram,rdfs:subClassOf,owl:Thing
rc:WeaponProductionFacility,rdfs:subClassOf,rc:MilitaryFacility
rc:WeaponProductionFacility,rdfs:subClassOf,owl:Thing
rc:UnitVector_Precise,rdfs:subClassOf,rc:UnitVectorInterval
rc:UnitVector_Precise,rdfs:subClassOf,rc:Vector_Precise
rc:UnitVector_Precise,rdfs:subClassOf,owl:Thing
rc:Tarzan,rdfs:subClassOf,rc:FictionalHuman
rc:Tarzan,rdfs:subClassOf,owl:Thing
rc:LithuanianDiaspora,rdfs:subClassOf,rc:Diaspora
rc:LithuanianDiaspora,rdfs:subClassOf,rc:EthnicGroupOfLithuanians
rc:LithuanianDiaspora,rdfs:subClassOf,owl:Thing
rc:AncientCelts,rdfs:subClassOf,rc:EthnicGroupOfCelts
rc:AncientCelts,rdfs:subClassOf,owl:Thing
rc:CigaretteLighter,rdfs:subClassOf,rc:CombustionDevice
rc:CigaretteLighter,rdfs:subClassOf,rc:FuelPoweredDevice
rc:CigaretteLighter,rdfs:subClassOf,owl:Thing
rc:FencingFoil,rdfs:subClassOf,rc:Device_UserControlled
rc:FencingFoil,rdfs:subClassOf,owl:Thing
rc:Sailboard,rdfs:subClassOf,rc:Device_SingleUser
rc:Sailboard,rdfs:subClassOf,owl:Thing
rc:PubescentHuman,rdfs:subClassOf,rc:Juvenile
rc:PubescentHuman,rdfs:subClassOf,owl:Thing
rc:LargeApplianceMarketCategory,rdfs:subClassOf,rc:ProductTypeByMarketCategory
rc:LargeApplianceMarketCategory,rdfs:subClassOf,owl:Thing
rc:Kite_TheDevice,rdfs:subClassOf,rc:Device_UserControlled
rc:Kite_TheDevice,rdfs:subClassOf,rc:WindPoweredDevice
rc:Kite_TheDevice,rdfs:subClassOf,owl:Thing
rc:CarSeat,rdfs:subClassOf,rc:SeatingDevice
rc:CarSeat,rdfs:subClassOf,owl:Thing
rc:Advising_Professional,rdfs:subClassOf,rc:Advising
rc:Advising_Professional,rdfs:subClassOf,rc:Management
rc:Advising_Professional,rdfs:subClassOf,owl:Thing
rc:HumanWithAfroHairstyle,rdfs:subClassOf,rc:HumanTypeByHairstyle
rc:HumanWithAfroHairstyle,rdfs:subClassOf,owl:Thing
rc:Paint,rdfs:subClassOf,rc:CoatingMaterial
rc:Paint,rdfs:subClassOf,owl:Thing
rc:SodiumIodide,rdfs:subClassOf,rc:InorganicSalt
rc:SodiumIodide,rdfs:subClassOf,owl:Thing
rc:Skyscraper,rdfs:subClassOf,rc:Custom_Made
rc:Skyscraper,rdfs:subClassOf,rc:HighRiseBuilding
rc:Skyscraper,rdfs:subClassOf,rc:HumanHighOccupancyConstruct
rc:Skyscraper,rdfs:subClassOf,rc:Tower
rc:Skyscraper,rdfs:subClassOf,owl:Thing
rc:EthnicGroupOfKhmers,rdfs:subClassOf,rc:EthnicGroupOfAsians
rc:EthnicGroupOfKhmers,rdfs:subClassOf,owl:Thing
rc:DemineralizedWater,rdfs:subClassOf,rc:ArtificialDrink
rc:DemineralizedWater,rdfs:subClassOf,owl:Thing
rc:ElbowPad,rdfs:subClassOf,rc:Casual
rc:ElbowPad,rdfs:subClassOf,rc:ProtectiveGear
rc:ElbowPad,rdfs:subClassOf,owl:Thing
rc:Soul_Spiritual,rdfs:subClassOf,rc:Spirit_Intangible
rc:Soul_Spiritual,rdfs:subClassOf,owl:Thing
rc:Thought,rdfs:subClassOf,rc:Cognition
rc:Thought,rdfs:subClassOf,owl:Thing
rc:Skateboard_BoardPart,rdfs:subClassOf,rc:NonPoweredDevice
rc:Skateboard_BoardPart,rdfs:subClassOf,owl:Thing
rc:ExergonicReaction,rdfs:subClassOf,rc:ChemicalReaction
rc:ExergonicReaction,rdfs:subClassOf,owl:Thing
rc:TurkicTribe,rdfs:subClassOf,rc:EthnicGroupOfTurks
rc:TurkicTribe,rdfs:subClassOf,owl:Thing
rc:MRNAProductionProcess,rdfs:subClassOf,rc:ChemicalReaction
rc:MRNAProductionProcess,rdfs:subClassOf,owl:Thing
rc:Numerology,rdfs:subClassOf,rc:Divination
rc:Numerology,rdfs:subClassOf,owl:Thing
rc:InspectingOfHome,rdfs:subClassOf,rc:DevisedStructuredActivity
rc:InspectingOfHome,rdfs:subClassOf,owl:Thing
rc:OttomanArchitecture,rdfs:subClassOf,rc:ArchitecturalTypeByStyle
rc:OttomanArchitecture,rdfs:subClassOf,owl:Thing
rc:Empiricism,rdfs:subClassOf,rc:Belief
rc:Empiricism,rdfs:subClassOf,owl:Thing
rc:Gondor,rdfs:subClassOf,rc:FictionalPlace
rc:Gondor,rdfs:subClassOf,owl:Thing
rc:Governance,rdfs:subClassOf,rc:Leadership
rc:Governance,rdfs:subClassOf,owl:Thing
rc:VisibleLight,rdfs:subClassOf,rc:Light
rc:VisibleLight,rdfs:subClassOf,owl:Thing
rc:Disgrace,rdfs:subClassOf,rc:Shortage
rc:Disgrace,rdfs:subClassOf,owl:Thing
rc:PostMill,rdfs:subClassOf,rc:CrusherGrinder
rc:PostMill,rdfs:subClassOf,owl:Thing
rc:AnnaKarina,rdfs:subClassOf,rc:Fictional_FemaleHuman
rc:AnnaKarina,rdfs:subClassOf,owl:Thing
rc:CommercialBuilding,rdfs:subClassOf,rc:Building
rc:CommercialBuilding,rdfs:subClassOf,rc:CommercialFacility
rc:CommercialBuilding,rdfs:subClassOf,owl:Thing
rc:HandGrip,rdfs:subClassOf,rc:Handle
rc:HandGrip,rdfs:subClassOf,owl:Thing
rc:MohawkTribe,rdfs:subClassOf,rc:Iroquois_EthnicGroupOfNewWorldNatives
rc:MohawkTribe,rdfs:subClassOf,owl:Thing
rc:Revivalism,rdfs:subClassOf,rc:ArchitecturalTypeByStyle
rc:Revivalism,rdfs:subClassOf,owl:Thing
rc:EthnicGroupOfChewa,rdfs:subClassOf,rc:EthnicGroupOfAfricans
rc:EthnicGroupOfChewa,rdfs:subClassOf,owl:Thing
rc:StructuredMediaProduct,rdfs:subClassOf,rc:MediaProduct
rc:StructuredMediaProduct,rdfs:subClassOf,owl:Thing
rc:WindshieldWiperBlade,rdfs:subClassOf,rc:CleaningDevice
rc:WindshieldWiperBlade,rdfs:subClassOf,owl:Thing
rc:Imposition,rdfs:subClassOf,rc:InterAgentQuantity
rc:Imposition,rdfs:subClassOf,owl:Thing
rc:StatisticalDistanceMeasure,rdfs:subClassOf,rc:Statistics
rc:StatisticalDistanceMeasure,rdfs:subClassOf,owl:Thing
rc:EthnicGroupOfManchus,rdfs:subClassOf,rc:EthnicGroupOfChinese
rc:EthnicGroupOfManchus,rdfs:subClassOf,owl:Thing
rc:FrillyClothingStyle,rdfs:subClassOf,rc:FeminineObject
rc:FrillyClothingStyle,rdfs:subClassOf,owl:Thing
rc:SilverChloride,rdfs:subClassOf,rc:ChemicalToxin
rc:SilverChloride,rdfs:subClassOf,rc:InorganicHalide
rc:SilverChloride,rdfs:subClassOf,owl:Thing
rc:ProfitAndLossStatement,rdfs:subClassOf,rc:AnnualDocument
rc:ProfitAndLossStatement,rdfs:subClassOf,owl:Thing
rc:Wagon,rdfs:subClassOf,rc:MusclePoweredDevice
rc:Wagon,rdfs:subClassOf,owl:Thing
rc:Altitude,rdfs:subClassOf,rc:Distance
rc:Altitude,rdfs:subClassOf,owl:Thing
rc:EthnicGroupOfAfar,rdfs:subClassOf,rc:EthnicGroupOfAfricans
rc:EthnicGroupOfAfar,rdfs:subClassOf,owl:Thing
rc:Microwave_KuBand,rdfs:subClassOf,rc:MicrowaveRadiation
rc:Microwave_KuBand,rdfs:subClassOf,owl:Thing
rc:ArabPeople,rdfs:subClassOf,rc:EthnicGroupOfArabs
rc:ArabPeople,rdfs:subClassOf,owl:Thing
rc:AnimalDrawnPlow,rdfs:subClassOf,rc:AnimalPoweredDevice
rc:AnimalDrawnPlow,rdfs:subClassOf,owl:Thing
rc:GreenCard,rdfs:subClassOf,rc:USWorkVisa
rc:GreenCard,rdfs:subClassOf,owl:Thing
rc:CategoricalLogic,rdfs:subClassOf,rc:MathematicalLogic
rc:CategoricalLogic,rdfs:subClassOf,owl:Thing
rc:Canoe,rdfs:subClassOf,rc:Device_UserPowered
rc:Canoe,rdfs:subClassOf,owl:Thing
rc:Poseidon_TheGod,rdfs:subClassOf,rc:MythologicalGod
rc:Poseidon_TheGod,rdfs:subClassOf,owl:Thing
rc:AudioRecordedObject,rdfs:subClassOf,rc:RecordingOfWaveIBT
rc:AudioRecordedObject,rdfs:subClassOf,owl:Thing
rc:GenomeProject,rdfs:subClassOf,rc:MolecularGenetics
rc:GenomeProject,rdfs:subClassOf,owl:Thing
rc:MineralOreRefinery,rdfs:subClassOf,rc:Refinery
rc:MineralOreRefinery,rdfs:subClassOf,owl:Thing
rc:ModernistArchitecture,rdfs:subClassOf,rc:ArchitecturalTypeByStyle
rc:ModernistArchitecture,rdfs:subClassOf,owl:Thing
rc:DarkFantasy,rdfs:subClassOf,rc:Fantasy
rc:DarkFantasy,rdfs:subClassOf,owl:Thing
rc:Sugar_Table,rdfs:subClassOf,rc:Disaccharide
rc:Sugar_Table,rdfs:subClassOf,rc:PlantProduct
rc:Sugar_Table,rdfs:subClassOf,owl:Thing
rc:PhotographicFilm,rdfs:subClassOf,rc:ArtificialMaterial
rc:PhotographicFilm,rdfs:subClassOf,rc:DeviceWithNoMovingParts
rc:PhotographicFilm,rdfs:subClassOf,rc:ReproductionDevice
rc:PhotographicFilm,rdfs:subClassOf,owl:Thing
rc:EthnicGroupOfCookIslandMaoris,rdfs:subClassOf,rc:EthnicGroupOfMaoris
rc:EthnicGroupOfCookIslandMaoris,rdfs:subClassOf,owl:Thing
rc:Bandwidth,rdfs:subClassOf,rc:ComputerQuantity
rc:Bandwidth,rdfs:subClassOf,rc:MultiDimensionalQuantity
rc:Bandwidth,rdfs:subClassOf,rc:PhysicalQuantity
rc:Bandwidth,rdfs:subClassOf,owl:Thing
rc:ObjectivismAynRand,rdfs:subClassOf,rc:Individuality
rc:ObjectivismAynRand,rdfs:subClassOf,owl:Thing
rc:BenjaminHarrison,rdfs:subClassOf,rc:Deceased
rc:BenjaminHarrison,rdfs:subClassOf,rc:UnitedStatesPresident
rc:BenjaminHarrison,rdfs:subClassOf,owl:Thing
rc:WritingSystem,rdfs:subClassOf,rc:Artifact_Intangible
rc:WritingSystem,rdfs:subClassOf,owl:Thing
rc:Lawrencium,rdfs:subClassOf,rc:TransuraniumElement
rc:Lawrencium,rdfs:subClassOf,owl:Thing
rc:PrivacyControversiesAndDisputes,rdfs:subClassOf,rc:PrivacyLevel
rc:PrivacyControversiesAndDisputes,rdfs:subClassOf,owl:Thing
rc:BalletDancePerformance,rdfs:subClassOf,rc:DancePerformance
rc:BalletDancePerformance,rdfs:subClassOf,owl:Thing
rc:PremierOfNevis,rdfs:subClassOf,rc:Premier_HeadOfGovernment
rc:PremierOfNevis,rdfs:subClassOf,owl:Thing
rc:Orpheus,rdfs:subClassOf,rc:MythologicalPeople
rc:Orpheus,rdfs:subClassOf,owl:Thing
rc:ConstructionSite,rdfs:subClassOf,rc:ArtificialLandform
rc:ConstructionSite,rdfs:subClassOf,owl:Thing
rc:InvestmentPortfolio_CW,rdfs:subClassOf,rc:WebPage
rc:InvestmentPortfolio_CW,rdfs:subClassOf,owl:Thing
rc:MotorcycleFrame,rdfs:subClassOf,rc:InertArtifact
rc:MotorcycleFrame,rdfs:subClassOf,rc:NonPoweredDevice
rc:MotorcycleFrame,rdfs:subClassOf,rc:SinglePurposeDevice
rc:MotorcycleFrame,rdfs:subClassOf,owl:Thing
rc:RatioOfPrimitiveQuantities,rdfs:subClassOf,rc:RatioQuantity
rc:RatioOfPrimitiveQuantities,rdfs:subClassOf,owl:Thing
rc:EthnicGroupOfMiddleEasterners,rdfs:subClassOf,rc:EthnicGroup
rc:EthnicGroupOfMiddleEasterners,rdfs:subClassOf,owl:Thing
rc:FutonsMarketCategory,rdfs:subClassOf,rc:ProductTypeByMarketCategory
rc:FutonsMarketCategory,rdfs:subClassOf,owl:Thing
rc:PersonalAudioPlayer,rdfs:subClassOf,rc:Device_SingleUser
rc:PersonalAudioPlayer,rdfs:subClassOf,owl:Thing
rc:KingPhilipV,rdfs:subClassOf,rc:King_HeadOfState
rc:KingPhilipV,rdfs:subClassOf,owl:Thing
rc:Debutante,rdfs:subClassOf,rc:FemaleHuman
rc:Debutante,rdfs:subClassOf,rc:HumanTeenager
rc:Debutante,rdfs:subClassOf,owl:Thing
rc:MagnesiumSulfate,rdfs:subClassOf,rc:InorganicSalt
rc:MagnesiumSulfate,rdfs:subClassOf,owl:Thing
rc:Xiongnu,rdfs:subClassOf,rc:EthnicGroupOfTurks
rc:Xiongnu,rdfs:subClassOf,owl:Thing
rc:TurkicPeoplesOfAsia,rdfs:subClassOf,rc:EthnicGroupOfTurks
rc:TurkicPeoplesOfAsia,rdfs:subClassOf,owl:Thing
rc:Hydro_LyaseCatalysis,rdfs:subClassOf,rc:CatalyticActivity
rc:Hydro_LyaseCatalysis,rdfs:subClassOf,owl:Thing
rc:SubgroupsOfTheHanChinese,rdfs:subClassOf,rc:EthnicGroupOfHanChinese
rc:SubgroupsOfTheHanChinese,rdfs:subClassOf,owl:Thing
rc:Pun,rdfs:subClassOf,rc:VerbalOrWrittenWork
rc:Pun,rdfs:subClassOf,owl:Thing
rc:EthnicGroupOfHmong,rdfs:subClassOf,rc:EthnicGroupOfAsians
rc:EthnicGroupOfHmong,rdfs:subClassOf,owl:Thing
rc:Write_off,rdfs:subClassOf,rc:InformationRecordingProcess
rc:Write_off,rdfs:subClassOf,owl:Thing
rc:PrepaidTelephoneCard,rdfs:subClassOf,rc:TenderObject
rc:PrepaidTelephoneCard,rdfs:subClassOf,owl:Thing
rc:PhysicalEffortLevel,rdfs:subClassOf,rc:PerformanceLevelQuantity
rc:PhysicalEffortLevel,rdfs:subClassOf,rc:PhysiologicalQuantity
rc:PhysicalEffortLevel,rdfs:subClassOf,rc:TotallyOrderedQuantityType
rc:PhysicalEffortLevel,rdfs:subClassOf,owl:Thing
rc:Intoxicated,rdfs:subClassOf,rc:AwarenessQuantity
rc:Intoxicated,rdfs:subClassOf,owl:Thing
rc:MusicalTextCopy,rdfs:subClassOf,rc:HumanAccessibleIBO
rc:MusicalTextCopy,rdfs:subClassOf,owl:Thing
rc:FictionalBuilding,rdfs:subClassOf,rc:FictionalObject
rc:FictionalBuilding,rdfs:subClassOf,owl:Thing
rc:ProblemSolving,rdfs:subClassOf,rc:MethodType
rc:ProblemSolving,rdfs:subClassOf,owl:Thing
rc:SatelliteTVAntenna,rdfs:subClassOf,rc:SatelliteReceiver
rc:SatelliteTVAntenna,rdfs:subClassOf,rc:TVAntenna
rc:SatelliteTVAntenna,rdfs:subClassOf,owl:Thing
rc:Rarely,rdfs:subClassOf,rc:NonNumericScalarQuantity
rc:Rarely,rdfs:subClassOf,rc:Time_Quantity
rc:Rarely,rdfs:subClassOf,owl:Thing
rc:NuclearWeapon,rdfs:subClassOf,rc:NuclearPoweredDevice
rc:NuclearWeapon,rdfs:subClassOf,owl:Thing
rc:GodTheSon,rdfs:subClassOf,rc:Deceased
rc:GodTheSon,rdfs:subClassOf,owl:Thing
rc:Barn,rdfs:subClassOf,rc:AnimalContainer
rc:Barn,rdfs:subClassOf,rc:ShelterConstruction
rc:Barn,rdfs:subClassOf,owl:Thing
rc:ChechenNationalHero,rdfs:subClassOf,rc:Hero
rc:ChechenNationalHero,rdfs:subClassOf,owl:Thing
rc:Sticker_Adhesive,rdfs:subClassOf,rc:Collectible
rc:Sticker_Adhesive,rdfs:subClassOf,rc:Device_OfficeProduct_Consumable
rc:Sticker_Adhesive,rdfs:subClassOf,owl:Thing
rc:Highway,rdfs:subClassOf,rc:TwoLanesOrWiderRoadway
rc:Highway,rdfs:subClassOf,owl:Thing
rc:WelshDiaspora,rdfs:subClassOf,rc:Diaspora
rc:WelshDiaspora,rdfs:subClassOf,owl:Thing
rc:HealthPolicy,rdfs:subClassOf,rc:PublicPolicy
rc:HealthPolicy,rdfs:subClassOf,owl:Thing
rc:HealthAndBeautyMarketCategory,rdfs:subClassOf,rc:ProductTypeByMarketCategory
rc:HealthAndBeautyMarketCategory,rdfs:subClassOf,owl:Thing
rc:StabilizingFin,rdfs:subClassOf,rc:MechanicalDevice
rc:StabilizingFin,rdfs:subClassOf,rc:NonPoweredDevice
rc:StabilizingFin,rdfs:subClassOf,owl:Thing
rc:Actor,rdfs:subClassOf,rc:Artist_Performer
rc:Actor,rdfs:subClassOf,owl:Thing
rc:SpinachPlant,rdfs:subClassOf,rc:Amaranthaceae
rc:SpinachPlant,rdfs:subClassOf,owl:Thing
rc:AustrianJew,rdfs:subClassOf,rc:AshkenaziJews
rc:AustrianJew,rdfs:subClassOf,owl:Thing
rc:MummifiedRemains,rdfs:subClassOf,rc:DeadAnimal
rc:MummifiedRemains,rdfs:subClassOf,owl:Thing
rc:List_Information,rdfs:subClassOf,rc:TextualMaterial
rc:List_Information,rdfs:subClassOf,owl:Thing
rc:HumanTypeByLifeStageType,rdfs:subClassOf,rc:OrganismTypeByLifeStage
rc:HumanTypeByLifeStageType,rdfs:subClassOf,owl:Thing
rc:Chain,rdfs:subClassOf,rc:CordlikeArtifact
rc:Chain,rdfs:subClassOf,rc:NonPoweredDevice
rc:Chain,rdfs:subClassOf,owl:Thing
rc:TeenMovie,rdfs:subClassOf,rc:PropositionalConceptualWork_TeenGenre
rc:TeenMovie,rdfs:subClassOf,owl:Thing
rc:Planetarium,rdfs:subClassOf,rc:AstronomyAid
rc:Planetarium,rdfs:subClassOf,owl:Thing
rc:MedicareNumber,rdfs:subClassOf,rc:IDString
rc:MedicareNumber,rdfs:subClassOf,owl:Thing
rc:InformationAnalysis,rdfs:subClassOf,rc:MethodType
rc:InformationAnalysis,rdfs:subClassOf,owl:Thing
rc:BuildingWire,rdfs:subClassOf,rc:BuildingMaterial
rc:BuildingWire,rdfs:subClassOf,owl:Thing
rc:Coffee,rdfs:subClassOf,rc:BitterTaste
rc:Coffee,rdfs:subClassOf,owl:Thing
rc:LiftTicket,rdfs:subClassOf,rc:SheetOfPaper
rc:LiftTicket,rdfs:subClassOf,owl:Thing
rc:CoveredWithHair,rdfs:subClassOf,rc:HumanTypeByHairstyle
rc:CoveredWithHair,rdfs:subClassOf,owl:Thing
rc:Stereophotogrammetry,rdfs:subClassOf,rc:ScientificInstrument
rc:Stereophotogrammetry,rdfs:subClassOf,owl:Thing
rc:SepticTank,rdfs:subClassOf,rc:LiquidStorageTank
rc:SepticTank,rdfs:subClassOf,owl:Thing
rc:Lock,rdfs:subClassOf,rc:MechanicalDevice
rc:Lock,rdfs:subClassOf,owl:Thing
rc:NorthAmericanArchitecture,rdfs:subClassOf,rc:ArchitecturalTypeByStyle
rc:NorthAmericanArchitecture,rdfs:subClassOf,owl:Thing
rc:IsopropylAlcohol,rdfs:subClassOf,rc:FuelOxygenate
rc:IsopropylAlcohol,rdfs:subClassOf,rc:StrippingCompound
rc:IsopropylAlcohol,rdfs:subClassOf,owl:Thing
rc:MathematicalEconomics,rdfs:subClassOf,rc:EconomicsBySpecialty
rc:MathematicalEconomics,rdfs:subClassOf,owl:Thing
rc:RevealingTrueInformation,rdfs:subClassOf,rc:Informing
rc:RevealingTrueInformation,rdfs:subClassOf,owl:Thing
rc:Solder,rdfs:subClassOf,rc:SinglePurposeDevice
rc:Solder,rdfs:subClassOf,owl:Thing
rc:AppliedMechanics,rdfs:subClassOf,rc:DevisedStructuredActivity
rc:AppliedMechanics,rdfs:subClassOf,owl:Thing
rc:AlcazarsAndAlcazabasInSpain,rdfs:subClassOf,rc:EthnicGroupOfAndalusians
rc:AlcazarsAndAlcazabasInSpain,rdfs:subClassOf,owl:Thing
rc:Door,rdfs:subClassOf,rc:DoorWindowGlass
rc:Door,rdfs:subClassOf,owl:Thing
rc:GeographicInformationSystem,rdfs:subClassOf,rc:EducationalReferenceSoftware
rc:GeographicInformationSystem,rdfs:subClassOf,owl:Thing
rc:SmellPerception,rdfs:subClassOf,rc:Odor
rc:SmellPerception,rdfs:subClassOf,owl:Thing
rc:EthnicGroupOfMaronites,rdfs:subClassOf,rc:EthnicGroupOfMiddleEasterners
rc:EthnicGroupOfMaronites,rdfs:subClassOf,owl:Thing
rc:PostalCode,rdfs:subClassOf,rc:ContactInfoString
rc:PostalCode,rdfs:subClassOf,owl:Thing
rc:FireplaceGrate,rdfs:subClassOf,rc:Rack_Holder
rc:FireplaceGrate,rdfs:subClassOf,owl:Thing
rc:Composure,rdfs:subClassOf,rc:PersonalQuantity
rc:Composure,rdfs:subClassOf,owl:Thing
rc:Poverty,rdfs:subClassOf,rc:Shortage
rc:Poverty,rdfs:subClassOf,owl:Thing
rc:Shadow,rdfs:subClassOf,rc:Light
rc:Shadow,rdfs:subClassOf,owl:Thing
rc:Liability_Obligation,rdfs:subClassOf,rc:Obligation
rc:Liability_Obligation,rdfs:subClassOf,owl:Thing
rc:EthnicGroupOfGilaki,rdfs:subClassOf,rc:EthnicGroupOfMiddleEasterners
rc:EthnicGroupOfGilaki,rdfs:subClassOf,owl:Thing
rc:ShowerHead,rdfs:subClassOf,rc:SprayingDevice
rc:ShowerHead,rdfs:subClassOf,owl:Thing
rc:EthnicGroupOfFula,rdfs:subClassOf,rc:EthnicGroupOfAfricans
rc:EthnicGroupOfFula,rdfs:subClassOf,owl:Thing
rc:SelenousAcid,rdfs:subClassOf,rc:InorganicAcid
rc:SelenousAcid,rdfs:subClassOf,owl:Thing
rc:Goggles,rdfs:subClassOf,rc:Eyewear
rc:Goggles,rdfs:subClassOf,rc:VisionProtectionAccessory
rc:Goggles,rdfs:subClassOf,owl:Thing
rc:NaturalFiberCloth,rdfs:subClassOf,rc:AgriculturalProduct
rc:NaturalFiberCloth,rdfs:subClassOf,rc:PlantProduct
rc:NaturalFiberCloth,rdfs:subClassOf,owl:Thing
rc:HighSchoolStudent,rdfs:subClassOf,rc:HumanTeenager
rc:HighSchoolStudent,rdfs:subClassOf,owl:Thing
rc:GirlGuide,rdfs:subClassOf,rc:Scout_MemberOfScoutingOrganization
rc:GirlGuide,rdfs:subClassOf,owl:Thing
rc:MakingACriminalCharge,rdfs:subClassOf,rc:Accusing
rc:MakingACriminalCharge,rdfs:subClassOf,owl:Thing
rc:DifferentialEquation,rdfs:subClassOf,rc:MathematicalFieldOfStudy
rc:DifferentialEquation,rdfs:subClassOf,owl:Thing
rc:EthnicGroupOfCastilians,rdfs:subClassOf,rc:EthnicGroupOfSpain
rc:EthnicGroupOfCastilians,rdfs:subClassOf,owl:Thing
rc:Mythology,rdfs:subClassOf,rc:FictionalThing
rc:Mythology,rdfs:subClassOf,owl:Thing
rc:AngloSaxonArchitecture,rdfs:subClassOf,rc:ArchitecturalTypeByStyle
rc:AngloSaxonArchitecture,rdfs:subClassOf,owl:Thing
rc:Caution,rdfs:subClassOf,rc:VeryAlert
rc:Caution,rdfs:subClassOf,owl:Thing
rc:AgentOrange,rdfs:subClassOf,rc:ArtificialMaterial
rc:AgentOrange,rdfs:subClassOf,rc:ChemicalWeapon
rc:AgentOrange,rdfs:subClassOf,owl:Thing
rc:PsychiatricDiagnosis,rdfs:subClassOf,rc:MedicalDiagnosis
rc:PsychiatricDiagnosis,rdfs:subClassOf,owl:Thing
rc:EdiblePlant,rdfs:subClassOf,rc:PlantProduct
rc:EdiblePlant,rdfs:subClassOf,owl:Thing
rc:Teletubby_FictionalCharacter,rdfs:subClassOf,rc:FictionalCharacter
rc:Teletubby_FictionalCharacter,rdfs:subClassOf,owl:Thing
rc:AtmosphericRadiation,rdfs:subClassOf,rc:ElectromagneticRadiation
rc:AtmosphericRadiation,rdfs:subClassOf,owl:Thing
rc:ComputerDisk,rdfs:subClassOf,rc:ComputerStorageDevice
rc:ComputerDisk,rdfs:subClassOf,owl:Thing
rc:IrishWomen,rdfs:subClassOf,rc:EthnicGroupOfIrish
rc:IrishWomen,rdfs:subClassOf,owl:Thing
rc:Logic,rdfs:subClassOf,rc:MethodType
rc:Logic,rdfs:subClassOf,owl:Thing
rc:Californium,rdfs:subClassOf,rc:TransuraniumElement
rc:Californium,rdfs:subClassOf,owl:Thing
rc:EffectsOfGravitation,rdfs:subClassOf,rc:GeneralRelativity
rc:EffectsOfGravitation,rdfs:subClassOf,owl:Thing
rc:Visa_Permit,rdfs:subClassOf,rc:Credential
rc:Visa_Permit,rdfs:subClassOf,owl:Thing
rc:DistressSignal_PCW,rdfs:subClassOf,rc:PropositionalConceptualWork
rc:DistressSignal_PCW,rdfs:subClassOf,owl:Thing
rc:Odor,rdfs:subClassOf,rc:AnimalSensoryQuantity
rc:Odor,rdfs:subClassOf,owl:Thing
rc:FrenchDiaspora,rdfs:subClassOf,rc:Diaspora
rc:FrenchDiaspora,rdfs:subClassOf,rc:EthnicGroupOfFrench
rc:FrenchDiaspora,rdfs:subClassOf,owl:Thing
rc:PowerElectronics,rdfs:subClassOf,rc:ElectronicDevice
rc:PowerElectronics,rdfs:subClassOf,owl:Thing
rc:FishingAndTheEnvironment,rdfs:subClassOf,rc:EnvironmentalImpact
rc:FishingAndTheEnvironment,rdfs:subClassOf,owl:Thing
rc:King_HeadOfGovernment,rdfs:subClassOf,rc:HeadOfGovernment
rc:King_HeadOfGovernment,rdfs:subClassOf,rc:King_HeadOfState
rc:King_HeadOfGovernment,rdfs:subClassOf,owl:Thing
rc:Secrecy,rdfs:subClassOf,rc:PrivacyLevel
rc:Secrecy,rdfs:subClassOf,owl:Thing
rc:Palette_Wooden,rdfs:subClassOf,rc:Woodwork
rc:Palette_Wooden,rdfs:subClassOf,owl:Thing
rc:DiisopropylEther,rdfs:subClassOf,rc:FuelOxygenate
rc:DiisopropylEther,rdfs:subClassOf,owl:Thing
rc:EthnicGroupOfVietnamese,rdfs:subClassOf,rc:EthnicGroupOfEastAsians
rc:EthnicGroupOfVietnamese,rdfs:subClassOf,owl:Thing
rc:Clowning,rdfs:subClassOf,rc:PropositionalConceptualWork_ComedyGenre
rc:Clowning,rdfs:subClassOf,owl:Thing
rc:Sextant,rdfs:subClassOf,rc:Device_UserControlled
rc:Sextant,rdfs:subClassOf,rc:MechanicalDevice
rc:Sextant,rdfs:subClassOf,owl:Thing
rc:TrickShot,rdfs:subClassOf,rc:PoolCueSports
rc:TrickShot,rdfs:subClassOf,owl:Thing
rc:CeramicTile,rdfs:subClassOf,rc:CeramicArtifact
rc:CeramicTile,rdfs:subClassOf,owl:Thing
rc:Trobairitz,rdfs:subClassOf,rc:Troubadour
rc:Trobairitz,rdfs:subClassOf,owl:Thing
rc:Batrachotoxin,rdfs:subClassOf,rc:BiologicalToxin
rc:Batrachotoxin,rdfs:subClassOf,owl:Thing
rc:AwarenessQuantity,rdfs:subClassOf,rc:NonAspectualQuantity
rc:AwarenessQuantity,rdfs:subClassOf,owl:Thing
rc:HungarianWomen,rdfs:subClassOf,rc:EthnicGroupOfMagyars
rc:HungarianWomen,rdfs:subClassOf,owl:Thing
rc:DistributedComputingArchitecture,rdfs:subClassOf,rc:ParallelArchitecture
rc:DistributedComputingArchitecture,rdfs:subClassOf,owl:Thing
rc:Outpost,rdfs:subClassOf,rc:DefenseBuildingStructure
rc:Outpost,rdfs:subClassOf,owl:Thing
rc:TattooStudio,rdfs:subClassOf,rc:Studio
rc:TattooStudio,rdfs:subClassOf,owl:Thing
rc:Cracking,rdfs:subClassOf,rc:ChemicalReaction
rc:Cracking,rdfs:subClassOf,owl:Thing
rc:Bull_Cattle,rdfs:subClassOf,rc:Bull_MaleHerdAnimal
rc:Bull_Cattle,rdfs:subClassOf,owl:Thing
rc:StatisticalRandomness,rdfs:subClassOf,rc:RandomFrequency
rc:StatisticalRandomness,rdfs:subClassOf,owl:Thing
rc:UsedAutomobile,rdfs:subClassOf,rc:UsedArtifact
rc:UsedAutomobile,rdfs:subClassOf,owl:Thing
rc:LevelOfFlawedness,rdfs:subClassOf,rc:LevelOfQuality
rc:LevelOfFlawedness,rdfs:subClassOf,owl:Thing
rc:UlyssesSGrant,rdfs:subClassOf,rc:UnitedStatesPresident
rc:UlyssesSGrant,rdfs:subClassOf,owl:Thing
rc:TinIIChloride,rdfs:subClassOf,rc:InorganicHalide
rc:TinIIChloride,rdfs:subClassOf,owl:Thing
rc:InterAgentSupportQuantity,rdfs:subClassOf,rc:InterAgentQuantity
rc:InterAgentSupportQuantity,rdfs:subClassOf,owl:Thing
rc:LatitudeLine,rdfs:subClassOf,rc:GeodesyConcept
rc:LatitudeLine,rdfs:subClassOf,owl:Thing
rc:DarkRed_Color,rdfs:subClassOf,rc:Auburn_HairColor
rc:DarkRed_Color,rdfs:subClassOf,owl:Thing
rc:Thread,rdfs:subClassOf,rc:Cord_Textile
rc:Thread,rdfs:subClassOf,owl:Thing
rc:Stain,rdfs:subClassOf,rc:Finish
rc:Stain,rdfs:subClassOf,owl:Thing
rc:Penutian_EthnicGroupOfNewWorldNatives,rdfs:subClassOf,rc:EthnicGroupOfNewWorldNatives
rc:Penutian_EthnicGroupOfNewWorldNatives,rdfs:subClassOf,owl:Thing
rc:GrandDuke_HeadOfState,rdfs:subClassOf,rc:Monarch_HeadOfState
rc:GrandDuke_HeadOfState,rdfs:subClassOf,owl:Thing
rc:ExcavationPit,rdfs:subClassOf,rc:HeavyIndustryFacility
rc:ExcavationPit,rdfs:subClassOf,rc:InertArtifact
rc:ExcavationPit,rdfs:subClassOf,owl:Thing
rc:Sandbox,rdfs:subClassOf,rc:ContainerArtifact
rc:Sandbox,rdfs:subClassOf,rc:PlaygroundEquipment
rc:Sandbox,rdfs:subClassOf,owl:Thing
rc:ToiletrySubstance,rdfs:subClassOf,rc:ArtificialMaterial
rc:ToiletrySubstance,rdfs:subClassOf,rc:ConsumableProduct
rc:ToiletrySubstance,rdfs:subClassOf,owl:Thing
rc:ChlorousAcid,rdfs:subClassOf,rc:InorganicAcid
rc:ChlorousAcid,rdfs:subClassOf,owl:Thing
rc:Volatility_Physical,rdfs:subClassOf,rc:DispositionalQuantity
rc:Volatility_Physical,rdfs:subClassOf,rc:NonAspectualQuantity
rc:Volatility_Physical,rdfs:subClassOf,rc:Rate
rc:Volatility_Physical,rdfs:subClassOf,rc:TangiblePhysicalQuantity
rc:Volatility_Physical,rdfs:subClassOf,owl:Thing
rc:KingCharlesIII,rdfs:subClassOf,rc:King_HeadOfState
rc:KingCharlesIII,rdfs:subClassOf,owl:Thing
rc:RealEstateIndex,rdfs:subClassOf,rc:RealEstateEconomics
rc:RealEstateIndex,rdfs:subClassOf,owl:Thing
rc:Gray_EyeColor,rdfs:subClassOf,rc:HumanEyeColor
rc:Gray_EyeColor,rdfs:subClassOf,owl:Thing
rc:TaiwaneseAborigine,rdfs:subClassOf,rc:IndigenousPeople
rc:TaiwaneseAborigine,rdfs:subClassOf,owl:Thing
rc:Rhodophyta,rdfs:subClassOf,rc:Phycophyta
rc:Rhodophyta,rdfs:subClassOf,owl:Thing
rc:QuantumModel,rdfs:subClassOf,rc:QuantumMechanics
rc:QuantumModel,rdfs:subClassOf,owl:Thing
rc:Stethoscope,rdfs:subClassOf,rc:NonPoweredDevice
rc:Stethoscope,rdfs:subClassOf,owl:Thing
rc:NumericInterval,rdfs:subClassOf,rc:ScalarInterval
rc:NumericInterval,rdfs:subClassOf,owl:Thing
rc:ElectricalGrid,rdfs:subClassOf,rc:SystemOfDevices
rc:ElectricalGrid,rdfs:subClassOf,owl:Thing
rc:Tachometer,rdfs:subClassOf,rc:AutoPart
rc:Tachometer,rdfs:subClassOf,owl:Thing
rc:GeorgeHWBush,rdfs:subClassOf,rc:UnitedStatesPresident
rc:GeorgeHWBush,rdfs:subClassOf,owl:Thing
rc:OpenAccessArchive,rdfs:subClassOf,rc:OpenSource
rc:OpenAccessArchive,rdfs:subClassOf,rc:ScholarlyArticle
rc:OpenAccessArchive,rdfs:subClassOf,owl:Thing
rc:GalicianDiaspora,rdfs:subClassOf,rc:Diaspora
rc:GalicianDiaspora,rdfs:subClassOf,rc:EthnicGroupOfGalicians
rc:GalicianDiaspora,rdfs:subClassOf,owl:Thing
rc:LuxuryCar,rdfs:subClassOf,rc:LuxuryItem
rc:LuxuryCar,rdfs:subClassOf,owl:Thing
rc:SystemOfDevices,rdfs:subClassOf,rc:FunctionalSystem
rc:SystemOfDevices,rdfs:subClassOf,owl:Thing
rc:AluminumSulfate,rdfs:subClassOf,rc:InorganicSalt
rc:AluminumSulfate,rdfs:subClassOf,owl:Thing
rc:EthnicGroupOfBerbers,rdfs:subClassOf,rc:EthnicGroupOfAfricans
rc:EthnicGroupOfBerbers,rdfs:subClassOf,owl:Thing
rc:Smoothie,rdfs:subClassOf,rc:ArtificialDrink
rc:Smoothie,rdfs:subClassOf,rc:LiquidTangibleArtifact
rc:Smoothie,rdfs:subClassOf,owl:Thing
rc:AsianPeople,rdfs:subClassOf,rc:EthnicGroupOfAsians
rc:AsianPeople,rdfs:subClassOf,owl:Thing
rc:OrganismTypeByExistentialStatus,rdfs:subClassOf,rc:BiologicalQuantity
rc:OrganismTypeByExistentialStatus,rdfs:subClassOf,owl:Thing
rc:MilitaryOrder_IBO,rdfs:subClassOf,rc:InformationBearingObject
rc:MilitaryOrder_IBO,rdfs:subClassOf,owl:Thing
rc:ForestModelling,rdfs:subClassOf,rc:ForestManagement
rc:ForestModelling,rdfs:subClassOf,owl:Thing
rc:Trade,rdfs:subClassOf,rc:FinancialInsuranceService
rc:Trade,rdfs:subClassOf,owl:Thing
rc:ChemicalBonding,rdfs:subClassOf,rc:ChemicalReaction
rc:ChemicalBonding,rdfs:subClassOf,owl:Thing
rc:Chopstick,rdfs:subClassOf,rc:Ethnic
rc:Chopstick,rdfs:subClassOf,owl:Thing
rc:SensoryQuantity,rdfs:subClassOf,rc:PhysiologicalQuantity
rc:SensoryQuantity,rdfs:subClassOf,owl:Thing
rc:Lemonade,rdfs:subClassOf,rc:ArtificialDrink
rc:Lemonade,rdfs:subClassOf,owl:Thing
rc:ElectronicCommerce,rdfs:subClassOf,rc:RetailService
rc:ElectronicCommerce,rdfs:subClassOf,owl:Thing
rc:Diaper,rdfs:subClassOf,rc:ContainerArtifact
rc:Diaper,rdfs:subClassOf,owl:Thing
rc:Mythography,rdfs:subClassOf,rc:MythologicalThing
rc:Mythography,rdfs:subClassOf,owl:Thing
rc:AudioAmplifierComponent,rdfs:subClassOf,rc:Amplifier
rc:AudioAmplifierComponent,rdfs:subClassOf,owl:Thing
rc:CardboardCanister,rdfs:subClassOf,rc:MechanicalDevice
rc:CardboardCanister,rdfs:subClassOf,owl:Thing
rc:Conscription,rdfs:subClassOf,rc:Nationalism
rc:Conscription,rdfs:subClassOf,owl:Thing
rc:SodiumNitrate,rdfs:subClassOf,rc:ChemicalToxin
rc:SodiumNitrate,rdfs:subClassOf,rc:InorganicSalt
rc:SodiumNitrate,rdfs:subClassOf,owl:Thing
rc:ConscientiousObjection,rdfs:subClassOf,rc:Pacifism
rc:ConscientiousObjection,rdfs:subClassOf,owl:Thing
rc:Viscosity,rdfs:subClassOf,rc:DispositionalQuantity
rc:Viscosity,rdfs:subClassOf,rc:MultiDimensionalQuantity
rc:Viscosity,rdfs:subClassOf,rc:NonAspectualQuantity
rc:Viscosity,rdfs:subClassOf,rc:TangiblePhysicalQuantity
rc:Viscosity,rdfs:subClassOf,owl:Thing
rc:Compass,rdfs:subClassOf,rc:DraftingSupply
rc:Compass,rdfs:subClassOf,rc:MeasuringDevice
rc:Compass,rdfs:subClassOf,rc:MechanicalDevice
rc:Compass,rdfs:subClassOf,rc:NavigationDevice
rc:Compass,rdfs:subClassOf,owl:Thing
rc:SeaSurfaceTemperature,rdfs:subClassOf,rc:Temperature
rc:SeaSurfaceTemperature,rdfs:subClassOf,owl:Thing
rc:LatvianMen,rdfs:subClassOf,rc:EthnicGroupOfLatvians
rc:LatvianMen,rdfs:subClassOf,owl:Thing
rc:CarbohydrateChemistry,rdfs:subClassOf,rc:ChemicalSynthesis
rc:CarbohydrateChemistry,rdfs:subClassOf,owl:Thing
rc:MusicalInstrument,rdfs:subClassOf,rc:Device_UserControlled
rc:MusicalInstrument,rdfs:subClassOf,owl:Thing
rc:AnimatedCharacter,rdfs:subClassOf,rc:FictionalCharacter
rc:AnimatedCharacter,rdfs:subClassOf,owl:Thing
rc:WeddingGift,rdfs:subClassOf,rc:WeddingCeremony
rc:WeddingGift,rdfs:subClassOf,owl:Thing
rc:ArcheryGlove,rdfs:subClassOf,rc:Glove
rc:ArcheryGlove,rdfs:subClassOf,rc:ShootingSportsEquipment
rc:ArcheryGlove,rdfs:subClassOf,rc:SportsAccessory
rc:ArcheryGlove,rdfs:subClassOf,owl:Thing
rc:Paneling,rdfs:subClassOf,rc:SolidTangibleArtifact
rc:Paneling,rdfs:subClassOf,owl:Thing
rc:PhotographicLightStand,rdfs:subClassOf,rc:MechanicalDevice
rc:PhotographicLightStand,rdfs:subClassOf,owl:Thing
rc:ComputerMouse,rdfs:subClassOf,rc:Device_SingleUser
rc:ComputerMouse,rdfs:subClassOf,owl:Thing
rc:TaxSoftware,rdfs:subClassOf,rc:AccountingEnterpriseResourcePlanningSoftware
rc:TaxSoftware,rdfs:subClassOf,owl:Thing
rc:EquationsOfPhysics,rdfs:subClassOf,rc:MathematicalPhysics
rc:EquationsOfPhysics,rdfs:subClassOf,rc:Physics
rc:EquationsOfPhysics,rdfs:subClassOf,owl:Thing
rc:SportsRule,rdfs:subClassOf,rc:Sport
rc:SportsRule,rdfs:subClassOf,owl:Thing
rc:PharmaceuticalProduct,rdfs:subClassOf,kko:SecondarySectorProducts
rc:PharmaceuticalProduct,rdfs:subClassOf,owl:Thing
rc:MethyltransferaseCatalysis,rdfs:subClassOf,rc:CatalyticActivity
rc:MethyltransferaseCatalysis,rdfs:subClassOf,owl:Thing
rc:Sweatshirt,rdfs:subClassOf,rc:SportingGoodsMarketCategory
rc:Sweatshirt,rdfs:subClassOf,owl:Thing
rc:RedAlgae,rdfs:subClassOf,rc:Bangiales
rc:RedAlgae,rdfs:subClassOf,owl:Thing
rc:ValueTable_PCW,rdfs:subClassOf,rc:StructurallySpecificWork
rc:ValueTable_PCW,rdfs:subClassOf,rc:TableInformation
rc:ValueTable_PCW,rdfs:subClassOf,owl:Thing
rc:PreventiveMedicine,rdfs:subClassOf,rc:MedicalSpecialty
rc:PreventiveMedicine,rdfs:subClassOf,owl:Thing
rc:Graffiti,rdfs:subClassOf,rc:HandwrittenDocument
rc:Graffiti,rdfs:subClassOf,owl:Thing
rc:Ashtray,rdfs:subClassOf,rc:ContainerArtifact
rc:Ashtray,rdfs:subClassOf,rc:NonPoweredDevice
rc:Ashtray,rdfs:subClassOf,owl:Thing
rc:PortugueseDiaspora,rdfs:subClassOf,rc:Diaspora
rc:PortugueseDiaspora,rdfs:subClassOf,owl:Thing
rc:EthnicGroupOfIrish,rdfs:subClassOf,rc:EthnicGroupOfEuropeans
rc:EthnicGroupOfIrish,rdfs:subClassOf,owl:Thing
rc:Jar,rdfs:subClassOf,rc:NonPoweredDevice
rc:Jar,rdfs:subClassOf,owl:Thing
rc:LaptopComputer,rdfs:subClassOf,rc:BatteryPoweredDevice
rc:LaptopComputer,rdfs:subClassOf,owl:Thing
rc:RegionalNewspaper,rdfs:subClassOf,rc:ReferenceWebSite
rc:RegionalNewspaper,rdfs:subClassOf,owl:Thing
rc:EmpireStateBuilding,rdfs:subClassOf,rc:HistoricalSite
rc:EmpireStateBuilding,rdfs:subClassOf,owl:Thing
rc:Asleep,rdfs:subClassOf,rc:Unconscious
rc:Asleep,rdfs:subClassOf,owl:Thing
rc:Sealant,rdfs:subClassOf,rc:CoatingMaterial
rc:Sealant,rdfs:subClassOf,owl:Thing
rc:Insignia_ClothingPart,rdfs:subClassOf,rc:ClothingAccessory
rc:Insignia_ClothingPart,rdfs:subClassOf,owl:Thing
rc:Envelope,rdfs:subClassOf,rc:StorageConstruct
rc:Envelope,rdfs:subClassOf,owl:Thing
rc:TheoreticalPhysics,rdfs:subClassOf,rc:Physics
rc:TheoreticalPhysics,rdfs:subClassOf,owl:Thing
rc:RolePlayingCharacter,rdfs:subClassOf,rc:FictionalCharacter
rc:RolePlayingCharacter,rdfs:subClassOf,owl:Thing
rc:AmmoniumNitrate,rdfs:subClassOf,rc:Fertilizer
rc:AmmoniumNitrate,rdfs:subClassOf,rc:InorganicNitrate
rc:AmmoniumNitrate,rdfs:subClassOf,owl:Thing
rc:BarBuilding,rdfs:subClassOf,rc:Bar_Place
rc:BarBuilding,rdfs:subClassOf,owl:Thing
rc:MosaicTool,rdfs:subClassOf,rc:ArtsCraftsEquipment
rc:MosaicTool,rdfs:subClassOf,owl:Thing
rc:RaceAndHealth,rdfs:subClassOf,rc:Epidemiology
rc:RaceAndHealth,rdfs:subClassOf,owl:Thing
rc:DepositSlip,rdfs:subClassOf,rc:Form_StandardizedIBO
rc:DepositSlip,rdfs:subClassOf,owl:Thing
rc:AdultModel,rdfs:subClassOf,rc:Nude
rc:AdultModel,rdfs:subClassOf,owl:Thing
rc:ChildrenOfCharlemagne,rdfs:subClassOf,rc:Carolingian_Monarch_HeadOfState
rc:ChildrenOfCharlemagne,rdfs:subClassOf,owl:Thing
rc:NoOdor,rdfs:subClassOf,rc:Odor
rc:NoOdor,rdfs:subClassOf,owl:Thing
rc:AbigailVanBuren,rdfs:subClassOf,rc:Fictional_FemaleHuman
rc:AbigailVanBuren,rdfs:subClassOf,owl:Thing
rc:SewingEquipment,rdfs:subClassOf,rc:NonPoweredDevice
rc:SewingEquipment,rdfs:subClassOf,rc:RecreationEquipment
rc:SewingEquipment,rdfs:subClassOf,owl:Thing
rc:NuclearStrategy,rdfs:subClassOf,rc:Strategy
rc:NuclearStrategy,rdfs:subClassOf,owl:Thing
rc:ArtificialLighting,rdfs:subClassOf,rc:VisibleLight
rc:ArtificialLighting,rdfs:subClassOf,owl:Thing
rc:ModeratelyCold,rdfs:subClassOf,rc:Temperature
rc:ModeratelyCold,rdfs:subClassOf,owl:Thing
rc:CausalFallacy,rdfs:subClassOf,rc:Causality_AttitudeTopic
rc:CausalFallacy,rdfs:subClassOf,owl:Thing
rc:Horseradish_Plant,rdfs:subClassOf,rc:Brassicaceae
rc:Horseradish_Plant,rdfs:subClassOf,owl:Thing
rc:AsexualHuman,rdfs:subClassOf,rc:HumanTypeBySexualOrientation
rc:AsexualHuman,rdfs:subClassOf,owl:Thing
rc:PostmodernArchitecturalStyle,rdfs:subClassOf,rc:ArchitecturalTypeByStyle
rc:PostmodernArchitecturalStyle,rdfs:subClassOf,owl:Thing
rc:EthnicGroupOfPortuguese,rdfs:subClassOf,rc:EthnicGroupOfEuropeans
rc:EthnicGroupOfPortuguese,rdfs:subClassOf,owl:Thing
rc:EthnicGroupOfSarakole,rdfs:subClassOf,rc:EthnicGroupOfMande
rc:EthnicGroupOfSarakole,rdfs:subClassOf,owl:Thing
rc:PackagedProduct,rdfs:subClassOf,rc:PackagedObject
rc:PackagedProduct,rdfs:subClassOf,owl:Thing
rc:Hermes_TheGod,rdfs:subClassOf,rc:MythologicalGod
rc:Hermes_TheGod,rdfs:subClassOf,owl:Thing
rc:FirstNationsInTheNorthwestTerritories,rdfs:subClassOf,rc:IndigenousPeoplesOfTheAmericas
rc:FirstNationsInTheNorthwestTerritories,rdfs:subClassOf,owl:Thing
rc:DisposableDiaper,rdfs:subClassOf,rc:ConsumableProduct
rc:DisposableDiaper,rdfs:subClassOf,rc:DisposableProduct
rc:DisposableDiaper,rdfs:subClassOf,owl:Thing
rc:Marchioness,rdfs:subClassOf,rc:FemaleHuman
rc:Marchioness,rdfs:subClassOf,owl:Thing
rc:HomeOffice,rdfs:subClassOf,rc:RoomInAConstruction
rc:HomeOffice,rdfs:subClassOf,owl:Thing
rc:AtmosphericThermodynamics,rdfs:subClassOf,rc:ThermodynamicSystem
rc:AtmosphericThermodynamics,rdfs:subClassOf,owl:Thing
rc:EarProtectionGear,rdfs:subClassOf,rc:DivingEquipment
rc:EarProtectionGear,rdfs:subClassOf,rc:ProtectiveGear
rc:EarProtectionGear,rdfs:subClassOf,owl:Thing
rc:GraveField,rdfs:subClassOf,rc:Gravesite
rc:GraveField,rdfs:subClassOf,owl:Thing
rc:GrenadeLauncher,rdfs:subClassOf,rc:ProjectileLauncher
rc:GrenadeLauncher,rdfs:subClassOf,owl:Thing
rc:ThaiDiaspora,rdfs:subClassOf,rc:Diaspora
rc:ThaiDiaspora,rdfs:subClassOf,rc:EthnicGroupOfThais
rc:ThaiDiaspora,rdfs:subClassOf,owl:Thing
rc:Device_OfficeProduct_Stationery,rdfs:subClassOf,rc:PhysicalDevice
rc:Device_OfficeProduct_Stationery,rdfs:subClassOf,owl:Thing
rc:CompletelyCloudCoveredArea,rdfs:subClassOf,rc:EnvironmentalQuantity
rc:CompletelyCloudCoveredArea,rdfs:subClassOf,owl:Thing
rc:LGBTAndHomelessness,rdfs:subClassOf,rc:LGBT
rc:LGBTAndHomelessness,rdfs:subClassOf,owl:Thing
rc:Aqueduct,rdfs:subClassOf,rc:ContainerArtifact
rc:Aqueduct,rdfs:subClassOf,rc:NonPoweredDevice
rc:Aqueduct,rdfs:subClassOf,owl:Thing
kko:Drugs,rdfs:subClassOf,kko:Artifacts
kko:Drugs,rdfs:subClassOf,owl:Thing
rc:HydrogenPerchlorate,rdfs:subClassOf,rc:Oxyacid
rc:HydrogenPerchlorate,rdfs:subClassOf,owl:Thing
rc:ValueAddedTax,rdfs:subClassOf,rc:TaxesOtherThanIncomeTax
rc:ValueAddedTax,rdfs:subClassOf,owl:Thing
rc:TelephoneNumberingPlan,rdfs:subClassOf,rc:PhoneNumber
rc:TelephoneNumberingPlan,rdfs:subClassOf,owl:Thing
rc:Kryptonian,rdfs:subClassOf,rc:FictionalOrganism
rc:Kryptonian,rdfs:subClassOf,owl:Thing
rc:GeometryInComputerVision,rdfs:subClassOf,rc:Geometry
rc:GeometryInComputerVision,rdfs:subClassOf,owl:Thing
rc:JSON,rdfs:subClassOf,rc:JavaScriptFile
rc:JSON,rdfs:subClassOf,owl:Thing
rc:DescendantsOfGenghisKhan,rdfs:subClassOf,rc:GenghisKhan
rc:DescendantsOfGenghisKhan,rdfs:subClassOf,owl:Thing
rc:Bracket_Support,rdfs:subClassOf,rc:SolidTangibleArtifact
rc:Bracket_Support,rdfs:subClassOf,owl:Thing
rc:HardwareInLinux,rdfs:subClassOf,rc:ComputerHardware
rc:HardwareInLinux,rdfs:subClassOf,owl:Thing
rc:MonteCarloMethod,rdfs:subClassOf,rc:MathematicalMethod
rc:MonteCarloMethod,rdfs:subClassOf,rc:RandomFrequency
rc:MonteCarloMethod,rdfs:subClassOf,rc:StatisticalMechanics
rc:MonteCarloMethod,rdfs:subClassOf,owl:Thing
rc:AuthenticationProtected,rdfs:subClassOf,rc:LimitedAccess
rc:AuthenticationProtected,rdfs:subClassOf,owl:Thing
rc:EthnicGroupOfFrench,rdfs:subClassOf,rc:EthnicGroupOfEuropeans
rc:EthnicGroupOfFrench,rdfs:subClassOf,owl:Thing
rc:StrategicManagement,rdfs:subClassOf,rc:Strategy
rc:StrategicManagement,rdfs:subClassOf,owl:Thing
rc:HomeStorageSystem_Complete,rdfs:subClassOf,rc:Organizer
rc:HomeStorageSystem_Complete,rdfs:subClassOf,rc:StorageConstruct
rc:HomeStorageSystem_Complete,rdfs:subClassOf,owl:Thing
rc:BloodPressureReading,rdfs:subClassOf,rc:AgentCapacityQuantity
rc:BloodPressureReading,rdfs:subClassOf,rc:BiologicalQuantity
rc:BloodPressureReading,rdfs:subClassOf,rc:Pressure
rc:BloodPressureReading,rdfs:subClassOf,owl:Thing
rc:ToolBench,rdfs:subClassOf,rc:CommercialIndustrialFurniture
rc:ToolBench,rdfs:subClassOf,owl:Thing
rc:BeliefSystem,rdfs:subClassOf,rc:Artifact_Intangible
rc:BeliefSystem,rdfs:subClassOf,owl:Thing
rc:FrenchChildren,rdfs:subClassOf,rc:EthnicGroupOfFrench
rc:FrenchChildren,rdfs:subClassOf,owl:Thing
rc:MessagePassingAlgorithm,rdfs:subClassOf,rc:Algorithm
rc:MessagePassingAlgorithm,rdfs:subClassOf,owl:Thing
rc:Puzzle,rdfs:subClassOf,rc:Game
rc:Puzzle,rdfs:subClassOf,rc:Puzzle_Generic
rc:Puzzle,rdfs:subClassOf,owl:Thing
rc:CircassianTribe,rdfs:subClassOf,rc:EthnicGroupOfCircassians
rc:CircassianTribe,rdfs:subClassOf,owl:Thing
rc:DiironTrisulfate,rdfs:subClassOf,rc:InorganicSalt
rc:DiironTrisulfate,rdfs:subClassOf,owl:Thing
rc:Candy,rdfs:subClassOf,rc:SweetTaste
rc:Candy,rdfs:subClassOf,owl:Thing
rc:EthnicGroupOfTibetans,rdfs:subClassOf,rc:EthnicGroupOfAsians
rc:EthnicGroupOfTibetans,rdfs:subClassOf,owl:Thing
rc:Loyalty,rdfs:subClassOf,rc:InterAgentQuantity
rc:Loyalty,rdfs:subClassOf,owl:Thing
rc:Sulfite,rdfs:subClassOf,rc:InorganicSalt
rc:Sulfite,rdfs:subClassOf,owl:Thing
rc:LuhyaPeople,rdfs:subClassOf,rc:EthnicGroupOfLuhya
rc:LuhyaPeople,rdfs:subClassOf,owl:Thing
rc:CatherineOfAragon_Person,rdfs:subClassOf,rc:IndividualPeople
rc:CatherineOfAragon_Person,rdfs:subClassOf,owl:Thing
rc:GeorgeWashingtonBridge,rdfs:subClassOf,rc:Bridge
rc:GeorgeWashingtonBridge,rdfs:subClassOf,owl:Thing
rc:Perfection,rdfs:subClassOf,rc:LevelOfQuality
rc:Perfection,rdfs:subClassOf,rc:NonNumericScalarQuantity
rc:Perfection,rdfs:subClassOf,owl:Thing
rc:SchroedingerEquation,rdfs:subClassOf,rc:MathematicalPhysics
rc:SchroedingerEquation,rdfs:subClassOf,owl:Thing
rc:AirDefenseSystem,rdfs:subClassOf,rc:DefenseSystem
rc:AirDefenseSystem,rdfs:subClassOf,owl:Thing
rc:FreeSoftwareProgrammedInJavaScript,rdfs:subClassOf,rc:JavaScriptFile
rc:FreeSoftwareProgrammedInJavaScript,rdfs:subClassOf,owl:Thing
rc:Switch_Network,rdfs:subClassOf,rc:ElectronicDevice
rc:Switch_Network,rdfs:subClassOf,owl:Thing
rc:DentalFloss,rdfs:subClassOf,rc:DisposableProduct
rc:DentalFloss,rdfs:subClassOf,owl:Thing
rc:MultiplicativeFunction,rdfs:subClassOf,rc:Function_Mathematic
rc:MultiplicativeFunction,rdfs:subClassOf,owl:Thing
rc:CarWax,rdfs:subClassOf,rc:CoatingMaterial
rc:CarWax,rdfs:subClassOf,owl:Thing
rc:EthnicGroupOfNilo_Hamitics,rdfs:subClassOf,rc:EthnicGroupOfAfricans
rc:EthnicGroupOfNilo_Hamitics,rdfs:subClassOf,owl:Thing
rc:Manga,rdfs:subClassOf,rc:ComicBookSeries
rc:Manga,rdfs:subClassOf,owl:Thing
rc:PlayingCard,rdfs:subClassOf,rc:Game
rc:PlayingCard,rdfs:subClassOf,owl:Thing
rc:NauruanDiaspora,rdfs:subClassOf,rc:Diaspora
rc:NauruanDiaspora,rdfs:subClassOf,owl:Thing
rc:SpoiledFood,rdfs:subClassOf,rc:RottenOdor
rc:SpoiledFood,rdfs:subClassOf,owl:Thing
rc:DigitalTelephone,rdfs:subClassOf,rc:Telephone
rc:DigitalTelephone,rdfs:subClassOf,owl:Thing
rc:TheoreticalChemistry,rdfs:subClassOf,rc:ChemistryFieldOfStudy
rc:TheoreticalChemistry,rdfs:subClassOf,owl:Thing
rc:Chervil,rdfs:subClassOf,rc:Apiaceae
rc:Chervil,rdfs:subClassOf,owl:Thing
rc:IrishMen,rdfs:subClassOf,rc:EthnicGroupOfIrish
rc:IrishMen,rdfs:subClassOf,owl:Thing
rc:Graph,rdfs:subClassOf,rc:IconicInformation
rc:Graph,rdfs:subClassOf,rc:StructurallySpecificWork
rc:Graph,rdfs:subClassOf,rc:StructuredInformationSource
rc:Graph,rdfs:subClassOf,owl:Thing
rc:StringInstrument,rdfs:subClassOf,rc:Device_SingleUser
rc:StringInstrument,rdfs:subClassOf,owl:Thing
rc:EthnicGroupOfTamils,rdfs:subClassOf,rc:EthnicGroupOfDravidians
rc:EthnicGroupOfTamils,rdfs:subClassOf,owl:Thing
rc:MediumGirderBridge,rdfs:subClassOf,rc:SpanningDevice_Static
rc:MediumGirderBridge,rdfs:subClassOf,owl:Thing
rc:SeatBeltLock,rdfs:subClassOf,rc:NonPoweredDevice
rc:SeatBeltLock,rdfs:subClassOf,owl:Thing
rc:GeneralizedLinearModel,rdfs:subClassOf,rc:RegressionAnalysis
rc:GeneralizedLinearModel,rdfs:subClassOf,owl:Thing
rc:Dormitory,rdfs:subClassOf,rc:HumanHighOccupancyConstruct
rc:Dormitory,rdfs:subClassOf,owl:Thing
rc:Table_PCW,rdfs:subClassOf,rc:TextualPCW
rc:Table_PCW,rdfs:subClassOf,owl:Thing
rc:EthnicGroupOfFijians,rdfs:subClassOf,rc:EthnicGroupOfPacificIslanders
rc:EthnicGroupOfFijians,rdfs:subClassOf,owl:Thing
rc:SepticSystem,rdfs:subClassOf,rc:HumanWasteConversionDevice
rc:SepticSystem,rdfs:subClassOf,rc:PhysicalSystem
rc:SepticSystem,rdfs:subClassOf,rc:SystemOfDevices
rc:SepticSystem,rdfs:subClassOf,rc:WaterTreatmentSupplyEquipment
rc:SepticSystem,rdfs:subClassOf,owl:Thing
rc:RoasterOven,rdfs:subClassOf,rc:CookingVessel
rc:RoasterOven,rdfs:subClassOf,rc:DomesticKitchenAppliance
rc:RoasterOven,rdfs:subClassOf,owl:Thing
rc:VectorQuantity,rdfs:subClassOf,rc:QuantityType
rc:VectorQuantity,rdfs:subClassOf,rc:VectorInterval
rc:VectorQuantity,rdfs:subClassOf,owl:Thing
rc:DataRetention,rdfs:subClassOf,rc:PrivacyLevel
rc:DataRetention,rdfs:subClassOf,owl:Thing
rc:Bowls,rdfs:subClassOf,rc:Bowling_Sport
rc:Bowls,rdfs:subClassOf,owl:Thing
rc:EthnicGroupOfInuit,rdfs:subClassOf,rc:EthnicGroupOfNorthAmericanNatives
rc:EthnicGroupOfInuit,rdfs:subClassOf,owl:Thing
rc:ChristmasWrapping,rdfs:subClassOf,rc:Wrapper
rc:ChristmasWrapping,rdfs:subClassOf,owl:Thing
rc:SportsTraining,rdfs:subClassOf,rc:Exercising
rc:SportsTraining,rdfs:subClassOf,owl:Thing
rc:Emperor_HeadOfState,rdfs:subClassOf,rc:Monarch_HeadOfState
rc:Emperor_HeadOfState,rdfs:subClassOf,owl:Thing
rc:PlainsTribe,rdfs:subClassOf,rc:EthnicGroupOfNorthAmericanNatives
rc:PlainsTribe,rdfs:subClassOf,owl:Thing
rc:FishingLine,rdfs:subClassOf,rc:FishingEquipment
rc:FishingLine,rdfs:subClassOf,owl:Thing
rc:Hexameron,rdfs:subClassOf,rc:LiteratureByTopic
rc:Hexameron,rdfs:subClassOf,owl:Thing
rc:CalciumCarbonate,rdfs:subClassOf,rc:InorganicSalt
rc:CalciumCarbonate,rdfs:subClassOf,owl:Thing
rc:HumanDevelopmentIndex,rdfs:subClassOf,rc:Sustainability
rc:HumanDevelopmentIndex,rdfs:subClassOf,owl:Thing
rc:JohnTyler,rdfs:subClassOf,rc:UnitedStatesPresident
rc:JohnTyler,rdfs:subClassOf,owl:Thing
rc:Alans,rdfs:subClassOf,rc:VandalPeople
rc:Alans,rdfs:subClassOf,owl:Thing
rc:PersianArmenian,rdfs:subClassOf,rc:EthnicGroupOfPersians
rc:PersianArmenian,rdfs:subClassOf,owl:Thing
rc:Oyster,rdfs:subClassOf,rc:Bivalvia
rc:Oyster,rdfs:subClassOf,owl:Thing
rc:Cellist,rdfs:subClassOf,rc:MusicalInstrumentPlayer
rc:Cellist,rdfs:subClassOf,owl:Thing
rc:Insecticide,rdfs:subClassOf,rc:PesticidePestRepellent
rc:Insecticide,rdfs:subClassOf,owl:Thing
rc:EthnicGroup,rdfs:subClassOf,rc:HumanPopulation
rc:EthnicGroup,rdfs:subClassOf,owl:Thing
rc:BengaliMuslim,rdfs:subClassOf,rc:EthnicGroupOfBengalis
rc:BengaliMuslim,rdfs:subClassOf,owl:Thing
rc:StatisticalFieldTheory,rdfs:subClassOf,rc:StatisticalMechanics
rc:StatisticalFieldTheory,rdfs:subClassOf,owl:Thing
rc:Snorkel,rdfs:subClassOf,rc:Pipe_ConduitArtifact
rc:Snorkel,rdfs:subClassOf,owl:Thing
rc:Omission,rdfs:subClassOf,rc:Shortage
rc:Omission,rdfs:subClassOf,owl:Thing
rc:ElectronicMailingList,rdfs:subClassOf,rc:PublishedConceptualWork
rc:ElectronicMailingList,rdfs:subClassOf,owl:Thing
rc:Clipboard,rdfs:subClassOf,rc:MechanicalDevice
rc:Clipboard,rdfs:subClassOf,owl:Thing
rc:SpanishWomen,rdfs:subClassOf,rc:EthnicGroupOfSpain
rc:SpanishWomen,rdfs:subClassOf,owl:Thing
rc:Geodynamics,rdfs:subClassOf,rc:PlateTectonics
rc:Geodynamics,rdfs:subClassOf,owl:Thing
rc:FoodOrDrinkPreparationDevice,rdfs:subClassOf,rc:DeviceTypeByFunction
rc:FoodOrDrinkPreparationDevice,rdfs:subClassOf,owl:Thing
rc:AgriculturalResearch,rdfs:subClassOf,rc:Agriculture
rc:AgriculturalResearch,rdfs:subClassOf,owl:Thing
rc:AdenosineTriphosphate,rdfs:subClassOf,rc:NucleosideTriphosphate
rc:AdenosineTriphosphate,rdfs:subClassOf,owl:Thing
rc:Blonde_HairColor,rdfs:subClassOf,rc:HumanHairColor
rc:Blonde_HairColor,rdfs:subClassOf,owl:Thing
rc:IndustrialStyleArchitecture,rdfs:subClassOf,rc:PostmodernArchitecturalStyle
rc:IndustrialStyleArchitecture,rdfs:subClassOf,owl:Thing
rc:ElectronicsAndTheEnvironment,rdfs:subClassOf,rc:EnvironmentalImpact
rc:ElectronicsAndTheEnvironment,rdfs:subClassOf,owl:Thing
rc:TouchToneTelephone,rdfs:subClassOf,rc:Telephone
rc:TouchToneTelephone,rdfs:subClassOf,owl:Thing
rc:AnatomicalDirection,rdfs:subClassOf,rc:Direction
rc:AnatomicalDirection,rdfs:subClassOf,owl:Thing
rc:Milk,rdfs:subClassOf,rc:AnimalProduct
rc:Milk,rdfs:subClassOf,owl:Thing
rc:MathematicsAndCulture,rdfs:subClassOf,rc:Mathematics
rc:MathematicsAndCulture,rdfs:subClassOf,owl:Thing
rc:OperatingTable,rdfs:subClassOf,rc:MedicalDevice
rc:OperatingTable,rdfs:subClassOf,rc:Table_PieceOfFurniture
rc:OperatingTable,rdfs:subClassOf,owl:Thing
rc:GourdPlant,rdfs:subClassOf,rc:Cucurbitaceae
rc:GourdPlant,rdfs:subClassOf,owl:Thing
rc:Darmstadtium,rdfs:subClassOf,rc:TransuraniumElement
rc:Darmstadtium,rdfs:subClassOf,owl:Thing
rc:IPAddress,rdfs:subClassOf,rc:IDString
rc:IPAddress,rdfs:subClassOf,owl:Thing
rc:ColorScheme,rdfs:subClassOf,rc:SetOfColors
rc:ColorScheme,rdfs:subClassOf,owl:Thing
rc:MagneticTapeCassette,rdfs:subClassOf,rc:MagneticDevice
rc:MagneticTapeCassette,rdfs:subClassOf,owl:Thing
rc:ChestFreezer,rdfs:subClassOf,rc:IndustrialFreezer
rc:ChestFreezer,rdfs:subClassOf,owl:Thing
rc:ExtendedRealNumber,rdfs:subClassOf,rc:Number_General
rc:ExtendedRealNumber,rdfs:subClassOf,owl:Thing
rc:PoolHall_Building,rdfs:subClassOf,rc:MultiRoomUnit
rc:PoolHall_Building,rdfs:subClassOf,owl:Thing
rc:SportsPoundingDrivingImplement,rdfs:subClassOf,rc:Device_UserControlled
rc:SportsPoundingDrivingImplement,rdfs:subClassOf,rc:Device_UserPowered
rc:SportsPoundingDrivingImplement,rdfs:subClassOf,owl:Thing
rc:Groyne,rdfs:subClassOf,rc:Wall_Vertical
rc:Groyne,rdfs:subClassOf,owl:Thing
rc:Hose,rdfs:subClassOf,rc:Pipe_ConduitArtifact
rc:Hose,rdfs:subClassOf,owl:Thing
rc:DataProcessing,rdfs:subClassOf,rc:InformationService
rc:DataProcessing,rdfs:subClassOf,owl:Thing
rc:HouseholdAppliance,rdfs:subClassOf,rc:DomesticAppliance
rc:HouseholdAppliance,rdfs:subClassOf,rc:ElectricalDevice
rc:HouseholdAppliance,rdfs:subClassOf,owl:Thing
kko:TertiarySectorServices,rdfs:subClassOf,kko:Products
kko:TertiarySectorServices,rdfs:subClassOf,owl:Thing
rc:Sewer,rdfs:subClassOf,rc:Pipe_ConduitArtifact
rc:Sewer,rdfs:subClassOf,owl:Thing
rc:InternationalAffairs,rdfs:subClassOf,rc:FieldOfStudy
rc:InternationalAffairs,rdfs:subClassOf,owl:Thing
rc:Reflector,rdfs:subClassOf,rc:NonPoweredDevice
rc:Reflector,rdfs:subClassOf,owl:Thing
rc:SimulationSoftware,rdfs:subClassOf,rc:EngineeringSoftware
rc:SimulationSoftware,rdfs:subClassOf,owl:Thing
rc:PublishedConceptualWork,rdfs:subClassOf,rc:ConceptualWork
rc:PublishedConceptualWork,rdfs:subClassOf,owl:Thing
rc:Infertile,rdfs:subClassOf,rc:PersonalQuantity
rc:Infertile,rdfs:subClassOf,owl:Thing
rc:SalesContractNegotiation,rdfs:subClassOf,rc:CommercialActivity
rc:SalesContractNegotiation,rdfs:subClassOf,owl:Thing
rc:FireHose,rdfs:subClassOf,rc:SprayingDevice
rc:FireHose,rdfs:subClassOf,owl:Thing
rc:FloppyDisk,rdfs:subClassOf,rc:MagneticComputerStorageDevice
rc:FloppyDisk,rdfs:subClassOf,owl:Thing
rc:SpeakerStand,rdfs:subClassOf,rc:MechanicalDevice
rc:SpeakerStand,rdfs:subClassOf,owl:Thing
rc:RiffianPeople,rdfs:subClassOf,rc:EthnicGroupOfBerbers
rc:RiffianPeople,rdfs:subClassOf,owl:Thing
rc:VirginiaFringedMountainSnail,rdfs:subClassOf,rc:Planorbis
rc:VirginiaFringedMountainSnail,rdfs:subClassOf,owl:Thing
rc:AutomaticTellerMachine,rdfs:subClassOf,rc:CommercialServicesDevice
rc:AutomaticTellerMachine,rdfs:subClassOf,owl:Thing
rc:Clean,rdfs:subClassOf,rc:Dirtiness
rc:Clean,rdfs:subClassOf,owl:Thing
rc:Relation,rdfs:subClassOf,rc:MathematicalObject
rc:Relation,rdfs:subClassOf,owl:Thing
rc:Gesture,rdfs:subClassOf,rc:Signal
rc:Gesture,rdfs:subClassOf,owl:Thing
rc:PornographicCartoon,rdfs:subClassOf,rc:PornographicMaterial_Legal
rc:PornographicCartoon,rdfs:subClassOf,owl:Thing
rc:SpatialQuantity,rdfs:subClassOf,rc:MassOrSpatialQuantity
rc:SpatialQuantity,rdfs:subClassOf,owl:Thing
rc:TableSalt,rdfs:subClassOf,rc:SaltyTaste
rc:TableSalt,rdfs:subClassOf,owl:Thing
rc:MarketFailure,rdfs:subClassOf,rc:MarketTrend
rc:MarketFailure,rdfs:subClassOf,owl:Thing
rc:Irreducibility,rdfs:subClassOf,rc:Philosophy
rc:Irreducibility,rdfs:subClassOf,owl:Thing
rc:EthnicGroupOfDutch,rdfs:subClassOf,rc:EthnicGroupOfEuropeans
rc:EthnicGroupOfDutch,rdfs:subClassOf,owl:Thing
rc:ActorInPlays,rdfs:subClassOf,rc:Actor
rc:ActorInPlays,rdfs:subClassOf,owl:Thing
rc:BowlingBall,rdfs:subClassOf,rc:Device_SingleUser
rc:BowlingBall,rdfs:subClassOf,owl:Thing
rc:BiodiversityHotspot,rdfs:subClassOf,rc:Biodiversity
rc:BiodiversityHotspot,rdfs:subClassOf,owl:Thing
rc:TibetanTypeface,rdfs:subClassOf,rc:TibetanWriting
rc:TibetanTypeface,rdfs:subClassOf,owl:Thing
rc:NuclearPower,rdfs:subClassOf,rc:Power
rc:NuclearPower,rdfs:subClassOf,owl:Thing
rc:TheoreticalBiology,rdfs:subClassOf,rc:Biology
rc:TheoreticalBiology,rdfs:subClassOf,owl:Thing
rc:Nude,rdfs:subClassOf,rc:EvaluativeQuantity
rc:Nude,rdfs:subClassOf,owl:Thing
rc:IntrauterineDevice,rdfs:subClassOf,rc:DeviceWithNoMovingParts
rc:IntrauterineDevice,rdfs:subClassOf,owl:Thing
rc:EthnicGroupOfChechens,rdfs:subClassOf,rc:EthnicGroup
rc:EthnicGroupOfChechens,rdfs:subClassOf,owl:Thing
rc:EnergyEconomics,rdfs:subClassOf,rc:Economics
rc:EnergyEconomics,rdfs:subClassOf,owl:Thing
rc:AuditingFinancialRecords,rdfs:subClassOf,rc:AuditService
rc:AuditingFinancialRecords,rdfs:subClassOf,rc:BusinessActivity
rc:AuditingFinancialRecords,rdfs:subClassOf,owl:Thing
rc:ClassicalVocalComposition,rdfs:subClassOf,rc:PropositionalConceptualWork
rc:ClassicalVocalComposition,rdfs:subClassOf,owl:Thing
rc:ModelingAndSimulation,rdfs:subClassOf,rc:OperationsResearch
rc:ModelingAndSimulation,rdfs:subClassOf,owl:Thing
rc:Stool_PieceOfFurniture,rdfs:subClassOf,rc:SeatingDevice
rc:Stool_PieceOfFurniture,rdfs:subClassOf,owl:Thing
rc:Saddle,rdfs:subClassOf,rc:NonPoweredDevice
rc:Saddle,rdfs:subClassOf,rc:SeatingDevice
rc:Saddle,rdfs:subClassOf,owl:Thing
rc:Furnace,rdfs:subClassOf,rc:FuelPoweredDevice
rc:Furnace,rdfs:subClassOf,owl:Thing
rc:Ornamentation,rdfs:subClassOf,rc:Collectible
rc:Ornamentation,rdfs:subClassOf,owl:Thing
rc:LampShade,rdfs:subClassOf,rc:NonPoweredDevice
rc:LampShade,rdfs:subClassOf,owl:Thing
rc:Tire,rdfs:subClassOf,rc:NonPoweredDevice
rc:Tire,rdfs:subClassOf,owl:Thing
rc:SacredText,rdfs:subClassOf,rc:VerbalOrWrittenWork
rc:SacredText,rdfs:subClassOf,owl:Thing
rc:CalciumChloride,rdfs:subClassOf,rc:InorganicHalide
rc:CalciumChloride,rdfs:subClassOf,owl:Thing
rc:EthnicGroupOfAmerico_Liberians,rdfs:subClassOf,rc:EthnicGroupOfAfricans
rc:EthnicGroupOfAmerico_Liberians,rdfs:subClassOf,owl:Thing
rc:BaseballMitt,rdfs:subClassOf,rc:BaseballEquipment
rc:BaseballMitt,rdfs:subClassOf,rc:Glove
rc:BaseballMitt,rdfs:subClassOf,owl:Thing
rc:Rating,rdfs:subClassOf,rc:SocialQuantity
rc:Rating,rdfs:subClassOf,owl:Thing
rc:Relevance,rdfs:subClassOf,rc:EvaluativeQuantity
rc:Relevance,rdfs:subClassOf,owl:Thing
rc:EvilBeing,rdfs:subClassOf,rc:SupernaturalBeing
rc:EvilBeing,rdfs:subClassOf,owl:Thing
rc:Immediately,rdfs:subClassOf,rc:NonNumericScalarQuantity
rc:Immediately,rdfs:subClassOf,owl:Thing
rc:FinancialRegulation,rdfs:subClassOf,rc:OrganizationPolicy
rc:FinancialRegulation,rdfs:subClassOf,owl:Thing
rc:Magic,rdfs:subClassOf,rc:FictionalThing
rc:Magic,rdfs:subClassOf,owl:Thing
rc:HomeImprovement,rdfs:subClassOf,rc:DevisedStructuredActivity
rc:HomeImprovement,rdfs:subClassOf,owl:Thing
rc:ComicStrip,rdfs:subClassOf,rc:AVMediaProduct
rc:ComicStrip,rdfs:subClassOf,rc:PropositionalConceptualWork
rc:ComicStrip,rdfs:subClassOf,owl:Thing
rc:ArithmeticFunction,rdfs:subClassOf,rc:Function_Mathematic
rc:ArithmeticFunction,rdfs:subClassOf,owl:Thing
rc:InternetFax,rdfs:subClassOf,rc:FaxMachine
rc:InternetFax,rdfs:subClassOf,rc:WorldWideWeb_DynamicIndexedInfoSource
rc:InternetFax,rdfs:subClassOf,owl:Thing
rc:HandheldStamids,rdfs:subClassOf,rc:HandTool
rc:HandheldStamids,rdfs:subClassOf,rc:MilitaryHardware
rc:HandheldStamids,rdfs:subClassOf,owl:Thing
rc:TVDrama,rdfs:subClassOf,rc:PropositionalConceptualWork_DramaGenre
rc:TVDrama,rdfs:subClassOf,owl:Thing
rc:Artist_Performer,rdfs:subClassOf,rc:Entertainer
rc:Artist_Performer,rdfs:subClassOf,owl:Thing
rc:HungarianJew,rdfs:subClassOf,rc:AshkenaziJews
rc:HungarianJew,rdfs:subClassOf,rc:EthnicGroupOfMagyars
rc:HungarianJew,rdfs:subClassOf,owl:Thing
rc:ImpulsiveUrge,rdfs:subClassOf,rc:InternalSensoryQuantity
rc:ImpulsiveUrge,rdfs:subClassOf,owl:Thing
rc:BassViolinPlayer,rdfs:subClassOf,rc:MusicalInstrumentPlayer
rc:BassViolinPlayer,rdfs:subClassOf,owl:Thing
rc:MilkChocolate,rdfs:subClassOf,rc:SweetTaste
rc:MilkChocolate,rdfs:subClassOf,owl:Thing
rc:Airspeed,rdfs:subClassOf,rc:Speed
rc:Airspeed,rdfs:subClassOf,owl:Thing
rc:MathematicalPuzzle,rdfs:subClassOf,rc:Puzzle_Generic
rc:MathematicalPuzzle,rdfs:subClassOf,owl:Thing
rc:BiometricallyProtected,rdfs:subClassOf,rc:AuthenticationProtected
rc:BiometricallyProtected,rdfs:subClassOf,owl:Thing
rc:MethodsInSociology,rdfs:subClassOf,rc:Sociology
rc:MethodsInSociology,rdfs:subClassOf,owl:Thing
rc:MalteseDiaspora,rdfs:subClassOf,rc:Diaspora
rc:MalteseDiaspora,rdfs:subClassOf,owl:Thing
rc:MusicEquipment,rdfs:subClassOf,rc:RecreationEquipment
rc:MusicEquipment,rdfs:subClassOf,owl:Thing
rc:DeskStorageContainer,rdfs:subClassOf,rc:StorageConstruct
rc:DeskStorageContainer,rdfs:subClassOf,owl:Thing
rc:YoungHuman,rdfs:subClassOf,rc:HumanTypeByLifeStageType
rc:YoungHuman,rdfs:subClassOf,owl:Thing
rc:SCSIController,rdfs:subClassOf,rc:ElectronicDevice
rc:SCSIController,rdfs:subClassOf,owl:Thing
rc:GraphicalCIS,rdfs:subClassOf,rc:ContextualizedInformationStructure
rc:GraphicalCIS,rdfs:subClassOf,owl:Thing
rc:BodyArmor,rdfs:subClassOf,rc:Armor
rc:BodyArmor,rdfs:subClassOf,owl:Thing
rc:LightFixture,rdfs:subClassOf,rc:ElectricalLightingDevice
rc:LightFixture,rdfs:subClassOf,rc:HouseholdAppliance
rc:LightFixture,rdfs:subClassOf,rc:OtherDomesticHouseholdAppliance
rc:LightFixture,rdfs:subClassOf,owl:Thing
rc:NonEdiblePlantForestryProduct,rdfs:subClassOf,rc:AgriculturalCommodity
rc:NonEdiblePlantForestryProduct,rdfs:subClassOf,owl:Thing
rc:ReligiousCriticism,rdfs:subClassOf,rc:ReligiousBeliefAndDoctrine
rc:ReligiousCriticism,rdfs:subClassOf,owl:Thing
rc:PitchModificationSoftware,rdfs:subClassOf,rc:AudioProgram
rc:PitchModificationSoftware,rdfs:subClassOf,owl:Thing
rc:Camera,rdfs:subClassOf,rc:Device_UserControlled
rc:Camera,rdfs:subClassOf,owl:Thing
rc:MethodsOfAbortion,rdfs:subClassOf,rc:SkillsMethod
rc:MethodsOfAbortion,rdfs:subClassOf,owl:Thing
rc:Manuscript_Handwritten,rdfs:subClassOf,rc:HandwrittenDocument
rc:Manuscript_Handwritten,rdfs:subClassOf,owl:Thing
rc:FormalTheoriesOfArithmetic,rdfs:subClassOf,rc:Arithmetic
rc:FormalTheoriesOfArithmetic,rdfs:subClassOf,rc:MathematicalLogic
rc:FormalTheoriesOfArithmetic,rdfs:subClassOf,owl:Thing
rc:TransistorNetwork,rdfs:subClassOf,rc:SimpleLogicCell
rc:TransistorNetwork,rdfs:subClassOf,owl:Thing
rc:Dye,rdfs:subClassOf,rc:LiquidTangibleArtifact
rc:Dye,rdfs:subClassOf,owl:Thing
rc:SarinSynthesis,rdfs:subClassOf,rc:ChemicalSynthesis
rc:SarinSynthesis,rdfs:subClassOf,owl:Thing
rc:Visibility,rdfs:subClassOf,rc:NonAspectualQuantity
rc:Visibility,rdfs:subClassOf,rc:WeatherQuantity
rc:Visibility,rdfs:subClassOf,owl:Thing
rc:GenreTypes,rdfs:subClassOf,kko:Symbolic
rc:GenreTypes,rdfs:subClassOf,owl:Thing
rc:Cracker,rdfs:subClassOf,rc:SaltyTaste
rc:Cracker,rdfs:subClassOf,owl:Thing
rc:Hydrotalcite,rdfs:subClassOf,rc:OtherInorganicCompound
rc:Hydrotalcite,rdfs:subClassOf,owl:Thing
rc:Device_Locked,rdfs:subClassOf,rc:PhysicallyRestricted
rc:Device_Locked,rdfs:subClassOf,owl:Thing
rc:FlyAgaricMushroom,rdfs:subClassOf,rc:Amanita
rc:FlyAgaricMushroom,rdfs:subClassOf,owl:Thing
rc:Cuisine,rdfs:subClassOf,rc:ArtifactTypeByGenericCategory
rc:Cuisine,rdfs:subClassOf,owl:Thing
rc:LowExplosive,rdfs:subClassOf,rc:ArtificialMaterial
rc:LowExplosive,rdfs:subClassOf,owl:Thing
rc:Bowhunting,rdfs:subClassOf,rc:Hunting
rc:Bowhunting,rdfs:subClassOf,owl:Thing
rc:BloodTypeA,rdfs:subClassOf,rc:BloodType
rc:BloodTypeA,rdfs:subClassOf,owl:Thing
rc:EthnicGroupOfAztecs,rdfs:subClassOf,rc:EthnicGroupOfNorthAmericanNatives
rc:EthnicGroupOfAztecs,rdfs:subClassOf,owl:Thing
rc:DimensionlessNumberOfChemistry,rdfs:subClassOf,rc:DimensionlessQuantity
rc:DimensionlessNumberOfChemistry,rdfs:subClassOf,owl:Thing
rc:Slingshot,rdfs:subClassOf,rc:ProjectileLauncher
rc:Slingshot,rdfs:subClassOf,owl:Thing
rc:WebRing,rdfs:subClassOf,rc:ConnectedPathSystem
rc:WebRing,rdfs:subClassOf,owl:Thing
rc:Solubility,rdfs:subClassOf,rc:DispositionalQuantity
rc:Solubility,rdfs:subClassOf,rc:MeasurableQuantity
rc:Solubility,rdfs:subClassOf,rc:TangiblePhysicalQuantity
rc:Solubility,rdfs:subClassOf,owl:Thing
rc:UltravioletLight,rdfs:subClassOf,rc:Light
rc:UltravioletLight,rdfs:subClassOf,owl:Thing
rc:FantasyFandom,rdfs:subClassOf,rc:Fantasy
rc:FantasyFandom,rdfs:subClassOf,owl:Thing
rc:HandwritingRecognition,rdfs:subClassOf,rc:Linguistics_Computational
rc:HandwritingRecognition,rdfs:subClassOf,owl:Thing
rc:Decency,rdfs:subClassOf,rc:SocialQuantity
rc:Decency,rdfs:subClassOf,owl:Thing
rc:ForestryAndTheEnvironment,rdfs:subClassOf,rc:EnvironmentalImpact
rc:ForestryAndTheEnvironment,rdfs:subClassOf,owl:Thing
rc:FoodBeverageTobaccoProduct,rdfs:subClassOf,kko:SecondarySectorProducts
rc:FoodBeverageTobaccoProduct,rdfs:subClassOf,owl:Thing
rc:Motorboat,rdfs:subClassOf,rc:InternalCombustionPoweredDevice
rc:Motorboat,rdfs:subClassOf,owl:Thing
rc:PublicTransportFareCollection,rdfs:subClassOf,rc:MassTransitSystem
rc:PublicTransportFareCollection,rdfs:subClassOf,owl:Thing
rc:MedicalCareFacility,rdfs:subClassOf,rc:MedicalFacilityProduct
rc:MedicalCareFacility,rdfs:subClassOf,owl:Thing
rc:NightVisionDevice,rdfs:subClassOf,rc:NightVisionEquipment
rc:NightVisionDevice,rdfs:subClassOf,rc:SensoryEnhancementDevice_Visual
rc:NightVisionDevice,rdfs:subClassOf,owl:Thing
rc:DivingEngineering,rdfs:subClassOf,rc:DivingEquipment
rc:DivingEngineering,rdfs:subClassOf,owl:Thing
rc:GrapeVariety,rdfs:subClassOf,rc:GrapeVine
rc:GrapeVariety,rdfs:subClassOf,owl:Thing
rc:Hammer,rdfs:subClassOf,rc:DeviceWithNoMovingParts
rc:Hammer,rdfs:subClassOf,owl:Thing
rc:Large_DetachedHouse,rdfs:subClassOf,rc:LuxuryItem
rc:Large_DetachedHouse,rdfs:subClassOf,owl:Thing
rc:StringSimilarityMeasure,rdfs:subClassOf,rc:InformationTheory
rc:StringSimilarityMeasure,rdfs:subClassOf,owl:Thing
rc:BiologicalOceanography,rdfs:subClassOf,rc:Oceanography
rc:BiologicalOceanography,rdfs:subClassOf,owl:Thing
rc:Marquess,rdfs:subClassOf,rc:MaleHuman
rc:Marquess,rdfs:subClassOf,owl:Thing
rc:KosovarPeople,rdfs:subClassOf,rc:EthnicGroupOfEuropeans
rc:KosovarPeople,rdfs:subClassOf,owl:Thing
rc:ClothesPin,rdfs:subClassOf,rc:NonPoweredDevice
rc:ClothesPin,rdfs:subClassOf,owl:Thing
rc:AvogadrosNumber,rdfs:subClassOf,rc:Real1_Infinity
rc:AvogadrosNumber,rdfs:subClassOf,owl:Thing
rc:ChamoisLeather,rdfs:subClassOf,rc:CleaningRagClothWipe
rc:ChamoisLeather,rdfs:subClassOf,owl:Thing
rc:BassGuitarist,rdfs:subClassOf,rc:MusicalInstrumentPlayer
rc:BassGuitarist,rdfs:subClassOf,owl:Thing
rc:Ductility,rdfs:subClassOf,rc:DispositionalQuantity
rc:Ductility,rdfs:subClassOf,rc:MultiDimensionalQuantity
rc:Ductility,rdfs:subClassOf,rc:NonAspectualQuantity
rc:Ductility,rdfs:subClassOf,rc:TangiblePhysicalQuantity
rc:Ductility,rdfs:subClassOf,owl:Thing
rc:Idealism,rdfs:subClassOf,rc:PersonalQuantity
rc:Idealism,rdfs:subClassOf,owl:Thing
rc:RustingProcess,rdfs:subClassOf,rc:OxidationProcess
rc:RustingProcess,rdfs:subClassOf,owl:Thing
rc:SenseOfBalance,rdfs:subClassOf,rc:PerformanceLevelQuantity
rc:SenseOfBalance,rdfs:subClassOf,owl:Thing
rc:CoalFiredPowerStation,rdfs:subClassOf,rc:FuelPoweredDevice
rc:CoalFiredPowerStation,rdfs:subClassOf,owl:Thing
rc:BedroomFurnitureMarketCategory,rdfs:subClassOf,rc:ProductTypeByMarketCategory
rc:BedroomFurnitureMarketCategory,rdfs:subClassOf,owl:Thing
rc:MedicinalRadiochemistry,rdfs:subClassOf,rc:MedicinalChemistry
rc:MedicinalRadiochemistry,rdfs:subClassOf,owl:Thing
rc:Iridium,rdfs:subClassOf,rc:NuclearFuel
rc:Iridium,rdfs:subClassOf,owl:Thing
rc:VoivodeOfTransylvania,rdfs:subClassOf,rc:HeadOfState
rc:VoivodeOfTransylvania,rdfs:subClassOf,owl:Thing
rc:BalingStation,rdfs:subClassOf,rc:AgriculturalImplement
rc:BalingStation,rdfs:subClassOf,owl:Thing
rc:Lien,rdfs:subClassOf,rc:Finance
rc:Lien,rdfs:subClassOf,owl:Thing
rc:Green_EyeColor,rdfs:subClassOf,rc:HumanEyeColor
rc:Green_EyeColor,rdfs:subClassOf,owl:Thing
rc:PantyLiner,rdfs:subClassOf,rc:ConsumableProduct
rc:PantyLiner,rdfs:subClassOf,rc:FeminineHygieneMarketCategory
rc:PantyLiner,rdfs:subClassOf,rc:PersonalHygieneProduct
rc:PantyLiner,rdfs:subClassOf,owl:Thing
rc:SpacePlatform_Manned,rdfs:subClassOf,rc:MilitarySpacecraft
rc:SpacePlatform_Manned,rdfs:subClassOf,owl:Thing
rc:GameController,rdfs:subClassOf,rc:ComputerControllerBoard
rc:GameController,rdfs:subClassOf,rc:ComputerInputDevice
rc:GameController,rdfs:subClassOf,owl:Thing
rc:Sink,rdfs:subClassOf,rc:ContainerArtifact
rc:Sink,rdfs:subClassOf,rc:HouseholdFurnishingsMC
rc:Sink,rdfs:subClassOf,owl:Thing
rc:CharacterString,rdfs:subClassOf,rc:List
rc:CharacterString,rdfs:subClassOf,owl:Thing
rc:TheoryOfConstraints,rdfs:subClassOf,rc:Management
rc:TheoryOfConstraints,rdfs:subClassOf,owl:Thing
rc:HistoricHouseMuseum,rdfs:subClassOf,rc:HistoricHouse
rc:HistoricHouseMuseum,rdfs:subClassOf,owl:Thing
rc:DubaiArchitecture,rdfs:subClassOf,rc:PostmodernArchitecturalStyle
rc:DubaiArchitecture,rdfs:subClassOf,owl:Thing
rc:List_CW,rdfs:subClassOf,rc:TextualPCW
rc:List_CW,rdfs:subClassOf,owl:Thing
rc:MoralQuality,rdfs:subClassOf,rc:EvaluativeQuantity
rc:MoralQuality,rdfs:subClassOf,rc:MeasurableQuantity
rc:MoralQuality,rdfs:subClassOf,owl:Thing
rc:Senses,rdfs:subClassOf,rc:EnactiveCognition
rc:Senses,rdfs:subClassOf,owl:Thing
rc:Baton_Sports,rdfs:subClassOf,rc:Device_SingleUser
rc:Baton_Sports,rdfs:subClassOf,rc:Device_UserControlled
rc:Baton_Sports,rdfs:subClassOf,rc:Device_UserPowered
rc:Baton_Sports,rdfs:subClassOf,owl:Thing
rc:Likelihood_QuantityType,rdfs:subClassOf,rc:TotallyOrderedQuantityType
rc:Likelihood_QuantityType,rdfs:subClassOf,owl:Thing
rc:NaturalResource,rdfs:subClassOf,rc:Resource
rc:NaturalResource,rdfs:subClassOf,owl:Thing
rc:WindowCurtain,rdfs:subClassOf,rc:HouseholdLinensMarketCategory
rc:WindowCurtain,rdfs:subClassOf,owl:Thing
rc:South_Generally,rdfs:subClassOf,rc:GeographicalDirection_General
rc:South_Generally,rdfs:subClassOf,owl:Thing
rc:Respiration_Bacterium,rdfs:subClassOf,rc:CellularRespiration_Aerobic
rc:Respiration_Bacterium,rdfs:subClassOf,owl:Thing
rc:FoldingChair,rdfs:subClassOf,rc:CollapsibleDevice
rc:FoldingChair,rdfs:subClassOf,owl:Thing
rc:Bottle,rdfs:subClassOf,rc:FluidReservoir
rc:Bottle,rdfs:subClassOf,rc:NonPoweredDevice
rc:Bottle,rdfs:subClassOf,owl:Thing
rc:BosnianCroat,rdfs:subClassOf,rc:EthnicGroupOfCroatians
rc:BosnianCroat,rdfs:subClassOf,owl:Thing
rc:FurnitureMarketCategory,rdfs:subClassOf,rc:ProductTypeByMarketCategory
rc:FurnitureMarketCategory,rdfs:subClassOf,owl:Thing
rc:HexosylGroupCatalysis,rdfs:subClassOf,rc:CatalyticActivity
rc:HexosylGroupCatalysis,rdfs:subClassOf,owl:Thing
rc:FigurateNumber,rdfs:subClassOf,rc:Number_General
rc:FigurateNumber,rdfs:subClassOf,owl:Thing
rc:RoboticSurgicalSystem,rdfs:subClassOf,rc:MechanicalDevice
rc:RoboticSurgicalSystem,rdfs:subClassOf,owl:Thing
rc:PreparingFinancialRecords,rdfs:subClassOf,rc:InformationRecordingProcess
rc:PreparingFinancialRecords,rdfs:subClassOf,owl:Thing
rc:AutoAMRadio,rdfs:subClassOf,rc:AMState
rc:AutoAMRadio,rdfs:subClassOf,owl:Thing
rc:EthnicGroupOfHadjerai,rdfs:subClassOf,rc:EthnicGroupOfAfricans
rc:EthnicGroupOfHadjerai,rdfs:subClassOf,owl:Thing
rc:EthnicGroupOfSanmarinese,rdfs:subClassOf,rc:EthnicGroupOfEuropeans
rc:EthnicGroupOfSanmarinese,rdfs:subClassOf,owl:Thing
rc:CountsOfVermandois,rdfs:subClassOf,rc:Count_Nobleman
rc:CountsOfVermandois,rdfs:subClassOf,owl:Thing
rc:ElectronicHouseholdAppliance,rdfs:subClassOf,rc:ConsumerElectronicDevice
rc:ElectronicHouseholdAppliance,rdfs:subClassOf,owl:Thing
rc:MonetaryRate,rdfs:subClassOf,rc:Finance
rc:MonetaryRate,rdfs:subClassOf,rc:MoneyRatio
rc:MonetaryRate,rdfs:subClassOf,rc:Rate
rc:MonetaryRate,rdfs:subClassOf,rc:RatioOfPrimitiveQuantities
rc:MonetaryRate,rdfs:subClassOf,owl:Thing
rc:BelarusianJew,rdfs:subClassOf,rc:AshkenaziJews
rc:BelarusianJew,rdfs:subClassOf,owl:Thing
rc:SalesActivity,rdfs:subClassOf,rc:RetailService
rc:SalesActivity,rdfs:subClassOf,owl:Thing
rc:CityHall_Building,rdfs:subClassOf,rc:GovernmentalBuilding
rc:CityHall_Building,rdfs:subClassOf,owl:Thing
rc:Glaucocystales,rdfs:subClassOf,rc:Glaucophyceae
rc:Glaucocystales,rdfs:subClassOf,owl:Thing
rc:LiveSteam,rdfs:subClassOf,rc:SteamPower
rc:LiveSteam,rdfs:subClassOf,owl:Thing
rc:KeystrokeDynamicsMonitor,rdfs:subClassOf,rc:BiometricAuthenticationDevice
rc:KeystrokeDynamicsMonitor,rdfs:subClassOf,owl:Thing
rc:TextualMaterial,rdfs:subClassOf,rc:InformationBearingThing
rc:TextualMaterial,rdfs:subClassOf,rc:PublishedMaterial
rc:TextualMaterial,rdfs:subClassOf,owl:Thing
rc:ArgumentsAgainstTheExistenceOfGod,rdfs:subClassOf,rc:Theology
rc:ArgumentsAgainstTheExistenceOfGod,rdfs:subClassOf,owl:Thing
rc:ThomasPaine,rdfs:subClassOf,rc:MaleHuman
rc:ThomasPaine,rdfs:subClassOf,owl:Thing
rc:ScrubbingCleanser,rdfs:subClassOf,rc:DeviceWithNoMovingParts
rc:ScrubbingCleanser,rdfs:subClassOf,owl:Thing
rc:LogicalTruth,rdfs:subClassOf,rc:TruthValue
rc:LogicalTruth,rdfs:subClassOf,owl:Thing
rc:EdwardIIIOfEngland_Person,rdfs:subClassOf,rc:IndividualPeople
rc:EdwardIIIOfEngland_Person,rdfs:subClassOf,owl:Thing
rc:SafetyGlasses,rdfs:subClassOf,rc:Eyeglasses
rc:SafetyGlasses,rdfs:subClassOf,rc:VisionProtectionAccessory
rc:SafetyGlasses,rdfs:subClassOf,owl:Thing
rc:FilterSystem_Artificial,rdfs:subClassOf,rc:CleaningDevice
rc:FilterSystem_Artificial,rdfs:subClassOf,owl:Thing
rc:Endemism,rdfs:subClassOf,rc:Biodiversity
rc:Endemism,rdfs:subClassOf,owl:Thing
rc:CircusSkill,rdfs:subClassOf,rc:PerformingArtActivity
rc:CircusSkill,rdfs:subClassOf,owl:Thing
rc:Complexity,rdfs:subClassOf,rc:LevelOfDifficulty
rc:Complexity,rdfs:subClassOf,owl:Thing
rc:Hemp,rdfs:subClassOf,rc:PlantFiber
rc:Hemp,rdfs:subClassOf,owl:Thing
rc:MetaAnalysis,rdfs:subClassOf,rc:MethodType
rc:MetaAnalysis,rdfs:subClassOf,owl:Thing
rc:Puree,rdfs:subClassOf,rc:PlantProduct
rc:Puree,rdfs:subClassOf,owl:Thing
rc:OrganicReaction,rdfs:subClassOf,rc:ChemicalReaction
rc:OrganicReaction,rdfs:subClassOf,owl:Thing
rc:Stitch,rdfs:subClassOf,rc:Connector
rc:Stitch,rdfs:subClassOf,owl:Thing
rc:Voltage,rdfs:subClassOf,rc:MultiDimensionalQuantity
rc:Voltage,rdfs:subClassOf,owl:Thing
rc:EducationalMovie,rdfs:subClassOf,rc:PropositionalConceptualWork_EducationalGenre
rc:EducationalMovie,rdfs:subClassOf,owl:Thing
rc:EthnicGroupOfArabs,rdfs:subClassOf,rc:EthnicGroupOfMiddleEasterners
rc:EthnicGroupOfArabs,rdfs:subClassOf,owl:Thing
rc:Flue,rdfs:subClassOf,rc:NonPoweredDevice
rc:Flue,rdfs:subClassOf,rc:Pipe_ConduitArtifact
rc:Flue,rdfs:subClassOf,owl:Thing
rc:Reasoning,rdfs:subClassOf,rc:InformationProcess
rc:Reasoning,rdfs:subClassOf,owl:Thing
rc:Ares_TheGod,rdfs:subClassOf,rc:MythologicalGod
rc:Ares_TheGod,rdfs:subClassOf,owl:Thing
rc:HorrorTVShow,rdfs:subClassOf,rc:PropositionalConceptualWork_HorrorGenre
rc:HorrorTVShow,rdfs:subClassOf,owl:Thing
rc:Trajan_RomanEmperor,rdfs:subClassOf,rc:Emperor_HeadOfState
rc:Trajan_RomanEmperor,rdfs:subClassOf,owl:Thing
rc:BariumNitrate,rdfs:subClassOf,rc:InorganicSalt
rc:BariumNitrate,rdfs:subClassOf,owl:Thing
rc:Pecheneg,rdfs:subClassOf,rc:EthnicGroupOfTurks
rc:Pecheneg,rdfs:subClassOf,owl:Thing
rc:HallucinogenicMushroom,rdfs:subClassOf,rc:CrudeDrug
rc:HallucinogenicMushroom,rdfs:subClassOf,rc:Mushroom_Broadly
rc:HallucinogenicMushroom,rdfs:subClassOf,owl:Thing
rc:Button_ControlDevice,rdfs:subClassOf,rc:InstrumentalArtifact
rc:Button_ControlDevice,rdfs:subClassOf,rc:MechanicalDevice
rc:Button_ControlDevice,rdfs:subClassOf,owl:Thing
rc:PortableDigitalAudioRecorder,rdfs:subClassOf,rc:PersonalDevice
rc:PortableDigitalAudioRecorder,rdfs:subClassOf,owl:Thing
rc:Fountain_Artificial,rdfs:subClassOf,rc:MechanicalDevice
rc:Fountain_Artificial,rdfs:subClassOf,owl:Thing
rc:Gravesite,rdfs:subClassOf,rc:CulturalThing
rc:Gravesite,rdfs:subClassOf,rc:StorageConstruct
rc:Gravesite,rdfs:subClassOf,owl:Thing
rc:Role,rdfs:subClassOf,rc:ObjectPredicate
rc:Role,rdfs:subClassOf,owl:Thing
rc:FishingReel,rdfs:subClassOf,rc:SinglePurposeDevice
rc:FishingReel,rdfs:subClassOf,owl:Thing
rc:SchemeProgrammingLanguageImplementation,rdfs:subClassOf,rc:ProgrammingLanguageImplementation
rc:SchemeProgrammingLanguageImplementation,rdfs:subClassOf,owl:Thing
rc:FilipinoDiaspora,rdfs:subClassOf,rc:Diaspora
rc:FilipinoDiaspora,rdfs:subClassOf,rc:EthnicGroupOfFilipinos
rc:FilipinoDiaspora,rdfs:subClassOf,owl:Thing
rc:Filament_LightBulb,rdfs:subClassOf,rc:Wire
rc:Filament_LightBulb,rdfs:subClassOf,owl:Thing
rc:Whirlpool_Bathtub,rdfs:subClassOf,rc:MechanicalDevice
rc:Whirlpool_Bathtub,rdfs:subClassOf,owl:Thing
rc:Flavor,rdfs:subClassOf,rc:ObjectTypeByTaste
rc:Flavor,rdfs:subClassOf,owl:Thing
rc:AircraftCarrier,rdfs:subClassOf,rc:ModernNavalShip
rc:AircraftCarrier,rdfs:subClassOf,owl:Thing
rc:HydrogenFluoride,rdfs:subClassOf,rc:InorganicHalide
rc:HydrogenFluoride,rdfs:subClassOf,owl:Thing
rc:Chiricahua,rdfs:subClassOf,rc:EthnicGroupOfApaches
rc:Chiricahua,rdfs:subClassOf,owl:Thing
rc:EthnicGroupOfBaule,rdfs:subClassOf,rc:EthnicGroupOfAfricans
rc:EthnicGroupOfBaule,rdfs:subClassOf,owl:Thing
rc:Computer_WorkStation,rdfs:subClassOf,rc:Table_PieceOfFurniture
rc:Computer_WorkStation,rdfs:subClassOf,owl:Thing
rc:HandSanitizer,rdfs:subClassOf,rc:DisinfectantSubstance
rc:HandSanitizer,rdfs:subClassOf,owl:Thing
rc:Nail,rdfs:subClassOf,rc:DeviceWithNoMovingParts
rc:Nail,rdfs:subClassOf,owl:Thing
rc:FootballHelmet,rdfs:subClassOf,rc:AmericanFootballEquipment
rc:FootballHelmet,rdfs:subClassOf,owl:Thing
rc:ProposedTopLevelDomain,rdfs:subClassOf,rc:Proposal
rc:ProposedTopLevelDomain,rdfs:subClassOf,owl:Thing
rc:Paradox,rdfs:subClassOf,rc:PropositionalConceptualWork
rc:Paradox,rdfs:subClassOf,owl:Thing
rc:StockIndexGroup,rdfs:subClassOf,rc:InvestmentVehicle
rc:StockIndexGroup,rdfs:subClassOf,owl:Thing
rc:Glucosamine,rdfs:subClassOf,rc:Sugar
rc:Glucosamine,rdfs:subClassOf,owl:Thing
rc:Jack_O_Lantern,rdfs:subClassOf,rc:Lantern
rc:Jack_O_Lantern,rdfs:subClassOf,owl:Thing
rc:ShotPutShot,rdfs:subClassOf,rc:Device_SingleUser
rc:ShotPutShot,rdfs:subClassOf,owl:Thing
rc:Windmill,rdfs:subClassOf,rc:WindPoweredDevice
rc:Windmill,rdfs:subClassOf,owl:Thing
rc:ElectricalOutlet,rdfs:subClassOf,rc:LowVoltageNetwork
rc:ElectricalOutlet,rdfs:subClassOf,rc:Socket
rc:ElectricalOutlet,rdfs:subClassOf,owl:Thing
rc:ActorInMusicals,rdfs:subClassOf,rc:ActorInPlays
rc:ActorInMusicals,rdfs:subClassOf,rc:Dancer_Performer
rc:ActorInMusicals,rdfs:subClassOf,rc:Singer
rc:ActorInMusicals,rdfs:subClassOf,owl:Thing
rc:SwedishSocialite,rdfs:subClassOf,rc:Socialite
rc:SwedishSocialite,rdfs:subClassOf,owl:Thing
rc:Real1_Infinity,rdfs:subClassOf,rc:PositiveNumber
rc:Real1_Infinity,rdfs:subClassOf,owl:Thing
rc:Monarch_HeadOfState,rdfs:subClassOf,rc:HeadOfState
rc:Monarch_HeadOfState,rdfs:subClassOf,owl:Thing
rc:Resistor,rdfs:subClassOf,rc:TwoTerminalElectricalDevice
rc:Resistor,rdfs:subClassOf,owl:Thing
rc:DomainDecompositionMethod,rdfs:subClassOf,rc:ParallelArchitecture
rc:DomainDecompositionMethod,rdfs:subClassOf,owl:Thing
rc:ChemopreventiveAgent,rdfs:subClassOf,rc:Pharmacology
rc:ChemopreventiveAgent,rdfs:subClassOf,owl:Thing
rc:Linoleum,rdfs:subClassOf,rc:ArtificialMaterial
rc:Linoleum,rdfs:subClassOf,owl:Thing
rc:ComputerTypeByHardware,rdfs:subClassOf,rc:ITBroadcastingProduct
rc:ComputerTypeByHardware,rdfs:subClassOf,owl:Thing
rc:CeremonialMound,rdfs:subClassOf,rc:CeremonialSite
rc:CeremonialMound,rdfs:subClassOf,rc:HistoricalSite
rc:CeremonialMound,rdfs:subClassOf,rc:Mound_ConstructionArtifact
rc:CeremonialMound,rdfs:subClassOf,owl:Thing
rc:ThermalConductivity,rdfs:subClassOf,rc:DispositionalQuantity
rc:ThermalConductivity,rdfs:subClassOf,rc:NonAspectualQuantity
rc:ThermalConductivity,rdfs:subClassOf,rc:TangiblePhysicalQuantity
rc:ThermalConductivity,rdfs:subClassOf,rc:TotallyOrderedQuantityType
rc:ThermalConductivity,rdfs:subClassOf,owl:Thing
rc:AmarnaLetters,rdfs:subClassOf,rc:AkkadianLiterature
rc:AmarnaLetters,rdfs:subClassOf,rc:Cuneiform
rc:AmarnaLetters,rdfs:subClassOf,owl:Thing
rc:MahayanaSutras,rdfs:subClassOf,rc:LiteraryGenre
rc:MahayanaSutras,rdfs:subClassOf,owl:Thing
rc:FireplaceScreen,rdfs:subClassOf,rc:PhysicalFilter
rc:FireplaceScreen,rdfs:subClassOf,owl:Thing
rc:AltarStage,rdfs:subClassOf,rc:ReligiousSupply
rc:AltarStage,rdfs:subClassOf,owl:Thing
rc:WritingSurfaceProduct,rdfs:subClassOf,rc:NonPoweredDevice
rc:WritingSurfaceProduct,rdfs:subClassOf,owl:Thing
rc:WaterSupplyNetwork,rdfs:subClassOf,rc:SystemOfDevices
rc:WaterSupplyNetwork,rdfs:subClassOf,owl:Thing
rc:KingChristianX,rdfs:subClassOf,rc:King_HeadOfState
rc:KingChristianX,rdfs:subClassOf,owl:Thing
rc:Gnome_Mythical,rdfs:subClassOf,rc:MythologicalCreature
rc:Gnome_Mythical,rdfs:subClassOf,owl:Thing
rc:ElectricalComponent,rdfs:subClassOf,rc:PowerSystemDevice
rc:ElectricalComponent,rdfs:subClassOf,rc:TransportationComponentSystem
rc:ElectricalComponent,rdfs:subClassOf,owl:Thing
rc:DancingTypeByStyle,rdfs:subClassOf,rc:StyleAttribute
rc:DancingTypeByStyle,rdfs:subClassOf,owl:Thing
rc:Tolerance,rdfs:subClassOf,rc:PersonalQuantity
rc:Tolerance,rdfs:subClassOf,owl:Thing
rc:StyleAttribute,rdfs:subClassOf,rc:SocialQuantity
rc:StyleAttribute,rdfs:subClassOf,owl:Thing
rc:CoffeeGrinder,rdfs:subClassOf,rc:ContainerArtifact
rc:CoffeeGrinder,rdfs:subClassOf,rc:GrindingDevice
rc:CoffeeGrinder,rdfs:subClassOf,owl:Thing
rc:EthnicGroupOfSlavs,rdfs:subClassOf,rc:EthnicGroupOfEuropeans
rc:EthnicGroupOfSlavs,rdfs:subClassOf,owl:Thing
rc:GutterSystem,rdfs:subClassOf,rc:ConstructionContainer
rc:GutterSystem,rdfs:subClassOf,owl:Thing
rc:Bodyboard,rdfs:subClassOf,rc:Device_SingleUser
rc:Bodyboard,rdfs:subClassOf,rc:Device_UserControlled
rc:Bodyboard,rdfs:subClassOf,rc:WaterPoweredDevice
rc:Bodyboard,rdfs:subClassOf,owl:Thing
rc:Ramp_PersistenceDistribution,rdfs:subClassOf,rc:PersistenceDistribution
rc:Ramp_PersistenceDistribution,rdfs:subClassOf,owl:Thing
rc:Interval_BoundedBelow,rdfs:subClassOf,rc:Interval_Bounded
rc:Interval_BoundedBelow,rdfs:subClassOf,owl:Thing
rc:ComputerNetworkTraffic,rdfs:subClassOf,rc:ComputerQuantity
rc:ComputerNetworkTraffic,rdfs:subClassOf,rc:NetworkTraffic
rc:ComputerNetworkTraffic,rdfs:subClassOf,owl:Thing
rc:CollegeEntranceTest,rdfs:subClassOf,rc:SpecifiedTest
rc:CollegeEntranceTest,rdfs:subClassOf,owl:Thing
rc:FreeMeal,rdfs:subClassOf,rc:HumanitarianAidInterAgentSupport
rc:FreeMeal,rdfs:subClassOf,owl:Thing
rc:PhenomenologicalMethodology,rdfs:subClassOf,rc:Phenomenology
rc:PhenomenologicalMethodology,rdfs:subClassOf,owl:Thing
rc:SkunkSpray,rdfs:subClassOf,rc:SkunkOdor
rc:SkunkSpray,rdfs:subClassOf,owl:Thing
rc:Diary,rdfs:subClassOf,rc:Document
rc:Diary,rdfs:subClassOf,owl:Thing
rc:OghuzTurk,rdfs:subClassOf,rc:EthnicGroupOfTurks
rc:OghuzTurk,rdfs:subClassOf,owl:Thing
rc:AutomaticCarWindow,rdfs:subClassOf,rc:AutomobileWindow
rc:AutomaticCarWindow,rdfs:subClassOf,rc:AutomotiveDevice
rc:AutomaticCarWindow,rdfs:subClassOf,rc:ElectricalComponent
rc:AutomaticCarWindow,rdfs:subClassOf,rc:MechanicalDevice
rc:AutomaticCarWindow,rdfs:subClassOf,owl:Thing
rc:SoftwareDesign,rdfs:subClassOf,rc:Design
rc:SoftwareDesign,rdfs:subClassOf,owl:Thing
rc:Transceiver,rdfs:subClassOf,rc:ElectronicDevice
rc:Transceiver,rdfs:subClassOf,owl:Thing
rc:PersistenceDistribution,rdfs:subClassOf,rc:Mathematical
rc:PersistenceDistribution,rdfs:subClassOf,owl:Thing
rc:CopperSulfate,rdfs:subClassOf,rc:ChemicalToxin
rc:CopperSulfate,rdfs:subClassOf,rc:InorganicSalt
rc:CopperSulfate,rdfs:subClassOf,owl:Thing
rc:Rack_KitchenHanger,rdfs:subClassOf,rc:Rack_Holder
rc:Rack_KitchenHanger,rdfs:subClassOf,owl:Thing
rc:Dosage,rdfs:subClassOf,rc:PhysicalQuantity
rc:Dosage,rdfs:subClassOf,owl:Thing
rc:XRay,rdfs:subClassOf,rc:ElectromagneticRadiation
rc:XRay,rdfs:subClassOf,owl:Thing
rc:OutdoorFurnitureMarketCategory,rdfs:subClassOf,rc:ProductTypeByMarketCategory
rc:OutdoorFurnitureMarketCategory,rdfs:subClassOf,owl:Thing
rc:SewerLine,rdfs:subClassOf,rc:NonPoweredDevice
rc:SewerLine,rdfs:subClassOf,owl:Thing
rc:NaturalChristmasTree,rdfs:subClassOf,rc:ConsumableProduct
rc:NaturalChristmasTree,rdfs:subClassOf,owl:Thing
rc:EthnicGroupOfChuvash,rdfs:subClassOf,rc:EthnicGroupOfEuropeans
rc:EthnicGroupOfChuvash,rdfs:subClassOf,owl:Thing
rc:TransportSystem,rdfs:subClassOf,rc:SystemOfDevices
rc:TransportSystem,rdfs:subClassOf,owl:Thing
rc:EgbaPeople,rdfs:subClassOf,rc:EthnicGroupOfYoruba
rc:EgbaPeople,rdfs:subClassOf,owl:Thing
rc:EnvironmentalResearch,rdfs:subClassOf,rc:EnvironmentalConservation
rc:EnvironmentalResearch,rdfs:subClassOf,owl:Thing
rc:Advertisement_PCW,rdfs:subClassOf,rc:PropositionalConceptualWork
rc:Advertisement_PCW,rdfs:subClassOf,owl:Thing
rc:Tyrant_AncientGreece,rdfs:subClassOf,rc:HeadOfState
rc:Tyrant_AncientGreece,rdfs:subClassOf,owl:Thing
rc:EgyptianArchitecturalStyle,rdfs:subClassOf,rc:NeoclassicArchitecturalStyle
rc:EgyptianArchitecturalStyle,rdfs:subClassOf,owl:Thing
rc:AutomobileBoatRack,rdfs:subClassOf,rc:Rack_Holder
rc:AutomobileBoatRack,rdfs:subClassOf,owl:Thing
rc:TidinessLevel,rdfs:subClassOf,rc:MentalQuantity
rc:TidinessLevel,rdfs:subClassOf,owl:Thing
rc:LithuanianMen,rdfs:subClassOf,rc:EthnicGroupOfLithuanians
rc:LithuanianMen,rdfs:subClassOf,owl:Thing
rc:Housing,rdfs:subClassOf,rc:LeaseRentalOfPropertyBuilding
rc:Housing,rdfs:subClassOf,owl:Thing
rc:Psychiatry,rdfs:subClassOf,rc:MedicalSpecialty
rc:Psychiatry,rdfs:subClassOf,owl:Thing
rc:PrincessMargaretCountessOfSnowdon,rdfs:subClassOf,rc:Princess
rc:PrincessMargaretCountessOfSnowdon,rdfs:subClassOf,owl:Thing
rc:VoltageConverter,rdfs:subClassOf,rc:PowerSystemDevice
rc:VoltageConverter,rdfs:subClassOf,owl:Thing
rc:Uniform,rdfs:subClassOf,rc:ClothingOutfit
rc:Uniform,rdfs:subClassOf,owl:Thing
rc:PublicFacility,rdfs:subClassOf,rc:Facility_Construct
rc:PublicFacility,rdfs:subClassOf,rc:PublicWorks
rc:PublicFacility,rdfs:subClassOf,owl:Thing
rc:AltaiPeople,rdfs:subClassOf,rc:EthnicGroupOfTurks
rc:AltaiPeople,rdfs:subClassOf,owl:Thing
rc:Cloudiness,rdfs:subClassOf,rc:NonAspectualQuantity
rc:Cloudiness,rdfs:subClassOf,rc:WeatherQuantity
rc:Cloudiness,rdfs:subClassOf,owl:Thing
rc:MusicalInstrumentMarketCategory,rdfs:subClassOf,rc:ConsumerGood
rc:MusicalInstrumentMarketCategory,rdfs:subClassOf,rc:ProductTypeByMarketCategory
rc:MusicalInstrumentMarketCategory,rdfs:subClassOf,owl:Thing
rc:ElectricSkillet,rdfs:subClassOf,rc:DomesticKitchenAppliance
rc:ElectricSkillet,rdfs:subClassOf,rc:Skillet
rc:ElectricSkillet,rdfs:subClassOf,rc:SmallApplianceMarketCategory
rc:ElectricSkillet,rdfs:subClassOf,owl:Thing
rc:SpeedOfSound,rdfs:subClassOf,rc:Speed
rc:SpeedOfSound,rdfs:subClassOf,owl:Thing
rc:SwimmingPool,rdfs:subClassOf,rc:FluidReservoir
rc:SwimmingPool,rdfs:subClassOf,owl:Thing
rc:FictionalPlace,rdfs:subClassOf,rc:FictionalThing
rc:FictionalPlace,rdfs:subClassOf,owl:Thing
rc:PornographicPicture,rdfs:subClassOf,rc:PornographicMaterial
rc:PornographicPicture,rdfs:subClassOf,owl:Thing
rc:ShockAbsorber,rdfs:subClassOf,rc:KineticEnergyPoweredDevice
rc:ShockAbsorber,rdfs:subClassOf,owl:Thing
rc:Ammunition,rdfs:subClassOf,rc:WeaponType
rc:Ammunition,rdfs:subClassOf,owl:Thing
rc:West_Directly,rdfs:subClassOf,rc:CompassPoint
rc:West_Directly,rdfs:subClassOf,owl:Thing
rc:Lumpy,rdfs:subClassOf,rc:NonAspectualQuantity
rc:Lumpy,rdfs:subClassOf,owl:Thing
rc:HumanHeritageMasterpiece,rdfs:subClassOf,rc:Announcement
rc:HumanHeritageMasterpiece,rdfs:subClassOf,owl:Thing
rc:EthnicGroupOfBalanta,rdfs:subClassOf,rc:EthnicGroupOfAfricans
rc:EthnicGroupOfBalanta,rdfs:subClassOf,owl:Thing
rc:DessertFood,rdfs:subClassOf,rc:SweetTaste
rc:DessertFood,rdfs:subClassOf,owl:Thing
rc:HungarianMen,rdfs:subClassOf,rc:EthnicGroupOfMagyars
rc:HungarianMen,rdfs:subClassOf,owl:Thing
rc:Sincerity,rdfs:subClassOf,rc:ScalarQuantity
rc:Sincerity,rdfs:subClassOf,owl:Thing
rc:PaperTowelDispenser,rdfs:subClassOf,rc:Rack_Holder
rc:PaperTowelDispenser,rdfs:subClassOf,owl:Thing
rc:OpiumPoppyPlant,rdfs:subClassOf,rc:PoppyPlant
rc:OpiumPoppyPlant,rdfs:subClassOf,owl:Thing
rc:WeatherStation,rdfs:subClassOf,rc:MeteorologicalInstrument
rc:WeatherStation,rdfs:subClassOf,owl:Thing
rc:ColdMedicine,rdfs:subClassOf,rc:ArtificialMaterial
rc:ColdMedicine,rdfs:subClassOf,rc:FirstAidMarketCategory
rc:ColdMedicine,rdfs:subClassOf,owl:Thing
rc:BenjaminFranklin,rdfs:subClassOf,rc:Inventor
rc:BenjaminFranklin,rdfs:subClassOf,owl:Thing
rc:HomeEconomics,rdfs:subClassOf,rc:Socioeconomics
rc:HomeEconomics,rdfs:subClassOf,owl:Thing
rc:EthnicGroupOfKisii,rdfs:subClassOf,rc:EthnicGroupOfAfricans
rc:EthnicGroupOfKisii,rdfs:subClassOf,owl:Thing
rc:Binder,rdfs:subClassOf,rc:StorageConstruct
rc:Binder,rdfs:subClassOf,owl:Thing
rc:SolarPoweredRoadVehicle,rdfs:subClassOf,rc:SolarPoweredDevice
rc:SolarPoweredRoadVehicle,rdfs:subClassOf,owl:Thing
rc:CollectionOrder,rdfs:subClassOf,rc:Collection
rc:CollectionOrder,rdfs:subClassOf,owl:Thing
rc:Male_ProfessionalModel,rdfs:subClassOf,rc:MaleHuman
rc:Male_ProfessionalModel,rdfs:subClassOf,owl:Thing
rc:Creativity,rdfs:subClassOf,rc:PerformanceLevelQuantity
rc:Creativity,rdfs:subClassOf,owl:Thing
rc:BiometricAuthenticationDevice,rdfs:subClassOf,rc:ElectronicDevice
rc:BiometricAuthenticationDevice,rdfs:subClassOf,owl:Thing
rc:EnglishLanguageEducation,rdfs:subClassOf,rc:LanguageEducation
rc:EnglishLanguageEducation,rdfs:subClassOf,owl:Thing
rc:GermanJew,rdfs:subClassOf,rc:AshkenaziJews
rc:GermanJew,rdfs:subClassOf,owl:Thing
rc:MapProjectionConcept,rdfs:subClassOf,rc:Concept
rc:MapProjectionConcept,rdfs:subClassOf,owl:Thing
rc:ComputerSwitchBox,rdfs:subClassOf,rc:SinglePurposeDevice
rc:ComputerSwitchBox,rdfs:subClassOf,owl:Thing
rc:Wallet,rdfs:subClassOf,rc:PersonalDevice
rc:Wallet,rdfs:subClassOf,owl:Thing
rc:Nearest_NeighborChainAlgorithm,rdfs:subClassOf,rc:ClusteringAlgorithm
rc:Nearest_NeighborChainAlgorithm,rdfs:subClassOf,owl:Thing
rc:AroPeople,rdfs:subClassOf,rc:EthnicGroupOfIbo
rc:AroPeople,rdfs:subClassOf,owl:Thing
rc:MathematicalStatement,rdfs:subClassOf,rc:MathematicalThing
rc:MathematicalStatement,rdfs:subClassOf,owl:Thing
rc:KineticEnergyPoweredDevice,rdfs:subClassOf,rc:ExternallyPoweredDevice
rc:KineticEnergyPoweredDevice,rdfs:subClassOf,owl:Thing
rc:BathSoapBar,rdfs:subClassOf,rc:NonPoweredDevice
rc:BathSoapBar,rdfs:subClassOf,owl:Thing
rc:Dill,rdfs:subClassOf,rc:Apiaceae
rc:Dill,rdfs:subClassOf,owl:Thing
rc:MedicalDressing,rdfs:subClassOf,rc:MedicalSupply
rc:MedicalDressing,rdfs:subClassOf,owl:Thing
rc:HockeyPuck,rdfs:subClassOf,rc:Device_UserPowered
rc:HockeyPuck,rdfs:subClassOf,owl:Thing
rc:Coffee_Instant,rdfs:subClassOf,rc:PlantProduct
rc:Coffee_Instant,rdfs:subClassOf,owl:Thing
rc:IonChannel,rdfs:subClassOf,rc:MembraneBiology
rc:IonChannel,rdfs:subClassOf,owl:Thing
rc:Primary_SecondaryQualityDistinction,rdfs:subClassOf,rc:LevelOfQuality
rc:Primary_SecondaryQualityDistinction,rdfs:subClassOf,owl:Thing
rc:FoodBlender,rdfs:subClassOf,rc:DomesticKitchenAppliance
rc:FoodBlender,rdfs:subClassOf,rc:FoodOrDrinkPreparationDevice
rc:FoodBlender,rdfs:subClassOf,owl:Thing
rc:EthnicGroupOfSlovaks,rdfs:subClassOf,rc:EthnicGroupOfSlavs
rc:EthnicGroupOfSlovaks,rdfs:subClassOf,owl:Thing
rc:YorubaDiaspora,rdfs:subClassOf,rc:Diaspora
rc:YorubaDiaspora,rdfs:subClassOf,rc:EthnicGroupOfYoruba
rc:YorubaDiaspora,rdfs:subClassOf,owl:Thing
rc:Crius_TheTitan,rdfs:subClassOf,rc:MythologicalGod
rc:Crius_TheTitan,rdfs:subClassOf,owl:Thing
rc:Basketball_TheGame,rdfs:subClassOf,rc:TeamSport
rc:Basketball_TheGame,rdfs:subClassOf,owl:Thing
rc:Generosity,rdfs:subClassOf,rc:PersonalQuantity
rc:Generosity,rdfs:subClassOf,owl:Thing
rc:AutoPowerDoorLock,rdfs:subClassOf,rc:AutomotiveDevice
rc:AutoPowerDoorLock,rdfs:subClassOf,owl:Thing
rc:BulletinBoard_Physical,rdfs:subClassOf,rc:NonPoweredDevice
rc:BulletinBoard_Physical,rdfs:subClassOf,owl:Thing
rc:NationalSymbol,rdfs:subClassOf,rc:GeopoliticalSymbol
rc:NationalSymbol,rdfs:subClassOf,owl:Thing
rc:Lesbian,rdfs:subClassOf,rc:HomosexualHuman
rc:Lesbian,rdfs:subClassOf,owl:Thing
rc:EyeglassFrames,rdfs:subClassOf,rc:MechanicalDevice
rc:EyeglassFrames,rdfs:subClassOf,owl:Thing
rc:MobileElectronicsMC,rdfs:subClassOf,rc:ElectronicDevice
rc:MobileElectronicsMC,rdfs:subClassOf,owl:Thing
rc:Number_General,rdfs:subClassOf,rc:NumericInterval
rc:Number_General,rdfs:subClassOf,rc:ScalarPointValue
rc:Number_General,rdfs:subClassOf,owl:Thing
rc:TravelClass,rdfs:subClassOf,rc:NonAspectualQuantity
rc:TravelClass,rdfs:subClassOf,owl:Thing
rc:Reflectivity,rdfs:subClassOf,rc:MeasurableQuantity
rc:Reflectivity,rdfs:subClassOf,owl:Thing
rc:ScalarInterval,rdfs:subClassOf,rc:ScalarOrVectorInterval
rc:ScalarInterval,rdfs:subClassOf,owl:Thing
rc:SevenInTheBookOfRevelation,rdfs:subClassOf,rc:Numerology
rc:SevenInTheBookOfRevelation,rdfs:subClassOf,owl:Thing
rc:ComputerImageFile,rdfs:subClassOf,rc:ComputerFileTypeByFormat
rc:ComputerImageFile,rdfs:subClassOf,owl:Thing
rc:ArmenianWomen,rdfs:subClassOf,rc:EthnicGroupOfArmenians
rc:ArmenianWomen,rdfs:subClassOf,owl:Thing
rc:AthleticSupporter_Clothing,rdfs:subClassOf,rc:MensUnderpants
rc:AthleticSupporter_Clothing,rdfs:subClassOf,rc:SportsAccessory
rc:AthleticSupporter_Clothing,rdfs:subClassOf,owl:Thing
rc:Mouthwash,rdfs:subClassOf,rc:ToiletrySubstance
rc:Mouthwash,rdfs:subClassOf,rc:ToothCareMarketCategory
rc:Mouthwash,rdfs:subClassOf,owl:Thing
rc:BathtubSkidlessMat,rdfs:subClassOf,rc:BathAccessory
rc:BathtubSkidlessMat,rdfs:subClassOf,rc:FloorMat
rc:BathtubSkidlessMat,rdfs:subClassOf,owl:Thing
rc:ImaginaryNumber,rdfs:subClassOf,rc:ComplexNumber
rc:ImaginaryNumber,rdfs:subClassOf,owl:Thing
rc:Pneumatology,rdfs:subClassOf,rc:Spirit_Intangible
rc:Pneumatology,rdfs:subClassOf,owl:Thing
rc:KinaseCatalysis,rdfs:subClassOf,rc:CatalyticActivity
rc:KinaseCatalysis,rdfs:subClassOf,owl:Thing
rc:MedicalPractice,rdfs:subClassOf,rc:MedicalFieldOfStudy
rc:MedicalPractice,rdfs:subClassOf,owl:Thing
rc:PyrophosphoricAcid,rdfs:subClassOf,rc:InorganicAcid
rc:PyrophosphoricAcid,rdfs:subClassOf,owl:Thing
rc:NucleotideStructureSequence,rdfs:subClassOf,rc:List
rc:NucleotideStructureSequence,rdfs:subClassOf,owl:Thing
rc:EthnicGroupOfItalians,rdfs:subClassOf,rc:EthnicGroupOfEuropeans
rc:EthnicGroupOfItalians,rdfs:subClassOf,owl:Thing
rc:KingAlfonsoXII,rdfs:subClassOf,rc:King_HeadOfState
rc:KingAlfonsoXII,rdfs:subClassOf,owl:Thing
rc:KadaiEzhuVallal,rdfs:subClassOf,rc:EthnicGroupOfTamils
rc:KadaiEzhuVallal,rdfs:subClassOf,owl:Thing
rc:EthnicGroupOfTurks,rdfs:subClassOf,rc:EthnicGroupOfAsians
rc:EthnicGroupOfTurks,rdfs:subClassOf,owl:Thing
rc:Robot,rdfs:subClassOf,rc:ElectronicDevice
rc:Robot,rdfs:subClassOf,rc:MechanicalDevice
rc:Robot,rdfs:subClassOf,owl:Thing
rc:ActorTypeByMedium,rdfs:subClassOf,rc:Actor
rc:ActorTypeByMedium,rdfs:subClassOf,owl:Thing
rc:Novichok,rdfs:subClassOf,rc:ChemicalWeapon
rc:Novichok,rdfs:subClassOf,owl:Thing
rc:CobaltSulfate,rdfs:subClassOf,rc:InorganicSalt
rc:CobaltSulfate,rdfs:subClassOf,owl:Thing
rc:EconomicBotany,rdfs:subClassOf,rc:Anthropology
rc:EconomicBotany,rdfs:subClassOf,rc:Botany
rc:EconomicBotany,rdfs:subClassOf,owl:Thing
rc:EthnicGroupOfTigre,rdfs:subClassOf,rc:EthnicGroupOfAfricans
rc:EthnicGroupOfTigre,rdfs:subClassOf,owl:Thing
rc:MuseumStructure,rdfs:subClassOf,rc:ModernShelterConstruction
rc:MuseumStructure,rdfs:subClassOf,owl:Thing
rc:CajunPeople,rdfs:subClassOf,rc:EthnicGroupOfCajuns
rc:CajunPeople,rdfs:subClassOf,owl:Thing
rc:EthnicGroupOfToubou,rdfs:subClassOf,rc:EthnicGroupOfAfricans
rc:EthnicGroupOfToubou,rdfs:subClassOf,owl:Thing
rc:ProtoLanguage,rdfs:subClassOf,rc:HistoricalLinguistics
rc:ProtoLanguage,rdfs:subClassOf,owl:Thing
rc:JonBoat,rdfs:subClassOf,rc:Device_UserPowered
rc:JonBoat,rdfs:subClassOf,owl:Thing
rc:Acrostic_IBO,rdfs:subClassOf,rc:SinglePurposeDevice
rc:Acrostic_IBO,rdfs:subClassOf,owl:Thing
rc:Greenhouse,rdfs:subClassOf,rc:PrefabricatedFarmBuildingStructure
rc:Greenhouse,rdfs:subClassOf,owl:Thing
rc:EthnicGroupOfAdja,rdfs:subClassOf,rc:EthnicGroupOfAfricans
rc:EthnicGroupOfAdja,rdfs:subClassOf,owl:Thing
rc:StandardAutoServiceMarketCategory,rdfs:subClassOf,rc:ProductTypeByMarketCategory
rc:StandardAutoServiceMarketCategory,rdfs:subClassOf,owl:Thing
rc:EthnicGroupOfNegritos,rdfs:subClassOf,rc:EthnicGroupOfAsians
rc:EthnicGroupOfNegritos,rdfs:subClassOf,owl:Thing
rc:ChinaChow,rdfs:subClassOf,rc:ActorInMovies
rc:ChinaChow,rdfs:subClassOf,owl:Thing
rc:Charophytopsida,rdfs:subClassOf,rc:Phycophyta
rc:Charophytopsida,rdfs:subClassOf,owl:Thing
rc:LevelOfPhysicalActivity,rdfs:subClassOf,rc:OrderOfMagnitudeInterval
rc:LevelOfPhysicalActivity,rdfs:subClassOf,rc:PerformanceLevelQuantity
rc:LevelOfPhysicalActivity,rdfs:subClassOf,rc:TotallyOrderedQuantityType
rc:LevelOfPhysicalActivity,rdfs:subClassOf,owl:Thing
rc:NumericalAnalysisAlgorithm,rdfs:subClassOf,rc:Algorithm
rc:NumericalAnalysisAlgorithm,rdfs:subClassOf,owl:Thing
rc:GameTheory,rdfs:subClassOf,rc:ScientificFieldOfStudy
rc:GameTheory,rdfs:subClassOf,owl:Thing
rc:Infamous,rdfs:subClassOf,rc:LevelOfRenown
rc:Infamous,rdfs:subClassOf,owl:Thing
rc:Cigar,rdfs:subClassOf,rc:ConsumableProduct
rc:Cigar,rdfs:subClassOf,owl:Thing
rc:TypewriterTyping,rdfs:subClassOf,rc:ApplyingStuffToSurface
rc:TypewriterTyping,rdfs:subClassOf,rc:MarkingOnASurface
rc:TypewriterTyping,rdfs:subClassOf,owl:Thing
rc:HousewaresMarketCategory,rdfs:subClassOf,rc:ProductTypeByMarketCategory
rc:HousewaresMarketCategory,rdfs:subClassOf,owl:Thing
rc:Sauna,rdfs:subClassOf,rc:SaunaEquipment
rc:Sauna,rdfs:subClassOf,owl:Thing
rc:LiquidOralMedicine,rdfs:subClassOf,rc:LiquidTangibleArtifact
rc:LiquidOralMedicine,rdfs:subClassOf,owl:Thing
rc:Straw,rdfs:subClassOf,rc:VegetableMatter
rc:Straw,rdfs:subClassOf,owl:Thing
rc:PresentationProgram,rdfs:subClassOf,rc:ContentAuthoringEditingSoftware
rc:PresentationProgram,rdfs:subClassOf,owl:Thing
rc:Hypothesis,rdfs:subClassOf,rc:Proposition
rc:Hypothesis,rdfs:subClassOf,owl:Thing
rc:EthnicGroupOfGanda,rdfs:subClassOf,rc:EthnicGroupOfAfricans
rc:EthnicGroupOfGanda,rdfs:subClassOf,owl:Thing
rc:BathroomFurnishingsMarketCategory,rdfs:subClassOf,rc:HouseholdFurnishingsMC
rc:BathroomFurnishingsMarketCategory,rdfs:subClassOf,rc:ProductTypeByMarketCategory
rc:BathroomFurnishingsMarketCategory,rdfs:subClassOf,owl:Thing
rc:Storyteller,rdfs:subClassOf,rc:Artist_Performer
rc:Storyteller,rdfs:subClassOf,owl:Thing
rc:DVD_Disk,rdfs:subClassOf,rc:SinglePurposeDevice
rc:DVD_Disk,rdfs:subClassOf,owl:Thing
rc:Ribes,rdfs:subClassOf,rc:Grossulariaceae
rc:Ribes,rdfs:subClassOf,owl:Thing
rc:EthnicGroupOfThais,rdfs:subClassOf,rc:EthnicGroupOfAsians
rc:EthnicGroupOfThais,rdfs:subClassOf,owl:Thing
rc:FlatSpiredThreeToothedSnail,rdfs:subClassOf,rc:Triodopsis
rc:FlatSpiredThreeToothedSnail,rdfs:subClassOf,owl:Thing
rc:MedicalScale,rdfs:subClassOf,rc:MechanicalDevice
rc:MedicalScale,rdfs:subClassOf,owl:Thing
rc:Instar,rdfs:subClassOf,rc:OrganismTypeByLifeStage
rc:Instar,rdfs:subClassOf,owl:Thing
rc:AuthenticationDevice,rdfs:subClassOf,rc:DeviceTypeByFunction
rc:AuthenticationDevice,rdfs:subClassOf,owl:Thing
rc:DomesticConsumerProduct,rdfs:subClassOf,rc:ConsumerGood
rc:DomesticConsumerProduct,rdfs:subClassOf,owl:Thing
rc:WindPoweredTurbine,rdfs:subClassOf,rc:WindPoweredDevice
rc:WindPoweredTurbine,rdfs:subClassOf,owl:Thing
rc:TapeDrive,rdfs:subClassOf,rc:MagneticComputerStorageDevice
rc:TapeDrive,rdfs:subClassOf,owl:Thing
rc:Influence,rdfs:subClassOf,rc:InterAgentQuantity
rc:Influence,rdfs:subClassOf,owl:Thing
rc:IceMaker,rdfs:subClassOf,rc:DomesticKitchenAppliance
rc:IceMaker,rdfs:subClassOf,rc:FoodOrDrinkPreparationDevice
rc:IceMaker,rdfs:subClassOf,rc:IndustrialRefrigeration
rc:IceMaker,rdfs:subClassOf,rc:WaterCoolingDevice
rc:IceMaker,rdfs:subClassOf,owl:Thing
rc:FijianTamil,rdfs:subClassOf,rc:EthnicGroupOfTamils
rc:FijianTamil,rdfs:subClassOf,owl:Thing
rc:HenryIVOfEngland_Person_1,rdfs:subClassOf,rc:IndividualPeople
rc:HenryIVOfEngland_Person_1,rdfs:subClassOf,owl:Thing
rc:FaxSoftware,rdfs:subClassOf,rc:NetworkingSoftware
rc:FaxSoftware,rdfs:subClassOf,owl:Thing
rc:Scout_MemberOfScoutingOrganization,rdfs:subClassOf,rc:YoungHuman
rc:Scout_MemberOfScoutingOrganization,rdfs:subClassOf,owl:Thing
rc:FemaleChild,rdfs:subClassOf,rc:FemaleHuman
rc:FemaleChild,rdfs:subClassOf,rc:JuvenileAnimal
rc:FemaleChild,rdfs:subClassOf,owl:Thing
rc:HeroesInMythologyAndLegend,rdfs:subClassOf,rc:MythologicalHero
rc:HeroesInMythologyAndLegend,rdfs:subClassOf,owl:Thing
rc:LocationInOneThousandAndOneNights,rdfs:subClassOf,rc:MythologicalPlace
rc:LocationInOneThousandAndOneNights,rdfs:subClassOf,owl:Thing
rc:Measurement,rdfs:subClassOf,rc:DevisedStructuredActivity
rc:Measurement,rdfs:subClassOf,owl:Thing
rc:LithuanianJew,rdfs:subClassOf,rc:AshkenaziJews
rc:LithuanianJew,rdfs:subClassOf,owl:Thing
rc:Ontology_Being,rdfs:subClassOf,rc:Metaphysics
rc:Ontology_Being,rdfs:subClassOf,owl:Thing
rc:AfricanPeople,rdfs:subClassOf,rc:EthnicGroupOfAfricans
rc:AfricanPeople,rdfs:subClassOf,owl:Thing
rc:ExperimentalMovie,rdfs:subClassOf,rc:PropositionalConceptualWork_ExperimentalGenre
rc:ExperimentalMovie,rdfs:subClassOf,owl:Thing
rc:SodiumCarbonate,rdfs:subClassOf,rc:InorganicSalt
rc:SodiumCarbonate,rdfs:subClassOf,owl:Thing
rc:FacialTissue,rdfs:subClassOf,rc:CleaningDevice
rc:FacialTissue,rdfs:subClassOf,rc:ConsumableProduct
rc:FacialTissue,rdfs:subClassOf,rc:Device_OneTimeUse
rc:FacialTissue,rdfs:subClassOf,rc:Device_UserPowered
rc:FacialTissue,rdfs:subClassOf,rc:DisposableProduct
rc:FacialTissue,rdfs:subClassOf,rc:PersonalHygieneProduct
rc:FacialTissue,rdfs:subClassOf,owl:Thing
rc:StateCapitolBuilding,rdfs:subClassOf,rc:Custom_Made
rc:StateCapitolBuilding,rdfs:subClassOf,owl:Thing
rc:BalletTraining,rdfs:subClassOf,rc:BalletDancePerformance
rc:BalletTraining,rdfs:subClassOf,owl:Thing
rc:Supervillain,rdfs:subClassOf,rc:FictionalCharacter
rc:Supervillain,rdfs:subClassOf,owl:Thing
rc:PowerSaw,rdfs:subClassOf,rc:PowerTool
rc:PowerSaw,rdfs:subClassOf,owl:Thing
rc:CompactDisc_Generic,rdfs:subClassOf,rc:RemovableStorageMedia
rc:CompactDisc_Generic,rdfs:subClassOf,owl:Thing
rc:EthnicGroupOfOromo,rdfs:subClassOf,rc:EthnicGroupOfAfricans
rc:EthnicGroupOfOromo,rdfs:subClassOf,owl:Thing
rc:ChechenVictimOfHumanRightsAbuse,rdfs:subClassOf,rc:EthnicGroupOfChechens
rc:ChechenVictimOfHumanRightsAbuse,rdfs:subClassOf,owl:Thing
rc:Thermos,rdfs:subClassOf,rc:StorageConstruct
rc:Thermos,rdfs:subClassOf,owl:Thing
rc:AnimalHideSkin,rdfs:subClassOf,rc:AnimalProduct
rc:AnimalHideSkin,rdfs:subClassOf,rc:DriedSkin
rc:AnimalHideSkin,rdfs:subClassOf,owl:Thing
rc:ServiceIndustryMachinerySupplyProduct,rdfs:subClassOf,rc:DurableGood
rc:ServiceIndustryMachinerySupplyProduct,rdfs:subClassOf,owl:Thing
rc:CarryStrap,rdfs:subClassOf,rc:Handle
rc:CarryStrap,rdfs:subClassOf,owl:Thing
rc:UnitVectorInterval,rdfs:subClassOf,rc:VectorInterval
rc:UnitVectorInterval,rdfs:subClassOf,owl:Thing
rc:FictionalTransport,rdfs:subClassOf,rc:FictionalObject
rc:FictionalTransport,rdfs:subClassOf,owl:Thing
rc:Griffin,rdfs:subClassOf,rc:LegendaryCreature
rc:Griffin,rdfs:subClassOf,owl:Thing
rc:Oceanus_TheTitan,rdfs:subClassOf,rc:MythologicalGod
rc:Oceanus_TheTitan,rdfs:subClassOf,owl:Thing
rc:Geology,rdfs:subClassOf,rc:EarthScience
rc:Geology,rdfs:subClassOf,owl:Thing
rc:CigarCutter,rdfs:subClassOf,rc:CuttingDevice
rc:CigarCutter,rdfs:subClassOf,rc:Device_UserPowered
rc:CigarCutter,rdfs:subClassOf,owl:Thing
rc:AlgebraicGraphTheory,rdfs:subClassOf,rc:Algebra
rc:AlgebraicGraphTheory,rdfs:subClassOf,owl:Thing
rc:CountessOfSoissons,rdfs:subClassOf,rc:Countess
rc:CountessOfSoissons,rdfs:subClassOf,owl:Thing
rc:GagauzPeople,rdfs:subClassOf,rc:EthnicGroupOfTurks
rc:GagauzPeople,rdfs:subClassOf,owl:Thing
rc:Quantity,rdfs:subClassOf,rc:Tuple
rc:Quantity,rdfs:subClassOf,owl:Thing
rc:SparkPlug,rdfs:subClassOf,rc:AutoPart
rc:SparkPlug,rdfs:subClassOf,rc:EngineComponent
rc:SparkPlug,rdfs:subClassOf,rc:GeneralAutoMarketCategory
rc:SparkPlug,rdfs:subClassOf,owl:Thing
rc:Backhoe,rdfs:subClassOf,rc:PowerTool
rc:Backhoe,rdfs:subClassOf,owl:Thing
rc:Showroom,rdfs:subClassOf,rc:RoomInAConstruction
rc:Showroom,rdfs:subClassOf,owl:Thing
rc:QuantumLatticeModel,rdfs:subClassOf,rc:QuantumMechanics
rc:QuantumLatticeModel,rdfs:subClassOf,owl:Thing
rc:EthnicGroupOfZulus,rdfs:subClassOf,rc:EthnicGroupOfAfricans
rc:EthnicGroupOfZulus,rdfs:subClassOf,owl:Thing
rc:Harrow,rdfs:subClassOf,rc:AnimalPoweredDevice
rc:Harrow,rdfs:subClassOf,owl:Thing
rc:QueenMaryI,rdfs:subClassOf,rc:Queen_HeadOfState
rc:QueenMaryI,rdfs:subClassOf,owl:Thing
rc:WindowScreen,rdfs:subClassOf,rc:PhysicalFilter
rc:WindowScreen,rdfs:subClassOf,owl:Thing
rc:Ultralight_Airplane,rdfs:subClassOf,rc:Monoplane
rc:Ultralight_Airplane,rdfs:subClassOf,rc:PropellerDrivenAirplane
rc:Ultralight_Airplane,rdfs:subClassOf,owl:Thing
rc:Planktology,rdfs:subClassOf,rc:Botany
rc:Planktology,rdfs:subClassOf,owl:Thing
rc:EthnicGroupOfForros,rdfs:subClassOf,rc:EthnicGroupOfAfricans
rc:EthnicGroupOfForros,rdfs:subClassOf,owl:Thing
rc:SheetOfPaper,rdfs:subClassOf,rc:InformationStorageMedia
rc:SheetOfPaper,rdfs:subClassOf,rc:Paper
rc:SheetOfPaper,rdfs:subClassOf,owl:Thing
rc:BloodTypeByABO,rdfs:subClassOf,rc:BloodType
rc:BloodTypeByABO,rdfs:subClassOf,owl:Thing
rc:RepaymentPlan,rdfs:subClassOf,rc:PaymentSchedule
rc:RepaymentPlan,rdfs:subClassOf,owl:Thing
rc:SymbolOfCommunism,rdfs:subClassOf,rc:GeopoliticalSymbol
rc:SymbolOfCommunism,rdfs:subClassOf,owl:Thing
rc:SoilClassification,rdfs:subClassOf,rc:LandSoilManagement
rc:SoilClassification,rdfs:subClassOf,owl:Thing
rc:EthnicGroupOfCroatians,rdfs:subClassOf,rc:EthnicGroupOfSlavs
rc:EthnicGroupOfCroatians,rdfs:subClassOf,owl:Thing
rc:SouthAsianPeople,rdfs:subClassOf,rc:EthnicGroupOfAsians
rc:SouthAsianPeople,rdfs:subClassOf,owl:Thing
rc:Sofa,rdfs:subClassOf,rc:GeneralLivingAreaFurnitureMC
rc:Sofa,rdfs:subClassOf,rc:SeatingDevice
rc:Sofa,rdfs:subClassOf,rc:UpholsteredFurnitureMC
rc:Sofa,rdfs:subClassOf,owl:Thing
rc:SiliconNitride,rdfs:subClassOf,rc:Ceramic
rc:SiliconNitride,rdfs:subClassOf,owl:Thing
rc:Contortionist,rdfs:subClassOf,rc:Artist_Performer
rc:Contortionist,rdfs:subClassOf,owl:Thing
rc:IceCreamScoop,rdfs:subClassOf,rc:KitchenFurnishingsMarketCategory
rc:IceCreamScoop,rdfs:subClassOf,owl:Thing
rc:ManualCanOpener,rdfs:subClassOf,rc:Device_UserPowered
rc:ManualCanOpener,rdfs:subClassOf,owl:Thing
rc:JuteMill,rdfs:subClassOf,rc:AgriculturalSortingCleaningMachinery
rc:JuteMill,rdfs:subClassOf,owl:Thing
rc:Dirtiness,rdfs:subClassOf,rc:NonAspectualQuantity
rc:Dirtiness,rdfs:subClassOf,rc:Rating
rc:Dirtiness,rdfs:subClassOf,rc:TangiblePhysicalQuantity
rc:Dirtiness,rdfs:subClassOf,owl:Thing
rc:EthnicGroupOfIndia,rdfs:subClassOf,rc:EthnicGroupOfEastIndians
rc:EthnicGroupOfIndia,rdfs:subClassOf,owl:Thing
rc:NewCar,rdfs:subClassOf,rc:NewArtifact
rc:NewCar,rdfs:subClassOf,owl:Thing
rc:PersonalDigitalAssistant,rdfs:subClassOf,rc:PersonalDevice
rc:PersonalDigitalAssistant,rdfs:subClassOf,owl:Thing
rc:ClimateControlDevice,rdfs:subClassOf,rc:ElectricalDevice
rc:ClimateControlDevice,rdfs:subClassOf,owl:Thing
rc:SystemsArchitecture,rdfs:subClassOf,rc:Design
rc:SystemsArchitecture,rdfs:subClassOf,owl:Thing
rc:HomosexualMaleHuman,rdfs:subClassOf,rc:HomosexualHuman
rc:HomosexualMaleHuman,rdfs:subClassOf,rc:MaleHuman
rc:HomosexualMaleHuman,rdfs:subClassOf,owl:Thing
rc:InformationRetrieval,rdfs:subClassOf,rc:InformationScience
rc:InformationRetrieval,rdfs:subClassOf,owl:Thing
rc:HumanSpaceflight,rdfs:subClassOf,rc:Ride
rc:HumanSpaceflight,rdfs:subClassOf,owl:Thing
rc:IllocutionaryForce,rdfs:subClassOf,rc:NonAspectualQuantity
rc:IllocutionaryForce,rdfs:subClassOf,owl:Thing
rc:Donkey,rdfs:subClassOf,rc:EquineAnimal
rc:Donkey,rdfs:subClassOf,owl:Thing
rc:PeriodicalCopy,rdfs:subClassOf,rc:BooksAndMagazinesMarketCategory
rc:PeriodicalCopy,rdfs:subClassOf,rc:InformationBearingObject
rc:PeriodicalCopy,rdfs:subClassOf,rc:PublishedIBT
rc:PeriodicalCopy,rdfs:subClassOf,owl:Thing
rc:KingCharlesIIOfSpain,rdfs:subClassOf,rc:King_HeadOfState
rc:KingCharlesIIOfSpain,rdfs:subClassOf,owl:Thing
rc:EthnicGroupOfLithuanians,rdfs:subClassOf,rc:EthnicGroupOfEuropeans
rc:EthnicGroupOfLithuanians,rdfs:subClassOf,owl:Thing
rc:WindowPane,rdfs:subClassOf,rc:DeviceWithNoMovingParts
rc:WindowPane,rdfs:subClassOf,rc:PlateGlass
rc:WindowPane,rdfs:subClassOf,owl:Thing
rc:InuitPeople,rdfs:subClassOf,rc:EthnicGroupOfInuit
rc:InuitPeople,rdfs:subClassOf,owl:Thing
rc:AssyriansInIraq,rdfs:subClassOf,rc:EthnicGroupOfAssyrians
rc:AssyriansInIraq,rdfs:subClassOf,owl:Thing
rc:ClassificationSystem,rdfs:subClassOf,kko:StructuredInfo
rc:ClassificationSystem,rdfs:subClassOf,rc:PathSystem
rc:ClassificationSystem,rdfs:subClassOf,owl:Thing
rc:H2O2Decomposition,rdfs:subClassOf,rc:CatalyticReaction
rc:H2O2Decomposition,rdfs:subClassOf,rc:ChemicalDecomposition
rc:H2O2Decomposition,rdfs:subClassOf,owl:Thing
rc:WashBasin_PartOfSink,rdfs:subClassOf,rc:FluidReservoir
rc:WashBasin_PartOfSink,rdfs:subClassOf,owl:Thing
rc:EthnicGroupOfLatvians,rdfs:subClassOf,rc:EthnicGroupOfEuropeans
rc:EthnicGroupOfLatvians,rdfs:subClassOf,owl:Thing
rc:AutoMechanicShopMarketCategory,rdfs:subClassOf,rc:ProductTypeByMarketCategory
rc:AutoMechanicShopMarketCategory,rdfs:subClassOf,owl:Thing
rc:LaboratoryGlassware,rdfs:subClassOf,rc:GlassContainer
rc:LaboratoryGlassware,rdfs:subClassOf,owl:Thing
rc:SystemsScience,rdfs:subClassOf,rc:FocusedTechnologyField
rc:SystemsScience,rdfs:subClassOf,rc:System
rc:SystemsScience,rdfs:subClassOf,owl:Thing
rc:Hydrolysis_ChemicalReaction,rdfs:subClassOf,rc:CatalyticReaction
rc:Hydrolysis_ChemicalReaction,rdfs:subClassOf,rc:ExergonicReaction
rc:Hydrolysis_ChemicalReaction,rdfs:subClassOf,owl:Thing
rc:HypoBromousAcid,rdfs:subClassOf,rc:InorganicAcid
rc:HypoBromousAcid,rdfs:subClassOf,owl:Thing
rc:ArrowrootPlant,rdfs:subClassOf,rc:Zingiberales
rc:ArrowrootPlant,rdfs:subClassOf,owl:Thing
rc:Radiator_VehiclePart,rdfs:subClassOf,rc:ContainerArtifact
rc:Radiator_VehiclePart,rdfs:subClassOf,owl:Thing
rc:Blueprint,rdfs:subClassOf,rc:ProfessionalEngineeringService
rc:Blueprint,rdfs:subClassOf,rc:PublishedIBT
rc:Blueprint,rdfs:subClassOf,owl:Thing
rc:Populism,rdfs:subClassOf,rc:PopularityLevel
rc:Populism,rdfs:subClassOf,owl:Thing
rc:ConsumerReport,rdfs:subClassOf,rc:NonfictionalPCW
rc:ConsumerReport,rdfs:subClassOf,owl:Thing
rc:EthnicGroupOfSaho,rdfs:subClassOf,rc:EthnicGroupOfAfricans
rc:EthnicGroupOfSaho,rdfs:subClassOf,owl:Thing
rc:AmmoniumBromide,rdfs:subClassOf,rc:InorganicSalt
rc:AmmoniumBromide,rdfs:subClassOf,owl:Thing
rc:AsianPeopleByPeriod,rdfs:subClassOf,rc:AsianPeople
rc:AsianPeopleByPeriod,rdfs:subClassOf,owl:Thing
rc:Device_OfficeProduct_Consumable,rdfs:subClassOf,rc:ConsumableProduct
rc:Device_OfficeProduct_Consumable,rdfs:subClassOf,owl:Thing
rc:PostageStamp,rdfs:subClassOf,rc:Device_OneTimeUse
rc:PostageStamp,rdfs:subClassOf,rc:MailingSupply
rc:PostageStamp,rdfs:subClassOf,rc:Postage
rc:PostageStamp,rdfs:subClassOf,owl:Thing
rc:LatvianWomen,rdfs:subClassOf,rc:EthnicGroupOfLatvians
rc:LatvianWomen,rdfs:subClassOf,owl:Thing
rc:Coffee_Ground,rdfs:subClassOf,rc:PlantProduct
rc:Coffee_Ground,rdfs:subClassOf,owl:Thing
rc:Geomancy,rdfs:subClassOf,rc:Divination
rc:Geomancy,rdfs:subClassOf,owl:Thing
rc:OpenDesign,rdfs:subClassOf,rc:Design
rc:OpenDesign,rdfs:subClassOf,owl:Thing
rc:MultimediaSoftware,rdfs:subClassOf,rc:Multimedia
rc:MultimediaSoftware,rdfs:subClassOf,owl:Thing
rc:PrisonSentencePunishment,rdfs:subClassOf,rc:Punishment
rc:PrisonSentencePunishment,rdfs:subClassOf,owl:Thing
rc:Workwear,rdfs:subClassOf,rc:Clothing
rc:Workwear,rdfs:subClassOf,owl:Thing
rc:Graveyard,rdfs:subClassOf,rc:Gravesite
rc:Graveyard,rdfs:subClassOf,owl:Thing
rc:TransportVia_RoadVehicle,rdfs:subClassOf,rc:RoadTransport
rc:TransportVia_RoadVehicle,rdfs:subClassOf,rc:TransportWithMotorizedLandVehicle
rc:TransportVia_RoadVehicle,rdfs:subClassOf,owl:Thing
rc:StructuralSystem,rdfs:subClassOf,rc:StructuralBuildingProduct
rc:StructuralSystem,rdfs:subClassOf,owl:Thing
rc:Fin_Artifact,rdfs:subClassOf,rc:Device_SingleUser
rc:Fin_Artifact,rdfs:subClassOf,owl:Thing
rc:TibetanWomen,rdfs:subClassOf,rc:EthnicGroupOfTibetans
rc:TibetanWomen,rdfs:subClassOf,owl:Thing
kko:EconomicSystems,rdfs:subClassOf,kko:SocialSystems
kko:EconomicSystems,rdfs:subClassOf,owl:Thing
rc:PerformanceLevelQuantity,rdfs:subClassOf,rc:ActionAttributeLevelQuantity
rc:PerformanceLevelQuantity,rdfs:subClassOf,owl:Thing
rc:Buoy,rdfs:subClassOf,rc:CommercialMarineCraft
rc:Buoy,rdfs:subClassOf,rc:WaterTransportationDevice
rc:Buoy,rdfs:subClassOf,owl:Thing
rc:WrittenReportOnSituation,rdfs:subClassOf,rc:ReportOnSituation
rc:WrittenReportOnSituation,rdfs:subClassOf,owl:Thing
rc:NuclearMagneticResonance,rdfs:subClassOf,rc:ElectromagneticRadiation
rc:NuclearMagneticResonance,rdfs:subClassOf,owl:Thing
rc:PlantPot,rdfs:subClassOf,rc:NonPoweredDevice
rc:PlantPot,rdfs:subClassOf,rc:StorageConstruct
rc:PlantPot,rdfs:subClassOf,owl:Thing
rc:EthnicGroupOfNorthAmericanNatives,rdfs:subClassOf,rc:EthnicGroupOfNewWorldNatives
rc:EthnicGroupOfNorthAmericanNatives,rdfs:subClassOf,owl:Thing
rc:BisexualHuman,rdfs:subClassOf,rc:HumanTypeBySexualOrientation
rc:BisexualHuman,rdfs:subClassOf,owl:Thing
rc:SlovakJew,rdfs:subClassOf,rc:AshkenaziJews
rc:SlovakJew,rdfs:subClassOf,owl:Thing
rc:Granary,rdfs:subClassOf,rc:FoodStorageContainer
rc:Granary,rdfs:subClassOf,rc:StorageFacility
rc:Granary,rdfs:subClassOf,owl:Thing
rc:WrittenMediaProduct,rdfs:subClassOf,rc:MediaProduct
rc:WrittenMediaProduct,rdfs:subClassOf,owl:Thing
rc:SwivelDevice,rdfs:subClassOf,rc:MechanicalDevice
rc:SwivelDevice,rdfs:subClassOf,owl:Thing
rc:NaturalGasPlatform,rdfs:subClassOf,rc:OilFieldEquipment
rc:NaturalGasPlatform,rdfs:subClassOf,owl:Thing
rc:Curricula,rdfs:subClassOf,rc:NormativeSpecification
rc:Curricula,rdfs:subClassOf,owl:Thing
rc:Lymphology,rdfs:subClassOf,rc:LymphaticSystem
rc:Lymphology,rdfs:subClassOf,owl:Thing
rc:Pianist,rdfs:subClassOf,rc:MusicalInstrumentPlayer
rc:Pianist,rdfs:subClassOf,owl:Thing
rc:Currency,rdfs:subClassOf,rc:LiquidAsset
rc:Currency,rdfs:subClassOf,rc:PublicAdministrationFinanceService
rc:Currency,rdfs:subClassOf,rc:TenderObject
rc:Currency,rdfs:subClassOf,owl:Thing
rc:AndrewJackson,rdfs:subClassOf,rc:UnitedStatesPresident
rc:AndrewJackson,rdfs:subClassOf,owl:Thing
rc:NetworkHub,rdfs:subClassOf,rc:PersonalCommunicationDevicePart
rc:NetworkHub,rdfs:subClassOf,rc:SinglePurposeDevice
rc:NetworkHub,rdfs:subClassOf,owl:Thing
rc:AlarmProtected,rdfs:subClassOf,rc:LimitedAccess
rc:AlarmProtected,rdfs:subClassOf,owl:Thing
rc:HatRack,rdfs:subClassOf,rc:Rack_Holder
rc:HatRack,rdfs:subClassOf,owl:Thing
rc:EthnicGroupOfWelsh,rdfs:subClassOf,rc:EthnicGroupOfEuropeans
rc:EthnicGroupOfWelsh,rdfs:subClassOf,owl:Thing
rc:BrandNameGame,rdfs:subClassOf,rc:ProductTypeByBrand
rc:BrandNameGame,rdfs:subClassOf,owl:Thing
rc:Daggerboard,rdfs:subClassOf,rc:Woodwork
rc:Daggerboard,rdfs:subClassOf,owl:Thing
rc:CoefficientOfElasticity,rdfs:subClassOf,rc:RatioQuantity
rc:CoefficientOfElasticity,rdfs:subClassOf,owl:Thing
rc:HistoryOfMacroeconomicThought,rdfs:subClassOf,rc:HistoryByTopic
rc:HistoryOfMacroeconomicThought,rdfs:subClassOf,owl:Thing
rc:ActionMovie,rdfs:subClassOf,rc:PropositionalConceptualWork_ActionGenre
rc:ActionMovie,rdfs:subClassOf,owl:Thing
rc:MeasuringDevice,rdfs:subClassOf,rc:DeviceTypeByFunction
rc:MeasuringDevice,rdfs:subClassOf,owl:Thing
rc:KingVictorEmmanuelIII,rdfs:subClassOf,rc:King_HeadOfState
rc:KingVictorEmmanuelIII,rdfs:subClassOf,owl:Thing
rc:LGBT,rdfs:subClassOf,rc:SexualOrientation
rc:LGBT,rdfs:subClassOf,owl:Thing
rc:AncestralPuebloan,rdfs:subClassOf,rc:EthnicGroupOfPuebloans
rc:AncestralPuebloan,rdfs:subClassOf,owl:Thing
rc:Pinch,rdfs:subClassOf,rc:Volume
rc:Pinch,rdfs:subClassOf,owl:Thing
rc:SarinGas,rdfs:subClassOf,rc:Sarin
rc:SarinGas,rdfs:subClassOf,owl:Thing
rc:WestAsianPeople,rdfs:subClassOf,rc:EthnicGroupOfAsians
rc:WestAsianPeople,rdfs:subClassOf,owl:Thing
rc:Zinc,rdfs:subClassOf,rc:BaseMetal
rc:Zinc,rdfs:subClassOf,rc:TransitionMetal
rc:Zinc,rdfs:subClassOf,rc:UnalloyedMetal
rc:Zinc,rdfs:subClassOf,owl:Thing
rc:CollectiveIntelligence,rdfs:subClassOf,rc:IntelligenceByType
rc:CollectiveIntelligence,rdfs:subClassOf,owl:Thing
rc:EconometricModel,rdfs:subClassOf,rc:Econometrics
rc:EconometricModel,rdfs:subClassOf,owl:Thing
rc:Attendance,rdfs:subClassOf,rc:CountQuantity
rc:Attendance,rdfs:subClassOf,owl:Thing
rc:GreekAntiquityInArtAndCulture,rdfs:subClassOf,rc:CulturalDepiction
rc:GreekAntiquityInArtAndCulture,rdfs:subClassOf,owl:Thing
rc:TenderObject,rdfs:subClassOf,rc:HumanAccessibleIBO
rc:TenderObject,rdfs:subClassOf,rc:Valuable_PersonalPossession
rc:TenderObject,rdfs:subClassOf,owl:Thing
rc:Batting,rdfs:subClassOf,rc:CushioningSupply
rc:Batting,rdfs:subClassOf,owl:Thing
rc:CoasterForDrink,rdfs:subClassOf,rc:NonPoweredDevice
rc:CoasterForDrink,rdfs:subClassOf,owl:Thing
rc:Fairway,rdfs:subClassOf,rc:GolfingArea
rc:Fairway,rdfs:subClassOf,owl:Thing
rc:EngineStarter,rdfs:subClassOf,rc:AutomotiveDevice
rc:EngineStarter,rdfs:subClassOf,owl:Thing
rc:HoseClamp,rdfs:subClassOf,rc:MechanicalDevice
rc:HoseClamp,rdfs:subClassOf,owl:Thing
rc:Flammability,rdfs:subClassOf,rc:DispositionalQuantity
rc:Flammability,rdfs:subClassOf,rc:Interval_BoundedBelow
rc:Flammability,rdfs:subClassOf,rc:NonAspectualQuantity
rc:Flammability,rdfs:subClassOf,rc:TangiblePhysicalQuantity
rc:Flammability,rdfs:subClassOf,owl:Thing
rc:UniversalAlgebra,rdfs:subClassOf,rc:Algebra
rc:UniversalAlgebra,rdfs:subClassOf,rc:CategoryTheory
rc:UniversalAlgebra,rdfs:subClassOf,owl:Thing
rc:ComputerDataStructure,rdfs:subClassOf,rc:StructuredInformationSource
rc:ComputerDataStructure,rdfs:subClassOf,owl:Thing
rc:TouristAttraction,rdfs:subClassOf,rc:FamousIndividual
rc:TouristAttraction,rdfs:subClassOf,owl:Thing
rc:CellCyclePhaseType,rdfs:subClassOf,rc:CellLifeStageType
rc:CellCyclePhaseType,rdfs:subClassOf,owl:Thing
rc:Glue,rdfs:subClassOf,rc:ArtificialMaterial
rc:Glue,rdfs:subClassOf,owl:Thing
rc:Americium,rdfs:subClassOf,rc:TransuraniumElement
rc:Americium,rdfs:subClassOf,owl:Thing
rc:Needle,rdfs:subClassOf,rc:Device_UserPowered
rc:Needle,rdfs:subClassOf,owl:Thing
rc:FunctionalRelation,rdfs:subClassOf,rc:Relation
rc:FunctionalRelation,rdfs:subClassOf,owl:Thing
rc:ReclaimedWord,rdfs:subClassOf,rc:HistoricalLinguistics
rc:ReclaimedWord,rdfs:subClassOf,owl:Thing
rc:Precision,rdfs:subClassOf,rc:PerformanceLevelQuantity
rc:Precision,rdfs:subClassOf,owl:Thing
rc:SpanishColonialArchitecturalStyle,rdfs:subClassOf,rc:ArchitecturalTypeByStyle
rc:SpanishColonialArchitecturalStyle,rdfs:subClassOf,owl:Thing
rc:YamPlant,rdfs:subClassOf,rc:Dioscoreales
rc:YamPlant,rdfs:subClassOf,owl:Thing
rc:MaleBisexuality,rdfs:subClassOf,rc:BisexualHuman
rc:MaleBisexuality,rdfs:subClassOf,owl:Thing
rc:AVMediaSeriesProduct,rdfs:subClassOf,rc:MediaSeriesProduct
rc:AVMediaSeriesProduct,rdfs:subClassOf,owl:Thing
rc:PrimitiveWeapon,rdfs:subClassOf,rc:Device_UserPowered
rc:PrimitiveWeapon,rdfs:subClassOf,owl:Thing
rc:PaperPackaging,rdfs:subClassOf,rc:PackagingContainerProduct
rc:PaperPackaging,rdfs:subClassOf,owl:Thing
rc:MedicalMarketCategory,rdfs:subClassOf,rc:ProductTypeByMarketCategory
rc:MedicalMarketCategory,rdfs:subClassOf,owl:Thing
rc:HouseFuse,rdfs:subClassOf,rc:Fuse_ElectricalComponent
rc:HouseFuse,rdfs:subClassOf,owl:Thing
rc:EthnicGroupOfAndorrans,rdfs:subClassOf,rc:EthnicGroupOfEuropeans
rc:EthnicGroupOfAndorrans,rdfs:subClassOf,owl:Thing
rc:MusicalMovie,rdfs:subClassOf,rc:PropositionalConceptualWork_MusicalGenre
rc:MusicalMovie,rdfs:subClassOf,owl:Thing
rc:HumanMother,rdfs:subClassOf,rc:AdultFemaleHuman
rc:HumanMother,rdfs:subClassOf,owl:Thing
rc:TypewriterRibbon,rdfs:subClassOf,rc:Device_OfficeProduct_Consumable
rc:TypewriterRibbon,rdfs:subClassOf,owl:Thing
rc:HotTub,rdfs:subClassOf,rc:Tub
rc:HotTub,rdfs:subClassOf,owl:Thing
rc:ElectricPowerGrid,rdfs:subClassOf,rc:ConnectedPhysicalPathSystem
rc:ElectricPowerGrid,rdfs:subClassOf,owl:Thing
rc:EthnicGroupOfIrianese,rdfs:subClassOf,rc:EthnicGroupOfPapuans
rc:EthnicGroupOfIrianese,rdfs:subClassOf,owl:Thing
rc:HumanTypeBySexualOrientation,rdfs:subClassOf,rc:PersonalQuantity
rc:HumanTypeBySexualOrientation,rdfs:subClassOf,owl:Thing
rc:Bag,rdfs:subClassOf,rc:NonPoweredDevice
rc:Bag,rdfs:subClassOf,owl:Thing
rc:SpaceFlownLife,rdfs:subClassOf,rc:SpaceMission
rc:SpaceFlownLife,rdfs:subClassOf,owl:Thing
rc:RandomFrequency,rdfs:subClassOf,rc:NonNumericScalarQuantity
rc:RandomFrequency,rdfs:subClassOf,owl:Thing
rc:SodiumBisulfate,rdfs:subClassOf,rc:InorganicSalt
rc:SodiumBisulfate,rdfs:subClassOf,owl:Thing
rc:SilkFlower,rdfs:subClassOf,rc:Model_Artifact
rc:SilkFlower,rdfs:subClassOf,owl:Thing
rc:CutFlower,rdfs:subClassOf,rc:Flower_BotanicalPart
rc:CutFlower,rdfs:subClassOf,owl:Thing
rc:InkJetCartridge,rdfs:subClassOf,rc:ContainerArtifact
rc:InkJetCartridge,rdfs:subClassOf,owl:Thing
rc:LifePreserver,rdfs:subClassOf,rc:NonPoweredDevice
rc:LifePreserver,rdfs:subClassOf,owl:Thing
rc:Leeway,rdfs:subClassOf,rc:NonNumericScalarQuantity
rc:Leeway,rdfs:subClassOf,owl:Thing
rc:Wealth,rdfs:subClassOf,rc:EconomicalQuantity
rc:Wealth,rdfs:subClassOf,owl:Thing
rc:Vampire,rdfs:subClassOf,rc:MythologicalMonster
rc:Vampire,rdfs:subClassOf,owl:Thing
rc:LimeTree,rdfs:subClassOf,rc:Rutaceae
rc:LimeTree,rdfs:subClassOf,owl:Thing
rc:Ricin,rdfs:subClassOf,rc:BiologicalToxin
rc:Ricin,rdfs:subClassOf,owl:Thing
rc:ElectromechanicalEngineering,rdfs:subClassOf,rc:ElectricalEngineeringField
rc:ElectromechanicalEngineering,rdfs:subClassOf,owl:Thing
rc:Yazidi,rdfs:subClassOf,rc:EthnicGroupOfKurds
rc:Yazidi,rdfs:subClassOf,owl:Thing
rc:SparkPlugWire,rdfs:subClassOf,rc:AutoPart
rc:SparkPlugWire,rdfs:subClassOf,owl:Thing
rc:PowerLine,rdfs:subClassOf,rc:ElectricalComponent
rc:PowerLine,rdfs:subClassOf,rc:PowerDistribution
rc:PowerLine,rdfs:subClassOf,owl:Thing
rc:BendingBrake,rdfs:subClassOf,rc:IndustrialDevice
rc:BendingBrake,rdfs:subClassOf,rc:MechanicalDevice
rc:BendingBrake,rdfs:subClassOf,owl:Thing
rc:Card,rdfs:subClassOf,rc:TextuallySpecificWork
rc:Card,rdfs:subClassOf,owl:Thing
rc:Filesystem,rdfs:subClassOf,rc:ComputerAsSystem
rc:Filesystem,rdfs:subClassOf,owl:Thing
rc:StringSearchAlgorithm,rdfs:subClassOf,rc:Algorithm
rc:StringSearchAlgorithm,rdfs:subClassOf,owl:Thing
rc:ProcessService,rdfs:subClassOf,rc:LegalProcess
rc:ProcessService,rdfs:subClassOf,owl:Thing
rc:Wizard,rdfs:subClassOf,rc:MythologicalCreature
rc:Wizard,rdfs:subClassOf,rc:SupernaturalBeing
rc:Wizard,rdfs:subClassOf,owl:Thing
rc:AlarmDevice,rdfs:subClassOf,rc:PoweredDevice
rc:AlarmDevice,rdfs:subClassOf,rc:TriggerableDevice
rc:AlarmDevice,rdfs:subClassOf,owl:Thing
rc:CommonSense,rdfs:subClassOf,rc:NonAspectualQuantity
rc:CommonSense,rdfs:subClassOf,rc:PersonalQuantity
rc:CommonSense,rdfs:subClassOf,owl:Thing
rc:IndustrialHeritageAnchorPointEuropeanRoute,rdfs:subClassOf,rc:IndustrialArchaeology
rc:IndustrialHeritageAnchorPointEuropeanRoute,rdfs:subClassOf,owl:Thing
rc:MechanicalAutoPart,rdfs:subClassOf,rc:MechanicalDevice
rc:MechanicalAutoPart,rdfs:subClassOf,owl:Thing
rc:WorldWideWebPage,rdfs:subClassOf,rc:PublishedConceptualWork
rc:WorldWideWebPage,rdfs:subClassOf,owl:Thing
rc:EthnicKazakhPeople,rdfs:subClassOf,rc:EthnicGroupOfTurks
rc:EthnicKazakhPeople,rdfs:subClassOf,owl:Thing
rc:SwimmingRecord,rdfs:subClassOf,rc:SportsRecord
rc:SwimmingRecord,rdfs:subClassOf,owl:Thing
rc:GrapefruitTree,rdfs:subClassOf,rc:Rutaceae
rc:GrapefruitTree,rdfs:subClassOf,owl:Thing
rc:Lapse,rdfs:subClassOf,rc:Shortage
rc:Lapse,rdfs:subClassOf,owl:Thing
rc:BreakwaterStructure,rdfs:subClassOf,rc:ArtificialWaterFeature_POI
rc:BreakwaterStructure,rdfs:subClassOf,rc:FlowControlDevice
rc:BreakwaterStructure,rdfs:subClassOf,rc:InertArtifact
rc:BreakwaterStructure,rdfs:subClassOf,rc:PublicWorks
rc:BreakwaterStructure,rdfs:subClassOf,owl:Thing
rc:SupermanCharacter,rdfs:subClassOf,rc:FictionalHuman
rc:SupermanCharacter,rdfs:subClassOf,owl:Thing
rc:PsychiatricRestraint,rdfs:subClassOf,rc:Restraint_PhysicalDevice
rc:PsychiatricRestraint,rdfs:subClassOf,owl:Thing
rc:Feeder,rdfs:subClassOf,rc:SinglePurposeDevice
rc:Feeder,rdfs:subClassOf,owl:Thing
rc:Nitroglycerine,rdfs:subClassOf,rc:HighExplosive
rc:Nitroglycerine,rdfs:subClassOf,owl:Thing
rc:LithuanianChildren,rdfs:subClassOf,rc:EthnicGroupOfLithuanians
rc:LithuanianChildren,rdfs:subClassOf,owl:Thing
rc:Divination,rdfs:subClassOf,rc:Paranormal
rc:Divination,rdfs:subClassOf,owl:Thing
rc:StreetSystem,rdfs:subClassOf,rc:RoadSystem
rc:StreetSystem,rdfs:subClassOf,owl:Thing
rc:Bigfoot,rdfs:subClassOf,rc:CoveredWithHair
rc:Bigfoot,rdfs:subClassOf,rc:LegendaryCreature
rc:Bigfoot,rdfs:subClassOf,owl:Thing
rc:BiedermeierArchitecture,rdfs:subClassOf,rc:ArchitecturalTypeByStyle
rc:BiedermeierArchitecture,rdfs:subClassOf,owl:Thing
rc:LaundrySuppliesMarketCategory,rdfs:subClassOf,rc:ProductTypeByMarketCategory
rc:LaundrySuppliesMarketCategory,rdfs:subClassOf,owl:Thing
rc:OpticalMarketCategory,rdfs:subClassOf,rc:ProductTypeByMarketCategory
rc:OpticalMarketCategory,rdfs:subClassOf,owl:Thing
rc:Coffin,rdfs:subClassOf,rc:StorageConstruct
rc:Coffin,rdfs:subClassOf,owl:Thing
rc:PottyChair,rdfs:subClassOf,rc:FluidReservoir
rc:PottyChair,rdfs:subClassOf,rc:SeatingDevice
rc:PottyChair,rdfs:subClassOf,owl:Thing
rc:MonegasquePeople,rdfs:subClassOf,rc:EthnicGroupOfEuropeans
rc:MonegasquePeople,rdfs:subClassOf,owl:Thing
rc:TransmitProtocol,rdfs:subClassOf,rc:CommunicationProtocol
rc:TransmitProtocol,rdfs:subClassOf,owl:Thing
rc:PossibleFictionalHuman,rdfs:subClassOf,rc:FictionalHuman
rc:PossibleFictionalHuman,rdfs:subClassOf,owl:Thing
rc:ThomasJefferson,rdfs:subClassOf,rc:Statesman
rc:ThomasJefferson,rdfs:subClassOf,rc:UnitedStatesPresident
rc:ThomasJefferson,rdfs:subClassOf,owl:Thing
rc:TrainEngine,rdfs:subClassOf,rc:FuelPoweredDevice
rc:TrainEngine,rdfs:subClassOf,owl:Thing
rc:BrassInstrumentPlayer,rdfs:subClassOf,rc:MusicalInstrumentPlayer
rc:BrassInstrumentPlayer,rdfs:subClassOf,owl:Thing
rc:Freight,rdfs:subClassOf,rc:Goods
rc:Freight,rdfs:subClassOf,owl:Thing
rc:AnimalTesting,rdfs:subClassOf,rc:Bioethics
rc:AnimalTesting,rdfs:subClassOf,owl:Thing
rc:BalletDancer,rdfs:subClassOf,rc:Dancer_Performer
rc:BalletDancer,rdfs:subClassOf,owl:Thing
rc:Dalek_FictionalMutants,rdfs:subClassOf,rc:Fictional_Mutant
rc:Dalek_FictionalMutants,rdfs:subClassOf,owl:Thing
rc:UNSPSC,rdfs:subClassOf,rc:IDString
rc:UNSPSC,rdfs:subClassOf,owl:Thing
rc:SupportRocker,rdfs:subClassOf,rc:KineticEnergyPoweredDevice
rc:SupportRocker,rdfs:subClassOf,owl:Thing
rc:ProposedCurrency,rdfs:subClassOf,rc:Proposal
rc:ProposedCurrency,rdfs:subClassOf,owl:Thing
rc:Quarterly,rdfs:subClassOf,rc:NonNumericScalarQuantity
rc:Quarterly,rdfs:subClassOf,owl:Thing
rc:MathematicalQuantization,rdfs:subClassOf,rc:MathematicalPhysics
rc:MathematicalQuantization,rdfs:subClassOf,owl:Thing
rc:PowerSander,rdfs:subClassOf,rc:ElectricalTool
rc:PowerSander,rdfs:subClassOf,owl:Thing
rc:Compression_Physics,rdfs:subClassOf,rc:Compressibility
rc:Compression_Physics,rdfs:subClassOf,owl:Thing
rc:KurdishDiaspora,rdfs:subClassOf,rc:Diaspora
rc:KurdishDiaspora,rdfs:subClassOf,rc:EthnicGroupOfKurds
rc:KurdishDiaspora,rdfs:subClassOf,owl:Thing
rc:EthnicGroupOfBeja,rdfs:subClassOf,rc:EthnicGroupOfAfricans
rc:EthnicGroupOfBeja,rdfs:subClassOf,owl:Thing
rc:EthnicGroupOfCherokees,rdfs:subClassOf,rc:EthnicGroupOfNorthAmericanNatives
rc:EthnicGroupOfCherokees,rdfs:subClassOf,owl:Thing
rc:LimeJuice,rdfs:subClassOf,rc:SourTaste
rc:LimeJuice,rdfs:subClassOf,owl:Thing
rc:NeoHistorism,rdfs:subClassOf,rc:NeoclassicArchitecturalStyle
rc:NeoHistorism,rdfs:subClassOf,owl:Thing
rc:SuspenseMovie,rdfs:subClassOf,rc:PropositionalConceptualWork_SuspenseGenre
rc:SuspenseMovie,rdfs:subClassOf,owl:Thing
rc:WalnutTree,rdfs:subClassOf,rc:Juglandaceae
rc:WalnutTree,rdfs:subClassOf,owl:Thing
rc:Witch,rdfs:subClassOf,rc:FemaleHuman
rc:Witch,rdfs:subClassOf,rc:Fictional_FemaleHuman
rc:Witch,rdfs:subClassOf,rc:MythologicalCreature
rc:Witch,rdfs:subClassOf,owl:Thing
rc:Simjurid,rdfs:subClassOf,rc:EthnicGroupOfTurks
rc:Simjurid,rdfs:subClassOf,owl:Thing
rc:EthnicGroupOfRais,rdfs:subClassOf,rc:EthnicGroupOfNepalese
rc:EthnicGroupOfRais,rdfs:subClassOf,rc:EthnicGroupOfSouthAsians
rc:EthnicGroupOfRais,rdfs:subClassOf,owl:Thing
rc:CharlesPrinceOfWales,rdfs:subClassOf,rc:Prince
rc:CharlesPrinceOfWales,rdfs:subClassOf,owl:Thing
rc:SocialPower,rdfs:subClassOf,rc:NonAspectualQuantity
rc:SocialPower,rdfs:subClassOf,rc:PersonalQuantity
rc:SocialPower,rdfs:subClassOf,rc:SocialQuantity
rc:SocialPower,rdfs:subClassOf,owl:Thing
rc:Mutagenicity,rdfs:subClassOf,rc:BiologicalQuantity
rc:Mutagenicity,rdfs:subClassOf,owl:Thing
rc:VacuumGauge,rdfs:subClassOf,rc:VehicleTestingMeasuringEquipment
rc:VacuumGauge,rdfs:subClassOf,owl:Thing
rc:IonianRevolt,rdfs:subClassOf,rc:MilitaryHistoryOfAncientGreece
rc:IonianRevolt,rdfs:subClassOf,owl:Thing
rc:Lombard,rdfs:subClassOf,rc:EthnicGroupOfGermans
rc:Lombard,rdfs:subClassOf,owl:Thing
rc:ElectricalLightingDevice,rdfs:subClassOf,rc:ElectricalDevice
rc:ElectricalLightingDevice,rdfs:subClassOf,rc:LightingDevice
rc:ElectricalLightingDevice,rdfs:subClassOf,owl:Thing
rc:EthylTert_butylEther,rdfs:subClassOf,rc:FuelOxygenate
rc:EthylTert_butylEther,rdfs:subClassOf,owl:Thing
rc:Surveillance,rdfs:subClassOf,rc:PrivacyLevel
rc:Surveillance,rdfs:subClassOf,owl:Thing
rc:BatteryCharger,rdfs:subClassOf,rc:BatteryCell
rc:BatteryCharger,rdfs:subClassOf,rc:BatteryPoweredDevice
rc:BatteryCharger,rdfs:subClassOf,rc:GeneralAutoMarketCategory
rc:BatteryCharger,rdfs:subClassOf,rc:OtherDomesticHouseholdAppliance
rc:BatteryCharger,rdfs:subClassOf,rc:PowerSystemDevice
rc:BatteryCharger,rdfs:subClassOf,owl:Thing
rc:KnowHow_AgentCapacityQuantity,rdfs:subClassOf,rc:AgentCapacityQuantity
rc:KnowHow_AgentCapacityQuantity,rdfs:subClassOf,owl:Thing
rc:BloodTypeB,rdfs:subClassOf,rc:BloodType
rc:BloodTypeB,rdfs:subClassOf,owl:Thing
rc:AncientGreekArchitecture,rdfs:subClassOf,rc:GreekArchitecturalStyle
rc:AncientGreekArchitecture,rdfs:subClassOf,owl:Thing
rc:PalladianArchitecture,rdfs:subClassOf,rc:NeoclassicArchitecturalStyle
rc:PalladianArchitecture,rdfs:subClassOf,owl:Thing
rc:FanMechanism_Electrical,rdfs:subClassOf,rc:Machinery
rc:FanMechanism_Electrical,rdfs:subClassOf,rc:MechanicalDevice
rc:FanMechanism_Electrical,rdfs:subClassOf,owl:Thing
rc:SoftwareObject,rdfs:subClassOf,rc:Technology_Artifact
rc:SoftwareObject,rdfs:subClassOf,owl:Thing
rc:PetroleumProduct,rdfs:subClassOf,rc:PetroleumBasedProduct
rc:PetroleumProduct,rdfs:subClassOf,owl:Thing
rc:AsianDiaspora,rdfs:subClassOf,rc:Diaspora
rc:AsianDiaspora,rdfs:subClassOf,rc:EthnicGroupOfAsians
rc:AsianDiaspora,rdfs:subClassOf,owl:Thing
rc:IslamicHonorific,rdfs:subClassOf,rc:Islam
rc:IslamicHonorific,rdfs:subClassOf,owl:Thing
rc:PreciousStone,rdfs:subClassOf,rc:Gemstone
rc:PreciousStone,rdfs:subClassOf,owl:Thing
rc:Stonehenge_Place,rdfs:subClassOf,rc:UNESCOWorldHertitageSite
rc:Stonehenge_Place,rdfs:subClassOf,owl:Thing
rc:ScottishMen,rdfs:subClassOf,rc:EthnicGroupOfScots
rc:ScottishMen,rdfs:subClassOf,owl:Thing
rc:HenryIIHolyRomanEmperor,rdfs:subClassOf,rc:HolyRomanEmperor
rc:HenryIIHolyRomanEmperor,rdfs:subClassOf,owl:Thing
rc:Ivory,rdfs:subClassOf,rc:AnimalProduct
rc:Ivory,rdfs:subClassOf,owl:Thing
rc:LinearAccelerationVector,rdfs:subClassOf,rc:VectorInterval
rc:LinearAccelerationVector,rdfs:subClassOf,owl:Thing
rc:SystemOfMeasure,rdfs:subClassOf,rc:UnitOfMeasureConcept
rc:SystemOfMeasure,rdfs:subClassOf,owl:Thing
rc:DianaPrincessOfWales,rdfs:subClassOf,rc:Princess
rc:DianaPrincessOfWales,rdfs:subClassOf,owl:Thing
rc:FijianMen,rdfs:subClassOf,rc:EthnicGroupOfFijians
rc:FijianMen,rdfs:subClassOf,owl:Thing
rc:ScalarProperInterval,rdfs:subClassOf,rc:ScalarInterval
rc:ScalarProperInterval,rdfs:subClassOf,owl:Thing
rc:VXNerveAgent,rdfs:subClassOf,rc:NerveAgentWeapon
rc:VXNerveAgent,rdfs:subClassOf,owl:Thing
rc:ElectromagneticCompatibility,rdfs:subClassOf,rc:ElectromagneticRadiation
rc:ElectromagneticCompatibility,rdfs:subClassOf,owl:Thing
rc:SystemsOfUnits,rdfs:subClassOf,rc:Notation
rc:SystemsOfUnits,rdfs:subClassOf,owl:Thing
rc:SoapDish,rdfs:subClassOf,rc:HousewaresMarketCategory
rc:SoapDish,rdfs:subClassOf,rc:NonPoweredDevice
rc:SoapDish,rdfs:subClassOf,rc:StorageConstruct
rc:SoapDish,rdfs:subClassOf,owl:Thing
rc:Glucose,rdfs:subClassOf,rc:PlantProduct
rc:Glucose,rdfs:subClassOf,owl:Thing
rc:TurkicDiasporaInNorthAmerica,rdfs:subClassOf,rc:TurkicDiaspora
rc:TurkicDiasporaInNorthAmerica,rdfs:subClassOf,owl:Thing
rc:PositionVector,rdfs:subClassOf,rc:VectorInterval
rc:PositionVector,rdfs:subClassOf,owl:Thing
rc:Halo_CircleOfLight,rdfs:subClassOf,rc:VisibleLight
rc:Halo_CircleOfLight,rdfs:subClassOf,owl:Thing
rc:MythologicalGoddess,rdfs:subClassOf,rc:MythologicalCharacter
rc:MythologicalGoddess,rdfs:subClassOf,owl:Thing
rc:OpenSourceComputingHardware,rdfs:subClassOf,rc:OpenSource
rc:OpenSourceComputingHardware,rdfs:subClassOf,owl:Thing
rc:Law_FieldOfStudy,rdfs:subClassOf,rc:FieldOfStudy
rc:Law_FieldOfStudy,rdfs:subClassOf,owl:Thing
rc:DimensionReduction,rdfs:subClassOf,rc:DataMining
rc:DimensionReduction,rdfs:subClassOf,owl:Thing
rc:FoodSecurity,rdfs:subClassOf,rc:Sustainability
rc:FoodSecurity,rdfs:subClassOf,owl:Thing
rc:BanjoPlayer,rdfs:subClassOf,rc:MusicalInstrumentPlayer
rc:BanjoPlayer,rdfs:subClassOf,owl:Thing
rc:Moses,rdfs:subClassOf,rc:FamousHuman
rc:Moses,rdfs:subClassOf,owl:Thing
rc:AutomobileTypeByBodyStyle,rdfs:subClassOf,rc:StyleAttribute
rc:AutomobileTypeByBodyStyle,rdfs:subClassOf,owl:Thing
rc:Zakarids,rdfs:subClassOf,rc:EthnicGroupOfKurds
rc:Zakarids,rdfs:subClassOf,owl:Thing
rc:SomethingToWear,rdfs:subClassOf,rc:ClothingMarketCategory
rc:SomethingToWear,rdfs:subClassOf,rc:Device_SingleUser
rc:SomethingToWear,rdfs:subClassOf,owl:Thing
rc:Hero,rdfs:subClassOf,rc:MaleHuman
rc:Hero,rdfs:subClassOf,owl:Thing
rc:Optoelectronics,rdfs:subClassOf,rc:ElectronicDevice
rc:Optoelectronics,rdfs:subClassOf,owl:Thing
rc:MusicalPerformer,rdfs:subClassOf,rc:Artist_Performer
rc:MusicalPerformer,rdfs:subClassOf,owl:Thing
rc:HouseOfNatoli,rdfs:subClassOf,rc:EthnicGroupOfItalians
rc:HouseOfNatoli,rdfs:subClassOf,owl:Thing
rc:Medal_Physical,rdfs:subClassOf,rc:AwardObject
rc:Medal_Physical,rdfs:subClassOf,rc:Jewelry
rc:Medal_Physical,rdfs:subClassOf,owl:Thing
rc:EconomicsQuantitativeMethod,rdfs:subClassOf,rc:MathematicalMethod
rc:EconomicsQuantitativeMethod,rdfs:subClassOf,owl:Thing
rc:Dolmen,rdfs:subClassOf,rc:Tomb
rc:Dolmen,rdfs:subClassOf,owl:Thing
rc:NewAutoDealerPartsMarketCategory,rdfs:subClassOf,rc:ProductTypeByMarketCategory
rc:NewAutoDealerPartsMarketCategory,rdfs:subClassOf,owl:Thing
rc:EthnicGroupOfEuronesians,rdfs:subClassOf,rc:EthnicGroupOfMixedRace
rc:EthnicGroupOfEuronesians,rdfs:subClassOf,rc:EthnicGroupOfPacificIslanders
rc:EthnicGroupOfEuronesians,rdfs:subClassOf,owl:Thing
rc:Einsteinium,rdfs:subClassOf,rc:TransuraniumElement
rc:Einsteinium,rdfs:subClassOf,owl:Thing
rc:SafetyDevice,rdfs:subClassOf,rc:DeviceTypeByFunction
rc:SafetyDevice,rdfs:subClassOf,owl:Thing
rc:RomanianJew,rdfs:subClassOf,rc:AshkenaziJews
rc:RomanianJew,rdfs:subClassOf,owl:Thing
rc:CorrectionMedia,rdfs:subClassOf,rc:Desk_Accessory
rc:CorrectionMedia,rdfs:subClassOf,owl:Thing
rc:HypochlorousAcid,rdfs:subClassOf,rc:InorganicAcid
rc:HypochlorousAcid,rdfs:subClassOf,owl:Thing
rc:ConstructionContainer,rdfs:subClassOf,rc:ContainerArtifact
rc:ConstructionContainer,rdfs:subClassOf,owl:Thing
rc:ElectricalConduit,rdfs:subClassOf,rc:PowerSystemDevice
rc:ElectricalConduit,rdfs:subClassOf,owl:Thing
rc:LeaseDocument,rdfs:subClassOf,rc:Form_StandardizedIBO
rc:LeaseDocument,rdfs:subClassOf,owl:Thing
rc:Prostitution,rdfs:subClassOf,rc:HumanSexualBehavior
rc:Prostitution,rdfs:subClassOf,rc:PersonalCareService
rc:Prostitution,rdfs:subClassOf,owl:Thing
rc:TensileForceQuantity,rdfs:subClassOf,rc:ForceQuantity
rc:TensileForceQuantity,rdfs:subClassOf,owl:Thing
rc:ChildrensTVShow,rdfs:subClassOf,rc:PropositionalConceptualWork_ChildrensNarrativeGenre
rc:ChildrensTVShow,rdfs:subClassOf,owl:Thing
rc:SpanishMen,rdfs:subClassOf,rc:EthnicGroupOfSpain
rc:SpanishMen,rdfs:subClassOf,owl:Thing
rc:Elasticity,rdfs:subClassOf,rc:DispositionalQuantity
rc:Elasticity,rdfs:subClassOf,rc:MultiDimensionalQuantity
rc:Elasticity,rdfs:subClassOf,rc:TangiblePhysicalQuantity
rc:Elasticity,rdfs:subClassOf,owl:Thing
rc:Gentrification,rdfs:subClassOf,rc:HomeImprovement
rc:Gentrification,rdfs:subClassOf,owl:Thing
rc:IndigenousPeople,rdfs:subClassOf,rc:EthnicGroup
rc:IndigenousPeople,rdfs:subClassOf,owl:Thing
rc:InfraredRadiation,rdfs:subClassOf,rc:ElectromagneticRadiation
rc:InfraredRadiation,rdfs:subClassOf,owl:Thing
rc:EthnicGroupOfAkan,rdfs:subClassOf,rc:EthnicGroupOfAfricans
rc:EthnicGroupOfAkan,rdfs:subClassOf,owl:Thing
rc:Tableware,rdfs:subClassOf,rc:NonPoweredDevice
rc:Tableware,rdfs:subClassOf,owl:Thing
rc:SportsGame,rdfs:subClassOf,rc:Game
rc:SportsGame,rdfs:subClassOf,rc:Sport
rc:SportsGame,rdfs:subClassOf,owl:Thing
rc:UnitOfMeasure,rdfs:subClassOf,rc:Quantity
rc:UnitOfMeasure,rdfs:subClassOf,owl:Thing
rc:Aquarium,rdfs:subClassOf,rc:AnimalHabitat
rc:Aquarium,rdfs:subClassOf,rc:LiquidStorageTank
rc:Aquarium,rdfs:subClassOf,owl:Thing
rc:MP3File,rdfs:subClassOf,rc:ComputerSoundFile
rc:MP3File,rdfs:subClassOf,owl:Thing
rc:KingFerdinandVII,rdfs:subClassOf,rc:King_HeadOfState
rc:KingFerdinandVII,rdfs:subClassOf,owl:Thing
rc:LamontBentley,rdfs:subClassOf,rc:Actor
rc:LamontBentley,rdfs:subClassOf,rc:MaleHuman
rc:LamontBentley,rdfs:subClassOf,owl:Thing
rc:MDMA_TheStimulant,rdfs:subClassOf,rc:Stimulant
rc:MDMA_TheStimulant,rdfs:subClassOf,owl:Thing
rc:IroquoisCulture,rdfs:subClassOf,rc:Iroquois_EthnicGroupOfNewWorldNatives
rc:IroquoisCulture,rdfs:subClassOf,owl:Thing
rc:HemshinPeople,rdfs:subClassOf,rc:EthnicGroupOfArmenians
rc:HemshinPeople,rdfs:subClassOf,owl:Thing
rc:PubicHair,rdfs:subClassOf,rc:HumanTypeByHairstyle
rc:PubicHair,rdfs:subClassOf,owl:Thing
rc:MunitionsDepot,rdfs:subClassOf,rc:StorageConstruct
rc:MunitionsDepot,rdfs:subClassOf,owl:Thing
rc:FlemishDiaspora,rdfs:subClassOf,rc:Diaspora
rc:FlemishDiaspora,rdfs:subClassOf,rc:EthnicGroupOfFlemish
rc:FlemishDiaspora,rdfs:subClassOf,owl:Thing
rc:WaterAndTheEnvironment,rdfs:subClassOf,rc:EnvironmentalImpact
rc:WaterAndTheEnvironment,rdfs:subClassOf,owl:Thing
kko:Information,rdfs:subClassOf,kko:Symbolic
kko:Information,rdfs:subClassOf,owl:Thing
rc:BroadcastMediaShow,rdfs:subClassOf,rc:PropositionalConceptualWork
rc:BroadcastMediaShow,rdfs:subClassOf,owl:Thing
rc:GameArtificialIntelligence,rdfs:subClassOf,rc:GameTheory
rc:GameArtificialIntelligence,rdfs:subClassOf,owl:Thing
rc:QuantumOptics,rdfs:subClassOf,rc:Optics
rc:QuantumOptics,rdfs:subClassOf,owl:Thing
rc:SintiPeople,rdfs:subClassOf,rc:EthnicGroupOfRom_Gypsy
rc:SintiPeople,rdfs:subClassOf,owl:Thing
rc:BariumChloride,rdfs:subClassOf,rc:InorganicHalide
rc:BariumChloride,rdfs:subClassOf,owl:Thing
rc:Hematology,rdfs:subClassOf,rc:Blood
rc:Hematology,rdfs:subClassOf,owl:Thing
rc:MagnesiumCarbonate,rdfs:subClassOf,rc:InorganicSalt
rc:MagnesiumCarbonate,rdfs:subClassOf,owl:Thing
rc:SlavicPeople,rdfs:subClassOf,rc:EthnicGroupOfEuropeans
rc:SlavicPeople,rdfs:subClassOf,owl:Thing
rc:FirstNationsInSaskatchewan,rdfs:subClassOf,rc:IndigenousPeoplesOfTheAmericas
rc:FirstNationsInSaskatchewan,rdfs:subClassOf,owl:Thing
rc:LegendaryCreature,rdfs:subClassOf,rc:MythologicalCreature
rc:LegendaryCreature,rdfs:subClassOf,owl:Thing
rc:BottledProduct,rdfs:subClassOf,rc:PackagedProduct
rc:BottledProduct,rdfs:subClassOf,owl:Thing
rc:BBCCountryProfile,rdfs:subClassOf,rc:PublishedConceptualWork
rc:BBCCountryProfile,rdfs:subClassOf,owl:Thing
rc:TheatreCriticism,rdfs:subClassOf,rc:PropositionalConceptualWork_LiteraryCriticismGenre
rc:TheatreCriticism,rdfs:subClassOf,owl:Thing
rc:Volume,rdfs:subClassOf,rc:CubicQuantity
rc:Volume,rdfs:subClassOf,rc:NonAspectualQuantity
rc:Volume,rdfs:subClassOf,rc:SpatialQuantity
rc:Volume,rdfs:subClassOf,owl:Thing
rc:GermanLanguageEducation,rdfs:subClassOf,rc:LanguageEducation
rc:GermanLanguageEducation,rdfs:subClassOf,owl:Thing
rc:Skateboard,rdfs:subClassOf,rc:Device_UserControlled
rc:Skateboard,rdfs:subClassOf,rc:Device_UserPowered
rc:Skateboard,rdfs:subClassOf,owl:Thing
rc:LuggageTag,rdfs:subClassOf,rc:TravelAccessory
rc:LuggageTag,rdfs:subClassOf,owl:Thing
rc:ProselytizingActivity,rdfs:subClassOf,rc:ReligiousActivity
rc:ProselytizingActivity,rdfs:subClassOf,owl:Thing
rc:Cosmogony,rdfs:subClassOf,rc:Astronomy
rc:Cosmogony,rdfs:subClassOf,owl:Thing
rc:Temperature,rdfs:subClassOf,rc:NonAspectualQuantity
rc:Temperature,rdfs:subClassOf,rc:OneDimensionalQuantity
rc:Temperature,rdfs:subClassOf,rc:TangiblePhysicalQuantity
rc:Temperature,rdfs:subClassOf,owl:Thing
rc:RandomMatrix,rdfs:subClassOf,rc:MathematicalPhysics
rc:RandomMatrix,rdfs:subClassOf,rc:StatisticalMechanics
rc:RandomMatrix,rdfs:subClassOf,owl:Thing
rc:AmericanCulture,rdfs:subClassOf,rc:AmericanStudies
rc:AmericanCulture,rdfs:subClassOf,owl:Thing
rc:StorageRoom,rdfs:subClassOf,rc:ConstructionContainer
rc:StorageRoom,rdfs:subClassOf,rc:MaterialContainer
rc:StorageRoom,rdfs:subClassOf,rc:StorageConstruct
rc:StorageRoom,rdfs:subClassOf,owl:Thing
rc:TheatricalCharacter,rdfs:subClassOf,rc:FictionalCharacter
rc:TheatricalCharacter,rdfs:subClassOf,owl:Thing
rc:Silhouette_ShadedRegion,rdfs:subClassOf,rc:Shadow
rc:Silhouette_ShadedRegion,rdfs:subClassOf,owl:Thing
rc:PersonnelRecord,rdfs:subClassOf,rc:Dataset
rc:PersonnelRecord,rdfs:subClassOf,owl:Thing
rc:JediKnight,rdfs:subClassOf,rc:MovieCharacter
rc:JediKnight,rdfs:subClassOf,owl:Thing
rc:Iroquois_EthnicGroupOfNewWorldNatives,rdfs:subClassOf,rc:EthnicGroupOfNewWorldNatives
rc:Iroquois_EthnicGroupOfNewWorldNatives,rdfs:subClassOf,owl:Thing
rc:EthnicGroupOfIbo,rdfs:subClassOf,rc:EthnicGroupOfAfricans
rc:EthnicGroupOfIbo,rdfs:subClassOf,owl:Thing
rc:GardenOfEden,rdfs:subClassOf,rc:MythologicalPlace
rc:GardenOfEden,rdfs:subClassOf,owl:Thing
rc:NonEdibleAnimalProduct,rdfs:subClassOf,rc:AgriculturalCommodity
rc:NonEdibleAnimalProduct,rdfs:subClassOf,owl:Thing
rc:EcologicalMetric,rdfs:subClassOf,rc:Ecology
rc:EcologicalMetric,rdfs:subClassOf,rc:Sustainability
rc:EcologicalMetric,rdfs:subClassOf,owl:Thing
rc:MongolPeople,rdfs:subClassOf,rc:EthnicGroupOfAsians
rc:MongolPeople,rdfs:subClassOf,owl:Thing
rc:Number_Scientific,rdfs:subClassOf,rc:Number_Extended
rc:Number_Scientific,rdfs:subClassOf,owl:Thing
rc:CarbonMonoxide,rdfs:subClassOf,rc:NoOdor
rc:CarbonMonoxide,rdfs:subClassOf,rc:ToxicGas
rc:CarbonMonoxide,rdfs:subClassOf,owl:Thing
rc:SailTraining,rdfs:subClassOf,rc:Sailing
rc:SailTraining,rdfs:subClassOf,owl:Thing
rc:ReligiousBuilding,rdfs:subClassOf,rc:PlaceOfWorship
rc:ReligiousBuilding,rdfs:subClassOf,owl:Thing
rc:EspressoMachine,rdfs:subClassOf,rc:CoffeeGrinder
rc:EspressoMachine,rdfs:subClassOf,owl:Thing
rc:RecipeCopy,rdfs:subClassOf,rc:HumanAccessibleIBT
rc:RecipeCopy,rdfs:subClassOf,owl:Thing
rc:CampingStove,rdfs:subClassOf,rc:HeatingDevice
rc:CampingStove,rdfs:subClassOf,owl:Thing
rc:OlympicRecord,rdfs:subClassOf,rc:SportsRecord
rc:OlympicRecord,rdfs:subClassOf,owl:Thing
rc:IceCreamTruck,rdfs:subClassOf,rc:Van
rc:IceCreamTruck,rdfs:subClassOf,owl:Thing
rc:HmongPeople,rdfs:subClassOf,rc:EthnicGroupOfAsians
rc:HmongPeople,rdfs:subClassOf,owl:Thing
rc:Ratio,rdfs:subClassOf,rc:RealNumber
rc:Ratio,rdfs:subClassOf,owl:Thing
rc:DryDogFood,rdfs:subClassOf,rc:DogFood
rc:DryDogFood,rdfs:subClassOf,owl:Thing
rc:Centrifuge,rdfs:subClassOf,rc:IndustrialDevice
rc:Centrifuge,rdfs:subClassOf,owl:Thing
rc:AlcoholicBeverage,rdfs:subClassOf,rc:ArtificialDrink
rc:AlcoholicBeverage,rdfs:subClassOf,rc:LuxuryItem
rc:AlcoholicBeverage,rdfs:subClassOf,owl:Thing
rc:ArtificialChristmasTree,rdfs:subClassOf,rc:NonPoweredDevice
rc:ArtificialChristmasTree,rdfs:subClassOf,owl:Thing
rc:MotorcycleSeat,rdfs:subClassOf,rc:SeatingDevice
rc:MotorcycleSeat,rdfs:subClassOf,owl:Thing
rc:HydrogenSulfide,rdfs:subClassOf,rc:InorganicGas
rc:HydrogenSulfide,rdfs:subClassOf,rc:ToxicGas
rc:HydrogenSulfide,rdfs:subClassOf,owl:Thing
rc:QuantityType,rdfs:subClassOf,rc:Quantity
rc:QuantityType,rdfs:subClassOf,owl:Thing
rc:KingGeorgeI,rdfs:subClassOf,rc:King_HeadOfState
rc:KingGeorgeI,rdfs:subClassOf,owl:Thing
rc:OrnithologicalEquipmentOrMethod,rdfs:subClassOf,rc:Ornithology
rc:OrnithologicalEquipmentOrMethod,rdfs:subClassOf,owl:Thing
rc:GeneticVariation,rdfs:subClassOf,rc:MeasurableQuantity
rc:GeneticVariation,rdfs:subClassOf,rc:NonAspectualQuantity
rc:GeneticVariation,rdfs:subClassOf,owl:Thing
rc:PocketProtector,rdfs:subClassOf,rc:ProtectiveSystem
rc:PocketProtector,rdfs:subClassOf,owl:Thing
rc:Tumulus,rdfs:subClassOf,rc:Earthwork
rc:Tumulus,rdfs:subClassOf,rc:Gravesite
rc:Tumulus,rdfs:subClassOf,owl:Thing
rc:AirplaneFuselage,rdfs:subClassOf,rc:MechanicalDevice
rc:AirplaneFuselage,rdfs:subClassOf,owl:Thing
rc:BasePairing,rdfs:subClassOf,rc:HydrogenBonding
rc:BasePairing,rdfs:subClassOf,owl:Thing
rc:Crossword_IBO,rdfs:subClassOf,rc:SinglePurposeDevice
rc:Crossword_IBO,rdfs:subClassOf,owl:Thing
rc:Herbicide,rdfs:subClassOf,rc:FertilizerPlantNutrientHerbicide
rc:Herbicide,rdfs:subClassOf,owl:Thing
rc:BeardedWomen,rdfs:subClassOf,rc:AndrogynousPerson
rc:BeardedWomen,rdfs:subClassOf,owl:Thing
rc:CellularRespiration,rdfs:subClassOf,rc:MultiStepRedoxReaction
rc:CellularRespiration,rdfs:subClassOf,owl:Thing
rc:Timeshare,rdfs:subClassOf,rc:LeaseRentalOfPropertyBuilding
rc:Timeshare,rdfs:subClassOf,owl:Thing
rc:EthnicGroupOfRakhine,rdfs:subClassOf,rc:EthnicGroupOfEastAsians
rc:EthnicGroupOfRakhine,rdfs:subClassOf,owl:Thing
rc:CareerAdviceService,rdfs:subClassOf,rc:HumanResourcesService
rc:CareerAdviceService,rdfs:subClassOf,owl:Thing
rc:VirtualLearningEnvironment,rdfs:subClassOf,rc:EducationalComputerProgram
rc:VirtualLearningEnvironment,rdfs:subClassOf,owl:Thing
rc:WirelessRouter,rdfs:subClassOf,rc:WirelessCommunicationDevice
rc:WirelessRouter,rdfs:subClassOf,owl:Thing
rc:PointSet,rdfs:subClassOf,rc:EquidimensionalSpaceRegionSet
rc:PointSet,rdfs:subClassOf,owl:Thing
rc:USHighwayRoute,rdfs:subClassOf,rc:TravelRoute_Road
rc:USHighwayRoute,rdfs:subClassOf,owl:Thing
rc:Violinist,rdfs:subClassOf,rc:MusicalInstrumentPlayer
rc:Violinist,rdfs:subClassOf,owl:Thing
rc:QualityControl,rdfs:subClassOf,rc:EngineeringField
rc:QualityControl,rdfs:subClassOf,owl:Thing
rc:Game_EquipmentSet,rdfs:subClassOf,rc:RecreationEquipment
rc:Game_EquipmentSet,rdfs:subClassOf,owl:Thing
rc:LubeGun,rdfs:subClassOf,rc:Tool
rc:LubeGun,rdfs:subClassOf,owl:Thing
rc:HomeTheaterSystem,rdfs:subClassOf,rc:MediaPlayingDevice
rc:HomeTheaterSystem,rdfs:subClassOf,owl:Thing
rc:InfraredImaging,rdfs:subClassOf,rc:Imaging
rc:InfraredImaging,rdfs:subClassOf,rc:InfraredRadiation
rc:InfraredImaging,rdfs:subClassOf,owl:Thing
rc:PleasantOdor,rdfs:subClassOf,rc:Odor
rc:PleasantOdor,rdfs:subClassOf,owl:Thing
rc:BiblicalEpicMovie,rdfs:subClassOf,rc:PropositionalConceptualWork_BiblicalEpicGenre
rc:BiblicalEpicMovie,rdfs:subClassOf,owl:Thing
rc:EMailAccount,rdfs:subClassOf,rc:ComputerAccount
rc:EMailAccount,rdfs:subClassOf,owl:Thing
rc:Morisco,rdfs:subClassOf,rc:EthnicGroupOfAndalusians
rc:Morisco,rdfs:subClassOf,owl:Thing
rc:FeminismAndPornography,rdfs:subClassOf,rc:PornographicMaterial
rc:FeminismAndPornography,rdfs:subClassOf,owl:Thing
rc:Understatement,rdfs:subClassOf,rc:NarrativeModeType
rc:Understatement,rdfs:subClassOf,owl:Thing
rc:HeatPump,rdfs:subClassOf,rc:MechanicalDevice
rc:HeatPump,rdfs:subClassOf,owl:Thing
rc:XRayCrystallography,rdfs:subClassOf,rc:ScientificInstrument
rc:XRayCrystallography,rdfs:subClassOf,owl:Thing
rc:Crutch,rdfs:subClassOf,rc:DeviceWithNoMovingParts
rc:Crutch,rdfs:subClassOf,rc:NonPoweredDevice
rc:Crutch,rdfs:subClassOf,owl:Thing
rc:PakehaMaori,rdfs:subClassOf,rc:EthnicGroupOfMaoris
rc:PakehaMaori,rdfs:subClassOf,owl:Thing
rc:Intertextuality,rdfs:subClassOf,rc:Creativity
rc:Intertextuality,rdfs:subClassOf,owl:Thing
rc:SmokingDevice,rdfs:subClassOf,rc:Collectible
rc:SmokingDevice,rdfs:subClassOf,rc:Device_UserPowered
rc:SmokingDevice,rdfs:subClassOf,rc:LuxuryItem
rc:SmokingDevice,rdfs:subClassOf,owl:Thing
rc:Vest_Bulletproof,rdfs:subClassOf,rc:Vest
rc:Vest_Bulletproof,rdfs:subClassOf,owl:Thing
rc:ElectricalPlug,rdfs:subClassOf,rc:LowVoltageNetwork
rc:ElectricalPlug,rdfs:subClassOf,owl:Thing
rc:TelephoneBody,rdfs:subClassOf,rc:ContainerArtifact
rc:TelephoneBody,rdfs:subClassOf,owl:Thing
rc:Bangiales,rdfs:subClassOf,rc:Rhodophyta
rc:Bangiales,rdfs:subClassOf,owl:Thing
rc:KingLouisXV,rdfs:subClassOf,rc:King_HeadOfState
rc:KingLouisXV,rdfs:subClassOf,owl:Thing
rc:TVShow_IBT,rdfs:subClassOf,rc:TVMediaProduct
rc:TVShow_IBT,rdfs:subClassOf,owl:Thing
rc:Rod,rdfs:subClassOf,rc:Implement
rc:Rod,rdfs:subClassOf,owl:Thing
rc:PaymentSchedule,rdfs:subClassOf,rc:Schedule
rc:PaymentSchedule,rdfs:subClassOf,owl:Thing
rc:PropositionalConceptualWork_Genre,rdfs:subClassOf,rc:GenreTypes
rc:PropositionalConceptualWork_Genre,rdfs:subClassOf,owl:Thing
rc:FogMachine,rdfs:subClassOf,rc:MechanicalDevice
rc:FogMachine,rdfs:subClassOf,owl:Thing
rc:Mistletoe,rdfs:subClassOf,rc:Santalaceae
rc:Mistletoe,rdfs:subClassOf,owl:Thing
rc:RottenOdor,rdfs:subClassOf,rc:FoulOdor
rc:RottenOdor,rdfs:subClassOf,owl:Thing
rc:InstructionalWork,rdfs:subClassOf,rc:ReferenceWork_Written
rc:InstructionalWork,rdfs:subClassOf,owl:Thing
rc:IncendiaryDevice,rdfs:subClassOf,rc:CombustionDevice
rc:IncendiaryDevice,rdfs:subClassOf,rc:MechanicalDevice
rc:IncendiaryDevice,rdfs:subClassOf,rc:PoweredDevice
rc:IncendiaryDevice,rdfs:subClassOf,owl:Thing
rc:SteamPower,rdfs:subClassOf,rc:Power
rc:SteamPower,rdfs:subClassOf,owl:Thing
rc:BallBearing,rdfs:subClassOf,rc:DeviceWithNoMovingParts
rc:BallBearing,rdfs:subClassOf,owl:Thing
rc:HumanWithMulletHairstyle,rdfs:subClassOf,rc:HumanTypeByHairstyle
rc:HumanWithMulletHairstyle,rdfs:subClassOf,owl:Thing
rc:Overalls,rdfs:subClassOf,rc:Clothing_Bottom
rc:Overalls,rdfs:subClassOf,owl:Thing
rc:EthnicGroupOfKanuri,rdfs:subClassOf,rc:EthnicGroupOfAfricans
rc:EthnicGroupOfKanuri,rdfs:subClassOf,owl:Thing
rc:USBComputerCable,rdfs:subClassOf,rc:Path_InfoTransfer
rc:USBComputerCable,rdfs:subClassOf,owl:Thing
rc:TesticularInfertilityFactor,rdfs:subClassOf,rc:Infertile
rc:TesticularInfertilityFactor,rdfs:subClassOf,owl:Thing
rc:CitySkyline,rdfs:subClassOf,rc:Horizon
rc:CitySkyline,rdfs:subClassOf,owl:Thing
rc:EthnicGroupOfPolynesians,rdfs:subClassOf,rc:EthnicGroupOfPacificIslanders
rc:EthnicGroupOfPolynesians,rdfs:subClassOf,owl:Thing
rc:SpanishEtymology,rdfs:subClassOf,rc:Etymology
rc:SpanishEtymology,rdfs:subClassOf,owl:Thing
rc:PressureGauge,rdfs:subClassOf,rc:PressureMeasuringControlInstrument
rc:PressureGauge,rdfs:subClassOf,owl:Thing
rc:Doughnut,rdfs:subClassOf,rc:SweetTaste
rc:Doughnut,rdfs:subClassOf,owl:Thing
rc:Person_SupportingFurniture,rdfs:subClassOf,rc:Furniture
rc:Person_SupportingFurniture,rdfs:subClassOf,owl:Thing
rc:WordlessNovel,rdfs:subClassOf,rc:Novel
rc:WordlessNovel,rdfs:subClassOf,owl:Thing
rc:NonNumericScalarQuantity,rdfs:subClassOf,rc:ScalarProperInterval
rc:NonNumericScalarQuantity,rdfs:subClassOf,rc:ScalarQuantity
rc:NonNumericScalarQuantity,rdfs:subClassOf,owl:Thing
rc:JuliusCaesar_HistoricPerson,rdfs:subClassOf,rc:Emperor_HeadOfState
rc:JuliusCaesar_HistoricPerson,rdfs:subClassOf,owl:Thing
rc:EthnicGroupOfLangi,rdfs:subClassOf,rc:EthnicGroupOfAfricans
rc:EthnicGroupOfLangi,rdfs:subClassOf,owl:Thing
rc:LawnChair_PieceOfFurniture,rdfs:subClassOf,rc:LawnFurniture
rc:LawnChair_PieceOfFurniture,rdfs:subClassOf,rc:OutdoorFurnitureMarketCategory
rc:LawnChair_PieceOfFurniture,rdfs:subClassOf,owl:Thing
rc:RationalNumber,rdfs:subClassOf,rc:AlgebraicNumber
rc:RationalNumber,rdfs:subClassOf,owl:Thing
rc:ImmigrationLaw,rdfs:subClassOf,rc:LawByType
rc:ImmigrationLaw,rdfs:subClassOf,owl:Thing
rc:Dubnium,rdfs:subClassOf,rc:TransuraniumElement
rc:Dubnium,rdfs:subClassOf,owl:Thing
rc:GoodIdea,rdfs:subClassOf,rc:Idea
rc:GoodIdea,rdfs:subClassOf,owl:Thing
rc:JetPropelledAircraft,rdfs:subClassOf,rc:Container_PressureBarrier
rc:JetPropelledAircraft,rdfs:subClassOf,rc:JetPropelledTransportationDevice
rc:JetPropelledAircraft,rdfs:subClassOf,owl:Thing
rc:VisualDisplayScreen,rdfs:subClassOf,rc:DeviceWithNoMovingParts
rc:VisualDisplayScreen,rdfs:subClassOf,owl:Thing
rc:SetOrCollection,rdfs:subClassOf,rc:MathematicalThing
rc:SetOrCollection,rdfs:subClassOf,owl:Thing
rc:LeatherSubculture,rdfs:subClassOf,rc:ClothingTypeByStyle
rc:LeatherSubculture,rdfs:subClassOf,owl:Thing
rc:Herb,rdfs:subClassOf,rc:PlantProduct
rc:Herb,rdfs:subClassOf,owl:Thing
rc:Clause,rdfs:subClassOf,rc:NormativeSpecification
rc:Clause,rdfs:subClassOf,owl:Thing
rc:EnvironmentalIndicator,rdfs:subClassOf,rc:Sustainability
rc:EnvironmentalIndicator,rdfs:subClassOf,owl:Thing
rc:ProkaryoticProteinSynthesis,rdfs:subClassOf,rc:CellularProteinSynthesis
rc:ProkaryoticProteinSynthesis,rdfs:subClassOf,owl:Thing
rc:MaleHuman,rdfs:subClassOf,rc:PersonTypeByGender
rc:MaleHuman,rdfs:subClassOf,owl:Thing
rc:Interest,rdfs:subClassOf,rc:Finance
rc:Interest,rdfs:subClassOf,owl:Thing
rc:SwedishDiaspora,rdfs:subClassOf,rc:Diaspora
rc:SwedishDiaspora,rdfs:subClassOf,rc:EthnicGroupOfSwedes
rc:SwedishDiaspora,rdfs:subClassOf,owl:Thing
rc:Dracula_FictionalCharacter,rdfs:subClassOf,rc:FictionalHuman
rc:Dracula_FictionalCharacter,rdfs:subClassOf,owl:Thing
rc:Ink,rdfs:subClassOf,rc:ArtificialMaterial
rc:Ink,rdfs:subClassOf,rc:LiquidTangibleArtifact
rc:Ink,rdfs:subClassOf,owl:Thing
rc:IsraeliOrthodoxJew,rdfs:subClassOf,rc:EthnicGroupOfIsraeliJews
rc:IsraeliOrthodoxJew,rdfs:subClassOf,owl:Thing
rc:ComputerBus,rdfs:subClassOf,rc:CommunicationBus
rc:ComputerBus,rdfs:subClassOf,owl:Thing
rc:ElectronicFlash,rdfs:subClassOf,rc:ElectronicDevice
rc:ElectronicFlash,rdfs:subClassOf,owl:Thing
rc:AutoTireMarketCategory,rdfs:subClassOf,rc:ProductTypeByMarketCategory
rc:AutoTireMarketCategory,rdfs:subClassOf,owl:Thing
rc:SodiumArsenite,rdfs:subClassOf,rc:InorganicCompound
rc:SodiumArsenite,rdfs:subClassOf,owl:Thing
rc:FrenchMen,rdfs:subClassOf,rc:EthnicGroupOfFrench
rc:FrenchMen,rdfs:subClassOf,owl:Thing
rc:TheoryOfGravitation,rdfs:subClassOf,rc:GravitationalForceVector
rc:TheoryOfGravitation,rdfs:subClassOf,owl:Thing
rc:HouseBoat,rdfs:subClassOf,rc:Boat
rc:HouseBoat,rdfs:subClassOf,rc:FuelPoweredDevice
rc:HouseBoat,rdfs:subClassOf,owl:Thing
rc:ModernistArchitectureInScandinavia,rdfs:subClassOf,rc:ModernistArchitecture
rc:ModernistArchitectureInScandinavia,rdfs:subClassOf,owl:Thing
rc:EthnicGroupOfBunyoro,rdfs:subClassOf,rc:EthnicGroupOfAfricans
rc:EthnicGroupOfBunyoro,rdfs:subClassOf,owl:Thing
rc:SecondClass_TravelClass,rdfs:subClassOf,rc:TravelClass
rc:SecondClass_TravelClass,rdfs:subClassOf,owl:Thing
rc:EducationalTVShow,rdfs:subClassOf,rc:PropositionalConceptualWork_EducationalGenre
rc:EducationalTVShow,rdfs:subClassOf,owl:Thing
rc:MayorsOfThePalace,rdfs:subClassOf,rc:Carolingian_Monarch_HeadOfState
rc:MayorsOfThePalace,rdfs:subClassOf,owl:Thing
kko:LearningProcesses,rdfs:subClassOf,kko:ConceptualSystems
kko:LearningProcesses,rdfs:subClassOf,owl:Thing
rc:HumanEyeColor,rdfs:subClassOf,rc:PersonalQuantity
rc:HumanEyeColor,rdfs:subClassOf,owl:Thing
rc:DentalChair,rdfs:subClassOf,rc:MedicalSupply
rc:DentalChair,rdfs:subClassOf,owl:Thing
rc:EthnicGroupOfBete,rdfs:subClassOf,rc:EthnicGroupOfAfricans
rc:EthnicGroupOfBete,rdfs:subClassOf,owl:Thing
rc:FlowRate,rdfs:subClassOf,rc:PhysicalQuantity
rc:FlowRate,rdfs:subClassOf,rc:Rate
rc:FlowRate,rdfs:subClassOf,owl:Thing
rc:OpenAccessPublishing,rdfs:subClassOf,rc:OpenSource
rc:OpenAccessPublishing,rdfs:subClassOf,owl:Thing
rc:PlayRailroadSet,rdfs:subClassOf,rc:PackagedProduct
rc:PlayRailroadSet,rdfs:subClassOf,owl:Thing
rc:EthnicGroupOfGa,rdfs:subClassOf,rc:EthnicGroupOfAfricans
rc:EthnicGroupOfGa,rdfs:subClassOf,owl:Thing
rc:VandalPeople,rdfs:subClassOf,rc:EthnicGroupOfGermans
rc:VandalPeople,rdfs:subClassOf,owl:Thing
rc:Rigidity,rdfs:subClassOf,rc:DispositionalQuantity
rc:Rigidity,rdfs:subClassOf,rc:NonAspectualQuantity
rc:Rigidity,rdfs:subClassOf,rc:TangiblePhysicalQuantity
rc:Rigidity,rdfs:subClassOf,rc:TotallyOrderedQuantityType
rc:Rigidity,rdfs:subClassOf,owl:Thing
rc:ChiefMinister_HeadOfGovernment,rdfs:subClassOf,rc:HeadOfGovernment
rc:ChiefMinister_HeadOfGovernment,rdfs:subClassOf,owl:Thing
rc:Paper,rdfs:subClassOf,rc:DeviceWithNoMovingParts
rc:Paper,rdfs:subClassOf,rc:ReproductionDevice
rc:Paper,rdfs:subClassOf,owl:Thing
rc:Newspaper,rdfs:subClassOf,rc:PrintedPublication
rc:Newspaper,rdfs:subClassOf,owl:Thing
rc:WebDesign,rdfs:subClassOf,rc:ComputerService
rc:WebDesign,rdfs:subClassOf,rc:SoftwareDevelopment
rc:WebDesign,rdfs:subClassOf,owl:Thing
rc:EnvironmentalManagement,rdfs:subClassOf,rc:EnvironmentalConservation
rc:EnvironmentalManagement,rdfs:subClassOf,owl:Thing
rc:InhalerDevice,rdfs:subClassOf,rc:SprayingDevice
rc:InhalerDevice,rdfs:subClassOf,owl:Thing
rc:IsraeliArabJew,rdfs:subClassOf,rc:EthnicGroupOfIsraeliJews
rc:IsraeliArabJew,rdfs:subClassOf,owl:Thing
rc:DiscreteTopologicalSpace,rdfs:subClassOf,rc:TopologicalSpace
rc:DiscreteTopologicalSpace,rdfs:subClassOf,owl:Thing
rc:VisualImage,rdfs:subClassOf,rc:VisibleLight
rc:VisualImage,rdfs:subClassOf,owl:Thing
rc:EthnicGroupOfBaluchis,rdfs:subClassOf,rc:EthnicGroupOfMiddleEasterners
rc:EthnicGroupOfBaluchis,rdfs:subClassOf,owl:Thing
rc:EthnicGroupOfSerer,rdfs:subClassOf,rc:EthnicGroupOfAfricans
rc:EthnicGroupOfSerer,rdfs:subClassOf,owl:Thing
rc:RegularTopologicalSpace,rdfs:subClassOf,rc:TopologicalSpace
rc:RegularTopologicalSpace,rdfs:subClassOf,owl:Thing
rc:BarackObama,rdfs:subClassOf,rc:UnitedStatesPresident
rc:BarackObama,rdfs:subClassOf,owl:Thing
rc:EducationPolicy,rdfs:subClassOf,rc:PublicPolicy
rc:EducationPolicy,rdfs:subClassOf,owl:Thing
rc:PropositionalConceptualWork_FantasyGenre,rdfs:subClassOf,rc:FantasyGenre
rc:PropositionalConceptualWork_FantasyGenre,rdfs:subClassOf,owl:Thing
rc:AntibioticCream,rdfs:subClassOf,rc:FirstAidMarketCategory
rc:AntibioticCream,rdfs:subClassOf,owl:Thing
rc:AquacultureFacility,rdfs:subClassOf,rc:Building
rc:AquacultureFacility,rdfs:subClassOf,owl:Thing
rc:TaxFormIBO,rdfs:subClassOf,rc:Form_StandardizedIBO
rc:TaxFormIBO,rdfs:subClassOf,owl:Thing
rc:HumanHairColor,rdfs:subClassOf,rc:PersonalQuantity
rc:HumanHairColor,rdfs:subClassOf,owl:Thing
rc:GreekRevivalArchitecture,rdfs:subClassOf,rc:NeoclassicArchitecturalStyle
rc:GreekRevivalArchitecture,rdfs:subClassOf,owl:Thing
rc:PositiveTone,rdfs:subClassOf,rc:NonAspectualQuantity
rc:PositiveTone,rdfs:subClassOf,rc:Rating
rc:PositiveTone,rdfs:subClassOf,owl:Thing
rc:SwedishWomen,rdfs:subClassOf,rc:EthnicGroupOfSwedes
rc:SwedishWomen,rdfs:subClassOf,owl:Thing
rc:Spatula,rdfs:subClassOf,rc:DomesticKitchenTool
rc:Spatula,rdfs:subClassOf,owl:Thing
rc:TurkicDiaspora,rdfs:subClassOf,rc:Diaspora
rc:TurkicDiaspora,rdfs:subClassOf,rc:EthnicGroupOfTurks
rc:TurkicDiaspora,rdfs:subClassOf,owl:Thing
rc:MilitaryTactic,rdfs:subClassOf,rc:FieldOfStudy
rc:MilitaryTactic,rdfs:subClassOf,rc:Strategy
rc:MilitaryTactic,rdfs:subClassOf,owl:Thing
rc:StandupComedian,rdfs:subClassOf,rc:Comedian
rc:StandupComedian,rdfs:subClassOf,rc:StagePerformer
rc:StandupComedian,rdfs:subClassOf,owl:Thing
rc:LifeInsurance,rdfs:subClassOf,rc:LifeHealthAccidentInsurance
rc:LifeInsurance,rdfs:subClassOf,owl:Thing
rc:Runoff,rdfs:subClassOf,rc:Surplus
rc:Runoff,rdfs:subClassOf,owl:Thing
rc:Pseudorandomness,rdfs:subClassOf,rc:RandomFrequency
rc:Pseudorandomness,rdfs:subClassOf,owl:Thing
rc:ConceptInLogic,rdfs:subClassOf,rc:Concept
rc:ConceptInLogic,rdfs:subClassOf,owl:Thing
rc:GeraldFord,rdfs:subClassOf,rc:UnitedStatesPresident
rc:GeraldFord,rdfs:subClassOf,owl:Thing
rc:IndividualTypeBySecurityStatus,rdfs:subClassOf,rc:TotallyOrderedQuantityType
rc:IndividualTypeBySecurityStatus,rdfs:subClassOf,owl:Thing
rc:Stairwell,rdfs:subClassOf,rc:StairStairway
rc:Stairwell,rdfs:subClassOf,owl:Thing
rc:TireChains,rdfs:subClassOf,rc:MechanicalDevice
rc:TireChains,rdfs:subClassOf,owl:Thing
rc:Yakuts,rdfs:subClassOf,rc:EthnicGroupOfAsians
rc:Yakuts,rdfs:subClassOf,owl:Thing
rc:Slurry,rdfs:subClassOf,rc:NonAspectualQuantity
rc:Slurry,rdfs:subClassOf,owl:Thing
rc:Snowboard,rdfs:subClassOf,rc:GravityPoweredDevice
rc:Snowboard,rdfs:subClassOf,owl:Thing
rc:AncientArmenianPeople,rdfs:subClassOf,rc:EthnicGroupOfArmenians
rc:AncientArmenianPeople,rdfs:subClassOf,owl:Thing
rc:ChineseWriting,rdfs:subClassOf,rc:WritingSystem
rc:ChineseWriting,rdfs:subClassOf,owl:Thing
rc:Windchime,rdfs:subClassOf,rc:MechanicalDevice
rc:Windchime,rdfs:subClassOf,owl:Thing
rc:Literature,rdfs:subClassOf,rc:LiteraryWork
rc:Literature,rdfs:subClassOf,owl:Thing
rc:CompactDisc_Audio,rdfs:subClassOf,rc:CompactDisc_Generic
rc:CompactDisc_Audio,rdfs:subClassOf,owl:Thing
rc:CarMechanic,rdfs:subClassOf,rc:MaleHuman
rc:CarMechanic,rdfs:subClassOf,owl:Thing
rc:PhysicalQuantity,rdfs:subClassOf,rc:ScalarQuantity
rc:PhysicalQuantity,rdfs:subClassOf,owl:Thing
rc:Engraving_ArtMethod,rdfs:subClassOf,rc:ArtMethod
rc:Engraving_ArtMethod,rdfs:subClassOf,owl:Thing
rc:PlainTalk,rdfs:subClassOf,rc:AppleComputerProgram
rc:PlainTalk,rdfs:subClassOf,owl:Thing
rc:Musical,rdfs:subClassOf,rc:Play
rc:Musical,rdfs:subClassOf,rc:PropositionalConceptualWork_DramaGenre
rc:Musical,rdfs:subClassOf,rc:PropositionalConceptualWork_MusicalGenre
rc:Musical,rdfs:subClassOf,owl:Thing
rc:RadioShow,rdfs:subClassOf,rc:BroadcastMediaShow
rc:RadioShow,rdfs:subClassOf,owl:Thing
rc:CoverArtist,rdfs:subClassOf,rc:MusicalPerformer
rc:CoverArtist,rdfs:subClassOf,owl:Thing
rc:Game,rdfs:subClassOf,rc:DevisedStructuredActivity
rc:Game,rdfs:subClassOf,owl:Thing
rc:IntelligenceLevel,rdfs:subClassOf,rc:MeasurableQuantity
rc:IntelligenceLevel,rdfs:subClassOf,rc:MentalQuantity
rc:IntelligenceLevel,rdfs:subClassOf,owl:Thing
rc:ImmigrationRecord,rdfs:subClassOf,rc:Dataset
rc:ImmigrationRecord,rdfs:subClassOf,owl:Thing
rc:GanChinese,rdfs:subClassOf,rc:EthnicGroupOfChinese
rc:GanChinese,rdfs:subClassOf,owl:Thing
rc:MythologicalArchetype,rdfs:subClassOf,rc:MythologicalThing
rc:MythologicalArchetype,rdfs:subClassOf,owl:Thing
rc:KurdsInTurkey,rdfs:subClassOf,rc:EthnicGroupOfKurds
rc:KurdsInTurkey,rdfs:subClassOf,owl:Thing
rc:SameSexMarriageInPopularCulture,rdfs:subClassOf,rc:PopularCulture
rc:SameSexMarriageInPopularCulture,rdfs:subClassOf,rc:SexualCulture
rc:SameSexMarriageInPopularCulture,rdfs:subClassOf,owl:Thing
rc:ContributionsToForeignAidByCountry,rdfs:subClassOf,rc:HumanitarianAidInterAgentSupport
rc:ContributionsToForeignAidByCountry,rdfs:subClassOf,owl:Thing
rc:Switchboard,rdfs:subClassOf,rc:ElectronicDevice
rc:Switchboard,rdfs:subClassOf,owl:Thing
rc:AutomotiveAntenna,rdfs:subClassOf,rc:AutoPart
rc:AutomotiveAntenna,rdfs:subClassOf,rc:AutoSoundMarketCategory
rc:AutomotiveAntenna,rdfs:subClassOf,owl:Thing
rc:Auburn_HairColor,rdfs:subClassOf,rc:HumanHairColor
rc:Auburn_HairColor,rdfs:subClassOf,owl:Thing
rc:KeyOfLock,rdfs:subClassOf,rc:Device_UserPowered
rc:KeyOfLock,rdfs:subClassOf,owl:Thing
rc:OperaPerformance,rdfs:subClassOf,rc:ClassicalMusicalPerformance
rc:OperaPerformance,rdfs:subClassOf,owl:Thing
rc:Bonus,rdfs:subClassOf,rc:ScalarQuantity
rc:Bonus,rdfs:subClassOf,owl:Thing
rc:JediPrince,rdfs:subClassOf,rc:JediKnight
rc:JediPrince,rdfs:subClassOf,owl:Thing
rc:Misfortune,rdfs:subClassOf,rc:Shortage
rc:Misfortune,rdfs:subClassOf,owl:Thing
rc:FormalGrammar,rdfs:subClassOf,rc:TextuallySpecificWork
rc:FormalGrammar,rdfs:subClassOf,rc:WritingSystem
rc:FormalGrammar,rdfs:subClassOf,owl:Thing
rc:IraqiKurdistaniPeople,rdfs:subClassOf,rc:EthnicGroupOfKurds
rc:IraqiKurdistaniPeople,rdfs:subClassOf,owl:Thing
rc:Decree,rdfs:subClassOf,rc:StatutoryInstrument
rc:Decree,rdfs:subClassOf,owl:Thing
rc:Reading,rdfs:subClassOf,rc:Linguistics
rc:Reading,rdfs:subClassOf,owl:Thing
kko:Facilities,rdfs:subClassOf,kko:Artifacts
kko:Facilities,rdfs:subClassOf,owl:Thing
rc:Forceps,rdfs:subClassOf,rc:Device_UserPowered
rc:Forceps,rdfs:subClassOf,owl:Thing
rc:EthnicGroupOfAustralians,rdfs:subClassOf,rc:EthnicGroup
rc:EthnicGroupOfAustralians,rdfs:subClassOf,owl:Thing
rc:Initiative,rdfs:subClassOf,rc:PerformanceLevelQuantity
rc:Initiative,rdfs:subClassOf,owl:Thing
rc:SpaceTransportation,rdfs:subClassOf,rc:SpaceMission
rc:SpaceTransportation,rdfs:subClassOf,rc:TransportByMode
rc:SpaceTransportation,rdfs:subClassOf,owl:Thing
rc:Levee,rdfs:subClassOf,rc:FlowControlDevice
rc:Levee,rdfs:subClassOf,owl:Thing
rc:RuthenianPeople,rdfs:subClassOf,rc:EthnicGroupOfEuropeans
rc:RuthenianPeople,rdfs:subClassOf,owl:Thing
rc:MovieStar,rdfs:subClassOf,rc:ActorInMovies
rc:MovieStar,rdfs:subClassOf,rc:Celebrity_Entertainment
rc:MovieStar,rdfs:subClassOf,owl:Thing
rc:EyeChart,rdfs:subClassOf,rc:MedicalDevice
rc:EyeChart,rdfs:subClassOf,rc:NonPoweredDevice
rc:EyeChart,rdfs:subClassOf,owl:Thing
rc:Workplace,rdfs:subClassOf,kko:Facilities
rc:Workplace,rdfs:subClassOf,owl:Thing
rc:MongolDiaspora,rdfs:subClassOf,rc:Diaspora
rc:MongolDiaspora,rdfs:subClassOf,rc:EthnicGroupOfKhalkhaMongols
rc:MongolDiaspora,rdfs:subClassOf,owl:Thing
rc:PineapplePlant,rdfs:subClassOf,rc:Bromeliaceae
rc:PineapplePlant,rdfs:subClassOf,owl:Thing
rc:Belt_Mechanical,rdfs:subClassOf,rc:KineticEnergyPoweredDevice
rc:Belt_Mechanical,rdfs:subClassOf,rc:MechanicalDevice
rc:Belt_Mechanical,rdfs:subClassOf,owl:Thing
rc:Carcass,rdfs:subClassOf,rc:DeadAnimal
rc:Carcass,rdfs:subClassOf,owl:Thing
rc:Crystallophone,rdfs:subClassOf,rc:MusicalInstrument
rc:Crystallophone,rdfs:subClassOf,owl:Thing
rc:TransaminaseCatalysis,rdfs:subClassOf,rc:CatalyticActivity
rc:TransaminaseCatalysis,rdfs:subClassOf,owl:Thing
rc:GulfIslandsNationalSeashore,rdfs:subClassOf,rc:Seacoast
rc:GulfIslandsNationalSeashore,rdfs:subClassOf,owl:Thing
rc:TransdermalPatch,rdfs:subClassOf,rc:DeviceWithNoMovingParts
rc:TransdermalPatch,rdfs:subClassOf,rc:Device_OneTimeUse
rc:TransdermalPatch,rdfs:subClassOf,owl:Thing
rc:ExpressionistArchitecture,rdfs:subClassOf,rc:ArchitecturalTypeByStyle
rc:ExpressionistArchitecture,rdfs:subClassOf,owl:Thing
rc:Conveyance,rdfs:subClassOf,rc:DeviceTypeByFunction
rc:Conveyance,rdfs:subClassOf,owl:Thing
rc:WaterbedMarketCategory,rdfs:subClassOf,rc:ProductTypeByMarketCategory
rc:WaterbedMarketCategory,rdfs:subClassOf,owl:Thing
rc:Garlic,rdfs:subClassOf,rc:FoodIngredientOnly
rc:Garlic,rdfs:subClassOf,rc:FreshVegetable
rc:Garlic,rdfs:subClassOf,owl:Thing
rc:MonetaryPolicy,rdfs:subClassOf,rc:PublicPolicy
rc:MonetaryPolicy,rdfs:subClassOf,owl:Thing
rc:SodiumSulfate,rdfs:subClassOf,rc:ChemicalToxin
rc:SodiumSulfate,rdfs:subClassOf,rc:InorganicSalt
rc:SodiumSulfate,rdfs:subClassOf,owl:Thing
rc:Femmefatale_Human,rdfs:subClassOf,rc:FemaleHuman
rc:Femmefatale_Human,rdfs:subClassOf,owl:Thing
rc:PowerGenerationDevice,rdfs:subClassOf,rc:PowerSystemDevice
rc:PowerGenerationDevice,rdfs:subClassOf,owl:Thing
rc:FalconryGlove,rdfs:subClassOf,rc:Glove
rc:FalconryGlove,rdfs:subClassOf,owl:Thing
rc:FamilyTree,rdfs:subClassOf,rc:HistoricalNarrative
rc:FamilyTree,rdfs:subClassOf,owl:Thing
rc:WindFarm,rdfs:subClassOf,rc:WindPower
rc:WindFarm,rdfs:subClassOf,owl:Thing
rc:Decoration,rdfs:subClassOf,rc:ArtifactTypeByGenericCategory
rc:Decoration,rdfs:subClassOf,owl:Thing
rc:EnzymeInhibitor,rdfs:subClassOf,rc:EnzymeKinetics
rc:EnzymeInhibitor,rdfs:subClassOf,owl:Thing
rc:Timer,rdfs:subClassOf,rc:MechanicalDevice
rc:Timer,rdfs:subClassOf,rc:SurveillanceDetectionEquipment
rc:Timer,rdfs:subClassOf,owl:Thing
rc:Atlas_TheTitan,rdfs:subClassOf,rc:MythologicalGod
rc:Atlas_TheTitan,rdfs:subClassOf,owl:Thing
rc:EthnicGroupOfBlacks,rdfs:subClassOf,rc:EthnicGroup
rc:EthnicGroupOfBlacks,rdfs:subClassOf,owl:Thing
rc:ComedyMovie,rdfs:subClassOf,rc:PropositionalConceptualWork_ComedyGenre
rc:ComedyMovie,rdfs:subClassOf,owl:Thing
rc:CamShaft,rdfs:subClassOf,rc:KineticEnergyPoweredDevice
rc:CamShaft,rdfs:subClassOf,owl:Thing
rc:CreditCard,rdfs:subClassOf,rc:FinancialAccountTenderObject
rc:CreditCard,rdfs:subClassOf,owl:Thing
rc:EthnicGroupOfVoltaics,rdfs:subClassOf,rc:EthnicGroupOfAfricans
rc:EthnicGroupOfVoltaics,rdfs:subClassOf,owl:Thing
rc:Ordering,rdfs:subClassOf,rc:FunctionalSystem
rc:Ordering,rdfs:subClassOf,owl:Thing
rc:LGBTInNorthAmerica,rdfs:subClassOf,rc:LGBT
rc:LGBTInNorthAmerica,rdfs:subClassOf,owl:Thing
rc:Pliers,rdfs:subClassOf,rc:Device_UserPowered
rc:Pliers,rdfs:subClassOf,rc:HolderGripper
rc:Pliers,rdfs:subClassOf,owl:Thing
rc:BalochDiaspora,rdfs:subClassOf,rc:Diaspora
rc:BalochDiaspora,rdfs:subClassOf,rc:EthnicGroupOfBaluchis
rc:BalochDiaspora,rdfs:subClassOf,owl:Thing
rc:ElectricalConductor,rdfs:subClassOf,rc:ElectricalWireCableHarness
rc:ElectricalConductor,rdfs:subClassOf,owl:Thing
rc:Pipeline,rdfs:subClassOf,rc:Conveyance_Stationary
rc:Pipeline,rdfs:subClassOf,rc:Pipe_ConduitArtifact
rc:Pipeline,rdfs:subClassOf,owl:Thing
rc:TibetanDiaspora,rdfs:subClassOf,rc:Diaspora
rc:TibetanDiaspora,rdfs:subClassOf,rc:EthnicGroupOfTibetans
rc:TibetanDiaspora,rdfs:subClassOf,owl:Thing
rc:HotelBuilding,rdfs:subClassOf,rc:HumanHighOccupancyConstruct
rc:HotelBuilding,rdfs:subClassOf,owl:Thing
rc:Undead,rdfs:subClassOf,rc:MythologicalCreature
rc:Undead,rdfs:subClassOf,owl:Thing
rc:BidOnSale,rdfs:subClassOf,rc:CommercialProposal
rc:BidOnSale,rdfs:subClassOf,owl:Thing
rc:ThresholdTemperature,rdfs:subClassOf,rc:Temperature
rc:ThresholdTemperature,rdfs:subClassOf,owl:Thing
rc:InternetFraud,rdfs:subClassOf,rc:EMailMessage
rc:InternetFraud,rdfs:subClassOf,owl:Thing
rc:Geophysics,rdfs:subClassOf,rc:EarthScience
rc:Geophysics,rdfs:subClassOf,owl:Thing
rc:PunjabiTribe,rdfs:subClassOf,rc:EthnicGroupOfPunjabis
rc:PunjabiTribe,rdfs:subClassOf,owl:Thing
rc:FictionalHumanoidSpecies,rdfs:subClassOf,rc:FictionalAnimal
rc:FictionalHumanoidSpecies,rdfs:subClassOf,owl:Thing
rc:Styrofoam,rdfs:subClassOf,rc:SolidTangibleArtifact
rc:Styrofoam,rdfs:subClassOf,owl:Thing
rc:Trophy,rdfs:subClassOf,rc:Award
rc:Trophy,rdfs:subClassOf,rc:DeviceWithNoMovingParts
rc:Trophy,rdfs:subClassOf,owl:Thing
rc:Black_EyeColor,rdfs:subClassOf,rc:HumanEyeColor
rc:Black_EyeColor,rdfs:subClassOf,owl:Thing
rc:Suture_Thread,rdfs:subClassOf,rc:MedicalDevice
rc:Suture_Thread,rdfs:subClassOf,owl:Thing
rc:Dwarf_Mythical,rdfs:subClassOf,rc:MythologicalCreature
rc:Dwarf_Mythical,rdfs:subClassOf,owl:Thing
rc:PrehistoricLife,rdfs:subClassOf,rc:Prehistoric
rc:PrehistoricLife,rdfs:subClassOf,owl:Thing
rc:Elevator,rdfs:subClassOf,rc:LiftingEquipment
rc:Elevator,rdfs:subClassOf,rc:MechanicalDevice
rc:Elevator,rdfs:subClassOf,rc:NonAutomotiveTransportDevice
rc:Elevator,rdfs:subClassOf,rc:TransportationContainerProduct
rc:Elevator,rdfs:subClassOf,owl:Thing
rc:GraphSearchAlgorithm,rdfs:subClassOf,rc:Algorithm
rc:GraphSearchAlgorithm,rdfs:subClassOf,owl:Thing
rc:Microwave_CBand,rdfs:subClassOf,rc:MicrowaveRadiation
rc:Microwave_CBand,rdfs:subClassOf,owl:Thing
rc:MythologicalObject,rdfs:subClassOf,rc:FictionalObject
rc:MythologicalObject,rdfs:subClassOf,rc:MythologicalThing
rc:MythologicalObject,rdfs:subClassOf,owl:Thing
rc:AmmoniumPhosphate,rdfs:subClassOf,rc:ChemicalToxin
rc:AmmoniumPhosphate,rdfs:subClassOf,rc:NoOdor
rc:AmmoniumPhosphate,rdfs:subClassOf,owl:Thing
rc:ScalarPointValue,rdfs:subClassOf,rc:ScalarQuantity
rc:ScalarPointValue,rdfs:subClassOf,owl:Thing
rc:OperaticCharacter,rdfs:subClassOf,rc:FictionalCharacter
rc:OperaticCharacter,rdfs:subClassOf,owl:Thing
rc:BucketElevator,rdfs:subClassOf,rc:ConveyorAccessory
rc:BucketElevator,rdfs:subClassOf,owl:Thing
rc:ElectricLamp,rdfs:subClassOf,rc:LightingMarketCategory
rc:ElectricLamp,rdfs:subClassOf,owl:Thing
rc:AluminumFoil,rdfs:subClassOf,rc:ConsumableProduct
rc:AluminumFoil,rdfs:subClassOf,rc:DisposableProduct
rc:AluminumFoil,rdfs:subClassOf,rc:Foil
rc:AluminumFoil,rdfs:subClassOf,owl:Thing
rc:Merman,rdfs:subClassOf,rc:LegendaryCreature
rc:Merman,rdfs:subClassOf,owl:Thing
rc:EdiblePorphyra,rdfs:subClassOf,rc:Porphyra
rc:EdiblePorphyra,rdfs:subClassOf,owl:Thing
rc:EgyptianPyramid,rdfs:subClassOf,rc:EgyptianArchitecturalStyle
rc:EgyptianPyramid,rdfs:subClassOf,rc:Tomb
rc:EgyptianPyramid,rdfs:subClassOf,owl:Thing
rc:BusinessSectionOfPeriodical,rdfs:subClassOf,rc:NonfictionalPCW
rc:BusinessSectionOfPeriodical,rdfs:subClassOf,rc:TextualPCW
rc:BusinessSectionOfPeriodical,rdfs:subClassOf,owl:Thing
rc:JapaneseWritingSystem,rdfs:subClassOf,rc:WritingSystem
rc:JapaneseWritingSystem,rdfs:subClassOf,owl:Thing
rc:PropertyDisclosureSheet,rdfs:subClassOf,rc:Datasheet
rc:PropertyDisclosureSheet,rdfs:subClassOf,rc:FinancialDocument
rc:PropertyDisclosureSheet,rdfs:subClassOf,owl:Thing
rc:Typesetting,rdfs:subClassOf,rc:PrintingService
rc:Typesetting,rdfs:subClassOf,owl:Thing
rc:ArchitecturalDesign,rdfs:subClassOf,rc:AppliedDesignFieldOfStudy
rc:ArchitecturalDesign,rdfs:subClassOf,owl:Thing
kko:FoodDrink,rdfs:subClassOf,kko:Artifacts
kko:FoodDrink,rdfs:subClassOf,owl:Thing
rc:Scrubs_Clothing,rdfs:subClassOf,rc:MedicalStaffClothing
rc:Scrubs_Clothing,rdfs:subClassOf,owl:Thing
rc:CuttingDevice_Handheld,rdfs:subClassOf,rc:CuttingDevice
rc:CuttingDevice_Handheld,rdfs:subClassOf,rc:Device_UserPowered
rc:CuttingDevice_Handheld,rdfs:subClassOf,owl:Thing
rc:AircraftBlastBarrier,rdfs:subClassOf,rc:MultiPurposeDevice
rc:AircraftBlastBarrier,rdfs:subClassOf,rc:SafetyDevice
rc:AircraftBlastBarrier,rdfs:subClassOf,owl:Thing
rc:VirtualComputerInstance,rdfs:subClassOf,rc:Computer_Generic
rc:VirtualComputerInstance,rdfs:subClassOf,owl:Thing
rc:ShearLegs,rdfs:subClassOf,rc:MechanicalDevice
rc:ShearLegs,rdfs:subClassOf,owl:Thing
rc:Flare_PyrotechnicDevice,rdfs:subClassOf,rc:GeneralAutoMarketCategory
rc:Flare_PyrotechnicDevice,rdfs:subClassOf,rc:PyrotechnicDevice
rc:Flare_PyrotechnicDevice,rdfs:subClassOf,owl:Thing
rc:EnvironmentalHealth,rdfs:subClassOf,rc:HealthMovement
rc:EnvironmentalHealth,rdfs:subClassOf,owl:Thing
rc:EthnicGroupOfYoruba,rdfs:subClassOf,rc:EthnicGroupOfAfricans
rc:EthnicGroupOfYoruba,rdfs:subClassOf,owl:Thing
rc:SocialQuantity,rdfs:subClassOf,rc:ScalarQuantity
rc:SocialQuantity,rdfs:subClassOf,owl:Thing
rc:CreationMyth,rdfs:subClassOf,rc:MythologicalThing
rc:CreationMyth,rdfs:subClassOf,owl:Thing
rc:EthnicGroupOfPunjabis,rdfs:subClassOf,rc:EthnicGroupOfAsians
rc:EthnicGroupOfPunjabis,rdfs:subClassOf,owl:Thing
rc:ObjectTypeByStyle,rdfs:subClassOf,rc:StyleAttribute
rc:ObjectTypeByStyle,rdfs:subClassOf,owl:Thing
rc:MiddleAge,rdfs:subClassOf,rc:HumanTypeByLifeStageType
rc:MiddleAge,rdfs:subClassOf,owl:Thing
rc:PrimarilyPaperStationeryProduct,rdfs:subClassOf,rc:NonPoweredDevice
rc:PrimarilyPaperStationeryProduct,rdfs:subClassOf,owl:Thing
rc:ClothingOrTowelHook,rdfs:subClassOf,rc:Hanger_Generic
rc:ClothingOrTowelHook,rdfs:subClassOf,owl:Thing
rc:PipingSystem_Generic,rdfs:subClassOf,rc:ConnectedPhysicalPathSystem
rc:PipingSystem_Generic,rdfs:subClassOf,owl:Thing
rc:Metal,rdfs:subClassOf,rc:RawMaterials
rc:Metal,rdfs:subClassOf,owl:Thing
rc:Rapper,rdfs:subClassOf,rc:MusicalPerformer
rc:Rapper,rdfs:subClassOf,owl:Thing
rc:EnvironmentalPolicy,rdfs:subClassOf,rc:EnvironmentalConservation
rc:EnvironmentalPolicy,rdfs:subClassOf,owl:Thing
rc:CD_R,rdfs:subClassOf,rc:HardDiskDrive
rc:CD_R,rdfs:subClassOf,owl:Thing
rc:CambodianChamPeople,rdfs:subClassOf,rc:EthnicGroupOfCham
rc:CambodianChamPeople,rdfs:subClassOf,owl:Thing
rc:BusinessCulture,rdfs:subClassOf,rc:CulturalConcept
rc:BusinessCulture,rdfs:subClassOf,rc:ProfessionalCulture
rc:BusinessCulture,rdfs:subClassOf,owl:Thing
rc:MediaStudies,rdfs:subClassOf,rc:Humanities_FieldOfStudy
rc:MediaStudies,rdfs:subClassOf,owl:Thing
rc:Ball,rdfs:subClassOf,rc:DeviceWithNoMovingParts
rc:Ball,rdfs:subClassOf,rc:Device_UserControlled
rc:Ball,rdfs:subClassOf,rc:Device_UserPowered
rc:Ball,rdfs:subClassOf,owl:Thing
rc:Lantern,rdfs:subClassOf,rc:FuelPoweredDevice
rc:Lantern,rdfs:subClassOf,rc:LightingDevice
rc:Lantern,rdfs:subClassOf,rc:SportingGoodsMarketCategory
rc:Lantern,rdfs:subClassOf,owl:Thing
rc:OilSpill,rdfs:subClassOf,rc:Accident
rc:OilSpill,rdfs:subClassOf,owl:Thing
rc:FoodProcessor,rdfs:subClassOf,rc:DomesticKitchenAppliance
rc:FoodProcessor,rdfs:subClassOf,rc:FoodOrDrinkPreparationDevice
rc:FoodProcessor,rdfs:subClassOf,rc:FoodPreparationEquipment
rc:FoodProcessor,rdfs:subClassOf,owl:Thing
rc:Token_Physical,rdfs:subClassOf,rc:Collectible
rc:Token_Physical,rdfs:subClassOf,rc:SymbolicObject
rc:Token_Physical,rdfs:subClassOf,owl:Thing
rc:ShoeOrganizer,rdfs:subClassOf,rc:Organizer
rc:ShoeOrganizer,rdfs:subClassOf,rc:StorageConstruct
rc:ShoeOrganizer,rdfs:subClassOf,owl:Thing
rc:AcousticNoiseLevel,rdfs:subClassOf,rc:OccupationalPhysicalEnvironmentalQuantity
rc:AcousticNoiseLevel,rdfs:subClassOf,rc:SensoryQuantity
rc:AcousticNoiseLevel,rdfs:subClassOf,owl:Thing
rc:CroatianJew,rdfs:subClassOf,rc:AshkenaziJews
rc:CroatianJew,rdfs:subClassOf,owl:Thing
rc:Metatheorem,rdfs:subClassOf,rc:MetaLogic
rc:Metatheorem,rdfs:subClassOf,owl:Thing
rc:AmmoniumCarbonate,rdfs:subClassOf,rc:InorganicSalt
rc:AmmoniumCarbonate,rdfs:subClassOf,owl:Thing
rc:CastForBrokenBone,rdfs:subClassOf,rc:Device_OneTimeUse
rc:CastForBrokenBone,rdfs:subClassOf,rc:NonPoweredDevice
rc:CastForBrokenBone,rdfs:subClassOf,owl:Thing
rc:NFLCheerleader,rdfs:subClassOf,rc:Cheerleader
rc:NFLCheerleader,rdfs:subClassOf,owl:Thing
rc:PhotographicEquipmentAndSuppliesMC,rdfs:subClassOf,rc:ConsumerGood
rc:PhotographicEquipmentAndSuppliesMC,rdfs:subClassOf,owl:Thing
rc:HazaraDiaspora,rdfs:subClassOf,rc:Diaspora
rc:HazaraDiaspora,rdfs:subClassOf,rc:EthnicGroupOfHazara
rc:HazaraDiaspora,rdfs:subClassOf,owl:Thing
rc:Gloss,rdfs:subClassOf,rc:Definition
rc:Gloss,rdfs:subClassOf,owl:Thing
rc:Croats_BosniaAndHerzegovina,rdfs:subClassOf,rc:EthnicGroupOfCroatians
rc:Croats_BosniaAndHerzegovina,rdfs:subClassOf,owl:Thing
rc:JamesBond_FictionalCharacter,rdfs:subClassOf,rc:FictionalHuman
rc:JamesBond_FictionalCharacter,rdfs:subClassOf,owl:Thing
rc:AssyriansInLebanon,rdfs:subClassOf,rc:EthnicGroupOfAssyrians
rc:AssyriansInLebanon,rdfs:subClassOf,owl:Thing
rc:Logo,rdfs:subClassOf,rc:GraphicDesign
rc:Logo,rdfs:subClassOf,rc:IconicInformation
rc:Logo,rdfs:subClassOf,rc:Symbol
rc:Logo,rdfs:subClassOf,owl:Thing
rc:Trial,rdfs:subClassOf,rc:LegalConflict
rc:Trial,rdfs:subClassOf,owl:Thing
rc:RusticArchitecture,rdfs:subClassOf,rc:ArchitecturalTypeByStyle
rc:RusticArchitecture,rdfs:subClassOf,owl:Thing
kko:SecondarySectorProducts,rdfs:subClassOf,kko:Products
kko:SecondarySectorProducts,rdfs:subClassOf,owl:Thing
rc:EconomicsOfSustainability,rdfs:subClassOf,rc:Sustainability
rc:EconomicsOfSustainability,rdfs:subClassOf,owl:Thing
rc:HypoiodousAcid,rdfs:subClassOf,rc:InorganicAcid
rc:HypoiodousAcid,rdfs:subClassOf,owl:Thing
rc:ZooGrounds,rdfs:subClassOf,rc:LeisureFacility
rc:ZooGrounds,rdfs:subClassOf,owl:Thing
rc:GeorgeWBush,rdfs:subClassOf,rc:UnitedStatesPresident
rc:GeorgeWBush,rdfs:subClassOf,owl:Thing
rc:ClothesWasher,rdfs:subClassOf,rc:CleaningDevice
rc:ClothesWasher,rdfs:subClassOf,rc:DomesticLaundryApplianceSupply
rc:ClothesWasher,rdfs:subClassOf,rc:MajorAppliance
rc:ClothesWasher,rdfs:subClassOf,owl:Thing
rc:MagnesiumBromide,rdfs:subClassOf,rc:InorganicSalt
rc:MagnesiumBromide,rdfs:subClassOf,owl:Thing
rc:Replication_DNA,rdfs:subClassOf,rc:ChemicalSynthesis
rc:Replication_DNA,rdfs:subClassOf,owl:Thing
rc:SindhiAmerican,rdfs:subClassOf,rc:EthnicGroupOfSindhis
rc:SindhiAmerican,rdfs:subClassOf,owl:Thing
rc:Demon,rdfs:subClassOf,rc:EvilBeing
rc:Demon,rdfs:subClassOf,owl:Thing
rc:LuggageSpaceInAVehicle,rdfs:subClassOf,rc:StorageConstruct
rc:LuggageSpaceInAVehicle,rdfs:subClassOf,owl:Thing
rc:DarkroomEquipment,rdfs:subClassOf,rc:RecreationEquipment
rc:DarkroomEquipment,rdfs:subClassOf,owl:Thing
rc:LochNessMonster,rdfs:subClassOf,rc:LegendaryCreature
rc:LochNessMonster,rdfs:subClassOf,owl:Thing
rc:ArsenicAcid,rdfs:subClassOf,rc:InorganicAcid
rc:ArsenicAcid,rdfs:subClassOf,owl:Thing
rc:SelfOrganization,rdfs:subClassOf,rc:ChaosTheory
rc:SelfOrganization,rdfs:subClassOf,rc:StatisticalMechanics
rc:SelfOrganization,rdfs:subClassOf,owl:Thing
rc:BeefcakeModel,rdfs:subClassOf,rc:MaleHuman
rc:BeefcakeModel,rdfs:subClassOf,owl:Thing
rc:Lecturing,rdfs:subClassOf,rc:Informing
rc:Lecturing,rdfs:subClassOf,owl:Thing
rc:Eroge,rdfs:subClassOf,rc:PornographyByGenre
rc:Eroge,rdfs:subClassOf,owl:Thing
rc:HomosexualHuman,rdfs:subClassOf,rc:HumanTypeBySexualOrientation
rc:HomosexualHuman,rdfs:subClassOf,owl:Thing
rc:EthnicGroupOfNordics,rdfs:subClassOf,rc:EthnicGroupOfEuropeans
rc:EthnicGroupOfNordics,rdfs:subClassOf,owl:Thing
rc:Confections,rdfs:subClassOf,rc:SweetTaste
rc:Confections,rdfs:subClassOf,owl:Thing
rc:ScienceAndNature_Topic,rdfs:subClassOf,kko:KnowledgeDomains
rc:ScienceAndNature_Topic,rdfs:subClassOf,owl:Thing
rc:ToothbrushHolder,rdfs:subClassOf,rc:NonPoweredDevice
rc:ToothbrushHolder,rdfs:subClassOf,rc:StorageConstruct
rc:ToothbrushHolder,rdfs:subClassOf,owl:Thing
rc:BlackishBlue_Color,rdfs:subClassOf,rc:Black_HairColor
rc:BlackishBlue_Color,rdfs:subClassOf,owl:Thing
rc:SilverNitrate,rdfs:subClassOf,rc:InorganicNitrate
rc:SilverNitrate,rdfs:subClassOf,owl:Thing
rc:AppleJuice,rdfs:subClassOf,rc:SweetTaste
rc:AppleJuice,rdfs:subClassOf,owl:Thing
rc:AlternativeMedicalDiagnosticMethod,rdfs:subClassOf,rc:AlternativeMedicineHealthCareEvent
rc:AlternativeMedicalDiagnosticMethod,rdfs:subClassOf,owl:Thing
rc:AudioVisualDevice_InternetTelephony,rdfs:subClassOf,rc:AudioVisualDevice
rc:AudioVisualDevice_InternetTelephony,rdfs:subClassOf,owl:Thing
rc:FoodSlicer,rdfs:subClassOf,rc:CuttingDevice
rc:FoodSlicer,rdfs:subClassOf,owl:Thing
rc:CommonObjectRequestBrokerArchitecture,rdfs:subClassOf,rc:ProductStandard
rc:CommonObjectRequestBrokerArchitecture,rdfs:subClassOf,owl:Thing
rc:ContinuousIntervalOnNumberLine,rdfs:subClassOf,rc:IntervalOnNumberLine
rc:ContinuousIntervalOnNumberLine,rdfs:subClassOf,owl:Thing
rc:RelativeHumidity,rdfs:subClassOf,rc:WeatherQuantity
rc:RelativeHumidity,rdfs:subClassOf,owl:Thing
rc:Chalice,rdfs:subClassOf,rc:DrinkingVessel
rc:Chalice,rdfs:subClassOf,owl:Thing
rc:Ladder,rdfs:subClassOf,rc:NonPoweredDevice
rc:Ladder,rdfs:subClassOf,rc:Tool
rc:Ladder,rdfs:subClassOf,owl:Thing
rc:LanguagesWrittenInDevanagari,rdfs:subClassOf,rc:DevanagariWriting
rc:LanguagesWrittenInDevanagari,rdfs:subClassOf,owl:Thing
rc:BorderCheckpointFacility,rdfs:subClassOf,rc:InspectionFacility
rc:BorderCheckpointFacility,rdfs:subClassOf,owl:Thing
rc:Ecosystem,rdfs:subClassOf,rc:FunctionalSystem
rc:Ecosystem,rdfs:subClassOf,owl:Thing
rc:Ambiguity,rdfs:subClassOf,rc:Accuracy
rc:Ambiguity,rdfs:subClassOf,owl:Thing
rc:Superhero,rdfs:subClassOf,rc:FictionalCharacter
rc:Superhero,rdfs:subClassOf,owl:Thing
rc:EthnicGroupOfDjerma,rdfs:subClassOf,rc:EthnicGroupOfAfricans
rc:EthnicGroupOfDjerma,rdfs:subClassOf,owl:Thing
rc:EcologicalData,rdfs:subClassOf,rc:Ecology
rc:EcologicalData,rdfs:subClassOf,owl:Thing
rc:PlasticFoodContainer,rdfs:subClassOf,rc:PlasticContainer
rc:PlasticFoodContainer,rdfs:subClassOf,owl:Thing
rc:Window,rdfs:subClassOf,rc:DoorWindowGlass
rc:Window,rdfs:subClassOf,owl:Thing
rc:VelcroTheFastener,rdfs:subClassOf,rc:SportingGoodsMarketCategory
rc:VelcroTheFastener,rdfs:subClassOf,rc:TextileArtifact
rc:VelcroTheFastener,rdfs:subClassOf,owl:Thing
rc:IChing,rdfs:subClassOf,rc:Divination
rc:IChing,rdfs:subClassOf,owl:Thing
rc:TemporaryUserRightsAgreement,rdfs:subClassOf,rc:Document
rc:TemporaryUserRightsAgreement,rdfs:subClassOf,owl:Thing
rc:Miracle,rdfs:subClassOf,rc:FictionalThing
rc:Miracle,rdfs:subClassOf,owl:Thing
rc:StochasticModel,rdfs:subClassOf,rc:Mathematical
rc:StochasticModel,rdfs:subClassOf,owl:Thing
rc:SolidFoodArtifact,rdfs:subClassOf,rc:SolidTangibleArtifact
rc:SolidFoodArtifact,rdfs:subClassOf,owl:Thing
rc:StagePerformer,rdfs:subClassOf,rc:Artist_Performer
rc:StagePerformer,rdfs:subClassOf,owl:Thing
rc:EthnicGroupOfMalagasy,rdfs:subClassOf,rc:EthnicGroupOfPolynesians
rc:EthnicGroupOfMalagasy,rdfs:subClassOf,owl:Thing
rc:ChristianArchitecture,rdfs:subClassOf,rc:ArchitecturalTypeByStyle
rc:ChristianArchitecture,rdfs:subClassOf,owl:Thing
rc:MarketingStatement,rdfs:subClassOf,rc:NonfictionalPCW
rc:MarketingStatement,rdfs:subClassOf,owl:Thing
rc:Diplomacy,rdfs:subClassOf,rc:InternationalAffairs
rc:Diplomacy,rdfs:subClassOf,rc:InternationalRelationService
rc:Diplomacy,rdfs:subClassOf,owl:Thing
rc:Convenience,rdfs:subClassOf,rc:ActionAttributeLevelQuantity
rc:Convenience,rdfs:subClassOf,owl:Thing
rc:InterpretationsOfQuantumMechanics,rdfs:subClassOf,rc:Metaphysics
rc:InterpretationsOfQuantumMechanics,rdfs:subClassOf,owl:Thing
rc:Cord,rdfs:subClassOf,rc:CordlikeArtifact
rc:Cord,rdfs:subClassOf,owl:Thing
rc:GoodCredit,rdfs:subClassOf,rc:EconomicalQuantity
rc:GoodCredit,rdfs:subClassOf,owl:Thing
rc:SaltyFood,rdfs:subClassOf,rc:SaltyTaste
rc:SaltyFood,rdfs:subClassOf,owl:Thing
rc:DamaraPeople,rdfs:subClassOf,rc:EthnicGroupOfHottentots
rc:DamaraPeople,rdfs:subClassOf,owl:Thing
rc:MindControlMethod,rdfs:subClassOf,rc:SkillsMethod
rc:MindControlMethod,rdfs:subClassOf,owl:Thing
rc:SerialNumber_String,rdfs:subClassOf,rc:IDString
rc:SerialNumber_String,rdfs:subClassOf,owl:Thing
rc:FinancialInterestDisclosure,rdfs:subClassOf,rc:Statement
rc:FinancialInterestDisclosure,rdfs:subClassOf,owl:Thing
rc:KnowledgeRepresentation,rdfs:subClassOf,rc:InformationScience
rc:KnowledgeRepresentation,rdfs:subClassOf,rc:NonfictionalPCW
rc:KnowledgeRepresentation,rdfs:subClassOf,owl:Thing
rc:EthnicGroupOfEuropeans,rdfs:subClassOf,rc:EthnicGroup
rc:EthnicGroupOfEuropeans,rdfs:subClassOf,owl:Thing
rc:Plan,rdfs:subClassOf,rc:GoalOrientedSpecification
rc:Plan,rdfs:subClassOf,owl:Thing
rc:EnglishLegendaryCharacter,rdfs:subClassOf,rc:FictionalCharacter
rc:EnglishLegendaryCharacter,rdfs:subClassOf,owl:Thing
rc:Record_ExtremeValue,rdfs:subClassOf,rc:Rating
rc:Record_ExtremeValue,rdfs:subClassOf,owl:Thing
rc:EthnicGroupOfPuebloans,rdfs:subClassOf,rc:EthnicGroupOfNorthAmericanNatives
rc:EthnicGroupOfPuebloans,rdfs:subClassOf,owl:Thing
rc:TidalDatum,rdfs:subClassOf,rc:VerticalDatum
rc:TidalDatum,rdfs:subClassOf,owl:Thing
rc:MotorSport,rdfs:subClassOf,rc:Sport
rc:MotorSport,rdfs:subClassOf,owl:Thing
rc:Aluminum,rdfs:subClassOf,rc:BaseMetal
rc:Aluminum,rdfs:subClassOf,rc:TransitionMetal
rc:Aluminum,rdfs:subClassOf,rc:UnalloyedMetal
rc:Aluminum,rdfs:subClassOf,owl:Thing
rc:RubidiumHydroxide,rdfs:subClassOf,rc:InorganicSalt
rc:RubidiumHydroxide,rdfs:subClassOf,owl:Thing
rc:FirstAidKit,rdfs:subClassOf,rc:Kit
rc:FirstAidKit,rdfs:subClassOf,owl:Thing
rc:Transducer,rdfs:subClassOf,rc:MeasuringTestingInstrument
rc:Transducer,rdfs:subClassOf,owl:Thing
rc:KingChristianVIII,rdfs:subClassOf,rc:King_HeadOfState
rc:KingChristianVIII,rdfs:subClassOf,owl:Thing
rc:EthnicGroupOfChinese,rdfs:subClassOf,rc:EthnicGroupOfAsians
rc:EthnicGroupOfChinese,rdfs:subClassOf,owl:Thing
rc:OpticalIllusion,rdfs:subClassOf,rc:Illusion
rc:OpticalIllusion,rdfs:subClassOf,rc:NonAspectualQuantity
rc:OpticalIllusion,rdfs:subClassOf,owl:Thing
rc:Resin,rdfs:subClassOf,rc:RawMaterials
rc:Resin,rdfs:subClassOf,owl:Thing
rc:Shake_BuildingMaterial,rdfs:subClassOf,rc:Shingle_BuildingMaterial
rc:Shake_BuildingMaterial,rdfs:subClassOf,owl:Thing
rc:FullyClothed,rdfs:subClassOf,rc:EvaluativeQuantity
rc:FullyClothed,rdfs:subClassOf,owl:Thing
rc:Streetlight,rdfs:subClassOf,rc:ElectricalLightingDevice
rc:Streetlight,rdfs:subClassOf,owl:Thing
rc:AirTrafficControlSimulator,rdfs:subClassOf,rc:AirTrafficControl
rc:AirTrafficControlSimulator,rdfs:subClassOf,owl:Thing
rc:PageOfPaper_IBO,rdfs:subClassOf,rc:SheetOfPaper
rc:PageOfPaper_IBO,rdfs:subClassOf,owl:Thing
rc:Countertop,rdfs:subClassOf,rc:InteriorFinishingMaterial
rc:Countertop,rdfs:subClassOf,owl:Thing
rc:TranscendentalNumber,rdfs:subClassOf,rc:IrrationalNumber
rc:TranscendentalNumber,rdfs:subClassOf,owl:Thing
rc:EthnicGroupOfMandinka,rdfs:subClassOf,rc:EthnicGroupOfAfricans
rc:EthnicGroupOfMandinka,rdfs:subClassOf,owl:Thing
rc:Nun,rdfs:subClassOf,rc:AdultFemaleHuman
rc:Nun,rdfs:subClassOf,owl:Thing
rc:CellPhoneDataCable,rdfs:subClassOf,rc:Path_InfoTransfer
rc:CellPhoneDataCable,rdfs:subClassOf,owl:Thing
rc:SheetOfWritingPaper,rdfs:subClassOf,rc:PrintingAndWritingPaper
rc:SheetOfWritingPaper,rdfs:subClassOf,rc:WritingSurfaceProduct
rc:SheetOfWritingPaper,rdfs:subClassOf,owl:Thing
rc:JewishDiaspora,rdfs:subClassOf,rc:Diaspora
rc:JewishDiaspora,rdfs:subClassOf,owl:Thing
rc:Porphyra,rdfs:subClassOf,rc:Bangiales
rc:Porphyra,rdfs:subClassOf,owl:Thing
rc:TimeBomb,rdfs:subClassOf,rc:MailableObject
rc:TimeBomb,rdfs:subClassOf,owl:Thing
rc:MagnesiumNitrate,rdfs:subClassOf,rc:InorganicSalt
rc:MagnesiumNitrate,rdfs:subClassOf,owl:Thing
rc:BasicConceptsInInfiniteSetTheory,rdfs:subClassOf,rc:DenumerableSetOrCollection
rc:BasicConceptsInInfiniteSetTheory,rdfs:subClassOf,owl:Thing
rc:PotassiumNitrite,rdfs:subClassOf,rc:InorganicSalt
rc:PotassiumNitrite,rdfs:subClassOf,rc:NoOdor
rc:PotassiumNitrite,rdfs:subClassOf,rc:OtherToxicSubstance
rc:PotassiumNitrite,rdfs:subClassOf,owl:Thing
rc:NewClassicalArchitecture,rdfs:subClassOf,rc:NeoclassicArchitecturalStyle
rc:NewClassicalArchitecture,rdfs:subClassOf,owl:Thing
rc:HoldingClampingTool,rdfs:subClassOf,rc:HolderGripper
rc:HoldingClampingTool,rdfs:subClassOf,owl:Thing
rc:Pill,rdfs:subClassOf,rc:ConsumableProduct
rc:Pill,rdfs:subClassOf,owl:Thing
rc:KingHenryVII,rdfs:subClassOf,rc:King_HeadOfState
rc:KingHenryVII,rdfs:subClassOf,owl:Thing
rc:AchaemenidArchitecture,rdfs:subClassOf,rc:ArchitecturalTypeByStyle
rc:AchaemenidArchitecture,rdfs:subClassOf,owl:Thing
rc:DeclaringWar,rdfs:subClassOf,rc:AnnouncingSomething
rc:DeclaringWar,rdfs:subClassOf,owl:Thing
rc:JosefStalin,rdfs:subClassOf,rc:WorldLeader
rc:JosefStalin,rdfs:subClassOf,owl:Thing
rc:FerrousChloride,rdfs:subClassOf,rc:InorganicHalide
rc:FerrousChloride,rdfs:subClassOf,owl:Thing
rc:ZincChloride,rdfs:subClassOf,rc:InorganicHalide
rc:ZincChloride,rdfs:subClassOf,owl:Thing
rc:MysteryTVShow,rdfs:subClassOf,rc:PropositionalConceptualWork_MysteryGenre
rc:MysteryTVShow,rdfs:subClassOf,owl:Thing
rc:LinearVelocityVector,rdfs:subClassOf,rc:VectorInterval
rc:LinearVelocityVector,rdfs:subClassOf,owl:Thing
rc:BasisPoint_Number,rdfs:subClassOf,rc:OrderOfMagnitudeInterval
rc:BasisPoint_Number,rdfs:subClassOf,owl:Thing
rc:Biotechnology,rdfs:subClassOf,rc:TechnologyByType
rc:Biotechnology,rdfs:subClassOf,owl:Thing
rc:CappingProcess_ChemicalReaction,rdfs:subClassOf,rc:ChemicalBonding
rc:CappingProcess_ChemicalReaction,rdfs:subClassOf,owl:Thing
rc:Lesson,rdfs:subClassOf,rc:InformationBearingThing
rc:Lesson,rdfs:subClassOf,owl:Thing
rc:StreetChildren,rdfs:subClassOf,rc:YoungHuman
rc:StreetChildren,rdfs:subClassOf,owl:Thing
rc:ChaouiPeople,rdfs:subClassOf,rc:EthnicGroupOfBerbers
rc:ChaouiPeople,rdfs:subClassOf,owl:Thing
rc:Modem,rdfs:subClassOf,rc:NetworkServiceEquipment
rc:Modem,rdfs:subClassOf,owl:Thing
rc:PetriDish,rdfs:subClassOf,rc:StorageConstruct
rc:PetriDish,rdfs:subClassOf,owl:Thing
rc:SodiumAcetate,rdfs:subClassOf,rc:InorganicSalt
rc:SodiumAcetate,rdfs:subClassOf,owl:Thing
rc:Chlorophytopsida,rdfs:subClassOf,rc:Phycophyta
rc:Chlorophytopsida,rdfs:subClassOf,owl:Thing
rc:ConveyorBelt,rdfs:subClassOf,rc:NonAutomotiveTransportDevice
rc:ConveyorBelt,rdfs:subClassOf,owl:Thing
rc:AggregateOffer,rdfs:subClassOf,rc:Offer
rc:AggregateOffer,rdfs:subClassOf,owl:Thing
rc:KingCharlesIV,rdfs:subClassOf,rc:King_HeadOfState
rc:KingCharlesIV,rdfs:subClassOf,owl:Thing
rc:Dexterity,rdfs:subClassOf,rc:PerformanceLevelQuantity
rc:Dexterity,rdfs:subClassOf,owl:Thing
rc:AssyriansInSyria,rdfs:subClassOf,rc:EthnicGroupOfAssyrians
rc:AssyriansInSyria,rdfs:subClassOf,owl:Thing
rc:KingWilliamI,rdfs:subClassOf,rc:King_HeadOfState
rc:KingWilliamI,rdfs:subClassOf,owl:Thing
rc:LiteraryCharacter,rdfs:subClassOf,rc:FictionalCharacter
rc:LiteraryCharacter,rdfs:subClassOf,owl:Thing
rc:OperaGenre,rdfs:subClassOf,rc:TheatricalGenre
rc:OperaGenre,rdfs:subClassOf,owl:Thing
rc:PlaystationGame,rdfs:subClassOf,rc:BrandNameGame
rc:PlaystationGame,rdfs:subClassOf,owl:Thing
rc:Personhood,rdfs:subClassOf,rc:FreedomOfAction
rc:Personhood,rdfs:subClassOf,owl:Thing
rc:Knife_Electric,rdfs:subClassOf,rc:DomesticKitchenAppliance
rc:Knife_Electric,rdfs:subClassOf,rc:HouseholdAppliance
rc:Knife_Electric,rdfs:subClassOf,owl:Thing
rc:Tokusatsu,rdfs:subClassOf,rc:Fantasy
rc:Tokusatsu,rdfs:subClassOf,owl:Thing
rc:DoorKnocker,rdfs:subClassOf,rc:Device_UserPowered
rc:DoorKnocker,rdfs:subClassOf,rc:MechanicalDevice
rc:DoorKnocker,rdfs:subClassOf,owl:Thing
rc:HeadOfState_Elected,rdfs:subClassOf,rc:HeadOfState
rc:HeadOfState_Elected,rdfs:subClassOf,owl:Thing
rc:FrenchBasquePeople,rdfs:subClassOf,rc:EthnicGroupOfBasques
rc:FrenchBasquePeople,rdfs:subClassOf,owl:Thing
rc:GeoCitiesWebHostingService,rdfs:subClassOf,rc:WebHosting
rc:GeoCitiesWebHostingService,rdfs:subClassOf,rc:WebServer_Network
rc:GeoCitiesWebHostingService,rdfs:subClassOf,owl:Thing
rc:EthnicGroupOfEastIndians,rdfs:subClassOf,rc:EthnicGroupOfAsians
rc:EthnicGroupOfEastIndians,rdfs:subClassOf,owl:Thing
rc:AdultConsumer,rdfs:subClassOf,rc:HumanAdult
rc:AdultConsumer,rdfs:subClassOf,owl:Thing
rc:KabylePeople,rdfs:subClassOf,rc:EthnicGroupOfBerbers
rc:KabylePeople,rdfs:subClassOf,owl:Thing
rc:EdwardIVOfEngland_Person,rdfs:subClassOf,rc:IndividualPeople
rc:EdwardIVOfEngland_Person,rdfs:subClassOf,owl:Thing
rc:Condominium,rdfs:subClassOf,rc:FlatApartment
rc:Condominium,rdfs:subClassOf,owl:Thing
rc:PinballMachine,rdfs:subClassOf,rc:CommercialServicesDevice
rc:PinballMachine,rdfs:subClassOf,owl:Thing
rc:ChildrensMovie,rdfs:subClassOf,rc:PropositionalConceptualWork_ChildrensNarrativeGenre
rc:ChildrensMovie,rdfs:subClassOf,owl:Thing
rc:LetterToTheEditor,rdfs:subClassOf,rc:Letter
rc:LetterToTheEditor,rdfs:subClassOf,owl:Thing
rc:BoundedDirectedAcyclicGraph,rdfs:subClassOf,rc:BoundedDirectedPathSystem
rc:BoundedDirectedAcyclicGraph,rdfs:subClassOf,owl:Thing
rc:Pittance,rdfs:subClassOf,rc:NonNumericScalarQuantity
rc:Pittance,rdfs:subClassOf,owl:Thing
rc:EthnicGroupOfMoors,rdfs:subClassOf,rc:EthnicGroupOfAndalusians
rc:EthnicGroupOfMoors,rdfs:subClassOf,rc:EthnicGroupOfArab_Berbers
rc:EthnicGroupOfMoors,rdfs:subClassOf,rc:EthnicGroupOfBerbers
rc:EthnicGroupOfMoors,rdfs:subClassOf,owl:Thing
rc:Billboard,rdfs:subClassOf,rc:Advertisement_Commercial_IBT
rc:Billboard,rdfs:subClassOf,rc:SignageEquipment
rc:Billboard,rdfs:subClassOf,owl:Thing
rc:EthnicGroupOfBushmen,rdfs:subClassOf,rc:EthnicGroupOfAfricans
rc:EthnicGroupOfBushmen,rdfs:subClassOf,owl:Thing
rc:Linen,rdfs:subClassOf,rc:DomesticConsumerProduct
rc:Linen,rdfs:subClassOf,rc:HouseholdLinensMarketCategory
rc:Linen,rdfs:subClassOf,owl:Thing
rc:FlourOrMeal,rdfs:subClassOf,rc:PlantProduct
rc:FlourOrMeal,rdfs:subClassOf,owl:Thing
rc:Intuition_Knowledge,rdfs:subClassOf,rc:PersonalQuantity
rc:Intuition_Knowledge,rdfs:subClassOf,owl:Thing
rc:ComputerProcess_Generic,rdfs:subClassOf,rc:Artifact_Intangible
rc:ComputerProcess_Generic,rdfs:subClassOf,owl:Thing
rc:ActorInMovies,rdfs:subClassOf,rc:Actor
rc:ActorInMovies,rdfs:subClassOf,owl:Thing
rc:MaterialContainer,rdfs:subClassOf,rc:ContainerArtifact
rc:MaterialContainer,rdfs:subClassOf,owl:Thing
rc:GameEngine,rdfs:subClassOf,rc:SoftwareDevelopment
rc:GameEngine,rdfs:subClassOf,owl:Thing
rc:Accordionist,rdfs:subClassOf,rc:MusicalInstrumentPlayer
rc:Accordionist,rdfs:subClassOf,owl:Thing
rc:NaturalGasProcessingPlant,rdfs:subClassOf,rc:HeavyIndustryFacility
rc:NaturalGasProcessingPlant,rdfs:subClassOf,owl:Thing
rc:HungarianMinoritiesInEurope,rdfs:subClassOf,rc:EthnicGroupOfMagyars
rc:HungarianMinoritiesInEurope,rdfs:subClassOf,owl:Thing
rc:Spoon,rdfs:subClassOf,rc:FluidReservoir
rc:Spoon,rdfs:subClassOf,owl:Thing
rc:EthnicGroupOfUzbeks,rdfs:subClassOf,rc:EthnicGroupOfAsians
rc:EthnicGroupOfUzbeks,rdfs:subClassOf,owl:Thing
rc:BritishThermalUnit,rdfs:subClassOf,rc:EnergyQuantity
rc:BritishThermalUnit,rdfs:subClassOf,owl:Thing
rc:Maggot,rdfs:subClassOf,rc:Larva
rc:Maggot,rdfs:subClassOf,owl:Thing
rc:Bucket,rdfs:subClassOf,rc:DeviceWithNoMovingParts
rc:Bucket,rdfs:subClassOf,owl:Thing
rc:CookingUtensil,rdfs:subClassOf,rc:FoodOrDrinkPreparationDevice
rc:CookingUtensil,rdfs:subClassOf,rc:KitchenFurnishingsMarketCategory
rc:CookingUtensil,rdfs:subClassOf,owl:Thing
rc:RadiotherapySimulator,rdfs:subClassOf,rc:Simulator
rc:RadiotherapySimulator,rdfs:subClassOf,owl:Thing
rc:Definition,rdfs:subClassOf,rc:Description
rc:Definition,rdfs:subClassOf,rc:TextuallySpecificWork
rc:Definition,rdfs:subClassOf,owl:Thing
rc:DiscJockey,rdfs:subClassOf,rc:Entertainer
rc:DiscJockey,rdfs:subClassOf,owl:Thing
rc:RandomSelection,rdfs:subClassOf,rc:RandomFrequency
rc:RandomSelection,rdfs:subClassOf,owl:Thing
rc:Plutonium,rdfs:subClassOf,rc:FissionableMaterial
rc:Plutonium,rdfs:subClassOf,owl:Thing
rc:WorldTradeCenter,rdfs:subClassOf,rc:ModernMinimalistArchitecturalStyle
rc:WorldTradeCenter,rdfs:subClassOf,owl:Thing
rc:Speedboat,rdfs:subClassOf,rc:LuxuryItem
rc:Speedboat,rdfs:subClassOf,owl:Thing
rc:Cipher,rdfs:subClassOf,rc:Cryptography
rc:Cipher,rdfs:subClassOf,owl:Thing
rc:SolderingIron,rdfs:subClassOf,rc:ElectricalTool
rc:SolderingIron,rdfs:subClassOf,owl:Thing
rc:Concentration_PartsPerNumber,rdfs:subClassOf,rc:ConcentrationStrength
rc:Concentration_PartsPerNumber,rdfs:subClassOf,owl:Thing
rc:EricClapton,rdfs:subClassOf,rc:Singer_songwriter
rc:EricClapton,rdfs:subClassOf,owl:Thing
rc:Puppy,rdfs:subClassOf,rc:JuvenileAnimal
rc:Puppy,rdfs:subClassOf,owl:Thing
rc:EthnicGroupOfAsianAmericans,rdfs:subClassOf,rc:EthnicGroup
rc:EthnicGroupOfAsianAmericans,rdfs:subClassOf,owl:Thing
rc:Shortage,rdfs:subClassOf,rc:EvaluativeQuantity
rc:Shortage,rdfs:subClassOf,owl:Thing
rc:LevelOfSoreness,rdfs:subClassOf,rc:LevelOfDiscomfort
rc:LevelOfSoreness,rdfs:subClassOf,owl:Thing
rc:SheafTheory,rdfs:subClassOf,rc:Topology
rc:SheafTheory,rdfs:subClassOf,owl:Thing
rc:ChessStrategy,rdfs:subClassOf,rc:Strategy
rc:ChessStrategy,rdfs:subClassOf,owl:Thing
rc:SustainableFoodSystem,rdfs:subClassOf,rc:Sustainability
rc:SustainableFoodSystem,rdfs:subClassOf,owl:Thing
rc:NavigationalEquipment,rdfs:subClassOf,rc:SupportServicesEquipment
rc:NavigationalEquipment,rdfs:subClassOf,owl:Thing
rc:Classified,rdfs:subClassOf,rc:IndividualTypeBySecurityStatus
rc:Classified,rdfs:subClassOf,owl:Thing
rc:Locker,rdfs:subClassOf,rc:MaterialContainer
rc:Locker,rdfs:subClassOf,rc:StorageConstruct
rc:Locker,rdfs:subClassOf,owl:Thing
rc:MultiFunctionMachine,rdfs:subClassOf,rc:BusinessMachine
rc:MultiFunctionMachine,rdfs:subClassOf,rc:MultiPurposeDevice
rc:MultiFunctionMachine,rdfs:subClassOf,owl:Thing
rc:HydrogenIodide,rdfs:subClassOf,rc:InorganicHalide
rc:HydrogenIodide,rdfs:subClassOf,owl:Thing
rc:TranscriptCopy,rdfs:subClassOf,rc:HumanAccessibleIBO
rc:TranscriptCopy,rdfs:subClassOf,owl:Thing
rc:Gametophyte,rdfs:subClassOf,rc:Haplodiplont
rc:Gametophyte,rdfs:subClassOf,owl:Thing
rc:EthnicGroupOfTaiwanAborigines,rdfs:subClassOf,rc:EthnicGroupOfAsians
rc:EthnicGroupOfTaiwanAborigines,rdfs:subClassOf,owl:Thing
rc:MoneyRatio,rdfs:subClassOf,rc:RatioQuantity
rc:MoneyRatio,rdfs:subClassOf,owl:Thing
rc:BackBoard,rdfs:subClassOf,rc:NonPoweredDevice
rc:BackBoard,rdfs:subClassOf,owl:Thing
rc:Subset,rdfs:subClassOf,rc:Set_Mathematical
rc:Subset,rdfs:subClassOf,owl:Thing
rc:FilipinoChildren,rdfs:subClassOf,rc:EthnicGroupOfFilipinos
rc:FilipinoChildren,rdfs:subClassOf,owl:Thing
rc:EthnicGroupOfNewWorldBlacks,rdfs:subClassOf,rc:EthnicGroupOfBlacks
rc:EthnicGroupOfNewWorldBlacks,rdfs:subClassOf,owl:Thing
rc:BroadwayMusical,rdfs:subClassOf,rc:MusicalPerformance
rc:BroadwayMusical,rdfs:subClassOf,owl:Thing
rc:Lever,rdfs:subClassOf,rc:SinglePurposeDevice
rc:Lever,rdfs:subClassOf,owl:Thing
rc:Perilla,rdfs:subClassOf,rc:Lamiaceae
rc:Perilla,rdfs:subClassOf,owl:Thing
rc:WindowCovering,rdfs:subClassOf,rc:HouseholdFurnishingsMC
rc:WindowCovering,rdfs:subClassOf,rc:WindowTreatment
rc:WindowCovering,rdfs:subClassOf,owl:Thing
rc:Computer,rdfs:subClassOf,rc:ComputerHardwareItem
rc:Computer,rdfs:subClassOf,owl:Thing
rc:Fictional_Mutant,rdfs:subClassOf,rc:FictionalCharacter
rc:Fictional_Mutant,rdfs:subClassOf,owl:Thing
kko:TopicsCategories,rdfs:subClassOf,kko:ConceptualSystems
kko:TopicsCategories,rdfs:subClassOf,owl:Thing
rc:BroadcastTransmitter,rdfs:subClassOf,rc:IndicatingRecordingInstrument
rc:BroadcastTransmitter,rdfs:subClassOf,owl:Thing
rc:Black_HairColor,rdfs:subClassOf,rc:HumanHairColor
rc:Black_HairColor,rdfs:subClassOf,owl:Thing
rc:ControlKnob,rdfs:subClassOf,rc:InstrumentalArtifact
rc:ControlKnob,rdfs:subClassOf,rc:MechanicalDevice
rc:ControlKnob,rdfs:subClassOf,owl:Thing
rc:ElectricCanOpener,rdfs:subClassOf,rc:DomesticKitchenAppliance
rc:ElectricCanOpener,rdfs:subClassOf,rc:SmallApplianceMarketCategory
rc:ElectricCanOpener,rdfs:subClassOf,owl:Thing
rc:HeterosexualHuman,rdfs:subClassOf,rc:HumanTypeBySexualOrientation
rc:HeterosexualHuman,rdfs:subClassOf,owl:Thing
rc:Crate,rdfs:subClassOf,rc:ContainerStorage
rc:Crate,rdfs:subClassOf,rc:StorageConstruct
rc:Crate,rdfs:subClassOf,owl:Thing
rc:EthnicGroupOfTutsi,rdfs:subClassOf,rc:EthnicGroupOfAfricans
rc:EthnicGroupOfTutsi,rdfs:subClassOf,owl:Thing
rc:SindhiDiaspora,rdfs:subClassOf,rc:Diaspora
rc:SindhiDiaspora,rdfs:subClassOf,rc:EthnicGroupOfSindhis
rc:SindhiDiaspora,rdfs:subClassOf,owl:Thing
rc:ComputerHardwareItem,rdfs:subClassOf,rc:ElectronicDevice
rc:ComputerHardwareItem,rdfs:subClassOf,owl:Thing
rc:WaterPistol,rdfs:subClassOf,rc:Device_UserControlled
rc:WaterPistol,rdfs:subClassOf,rc:Device_UserPowered
rc:WaterPistol,rdfs:subClassOf,owl:Thing
rc:EnergyConsumption,rdfs:subClassOf,rc:EnergyQuantity
rc:EnergyConsumption,rdfs:subClassOf,owl:Thing
rc:PoolTable,rdfs:subClassOf,rc:NonPoweredDevice
rc:PoolTable,rdfs:subClassOf,owl:Thing
rc:LochNessMonsterInTelevision,rdfs:subClassOf,rc:LochNessMonster
rc:LochNessMonsterInTelevision,rdfs:subClassOf,owl:Thing
rc:ReclinerChairsMarketCategory,rdfs:subClassOf,rc:ProductTypeByMarketCategory
rc:ReclinerChairsMarketCategory,rdfs:subClassOf,owl:Thing
rc:Caterpillar,rdfs:subClassOf,rc:Larva
rc:Caterpillar,rdfs:subClassOf,owl:Thing
rc:GeographicalDirection_Direct,rdfs:subClassOf,rc:GeographicalDirection
rc:GeographicalDirection_Direct,rdfs:subClassOf,rc:UnitVector_Precise
rc:GeographicalDirection_Direct,rdfs:subClassOf,owl:Thing
rc:AdventurousPersonality,rdfs:subClassOf,rc:PersonalQuantity
rc:AdventurousPersonality,rdfs:subClassOf,owl:Thing
rc:ElectronicCircuit,rdfs:subClassOf,rc:ElectronicDevice
rc:ElectronicCircuit,rdfs:subClassOf,owl:Thing
rc:RefrigeratedStorageDevice,rdfs:subClassOf,rc:ContainerArtifact
rc:RefrigeratedStorageDevice,rdfs:subClassOf,owl:Thing
rc:SoundMeasurement,rdfs:subClassOf,rc:Acoustics
rc:SoundMeasurement,rdfs:subClassOf,owl:Thing
rc:OxidationProcess,rdfs:subClassOf,rc:ChemicalReaction
rc:OxidationProcess,rdfs:subClassOf,owl:Thing
rc:Witchcraft,rdfs:subClassOf,rc:Paranormal
rc:Witchcraft,rdfs:subClassOf,owl:Thing
rc:Famine,rdfs:subClassOf,rc:Shortage
rc:Famine,rdfs:subClassOf,owl:Thing
rc:Sunglasses,rdfs:subClassOf,rc:SportingGoodsMarketCategory
rc:Sunglasses,rdfs:subClassOf,owl:Thing
rc:PotassiumSulfate,rdfs:subClassOf,rc:InorganicSalt
rc:PotassiumSulfate,rdfs:subClassOf,owl:Thing
rc:AirBrush,rdfs:subClassOf,rc:Atomizer
rc:AirBrush,rdfs:subClassOf,rc:Device_SingleUser
rc:AirBrush,rdfs:subClassOf,owl:Thing
rc:Kryptonite,rdfs:subClassOf,rc:FictionalObject
rc:Kryptonite,rdfs:subClassOf,owl:Thing
rc:FootballClubAttendance,rdfs:subClassOf,rc:SportsAttendance
rc:FootballClubAttendance,rdfs:subClassOf,owl:Thing
rc:Kitsune,rdfs:subClassOf,rc:Shapeshifter
rc:Kitsune,rdfs:subClassOf,owl:Thing
rc:Restroom,rdfs:subClassOf,rc:Amenity
rc:Restroom,rdfs:subClassOf,owl:Thing
rc:EthnicGroupOfHanChinese,rdfs:subClassOf,rc:EthnicGroupOfChinese
rc:EthnicGroupOfHanChinese,rdfs:subClassOf,owl:Thing
rc:ElectronMicroscope,rdfs:subClassOf,rc:ElectronicDevice
rc:ElectronMicroscope,rdfs:subClassOf,owl:Thing
rc:BiologyOfGender,rdfs:subClassOf,rc:Sociobiology
rc:BiologyOfGender,rdfs:subClassOf,owl:Thing
rc:TableKnife,rdfs:subClassOf,rc:Knife
rc:TableKnife,rdfs:subClassOf,owl:Thing
rc:VendingMachine,rdfs:subClassOf,rc:MechanicalDevice
rc:VendingMachine,rdfs:subClassOf,rc:PoweredDevice
rc:VendingMachine,rdfs:subClassOf,owl:Thing
rc:PrivacyLevel,rdfs:subClassOf,rc:TotallyOrderedQuantityType
rc:PrivacyLevel,rdfs:subClassOf,owl:Thing
rc:HumanPopulation,rdfs:subClassOf,rc:PopulationOfType_Organism_Whole
rc:HumanPopulation,rdfs:subClassOf,owl:Thing
rc:LimitedAccess,rdfs:subClassOf,rc:IndividualTypeBySecurityStatus
rc:LimitedAccess,rdfs:subClassOf,owl:Thing
rc:Iapetus_TheTitan,rdfs:subClassOf,rc:MythologicalGod
rc:Iapetus_TheTitan,rdfs:subClassOf,owl:Thing
rc:Spectrometer,rdfs:subClassOf,rc:MeasuringDevice
rc:Spectrometer,rdfs:subClassOf,rc:SpectroscopicEquipment
rc:Spectrometer,rdfs:subClassOf,owl:Thing
rc:Education,rdfs:subClassOf,rc:EducationalSystem
rc:Education,rdfs:subClassOf,owl:Thing
rc:SantaClaus,rdfs:subClassOf,rc:FamousHuman
rc:SantaClaus,rdfs:subClassOf,owl:Thing
rc:MSPowerPointDocument,rdfs:subClassOf,rc:ComputerFile
rc:MSPowerPointDocument,rdfs:subClassOf,owl:Thing
rc:WeaponSystem,rdfs:subClassOf,rc:DurableGood
rc:WeaponSystem,rdfs:subClassOf,rc:PhysicalSystem
rc:WeaponSystem,rdfs:subClassOf,rc:SystemOfDevices
rc:WeaponSystem,rdfs:subClassOf,owl:Thing
rc:TVMusical,rdfs:subClassOf,rc:PropositionalConceptualWork_MusicalGenre
rc:TVMusical,rdfs:subClassOf,owl:Thing
rc:EthnicGroupOfMulattos,rdfs:subClassOf,rc:EthnicGroupOfMixedRace
rc:EthnicGroupOfMulattos,rdfs:subClassOf,owl:Thing
rc:ShotTower,rdfs:subClassOf,rc:SinglePurposeDevice
rc:ShotTower,rdfs:subClassOf,owl:Thing
rc:Brick,rdfs:subClassOf,rc:DeviceWithNoMovingParts
rc:Brick,rdfs:subClassOf,rc:NonPoweredDevice
rc:Brick,rdfs:subClassOf,owl:Thing
rc:ChemicalPlant_Facility,rdfs:subClassOf,rc:HeavyIndustryFacility
rc:ChemicalPlant_Facility,rdfs:subClassOf,owl:Thing
rc:Fermium,rdfs:subClassOf,rc:TransuraniumElement
rc:Fermium,rdfs:subClassOf,owl:Thing
rc:EthnicGroupOfBiharis,rdfs:subClassOf,rc:EthnicGroupOfAsians
rc:EthnicGroupOfBiharis,rdfs:subClassOf,owl:Thing
rc:Stirrup,rdfs:subClassOf,rc:SinglePurposeDevice
rc:Stirrup,rdfs:subClassOf,owl:Thing
rc:Brown_EyeColor,rdfs:subClassOf,rc:HumanEyeColor
rc:Brown_EyeColor,rdfs:subClassOf,owl:Thing
rc:BiodegradablePlastic,rdfs:subClassOf,rc:Sustainability
rc:BiodegradablePlastic,rdfs:subClassOf,owl:Thing
rc:Dehumidifier,rdfs:subClassOf,rc:ClimateControlDevice
rc:Dehumidifier,rdfs:subClassOf,owl:Thing
rc:LevelOfQuality,rdfs:subClassOf,rc:EvaluativeQuantity
rc:LevelOfQuality,rdfs:subClassOf,rc:TotallyOrderedQuantityType
rc:LevelOfQuality,rdfs:subClassOf,owl:Thing
rc:Model_Artifact,rdfs:subClassOf,rc:Collectible
rc:Model_Artifact,rdfs:subClassOf,rc:ManMadeThing
rc:Model_Artifact,rdfs:subClassOf,owl:Thing
rc:AnimalCage,rdfs:subClassOf,rc:AnimalContainment
rc:AnimalCage,rdfs:subClassOf,owl:Thing
kko:Artifacts,rdfs:subClassOf,kko:Symbolic
kko:Artifacts,rdfs:subClassOf,owl:Thing
rc:PotassiumPhosphate,rdfs:subClassOf,rc:InorganicCompound
rc:PotassiumPhosphate,rdfs:subClassOf,owl:Thing
rc:RaceHumanCategorization,rdfs:subClassOf,rc:HumanBeings_Topic
rc:RaceHumanCategorization,rdfs:subClassOf,owl:Thing
rc:EnvironmentalDesign,rdfs:subClassOf,rc:Sustainability
rc:EnvironmentalDesign,rdfs:subClassOf,owl:Thing
rc:Mendelevium,rdfs:subClassOf,rc:TransuraniumElement
rc:Mendelevium,rdfs:subClassOf,owl:Thing
rc:AviationLicensesAndCertification,rdfs:subClassOf,rc:Aviation
rc:AviationLicensesAndCertification,rdfs:subClassOf,owl:Thing
rc:TransportationDevice,rdfs:subClassOf,rc:Equipment
rc:TransportationDevice,rdfs:subClassOf,owl:Thing
rc:Chancellor_HeadOfGovernment,rdfs:subClassOf,rc:HeadOfGovernment
rc:Chancellor_HeadOfGovernment,rdfs:subClassOf,owl:Thing
rc:ChemicalDecomposition,rdfs:subClassOf,rc:ChemicalReaction
rc:ChemicalDecomposition,rdfs:subClassOf,owl:Thing
rc:TVShow,rdfs:subClassOf,rc:BroadcastMediaShow
rc:TVShow,rdfs:subClassOf,rc:TVMediaProduct
rc:TVShow,rdfs:subClassOf,owl:Thing
rc:EconomicForecasting,rdfs:subClassOf,rc:Prediction
rc:EconomicForecasting,rdfs:subClassOf,owl:Thing
rc:HeavilyArmored,rdfs:subClassOf,rc:NonAspectualQuantity
rc:HeavilyArmored,rdfs:subClassOf,owl:Thing
rc:Art,rdfs:subClassOf,rc:Arts
rc:Art,rdfs:subClassOf,owl:Thing
rc:Countess,rdfs:subClassOf,rc:FemaleHuman
rc:Countess,rdfs:subClassOf,owl:Thing
rc:BugzillaBugReport,rdfs:subClassOf,rc:BugReport
rc:BugzillaBugReport,rdfs:subClassOf,owl:Thing
rc:SuddenChange,rdfs:subClassOf,rc:RateOfChangeInQuantity_Speed
rc:SuddenChange,rdfs:subClassOf,owl:Thing
rc:Freeway,rdfs:subClassOf,rc:DividedPath
rc:Freeway,rdfs:subClassOf,rc:FourLanesOrWiderRoadway
rc:Freeway,rdfs:subClassOf,owl:Thing
rc:Cross_TortureDevice,rdfs:subClassOf,rc:TortureDevice
rc:Cross_TortureDevice,rdfs:subClassOf,owl:Thing
rc:TonerCartridge,rdfs:subClassOf,rc:Device_OfficeProduct_Consumable
rc:TonerCartridge,rdfs:subClassOf,owl:Thing
rc:StationarySign,rdfs:subClassOf,rc:DeviceWithNoMovingParts
rc:StationarySign,rdfs:subClassOf,rc:Device_OfficeProduct_Consumable
rc:StationarySign,rdfs:subClassOf,owl:Thing
rc:SwedishMen,rdfs:subClassOf,rc:EthnicGroupOfSwedes
rc:SwedishMen,rdfs:subClassOf,owl:Thing
rc:InfantCarryingSeat,rdfs:subClassOf,rc:SeatingDevice
rc:InfantCarryingSeat,rdfs:subClassOf,owl:Thing
rc:Fictional_FemaleHuman,rdfs:subClassOf,rc:FictionalHuman
rc:Fictional_FemaleHuman,rdfs:subClassOf,owl:Thing
rc:ChessBoard,rdfs:subClassOf,rc:NonPoweredDevice
rc:ChessBoard,rdfs:subClassOf,owl:Thing
rc:ElectricalResistance,rdfs:subClassOf,rc:MultiDimensionalQuantity
rc:ElectricalResistance,rdfs:subClassOf,rc:NonAspectualQuantity
rc:ElectricalResistance,rdfs:subClassOf,owl:Thing
rc:SportsMovie,rdfs:subClassOf,rc:PropositionalConceptualWork_SportsGenre
rc:SportsMovie,rdfs:subClassOf,owl:Thing
rc:EthnicGroupOfPashtun,rdfs:subClassOf,rc:EthnicGroupOfMiddleEasterners
rc:EthnicGroupOfPashtun,rdfs:subClassOf,owl:Thing
rc:Buffet_PieceOfFurniture,rdfs:subClassOf,rc:StorageConstruct
rc:Buffet_PieceOfFurniture,rdfs:subClassOf,owl:Thing
rc:TransportationEngineering,rdfs:subClassOf,rc:ProfessionalEngineeringService
rc:TransportationEngineering,rdfs:subClassOf,owl:Thing
rc:DragAndDrop,rdfs:subClassOf,rc:NonAspectualQuantity
rc:DragAndDrop,rdfs:subClassOf,owl:Thing
rc:ReligiousNorm,rdfs:subClassOf,rc:IndividualCustom
rc:ReligiousNorm,rdfs:subClassOf,owl:Thing
rc:IgboDiaspora,rdfs:subClassOf,rc:Diaspora
rc:IgboDiaspora,rdfs:subClassOf,rc:EthnicGroupOfIbo
rc:IgboDiaspora,rdfs:subClassOf,owl:Thing
rc:SlaveRebellion,rdfs:subClassOf,rc:Rebellion
rc:SlaveRebellion,rdfs:subClassOf,owl:Thing
rc:Porosity,rdfs:subClassOf,rc:DispositionalQuantity
rc:Porosity,rdfs:subClassOf,rc:NonAspectualQuantity
rc:Porosity,rdfs:subClassOf,rc:TangiblePhysicalQuantity
rc:Porosity,rdfs:subClassOf,owl:Thing
rc:NewspaperCopy,rdfs:subClassOf,rc:DisposableProduct
rc:NewspaperCopy,rdfs:subClassOf,rc:PeriodicalCopy
rc:NewspaperCopy,rdfs:subClassOf,owl:Thing
rc:Recycling,rdfs:subClassOf,rc:DevisedStructuredActivity
rc:Recycling,rdfs:subClassOf,owl:Thing
rc:Baroness,rdfs:subClassOf,rc:FemaleHuman
rc:Baroness,rdfs:subClassOf,owl:Thing
rc:Smartphone,rdfs:subClassOf,rc:MobilePhone
rc:Smartphone,rdfs:subClassOf,owl:Thing
rc:Diaspora,rdfs:subClassOf,rc:HumanPopulation
rc:Diaspora,rdfs:subClassOf,owl:Thing
rc:SpaceHeater,rdfs:subClassOf,rc:HeatingDevice
rc:SpaceHeater,rdfs:subClassOf,owl:Thing
rc:PointFinitePathSystem,rdfs:subClassOf,rc:PathSystem
rc:PointFinitePathSystem,rdfs:subClassOf,owl:Thing
rc:RadioactiveIsotope,rdfs:subClassOf,rc:Pollutant
rc:RadioactiveIsotope,rdfs:subClassOf,owl:Thing
