id,subclassof,parent
http://kbpedia.org/kko/rc/OakLeaf_MilitaryInsignia,rdfs:subClassOf,http://kbpedia.org/kko/rc/Insignia_ClothingPart
http://kbpedia.org/kko/rc/OakLeaf_MilitaryInsignia,rdfs:subClassOf,owl:Thing
http://kbpedia.org/kko/rc/EmergencyMedicalCertification,rdfs:subClassOf,http://kbpedia.org/kko/rc/Certification
http://kbpedia.org/kko/rc/EmergencyMedicalCertification,rdfs:subClassOf,owl:Thing
http://kbpedia.org/kko/rc/MusicOfTheUnitedStates,rdfs:subClassOf,http://kbpedia.org/kko/rc/MusicByRegion
http://kbpedia.org/kko/rc/MusicOfTheUnitedStates,rdfs:subClassOf,owl:Thing
http://kbpedia.org/kko/rc/Animation_MovingImage,rdfs:subClassOf,http://kbpedia.org/kko/rc/MovingImage
http://kbpedia.org/kko/rc/Animation_MovingImage,rdfs:subClassOf,http://kbpedia.org/kko/rc/MovingImageWithSound
http://kbpedia.org/kko/rc/Animation_MovingImage,rdfs:subClassOf,owl:Thing
http://kbpedia.org/kko/rc/InstructionalMovie,rdfs:subClassOf,http://kbpedia.org/kko/rc/EducationalMovie
http://kbpedia.org/kko/rc/InstructionalMovie,rdfs:subClassOf,http://kbpedia.org/kko/rc/FilmGenre
http://kbpedia.org/kko/rc/InstructionalMovie,rdfs:subClassOf,owl:Thing
http://kbpedia.org/kko/rc/MusicalComposition_Rock,rdfs:subClassOf,http://kbpedia.org/kko/rc/MusicalComposition
http://kbpedia.org/kko/rc/MusicalComposition_Rock,rdfs:subClassOf,owl:Thing
http://kbpedia.org/kko/rc/Interiors,rdfs:subClassOf,http://kbpedia.org/kko/rc/Movie
http://kbpedia.org/kko/rc/Interiors,rdfs:subClassOf,owl:Thing
http://kbpedia.org/kko/rc/HandGesture,rdfs:subClassOf,http://kbpedia.org/kko/rc/Gesture
http://kbpedia.org/kko/rc/HandGesture,rdfs:subClassOf,owl:Thing
http://kbpedia.org/kko/rc/SilverMedal_Physical,rdfs:subClassOf,http://kbpedia.org/kko/rc/Medal_Physical
http://kbpedia.org/kko/rc/SilverMedal_Physical,rdfs:subClassOf,owl:Thing
http://kbpedia.org/kko/rc/SerialArt,rdfs:subClassOf,http://kbpedia.org/kko/rc/ArtStyle
http://kbpedia.org/kko/rc/SerialArt,rdfs:subClassOf,owl:Thing
http://kbpedia.org/kko/rc/TwoDimensionalArtObjectTypeByGenre,rdfs:subClassOf,http://kbpedia.org/kko/rc/TwoDimensionalArtObject
http://kbpedia.org/kko/rc/TwoDimensionalArtObjectTypeByGenre,rdfs:subClassOf,http://kbpedia.org/kko/rc/VisualArtsGenre
http://kbpedia.org/kko/rc/TwoDimensionalArtObjectTypeByGenre,rdfs:subClassOf,owl:Thing
http://kbpedia.org/kko/rc/Graph,rdfs:subClassOf,http://kbpedia.org/kko/rc/VisualArtifact
http://kbpedia.org/kko/rc/Graph,rdfs:subClassOf,owl:Thing
http://kbpedia.org/kko/rc/TrainTicket,rdfs:subClassOf,http://kbpedia.org/kko/rc/Ticket
http://kbpedia.org/kko/rc/TrainTicket,rdfs:subClassOf,owl:Thing
http://kbpedia.org/kko/rc/OlympicGoldMedal,rdfs:subClassOf,http://kbpedia.org/kko/rc/OlympicMedal
http://kbpedia.org/kko/rc/OlympicGoldMedal,rdfs:subClassOf,owl:Thing
http://kbpedia.org/kko/rc/SignTheDisplay,rdfs:subClassOf,http://kbpedia.org/kko/rc/HardcopyInformationBearingObject
http://kbpedia.org/kko/rc/SignTheDisplay,rdfs:subClassOf,http://kbpedia.org/kko/rc/Signage
http://kbpedia.org/kko/rc/SignTheDisplay,rdfs:subClassOf,owl:Thing
http://kbpedia.org/kko/rc/FriendshipCard,rdfs:subClassOf,http://kbpedia.org/kko/rc/GreetingCard
http://kbpedia.org/kko/rc/FriendshipCard,rdfs:subClassOf,owl:Thing
http://kbpedia.org/kko/rc/Installation,rdfs:subClassOf,http://kbpedia.org/kko/rc/VisualArtsGenre
http://kbpedia.org/kko/rc/Installation,rdfs:subClassOf,owl:Thing
http://kbpedia.org/kko/rc/HouseMusic,rdfs:subClassOf,http://kbpedia.org/kko/rc/DiscoMusic
http://kbpedia.org/kko/rc/HouseMusic,rdfs:subClassOf,http://kbpedia.org/kko/rc/ElectronicMusic
http://kbpedia.org/kko/rc/HouseMusic,rdfs:subClassOf,owl:Thing
http://kbpedia.org/kko/rc/SheepInArt,rdfs:subClassOf,http://kbpedia.org/kko/rc/ArtSubject
http://kbpedia.org/kko/rc/SheepInArt,rdfs:subClassOf,owl:Thing
http://kbpedia.org/kko/rc/Melodrama,rdfs:subClassOf,http://kbpedia.org/kko/rc/TheatricalGenre
http://kbpedia.org/kko/rc/Melodrama,rdfs:subClassOf,owl:Thing
http://kbpedia.org/kko/rc/Picture_Image,rdfs:subClassOf,http://kbpedia.org/kko/rc/StillImage
http://kbpedia.org/kko/rc/Picture_Image,rdfs:subClassOf,owl:Thing
http://kbpedia.org/kko/rc/Fantasy_PictorialGenre,rdfs:subClassOf,http://kbpedia.org/kko/rc/TwoDimensionalArtObjectTypeByGenre
http://kbpedia.org/kko/rc/Fantasy_PictorialGenre,rdfs:subClassOf,owl:Thing
http://kbpedia.org/kko/rc/BluegrassMusic,rdfs:subClassOf,http://kbpedia.org/kko/rc/MusicTypeByGenre
http://kbpedia.org/kko/rc/BluegrassMusic,rdfs:subClassOf,owl:Thing
http://kbpedia.org/kko/rc/AnimationByGenre,rdfs:subClassOf,http://kbpedia.org/kko/rc/Animation_MovingImage
http://kbpedia.org/kko/rc/AnimationByGenre,rdfs:subClassOf,http://kbpedia.org/kko/rc/VisualArtsGenre
http://kbpedia.org/kko/rc/AnimationByGenre,rdfs:subClassOf,owl:Thing
http://kbpedia.org/kko/rc/VikingMetal,rdfs:subClassOf,http://kbpedia.org/kko/rc/DeathMetalMusic
http://kbpedia.org/kko/rc/VikingMetal,rdfs:subClassOf,owl:Thing
http://kbpedia.org/kko/rc/MusicalComposition_AlternativeRock,rdfs:subClassOf,http://kbpedia.org/kko/rc/MusicalComposition_Rock
http://kbpedia.org/kko/rc/MusicalComposition_AlternativeRock,rdfs:subClassOf,owl:Thing
http://kbpedia.org/kko/rc/TVShowOnTravel,rdfs:subClassOf,http://kbpedia.org/kko/rc/InformativeTVShow
http://kbpedia.org/kko/rc/TVShowOnTravel,rdfs:subClassOf,owl:Thing
http://kbpedia.org/kko/rc/AVMediaProduct,rdfs:subClassOf,http://kbpedia.org/ontologies/kko#AVInfo
http://kbpedia.org/kko/rc/AVMediaProduct,rdfs:subClassOf,owl:Thing
http://kbpedia.org/kko/rc/CurrenciesByCountry,rdfs:subClassOf,http://kbpedia.org/kko/rc/Currency
http://kbpedia.org/kko/rc/CurrenciesByCountry,rdfs:subClassOf,owl:Thing
http://kbpedia.org/kko/rc/EarlyMusic,rdfs:subClassOf,http://kbpedia.org/kko/rc/ClassicalMusic
http://kbpedia.org/kko/rc/EarlyMusic,rdfs:subClassOf,owl:Thing
http://kbpedia.org/kko/rc/NewAgePractice,rdfs:subClassOf,http://kbpedia.org/kko/rc/MusicalComposition_NewAge
http://kbpedia.org/kko/rc/NewAgePractice,rdfs:subClassOf,owl:Thing
http://kbpedia.org/kko/rc/BritishHeavyMetalMusic,rdfs:subClassOf,http://kbpedia.org/kko/rc/HeavyMetalMusic
http://kbpedia.org/kko/rc/BritishHeavyMetalMusic,rdfs:subClassOf,owl:Thing
http://kbpedia.org/kko/rc/Summons_Legal,rdfs:subClassOf,http://kbpedia.org/kko/rc/LegalDocument
http://kbpedia.org/kko/rc/Summons_Legal,rdfs:subClassOf,owl:Thing
http://kbpedia.org/kko/rc/InternetArt,rdfs:subClassOf,http://kbpedia.org/kko/rc/DigitalArtObject
http://kbpedia.org/kko/rc/InternetArt,rdfs:subClassOf,owl:Thing
http://kbpedia.org/kko/rc/OuijaSet,rdfs:subClassOf,http://kbpedia.org/kko/rc/VisualInformationBearingThing
http://kbpedia.org/kko/rc/OuijaSet,rdfs:subClassOf,owl:Thing
http://kbpedia.org/kko/rc/LiveVideoAlbum,rdfs:subClassOf,http://kbpedia.org/kko/rc/VideoRecordedObject
http://kbpedia.org/kko/rc/LiveVideoAlbum,rdfs:subClassOf,owl:Thing
http://kbpedia.org/kko/rc/MusicalComposition_Choral,rdfs:subClassOf,http://kbpedia.org/kko/rc/MusicTypeOpenGenre
http://kbpedia.org/kko/rc/MusicalComposition_Choral,rdfs:subClassOf,http://kbpedia.org/kko/rc/MusicalComposition
http://kbpedia.org/kko/rc/MusicalComposition_Choral,rdfs:subClassOf,owl:Thing
http://kbpedia.org/kko/rc/DishonorableDischargeDocument,rdfs:subClassOf,http://kbpedia.org/kko/rc/MilitaryDischargePaper
http://kbpedia.org/kko/rc/DishonorableDischargeDocument,rdfs:subClassOf,owl:Thing
http://kbpedia.org/kko/rc/StationarySign,rdfs:subClassOf,http://kbpedia.org/kko/rc/SignTheDisplay
http://kbpedia.org/kko/rc/StationarySign,rdfs:subClassOf,owl:Thing
http://kbpedia.org/kko/rc/AdventureAnimation,rdfs:subClassOf,http://kbpedia.org/kko/rc/AnimationByGenre
http://kbpedia.org/kko/rc/AdventureAnimation,rdfs:subClassOf,owl:Thing
http://kbpedia.org/kko/rc/Notebook,rdfs:subClassOf,http://kbpedia.org/kko/rc/Paper_IBO
http://kbpedia.org/kko/rc/Notebook,rdfs:subClassOf,owl:Thing
http://kbpedia.org/kko/rc/AlternativeRockGenre,rdfs:subClassOf,http://kbpedia.org/kko/rc/AlternativeRockMusic
http://kbpedia.org/kko/rc/AlternativeRockGenre,rdfs:subClassOf,http://kbpedia.org/kko/rc/MusicalComposition_AlternativeRock
http://kbpedia.org/kko/rc/AlternativeRockGenre,rdfs:subClassOf,http://kbpedia.org/kko/rc/MusicTypeByGenre
http://kbpedia.org/kko/rc/AlternativeRockGenre,rdfs:subClassOf,owl:Thing
http://kbpedia.org/kko/rc/BullettedFormat,rdfs:subClassOf,http://kbpedia.org/kko/rc/List_Information
http://kbpedia.org/kko/rc/BullettedFormat,rdfs:subClassOf,owl:Thing
http://kbpedia.org/kko/rc/CoverOfIBO,rdfs:subClassOf,http://kbpedia.org/kko/rc/Signage
http://kbpedia.org/kko/rc/CoverOfIBO,rdfs:subClassOf,owl:Thing
http://kbpedia.org/kko/rc/HonkingSound,rdfs:subClassOf,http://kbpedia.org/kko/rc/AnimalSound
http://kbpedia.org/kko/rc/HonkingSound,rdfs:subClassOf,owl:Thing
http://kbpedia.org/kko/rc/EroticDramaMovie,rdfs:subClassOf,http://kbpedia.org/kko/rc/DramaticMovie
http://kbpedia.org/kko/rc/EroticDramaMovie,rdfs:subClassOf,http://kbpedia.org/kko/rc/FilmGenre
http://kbpedia.org/kko/rc/EroticDramaMovie,rdfs:subClassOf,owl:Thing
http://kbpedia.org/kko/rc/PackingSlip,rdfs:subClassOf,http://kbpedia.org/kko/rc/OfficialDocument
http://kbpedia.org/kko/rc/PackingSlip,rdfs:subClassOf,owl:Thing
http://kbpedia.org/kko/rc/MusicalComposition_Psychedelic,rdfs:subClassOf,http://kbpedia.org/kko/rc/MusicTypeOpenGenre
http://kbpedia.org/kko/rc/MusicalComposition_Psychedelic,rdfs:subClassOf,http://kbpedia.org/kko/rc/MusicalComposition_Rock
http://kbpedia.org/kko/rc/MusicalComposition_Psychedelic,rdfs:subClassOf,owl:Thing
http://kbpedia.org/kko/rc/TextualPCWStructure,rdfs:subClassOf,http://kbpedia.org/kko/rc/GraphicalStructure
http://kbpedia.org/kko/rc/TextualPCWStructure,rdfs:subClassOf,owl:Thing
http://kbpedia.org/kko/rc/EyeChart,rdfs:subClassOf,http://kbpedia.org/kko/rc/StationarySign
http://kbpedia.org/kko/rc/EyeChart,rdfs:subClassOf,owl:Thing
http://kbpedia.org/kko/rc/PageOfPaper_IBO,rdfs:subClassOf,http://kbpedia.org/kko/rc/Paper_IBO
http://kbpedia.org/kko/rc/PageOfPaper_IBO,rdfs:subClassOf,owl:Thing
http://kbpedia.org/kko/rc/Summons_UK,rdfs:subClassOf,http://kbpedia.org/kko/rc/LegalDocument
http://kbpedia.org/kko/rc/Summons_UK,rdfs:subClassOf,owl:Thing
http://kbpedia.org/kko/rc/JamesBondMovie,rdfs:subClassOf,http://kbpedia.org/kko/rc/ActionMovie
http://kbpedia.org/kko/rc/JamesBondMovie,rdfs:subClassOf,owl:Thing
http://kbpedia.org/kko/rc/WebGraphics,rdfs:subClassOf,http://kbpedia.org/kko/rc/ComputerImageFile
http://kbpedia.org/kko/rc/WebGraphics,rdfs:subClassOf,owl:Thing
http://kbpedia.org/kko/rc/GreekAntiquityInArtAndCulture,rdfs:subClassOf,http://kbpedia.org/kko/rc/ArtSubject
http://kbpedia.org/kko/rc/GreekAntiquityInArtAndCulture,rdfs:subClassOf,owl:Thing
http://kbpedia.org/kko/rc/Billboard,rdfs:subClassOf,http://kbpedia.org/kko/rc/StationarySign
http://kbpedia.org/kko/rc/Billboard,rdfs:subClassOf,http://kbpedia.org/kko/rc/Signage
http://kbpedia.org/kko/rc/Billboard,rdfs:subClassOf,owl:Thing
http://kbpedia.org/kko/rc/TableOfOrganisationAndEquipment,rdfs:subClassOf,http://kbpedia.org/kko/rc/Table_Visual
http://kbpedia.org/kko/rc/TableOfOrganisationAndEquipment,rdfs:subClassOf,owl:Thing
http://kbpedia.org/kko/rc/Opera,rdfs:subClassOf,http://kbpedia.org/kko/rc/ClassicalVocalComposition
http://kbpedia.org/kko/rc/Opera,rdfs:subClassOf,http://kbpedia.org/kko/rc/MusicalComposition_Opera
http://kbpedia.org/kko/rc/Opera,rdfs:subClassOf,http://kbpedia.org/kko/rc/OrchestralComposition
http://kbpedia.org/kko/rc/Opera,rdfs:subClassOf,owl:Thing
http://kbpedia.org/kko/rc/BlueBook_Examination,rdfs:subClassOf,http://kbpedia.org/kko/rc/Notebook
http://kbpedia.org/kko/rc/BlueBook_Examination,rdfs:subClassOf,owl:Thing
http://kbpedia.org/kko/rc/RemixAlbum,rdfs:subClassOf,http://kbpedia.org/kko/rc/Album
http://kbpedia.org/kko/rc/RemixAlbum,rdfs:subClassOf,owl:Thing
http://kbpedia.org/kko/rc/CompactDiscCover,rdfs:subClassOf,http://kbpedia.org/kko/rc/CoverOfIBO
http://kbpedia.org/kko/rc/CompactDiscCover,rdfs:subClassOf,http://kbpedia.org/kko/rc/HardcopyInformationBearingObject
http://kbpedia.org/kko/rc/CompactDiscCover,rdfs:subClassOf,owl:Thing
http://kbpedia.org/kko/rc/VideoOnDemand,rdfs:subClassOf,http://kbpedia.org/kko/rc/VideoRecordedObject
http://kbpedia.org/kko/rc/VideoOnDemand,rdfs:subClassOf,owl:Thing
http://kbpedia.org/kko/rc/Concerto,rdfs:subClassOf,http://kbpedia.org/kko/rc/CompositionWithSoloistAndAccompaniment
http://kbpedia.org/kko/rc/Concerto,rdfs:subClassOf,http://kbpedia.org/kko/rc/Multi_MovementComposition
http://kbpedia.org/kko/rc/Concerto,rdfs:subClassOf,http://kbpedia.org/kko/rc/OrchestralComposition
http://kbpedia.org/kko/rc/Concerto,rdfs:subClassOf,owl:Thing
http://kbpedia.org/kko/rc/ComputerAnimation,rdfs:subClassOf,http://kbpedia.org/kko/rc/Animation_MovingImage
http://kbpedia.org/kko/rc/ComputerAnimation,rdfs:subClassOf,owl:Thing
http://kbpedia.org/kko/rc/HouseMusicGenre,rdfs:subClassOf,http://kbpedia.org/kko/rc/HouseMusic
http://kbpedia.org/kko/rc/HouseMusicGenre,rdfs:subClassOf,http://kbpedia.org/kko/rc/MusicTypeByGenre
http://kbpedia.org/kko/rc/HouseMusicGenre,rdfs:subClassOf,owl:Thing
http://kbpedia.org/kko/rc/MusicalComposition_CountryRock,rdfs:subClassOf,http://kbpedia.org/kko/rc/MusicTypeOpenGenre
http://kbpedia.org/kko/rc/MusicalComposition_CountryRock,rdfs:subClassOf,http://kbpedia.org/kko/rc/MusicalComposition_Country
http://kbpedia.org/kko/rc/MusicalComposition_CountryRock,rdfs:subClassOf,http://kbpedia.org/kko/rc/MusicalComposition_Rock
http://kbpedia.org/kko/rc/MusicalComposition_CountryRock,rdfs:subClassOf,owl:Thing
http://kbpedia.org/kko/rc/LesserAntilleanMusic,rdfs:subClassOf,http://kbpedia.org/kko/rc/MusicByRegion
http://kbpedia.org/kko/rc/LesserAntilleanMusic,rdfs:subClassOf,owl:Thing
http://kbpedia.org/kko/rc/Abstract,rdfs:subClassOf,http://kbpedia.org/kko/rc/TextualPCWStructure
http://kbpedia.org/kko/rc/Abstract,rdfs:subClassOf,owl:Thing
http://kbpedia.org/kko/rc/BathymetricMap,rdfs:subClassOf,http://kbpedia.org/kko/rc/Map
http://kbpedia.org/kko/rc/BathymetricMap,rdfs:subClassOf,owl:Thing
http://kbpedia.org/kko/rc/Semset,rdfs:subClassOf,http://kbpedia.org/kko/rc/AlternativeLabel
http://kbpedia.org/kko/rc/Semset,rdfs:subClassOf,owl:Thing
http://kbpedia.org/kko/rc/HiddenLabel,rdfs:subClassOf,http://kbpedia.org/kko/rc/Label_IBO
http://kbpedia.org/kko/rc/HiddenLabel,rdfs:subClassOf,owl:Thing
http://kbpedia.org/kko/rc/Gesture,rdfs:subClassOf,http://kbpedia.org/kko/rc/VisualInformationBearingThing
http://kbpedia.org/kko/rc/Gesture,rdfs:subClassOf,owl:Thing
http://kbpedia.org/kko/rc/Painting_Moveable,rdfs:subClassOf,http://kbpedia.org/kko/rc/Painting_ArtForm
http://kbpedia.org/kko/rc/Painting_Moveable,rdfs:subClassOf,owl:Thing
http://kbpedia.org/kko/rc/DeathMetalMusic,rdfs:subClassOf,http://kbpedia.org/kko/rc/HeavyMetalMusic
http://kbpedia.org/kko/rc/DeathMetalMusic,rdfs:subClassOf,owl:Thing
http://kbpedia.org/kko/rc/CurrenciesWithMultipleBanknoteIssuers,rdfs:subClassOf,http://kbpedia.org/kko/rc/Currency
http://kbpedia.org/kko/rc/CurrenciesWithMultipleBanknoteIssuers,rdfs:subClassOf,owl:Thing
http://kbpedia.org/kko/rc/BluePage,rdfs:subClassOf,http://kbpedia.org/kko/rc/PageOfPaper_IBO
http://kbpedia.org/kko/rc/BluePage,rdfs:subClassOf,owl:Thing
http://kbpedia.org/kko/rc/OsamuTezukaManga,rdfs:subClassOf,http://kbpedia.org/kko/rc/Manga
http://kbpedia.org/kko/rc/OsamuTezukaManga,rdfs:subClassOf,owl:Thing
http://kbpedia.org/kko/rc/MusicalMovie,rdfs:subClassOf,http://kbpedia.org/kko/rc/FilmGenre
http://kbpedia.org/kko/rc/MusicalMovie,rdfs:subClassOf,owl:Thing
http://kbpedia.org/kko/rc/AudioAcceleration,rdfs:subClassOf,http://kbpedia.org/kko/rc/Sound
http://kbpedia.org/kko/rc/AudioAcceleration,rdfs:subClassOf,owl:Thing
http://kbpedia.org/kko/rc/ElectronicDanceMusic,rdfs:subClassOf,http://kbpedia.org/kko/rc/ElectronicMusic
http://kbpedia.org/kko/rc/ElectronicDanceMusic,rdfs:subClassOf,http://kbpedia.org/kko/rc/MusicTypeOpenGenre
http://kbpedia.org/kko/rc/ElectronicDanceMusic,rdfs:subClassOf,http://kbpedia.org/kko/rc/MusicTypeByGenre
http://kbpedia.org/kko/rc/ElectronicDanceMusic,rdfs:subClassOf,owl:Thing
http://kbpedia.org/kko/rc/MarkerPlate,rdfs:subClassOf,http://kbpedia.org/kko/rc/Signage
http://kbpedia.org/kko/rc/MarkerPlate,rdfs:subClassOf,owl:Thing
http://kbpedia.org/kko/rc/PersonnelRecord,rdfs:subClassOf,http://kbpedia.org/kko/rc/PersonnelDocumentation
http://kbpedia.org/kko/rc/PersonnelRecord,rdfs:subClassOf,owl:Thing
http://kbpedia.org/kko/rc/LiftTicket,rdfs:subClassOf,http://kbpedia.org/kko/rc/Ticket
http://kbpedia.org/kko/rc/LiftTicket,rdfs:subClassOf,http://kbpedia.org/kko/rc/Paper_IBO
http://kbpedia.org/kko/rc/LiftTicket,rdfs:subClassOf,owl:Thing
http://kbpedia.org/kko/rc/SurfMusic,rdfs:subClassOf,http://kbpedia.org/kko/rc/RockMusic
http://kbpedia.org/kko/rc/SurfMusic,rdfs:subClassOf,owl:Thing
http://kbpedia.org/kko/rc/NewAgePredecessor,rdfs:subClassOf,http://kbpedia.org/kko/rc/MusicalComposition_NewAge
http://kbpedia.org/kko/rc/NewAgePredecessor,rdfs:subClassOf,owl:Thing
http://kbpedia.org/kko/rc/GrowthChart,rdfs:subClassOf,http://kbpedia.org/kko/rc/Graph
http://kbpedia.org/kko/rc/GrowthChart,rdfs:subClassOf,owl:Thing
http://kbpedia.org/kko/rc/Snowman,rdfs:subClassOf,http://kbpedia.org/kko/rc/SculptureInTheRound
http://kbpedia.org/kko/rc/Snowman,rdfs:subClassOf,owl:Thing
http://kbpedia.org/kko/rc/EarlyNetherlandishPainting,rdfs:subClassOf,http://kbpedia.org/kko/rc/ArtStyle
http://kbpedia.org/kko/rc/EarlyNetherlandishPainting,rdfs:subClassOf,owl:Thing
http://kbpedia.org/kko/rc/Index_List_Information,rdfs:subClassOf,http://kbpedia.org/kko/rc/List_Information
http://kbpedia.org/kko/rc/Index_List_Information,rdfs:subClassOf,owl:Thing
http://kbpedia.org/kko/rc/NetworkFlowSystem_Bounded,rdfs:subClassOf,http://kbpedia.org/kko/rc/BoundedDirectedAcyclicGraph
http://kbpedia.org/kko/rc/NetworkFlowSystem_Bounded,rdfs:subClassOf,owl:Thing
http://kbpedia.org/kko/rc/TermiteReport,rdfs:subClassOf,http://kbpedia.org/kko/rc/OfficialDocument
http://kbpedia.org/kko/rc/TermiteReport,rdfs:subClassOf,owl:Thing
http://kbpedia.org/kko/rc/TelevisionMusic,rdfs:subClassOf,http://kbpedia.org/kko/rc/MusicTypeByGenre
http://kbpedia.org/kko/rc/TelevisionMusic,rdfs:subClassOf,owl:Thing
http://kbpedia.org/kko/rc/TheBeatlesAndTelevision,rdfs:subClassOf,http://kbpedia.org/kko/rc/TVShow_IBT
http://kbpedia.org/kko/rc/TheBeatlesAndTelevision,rdfs:subClassOf,owl:Thing
http://kbpedia.org/kko/rc/ImageFromTheLibraryOfCongress,rdfs:subClassOf,http://kbpedia.org/kko/rc/VisualImage
http://kbpedia.org/kko/rc/ImageFromTheLibraryOfCongress,rdfs:subClassOf,owl:Thing
http://kbpedia.org/kko/rc/TVShow_Single,rdfs:subClassOf,http://kbpedia.org/kko/rc/TVSeriesProduct
http://kbpedia.org/kko/rc/TVShow_Single,rdfs:subClassOf,http://kbpedia.org/kko/rc/TVShow
http://kbpedia.org/kko/rc/TVShow_Single,rdfs:subClassOf,owl:Thing
http://kbpedia.org/kko/rc/PoliticalCartoon,rdfs:subClassOf,http://kbpedia.org/kko/rc/Cartoon
http://kbpedia.org/kko/rc/PoliticalCartoon,rdfs:subClassOf,owl:Thing
http://kbpedia.org/kko/rc/EducationalMovie,rdfs:subClassOf,http://kbpedia.org/kko/rc/FilmGenre
http://kbpedia.org/kko/rc/EducationalMovie,rdfs:subClassOf,owl:Thing
http://kbpedia.org/kko/rc/Die_TheCube,rdfs:subClassOf,http://kbpedia.org/kko/rc/GameToken
http://kbpedia.org/kko/rc/Die_TheCube,rdfs:subClassOf,owl:Thing
http://kbpedia.org/kko/rc/MelodyTypes,rdfs:subClassOf,http://kbpedia.org/kko/rc/Tune
http://kbpedia.org/kko/rc/MelodyTypes,rdfs:subClassOf,owl:Thing
http://kbpedia.org/kko/rc/PaymentBook,rdfs:subClassOf,http://kbpedia.org/kko/rc/OfficialDocument
http://kbpedia.org/kko/rc/PaymentBook,rdfs:subClassOf,owl:Thing
http://kbpedia.org/kko/rc/RoaringSound,rdfs:subClassOf,http://kbpedia.org/kko/rc/AnimalSound
http://kbpedia.org/kko/rc/RoaringSound,rdfs:subClassOf,owl:Thing
http://kbpedia.org/kko/rc/IrishMusic,rdfs:subClassOf,http://kbpedia.org/kko/rc/MusicByRegion
http://kbpedia.org/kko/rc/IrishMusic,rdfs:subClassOf,owl:Thing
http://kbpedia.org/kko/rc/MusicalComposition_Punk,rdfs:subClassOf,http://kbpedia.org/kko/rc/MusicTypeOpenGenre
http://kbpedia.org/kko/rc/MusicalComposition_Punk,rdfs:subClassOf,http://kbpedia.org/kko/rc/MusicalComposition_Rock
http://kbpedia.org/kko/rc/MusicalComposition_Punk,rdfs:subClassOf,owl:Thing
http://kbpedia.org/kko/rc/SupermanMovie,rdfs:subClassOf,http://kbpedia.org/kko/rc/Movie
http://kbpedia.org/kko/rc/SupermanMovie,rdfs:subClassOf,owl:Thing
http://kbpedia.org/kko/rc/MoneyOrder,rdfs:subClassOf,http://kbpedia.org/kko/rc/Check_TenderObject
http://kbpedia.org/kko/rc/MoneyOrder,rdfs:subClassOf,owl:Thing
http://kbpedia.org/kko/rc/AVMediaSeriesProduct,rdfs:subClassOf,http://kbpedia.org/kko/rc/AVMediaProduct
http://kbpedia.org/kko/rc/AVMediaSeriesProduct,rdfs:subClassOf,owl:Thing
http://kbpedia.org/kko/rc/NeoNoir,rdfs:subClassOf,http://kbpedia.org/kko/rc/FilmNoirMovie
http://kbpedia.org/kko/rc/NeoNoir,rdfs:subClassOf,owl:Thing
http://kbpedia.org/kko/rc/Die_Standard,rdfs:subClassOf,http://kbpedia.org/kko/rc/Die_TheCube
http://kbpedia.org/kko/rc/Die_Standard,rdfs:subClassOf,owl:Thing
http://kbpedia.org/kko/rc/BlueBook_GovernmentDocument,rdfs:subClassOf,http://kbpedia.org/kko/rc/GovernmentDocument
http://kbpedia.org/kko/rc/BlueBook_GovernmentDocument,rdfs:subClassOf,owl:Thing
http://kbpedia.org/kko/rc/BlankGreetingCard,rdfs:subClassOf,http://kbpedia.org/kko/rc/GreetingCard
http://kbpedia.org/kko/rc/BlankGreetingCard,rdfs:subClassOf,owl:Thing
http://kbpedia.org/kko/rc/MusicalComposition_CountryWestern,rdfs:subClassOf,http://kbpedia.org/kko/rc/MusicTypeOpenGenre
http://kbpedia.org/kko/rc/MusicalComposition_CountryWestern,rdfs:subClassOf,http://kbpedia.org/kko/rc/MusicalComposition_Country
http://kbpedia.org/kko/rc/MusicalComposition_CountryWestern,rdfs:subClassOf,owl:Thing
http://kbpedia.org/kko/rc/IndiePop,rdfs:subClassOf,http://kbpedia.org/kko/rc/PopMusicGenre
http://kbpedia.org/kko/rc/IndiePop,rdfs:subClassOf,owl:Thing
http://kbpedia.org/kko/rc/Map,rdfs:subClassOf,http://kbpedia.org/kko/rc/VisualArtifact
http://kbpedia.org/kko/rc/Map,rdfs:subClassOf,owl:Thing
http://kbpedia.org/kko/rc/SilentShortFilm,rdfs:subClassOf,http://kbpedia.org/kko/rc/Movie_Silent
http://kbpedia.org/kko/rc/SilentShortFilm,rdfs:subClassOf,http://kbpedia.org/kko/rc/ShortFilm
http://kbpedia.org/kko/rc/SilentShortFilm,rdfs:subClassOf,owl:Thing
http://kbpedia.org/kko/rc/BiblicalManuscript_AncientGreekVersion,rdfs:subClassOf,http://kbpedia.org/kko/rc/Manuscript
http://kbpedia.org/kko/rc/BiblicalManuscript_AncientGreekVersion,rdfs:subClassOf,owl:Thing
http://kbpedia.org/kko/rc/SurfInstrumental,rdfs:subClassOf,http://kbpedia.org/kko/rc/SurfMusic
http://kbpedia.org/kko/rc/SurfInstrumental,rdfs:subClassOf,owl:Thing
http://kbpedia.org/kko/rc/PositiveCoverage,rdfs:subClassOf,http://kbpedia.org/kko/rc/InsurancePolicyDocument
http://kbpedia.org/kko/rc/PositiveCoverage,rdfs:subClassOf,owl:Thing
http://kbpedia.org/kko/rc/Riddim,rdfs:subClassOf,http://kbpedia.org/kko/rc/MusicTypeOpenGenre
http://kbpedia.org/kko/rc/Riddim,rdfs:subClassOf,http://kbpedia.org/kko/rc/MusicalComposition_Reggae
http://kbpedia.org/kko/rc/Riddim,rdfs:subClassOf,http://kbpedia.org/kko/rc/ReggaeMusic
http://kbpedia.org/kko/rc/Riddim,rdfs:subClassOf,owl:Thing
http://kbpedia.org/kko/rc/SmartCard,rdfs:subClassOf,http://kbpedia.org/kko/rc/Card
http://kbpedia.org/kko/rc/SmartCard,rdfs:subClassOf,http://kbpedia.org/kko/rc/IDDocument
http://kbpedia.org/kko/rc/SmartCard,rdfs:subClassOf,owl:Thing
http://kbpedia.org/kko/rc/Painting_ArtForm,rdfs:subClassOf,http://kbpedia.org/kko/rc/Graphic_VisualIBT
http://kbpedia.org/kko/rc/Painting_ArtForm,rdfs:subClassOf,http://kbpedia.org/kko/rc/HardcopyInformationBearingObject
http://kbpedia.org/kko/rc/Painting_ArtForm,rdfs:subClassOf,http://kbpedia.org/kko/rc/TwoDimensionalArtObject
http://kbpedia.org/kko/rc/Painting_ArtForm,rdfs:subClassOf,http://kbpedia.org/kko/rc/Art
http://kbpedia.org/kko/rc/Painting_ArtForm,rdfs:subClassOf,owl:Thing
http://kbpedia.org/kko/rc/ChildrensTVShow,rdfs:subClassOf,http://kbpedia.org/kko/rc/TVShow
http://kbpedia.org/kko/rc/ChildrensTVShow,rdfs:subClassOf,owl:Thing
http://kbpedia.org/kko/rc/SignedPurchaseContract,rdfs:subClassOf,http://kbpedia.org/kko/rc/OfficialDocument
http://kbpedia.org/kko/rc/SignedPurchaseContract,rdfs:subClassOf,http://kbpedia.org/kko/rc/HardcopyInformationBearingObject
http://kbpedia.org/kko/rc/SignedPurchaseContract,rdfs:subClassOf,owl:Thing
http://kbpedia.org/kko/rc/PreColumbianArt,rdfs:subClassOf,http://kbpedia.org/kko/rc/ArtByPeriod
http://kbpedia.org/kko/rc/PreColumbianArt,rdfs:subClassOf,owl:Thing
http://kbpedia.org/kko/rc/AlgorithmsOnStrings,rdfs:subClassOf,http://kbpedia.org/kko/rc/StringObject
http://kbpedia.org/kko/rc/AlgorithmsOnStrings,rdfs:subClassOf,owl:Thing
http://kbpedia.org/kko/rc/NarrativeTVShow,rdfs:subClassOf,http://kbpedia.org/kko/rc/TVShow
http://kbpedia.org/kko/rc/NarrativeTVShow,rdfs:subClassOf,owl:Thing
http://kbpedia.org/kko/rc/NewSchoolHipHop,rdfs:subClassOf,http://kbpedia.org/kko/rc/HipHopMusic
http://kbpedia.org/kko/rc/NewSchoolHipHop,rdfs:subClassOf,owl:Thing
http://kbpedia.org/kko/rc/Visa_Document,rdfs:subClassOf,http://kbpedia.org/kko/rc/CertificateDocument
http://kbpedia.org/kko/rc/Visa_Document,rdfs:subClassOf,http://kbpedia.org/kko/rc/GovernmentDocument
http://kbpedia.org/kko/rc/Visa_Document,rdfs:subClassOf,http://kbpedia.org/kko/rc/IDDocument
http://kbpedia.org/kko/rc/Visa_Document,rdfs:subClassOf,http://kbpedia.org/kko/rc/LegalDocument
http://kbpedia.org/kko/rc/Visa_Document,rdfs:subClassOf,owl:Thing
http://kbpedia.org/kko/rc/InstrumentalMusic,rdfs:subClassOf,http://kbpedia.org/kko/rc/MusicTypeByGenre
http://kbpedia.org/kko/rc/InstrumentalMusic,rdfs:subClassOf,owl:Thing
http://kbpedia.org/kko/rc/AcrylicPainting,rdfs:subClassOf,http://kbpedia.org/kko/rc/Painting_ArtForm
http://kbpedia.org/kko/rc/AcrylicPainting,rdfs:subClassOf,owl:Thing
http://kbpedia.org/kko/rc/MapCopy,rdfs:subClassOf,http://kbpedia.org/kko/rc/Infographic
http://kbpedia.org/kko/rc/MapCopy,rdfs:subClassOf,owl:Thing
http://kbpedia.org/kko/rc/PurringSound,rdfs:subClassOf,http://kbpedia.org/kko/rc/AnimalSound
http://kbpedia.org/kko/rc/PurringSound,rdfs:subClassOf,owl:Thing
http://kbpedia.org/kko/rc/NotarySeal,rdfs:subClassOf,http://kbpedia.org/kko/rc/Label
http://kbpedia.org/kko/rc/NotarySeal,rdfs:subClassOf,owl:Thing
http://kbpedia.org/kko/rc/SubstringIndex,rdfs:subClassOf,http://kbpedia.org/kko/rc/StringObject
http://kbpedia.org/kko/rc/SubstringIndex,rdfs:subClassOf,owl:Thing
http://kbpedia.org/kko/rc/ClassicalPeriodMusic,rdfs:subClassOf,http://kbpedia.org/kko/rc/ClassicalMusic
http://kbpedia.org/kko/rc/ClassicalPeriodMusic,rdfs:subClassOf,owl:Thing
http://kbpedia.org/kko/rc/Gandingan,rdfs:subClassOf,http://kbpedia.org/kko/rc/Kulintang
http://kbpedia.org/kko/rc/Gandingan,rdfs:subClassOf,owl:Thing
http://kbpedia.org/kko/rc/Dance_ClassicalMusic,rdfs:subClassOf,http://kbpedia.org/kko/rc/MusicalComposition_Classical
http://kbpedia.org/kko/rc/Dance_ClassicalMusic,rdfs:subClassOf,owl:Thing
http://kbpedia.org/kko/rc/VarietyShow,rdfs:subClassOf,http://kbpedia.org/kko/rc/TVShow
http://kbpedia.org/kko/rc/VarietyShow,rdfs:subClassOf,owl:Thing
http://kbpedia.org/kko/rc/SwedishCountryMusic,rdfs:subClassOf,http://kbpedia.org/kko/rc/CountryMusic
http://kbpedia.org/kko/rc/SwedishCountryMusic,rdfs:subClassOf,http://kbpedia.org/kko/rc/MusicalComposition_Country
http://kbpedia.org/kko/rc/SwedishCountryMusic,rdfs:subClassOf,owl:Thing
http://kbpedia.org/kko/rc/TheBeatlesMusic,rdfs:subClassOf,http://kbpedia.org/kko/rc/PopRockMusic
http://kbpedia.org/kko/rc/TheBeatlesMusic,rdfs:subClassOf,owl:Thing
http://kbpedia.org/kko/rc/PitchMusic,rdfs:subClassOf,http://kbpedia.org/kko/rc/Sound
http://kbpedia.org/kko/rc/PitchMusic,rdfs:subClassOf,owl:Thing
http://kbpedia.org/kko/rc/ComedyTVShow,rdfs:subClassOf,http://kbpedia.org/kko/rc/NarrativeTVShow
http://kbpedia.org/kko/rc/ComedyTVShow,rdfs:subClassOf,owl:Thing
http://kbpedia.org/kko/rc/EditorialCartoon,rdfs:subClassOf,http://kbpedia.org/kko/rc/PoliticalCartoon
http://kbpedia.org/kko/rc/EditorialCartoon,rdfs:subClassOf,owl:Thing
http://kbpedia.org/kko/rc/TVSketchComedy,rdfs:subClassOf,http://kbpedia.org/kko/rc/ComedyTVShow
http://kbpedia.org/kko/rc/TVSketchComedy,rdfs:subClassOf,owl:Thing
http://kbpedia.org/kko/rc/GreenCard,rdfs:subClassOf,http://kbpedia.org/kko/rc/Visa_Document
http://kbpedia.org/kko/rc/GreenCard,rdfs:subClassOf,owl:Thing
http://kbpedia.org/kko/rc/ComedyMovie,rdfs:subClassOf,http://kbpedia.org/kko/rc/FilmGenre
http://kbpedia.org/kko/rc/ComedyMovie,rdfs:subClassOf,owl:Thing
http://kbpedia.org/kko/rc/SirenSound,rdfs:subClassOf,http://kbpedia.org/kko/rc/AlarmSound
http://kbpedia.org/kko/rc/SirenSound,rdfs:subClassOf,owl:Thing
http://kbpedia.org/kko/rc/ChildrensGameShow,rdfs:subClassOf,http://kbpedia.org/kko/rc/ChildrensTVShow
http://kbpedia.org/kko/rc/ChildrensGameShow,rdfs:subClassOf,owl:Thing
http://kbpedia.org/kko/rc/BusinessGreetingCard,rdfs:subClassOf,http://kbpedia.org/kko/rc/GreetingCard
http://kbpedia.org/kko/rc/BusinessGreetingCard,rdfs:subClassOf,owl:Thing
http://kbpedia.org/kko/rc/StoneSculpture,rdfs:subClassOf,http://kbpedia.org/kko/rc/Sculpture
http://kbpedia.org/kko/rc/StoneSculpture,rdfs:subClassOf,owl:Thing
http://kbpedia.org/kko/rc/OperaCompetition,rdfs:subClassOf,http://kbpedia.org/kko/rc/Opera
http://kbpedia.org/kko/rc/OperaCompetition,rdfs:subClassOf,http://kbpedia.org/kko/rc/MusicalComposition_Opera
http://kbpedia.org/kko/rc/OperaCompetition,rdfs:subClassOf,owl:Thing
http://kbpedia.org/kko/rc/OctopusCard,rdfs:subClassOf,http://kbpedia.org/kko/rc/SmartCard
http://kbpedia.org/kko/rc/OctopusCard,rdfs:subClassOf,owl:Thing
http://kbpedia.org/kko/rc/ChamberPop,rdfs:subClassOf,http://kbpedia.org/kko/rc/IndiePop
http://kbpedia.org/kko/rc/ChamberPop,rdfs:subClassOf,owl:Thing
http://kbpedia.org/kko/rc/AdventureMovie,rdfs:subClassOf,http://kbpedia.org/kko/rc/FilmGenre
http://kbpedia.org/kko/rc/AdventureMovie,rdfs:subClassOf,owl:Thing
http://kbpedia.org/kko/rc/HardRockMusic,rdfs:subClassOf,http://kbpedia.org/kko/rc/RockMusic
http://kbpedia.org/kko/rc/HardRockMusic,rdfs:subClassOf,owl:Thing
http://kbpedia.org/kko/rc/VisualArtifact,rdfs:subClassOf,http://kbpedia.org/kko/rc/VisualWork
http://kbpedia.org/kko/rc/VisualArtifact,rdfs:subClassOf,owl:Thing
http://kbpedia.org/kko/rc/WeddingMusic,rdfs:subClassOf,http://kbpedia.org/kko/rc/MusicTypeByGenre
http://kbpedia.org/kko/rc/WeddingMusic,rdfs:subClassOf,owl:Thing
http://kbpedia.org/kko/rc/PenOrPencilDrawing,rdfs:subClassOf,http://kbpedia.org/kko/rc/HardcopyInformationBearingObject
http://kbpedia.org/kko/rc/PenOrPencilDrawing,rdfs:subClassOf,owl:Thing
http://kbpedia.org/kko/rc/Globe_Map,rdfs:subClassOf,http://kbpedia.org/kko/rc/HardcopyInformationBearingObject
http://kbpedia.org/kko/rc/Globe_Map,rdfs:subClassOf,http://kbpedia.org/kko/rc/Map
http://kbpedia.org/kko/rc/Globe_Map,rdfs:subClassOf,owl:Thing
http://kbpedia.org/kko/rc/TelevisionEpisode,rdfs:subClassOf,http://kbpedia.org/kko/rc/TVSeriesProduct
http://kbpedia.org/kko/rc/TelevisionEpisode,rdfs:subClassOf,owl:Thing
http://kbpedia.org/kko/rc/Oscar_Statuette,rdfs:subClassOf,http://kbpedia.org/kko/rc/Figurine
http://kbpedia.org/kko/rc/Oscar_Statuette,rdfs:subClassOf,owl:Thing
http://kbpedia.org/kko/rc/MusicalPerformanceTicket,rdfs:subClassOf,http://kbpedia.org/kko/rc/EntertainmentPerformanceTicket
http://kbpedia.org/kko/rc/MusicalPerformanceTicket,rdfs:subClassOf,owl:Thing
http://kbpedia.org/kko/rc/TicketTypeBySitTypeAuthorized,rdfs:subClassOf,http://kbpedia.org/kko/rc/Ticket
http://kbpedia.org/kko/rc/TicketTypeBySitTypeAuthorized,rdfs:subClassOf,owl:Thing
http://kbpedia.org/kko/rc/Pictures_Film,rdfs:subClassOf,http://kbpedia.org/kko/rc/Movie
http://kbpedia.org/kko/rc/Pictures_Film,rdfs:subClassOf,owl:Thing
http://kbpedia.org/kko/rc/BritishTelevisionComedy,rdfs:subClassOf,http://kbpedia.org/kko/rc/ComedyTVShow
http://kbpedia.org/kko/rc/BritishTelevisionComedy,rdfs:subClassOf,owl:Thing
http://kbpedia.org/kko/rc/HousePlan,rdfs:subClassOf,http://kbpedia.org/kko/rc/ArchitecturalPlan
http://kbpedia.org/kko/rc/HousePlan,rdfs:subClassOf,owl:Thing
http://kbpedia.org/kko/rc/MusicalComposition_PopRock,rdfs:subClassOf,http://kbpedia.org/kko/rc/MusicTypeOpenGenre
http://kbpedia.org/kko/rc/MusicalComposition_PopRock,rdfs:subClassOf,http://kbpedia.org/kko/rc/MusicalComposition_Rock
http://kbpedia.org/kko/rc/MusicalComposition_PopRock,rdfs:subClassOf,owl:Thing
http://kbpedia.org/kko/rc/Dumped,rdfs:subClassOf,http://kbpedia.org/kko/rc/TVShow_IBT
http://kbpedia.org/kko/rc/Dumped,rdfs:subClassOf,owl:Thing
http://kbpedia.org/kko/rc/BarkingSound,rdfs:subClassOf,http://kbpedia.org/kko/rc/AnimalSound
http://kbpedia.org/kko/rc/BarkingSound,rdfs:subClassOf,owl:Thing
http://kbpedia.org/kko/rc/PolicyDocument,rdfs:subClassOf,http://kbpedia.org/kko/rc/OfficialDocument
http://kbpedia.org/kko/rc/PolicyDocument,rdfs:subClassOf,owl:Thing
http://kbpedia.org/kko/rc/CreditCard_NonRevolvingAccount,rdfs:subClassOf,http://kbpedia.org/kko/rc/CreditCard
http://kbpedia.org/kko/rc/CreditCard_NonRevolvingAccount,rdfs:subClassOf,owl:Thing
http://kbpedia.org/kko/rc/MusicalCharts,rdfs:subClassOf,http://kbpedia.org/kko/rc/List_Information
http://kbpedia.org/kko/rc/MusicalCharts,rdfs:subClassOf,owl:Thing
http://kbpedia.org/kko/rc/MobileSculpture,rdfs:subClassOf,http://kbpedia.org/kko/rc/Sculpture
http://kbpedia.org/kko/rc/MobileSculpture,rdfs:subClassOf,owl:Thing
http://kbpedia.org/kko/rc/Fare,rdfs:subClassOf,http://kbpedia.org/kko/rc/Ticket
http://kbpedia.org/kko/rc/Fare,rdfs:subClassOf,owl:Thing
http://kbpedia.org/kko/rc/TheBeatlesYellowSubmarine,rdfs:subClassOf,http://kbpedia.org/kko/rc/AnimatedMovie
http://kbpedia.org/kko/rc/TheBeatlesYellowSubmarine,rdfs:subClassOf,http://kbpedia.org/kko/rc/FantasyMovie
http://kbpedia.org/kko/rc/TheBeatlesYellowSubmarine,rdfs:subClassOf,owl:Thing
http://kbpedia.org/kko/rc/CompletedRegistration,rdfs:subClassOf,http://kbpedia.org/kko/rc/SignedPurchaseContract
http://kbpedia.org/kko/rc/CompletedRegistration,rdfs:subClassOf,owl:Thing
http://kbpedia.org/kko/rc/StudentVisa_Document,rdfs:subClassOf,http://kbpedia.org/kko/rc/Visa_Document
http://kbpedia.org/kko/rc/StudentVisa_Document,rdfs:subClassOf,owl:Thing
http://kbpedia.org/kko/rc/DimeCoin_US,rdfs:subClassOf,http://kbpedia.org/kko/rc/Coin_US
http://kbpedia.org/kko/rc/DimeCoin_US,rdfs:subClassOf,owl:Thing
http://kbpedia.org/kko/rc/Sketch,rdfs:subClassOf,http://kbpedia.org/kko/rc/PenOrPencilDrawing
http://kbpedia.org/kko/rc/Sketch,rdfs:subClassOf,owl:Thing
http://kbpedia.org/kko/rc/TVTalkShow,rdfs:subClassOf,http://kbpedia.org/kko/rc/TVShow
http://kbpedia.org/kko/rc/TVTalkShow,rdfs:subClassOf,owl:Thing
http://kbpedia.org/kko/rc/Medley,rdfs:subClassOf,http://kbpedia.org/kko/rc/AudioConceptualWork
http://kbpedia.org/kko/rc/Medley,rdfs:subClassOf,owl:Thing
http://kbpedia.org/kko/rc/ComicsSpinOff,rdfs:subClassOf,http://kbpedia.org/kko/rc/ComicStrip
http://kbpedia.org/kko/rc/ComicsSpinOff,rdfs:subClassOf,owl:Thing
http://kbpedia.org/kko/rc/TVShow_IBT,rdfs:subClassOf,http://kbpedia.org/kko/rc/MovingImageWithSound
http://kbpedia.org/kko/rc/TVShow_IBT,rdfs:subClassOf,http://kbpedia.org/kko/rc/TVMediaProduct
http://kbpedia.org/kko/rc/TVShow_IBT,rdfs:subClassOf,owl:Thing
http://kbpedia.org/kko/rc/FolkMetal,rdfs:subClassOf,http://kbpedia.org/kko/rc/FolkRockMusic
http://kbpedia.org/kko/rc/FolkMetal,rdfs:subClassOf,http://kbpedia.org/kko/rc/MusicTypeOpenGenre
http://kbpedia.org/kko/rc/FolkMetal,rdfs:subClassOf,http://kbpedia.org/kko/rc/MusicTypeByGenre
http://kbpedia.org/kko/rc/FolkMetal,rdfs:subClassOf,owl:Thing
http://kbpedia.org/kko/rc/Hymn,rdfs:subClassOf,http://kbpedia.org/kko/rc/Song
http://kbpedia.org/kko/rc/Hymn,rdfs:subClassOf,owl:Thing
http://kbpedia.org/kko/rc/PrehistoricArt,rdfs:subClassOf,http://kbpedia.org/kko/rc/ArtByPeriod
http://kbpedia.org/kko/rc/PrehistoricArt,rdfs:subClassOf,owl:Thing
http://kbpedia.org/kko/rc/MusicalComposition_Soul,rdfs:subClassOf,http://kbpedia.org/kko/rc/MusicTypeOpenGenre
http://kbpedia.org/kko/rc/MusicalComposition_Soul,rdfs:subClassOf,http://kbpedia.org/kko/rc/MusicalComposition
http://kbpedia.org/kko/rc/MusicalComposition_Soul,rdfs:subClassOf,owl:Thing
http://kbpedia.org/kko/rc/ReggaeMusic,rdfs:subClassOf,http://kbpedia.org/kko/rc/MusicTypeByGenre
http://kbpedia.org/kko/rc/ReggaeMusic,rdfs:subClassOf,owl:Thing
http://kbpedia.org/kko/rc/InfantMobile,rdfs:subClassOf,http://kbpedia.org/kko/rc/MobileSculpture
http://kbpedia.org/kko/rc/InfantMobile,rdfs:subClassOf,owl:Thing
http://kbpedia.org/kko/rc/GlamMetal,rdfs:subClassOf,http://kbpedia.org/kko/rc/HardRockMusic
http://kbpedia.org/kko/rc/GlamMetal,rdfs:subClassOf,http://kbpedia.org/kko/rc/MusicalComposition_PopRock
http://kbpedia.org/kko/rc/GlamMetal,rdfs:subClassOf,http://kbpedia.org/kko/rc/MusicTypeOpenGenre
http://kbpedia.org/kko/rc/GlamMetal,rdfs:subClassOf,http://kbpedia.org/kko/rc/MusicTypeByGenre
http://kbpedia.org/kko/rc/GlamMetal,rdfs:subClassOf,owl:Thing
http://kbpedia.org/kko/rc/SouthernConeMusic,rdfs:subClassOf,http://kbpedia.org/kko/rc/MusicByRegion
http://kbpedia.org/kko/rc/SouthernConeMusic,rdfs:subClassOf,owl:Thing
http://kbpedia.org/kko/rc/DjinAnime,rdfs:subClassOf,http://kbpedia.org/kko/rc/Anime
http://kbpedia.org/kko/rc/DjinAnime,rdfs:subClassOf,owl:Thing
http://kbpedia.org/kko/rc/FloorPlan,rdfs:subClassOf,http://kbpedia.org/kko/rc/Map
http://kbpedia.org/kko/rc/FloorPlan,rdfs:subClassOf,owl:Thing
http://kbpedia.org/kko/rc/Noise,rdfs:subClassOf,http://kbpedia.org/kko/rc/Sound
http://kbpedia.org/kko/rc/Noise,rdfs:subClassOf,owl:Thing
http://kbpedia.org/kko/rc/Flag,rdfs:subClassOf,http://kbpedia.org/kko/rc/Insignia
http://kbpedia.org/kko/rc/Flag,rdfs:subClassOf,owl:Thing
http://kbpedia.org/kko/rc/CongratulationsCard,rdfs:subClassOf,http://kbpedia.org/kko/rc/OccasionCard
http://kbpedia.org/kko/rc/CongratulationsCard,rdfs:subClassOf,owl:Thing
http://kbpedia.org/kko/rc/Centerfold_PhotoOfPerson,rdfs:subClassOf,http://kbpedia.org/kko/rc/Centerfold_Generic
http://kbpedia.org/kko/rc/Centerfold_PhotoOfPerson,rdfs:subClassOf,http://kbpedia.org/kko/rc/Photograph
http://kbpedia.org/kko/rc/Centerfold_PhotoOfPerson,rdfs:subClassOf,owl:Thing
http://kbpedia.org/kko/rc/Paperback,rdfs:subClassOf,http://kbpedia.org/kko/rc/BookCopy
http://kbpedia.org/kko/rc/Paperback,rdfs:subClassOf,owl:Thing
http://kbpedia.org/kko/rc/MusicalComposition_Disco,rdfs:subClassOf,http://kbpedia.org/kko/rc/MusicalComposition_Soul
http://kbpedia.org/kko/rc/MusicalComposition_Disco,rdfs:subClassOf,http://kbpedia.org/kko/rc/MusicTypeOpenGenre
http://kbpedia.org/kko/rc/MusicalComposition_Disco,rdfs:subClassOf,owl:Thing
http://kbpedia.org/kko/rc/ReceiptItem,rdfs:subClassOf,http://kbpedia.org/kko/rc/Receipt
http://kbpedia.org/kko/rc/ReceiptItem,rdfs:subClassOf,owl:Thing
http://kbpedia.org/kko/rc/PriceQuoteDocument,rdfs:subClassOf,http://kbpedia.org/kko/rc/OfficialDocument
http://kbpedia.org/kko/rc/PriceQuoteDocument,rdfs:subClassOf,owl:Thing
http://kbpedia.org/kko/rc/ElectronicMusic,rdfs:subClassOf,http://kbpedia.org/kko/rc/MusicTypeByGenre
http://kbpedia.org/kko/rc/ElectronicMusic,rdfs:subClassOf,owl:Thing
http://kbpedia.org/kko/rc/ComedySketch,rdfs:subClassOf,http://kbpedia.org/kko/rc/Sketch
http://kbpedia.org/kko/rc/ComedySketch,rdfs:subClassOf,owl:Thing
http://kbpedia.org/kko/rc/PunjabiMusic,rdfs:subClassOf,http://kbpedia.org/kko/rc/MusicByRegion
http://kbpedia.org/kko/rc/PunjabiMusic,rdfs:subClassOf,owl:Thing
http://kbpedia.org/kko/rc/Illustration,rdfs:subClassOf,http://kbpedia.org/kko/rc/VisualImage
http://kbpedia.org/kko/rc/Illustration,rdfs:subClassOf,owl:Thing
http://kbpedia.org/kko/rc/GreatSphinxOfGiza,rdfs:subClassOf,http://kbpedia.org/kko/rc/StoneSculpture
http://kbpedia.org/kko/rc/GreatSphinxOfGiza,rdfs:subClassOf,owl:Thing
http://kbpedia.org/kko/rc/DoctorWhoMissingEpisode,rdfs:subClassOf,http://kbpedia.org/kko/rc/TelevisionEpisode
http://kbpedia.org/kko/rc/DoctorWhoMissingEpisode,rdfs:subClassOf,owl:Thing
http://kbpedia.org/kko/rc/DecadesInArt,rdfs:subClassOf,http://kbpedia.org/kko/rc/ArtByPeriod
http://kbpedia.org/kko/rc/DecadesInArt,rdfs:subClassOf,http://kbpedia.org/kko/rc/ArtSubject
http://kbpedia.org/kko/rc/DecadesInArt,rdfs:subClassOf,owl:Thing
http://kbpedia.org/kko/rc/Manga,rdfs:subClassOf,http://kbpedia.org/kko/rc/AnimationByGenre
http://kbpedia.org/kko/rc/Manga,rdfs:subClassOf,owl:Thing
http://kbpedia.org/kko/rc/BillboardNumberOneSinglesByChart,rdfs:subClassOf,http://kbpedia.org/kko/rc/MusicalCharts
http://kbpedia.org/kko/rc/BillboardNumberOneSinglesByChart,rdfs:subClassOf,owl:Thing
http://kbpedia.org/kko/rc/ComputerDesktopTheme,rdfs:subClassOf,http://kbpedia.org/kko/rc/VisualInformationBearingThing
http://kbpedia.org/kko/rc/ComputerDesktopTheme,rdfs:subClassOf,owl:Thing
http://kbpedia.org/kko/rc/VisualMark,rdfs:subClassOf,http://kbpedia.org/kko/rc/VisualInformationBearingThing
http://kbpedia.org/kko/rc/VisualMark,rdfs:subClassOf,owl:Thing
http://kbpedia.org/kko/rc/TaxFormIBO,rdfs:subClassOf,http://kbpedia.org/kko/rc/GovernmentDocument
http://kbpedia.org/kko/rc/TaxFormIBO,rdfs:subClassOf,owl:Thing
http://kbpedia.org/kko/rc/BlueBook_Pricing,rdfs:subClassOf,http://kbpedia.org/kko/rc/PriceQuoteDocument
http://kbpedia.org/kko/rc/BlueBook_Pricing,rdfs:subClassOf,owl:Thing
http://kbpedia.org/kko/rc/ComputerMusic,rdfs:subClassOf,http://kbpedia.org/kko/rc/ElectronicMusic
http://kbpedia.org/kko/rc/ComputerMusic,rdfs:subClassOf,owl:Thing
http://kbpedia.org/kko/rc/TravellersCheck,rdfs:subClassOf,http://kbpedia.org/kko/rc/Check_TenderObject
http://kbpedia.org/kko/rc/TravellersCheck,rdfs:subClassOf,owl:Thing
http://kbpedia.org/kko/rc/MusicSingle,rdfs:subClassOf,http://kbpedia.org/kko/rc/RecordedSoundProduct
http://kbpedia.org/kko/rc/MusicSingle,rdfs:subClassOf,owl:Thing
http://kbpedia.org/kko/rc/Sovereign_BritishCoin,rdfs:subClassOf,http://kbpedia.org/kko/rc/Coin_Currency
http://kbpedia.org/kko/rc/Sovereign_BritishCoin,rdfs:subClassOf,owl:Thing
http://kbpedia.org/kko/rc/ActivismFlag,rdfs:subClassOf,http://kbpedia.org/kko/rc/Flag
http://kbpedia.org/kko/rc/ActivismFlag,rdfs:subClassOf,owl:Thing
http://kbpedia.org/kko/rc/ElectroacousticMusic,rdfs:subClassOf,http://kbpedia.org/kko/rc/MusicTypeByGenre
http://kbpedia.org/kko/rc/ElectroacousticMusic,rdfs:subClassOf,owl:Thing
http://kbpedia.org/kko/rc/Djinshi,rdfs:subClassOf,http://kbpedia.org/kko/rc/Manga
http://kbpedia.org/kko/rc/Djinshi,rdfs:subClassOf,owl:Thing
http://kbpedia.org/kko/rc/Comedy,rdfs:subClassOf,http://kbpedia.org/kko/rc/ComedyMovie
http://kbpedia.org/kko/rc/Comedy,rdfs:subClassOf,http://kbpedia.org/kko/rc/ComedySketch
http://kbpedia.org/kko/rc/Comedy,rdfs:subClassOf,owl:Thing
http://kbpedia.org/kko/rc/HumorInClassicalMusic,rdfs:subClassOf,http://kbpedia.org/kko/rc/ClassicalMusic
http://kbpedia.org/kko/rc/HumorInClassicalMusic,rdfs:subClassOf,owl:Thing
http://kbpedia.org/kko/rc/HowlingSound,rdfs:subClassOf,http://kbpedia.org/kko/rc/AnimalSound
http://kbpedia.org/kko/rc/HowlingSound,rdfs:subClassOf,owl:Thing
http://kbpedia.org/kko/rc/YieldSign,rdfs:subClassOf,http://kbpedia.org/kko/rc/RoadSign
http://kbpedia.org/kko/rc/YieldSign,rdfs:subClassOf,http://kbpedia.org/kko/rc/StationarySign
http://kbpedia.org/kko/rc/YieldSign,rdfs:subClassOf,owl:Thing
http://kbpedia.org/kko/rc/OperaExcerpt,rdfs:subClassOf,http://kbpedia.org/kko/rc/Opera
http://kbpedia.org/kko/rc/OperaExcerpt,rdfs:subClassOf,http://kbpedia.org/kko/rc/MusicalComposition_Opera
http://kbpedia.org/kko/rc/OperaExcerpt,rdfs:subClassOf,owl:Thing
http://kbpedia.org/kko/rc/PlayingCard,rdfs:subClassOf,http://kbpedia.org/kko/rc/Card
http://kbpedia.org/kko/rc/PlayingCard,rdfs:subClassOf,owl:Thing
http://kbpedia.org/kko/rc/ScrewedUp,rdfs:subClassOf,http://kbpedia.org/kko/rc/Album
http://kbpedia.org/kko/rc/ScrewedUp,rdfs:subClassOf,owl:Thing
http://kbpedia.org/kko/rc/SatireMovie,rdfs:subClassOf,http://kbpedia.org/kko/rc/FilmGenre
http://kbpedia.org/kko/rc/SatireMovie,rdfs:subClassOf,owl:Thing
http://kbpedia.org/kko/rc/AncientArt,rdfs:subClassOf,http://kbpedia.org/kko/rc/ArtByPeriod
http://kbpedia.org/kko/rc/AncientArt,rdfs:subClassOf,http://kbpedia.org/kko/rc/VisualWork
http://kbpedia.org/kko/rc/AncientArt,rdfs:subClassOf,owl:Thing
http://kbpedia.org/kko/rc/Album_IBO,rdfs:subClassOf,http://kbpedia.org/kko/rc/RecordedSoundProduct
http://kbpedia.org/kko/rc/Album_IBO,rdfs:subClassOf,owl:Thing
http://kbpedia.org/kko/rc/ComputerArt,rdfs:subClassOf,http://kbpedia.org/kko/rc/DigitalArtObject
http://kbpedia.org/kko/rc/ComputerArt,rdfs:subClassOf,owl:Thing
http://kbpedia.org/kko/rc/PlayPerformance,rdfs:subClassOf,http://kbpedia.org/kko/rc/DramaticPerformance
http://kbpedia.org/kko/rc/PlayPerformance,rdfs:subClassOf,owl:Thing
http://kbpedia.org/kko/rc/ProposedCurrency,rdfs:subClassOf,http://kbpedia.org/kko/rc/Currency
http://kbpedia.org/kko/rc/ProposedCurrency,rdfs:subClassOf,owl:Thing
http://kbpedia.org/ontologies/kko#AVInfo,rdfs:subClassOf,owl:Thing
http://kbpedia.org/kko/rc/Signage,rdfs:subClassOf,http://kbpedia.org/kko/rc/Illustration
http://kbpedia.org/kko/rc/Signage,rdfs:subClassOf,owl:Thing
http://kbpedia.org/kko/rc/Slideshow,rdfs:subClassOf,http://kbpedia.org/kko/rc/VisualWork
http://kbpedia.org/kko/rc/Slideshow,rdfs:subClassOf,owl:Thing
http://kbpedia.org/kko/rc/TextStringOccurrence,rdfs:subClassOf,http://kbpedia.org/kko/rc/GraphicalCIS
http://kbpedia.org/kko/rc/TextStringOccurrence,rdfs:subClassOf,owl:Thing
http://kbpedia.org/kko/rc/Club_TheSuit,rdfs:subClassOf,http://kbpedia.org/kko/rc/PlayingCard
http://kbpedia.org/kko/rc/Club_TheSuit,rdfs:subClassOf,owl:Thing
http://kbpedia.org/kko/rc/MusicalComposition_Reggae,rdfs:subClassOf,http://kbpedia.org/kko/rc/MusicalComposition
http://kbpedia.org/kko/rc/MusicalComposition_Reggae,rdfs:subClassOf,http://kbpedia.org/kko/rc/ReggaeMusic
http://kbpedia.org/kko/rc/MusicalComposition_Reggae,rdfs:subClassOf,owl:Thing
http://kbpedia.org/kko/rc/AppointmentCard,rdfs:subClassOf,http://kbpedia.org/kko/rc/Card
http://kbpedia.org/kko/rc/AppointmentCard,rdfs:subClassOf,owl:Thing
http://kbpedia.org/kko/rc/PrintReproduction,rdfs:subClassOf,http://kbpedia.org/kko/rc/Graphic_VisualIBT
http://kbpedia.org/kko/rc/PrintReproduction,rdfs:subClassOf,owl:Thing
http://kbpedia.org/kko/rc/TaxReturn,rdfs:subClassOf,http://kbpedia.org/kko/rc/TaxFormIBO
http://kbpedia.org/kko/rc/TaxReturn,rdfs:subClassOf,owl:Thing
http://kbpedia.org/kko/rc/FamilyMovie,rdfs:subClassOf,http://kbpedia.org/kko/rc/FilmGenre
http://kbpedia.org/kko/rc/FamilyMovie,rdfs:subClassOf,owl:Thing
http://kbpedia.org/kko/rc/TVActionShow,rdfs:subClassOf,http://kbpedia.org/kko/rc/NarrativeTVShow
http://kbpedia.org/kko/rc/TVActionShow,rdfs:subClassOf,owl:Thing
http://kbpedia.org/kko/rc/CharacterStringToken_Inscribed,rdfs:subClassOf,http://kbpedia.org/kko/rc/VisualMark
http://kbpedia.org/kko/rc/CharacterStringToken_Inscribed,rdfs:subClassOf,owl:Thing
http://kbpedia.org/kko/rc/DoubleAlbum,rdfs:subClassOf,http://kbpedia.org/kko/rc/Album
http://kbpedia.org/kko/rc/DoubleAlbum,rdfs:subClassOf,owl:Thing
http://kbpedia.org/kko/rc/ArtByPeriod,rdfs:subClassOf,http://kbpedia.org/kko/rc/Art
http://kbpedia.org/kko/rc/ArtByPeriod,rdfs:subClassOf,owl:Thing
http://kbpedia.org/kko/rc/CollaborationsInClassicalMusic,rdfs:subClassOf,http://kbpedia.org/kko/rc/ClassicalMusic
http://kbpedia.org/kko/rc/CollaborationsInClassicalMusic,rdfs:subClassOf,owl:Thing
http://kbpedia.org/kko/rc/Subplot,rdfs:subClassOf,http://kbpedia.org/kko/rc/PlotNarrative
http://kbpedia.org/kko/rc/Subplot,rdfs:subClassOf,owl:Thing
http://kbpedia.org/kko/rc/GetWellCard,rdfs:subClassOf,http://kbpedia.org/kko/rc/OccasionCard
http://kbpedia.org/kko/rc/GetWellCard,rdfs:subClassOf,owl:Thing
http://kbpedia.org/kko/rc/MSPowerPointDocument,rdfs:subClassOf,http://kbpedia.org/kko/rc/Slideshow
http://kbpedia.org/kko/rc/MSPowerPointDocument,rdfs:subClassOf,owl:Thing
http://kbpedia.org/kko/rc/OperaGenre,rdfs:subClassOf,http://kbpedia.org/kko/rc/Opera
http://kbpedia.org/kko/rc/OperaGenre,rdfs:subClassOf,http://kbpedia.org/kko/rc/TheatricalGenre
http://kbpedia.org/kko/rc/OperaGenre,rdfs:subClassOf,http://kbpedia.org/kko/rc/MusicalComposition_Opera
http://kbpedia.org/kko/rc/OperaGenre,rdfs:subClassOf,http://kbpedia.org/kko/rc/MusicTypeByGenre
http://kbpedia.org/kko/rc/OperaGenre,rdfs:subClassOf,owl:Thing
http://kbpedia.org/kko/rc/SituationalComedy,rdfs:subClassOf,http://kbpedia.org/kko/rc/Comedy
http://kbpedia.org/kko/rc/SituationalComedy,rdfs:subClassOf,http://kbpedia.org/kko/rc/ComedyTVShow
http://kbpedia.org/kko/rc/SituationalComedy,rdfs:subClassOf,owl:Thing
http://kbpedia.org/kko/rc/ChessPiece,rdfs:subClassOf,http://kbpedia.org/kko/rc/GameToken
http://kbpedia.org/kko/rc/ChessPiece,rdfs:subClassOf,owl:Thing
http://kbpedia.org/kko/rc/CompactDisc_Audio,rdfs:subClassOf,http://kbpedia.org/kko/rc/RecordedSoundProduct
http://kbpedia.org/kko/rc/CompactDisc_Audio,rdfs:subClassOf,owl:Thing
http://kbpedia.org/kko/rc/SandArt,rdfs:subClassOf,http://kbpedia.org/kko/rc/Art
http://kbpedia.org/kko/rc/SandArt,rdfs:subClassOf,owl:Thing
http://kbpedia.org/kko/rc/Most_Haunted,rdfs:subClassOf,http://kbpedia.org/kko/rc/TVShow
http://kbpedia.org/kko/rc/Most_Haunted,rdfs:subClassOf,owl:Thing
http://kbpedia.org/kko/rc/LeaseDocument,rdfs:subClassOf,http://kbpedia.org/kko/rc/ContractDocument
http://kbpedia.org/kko/rc/LeaseDocument,rdfs:subClassOf,owl:Thing
http://kbpedia.org/kko/rc/GraduationCard,rdfs:subClassOf,http://kbpedia.org/kko/rc/OccasionCard
http://kbpedia.org/kko/rc/GraduationCard,rdfs:subClassOf,owl:Thing
http://kbpedia.org/kko/rc/AnimalUtterance_IBT,rdfs:subClassOf,http://kbpedia.org/kko/rc/AnimalSound
http://kbpedia.org/kko/rc/AnimalUtterance_IBT,rdfs:subClassOf,owl:Thing
http://kbpedia.org/kko/rc/Leading_Off,rdfs:subClassOf,http://kbpedia.org/kko/rc/Album
http://kbpedia.org/kko/rc/Leading_Off,rdfs:subClassOf,owl:Thing
http://kbpedia.org/kko/rc/FederalTaxReturn,rdfs:subClassOf,http://kbpedia.org/kko/rc/TaxReturn
http://kbpedia.org/kko/rc/FederalTaxReturn,rdfs:subClassOf,owl:Thing
http://kbpedia.org/kko/rc/GermanicMusic,rdfs:subClassOf,http://kbpedia.org/kko/rc/MusicByRegion
http://kbpedia.org/kko/rc/GermanicMusic,rdfs:subClassOf,owl:Thing
http://kbpedia.org/kko/rc/GospelMusic,rdfs:subClassOf,http://kbpedia.org/kko/rc/MusicTypeByGenre
http://kbpedia.org/kko/rc/GospelMusic,rdfs:subClassOf,owl:Thing
http://kbpedia.org/kko/rc/NorseRunestone,rdfs:subClassOf,http://kbpedia.org/kko/rc/Runestone
http://kbpedia.org/kko/rc/NorseRunestone,rdfs:subClassOf,owl:Thing
http://kbpedia.org/kko/rc/ImageOfAustria,rdfs:subClassOf,http://kbpedia.org/kko/rc/VisualImage
http://kbpedia.org/kko/rc/ImageOfAustria,rdfs:subClassOf,owl:Thing
http://kbpedia.org/kko/rc/ClassicMovie,rdfs:subClassOf,http://kbpedia.org/kko/rc/FilmGenre
http://kbpedia.org/kko/rc/ClassicMovie,rdfs:subClassOf,owl:Thing
http://kbpedia.org/kko/rc/AllegoricalPainting,rdfs:subClassOf,http://kbpedia.org/kko/rc/Painting_ArtForm
http://kbpedia.org/kko/rc/AllegoricalPainting,rdfs:subClassOf,owl:Thing
http://kbpedia.org/kko/rc/BroadwayShow,rdfs:subClassOf,http://kbpedia.org/kko/rc/PlayPerformance
http://kbpedia.org/kko/rc/BroadwayShow,rdfs:subClassOf,owl:Thing
http://kbpedia.org/kko/rc/ShootingThaler,rdfs:subClassOf,http://kbpedia.org/kko/rc/CommemorativeCoin
http://kbpedia.org/kko/rc/ShootingThaler,rdfs:subClassOf,owl:Thing
http://kbpedia.org/kko/rc/KidsCard,rdfs:subClassOf,http://kbpedia.org/kko/rc/GreetingCard
http://kbpedia.org/kko/rc/KidsCard,rdfs:subClassOf,owl:Thing
http://kbpedia.org/kko/rc/ParentalGuidance13Rating,rdfs:subClassOf,http://kbpedia.org/kko/rc/Movie
http://kbpedia.org/kko/rc/ParentalGuidance13Rating,rdfs:subClassOf,owl:Thing
http://kbpedia.org/kko/rc/3DFilm,rdfs:subClassOf,http://kbpedia.org/kko/rc/Movie
http://kbpedia.org/kko/rc/3DFilm,rdfs:subClassOf,owl:Thing
http://kbpedia.org/kko/rc/GiftCertificate,rdfs:subClassOf,http://kbpedia.org/kko/rc/Paper_IBO
http://kbpedia.org/kko/rc/GiftCertificate,rdfs:subClassOf,owl:Thing
http://kbpedia.org/kko/rc/ArtSubject,rdfs:subClassOf,http://kbpedia.org/kko/rc/VisualWork
http://kbpedia.org/kko/rc/ArtSubject,rdfs:subClassOf,owl:Thing
http://kbpedia.org/kko/rc/SafetySign,rdfs:subClassOf,http://kbpedia.org/kko/rc/Signage
http://kbpedia.org/kko/rc/SafetySign,rdfs:subClassOf,owl:Thing
http://kbpedia.org/kko/rc/Bishop_ChessPiece,rdfs:subClassOf,http://kbpedia.org/kko/rc/ChessPiece
http://kbpedia.org/kko/rc/Bishop_ChessPiece,rdfs:subClassOf,owl:Thing
http://kbpedia.org/kko/rc/ConceptAlbum,rdfs:subClassOf,http://kbpedia.org/kko/rc/Album
http://kbpedia.org/kko/rc/ConceptAlbum,rdfs:subClassOf,owl:Thing
http://kbpedia.org/kko/rc/ExperimentalMovie,rdfs:subClassOf,http://kbpedia.org/kko/rc/FilmGenre
http://kbpedia.org/kko/rc/ExperimentalMovie,rdfs:subClassOf,owl:Thing
http://kbpedia.org/kko/rc/ThumbnailImage,rdfs:subClassOf,http://kbpedia.org/kko/rc/ComputerImageFile
http://kbpedia.org/kko/rc/ThumbnailImage,rdfs:subClassOf,http://kbpedia.org/kko/rc/Image
http://kbpedia.org/kko/rc/ThumbnailImage,rdfs:subClassOf,owl:Thing
http://kbpedia.org/kko/rc/StudioAlbum,rdfs:subClassOf,http://kbpedia.org/kko/rc/Album
http://kbpedia.org/kko/rc/StudioAlbum,rdfs:subClassOf,owl:Thing
http://kbpedia.org/kko/rc/TVBiography,rdfs:subClassOf,http://kbpedia.org/kko/rc/InformativeTVShow
http://kbpedia.org/kko/rc/TVBiography,rdfs:subClassOf,http://kbpedia.org/kko/rc/NarrativeTVShow
http://kbpedia.org/kko/rc/TVBiography,rdfs:subClassOf,owl:Thing
http://kbpedia.org/kko/rc/MusicTypeByGenre,rdfs:subClassOf,http://kbpedia.org/kko/rc/Music
http://kbpedia.org/kko/rc/MusicTypeByGenre,rdfs:subClassOf,owl:Thing
http://kbpedia.org/kko/rc/TopographicMap,rdfs:subClassOf,http://kbpedia.org/kko/rc/Map
http://kbpedia.org/kko/rc/TopographicMap,rdfs:subClassOf,owl:Thing
http://kbpedia.org/kko/rc/FireArt,rdfs:subClassOf,http://kbpedia.org/kko/rc/Art
http://kbpedia.org/kko/rc/FireArt,rdfs:subClassOf,owl:Thing
http://kbpedia.org/kko/rc/SyntheticSound,rdfs:subClassOf,http://kbpedia.org/kko/rc/AudibleSound
http://kbpedia.org/kko/rc/SyntheticSound,rdfs:subClassOf,http://kbpedia.org/kko/rc/SoundsByType
http://kbpedia.org/kko/rc/SyntheticSound,rdfs:subClassOf,owl:Thing
http://kbpedia.org/kko/rc/Chant,rdfs:subClassOf,http://kbpedia.org/kko/rc/MusicalComposition_Religious
http://kbpedia.org/kko/rc/Chant,rdfs:subClassOf,owl:Thing
http://kbpedia.org/kko/rc/ApolloInArt,rdfs:subClassOf,http://kbpedia.org/kko/rc/ArtSubject
http://kbpedia.org/kko/rc/ApolloInArt,rdfs:subClassOf,owl:Thing
http://kbpedia.org/kko/rc/WesternSwing,rdfs:subClassOf,http://kbpedia.org/kko/rc/SwingMusic
http://kbpedia.org/kko/rc/WesternSwing,rdfs:subClassOf,owl:Thing
http://kbpedia.org/kko/rc/PornographicMovie,rdfs:subClassOf,http://kbpedia.org/kko/rc/FilmGenre
http://kbpedia.org/kko/rc/PornographicMovie,rdfs:subClassOf,owl:Thing
http://kbpedia.org/kko/rc/FolkPunk,rdfs:subClassOf,http://kbpedia.org/kko/rc/FolkRockMusic
http://kbpedia.org/kko/rc/FolkPunk,rdfs:subClassOf,http://kbpedia.org/kko/rc/MusicTypeByGenre
http://kbpedia.org/kko/rc/FolkPunk,rdfs:subClassOf,owl:Thing
http://kbpedia.org/kko/rc/MusicalComposition_RhythmAndBlues,rdfs:subClassOf,http://kbpedia.org/kko/rc/MusicalComposition
http://kbpedia.org/kko/rc/MusicalComposition_RhythmAndBlues,rdfs:subClassOf,owl:Thing
http://kbpedia.org/kko/rc/TextMarking,rdfs:subClassOf,http://kbpedia.org/kko/rc/VisualMark
http://kbpedia.org/kko/rc/TextMarking,rdfs:subClassOf,owl:Thing
http://kbpedia.org/kko/rc/MusicalComposition_Electronica,rdfs:subClassOf,http://kbpedia.org/kko/rc/MusicTypeOpenGenre
http://kbpedia.org/kko/rc/MusicalComposition_Electronica,rdfs:subClassOf,http://kbpedia.org/kko/rc/MusicalComposition
http://kbpedia.org/kko/rc/MusicalComposition_Electronica,rdfs:subClassOf,owl:Thing
http://kbpedia.org/kko/rc/NationalIDDocument,rdfs:subClassOf,http://kbpedia.org/kko/rc/GovernmentDocument
http://kbpedia.org/kko/rc/NationalIDDocument,rdfs:subClassOf,http://kbpedia.org/kko/rc/IDDocument
http://kbpedia.org/kko/rc/NationalIDDocument,rdfs:subClassOf,owl:Thing
http://kbpedia.org/kko/rc/RecordedMusic,rdfs:subClassOf,http://kbpedia.org/kko/rc/RecordedSoundProduct
http://kbpedia.org/kko/rc/RecordedMusic,rdfs:subClassOf,owl:Thing
http://kbpedia.org/kko/rc/Blueprint,rdfs:subClassOf,http://kbpedia.org/kko/rc/Paper_IBO
http://kbpedia.org/kko/rc/Blueprint,rdfs:subClassOf,owl:Thing
http://kbpedia.org/kko/rc/AllBlackCastBroadwayShow,rdfs:subClassOf,http://kbpedia.org/kko/rc/BroadwayShow
http://kbpedia.org/kko/rc/AllBlackCastBroadwayShow,rdfs:subClassOf,owl:Thing
http://kbpedia.org/kko/rc/RoastComedy,rdfs:subClassOf,http://kbpedia.org/kko/rc/Comedy
http://kbpedia.org/kko/rc/RoastComedy,rdfs:subClassOf,owl:Thing
http://kbpedia.org/kko/rc/Kulintang,rdfs:subClassOf,http://kbpedia.org/kko/rc/MusicTypeByGenre
http://kbpedia.org/kko/rc/Kulintang,rdfs:subClassOf,owl:Thing
http://kbpedia.org/kko/rc/Ultrasound,rdfs:subClassOf,http://kbpedia.org/kko/rc/Sound
http://kbpedia.org/kko/rc/Ultrasound,rdfs:subClassOf,owl:Thing
http://kbpedia.org/kko/rc/GarageRock,rdfs:subClassOf,http://kbpedia.org/kko/rc/RockMusic
http://kbpedia.org/kko/rc/GarageRock,rdfs:subClassOf,owl:Thing
http://kbpedia.org/kko/rc/Rale,rdfs:subClassOf,http://kbpedia.org/kko/rc/AudibleMedicalSign
http://kbpedia.org/kko/rc/Rale,rdfs:subClassOf,owl:Thing
http://kbpedia.org/kko/rc/Badge,rdfs:subClassOf,http://kbpedia.org/kko/rc/VisualLabel
http://kbpedia.org/kko/rc/Badge,rdfs:subClassOf,owl:Thing
http://kbpedia.org/kko/rc/OfficialDocument,rdfs:subClassOf,http://kbpedia.org/kko/rc/HardcopyInformationBearingObject
http://kbpedia.org/kko/rc/OfficialDocument,rdfs:subClassOf,owl:Thing
http://kbpedia.org/kko/rc/ParentalGuidanceRating,rdfs:subClassOf,http://kbpedia.org/kko/rc/Movie
http://kbpedia.org/kko/rc/ParentalGuidanceRating,rdfs:subClassOf,owl:Thing
http://kbpedia.org/kko/rc/StarTrekMovie,rdfs:subClassOf,http://kbpedia.org/kko/rc/ScienceFictionMovie
http://kbpedia.org/kko/rc/StarTrekMovie,rdfs:subClassOf,owl:Thing
http://kbpedia.org/kko/rc/Thunder,rdfs:subClassOf,http://kbpedia.org/kko/rc/AudibleSound
http://kbpedia.org/kko/rc/Thunder,rdfs:subClassOf,owl:Thing
http://kbpedia.org/kko/rc/StageProp,rdfs:subClassOf,http://kbpedia.org/kko/rc/VisualInformationBearingThing
http://kbpedia.org/kko/rc/StageProp,rdfs:subClassOf,owl:Thing
http://kbpedia.org/kko/rc/Silhouetted,rdfs:subClassOf,http://kbpedia.org/kko/rc/Backlit
http://kbpedia.org/kko/rc/Silhouetted,rdfs:subClassOf,owl:Thing
http://kbpedia.org/kko/rc/ArtStyle,rdfs:subClassOf,http://kbpedia.org/kko/rc/VisualArtsGenre
http://kbpedia.org/kko/rc/ArtStyle,rdfs:subClassOf,owl:Thing
http://kbpedia.org/kko/rc/Image,rdfs:subClassOf,http://kbpedia.org/ontologies/kko#VisualInfo
http://kbpedia.org/kko/rc/Image,rdfs:subClassOf,owl:Thing
http://kbpedia.org/kko/rc/Self_portrait,rdfs:subClassOf,http://kbpedia.org/kko/rc/PortraitPerspective
http://kbpedia.org/kko/rc/Self_portrait,rdfs:subClassOf,owl:Thing
http://kbpedia.org/kko/rc/LegalDocument,rdfs:subClassOf,http://kbpedia.org/kko/rc/OfficialDocument
http://kbpedia.org/kko/rc/LegalDocument,rdfs:subClassOf,owl:Thing
http://kbpedia.org/kko/rc/Tune,rdfs:subClassOf,http://kbpedia.org/kko/rc/MusicalComposition
http://kbpedia.org/kko/rc/Tune,rdfs:subClassOf,owl:Thing
http://kbpedia.org/kko/rc/MusicalComposition_Funk,rdfs:subClassOf,http://kbpedia.org/kko/rc/MusicalComposition
http://kbpedia.org/kko/rc/MusicalComposition_Funk,rdfs:subClassOf,owl:Thing
http://kbpedia.org/kko/rc/OperaPerformance,rdfs:subClassOf,http://kbpedia.org/kko/rc/DramaticPerformance
http://kbpedia.org/kko/rc/OperaPerformance,rdfs:subClassOf,owl:Thing
http://kbpedia.org/kko/rc/CharacterToken_Inscribed,rdfs:subClassOf,http://kbpedia.org/kko/rc/CharacterStringToken_Inscribed
http://kbpedia.org/kko/rc/CharacterToken_Inscribed,rdfs:subClassOf,owl:Thing
http://kbpedia.org/kko/rc/WrittenCharacterSequence,rdfs:subClassOf,http://kbpedia.org/kko/rc/CharacterStringToken_Inscribed
http://kbpedia.org/kko/rc/WrittenCharacterSequence,rdfs:subClassOf,http://kbpedia.org/kko/rc/TextMarking
http://kbpedia.org/kko/rc/WrittenCharacterSequence,rdfs:subClassOf,owl:Thing
http://kbpedia.org/kko/rc/MysteryMovie,rdfs:subClassOf,http://kbpedia.org/kko/rc/FilmGenre
http://kbpedia.org/kko/rc/MysteryMovie,rdfs:subClassOf,owl:Thing
http://kbpedia.org/kko/rc/BotanicalArt,rdfs:subClassOf,http://kbpedia.org/kko/rc/Art
http://kbpedia.org/kko/rc/BotanicalArt,rdfs:subClassOf,owl:Thing
http://kbpedia.org/kko/rc/SpyTVShow,rdfs:subClassOf,http://kbpedia.org/kko/rc/FictionalTVShow
http://kbpedia.org/kko/rc/SpyTVShow,rdfs:subClassOf,owl:Thing
http://kbpedia.org/kko/rc/Agung,rdfs:subClassOf,http://kbpedia.org/kko/rc/Kulintang
http://kbpedia.org/kko/rc/Agung,rdfs:subClassOf,owl:Thing
http://kbpedia.org/kko/rc/ClosingDocument,rdfs:subClassOf,http://kbpedia.org/kko/rc/OfficialDocument
http://kbpedia.org/kko/rc/ClosingDocument,rdfs:subClassOf,owl:Thing
http://kbpedia.org/kko/rc/ArtMovement,rdfs:subClassOf,http://kbpedia.org/kko/rc/ArtStyle
http://kbpedia.org/kko/rc/ArtMovement,rdfs:subClassOf,owl:Thing
http://kbpedia.org/kko/rc/TelevisionProgrammingBlock,rdfs:subClassOf,http://kbpedia.org/kko/rc/ChildrensTVShow
http://kbpedia.org/kko/rc/TelevisionProgrammingBlock,rdfs:subClassOf,owl:Thing
http://kbpedia.org/kko/rc/FunkGenre,rdfs:subClassOf,http://kbpedia.org/kko/rc/MusicTypeByGenre
http://kbpedia.org/kko/rc/FunkGenre,rdfs:subClassOf,http://kbpedia.org/kko/rc/MusicalComposition_Funk
http://kbpedia.org/kko/rc/FunkGenre,rdfs:subClassOf,owl:Thing
http://kbpedia.org/kko/rc/ConsonanceAndDissonance,rdfs:subClassOf,http://kbpedia.org/kko/rc/Tune
http://kbpedia.org/kko/rc/ConsonanceAndDissonance,rdfs:subClassOf,owl:Thing
http://kbpedia.org/kko/rc/TwoDollarBill_US,rdfs:subClassOf,http://kbpedia.org/kko/rc/Bill_US
http://kbpedia.org/kko/rc/TwoDollarBill_US,rdfs:subClassOf,owl:Thing
http://kbpedia.org/kko/rc/Insignia,rdfs:subClassOf,http://kbpedia.org/kko/rc/Signage
http://kbpedia.org/kko/rc/Insignia,rdfs:subClassOf,http://kbpedia.org/kko/rc/VisualInformationBearingThing
http://kbpedia.org/kko/rc/Insignia,rdfs:subClassOf,owl:Thing
http://kbpedia.org/kko/rc/GlamRockMusic,rdfs:subClassOf,http://kbpedia.org/kko/rc/RockMusic
http://kbpedia.org/kko/rc/GlamRockMusic,rdfs:subClassOf,owl:Thing
http://kbpedia.org/kko/rc/GroundForce,rdfs:subClassOf,http://kbpedia.org/kko/rc/TVShow
http://kbpedia.org/kko/rc/GroundForce,rdfs:subClassOf,owl:Thing
http://kbpedia.org/kko/rc/RomanEmpireArt,rdfs:subClassOf,http://kbpedia.org/kko/rc/ArtByPeriod
http://kbpedia.org/kko/rc/RomanEmpireArt,rdfs:subClassOf,owl:Thing
http://kbpedia.org/kko/rc/RecordedVideoProduct,rdfs:subClassOf,http://kbpedia.org/kko/rc/VideoRecordedObject
http://kbpedia.org/kko/rc/RecordedVideoProduct,rdfs:subClassOf,http://kbpedia.org/kko/rc/AVMediaProduct
http://kbpedia.org/kko/rc/RecordedVideoProduct,rdfs:subClassOf,owl:Thing
http://kbpedia.org/kko/rc/Animation_AdultAudience,rdfs:subClassOf,http://kbpedia.org/kko/rc/PornographicMovie
http://kbpedia.org/kko/rc/Animation_AdultAudience,rdfs:subClassOf,owl:Thing
http://kbpedia.org/kko/rc/ValueTable_PCW,rdfs:subClassOf,http://kbpedia.org/kko/rc/VisualArtifact
http://kbpedia.org/kko/rc/ValueTable_PCW,rdfs:subClassOf,owl:Thing
http://kbpedia.org/kko/rc/MultitrackRecording,rdfs:subClassOf,http://kbpedia.org/kko/rc/RecordedSoundProduct
http://kbpedia.org/kko/rc/MultitrackRecording,rdfs:subClassOf,owl:Thing
http://kbpedia.org/kko/rc/ComputerImageFile,rdfs:subClassOf,http://kbpedia.org/kko/rc/Image
http://kbpedia.org/kko/rc/ComputerImageFile,rdfs:subClassOf,owl:Thing
http://kbpedia.org/kko/rc/Affidavit,rdfs:subClassOf,http://kbpedia.org/kko/rc/LegalDocument
http://kbpedia.org/kko/rc/Affidavit,rdfs:subClassOf,owl:Thing
http://kbpedia.org/kko/rc/AuxiliaryWritingMark,rdfs:subClassOf,http://kbpedia.org/kko/rc/CharacterToken_Inscribed
http://kbpedia.org/kko/rc/AuxiliaryWritingMark,rdfs:subClassOf,http://kbpedia.org/kko/rc/TextMarking
http://kbpedia.org/kko/rc/AuxiliaryWritingMark,rdfs:subClassOf,owl:Thing
http://kbpedia.org/kko/rc/AudioBeep,rdfs:subClassOf,http://kbpedia.org/kko/rc/SyntheticSound
http://kbpedia.org/kko/rc/AudioBeep,rdfs:subClassOf,owl:Thing
http://kbpedia.org/kko/rc/UnitedStatesStateInsignia,rdfs:subClassOf,http://kbpedia.org/kko/rc/FormalInsignia
http://kbpedia.org/kko/rc/UnitedStatesStateInsignia,rdfs:subClassOf,http://kbpedia.org/kko/rc/Insignia
http://kbpedia.org/kko/rc/UnitedStatesStateInsignia,rdfs:subClassOf,owl:Thing
http://kbpedia.org/kko/rc/ItalicizedFormat,rdfs:subClassOf,http://kbpedia.org/kko/rc/TypographicalStructure
http://kbpedia.org/kko/rc/ItalicizedFormat,rdfs:subClassOf,owl:Thing
http://kbpedia.org/kko/rc/ImageOfSouthAmerica,rdfs:subClassOf,http://kbpedia.org/kko/rc/VisualImage
http://kbpedia.org/kko/rc/ImageOfSouthAmerica,rdfs:subClassOf,owl:Thing
http://kbpedia.org/kko/rc/Acronym,rdfs:subClassOf,http://kbpedia.org/kko/rc/Abbreviation
http://kbpedia.org/kko/rc/Acronym,rdfs:subClassOf,owl:Thing
http://kbpedia.org/kko/rc/ArtObject,rdfs:subClassOf,http://kbpedia.org/kko/rc/Art
http://kbpedia.org/kko/rc/ArtObject,rdfs:subClassOf,http://kbpedia.org/kko/rc/VisualInformationBearingThing
http://kbpedia.org/kko/rc/ArtObject,rdfs:subClassOf,http://kbpedia.org/kko/rc/VisualWork
http://kbpedia.org/kko/rc/ArtObject,rdfs:subClassOf,owl:Thing
http://kbpedia.org/kko/rc/VideoStorage,rdfs:subClassOf,http://kbpedia.org/kko/rc/VideoRecordedObject
http://kbpedia.org/kko/rc/VideoStorage,rdfs:subClassOf,owl:Thing
http://kbpedia.org/kko/rc/FilmDubbing,rdfs:subClassOf,http://kbpedia.org/kko/rc/MovingImage
http://kbpedia.org/kko/rc/FilmDubbing,rdfs:subClassOf,owl:Thing
http://kbpedia.org/kko/rc/TVBiography_PartlyFictional,rdfs:subClassOf,http://kbpedia.org/kko/rc/FictionalTVShow
http://kbpedia.org/kko/rc/TVBiography_PartlyFictional,rdfs:subClassOf,http://kbpedia.org/kko/rc/NarrativeTVShow
http://kbpedia.org/kko/rc/TVBiography_PartlyFictional,rdfs:subClassOf,owl:Thing
http://kbpedia.org/kko/rc/Reflection_Visual,rdfs:subClassOf,http://kbpedia.org/kko/rc/VisualImage
http://kbpedia.org/kko/rc/Reflection_Visual,rdfs:subClassOf,owl:Thing
http://kbpedia.org/kko/rc/JazzMusic,rdfs:subClassOf,http://kbpedia.org/kko/rc/MusicTypeByGenre
http://kbpedia.org/kko/rc/JazzMusic,rdfs:subClassOf,owl:Thing
http://kbpedia.org/kko/rc/ComputerVideoFile,rdfs:subClassOf,http://kbpedia.org/kko/rc/ComputerImageFile
http://kbpedia.org/kko/rc/ComputerVideoFile,rdfs:subClassOf,owl:Thing
http://kbpedia.org/kko/rc/ScienceFictionMovie,rdfs:subClassOf,http://kbpedia.org/kko/rc/FilmGenre
http://kbpedia.org/kko/rc/ScienceFictionMovie,rdfs:subClassOf,owl:Thing
http://kbpedia.org/kko/rc/MusicalComposition_Gospel,rdfs:subClassOf,http://kbpedia.org/kko/rc/MusicalComposition_Religious
http://kbpedia.org/kko/rc/MusicalComposition_Gospel,rdfs:subClassOf,owl:Thing
http://kbpedia.org/kko/rc/TraditionalSong,rdfs:subClassOf,http://kbpedia.org/kko/rc/Song
http://kbpedia.org/kko/rc/TraditionalSong,rdfs:subClassOf,owl:Thing
http://kbpedia.org/kko/rc/DisclosureStatement,rdfs:subClassOf,http://kbpedia.org/kko/rc/OfficialDocument
http://kbpedia.org/kko/rc/DisclosureStatement,rdfs:subClassOf,owl:Thing
http://kbpedia.org/kko/rc/DiacriticMark,rdfs:subClassOf,http://kbpedia.org/kko/rc/AuxiliaryWritingMark
http://kbpedia.org/kko/rc/DiacriticMark,rdfs:subClassOf,owl:Thing
http://kbpedia.org/kko/rc/RoadMap,rdfs:subClassOf,http://kbpedia.org/kko/rc/Map
http://kbpedia.org/kko/rc/RoadMap,rdfs:subClassOf,owl:Thing
http://kbpedia.org/kko/rc/Crucifix_ChristianSymbol,rdfs:subClassOf,http://kbpedia.org/kko/rc/ArtObject
http://kbpedia.org/kko/rc/Crucifix_ChristianSymbol,rdfs:subClassOf,owl:Thing
http://kbpedia.org/kko/rc/Let_There_Be_Rock_international_album,rdfs:subClassOf,http://kbpedia.org/kko/rc/Album
http://kbpedia.org/kko/rc/Let_There_Be_Rock_international_album,rdfs:subClassOf,owl:Thing
http://kbpedia.org/kko/rc/Graffiti,rdfs:subClassOf,http://kbpedia.org/kko/rc/WrittenCharacterSequence
http://kbpedia.org/kko/rc/Graffiti,rdfs:subClassOf,owl:Thing
http://kbpedia.org/kko/rc/FusionMusic,rdfs:subClassOf,http://kbpedia.org/kko/rc/JazzMusic
http://kbpedia.org/kko/rc/FusionMusic,rdfs:subClassOf,http://kbpedia.org/kko/rc/RockMusic
http://kbpedia.org/kko/rc/FusionMusic,rdfs:subClassOf,owl:Thing
http://kbpedia.org/kko/rc/GospelMusicGenre,rdfs:subClassOf,http://kbpedia.org/kko/rc/GospelMusic
http://kbpedia.org/kko/rc/GospelMusicGenre,rdfs:subClassOf,http://kbpedia.org/kko/rc/MusicalComposition_Gospel
http://kbpedia.org/kko/rc/GospelMusicGenre,rdfs:subClassOf,http://kbpedia.org/kko/rc/MusicTypeByGenre
http://kbpedia.org/kko/rc/GospelMusicGenre,rdfs:subClassOf,owl:Thing
http://kbpedia.org/kko/rc/PsychedelicFolk,rdfs:subClassOf,http://kbpedia.org/kko/rc/PsychedelicMusic
http://kbpedia.org/kko/rc/PsychedelicFolk,rdfs:subClassOf,owl:Thing
http://kbpedia.org/kko/rc/MusicalComposition_Experimental,rdfs:subClassOf,http://kbpedia.org/kko/rc/MusicTypeOpenGenre
http://kbpedia.org/kko/rc/MusicalComposition_Experimental,rdfs:subClassOf,http://kbpedia.org/kko/rc/MusicalComposition
http://kbpedia.org/kko/rc/MusicalComposition_Experimental,rdfs:subClassOf,owl:Thing
http://kbpedia.org/kko/rc/GraphicalAIS,rdfs:subClassOf,http://kbpedia.org/kko/rc/GraphicalStructure
http://kbpedia.org/kko/rc/GraphicalAIS,rdfs:subClassOf,owl:Thing
http://kbpedia.org/kko/rc/VisualImage,rdfs:subClassOf,http://kbpedia.org/kko/rc/Image
http://kbpedia.org/kko/rc/VisualImage,rdfs:subClassOf,owl:Thing
http://kbpedia.org/kko/rc/MusicalComposition_RockAndRoll,rdfs:subClassOf,http://kbpedia.org/kko/rc/MusicTypeOpenGenre
http://kbpedia.org/kko/rc/MusicalComposition_RockAndRoll,rdfs:subClassOf,http://kbpedia.org/kko/rc/MusicalComposition_Rock
http://kbpedia.org/kko/rc/MusicalComposition_RockAndRoll,rdfs:subClassOf,owl:Thing
http://kbpedia.org/kko/rc/Statue,rdfs:subClassOf,http://kbpedia.org/kko/rc/SculptureInTheRound
http://kbpedia.org/kko/rc/Statue,rdfs:subClassOf,http://kbpedia.org/kko/rc/Art
http://kbpedia.org/kko/rc/Statue,rdfs:subClassOf,owl:Thing
http://kbpedia.org/kko/rc/TwoDimensionalArtObject,rdfs:subClassOf,http://kbpedia.org/kko/rc/ArtObject
http://kbpedia.org/kko/rc/TwoDimensionalArtObject,rdfs:subClassOf,owl:Thing
http://kbpedia.org/kko/rc/WesternTVShow,rdfs:subClassOf,http://kbpedia.org/kko/rc/NarrativeTVShow
http://kbpedia.org/kko/rc/WesternTVShow,rdfs:subClassOf,owl:Thing
http://kbpedia.org/kko/rc/Panama_PacificCommemorativeCoin,rdfs:subClassOf,http://kbpedia.org/kko/rc/CommemorativeCoin
http://kbpedia.org/kko/rc/Panama_PacificCommemorativeCoin,rdfs:subClassOf,owl:Thing
http://kbpedia.org/kko/rc/StarWarsMovie,rdfs:subClassOf,http://kbpedia.org/kko/rc/ScienceFictionMovie
http://kbpedia.org/kko/rc/StarWarsMovie,rdfs:subClassOf,owl:Thing
http://kbpedia.org/kko/rc/Serialism,rdfs:subClassOf,http://kbpedia.org/kko/rc/MusicalComposition
http://kbpedia.org/kko/rc/Serialism,rdfs:subClassOf,owl:Thing
http://kbpedia.org/kko/rc/Token_Physical,rdfs:subClassOf,http://kbpedia.org/kko/rc/HardcopyInformationBearingObject
http://kbpedia.org/kko/rc/Token_Physical,rdfs:subClassOf,owl:Thing
http://kbpedia.org/kko/rc/VindolandaTablet,rdfs:subClassOf,http://kbpedia.org/kko/rc/Manuscript
http://kbpedia.org/kko/rc/VindolandaTablet,rdfs:subClassOf,owl:Thing
http://kbpedia.org/kko/rc/Footprint,rdfs:subClassOf,http://kbpedia.org/kko/rc/StillImageSource
http://kbpedia.org/kko/rc/Footprint,rdfs:subClassOf,owl:Thing
http://kbpedia.org/kko/rc/WoodSculpture,rdfs:subClassOf,http://kbpedia.org/kko/rc/Sculpture
http://kbpedia.org/kko/rc/WoodSculpture,rdfs:subClassOf,owl:Thing
http://kbpedia.org/kko/rc/ToyFigurine,rdfs:subClassOf,http://kbpedia.org/kko/rc/Figurine
http://kbpedia.org/kko/rc/ToyFigurine,rdfs:subClassOf,owl:Thing
http://kbpedia.org/kko/rc/NoiseReduction,rdfs:subClassOf,http://kbpedia.org/kko/rc/AudibleSound
http://kbpedia.org/kko/rc/NoiseReduction,rdfs:subClassOf,owl:Thing
http://kbpedia.org/kko/rc/SpaceArt,rdfs:subClassOf,http://kbpedia.org/kko/rc/ArtStyle
http://kbpedia.org/kko/rc/SpaceArt,rdfs:subClassOf,http://kbpedia.org/kko/rc/VisualArtsGenre
http://kbpedia.org/kko/rc/SpaceArt,rdfs:subClassOf,http://kbpedia.org/kko/rc/Art
http://kbpedia.org/kko/rc/SpaceArt,rdfs:subClassOf,owl:Thing
http://kbpedia.org/kko/rc/MovingImage,rdfs:subClassOf,http://kbpedia.org/kko/rc/VisualImage
http://kbpedia.org/kko/rc/MovingImage,rdfs:subClassOf,owl:Thing
http://kbpedia.org/kko/rc/AlphabeticDiacritic,rdfs:subClassOf,http://kbpedia.org/kko/rc/DiacriticMark
http://kbpedia.org/kko/rc/AlphabeticDiacritic,rdfs:subClassOf,owl:Thing
http://kbpedia.org/kko/rc/DigitalArtObject,rdfs:subClassOf,http://kbpedia.org/kko/rc/Graphic_VisualIBT
http://kbpedia.org/kko/rc/DigitalArtObject,rdfs:subClassOf,http://kbpedia.org/kko/rc/TwoDimensionalArtObject
http://kbpedia.org/kko/rc/DigitalArtObject,rdfs:subClassOf,owl:Thing
http://kbpedia.org/kko/rc/Cypherpunk,rdfs:subClassOf,http://kbpedia.org/kko/rc/MusicalComposition_Cyberpunk
http://kbpedia.org/kko/rc/Cypherpunk,rdfs:subClassOf,owl:Thing
http://kbpedia.org/kko/rc/Certification,rdfs:subClassOf,http://kbpedia.org/kko/rc/Paper_IBO
http://kbpedia.org/kko/rc/Certification,rdfs:subClassOf,owl:Thing
http://kbpedia.org/kko/rc/Photocopy,rdfs:subClassOf,http://kbpedia.org/kko/rc/Paper_IBO
http://kbpedia.org/kko/rc/Photocopy,rdfs:subClassOf,owl:Thing
http://kbpedia.org/kko/rc/AbstractVisualStructure,rdfs:subClassOf,http://kbpedia.org/ontologies/kko#VisualInfo
http://kbpedia.org/kko/rc/AbstractVisualStructure,rdfs:subClassOf,owl:Thing
http://kbpedia.org/kko/rc/StarTrekRankOrInsignia,rdfs:subClassOf,http://kbpedia.org/kko/rc/Insignia
http://kbpedia.org/kko/rc/StarTrekRankOrInsignia,rdfs:subClassOf,owl:Thing
http://kbpedia.org/kko/rc/SwingMusic,rdfs:subClassOf,http://kbpedia.org/kko/rc/MusicTypeByGenre
http://kbpedia.org/kko/rc/SwingMusic,rdfs:subClassOf,owl:Thing
http://kbpedia.org/kko/rc/TotemPole,rdfs:subClassOf,http://kbpedia.org/kko/rc/WoodSculpture
http://kbpedia.org/kko/rc/TotemPole,rdfs:subClassOf,owl:Thing
http://kbpedia.org/kko/rc/MusicalComposition_FolkRock,rdfs:subClassOf,http://kbpedia.org/kko/rc/MusicalComposition_Folk
http://kbpedia.org/kko/rc/MusicalComposition_FolkRock,rdfs:subClassOf,http://kbpedia.org/kko/rc/MusicalComposition_Rock
http://kbpedia.org/kko/rc/MusicalComposition_FolkRock,rdfs:subClassOf,http://kbpedia.org/kko/rc/MusicTypeOpenGenre
http://kbpedia.org/kko/rc/MusicalComposition_FolkRock,rdfs:subClassOf,owl:Thing
http://kbpedia.org/kko/rc/ReliefBust,rdfs:subClassOf,http://kbpedia.org/kko/rc/Bust_Sculpture
http://kbpedia.org/kko/rc/ReliefBust,rdfs:subClassOf,http://kbpedia.org/kko/rc/Relief_Sculpture
http://kbpedia.org/kko/rc/ReliefBust,rdfs:subClassOf,owl:Thing
http://kbpedia.org/kko/rc/GiftLetterDocument,rdfs:subClassOf,http://kbpedia.org/kko/rc/OfficialDocument
http://kbpedia.org/kko/rc/GiftLetterDocument,rdfs:subClassOf,owl:Thing
http://kbpedia.org/kko/rc/MusicalComposition_Rockabilly,rdfs:subClassOf,http://kbpedia.org/kko/rc/MusicTypeOpenGenre
http://kbpedia.org/kko/rc/MusicalComposition_Rockabilly,rdfs:subClassOf,http://kbpedia.org/kko/rc/MusicalComposition_Rock
http://kbpedia.org/kko/rc/MusicalComposition_Rockabilly,rdfs:subClassOf,owl:Thing
http://kbpedia.org/kko/rc/ReturnOfTheJedi,rdfs:subClassOf,http://kbpedia.org/kko/rc/StarWarsMovie
http://kbpedia.org/kko/rc/ReturnOfTheJedi,rdfs:subClassOf,owl:Thing
http://kbpedia.org/kko/rc/Medal_Physical,rdfs:subClassOf,http://kbpedia.org/kko/rc/Token_Physical
http://kbpedia.org/kko/rc/Medal_Physical,rdfs:subClassOf,owl:Thing
http://kbpedia.org/kko/rc/TypographicalStructure,rdfs:subClassOf,http://kbpedia.org/kko/rc/GraphicalAIS
http://kbpedia.org/kko/rc/TypographicalStructure,rdfs:subClassOf,owl:Thing
http://kbpedia.org/kko/rc/Synth_Pop,rdfs:subClassOf,http://kbpedia.org/kko/rc/PopMusicGenre
http://kbpedia.org/kko/rc/Synth_Pop,rdfs:subClassOf,owl:Thing
http://kbpedia.org/kko/rc/OperaScholarship,rdfs:subClassOf,http://kbpedia.org/kko/rc/Opera
http://kbpedia.org/kko/rc/OperaScholarship,rdfs:subClassOf,http://kbpedia.org/kko/rc/MusicalComposition_Opera
http://kbpedia.org/kko/rc/OperaScholarship,rdfs:subClassOf,owl:Thing
http://kbpedia.org/kko/rc/AviationLicensesAndCertification,rdfs:subClassOf,http://kbpedia.org/kko/rc/Certification
http://kbpedia.org/kko/rc/AviationLicensesAndCertification,rdfs:subClassOf,owl:Thing
http://kbpedia.org/kko/rc/SecurityBadge,rdfs:subClassOf,http://kbpedia.org/kko/rc/Badge
http://kbpedia.org/kko/rc/SecurityBadge,rdfs:subClassOf,http://kbpedia.org/kko/rc/NameTag
http://kbpedia.org/kko/rc/SecurityBadge,rdfs:subClassOf,owl:Thing
http://kbpedia.org/kko/rc/RomanEmpireInArtAndCulture,rdfs:subClassOf,http://kbpedia.org/kko/rc/ArtSubject
http://kbpedia.org/kko/rc/RomanEmpireInArtAndCulture,rdfs:subClassOf,owl:Thing
http://kbpedia.org/kko/rc/Figurine,rdfs:subClassOf,http://kbpedia.org/kko/rc/Statue
http://kbpedia.org/kko/rc/Figurine,rdfs:subClassOf,http://kbpedia.org/kko/rc/SculptureInTheRound
http://kbpedia.org/kko/rc/Figurine,rdfs:subClassOf,owl:Thing
http://kbpedia.org/kko/rc/MusicalComposition_Song,rdfs:subClassOf,http://kbpedia.org/kko/rc/MusicalComposition
http://kbpedia.org/kko/rc/MusicalComposition_Song,rdfs:subClassOf,owl:Thing
http://kbpedia.org/kko/rc/SculpturalGroup,rdfs:subClassOf,http://kbpedia.org/kko/rc/Sculpture
http://kbpedia.org/kko/rc/SculpturalGroup,rdfs:subClassOf,owl:Thing
http://kbpedia.org/kko/rc/DionysusInArt,rdfs:subClassOf,http://kbpedia.org/kko/rc/ArtSubject
http://kbpedia.org/kko/rc/DionysusInArt,rdfs:subClassOf,owl:Thing
http://kbpedia.org/kko/rc/FormalEstimateDocument,rdfs:subClassOf,http://kbpedia.org/kko/rc/PriceQuoteDocument
http://kbpedia.org/kko/rc/FormalEstimateDocument,rdfs:subClassOf,http://kbpedia.org/kko/rc/OfficialDocument
http://kbpedia.org/kko/rc/FormalEstimateDocument,rdfs:subClassOf,owl:Thing
http://kbpedia.org/kko/rc/TelevisionSeriesByTopic,rdfs:subClassOf,http://kbpedia.org/kko/rc/TVSeriesProduct
http://kbpedia.org/kko/rc/TelevisionSeriesByTopic,rdfs:subClassOf,owl:Thing
http://kbpedia.org/kko/rc/MysteryTVShow,rdfs:subClassOf,http://kbpedia.org/kko/rc/NarrativeTVShow
http://kbpedia.org/kko/rc/MysteryTVShow,rdfs:subClassOf,owl:Thing
http://kbpedia.org/kko/rc/ASCII_Art,rdfs:subClassOf,http://kbpedia.org/kko/rc/DigitalArtObject
http://kbpedia.org/kko/rc/ASCII_Art,rdfs:subClassOf,owl:Thing
http://kbpedia.org/kko/rc/Woodcut,rdfs:subClassOf,http://kbpedia.org/kko/rc/CarvedArtwork
http://kbpedia.org/kko/rc/Woodcut,rdfs:subClassOf,http://kbpedia.org/kko/rc/Engraving
http://kbpedia.org/kko/rc/Woodcut,rdfs:subClassOf,owl:Thing
http://kbpedia.org/kko/rc/IlluminatedSign,rdfs:subClassOf,http://kbpedia.org/kko/rc/Signage
http://kbpedia.org/kko/rc/IlluminatedSign,rdfs:subClassOf,owl:Thing
http://kbpedia.org/kko/rc/Deathcore,rdfs:subClassOf,http://kbpedia.org/kko/rc/DeathMetalMusic
http://kbpedia.org/kko/rc/Deathcore,rdfs:subClassOf,http://kbpedia.org/kko/rc/MusicTypeOpenGenre
http://kbpedia.org/kko/rc/Deathcore,rdfs:subClassOf,http://kbpedia.org/kko/rc/MusicTypeByGenre
http://kbpedia.org/kko/rc/Deathcore,rdfs:subClassOf,owl:Thing
http://kbpedia.org/kko/rc/NeighingSound,rdfs:subClassOf,http://kbpedia.org/kko/rc/AnimalSound
http://kbpedia.org/kko/rc/NeighingSound,rdfs:subClassOf,owl:Thing
http://kbpedia.org/kko/rc/TheMuppetsTelevisionSpecial,rdfs:subClassOf,http://kbpedia.org/kko/rc/TVShow_Single
http://kbpedia.org/kko/rc/TheMuppetsTelevisionSpecial,rdfs:subClassOf,owl:Thing
http://kbpedia.org/kko/rc/Golden_Brown,rdfs:subClassOf,http://kbpedia.org/kko/rc/Song
http://kbpedia.org/kko/rc/Golden_Brown,rdfs:subClassOf,owl:Thing
http://kbpedia.org/kko/rc/GraphicalStructure,rdfs:subClassOf,http://kbpedia.org/kko/rc/AbstractVisualStructure
http://kbpedia.org/kko/rc/GraphicalStructure,rdfs:subClassOf,owl:Thing
http://kbpedia.org/kko/rc/UndirectedGraph,rdfs:subClassOf,http://kbpedia.org/kko/rc/Multigraph
http://kbpedia.org/kko/rc/UndirectedGraph,rdfs:subClassOf,owl:Thing
http://kbpedia.org/kko/rc/ComputerDisplayScreenRegion,rdfs:subClassOf,http://kbpedia.org/kko/rc/StillImageSource
http://kbpedia.org/kko/rc/ComputerDisplayScreenRegion,rdfs:subClassOf,owl:Thing
http://kbpedia.org/kko/rc/OinkingSound,rdfs:subClassOf,http://kbpedia.org/kko/rc/AnimalSound
http://kbpedia.org/kko/rc/OinkingSound,rdfs:subClassOf,owl:Thing
http://kbpedia.org/kko/rc/IslamicMusic,rdfs:subClassOf,http://kbpedia.org/kko/rc/MusicalComposition_Religious
http://kbpedia.org/kko/rc/IslamicMusic,rdfs:subClassOf,owl:Thing
http://kbpedia.org/kko/rc/OculusRift,rdfs:subClassOf,http://kbpedia.org/kko/rc/VirtualReality
http://kbpedia.org/kko/rc/OculusRift,rdfs:subClassOf,owl:Thing
http://kbpedia.org/kko/rc/Diary,rdfs:subClassOf,http://kbpedia.org/kko/rc/HardcopyInformationBearingObject
http://kbpedia.org/kko/rc/Diary,rdfs:subClassOf,owl:Thing
http://kbpedia.org/kko/rc/Three_CentNickel,rdfs:subClassOf,http://kbpedia.org/kko/rc/Coin_Currency
http://kbpedia.org/kko/rc/Three_CentNickel,rdfs:subClassOf,owl:Thing
http://kbpedia.org/kko/rc/Lithograph,rdfs:subClassOf,http://kbpedia.org/kko/rc/HardcopyInformationBearingObject
http://kbpedia.org/kko/rc/Lithograph,rdfs:subClassOf,http://kbpedia.org/kko/rc/TwoDimensionalArtObject
http://kbpedia.org/kko/rc/Lithograph,rdfs:subClassOf,http://kbpedia.org/kko/rc/Art
http://kbpedia.org/kko/rc/Lithograph,rdfs:subClassOf,owl:Thing
http://kbpedia.org/kko/rc/DollarCoin_US,rdfs:subClassOf,http://kbpedia.org/kko/rc/Coin_US
http://kbpedia.org/kko/rc/DollarCoin_US,rdfs:subClassOf,owl:Thing
http://kbpedia.org/kko/rc/BoldfacedFormat,rdfs:subClassOf,http://kbpedia.org/kko/rc/TypographicalStructure
http://kbpedia.org/kko/rc/BoldfacedFormat,rdfs:subClassOf,owl:Thing
http://kbpedia.org/kko/rc/MedicalPrescription,rdfs:subClassOf,http://kbpedia.org/kko/rc/OfficialDocument
http://kbpedia.org/kko/rc/MedicalPrescription,rdfs:subClassOf,owl:Thing
http://kbpedia.org/kko/rc/ClassicalVocalComposition,rdfs:subClassOf,http://kbpedia.org/kko/rc/MusicalComposition_Classical
http://kbpedia.org/kko/rc/ClassicalVocalComposition,rdfs:subClassOf,owl:Thing
http://kbpedia.org/kko/rc/PostmodernArt,rdfs:subClassOf,http://kbpedia.org/kko/rc/ArtByPeriod
http://kbpedia.org/kko/rc/PostmodernArt,rdfs:subClassOf,owl:Thing
http://kbpedia.org/kko/rc/Pseudoforest,rdfs:subClassOf,http://kbpedia.org/kko/rc/UndirectedGraph
http://kbpedia.org/kko/rc/Pseudoforest,rdfs:subClassOf,owl:Thing
http://kbpedia.org/kko/rc/ServiceContractDocument,rdfs:subClassOf,http://kbpedia.org/kko/rc/ContractDocument
http://kbpedia.org/kko/rc/ServiceContractDocument,rdfs:subClassOf,owl:Thing
http://kbpedia.org/kko/rc/Facepainting,rdfs:subClassOf,http://kbpedia.org/kko/rc/Bodypainting
http://kbpedia.org/kko/rc/Facepainting,rdfs:subClassOf,owl:Thing
http://kbpedia.org/kko/rc/SouthernRockMusic,rdfs:subClassOf,http://kbpedia.org/kko/rc/RockMusic
http://kbpedia.org/kko/rc/SouthernRockMusic,rdfs:subClassOf,owl:Thing
http://kbpedia.org/kko/rc/SongAboutDrinkingAndDriving,rdfs:subClassOf,http://kbpedia.org/kko/rc/Song
http://kbpedia.org/kko/rc/SongAboutDrinkingAndDriving,rdfs:subClassOf,owl:Thing
http://kbpedia.org/kko/rc/Manuscript_Handwritten,rdfs:subClassOf,http://kbpedia.org/kko/rc/Manuscript
http://kbpedia.org/kko/rc/Manuscript_Handwritten,rdfs:subClassOf,owl:Thing
http://kbpedia.org/kko/rc/BluesMusic,rdfs:subClassOf,http://kbpedia.org/kko/rc/MusicTypeByGenre
http://kbpedia.org/kko/rc/BluesMusic,rdfs:subClassOf,owl:Thing
http://kbpedia.org/kko/rc/ArtCollection,rdfs:subClassOf,http://kbpedia.org/kko/rc/ArtObject
http://kbpedia.org/kko/rc/ArtCollection,rdfs:subClassOf,owl:Thing
http://kbpedia.org/kko/rc/PostageStamp,rdfs:subClassOf,http://kbpedia.org/kko/rc/GovernmentDocument
http://kbpedia.org/kko/rc/PostageStamp,rdfs:subClassOf,http://kbpedia.org/kko/rc/Sticker_Adhesive
http://kbpedia.org/kko/rc/PostageStamp,rdfs:subClassOf,owl:Thing
http://kbpedia.org/kko/rc/GleesMusic,rdfs:subClassOf,http://kbpedia.org/kko/rc/ClassicalMusic_Baroque
http://kbpedia.org/kko/rc/GleesMusic,rdfs:subClassOf,http://kbpedia.org/kko/rc/MusicalComposition_Baroque
http://kbpedia.org/kko/rc/GleesMusic,rdfs:subClassOf,owl:Thing
http://kbpedia.org/kko/rc/TelevisionSeriesCanceledAfterOneEpisode,rdfs:subClassOf,http://kbpedia.org/kko/rc/TVSeriesProduct
http://kbpedia.org/kko/rc/TelevisionSeriesCanceledAfterOneEpisode,rdfs:subClassOf,owl:Thing
http://kbpedia.org/kko/rc/EngagementCard,rdfs:subClassOf,http://kbpedia.org/kko/rc/OccasionCard
http://kbpedia.org/kko/rc/EngagementCard,rdfs:subClassOf,owl:Thing
http://kbpedia.org/kko/rc/SubjectOfIconicPhotograph,rdfs:subClassOf,http://kbpedia.org/kko/rc/Photograph
http://kbpedia.org/kko/rc/SubjectOfIconicPhotograph,rdfs:subClassOf,owl:Thing
http://kbpedia.org/kko/rc/CyclesMusic,rdfs:subClassOf,http://kbpedia.org/kko/rc/MusicalComposition
http://kbpedia.org/kko/rc/CyclesMusic,rdfs:subClassOf,owl:Thing
http://kbpedia.org/kko/rc/Queen_ChessPiece,rdfs:subClassOf,http://kbpedia.org/kko/rc/ChessPiece
http://kbpedia.org/kko/rc/Queen_ChessPiece,rdfs:subClassOf,owl:Thing
http://kbpedia.org/kko/rc/ArtworkProduct,rdfs:subClassOf,http://kbpedia.org/kko/rc/ArtObject
http://kbpedia.org/kko/rc/ArtworkProduct,rdfs:subClassOf,owl:Thing
http://kbpedia.org/kko/rc/VictoryOfSamothrace_Sculpture,rdfs:subClassOf,http://kbpedia.org/kko/rc/Sculpture
http://kbpedia.org/kko/rc/VictoryOfSamothrace_Sculpture,rdfs:subClassOf,owl:Thing
http://kbpedia.org/kko/rc/Animatronics,rdfs:subClassOf,http://kbpedia.org/kko/rc/Animation_MovingImage
http://kbpedia.org/kko/rc/Animatronics,rdfs:subClassOf,owl:Thing
http://kbpedia.org/kko/rc/Note_Mortgage,rdfs:subClassOf,http://kbpedia.org/kko/rc/OfficialDocument
http://kbpedia.org/kko/rc/Note_Mortgage,rdfs:subClassOf,owl:Thing
http://kbpedia.org/kko/rc/Signature,rdfs:subClassOf,http://kbpedia.org/kko/rc/CharacterStringToken_Inscribed
http://kbpedia.org/kko/rc/Signature,rdfs:subClassOf,owl:Thing
http://kbpedia.org/kko/rc/PharmacyMedicineLabel,rdfs:subClassOf,http://kbpedia.org/kko/rc/ProductLabel
http://kbpedia.org/kko/rc/PharmacyMedicineLabel,rdfs:subClassOf,owl:Thing
http://kbpedia.org/kko/rc/MusicalComposition_Blues,rdfs:subClassOf,http://kbpedia.org/kko/rc/MusicalComposition
http://kbpedia.org/kko/rc/MusicalComposition_Blues,rdfs:subClassOf,owl:Thing
http://kbpedia.org/kko/rc/TradingCard,rdfs:subClassOf,http://kbpedia.org/kko/rc/Card
http://kbpedia.org/kko/rc/TradingCard,rdfs:subClassOf,http://kbpedia.org/kko/rc/Paper_IBO
http://kbpedia.org/kko/rc/TradingCard,rdfs:subClassOf,owl:Thing
http://kbpedia.org/kko/rc/DevicePrescription,rdfs:subClassOf,http://kbpedia.org/kko/rc/MedicalPrescription
http://kbpedia.org/kko/rc/DevicePrescription,rdfs:subClassOf,owl:Thing
http://kbpedia.org/kko/rc/ComputerDisplayActiveArea,rdfs:subClassOf,http://kbpedia.org/kko/rc/ComputerDisplayScreenRegion
http://kbpedia.org/kko/rc/ComputerDisplayActiveArea,rdfs:subClassOf,owl:Thing
http://kbpedia.org/kko/rc/Sculpture,rdfs:subClassOf,http://kbpedia.org/kko/rc/ArtworkProduct
http://kbpedia.org/kko/rc/Sculpture,rdfs:subClassOf,http://kbpedia.org/kko/rc/StillImageSource
http://kbpedia.org/kko/rc/Sculpture,rdfs:subClassOf,http://kbpedia.org/kko/rc/ArtObject
http://kbpedia.org/kko/rc/Sculpture,rdfs:subClassOf,http://kbpedia.org/kko/rc/Art
http://kbpedia.org/kko/rc/Sculpture,rdfs:subClassOf,owl:Thing
http://kbpedia.org/kko/rc/OlympicSilverMedal,rdfs:subClassOf,http://kbpedia.org/kko/rc/OlympicMedal
http://kbpedia.org/kko/rc/OlympicSilverMedal,rdfs:subClassOf,owl:Thing
http://kbpedia.org/kko/rc/BritishMusic,rdfs:subClassOf,http://kbpedia.org/kko/rc/MusicByRegion
http://kbpedia.org/kko/rc/BritishMusic,rdfs:subClassOf,owl:Thing
http://kbpedia.org/kko/rc/EasternOrthodoxLiturgicalMusic,rdfs:subClassOf,http://kbpedia.org/kko/rc/MusicalComposition_Christian
http://kbpedia.org/kko/rc/EasternOrthodoxLiturgicalMusic,rdfs:subClassOf,owl:Thing
http://kbpedia.org/kko/rc/DiscoMusic,rdfs:subClassOf,http://kbpedia.org/kko/rc/SoulMusic
http://kbpedia.org/kko/rc/DiscoMusic,rdfs:subClassOf,owl:Thing
http://kbpedia.org/kko/rc/Recitative,rdfs:subClassOf,http://kbpedia.org/kko/rc/CompositionWithSoloistAndAccompaniment
http://kbpedia.org/kko/rc/Recitative,rdfs:subClassOf,owl:Thing
http://kbpedia.org/kko/rc/DanceAnimation,rdfs:subClassOf,http://kbpedia.org/kko/rc/Animation_MovingImage
http://kbpedia.org/kko/rc/DanceAnimation,rdfs:subClassOf,owl:Thing
http://kbpedia.org/kko/rc/HebrewManuscript,rdfs:subClassOf,http://kbpedia.org/kko/rc/Manuscript
http://kbpedia.org/kko/rc/HebrewManuscript,rdfs:subClassOf,owl:Thing
http://kbpedia.org/kko/rc/MusicalComposition_Fusion,rdfs:subClassOf,http://kbpedia.org/kko/rc/MusicalComposition_Jazz
http://kbpedia.org/kko/rc/MusicalComposition_Fusion,rdfs:subClassOf,http://kbpedia.org/kko/rc/MusicalComposition_Rock
http://kbpedia.org/kko/rc/MusicalComposition_Fusion,rdfs:subClassOf,owl:Thing
http://kbpedia.org/kko/rc/BusTicket,rdfs:subClassOf,http://kbpedia.org/kko/rc/Ticket
http://kbpedia.org/kko/rc/BusTicket,rdfs:subClassOf,owl:Thing
http://kbpedia.org/kko/rc/SportsCard,rdfs:subClassOf,http://kbpedia.org/kko/rc/TradingCard
http://kbpedia.org/kko/rc/SportsCard,rdfs:subClassOf,owl:Thing
http://kbpedia.org/kko/rc/FiftyDollarBill_US,rdfs:subClassOf,http://kbpedia.org/kko/rc/Bill_US
http://kbpedia.org/kko/rc/FiftyDollarBill_US,rdfs:subClassOf,owl:Thing
http://kbpedia.org/kko/rc/StatueOfFreedom,rdfs:subClassOf,http://kbpedia.org/kko/rc/Statue
http://kbpedia.org/kko/rc/StatueOfFreedom,rdfs:subClassOf,owl:Thing
http://kbpedia.org/kko/rc/Zeuhl,rdfs:subClassOf,http://kbpedia.org/kko/rc/ProgressiveRockMusic
http://kbpedia.org/kko/rc/Zeuhl,rdfs:subClassOf,owl:Thing
http://kbpedia.org/kko/rc/CreditReportDocument,rdfs:subClassOf,http://kbpedia.org/kko/rc/OfficialDocument
http://kbpedia.org/kko/rc/CreditReportDocument,rdfs:subClassOf,owl:Thing
http://kbpedia.org/kko/rc/PostPunkMusic,rdfs:subClassOf,http://kbpedia.org/kko/rc/MusicTypeOpenGenre
http://kbpedia.org/kko/rc/PostPunkMusic,rdfs:subClassOf,http://kbpedia.org/kko/rc/RockMusic
http://kbpedia.org/kko/rc/PostPunkMusic,rdfs:subClassOf,owl:Thing
http://kbpedia.org/kko/rc/AudibleSound,rdfs:subClassOf,http://kbpedia.org/kko/rc/SoundsByType
http://kbpedia.org/kko/rc/AudibleSound,rdfs:subClassOf,http://kbpedia.org/kko/rc/Sound
http://kbpedia.org/kko/rc/AudibleSound,rdfs:subClassOf,owl:Thing
http://kbpedia.org/kko/rc/ChristianMusic,rdfs:subClassOf,http://kbpedia.org/kko/rc/MusicalComposition_Religious
http://kbpedia.org/kko/rc/ChristianMusic,rdfs:subClassOf,owl:Thing
http://kbpedia.org/kko/rc/UnderscoredFormat,rdfs:subClassOf,http://kbpedia.org/kko/rc/TypographicalStructure
http://kbpedia.org/kko/rc/UnderscoredFormat,rdfs:subClassOf,owl:Thing
http://kbpedia.org/kko/rc/Autograph,rdfs:subClassOf,http://kbpedia.org/kko/rc/Signature
http://kbpedia.org/kko/rc/Autograph,rdfs:subClassOf,owl:Thing
http://kbpedia.org/kko/rc/ChildrensMovie,rdfs:subClassOf,http://kbpedia.org/kko/rc/FilmGenre
http://kbpedia.org/kko/rc/ChildrensMovie,rdfs:subClassOf,http://kbpedia.org/kko/rc/Movie
http://kbpedia.org/kko/rc/ChildrensMovie,rdfs:subClassOf,owl:Thing
http://kbpedia.org/kko/rc/MusicalComposition_Salsa,rdfs:subClassOf,http://kbpedia.org/kko/rc/MusicTypeOpenGenre
http://kbpedia.org/kko/rc/MusicalComposition_Salsa,rdfs:subClassOf,http://kbpedia.org/kko/rc/MusicalComposition
http://kbpedia.org/kko/rc/MusicalComposition_Salsa,rdfs:subClassOf,owl:Thing
http://kbpedia.org/kko/rc/CorrectiveLensPrescription,rdfs:subClassOf,http://kbpedia.org/kko/rc/DevicePrescription
http://kbpedia.org/kko/rc/CorrectiveLensPrescription,rdfs:subClassOf,owl:Thing
http://kbpedia.org/kko/rc/BaseballCard,rdfs:subClassOf,http://kbpedia.org/kko/rc/SportsCard
http://kbpedia.org/kko/rc/BaseballCard,rdfs:subClassOf,owl:Thing
http://kbpedia.org/kko/rc/MusicTVShow,rdfs:subClassOf,http://kbpedia.org/kko/rc/TVShow
http://kbpedia.org/kko/rc/MusicTVShow,rdfs:subClassOf,owl:Thing
http://kbpedia.org/kko/rc/FringeTheatre,rdfs:subClassOf,http://kbpedia.org/kko/rc/TheatricalGenre
http://kbpedia.org/kko/rc/FringeTheatre,rdfs:subClassOf,owl:Thing
http://kbpedia.org/kko/rc/ColdWaveMusic,rdfs:subClassOf,http://kbpedia.org/kko/rc/PostPunkMusic
http://kbpedia.org/kko/rc/ColdWaveMusic,rdfs:subClassOf,owl:Thing
http://kbpedia.org/kko/rc/RestrictedRating,rdfs:subClassOf,http://kbpedia.org/kko/rc/Movie
http://kbpedia.org/kko/rc/RestrictedRating,rdfs:subClassOf,owl:Thing
http://kbpedia.org/kko/rc/SculptureMaterial,rdfs:subClassOf,http://kbpedia.org/kko/rc/Sculpture
http://kbpedia.org/kko/rc/SculptureMaterial,rdfs:subClassOf,owl:Thing
http://kbpedia.org/kko/rc/HonorableDischargeDocument,rdfs:subClassOf,http://kbpedia.org/kko/rc/MilitaryDischargePaper
http://kbpedia.org/kko/rc/HonorableDischargeDocument,rdfs:subClassOf,owl:Thing
http://kbpedia.org/kko/rc/BasketballCard,rdfs:subClassOf,http://kbpedia.org/kko/rc/SportsCard
http://kbpedia.org/kko/rc/BasketballCard,rdfs:subClassOf,owl:Thing
http://kbpedia.org/kko/rc/GalicianMusic,rdfs:subClassOf,http://kbpedia.org/kko/rc/MusicByRegion
http://kbpedia.org/kko/rc/GalicianMusic,rdfs:subClassOf,owl:Thing
http://kbpedia.org/kko/rc/AnimeAndMangaByGenre,rdfs:subClassOf,http://kbpedia.org/kko/rc/Anime
http://kbpedia.org/kko/rc/AnimeAndMangaByGenre,rdfs:subClassOf,http://kbpedia.org/kko/rc/Manga
http://kbpedia.org/kko/rc/AnimeAndMangaByGenre,rdfs:subClassOf,http://kbpedia.org/kko/rc/AnimationByGenre
http://kbpedia.org/kko/rc/AnimeAndMangaByGenre,rdfs:subClassOf,owl:Thing
http://kbpedia.org/kko/rc/OpticalIllusion,rdfs:subClassOf,http://kbpedia.org/kko/rc/VisualImage
http://kbpedia.org/kko/rc/OpticalIllusion,rdfs:subClassOf,owl:Thing
http://kbpedia.org/kko/rc/AlternativeLabel,rdfs:subClassOf,http://kbpedia.org/kko/rc/Label_IBO
http://kbpedia.org/kko/rc/AlternativeLabel,rdfs:subClassOf,owl:Thing
http://kbpedia.org/kko/rc/Cartoon,rdfs:subClassOf,http://kbpedia.org/kko/rc/VisualInformationBearingThing
http://kbpedia.org/kko/rc/Cartoon,rdfs:subClassOf,owl:Thing
http://kbpedia.org/kko/rc/BluesMusicGenre,rdfs:subClassOf,http://kbpedia.org/kko/rc/BluesMusic
http://kbpedia.org/kko/rc/BluesMusicGenre,rdfs:subClassOf,http://kbpedia.org/kko/rc/MusicalComposition_Blues
http://kbpedia.org/kko/rc/BluesMusicGenre,rdfs:subClassOf,http://kbpedia.org/kko/rc/MusicTypeByGenre
http://kbpedia.org/kko/rc/BluesMusicGenre,rdfs:subClassOf,owl:Thing
http://kbpedia.org/kko/rc/StatueOfLiberty,rdfs:subClassOf,http://kbpedia.org/kko/rc/Statue
http://kbpedia.org/kko/rc/StatueOfLiberty,rdfs:subClassOf,owl:Thing
http://kbpedia.org/kko/rc/PanoramicPerspective,rdfs:subClassOf,http://kbpedia.org/kko/rc/Perspective
http://kbpedia.org/kko/rc/PanoramicPerspective,rdfs:subClassOf,owl:Thing
http://kbpedia.org/kko/rc/BatmanMovie,rdfs:subClassOf,http://kbpedia.org/kko/rc/Movie
http://kbpedia.org/kko/rc/BatmanMovie,rdfs:subClassOf,owl:Thing
http://kbpedia.org/kko/rc/GothicMusic,rdfs:subClassOf,http://kbpedia.org/kko/rc/RockMusic
http://kbpedia.org/kko/rc/GothicMusic,rdfs:subClassOf,owl:Thing
http://kbpedia.org/kko/rc/ProperNameString,rdfs:subClassOf,http://kbpedia.org/kko/rc/ControlCharacterFreeString
http://kbpedia.org/kko/rc/ProperNameString,rdfs:subClassOf,owl:Thing
http://kbpedia.org/kko/rc/LiveAlbum,rdfs:subClassOf,http://kbpedia.org/kko/rc/Album
http://kbpedia.org/kko/rc/LiveAlbum,rdfs:subClassOf,owl:Thing
http://kbpedia.org/kko/rc/VideoClip,rdfs:subClassOf,http://kbpedia.org/kko/rc/VideoRecordedObject
http://kbpedia.org/kko/rc/VideoClip,rdfs:subClassOf,owl:Thing
http://kbpedia.org/kko/rc/BrazilianChristianMusic,rdfs:subClassOf,http://kbpedia.org/kko/rc/MusicalComposition_Christian
http://kbpedia.org/kko/rc/BrazilianChristianMusic,rdfs:subClassOf,owl:Thing
http://kbpedia.org/kko/rc/AirplaneTicket,rdfs:subClassOf,http://kbpedia.org/kko/rc/Ticket
http://kbpedia.org/kko/rc/AirplaneTicket,rdfs:subClassOf,owl:Thing
http://kbpedia.org/kko/rc/PunctuationMark,rdfs:subClassOf,http://kbpedia.org/kko/rc/AuxiliaryWritingMark
http://kbpedia.org/kko/rc/PunctuationMark,rdfs:subClassOf,owl:Thing
http://kbpedia.org/kko/rc/ShapeNote,rdfs:subClassOf,http://kbpedia.org/kko/rc/MusicalComposition_Christian
http://kbpedia.org/kko/rc/ShapeNote,rdfs:subClassOf,owl:Thing
http://kbpedia.org/kko/rc/SongAgainstRacismAndXenophobia,rdfs:subClassOf,http://kbpedia.org/kko/rc/Song
http://kbpedia.org/kko/rc/SongAgainstRacismAndXenophobia,rdfs:subClassOf,owl:Thing
http://kbpedia.org/kko/rc/Decal,rdfs:subClassOf,http://kbpedia.org/kko/rc/Label
http://kbpedia.org/kko/rc/Decal,rdfs:subClassOf,owl:Thing
http://kbpedia.org/kko/rc/Drawing,rdfs:subClassOf,http://kbpedia.org/kko/rc/Graphic_VisualIBT
http://kbpedia.org/kko/rc/Drawing,rdfs:subClassOf,http://kbpedia.org/kko/rc/TwoDimensionalArtObject
http://kbpedia.org/kko/rc/Drawing,rdfs:subClassOf,http://kbpedia.org/kko/rc/Art
http://kbpedia.org/kko/rc/Drawing,rdfs:subClassOf,owl:Thing
http://kbpedia.org/kko/rc/ChristianMusicByOccasion,rdfs:subClassOf,http://kbpedia.org/kko/rc/MusicalComposition_Christian
http://kbpedia.org/kko/rc/ChristianMusicByOccasion,rdfs:subClassOf,owl:Thing
http://kbpedia.org/kko/rc/Deathrock,rdfs:subClassOf,http://kbpedia.org/kko/rc/GothicMusic
http://kbpedia.org/kko/rc/Deathrock,rdfs:subClassOf,http://kbpedia.org/kko/rc/MusicTypeByGenre
http://kbpedia.org/kko/rc/Deathrock,rdfs:subClassOf,owl:Thing
http://kbpedia.org/kko/rc/Runestone,rdfs:subClassOf,http://kbpedia.org/kko/rc/HardcopyInformationBearingObject
http://kbpedia.org/kko/rc/Runestone,rdfs:subClassOf,owl:Thing
http://kbpedia.org/kko/rc/MusicalComposition_NewAge,rdfs:subClassOf,http://kbpedia.org/kko/rc/MusicTypeOpenGenre
http://kbpedia.org/kko/rc/MusicalComposition_NewAge,rdfs:subClassOf,http://kbpedia.org/kko/rc/MusicalComposition
http://kbpedia.org/kko/rc/MusicalComposition_NewAge,rdfs:subClassOf,owl:Thing
http://kbpedia.org/kko/rc/Tag_IBO,rdfs:subClassOf,http://kbpedia.org/kko/rc/VisualLabel
http://kbpedia.org/kko/rc/Tag_IBO,rdfs:subClassOf,owl:Thing
http://kbpedia.org/kko/rc/MusicalComposition_Religious,rdfs:subClassOf,http://kbpedia.org/kko/rc/MusicTypeOpenGenre
http://kbpedia.org/kko/rc/MusicalComposition_Religious,rdfs:subClassOf,http://kbpedia.org/kko/rc/MusicalComposition
http://kbpedia.org/kko/rc/MusicalComposition_Religious,rdfs:subClassOf,owl:Thing
http://kbpedia.org/kko/rc/CountryMusicGenre,rdfs:subClassOf,http://kbpedia.org/kko/rc/CountryMusic
http://kbpedia.org/kko/rc/CountryMusicGenre,rdfs:subClassOf,http://kbpedia.org/kko/rc/MusicalComposition_Country
http://kbpedia.org/kko/rc/CountryMusicGenre,rdfs:subClassOf,http://kbpedia.org/kko/rc/MusicTypeByGenre
http://kbpedia.org/kko/rc/CountryMusicGenre,rdfs:subClassOf,owl:Thing
http://kbpedia.org/kko/rc/TVClip,rdfs:subClassOf,http://kbpedia.org/kko/rc/TVMediaProduct
http://kbpedia.org/kko/rc/TVClip,rdfs:subClassOf,http://kbpedia.org/kko/rc/VideoClip
http://kbpedia.org/kko/rc/TVClip,rdfs:subClassOf,owl:Thing
http://kbpedia.org/kko/rc/AerialPerspective,rdfs:subClassOf,http://kbpedia.org/kko/rc/Perspective
http://kbpedia.org/kko/rc/AerialPerspective,rdfs:subClassOf,owl:Thing
http://kbpedia.org/kko/rc/Abbreviation,rdfs:subClassOf,http://kbpedia.org/kko/rc/ProperNameString
http://kbpedia.org/kko/rc/Abbreviation,rdfs:subClassOf,owl:Thing
http://kbpedia.org/kko/rc/ArchitecturalPlan,rdfs:subClassOf,http://kbpedia.org/kko/rc/Drawing
http://kbpedia.org/kko/rc/ArchitecturalPlan,rdfs:subClassOf,owl:Thing
http://kbpedia.org/kko/rc/ComputerDisplayMenuItem,rdfs:subClassOf,http://kbpedia.org/kko/rc/ComputerDisplayActiveArea
http://kbpedia.org/kko/rc/ComputerDisplayMenuItem,rdfs:subClassOf,owl:Thing
http://kbpedia.org/kko/rc/EarthMysteries,rdfs:subClassOf,http://kbpedia.org/kko/rc/MusicalComposition_NewAge
http://kbpedia.org/kko/rc/EarthMysteries,rdfs:subClassOf,owl:Thing
http://kbpedia.org/kko/rc/GiftTag,rdfs:subClassOf,http://kbpedia.org/kko/rc/Tag_IBO
http://kbpedia.org/kko/rc/GiftTag,rdfs:subClassOf,owl:Thing
http://kbpedia.org/kko/rc/MusicalComposition_Christian,rdfs:subClassOf,http://kbpedia.org/kko/rc/MusicalComposition_Religious
http://kbpedia.org/kko/rc/MusicalComposition_Christian,rdfs:subClassOf,http://kbpedia.org/kko/rc/MusicalComposition
http://kbpedia.org/kko/rc/MusicalComposition_Christian,rdfs:subClassOf,owl:Thing
http://kbpedia.org/kko/rc/LatterDaySaintMusic,rdfs:subClassOf,http://kbpedia.org/kko/rc/MusicalComposition_Christian
http://kbpedia.org/kko/rc/LatterDaySaintMusic,rdfs:subClassOf,owl:Thing
http://kbpedia.org/kko/rc/RockInstrumental,rdfs:subClassOf,http://kbpedia.org/kko/rc/RockMusic
http://kbpedia.org/kko/rc/RockInstrumental,rdfs:subClassOf,owl:Thing
http://kbpedia.org/kko/rc/PsychedelicTrance,rdfs:subClassOf,http://kbpedia.org/kko/rc/PsychedelicMusic
http://kbpedia.org/kko/rc/PsychedelicTrance,rdfs:subClassOf,http://kbpedia.org/kko/rc/MusicTypeOpenGenre
http://kbpedia.org/kko/rc/PsychedelicTrance,rdfs:subClassOf,http://kbpedia.org/kko/rc/MusicTypeByGenre
http://kbpedia.org/kko/rc/PsychedelicTrance,rdfs:subClassOf,owl:Thing
http://kbpedia.org/kko/rc/RoyalAirForceMusic,rdfs:subClassOf,http://kbpedia.org/kko/rc/MusicTypeByGenre
http://kbpedia.org/kko/rc/RoyalAirForceMusic,rdfs:subClassOf,owl:Thing
http://kbpedia.org/kko/rc/AnimalSound,rdfs:subClassOf,http://kbpedia.org/kko/rc/AudibleSound
http://kbpedia.org/kko/rc/AnimalSound,rdfs:subClassOf,http://kbpedia.org/kko/rc/SoundsByType
http://kbpedia.org/kko/rc/AnimalSound,rdfs:subClassOf,owl:Thing
http://kbpedia.org/kko/rc/PublicNotice,rdfs:subClassOf,http://kbpedia.org/kko/rc/LegalDocument
http://kbpedia.org/kko/rc/PublicNotice,rdfs:subClassOf,owl:Thing
http://kbpedia.org/kko/rc/Full_stop,rdfs:subClassOf,http://kbpedia.org/kko/rc/PunctuationMark
http://kbpedia.org/kko/rc/Full_stop,rdfs:subClassOf,owl:Thing
http://kbpedia.org/kko/rc/WarrantyDocument,rdfs:subClassOf,http://kbpedia.org/kko/rc/ContractDocument
http://kbpedia.org/kko/rc/WarrantyDocument,rdfs:subClassOf,owl:Thing
http://kbpedia.org/kko/rc/ShieldNickel,rdfs:subClassOf,http://kbpedia.org/kko/rc/NickelCoin_US
http://kbpedia.org/kko/rc/ShieldNickel,rdfs:subClassOf,owl:Thing
http://kbpedia.org/kko/rc/Line_Marking,rdfs:subClassOf,http://kbpedia.org/kko/rc/VisualMark
http://kbpedia.org/kko/rc/Line_Marking,rdfs:subClassOf,owl:Thing
http://kbpedia.org/kko/rc/List_Information,rdfs:subClassOf,http://kbpedia.org/kko/rc/GraphicalStructure
http://kbpedia.org/kko/rc/List_Information,rdfs:subClassOf,owl:Thing
http://kbpedia.org/kko/rc/AnglicanMusic,rdfs:subClassOf,http://kbpedia.org/kko/rc/MusicalComposition_Christian
http://kbpedia.org/kko/rc/AnglicanMusic,rdfs:subClassOf,owl:Thing
http://kbpedia.org/kko/rc/ScottishFiddling,rdfs:subClassOf,http://kbpedia.org/kko/rc/MusicalComposition_Celtic
http://kbpedia.org/kko/rc/ScottishFiddling,rdfs:subClassOf,owl:Thing
http://kbpedia.org/kko/rc/Etude,rdfs:subClassOf,http://kbpedia.org/kko/rc/MusicalComposition
http://kbpedia.org/kko/rc/Etude,rdfs:subClassOf,owl:Thing
http://kbpedia.org/kko/rc/FairUseBlueBookMagazineCover,rdfs:subClassOf,http://kbpedia.org/kko/rc/CoverOfIBO
http://kbpedia.org/kko/rc/FairUseBlueBookMagazineCover,rdfs:subClassOf,owl:Thing
http://kbpedia.org/kko/rc/MusicalComposition_Ska,rdfs:subClassOf,http://kbpedia.org/kko/rc/MusicTypeOpenGenre
http://kbpedia.org/kko/rc/MusicalComposition_Ska,rdfs:subClassOf,http://kbpedia.org/kko/rc/MusicalComposition
http://kbpedia.org/kko/rc/MusicalComposition_Ska,rdfs:subClassOf,owl:Thing
http://kbpedia.org/kko/rc/HawaiiSesquicentennialHalfDollar,rdfs:subClassOf,http://kbpedia.org/kko/rc/HalfDollarCoin_US
http://kbpedia.org/kko/rc/HawaiiSesquicentennialHalfDollar,rdfs:subClassOf,owl:Thing
http://kbpedia.org/kko/rc/MusicalComposition_Rap,rdfs:subClassOf,http://kbpedia.org/kko/rc/MusicTypeOpenGenre
http://kbpedia.org/kko/rc/MusicalComposition_Rap,rdfs:subClassOf,http://kbpedia.org/kko/rc/MusicalComposition
http://kbpedia.org/kko/rc/MusicalComposition_Rap,rdfs:subClassOf,owl:Thing
http://kbpedia.org/kko/rc/EEGReadout,rdfs:subClassOf,http://kbpedia.org/kko/rc/VisualInformationBearingThing
http://kbpedia.org/kko/rc/EEGReadout,rdfs:subClassOf,owl:Thing
http://kbpedia.org/kko/rc/BusinessCard,rdfs:subClassOf,http://kbpedia.org/kko/rc/Card
http://kbpedia.org/kko/rc/BusinessCard,rdfs:subClassOf,http://kbpedia.org/kko/rc/Paper_IBO
http://kbpedia.org/kko/rc/BusinessCard,rdfs:subClassOf,owl:Thing
http://kbpedia.org/kko/rc/MovieReel,rdfs:subClassOf,http://kbpedia.org/kko/rc/VideoRecordedObject
http://kbpedia.org/kko/rc/MovieReel,rdfs:subClassOf,owl:Thing
http://kbpedia.org/kko/rc/AlphabeticalList,rdfs:subClassOf,http://kbpedia.org/kko/rc/List_Information
http://kbpedia.org/kko/rc/AlphabeticalList,rdfs:subClassOf,owl:Thing
http://kbpedia.org/kko/rc/TelevisionSeriesRevivedAfterCancellation,rdfs:subClassOf,http://kbpedia.org/kko/rc/TVSeriesProduct
http://kbpedia.org/kko/rc/TelevisionSeriesRevivedAfterCancellation,rdfs:subClassOf,owl:Thing
http://kbpedia.org/kko/rc/Slide,rdfs:subClassOf,http://kbpedia.org/kko/rc/VisualWork
http://kbpedia.org/kko/rc/Slide,rdfs:subClassOf,owl:Thing
http://kbpedia.org/kko/rc/20EuroNote,rdfs:subClassOf,http://kbpedia.org/kko/rc/EuroBanknote
http://kbpedia.org/kko/rc/20EuroNote,rdfs:subClassOf,owl:Thing
http://kbpedia.org/kko/rc/ExperimentalPop,rdfs:subClassOf,http://kbpedia.org/kko/rc/PopMusicGenre
http://kbpedia.org/kko/rc/ExperimentalPop,rdfs:subClassOf,owl:Thing
http://kbpedia.org/kko/rc/PenAndInkDrawing,rdfs:subClassOf,http://kbpedia.org/kko/rc/PenOrPencilDrawing
http://kbpedia.org/kko/rc/PenAndInkDrawing,rdfs:subClassOf,http://kbpedia.org/kko/rc/TwoDimensionalArtObject
http://kbpedia.org/kko/rc/PenAndInkDrawing,rdfs:subClassOf,owl:Thing
http://kbpedia.org/kko/rc/RecordedIBO,rdfs:subClassOf,http://kbpedia.org/ontologies/kko#AudioInfo
http://kbpedia.org/kko/rc/RecordedIBO,rdfs:subClassOf,owl:Thing
http://kbpedia.org/kko/rc/RunicWriting,rdfs:subClassOf,http://kbpedia.org/kko/rc/Runestone
http://kbpedia.org/kko/rc/RunicWriting,rdfs:subClassOf,owl:Thing
http://kbpedia.org/kko/rc/Receipt,rdfs:subClassOf,http://kbpedia.org/kko/rc/OfficialDocument
http://kbpedia.org/kko/rc/Receipt,rdfs:subClassOf,owl:Thing
http://kbpedia.org/kko/rc/OilPainting,rdfs:subClassOf,http://kbpedia.org/kko/rc/Painting_ArtForm
http://kbpedia.org/kko/rc/OilPainting,rdfs:subClassOf,owl:Thing
http://kbpedia.org/kko/rc/PacificNorthwestArt,rdfs:subClassOf,http://kbpedia.org/kko/rc/ArtStyle
http://kbpedia.org/kko/rc/PacificNorthwestArt,rdfs:subClassOf,owl:Thing
http://kbpedia.org/kko/rc/CountryMusic,rdfs:subClassOf,http://kbpedia.org/kko/rc/MusicTypeByGenre
http://kbpedia.org/kko/rc/CountryMusic,rdfs:subClassOf,owl:Thing
http://kbpedia.org/kko/rc/FormalInsignia,rdfs:subClassOf,http://kbpedia.org/kko/rc/Badge
http://kbpedia.org/kko/rc/FormalInsignia,rdfs:subClassOf,http://kbpedia.org/kko/rc/Insignia
http://kbpedia.org/kko/rc/FormalInsignia,rdfs:subClassOf,owl:Thing
http://kbpedia.org/kko/rc/Heart_TheSuit,rdfs:subClassOf,http://kbpedia.org/kko/rc/PlayingCard
http://kbpedia.org/kko/rc/Heart_TheSuit,rdfs:subClassOf,owl:Thing
http://kbpedia.org/kko/rc/RhythmAndBluesMusic,rdfs:subClassOf,http://kbpedia.org/kko/rc/MusicTypeByGenre
http://kbpedia.org/kko/rc/RhythmAndBluesMusic,rdfs:subClassOf,owl:Thing
http://kbpedia.org/kko/rc/FiveDollarBill_US,rdfs:subClassOf,http://kbpedia.org/kko/rc/Bill_US
http://kbpedia.org/kko/rc/FiveDollarBill_US,rdfs:subClassOf,owl:Thing
http://kbpedia.org/kko/rc/Relief_Sculpture,rdfs:subClassOf,http://kbpedia.org/kko/rc/Sculpture
http://kbpedia.org/kko/rc/Relief_Sculpture,rdfs:subClassOf,owl:Thing
http://kbpedia.org/kko/rc/SculptureOfZeus,rdfs:subClassOf,http://kbpedia.org/kko/rc/Sculpture
http://kbpedia.org/kko/rc/SculptureOfZeus,rdfs:subClassOf,owl:Thing
http://kbpedia.org/kko/rc/ServiceRecord,rdfs:subClassOf,http://kbpedia.org/kko/rc/PersonnelRecord
http://kbpedia.org/kko/rc/ServiceRecord,rdfs:subClassOf,owl:Thing
http://kbpedia.org/kko/rc/ValentinesCard,rdfs:subClassOf,http://kbpedia.org/kko/rc/SecularHolidayCard
http://kbpedia.org/kko/rc/ValentinesCard,rdfs:subClassOf,owl:Thing
http://kbpedia.org/kko/rc/MagicalGirl,rdfs:subClassOf,http://kbpedia.org/kko/rc/AnimeAndMangaByGenre
http://kbpedia.org/kko/rc/MagicalGirl,rdfs:subClassOf,owl:Thing
http://kbpedia.org/kko/rc/CenturiesInArt,rdfs:subClassOf,http://kbpedia.org/kko/rc/ArtByPeriod
http://kbpedia.org/kko/rc/CenturiesInArt,rdfs:subClassOf,http://kbpedia.org/kko/rc/ArtSubject
http://kbpedia.org/kko/rc/CenturiesInArt,rdfs:subClassOf,owl:Thing
http://kbpedia.org/kko/rc/HighReliefSculpture,rdfs:subClassOf,http://kbpedia.org/kko/rc/Relief_Sculpture
http://kbpedia.org/kko/rc/HighReliefSculpture,rdfs:subClassOf,owl:Thing
http://kbpedia.org/kko/rc/HanukkahMusic,rdfs:subClassOf,http://kbpedia.org/kko/rc/MusicalComposition_Religious
http://kbpedia.org/kko/rc/HanukkahMusic,rdfs:subClassOf,owl:Thing
http://kbpedia.org/kko/rc/FilmMusic,rdfs:subClassOf,http://kbpedia.org/kko/rc/MovingImage
http://kbpedia.org/kko/rc/FilmMusic,rdfs:subClassOf,owl:Thing
http://kbpedia.org/kko/rc/PastelDrawing,rdfs:subClassOf,http://kbpedia.org/kko/rc/HardcopyInformationBearingObject
http://kbpedia.org/kko/rc/PastelDrawing,rdfs:subClassOf,owl:Thing
http://kbpedia.org/kko/rc/CinemaByCulture,rdfs:subClassOf,http://kbpedia.org/kko/rc/MovingImage
http://kbpedia.org/kko/rc/CinemaByCulture,rdfs:subClassOf,owl:Thing
http://kbpedia.org/kko/rc/DoubleEagleCoin_US,rdfs:subClassOf,http://kbpedia.org/kko/rc/Coin_US
http://kbpedia.org/kko/rc/DoubleEagleCoin_US,rdfs:subClassOf,owl:Thing
http://kbpedia.org/kko/rc/AnimeAndMangaByTopic,rdfs:subClassOf,http://kbpedia.org/kko/rc/Anime
http://kbpedia.org/kko/rc/AnimeAndMangaByTopic,rdfs:subClassOf,http://kbpedia.org/kko/rc/Manga
http://kbpedia.org/kko/rc/AnimeAndMangaByTopic,rdfs:subClassOf,owl:Thing
http://kbpedia.org/kko/rc/200EuroNote,rdfs:subClassOf,http://kbpedia.org/kko/rc/EuroBanknote
http://kbpedia.org/kko/rc/200EuroNote,rdfs:subClassOf,owl:Thing
http://kbpedia.org/kko/rc/MiddleEasternMusic,rdfs:subClassOf,http://kbpedia.org/kko/rc/MusicByRegion
http://kbpedia.org/kko/rc/MiddleEasternMusic,rdfs:subClassOf,owl:Thing
http://kbpedia.org/kko/rc/VideoRecordedObject,rdfs:subClassOf,http://kbpedia.org/kko/rc/AVMediaProduct
http://kbpedia.org/kko/rc/VideoRecordedObject,rdfs:subClassOf,http://kbpedia.org/kko/rc/RecordedIBO
http://kbpedia.org/kko/rc/VideoRecordedObject,rdfs:subClassOf,http://kbpedia.org/ontologies/kko#VisualInfo
http://kbpedia.org/kko/rc/VideoRecordedObject,rdfs:subClassOf,owl:Thing
http://kbpedia.org/kko/rc/Insert_IBO,rdfs:subClassOf,http://kbpedia.org/kko/rc/HardcopyInformationBearingObject
http://kbpedia.org/kko/rc/Insert_IBO,rdfs:subClassOf,owl:Thing
http://kbpedia.org/kko/rc/ElderFuthark,rdfs:subClassOf,http://kbpedia.org/kko/rc/RunicWriting
http://kbpedia.org/kko/rc/ElderFuthark,rdfs:subClassOf,owl:Thing
http://kbpedia.org/kko/rc/MusicalsBasedOnAnimeAndManga,rdfs:subClassOf,http://kbpedia.org/kko/rc/Anime
http://kbpedia.org/kko/rc/MusicalsBasedOnAnimeAndManga,rdfs:subClassOf,owl:Thing
http://kbpedia.org/kko/rc/CluckingSound,rdfs:subClassOf,http://kbpedia.org/kko/rc/AnimalSound
http://kbpedia.org/kko/rc/CluckingSound,rdfs:subClassOf,owl:Thing
http://kbpedia.org/kko/rc/ReligiousHolidayCard,rdfs:subClassOf,http://kbpedia.org/kko/rc/GreetingCard
http://kbpedia.org/kko/rc/ReligiousHolidayCard,rdfs:subClassOf,owl:Thing
http://kbpedia.org/kko/rc/AlarmSound,rdfs:subClassOf,http://kbpedia.org/kko/rc/AlarmSignal
http://kbpedia.org/kko/rc/AlarmSound,rdfs:subClassOf,owl:Thing
http://kbpedia.org/kko/rc/ComputerWallpaperFile,rdfs:subClassOf,http://kbpedia.org/kko/rc/ComputerDesktopTheme
http://kbpedia.org/kko/rc/ComputerWallpaperFile,rdfs:subClassOf,http://kbpedia.org/kko/rc/ComputerImageFile
http://kbpedia.org/kko/rc/ComputerWallpaperFile,rdfs:subClassOf,owl:Thing
http://kbpedia.org/kko/rc/BronzeAgeArt,rdfs:subClassOf,http://kbpedia.org/kko/rc/ArtByPeriod
http://kbpedia.org/kko/rc/BronzeAgeArt,rdfs:subClassOf,owl:Thing
http://kbpedia.org/kko/rc/Pennant,rdfs:subClassOf,http://kbpedia.org/kko/rc/Signage
http://kbpedia.org/kko/rc/Pennant,rdfs:subClassOf,owl:Thing
http://kbpedia.org/kko/rc/AudioClip,rdfs:subClassOf,http://kbpedia.org/kko/rc/AudioRecordedObject
http://kbpedia.org/kko/rc/AudioClip,rdfs:subClassOf,owl:Thing
http://kbpedia.org/kko/rc/MailingList,rdfs:subClassOf,http://kbpedia.org/kko/rc/List_Information
http://kbpedia.org/kko/rc/MailingList,rdfs:subClassOf,owl:Thing
http://kbpedia.org/kko/rc/MusicalComposition_SouthernRock,rdfs:subClassOf,http://kbpedia.org/kko/rc/MusicTypeOpenGenre
http://kbpedia.org/kko/rc/MusicalComposition_SouthernRock,rdfs:subClassOf,http://kbpedia.org/kko/rc/MusicalComposition_Rock
http://kbpedia.org/kko/rc/MusicalComposition_SouthernRock,rdfs:subClassOf,owl:Thing
http://kbpedia.org/kko/rc/MusicTypeOpenGenre,rdfs:subClassOf,http://kbpedia.org/kko/rc/MusicTypeByGenre
http://kbpedia.org/kko/rc/MusicTypeOpenGenre,rdfs:subClassOf,owl:Thing
http://kbpedia.org/kko/rc/VirtualReality,rdfs:subClassOf,http://kbpedia.org/kko/rc/VisualInformationBearingThing
http://kbpedia.org/kko/rc/VirtualReality,rdfs:subClassOf,owl:Thing
http://kbpedia.org/kko/rc/ImmigrationRecord,rdfs:subClassOf,http://kbpedia.org/kko/rc/GovernmentDocument
http://kbpedia.org/kko/rc/ImmigrationRecord,rdfs:subClassOf,owl:Thing
http://kbpedia.org/kko/rc/Spectacle,rdfs:subClassOf,http://kbpedia.org/kko/rc/VisualImage
http://kbpedia.org/kko/rc/Spectacle,rdfs:subClassOf,owl:Thing
http://kbpedia.org/kko/rc/MusicalComposition_GlamRock,rdfs:subClassOf,http://kbpedia.org/kko/rc/MusicTypeOpenGenre
http://kbpedia.org/kko/rc/MusicalComposition_GlamRock,rdfs:subClassOf,http://kbpedia.org/kko/rc/MusicalComposition_Rock
http://kbpedia.org/kko/rc/MusicalComposition_GlamRock,rdfs:subClassOf,owl:Thing
http://kbpedia.org/kko/rc/Leaflet,rdfs:subClassOf,http://kbpedia.org/kko/rc/Paper_IBO
http://kbpedia.org/kko/rc/Leaflet,rdfs:subClassOf,http://kbpedia.org/kko/rc/HardcopyInformationBearingObject
http://kbpedia.org/kko/rc/Leaflet,rdfs:subClassOf,owl:Thing
http://kbpedia.org/kko/rc/DetailPerspective,rdfs:subClassOf,http://kbpedia.org/kko/rc/Perspective
http://kbpedia.org/kko/rc/DetailPerspective,rdfs:subClassOf,owl:Thing
http://kbpedia.org/kko/rc/AnimeAndMangaFandom,rdfs:subClassOf,http://kbpedia.org/kko/rc/Anime
http://kbpedia.org/kko/rc/AnimeAndMangaFandom,rdfs:subClassOf,http://kbpedia.org/kko/rc/Manga
http://kbpedia.org/kko/rc/AnimeAndMangaFandom,rdfs:subClassOf,owl:Thing
http://kbpedia.org/kko/rc/ForeignMovie,rdfs:subClassOf,http://kbpedia.org/kko/rc/FilmGenre
http://kbpedia.org/kko/rc/ForeignMovie,rdfs:subClassOf,owl:Thing
http://kbpedia.org/kko/rc/Anthem,rdfs:subClassOf,http://kbpedia.org/kko/rc/Song
http://kbpedia.org/kko/rc/Anthem,rdfs:subClassOf,owl:Thing
http://kbpedia.org/kko/rc/SalsaMusic,rdfs:subClassOf,http://kbpedia.org/kko/rc/MusicTypeByGenre
http://kbpedia.org/kko/rc/SalsaMusic,rdfs:subClassOf,owl:Thing
http://kbpedia.org/kko/rc/PowerOfAttorney,rdfs:subClassOf,http://kbpedia.org/kko/rc/LegalDocument
http://kbpedia.org/kko/rc/PowerOfAttorney,rdfs:subClassOf,owl:Thing
http://kbpedia.org/kko/rc/AppraisalReportDocument,rdfs:subClassOf,http://kbpedia.org/kko/rc/OfficialDocument
http://kbpedia.org/kko/rc/AppraisalReportDocument,rdfs:subClassOf,owl:Thing
http://kbpedia.org/kko/rc/DriverTrainingSimulator,rdfs:subClassOf,http://kbpedia.org/kko/rc/VirtualReality
http://kbpedia.org/kko/rc/DriverTrainingSimulator,rdfs:subClassOf,owl:Thing
http://kbpedia.org/kko/rc/IndustrialMetal,rdfs:subClassOf,http://kbpedia.org/kko/rc/IndustrialMusic
http://kbpedia.org/kko/rc/IndustrialMetal,rdfs:subClassOf,http://kbpedia.org/kko/rc/MusicTypeOpenGenre
http://kbpedia.org/kko/rc/IndustrialMetal,rdfs:subClassOf,http://kbpedia.org/kko/rc/MusicTypeByGenre
http://kbpedia.org/kko/rc/IndustrialMetal,rdfs:subClassOf,owl:Thing
http://kbpedia.org/kko/rc/ReligiousTVShow,rdfs:subClassOf,http://kbpedia.org/kko/rc/InformativeTVShow
http://kbpedia.org/kko/rc/ReligiousTVShow,rdfs:subClassOf,owl:Thing
http://kbpedia.org/kko/rc/SubleaseDocument,rdfs:subClassOf,http://kbpedia.org/kko/rc/OfficialDocument
http://kbpedia.org/kko/rc/SubleaseDocument,rdfs:subClassOf,owl:Thing
http://kbpedia.org/kko/rc/CanadianBlues,rdfs:subClassOf,http://kbpedia.org/kko/rc/BluesMusic
http://kbpedia.org/kko/rc/CanadianBlues,rdfs:subClassOf,http://kbpedia.org/kko/rc/MusicalComposition_Blues
http://kbpedia.org/kko/rc/CanadianBlues,rdfs:subClassOf,owl:Thing
http://kbpedia.org/kko/rc/VideoArt,rdfs:subClassOf,http://kbpedia.org/kko/rc/Art
http://kbpedia.org/kko/rc/VideoArt,rdfs:subClassOf,http://kbpedia.org/kko/rc/VideoRecordedObject
http://kbpedia.org/kko/rc/VideoArt,rdfs:subClassOf,owl:Thing
http://kbpedia.org/kko/rc/MusicalComposition_Country,rdfs:subClassOf,http://kbpedia.org/kko/rc/MusicalComposition
http://kbpedia.org/kko/rc/MusicalComposition_Country,rdfs:subClassOf,owl:Thing
http://kbpedia.org/kko/rc/SongInClassicalMusic,rdfs:subClassOf,http://kbpedia.org/kko/rc/ClassicalMusic
http://kbpedia.org/kko/rc/SongInClassicalMusic,rdfs:subClassOf,http://kbpedia.org/kko/rc/Song
http://kbpedia.org/kko/rc/SongInClassicalMusic,rdfs:subClassOf,owl:Thing
http://kbpedia.org/kko/rc/TVCommercial_IBT,rdfs:subClassOf,http://kbpedia.org/kko/rc/MovingImageWithSound
http://kbpedia.org/kko/rc/TVCommercial_IBT,rdfs:subClassOf,http://kbpedia.org/kko/rc/TVMediaProduct
http://kbpedia.org/kko/rc/TVCommercial_IBT,rdfs:subClassOf,owl:Thing
http://kbpedia.org/kko/rc/OffBroadway,rdfs:subClassOf,http://kbpedia.org/kko/rc/BroadwayShow
http://kbpedia.org/kko/rc/OffBroadway,rdfs:subClassOf,owl:Thing
http://kbpedia.org/kko/rc/Mirage,rdfs:subClassOf,http://kbpedia.org/kko/rc/VisualImage
http://kbpedia.org/kko/rc/Mirage,rdfs:subClassOf,owl:Thing
http://kbpedia.org/kko/rc/MusicTrack,rdfs:subClassOf,http://kbpedia.org/kko/rc/RecordedSoundProduct
http://kbpedia.org/kko/rc/MusicTrack,rdfs:subClassOf,owl:Thing
http://kbpedia.org/kko/rc/RhythmAndBluesMusicGenre,rdfs:subClassOf,http://kbpedia.org/kko/rc/MusicalComposition_RhythmAndBlues
http://kbpedia.org/kko/rc/RhythmAndBluesMusicGenre,rdfs:subClassOf,http://kbpedia.org/kko/rc/RhythmAndBluesMusic
http://kbpedia.org/kko/rc/RhythmAndBluesMusicGenre,rdfs:subClassOf,http://kbpedia.org/kko/rc/MusicTypeByGenre
http://kbpedia.org/kko/rc/RhythmAndBluesMusicGenre,rdfs:subClassOf,owl:Thing
http://kbpedia.org/kko/rc/ChristmasCard,rdfs:subClassOf,http://kbpedia.org/kko/rc/ReligiousHolidayCard
http://kbpedia.org/kko/rc/ChristmasCard,rdfs:subClassOf,owl:Thing
http://kbpedia.org/kko/rc/TitleDocument,rdfs:subClassOf,http://kbpedia.org/kko/rc/LegalDocument
http://kbpedia.org/kko/rc/TitleDocument,rdfs:subClassOf,owl:Thing
http://kbpedia.org/kko/rc/PriceTag,rdfs:subClassOf,http://kbpedia.org/kko/rc/PriceQuoteDocument
http://kbpedia.org/kko/rc/PriceTag,rdfs:subClassOf,owl:Thing
http://kbpedia.org/kko/rc/StopSign,rdfs:subClassOf,http://kbpedia.org/kko/rc/RoadSign
http://kbpedia.org/kko/rc/StopSign,rdfs:subClassOf,http://kbpedia.org/kko/rc/StationarySign
http://kbpedia.org/kko/rc/StopSign,rdfs:subClassOf,owl:Thing
http://kbpedia.org/kko/rc/NC_17Rating,rdfs:subClassOf,http://kbpedia.org/kko/rc/Movie
http://kbpedia.org/kko/rc/NC_17Rating,rdfs:subClassOf,owl:Thing
http://kbpedia.org/kko/rc/AmericanCountryMusic,rdfs:subClassOf,http://kbpedia.org/kko/rc/CountryMusic
http://kbpedia.org/kko/rc/AmericanCountryMusic,rdfs:subClassOf,http://kbpedia.org/kko/rc/MusicTypeOpenGenre
http://kbpedia.org/kko/rc/AmericanCountryMusic,rdfs:subClassOf,http://kbpedia.org/kko/rc/MusicalComposition_Country
http://kbpedia.org/kko/rc/AmericanCountryMusic,rdfs:subClassOf,owl:Thing
http://kbpedia.org/kko/rc/Cartoon_Animated,rdfs:subClassOf,http://kbpedia.org/kko/rc/Animation_MovingImage
http://kbpedia.org/kko/rc/Cartoon_Animated,rdfs:subClassOf,http://kbpedia.org/kko/rc/Cartoon
http://kbpedia.org/kko/rc/Cartoon_Animated,rdfs:subClassOf,owl:Thing
http://kbpedia.org/kko/rc/LandscapeArt,rdfs:subClassOf,http://kbpedia.org/kko/rc/VisualArtsGenre
http://kbpedia.org/kko/rc/LandscapeArt,rdfs:subClassOf,owl:Thing
http://kbpedia.org/kko/rc/WesternClassicalMusicStyle,rdfs:subClassOf,http://kbpedia.org/kko/rc/ClassicalMusic
http://kbpedia.org/kko/rc/WesternClassicalMusicStyle,rdfs:subClassOf,owl:Thing
http://kbpedia.org/kko/rc/MooingSound,rdfs:subClassOf,http://kbpedia.org/kko/rc/AnimalSound
http://kbpedia.org/kko/rc/MooingSound,rdfs:subClassOf,owl:Thing
http://kbpedia.org/kko/rc/EuroBanknote,rdfs:subClassOf,http://kbpedia.org/kko/rc/Bill_Currency
http://kbpedia.org/kko/rc/EuroBanknote,rdfs:subClassOf,owl:Thing
http://kbpedia.org/kko/rc/Table_PCW,rdfs:subClassOf,http://kbpedia.org/kko/rc/Table_Visual
http://kbpedia.org/kko/rc/Table_PCW,rdfs:subClassOf,owl:Thing
http://kbpedia.org/kko/rc/RockMusicGenre,rdfs:subClassOf,http://kbpedia.org/kko/rc/MusicalComposition_Rock
http://kbpedia.org/kko/rc/RockMusicGenre,rdfs:subClassOf,http://kbpedia.org/kko/rc/RockMusic
http://kbpedia.org/kko/rc/RockMusicGenre,rdfs:subClassOf,http://kbpedia.org/kko/rc/MusicTypeByGenre
http://kbpedia.org/kko/rc/RockMusicGenre,rdfs:subClassOf,owl:Thing
http://kbpedia.org/kko/rc/FilmNoirMovie,rdfs:subClassOf,http://kbpedia.org/kko/rc/FilmGenre
http://kbpedia.org/kko/rc/FilmNoirMovie,rdfs:subClassOf,http://kbpedia.org/kko/rc/Movie
http://kbpedia.org/kko/rc/FilmNoirMovie,rdfs:subClassOf,owl:Thing
http://kbpedia.org/kko/rc/SecurityDocument,rdfs:subClassOf,http://kbpedia.org/kko/rc/OfficialDocument
http://kbpedia.org/kko/rc/SecurityDocument,rdfs:subClassOf,owl:Thing
http://kbpedia.org/kko/rc/FictionalTVShow,rdfs:subClassOf,http://kbpedia.org/kko/rc/TVShow
http://kbpedia.org/kko/rc/FictionalTVShow,rdfs:subClassOf,owl:Thing
http://kbpedia.org/kko/rc/PekingOpera,rdfs:subClassOf,http://kbpedia.org/kko/rc/Opera
http://kbpedia.org/kko/rc/PekingOpera,rdfs:subClassOf,owl:Thing
http://kbpedia.org/kko/rc/SpecificationDocument,rdfs:subClassOf,http://kbpedia.org/kko/rc/OfficialDocument
http://kbpedia.org/kko/rc/SpecificationDocument,rdfs:subClassOf,owl:Thing
http://kbpedia.org/kko/rc/GeneonUSA,rdfs:subClassOf,http://kbpedia.org/kko/rc/Anime
http://kbpedia.org/kko/rc/GeneonUSA,rdfs:subClassOf,owl:Thing
http://kbpedia.org/kko/rc/BirthdayCard,rdfs:subClassOf,http://kbpedia.org/kko/rc/OccasionCard
http://kbpedia.org/kko/rc/BirthdayCard,rdfs:subClassOf,owl:Thing
http://kbpedia.org/kko/rc/Stereogram,rdfs:subClassOf,http://kbpedia.org/kko/rc/VisualInformationBearingThing
http://kbpedia.org/kko/rc/Stereogram,rdfs:subClassOf,owl:Thing
http://kbpedia.org/kko/rc/TeenMovie,rdfs:subClassOf,http://kbpedia.org/kko/rc/FilmGenre
http://kbpedia.org/kko/rc/TeenMovie,rdfs:subClassOf,owl:Thing
http://kbpedia.org/kko/rc/ChristianMusicFormat,rdfs:subClassOf,http://kbpedia.org/kko/rc/MusicalComposition_Christian
http://kbpedia.org/kko/rc/ChristianMusicFormat,rdfs:subClassOf,owl:Thing
http://kbpedia.org/kko/rc/RadioShow,rdfs:subClassOf,http://kbpedia.org/kko/rc/AudioConceptualWork
http://kbpedia.org/kko/rc/RadioShow,rdfs:subClassOf,http://kbpedia.org/kko/rc/BroadcastMediaShow
http://kbpedia.org/kko/rc/RadioShow,rdfs:subClassOf,owl:Thing
http://kbpedia.org/kko/rc/Cartoon_Animated_Silent,rdfs:subClassOf,http://kbpedia.org/kko/rc/Cartoon_Animated
http://kbpedia.org/kko/rc/Cartoon_Animated_Silent,rdfs:subClassOf,owl:Thing
http://kbpedia.org/kko/rc/PoiPerformanceArt,rdfs:subClassOf,http://kbpedia.org/kko/rc/PerformanceArt
http://kbpedia.org/kko/rc/PoiPerformanceArt,rdfs:subClassOf,owl:Thing
http://kbpedia.org/kko/rc/Card,rdfs:subClassOf,http://kbpedia.org/kko/rc/HardcopyInformationBearingObject
http://kbpedia.org/kko/rc/Card,rdfs:subClassOf,owl:Thing
http://kbpedia.org/kko/rc/StockCertificate,rdfs:subClassOf,http://kbpedia.org/kko/rc/CertificateDocument
http://kbpedia.org/kko/rc/StockCertificate,rdfs:subClassOf,http://kbpedia.org/kko/rc/IDDocument
http://kbpedia.org/kko/rc/StockCertificate,rdfs:subClassOf,owl:Thing
http://kbpedia.org/kko/rc/PublicationStyleSpecification,rdfs:subClassOf,http://kbpedia.org/kko/rc/SpecificationDocument
http://kbpedia.org/kko/rc/PublicationStyleSpecification,rdfs:subClassOf,owl:Thing
http://kbpedia.org/kko/rc/MusicTrackWithVocals,rdfs:subClassOf,http://kbpedia.org/kko/rc/MusicTrack
http://kbpedia.org/kko/rc/MusicTrackWithVocals,rdfs:subClassOf,owl:Thing
http://kbpedia.org/kko/rc/MagazineCopy,rdfs:subClassOf,http://kbpedia.org/kko/rc/Paper_IBO
http://kbpedia.org/kko/rc/MagazineCopy,rdfs:subClassOf,owl:Thing
http://kbpedia.org/kko/rc/TechnoMusic,rdfs:subClassOf,http://kbpedia.org/kko/rc/ElectronicMusic
http://kbpedia.org/kko/rc/TechnoMusic,rdfs:subClassOf,http://kbpedia.org/kko/rc/MusicTypeByGenre
http://kbpedia.org/kko/rc/TechnoMusic,rdfs:subClassOf,owl:Thing
http://kbpedia.org/kko/rc/PlayPerformance_Musical,rdfs:subClassOf,http://kbpedia.org/kko/rc/PlayPerformance
http://kbpedia.org/kko/rc/PlayPerformance_Musical,rdfs:subClassOf,owl:Thing
http://kbpedia.org/kko/rc/CertificateOfCommitment,rdfs:subClassOf,http://kbpedia.org/kko/rc/OfficialDocument
http://kbpedia.org/kko/rc/CertificateOfCommitment,rdfs:subClassOf,owl:Thing
http://kbpedia.org/kko/rc/NoticeOfSeparationDocument,rdfs:subClassOf,http://kbpedia.org/kko/rc/MilitaryDischargePaper
http://kbpedia.org/kko/rc/NoticeOfSeparationDocument,rdfs:subClassOf,owl:Thing
http://kbpedia.org/kko/rc/ExecutiveOrder,rdfs:subClassOf,http://kbpedia.org/kko/rc/GovernmentDocument
http://kbpedia.org/kko/rc/ExecutiveOrder,rdfs:subClassOf,http://kbpedia.org/kko/rc/LegalDocument
http://kbpedia.org/kko/rc/ExecutiveOrder,rdfs:subClassOf,owl:Thing
http://kbpedia.org/kko/rc/FilmPreservation,rdfs:subClassOf,http://kbpedia.org/kko/rc/MovingImage
http://kbpedia.org/kko/rc/FilmPreservation,rdfs:subClassOf,owl:Thing
http://kbpedia.org/kko/rc/NewWaveMusic,rdfs:subClassOf,http://kbpedia.org/kko/rc/RockMusic
http://kbpedia.org/kko/rc/NewWaveMusic,rdfs:subClassOf,owl:Thing
http://kbpedia.org/kko/rc/MonochromeImage,rdfs:subClassOf,http://kbpedia.org/kko/rc/VisualImage
http://kbpedia.org/kko/rc/MonochromeImage,rdfs:subClassOf,owl:Thing
http://kbpedia.org/kko/rc/GreetingCard,rdfs:subClassOf,http://kbpedia.org/kko/rc/Card
http://kbpedia.org/kko/rc/GreetingCard,rdfs:subClassOf,http://kbpedia.org/kko/rc/Paper_IBO
http://kbpedia.org/kko/rc/GreetingCard,rdfs:subClassOf,owl:Thing
http://kbpedia.org/kko/rc/JPEGFile,rdfs:subClassOf,http://kbpedia.org/kko/rc/ComputerImageFile
http://kbpedia.org/kko/rc/JPEGFile,rdfs:subClassOf,owl:Thing
http://kbpedia.org/kko/rc/TechnoGenre,rdfs:subClassOf,http://kbpedia.org/kko/rc/MusicalComposition_Techno
http://kbpedia.org/kko/rc/TechnoGenre,rdfs:subClassOf,http://kbpedia.org/kko/rc/TechnoMusic
http://kbpedia.org/kko/rc/TechnoGenre,rdfs:subClassOf,http://kbpedia.org/kko/rc/MusicTypeByGenre
http://kbpedia.org/kko/rc/TechnoGenre,rdfs:subClassOf,owl:Thing
http://kbpedia.org/kko/rc/Florin_BritishCoin,rdfs:subClassOf,http://kbpedia.org/kko/rc/Coin_Currency
http://kbpedia.org/kko/rc/Florin_BritishCoin,rdfs:subClassOf,owl:Thing
http://kbpedia.org/kko/rc/Spade_TheSuit,rdfs:subClassOf,http://kbpedia.org/kko/rc/PlayingCard
http://kbpedia.org/kko/rc/Spade_TheSuit,rdfs:subClassOf,owl:Thing
http://kbpedia.org/kko/rc/MusicalComposition_Gothic,rdfs:subClassOf,http://kbpedia.org/kko/rc/MusicTypeOpenGenre
http://kbpedia.org/kko/rc/MusicalComposition_Gothic,rdfs:subClassOf,http://kbpedia.org/kko/rc/MusicalComposition_Rock
http://kbpedia.org/kko/rc/MusicalComposition_Gothic,rdfs:subClassOf,owl:Thing
http://kbpedia.org/kko/rc/LoungeMusic,rdfs:subClassOf,http://kbpedia.org/kko/rc/MusicTypeOpenGenre
http://kbpedia.org/kko/rc/LoungeMusic,rdfs:subClassOf,owl:Thing
http://kbpedia.org/kko/rc/MadeForTVMovie,rdfs:subClassOf,http://kbpedia.org/kko/rc/NarrativeTVShow
http://kbpedia.org/kko/rc/MadeForTVMovie,rdfs:subClassOf,owl:Thing
http://kbpedia.org/kko/rc/ChristianMusicGenre,rdfs:subClassOf,http://kbpedia.org/kko/rc/MusicalComposition_Christian
http://kbpedia.org/kko/rc/ChristianMusicGenre,rdfs:subClassOf,http://kbpedia.org/kko/rc/MusicTypeByGenre
http://kbpedia.org/kko/rc/ChristianMusicGenre,rdfs:subClassOf,owl:Thing
http://kbpedia.org/kko/rc/DepositSlip,rdfs:subClassOf,http://kbpedia.org/kko/rc/Receipt
http://kbpedia.org/kko/rc/DepositSlip,rdfs:subClassOf,owl:Thing
http://kbpedia.org/kko/rc/CharacterString,rdfs:subClassOf,http://kbpedia.org/kko/rc/TypographicalStructure
http://kbpedia.org/kko/rc/CharacterString,rdfs:subClassOf,owl:Thing
http://kbpedia.org/kko/rc/GrungeRockMusic,rdfs:subClassOf,http://kbpedia.org/kko/rc/RockMusic
http://kbpedia.org/kko/rc/GrungeRockMusic,rdfs:subClassOf,owl:Thing
http://kbpedia.org/kko/rc/MusicalComposition_SurfRock,rdfs:subClassOf,http://kbpedia.org/kko/rc/MusicTypeOpenGenre
http://kbpedia.org/kko/rc/MusicalComposition_SurfRock,rdfs:subClassOf,http://kbpedia.org/kko/rc/MusicalComposition_Rock
http://kbpedia.org/kko/rc/MusicalComposition_SurfRock,rdfs:subClassOf,owl:Thing
http://kbpedia.org/kko/rc/BookCopy,rdfs:subClassOf,http://kbpedia.org/kko/rc/Paper_IBO
http://kbpedia.org/kko/rc/BookCopy,rdfs:subClassOf,http://kbpedia.org/kko/rc/HardcopyInformationBearingObject
http://kbpedia.org/kko/rc/BookCopy,rdfs:subClassOf,owl:Thing
http://kbpedia.org/kko/rc/HipHopMusic,rdfs:subClassOf,http://kbpedia.org/kko/rc/MusicTypeOpenGenre
http://kbpedia.org/kko/rc/HipHopMusic,rdfs:subClassOf,owl:Thing
http://kbpedia.org/kko/rc/PropertyDeed,rdfs:subClassOf,http://kbpedia.org/kko/rc/LegalDocument
http://kbpedia.org/kko/rc/PropertyDeed,rdfs:subClassOf,http://kbpedia.org/kko/rc/OwnershipDocument
http://kbpedia.org/kko/rc/PropertyDeed,rdfs:subClassOf,owl:Thing
http://kbpedia.org/kko/rc/MusicalCompositonByInstrument,rdfs:subClassOf,http://kbpedia.org/kko/rc/MusicalComposition
http://kbpedia.org/kko/rc/MusicalCompositonByInstrument,rdfs:subClassOf,owl:Thing
http://kbpedia.org/kko/rc/PhysicalTheatre,rdfs:subClassOf,http://kbpedia.org/kko/rc/TheatricalGenre
http://kbpedia.org/kko/rc/PhysicalTheatre,rdfs:subClassOf,owl:Thing
http://kbpedia.org/kko/rc/OccasionCard,rdfs:subClassOf,http://kbpedia.org/kko/rc/GreetingCard
http://kbpedia.org/kko/rc/OccasionCard,rdfs:subClassOf,owl:Thing
http://kbpedia.org/kko/rc/MusicalComposition_Folk,rdfs:subClassOf,http://kbpedia.org/kko/rc/MusicTypeOpenGenre
http://kbpedia.org/kko/rc/MusicalComposition_Folk,rdfs:subClassOf,http://kbpedia.org/kko/rc/MusicalComposition
http://kbpedia.org/kko/rc/MusicalComposition_Folk,rdfs:subClassOf,owl:Thing
http://kbpedia.org/kko/rc/Timecard,rdfs:subClassOf,http://kbpedia.org/kko/rc/Card
http://kbpedia.org/kko/rc/Timecard,rdfs:subClassOf,http://kbpedia.org/kko/rc/NonPublishedText
http://kbpedia.org/kko/rc/Timecard,rdfs:subClassOf,http://kbpedia.org/kko/rc/PersonnelDocumentation
http://kbpedia.org/kko/rc/Timecard,rdfs:subClassOf,owl:Thing
http://kbpedia.org/kko/rc/TVConcert,rdfs:subClassOf,http://kbpedia.org/kko/rc/MusicTVShow
http://kbpedia.org/kko/rc/TVConcert,rdfs:subClassOf,owl:Thing
http://kbpedia.org/kko/rc/CompositionForAccordion,rdfs:subClassOf,http://kbpedia.org/kko/rc/MusicalCompositonByInstrument
http://kbpedia.org/kko/rc/CompositionForAccordion,rdfs:subClassOf,owl:Thing
http://kbpedia.org/kko/rc/PopRockMusic,rdfs:subClassOf,http://kbpedia.org/kko/rc/RockMusic
http://kbpedia.org/kko/rc/PopRockMusic,rdfs:subClassOf,owl:Thing
http://kbpedia.org/kko/rc/ShoppingList,rdfs:subClassOf,http://kbpedia.org/kko/rc/List_Information
http://kbpedia.org/kko/rc/ShoppingList,rdfs:subClassOf,owl:Thing
http://kbpedia.org/kko/rc/ConceptualWork_AnimationGenre,rdfs:subClassOf,http://kbpedia.org/kko/rc/AnimationByGenre
http://kbpedia.org/kko/rc/ConceptualWork_AnimationGenre,rdfs:subClassOf,owl:Thing
http://kbpedia.org/kko/rc/HeadMountedDisplay,rdfs:subClassOf,http://kbpedia.org/kko/rc/VirtualReality
http://kbpedia.org/kko/rc/HeadMountedDisplay,rdfs:subClassOf,owl:Thing
http://kbpedia.org/kko/rc/MoonInArt,rdfs:subClassOf,http://kbpedia.org/kko/rc/ArtSubject
http://kbpedia.org/kko/rc/MoonInArt,rdfs:subClassOf,owl:Thing
http://kbpedia.org/kko/rc/SikhMusic,rdfs:subClassOf,http://kbpedia.org/kko/rc/MusicalComposition_Religious
http://kbpedia.org/kko/rc/SikhMusic,rdfs:subClassOf,owl:Thing
http://kbpedia.org/kko/rc/MusicalComposition_Celtic,rdfs:subClassOf,http://kbpedia.org/kko/rc/MusicalComposition_Folk
http://kbpedia.org/kko/rc/MusicalComposition_Celtic,rdfs:subClassOf,http://kbpedia.org/kko/rc/MusicTypeOpenGenre
http://kbpedia.org/kko/rc/MusicalComposition_Celtic,rdfs:subClassOf,owl:Thing
http://kbpedia.org/kko/rc/AddressBook,rdfs:subClassOf,http://kbpedia.org/kko/rc/BookCopy
http://kbpedia.org/kko/rc/AddressBook,rdfs:subClassOf,owl:Thing
http://kbpedia.org/kko/rc/TemperaPainting,rdfs:subClassOf,http://kbpedia.org/kko/rc/Painting_ArtForm
http://kbpedia.org/kko/rc/TemperaPainting,rdfs:subClassOf,owl:Thing
http://kbpedia.org/kko/rc/MusicalComposition_GrungeRock,rdfs:subClassOf,http://kbpedia.org/kko/rc/MusicTypeOpenGenre
http://kbpedia.org/kko/rc/MusicalComposition_GrungeRock,rdfs:subClassOf,http://kbpedia.org/kko/rc/MusicalComposition_Rock
http://kbpedia.org/kko/rc/MusicalComposition_GrungeRock,rdfs:subClassOf,owl:Thing
http://kbpedia.org/kko/rc/TheatricalGenre,rdfs:subClassOf,http://kbpedia.org/kko/rc/VisualArtsGenre
http://kbpedia.org/kko/rc/TheatricalGenre,rdfs:subClassOf,owl:Thing
http://kbpedia.org/kko/rc/VisualArtsGenre,rdfs:subClassOf,http://kbpedia.org/kko/rc/Art
http://kbpedia.org/kko/rc/VisualArtsGenre,rdfs:subClassOf,owl:Thing
http://kbpedia.org/kko/rc/StreetSign,rdfs:subClassOf,http://kbpedia.org/kko/rc/RoadSign
http://kbpedia.org/kko/rc/StreetSign,rdfs:subClassOf,http://kbpedia.org/kko/rc/StationarySign
http://kbpedia.org/kko/rc/StreetSign,rdfs:subClassOf,owl:Thing
http://kbpedia.org/kko/rc/Mannerism,rdfs:subClassOf,http://kbpedia.org/kko/rc/ArtStyle
http://kbpedia.org/kko/rc/Mannerism,rdfs:subClassOf,owl:Thing
http://kbpedia.org/kko/rc/PopMusicGenre,rdfs:subClassOf,http://kbpedia.org/kko/rc/PopRockMusic
http://kbpedia.org/kko/rc/PopMusicGenre,rdfs:subClassOf,http://kbpedia.org/kko/rc/MusicTypeByGenre
http://kbpedia.org/kko/rc/PopMusicGenre,rdfs:subClassOf,owl:Thing
http://kbpedia.org/kko/rc/MusiqueConcrete,rdfs:subClassOf,http://kbpedia.org/kko/rc/ElectroacousticMusic
http://kbpedia.org/kko/rc/MusiqueConcrete,rdfs:subClassOf,owl:Thing
http://kbpedia.org/kko/rc/RoadSign,rdfs:subClassOf,http://kbpedia.org/kko/rc/SignTheDisplay
http://kbpedia.org/kko/rc/RoadSign,rdfs:subClassOf,http://kbpedia.org/kko/rc/Signage
http://kbpedia.org/kko/rc/RoadSign,rdfs:subClassOf,owl:Thing
http://kbpedia.org/kko/rc/AnniversaryCard,rdfs:subClassOf,http://kbpedia.org/kko/rc/OccasionCard
http://kbpedia.org/kko/rc/AnniversaryCard,rdfs:subClassOf,owl:Thing
http://kbpedia.org/kko/rc/MechanicalDrawing,rdfs:subClassOf,http://kbpedia.org/kko/rc/Drawing
http://kbpedia.org/kko/rc/MechanicalDrawing,rdfs:subClassOf,owl:Thing
http://kbpedia.org/kko/rc/Burlesque,rdfs:subClassOf,http://kbpedia.org/kko/rc/TheatricalGenre
http://kbpedia.org/kko/rc/Burlesque,rdfs:subClassOf,owl:Thing
http://kbpedia.org/kko/rc/HentaiAnimeAndManga,rdfs:subClassOf,http://kbpedia.org/kko/rc/Manga
http://kbpedia.org/kko/rc/HentaiAnimeAndManga,rdfs:subClassOf,owl:Thing
http://kbpedia.org/kko/rc/FantaseryeAndTelefantasya,rdfs:subClassOf,http://kbpedia.org/kko/rc/TelevisionSeriesByGenre
http://kbpedia.org/kko/rc/FantaseryeAndTelefantasya,rdfs:subClassOf,owl:Thing
http://kbpedia.org/kko/rc/WrittenCharacter,rdfs:subClassOf,http://kbpedia.org/kko/rc/CharacterToken_Inscribed
http://kbpedia.org/kko/rc/WrittenCharacter,rdfs:subClassOf,http://kbpedia.org/kko/rc/WrittenCharacterSequence
http://kbpedia.org/kko/rc/WrittenCharacter,rdfs:subClassOf,owl:Thing
http://kbpedia.org/kko/rc/Polyptych,rdfs:subClassOf,http://kbpedia.org/kko/rc/Painting_ArtForm
http://kbpedia.org/kko/rc/Polyptych,rdfs:subClassOf,owl:Thing
http://kbpedia.org/kko/rc/PunkBlues,rdfs:subClassOf,http://kbpedia.org/kko/rc/MusicalComposition_BluesRock
http://kbpedia.org/kko/rc/PunkBlues,rdfs:subClassOf,http://kbpedia.org/kko/rc/MusicTypeOpenGenre
http://kbpedia.org/kko/rc/PunkBlues,rdfs:subClassOf,http://kbpedia.org/kko/rc/MusicTypeByGenre
http://kbpedia.org/kko/rc/PunkBlues,rdfs:subClassOf,owl:Thing
http://kbpedia.org/kko/rc/ThrillerMovie,rdfs:subClassOf,http://kbpedia.org/kko/rc/FilmGenre
http://kbpedia.org/kko/rc/ThrillerMovie,rdfs:subClassOf,owl:Thing
http://kbpedia.org/kko/rc/IndianStateInsignia,rdfs:subClassOf,http://kbpedia.org/kko/rc/FormalInsignia
http://kbpedia.org/kko/rc/IndianStateInsignia,rdfs:subClassOf,http://kbpedia.org/kko/rc/Insignia
http://kbpedia.org/kko/rc/IndianStateInsignia,rdfs:subClassOf,owl:Thing
http://kbpedia.org/kko/rc/CanadianCelticMusic,rdfs:subClassOf,http://kbpedia.org/kko/rc/MusicalComposition_Celtic
http://kbpedia.org/kko/rc/CanadianCelticMusic,rdfs:subClassOf,owl:Thing
http://kbpedia.org/kko/rc/WorldFusion,rdfs:subClassOf,http://kbpedia.org/kko/rc/MusicalComposition_WorldFusion
http://kbpedia.org/kko/rc/WorldFusion,rdfs:subClassOf,http://kbpedia.org/kko/rc/MusicTypeByGenre
http://kbpedia.org/kko/rc/WorldFusion,rdfs:subClassOf,owl:Thing
http://kbpedia.org/kko/rc/SoundFilm,rdfs:subClassOf,http://kbpedia.org/kko/rc/Movie
http://kbpedia.org/kko/rc/SoundFilm,rdfs:subClassOf,owl:Thing
http://kbpedia.org/kko/rc/VisualLabel,rdfs:subClassOf,http://kbpedia.org/kko/rc/Label_IBO
http://kbpedia.org/kko/rc/VisualLabel,rdfs:subClassOf,owl:Thing
http://kbpedia.org/kko/rc/FilmGenre,rdfs:subClassOf,http://kbpedia.org/kko/rc/Movie
http://kbpedia.org/kko/rc/FilmGenre,rdfs:subClassOf,http://kbpedia.org/kko/rc/MovingImage
http://kbpedia.org/kko/rc/FilmGenre,rdfs:subClassOf,http://kbpedia.org/kko/rc/VisualArtsGenre
http://kbpedia.org/kko/rc/FilmGenre,rdfs:subClassOf,owl:Thing
http://kbpedia.org/kko/rc/AnthemsOfIndianStates,rdfs:subClassOf,http://kbpedia.org/kko/rc/Anthem
http://kbpedia.org/kko/rc/AnthemsOfIndianStates,rdfs:subClassOf,owl:Thing
http://kbpedia.org/kko/rc/OffOffBroadway,rdfs:subClassOf,http://kbpedia.org/kko/rc/BroadwayShow
http://kbpedia.org/kko/rc/OffOffBroadway,rdfs:subClassOf,owl:Thing
http://kbpedia.org/kko/rc/Stain,rdfs:subClassOf,http://kbpedia.org/kko/rc/VisualMark
http://kbpedia.org/kko/rc/Stain,rdfs:subClassOf,owl:Thing
http://kbpedia.org/kko/rc/MusicByRegion,rdfs:subClassOf,http://kbpedia.org/kko/rc/Music
http://kbpedia.org/kko/rc/MusicByRegion,rdfs:subClassOf,owl:Thing
http://kbpedia.org/kko/rc/MusicVideo,rdfs:subClassOf,http://kbpedia.org/kko/rc/VideoConceptualWork
http://kbpedia.org/kko/rc/MusicVideo,rdfs:subClassOf,owl:Thing
http://kbpedia.org/kko/rc/ArtPop,rdfs:subClassOf,http://kbpedia.org/kko/rc/PopMusicGenre
http://kbpedia.org/kko/rc/ArtPop,rdfs:subClassOf,owl:Thing
http://kbpedia.org/kko/rc/Diptych,rdfs:subClassOf,http://kbpedia.org/kko/rc/Polyptych
http://kbpedia.org/kko/rc/Diptych,rdfs:subClassOf,owl:Thing
http://kbpedia.org/kko/rc/Fingerprint,rdfs:subClassOf,http://kbpedia.org/kko/rc/StillImageSource
http://kbpedia.org/kko/rc/Fingerprint,rdfs:subClassOf,http://kbpedia.org/kko/rc/VisualMark
http://kbpedia.org/kko/rc/Fingerprint,rdfs:subClassOf,owl:Thing
http://kbpedia.org/kko/rc/ChildrensTelenovela,rdfs:subClassOf,http://kbpedia.org/kko/rc/ChildrensTVShow
http://kbpedia.org/kko/rc/ChildrensTelenovela,rdfs:subClassOf,owl:Thing
http://kbpedia.org/kko/rc/GangsterMovie,rdfs:subClassOf,http://kbpedia.org/kko/rc/CrimeMovie
http://kbpedia.org/kko/rc/GangsterMovie,rdfs:subClassOf,owl:Thing
http://kbpedia.org/kko/rc/Cartoon_Still,rdfs:subClassOf,http://kbpedia.org/kko/rc/Cartoon
http://kbpedia.org/kko/rc/Cartoon_Still,rdfs:subClassOf,owl:Thing
http://kbpedia.org/kko/rc/NewWaveOfBritishHeavyMetal,rdfs:subClassOf,http://kbpedia.org/kko/rc/HeavyMetalSubgenre
http://kbpedia.org/kko/rc/NewWaveOfBritishHeavyMetal,rdfs:subClassOf,owl:Thing
http://kbpedia.org/kko/rc/MilitaryArt,rdfs:subClassOf,http://kbpedia.org/kko/rc/VisualArtsGenre
http://kbpedia.org/kko/rc/MilitaryArt,rdfs:subClassOf,http://kbpedia.org/kko/rc/Art
http://kbpedia.org/kko/rc/MilitaryArt,rdfs:subClassOf,owl:Thing
http://kbpedia.org/kko/rc/DigitalCurrency,rdfs:subClassOf,http://kbpedia.org/kko/rc/AlternativeCurrency
http://kbpedia.org/kko/rc/DigitalCurrency,rdfs:subClassOf,http://kbpedia.org/kko/rc/Currency
http://kbpedia.org/kko/rc/DigitalCurrency,rdfs:subClassOf,owl:Thing
http://kbpedia.org/kko/rc/AnimatedMovie,rdfs:subClassOf,http://kbpedia.org/kko/rc/ConceptualWork_AnimationGenre
http://kbpedia.org/kko/rc/AnimatedMovie,rdfs:subClassOf,http://kbpedia.org/kko/rc/FilmGenre
http://kbpedia.org/kko/rc/AnimatedMovie,rdfs:subClassOf,owl:Thing
http://kbpedia.org/kko/rc/PhotographAsArtForm,rdfs:subClassOf,http://kbpedia.org/kko/rc/Photograph
http://kbpedia.org/kko/rc/PhotographAsArtForm,rdfs:subClassOf,http://kbpedia.org/kko/rc/TwoDimensionalArtObject
http://kbpedia.org/kko/rc/PhotographAsArtForm,rdfs:subClassOf,owl:Thing
http://kbpedia.org/kko/rc/Musical,rdfs:subClassOf,http://kbpedia.org/kko/rc/AudioConceptualWork
http://kbpedia.org/kko/rc/Musical,rdfs:subClassOf,owl:Thing
http://kbpedia.org/kko/rc/Avatar_ComputerImage,rdfs:subClassOf,http://kbpedia.org/kko/rc/VisualImage
http://kbpedia.org/kko/rc/Avatar_ComputerImage,rdfs:subClassOf,owl:Thing
http://kbpedia.org/kko/rc/ScottishGaelicMusic,rdfs:subClassOf,http://kbpedia.org/kko/rc/MusicalComposition_Celtic
http://kbpedia.org/kko/rc/ScottishGaelicMusic,rdfs:subClassOf,owl:Thing
http://kbpedia.org/kko/rc/RockMusical,rdfs:subClassOf,http://kbpedia.org/kko/rc/RockMusic
http://kbpedia.org/kko/rc/RockMusical,rdfs:subClassOf,http://kbpedia.org/kko/rc/MusicTypeByGenre
http://kbpedia.org/kko/rc/RockMusical,rdfs:subClassOf,owl:Thing
http://kbpedia.org/kko/rc/VirtualAvatar,rdfs:subClassOf,http://kbpedia.org/kko/rc/VirtualReality
http://kbpedia.org/kko/rc/VirtualAvatar,rdfs:subClassOf,owl:Thing
http://kbpedia.org/kko/rc/ExecutiveOrder_Russia,rdfs:subClassOf,http://kbpedia.org/kko/rc/ExecutiveOrder
http://kbpedia.org/kko/rc/ExecutiveOrder_Russia,rdfs:subClassOf,owl:Thing
http://kbpedia.org/kko/rc/PiercedBodyPart,rdfs:subClassOf,http://kbpedia.org/kko/rc/BodyArt
http://kbpedia.org/kko/rc/PiercedBodyPart,rdfs:subClassOf,owl:Thing
http://kbpedia.org/kko/rc/Cryptocurrency,rdfs:subClassOf,http://kbpedia.org/kko/rc/DigitalCurrency
http://kbpedia.org/kko/rc/Cryptocurrency,rdfs:subClassOf,owl:Thing
http://kbpedia.org/kko/rc/Videotelephony,rdfs:subClassOf,http://kbpedia.org/kko/rc/VideoRecordedObject
http://kbpedia.org/kko/rc/Videotelephony,rdfs:subClassOf,owl:Thing
http://kbpedia.org/kko/rc/TelevisionSketchShow,rdfs:subClassOf,http://kbpedia.org/kko/rc/Sketch
http://kbpedia.org/kko/rc/TelevisionSketchShow,rdfs:subClassOf,owl:Thing
http://kbpedia.org/kko/rc/PunkMusic,rdfs:subClassOf,http://kbpedia.org/kko/rc/RockMusic
http://kbpedia.org/kko/rc/PunkMusic,rdfs:subClassOf,owl:Thing
http://kbpedia.org/kko/rc/Godspell_Musical,rdfs:subClassOf,http://kbpedia.org/kko/rc/Musical
http://kbpedia.org/kko/rc/Godspell_Musical,rdfs:subClassOf,owl:Thing
http://kbpedia.org/kko/rc/StillImage,rdfs:subClassOf,http://kbpedia.org/kko/rc/VisualImage
http://kbpedia.org/kko/rc/StillImage,rdfs:subClassOf,owl:Thing
http://kbpedia.org/kko/rc/PropertyDisclosureSheet,rdfs:subClassOf,http://kbpedia.org/kko/rc/OfficialDocument
http://kbpedia.org/kko/rc/PropertyDisclosureSheet,rdfs:subClassOf,owl:Thing
http://kbpedia.org/kko/rc/AddressLabel,rdfs:subClassOf,http://kbpedia.org/kko/rc/VisualLabel
http://kbpedia.org/kko/rc/AddressLabel,rdfs:subClassOf,owl:Thing
http://kbpedia.org/kko/rc/MusicalComposition_HardRock,rdfs:subClassOf,http://kbpedia.org/kko/rc/MusicTypeOpenGenre
http://kbpedia.org/kko/rc/MusicalComposition_HardRock,rdfs:subClassOf,http://kbpedia.org/kko/rc/MusicalComposition_Rock
http://kbpedia.org/kko/rc/MusicalComposition_HardRock,rdfs:subClassOf,owl:Thing
http://kbpedia.org/kko/rc/CrimeMovie,rdfs:subClassOf,http://kbpedia.org/kko/rc/FilmGenre
http://kbpedia.org/kko/rc/CrimeMovie,rdfs:subClassOf,owl:Thing
http://kbpedia.org/kko/rc/CertificateOfDeposit,rdfs:subClassOf,http://kbpedia.org/kko/rc/OfficialDocument
http://kbpedia.org/kko/rc/CertificateOfDeposit,rdfs:subClassOf,owl:Thing
http://kbpedia.org/kko/rc/EstoppelCertificate,rdfs:subClassOf,http://kbpedia.org/kko/rc/OfficialDocument
http://kbpedia.org/kko/rc/EstoppelCertificate,rdfs:subClassOf,owl:Thing
http://kbpedia.org/kko/rc/AnimatedFeatureFilm,rdfs:subClassOf,http://kbpedia.org/kko/rc/AnimatedMovie
http://kbpedia.org/kko/rc/AnimatedFeatureFilm,rdfs:subClassOf,owl:Thing
http://kbpedia.org/kko/rc/Slide_Photograph,rdfs:subClassOf,http://kbpedia.org/kko/rc/Photograph
http://kbpedia.org/kko/rc/Slide_Photograph,rdfs:subClassOf,owl:Thing
http://kbpedia.org/kko/rc/ParodyMovie,rdfs:subClassOf,http://kbpedia.org/kko/rc/ComedyMovie
http://kbpedia.org/kko/rc/ParodyMovie,rdfs:subClassOf,http://kbpedia.org/kko/rc/FilmGenre
http://kbpedia.org/kko/rc/ParodyMovie,rdfs:subClassOf,owl:Thing
http://kbpedia.org/kko/rc/WhiteMountainArt,rdfs:subClassOf,http://kbpedia.org/kko/rc/LandscapeArt
http://kbpedia.org/kko/rc/WhiteMountainArt,rdfs:subClassOf,owl:Thing
http://kbpedia.org/kko/rc/EmployeeBadge,rdfs:subClassOf,http://kbpedia.org/kko/rc/Badge
http://kbpedia.org/kko/rc/EmployeeBadge,rdfs:subClassOf,http://kbpedia.org/kko/rc/IDDocument
http://kbpedia.org/kko/rc/EmployeeBadge,rdfs:subClassOf,owl:Thing
http://kbpedia.org/kko/rc/LandscapeImage,rdfs:subClassOf,http://kbpedia.org/kko/rc/StillImage
http://kbpedia.org/kko/rc/LandscapeImage,rdfs:subClassOf,owl:Thing
http://kbpedia.org/kko/rc/AwardCertificate,rdfs:subClassOf,http://kbpedia.org/kko/rc/Paper_IBO
http://kbpedia.org/kko/rc/AwardCertificate,rdfs:subClassOf,owl:Thing
http://kbpedia.org/kko/rc/TitleReport,rdfs:subClassOf,http://kbpedia.org/kko/rc/GovernmentDocument
http://kbpedia.org/kko/rc/TitleReport,rdfs:subClassOf,owl:Thing
http://kbpedia.org/kko/rc/TVHobbyShow,rdfs:subClassOf,http://kbpedia.org/kko/rc/InformativeTVShow
http://kbpedia.org/kko/rc/TVHobbyShow,rdfs:subClassOf,owl:Thing
http://kbpedia.org/kko/rc/Perspective,rdfs:subClassOf,http://kbpedia.org/ontologies/kko#VisualInfo
http://kbpedia.org/kko/rc/Perspective,rdfs:subClassOf,owl:Thing
http://kbpedia.org/kko/rc/BroadwayMusical,rdfs:subClassOf,http://kbpedia.org/kko/rc/BroadwayShow
http://kbpedia.org/kko/rc/BroadwayMusical,rdfs:subClassOf,owl:Thing
http://kbpedia.org/kko/rc/MusicalComposition_Swing,rdfs:subClassOf,http://kbpedia.org/kko/rc/MusicTypeOpenGenre
http://kbpedia.org/kko/rc/MusicalComposition_Swing,rdfs:subClassOf,http://kbpedia.org/kko/rc/MusicalComposition
http://kbpedia.org/kko/rc/MusicalComposition_Swing,rdfs:subClassOf,owl:Thing
http://kbpedia.org/kko/rc/AndeanMusic,rdfs:subClassOf,http://kbpedia.org/kko/rc/MusicByRegion
http://kbpedia.org/kko/rc/AndeanMusic,rdfs:subClassOf,owl:Thing
http://kbpedia.org/kko/rc/DischargePaper,rdfs:subClassOf,http://kbpedia.org/kko/rc/OfficialDocument
http://kbpedia.org/kko/rc/DischargePaper,rdfs:subClassOf,http://kbpedia.org/kko/rc/Paper_IBO
http://kbpedia.org/kko/rc/DischargePaper,rdfs:subClassOf,owl:Thing
http://kbpedia.org/kko/rc/Sound,rdfs:subClassOf,http://kbpedia.org/ontologies/kko#AudioInfo
http://kbpedia.org/kko/rc/Sound,rdfs:subClassOf,owl:Thing
http://kbpedia.org/kko/rc/ManxMusic,rdfs:subClassOf,http://kbpedia.org/kko/rc/MusicalComposition_Celtic
http://kbpedia.org/kko/rc/ManxMusic,rdfs:subClassOf,owl:Thing
http://kbpedia.org/kko/rc/TVCookingShow,rdfs:subClassOf,http://kbpedia.org/kko/rc/TVHobbyShow
http://kbpedia.org/kko/rc/TVCookingShow,rdfs:subClassOf,owl:Thing
http://kbpedia.org/kko/rc/DeadSeaScroll,rdfs:subClassOf,http://kbpedia.org/kko/rc/HardcopyInformationBearingObject
http://kbpedia.org/kko/rc/DeadSeaScroll,rdfs:subClassOf,owl:Thing
http://kbpedia.org/kko/rc/ArtworksInMetal,rdfs:subClassOf,http://kbpedia.org/kko/rc/Sculpture
http://kbpedia.org/kko/rc/ArtworksInMetal,rdfs:subClassOf,owl:Thing
http://kbpedia.org/kko/rc/CompositionForHarpsichord,rdfs:subClassOf,http://kbpedia.org/kko/rc/MusicalComposition_Baroque
http://kbpedia.org/kko/rc/CompositionForHarpsichord,rdfs:subClassOf,owl:Thing
http://kbpedia.org/kko/rc/Parody,rdfs:subClassOf,http://kbpedia.org/kko/rc/ParodyMovie
http://kbpedia.org/kko/rc/Parody,rdfs:subClassOf,owl:Thing
http://kbpedia.org/kko/rc/Teleplay,rdfs:subClassOf,http://kbpedia.org/kko/rc/TVShow_Single
http://kbpedia.org/kko/rc/Teleplay,rdfs:subClassOf,owl:Thing
http://kbpedia.org/kko/rc/AnimeInfluencedAnimation,rdfs:subClassOf,http://kbpedia.org/kko/rc/Anime
http://kbpedia.org/kko/rc/AnimeInfluencedAnimation,rdfs:subClassOf,http://kbpedia.org/kko/rc/Animation_MovingImage
http://kbpedia.org/kko/rc/AnimeInfluencedAnimation,rdfs:subClassOf,owl:Thing
http://kbpedia.org/kko/rc/MilitaryDischargePaper,rdfs:subClassOf,http://kbpedia.org/kko/rc/DischargePaper
http://kbpedia.org/kko/rc/MilitaryDischargePaper,rdfs:subClassOf,http://kbpedia.org/kko/rc/GovernmentDocument
http://kbpedia.org/kko/rc/MilitaryDischargePaper,rdfs:subClassOf,owl:Thing
http://kbpedia.org/kko/rc/HentaiDjin,rdfs:subClassOf,http://kbpedia.org/kko/rc/Hentai
http://kbpedia.org/kko/rc/HentaiDjin,rdfs:subClassOf,owl:Thing
http://kbpedia.org/kko/rc/NewsShow,rdfs:subClassOf,http://kbpedia.org/kko/rc/InformativeTVShow
http://kbpedia.org/kko/rc/NewsShow,rdfs:subClassOf,owl:Thing
http://kbpedia.org/kko/rc/MusicalComposition_Romantic,rdfs:subClassOf,http://kbpedia.org/kko/rc/MusicTypeOpenGenre
http://kbpedia.org/kko/rc/MusicalComposition_Romantic,rdfs:subClassOf,http://kbpedia.org/kko/rc/MusicalComposition
http://kbpedia.org/kko/rc/MusicalComposition_Romantic,rdfs:subClassOf,owl:Thing
http://kbpedia.org/kko/rc/ActionMovie,rdfs:subClassOf,http://kbpedia.org/kko/rc/FilmGenre
http://kbpedia.org/kko/rc/ActionMovie,rdfs:subClassOf,owl:Thing
http://kbpedia.org/kko/rc/ModalFrame,rdfs:subClassOf,http://kbpedia.org/kko/rc/Tune
http://kbpedia.org/kko/rc/ModalFrame,rdfs:subClassOf,owl:Thing
http://kbpedia.org/kko/rc/MusicalComposition_Techno,rdfs:subClassOf,http://kbpedia.org/kko/rc/MusicalComposition_Electronic
http://kbpedia.org/kko/rc/MusicalComposition_Techno,rdfs:subClassOf,owl:Thing
http://kbpedia.org/kko/rc/Sticker_Adhesive,rdfs:subClassOf,http://kbpedia.org/kko/rc/Paper_IBO
http://kbpedia.org/kko/rc/Sticker_Adhesive,rdfs:subClassOf,owl:Thing
http://kbpedia.org/kko/rc/Timeline,rdfs:subClassOf,http://kbpedia.org/kko/rc/Graph
http://kbpedia.org/kko/rc/Timeline,rdfs:subClassOf,owl:Thing
http://kbpedia.org/kko/rc/RadioSketchShow,rdfs:subClassOf,http://kbpedia.org/kko/rc/Sketch
http://kbpedia.org/kko/rc/RadioSketchShow,rdfs:subClassOf,owl:Thing
http://kbpedia.org/kko/rc/USExecutiveOrder,rdfs:subClassOf,http://kbpedia.org/kko/rc/ExecutiveOrder
http://kbpedia.org/kko/rc/USExecutiveOrder,rdfs:subClassOf,owl:Thing
http://kbpedia.org/kko/rc/WaitingList,rdfs:subClassOf,http://kbpedia.org/kko/rc/List_Information
http://kbpedia.org/kko/rc/WaitingList,rdfs:subClassOf,owl:Thing
http://kbpedia.org/kko/rc/Motif,rdfs:subClassOf,http://kbpedia.org/kko/rc/Tune
http://kbpedia.org/kko/rc/Motif,rdfs:subClassOf,owl:Thing
http://kbpedia.org/kko/rc/FantasticArt,rdfs:subClassOf,http://kbpedia.org/kko/rc/VisualArtsGenre
http://kbpedia.org/kko/rc/FantasticArt,rdfs:subClassOf,owl:Thing
http://kbpedia.org/kko/rc/AnthemsOfTheSovietRepublics,rdfs:subClassOf,http://kbpedia.org/kko/rc/Anthem
http://kbpedia.org/kko/rc/AnthemsOfTheSovietRepublics,rdfs:subClassOf,owl:Thing
http://kbpedia.org/kko/rc/PostCard,rdfs:subClassOf,http://kbpedia.org/kko/rc/Card
http://kbpedia.org/kko/rc/PostCard,rdfs:subClassOf,owl:Thing
http://kbpedia.org/kko/rc/Mazurka,rdfs:subClassOf,http://kbpedia.org/kko/rc/MusicalComposition_Romantic
http://kbpedia.org/kko/rc/Mazurka,rdfs:subClassOf,owl:Thing
http://kbpedia.org/kko/rc/MusicVideoCopy,rdfs:subClassOf,http://kbpedia.org/kko/rc/VideoRecordedObject
http://kbpedia.org/kko/rc/MusicVideoCopy,rdfs:subClassOf,owl:Thing
http://kbpedia.org/kko/rc/Graph_VisualIBT,rdfs:subClassOf,http://kbpedia.org/kko/rc/Infographic
http://kbpedia.org/kko/rc/Graph_VisualIBT,rdfs:subClassOf,owl:Thing
http://kbpedia.org/kko/rc/BlueDischarge,rdfs:subClassOf,http://kbpedia.org/kko/rc/MilitaryDischargePaper
http://kbpedia.org/kko/rc/BlueDischarge,rdfs:subClassOf,owl:Thing
http://kbpedia.org/kko/rc/BumperSticker,rdfs:subClassOf,http://kbpedia.org/kko/rc/Sticker_Adhesive
http://kbpedia.org/kko/rc/BumperSticker,rdfs:subClassOf,owl:Thing
http://kbpedia.org/kko/rc/SoundsByType,rdfs:subClassOf,http://kbpedia.org/kko/rc/Sound
http://kbpedia.org/kko/rc/SoundsByType,rdfs:subClassOf,owl:Thing
http://kbpedia.org/kko/rc/ChildrensTelevisionSeriesEpisodes,rdfs:subClassOf,http://kbpedia.org/kko/rc/ChildrensTVShow
http://kbpedia.org/kko/rc/ChildrensTelevisionSeriesEpisodes,rdfs:subClassOf,owl:Thing
http://kbpedia.org/kko/rc/RockabillyMusic,rdfs:subClassOf,http://kbpedia.org/kko/rc/RockMusic
http://kbpedia.org/kko/rc/RockabillyMusic,rdfs:subClassOf,owl:Thing
http://kbpedia.org/kko/rc/HardcopyInformationBearingObject,rdfs:subClassOf,http://kbpedia.org/kko/rc/StillImageSource
http://kbpedia.org/kko/rc/HardcopyInformationBearingObject,rdfs:subClassOf,owl:Thing
http://kbpedia.org/kko/rc/ArtPrint,rdfs:subClassOf,http://kbpedia.org/kko/rc/Graphic_VisualIBT
http://kbpedia.org/kko/rc/ArtPrint,rdfs:subClassOf,http://kbpedia.org/kko/rc/HardcopyInformationBearingObject
http://kbpedia.org/kko/rc/ArtPrint,rdfs:subClassOf,http://kbpedia.org/kko/rc/TwoDimensionalArtObject
http://kbpedia.org/kko/rc/ArtPrint,rdfs:subClassOf,owl:Thing
http://kbpedia.org/kko/rc/Clipping,rdfs:subClassOf,http://kbpedia.org/kko/rc/PageOfPaper_IBO
http://kbpedia.org/kko/rc/Clipping,rdfs:subClassOf,owl:Thing
http://kbpedia.org/kko/rc/NonMilitaryRankInsignia,rdfs:subClassOf,http://kbpedia.org/kko/rc/Badge
http://kbpedia.org/kko/rc/NonMilitaryRankInsignia,rdfs:subClassOf,http://kbpedia.org/kko/rc/Insignia
http://kbpedia.org/kko/rc/NonMilitaryRankInsignia,rdfs:subClassOf,owl:Thing
http://kbpedia.org/kko/rc/PostDisco,rdfs:subClassOf,http://kbpedia.org/kko/rc/DiscoMusic
http://kbpedia.org/kko/rc/PostDisco,rdfs:subClassOf,http://kbpedia.org/kko/rc/MusicTypeOpenGenre
http://kbpedia.org/kko/rc/PostDisco,rdfs:subClassOf,http://kbpedia.org/kko/rc/MusicTypeByGenre
http://kbpedia.org/kko/rc/PostDisco,rdfs:subClassOf,owl:Thing
http://kbpedia.org/kko/rc/WrestlingAnimeAndManga,rdfs:subClassOf,http://kbpedia.org/kko/rc/Manga
http://kbpedia.org/kko/rc/WrestlingAnimeAndManga,rdfs:subClassOf,owl:Thing
http://kbpedia.org/kko/rc/NaturalSound,rdfs:subClassOf,http://kbpedia.org/kko/rc/SoundsByType
http://kbpedia.org/kko/rc/NaturalSound,rdfs:subClassOf,http://kbpedia.org/kko/rc/Sound
http://kbpedia.org/kko/rc/NaturalSound,rdfs:subClassOf,owl:Thing
http://kbpedia.org/kko/rc/WrittenNumeralSequence,rdfs:subClassOf,http://kbpedia.org/kko/rc/WrittenCharacterSequence
http://kbpedia.org/kko/rc/WrittenNumeralSequence,rdfs:subClassOf,owl:Thing
http://kbpedia.org/kko/rc/Origami,rdfs:subClassOf,http://kbpedia.org/kko/rc/ArtworkProduct
http://kbpedia.org/kko/rc/Origami,rdfs:subClassOf,owl:Thing
http://kbpedia.org/kko/rc/PostalOrder,rdfs:subClassOf,http://kbpedia.org/kko/rc/MoneyOrder
http://kbpedia.org/kko/rc/PostalOrder,rdfs:subClassOf,owl:Thing
http://kbpedia.org/kko/rc/Psychobilly,rdfs:subClassOf,http://kbpedia.org/kko/rc/MusicalComposition_Rockabilly
http://kbpedia.org/kko/rc/Psychobilly,rdfs:subClassOf,http://kbpedia.org/kko/rc/RockabillyMusic
http://kbpedia.org/kko/rc/Psychobilly,rdfs:subClassOf,http://kbpedia.org/kko/rc/MusicTypeOpenGenre
http://kbpedia.org/kko/rc/Psychobilly,rdfs:subClassOf,http://kbpedia.org/kko/rc/MusicTypeByGenre
http://kbpedia.org/kko/rc/Psychobilly,rdfs:subClassOf,owl:Thing
http://kbpedia.org/kko/rc/EmergencyCall_Script,rdfs:subClassOf,http://kbpedia.org/kko/rc/Paper_IBO
http://kbpedia.org/kko/rc/EmergencyCall_Script,rdfs:subClassOf,owl:Thing
http://kbpedia.org/kko/rc/TVDocumentary,rdfs:subClassOf,http://kbpedia.org/kko/rc/Documentary_Genre
http://kbpedia.org/kko/rc/TVDocumentary,rdfs:subClassOf,http://kbpedia.org/kko/rc/InformativeTVShow
http://kbpedia.org/kko/rc/TVDocumentary,rdfs:subClassOf,http://kbpedia.org/kko/rc/NarrativeTVShow
http://kbpedia.org/kko/rc/TVDocumentary,rdfs:subClassOf,owl:Thing
http://kbpedia.org/kko/rc/NursingCredentialOrCertification,rdfs:subClassOf,http://kbpedia.org/kko/rc/Certification
http://kbpedia.org/kko/rc/NursingCredentialOrCertification,rdfs:subClassOf,owl:Thing
http://kbpedia.org/kko/rc/TelevisionSpinOff,rdfs:subClassOf,http://kbpedia.org/kko/rc/TVSeriesProduct
http://kbpedia.org/kko/rc/TelevisionSpinOff,rdfs:subClassOf,owl:Thing
http://kbpedia.org/kko/rc/AlarmSignal,rdfs:subClassOf,http://kbpedia.org/kko/rc/SoundsByType
http://kbpedia.org/kko/rc/AlarmSignal,rdfs:subClassOf,http://kbpedia.org/kko/rc/Sound
http://kbpedia.org/kko/rc/AlarmSignal,rdfs:subClassOf,owl:Thing
http://kbpedia.org/kko/rc/PowerPop,rdfs:subClassOf,http://kbpedia.org/kko/rc/MusicalComposition_PopRock
http://kbpedia.org/kko/rc/PowerPop,rdfs:subClassOf,http://kbpedia.org/kko/rc/MusicTypeOpenGenre
http://kbpedia.org/kko/rc/PowerPop,rdfs:subClassOf,http://kbpedia.org/kko/rc/MusicTypeByGenre
http://kbpedia.org/kko/rc/PowerPop,rdfs:subClassOf,owl:Thing
http://kbpedia.org/kko/rc/PlotNarrative,rdfs:subClassOf,http://kbpedia.org/kko/rc/DramaticPerformance
http://kbpedia.org/kko/rc/PlotNarrative,rdfs:subClassOf,owl:Thing
http://kbpedia.org/kko/rc/Audiobook,rdfs:subClassOf,http://kbpedia.org/kko/rc/RecordedSoundProduct
http://kbpedia.org/kko/rc/Audiobook,rdfs:subClassOf,owl:Thing
http://kbpedia.org/kko/rc/WrittenNumeral,rdfs:subClassOf,http://kbpedia.org/kko/rc/WrittenCharacter
http://kbpedia.org/kko/rc/WrittenNumeral,rdfs:subClassOf,http://kbpedia.org/kko/rc/WrittenNumeralSequence
http://kbpedia.org/kko/rc/WrittenNumeral,rdfs:subClassOf,owl:Thing
http://kbpedia.org/kko/rc/AlternativeCurrency,rdfs:subClassOf,http://kbpedia.org/kko/rc/Currency
http://kbpedia.org/kko/rc/AlternativeCurrency,rdfs:subClassOf,owl:Thing
http://kbpedia.org/kko/rc/BondCertificate,rdfs:subClassOf,http://kbpedia.org/kko/rc/CertificateDocument
http://kbpedia.org/kko/rc/BondCertificate,rdfs:subClassOf,owl:Thing
http://kbpedia.org/kko/rc/VoterRegistrationCard,rdfs:subClassOf,http://kbpedia.org/kko/rc/IDDocument
http://kbpedia.org/kko/rc/VoterRegistrationCard,rdfs:subClassOf,owl:Thing
http://kbpedia.org/kko/rc/MusicalComposition_HeavyMetal,rdfs:subClassOf,http://kbpedia.org/kko/rc/MusicTypeOpenGenre
http://kbpedia.org/kko/rc/MusicalComposition_HeavyMetal,rdfs:subClassOf,http://kbpedia.org/kko/rc/MusicalComposition_Rock
http://kbpedia.org/kko/rc/MusicalComposition_HeavyMetal,rdfs:subClassOf,owl:Thing
http://kbpedia.org/kko/rc/RealityTVShow,rdfs:subClassOf,http://kbpedia.org/kko/rc/TVShow
http://kbpedia.org/kko/rc/RealityTVShow,rdfs:subClassOf,owl:Thing
http://kbpedia.org/kko/rc/CausalDiagram,rdfs:subClassOf,http://kbpedia.org/kko/rc/AnalysisDiagram
http://kbpedia.org/kko/rc/CausalDiagram,rdfs:subClassOf,owl:Thing
http://kbpedia.org/kko/rc/NewsMagazineShow,rdfs:subClassOf,http://kbpedia.org/kko/rc/NewsShow
http://kbpedia.org/kko/rc/NewsMagazineShow,rdfs:subClassOf,http://kbpedia.org/kko/rc/InformativeTVShow
http://kbpedia.org/kko/rc/NewsMagazineShow,rdfs:subClassOf,owl:Thing
http://kbpedia.org/kko/rc/FictionWithAlternateEnding,rdfs:subClassOf,http://kbpedia.org/kko/rc/PlotNarrative
http://kbpedia.org/kko/rc/FictionWithAlternateEnding,rdfs:subClassOf,owl:Thing
http://kbpedia.org/kko/rc/RockOpera,rdfs:subClassOf,http://kbpedia.org/kko/rc/RockMusic
http://kbpedia.org/kko/rc/RockOpera,rdfs:subClassOf,http://kbpedia.org/kko/rc/MusicTypeByGenre
http://kbpedia.org/kko/rc/RockOpera,rdfs:subClassOf,owl:Thing
http://kbpedia.org/kko/rc/SelfAdhesiveLabel,rdfs:subClassOf,http://kbpedia.org/kko/rc/Label
http://kbpedia.org/kko/rc/SelfAdhesiveLabel,rdfs:subClassOf,owl:Thing
http://kbpedia.org/kko/rc/JapaneseTvSeries,rdfs:subClassOf,http://kbpedia.org/kko/rc/TVSeriesProduct
http://kbpedia.org/kko/rc/JapaneseTvSeries,rdfs:subClassOf,owl:Thing
http://kbpedia.org/kko/rc/King_ChessPiece,rdfs:subClassOf,http://kbpedia.org/kko/rc/ChessPiece
http://kbpedia.org/kko/rc/King_ChessPiece,rdfs:subClassOf,owl:Thing
http://kbpedia.org/kko/rc/MeowingSound,rdfs:subClassOf,http://kbpedia.org/kko/rc/AnimalSound
http://kbpedia.org/kko/rc/MeowingSound,rdfs:subClassOf,owl:Thing
http://kbpedia.org/kko/rc/CompositionForPiano,rdfs:subClassOf,http://kbpedia.org/kko/rc/MusicalCompositonByInstrument
http://kbpedia.org/kko/rc/CompositionForPiano,rdfs:subClassOf,owl:Thing
http://kbpedia.org/kko/rc/UkiyoE,rdfs:subClassOf,http://kbpedia.org/kko/rc/VisualArtsGenre
http://kbpedia.org/kko/rc/UkiyoE,rdfs:subClassOf,owl:Thing
http://kbpedia.org/kko/rc/BodyArt,rdfs:subClassOf,http://kbpedia.org/kko/rc/Art
http://kbpedia.org/kko/rc/BodyArt,rdfs:subClassOf,http://kbpedia.org/kko/rc/StillImageSource
http://kbpedia.org/kko/rc/BodyArt,rdfs:subClassOf,http://kbpedia.org/kko/rc/VisualMark
http://kbpedia.org/kko/rc/BodyArt,rdfs:subClassOf,owl:Thing
http://kbpedia.org/kko/rc/CertificateOfEligibility,rdfs:subClassOf,http://kbpedia.org/kko/rc/OfficialDocument
http://kbpedia.org/kko/rc/CertificateOfEligibility,rdfs:subClassOf,owl:Thing
http://kbpedia.org/kko/rc/SatelliteImage,rdfs:subClassOf,http://kbpedia.org/kko/rc/VisualImage
http://kbpedia.org/kko/rc/SatelliteImage,rdfs:subClassOf,owl:Thing
http://kbpedia.org/kko/rc/AthenaInArt,rdfs:subClassOf,http://kbpedia.org/kko/rc/ArtSubject
http://kbpedia.org/kko/rc/AthenaInArt,rdfs:subClassOf,owl:Thing
http://kbpedia.org/kko/rc/CultMovie,rdfs:subClassOf,http://kbpedia.org/kko/rc/FilmGenre
http://kbpedia.org/kko/rc/CultMovie,rdfs:subClassOf,owl:Thing
http://kbpedia.org/kko/rc/BalletMusic,rdfs:subClassOf,http://kbpedia.org/kko/rc/MusicTypeByGenre
http://kbpedia.org/kko/rc/BalletMusic,rdfs:subClassOf,owl:Thing
http://kbpedia.org/kko/rc/InformativeTVShow,rdfs:subClassOf,http://kbpedia.org/kko/rc/TVShow
http://kbpedia.org/kko/rc/InformativeTVShow,rdfs:subClassOf,owl:Thing
http://kbpedia.org/kko/rc/LuggageTag,rdfs:subClassOf,http://kbpedia.org/kko/rc/Tag_IBO
http://kbpedia.org/kko/rc/LuggageTag,rdfs:subClassOf,owl:Thing
http://kbpedia.org/kko/rc/TreviFountain,rdfs:subClassOf,http://kbpedia.org/kko/rc/Fountain_ArtObject
http://kbpedia.org/kko/rc/TreviFountain,rdfs:subClassOf,owl:Thing
http://kbpedia.org/kko/rc/TimelineOfHeavyMetal,rdfs:subClassOf,http://kbpedia.org/kko/rc/Timeline
http://kbpedia.org/kko/rc/TimelineOfHeavyMetal,rdfs:subClassOf,owl:Thing
http://kbpedia.org/kko/rc/B_Movie,rdfs:subClassOf,http://kbpedia.org/kko/rc/Movie
http://kbpedia.org/kko/rc/B_Movie,rdfs:subClassOf,owl:Thing
http://kbpedia.org/kko/rc/HomeVideo,rdfs:subClassOf,http://kbpedia.org/kko/rc/VideoRecordedObject
http://kbpedia.org/kko/rc/HomeVideo,rdfs:subClassOf,owl:Thing
http://kbpedia.org/kko/rc/MusicalComposition_TraditionalPop,rdfs:subClassOf,http://kbpedia.org/kko/rc/MusicTypeOpenGenre
http://kbpedia.org/kko/rc/MusicalComposition_TraditionalPop,rdfs:subClassOf,http://kbpedia.org/kko/rc/MusicalComposition
http://kbpedia.org/kko/rc/MusicalComposition_TraditionalPop,rdfs:subClassOf,owl:Thing
http://kbpedia.org/kko/rc/HundredDollarBill_US,rdfs:subClassOf,http://kbpedia.org/kko/rc/Bill_US
http://kbpedia.org/kko/rc/HundredDollarBill_US,rdfs:subClassOf,owl:Thing
http://kbpedia.org/kko/rc/LawBarCertification,rdfs:subClassOf,http://kbpedia.org/kko/rc/Certification
http://kbpedia.org/kko/rc/LawBarCertification,rdfs:subClassOf,owl:Thing
http://kbpedia.org/kko/rc/VirtualEconomy,rdfs:subClassOf,http://kbpedia.org/kko/rc/VirtualReality
http://kbpedia.org/kko/rc/VirtualEconomy,rdfs:subClassOf,owl:Thing
http://kbpedia.org/kko/rc/GoodByeCard,rdfs:subClassOf,http://kbpedia.org/kko/rc/OccasionCard
http://kbpedia.org/kko/rc/GoodByeCard,rdfs:subClassOf,owl:Thing
http://kbpedia.org/kko/rc/Coin_Currency,rdfs:subClassOf,http://kbpedia.org/kko/rc/Cash
http://kbpedia.org/kko/rc/Coin_Currency,rdfs:subClassOf,http://kbpedia.org/kko/rc/Token_Physical
http://kbpedia.org/kko/rc/Coin_Currency,rdfs:subClassOf,owl:Thing
http://kbpedia.org/kko/rc/MusicalComposition_Jazz,rdfs:subClassOf,http://kbpedia.org/kko/rc/MusicalComposition
http://kbpedia.org/kko/rc/MusicalComposition_Jazz,rdfs:subClassOf,owl:Thing
http://kbpedia.org/kko/rc/EducationalTVShow,rdfs:subClassOf,http://kbpedia.org/kko/rc/InformativeTVShow
http://kbpedia.org/kko/rc/EducationalTVShow,rdfs:subClassOf,owl:Thing
http://kbpedia.org/kko/rc/Music,rdfs:subClassOf,http://kbpedia.org/kko/rc/AudioConceptualWork
http://kbpedia.org/kko/rc/Music,rdfs:subClassOf,http://kbpedia.org/ontologies/kko#AudioInfo
http://kbpedia.org/kko/rc/Music,rdfs:subClassOf,owl:Thing
http://kbpedia.org/kko/rc/ConceptualWork_AnimeGenre,rdfs:subClassOf,http://kbpedia.org/kko/rc/ConceptualWork_AnimationGenre
http://kbpedia.org/kko/rc/ConceptualWork_AnimeGenre,rdfs:subClassOf,owl:Thing
http://kbpedia.org/kko/rc/LandscapePaintingInScotland,rdfs:subClassOf,http://kbpedia.org/kko/rc/LandscapeArt
http://kbpedia.org/kko/rc/LandscapePaintingInScotland,rdfs:subClassOf,owl:Thing
http://kbpedia.org/kko/rc/FrequentlyAskedQuestionsList,rdfs:subClassOf,http://kbpedia.org/kko/rc/List_Information
http://kbpedia.org/kko/rc/FrequentlyAskedQuestionsList,rdfs:subClassOf,owl:Thing
http://kbpedia.org/kko/rc/CompositionForSoloInstrument,rdfs:subClassOf,http://kbpedia.org/kko/rc/MusicalComposition_Classical
http://kbpedia.org/kko/rc/CompositionForSoloInstrument,rdfs:subClassOf,owl:Thing
http://kbpedia.org/kko/rc/IconographicCollection,rdfs:subClassOf,http://kbpedia.org/kko/rc/ArtCollection
http://kbpedia.org/kko/rc/IconographicCollection,rdfs:subClassOf,owl:Thing
http://kbpedia.org/kko/rc/ElectricFolk,rdfs:subClassOf,http://kbpedia.org/kko/rc/FolkRockMusic
http://kbpedia.org/kko/rc/ElectricFolk,rdfs:subClassOf,http://kbpedia.org/kko/rc/MusicTypeOpenGenre
http://kbpedia.org/kko/rc/ElectricFolk,rdfs:subClassOf,http://kbpedia.org/kko/rc/MusicTypeByGenre
http://kbpedia.org/kko/rc/ElectricFolk,rdfs:subClassOf,owl:Thing
http://kbpedia.org/kko/rc/Coin_US,rdfs:subClassOf,http://kbpedia.org/kko/rc/Coin_Currency
http://kbpedia.org/kko/rc/Coin_US,rdfs:subClassOf,http://kbpedia.org/kko/rc/Currency_US
http://kbpedia.org/kko/rc/Coin_US,rdfs:subClassOf,owl:Thing
http://kbpedia.org/kko/rc/DivorceDecreeDocument,rdfs:subClassOf,http://kbpedia.org/kko/rc/LegalDocument
http://kbpedia.org/kko/rc/DivorceDecreeDocument,rdfs:subClassOf,owl:Thing
http://kbpedia.org/kko/rc/JazzGenre,rdfs:subClassOf,http://kbpedia.org/kko/rc/JazzMusic
http://kbpedia.org/kko/rc/JazzGenre,rdfs:subClassOf,http://kbpedia.org/kko/rc/MusicalComposition_Jazz
http://kbpedia.org/kko/rc/JazzGenre,rdfs:subClassOf,http://kbpedia.org/kko/rc/MusicTypeByGenre
http://kbpedia.org/kko/rc/JazzGenre,rdfs:subClassOf,owl:Thing
http://kbpedia.org/kko/rc/MusicalWork,rdfs:subClassOf,http://kbpedia.org/kko/rc/Music
http://kbpedia.org/kko/rc/MusicalWork,rdfs:subClassOf,owl:Thing
http://kbpedia.org/kko/rc/AnimeMovie,rdfs:subClassOf,http://kbpedia.org/kko/rc/AnimatedMovie
http://kbpedia.org/kko/rc/AnimeMovie,rdfs:subClassOf,http://kbpedia.org/kko/rc/Anime
http://kbpedia.org/kko/rc/AnimeMovie,rdfs:subClassOf,http://kbpedia.org/kko/rc/ConceptualWork_AnimeGenre
http://kbpedia.org/kko/rc/AnimeMovie,rdfs:subClassOf,owl:Thing
http://kbpedia.org/kko/rc/TrafficLight,rdfs:subClassOf,http://kbpedia.org/kko/rc/VisualInformationBearingThing
http://kbpedia.org/kko/rc/TrafficLight,rdfs:subClassOf,owl:Thing
http://kbpedia.org/kko/rc/DaciaInArt,rdfs:subClassOf,http://kbpedia.org/kko/rc/ArtSubject
http://kbpedia.org/kko/rc/DaciaInArt,rdfs:subClassOf,owl:Thing
http://kbpedia.org/kko/rc/Birdsong,rdfs:subClassOf,http://kbpedia.org/kko/rc/AnimalSound
http://kbpedia.org/kko/rc/Birdsong,rdfs:subClassOf,owl:Thing
http://kbpedia.org/kko/rc/TVFamilyShow,rdfs:subClassOf,http://kbpedia.org/kko/rc/TVShow
http://kbpedia.org/kko/rc/TVFamilyShow,rdfs:subClassOf,owl:Thing
http://kbpedia.org/kko/rc/ModernistTheatre,rdfs:subClassOf,http://kbpedia.org/kko/rc/TheatricalGenre
http://kbpedia.org/kko/rc/ModernistTheatre,rdfs:subClassOf,owl:Thing
http://kbpedia.org/kko/rc/CloseUpPerspective,rdfs:subClassOf,http://kbpedia.org/kko/rc/Perspective
http://kbpedia.org/kko/rc/CloseUpPerspective,rdfs:subClassOf,owl:Thing
http://kbpedia.org/kko/rc/StainedGlassWorkAsArtForm,rdfs:subClassOf,http://kbpedia.org/kko/rc/Graphic_VisualIBT
http://kbpedia.org/kko/rc/StainedGlassWorkAsArtForm,rdfs:subClassOf,http://kbpedia.org/kko/rc/HardcopyInformationBearingObject
http://kbpedia.org/kko/rc/StainedGlassWorkAsArtForm,rdfs:subClassOf,http://kbpedia.org/kko/rc/TwoDimensionalArtObject
http://kbpedia.org/kko/rc/StainedGlassWorkAsArtForm,rdfs:subClassOf,owl:Thing
http://kbpedia.org/kko/rc/Swastika,rdfs:subClassOf,http://kbpedia.org/kko/rc/VisualInformationBearingThing
http://kbpedia.org/kko/rc/Swastika,rdfs:subClassOf,owl:Thing
http://kbpedia.org/kko/rc/ShortFilm,rdfs:subClassOf,http://kbpedia.org/kko/rc/VideoConceptualWork
http://kbpedia.org/kko/rc/ShortFilm,rdfs:subClassOf,owl:Thing
http://kbpedia.org/kko/rc/ElectronicMusicGenre,rdfs:subClassOf,http://kbpedia.org/kko/rc/ElectronicMusic
http://kbpedia.org/kko/rc/ElectronicMusicGenre,rdfs:subClassOf,http://kbpedia.org/kko/rc/MusicalComposition_Electronic
http://kbpedia.org/kko/rc/ElectronicMusicGenre,rdfs:subClassOf,http://kbpedia.org/kko/rc/MusicTypeByGenre
http://kbpedia.org/kko/rc/ElectronicMusicGenre,rdfs:subClassOf,owl:Thing
http://kbpedia.org/kko/rc/LinuxAudioPodcast,rdfs:subClassOf,http://kbpedia.org/kko/rc/AudioPodcast
http://kbpedia.org/kko/rc/LinuxAudioPodcast,rdfs:subClassOf,owl:Thing
http://kbpedia.org/kko/rc/KelleyBlueBook,rdfs:subClassOf,http://kbpedia.org/kko/rc/BlueBook_Pricing
http://kbpedia.org/kko/rc/KelleyBlueBook,rdfs:subClassOf,owl:Thing
http://kbpedia.org/kko/rc/MPEGFile,rdfs:subClassOf,http://kbpedia.org/kko/rc/ComputerVideoFile
http://kbpedia.org/kko/rc/MPEGFile,rdfs:subClassOf,owl:Thing
http://kbpedia.org/kko/rc/RunicInscription,rdfs:subClassOf,http://kbpedia.org/kko/rc/RunicWriting
http://kbpedia.org/kko/rc/RunicInscription,rdfs:subClassOf,owl:Thing
http://kbpedia.org/kko/rc/MusicVideoTVShow,rdfs:subClassOf,http://kbpedia.org/kko/rc/MusicTVShow
http://kbpedia.org/kko/rc/MusicVideoTVShow,rdfs:subClassOf,owl:Thing
http://kbpedia.org/kko/rc/RomanceMovie,rdfs:subClassOf,http://kbpedia.org/kko/rc/FilmGenre
http://kbpedia.org/kko/rc/RomanceMovie,rdfs:subClassOf,owl:Thing
http://kbpedia.org/kko/rc/NickelCoin_US,rdfs:subClassOf,http://kbpedia.org/kko/rc/Coin_US
http://kbpedia.org/kko/rc/NickelCoin_US,rdfs:subClassOf,owl:Thing
http://kbpedia.org/kko/rc/ComputerClipartFile,rdfs:subClassOf,http://kbpedia.org/kko/rc/ComputerImageFile
http://kbpedia.org/kko/rc/ComputerClipartFile,rdfs:subClassOf,owl:Thing
http://kbpedia.org/kko/rc/GroceryList,rdfs:subClassOf,http://kbpedia.org/kko/rc/List_Information
http://kbpedia.org/kko/rc/GroceryList,rdfs:subClassOf,owl:Thing
http://kbpedia.org/kko/rc/MusicalComposition,rdfs:subClassOf,http://kbpedia.org/kko/rc/MusicalWork
http://kbpedia.org/kko/rc/MusicalComposition,rdfs:subClassOf,http://kbpedia.org/kko/rc/AudioConceptualWork
http://kbpedia.org/kko/rc/MusicalComposition,rdfs:subClassOf,owl:Thing
http://kbpedia.org/kko/rc/GreatestHitsAlbum,rdfs:subClassOf,http://kbpedia.org/kko/rc/Album
http://kbpedia.org/kko/rc/GreatestHitsAlbum,rdfs:subClassOf,owl:Thing
http://kbpedia.org/kko/rc/ComedyTelevisionNetwork,rdfs:subClassOf,http://kbpedia.org/kko/rc/ComedyTVShow
http://kbpedia.org/kko/rc/ComedyTelevisionNetwork,rdfs:subClassOf,owl:Thing
http://kbpedia.org/kko/rc/FilmTheory,rdfs:subClassOf,http://kbpedia.org/kko/rc/MovingImage
http://kbpedia.org/kko/rc/FilmTheory,rdfs:subClassOf,owl:Thing
http://kbpedia.org/kko/rc/MovieSeriesProduct,rdfs:subClassOf,http://kbpedia.org/kko/rc/AVMediaSeriesProduct
http://kbpedia.org/kko/rc/MovieSeriesProduct,rdfs:subClassOf,owl:Thing
http://kbpedia.org/kko/rc/StainedGlassWindow,rdfs:subClassOf,http://kbpedia.org/kko/rc/StainedGlassWorkAsArtForm
http://kbpedia.org/kko/rc/StainedGlassWindow,rdfs:subClassOf,owl:Thing
http://kbpedia.org/kko/rc/MusicalComposition_HipHop,rdfs:subClassOf,http://kbpedia.org/kko/rc/MusicTypeOpenGenre
http://kbpedia.org/kko/rc/MusicalComposition_HipHop,rdfs:subClassOf,http://kbpedia.org/kko/rc/MusicalComposition
http://kbpedia.org/kko/rc/MusicalComposition_HipHop,rdfs:subClassOf,owl:Thing
http://kbpedia.org/kko/rc/CertificationOfApprenticeship,rdfs:subClassOf,http://kbpedia.org/kko/rc/Certification
http://kbpedia.org/kko/rc/CertificationOfApprenticeship,rdfs:subClassOf,owl:Thing
http://kbpedia.org/kko/rc/OttonianArt,rdfs:subClassOf,http://kbpedia.org/kko/rc/VisualArtsGenre
http://kbpedia.org/kko/rc/OttonianArt,rdfs:subClassOf,owl:Thing
http://kbpedia.org/kko/rc/CountryRockMusic,rdfs:subClassOf,http://kbpedia.org/kko/rc/CountryMusic
http://kbpedia.org/kko/rc/CountryRockMusic,rdfs:subClassOf,http://kbpedia.org/kko/rc/RockMusic
http://kbpedia.org/kko/rc/CountryRockMusic,rdfs:subClassOf,owl:Thing
http://kbpedia.org/kko/rc/TVGameShow,rdfs:subClassOf,http://kbpedia.org/kko/rc/TVShow
http://kbpedia.org/kko/rc/TVGameShow,rdfs:subClassOf,owl:Thing
http://kbpedia.org/kko/rc/BritishChristianMusic,rdfs:subClassOf,http://kbpedia.org/kko/rc/MusicalComposition_Christian
http://kbpedia.org/kko/rc/BritishChristianMusic,rdfs:subClassOf,owl:Thing
http://kbpedia.org/kko/rc/Poster,rdfs:subClassOf,http://kbpedia.org/kko/rc/Art
http://kbpedia.org/kko/rc/Poster,rdfs:subClassOf,http://kbpedia.org/kko/rc/Paper_IBO
http://kbpedia.org/kko/rc/Poster,rdfs:subClassOf,owl:Thing
http://kbpedia.org/kko/rc/Label_IBO,rdfs:subClassOf,http://kbpedia.org/kko/rc/HardcopyInformationBearingObject
http://kbpedia.org/kko/rc/Label_IBO,rdfs:subClassOf,owl:Thing
http://kbpedia.org/kko/rc/RenaissanceArt,rdfs:subClassOf,http://kbpedia.org/kko/rc/ArtByPeriod
http://kbpedia.org/kko/rc/RenaissanceArt,rdfs:subClassOf,http://kbpedia.org/kko/rc/ArtStyle
http://kbpedia.org/kko/rc/RenaissanceArt,rdfs:subClassOf,owl:Thing
http://kbpedia.org/kko/rc/Newscast,rdfs:subClassOf,http://kbpedia.org/kko/rc/NewsShow
http://kbpedia.org/kko/rc/Newscast,rdfs:subClassOf,owl:Thing
http://kbpedia.org/kko/rc/Cash,rdfs:subClassOf,http://kbpedia.org/kko/rc/Currency
http://kbpedia.org/kko/rc/Cash,rdfs:subClassOf,owl:Thing
http://kbpedia.org/kko/rc/EasterCard,rdfs:subClassOf,http://kbpedia.org/kko/rc/ReligiousHolidayCard
http://kbpedia.org/kko/rc/EasterCard,rdfs:subClassOf,owl:Thing
http://kbpedia.org/kko/rc/Diamond_TheSuit,rdfs:subClassOf,http://kbpedia.org/kko/rc/PlayingCard
http://kbpedia.org/kko/rc/Diamond_TheSuit,rdfs:subClassOf,owl:Thing
http://kbpedia.org/kko/rc/CanadianCountryMusic,rdfs:subClassOf,http://kbpedia.org/kko/rc/CountryMusic
http://kbpedia.org/kko/rc/CanadianCountryMusic,rdfs:subClassOf,http://kbpedia.org/kko/rc/MusicalComposition_Country
http://kbpedia.org/kko/rc/CanadianCountryMusic,rdfs:subClassOf,owl:Thing
http://kbpedia.org/kko/rc/DigitalGoldCurrency,rdfs:subClassOf,http://kbpedia.org/kko/rc/DigitalCurrency
http://kbpedia.org/kko/rc/DigitalGoldCurrency,rdfs:subClassOf,owl:Thing
http://kbpedia.org/kko/rc/Anime,rdfs:subClassOf,http://kbpedia.org/kko/rc/AnimationByGenre
http://kbpedia.org/kko/rc/Anime,rdfs:subClassOf,http://kbpedia.org/kko/rc/VideoConceptualWork
http://kbpedia.org/kko/rc/Anime,rdfs:subClassOf,owl:Thing
http://kbpedia.org/kko/rc/OlmecColossalHead,rdfs:subClassOf,http://kbpedia.org/kko/rc/StoneSculpture
http://kbpedia.org/kko/rc/OlmecColossalHead,rdfs:subClassOf,owl:Thing
http://kbpedia.org/kko/rc/BleatingSound,rdfs:subClassOf,http://kbpedia.org/kko/rc/AnimalSound
http://kbpedia.org/kko/rc/BleatingSound,rdfs:subClassOf,owl:Thing
http://kbpedia.org/kko/rc/Engraving_Print,rdfs:subClassOf,http://kbpedia.org/kko/rc/HardcopyInformationBearingObject
http://kbpedia.org/kko/rc/Engraving_Print,rdfs:subClassOf,owl:Thing
http://kbpedia.org/kko/rc/Logo,rdfs:subClassOf,http://kbpedia.org/kko/rc/VisualWork
http://kbpedia.org/kko/rc/Logo,rdfs:subClassOf,owl:Thing
http://kbpedia.org/kko/rc/DebtAssumptionLetter,rdfs:subClassOf,http://kbpedia.org/kko/rc/OfficialDocument
http://kbpedia.org/kko/rc/DebtAssumptionLetter,rdfs:subClassOf,owl:Thing
http://kbpedia.org/kko/rc/BuffaloNickel,rdfs:subClassOf,http://kbpedia.org/kko/rc/NickelCoin_US
http://kbpedia.org/kko/rc/BuffaloNickel,rdfs:subClassOf,owl:Thing
http://kbpedia.org/kko/rc/MovieSoundtrack,rdfs:subClassOf,http://kbpedia.org/kko/rc/AudioConceptualWork
http://kbpedia.org/kko/rc/MovieSoundtrack,rdfs:subClassOf,owl:Thing
http://kbpedia.org/kko/rc/ComputerGraphics,rdfs:subClassOf,http://kbpedia.org/kko/rc/Graphic_VisualIBT
http://kbpedia.org/kko/rc/ComputerGraphics,rdfs:subClassOf,owl:Thing
http://kbpedia.org/kko/rc/StringObject,rdfs:subClassOf,http://kbpedia.org/kko/rc/Label_IBO
http://kbpedia.org/kko/rc/StringObject,rdfs:subClassOf,owl:Thing
http://kbpedia.org/kko/rc/MusicalComposition_Trance,rdfs:subClassOf,http://kbpedia.org/kko/rc/MusicalComposition
http://kbpedia.org/kko/rc/MusicalComposition_Trance,rdfs:subClassOf,owl:Thing
http://kbpedia.org/kko/rc/VideoCompression,rdfs:subClassOf,http://kbpedia.org/kko/rc/VideoRecordedObject
http://kbpedia.org/kko/rc/VideoCompression,rdfs:subClassOf,owl:Thing
http://kbpedia.org/kko/rc/Yonkoma,rdfs:subClassOf,http://kbpedia.org/kko/rc/Manga
http://kbpedia.org/kko/rc/Yonkoma,rdfs:subClassOf,owl:Thing
http://kbpedia.org/kko/rc/IndustrialMusic,rdfs:subClassOf,http://kbpedia.org/kko/rc/ElectronicMusic
http://kbpedia.org/kko/rc/IndustrialMusic,rdfs:subClassOf,http://kbpedia.org/kko/rc/RockMusic
http://kbpedia.org/kko/rc/IndustrialMusic,rdfs:subClassOf,owl:Thing
http://kbpedia.org/kko/rc/ProgressiveBluegrass,rdfs:subClassOf,http://kbpedia.org/kko/rc/BluegrassMusic
http://kbpedia.org/kko/rc/ProgressiveBluegrass,rdfs:subClassOf,http://kbpedia.org/kko/rc/MusicTypeOpenGenre
http://kbpedia.org/kko/rc/ProgressiveBluegrass,rdfs:subClassOf,http://kbpedia.org/kko/rc/MusicTypeByGenre
http://kbpedia.org/kko/rc/ProgressiveBluegrass,rdfs:subClassOf,owl:Thing
http://kbpedia.org/kko/rc/PunkRockGenre,rdfs:subClassOf,http://kbpedia.org/kko/rc/MusicalComposition_Punk
http://kbpedia.org/kko/rc/PunkRockGenre,rdfs:subClassOf,http://kbpedia.org/kko/rc/PunkMusic
http://kbpedia.org/kko/rc/PunkRockGenre,rdfs:subClassOf,http://kbpedia.org/kko/rc/MusicTypeByGenre
http://kbpedia.org/kko/rc/PunkRockGenre,rdfs:subClassOf,owl:Thing
http://kbpedia.org/kko/rc/RainbowBook,rdfs:subClassOf,http://kbpedia.org/kko/rc/SpecificationDocument
http://kbpedia.org/kko/rc/RainbowBook,rdfs:subClassOf,owl:Thing
http://kbpedia.org/kko/rc/WordlessNovel,rdfs:subClassOf,http://kbpedia.org/kko/rc/Cartoon_Still
http://kbpedia.org/kko/rc/WordlessNovel,rdfs:subClassOf,owl:Thing
http://kbpedia.org/kko/rc/AnimatedShortFilm,rdfs:subClassOf,http://kbpedia.org/kko/rc/AnimatedMovie
http://kbpedia.org/kko/rc/AnimatedShortFilm,rdfs:subClassOf,http://kbpedia.org/kko/rc/ShortFilm
http://kbpedia.org/kko/rc/AnimatedShortFilm,rdfs:subClassOf,owl:Thing
http://kbpedia.org/kko/rc/MinimalMusic,rdfs:subClassOf,http://kbpedia.org/kko/rc/MusicTypeOpenGenre
http://kbpedia.org/kko/rc/MinimalMusic,rdfs:subClassOf,http://kbpedia.org/kko/rc/MusicTypeByGenre
http://kbpedia.org/kko/rc/MinimalMusic,rdfs:subClassOf,owl:Thing
http://kbpedia.org/kko/rc/ReggaeGenre,rdfs:subClassOf,http://kbpedia.org/kko/rc/MusicalComposition_Reggae
http://kbpedia.org/kko/rc/ReggaeGenre,rdfs:subClassOf,http://kbpedia.org/kko/rc/ReggaeMusic
http://kbpedia.org/kko/rc/ReggaeGenre,rdfs:subClassOf,http://kbpedia.org/kko/rc/MusicTypeByGenre
http://kbpedia.org/kko/rc/ReggaeGenre,rdfs:subClassOf,owl:Thing
http://kbpedia.org/kko/rc/IDDocument,rdfs:subClassOf,http://kbpedia.org/kko/rc/OfficialDocument
http://kbpedia.org/kko/rc/IDDocument,rdfs:subClassOf,owl:Thing
http://kbpedia.org/kko/rc/MP3File,rdfs:subClassOf,http://kbpedia.org/kko/rc/MPEGFile
http://kbpedia.org/kko/rc/MP3File,rdfs:subClassOf,owl:Thing
http://kbpedia.org/kko/rc/LibertarianTelevisionOrRadioShow,rdfs:subClassOf,http://kbpedia.org/kko/rc/BroadcastMediaShow
http://kbpedia.org/kko/rc/LibertarianTelevisionOrRadioShow,rdfs:subClassOf,owl:Thing
http://kbpedia.org/kko/rc/CompositionForTuba,rdfs:subClassOf,http://kbpedia.org/kko/rc/MusicalCompositonByInstrument
http://kbpedia.org/kko/rc/CompositionForTuba,rdfs:subClassOf,owl:Thing
http://kbpedia.org/kko/rc/RoyalCharter,rdfs:subClassOf,http://kbpedia.org/kko/rc/Charter
http://kbpedia.org/kko/rc/RoyalCharter,rdfs:subClassOf,owl:Thing
http://kbpedia.org/kko/rc/ContractForDeed,rdfs:subClassOf,http://kbpedia.org/kko/rc/OfficialDocument
http://kbpedia.org/kko/rc/ContractForDeed,rdfs:subClassOf,owl:Thing
http://kbpedia.org/kko/rc/Ticket,rdfs:subClassOf,http://kbpedia.org/kko/rc/Paper_IBO
http://kbpedia.org/kko/rc/Ticket,rdfs:subClassOf,owl:Thing
http://kbpedia.org/kko/rc/ContractDocument,rdfs:subClassOf,http://kbpedia.org/kko/rc/OfficialDocument
http://kbpedia.org/kko/rc/ContractDocument,rdfs:subClassOf,owl:Thing
http://kbpedia.org/kko/rc/Song_Sung,rdfs:subClassOf,http://kbpedia.org/kko/rc/Music
http://kbpedia.org/kko/rc/Song_Sung,rdfs:subClassOf,owl:Thing
http://kbpedia.org/kko/rc/MusicalComposition_Electronic,rdfs:subClassOf,http://kbpedia.org/kko/rc/MusicalComposition
http://kbpedia.org/kko/rc/MusicalComposition_Electronic,rdfs:subClassOf,owl:Thing
http://kbpedia.org/kko/rc/Infographic,rdfs:subClassOf,http://kbpedia.org/kko/rc/Graphic_VisualIBT
http://kbpedia.org/kko/rc/Infographic,rdfs:subClassOf,owl:Thing
http://kbpedia.org/kko/rc/DramaGenre,rdfs:subClassOf,http://kbpedia.org/kko/rc/DramaticPerformance
http://kbpedia.org/kko/rc/DramaGenre,rdfs:subClassOf,owl:Thing
http://kbpedia.org/kko/rc/VenusDeMilo_Statue,rdfs:subClassOf,http://kbpedia.org/kko/rc/Statue
http://kbpedia.org/kko/rc/VenusDeMilo_Statue,rdfs:subClassOf,owl:Thing
http://kbpedia.org/kko/rc/Bill_Currency,rdfs:subClassOf,http://kbpedia.org/kko/rc/Cash
http://kbpedia.org/kko/rc/Bill_Currency,rdfs:subClassOf,http://kbpedia.org/kko/rc/Engraving_Print
http://kbpedia.org/kko/rc/Bill_Currency,rdfs:subClassOf,http://kbpedia.org/kko/rc/Paper_IBO
http://kbpedia.org/kko/rc/Bill_Currency,rdfs:subClassOf,http://kbpedia.org/kko/rc/Currency
http://kbpedia.org/kko/rc/Bill_Currency,rdfs:subClassOf,owl:Thing
http://kbpedia.org/kko/rc/ControlCharacterFreeString,rdfs:subClassOf,http://kbpedia.org/kko/rc/StringObject
http://kbpedia.org/kko/rc/ControlCharacterFreeString,rdfs:subClassOf,owl:Thing
http://kbpedia.org/kko/rc/Mural,rdfs:subClassOf,http://kbpedia.org/kko/rc/Painting_ArtForm
http://kbpedia.org/kko/rc/Mural,rdfs:subClassOf,owl:Thing
http://kbpedia.org/kko/rc/WorldMap,rdfs:subClassOf,http://kbpedia.org/kko/rc/Map
http://kbpedia.org/kko/rc/WorldMap,rdfs:subClassOf,owl:Thing
http://kbpedia.org/kko/rc/AudioConceptualWork,rdfs:subClassOf,http://kbpedia.org/ontologies/kko#AudioInfo
http://kbpedia.org/kko/rc/AudioConceptualWork,rdfs:subClassOf,owl:Thing
http://kbpedia.org/kko/rc/RadioTalkShow,rdfs:subClassOf,http://kbpedia.org/kko/rc/RadioShow
http://kbpedia.org/kko/rc/RadioTalkShow,rdfs:subClassOf,owl:Thing
http://kbpedia.org/kko/rc/FromLabel,rdfs:subClassOf,http://kbpedia.org/kko/rc/AddressLabel
http://kbpedia.org/kko/rc/FromLabel,rdfs:subClassOf,owl:Thing
http://kbpedia.org/kko/rc/AudioMixing,rdfs:subClassOf,http://kbpedia.org/kko/rc/RecordedSoundProduct
http://kbpedia.org/kko/rc/AudioMixing,rdfs:subClassOf,owl:Thing
http://kbpedia.org/kko/rc/EurovisionSongThatScoredNoPoints,rdfs:subClassOf,http://kbpedia.org/kko/rc/Song_Sung
http://kbpedia.org/kko/rc/EurovisionSongThatScoredNoPoints,rdfs:subClassOf,owl:Thing
http://kbpedia.org/kko/rc/MusicalComposition_Ambient,rdfs:subClassOf,http://kbpedia.org/kko/rc/MusicTypeOpenGenre
http://kbpedia.org/kko/rc/MusicalComposition_Ambient,rdfs:subClassOf,http://kbpedia.org/kko/rc/MusicalComposition_Electronic
http://kbpedia.org/kko/rc/MusicalComposition_Ambient,rdfs:subClassOf,owl:Thing
http://kbpedia.org/kko/rc/GoodFaithEstimate,rdfs:subClassOf,http://kbpedia.org/kko/rc/OfficialDocument
http://kbpedia.org/kko/rc/GoodFaithEstimate,rdfs:subClassOf,owl:Thing
http://kbpedia.org/kko/rc/OneDollarBill_US,rdfs:subClassOf,http://kbpedia.org/kko/rc/Bill_US
http://kbpedia.org/kko/rc/OneDollarBill_US,rdfs:subClassOf,owl:Thing
http://kbpedia.org/kko/rc/UnidentifiedSound,rdfs:subClassOf,http://kbpedia.org/kko/rc/Sound
http://kbpedia.org/kko/rc/UnidentifiedSound,rdfs:subClassOf,owl:Thing
http://kbpedia.org/kko/rc/MusicalComposition_House,rdfs:subClassOf,http://kbpedia.org/kko/rc/MusicalComposition_Disco
http://kbpedia.org/kko/rc/MusicalComposition_House,rdfs:subClassOf,http://kbpedia.org/kko/rc/MusicalComposition_Electronic
http://kbpedia.org/kko/rc/MusicalComposition_House,rdfs:subClassOf,owl:Thing
http://kbpedia.org/kko/rc/Fresco,rdfs:subClassOf,http://kbpedia.org/kko/rc/Mural
http://kbpedia.org/kko/rc/Fresco,rdfs:subClassOf,owl:Thing
http://kbpedia.org/kko/rc/NauticalChart,rdfs:subClassOf,http://kbpedia.org/kko/rc/BathymetricMap
http://kbpedia.org/kko/rc/NauticalChart,rdfs:subClassOf,owl:Thing
http://kbpedia.org/kko/rc/Rook_ChessPiece,rdfs:subClassOf,http://kbpedia.org/kko/rc/ChessPiece
http://kbpedia.org/kko/rc/Rook_ChessPiece,rdfs:subClassOf,owl:Thing
http://kbpedia.org/kko/rc/BluesRockMusic,rdfs:subClassOf,http://kbpedia.org/kko/rc/BluesMusic
http://kbpedia.org/kko/rc/BluesRockMusic,rdfs:subClassOf,http://kbpedia.org/kko/rc/RockMusic
http://kbpedia.org/kko/rc/BluesRockMusic,rdfs:subClassOf,owl:Thing
http://kbpedia.org/kko/rc/UnproducedTelevisionProgram,rdfs:subClassOf,http://kbpedia.org/kko/rc/TVSeriesProduct
http://kbpedia.org/kko/rc/UnproducedTelevisionProgram,rdfs:subClassOf,owl:Thing
http://kbpedia.org/kko/rc/Ornamentation,rdfs:subClassOf,http://kbpedia.org/kko/rc/Tune
http://kbpedia.org/kko/rc/Ornamentation,rdfs:subClassOf,owl:Thing
http://kbpedia.org/kko/rc/Insignia_ClothingPart,rdfs:subClassOf,http://kbpedia.org/kko/rc/Badge
http://kbpedia.org/kko/rc/Insignia_ClothingPart,rdfs:subClassOf,http://kbpedia.org/kko/rc/Insignia
http://kbpedia.org/kko/rc/Insignia_ClothingPart,rdfs:subClassOf,owl:Thing
http://kbpedia.org/kko/rc/Chart,rdfs:subClassOf,http://kbpedia.org/kko/rc/Infographic
http://kbpedia.org/kko/rc/Chart,rdfs:subClassOf,owl:Thing
http://kbpedia.org/kko/rc/CantabrianMusic,rdfs:subClassOf,http://kbpedia.org/kko/rc/MusicByRegion
http://kbpedia.org/kko/rc/CantabrianMusic,rdfs:subClassOf,owl:Thing
http://kbpedia.org/kko/rc/BuddhistMusic,rdfs:subClassOf,http://kbpedia.org/kko/rc/MusicalComposition_Religious
http://kbpedia.org/kko/rc/BuddhistMusic,rdfs:subClassOf,owl:Thing
http://kbpedia.org/kko/rc/HeavyMetalSubgenre,rdfs:subClassOf,http://kbpedia.org/kko/rc/HeavyMetalMusic
http://kbpedia.org/kko/rc/HeavyMetalSubgenre,rdfs:subClassOf,http://kbpedia.org/kko/rc/MusicTypeOpenGenre
http://kbpedia.org/kko/rc/HeavyMetalSubgenre,rdfs:subClassOf,http://kbpedia.org/kko/rc/MusicTypeByGenre
http://kbpedia.org/kko/rc/HeavyMetalSubgenre,rdfs:subClassOf,owl:Thing
http://kbpedia.org/kko/rc/Telethon,rdfs:subClassOf,http://kbpedia.org/kko/rc/TVShow_Single
http://kbpedia.org/kko/rc/Telethon,rdfs:subClassOf,owl:Thing
http://kbpedia.org/kko/rc/Tapestry,rdfs:subClassOf,http://kbpedia.org/kko/rc/WallHanging_ArtObject
http://kbpedia.org/kko/rc/Tapestry,rdfs:subClassOf,owl:Thing
http://kbpedia.org/kko/rc/Documentary_Genre,rdfs:subClassOf,http://kbpedia.org/kko/rc/Movie
http://kbpedia.org/kko/rc/Documentary_Genre,rdfs:subClassOf,http://kbpedia.org/kko/rc/TVShow
http://kbpedia.org/kko/rc/Documentary_Genre,rdfs:subClassOf,owl:Thing
http://kbpedia.org/kko/rc/LicensePlate,rdfs:subClassOf,http://kbpedia.org/kko/rc/IDDocument
http://kbpedia.org/kko/rc/LicensePlate,rdfs:subClassOf,http://kbpedia.org/kko/rc/License_IBO
http://kbpedia.org/kko/rc/LicensePlate,rdfs:subClassOf,owl:Thing
http://kbpedia.org/kko/rc/StoreChargeCard,rdfs:subClassOf,http://kbpedia.org/kko/rc/CreditCard
http://kbpedia.org/kko/rc/StoreChargeCard,rdfs:subClassOf,owl:Thing
http://kbpedia.org/kko/rc/HorrorMovie,rdfs:subClassOf,http://kbpedia.org/kko/rc/FilmGenre
http://kbpedia.org/kko/rc/HorrorMovie,rdfs:subClassOf,owl:Thing
http://kbpedia.org/kko/rc/SpokenWordAlbum,rdfs:subClassOf,http://kbpedia.org/kko/rc/RecordedSoundProduct
http://kbpedia.org/kko/rc/SpokenWordAlbum,rdfs:subClassOf,owl:Thing
http://kbpedia.org/kko/rc/MusicalComposition_GangstaRap,rdfs:subClassOf,http://kbpedia.org/kko/rc/MusicalComposition_Rap
http://kbpedia.org/kko/rc/MusicalComposition_GangstaRap,rdfs:subClassOf,http://kbpedia.org/kko/rc/MusicTypeOpenGenre
http://kbpedia.org/kko/rc/MusicalComposition_GangstaRap,rdfs:subClassOf,owl:Thing
http://kbpedia.org/kko/rc/SoundProduction,rdfs:subClassOf,http://kbpedia.org/kko/rc/Sound
http://kbpedia.org/kko/rc/SoundProduction,rdfs:subClassOf,owl:Thing
http://kbpedia.org/kko/rc/ArrangersOfChurchMusic,rdfs:subClassOf,http://kbpedia.org/kko/rc/MusicalComposition_Christian
http://kbpedia.org/kko/rc/ArrangersOfChurchMusic,rdfs:subClassOf,owl:Thing
http://kbpedia.org/kko/rc/DarkAmbient,rdfs:subClassOf,http://kbpedia.org/kko/rc/IndustrialMusic
http://kbpedia.org/kko/rc/DarkAmbient,rdfs:subClassOf,http://kbpedia.org/kko/rc/MusicalComposition_Ambient
http://kbpedia.org/kko/rc/DarkAmbient,rdfs:subClassOf,http://kbpedia.org/kko/rc/MusicTypeOpenGenre
http://kbpedia.org/kko/rc/DarkAmbient,rdfs:subClassOf,owl:Thing
http://kbpedia.org/kko/rc/BankDebitCard,rdfs:subClassOf,http://kbpedia.org/kko/rc/Card
http://kbpedia.org/kko/rc/BankDebitCard,rdfs:subClassOf,http://kbpedia.org/kko/rc/IDDocument
http://kbpedia.org/kko/rc/BankDebitCard,rdfs:subClassOf,owl:Thing
http://kbpedia.org/kko/rc/MusicalComposition_Classical,rdfs:subClassOf,http://kbpedia.org/kko/rc/MusicTypeOpenGenre
http://kbpedia.org/kko/rc/MusicalComposition_Classical,rdfs:subClassOf,http://kbpedia.org/kko/rc/MusicalComposition
http://kbpedia.org/kko/rc/MusicalComposition_Classical,rdfs:subClassOf,owl:Thing
http://kbpedia.org/kko/rc/ToneCluster,rdfs:subClassOf,http://kbpedia.org/kko/rc/MusicalChord
http://kbpedia.org/kko/rc/ToneCluster,rdfs:subClassOf,owl:Thing
http://kbpedia.org/kko/rc/DocumentaryFilm,rdfs:subClassOf,http://kbpedia.org/kko/rc/Documentary_Genre
http://kbpedia.org/kko/rc/DocumentaryFilm,rdfs:subClassOf,http://kbpedia.org/kko/rc/FilmGenre
http://kbpedia.org/kko/rc/DocumentaryFilm,rdfs:subClassOf,owl:Thing
http://kbpedia.org/kko/rc/DanceFormsInClassicalMusic,rdfs:subClassOf,http://kbpedia.org/kko/rc/ClassicalMusic
http://kbpedia.org/kko/rc/DanceFormsInClassicalMusic,rdfs:subClassOf,owl:Thing
http://kbpedia.org/kko/rc/NaturalizationRecord,rdfs:subClassOf,http://kbpedia.org/kko/rc/LegalDocument
http://kbpedia.org/kko/rc/NaturalizationRecord,rdfs:subClassOf,owl:Thing
http://kbpedia.org/kko/rc/BluesStyle,rdfs:subClassOf,http://kbpedia.org/kko/rc/BluesMusic
http://kbpedia.org/kko/rc/BluesStyle,rdfs:subClassOf,http://kbpedia.org/kko/rc/MusicalComposition_Blues
http://kbpedia.org/kko/rc/BluesStyle,rdfs:subClassOf,owl:Thing
http://kbpedia.org/kko/rc/BritishCookingTelevisionProgram,rdfs:subClassOf,http://kbpedia.org/kko/rc/TelevisionSeriesByGenre
http://kbpedia.org/kko/rc/BritishCookingTelevisionProgram,rdfs:subClassOf,owl:Thing
http://kbpedia.org/kko/rc/CertificationOfCompetence,rdfs:subClassOf,http://kbpedia.org/kko/rc/Certification
http://kbpedia.org/kko/rc/CertificationOfCompetence,rdfs:subClassOf,owl:Thing
http://kbpedia.org/kko/rc/Mosaic,rdfs:subClassOf,http://kbpedia.org/kko/rc/Art
http://kbpedia.org/kko/rc/Mosaic,rdfs:subClassOf,http://kbpedia.org/kko/rc/VisualWork
http://kbpedia.org/kko/rc/Mosaic,rdfs:subClassOf,owl:Thing
http://kbpedia.org/kko/rc/WrittenWord,rdfs:subClassOf,http://kbpedia.org/kko/rc/WrittenCharacterSequence
http://kbpedia.org/kko/rc/WrittenWord,rdfs:subClassOf,owl:Thing
http://kbpedia.org/kko/rc/FloodReport,rdfs:subClassOf,http://kbpedia.org/kko/rc/OfficialDocument
http://kbpedia.org/kko/rc/FloodReport,rdfs:subClassOf,owl:Thing
http://kbpedia.org/kko/rc/PoliceReport,rdfs:subClassOf,http://kbpedia.org/kko/rc/OfficialDocument
http://kbpedia.org/kko/rc/PoliceReport,rdfs:subClassOf,owl:Thing
http://kbpedia.org/kko/rc/AnimeSpinOffs,rdfs:subClassOf,http://kbpedia.org/kko/rc/Anime
http://kbpedia.org/kko/rc/AnimeSpinOffs,rdfs:subClassOf,owl:Thing
http://kbpedia.org/kko/rc/PsychedelicMusic,rdfs:subClassOf,http://kbpedia.org/kko/rc/MusicTypeOpenGenre
http://kbpedia.org/kko/rc/PsychedelicMusic,rdfs:subClassOf,http://kbpedia.org/kko/rc/RockMusic
http://kbpedia.org/kko/rc/PsychedelicMusic,rdfs:subClassOf,owl:Thing
http://kbpedia.org/kko/rc/PornographicCartoon,rdfs:subClassOf,http://kbpedia.org/kko/rc/Cartoon
http://kbpedia.org/kko/rc/PornographicCartoon,rdfs:subClassOf,owl:Thing
http://kbpedia.org/kko/rc/Plaintext,rdfs:subClassOf,http://kbpedia.org/kko/rc/TypographicalStructure
http://kbpedia.org/kko/rc/Plaintext,rdfs:subClassOf,owl:Thing
http://kbpedia.org/kko/rc/WesternMovie,rdfs:subClassOf,http://kbpedia.org/kko/rc/FilmGenre
http://kbpedia.org/kko/rc/WesternMovie,rdfs:subClassOf,owl:Thing
http://kbpedia.org/kko/rc/MusicalComposition_Industrial,rdfs:subClassOf,http://kbpedia.org/kko/rc/MusicTypeOpenGenre
http://kbpedia.org/kko/rc/MusicalComposition_Industrial,rdfs:subClassOf,http://kbpedia.org/kko/rc/MusicalComposition_Rock
http://kbpedia.org/kko/rc/MusicalComposition_Industrial,rdfs:subClassOf,owl:Thing
http://kbpedia.org/kko/rc/FolkMusicGenre,rdfs:subClassOf,http://kbpedia.org/kko/rc/FolkMusic
http://kbpedia.org/kko/rc/FolkMusicGenre,rdfs:subClassOf,http://kbpedia.org/kko/rc/MusicTypeByGenre
http://kbpedia.org/kko/rc/FolkMusicGenre,rdfs:subClassOf,owl:Thing
http://kbpedia.org/kko/rc/PointFinitePathSystem,rdfs:subClassOf,http://kbpedia.org/kko/rc/GraphicalStructure
http://kbpedia.org/kko/rc/PointFinitePathSystem,rdfs:subClassOf,owl:Thing
http://kbpedia.org/kko/rc/PersonnelDocumentation,rdfs:subClassOf,http://kbpedia.org/kko/rc/OfficialDocument
http://kbpedia.org/kko/rc/PersonnelDocumentation,rdfs:subClassOf,owl:Thing
http://kbpedia.org/kko/rc/VideoFormat,rdfs:subClassOf,http://kbpedia.org/kko/rc/VideoRecordedObject
http://kbpedia.org/kko/rc/VideoFormat,rdfs:subClassOf,owl:Thing
http://kbpedia.org/kko/rc/IndependentMovie,rdfs:subClassOf,http://kbpedia.org/kko/rc/Movie
http://kbpedia.org/kko/rc/IndependentMovie,rdfs:subClassOf,owl:Thing
http://kbpedia.org/kko/rc/Album,rdfs:subClassOf,http://kbpedia.org/kko/rc/AudioConceptualWork
http://kbpedia.org/kko/rc/Album,rdfs:subClassOf,owl:Thing
http://kbpedia.org/kko/rc/MusicalComposition_WorldFusion,rdfs:subClassOf,http://kbpedia.org/kko/rc/MusicTypeOpenGenre
http://kbpedia.org/kko/rc/MusicalComposition_WorldFusion,rdfs:subClassOf,http://kbpedia.org/kko/rc/MusicalComposition_Fusion
http://kbpedia.org/kko/rc/MusicalComposition_WorldFusion,rdfs:subClassOf,owl:Thing
http://kbpedia.org/kko/rc/GoaTranceMusic,rdfs:subClassOf,http://kbpedia.org/kko/rc/PsychedelicMusic
http://kbpedia.org/kko/rc/GoaTranceMusic,rdfs:subClassOf,owl:Thing
http://kbpedia.org/kko/rc/TranceMusic,rdfs:subClassOf,http://kbpedia.org/kko/rc/TechnoMusic
http://kbpedia.org/kko/rc/TranceMusic,rdfs:subClassOf,owl:Thing
http://kbpedia.org/kko/rc/ProgressiveMetal,rdfs:subClassOf,http://kbpedia.org/kko/rc/ProgressiveRockMusic
http://kbpedia.org/kko/rc/ProgressiveMetal,rdfs:subClassOf,http://kbpedia.org/kko/rc/MusicTypeByGenre
http://kbpedia.org/kko/rc/ProgressiveMetal,rdfs:subClassOf,owl:Thing
http://kbpedia.org/kko/rc/Hentai,rdfs:subClassOf,http://kbpedia.org/kko/rc/PornographicCartoon
http://kbpedia.org/kko/rc/Hentai,rdfs:subClassOf,owl:Thing
http://kbpedia.org/kko/rc/ScottishMusic,rdfs:subClassOf,http://kbpedia.org/kko/rc/MusicByRegion
http://kbpedia.org/kko/rc/ScottishMusic,rdfs:subClassOf,owl:Thing
http://kbpedia.org/kko/rc/ProductName,rdfs:subClassOf,http://kbpedia.org/kko/rc/ProperNameString
http://kbpedia.org/kko/rc/ProductName,rdfs:subClassOf,owl:Thing
http://kbpedia.org/kko/rc/10EuroNote,rdfs:subClassOf,http://kbpedia.org/kko/rc/EuroBanknote
http://kbpedia.org/kko/rc/10EuroNote,rdfs:subClassOf,owl:Thing
http://kbpedia.org/kko/rc/Calligraphy_ArtObject,rdfs:subClassOf,http://kbpedia.org/kko/rc/TwoDimensionalArtObject
http://kbpedia.org/kko/rc/Calligraphy_ArtObject,rdfs:subClassOf,owl:Thing
http://kbpedia.org/kko/rc/CornishFolkMusic,rdfs:subClassOf,http://kbpedia.org/kko/rc/FolkMusicGenre
http://kbpedia.org/kko/rc/CornishFolkMusic,rdfs:subClassOf,owl:Thing
http://kbpedia.org/kko/rc/AudiovisualEphemera,rdfs:subClassOf,http://kbpedia.org/kko/rc/VideoRecordedObject
http://kbpedia.org/kko/rc/AudiovisualEphemera,rdfs:subClassOf,owl:Thing
http://kbpedia.org/kko/rc/AspectsOfMusic,rdfs:subClassOf,http://kbpedia.org/kko/rc/Music
http://kbpedia.org/kko/rc/AspectsOfMusic,rdfs:subClassOf,owl:Thing
http://kbpedia.org/kko/rc/JeffersonNickel,rdfs:subClassOf,http://kbpedia.org/kko/rc/NickelCoin_US
http://kbpedia.org/kko/rc/JeffersonNickel,rdfs:subClassOf,owl:Thing
http://kbpedia.org/kko/rc/TranceGenre,rdfs:subClassOf,http://kbpedia.org/kko/rc/MusicalComposition_Trance
http://kbpedia.org/kko/rc/TranceGenre,rdfs:subClassOf,http://kbpedia.org/kko/rc/TranceMusic
http://kbpedia.org/kko/rc/TranceGenre,rdfs:subClassOf,http://kbpedia.org/kko/rc/MusicTypeByGenre
http://kbpedia.org/kko/rc/TranceGenre,rdfs:subClassOf,owl:Thing
http://kbpedia.org/kko/rc/MusicForEaster,rdfs:subClassOf,http://kbpedia.org/kko/rc/MusicTypeByGenre
http://kbpedia.org/kko/rc/MusicForEaster,rdfs:subClassOf,owl:Thing
http://kbpedia.org/kko/rc/TVLoveStory,rdfs:subClassOf,http://kbpedia.org/kko/rc/NarrativeTVShow
http://kbpedia.org/kko/rc/TVLoveStory,rdfs:subClassOf,owl:Thing
http://kbpedia.org/kko/rc/ConfidentialityAgreementDocument,rdfs:subClassOf,http://kbpedia.org/kko/rc/ContractDocument
http://kbpedia.org/kko/rc/ConfidentialityAgreementDocument,rdfs:subClassOf,http://kbpedia.org/kko/rc/PersonnelDocumentation
http://kbpedia.org/kko/rc/ConfidentialityAgreementDocument,rdfs:subClassOf,owl:Thing
http://kbpedia.org/kko/rc/Pawn_ChessPiece,rdfs:subClassOf,http://kbpedia.org/kko/rc/ChessPiece
http://kbpedia.org/kko/rc/Pawn_ChessPiece,rdfs:subClassOf,owl:Thing
http://kbpedia.org/kko/rc/Lista_de_Espera,rdfs:subClassOf,http://kbpedia.org/kko/rc/Movie
http://kbpedia.org/kko/rc/Lista_de_Espera,rdfs:subClassOf,owl:Thing
http://kbpedia.org/kko/rc/DeliveryReceipt,rdfs:subClassOf,http://kbpedia.org/kko/rc/Receipt
http://kbpedia.org/kko/rc/DeliveryReceipt,rdfs:subClassOf,owl:Thing
http://kbpedia.org/kko/rc/HinduMusic,rdfs:subClassOf,http://kbpedia.org/kko/rc/MusicalComposition_Religious
http://kbpedia.org/kko/rc/HinduMusic,rdfs:subClassOf,owl:Thing
http://kbpedia.org/kko/rc/AnimeTVShow,rdfs:subClassOf,http://kbpedia.org/kko/rc/AnimatedTVShow
http://kbpedia.org/kko/rc/AnimeTVShow,rdfs:subClassOf,http://kbpedia.org/kko/rc/Anime
http://kbpedia.org/kko/rc/AnimeTVShow,rdfs:subClassOf,http://kbpedia.org/kko/rc/ConceptualWork_AnimeGenre
http://kbpedia.org/kko/rc/AnimeTVShow,rdfs:subClassOf,owl:Thing
http://kbpedia.org/kko/rc/CharityCard,rdfs:subClassOf,http://kbpedia.org/kko/rc/CreditCard_RevolvingAccount
http://kbpedia.org/kko/rc/CharityCard,rdfs:subClassOf,owl:Thing
http://kbpedia.org/kko/rc/EroGuro,rdfs:subClassOf,http://kbpedia.org/kko/rc/Hentai
http://kbpedia.org/kko/rc/EroGuro,rdfs:subClassOf,owl:Thing
http://kbpedia.org/kko/rc/GlassArt,rdfs:subClassOf,http://kbpedia.org/kko/rc/Art
http://kbpedia.org/kko/rc/GlassArt,rdfs:subClassOf,owl:Thing
http://kbpedia.org/kko/rc/SpaghettiWesternMovie,rdfs:subClassOf,http://kbpedia.org/kko/rc/WesternMovie
http://kbpedia.org/kko/rc/SpaghettiWesternMovie,rdfs:subClassOf,owl:Thing
http://kbpedia.org/kko/rc/VenusFigurine,rdfs:subClassOf,http://kbpedia.org/kko/rc/Figurine
http://kbpedia.org/kko/rc/VenusFigurine,rdfs:subClassOf,owl:Thing
http://kbpedia.org/kko/rc/Illbient,rdfs:subClassOf,http://kbpedia.org/kko/rc/MusicalComposition_Ambient
http://kbpedia.org/kko/rc/Illbient,rdfs:subClassOf,owl:Thing
http://kbpedia.org/kko/rc/VISACard,rdfs:subClassOf,http://kbpedia.org/kko/rc/CreditCard_RevolvingAccount
http://kbpedia.org/kko/rc/VISACard,rdfs:subClassOf,http://kbpedia.org/kko/rc/MajorCreditCard
http://kbpedia.org/kko/rc/VISACard,rdfs:subClassOf,owl:Thing
http://kbpedia.org/kko/rc/ScreenShot,rdfs:subClassOf,http://kbpedia.org/kko/rc/VisualImage
http://kbpedia.org/kko/rc/ScreenShot,rdfs:subClassOf,owl:Thing
http://kbpedia.org/kko/rc/CompositionWithSoloistAndAccompaniment,rdfs:subClassOf,http://kbpedia.org/kko/rc/MusicalComposition_Classical
http://kbpedia.org/kko/rc/CompositionWithSoloistAndAccompaniment,rdfs:subClassOf,owl:Thing
http://kbpedia.org/kko/rc/MedicalTVShow,rdfs:subClassOf,http://kbpedia.org/kko/rc/FictionalTVShow
http://kbpedia.org/kko/rc/MedicalTVShow,rdfs:subClassOf,owl:Thing
http://kbpedia.org/kko/rc/TVDrama,rdfs:subClassOf,http://kbpedia.org/kko/rc/NarrativeTVShow
http://kbpedia.org/kko/rc/TVDrama,rdfs:subClassOf,http://kbpedia.org/kko/rc/TVShow
http://kbpedia.org/kko/rc/TVDrama,rdfs:subClassOf,owl:Thing
http://kbpedia.org/kko/rc/Impressionism,rdfs:subClassOf,http://kbpedia.org/kko/rc/ArtStyle
http://kbpedia.org/kko/rc/Impressionism,rdfs:subClassOf,owl:Thing
http://kbpedia.org/kko/rc/Gargoyle_Sculpture,rdfs:subClassOf,http://kbpedia.org/kko/rc/Sculpture
http://kbpedia.org/kko/rc/Gargoyle_Sculpture,rdfs:subClassOf,owl:Thing
http://kbpedia.org/kko/rc/OneShotManga,rdfs:subClassOf,http://kbpedia.org/kko/rc/Manga
http://kbpedia.org/kko/rc/OneShotManga,rdfs:subClassOf,owl:Thing
http://kbpedia.org/kko/rc/ThanksgivingTelevisionEpisode,rdfs:subClassOf,http://kbpedia.org/kko/rc/TelevisionEpisode
http://kbpedia.org/kko/rc/ThanksgivingTelevisionEpisode,rdfs:subClassOf,owl:Thing
http://kbpedia.org/kko/rc/HistoricalNarrativeMovie,rdfs:subClassOf,http://kbpedia.org/kko/rc/FilmGenre
http://kbpedia.org/kko/rc/HistoricalNarrativeMovie,rdfs:subClassOf,owl:Thing
http://kbpedia.org/kko/rc/InternationalGreetingCard,rdfs:subClassOf,http://kbpedia.org/kko/rc/GreetingCard
http://kbpedia.org/kko/rc/InternationalGreetingCard,rdfs:subClassOf,owl:Thing
http://kbpedia.org/kko/rc/MusicalChord,rdfs:subClassOf,http://kbpedia.org/kko/rc/AudibleSound
http://kbpedia.org/kko/rc/MusicalChord,rdfs:subClassOf,http://kbpedia.org/kko/rc/Music
http://kbpedia.org/kko/rc/MusicalChord,rdfs:subClassOf,owl:Thing
http://kbpedia.org/kko/rc/TragediesEnMusique,rdfs:subClassOf,http://kbpedia.org/kko/rc/OperaGenre
http://kbpedia.org/kko/rc/TragediesEnMusique,rdfs:subClassOf,owl:Thing
http://kbpedia.org/kko/rc/Ballot_Underspecified,rdfs:subClassOf,http://kbpedia.org/kko/rc/Paper_IBO
http://kbpedia.org/kko/rc/Ballot_Underspecified,rdfs:subClassOf,owl:Thing
http://kbpedia.org/kko/rc/Multigraph,rdfs:subClassOf,http://kbpedia.org/kko/rc/PointFinitePathSystem
http://kbpedia.org/kko/rc/Multigraph,rdfs:subClassOf,owl:Thing
http://kbpedia.org/kko/rc/DropDownBox,rdfs:subClassOf,http://kbpedia.org/kko/rc/ComputerDisplayMenuItem
http://kbpedia.org/kko/rc/DropDownBox,rdfs:subClassOf,owl:Thing
http://kbpedia.org/kko/rc/TelevisionSeriesByGenre,rdfs:subClassOf,http://kbpedia.org/kko/rc/TVSeriesProduct
http://kbpedia.org/kko/rc/TelevisionSeriesByGenre,rdfs:subClassOf,http://kbpedia.org/kko/rc/VisualArtsGenre
http://kbpedia.org/kko/rc/TelevisionSeriesByGenre,rdfs:subClassOf,owl:Thing
http://kbpedia.org/kko/rc/SoulMusic,rdfs:subClassOf,http://kbpedia.org/kko/rc/MusicTypeByGenre
http://kbpedia.org/kko/rc/SoulMusic,rdfs:subClassOf,owl:Thing
http://kbpedia.org/kko/rc/CarvedArtwork,rdfs:subClassOf,http://kbpedia.org/kko/rc/Sculpture
http://kbpedia.org/kko/rc/CarvedArtwork,rdfs:subClassOf,http://kbpedia.org/kko/rc/ArtworkProduct
http://kbpedia.org/kko/rc/CarvedArtwork,rdfs:subClassOf,owl:Thing
http://kbpedia.org/kko/rc/Check_TenderObject,rdfs:subClassOf,http://kbpedia.org/kko/rc/IDDocument
http://kbpedia.org/kko/rc/Check_TenderObject,rdfs:subClassOf,http://kbpedia.org/kko/rc/Paper_IBO
http://kbpedia.org/kko/rc/Check_TenderObject,rdfs:subClassOf,owl:Thing
http://kbpedia.org/kko/rc/SoapOpera,rdfs:subClassOf,http://kbpedia.org/kko/rc/TVDrama
http://kbpedia.org/kko/rc/SoapOpera,rdfs:subClassOf,http://kbpedia.org/kko/rc/TVSeriesProduct
http://kbpedia.org/kko/rc/SoapOpera,rdfs:subClassOf,owl:Thing
http://kbpedia.org/kko/rc/XRating,rdfs:subClassOf,http://kbpedia.org/kko/rc/Movie
http://kbpedia.org/kko/rc/XRating,rdfs:subClassOf,owl:Thing
http://kbpedia.org/kko/rc/Bible_BookCopy,rdfs:subClassOf,http://kbpedia.org/kko/rc/BookCopy
http://kbpedia.org/kko/rc/Bible_BookCopy,rdfs:subClassOf,owl:Thing
http://kbpedia.org/kko/rc/Road_Signs_France,rdfs:subClassOf,http://kbpedia.org/kko/rc/RoadSign
http://kbpedia.org/kko/rc/Road_Signs_France,rdfs:subClassOf,owl:Thing
http://kbpedia.org/kko/rc/BroadcastMediaShow,rdfs:subClassOf,http://kbpedia.org/kko/rc/BroadcastMediaProduct
http://kbpedia.org/kko/rc/BroadcastMediaShow,rdfs:subClassOf,owl:Thing
http://kbpedia.org/kko/rc/Aria,rdfs:subClassOf,http://kbpedia.org/kko/rc/CompositionWithSoloistAndAccompaniment
http://kbpedia.org/kko/rc/Aria,rdfs:subClassOf,owl:Thing
http://kbpedia.org/kko/rc/Ballot,rdfs:subClassOf,http://kbpedia.org/kko/rc/Ballot_Underspecified
http://kbpedia.org/kko/rc/Ballot,rdfs:subClassOf,owl:Thing
http://kbpedia.org/kko/rc/AnimatedTVSeries,rdfs:subClassOf,http://kbpedia.org/kko/rc/TelevisionSeriesByGenre
http://kbpedia.org/kko/rc/AnimatedTVSeries,rdfs:subClassOf,owl:Thing
http://kbpedia.org/kko/rc/Going_Somewhere,rdfs:subClassOf,http://kbpedia.org/kko/rc/Album
http://kbpedia.org/kko/rc/Going_Somewhere,rdfs:subClassOf,owl:Thing
http://kbpedia.org/kko/rc/TritonFountain,rdfs:subClassOf,http://kbpedia.org/kko/rc/Fountain_ArtObject
http://kbpedia.org/kko/rc/TritonFountain,rdfs:subClassOf,owl:Thing
http://kbpedia.org/kko/rc/Brown_eyedSoul,rdfs:subClassOf,http://kbpedia.org/kko/rc/MusicTypeOpenGenre
http://kbpedia.org/kko/rc/Brown_eyedSoul,rdfs:subClassOf,http://kbpedia.org/kko/rc/SoulMusic
http://kbpedia.org/kko/rc/Brown_eyedSoul,rdfs:subClassOf,owl:Thing
http://kbpedia.org/kko/rc/Jack_O_Lantern,rdfs:subClassOf,http://kbpedia.org/kko/rc/Sculpture
http://kbpedia.org/kko/rc/Jack_O_Lantern,rdfs:subClassOf,owl:Thing
http://kbpedia.org/kko/rc/PortraitPerspective,rdfs:subClassOf,http://kbpedia.org/kko/rc/Perspective
http://kbpedia.org/kko/rc/PortraitPerspective,rdfs:subClassOf,owl:Thing
http://kbpedia.org/kko/rc/DirectedMultigraph,rdfs:subClassOf,http://kbpedia.org/kko/rc/Multigraph
http://kbpedia.org/kko/rc/DirectedMultigraph,rdfs:subClassOf,owl:Thing
http://kbpedia.org/kko/rc/CertificationOfWorkExperience,rdfs:subClassOf,http://kbpedia.org/kko/rc/Certification
http://kbpedia.org/kko/rc/CertificationOfWorkExperience,rdfs:subClassOf,owl:Thing
http://kbpedia.org/kko/rc/SignLanguageTelevisionProgram,rdfs:subClassOf,http://kbpedia.org/kko/rc/TVShow_IBT
http://kbpedia.org/kko/rc/SignLanguageTelevisionProgram,rdfs:subClassOf,owl:Thing
http://kbpedia.org/kko/rc/CelticFusion,rdfs:subClassOf,http://kbpedia.org/kko/rc/MusicalComposition_Celtic
http://kbpedia.org/kko/rc/CelticFusion,rdfs:subClassOf,owl:Thing
http://kbpedia.org/kko/rc/BankDraft,rdfs:subClassOf,http://kbpedia.org/kko/rc/Check_TenderObject
http://kbpedia.org/kko/rc/BankDraft,rdfs:subClassOf,owl:Thing
http://kbpedia.org/kko/rc/Pamphlet,rdfs:subClassOf,http://kbpedia.org/kko/rc/Paper_IBO
http://kbpedia.org/kko/rc/Pamphlet,rdfs:subClassOf,owl:Thing
http://kbpedia.org/kko/rc/MusicalCompositionTypeByGenre,rdfs:subClassOf,http://kbpedia.org/kko/rc/MusicTypeByGenre
http://kbpedia.org/kko/rc/MusicalCompositionTypeByGenre,rdfs:subClassOf,owl:Thing
http://kbpedia.org/ontologies/kko#AudioInfo,rdfs:subClassOf,http://kbpedia.org/ontologies/kko#AVInfo
http://kbpedia.org/ontologies/kko#AudioInfo,rdfs:subClassOf,owl:Thing
http://kbpedia.org/kko/rc/Gargoyle_Spout,rdfs:subClassOf,http://kbpedia.org/kko/rc/Gargoyle_Sculpture
http://kbpedia.org/kko/rc/Gargoyle_Spout,rdfs:subClassOf,owl:Thing
http://kbpedia.org/kko/rc/MosaicTool,rdfs:subClassOf,http://kbpedia.org/kko/rc/Mosaic
http://kbpedia.org/kko/rc/MosaicTool,rdfs:subClassOf,owl:Thing
http://kbpedia.org/kko/rc/TVMediaProduct,rdfs:subClassOf,http://kbpedia.org/kko/rc/BroadcastMediaProduct
http://kbpedia.org/kko/rc/TVMediaProduct,rdfs:subClassOf,owl:Thing
http://kbpedia.org/kko/rc/StillImageSource,rdfs:subClassOf,http://kbpedia.org/kko/rc/VisualInformationBearingThing
http://kbpedia.org/kko/rc/StillImageSource,rdfs:subClassOf,owl:Thing
http://kbpedia.org/kko/rc/CompositionMovement,rdfs:subClassOf,http://kbpedia.org/kko/rc/MusicalComposition_Classical
http://kbpedia.org/kko/rc/CompositionMovement,rdfs:subClassOf,owl:Thing
http://kbpedia.org/kko/rc/BronzeMedal_Physical,rdfs:subClassOf,http://kbpedia.org/kko/rc/Medal_Physical
http://kbpedia.org/kko/rc/BronzeMedal_Physical,rdfs:subClassOf,owl:Thing
http://kbpedia.org/kko/rc/FakePassport,rdfs:subClassOf,http://kbpedia.org/kko/rc/CertificateDocument
http://kbpedia.org/kko/rc/FakePassport,rdfs:subClassOf,owl:Thing
http://kbpedia.org/kko/rc/ElectricalLabel,rdfs:subClassOf,http://kbpedia.org/kko/rc/Signage
http://kbpedia.org/kko/rc/ElectricalLabel,rdfs:subClassOf,owl:Thing
http://kbpedia.org/kko/rc/PerformanceArt,rdfs:subClassOf,http://kbpedia.org/kko/rc/Art
http://kbpedia.org/kko/rc/PerformanceArt,rdfs:subClassOf,owl:Thing
http://kbpedia.org/kko/rc/Ballot_IBO,rdfs:subClassOf,http://kbpedia.org/kko/rc/Ballot_Underspecified
http://kbpedia.org/kko/rc/Ballot_IBO,rdfs:subClassOf,owl:Thing
http://kbpedia.org/kko/rc/MusicalComposition_JazzRock,rdfs:subClassOf,http://kbpedia.org/kko/rc/MusicTypeOpenGenre
http://kbpedia.org/kko/rc/MusicalComposition_JazzRock,rdfs:subClassOf,http://kbpedia.org/kko/rc/MusicalComposition_Rock
http://kbpedia.org/kko/rc/MusicalComposition_JazzRock,rdfs:subClassOf,owl:Thing
http://kbpedia.org/kko/rc/Requiem,rdfs:subClassOf,http://kbpedia.org/kko/rc/MusicalComposition_Classical
http://kbpedia.org/kko/rc/Requiem,rdfs:subClassOf,owl:Thing
http://kbpedia.org/kko/rc/DirectedGraph,rdfs:subClassOf,http://kbpedia.org/kko/rc/DirectedMultigraph
http://kbpedia.org/kko/rc/DirectedGraph,rdfs:subClassOf,owl:Thing
http://kbpedia.org/kko/rc/MosaicsOfDelos,rdfs:subClassOf,http://kbpedia.org/kko/rc/Mosaic
http://kbpedia.org/kko/rc/MosaicsOfDelos,rdfs:subClassOf,owl:Thing
http://kbpedia.org/kko/rc/BreakingBad,rdfs:subClassOf,http://kbpedia.org/kko/rc/TVSeriesProduct
http://kbpedia.org/kko/rc/BreakingBad,rdfs:subClassOf,owl:Thing
http://kbpedia.org/kko/rc/TarotCard,rdfs:subClassOf,http://kbpedia.org/kko/rc/PlayingCard
http://kbpedia.org/kko/rc/TarotCard,rdfs:subClassOf,owl:Thing
http://kbpedia.org/kko/rc/HistoryOfTheUSTelevisionSeries,rdfs:subClassOf,http://kbpedia.org/kko/rc/TVSeriesProduct
http://kbpedia.org/kko/rc/HistoryOfTheUSTelevisionSeries,rdfs:subClassOf,owl:Thing
http://kbpedia.org/kko/rc/WallHanging_ArtObject,rdfs:subClassOf,http://kbpedia.org/kko/rc/ArtworkProduct
http://kbpedia.org/kko/rc/WallHanging_ArtObject,rdfs:subClassOf,owl:Thing
http://kbpedia.org/kko/rc/ChristmasOnstage,rdfs:subClassOf,http://kbpedia.org/kko/rc/PerformanceArt
http://kbpedia.org/kko/rc/ChristmasOnstage,rdfs:subClassOf,owl:Thing
http://kbpedia.org/kko/rc/HeraInArt,rdfs:subClassOf,http://kbpedia.org/kko/rc/ArtSubject
http://kbpedia.org/kko/rc/HeraInArt,rdfs:subClassOf,owl:Thing
http://kbpedia.org/kko/rc/StrikeoutFormat,rdfs:subClassOf,http://kbpedia.org/kko/rc/TypographicalStructure
http://kbpedia.org/kko/rc/StrikeoutFormat,rdfs:subClassOf,owl:Thing
http://kbpedia.org/kko/rc/TVShow,rdfs:subClassOf,http://kbpedia.org/kko/rc/BroadcastMediaShow
http://kbpedia.org/kko/rc/TVShow,rdfs:subClassOf,http://kbpedia.org/kko/rc/TVMediaProduct
http://kbpedia.org/kko/rc/TVShow,rdfs:subClassOf,http://kbpedia.org/kko/rc/VideoConceptualWork
http://kbpedia.org/kko/rc/TVShow,rdfs:subClassOf,owl:Thing
http://kbpedia.org/kko/rc/Graphic_VisualIBT,rdfs:subClassOf,http://kbpedia.org/kko/rc/StillImageSource
http://kbpedia.org/kko/rc/Graphic_VisualIBT,rdfs:subClassOf,owl:Thing
http://kbpedia.org/kko/rc/Reggaeton,rdfs:subClassOf,http://kbpedia.org/kko/rc/MusicalComposition_Reggae
http://kbpedia.org/kko/rc/Reggaeton,rdfs:subClassOf,http://kbpedia.org/kko/rc/ReggaeMusic
http://kbpedia.org/kko/rc/Reggaeton,rdfs:subClassOf,http://kbpedia.org/kko/rc/MusicTypeByGenre
http://kbpedia.org/kko/rc/Reggaeton,rdfs:subClassOf,owl:Thing
http://kbpedia.org/kko/rc/MusicalComposition_Klezmer,rdfs:subClassOf,http://kbpedia.org/kko/rc/MusicTypeOpenGenre
http://kbpedia.org/kko/rc/MusicalComposition_Klezmer,rdfs:subClassOf,http://kbpedia.org/kko/rc/MusicalComposition
http://kbpedia.org/kko/rc/MusicalComposition_Klezmer,rdfs:subClassOf,owl:Thing
http://kbpedia.org/kko/rc/HalfDollarCoin_US,rdfs:subClassOf,http://kbpedia.org/kko/rc/Coin_US
http://kbpedia.org/kko/rc/HalfDollarCoin_US,rdfs:subClassOf,owl:Thing
http://kbpedia.org/kko/rc/Verse,rdfs:subClassOf,http://kbpedia.org/kko/rc/MusicalComposition
http://kbpedia.org/kko/rc/Verse,rdfs:subClassOf,owl:Thing
http://kbpedia.org/kko/rc/GIFFile,rdfs:subClassOf,http://kbpedia.org/kko/rc/ComputerImageFile
http://kbpedia.org/kko/rc/GIFFile,rdfs:subClassOf,owl:Thing
http://kbpedia.org/ontologies/kko#VisualInfo,rdfs:subClassOf,http://kbpedia.org/ontologies/kko#AVInfo
http://kbpedia.org/ontologies/kko#VisualInfo,rdfs:subClassOf,owl:Thing
http://kbpedia.org/kko/rc/Kakemono,rdfs:subClassOf,http://kbpedia.org/kko/rc/WallHanging_ArtObject
http://kbpedia.org/kko/rc/Kakemono,rdfs:subClassOf,owl:Thing
http://kbpedia.org/kko/rc/DirectedAcyclicGraph,rdfs:subClassOf,http://kbpedia.org/kko/rc/DirectedGraph
http://kbpedia.org/kko/rc/DirectedAcyclicGraph,rdfs:subClassOf,owl:Thing
http://kbpedia.org/kko/rc/AnimeWithOriginalScreenplay,rdfs:subClassOf,http://kbpedia.org/kko/rc/Anime
http://kbpedia.org/kko/rc/AnimeWithOriginalScreenplay,rdfs:subClassOf,owl:Thing
http://kbpedia.org/kko/rc/GrecoRomanAntiquityInArtAndCulture,rdfs:subClassOf,http://kbpedia.org/kko/rc/ArtSubject
http://kbpedia.org/kko/rc/GrecoRomanAntiquityInArtAndCulture,rdfs:subClassOf,owl:Thing
http://kbpedia.org/kko/rc/MovieTypeBySeries,rdfs:subClassOf,http://kbpedia.org/kko/rc/Movie
http://kbpedia.org/kko/rc/MovieTypeBySeries,rdfs:subClassOf,owl:Thing
http://kbpedia.org/kko/rc/Emo,rdfs:subClassOf,http://kbpedia.org/kko/rc/MusicalComposition
http://kbpedia.org/kko/rc/Emo,rdfs:subClassOf,http://kbpedia.org/kko/rc/Music
http://kbpedia.org/kko/rc/Emo,rdfs:subClassOf,owl:Thing
http://kbpedia.org/kko/rc/WarMovie,rdfs:subClassOf,http://kbpedia.org/kko/rc/FilmGenre
http://kbpedia.org/kko/rc/WarMovie,rdfs:subClassOf,owl:Thing
http://kbpedia.org/kko/rc/TVMiniseries,rdfs:subClassOf,http://kbpedia.org/kko/rc/NarrativeTVShow
http://kbpedia.org/kko/rc/TVMiniseries,rdfs:subClassOf,http://kbpedia.org/kko/rc/TVSeriesProduct
http://kbpedia.org/kko/rc/TVMiniseries,rdfs:subClassOf,owl:Thing
http://kbpedia.org/kko/rc/Refrain,rdfs:subClassOf,http://kbpedia.org/kko/rc/MusicalComposition
http://kbpedia.org/kko/rc/Refrain,rdfs:subClassOf,owl:Thing
http://kbpedia.org/kko/rc/SecularHolidayCard,rdfs:subClassOf,http://kbpedia.org/kko/rc/GreetingCard
http://kbpedia.org/kko/rc/SecularHolidayCard,rdfs:subClassOf,owl:Thing
http://kbpedia.org/kko/rc/TVSeriesProduct,rdfs:subClassOf,http://kbpedia.org/kko/rc/BroadcastSeriesProduct
http://kbpedia.org/kko/rc/TVSeriesProduct,rdfs:subClassOf,http://kbpedia.org/kko/rc/TVShow
http://kbpedia.org/kko/rc/TVSeriesProduct,rdfs:subClassOf,http://kbpedia.org/kko/rc/VisualWork
http://kbpedia.org/kko/rc/TVSeriesProduct,rdfs:subClassOf,owl:Thing
http://kbpedia.org/kko/rc/ProgressivePop,rdfs:subClassOf,http://kbpedia.org/kko/rc/PopMusicGenre
http://kbpedia.org/kko/rc/ProgressivePop,rdfs:subClassOf,owl:Thing
http://kbpedia.org/kko/rc/Imprint,rdfs:subClassOf,http://kbpedia.org/kko/rc/VisualInformationBearingThing
http://kbpedia.org/kko/rc/Imprint,rdfs:subClassOf,owl:Thing
http://kbpedia.org/kko/rc/100EuroNote,rdfs:subClassOf,http://kbpedia.org/kko/rc/EuroBanknote
http://kbpedia.org/kko/rc/100EuroNote,rdfs:subClassOf,owl:Thing
http://kbpedia.org/kko/rc/CreditCardAuthorizationForm,rdfs:subClassOf,http://kbpedia.org/kko/rc/Paper_IBO
http://kbpedia.org/kko/rc/CreditCardAuthorizationForm,rdfs:subClassOf,owl:Thing
http://kbpedia.org/kko/rc/Film,rdfs:subClassOf,http://kbpedia.org/kko/rc/MovingImage
http://kbpedia.org/kko/rc/Film,rdfs:subClassOf,owl:Thing
http://kbpedia.org/kko/rc/Label,rdfs:subClassOf,http://kbpedia.org/kko/rc/Signage
http://kbpedia.org/kko/rc/Label,rdfs:subClassOf,owl:Thing
http://kbpedia.org/kko/rc/GameToken,rdfs:subClassOf,http://kbpedia.org/kko/rc/Token_Physical
http://kbpedia.org/kko/rc/GameToken,rdfs:subClassOf,owl:Thing
http://kbpedia.org/kko/rc/Tattoo,rdfs:subClassOf,http://kbpedia.org/kko/rc/BodyArt
http://kbpedia.org/kko/rc/Tattoo,rdfs:subClassOf,owl:Thing
http://kbpedia.org/kko/rc/BoundedDirectedAcyclicGraph,rdfs:subClassOf,http://kbpedia.org/kko/rc/DirectedAcyclicGraph
http://kbpedia.org/kko/rc/BoundedDirectedAcyclicGraph,rdfs:subClassOf,http://kbpedia.org/kko/rc/DirectedMultigraph
http://kbpedia.org/kko/rc/BoundedDirectedAcyclicGraph,rdfs:subClassOf,owl:Thing
http://kbpedia.org/kko/rc/Etching_Print,rdfs:subClassOf,http://kbpedia.org/kko/rc/Graphic_VisualIBT
http://kbpedia.org/kko/rc/Etching_Print,rdfs:subClassOf,http://kbpedia.org/kko/rc/HardcopyInformationBearingObject
http://kbpedia.org/kko/rc/Etching_Print,rdfs:subClassOf,http://kbpedia.org/kko/rc/TwoDimensionalArtObject
http://kbpedia.org/kko/rc/Etching_Print,rdfs:subClassOf,owl:Thing
http://kbpedia.org/kko/rc/EntertainmentPerformanceTicket,rdfs:subClassOf,http://kbpedia.org/kko/rc/Ticket
http://kbpedia.org/kko/rc/EntertainmentPerformanceTicket,rdfs:subClassOf,owl:Thing
http://kbpedia.org/kko/rc/Going_for_Broke_album,rdfs:subClassOf,http://kbpedia.org/kko/rc/Album
http://kbpedia.org/kko/rc/Going_for_Broke_album,rdfs:subClassOf,owl:Thing
http://kbpedia.org/kko/rc/ElectronicBodyMusic,rdfs:subClassOf,http://kbpedia.org/kko/rc/IndustrialMusic
http://kbpedia.org/kko/rc/ElectronicBodyMusic,rdfs:subClassOf,http://kbpedia.org/kko/rc/MusicTypeOpenGenre
http://kbpedia.org/kko/rc/ElectronicBodyMusic,rdfs:subClassOf,http://kbpedia.org/kko/rc/ElectronicMusic
http://kbpedia.org/kko/rc/ElectronicBodyMusic,rdfs:subClassOf,http://kbpedia.org/kko/rc/MusicTypeByGenre
http://kbpedia.org/kko/rc/ElectronicBodyMusic,rdfs:subClassOf,owl:Thing
http://kbpedia.org/kko/rc/RoutingList,rdfs:subClassOf,http://kbpedia.org/kko/rc/List_Information
http://kbpedia.org/kko/rc/RoutingList,rdfs:subClassOf,owl:Thing
http://kbpedia.org/kko/rc/Emoticon,rdfs:subClassOf,http://kbpedia.org/kko/rc/DigitalArtObject
http://kbpedia.org/kko/rc/Emoticon,rdfs:subClassOf,owl:Thing
http://kbpedia.org/kko/rc/PaperPlane,rdfs:subClassOf,http://kbpedia.org/kko/rc/Origami
http://kbpedia.org/kko/rc/PaperPlane,rdfs:subClassOf,owl:Thing
http://kbpedia.org/kko/rc/Backgammon_Piece,rdfs:subClassOf,http://kbpedia.org/kko/rc/GameToken
http://kbpedia.org/kko/rc/Backgammon_Piece,rdfs:subClassOf,owl:Thing
http://kbpedia.org/kko/rc/TwentyDollarBill_US,rdfs:subClassOf,http://kbpedia.org/kko/rc/Bill_US
http://kbpedia.org/kko/rc/TwentyDollarBill_US,rdfs:subClassOf,owl:Thing
http://kbpedia.org/kko/rc/Portrayal,rdfs:subClassOf,http://kbpedia.org/kko/rc/TwoDimensionalArtObject
http://kbpedia.org/kko/rc/Portrayal,rdfs:subClassOf,owl:Thing
http://kbpedia.org/kko/rc/GoodLuckCard,rdfs:subClassOf,http://kbpedia.org/kko/rc/OccasionCard
http://kbpedia.org/kko/rc/GoodLuckCard,rdfs:subClassOf,owl:Thing
http://kbpedia.org/kko/rc/RussianLiturgicalMusic,rdfs:subClassOf,http://kbpedia.org/kko/rc/MusicalComposition_Religious
http://kbpedia.org/kko/rc/RussianLiturgicalMusic,rdfs:subClassOf,owl:Thing
http://kbpedia.org/kko/rc/MusicalComposition_1980sPop,rdfs:subClassOf,http://kbpedia.org/kko/rc/MusicalComposition
http://kbpedia.org/kko/rc/MusicalComposition_1980sPop,rdfs:subClassOf,owl:Thing
http://kbpedia.org/kko/rc/Certificate_IBT,rdfs:subClassOf,http://kbpedia.org/kko/rc/OfficialDocument
http://kbpedia.org/kko/rc/Certificate_IBT,rdfs:subClassOf,owl:Thing
http://kbpedia.org/kko/rc/RockAndRoll,rdfs:subClassOf,http://kbpedia.org/kko/rc/MusicalComposition_RockAndRoll
http://kbpedia.org/kko/rc/RockAndRoll,rdfs:subClassOf,http://kbpedia.org/kko/rc/RockMusic
http://kbpedia.org/kko/rc/RockAndRoll,rdfs:subClassOf,http://kbpedia.org/kko/rc/MusicTypeByGenre
http://kbpedia.org/kko/rc/RockAndRoll,rdfs:subClassOf,owl:Thing
http://kbpedia.org/kko/rc/PianoCompositionsInTheRomanticEra,rdfs:subClassOf,http://kbpedia.org/kko/rc/MusicalComposition_Romantic
http://kbpedia.org/kko/rc/PianoCompositionsInTheRomanticEra,rdfs:subClassOf,owl:Thing
http://kbpedia.org/kko/rc/PhonographRecord_78,rdfs:subClassOf,http://kbpedia.org/kko/rc/PhonographRecord
http://kbpedia.org/kko/rc/PhonographRecord_78,rdfs:subClassOf,owl:Thing
http://kbpedia.org/kko/rc/MixedReality,rdfs:subClassOf,http://kbpedia.org/kko/rc/VirtualReality
http://kbpedia.org/kko/rc/MixedReality,rdfs:subClassOf,owl:Thing
http://kbpedia.org/kko/rc/NutritionInformation,rdfs:subClassOf,http://kbpedia.org/kko/rc/ProductLabel
http://kbpedia.org/kko/rc/NutritionInformation,rdfs:subClassOf,owl:Thing
http://kbpedia.org/kko/rc/Knight_ChessPiece,rdfs:subClassOf,http://kbpedia.org/kko/rc/ChessPiece
http://kbpedia.org/kko/rc/Knight_ChessPiece,rdfs:subClassOf,owl:Thing
http://kbpedia.org/kko/rc/WaterColorPainting,rdfs:subClassOf,http://kbpedia.org/kko/rc/Painting_ArtForm
http://kbpedia.org/kko/rc/WaterColorPainting,rdfs:subClassOf,owl:Thing
http://kbpedia.org/kko/rc/OwnershipDocument,rdfs:subClassOf,http://kbpedia.org/kko/rc/OfficialDocument
http://kbpedia.org/kko/rc/OwnershipDocument,rdfs:subClassOf,owl:Thing
http://kbpedia.org/kko/rc/DramaticPerformance,rdfs:subClassOf,http://kbpedia.org/kko/rc/VisualInformationBearingThing
http://kbpedia.org/kko/rc/DramaticPerformance,rdfs:subClassOf,owl:Thing
http://kbpedia.org/kko/rc/PlatinumCard,rdfs:subClassOf,http://kbpedia.org/kko/rc/CreditCard
http://kbpedia.org/kko/rc/PlatinumCard,rdfs:subClassOf,owl:Thing
http://kbpedia.org/kko/rc/FacialPicture,rdfs:subClassOf,http://kbpedia.org/kko/rc/PornographicPicture
http://kbpedia.org/kko/rc/FacialPicture,rdfs:subClassOf,owl:Thing
http://kbpedia.org/kko/rc/VisualWork,rdfs:subClassOf,http://kbpedia.org/ontologies/kko#VisualInfo
http://kbpedia.org/kko/rc/VisualWork,rdfs:subClassOf,owl:Thing
http://kbpedia.org/kko/rc/Ballot_PaperCopy,rdfs:subClassOf,http://kbpedia.org/kko/rc/Ballot_IBO
http://kbpedia.org/kko/rc/Ballot_PaperCopy,rdfs:subClassOf,http://kbpedia.org/kko/rc/Ballot_Underspecified
http://kbpedia.org/kko/rc/Ballot_PaperCopy,rdfs:subClassOf,http://kbpedia.org/kko/rc/Paper_IBO
http://kbpedia.org/kko/rc/Ballot_PaperCopy,rdfs:subClassOf,http://kbpedia.org/kko/rc/HardcopyInformationBearingObject
http://kbpedia.org/kko/rc/Ballot_PaperCopy,rdfs:subClassOf,owl:Thing
http://kbpedia.org/kko/rc/MusicMedia,rdfs:subClassOf,http://kbpedia.org/kko/rc/Music
http://kbpedia.org/kko/rc/MusicMedia,rdfs:subClassOf,http://kbpedia.org/kko/rc/RecordedIBO
http://kbpedia.org/kko/rc/MusicMedia,rdfs:subClassOf,owl:Thing
http://kbpedia.org/kko/rc/Diagram,rdfs:subClassOf,http://kbpedia.org/kko/rc/VisualArtifact
http://kbpedia.org/kko/rc/Diagram,rdfs:subClassOf,owl:Thing
http://kbpedia.org/kko/rc/Tour_Performance,rdfs:subClassOf,http://kbpedia.org/kko/rc/DramaticPerformance
http://kbpedia.org/kko/rc/Tour_Performance,rdfs:subClassOf,owl:Thing
http://kbpedia.org/kko/rc/Bodypainting,rdfs:subClassOf,http://kbpedia.org/kko/rc/BodyArt
http://kbpedia.org/kko/rc/Bodypainting,rdfs:subClassOf,http://kbpedia.org/kko/rc/Painting_ArtForm
http://kbpedia.org/kko/rc/Bodypainting,rdfs:subClassOf,owl:Thing
http://kbpedia.org/kko/rc/ProfessionalLicense_Document,rdfs:subClassOf,http://kbpedia.org/kko/rc/IDDocument
http://kbpedia.org/kko/rc/ProfessionalLicense_Document,rdfs:subClassOf,http://kbpedia.org/kko/rc/License_IBO
http://kbpedia.org/kko/rc/ProfessionalLicense_Document,rdfs:subClassOf,owl:Thing
http://kbpedia.org/kko/rc/Fountain_ArtObject,rdfs:subClassOf,http://kbpedia.org/kko/rc/Sculpture
http://kbpedia.org/kko/rc/Fountain_ArtObject,rdfs:subClassOf,owl:Thing
http://kbpedia.org/kko/rc/AnimatedTVShow,rdfs:subClassOf,http://kbpedia.org/kko/rc/ConceptualWork_AnimationGenre
http://kbpedia.org/kko/rc/AnimatedTVShow,rdfs:subClassOf,http://kbpedia.org/kko/rc/TVShow
http://kbpedia.org/kko/rc/AnimatedTVShow,rdfs:subClassOf,owl:Thing
http://kbpedia.org/kko/rc/Eroge,rdfs:subClassOf,http://kbpedia.org/kko/rc/Hentai
http://kbpedia.org/kko/rc/Eroge,rdfs:subClassOf,owl:Thing
http://kbpedia.org/kko/rc/InsurancePolicyDocument,rdfs:subClassOf,http://kbpedia.org/kko/rc/ContractDocument
http://kbpedia.org/kko/rc/InsurancePolicyDocument,rdfs:subClassOf,owl:Thing
http://kbpedia.org/kko/rc/MusicalComposition_Cyberpunk,rdfs:subClassOf,http://kbpedia.org/kko/rc/MusicalComposition
http://kbpedia.org/kko/rc/MusicalComposition_Cyberpunk,rdfs:subClassOf,owl:Thing
http://kbpedia.org/kko/rc/RadioDocumentary,rdfs:subClassOf,http://kbpedia.org/kko/rc/RecordedSoundProduct
http://kbpedia.org/kko/rc/RadioDocumentary,rdfs:subClassOf,owl:Thing
http://kbpedia.org/kko/rc/CertificateDocument,rdfs:subClassOf,http://kbpedia.org/kko/rc/Certificate_IBT
http://kbpedia.org/kko/rc/CertificateDocument,rdfs:subClassOf,owl:Thing
http://kbpedia.org/kko/rc/SambaMusicGenre,rdfs:subClassOf,http://kbpedia.org/kko/rc/MusicTypeByGenre
http://kbpedia.org/kko/rc/SambaMusicGenre,rdfs:subClassOf,owl:Thing
http://kbpedia.org/kko/rc/HorrorTVShow,rdfs:subClassOf,http://kbpedia.org/kko/rc/FictionalTVShow
http://kbpedia.org/kko/rc/HorrorTVShow,rdfs:subClassOf,http://kbpedia.org/kko/rc/NarrativeTVShow
http://kbpedia.org/kko/rc/HorrorTVShow,rdfs:subClassOf,owl:Thing
http://kbpedia.org/kko/rc/NonPublishedText,rdfs:subClassOf,http://kbpedia.org/kko/rc/HardcopyInformationBearingObject
http://kbpedia.org/kko/rc/NonPublishedText,rdfs:subClassOf,owl:Thing
http://kbpedia.org/kko/rc/BlackjackTelevisionProgram,rdfs:subClassOf,http://kbpedia.org/kko/rc/TelevisionSeriesByGenre
http://kbpedia.org/kko/rc/BlackjackTelevisionProgram,rdfs:subClassOf,owl:Thing
http://kbpedia.org/kko/rc/PhonographRecord_LP,rdfs:subClassOf,http://kbpedia.org/kko/rc/PhonographRecord
http://kbpedia.org/kko/rc/PhonographRecord_LP,rdfs:subClassOf,owl:Thing
http://kbpedia.org/kko/rc/TVMusical,rdfs:subClassOf,http://kbpedia.org/kko/rc/NarrativeTVShow
http://kbpedia.org/kko/rc/TVMusical,rdfs:subClassOf,owl:Thing
http://kbpedia.org/kko/rc/Sitcom,rdfs:subClassOf,http://kbpedia.org/kko/rc/TVSeriesProduct
http://kbpedia.org/kko/rc/Sitcom,rdfs:subClassOf,owl:Thing
http://kbpedia.org/kko/rc/AnalysisDiagram,rdfs:subClassOf,http://kbpedia.org/kko/rc/Diagram
http://kbpedia.org/kko/rc/AnalysisDiagram,rdfs:subClassOf,owl:Thing
http://kbpedia.org/kko/rc/Trademark_String,rdfs:subClassOf,http://kbpedia.org/kko/rc/ProperNameString
http://kbpedia.org/kko/rc/Trademark_String,rdfs:subClassOf,owl:Thing
http://kbpedia.org/kko/rc/AudioPodcast,rdfs:subClassOf,http://kbpedia.org/kko/rc/RecordedSoundProduct
http://kbpedia.org/kko/rc/AudioPodcast,rdfs:subClassOf,owl:Thing
http://kbpedia.org/kko/rc/NudeArt,rdfs:subClassOf,http://kbpedia.org/kko/rc/Art
http://kbpedia.org/kko/rc/NudeArt,rdfs:subClassOf,owl:Thing
http://kbpedia.org/kko/rc/Act_Dramatic,rdfs:subClassOf,http://kbpedia.org/kko/rc/DramaticPerformance
http://kbpedia.org/kko/rc/Act_Dramatic,rdfs:subClassOf,owl:Thing
http://kbpedia.org/kko/rc/GIFFile_Animated,rdfs:subClassOf,http://kbpedia.org/kko/rc/GIFFile
http://kbpedia.org/kko/rc/GIFFile_Animated,rdfs:subClassOf,http://kbpedia.org/kko/rc/ComputerImageFile
http://kbpedia.org/kko/rc/GIFFile_Animated,rdfs:subClassOf,owl:Thing
http://kbpedia.org/kko/rc/HermesInArt,rdfs:subClassOf,http://kbpedia.org/kko/rc/ArtSubject
http://kbpedia.org/kko/rc/HermesInArt,rdfs:subClassOf,owl:Thing
http://kbpedia.org/kko/rc/Movie_Silent,rdfs:subClassOf,http://kbpedia.org/kko/rc/Movie
http://kbpedia.org/kko/rc/Movie_Silent,rdfs:subClassOf,owl:Thing
http://kbpedia.org/kko/rc/Currency_US,rdfs:subClassOf,http://kbpedia.org/kko/rc/Currency
http://kbpedia.org/kko/rc/Currency_US,rdfs:subClassOf,owl:Thing
http://kbpedia.org/kko/rc/ScienceFictionTVShow,rdfs:subClassOf,http://kbpedia.org/kko/rc/FictionalTVShow
http://kbpedia.org/kko/rc/ScienceFictionTVShow,rdfs:subClassOf,http://kbpedia.org/kko/rc/NarrativeTVShow
http://kbpedia.org/kko/rc/ScienceFictionTVShow,rdfs:subClassOf,owl:Thing
http://kbpedia.org/kko/rc/MusicalComposition_1990sPop,rdfs:subClassOf,http://kbpedia.org/kko/rc/MusicTypeOpenGenre
http://kbpedia.org/kko/rc/MusicalComposition_1990sPop,rdfs:subClassOf,http://kbpedia.org/kko/rc/MusicalComposition
http://kbpedia.org/kko/rc/MusicalComposition_1990sPop,rdfs:subClassOf,owl:Thing
http://kbpedia.org/kko/rc/Art,rdfs:subClassOf,http://kbpedia.org/kko/rc/VisualWork
http://kbpedia.org/kko/rc/Art,rdfs:subClassOf,owl:Thing
http://kbpedia.org/kko/rc/Krautrock,rdfs:subClassOf,http://kbpedia.org/kko/rc/MusicTypeOpenGenre
http://kbpedia.org/kko/rc/Krautrock,rdfs:subClassOf,http://kbpedia.org/kko/rc/ProgressiveRockMusic
http://kbpedia.org/kko/rc/Krautrock,rdfs:subClassOf,http://kbpedia.org/kko/rc/MusicTypeByGenre
http://kbpedia.org/kko/rc/Krautrock,rdfs:subClassOf,owl:Thing
http://kbpedia.org/kko/rc/PlayboyTVShow,rdfs:subClassOf,http://kbpedia.org/kko/rc/TVShow
http://kbpedia.org/kko/rc/PlayboyTVShow,rdfs:subClassOf,owl:Thing
http://kbpedia.org/kko/rc/HalfEagleCoin_US,rdfs:subClassOf,http://kbpedia.org/kko/rc/Coin_US
http://kbpedia.org/kko/rc/HalfEagleCoin_US,rdfs:subClassOf,owl:Thing
http://kbpedia.org/kko/rc/HalloweenTelevisionEpisode,rdfs:subClassOf,http://kbpedia.org/kko/rc/TelevisionEpisode
http://kbpedia.org/kko/rc/HalloweenTelevisionEpisode,rdfs:subClassOf,owl:Thing
http://kbpedia.org/kko/rc/Lullaby,rdfs:subClassOf,http://kbpedia.org/kko/rc/Song
http://kbpedia.org/kko/rc/Lullaby,rdfs:subClassOf,owl:Thing
http://kbpedia.org/kko/rc/GovernmentDocument,rdfs:subClassOf,http://kbpedia.org/kko/rc/OfficialDocument
http://kbpedia.org/kko/rc/GovernmentDocument,rdfs:subClassOf,owl:Thing
http://kbpedia.org/kko/rc/Single_MovementComposition,rdfs:subClassOf,http://kbpedia.org/kko/rc/MusicalComposition_Classical
http://kbpedia.org/kko/rc/Single_MovementComposition,rdfs:subClassOf,owl:Thing
http://kbpedia.org/kko/rc/AudioRecordedObject,rdfs:subClassOf,http://kbpedia.org/kko/rc/RecordedIBO
http://kbpedia.org/kko/rc/AudioRecordedObject,rdfs:subClassOf,owl:Thing
http://kbpedia.org/kko/rc/MusicalComposition_Lounge,rdfs:subClassOf,http://kbpedia.org/kko/rc/MusicTypeOpenGenre
http://kbpedia.org/kko/rc/MusicalComposition_Lounge,rdfs:subClassOf,http://kbpedia.org/kko/rc/MusicalComposition
http://kbpedia.org/kko/rc/MusicalComposition_Lounge,rdfs:subClassOf,owl:Thing
http://kbpedia.org/kko/rc/Bill_US,rdfs:subClassOf,http://kbpedia.org/kko/rc/Bill_Currency
http://kbpedia.org/kko/rc/Bill_US,rdfs:subClassOf,http://kbpedia.org/kko/rc/Currency_US
http://kbpedia.org/kko/rc/Bill_US,rdfs:subClassOf,owl:Thing
http://kbpedia.org/kko/rc/CursorGUIComponent,rdfs:subClassOf,http://kbpedia.org/kko/rc/VisualImage
http://kbpedia.org/kko/rc/CursorGUIComponent,rdfs:subClassOf,owl:Thing
http://kbpedia.org/kko/rc/LoveSong,rdfs:subClassOf,http://kbpedia.org/kko/rc/Song
http://kbpedia.org/kko/rc/LoveSong,rdfs:subClassOf,owl:Thing
http://kbpedia.org/kko/rc/RenaissanceManuscript,rdfs:subClassOf,http://kbpedia.org/kko/rc/Manuscript
http://kbpedia.org/kko/rc/RenaissanceManuscript,rdfs:subClassOf,owl:Thing
http://kbpedia.org/kko/rc/ContemporaryClassicalMusic,rdfs:subClassOf,http://kbpedia.org/kko/rc/ClassicalMusic
http://kbpedia.org/kko/rc/ContemporaryClassicalMusic,rdfs:subClassOf,owl:Thing
http://kbpedia.org/kko/rc/PersonalCheck,rdfs:subClassOf,http://kbpedia.org/kko/rc/Check_TenderObject
http://kbpedia.org/kko/rc/PersonalCheck,rdfs:subClassOf,owl:Thing
http://kbpedia.org/kko/rc/QuarterCoin_US,rdfs:subClassOf,http://kbpedia.org/kko/rc/Coin_US
http://kbpedia.org/kko/rc/QuarterCoin_US,rdfs:subClassOf,owl:Thing
http://kbpedia.org/kko/rc/IndexCard,rdfs:subClassOf,http://kbpedia.org/kko/rc/Card
http://kbpedia.org/kko/rc/IndexCard,rdfs:subClassOf,owl:Thing
http://kbpedia.org/kko/rc/StringDataStructure,rdfs:subClassOf,http://kbpedia.org/kko/rc/StringObject
http://kbpedia.org/kko/rc/StringDataStructure,rdfs:subClassOf,owl:Thing
http://kbpedia.org/kko/rc/TeletypeFormat,rdfs:subClassOf,http://kbpedia.org/kko/rc/TypographicalStructure
http://kbpedia.org/kko/rc/TeletypeFormat,rdfs:subClassOf,owl:Thing
http://kbpedia.org/kko/rc/RecordedSoundProduct,rdfs:subClassOf,http://kbpedia.org/kko/rc/AudioRecordedObject
http://kbpedia.org/kko/rc/RecordedSoundProduct,rdfs:subClassOf,http://kbpedia.org/kko/rc/RecordedIBO
http://kbpedia.org/kko/rc/RecordedSoundProduct,rdfs:subClassOf,owl:Thing
http://kbpedia.org/kko/rc/FantasyMovie,rdfs:subClassOf,http://kbpedia.org/kko/rc/FilmGenre
http://kbpedia.org/kko/rc/FantasyMovie,rdfs:subClassOf,owl:Thing
http://kbpedia.org/kko/rc/CattleInArt,rdfs:subClassOf,http://kbpedia.org/kko/rc/ArtSubject
http://kbpedia.org/kko/rc/CattleInArt,rdfs:subClassOf,owl:Thing
http://kbpedia.org/kko/rc/SocialSecurityCard,rdfs:subClassOf,http://kbpedia.org/kko/rc/Card
http://kbpedia.org/kko/rc/SocialSecurityCard,rdfs:subClassOf,http://kbpedia.org/kko/rc/GovernmentDocument
http://kbpedia.org/kko/rc/SocialSecurityCard,rdfs:subClassOf,http://kbpedia.org/kko/rc/IDDocument
http://kbpedia.org/kko/rc/SocialSecurityCard,rdfs:subClassOf,http://kbpedia.org/kko/rc/LegalDocument
http://kbpedia.org/kko/rc/SocialSecurityCard,rdfs:subClassOf,owl:Thing
http://kbpedia.org/kko/rc/ClassicalMusic_Classical,rdfs:subClassOf,http://kbpedia.org/kko/rc/ClassicalMusic
http://kbpedia.org/kko/rc/ClassicalMusic_Classical,rdfs:subClassOf,owl:Thing
http://kbpedia.org/kko/rc/LiveSportsTVShow,rdfs:subClassOf,http://kbpedia.org/kko/rc/TVShow
http://kbpedia.org/kko/rc/LiveSportsTVShow,rdfs:subClassOf,owl:Thing
http://kbpedia.org/kko/rc/USGSTopographicMap,rdfs:subClassOf,http://kbpedia.org/kko/rc/TopographicMap
http://kbpedia.org/kko/rc/USGSTopographicMap,rdfs:subClassOf,owl:Thing
http://kbpedia.org/kko/rc/BirthCertificate,rdfs:subClassOf,http://kbpedia.org/kko/rc/CertificateDocument
http://kbpedia.org/kko/rc/BirthCertificate,rdfs:subClassOf,http://kbpedia.org/kko/rc/GovernmentDocument
http://kbpedia.org/kko/rc/BirthCertificate,rdfs:subClassOf,http://kbpedia.org/kko/rc/IDDocument
http://kbpedia.org/kko/rc/BirthCertificate,rdfs:subClassOf,http://kbpedia.org/kko/rc/LegalDocument
http://kbpedia.org/kko/rc/BirthCertificate,rdfs:subClassOf,owl:Thing
http://kbpedia.org/kko/rc/Song,rdfs:subClassOf,http://kbpedia.org/kko/rc/MusicalComposition_Song
http://kbpedia.org/kko/rc/Song,rdfs:subClassOf,owl:Thing
http://kbpedia.org/kko/rc/TVSeason,rdfs:subClassOf,http://kbpedia.org/kko/rc/TVSeriesProduct
http://kbpedia.org/kko/rc/TVSeason,rdfs:subClassOf,owl:Thing
http://kbpedia.org/kko/rc/IronAgeArt,rdfs:subClassOf,http://kbpedia.org/kko/rc/ArtByPeriod
http://kbpedia.org/kko/rc/IronAgeArt,rdfs:subClassOf,owl:Thing
http://kbpedia.org/kko/rc/PhonographRecord,rdfs:subClassOf,http://kbpedia.org/kko/rc/RecordedSoundProduct
http://kbpedia.org/kko/rc/PhonographRecord,rdfs:subClassOf,owl:Thing
http://kbpedia.org/kko/rc/WillAndTestament,rdfs:subClassOf,http://kbpedia.org/kko/rc/LegalDocument
http://kbpedia.org/kko/rc/WillAndTestament,rdfs:subClassOf,owl:Thing
http://kbpedia.org/kko/rc/IvoryWorkOfArt,rdfs:subClassOf,http://kbpedia.org/kko/rc/Sculpture
http://kbpedia.org/kko/rc/IvoryWorkOfArt,rdfs:subClassOf,owl:Thing
http://kbpedia.org/kko/rc/Centerfold_Generic,rdfs:subClassOf,http://kbpedia.org/kko/rc/StillImageSource
http://kbpedia.org/kko/rc/Centerfold_Generic,rdfs:subClassOf,owl:Thing
http://kbpedia.org/kko/rc/WesternGenreAnimation,rdfs:subClassOf,http://kbpedia.org/kko/rc/AnimationByGenre
http://kbpedia.org/kko/rc/WesternGenreAnimation,rdfs:subClassOf,owl:Thing
http://kbpedia.org/kko/rc/QuarterEagleCoin_US,rdfs:subClassOf,http://kbpedia.org/kko/rc/Coin_US
http://kbpedia.org/kko/rc/QuarterEagleCoin_US,rdfs:subClassOf,owl:Thing
http://kbpedia.org/kko/rc/SportsMovie,rdfs:subClassOf,http://kbpedia.org/kko/rc/FilmGenre
http://kbpedia.org/kko/rc/SportsMovie,rdfs:subClassOf,owl:Thing
http://kbpedia.org/kko/rc/ProductLabel,rdfs:subClassOf,http://kbpedia.org/kko/rc/VisualLabel
http://kbpedia.org/kko/rc/ProductLabel,rdfs:subClassOf,owl:Thing
http://kbpedia.org/kko/rc/CyberpunkSubgenre,rdfs:subClassOf,http://kbpedia.org/kko/rc/MusicTypeByGenre
http://kbpedia.org/kko/rc/CyberpunkSubgenre,rdfs:subClassOf,http://kbpedia.org/kko/rc/MusicalComposition_Cyberpunk
http://kbpedia.org/kko/rc/CyberpunkSubgenre,rdfs:subClassOf,owl:Thing
http://kbpedia.org/kko/rc/Filmmaking,rdfs:subClassOf,http://kbpedia.org/kko/rc/MovingImage
http://kbpedia.org/kko/rc/Filmmaking,rdfs:subClassOf,owl:Thing
http://kbpedia.org/kko/rc/AnimationCelAsArtForm,rdfs:subClassOf,http://kbpedia.org/kko/rc/ArtObject
http://kbpedia.org/kko/rc/AnimationCelAsArtForm,rdfs:subClassOf,owl:Thing
http://kbpedia.org/kko/rc/BretonMusic,rdfs:subClassOf,http://kbpedia.org/kko/rc/MusicByRegion
http://kbpedia.org/kko/rc/BretonMusic,rdfs:subClassOf,owl:Thing
http://kbpedia.org/kko/rc/ClayAnimation,rdfs:subClassOf,http://kbpedia.org/kko/rc/Animation_MovingImage
http://kbpedia.org/kko/rc/ClayAnimation,rdfs:subClassOf,http://kbpedia.org/kko/rc/Sculpture
http://kbpedia.org/kko/rc/ClayAnimation,rdfs:subClassOf,owl:Thing
http://kbpedia.org/kko/rc/Riff,rdfs:subClassOf,http://kbpedia.org/kko/rc/MusicalComposition
http://kbpedia.org/kko/rc/Riff,rdfs:subClassOf,owl:Thing
http://kbpedia.org/kko/rc/GarifunaMusic,rdfs:subClassOf,http://kbpedia.org/kko/rc/MusicByRegion
http://kbpedia.org/kko/rc/GarifunaMusic,rdfs:subClassOf,owl:Thing
http://kbpedia.org/kko/rc/DramaticMovie,rdfs:subClassOf,http://kbpedia.org/kko/rc/FilmGenre
http://kbpedia.org/kko/rc/DramaticMovie,rdfs:subClassOf,owl:Thing
http://kbpedia.org/kko/rc/MP4File,rdfs:subClassOf,http://kbpedia.org/kko/rc/MPEGFile
http://kbpedia.org/kko/rc/MP4File,rdfs:subClassOf,http://kbpedia.org/kko/rc/ComputerImageFile
http://kbpedia.org/kko/rc/MP4File,rdfs:subClassOf,owl:Thing
http://kbpedia.org/kko/rc/CoverArt,rdfs:subClassOf,http://kbpedia.org/kko/rc/Art
http://kbpedia.org/kko/rc/CoverArt,rdfs:subClassOf,http://kbpedia.org/kko/rc/CoverOfIBO
http://kbpedia.org/kko/rc/CoverArt,rdfs:subClassOf,http://kbpedia.org/kko/rc/VisualArtifact
http://kbpedia.org/kko/rc/CoverArt,rdfs:subClassOf,owl:Thing
http://kbpedia.org/kko/rc/ClassicalMusic_Romantic,rdfs:subClassOf,http://kbpedia.org/kko/rc/ClassicalMusic
http://kbpedia.org/kko/rc/ClassicalMusic_Romantic,rdfs:subClassOf,owl:Thing
http://kbpedia.org/kko/rc/RomanticComedyMovie,rdfs:subClassOf,http://kbpedia.org/kko/rc/ComedyMovie
http://kbpedia.org/kko/rc/RomanticComedyMovie,rdfs:subClassOf,http://kbpedia.org/kko/rc/FilmGenre
http://kbpedia.org/kko/rc/RomanticComedyMovie,rdfs:subClassOf,owl:Thing
http://kbpedia.org/kko/rc/GraphicalCIS,rdfs:subClassOf,http://kbpedia.org/kko/rc/GraphicalStructure
http://kbpedia.org/kko/rc/GraphicalCIS,rdfs:subClassOf,owl:Thing
http://kbpedia.org/kko/rc/SaintDominicInSoriano,rdfs:subClassOf,http://kbpedia.org/kko/rc/OilPainting
http://kbpedia.org/kko/rc/SaintDominicInSoriano,rdfs:subClassOf,owl:Thing
http://kbpedia.org/kko/rc/License_IBO,rdfs:subClassOf,http://kbpedia.org/kko/rc/CertificateDocument
http://kbpedia.org/kko/rc/License_IBO,rdfs:subClassOf,owl:Thing
http://kbpedia.org/kko/rc/BasketballMovie,rdfs:subClassOf,http://kbpedia.org/kko/rc/SportsMovie
http://kbpedia.org/kko/rc/BasketballMovie,rdfs:subClassOf,owl:Thing
http://kbpedia.org/kko/rc/MelodicDeathMetal,rdfs:subClassOf,http://kbpedia.org/kko/rc/DeathMetalMusic
http://kbpedia.org/kko/rc/MelodicDeathMetal,rdfs:subClassOf,http://kbpedia.org/kko/rc/MusicTypeOpenGenre
http://kbpedia.org/kko/rc/MelodicDeathMetal,rdfs:subClassOf,http://kbpedia.org/kko/rc/MusicTypeByGenre
http://kbpedia.org/kko/rc/MelodicDeathMetal,rdfs:subClassOf,owl:Thing
http://kbpedia.org/kko/rc/PatrioticSong,rdfs:subClassOf,http://kbpedia.org/kko/rc/Song
http://kbpedia.org/kko/rc/PatrioticSong,rdfs:subClassOf,owl:Thing
http://kbpedia.org/kko/rc/NameTag,rdfs:subClassOf,http://kbpedia.org/kko/rc/Tag_IBO
http://kbpedia.org/kko/rc/NameTag,rdfs:subClassOf,http://kbpedia.org/kko/rc/HardcopyInformationBearingObject
http://kbpedia.org/kko/rc/NameTag,rdfs:subClassOf,owl:Thing
http://kbpedia.org/kko/rc/Ledger,rdfs:subClassOf,http://kbpedia.org/kko/rc/OfficialDocument
http://kbpedia.org/kko/rc/Ledger,rdfs:subClassOf,owl:Thing
http://kbpedia.org/kko/rc/TransportationLicense_Document,rdfs:subClassOf,http://kbpedia.org/kko/rc/IDDocument
http://kbpedia.org/kko/rc/TransportationLicense_Document,rdfs:subClassOf,http://kbpedia.org/kko/rc/License_IBO
http://kbpedia.org/kko/rc/TransportationLicense_Document,rdfs:subClassOf,owl:Thing
http://kbpedia.org/kko/rc/Manuscript,rdfs:subClassOf,http://kbpedia.org/kko/rc/WrittenCharacterSequence
http://kbpedia.org/kko/rc/Manuscript,rdfs:subClassOf,owl:Thing
http://kbpedia.org/kko/rc/Photograph,rdfs:subClassOf,http://kbpedia.org/kko/rc/Art
http://kbpedia.org/kko/rc/Photograph,rdfs:subClassOf,http://kbpedia.org/kko/rc/Graphic_VisualIBT
http://kbpedia.org/kko/rc/Photograph,rdfs:subClassOf,owl:Thing
http://kbpedia.org/kko/rc/CyberpunkTheme,rdfs:subClassOf,http://kbpedia.org/kko/rc/MusicalComposition_Cyberpunk
http://kbpedia.org/kko/rc/CyberpunkTheme,rdfs:subClassOf,owl:Thing
http://kbpedia.org/kko/rc/Filmography,rdfs:subClassOf,http://kbpedia.org/kko/rc/MovingImage
http://kbpedia.org/kko/rc/Filmography,rdfs:subClassOf,owl:Thing
http://kbpedia.org/kko/rc/AnimationEducation,rdfs:subClassOf,http://kbpedia.org/kko/rc/Animation_MovingImage
http://kbpedia.org/kko/rc/AnimationEducation,rdfs:subClassOf,owl:Thing
http://kbpedia.org/kko/rc/5EuroNote,rdfs:subClassOf,http://kbpedia.org/kko/rc/EuroBanknote
http://kbpedia.org/kko/rc/5EuroNote,rdfs:subClassOf,owl:Thing
http://kbpedia.org/kko/rc/CreditCard,rdfs:subClassOf,http://kbpedia.org/kko/rc/Card
http://kbpedia.org/kko/rc/CreditCard,rdfs:subClassOf,http://kbpedia.org/kko/rc/IDDocument
http://kbpedia.org/kko/rc/CreditCard,rdfs:subClassOf,owl:Thing
http://kbpedia.org/kko/rc/MusicalComposition_ACappella,rdfs:subClassOf,http://kbpedia.org/kko/rc/MusicTypeOpenGenre
http://kbpedia.org/kko/rc/MusicalComposition_ACappella,rdfs:subClassOf,http://kbpedia.org/kko/rc/MusicalComposition
http://kbpedia.org/kko/rc/MusicalComposition_ACappella,rdfs:subClassOf,owl:Thing
http://kbpedia.org/kko/rc/WelshLanguageMusic,rdfs:subClassOf,http://kbpedia.org/kko/rc/MusicalComposition_Celtic
http://kbpedia.org/kko/rc/WelshLanguageMusic,rdfs:subClassOf,owl:Thing
http://kbpedia.org/kko/rc/PreferredLabel,rdfs:subClassOf,http://kbpedia.org/kko/rc/Label_IBO
http://kbpedia.org/kko/rc/PreferredLabel,rdfs:subClassOf,owl:Thing
http://kbpedia.org/kko/rc/MusicalComposition_NewWave,rdfs:subClassOf,http://kbpedia.org/kko/rc/MusicTypeOpenGenre
http://kbpedia.org/kko/rc/MusicalComposition_NewWave,rdfs:subClassOf,http://kbpedia.org/kko/rc/MusicalComposition_Rock
http://kbpedia.org/kko/rc/MusicalComposition_NewWave,rdfs:subClassOf,owl:Thing
http://kbpedia.org/kko/rc/Engraving,rdfs:subClassOf,http://kbpedia.org/kko/rc/Graphic_VisualIBT
http://kbpedia.org/kko/rc/Engraving,rdfs:subClassOf,http://kbpedia.org/kko/rc/HardcopyInformationBearingObject
http://kbpedia.org/kko/rc/Engraving,rdfs:subClassOf,http://kbpedia.org/kko/rc/TwoDimensionalArtObject
http://kbpedia.org/kko/rc/Engraving,rdfs:subClassOf,owl:Thing
http://kbpedia.org/kko/rc/RockAndRollMusic,rdfs:subClassOf,http://kbpedia.org/kko/rc/RockMusic
http://kbpedia.org/kko/rc/RockAndRollMusic,rdfs:subClassOf,owl:Thing
http://kbpedia.org/kko/rc/JazzRadio,rdfs:subClassOf,http://kbpedia.org/kko/rc/JazzMusic
http://kbpedia.org/kko/rc/JazzRadio,rdfs:subClassOf,owl:Thing
http://kbpedia.org/kko/rc/Paper_IBO,rdfs:subClassOf,http://kbpedia.org/kko/rc/HardcopyInformationBearingObject
http://kbpedia.org/kko/rc/Paper_IBO,rdfs:subClassOf,owl:Thing
http://kbpedia.org/kko/rc/NationalAnthem,rdfs:subClassOf,http://kbpedia.org/kko/rc/Anthem
http://kbpedia.org/kko/rc/NationalAnthem,rdfs:subClassOf,http://kbpedia.org/kko/rc/Song
http://kbpedia.org/kko/rc/NationalAnthem,rdfs:subClassOf,owl:Thing
http://kbpedia.org/kko/rc/DeedInLieu,rdfs:subClassOf,http://kbpedia.org/kko/rc/LegalDocument
http://kbpedia.org/kko/rc/DeedInLieu,rdfs:subClassOf,owl:Thing
http://kbpedia.org/kko/rc/GramophoneRecord,rdfs:subClassOf,http://kbpedia.org/kko/rc/PhonographRecord
http://kbpedia.org/kko/rc/GramophoneRecord,rdfs:subClassOf,owl:Thing
http://kbpedia.org/kko/rc/SkaMusic,rdfs:subClassOf,http://kbpedia.org/kko/rc/MusicTypeByGenre
http://kbpedia.org/kko/rc/SkaMusic,rdfs:subClassOf,owl:Thing
http://kbpedia.org/kko/rc/StringDatatype_Unlimited,rdfs:subClassOf,http://kbpedia.org/kko/rc/StringObject
http://kbpedia.org/kko/rc/StringDatatype_Unlimited,rdfs:subClassOf,owl:Thing
http://kbpedia.org/kko/rc/CelebrityCenterfold,rdfs:subClassOf,http://kbpedia.org/kko/rc/Centerfold_Generic
http://kbpedia.org/kko/rc/CelebrityCenterfold,rdfs:subClassOf,http://kbpedia.org/kko/rc/Photograph
http://kbpedia.org/kko/rc/CelebrityCenterfold,rdfs:subClassOf,owl:Thing
http://kbpedia.org/kko/rc/BoatingLicense_Document,rdfs:subClassOf,http://kbpedia.org/kko/rc/TransportationLicense_Document
http://kbpedia.org/kko/rc/BoatingLicense_Document,rdfs:subClassOf,owl:Thing
http://kbpedia.org/kko/rc/50EuroNote,rdfs:subClassOf,http://kbpedia.org/kko/rc/EuroBanknote
http://kbpedia.org/kko/rc/50EuroNote,rdfs:subClassOf,owl:Thing
http://kbpedia.org/kko/rc/NewspaperClipping,rdfs:subClassOf,http://kbpedia.org/kko/rc/Clipping
http://kbpedia.org/kko/rc/NewspaperClipping,rdfs:subClassOf,owl:Thing
http://kbpedia.org/kko/rc/RenaissanceMusic,rdfs:subClassOf,http://kbpedia.org/kko/rc/MusicTypeByGenre
http://kbpedia.org/kko/rc/RenaissanceMusic,rdfs:subClassOf,owl:Thing
http://kbpedia.org/kko/rc/ClothingLabel,rdfs:subClassOf,http://kbpedia.org/kko/rc/Label
http://kbpedia.org/kko/rc/ClothingLabel,rdfs:subClassOf,owl:Thing
http://kbpedia.org/kko/rc/RockAndRollHallOfFame,rdfs:subClassOf,http://kbpedia.org/kko/rc/MusicalComposition_RockAndRoll
http://kbpedia.org/kko/rc/RockAndRollHallOfFame,rdfs:subClassOf,http://kbpedia.org/kko/rc/RockAndRollMusic
http://kbpedia.org/kko/rc/RockAndRollHallOfFame,rdfs:subClassOf,owl:Thing
http://kbpedia.org/kko/rc/Charter,rdfs:subClassOf,http://kbpedia.org/kko/rc/GovernmentDocument
http://kbpedia.org/kko/rc/Charter,rdfs:subClassOf,owl:Thing
http://kbpedia.org/kko/rc/ComicBookCollecting,rdfs:subClassOf,http://kbpedia.org/kko/rc/Cartoon_Still
http://kbpedia.org/kko/rc/ComicBookCollecting,rdfs:subClassOf,owl:Thing
http://kbpedia.org/kko/rc/Lladro_Figurine,rdfs:subClassOf,http://kbpedia.org/kko/rc/Figurine
http://kbpedia.org/kko/rc/Lladro_Figurine,rdfs:subClassOf,owl:Thing
http://kbpedia.org/kko/rc/MusicalComposition_Opera,rdfs:subClassOf,http://kbpedia.org/kko/rc/MusicalComposition_Classical
http://kbpedia.org/kko/rc/MusicalComposition_Opera,rdfs:subClassOf,owl:Thing
http://kbpedia.org/kko/rc/Scrapbook,rdfs:subClassOf,http://kbpedia.org/kko/rc/BookCopy
http://kbpedia.org/kko/rc/Scrapbook,rdfs:subClassOf,owl:Thing
http://kbpedia.org/kko/rc/ClassicalMusicalCompositionType,rdfs:subClassOf,http://kbpedia.org/kko/rc/ClassicalMusic
http://kbpedia.org/kko/rc/ClassicalMusicalCompositionType,rdfs:subClassOf,http://kbpedia.org/kko/rc/MusicTypeByGenre
http://kbpedia.org/kko/rc/ClassicalMusicalCompositionType,rdfs:subClassOf,owl:Thing
http://kbpedia.org/kko/rc/DenominationCurrency,rdfs:subClassOf,http://kbpedia.org/kko/rc/Currency
http://kbpedia.org/kko/rc/DenominationCurrency,rdfs:subClassOf,owl:Thing
http://kbpedia.org/kko/rc/MusicOfAthens_Georgia,rdfs:subClassOf,http://kbpedia.org/kko/rc/MusicByRegion
http://kbpedia.org/kko/rc/MusicOfAthens_Georgia,rdfs:subClassOf,owl:Thing
http://kbpedia.org/kko/rc/IlluminatedManuscript,rdfs:subClassOf,http://kbpedia.org/kko/rc/Manuscript
http://kbpedia.org/kko/rc/IlluminatedManuscript,rdfs:subClassOf,owl:Thing
http://kbpedia.org/kko/rc/GraphicalSound,rdfs:subClassOf,http://kbpedia.org/kko/rc/SyntheticSound
http://kbpedia.org/kko/rc/GraphicalSound,rdfs:subClassOf,owl:Thing
http://kbpedia.org/kko/rc/TVShowOnFinance,rdfs:subClassOf,http://kbpedia.org/kko/rc/InformativeTVShow
http://kbpedia.org/kko/rc/TVShowOnFinance,rdfs:subClassOf,owl:Thing
http://kbpedia.org/kko/rc/CreditCard_RevolvingAccount,rdfs:subClassOf,http://kbpedia.org/kko/rc/CreditCard
http://kbpedia.org/kko/rc/CreditCard_RevolvingAccount,rdfs:subClassOf,owl:Thing
http://kbpedia.org/kko/rc/ContemporaryWorshipMusic,rdfs:subClassOf,http://kbpedia.org/kko/rc/ChristianMusicGenre
http://kbpedia.org/kko/rc/ContemporaryWorshipMusic,rdfs:subClassOf,owl:Thing
http://kbpedia.org/kko/rc/Madrigal,rdfs:subClassOf,http://kbpedia.org/kko/rc/ClassicalMusic_Baroque
http://kbpedia.org/kko/rc/Madrigal,rdfs:subClassOf,http://kbpedia.org/kko/rc/MusicalComposition_Baroque
http://kbpedia.org/kko/rc/Madrigal,rdfs:subClassOf,owl:Thing
http://kbpedia.org/kko/rc/WeatherMap,rdfs:subClassOf,http://kbpedia.org/kko/rc/Map
http://kbpedia.org/kko/rc/WeatherMap,rdfs:subClassOf,owl:Thing
http://kbpedia.org/kko/rc/Gold_Medal,rdfs:subClassOf,http://kbpedia.org/kko/rc/Medal_Physical
http://kbpedia.org/kko/rc/Gold_Medal,rdfs:subClassOf,owl:Thing
http://kbpedia.org/kko/rc/PhotoAlbum,rdfs:subClassOf,http://kbpedia.org/kko/rc/Scrapbook
http://kbpedia.org/kko/rc/PhotoAlbum,rdfs:subClassOf,owl:Thing
http://kbpedia.org/kko/rc/Tattooing,rdfs:subClassOf,http://kbpedia.org/kko/rc/BodyArt
http://kbpedia.org/kko/rc/Tattooing,rdfs:subClassOf,owl:Thing
http://kbpedia.org/kko/rc/WesternGenreAnimeAndManga,rdfs:subClassOf,http://kbpedia.org/kko/rc/Manga
http://kbpedia.org/kko/rc/WesternGenreAnimeAndManga,rdfs:subClassOf,http://kbpedia.org/kko/rc/WesternGenreAnimation
http://kbpedia.org/kko/rc/WesternGenreAnimeAndManga,rdfs:subClassOf,owl:Thing
http://kbpedia.org/kko/rc/TenDollarBill_US,rdfs:subClassOf,http://kbpedia.org/kko/rc/Bill_US
http://kbpedia.org/kko/rc/TenDollarBill_US,rdfs:subClassOf,owl:Thing
http://kbpedia.org/kko/rc/TVShowOnHealth,rdfs:subClassOf,http://kbpedia.org/kko/rc/InformativeTVShow
http://kbpedia.org/kko/rc/TVShowOnHealth,rdfs:subClassOf,owl:Thing
http://kbpedia.org/kko/rc/Codex,rdfs:subClassOf,http://kbpedia.org/kko/rc/Manuscript
http://kbpedia.org/kko/rc/Codex,rdfs:subClassOf,owl:Thing
http://kbpedia.org/kko/rc/DepartmentOfCommerceGoldMedal,rdfs:subClassOf,http://kbpedia.org/kko/rc/Gold_Medal
http://kbpedia.org/kko/rc/DepartmentOfCommerceGoldMedal,rdfs:subClassOf,owl:Thing
http://kbpedia.org/kko/rc/MusicalImprovisation,rdfs:subClassOf,http://kbpedia.org/kko/rc/MusicalComposition
http://kbpedia.org/kko/rc/MusicalImprovisation,rdfs:subClassOf,owl:Thing
http://kbpedia.org/kko/rc/ProgressiveRockMusic,rdfs:subClassOf,http://kbpedia.org/kko/rc/RockMusic
http://kbpedia.org/kko/rc/ProgressiveRockMusic,rdfs:subClassOf,owl:Thing
http://kbpedia.org/kko/rc/VideoConceptualWork,rdfs:subClassOf,http://kbpedia.org/kko/rc/VisualWork
http://kbpedia.org/kko/rc/VideoConceptualWork,rdfs:subClassOf,owl:Thing
http://kbpedia.org/kko/rc/HudsonRiverSchool,rdfs:subClassOf,http://kbpedia.org/kko/rc/ArtMovement
http://kbpedia.org/kko/rc/HudsonRiverSchool,rdfs:subClassOf,owl:Thing
http://kbpedia.org/kko/rc/NBC_Mystery_Movie,rdfs:subClassOf,http://kbpedia.org/kko/rc/MysteryMovie
http://kbpedia.org/kko/rc/NBC_Mystery_Movie,rdfs:subClassOf,owl:Thing
http://kbpedia.org/kko/rc/Currency,rdfs:subClassOf,http://kbpedia.org/kko/rc/HardcopyInformationBearingObject
http://kbpedia.org/kko/rc/Currency,rdfs:subClassOf,owl:Thing
http://kbpedia.org/kko/rc/Barclaycard,rdfs:subClassOf,http://kbpedia.org/kko/rc/CreditCard_RevolvingAccount
http://kbpedia.org/kko/rc/Barclaycard,rdfs:subClassOf,owl:Thing
http://kbpedia.org/kko/rc/FilmAndTelevisionPodcast,rdfs:subClassOf,http://kbpedia.org/kko/rc/MovingImage
http://kbpedia.org/kko/rc/FilmAndTelevisionPodcast,rdfs:subClassOf,owl:Thing
http://kbpedia.org/kko/rc/DriversLicense_Document,rdfs:subClassOf,http://kbpedia.org/kko/rc/TransportationLicense_Document
http://kbpedia.org/kko/rc/DriversLicense_Document,rdfs:subClassOf,owl:Thing
http://kbpedia.org/kko/rc/ClassicalMusic,rdfs:subClassOf,http://kbpedia.org/kko/rc/MusicTypeByGenre
http://kbpedia.org/kko/rc/ClassicalMusic,rdfs:subClassOf,owl:Thing
http://kbpedia.org/kko/rc/PoliceTVShow,rdfs:subClassOf,http://kbpedia.org/kko/rc/FictionalTVShow
http://kbpedia.org/kko/rc/PoliceTVShow,rdfs:subClassOf,owl:Thing
http://kbpedia.org/kko/rc/XRayImage,rdfs:subClassOf,http://kbpedia.org/kko/rc/StillImage
http://kbpedia.org/kko/rc/XRayImage,rdfs:subClassOf,owl:Thing
http://kbpedia.org/kko/rc/CatalogCopy,rdfs:subClassOf,http://kbpedia.org/kko/rc/Paper_IBO
http://kbpedia.org/kko/rc/CatalogCopy,rdfs:subClassOf,http://kbpedia.org/kko/rc/HardcopyInformationBearingObject
http://kbpedia.org/kko/rc/CatalogCopy,rdfs:subClassOf,owl:Thing
http://kbpedia.org/kko/rc/QuoteRequestDocument,rdfs:subClassOf,http://kbpedia.org/kko/rc/OfficialDocument
http://kbpedia.org/kko/rc/QuoteRequestDocument,rdfs:subClassOf,owl:Thing
http://kbpedia.org/kko/rc/AztecCodex,rdfs:subClassOf,http://kbpedia.org/kko/rc/Codex
http://kbpedia.org/kko/rc/AztecCodex,rdfs:subClassOf,owl:Thing
http://kbpedia.org/kko/rc/BallroomDanceMusic,rdfs:subClassOf,http://kbpedia.org/kko/rc/MusicTypeByGenre
http://kbpedia.org/kko/rc/BallroomDanceMusic,rdfs:subClassOf,owl:Thing
http://kbpedia.org/kko/rc/MelodicMotion,rdfs:subClassOf,http://kbpedia.org/kko/rc/Tune
http://kbpedia.org/kko/rc/MelodicMotion,rdfs:subClassOf,owl:Thing
http://kbpedia.org/kko/rc/CanterburyScene,rdfs:subClassOf,http://kbpedia.org/kko/rc/MusicTypeOpenGenre
http://kbpedia.org/kko/rc/CanterburyScene,rdfs:subClassOf,http://kbpedia.org/kko/rc/ProgressiveRockMusic
http://kbpedia.org/kko/rc/CanterburyScene,rdfs:subClassOf,owl:Thing
http://kbpedia.org/kko/rc/LibertyHeadNickel,rdfs:subClassOf,http://kbpedia.org/kko/rc/NickelCoin_US
http://kbpedia.org/kko/rc/LibertyHeadNickel,rdfs:subClassOf,owl:Thing
http://kbpedia.org/kko/rc/CelticRockMusic,rdfs:subClassOf,http://kbpedia.org/kko/rc/MusicalComposition_Celtic
http://kbpedia.org/kko/rc/CelticRockMusic,rdfs:subClassOf,owl:Thing
http://kbpedia.org/kko/rc/Engraving_ArtMethod,rdfs:subClassOf,http://kbpedia.org/kko/rc/Engraving
http://kbpedia.org/kko/rc/Engraving_ArtMethod,rdfs:subClassOf,owl:Thing
http://kbpedia.org/kko/rc/OriginalWorkOfArt,rdfs:subClassOf,http://kbpedia.org/kko/rc/ArtObject
http://kbpedia.org/kko/rc/OriginalWorkOfArt,rdfs:subClassOf,owl:Thing
http://kbpedia.org/kko/rc/Likeness,rdfs:subClassOf,http://kbpedia.org/kko/rc/VisualImage
http://kbpedia.org/kko/rc/Likeness,rdfs:subClassOf,owl:Thing
http://kbpedia.org/kko/rc/AustralianCountryMusic,rdfs:subClassOf,http://kbpedia.org/kko/rc/CountryMusic
http://kbpedia.org/kko/rc/AustralianCountryMusic,rdfs:subClassOf,http://kbpedia.org/kko/rc/MusicTypeOpenGenre
http://kbpedia.org/kko/rc/AustralianCountryMusic,rdfs:subClassOf,http://kbpedia.org/kko/rc/MusicalComposition_Country
http://kbpedia.org/kko/rc/AustralianCountryMusic,rdfs:subClassOf,owl:Thing
http://kbpedia.org/kko/rc/RapMusic,rdfs:subClassOf,http://kbpedia.org/kko/rc/MusicTypeByGenre
http://kbpedia.org/kko/rc/RapMusic,rdfs:subClassOf,owl:Thing
http://kbpedia.org/kko/rc/CatholicMusic,rdfs:subClassOf,http://kbpedia.org/kko/rc/MusicalComposition_Christian
http://kbpedia.org/kko/rc/CatholicMusic,rdfs:subClassOf,owl:Thing
http://kbpedia.org/kko/rc/RailwaySignal,rdfs:subClassOf,http://kbpedia.org/kko/rc/VisualInformationBearingThing
http://kbpedia.org/kko/rc/RailwaySignal,rdfs:subClassOf,owl:Thing
http://kbpedia.org/kko/rc/Movie,rdfs:subClassOf,http://kbpedia.org/kko/rc/AVMediaProduct
http://kbpedia.org/kko/rc/Movie,rdfs:subClassOf,http://kbpedia.org/kko/rc/VideoConceptualWork
http://kbpedia.org/kko/rc/Movie,rdfs:subClassOf,http://kbpedia.org/kko/rc/VisualWork
http://kbpedia.org/kko/rc/Movie,rdfs:subClassOf,owl:Thing
http://kbpedia.org/kko/rc/Table_Visual,rdfs:subClassOf,http://kbpedia.org/kko/rc/VisualArtifact
http://kbpedia.org/kko/rc/Table_Visual,rdfs:subClassOf,owl:Thing
http://kbpedia.org/kko/rc/FilmsUsingStopMotionAnimation,rdfs:subClassOf,http://kbpedia.org/kko/rc/MovingImage
http://kbpedia.org/kko/rc/FilmsUsingStopMotionAnimation,rdfs:subClassOf,owl:Thing
http://kbpedia.org/kko/rc/SilentFilmMusic,rdfs:subClassOf,http://kbpedia.org/kko/rc/MusicTypeByGenre
http://kbpedia.org/kko/rc/SilentFilmMusic,rdfs:subClassOf,owl:Thing
http://kbpedia.org/kko/rc/MelodicSection,rdfs:subClassOf,http://kbpedia.org/kko/rc/Tune
http://kbpedia.org/kko/rc/MelodicSection,rdfs:subClassOf,owl:Thing
http://kbpedia.org/kko/rc/WetTShirtPicture,rdfs:subClassOf,http://kbpedia.org/kko/rc/PornographicPicture
http://kbpedia.org/kko/rc/WetTShirtPicture,rdfs:subClassOf,owl:Thing
http://kbpedia.org/kko/rc/ClassicalMusic_Baroque,rdfs:subClassOf,http://kbpedia.org/kko/rc/ClassicalMusic
http://kbpedia.org/kko/rc/ClassicalMusic_Baroque,rdfs:subClassOf,owl:Thing
http://kbpedia.org/kko/rc/StoneMountainMemorialHalfDollar,rdfs:subClassOf,http://kbpedia.org/kko/rc/HalfDollarCoin_US
http://kbpedia.org/kko/rc/StoneMountainMemorialHalfDollar,rdfs:subClassOf,owl:Thing
http://kbpedia.org/kko/rc/SuspenseAnimeAndManga,rdfs:subClassOf,http://kbpedia.org/kko/rc/Manga
http://kbpedia.org/kko/rc/SuspenseAnimeAndManga,rdfs:subClassOf,owl:Thing
http://kbpedia.org/kko/rc/DeedOfTrust,rdfs:subClassOf,http://kbpedia.org/kko/rc/LegalDocument
http://kbpedia.org/kko/rc/DeedOfTrust,rdfs:subClassOf,owl:Thing
http://kbpedia.org/kko/rc/ComparisonTable,rdfs:subClassOf,http://kbpedia.org/kko/rc/Table_Visual
http://kbpedia.org/kko/rc/ComparisonTable,rdfs:subClassOf,owl:Thing
http://kbpedia.org/kko/rc/FilmAndVideoFandom,rdfs:subClassOf,http://kbpedia.org/kko/rc/MovingImage
http://kbpedia.org/kko/rc/FilmAndVideoFandom,rdfs:subClassOf,owl:Thing
http://kbpedia.org/kko/rc/Otherkin,rdfs:subClassOf,http://kbpedia.org/kko/rc/MusicalComposition_NewAge
http://kbpedia.org/kko/rc/Otherkin,rdfs:subClassOf,owl:Thing
http://kbpedia.org/kko/rc/MusicalComposition_AlternativeCountry,rdfs:subClassOf,http://kbpedia.org/kko/rc/MusicTypeOpenGenre
http://kbpedia.org/kko/rc/MusicalComposition_AlternativeCountry,rdfs:subClassOf,http://kbpedia.org/kko/rc/MusicalComposition_Country
http://kbpedia.org/kko/rc/MusicalComposition_AlternativeCountry,rdfs:subClassOf,owl:Thing
http://kbpedia.org/kko/rc/PayStub,rdfs:subClassOf,http://kbpedia.org/kko/rc/OfficialDocument
http://kbpedia.org/kko/rc/PayStub,rdfs:subClassOf,owl:Thing
http://kbpedia.org/kko/rc/PolishMusic,rdfs:subClassOf,http://kbpedia.org/kko/rc/MusicByRegion
http://kbpedia.org/kko/rc/PolishMusic,rdfs:subClassOf,owl:Thing
http://kbpedia.org/kko/rc/EroticArt,rdfs:subClassOf,http://kbpedia.org/kko/rc/Art
http://kbpedia.org/kko/rc/EroticArt,rdfs:subClassOf,owl:Thing
http://kbpedia.org/kko/rc/Short_Time,rdfs:subClassOf,http://kbpedia.org/kko/rc/Movie
http://kbpedia.org/kko/rc/Short_Time,rdfs:subClassOf,owl:Thing
http://kbpedia.org/kko/rc/EagleCoin_US,rdfs:subClassOf,http://kbpedia.org/kko/rc/Coin_US
http://kbpedia.org/kko/rc/EagleCoin_US,rdfs:subClassOf,owl:Thing
http://kbpedia.org/kko/rc/OldieSong,rdfs:subClassOf,http://kbpedia.org/kko/rc/Song
http://kbpedia.org/kko/rc/OldieSong,rdfs:subClassOf,owl:Thing
http://kbpedia.org/kko/rc/CelebritySexTape,rdfs:subClassOf,http://kbpedia.org/kko/rc/Movie
http://kbpedia.org/kko/rc/CelebritySexTape,rdfs:subClassOf,owl:Thing
http://kbpedia.org/kko/rc/AnnouncementCard,rdfs:subClassOf,http://kbpedia.org/kko/rc/GreetingCard
http://kbpedia.org/kko/rc/AnnouncementCard,rdfs:subClassOf,owl:Thing
http://kbpedia.org/kko/rc/GeneralDischargeDocument,rdfs:subClassOf,http://kbpedia.org/kko/rc/MilitaryDischargePaper
http://kbpedia.org/kko/rc/GeneralDischargeDocument,rdfs:subClassOf,owl:Thing
http://kbpedia.org/kko/rc/ComicStrip,rdfs:subClassOf,http://kbpedia.org/kko/rc/AVMediaProduct
http://kbpedia.org/kko/rc/ComicStrip,rdfs:subClassOf,http://kbpedia.org/kko/rc/VisualArtifact
http://kbpedia.org/kko/rc/ComicStrip,rdfs:subClassOf,owl:Thing
http://kbpedia.org/kko/rc/HumanNameString,rdfs:subClassOf,http://kbpedia.org/kko/rc/ProperNameString
http://kbpedia.org/kko/rc/HumanNameString,rdfs:subClassOf,owl:Thing
http://kbpedia.org/kko/rc/CommemorativeCoin,rdfs:subClassOf,http://kbpedia.org/kko/rc/Token_Physical
http://kbpedia.org/kko/rc/CommemorativeCoin,rdfs:subClassOf,owl:Thing
http://kbpedia.org/kko/rc/NationalFlag,rdfs:subClassOf,http://kbpedia.org/kko/rc/Flag
http://kbpedia.org/kko/rc/NationalFlag,rdfs:subClassOf,owl:Thing
http://kbpedia.org/kko/rc/NewspaperCopy,rdfs:subClassOf,http://kbpedia.org/kko/rc/HardcopyInformationBearingObject
http://kbpedia.org/kko/rc/NewspaperCopy,rdfs:subClassOf,owl:Thing
http://kbpedia.org/kko/rc/MusicalComposition_Baroque,rdfs:subClassOf,http://kbpedia.org/kko/rc/MusicalComposition_Classical
http://kbpedia.org/kko/rc/MusicalComposition_Baroque,rdfs:subClassOf,http://kbpedia.org/kko/rc/MusicTypeOpenGenre
http://kbpedia.org/kko/rc/MusicalComposition_Baroque,rdfs:subClassOf,owl:Thing
http://kbpedia.org/kko/rc/HeraldicBadge,rdfs:subClassOf,http://kbpedia.org/kko/rc/Badge
http://kbpedia.org/kko/rc/HeraldicBadge,rdfs:subClassOf,owl:Thing
http://kbpedia.org/kko/rc/FolkMusic,rdfs:subClassOf,http://kbpedia.org/kko/rc/MusicTypeByGenre
http://kbpedia.org/kko/rc/FolkMusic,rdfs:subClassOf,owl:Thing
http://kbpedia.org/kko/rc/MonologueInDramaticPerformance,rdfs:subClassOf,http://kbpedia.org/kko/rc/DramaticPerformance
http://kbpedia.org/kko/rc/MonologueInDramaticPerformance,rdfs:subClassOf,owl:Thing
http://kbpedia.org/kko/rc/BiblicalEpicMovie,rdfs:subClassOf,http://kbpedia.org/kko/rc/FilmGenre
http://kbpedia.org/kko/rc/BiblicalEpicMovie,rdfs:subClassOf,owl:Thing
http://kbpedia.org/kko/rc/ClassicalMusicalCompositionTypeByMusicalForm,rdfs:subClassOf,http://kbpedia.org/kko/rc/ClassicalMusic
http://kbpedia.org/kko/rc/ClassicalMusicalCompositionTypeByMusicalForm,rdfs:subClassOf,owl:Thing
http://kbpedia.org/kko/rc/VideoGamesThatUseFigurines,rdfs:subClassOf,http://kbpedia.org/kko/rc/Figurine
http://kbpedia.org/kko/rc/VideoGamesThatUseFigurines,rdfs:subClassOf,owl:Thing
http://kbpedia.org/kko/rc/InteractiveArt,rdfs:subClassOf,http://kbpedia.org/kko/rc/DigitalArtObject
http://kbpedia.org/kko/rc/InteractiveArt,rdfs:subClassOf,owl:Thing
http://kbpedia.org/kko/rc/MagneticSign,rdfs:subClassOf,http://kbpedia.org/kko/rc/Signage
http://kbpedia.org/kko/rc/MagneticSign,rdfs:subClassOf,owl:Thing
http://kbpedia.org/kko/rc/MusicalComposition_Bluegrass,rdfs:subClassOf,http://kbpedia.org/kko/rc/MusicTypeOpenGenre
http://kbpedia.org/kko/rc/MusicalComposition_Bluegrass,rdfs:subClassOf,http://kbpedia.org/kko/rc/MusicalComposition
http://kbpedia.org/kko/rc/MusicalComposition_Bluegrass,rdfs:subClassOf,owl:Thing
http://kbpedia.org/kko/rc/FolkRockMusic,rdfs:subClassOf,http://kbpedia.org/kko/rc/FolkMusic
http://kbpedia.org/kko/rc/FolkRockMusic,rdfs:subClassOf,http://kbpedia.org/kko/rc/RockMusic
http://kbpedia.org/kko/rc/FolkRockMusic,rdfs:subClassOf,owl:Thing
http://kbpedia.org/kko/rc/Multi_MovementComposition,rdfs:subClassOf,http://kbpedia.org/kko/rc/MusicalComposition_Classical
http://kbpedia.org/kko/rc/Multi_MovementComposition,rdfs:subClassOf,owl:Thing
http://kbpedia.org/kko/rc/LandArt,rdfs:subClassOf,http://kbpedia.org/kko/rc/ArtMovement
http://kbpedia.org/kko/rc/LandArt,rdfs:subClassOf,http://kbpedia.org/kko/rc/Art
http://kbpedia.org/kko/rc/LandArt,rdfs:subClassOf,owl:Thing
http://kbpedia.org/kko/rc/MusicalComposition_PostPunk,rdfs:subClassOf,http://kbpedia.org/kko/rc/MusicTypeOpenGenre
http://kbpedia.org/kko/rc/MusicalComposition_PostPunk,rdfs:subClassOf,http://kbpedia.org/kko/rc/MusicalComposition_Rock
http://kbpedia.org/kko/rc/MusicalComposition_PostPunk,rdfs:subClassOf,owl:Thing
http://kbpedia.org/kko/rc/SymbolismArts,rdfs:subClassOf,http://kbpedia.org/kko/rc/VisualArtsGenre
http://kbpedia.org/kko/rc/SymbolismArts,rdfs:subClassOf,owl:Thing
http://kbpedia.org/kko/rc/SculptureInTheRound,rdfs:subClassOf,http://kbpedia.org/kko/rc/Sculpture
http://kbpedia.org/kko/rc/SculptureInTheRound,rdfs:subClassOf,owl:Thing
http://kbpedia.org/kko/rc/MusicOfItaly,rdfs:subClassOf,http://kbpedia.org/kko/rc/MusicByRegion
http://kbpedia.org/kko/rc/MusicOfItaly,rdfs:subClassOf,owl:Thing
http://kbpedia.org/kko/rc/BaroqueMusicManuscriptSource,rdfs:subClassOf,http://kbpedia.org/kko/rc/ClassicalMusic_Baroque
http://kbpedia.org/kko/rc/BaroqueMusicManuscriptSource,rdfs:subClassOf,http://kbpedia.org/kko/rc/MusicalComposition_Baroque
http://kbpedia.org/kko/rc/BaroqueMusicManuscriptSource,rdfs:subClassOf,owl:Thing
http://kbpedia.org/kko/rc/Featherwork,rdfs:subClassOf,http://kbpedia.org/kko/rc/Art
http://kbpedia.org/kko/rc/Featherwork,rdfs:subClassOf,http://kbpedia.org/kko/rc/VisualWork
http://kbpedia.org/kko/rc/Featherwork,rdfs:subClassOf,owl:Thing
http://kbpedia.org/kko/rc/ImageCatalogue,rdfs:subClassOf,http://kbpedia.org/kko/rc/VisualWork
http://kbpedia.org/kko/rc/ImageCatalogue,rdfs:subClassOf,owl:Thing
http://kbpedia.org/kko/rc/OrchestralComposition,rdfs:subClassOf,http://kbpedia.org/kko/rc/MusicalComposition_Classical
http://kbpedia.org/kko/rc/OrchestralComposition,rdfs:subClassOf,owl:Thing
http://kbpedia.org/kko/rc/LawyerTVShow,rdfs:subClassOf,http://kbpedia.org/kko/rc/FictionalTVShow
http://kbpedia.org/kko/rc/LawyerTVShow,rdfs:subClassOf,owl:Thing
http://kbpedia.org/kko/rc/BroadcastSeriesProduct,rdfs:subClassOf,http://kbpedia.org/kko/rc/AVMediaSeriesProduct
http://kbpedia.org/kko/rc/BroadcastSeriesProduct,rdfs:subClassOf,http://kbpedia.org/kko/rc/BroadcastMediaProduct
http://kbpedia.org/kko/rc/BroadcastSeriesProduct,rdfs:subClassOf,owl:Thing
http://kbpedia.org/kko/rc/Bust_Sculpture,rdfs:subClassOf,http://kbpedia.org/kko/rc/SculptureInTheRound
http://kbpedia.org/kko/rc/Bust_Sculpture,rdfs:subClassOf,http://kbpedia.org/kko/rc/Sculpture
http://kbpedia.org/kko/rc/Bust_Sculpture,rdfs:subClassOf,owl:Thing
http://kbpedia.org/kko/rc/WorkVisa_Document,rdfs:subClassOf,http://kbpedia.org/kko/rc/Visa_Document
http://kbpedia.org/kko/rc/WorkVisa_Document,rdfs:subClassOf,owl:Thing
http://kbpedia.org/kko/rc/Accepted,rdfs:subClassOf,http://kbpedia.org/kko/rc/Movie
http://kbpedia.org/kko/rc/Accepted,rdfs:subClassOf,owl:Thing
http://kbpedia.org/kko/rc/BritishFolkRockMusic,rdfs:subClassOf,http://kbpedia.org/kko/rc/FolkRockMusic
http://kbpedia.org/kko/rc/BritishFolkRockMusic,rdfs:subClassOf,owl:Thing
http://kbpedia.org/kko/rc/TelevisionFranchise,rdfs:subClassOf,http://kbpedia.org/kko/rc/TVSeriesProduct
http://kbpedia.org/kko/rc/TelevisionFranchise,rdfs:subClassOf,owl:Thing
http://kbpedia.org/kko/rc/TIFFFile,rdfs:subClassOf,http://kbpedia.org/kko/rc/ComputerImageFile
http://kbpedia.org/kko/rc/TIFFFile,rdfs:subClassOf,owl:Thing
http://kbpedia.org/kko/rc/TVShowOnNature,rdfs:subClassOf,http://kbpedia.org/kko/rc/InformativeTVShow
http://kbpedia.org/kko/rc/TVShowOnNature,rdfs:subClassOf,owl:Thing
http://kbpedia.org/kko/rc/PrepaidTelephoneCard,rdfs:subClassOf,http://kbpedia.org/kko/rc/Card
http://kbpedia.org/kko/rc/PrepaidTelephoneCard,rdfs:subClassOf,owl:Thing
http://kbpedia.org/kko/rc/PornographicPicture,rdfs:subClassOf,http://kbpedia.org/kko/rc/VisualInformationBearingThing
http://kbpedia.org/kko/rc/PornographicPicture,rdfs:subClassOf,owl:Thing
http://kbpedia.org/kko/rc/DrugPrescription,rdfs:subClassOf,http://kbpedia.org/kko/rc/MedicalPrescription
http://kbpedia.org/kko/rc/DrugPrescription,rdfs:subClassOf,owl:Thing
http://kbpedia.org/kko/rc/Symphony,rdfs:subClassOf,http://kbpedia.org/kko/rc/Multi_MovementComposition
http://kbpedia.org/kko/rc/Symphony,rdfs:subClassOf,http://kbpedia.org/kko/rc/OrchestralComposition
http://kbpedia.org/kko/rc/Symphony,rdfs:subClassOf,owl:Thing
http://kbpedia.org/kko/rc/NewAgeMusic,rdfs:subClassOf,http://kbpedia.org/kko/rc/MusicTypeByGenre
http://kbpedia.org/kko/rc/NewAgeMusic,rdfs:subClassOf,owl:Thing
http://kbpedia.org/kko/rc/PennyCoin_US,rdfs:subClassOf,http://kbpedia.org/kko/rc/Coin_US
http://kbpedia.org/kko/rc/PennyCoin_US,rdfs:subClassOf,owl:Thing
http://kbpedia.org/kko/rc/HumanFamilyNameString,rdfs:subClassOf,http://kbpedia.org/kko/rc/HumanNameString
http://kbpedia.org/kko/rc/HumanFamilyNameString,rdfs:subClassOf,owl:Thing
http://kbpedia.org/kko/rc/Tokusatsu,rdfs:subClassOf,http://kbpedia.org/kko/rc/TelevisionSeriesByGenre
http://kbpedia.org/kko/rc/Tokusatsu,rdfs:subClassOf,owl:Thing
http://kbpedia.org/kko/rc/HitSong,rdfs:subClassOf,http://kbpedia.org/kko/rc/Song
http://kbpedia.org/kko/rc/HitSong,rdfs:subClassOf,owl:Thing
http://kbpedia.org/kko/rc/BaroquePop,rdfs:subClassOf,http://kbpedia.org/kko/rc/PopMusicGenre
http://kbpedia.org/kko/rc/BaroquePop,rdfs:subClassOf,owl:Thing
http://kbpedia.org/kko/rc/PaintingOfCupid,rdfs:subClassOf,http://kbpedia.org/kko/rc/ArtSubject
http://kbpedia.org/kko/rc/PaintingOfCupid,rdfs:subClassOf,owl:Thing
http://kbpedia.org/kko/rc/Cubism,rdfs:subClassOf,http://kbpedia.org/kko/rc/ArtStyle
http://kbpedia.org/kko/rc/Cubism,rdfs:subClassOf,owl:Thing
http://kbpedia.org/kko/rc/MilitaryTVShow,rdfs:subClassOf,http://kbpedia.org/kko/rc/FictionalTVShow
http://kbpedia.org/kko/rc/MilitaryTVShow,rdfs:subClassOf,owl:Thing
http://kbpedia.org/kko/rc/TheBeatlesAlbumCovers,rdfs:subClassOf,http://kbpedia.org/kko/rc/CoverArt
http://kbpedia.org/kko/rc/TheBeatlesAlbumCovers,rdfs:subClassOf,owl:Thing
http://kbpedia.org/kko/rc/ReligiousIcon,rdfs:subClassOf,http://kbpedia.org/kko/rc/Painting_ArtForm
http://kbpedia.org/kko/rc/ReligiousIcon,rdfs:subClassOf,owl:Thing
http://kbpedia.org/kko/rc/SuspenseMovie,rdfs:subClassOf,http://kbpedia.org/kko/rc/FilmGenre
http://kbpedia.org/kko/rc/SuspenseMovie,rdfs:subClassOf,owl:Thing
http://kbpedia.org/kko/rc/GoldCard,rdfs:subClassOf,http://kbpedia.org/kko/rc/CreditCard
http://kbpedia.org/kko/rc/GoldCard,rdfs:subClassOf,owl:Thing
http://kbpedia.org/kko/rc/RockMusic,rdfs:subClassOf,http://kbpedia.org/kko/rc/MusicTypeByGenre
http://kbpedia.org/kko/rc/RockMusic,rdfs:subClassOf,owl:Thing
http://kbpedia.org/kko/rc/VisualInformationBearingThing,rdfs:subClassOf,http://kbpedia.org/ontologies/kko#VisualInfo
http://kbpedia.org/kko/rc/VisualInformationBearingThing,rdfs:subClassOf,owl:Thing
http://kbpedia.org/kko/rc/Nameplate,rdfs:subClassOf,http://kbpedia.org/kko/rc/StationarySign
http://kbpedia.org/kko/rc/Nameplate,rdfs:subClassOf,http://kbpedia.org/kko/rc/VisualLabel
http://kbpedia.org/kko/rc/Nameplate,rdfs:subClassOf,owl:Thing
http://kbpedia.org/kko/rc/Petroglyph,rdfs:subClassOf,http://kbpedia.org/kko/rc/AncientArt
http://kbpedia.org/kko/rc/Petroglyph,rdfs:subClassOf,http://kbpedia.org/kko/rc/TwoDimensionalArtObject
http://kbpedia.org/kko/rc/Petroglyph,rdfs:subClassOf,owl:Thing
http://kbpedia.org/kko/rc/MajorCreditCard,rdfs:subClassOf,http://kbpedia.org/kko/rc/CreditCard
http://kbpedia.org/kko/rc/MajorCreditCard,rdfs:subClassOf,owl:Thing
http://kbpedia.org/kko/rc/PilotsLicense_Document,rdfs:subClassOf,http://kbpedia.org/kko/rc/TransportationLicense_Document
http://kbpedia.org/kko/rc/PilotsLicense_Document,rdfs:subClassOf,owl:Thing
http://kbpedia.org/kko/rc/MusicalComposition_BluesRock,rdfs:subClassOf,http://kbpedia.org/kko/rc/MusicTypeOpenGenre
http://kbpedia.org/kko/rc/MusicalComposition_BluesRock,rdfs:subClassOf,http://kbpedia.org/kko/rc/MusicalComposition_Blues
http://kbpedia.org/kko/rc/MusicalComposition_BluesRock,rdfs:subClassOf,http://kbpedia.org/kko/rc/MusicalComposition_Rock
http://kbpedia.org/kko/rc/MusicalComposition_BluesRock,rdfs:subClassOf,owl:Thing
http://kbpedia.org/kko/rc/ChoralSymphony,rdfs:subClassOf,http://kbpedia.org/kko/rc/Symphony
http://kbpedia.org/kko/rc/ChoralSymphony,rdfs:subClassOf,owl:Thing
http://kbpedia.org/kko/rc/ComicStripAsArtForm,rdfs:subClassOf,http://kbpedia.org/kko/rc/TwoDimensionalArtObject
http://kbpedia.org/kko/rc/ComicStripAsArtForm,rdfs:subClassOf,owl:Thing
http://kbpedia.org/kko/rc/ColorImage,rdfs:subClassOf,http://kbpedia.org/kko/rc/VisualImage
http://kbpedia.org/kko/rc/ColorImage,rdfs:subClassOf,owl:Thing
http://kbpedia.org/kko/rc/UpskirtPicture,rdfs:subClassOf,http://kbpedia.org/kko/rc/PornographicPicture
http://kbpedia.org/kko/rc/UpskirtPicture,rdfs:subClassOf,http://kbpedia.org/kko/rc/VisualImage
http://kbpedia.org/kko/rc/UpskirtPicture,rdfs:subClassOf,owl:Thing
http://kbpedia.org/kko/rc/MusicalComposition_Progressive,rdfs:subClassOf,http://kbpedia.org/kko/rc/MusicTypeOpenGenre
http://kbpedia.org/kko/rc/MusicalComposition_Progressive,rdfs:subClassOf,http://kbpedia.org/kko/rc/MusicalComposition
http://kbpedia.org/kko/rc/MusicalComposition_Progressive,rdfs:subClassOf,owl:Thing
http://kbpedia.org/kko/rc/Scene_Dramatic,rdfs:subClassOf,http://kbpedia.org/kko/rc/DramaticPerformance
http://kbpedia.org/kko/rc/Scene_Dramatic,rdfs:subClassOf,owl:Thing
http://kbpedia.org/kko/rc/CancelledCheck,rdfs:subClassOf,http://kbpedia.org/kko/rc/Paper_IBO
http://kbpedia.org/kko/rc/CancelledCheck,rdfs:subClassOf,owl:Thing
http://kbpedia.org/kko/rc/DiscoverCard,rdfs:subClassOf,http://kbpedia.org/kko/rc/CreditCard_RevolvingAccount
http://kbpedia.org/kko/rc/DiscoverCard,rdfs:subClassOf,http://kbpedia.org/kko/rc/MajorCreditCard
http://kbpedia.org/kko/rc/DiscoverCard,rdfs:subClassOf,owl:Thing
http://kbpedia.org/kko/rc/ProfessionalTitleOrCertification,rdfs:subClassOf,http://kbpedia.org/kko/rc/Certification
http://kbpedia.org/kko/rc/ProfessionalTitleOrCertification,rdfs:subClassOf,owl:Thing
http://kbpedia.org/kko/rc/WeddingCard,rdfs:subClassOf,http://kbpedia.org/kko/rc/OccasionCard
http://kbpedia.org/kko/rc/WeddingCard,rdfs:subClassOf,owl:Thing
http://kbpedia.org/kko/rc/StillLifeImage,rdfs:subClassOf,http://kbpedia.org/kko/rc/VisualImage
http://kbpedia.org/kko/rc/StillLifeImage,rdfs:subClassOf,owl:Thing
http://kbpedia.org/kko/rc/CumShot,rdfs:subClassOf,http://kbpedia.org/kko/rc/PornographicPicture
http://kbpedia.org/kko/rc/CumShot,rdfs:subClassOf,owl:Thing
http://kbpedia.org/kko/rc/JapaneseComicStrip,rdfs:subClassOf,http://kbpedia.org/kko/rc/Manga
http://kbpedia.org/kko/rc/JapaneseComicStrip,rdfs:subClassOf,owl:Thing
http://kbpedia.org/kko/rc/BroadcastMediaProduct,rdfs:subClassOf,http://kbpedia.org/kko/rc/AVMediaProduct
http://kbpedia.org/kko/rc/BroadcastMediaProduct,rdfs:subClassOf,owl:Thing
http://kbpedia.org/kko/rc/WelshMusic,rdfs:subClassOf,http://kbpedia.org/kko/rc/MusicByRegion
http://kbpedia.org/kko/rc/WelshMusic,rdfs:subClassOf,owl:Thing
http://kbpedia.org/kko/rc/AlgorithmicArt,rdfs:subClassOf,http://kbpedia.org/kko/rc/DigitalArtObject
http://kbpedia.org/kko/rc/AlgorithmicArt,rdfs:subClassOf,owl:Thing
http://kbpedia.org/kko/rc/Scene_film,rdfs:subClassOf,http://kbpedia.org/kko/rc/Scene_Dramatic
http://kbpedia.org/kko/rc/Scene_film,rdfs:subClassOf,owl:Thing
http://kbpedia.org/kko/rc/TableOfContents,rdfs:subClassOf,http://kbpedia.org/kko/rc/List_Information
http://kbpedia.org/kko/rc/TableOfContents,rdfs:subClassOf,owl:Thing
http://kbpedia.org/kko/rc/MusicalEra,rdfs:subClassOf,http://kbpedia.org/kko/rc/Music
http://kbpedia.org/kko/rc/MusicalEra,rdfs:subClassOf,owl:Thing
http://kbpedia.org/kko/rc/MusicOfTheSouthernUnitedStates,rdfs:subClassOf,http://kbpedia.org/kko/rc/MusicByRegion
http://kbpedia.org/kko/rc/MusicOfTheSouthernUnitedStates,rdfs:subClassOf,owl:Thing
http://kbpedia.org/kko/rc/Passport,rdfs:subClassOf,http://kbpedia.org/kko/rc/CertificateDocument
http://kbpedia.org/kko/rc/Passport,rdfs:subClassOf,http://kbpedia.org/kko/rc/LegalDocument
http://kbpedia.org/kko/rc/Passport,rdfs:subClassOf,http://kbpedia.org/kko/rc/NationalIDDocument
http://kbpedia.org/kko/rc/Passport,rdfs:subClassOf,http://kbpedia.org/kko/rc/IDDocument
http://kbpedia.org/kko/rc/Passport,rdfs:subClassOf,owl:Thing
http://kbpedia.org/kko/rc/Backlit,rdfs:subClassOf,http://kbpedia.org/ontologies/kko#VisualInfo
http://kbpedia.org/kko/rc/Backlit,rdfs:subClassOf,owl:Thing
http://kbpedia.org/kko/rc/ChamberMusicComposition,rdfs:subClassOf,http://kbpedia.org/kko/rc/MusicalComposition_Classical
http://kbpedia.org/kko/rc/ChamberMusicComposition,rdfs:subClassOf,owl:Thing
http://kbpedia.org/kko/rc/AVIFile,rdfs:subClassOf,http://kbpedia.org/kko/rc/ComputerVideoFile
http://kbpedia.org/kko/rc/AVIFile,rdfs:subClassOf,owl:Thing
http://kbpedia.org/kko/rc/AudibleMedicalSign,rdfs:subClassOf,http://kbpedia.org/kko/rc/Sound
http://kbpedia.org/kko/rc/AudibleMedicalSign,rdfs:subClassOf,owl:Thing
http://kbpedia.org/kko/rc/StringQuartetComposition,rdfs:subClassOf,http://kbpedia.org/kko/rc/ChamberMusicComposition
http://kbpedia.org/kko/rc/StringQuartetComposition,rdfs:subClassOf,owl:Thing
http://kbpedia.org/kko/rc/PersianGulfMusic,rdfs:subClassOf,http://kbpedia.org/kko/rc/MusicByRegion
http://kbpedia.org/kko/rc/PersianGulfMusic,rdfs:subClassOf,owl:Thing
http://kbpedia.org/kko/rc/HeraldicDevice,rdfs:subClassOf,http://kbpedia.org/kko/rc/Insignia
http://kbpedia.org/kko/rc/HeraldicDevice,rdfs:subClassOf,owl:Thing
http://kbpedia.org/kko/rc/AlternativeRockMusic,rdfs:subClassOf,http://kbpedia.org/kko/rc/RockMusic
http://kbpedia.org/kko/rc/AlternativeRockMusic,rdfs:subClassOf,http://kbpedia.org/kko/rc/MusicTypeByGenre
http://kbpedia.org/kko/rc/AlternativeRockMusic,rdfs:subClassOf,owl:Thing
http://kbpedia.org/kko/rc/OlympicMedal,rdfs:subClassOf,http://kbpedia.org/kko/rc/Medal_Physical
http://kbpedia.org/kko/rc/OlympicMedal,rdfs:subClassOf,owl:Thing
http://kbpedia.org/kko/rc/ClassicalMusicalEra,rdfs:subClassOf,http://kbpedia.org/kko/rc/MusicalEra
http://kbpedia.org/kko/rc/ClassicalMusicalEra,rdfs:subClassOf,owl:Thing
http://kbpedia.org/kko/rc/NoWave,rdfs:subClassOf,http://kbpedia.org/kko/rc/PostPunkMusic
http://kbpedia.org/kko/rc/NoWave,rdfs:subClassOf,http://kbpedia.org/kko/rc/MusicTypeOpenGenre
http://kbpedia.org/kko/rc/NoWave,rdfs:subClassOf,http://kbpedia.org/kko/rc/MusicTypeByGenre
http://kbpedia.org/kko/rc/NoWave,rdfs:subClassOf,owl:Thing
http://kbpedia.org/kko/rc/HeavyMetalMusic,rdfs:subClassOf,http://kbpedia.org/kko/rc/RockMusic
http://kbpedia.org/kko/rc/HeavyMetalMusic,rdfs:subClassOf,owl:Thing
http://kbpedia.org/kko/rc/MusicalComposition_ProgressiveRock,rdfs:subClassOf,http://kbpedia.org/kko/rc/MusicalComposition_Progressive
http://kbpedia.org/kko/rc/MusicalComposition_ProgressiveRock,rdfs:subClassOf,http://kbpedia.org/kko/rc/MusicalComposition_Rock
http://kbpedia.org/kko/rc/MusicalComposition_ProgressiveRock,rdfs:subClassOf,http://kbpedia.org/kko/rc/MusicTypeOpenGenre
http://kbpedia.org/kko/rc/MusicalComposition_ProgressiveRock,rdfs:subClassOf,owl:Thing
http://kbpedia.org/kko/rc/MovingImageWithSound,rdfs:subClassOf,http://kbpedia.org/kko/rc/VisualWork
http://kbpedia.org/kko/rc/MovingImageWithSound,rdfs:subClassOf,http://kbpedia.org/ontologies/kko#AVInfo
http://kbpedia.org/kko/rc/MovingImageWithSound,rdfs:subClassOf,owl:Thing
http://kbpedia.org/kko/rc/TVShowOnScience,rdfs:subClassOf,http://kbpedia.org/kko/rc/InformativeTVShow
http://kbpedia.org/kko/rc/TVShowOnScience,rdfs:subClassOf,owl:Thing
http://kbpedia.org/kko/rc/LightMusic,rdfs:subClassOf,http://kbpedia.org/kko/rc/ClassicalMusic
http://kbpedia.org/kko/rc/LightMusic,rdfs:subClassOf,owl:Thing
http://kbpedia.org/kko/rc/Sash,rdfs:subClassOf,http://kbpedia.org/kko/rc/Insignia
http://kbpedia.org/kko/rc/Sash,rdfs:subClassOf,owl:Thing
http://kbpedia.org/kko/rc/FractalRepresentation,rdfs:subClassOf,http://kbpedia.org/kko/rc/StillImageSource
http://kbpedia.org/kko/rc/FractalRepresentation,rdfs:subClassOf,owl:Thing
http://kbpedia.org/kko/rc/TelevisionImage,rdfs:subClassOf,http://kbpedia.org/kko/rc/MovingImage
http://kbpedia.org/kko/rc/TelevisionImage,rdfs:subClassOf,owl:Thing
