id,subclassof,parent
http://kbpedia.org/kko/rc/BrilliantOrange_Color,rdfs:subClassOf,http://kbpedia.org/kko/rc/Yellowish
http://kbpedia.org/kko/rc/BrilliantOrange_Color,rdfs:subClassOf,owl:Thing
http://kbpedia.org/kko/rc/BrilliantOrange_Color,rdfs:subClassOf,http://kbpedia.org/kko/rc/ColoredThing
http://kbpedia.org/kko/rc/PartyGift,rdfs:subClassOf,http://kbpedia.org/kko/rc/Gift
http://kbpedia.org/kko/rc/PartyGift,rdfs:subClassOf,owl:Thing
http://kbpedia.org/kko/rc/Purplish,rdfs:subClassOf,http://kbpedia.org/kko/rc/ObjectTypeByColorTinge
http://kbpedia.org/kko/rc/Purplish,rdfs:subClassOf,owl:Thing
http://kbpedia.org/kko/rc/BrilliantYellow_Color,rdfs:subClassOf,http://kbpedia.org/kko/rc/AureolinColor
http://kbpedia.org/kko/rc/BrilliantYellow_Color,rdfs:subClassOf,owl:Thing
http://kbpedia.org/kko/rc/BrilliantYellow_Color,rdfs:subClassOf,http://kbpedia.org/kko/rc/OchreColor
http://kbpedia.org/kko/rc/MunsellBrightness,rdfs:subClassOf,http://kbpedia.org/kko/rc/Color
http://kbpedia.org/kko/rc/MunsellBrightness,rdfs:subClassOf,owl:Thing
http://kbpedia.org/kko/rc/Thermopause_PlanetEarth,rdfs:subClassOf,http://kbpedia.org/kko/rc/AtmosphericBoundaryLayer
http://kbpedia.org/kko/rc/Thermopause_PlanetEarth,rdfs:subClassOf,owl:Thing
http://kbpedia.org/kko/rc/MunsellChroma,rdfs:subClassOf,http://kbpedia.org/kko/rc/Color
http://kbpedia.org/kko/rc/MunsellChroma,rdfs:subClassOf,owl:Thing
http://kbpedia.org/kko/rc/Matter,rdfs:subClassOf,http://kbpedia.org/ontologies/kko#Manifestations
http://kbpedia.org/kko/rc/Matter,rdfs:subClassOf,owl:Thing
http://kbpedia.org/kko/rc/MunsellHue,rdfs:subClassOf,http://kbpedia.org/kko/rc/Color
http://kbpedia.org/kko/rc/MunsellHue,rdfs:subClassOf,owl:Thing
http://kbpedia.org/kko/rc/CeramicMaterial,rdfs:subClassOf,http://kbpedia.org/kko/rc/Material
http://kbpedia.org/kko/rc/CeramicMaterial,rdfs:subClassOf,owl:Thing
http://kbpedia.org/kko/rc/Paste_Form,rdfs:subClassOf,http://kbpedia.org/kko/rc/HomogeneousStructure
http://kbpedia.org/kko/rc/Paste_Form,rdfs:subClassOf,owl:Thing
http://kbpedia.org/kko/rc/Paste_Form,rdfs:subClassOf,http://kbpedia.org/kko/rc/SemiSolidTangibleThing
http://kbpedia.org/kko/rc/Container,rdfs:subClassOf,http://kbpedia.org/kko/rc/PhysicalObject
http://kbpedia.org/kko/rc/Container,rdfs:subClassOf,owl:Thing
http://kbpedia.org/kko/rc/Thigh,rdfs:subClassOf,http://kbpedia.org/kko/rc/AnimalBodyPart_External
http://kbpedia.org/kko/rc/Thigh,rdfs:subClassOf,owl:Thing
http://kbpedia.org/kko/rc/ObjectTypes,rdfs:subClassOf,http://kbpedia.org/ontologies/kko#Manifestations
http://kbpedia.org/kko/rc/ObjectTypes,rdfs:subClassOf,owl:Thing
http://kbpedia.org/kko/rc/MushroomCloud,rdfs:subClassOf,http://kbpedia.org/kko/rc/DustCloud
http://kbpedia.org/kko/rc/MushroomCloud,rdfs:subClassOf,owl:Thing
http://kbpedia.org/kko/rc/GrayishRed_Color,rdfs:subClassOf,http://kbpedia.org/kko/rc/Brownish
http://kbpedia.org/kko/rc/GrayishRed_Color,rdfs:subClassOf,owl:Thing
http://kbpedia.org/kko/rc/GrayishRed_Color,rdfs:subClassOf,http://kbpedia.org/kko/rc/CarmineColor
http://kbpedia.org/kko/rc/GrayishRed_Color,rdfs:subClassOf,http://kbpedia.org/kko/rc/RoseColor
http://kbpedia.org/kko/rc/GrayishRed_Color,rdfs:subClassOf,http://kbpedia.org/kko/rc/VermilionColor
http://kbpedia.org/kko/rc/PhysicalObject,rdfs:subClassOf,http://kbpedia.org/kko/rc/Matter
http://kbpedia.org/kko/rc/PhysicalObject,rdfs:subClassOf,owl:Thing
http://kbpedia.org/kko/rc/PhysicalObject,rdfs:subClassOf,http://kbpedia.org/kko/rc/ObjectTypes
http://kbpedia.org/kko/rc/PeriwinkleColor,rdfs:subClassOf,http://kbpedia.org/kko/rc/Bluish
http://kbpedia.org/kko/rc/PeriwinkleColor,rdfs:subClassOf,owl:Thing
http://kbpedia.org/kko/rc/PeriwinkleColor,rdfs:subClassOf,http://kbpedia.org/kko/rc/Purplish
http://kbpedia.org/kko/rc/PeriwinkleColor,rdfs:subClassOf,http://kbpedia.org/kko/rc/ColoredThing
http://kbpedia.org/kko/rc/Chin,rdfs:subClassOf,http://kbpedia.org/kko/rc/Head_AnimalBodyPart
http://kbpedia.org/kko/rc/Chin,rdfs:subClassOf,owl:Thing
http://kbpedia.org/kko/rc/OpticalSpectrum,rdfs:subClassOf,http://kbpedia.org/kko/rc/Color
http://kbpedia.org/kko/rc/OpticalSpectrum,rdfs:subClassOf,owl:Thing
http://kbpedia.org/kko/rc/ObjectTypeByLightSource,rdfs:subClassOf,http://kbpedia.org/kko/rc/ObjectTypeBySensibleFeature
http://kbpedia.org/kko/rc/ObjectTypeByLightSource,rdfs:subClassOf,owl:Thing
http://kbpedia.org/kko/rc/ObjectTypeByLightSource,rdfs:subClassOf,http://kbpedia.org/kko/rc/ObjectTypes
http://kbpedia.org/kko/rc/Cover_Protector,rdfs:subClassOf,http://kbpedia.org/kko/rc/Covering_Object
http://kbpedia.org/kko/rc/Cover_Protector,rdfs:subClassOf,owl:Thing
http://kbpedia.org/kko/rc/GrayishReddishBrown_Color,rdfs:subClassOf,http://kbpedia.org/kko/rc/Brownish
http://kbpedia.org/kko/rc/GrayishReddishBrown_Color,rdfs:subClassOf,owl:Thing
http://kbpedia.org/kko/rc/GrayishReddishBrown_Color,rdfs:subClassOf,http://kbpedia.org/kko/rc/MaroonColor
http://kbpedia.org/kko/rc/GrayishReddishBrown_Color,rdfs:subClassOf,http://kbpedia.org/kko/rc/Reddish
http://kbpedia.org/kko/rc/AnimalBodyPart_External,rdfs:subClassOf,http://kbpedia.org/kko/rc/Protrusion
http://kbpedia.org/kko/rc/AnimalBodyPart_External,rdfs:subClassOf,owl:Thing
http://kbpedia.org/kko/rc/Translucent,rdfs:subClassOf,http://kbpedia.org/kko/rc/ObjectTypeByTransparency
http://kbpedia.org/kko/rc/Translucent,rdfs:subClassOf,owl:Thing
http://kbpedia.org/kko/rc/ExtrudedBodyPart,rdfs:subClassOf,http://kbpedia.org/kko/rc/AnimalBodyPart_External
http://kbpedia.org/kko/rc/ExtrudedBodyPart,rdfs:subClassOf,owl:Thing
http://kbpedia.org/kko/rc/GrayishPurplishBlue_Color,rdfs:subClassOf,http://kbpedia.org/kko/rc/IndigoColor
http://kbpedia.org/kko/rc/GrayishPurplishBlue_Color,rdfs:subClassOf,owl:Thing
http://kbpedia.org/kko/rc/GrayishPurplishBlue_Color,rdfs:subClassOf,http://kbpedia.org/kko/rc/PeriwinkleColor
http://kbpedia.org/kko/rc/GrayishPurplishBlue_Color,rdfs:subClassOf,http://kbpedia.org/kko/rc/UltramarineColor
http://kbpedia.org/kko/rc/Jaw,rdfs:subClassOf,http://kbpedia.org/kko/rc/Head_AnimalBodyPart
http://kbpedia.org/kko/rc/Jaw,rdfs:subClassOf,owl:Thing
http://kbpedia.org/kko/rc/AircrewClothing,rdfs:subClassOf,http://kbpedia.org/kko/rc/ClothingItem
http://kbpedia.org/kko/rc/AircrewClothing,rdfs:subClassOf,owl:Thing
http://kbpedia.org/kko/rc/DustCloud,rdfs:subClassOf,http://kbpedia.org/kko/rc/CloudlikeObject
http://kbpedia.org/kko/rc/DustCloud,rdfs:subClassOf,owl:Thing
http://kbpedia.org/kko/rc/DustCloud,rdfs:subClassOf,http://kbpedia.org/kko/rc/Opaque
http://kbpedia.org/kko/rc/DustStormAsObject,rdfs:subClassOf,http://kbpedia.org/kko/rc/DustCloud
http://kbpedia.org/kko/rc/DustStormAsObject,rdfs:subClassOf,owl:Thing
http://kbpedia.org/kko/rc/DustStormAsObject,rdfs:subClassOf,http://kbpedia.org/kko/rc/WindstormAsObject
http://kbpedia.org/kko/rc/LowerEyelid,rdfs:subClassOf,http://kbpedia.org/kko/rc/Eyelid
http://kbpedia.org/kko/rc/LowerEyelid,rdfs:subClassOf,owl:Thing
http://kbpedia.org/kko/rc/LowerLip,rdfs:subClassOf,http://kbpedia.org/kko/rc/Lip_AnimalBodyPart
http://kbpedia.org/kko/rc/LowerLip,rdfs:subClassOf,owl:Thing
http://kbpedia.org/kko/rc/ArtistsWatercolorPaint_Solution,rdfs:subClassOf,http://kbpedia.org/kko/rc/Solution
http://kbpedia.org/kko/rc/ArtistsWatercolorPaint_Solution,rdfs:subClassOf,owl:Thing
http://kbpedia.org/kko/rc/JetOfFluid,rdfs:subClassOf,http://kbpedia.org/kko/rc/FluidTangibleThing
http://kbpedia.org/kko/rc/JetOfFluid,rdfs:subClassOf,owl:Thing
http://kbpedia.org/kko/rc/Suspension,rdfs:subClassOf,http://kbpedia.org/kko/rc/Mixture
http://kbpedia.org/kko/rc/Suspension,rdfs:subClassOf,owl:Thing
http://kbpedia.org/kko/rc/Suspension,rdfs:subClassOf,http://kbpedia.org/kko/rc/SemiSolidTangibleThing
http://kbpedia.org/kko/rc/Suspension,rdfs:subClassOf,http://kbpedia.org/kko/rc/Translucent
http://kbpedia.org/kko/rc/AerosolThePowder,rdfs:subClassOf,http://kbpedia.org/kko/rc/AerosolStuff
http://kbpedia.org/kko/rc/AerosolThePowder,rdfs:subClassOf,owl:Thing
http://kbpedia.org/kko/rc/AerosolTheSolution,rdfs:subClassOf,http://kbpedia.org/kko/rc/AerosolStuff
http://kbpedia.org/kko/rc/AerosolTheSolution,rdfs:subClassOf,owl:Thing
http://kbpedia.org/kko/rc/Gemini_TheSign,rdfs:subClassOf,http://kbpedia.org/kko/rc/PersonTypeByEuropeanZodiacSign
http://kbpedia.org/kko/rc/Gemini_TheSign,rdfs:subClassOf,owl:Thing
http://kbpedia.org/kko/rc/Colloid,rdfs:subClassOf,http://kbpedia.org/kko/rc/Suspension
http://kbpedia.org/kko/rc/Colloid,rdfs:subClassOf,owl:Thing
http://kbpedia.org/kko/rc/AerosolStuff,rdfs:subClassOf,http://kbpedia.org/kko/rc/Colloid
http://kbpedia.org/kko/rc/AerosolStuff,rdfs:subClassOf,owl:Thing
http://kbpedia.org/kko/rc/AerosolStuff,rdfs:subClassOf,http://kbpedia.org/kko/rc/GaseousTangibleThing
http://kbpedia.org/kko/rc/Upholstery,rdfs:subClassOf,http://kbpedia.org/kko/rc/Cover_Protector
http://kbpedia.org/kko/rc/Upholstery,rdfs:subClassOf,owl:Thing
http://kbpedia.org/kko/rc/BlowableParticle,rdfs:subClassOf,http://kbpedia.org/kko/rc/Particle
http://kbpedia.org/kko/rc/BlowableParticle,rdfs:subClassOf,owl:Thing
http://kbpedia.org/kko/rc/BlueColor,rdfs:subClassOf,http://kbpedia.org/kko/rc/Bluish
http://kbpedia.org/kko/rc/BlueColor,rdfs:subClassOf,owl:Thing
http://kbpedia.org/kko/rc/BlueColor,rdfs:subClassOf,http://kbpedia.org/kko/rc/ColoredThing
http://kbpedia.org/kko/rc/FreeSpaceContent,rdfs:subClassOf,http://kbpedia.org/kko/rc/FluidTangibleThing
http://kbpedia.org/kko/rc/FreeSpaceContent,rdfs:subClassOf,owl:Thing
http://kbpedia.org/kko/rc/FreeSpaceContent,rdfs:subClassOf,http://kbpedia.org/kko/rc/SpatiallyContinuousThing
http://kbpedia.org/kko/rc/FreeSpaceContent,rdfs:subClassOf,http://kbpedia.org/ontologies/kko#AreaRegion
http://kbpedia.org/kko/rc/Wing_AnimalBodyPart,rdfs:subClassOf,http://kbpedia.org/kko/rc/Limb_AnimalBodyPart
http://kbpedia.org/kko/rc/Wing_AnimalBodyPart,rdfs:subClassOf,owl:Thing
http://kbpedia.org/kko/rc/Lip_AnimalBodyPart,rdfs:subClassOf,http://kbpedia.org/kko/rc/Head_AnimalBodyPart
http://kbpedia.org/kko/rc/Lip_AnimalBodyPart,rdfs:subClassOf,owl:Thing
http://kbpedia.org/kko/rc/AirspaceRegion,rdfs:subClassOf,http://kbpedia.org/kko/rc/FreeSpaceContent
http://kbpedia.org/kko/rc/AirspaceRegion,rdfs:subClassOf,owl:Thing
http://kbpedia.org/kko/rc/AirspaceRegion,rdfs:subClassOf,http://kbpedia.org/kko/rc/Place_Generic
http://kbpedia.org/kko/rc/SemiconductorMaterialStructure,rdfs:subClassOf,http://kbpedia.org/kko/rc/CondensedMatter
http://kbpedia.org/kko/rc/SemiconductorMaterialStructure,rdfs:subClassOf,owl:Thing
http://kbpedia.org/kko/rc/InsectWing,rdfs:subClassOf,http://kbpedia.org/kko/rc/Wing_AnimalBodyPart
http://kbpedia.org/kko/rc/InsectWing,rdfs:subClassOf,owl:Thing
http://kbpedia.org/kko/rc/FruitGiftBasket,rdfs:subClassOf,http://kbpedia.org/kko/rc/GiftBasket
http://kbpedia.org/kko/rc/FruitGiftBasket,rdfs:subClassOf,owl:Thing
http://kbpedia.org/kko/rc/Cancer_TheSign,rdfs:subClassOf,http://kbpedia.org/kko/rc/PersonTypeByEuropeanZodiacSign
http://kbpedia.org/kko/rc/Cancer_TheSign,rdfs:subClassOf,owl:Thing
http://kbpedia.org/kko/rc/Ear,rdfs:subClassOf,http://kbpedia.org/kko/rc/Head_AnimalBodyPart
http://kbpedia.org/kko/rc/Ear,rdfs:subClassOf,owl:Thing
http://kbpedia.org/kko/rc/Ear,rdfs:subClassOf,http://kbpedia.org/kko/rc/Protrusion
http://kbpedia.org/kko/rc/Materialization,rdfs:subClassOf,http://kbpedia.org/kko/rc/Immanence
http://kbpedia.org/kko/rc/Materialization,rdfs:subClassOf,owl:Thing
http://kbpedia.org/kko/rc/DeepGreenishBlue_Color,rdfs:subClassOf,http://kbpedia.org/kko/rc/BlueColor
http://kbpedia.org/kko/rc/DeepGreenishBlue_Color,rdfs:subClassOf,owl:Thing
http://kbpedia.org/kko/rc/DeepGreenishBlue_Color,rdfs:subClassOf,http://kbpedia.org/kko/rc/Greenish
http://kbpedia.org/kko/rc/DeepPurplishPink_Color,rdfs:subClassOf,http://kbpedia.org/kko/rc/RoseColor
http://kbpedia.org/kko/rc/DeepPurplishPink_Color,rdfs:subClassOf,owl:Thing
http://kbpedia.org/kko/rc/CanineTooth,rdfs:subClassOf,http://kbpedia.org/kko/rc/Tooth
http://kbpedia.org/kko/rc/CanineTooth,rdfs:subClassOf,owl:Thing
http://kbpedia.org/kko/rc/MaterialWithMinorGlassPhase,rdfs:subClassOf,http://kbpedia.org/kko/rc/Glass
http://kbpedia.org/kko/rc/MaterialWithMinorGlassPhase,rdfs:subClassOf,owl:Thing
http://kbpedia.org/kko/rc/DeepYellow_Color,rdfs:subClassOf,http://kbpedia.org/kko/rc/BistreColor
http://kbpedia.org/kko/rc/DeepYellow_Color,rdfs:subClassOf,owl:Thing
http://kbpedia.org/kko/rc/DeepYellow_Color,rdfs:subClassOf,http://kbpedia.org/kko/rc/Brownish
http://kbpedia.org/kko/rc/DeepYellow_Color,rdfs:subClassOf,http://kbpedia.org/kko/rc/Yellowish
http://kbpedia.org/kko/rc/DeepGreen_Color,rdfs:subClassOf,http://kbpedia.org/kko/rc/GreenColor
http://kbpedia.org/kko/rc/DeepGreen_Color,rdfs:subClassOf,owl:Thing
http://kbpedia.org/kko/rc/DeepGreen_Color,rdfs:subClassOf,http://kbpedia.org/kko/rc/Greenish
http://kbpedia.org/kko/rc/FuchsiaColor,rdfs:subClassOf,http://kbpedia.org/kko/rc/ColoredThing
http://kbpedia.org/kko/rc/FuchsiaColor,rdfs:subClassOf,owl:Thing
http://kbpedia.org/kko/rc/ExternalEar,rdfs:subClassOf,http://kbpedia.org/kko/rc/Head_AnimalBodyPart
http://kbpedia.org/kko/rc/ExternalEar,rdfs:subClassOf,owl:Thing
http://kbpedia.org/kko/rc/DeepBlue_Color,rdfs:subClassOf,http://kbpedia.org/kko/rc/IndigoColor
http://kbpedia.org/kko/rc/DeepBlue_Color,rdfs:subClassOf,owl:Thing
http://kbpedia.org/kko/rc/DeepBlue_Color,rdfs:subClassOf,http://kbpedia.org/kko/rc/SmaltColor
http://kbpedia.org/kko/rc/DeepBlue_Color,rdfs:subClassOf,http://kbpedia.org/kko/rc/UltramarineColor
http://kbpedia.org/kko/rc/SmaltColor,rdfs:subClassOf,http://kbpedia.org/kko/rc/BlueColor
http://kbpedia.org/kko/rc/SmaltColor,rdfs:subClassOf,owl:Thing
http://kbpedia.org/kko/rc/SmaltColor,rdfs:subClassOf,http://kbpedia.org/kko/rc/ChromaticColor
http://kbpedia.org/kko/rc/Earlobe,rdfs:subClassOf,http://kbpedia.org/kko/rc/ExternalEar
http://kbpedia.org/kko/rc/Earlobe,rdfs:subClassOf,owl:Thing
http://kbpedia.org/kko/rc/RoseColor,rdfs:subClassOf,http://kbpedia.org/kko/rc/ChromaticColor
http://kbpedia.org/kko/rc/RoseColor,rdfs:subClassOf,owl:Thing
http://kbpedia.org/kko/rc/RoseColor,rdfs:subClassOf,http://kbpedia.org/kko/rc/ColoredThing
http://kbpedia.org/kko/rc/MatterParticle,rdfs:subClassOf,http://kbpedia.org/kko/rc/Particle
http://kbpedia.org/kko/rc/MatterParticle,rdfs:subClassOf,owl:Thing
http://kbpedia.org/kko/rc/DeepRed_Color,rdfs:subClassOf,http://kbpedia.org/kko/rc/CarmineColor
http://kbpedia.org/kko/rc/DeepRed_Color,rdfs:subClassOf,owl:Thing
http://kbpedia.org/kko/rc/DeepRed_Color,rdfs:subClassOf,http://kbpedia.org/kko/rc/RedColor
http://kbpedia.org/kko/rc/DeepRed_Color,rdfs:subClassOf,http://kbpedia.org/kko/rc/RoseColor
http://kbpedia.org/kko/rc/DeepRed_Color,rdfs:subClassOf,http://kbpedia.org/kko/rc/RubyColor
http://kbpedia.org/kko/rc/DeepReddishBrown_Color,rdfs:subClassOf,http://kbpedia.org/kko/rc/Brownish
http://kbpedia.org/kko/rc/DeepReddishBrown_Color,rdfs:subClassOf,owl:Thing
http://kbpedia.org/kko/rc/DeepReddishBrown_Color,rdfs:subClassOf,http://kbpedia.org/kko/rc/MaroonColor
http://kbpedia.org/kko/rc/DeepReddishBrown_Color,rdfs:subClassOf,http://kbpedia.org/kko/rc/Reddish
http://kbpedia.org/kko/rc/DeepReddishOrange_Color,rdfs:subClassOf,http://kbpedia.org/kko/rc/Reddish
http://kbpedia.org/kko/rc/DeepReddishOrange_Color,rdfs:subClassOf,owl:Thing
http://kbpedia.org/kko/rc/DeepReddishOrange_Color,rdfs:subClassOf,http://kbpedia.org/kko/rc/VermilionColor
http://kbpedia.org/kko/rc/Snout_Animal,rdfs:subClassOf,http://kbpedia.org/kko/rc/AnimalBodyPart_External
http://kbpedia.org/kko/rc/Snout_Animal,rdfs:subClassOf,owl:Thing
http://kbpedia.org/kko/rc/DeepYellowishBrown_Color,rdfs:subClassOf,http://kbpedia.org/kko/rc/BrownColor
http://kbpedia.org/kko/rc/DeepYellowishBrown_Color,rdfs:subClassOf,owl:Thing
http://kbpedia.org/kko/rc/DeepYellowishBrown_Color,rdfs:subClassOf,http://kbpedia.org/kko/rc/Yellowish
http://kbpedia.org/kko/rc/AquaColor,rdfs:subClassOf,http://kbpedia.org/kko/rc/Bluish
http://kbpedia.org/kko/rc/AquaColor,rdfs:subClassOf,owl:Thing
http://kbpedia.org/kko/rc/AquaColor,rdfs:subClassOf,http://kbpedia.org/kko/rc/Greenish
http://kbpedia.org/kko/rc/PleatedConstruction,rdfs:subClassOf,http://kbpedia.org/kko/rc/ObjectTypeByFoldednessStatus
http://kbpedia.org/kko/rc/PleatedConstruction,rdfs:subClassOf,owl:Thing
http://kbpedia.org/kko/rc/AquamarineColor,rdfs:subClassOf,http://kbpedia.org/kko/rc/Bluish
http://kbpedia.org/kko/rc/AquamarineColor,rdfs:subClassOf,owl:Thing
http://kbpedia.org/kko/rc/AquamarineColor,rdfs:subClassOf,http://kbpedia.org/kko/rc/ColoredThing
http://kbpedia.org/kko/rc/ColorCode,rdfs:subClassOf,http://kbpedia.org/kko/rc/Color
http://kbpedia.org/kko/rc/ColorCode,rdfs:subClassOf,owl:Thing
http://kbpedia.org/kko/rc/ReflectedIllumination,rdfs:subClassOf,http://kbpedia.org/kko/rc/IndirectIllumination
http://kbpedia.org/kko/rc/ReflectedIllumination,rdfs:subClassOf,owl:Thing
http://kbpedia.org/kko/rc/ColorSpace,rdfs:subClassOf,http://kbpedia.org/kko/rc/Color
http://kbpedia.org/kko/rc/ColorSpace,rdfs:subClassOf,owl:Thing
http://kbpedia.org/kko/rc/ColorAppearanceModel,rdfs:subClassOf,http://kbpedia.org/kko/rc/Color
http://kbpedia.org/kko/rc/ColorAppearanceModel,rdfs:subClassOf,owl:Thing
http://kbpedia.org/kko/rc/MauveColor,rdfs:subClassOf,http://kbpedia.org/kko/rc/Purplish
http://kbpedia.org/kko/rc/MauveColor,rdfs:subClassOf,owl:Thing
http://kbpedia.org/kko/rc/MauveColor,rdfs:subClassOf,http://kbpedia.org/kko/rc/ColoredThing
http://kbpedia.org/kko/rc/ColorDepth,rdfs:subClassOf,http://kbpedia.org/kko/rc/Color
http://kbpedia.org/kko/rc/ColorDepth,rdfs:subClassOf,owl:Thing
http://kbpedia.org/kko/rc/ColoredGlass,rdfs:subClassOf,http://kbpedia.org/kko/rc/AlmostTransparent
http://kbpedia.org/kko/rc/ColoredGlass,rdfs:subClassOf,owl:Thing
http://kbpedia.org/kko/rc/ColoredGlass,rdfs:subClassOf,http://kbpedia.org/kko/rc/Solid_Glass
http://kbpedia.org/kko/rc/SnowstormAsObject,rdfs:subClassOf,http://kbpedia.org/kko/rc/StormAsEvent
http://kbpedia.org/kko/rc/SnowstormAsObject,rdfs:subClassOf,owl:Thing
http://kbpedia.org/kko/rc/Plume,rdfs:subClassOf,http://kbpedia.org/kko/rc/CloudlikeObject
http://kbpedia.org/kko/rc/Plume,rdfs:subClassOf,owl:Thing
http://kbpedia.org/kko/rc/PlumColor,rdfs:subClassOf,http://kbpedia.org/kko/rc/ChromaticColor
http://kbpedia.org/kko/rc/PlumColor,rdfs:subClassOf,owl:Thing
http://kbpedia.org/kko/rc/PlumColor,rdfs:subClassOf,http://kbpedia.org/kko/rc/ColoredThing
http://kbpedia.org/kko/rc/CrimsonColor,rdfs:subClassOf,http://kbpedia.org/kko/rc/ChromaticColor
http://kbpedia.org/kko/rc/CrimsonColor,rdfs:subClassOf,owl:Thing
http://kbpedia.org/kko/rc/CrimsonColor,rdfs:subClassOf,http://kbpedia.org/kko/rc/ColoredThing
http://kbpedia.org/kko/rc/MineralDust,rdfs:subClassOf,http://kbpedia.org/kko/rc/DustCloud
http://kbpedia.org/kko/rc/MineralDust,rdfs:subClassOf,owl:Thing
http://kbpedia.org/kko/rc/VeryLightYellowishGreen_Color,rdfs:subClassOf,http://kbpedia.org/kko/rc/Greenish
http://kbpedia.org/kko/rc/VeryLightYellowishGreen_Color,rdfs:subClassOf,owl:Thing
http://kbpedia.org/kko/rc/VeryLightYellowishGreen_Color,rdfs:subClassOf,http://kbpedia.org/kko/rc/Yellowish
http://kbpedia.org/kko/rc/Groin,rdfs:subClassOf,http://kbpedia.org/kko/rc/AnimalBodyPart_External
http://kbpedia.org/kko/rc/Groin,rdfs:subClassOf,owl:Thing
http://kbpedia.org/kko/rc/ConfucianGift,rdfs:subClassOf,http://kbpedia.org/kko/rc/Gift
http://kbpedia.org/kko/rc/ConfucianGift,rdfs:subClassOf,owl:Thing
http://kbpedia.org/kko/rc/Paw,rdfs:subClassOf,http://kbpedia.org/kko/rc/Foot_AnimalBodyPart
http://kbpedia.org/kko/rc/Paw,rdfs:subClassOf,owl:Thing
http://kbpedia.org/kko/rc/Phase,rdfs:subClassOf,http://kbpedia.org/kko/rc/Matter
http://kbpedia.org/kko/rc/Phase,rdfs:subClassOf,owl:Thing
http://kbpedia.org/kko/rc/Eyebrow,rdfs:subClassOf,http://kbpedia.org/kko/rc/MobOfHair_Mammal
http://kbpedia.org/kko/rc/Eyebrow,rdfs:subClassOf,owl:Thing
http://kbpedia.org/kko/rc/Liquid_StateOfMatter,rdfs:subClassOf,http://kbpedia.org/kko/rc/LiquidTangibleThing
http://kbpedia.org/kko/rc/Liquid_StateOfMatter,rdfs:subClassOf,owl:Thing
http://kbpedia.org/kko/rc/Liquid_StateOfMatter,rdfs:subClassOf,http://kbpedia.org/kko/rc/StatesOfMatter
http://kbpedia.org/kko/rc/VeryDarkGreenishBlue_Color,rdfs:subClassOf,http://kbpedia.org/kko/rc/BlackColor
http://kbpedia.org/kko/rc/VeryDarkGreenishBlue_Color,rdfs:subClassOf,owl:Thing
http://kbpedia.org/kko/rc/VeryDarkGreenishBlue_Color,rdfs:subClassOf,http://kbpedia.org/kko/rc/Blackish
http://kbpedia.org/kko/rc/TropicalCycloneInBangladesh,rdfs:subClassOf,http://kbpedia.org/kko/rc/TropicalCyclone
http://kbpedia.org/kko/rc/TropicalCycloneInBangladesh,rdfs:subClassOf,owl:Thing
http://kbpedia.org/kko/rc/StatesOfMatter,rdfs:subClassOf,http://kbpedia.org/kko/rc/Phase
http://kbpedia.org/kko/rc/StatesOfMatter,rdfs:subClassOf,owl:Thing
http://kbpedia.org/kko/rc/StatesOfMatter,rdfs:subClassOf,http://kbpedia.org/kko/rc/Matter
http://kbpedia.org/kko/rc/ObjectTypeByTransparency,rdfs:subClassOf,http://kbpedia.org/kko/rc/ObjectTypes
http://kbpedia.org/kko/rc/ObjectTypeByTransparency,rdfs:subClassOf,owl:Thing
http://kbpedia.org/kko/rc/Transparent,rdfs:subClassOf,http://kbpedia.org/kko/rc/ColorlessThing
http://kbpedia.org/kko/rc/Transparent,rdfs:subClassOf,owl:Thing
http://kbpedia.org/kko/rc/Transparent,rdfs:subClassOf,http://kbpedia.org/kko/rc/ObjectTypeByTransparency
http://kbpedia.org/kko/rc/EyeDropSolution,rdfs:subClassOf,http://kbpedia.org/kko/rc/Solution
http://kbpedia.org/kko/rc/EyeDropSolution,rdfs:subClassOf,owl:Thing
http://kbpedia.org/kko/rc/Eyelash,rdfs:subClassOf,http://kbpedia.org/kko/rc/MobOfHair_Mammal
http://kbpedia.org/kko/rc/Eyelash,rdfs:subClassOf,owl:Thing
http://kbpedia.org/kko/rc/CreamColor,rdfs:subClassOf,http://kbpedia.org/kko/rc/Yellowish
http://kbpedia.org/kko/rc/CreamColor,rdfs:subClassOf,owl:Thing
http://kbpedia.org/kko/rc/CreamColor,rdfs:subClassOf,http://kbpedia.org/kko/rc/ColoredThing
http://kbpedia.org/kko/rc/Pod,rdfs:subClassOf,http://kbpedia.org/kko/rc/Container
http://kbpedia.org/kko/rc/Pod,rdfs:subClassOf,owl:Thing
http://kbpedia.org/kko/rc/VestibularSystem,rdfs:subClassOf,http://kbpedia.org/kko/rc/Ear
http://kbpedia.org/kko/rc/VestibularSystem,rdfs:subClassOf,owl:Thing
http://kbpedia.org/kko/rc/VeryPaleBlue_Color,rdfs:subClassOf,http://kbpedia.org/kko/rc/BlueColor
http://kbpedia.org/kko/rc/VeryPaleBlue_Color,rdfs:subClassOf,owl:Thing
http://kbpedia.org/kko/rc/VeryPaleBlue_Color,rdfs:subClassOf,http://kbpedia.org/kko/rc/ChromaticColor
http://kbpedia.org/kko/rc/InsulatingCover,rdfs:subClassOf,http://kbpedia.org/kko/rc/Cover_Protector
http://kbpedia.org/kko/rc/InsulatingCover,rdfs:subClassOf,owl:Thing
http://kbpedia.org/kko/rc/Eyelid,rdfs:subClassOf,http://kbpedia.org/kko/rc/Cover_Protector
http://kbpedia.org/kko/rc/Eyelid,rdfs:subClassOf,owl:Thing
http://kbpedia.org/kko/rc/Eyelid,rdfs:subClassOf,http://kbpedia.org/kko/rc/Head_AnimalBodyPart
http://kbpedia.org/kko/rc/Eyelid,rdfs:subClassOf,http://kbpedia.org/kko/rc/PortalCovering
http://kbpedia.org/kko/rc/InnervationOfTheFace,rdfs:subClassOf,http://kbpedia.org/kko/rc/FaceOfAnimal
http://kbpedia.org/kko/rc/InnervationOfTheFace,rdfs:subClassOf,owl:Thing
http://kbpedia.org/kko/rc/Cold_CoreLow,rdfs:subClassOf,http://kbpedia.org/kko/rc/CycloneAsObject
http://kbpedia.org/kko/rc/Cold_CoreLow,rdfs:subClassOf,owl:Thing
http://kbpedia.org/kko/rc/Tropopause_PlanetEarth,rdfs:subClassOf,http://kbpedia.org/kko/rc/AtmosphericBoundaryLayer
http://kbpedia.org/kko/rc/Tropopause_PlanetEarth,rdfs:subClassOf,owl:Thing
http://kbpedia.org/kko/rc/Gel,rdfs:subClassOf,http://kbpedia.org/kko/rc/Colloid
http://kbpedia.org/kko/rc/Gel,rdfs:subClassOf,owl:Thing
http://kbpedia.org/kko/rc/Gel,rdfs:subClassOf,http://kbpedia.org/kko/rc/Suspension
http://kbpedia.org/kko/rc/Gel,rdfs:subClassOf,http://kbpedia.org/kko/rc/SemiSolidTangibleThing
http://kbpedia.org/kko/rc/ColloidalGel,rdfs:subClassOf,http://kbpedia.org/kko/rc/Gel
http://kbpedia.org/kko/rc/ColloidalGel,rdfs:subClassOf,owl:Thing
http://kbpedia.org/kko/rc/ColloidalGel,rdfs:subClassOf,http://kbpedia.org/kko/rc/Colloid
http://kbpedia.org/kko/rc/Paste,rdfs:subClassOf,http://kbpedia.org/kko/rc/Mixture
http://kbpedia.org/kko/rc/Paste,rdfs:subClassOf,owl:Thing
http://kbpedia.org/kko/rc/Paste,rdfs:subClassOf,http://kbpedia.org/kko/rc/Opaque
http://kbpedia.org/kko/rc/PerceptualAgent_Embodied,rdfs:subClassOf,http://kbpedia.org/kko/rc/EmbodiedAgent
http://kbpedia.org/kko/rc/PerceptualAgent_Embodied,rdfs:subClassOf,owl:Thing
http://kbpedia.org/kko/rc/PerceptualAgent_Embodied,rdfs:subClassOf,http://kbpedia.org/kko/rc/PerceptualAgent
http://kbpedia.org/kko/rc/SodiumHydroxideSolution,rdfs:subClassOf,http://kbpedia.org/kko/rc/AqueousSolution
http://kbpedia.org/kko/rc/SodiumHydroxideSolution,rdfs:subClassOf,owl:Thing
http://kbpedia.org/kko/rc/Cream_Generic,rdfs:subClassOf,http://kbpedia.org/kko/rc/Opaque
http://kbpedia.org/kko/rc/Cream_Generic,rdfs:subClassOf,owl:Thing
http://kbpedia.org/kko/rc/Toe,rdfs:subClassOf,http://kbpedia.org/kko/rc/Digit_AnatomicalPart
http://kbpedia.org/kko/rc/Toe,rdfs:subClassOf,owl:Thing
http://kbpedia.org/kko/rc/ExecutiveGiftBasket,rdfs:subClassOf,http://kbpedia.org/kko/rc/GiftBasket
http://kbpedia.org/kko/rc/ExecutiveGiftBasket,rdfs:subClassOf,owl:Thing
http://kbpedia.org/kko/rc/ToeSeries,rdfs:subClassOf,http://kbpedia.org/kko/rc/Foot_AnimalBodyPart
http://kbpedia.org/kko/rc/ToeSeries,rdfs:subClassOf,owl:Thing
http://kbpedia.org/kko/rc/SodiumIodideSolution,rdfs:subClassOf,http://kbpedia.org/kko/rc/AqueousSolution
http://kbpedia.org/kko/rc/SodiumIodideSolution,rdfs:subClassOf,owl:Thing
http://kbpedia.org/kko/rc/PectoralFin,rdfs:subClassOf,http://kbpedia.org/kko/rc/Fin
http://kbpedia.org/kko/rc/PectoralFin,rdfs:subClassOf,owl:Thing
http://kbpedia.org/kko/rc/BicuspidTooth,rdfs:subClassOf,http://kbpedia.org/kko/rc/Tooth
http://kbpedia.org/kko/rc/BicuspidTooth,rdfs:subClassOf,owl:Thing
http://kbpedia.org/kko/rc/Tooth,rdfs:subClassOf,http://kbpedia.org/kko/rc/ExtrudedBodyPart
http://kbpedia.org/kko/rc/Tooth,rdfs:subClassOf,owl:Thing
http://kbpedia.org/kko/rc/HumanTooth,rdfs:subClassOf,http://kbpedia.org/kko/rc/Tooth
http://kbpedia.org/kko/rc/HumanTooth,rdfs:subClassOf,owl:Thing
http://kbpedia.org/kko/rc/ObjectTypeBySurfaceFeature,rdfs:subClassOf,http://kbpedia.org/kko/rc/ObjectTypes
http://kbpedia.org/kko/rc/ObjectTypeBySurfaceFeature,rdfs:subClassOf,owl:Thing
http://kbpedia.org/kko/rc/Protrusion,rdfs:subClassOf,http://kbpedia.org/kko/rc/ObjectTypeBySurfaceFeature
http://kbpedia.org/kko/rc/Protrusion,rdfs:subClassOf,owl:Thing
http://kbpedia.org/kko/rc/Plasma_StateOfMatter,rdfs:subClassOf,http://kbpedia.org/kko/rc/StatesOfMatter
http://kbpedia.org/kko/rc/Plasma_StateOfMatter,rdfs:subClassOf,owl:Thing
http://kbpedia.org/kko/rc/SoftMatter,rdfs:subClassOf,http://kbpedia.org/kko/rc/CondensedMatter
http://kbpedia.org/kko/rc/SoftMatter,rdfs:subClassOf,owl:Thing
http://kbpedia.org/kko/rc/TransparencySheet,rdfs:subClassOf,http://kbpedia.org/kko/rc/Film_FreeSheet
http://kbpedia.org/kko/rc/TransparencySheet,rdfs:subClassOf,owl:Thing
http://kbpedia.org/kko/rc/ExoticMatter,rdfs:subClassOf,http://kbpedia.org/kko/rc/StatesOfMatter
http://kbpedia.org/kko/rc/ExoticMatter,rdfs:subClassOf,owl:Thing
http://kbpedia.org/kko/rc/Tail_BodyPart,rdfs:subClassOf,http://kbpedia.org/kko/rc/AnimalBodyPart_External
http://kbpedia.org/kko/rc/Tail_BodyPart,rdfs:subClassOf,owl:Thing
http://kbpedia.org/kko/rc/PsychologicalState,rdfs:subClassOf,http://kbpedia.org/kko/rc/Mind
http://kbpedia.org/kko/rc/PsychologicalState,rdfs:subClassOf,owl:Thing
http://kbpedia.org/kko/rc/WisdomTooth,rdfs:subClassOf,http://kbpedia.org/kko/rc/Tooth
http://kbpedia.org/kko/rc/WisdomTooth,rdfs:subClassOf,owl:Thing
http://kbpedia.org/kko/rc/Withers,rdfs:subClassOf,http://kbpedia.org/kko/rc/AnimalBodyPart_External
http://kbpedia.org/kko/rc/Withers,rdfs:subClassOf,owl:Thing
http://kbpedia.org/kko/rc/PsychologicalEffect,rdfs:subClassOf,http://kbpedia.org/kko/rc/Mind
http://kbpedia.org/kko/rc/PsychologicalEffect,rdfs:subClassOf,owl:Thing
http://kbpedia.org/kko/rc/InitialCollection,rdfs:subClassOf,http://kbpedia.org/kko/rc/TimeDependentCollection
http://kbpedia.org/kko/rc/InitialCollection,rdfs:subClassOf,owl:Thing
http://kbpedia.org/kko/rc/ExistenceCotemporalCollection,rdfs:subClassOf,http://kbpedia.org/kko/rc/InitialCollection
http://kbpedia.org/kko/rc/ExistenceCotemporalCollection,rdfs:subClassOf,owl:Thing
http://kbpedia.org/kko/rc/BrownishGray_Color,rdfs:subClassOf,http://kbpedia.org/kko/rc/BrownColor
http://kbpedia.org/kko/rc/BrownishGray_Color,rdfs:subClassOf,owl:Thing
http://kbpedia.org/kko/rc/HurricaneGloria,rdfs:subClassOf,http://kbpedia.org/kko/rc/HurricaneAsEvent
http://kbpedia.org/kko/rc/HurricaneGloria,rdfs:subClassOf,owl:Thing
http://kbpedia.org/kko/rc/Color,rdfs:subClassOf,http://kbpedia.org/kko/rc/VisibleFeatureType
http://kbpedia.org/kko/rc/Color,rdfs:subClassOf,owl:Thing
http://kbpedia.org/kko/rc/Immanence,rdfs:subClassOf,http://kbpedia.org/ontologies/kko#Manifestations
http://kbpedia.org/kko/rc/Immanence,rdfs:subClassOf,owl:Thing
http://kbpedia.org/kko/rc/AchromaticColor,rdfs:subClassOf,http://kbpedia.org/kko/rc/Color
http://kbpedia.org/kko/rc/AchromaticColor,rdfs:subClassOf,owl:Thing
http://kbpedia.org/kko/rc/GiftBasket,rdfs:subClassOf,http://kbpedia.org/kko/rc/Gift
http://kbpedia.org/kko/rc/GiftBasket,rdfs:subClassOf,owl:Thing
http://kbpedia.org/kko/rc/ChocolateGiftBasket,rdfs:subClassOf,http://kbpedia.org/kko/rc/GiftBasket
http://kbpedia.org/kko/rc/ChocolateGiftBasket,rdfs:subClassOf,owl:Thing
http://kbpedia.org/kko/rc/Biomaterial,rdfs:subClassOf,http://kbpedia.org/kko/rc/Material
http://kbpedia.org/kko/rc/Biomaterial,rdfs:subClassOf,owl:Thing
http://kbpedia.org/kko/rc/BiologicalMatter,rdfs:subClassOf,http://kbpedia.org/kko/rc/Biomaterial
http://kbpedia.org/kko/rc/BiologicalMatter,rdfs:subClassOf,owl:Thing
http://kbpedia.org/kko/rc/Pubis,rdfs:subClassOf,http://kbpedia.org/kko/rc/AnimalBodyPart_External
http://kbpedia.org/kko/rc/Pubis,rdfs:subClassOf,owl:Thing
http://kbpedia.org/kko/rc/HurricaneAndrew,rdfs:subClassOf,http://kbpedia.org/kko/rc/HurricaneAsEvent
http://kbpedia.org/kko/rc/HurricaneAndrew,rdfs:subClassOf,owl:Thing
http://kbpedia.org/kko/rc/HurricaneGeorge,rdfs:subClassOf,http://kbpedia.org/kko/rc/HurricaneAsEvent
http://kbpedia.org/kko/rc/HurricaneGeorge,rdfs:subClassOf,owl:Thing
http://kbpedia.org/kko/rc/TreasureTrovesOfTheIronAge,rdfs:subClassOf,http://kbpedia.org/kko/rc/Treasure
http://kbpedia.org/kko/rc/TreasureTrovesOfTheIronAge,rdfs:subClassOf,owl:Thing
http://kbpedia.org/kko/rc/HurricaneHugo,rdfs:subClassOf,http://kbpedia.org/kko/rc/HurricaneAsEvent
http://kbpedia.org/kko/rc/HurricaneHugo,rdfs:subClassOf,owl:Thing
http://kbpedia.org/kko/rc/TreasureTrovesOfTheBronzeAge,rdfs:subClassOf,http://kbpedia.org/kko/rc/Treasure
http://kbpedia.org/kko/rc/TreasureTrovesOfTheBronzeAge,rdfs:subClassOf,owl:Thing
http://kbpedia.org/kko/rc/SepiaColor,rdfs:subClassOf,http://kbpedia.org/kko/rc/ChromaticColor
http://kbpedia.org/kko/rc/SepiaColor,rdfs:subClassOf,owl:Thing
http://kbpedia.org/kko/rc/SepiaColor,rdfs:subClassOf,http://kbpedia.org/kko/rc/ColoredThing
http://kbpedia.org/kko/rc/HurricaneRita,rdfs:subClassOf,http://kbpedia.org/kko/rc/HurricaneAsEvent
http://kbpedia.org/kko/rc/HurricaneRita,rdfs:subClassOf,owl:Thing
http://kbpedia.org/kko/rc/HurricaneMichelle,rdfs:subClassOf,http://kbpedia.org/kko/rc/HurricaneAsEvent
http://kbpedia.org/kko/rc/HurricaneMichelle,rdfs:subClassOf,owl:Thing
http://kbpedia.org/kko/rc/Solution,rdfs:subClassOf,http://kbpedia.org/kko/rc/FluidTangibleThing
http://kbpedia.org/kko/rc/Solution,rdfs:subClassOf,owl:Thing
http://kbpedia.org/kko/rc/Solution,rdfs:subClassOf,http://kbpedia.org/kko/rc/Mixture
http://kbpedia.org/kko/rc/LiquidSolution,rdfs:subClassOf,http://kbpedia.org/kko/rc/LiquidTangibleThing
http://kbpedia.org/kko/rc/LiquidSolution,rdfs:subClassOf,owl:Thing
http://kbpedia.org/kko/rc/LiquidSolution,rdfs:subClassOf,http://kbpedia.org/kko/rc/Solution
http://kbpedia.org/kko/rc/Acidifier,rdfs:subClassOf,http://kbpedia.org/kko/rc/InorganicMaterial
http://kbpedia.org/kko/rc/Acidifier,rdfs:subClassOf,owl:Thing
http://kbpedia.org/kko/rc/TreasureTrove,rdfs:subClassOf,http://kbpedia.org/kko/rc/Treasure
http://kbpedia.org/kko/rc/TreasureTrove,rdfs:subClassOf,owl:Thing
http://kbpedia.org/kko/rc/TreasureTrovesOfClassicalAntiquity,rdfs:subClassOf,http://kbpedia.org/kko/rc/Treasure
http://kbpedia.org/kko/rc/TreasureTrovesOfClassicalAntiquity,rdfs:subClassOf,owl:Thing
http://kbpedia.org/kko/rc/Treat,rdfs:subClassOf,http://kbpedia.org/kko/rc/Gift
http://kbpedia.org/kko/rc/Treat,rdfs:subClassOf,owl:Thing
http://kbpedia.org/kko/rc/TaoistGift,rdfs:subClassOf,http://kbpedia.org/kko/rc/Gift
http://kbpedia.org/kko/rc/TaoistGift,rdfs:subClassOf,owl:Thing
http://kbpedia.org/kko/rc/ExternalNose,rdfs:subClassOf,http://kbpedia.org/kko/rc/Head_AnimalBodyPart
http://kbpedia.org/kko/rc/ExternalNose,rdfs:subClassOf,owl:Thing
http://kbpedia.org/kko/rc/ChristianGift,rdfs:subClassOf,http://kbpedia.org/kko/rc/Gift
http://kbpedia.org/kko/rc/ChristianGift,rdfs:subClassOf,owl:Thing
http://kbpedia.org/kko/rc/ExtratropicalCyclone,rdfs:subClassOf,http://kbpedia.org/kko/rc/CycloneAsObject
http://kbpedia.org/kko/rc/ExtratropicalCyclone,rdfs:subClassOf,owl:Thing
http://kbpedia.org/kko/rc/BuddhistGift,rdfs:subClassOf,http://kbpedia.org/kko/rc/Gift
http://kbpedia.org/kko/rc/BuddhistGift,rdfs:subClassOf,owl:Thing
http://kbpedia.org/kko/rc/Stinger,rdfs:subClassOf,http://kbpedia.org/kko/rc/AnimalBodyPart_External
http://kbpedia.org/kko/rc/Stinger,rdfs:subClassOf,owl:Thing
http://kbpedia.org/kko/rc/PuffyCloud,rdfs:subClassOf,http://kbpedia.org/kko/rc/CloudInSky
http://kbpedia.org/kko/rc/PuffyCloud,rdfs:subClassOf,owl:Thing
http://kbpedia.org/kko/rc/Heel,rdfs:subClassOf,http://kbpedia.org/kko/rc/Foot_AnimalBodyPart
http://kbpedia.org/kko/rc/Heel,rdfs:subClassOf,owl:Thing
http://kbpedia.org/kko/rc/BuffColor,rdfs:subClassOf,http://kbpedia.org/kko/rc/ChromaticColor
http://kbpedia.org/kko/rc/BuffColor,rdfs:subClassOf,owl:Thing
http://kbpedia.org/kko/rc/BuffColor,rdfs:subClassOf,http://kbpedia.org/kko/rc/ColoredThing
http://kbpedia.org/kko/rc/ChristmasGift,rdfs:subClassOf,http://kbpedia.org/kko/rc/Gift
http://kbpedia.org/kko/rc/ChristmasGift,rdfs:subClassOf,owl:Thing
http://kbpedia.org/kko/rc/PewterColor,rdfs:subClassOf,http://kbpedia.org/kko/rc/GrayColor
http://kbpedia.org/kko/rc/PewterColor,rdfs:subClassOf,owl:Thing
http://kbpedia.org/kko/rc/DarkBlue_Color,rdfs:subClassOf,http://kbpedia.org/kko/rc/Blackish
http://kbpedia.org/kko/rc/DarkBlue_Color,rdfs:subClassOf,owl:Thing
http://kbpedia.org/kko/rc/DarkBlue_Color,rdfs:subClassOf,http://kbpedia.org/kko/rc/IndigoColor
http://kbpedia.org/kko/rc/DarkBlue_Color,rdfs:subClassOf,http://kbpedia.org/kko/rc/NavyColor
http://kbpedia.org/kko/rc/DarkBlue_Color,rdfs:subClassOf,http://kbpedia.org/kko/rc/Purplish
http://kbpedia.org/kko/rc/DarkGrayishOliveGreen_Color,rdfs:subClassOf,http://kbpedia.org/kko/rc/BlackColor
http://kbpedia.org/kko/rc/DarkGrayishOliveGreen_Color,rdfs:subClassOf,owl:Thing
http://kbpedia.org/kko/rc/DarkGrayishOliveGreen_Color,rdfs:subClassOf,http://kbpedia.org/kko/rc/Blackish
http://kbpedia.org/kko/rc/TopazColor,rdfs:subClassOf,http://kbpedia.org/kko/rc/Brownish
http://kbpedia.org/kko/rc/TopazColor,rdfs:subClassOf,owl:Thing
http://kbpedia.org/kko/rc/TopazColor,rdfs:subClassOf,http://kbpedia.org/kko/rc/ChromaticColor
http://kbpedia.org/kko/rc/TopazColor,rdfs:subClassOf,http://kbpedia.org/kko/rc/ColoredThing
http://kbpedia.org/kko/rc/RubyColor,rdfs:subClassOf,http://kbpedia.org/kko/rc/Reddish
http://kbpedia.org/kko/rc/RubyColor,rdfs:subClassOf,owl:Thing
http://kbpedia.org/kko/rc/RubyColor,rdfs:subClassOf,http://kbpedia.org/kko/rc/ColoredThing
http://kbpedia.org/kko/rc/Bill_Birds,rdfs:subClassOf,http://kbpedia.org/kko/rc/AnimalBodyPart_External
http://kbpedia.org/kko/rc/Bill_Birds,rdfs:subClassOf,owl:Thing
http://kbpedia.org/kko/rc/Bill_Birds,rdfs:subClassOf,http://kbpedia.org/kko/rc/Protrusion
http://kbpedia.org/kko/rc/DarkReddishOrange_Color,rdfs:subClassOf,http://kbpedia.org/kko/rc/Reddish
http://kbpedia.org/kko/rc/DarkReddishOrange_Color,rdfs:subClassOf,owl:Thing
http://kbpedia.org/kko/rc/DarkReddishOrange_Color,rdfs:subClassOf,http://kbpedia.org/kko/rc/VermilionColor
http://kbpedia.org/kko/rc/DarkOrangeYellow_Color,rdfs:subClassOf,http://kbpedia.org/kko/rc/BistreColor
http://kbpedia.org/kko/rc/DarkOrangeYellow_Color,rdfs:subClassOf,owl:Thing
http://kbpedia.org/kko/rc/DarkOrangeYellow_Color,rdfs:subClassOf,http://kbpedia.org/kko/rc/BuffColor
http://kbpedia.org/kko/rc/DarkOrangeYellow_Color,rdfs:subClassOf,http://kbpedia.org/kko/rc/TopazColor
http://kbpedia.org/kko/rc/MaroonColor,rdfs:subClassOf,http://kbpedia.org/kko/rc/ChromaticColor
http://kbpedia.org/kko/rc/MaroonColor,rdfs:subClassOf,owl:Thing
http://kbpedia.org/kko/rc/MaroonColor,rdfs:subClassOf,http://kbpedia.org/kko/rc/ColoredThing
http://kbpedia.org/kko/rc/VermilionColor,rdfs:subClassOf,http://kbpedia.org/kko/rc/ChromaticColor
http://kbpedia.org/kko/rc/VermilionColor,rdfs:subClassOf,owl:Thing
http://kbpedia.org/kko/rc/VermilionColor,rdfs:subClassOf,http://kbpedia.org/kko/rc/ColoredThing
http://kbpedia.org/kko/rc/StormChasing,rdfs:subClassOf,http://kbpedia.org/kko/rc/StormAsEvent
http://kbpedia.org/kko/rc/StormChasing,rdfs:subClassOf,owl:Thing
http://kbpedia.org/kko/rc/Lining_ProtectiveCovering,rdfs:subClassOf,http://kbpedia.org/kko/rc/Cover_Protector
http://kbpedia.org/kko/rc/Lining_ProtectiveCovering,rdfs:subClassOf,owl:Thing
http://kbpedia.org/kko/rc/PureWhiteColor,rdfs:subClassOf,http://kbpedia.org/kko/rc/AchromaticColor
http://kbpedia.org/kko/rc/PureWhiteColor,rdfs:subClassOf,owl:Thing
http://kbpedia.org/kko/rc/PureWhiteColor,rdfs:subClassOf,http://kbpedia.org/kko/rc/WhiteColor
http://kbpedia.org/kko/rc/DarkYellowishBrown_Color,rdfs:subClassOf,http://kbpedia.org/kko/rc/Blackish
http://kbpedia.org/kko/rc/DarkYellowishBrown_Color,rdfs:subClassOf,owl:Thing
http://kbpedia.org/kko/rc/DarkYellowishBrown_Color,rdfs:subClassOf,http://kbpedia.org/kko/rc/BrownColor
http://kbpedia.org/kko/rc/Strand,rdfs:subClassOf,http://kbpedia.org/kko/rc/CordlikeObject
http://kbpedia.org/kko/rc/Strand,rdfs:subClassOf,owl:Thing
http://kbpedia.org/kko/rc/Strand,rdfs:subClassOf,http://kbpedia.org/kko/rc/PartiallyTangibleTypeByPhysicalFeature
http://kbpedia.org/kko/rc/DashboardPadding,rdfs:subClassOf,http://kbpedia.org/kko/rc/PhysicalImpactBuffer
http://kbpedia.org/kko/rc/DashboardPadding,rdfs:subClassOf,owl:Thing
http://kbpedia.org/kko/rc/Mixture_Generic,rdfs:subClassOf,http://kbpedia.org/kko/rc/HomogeneousStructure
http://kbpedia.org/kko/rc/Mixture_Generic,rdfs:subClassOf,owl:Thing
http://kbpedia.org/kko/rc/PurpleColor,rdfs:subClassOf,http://kbpedia.org/kko/rc/BlueColor
http://kbpedia.org/kko/rc/PurpleColor,rdfs:subClassOf,owl:Thing
http://kbpedia.org/kko/rc/PurpleColor,rdfs:subClassOf,http://kbpedia.org/kko/rc/CrimsonColor
http://kbpedia.org/kko/rc/PurpleColor,rdfs:subClassOf,http://kbpedia.org/kko/rc/Purplish
http://kbpedia.org/kko/rc/PurpleColor,rdfs:subClassOf,http://kbpedia.org/kko/rc/ColoredThing
http://kbpedia.org/kko/rc/Stratopause_PlanetEarth,rdfs:subClassOf,http://kbpedia.org/kko/rc/AtmosphericBoundaryLayer
http://kbpedia.org/kko/rc/Stratopause_PlanetEarth,rdfs:subClassOf,owl:Thing
http://kbpedia.org/kko/rc/VividBlue_Color,rdfs:subClassOf,http://kbpedia.org/kko/rc/BlueColor
http://kbpedia.org/kko/rc/VividBlue_Color,rdfs:subClassOf,owl:Thing
http://kbpedia.org/kko/rc/VividBlue_Color,rdfs:subClassOf,http://kbpedia.org/kko/rc/UltramarineColor
http://kbpedia.org/kko/rc/StratocumulusCloud,rdfs:subClassOf,http://kbpedia.org/kko/rc/Low_LevelCloud
http://kbpedia.org/kko/rc/StratocumulusCloud,rdfs:subClassOf,owl:Thing
http://kbpedia.org/kko/rc/VividYellow_Color,rdfs:subClassOf,http://kbpedia.org/kko/rc/AureolinColor
http://kbpedia.org/kko/rc/VividYellow_Color,rdfs:subClassOf,owl:Thing
http://kbpedia.org/kko/rc/StratusCloud,rdfs:subClassOf,http://kbpedia.org/kko/rc/Low_LevelCloud
http://kbpedia.org/kko/rc/StratusCloud,rdfs:subClassOf,owl:Thing
http://kbpedia.org/kko/rc/StratusCloud,rdfs:subClassOf,http://kbpedia.org/kko/rc/CloudInSky
http://kbpedia.org/kko/rc/VividGreenishYellow_Color,rdfs:subClassOf,http://kbpedia.org/kko/rc/Greenish
http://kbpedia.org/kko/rc/VividGreenishYellow_Color,rdfs:subClassOf,owl:Thing
http://kbpedia.org/kko/rc/VividGreenishYellow_Color,rdfs:subClassOf,http://kbpedia.org/kko/rc/Yellowish
http://kbpedia.org/kko/rc/VividYellowishPink_Color,rdfs:subClassOf,http://kbpedia.org/kko/rc/RoseColor
http://kbpedia.org/kko/rc/VividYellowishPink_Color,rdfs:subClassOf,owl:Thing
http://kbpedia.org/kko/rc/VividPurplishRed_Color,rdfs:subClassOf,http://kbpedia.org/kko/rc/CarmineColor
http://kbpedia.org/kko/rc/VividPurplishRed_Color,rdfs:subClassOf,owl:Thing
http://kbpedia.org/kko/rc/VividPurplishRed_Color,rdfs:subClassOf,http://kbpedia.org/kko/rc/CeriseColor
http://kbpedia.org/kko/rc/VividPurplishRed_Color,rdfs:subClassOf,http://kbpedia.org/kko/rc/CrimsonColor
http://kbpedia.org/kko/rc/VividPurplishRed_Color,rdfs:subClassOf,http://kbpedia.org/kko/rc/FuchsiaColor
http://kbpedia.org/kko/rc/VividPurplishRed_Color,rdfs:subClassOf,http://kbpedia.org/kko/rc/RoseColor
http://kbpedia.org/kko/rc/PuttyColor,rdfs:subClassOf,http://kbpedia.org/kko/rc/ChromaticColor
http://kbpedia.org/kko/rc/PuttyColor,rdfs:subClassOf,owl:Thing
http://kbpedia.org/kko/rc/PuttyColor,rdfs:subClassOf,http://kbpedia.org/kko/rc/ColoredThing
http://kbpedia.org/kko/rc/CeriseColor,rdfs:subClassOf,http://kbpedia.org/kko/rc/Reddish
http://kbpedia.org/kko/rc/CeriseColor,rdfs:subClassOf,owl:Thing
http://kbpedia.org/kko/rc/CeriseColor,rdfs:subClassOf,http://kbpedia.org/kko/rc/ColoredThing
http://kbpedia.org/kko/rc/AlmostTransparent,rdfs:subClassOf,http://kbpedia.org/kko/rc/Translucent
http://kbpedia.org/kko/rc/AlmostTransparent,rdfs:subClassOf,owl:Thing
http://kbpedia.org/kko/rc/Crystal,rdfs:subClassOf,http://kbpedia.org/kko/rc/AlmostTransparent
http://kbpedia.org/kko/rc/Crystal,rdfs:subClassOf,owl:Thing
http://kbpedia.org/kko/rc/Crystal,rdfs:subClassOf,http://kbpedia.org/kko/rc/Solid_StateOfMatter
http://kbpedia.org/kko/rc/Crystal,rdfs:subClassOf,http://kbpedia.org/kko/rc/Translucent
http://kbpedia.org/kko/rc/PhysicalImpactBuffer,rdfs:subClassOf,http://kbpedia.org/kko/rc/Cover_Protector
http://kbpedia.org/kko/rc/PhysicalImpactBuffer,rdfs:subClassOf,owl:Thing
http://kbpedia.org/kko/rc/MacroCrystalline,rdfs:subClassOf,http://kbpedia.org/kko/rc/Crystal
http://kbpedia.org/kko/rc/MacroCrystalline,rdfs:subClassOf,owl:Thing
http://kbpedia.org/kko/rc/Solid_StateOfMatter,rdfs:subClassOf,http://kbpedia.org/kko/rc/StatesOfMatter
http://kbpedia.org/kko/rc/Solid_StateOfMatter,rdfs:subClassOf,owl:Thing
http://kbpedia.org/kko/rc/ViridianColor,rdfs:subClassOf,http://kbpedia.org/kko/rc/ChromaticColor
http://kbpedia.org/kko/rc/ViridianColor,rdfs:subClassOf,owl:Thing
http://kbpedia.org/kko/rc/ViridianColor,rdfs:subClassOf,http://kbpedia.org/kko/rc/GreenColor
http://kbpedia.org/kko/rc/ModerateReddishBrown_Color,rdfs:subClassOf,http://kbpedia.org/kko/rc/Brownish
http://kbpedia.org/kko/rc/ModerateReddishBrown_Color,rdfs:subClassOf,owl:Thing
http://kbpedia.org/kko/rc/ModerateReddishBrown_Color,rdfs:subClassOf,http://kbpedia.org/kko/rc/Reddish
http://kbpedia.org/kko/rc/ModerateReddishBrown_Color,rdfs:subClassOf,http://kbpedia.org/kko/rc/ColoredThing
http://kbpedia.org/kko/rc/ModerateBlue_Color,rdfs:subClassOf,http://kbpedia.org/kko/rc/SmaltColor
http://kbpedia.org/kko/rc/ModerateBlue_Color,rdfs:subClassOf,owl:Thing
http://kbpedia.org/kko/rc/ModerateBlue_Color,rdfs:subClassOf,http://kbpedia.org/kko/rc/UltramarineColor
http://kbpedia.org/kko/rc/ModerateGreenishYellow_Color,rdfs:subClassOf,http://kbpedia.org/kko/rc/BistreColor
http://kbpedia.org/kko/rc/ModerateGreenishYellow_Color,rdfs:subClassOf,owl:Thing
http://kbpedia.org/kko/rc/ModerateGreenishYellow_Color,rdfs:subClassOf,http://kbpedia.org/kko/rc/ChartreuseColor
http://kbpedia.org/kko/rc/ModerateGreenishYellow_Color,rdfs:subClassOf,http://kbpedia.org/kko/rc/Yellowish
http://kbpedia.org/kko/rc/SandarachColor,rdfs:subClassOf,http://kbpedia.org/kko/rc/OrangeColor
http://kbpedia.org/kko/rc/SandarachColor,rdfs:subClassOf,owl:Thing
http://kbpedia.org/kko/rc/Stretched,rdfs:subClassOf,http://kbpedia.org/kko/rc/FlexibleObject
http://kbpedia.org/kko/rc/Stretched,rdfs:subClassOf,owl:Thing
http://kbpedia.org/kko/rc/ModerateGreen_Color,rdfs:subClassOf,http://kbpedia.org/kko/rc/ViridianColor
http://kbpedia.org/kko/rc/ModerateGreen_Color,rdfs:subClassOf,owl:Thing
http://kbpedia.org/kko/rc/ModerateOrangeYellow_Color,rdfs:subClassOf,http://kbpedia.org/kko/rc/BistreColor
http://kbpedia.org/kko/rc/ModerateOrangeYellow_Color,rdfs:subClassOf,owl:Thing
http://kbpedia.org/kko/rc/ModerateOrangeYellow_Color,rdfs:subClassOf,http://kbpedia.org/kko/rc/BuffColor
http://kbpedia.org/kko/rc/ModerateOrangeYellow_Color,rdfs:subClassOf,http://kbpedia.org/kko/rc/OchreColor
http://kbpedia.org/kko/rc/ModerateOrangeYellow_Color,rdfs:subClassOf,http://kbpedia.org/kko/rc/SandarachColor
http://kbpedia.org/kko/rc/ModerateOrangeYellow_Color,rdfs:subClassOf,http://kbpedia.org/kko/rc/Yellowish
http://kbpedia.org/kko/rc/ModeratePurplishBlue_Color,rdfs:subClassOf,http://kbpedia.org/kko/rc/Bluish
http://kbpedia.org/kko/rc/ModeratePurplishBlue_Color,rdfs:subClassOf,owl:Thing
http://kbpedia.org/kko/rc/ModeratePurplishBlue_Color,rdfs:subClassOf,http://kbpedia.org/kko/rc/Purplish
http://kbpedia.org/kko/rc/ModeratePurplishBlue_Color,rdfs:subClassOf,http://kbpedia.org/kko/rc/UltramarineColor
http://kbpedia.org/kko/rc/OrangeColor,rdfs:subClassOf,http://kbpedia.org/kko/rc/ChromaticColor
http://kbpedia.org/kko/rc/OrangeColor,rdfs:subClassOf,owl:Thing
http://kbpedia.org/kko/rc/OrangeColor,rdfs:subClassOf,http://kbpedia.org/kko/rc/ColoredThing
http://kbpedia.org/kko/rc/ScarletColor,rdfs:subClassOf,http://kbpedia.org/kko/rc/ChromaticColor
http://kbpedia.org/kko/rc/ScarletColor,rdfs:subClassOf,owl:Thing
http://kbpedia.org/kko/rc/ScarletColor,rdfs:subClassOf,http://kbpedia.org/kko/rc/ColoredThing
http://kbpedia.org/kko/rc/StrongRed_Color,rdfs:subClassOf,http://kbpedia.org/kko/rc/CarmineColor
http://kbpedia.org/kko/rc/StrongRed_Color,rdfs:subClassOf,owl:Thing
http://kbpedia.org/kko/rc/StrongRed_Color,rdfs:subClassOf,http://kbpedia.org/kko/rc/FuchsiaColor
http://kbpedia.org/kko/rc/StrongRed_Color,rdfs:subClassOf,http://kbpedia.org/kko/rc/MadderColor
http://kbpedia.org/kko/rc/StrongRed_Color,rdfs:subClassOf,http://kbpedia.org/kko/rc/RedColor
http://kbpedia.org/kko/rc/StrongRed_Color,rdfs:subClassOf,http://kbpedia.org/kko/rc/RoseColor
http://kbpedia.org/kko/rc/StrongRed_Color,rdfs:subClassOf,http://kbpedia.org/kko/rc/ScarletColor
http://kbpedia.org/kko/rc/ModerateRed_Color,rdfs:subClassOf,http://kbpedia.org/kko/rc/CarmineColor
http://kbpedia.org/kko/rc/ModerateRed_Color,rdfs:subClassOf,owl:Thing
http://kbpedia.org/kko/rc/ModerateRed_Color,rdfs:subClassOf,http://kbpedia.org/kko/rc/MadderColor
http://kbpedia.org/kko/rc/ModerateRed_Color,rdfs:subClassOf,http://kbpedia.org/kko/rc/RedColor
http://kbpedia.org/kko/rc/ModerateRed_Color,rdfs:subClassOf,http://kbpedia.org/kko/rc/RoseColor
http://kbpedia.org/kko/rc/ModerateRed_Color,rdfs:subClassOf,http://kbpedia.org/kko/rc/RubyColor
http://kbpedia.org/kko/rc/ModerateRed_Color,rdfs:subClassOf,http://kbpedia.org/kko/rc/ScarletColor
http://kbpedia.org/kko/rc/ModerateRed_Color,rdfs:subClassOf,http://kbpedia.org/kko/rc/VermilionColor
http://kbpedia.org/kko/rc/ModerateYellowishGreen_Color,rdfs:subClassOf,http://kbpedia.org/kko/rc/OliveColor
http://kbpedia.org/kko/rc/ModerateYellowishGreen_Color,rdfs:subClassOf,owl:Thing
http://kbpedia.org/kko/rc/ModerateYellowishGreen_Color,rdfs:subClassOf,http://kbpedia.org/kko/rc/VerdigrisColor
http://kbpedia.org/kko/rc/VerdigrisColor,rdfs:subClassOf,http://kbpedia.org/kko/rc/ChromaticColor
http://kbpedia.org/kko/rc/VerdigrisColor,rdfs:subClassOf,owl:Thing
http://kbpedia.org/kko/rc/VerdigrisColor,rdfs:subClassOf,http://kbpedia.org/kko/rc/Greenish
http://kbpedia.org/kko/rc/VerdigrisColor,rdfs:subClassOf,http://kbpedia.org/kko/rc/ColoredThing
http://kbpedia.org/kko/rc/Personality,rdfs:subClassOf,http://kbpedia.org/kko/rc/Mind
http://kbpedia.org/kko/rc/Personality,rdfs:subClassOf,owl:Thing
http://kbpedia.org/kko/rc/StrongYellow_Color,rdfs:subClassOf,http://kbpedia.org/kko/rc/AureolinColor
http://kbpedia.org/kko/rc/StrongYellow_Color,rdfs:subClassOf,owl:Thing
http://kbpedia.org/kko/rc/StrongYellow_Color,rdfs:subClassOf,http://kbpedia.org/kko/rc/OchreColor
http://kbpedia.org/kko/rc/StrongBlue_Color,rdfs:subClassOf,http://kbpedia.org/kko/rc/BlueColor
http://kbpedia.org/kko/rc/StrongBlue_Color,rdfs:subClassOf,owl:Thing
http://kbpedia.org/kko/rc/StrongBlue_Color,rdfs:subClassOf,http://kbpedia.org/kko/rc/UltramarineColor
http://kbpedia.org/kko/rc/ObjectTypeByAudioFeature,rdfs:subClassOf,http://kbpedia.org/kko/rc/ObjectTypes
http://kbpedia.org/kko/rc/ObjectTypeByAudioFeature,rdfs:subClassOf,owl:Thing
http://kbpedia.org/kko/rc/OliveColor,rdfs:subClassOf,http://kbpedia.org/kko/rc/ChromaticColor
http://kbpedia.org/kko/rc/OliveColor,rdfs:subClassOf,owl:Thing
http://kbpedia.org/kko/rc/OliveColor,rdfs:subClassOf,http://kbpedia.org/kko/rc/ColoredThing
http://kbpedia.org/kko/rc/StrongYellowishPink_Color,rdfs:subClassOf,http://kbpedia.org/kko/rc/PeachColor
http://kbpedia.org/kko/rc/StrongYellowishPink_Color,rdfs:subClassOf,owl:Thing
http://kbpedia.org/kko/rc/StrongYellowishPink_Color,rdfs:subClassOf,http://kbpedia.org/kko/rc/RoseColor
http://kbpedia.org/kko/rc/StrongYellowishPink_Color,rdfs:subClassOf,http://kbpedia.org/kko/rc/VermilionColor
http://kbpedia.org/kko/rc/ObjectTypeByLightingCondition,rdfs:subClassOf,http://kbpedia.org/kko/rc/ObjectTypes
http://kbpedia.org/kko/rc/ObjectTypeByLightingCondition,rdfs:subClassOf,owl:Thing
http://kbpedia.org/kko/rc/StrongGreen_Color,rdfs:subClassOf,http://kbpedia.org/kko/rc/ViridianColor
http://kbpedia.org/kko/rc/StrongGreen_Color,rdfs:subClassOf,owl:Thing
http://kbpedia.org/kko/rc/StrongReddishOrange_Color,rdfs:subClassOf,http://kbpedia.org/kko/rc/MadderColor
http://kbpedia.org/kko/rc/StrongReddishOrange_Color,rdfs:subClassOf,owl:Thing
http://kbpedia.org/kko/rc/StrongReddishOrange_Color,rdfs:subClassOf,http://kbpedia.org/kko/rc/ScarletColor
http://kbpedia.org/kko/rc/StrongReddishOrange_Color,rdfs:subClassOf,http://kbpedia.org/kko/rc/VermilionColor
http://kbpedia.org/kko/rc/Aquarius_TheSign,rdfs:subClassOf,http://kbpedia.org/kko/rc/PersonTypeByEuropeanZodiacSign
http://kbpedia.org/kko/rc/Aquarius_TheSign,rdfs:subClassOf,owl:Thing
http://kbpedia.org/kko/rc/StrongYellowishBrown_Color,rdfs:subClassOf,http://kbpedia.org/kko/rc/BistreColor
http://kbpedia.org/kko/rc/StrongYellowishBrown_Color,rdfs:subClassOf,owl:Thing
http://kbpedia.org/kko/rc/StrongYellowishBrown_Color,rdfs:subClassOf,http://kbpedia.org/kko/rc/BrownColor
http://kbpedia.org/kko/rc/StrongYellowishBrown_Color,rdfs:subClassOf,http://kbpedia.org/kko/rc/OchreColor
http://kbpedia.org/kko/rc/StrongYellowishBrown_Color,rdfs:subClassOf,http://kbpedia.org/kko/rc/TopazColor
http://kbpedia.org/kko/rc/StrongGreenishBlue_Color,rdfs:subClassOf,http://kbpedia.org/kko/rc/BlueColor
http://kbpedia.org/kko/rc/StrongGreenishBlue_Color,rdfs:subClassOf,owl:Thing
http://kbpedia.org/kko/rc/StrongGreenishBlue_Color,rdfs:subClassOf,http://kbpedia.org/kko/rc/Greenish
http://kbpedia.org/kko/rc/ObjectTypeByLightIntensity,rdfs:subClassOf,http://kbpedia.org/kko/rc/ObjectTypeBySensibleFeature
http://kbpedia.org/kko/rc/ObjectTypeByLightIntensity,rdfs:subClassOf,owl:Thing
http://kbpedia.org/kko/rc/ObjectTypeByLightIntensity,rdfs:subClassOf,http://kbpedia.org/kko/rc/ObjectTypes
http://kbpedia.org/kko/rc/StrongPurplishRed_Color,rdfs:subClassOf,http://kbpedia.org/kko/rc/CarmineColor
http://kbpedia.org/kko/rc/StrongPurplishRed_Color,rdfs:subClassOf,owl:Thing
http://kbpedia.org/kko/rc/StrongPurplishRed_Color,rdfs:subClassOf,http://kbpedia.org/kko/rc/FuchsiaColor
http://kbpedia.org/kko/rc/StrongPurplishRed_Color,rdfs:subClassOf,http://kbpedia.org/kko/rc/Reddish
http://kbpedia.org/kko/rc/StrongPurplishRed_Color,rdfs:subClassOf,http://kbpedia.org/kko/rc/RoseColor
http://kbpedia.org/kko/rc/PersonTypeByEuropeanZodiacSign,rdfs:subClassOf,http://kbpedia.org/kko/rc/ExistenceCotemporalCollection
http://kbpedia.org/kko/rc/PersonTypeByEuropeanZodiacSign,rdfs:subClassOf,owl:Thing
http://kbpedia.org/kko/rc/FlightFeather,rdfs:subClassOf,http://kbpedia.org/kko/rc/Feather
http://kbpedia.org/kko/rc/FlightFeather,rdfs:subClassOf,owl:Thing
http://kbpedia.org/kko/rc/Flipper,rdfs:subClassOf,http://kbpedia.org/kko/rc/Limb_AnimalBodyPart
http://kbpedia.org/kko/rc/Flipper,rdfs:subClassOf,owl:Thing
http://kbpedia.org/kko/rc/MolarTooth,rdfs:subClassOf,http://kbpedia.org/kko/rc/Tooth
http://kbpedia.org/kko/rc/MolarTooth,rdfs:subClassOf,owl:Thing
http://kbpedia.org/kko/rc/SoleOfFoot,rdfs:subClassOf,http://kbpedia.org/kko/rc/Foot_AnimalBodyPart
http://kbpedia.org/kko/rc/SoleOfFoot,rdfs:subClassOf,owl:Thing
http://kbpedia.org/kko/rc/SoleOfFoot,rdfs:subClassOf,http://kbpedia.org/kko/rc/SurfaceRegion_Tangible
http://kbpedia.org/kko/rc/VividRed_Color,rdfs:subClassOf,http://kbpedia.org/kko/rc/CarmineColor
http://kbpedia.org/kko/rc/VividRed_Color,rdfs:subClassOf,owl:Thing
http://kbpedia.org/kko/rc/VividRed_Color,rdfs:subClassOf,http://kbpedia.org/kko/rc/CrimsonColor
http://kbpedia.org/kko/rc/VividRed_Color,rdfs:subClassOf,http://kbpedia.org/kko/rc/RedColor
http://kbpedia.org/kko/rc/VividRed_Color,rdfs:subClassOf,http://kbpedia.org/kko/rc/ScarletColor
http://kbpedia.org/kko/rc/VividRed_Color,rdfs:subClassOf,http://kbpedia.org/kko/rc/VermilionColor
http://kbpedia.org/kko/rc/MolecularStuff,rdfs:subClassOf,http://kbpedia.org/kko/rc/PhysicalObject
http://kbpedia.org/kko/rc/MolecularStuff,rdfs:subClassOf,owl:Thing
http://kbpedia.org/kko/rc/MediterraneanTropical_LikeCyclone,rdfs:subClassOf,http://kbpedia.org/kko/rc/TropicalCyclone
http://kbpedia.org/kko/rc/MediterraneanTropical_LikeCyclone,rdfs:subClassOf,owl:Thing
http://kbpedia.org/kko/rc/AqueousSolution,rdfs:subClassOf,http://kbpedia.org/kko/rc/LiquidSolution
http://kbpedia.org/kko/rc/AqueousSolution,rdfs:subClassOf,owl:Thing
http://kbpedia.org/kko/rc/Gaseous_StateOfMatter,rdfs:subClassOf,http://kbpedia.org/kko/rc/GaseousTangibleThing
http://kbpedia.org/kko/rc/Gaseous_StateOfMatter,rdfs:subClassOf,owl:Thing
http://kbpedia.org/kko/rc/Gaseous_StateOfMatter,rdfs:subClassOf,http://kbpedia.org/kko/rc/StatesOfMatter
http://kbpedia.org/kko/rc/Mixture,rdfs:subClassOf,http://kbpedia.org/kko/rc/ObjectTypes
http://kbpedia.org/kko/rc/Mixture,rdfs:subClassOf,owl:Thing
http://kbpedia.org/kko/rc/BoseEinsteinCondensate_StateOfMatter,rdfs:subClassOf,http://kbpedia.org/kko/rc/StatesOfMatter
http://kbpedia.org/kko/rc/BoseEinsteinCondensate_StateOfMatter,rdfs:subClassOf,owl:Thing
http://kbpedia.org/kko/rc/Fashion,rdfs:subClassOf,http://kbpedia.org/kko/rc/ClothingItem
http://kbpedia.org/kko/rc/Fashion,rdfs:subClassOf,owl:Thing
http://kbpedia.org/kko/rc/Virgo_TheSign,rdfs:subClassOf,http://kbpedia.org/kko/rc/PersonTypeByEuropeanZodiacSign
http://kbpedia.org/kko/rc/Virgo_TheSign,rdfs:subClassOf,owl:Thing
http://kbpedia.org/kko/rc/Sentient,rdfs:subClassOf,http://kbpedia.org/kko/rc/PerceptualAgent
http://kbpedia.org/kko/rc/Sentient,rdfs:subClassOf,owl:Thing
http://kbpedia.org/kko/rc/LatinAmericanClothing,rdfs:subClassOf,http://kbpedia.org/kko/rc/ClothingItem
http://kbpedia.org/kko/rc/LatinAmericanClothing,rdfs:subClassOf,owl:Thing
http://kbpedia.org/kko/rc/Typhoon,rdfs:subClassOf,http://kbpedia.org/kko/rc/TropicalCyclone
http://kbpedia.org/kko/rc/Typhoon,rdfs:subClassOf,owl:Thing
http://kbpedia.org/kko/rc/Prize,rdfs:subClassOf,http://kbpedia.org/kko/rc/Gift
http://kbpedia.org/kko/rc/Prize,rdfs:subClassOf,owl:Thing
http://kbpedia.org/kko/rc/Treasure,rdfs:subClassOf,http://kbpedia.org/kko/rc/Prize
http://kbpedia.org/kko/rc/Treasure,rdfs:subClassOf,owl:Thing
http://kbpedia.org/kko/rc/EffectsOfHurricaneKatrina,rdfs:subClassOf,http://kbpedia.org/kko/rc/HurricaneKatrina
http://kbpedia.org/kko/rc/EffectsOfHurricaneKatrina,rdfs:subClassOf,owl:Thing
http://kbpedia.org/kko/rc/HurricaneAsEvent,rdfs:subClassOf,http://kbpedia.org/kko/rc/CycloneAsEvent
http://kbpedia.org/kko/rc/HurricaneAsEvent,rdfs:subClassOf,owl:Thing
http://kbpedia.org/kko/rc/UFO,rdfs:subClassOf,http://kbpedia.org/kko/rc/ObjectTypes
http://kbpedia.org/kko/rc/UFO,rdfs:subClassOf,owl:Thing
http://kbpedia.org/kko/rc/PerceptualAgent,rdfs:subClassOf,http://kbpedia.org/kko/rc/QuasiAgent
http://kbpedia.org/kko/rc/PerceptualAgent,rdfs:subClassOf,owl:Thing
http://kbpedia.org/kko/rc/Soot,rdfs:subClassOf,http://kbpedia.org/kko/rc/BlackColor
http://kbpedia.org/kko/rc/Soot,rdfs:subClassOf,owl:Thing
http://kbpedia.org/kko/rc/GlassInNature,rdfs:subClassOf,http://kbpedia.org/kko/rc/Glass
http://kbpedia.org/kko/rc/GlassInNature,rdfs:subClassOf,owl:Thing
http://kbpedia.org/kko/rc/HurricaneKatrina,rdfs:subClassOf,http://kbpedia.org/kko/rc/HurricaneAsEvent
http://kbpedia.org/kko/rc/HurricaneKatrina,rdfs:subClassOf,owl:Thing
http://kbpedia.org/kko/rc/GaseousTangibleThing,rdfs:subClassOf,http://kbpedia.org/kko/rc/FluidTangibleThing
http://kbpedia.org/kko/rc/GaseousTangibleThing,rdfs:subClassOf,owl:Thing
http://kbpedia.org/kko/rc/Capricorn_TheSign,rdfs:subClassOf,http://kbpedia.org/kko/rc/PersonTypeByEuropeanZodiacSign
http://kbpedia.org/kko/rc/Capricorn_TheSign,rdfs:subClassOf,owl:Thing
http://kbpedia.org/kko/rc/Hypochlorite_Salt,rdfs:subClassOf,http://kbpedia.org/kko/rc/Solid_StateOfMatter
http://kbpedia.org/kko/rc/Hypochlorite_Salt,rdfs:subClassOf,owl:Thing
http://kbpedia.org/kko/rc/Taurus_TheSign,rdfs:subClassOf,http://kbpedia.org/kko/rc/PersonTypeByEuropeanZodiacSign
http://kbpedia.org/kko/rc/Taurus_TheSign,rdfs:subClassOf,owl:Thing
http://kbpedia.org/kko/rc/Tassel,rdfs:subClassOf,http://kbpedia.org/kko/rc/PhysicalPartOfObject
http://kbpedia.org/kko/rc/Tassel,rdfs:subClassOf,owl:Thing
http://kbpedia.org/kko/rc/GlassPhysics,rdfs:subClassOf,http://kbpedia.org/kko/rc/CondensedMatter
http://kbpedia.org/kko/rc/GlassPhysics,rdfs:subClassOf,owl:Thing
http://kbpedia.org/kko/rc/Antenna_AnimalBodyPart,rdfs:subClassOf,http://kbpedia.org/kko/rc/AnimalBodyPart_External
http://kbpedia.org/kko/rc/Antenna_AnimalBodyPart,rdfs:subClassOf,owl:Thing
http://kbpedia.org/kko/rc/FaceOfAnimal,rdfs:subClassOf,http://kbpedia.org/kko/rc/Head_AnimalBodyPart
http://kbpedia.org/kko/rc/FaceOfAnimal,rdfs:subClassOf,owl:Thing
http://kbpedia.org/kko/rc/GlassTypes,rdfs:subClassOf,http://kbpedia.org/kko/rc/Glass
http://kbpedia.org/kko/rc/GlassTypes,rdfs:subClassOf,owl:Thing
http://kbpedia.org/kko/rc/LavenderColor,rdfs:subClassOf,http://kbpedia.org/kko/rc/Purplish
http://kbpedia.org/kko/rc/LavenderColor,rdfs:subClassOf,owl:Thing
http://kbpedia.org/kko/rc/LavenderColor,rdfs:subClassOf,http://kbpedia.org/kko/rc/ColoredThing
http://kbpedia.org/kko/rc/HinduGift,rdfs:subClassOf,http://kbpedia.org/kko/rc/Gift
http://kbpedia.org/kko/rc/HinduGift,rdfs:subClassOf,owl:Thing
http://kbpedia.org/kko/rc/Hip,rdfs:subClassOf,http://kbpedia.org/kko/rc/AnimalBodyPart_External
http://kbpedia.org/kko/rc/Hip,rdfs:subClassOf,owl:Thing
http://kbpedia.org/kko/rc/FacialFeature,rdfs:subClassOf,http://kbpedia.org/kko/rc/FaceOfAnimal
http://kbpedia.org/kko/rc/FacialFeature,rdfs:subClassOf,owl:Thing
http://kbpedia.org/kko/rc/Film_FreeSheet,rdfs:subClassOf,http://kbpedia.org/kko/rc/FlexibleObject
http://kbpedia.org/kko/rc/Film_FreeSheet,rdfs:subClassOf,owl:Thing
http://kbpedia.org/kko/rc/Film_FreeSheet,rdfs:subClassOf,http://kbpedia.org/kko/rc/FreeSheet
http://kbpedia.org/kko/rc/FacialExpression,rdfs:subClassOf,http://kbpedia.org/kko/rc/FaceOfAnimal
http://kbpedia.org/kko/rc/FacialExpression,rdfs:subClassOf,owl:Thing
http://kbpedia.org/kko/rc/MadderColor,rdfs:subClassOf,http://kbpedia.org/kko/rc/Reddish
http://kbpedia.org/kko/rc/MadderColor,rdfs:subClassOf,owl:Thing
http://kbpedia.org/kko/rc/MadderColor,rdfs:subClassOf,http://kbpedia.org/kko/rc/ColoredThing
http://kbpedia.org/kko/rc/Layer,rdfs:subClassOf,http://kbpedia.org/kko/rc/PartiallyTangibleTypeByPhysicalFeature
http://kbpedia.org/kko/rc/Layer,rdfs:subClassOf,owl:Thing
http://kbpedia.org/kko/rc/Layer,rdfs:subClassOf,http://kbpedia.org/kko/rc/SheetOfSomeStuff
http://kbpedia.org/kko/rc/CycloneAsObject,rdfs:subClassOf,http://kbpedia.org/kko/rc/CircularWindSystem
http://kbpedia.org/kko/rc/CycloneAsObject,rdfs:subClassOf,owl:Thing
http://kbpedia.org/kko/rc/CycloneAsObject,rdfs:subClassOf,http://kbpedia.org/kko/rc/WindstormAsObject
http://kbpedia.org/kko/rc/AtlanticHurricane,rdfs:subClassOf,http://kbpedia.org/kko/rc/TropicalCyclone
http://kbpedia.org/kko/rc/AtlanticHurricane,rdfs:subClassOf,owl:Thing
http://kbpedia.org/kko/rc/MagentaColor,rdfs:subClassOf,http://kbpedia.org/kko/rc/ChromaticColor
http://kbpedia.org/kko/rc/MagentaColor,rdfs:subClassOf,owl:Thing
http://kbpedia.org/kko/rc/MagentaColor,rdfs:subClassOf,http://kbpedia.org/kko/rc/ColoredThing
http://kbpedia.org/kko/rc/RadiationEffect,rdfs:subClassOf,http://kbpedia.org/kko/rc/CondensedMatter
http://kbpedia.org/kko/rc/RadiationEffect,rdfs:subClassOf,owl:Thing
http://kbpedia.org/kko/rc/HurricaneAsObject,rdfs:subClassOf,http://kbpedia.org/kko/rc/CycloneAsObject
http://kbpedia.org/kko/rc/HurricaneAsObject,rdfs:subClassOf,owl:Thing
http://kbpedia.org/kko/rc/HurricaneAsObject,rdfs:subClassOf,http://kbpedia.org/kko/rc/ThunderstormAsObject
http://kbpedia.org/kko/rc/TropicalCyclone,rdfs:subClassOf,http://kbpedia.org/kko/rc/HurricaneAsObject
http://kbpedia.org/kko/rc/TropicalCyclone,rdfs:subClassOf,owl:Thing
http://kbpedia.org/kko/rc/IceCloudstuff,rdfs:subClassOf,http://kbpedia.org/kko/rc/Suspension
http://kbpedia.org/kko/rc/IceCloudstuff,rdfs:subClassOf,owl:Thing
http://kbpedia.org/kko/rc/CirrostratusCloud,rdfs:subClassOf,http://kbpedia.org/kko/rc/High_LevelCloud
http://kbpedia.org/kko/rc/CirrostratusCloud,rdfs:subClassOf,owl:Thing
http://kbpedia.org/kko/rc/CirrostratusCloud,rdfs:subClassOf,http://kbpedia.org/kko/rc/IceCloud
http://kbpedia.org/kko/rc/WindstormAsObject,rdfs:subClassOf,http://kbpedia.org/kko/rc/StormAsEvent
http://kbpedia.org/kko/rc/WindstormAsObject,rdfs:subClassOf,owl:Thing
http://kbpedia.org/kko/rc/WindstormAsObject,rdfs:subClassOf,http://kbpedia.org/kko/rc/Wind
http://kbpedia.org/kko/rc/Radiance,rdfs:subClassOf,http://kbpedia.org/kko/rc/DiffuseIllumination
http://kbpedia.org/kko/rc/Radiance,rdfs:subClassOf,owl:Thing
http://kbpedia.org/kko/rc/CirrocumulusCloud,rdfs:subClassOf,http://kbpedia.org/kko/rc/High_LevelCloud
http://kbpedia.org/kko/rc/CirrocumulusCloud,rdfs:subClassOf,owl:Thing
http://kbpedia.org/kko/rc/IceCloud,rdfs:subClassOf,http://kbpedia.org/kko/rc/CloudInSky
http://kbpedia.org/kko/rc/IceCloud,rdfs:subClassOf,owl:Thing
http://kbpedia.org/kko/rc/CirrusCloud,rdfs:subClassOf,http://kbpedia.org/kko/rc/High_LevelCloud
http://kbpedia.org/kko/rc/CirrusCloud,rdfs:subClassOf,owl:Thing
http://kbpedia.org/kko/rc/CirrusCloud,rdfs:subClassOf,http://kbpedia.org/kko/rc/IceCloud
http://kbpedia.org/kko/rc/CirrusCloud,rdfs:subClassOf,http://kbpedia.org/kko/rc/IceCloudstuff
http://kbpedia.org/kko/rc/BackOfHand,rdfs:subClassOf,http://kbpedia.org/kko/rc/AnimalBodyPart_External
http://kbpedia.org/kko/rc/BackOfHand,rdfs:subClassOf,owl:Thing
http://kbpedia.org/kko/rc/BackOfHand,rdfs:subClassOf,http://kbpedia.org/kko/rc/SurfaceRegion_Tangible
http://kbpedia.org/kko/rc/High_LevelCloud,rdfs:subClassOf,http://kbpedia.org/kko/rc/CloudInSky
http://kbpedia.org/kko/rc/High_LevelCloud,rdfs:subClassOf,owl:Thing
http://kbpedia.org/kko/rc/ShoeHeel,rdfs:subClassOf,http://kbpedia.org/kko/rc/FootwearPart
http://kbpedia.org/kko/rc/ShoeHeel,rdfs:subClassOf,owl:Thing
http://kbpedia.org/kko/rc/OpenSpaceContent,rdfs:subClassOf,http://kbpedia.org/kko/rc/FreeSpaceContent
http://kbpedia.org/kko/rc/OpenSpaceContent,rdfs:subClassOf,owl:Thing
http://kbpedia.org/kko/rc/CitronColor,rdfs:subClassOf,http://kbpedia.org/kko/rc/ChromaticColor
http://kbpedia.org/kko/rc/CitronColor,rdfs:subClassOf,owl:Thing
http://kbpedia.org/kko/rc/CitronColor,rdfs:subClassOf,http://kbpedia.org/kko/rc/Greenish
http://kbpedia.org/kko/rc/CitronColor,rdfs:subClassOf,http://kbpedia.org/kko/rc/ColoredThing
http://kbpedia.org/kko/rc/Tornadogenesis,rdfs:subClassOf,http://kbpedia.org/kko/rc/TornadoAsObject
http://kbpedia.org/kko/rc/Tornadogenesis,rdfs:subClassOf,owl:Thing
http://kbpedia.org/kko/rc/TornadoAsObject,rdfs:subClassOf,http://kbpedia.org/kko/rc/CycloneAsObject
http://kbpedia.org/kko/rc/TornadoAsObject,rdfs:subClassOf,owl:Thing
http://kbpedia.org/kko/rc/ShoeSole,rdfs:subClassOf,http://kbpedia.org/kko/rc/FootwearPart
http://kbpedia.org/kko/rc/ShoeSole,rdfs:subClassOf,owl:Thing
http://kbpedia.org/kko/rc/ShoeSole,rdfs:subClassOf,http://kbpedia.org/kko/rc/SurfaceRegion_Tangible
http://kbpedia.org/kko/rc/MagneticOrdering,rdfs:subClassOf,http://kbpedia.org/kko/rc/CondensedMatter
http://kbpedia.org/kko/rc/MagneticOrdering,rdfs:subClassOf,owl:Thing
http://kbpedia.org/kko/rc/ShoeUppers,rdfs:subClassOf,http://kbpedia.org/kko/rc/FootwearPart
http://kbpedia.org/kko/rc/ShoeUppers,rdfs:subClassOf,owl:Thing
http://kbpedia.org/kko/rc/ShoeUppers,rdfs:subClassOf,http://kbpedia.org/kko/rc/SurfaceRegion_Tangible
http://kbpedia.org/kko/rc/AtmosphericBoundaryLayer,rdfs:subClassOf,http://kbpedia.org/kko/rc/GaseousTangibleThing
http://kbpedia.org/kko/rc/AtmosphericBoundaryLayer,rdfs:subClassOf,owl:Thing
http://kbpedia.org/kko/rc/DessertGiftBasket,rdfs:subClassOf,http://kbpedia.org/kko/rc/GiftBasket
http://kbpedia.org/kko/rc/DessertGiftBasket,rdfs:subClassOf,owl:Thing
http://kbpedia.org/kko/rc/FuneralGift,rdfs:subClassOf,http://kbpedia.org/kko/rc/Gift
http://kbpedia.org/kko/rc/FuneralGift,rdfs:subClassOf,owl:Thing
http://kbpedia.org/kko/rc/Gift,rdfs:subClassOf,http://kbpedia.org/ontologies/kko#Manifestations
http://kbpedia.org/kko/rc/Gift,rdfs:subClassOf,owl:Thing
http://kbpedia.org/kko/rc/Torn,rdfs:subClassOf,http://kbpedia.org/kko/rc/FlexibleObject
http://kbpedia.org/kko/rc/Torn,rdfs:subClassOf,owl:Thing
http://kbpedia.org/kko/rc/Torn,rdfs:subClassOf,http://kbpedia.org/kko/rc/PartiallyTangibleTypeByPhysicalFeature
http://kbpedia.org/kko/rc/Torn,rdfs:subClassOf,http://kbpedia.org/kko/rc/PhysicalTransformationEvent
http://kbpedia.org/kko/rc/Head_AnimalBodyPart,rdfs:subClassOf,http://kbpedia.org/kko/rc/AnimalBodyPart_External
http://kbpedia.org/kko/rc/Head_AnimalBodyPart,rdfs:subClassOf,owl:Thing
http://kbpedia.org/kko/rc/Cheek_Facial,rdfs:subClassOf,http://kbpedia.org/kko/rc/Head_AnimalBodyPart
http://kbpedia.org/kko/rc/Cheek_Facial,rdfs:subClassOf,owl:Thing
http://kbpedia.org/kko/rc/BirthdayPresent,rdfs:subClassOf,http://kbpedia.org/kko/rc/Gift
http://kbpedia.org/kko/rc/BirthdayPresent,rdfs:subClassOf,owl:Thing
http://kbpedia.org/kko/rc/Favor_Gift,rdfs:subClassOf,http://kbpedia.org/kko/rc/Gift
http://kbpedia.org/kko/rc/Favor_Gift,rdfs:subClassOf,owl:Thing
http://kbpedia.org/kko/rc/FurClothing,rdfs:subClassOf,http://kbpedia.org/kko/rc/ClothingItem
http://kbpedia.org/kko/rc/FurClothing,rdfs:subClassOf,owl:Thing
http://kbpedia.org/kko/rc/Scale_AnimalBodyPart,rdfs:subClassOf,http://kbpedia.org/kko/rc/ExtrudedBodyPart
http://kbpedia.org/kko/rc/Scale_AnimalBodyPart,rdfs:subClassOf,owl:Thing
http://kbpedia.org/kko/rc/Aries_TheSign,rdfs:subClassOf,http://kbpedia.org/kko/rc/PersonTypeByEuropeanZodiacSign
http://kbpedia.org/kko/rc/Aries_TheSign,rdfs:subClassOf,owl:Thing
http://kbpedia.org/kko/rc/Contrail,rdfs:subClassOf,http://kbpedia.org/kko/rc/CloudInSky
http://kbpedia.org/kko/rc/Contrail,rdfs:subClassOf,owl:Thing
http://kbpedia.org/kko/rc/QuantumElectronics,rdfs:subClassOf,http://kbpedia.org/kko/rc/CondensedMatter
http://kbpedia.org/kko/rc/QuantumElectronics,rdfs:subClassOf,owl:Thing
http://kbpedia.org/kko/rc/Neck_AnimalBodyPart,rdfs:subClassOf,http://kbpedia.org/kko/rc/AnimalBodyPart_External
http://kbpedia.org/kko/rc/Neck_AnimalBodyPart,rdfs:subClassOf,owl:Thing
http://kbpedia.org/kko/rc/Feather,rdfs:subClassOf,http://kbpedia.org/kko/rc/ExtrudedBodyPart
http://kbpedia.org/kko/rc/Feather,rdfs:subClassOf,owl:Thing
http://kbpedia.org/kko/rc/Feather,rdfs:subClassOf,http://kbpedia.org/kko/rc/Protrusion
http://kbpedia.org/kko/rc/BistreColor,rdfs:subClassOf,http://kbpedia.org/kko/rc/ChromaticColor
http://kbpedia.org/kko/rc/BistreColor,rdfs:subClassOf,owl:Thing
http://kbpedia.org/kko/rc/BistreColor,rdfs:subClassOf,http://kbpedia.org/kko/rc/ColoredThing
http://kbpedia.org/kko/rc/Fin,rdfs:subClassOf,http://kbpedia.org/kko/rc/FlexibleObject
http://kbpedia.org/kko/rc/Fin,rdfs:subClassOf,owl:Thing
http://kbpedia.org/kko/rc/Shoulder,rdfs:subClassOf,http://kbpedia.org/kko/rc/AnimalBodyPart_External
http://kbpedia.org/kko/rc/Shoulder,rdfs:subClassOf,owl:Thing
http://kbpedia.org/kko/rc/QuantumMind,rdfs:subClassOf,http://kbpedia.org/kko/rc/Mind
http://kbpedia.org/kko/rc/QuantumMind,rdfs:subClassOf,owl:Thing
http://kbpedia.org/kko/rc/WhiteColor,rdfs:subClassOf,http://kbpedia.org/kko/rc/Whiteish
http://kbpedia.org/kko/rc/WhiteColor,rdfs:subClassOf,owl:Thing
http://kbpedia.org/kko/rc/WhiteColor,rdfs:subClassOf,http://kbpedia.org/kko/rc/ColoredThing
http://kbpedia.org/kko/rc/Motivation,rdfs:subClassOf,http://kbpedia.org/kko/rc/FeelingAttribute
http://kbpedia.org/kko/rc/Motivation,rdfs:subClassOf,owl:Thing
http://kbpedia.org/kko/rc/Motivation,rdfs:subClassOf,http://kbpedia.org/kko/rc/Mind
http://kbpedia.org/kko/rc/ChamoisColor,rdfs:subClassOf,http://kbpedia.org/kko/rc/Yellowish
http://kbpedia.org/kko/rc/ChamoisColor,rdfs:subClassOf,owl:Thing
http://kbpedia.org/kko/rc/ChamoisColor,rdfs:subClassOf,http://kbpedia.org/kko/rc/ColoredThing
http://kbpedia.org/kko/rc/ObjectTypeByIntrinsicState,rdfs:subClassOf,http://kbpedia.org/kko/rc/ObjectTypes
http://kbpedia.org/kko/rc/ObjectTypeByIntrinsicState,rdfs:subClassOf,owl:Thing
http://kbpedia.org/kko/rc/Limb_AnimalBodyPart,rdfs:subClassOf,http://kbpedia.org/kko/rc/AnimalBodyPart_External
http://kbpedia.org/kko/rc/Limb_AnimalBodyPart,rdfs:subClassOf,owl:Thing
http://kbpedia.org/kko/rc/Whiteish,rdfs:subClassOf,http://kbpedia.org/kko/rc/ObjectTypeByColorTinge
http://kbpedia.org/kko/rc/Whiteish,rdfs:subClassOf,owl:Thing
http://kbpedia.org/kko/rc/CarmineColor,rdfs:subClassOf,http://kbpedia.org/kko/rc/ChromaticColor
http://kbpedia.org/kko/rc/CarmineColor,rdfs:subClassOf,owl:Thing
http://kbpedia.org/kko/rc/CarmineColor,rdfs:subClassOf,http://kbpedia.org/kko/rc/ColoredThing
http://kbpedia.org/kko/rc/DorsalFin,rdfs:subClassOf,http://kbpedia.org/kko/rc/Fin
http://kbpedia.org/kko/rc/DorsalFin,rdfs:subClassOf,owl:Thing
http://kbpedia.org/kko/rc/IntermittentCollection,rdfs:subClassOf,http://kbpedia.org/kko/rc/TimeDependentCollection
http://kbpedia.org/kko/rc/IntermittentCollection,rdfs:subClassOf,owl:Thing
http://kbpedia.org/kko/rc/GoldColor,rdfs:subClassOf,http://kbpedia.org/kko/rc/Yellowish
http://kbpedia.org/kko/rc/GoldColor,rdfs:subClassOf,owl:Thing
http://kbpedia.org/kko/rc/GoldColor,rdfs:subClassOf,http://kbpedia.org/kko/rc/ColoredThing
http://kbpedia.org/kko/rc/Quasiparticle,rdfs:subClassOf,http://kbpedia.org/kko/rc/CondensedMatter
http://kbpedia.org/kko/rc/Quasiparticle,rdfs:subClassOf,owl:Thing
http://kbpedia.org/kko/rc/Identity,rdfs:subClassOf,http://kbpedia.org/kko/rc/Mind
http://kbpedia.org/kko/rc/Identity,rdfs:subClassOf,owl:Thing
http://kbpedia.org/kko/rc/Blackish,rdfs:subClassOf,http://kbpedia.org/kko/rc/ObjectTypeByColorTinge
http://kbpedia.org/kko/rc/Blackish,rdfs:subClassOf,owl:Thing
http://kbpedia.org/kko/rc/BlackColor,rdfs:subClassOf,http://kbpedia.org/kko/rc/AchromaticColor
http://kbpedia.org/kko/rc/BlackColor,rdfs:subClassOf,owl:Thing
http://kbpedia.org/kko/rc/BlackColor,rdfs:subClassOf,http://kbpedia.org/kko/rc/Blackish
http://kbpedia.org/kko/rc/SandstormAsObject,rdfs:subClassOf,http://kbpedia.org/kko/rc/WindstormAsObject
http://kbpedia.org/kko/rc/SandstormAsObject,rdfs:subClassOf,owl:Thing
http://kbpedia.org/kko/rc/Keepsake,rdfs:subClassOf,http://kbpedia.org/kko/rc/Gift
http://kbpedia.org/kko/rc/Keepsake,rdfs:subClassOf,owl:Thing
http://kbpedia.org/kko/rc/Wrap_Clothing,rdfs:subClassOf,http://kbpedia.org/kko/rc/ClothingItem
http://kbpedia.org/kko/rc/Wrap_Clothing,rdfs:subClassOf,owl:Thing
http://kbpedia.org/kko/rc/Dewdrop,rdfs:subClassOf,http://kbpedia.org/kko/rc/Particle
http://kbpedia.org/kko/rc/Dewdrop,rdfs:subClassOf,owl:Thing
http://kbpedia.org/kko/rc/Foam,rdfs:subClassOf,http://kbpedia.org/kko/rc/Colloid
http://kbpedia.org/kko/rc/Foam,rdfs:subClassOf,owl:Thing
http://kbpedia.org/kko/rc/ThongWear,rdfs:subClassOf,http://kbpedia.org/kko/rc/ClothingItem
http://kbpedia.org/kko/rc/ThongWear,rdfs:subClassOf,owl:Thing
http://kbpedia.org/kko/rc/UnchangedActor,rdfs:subClassOf,http://kbpedia.org/kko/rc/QuasiAgent
http://kbpedia.org/kko/rc/UnchangedActor,rdfs:subClassOf,owl:Thing
http://kbpedia.org/kko/rc/GString,rdfs:subClassOf,http://kbpedia.org/kko/rc/ThongWear
http://kbpedia.org/kko/rc/GString,rdfs:subClassOf,owl:Thing
http://kbpedia.org/kko/rc/Sandpaper,rdfs:subClassOf,http://kbpedia.org/kko/rc/FreeSheet
http://kbpedia.org/kko/rc/Sandpaper,rdfs:subClassOf,owl:Thing
http://kbpedia.org/kko/rc/Sandpaper,rdfs:subClassOf,http://kbpedia.org/kko/rc/SurfaceRegion_Tangible
http://kbpedia.org/kko/rc/Mist,rdfs:subClassOf,http://kbpedia.org/kko/rc/CloudlikeObject
http://kbpedia.org/kko/rc/Mist,rdfs:subClassOf,owl:Thing
http://kbpedia.org/kko/rc/MobOfHair_Mammal,rdfs:subClassOf,http://kbpedia.org/kko/rc/ExtrudedBodyPart
http://kbpedia.org/kko/rc/MobOfHair_Mammal,rdfs:subClassOf,owl:Thing
http://kbpedia.org/kko/rc/MobOfHair_Mammal,rdfs:subClassOf,http://kbpedia.org/kko/rc/AnimalBodyPart_External
http://kbpedia.org/kko/rc/ChargeCarrier,rdfs:subClassOf,http://kbpedia.org/kko/rc/CondensedMatter
http://kbpedia.org/kko/rc/ChargeCarrier,rdfs:subClassOf,owl:Thing
http://kbpedia.org/kko/rc/Fog,rdfs:subClassOf,http://kbpedia.org/kko/rc/Mist
http://kbpedia.org/kko/rc/Fog,rdfs:subClassOf,owl:Thing
http://kbpedia.org/kko/rc/Fog,rdfs:subClassOf,http://kbpedia.org/kko/rc/Outdoors_ExposedToWeather
http://kbpedia.org/kko/rc/Fog,rdfs:subClassOf,http://kbpedia.org/kko/rc/CloudlikeObject
http://kbpedia.org/kko/rc/SubtropicalCyclone,rdfs:subClassOf,http://kbpedia.org/kko/rc/CycloneAsObject
http://kbpedia.org/kko/rc/SubtropicalCyclone,rdfs:subClassOf,owl:Thing
http://kbpedia.org/kko/rc/Buttocks,rdfs:subClassOf,http://kbpedia.org/kko/rc/AnimalBodyPart_External
http://kbpedia.org/kko/rc/Buttocks,rdfs:subClassOf,owl:Thing
http://kbpedia.org/kko/rc/Paint_Generic,rdfs:subClassOf,http://kbpedia.org/kko/rc/HomogeneousStructure
http://kbpedia.org/kko/rc/Paint_Generic,rdfs:subClassOf,owl:Thing
http://kbpedia.org/kko/rc/HailStormProcess,rdfs:subClassOf,http://kbpedia.org/kko/rc/HailProcess
http://kbpedia.org/kko/rc/HailStormProcess,rdfs:subClassOf,owl:Thing
http://kbpedia.org/kko/rc/HailStormProcess,rdfs:subClassOf,http://kbpedia.org/kko/rc/StormAsEvent
http://kbpedia.org/kko/rc/PaleOrangeYellow_Color,rdfs:subClassOf,http://kbpedia.org/kko/rc/BuffColor
http://kbpedia.org/kko/rc/PaleOrangeYellow_Color,rdfs:subClassOf,owl:Thing
http://kbpedia.org/kko/rc/PaleOrangeYellow_Color,rdfs:subClassOf,http://kbpedia.org/kko/rc/OchreColor
http://kbpedia.org/kko/rc/PaleOrangeYellow_Color,rdfs:subClassOf,http://kbpedia.org/kko/rc/PeachColor
http://kbpedia.org/kko/rc/PaleOrangeYellow_Color,rdfs:subClassOf,http://kbpedia.org/kko/rc/Whiteish
http://kbpedia.org/kko/rc/PaleOrangeYellow_Color,rdfs:subClassOf,http://kbpedia.org/kko/rc/Yellowish
http://kbpedia.org/kko/rc/ChartreuseColor,rdfs:subClassOf,http://kbpedia.org/kko/rc/ChromaticColor
http://kbpedia.org/kko/rc/ChartreuseColor,rdfs:subClassOf,owl:Thing
http://kbpedia.org/kko/rc/ChartreuseColor,rdfs:subClassOf,http://kbpedia.org/kko/rc/Greenish
http://kbpedia.org/kko/rc/ChartreuseColor,rdfs:subClassOf,http://kbpedia.org/kko/rc/ColoredThing
http://kbpedia.org/kko/rc/FlexibleObject,rdfs:subClassOf,http://kbpedia.org/kko/rc/PhysicalObject
http://kbpedia.org/kko/rc/FlexibleObject,rdfs:subClassOf,owl:Thing
http://kbpedia.org/kko/rc/HomogeneousTexture,rdfs:subClassOf,http://kbpedia.org/kko/rc/Texture
http://kbpedia.org/kko/rc/HomogeneousTexture,rdfs:subClassOf,owl:Thing
http://kbpedia.org/kko/rc/PalePurplishBlue_Color,rdfs:subClassOf,http://kbpedia.org/kko/rc/PeriwinkleColor
http://kbpedia.org/kko/rc/PalePurplishBlue_Color,rdfs:subClassOf,owl:Thing
http://kbpedia.org/kko/rc/PalePurplishBlue_Color,rdfs:subClassOf,http://kbpedia.org/kko/rc/UltramarineColor
http://kbpedia.org/kko/rc/PeachColor,rdfs:subClassOf,http://kbpedia.org/kko/rc/ChromaticColor
http://kbpedia.org/kko/rc/PeachColor,rdfs:subClassOf,owl:Thing
http://kbpedia.org/kko/rc/PeachColor,rdfs:subClassOf,http://kbpedia.org/kko/rc/ColoredThing
http://kbpedia.org/kko/rc/Elastic,rdfs:subClassOf,http://kbpedia.org/kko/rc/FlexibleObject
http://kbpedia.org/kko/rc/Elastic,rdfs:subClassOf,owl:Thing
http://kbpedia.org/kko/rc/FootMuscle,rdfs:subClassOf,http://kbpedia.org/kko/rc/Foot_AnimalBodyPart
http://kbpedia.org/kko/rc/FootMuscle,rdfs:subClassOf,owl:Thing
http://kbpedia.org/kko/rc/HomogeneousStructure,rdfs:subClassOf,http://kbpedia.org/kko/rc/HomogeneousTexture
http://kbpedia.org/kko/rc/HomogeneousStructure,rdfs:subClassOf,owl:Thing
http://kbpedia.org/kko/rc/HairFollicle,rdfs:subClassOf,http://kbpedia.org/kko/rc/AnimalBodyPart_External
http://kbpedia.org/kko/rc/HairFollicle,rdfs:subClassOf,owl:Thing
http://kbpedia.org/kko/rc/Material,rdfs:subClassOf,http://kbpedia.org/kko/rc/Matter
http://kbpedia.org/kko/rc/Material,rdfs:subClassOf,owl:Thing
http://kbpedia.org/kko/rc/CombustibleMaterial,rdfs:subClassOf,http://kbpedia.org/kko/rc/Material
http://kbpedia.org/kko/rc/CombustibleMaterial,rdfs:subClassOf,owl:Thing
http://kbpedia.org/kko/rc/Waist,rdfs:subClassOf,http://kbpedia.org/kko/rc/AnimalBodyPart_External
http://kbpedia.org/kko/rc/Waist,rdfs:subClassOf,owl:Thing
http://kbpedia.org/kko/rc/FermionicCondensate_StateOfMatter,rdfs:subClassOf,http://kbpedia.org/kko/rc/StatesOfMatter
http://kbpedia.org/kko/rc/FermionicCondensate_StateOfMatter,rdfs:subClassOf,owl:Thing
http://kbpedia.org/kko/rc/SheetOfSomeStuff,rdfs:subClassOf,http://kbpedia.org/kko/rc/Matter
http://kbpedia.org/kko/rc/SheetOfSomeStuff,rdfs:subClassOf,owl:Thing
http://kbpedia.org/kko/rc/FreeSheet,rdfs:subClassOf,http://kbpedia.org/kko/rc/SheetOfSomeStuff
http://kbpedia.org/kko/rc/FreeSheet,rdfs:subClassOf,owl:Thing
http://kbpedia.org/kko/rc/Foot_AnimalBodyPart,rdfs:subClassOf,http://kbpedia.org/kko/rc/AnimalBodyPart_External
http://kbpedia.org/kko/rc/Foot_AnimalBodyPart,rdfs:subClassOf,owl:Thing
http://kbpedia.org/kko/rc/Opaque,rdfs:subClassOf,http://kbpedia.org/kko/rc/VisibleFeatureType
http://kbpedia.org/kko/rc/Opaque,rdfs:subClassOf,owl:Thing
http://kbpedia.org/kko/rc/Garment,rdfs:subClassOf,http://kbpedia.org/kko/rc/ClothingItem
http://kbpedia.org/kko/rc/Garment,rdfs:subClassOf,owl:Thing
http://kbpedia.org/kko/rc/Garment,rdfs:subClassOf,http://kbpedia.org/kko/rc/FlexibleObject
http://kbpedia.org/kko/rc/TimeDependentCollection,rdfs:subClassOf,http://kbpedia.org/kko/rc/Matter
http://kbpedia.org/kko/rc/TimeDependentCollection,rdfs:subClassOf,owl:Thing
http://kbpedia.org/kko/rc/VisibleFeatureType,rdfs:subClassOf,http://kbpedia.org/kko/rc/PartiallyTangibleTypeByPhysicalFeature
http://kbpedia.org/kko/rc/VisibleFeatureType,rdfs:subClassOf,owl:Thing
http://kbpedia.org/kko/rc/VisibleFeatureType,rdfs:subClassOf,http://kbpedia.org/kko/rc/TimeDependentCollection
http://kbpedia.org/kko/rc/ObjectTypeByFoldednessStatus,rdfs:subClassOf,http://kbpedia.org/kko/rc/ObjectTypes
http://kbpedia.org/kko/rc/ObjectTypeByFoldednessStatus,rdfs:subClassOf,owl:Thing
http://kbpedia.org/kko/rc/Covering_Object,rdfs:subClassOf,http://kbpedia.org/kko/rc/ObjectTypeByFoldednessStatus
http://kbpedia.org/kko/rc/Covering_Object,rdfs:subClassOf,owl:Thing
http://kbpedia.org/kko/rc/Emerald_Color,rdfs:subClassOf,http://kbpedia.org/kko/rc/BrilliantYellowishGreen_Color
http://kbpedia.org/kko/rc/Emerald_Color,rdfs:subClassOf,owl:Thing
http://kbpedia.org/kko/rc/ClothingItem,rdfs:subClassOf,http://kbpedia.org/kko/rc/Opaque
http://kbpedia.org/kko/rc/ClothingItem,rdfs:subClassOf,owl:Thing
http://kbpedia.org/kko/rc/PreparationForHurricaneKatrina,rdfs:subClassOf,http://kbpedia.org/kko/rc/HurricaneKatrina
http://kbpedia.org/kko/rc/PreparationForHurricaneKatrina,rdfs:subClassOf,owl:Thing
http://kbpedia.org/kko/rc/LandBuildingStructureThoroughfare,rdfs:subClassOf,http://kbpedia.org/kko/rc/ObjectTypes
http://kbpedia.org/kko/rc/LandBuildingStructureThoroughfare,rdfs:subClassOf,owl:Thing
http://kbpedia.org/kko/rc/Pall,rdfs:subClassOf,http://kbpedia.org/kko/rc/Opaque
http://kbpedia.org/kko/rc/Pall,rdfs:subClassOf,owl:Thing
http://kbpedia.org/kko/rc/HallEffect,rdfs:subClassOf,http://kbpedia.org/kko/rc/CondensedMatter
http://kbpedia.org/kko/rc/HallEffect,rdfs:subClassOf,owl:Thing
http://kbpedia.org/kko/rc/NaturalTangibleStuff,rdfs:subClassOf,http://kbpedia.org/kko/rc/Matter
http://kbpedia.org/kko/rc/NaturalTangibleStuff,rdfs:subClassOf,owl:Thing
http://kbpedia.org/kko/rc/FootwearPart,rdfs:subClassOf,http://kbpedia.org/kko/rc/PhysicalPartOfObject
http://kbpedia.org/kko/rc/FootwearPart,rdfs:subClassOf,owl:Thing
http://kbpedia.org/kko/rc/WarningColoration,rdfs:subClassOf,http://kbpedia.org/kko/rc/Color
http://kbpedia.org/kko/rc/WarningColoration,rdfs:subClassOf,owl:Thing
http://kbpedia.org/kko/rc/Low_LevelCloud,rdfs:subClassOf,http://kbpedia.org/kko/rc/CloudInSky
http://kbpedia.org/kko/rc/Low_LevelCloud,rdfs:subClassOf,owl:Thing
http://kbpedia.org/kko/rc/NaturalMaterial,rdfs:subClassOf,http://kbpedia.org/kko/rc/NaturalTangibleStuff
http://kbpedia.org/kko/rc/NaturalMaterial,rdfs:subClassOf,owl:Thing
http://kbpedia.org/kko/rc/PrecipitationCloud,rdfs:subClassOf,http://kbpedia.org/kko/rc/CloudInSky
http://kbpedia.org/kko/rc/PrecipitationCloud,rdfs:subClassOf,owl:Thing
http://kbpedia.org/kko/rc/CumulonimbusCloud,rdfs:subClassOf,http://kbpedia.org/kko/rc/Low_LevelCloud
http://kbpedia.org/kko/rc/CumulonimbusCloud,rdfs:subClassOf,owl:Thing
http://kbpedia.org/kko/rc/CumulonimbusCloud,rdfs:subClassOf,http://kbpedia.org/kko/rc/PrecipitationCloud
http://kbpedia.org/kko/rc/CumulusCloud,rdfs:subClassOf,http://kbpedia.org/kko/rc/Low_LevelCloud
http://kbpedia.org/kko/rc/CumulusCloud,rdfs:subClassOf,owl:Thing
http://kbpedia.org/kko/rc/CumulusCloud,rdfs:subClassOf,http://kbpedia.org/kko/rc/CloudInSky
http://kbpedia.org/kko/rc/Forearm,rdfs:subClassOf,http://kbpedia.org/kko/rc/AnimalBodyPart_External
http://kbpedia.org/kko/rc/Forearm,rdfs:subClassOf,owl:Thing
http://kbpedia.org/kko/rc/ChromaticColor,rdfs:subClassOf,http://kbpedia.org/kko/rc/Color
http://kbpedia.org/kko/rc/ChromaticColor,rdfs:subClassOf,owl:Thing
http://kbpedia.org/kko/rc/Beak,rdfs:subClassOf,http://kbpedia.org/kko/rc/AnimalBodyPart_External
http://kbpedia.org/kko/rc/Beak,rdfs:subClassOf,owl:Thing
http://kbpedia.org/kko/rc/Beak,rdfs:subClassOf,http://kbpedia.org/kko/rc/Protrusion
http://kbpedia.org/kko/rc/AureolinColor,rdfs:subClassOf,http://kbpedia.org/kko/rc/ChromaticColor
http://kbpedia.org/kko/rc/AureolinColor,rdfs:subClassOf,owl:Thing
http://kbpedia.org/kko/rc/ForearmSupinator,rdfs:subClassOf,http://kbpedia.org/kko/rc/Forearm
http://kbpedia.org/kko/rc/ForearmSupinator,rdfs:subClassOf,owl:Thing
http://kbpedia.org/kko/rc/Forehead,rdfs:subClassOf,http://kbpedia.org/kko/rc/AnimalBodyPart_External
http://kbpedia.org/kko/rc/Forehead,rdfs:subClassOf,owl:Thing
http://kbpedia.org/kko/rc/ElectronicBandStructure,rdfs:subClassOf,http://kbpedia.org/kko/rc/CondensedMatter
http://kbpedia.org/kko/rc/ElectronicBandStructure,rdfs:subClassOf,owl:Thing
http://kbpedia.org/kko/rc/Leg,rdfs:subClassOf,http://kbpedia.org/kko/rc/Limb_AnimalBodyPart
http://kbpedia.org/kko/rc/Leg,rdfs:subClassOf,owl:Thing
http://kbpedia.org/kko/rc/HolidayGiftBasket,rdfs:subClassOf,http://kbpedia.org/kko/rc/GiftBasket
http://kbpedia.org/kko/rc/HolidayGiftBasket,rdfs:subClassOf,owl:Thing
http://kbpedia.org/kko/rc/WeightLiftingGlove,rdfs:subClassOf,http://kbpedia.org/kko/rc/ClothingItem
http://kbpedia.org/kko/rc/WeightLiftingGlove,rdfs:subClassOf,owl:Thing
http://kbpedia.org/kko/rc/CordlikeObject,rdfs:subClassOf,http://kbpedia.org/kko/rc/FlexibleObject
http://kbpedia.org/kko/rc/CordlikeObject,rdfs:subClassOf,owl:Thing
http://kbpedia.org/kko/rc/CordlikeObject,rdfs:subClassOf,http://kbpedia.org/kko/rc/Path_Customary
http://kbpedia.org/kko/rc/CordlikeObject,rdfs:subClassOf,http://kbpedia.org/kko/rc/Path_Simple
http://kbpedia.org/kko/rc/Brass,rdfs:subClassOf,http://kbpedia.org/kko/rc/BronzeColor
http://kbpedia.org/kko/rc/Brass,rdfs:subClassOf,owl:Thing
http://kbpedia.org/kko/rc/BronzeColor,rdfs:subClassOf,http://kbpedia.org/kko/rc/Brownish
http://kbpedia.org/kko/rc/BronzeColor,rdfs:subClassOf,owl:Thing
http://kbpedia.org/kko/rc/BronzeColor,rdfs:subClassOf,http://kbpedia.org/kko/rc/ColoredThing
http://kbpedia.org/kko/rc/ElevatorCarDoor,rdfs:subClassOf,http://kbpedia.org/kko/rc/DoorwayCovering
http://kbpedia.org/kko/rc/ElevatorCarDoor,rdfs:subClassOf,owl:Thing
http://kbpedia.org/kko/rc/Mind,rdfs:subClassOf,http://kbpedia.org/kko/rc/Immanence
http://kbpedia.org/kko/rc/Mind,rdfs:subClassOf,owl:Thing
http://kbpedia.org/kko/rc/Solid_Glass,rdfs:subClassOf,http://kbpedia.org/kko/rc/Glass
http://kbpedia.org/kko/rc/Solid_Glass,rdfs:subClassOf,owl:Thing
http://kbpedia.org/kko/rc/Solid_Glass,rdfs:subClassOf,http://kbpedia.org/kko/rc/Transparent
http://kbpedia.org/kko/rc/ClearGlass,rdfs:subClassOf,http://kbpedia.org/kko/rc/Solid_Glass
http://kbpedia.org/kko/rc/ClearGlass,rdfs:subClassOf,owl:Thing
http://kbpedia.org/kko/rc/ClearGlass,rdfs:subClassOf,http://kbpedia.org/kko/rc/Transparent
http://kbpedia.org/kko/rc/Glass,rdfs:subClassOf,http://kbpedia.org/kko/rc/InorganicMaterial
http://kbpedia.org/kko/rc/Glass,rdfs:subClassOf,owl:Thing
http://kbpedia.org/kko/rc/Glass,rdfs:subClassOf,http://kbpedia.org/kko/rc/Solid_StateOfMatter
http://kbpedia.org/kko/rc/Character_Temporal,rdfs:subClassOf,http://kbpedia.org/kko/rc/QuasiAgent
http://kbpedia.org/kko/rc/Character_Temporal,rdfs:subClassOf,owl:Thing
http://kbpedia.org/kko/rc/QuasiAgent,rdfs:subClassOf,http://kbpedia.org/ontologies/kko#Manifestations
http://kbpedia.org/kko/rc/QuasiAgent,rdfs:subClassOf,owl:Thing
http://kbpedia.org/kko/rc/GourmetGiftBasket,rdfs:subClassOf,http://kbpedia.org/kko/rc/GiftBasket
http://kbpedia.org/kko/rc/GourmetGiftBasket,rdfs:subClassOf,owl:Thing
http://kbpedia.org/kko/rc/Leo_TheSign,rdfs:subClassOf,http://kbpedia.org/kko/rc/PersonTypeByEuropeanZodiacSign
http://kbpedia.org/kko/rc/Leo_TheSign,rdfs:subClassOf,owl:Thing
http://kbpedia.org/kko/rc/FluidTangibleThing,rdfs:subClassOf,http://kbpedia.org/kko/rc/Matter
http://kbpedia.org/kko/rc/FluidTangibleThing,rdfs:subClassOf,owl:Thing
http://kbpedia.org/kko/rc/IndigoColor,rdfs:subClassOf,http://kbpedia.org/kko/rc/ChromaticColor
http://kbpedia.org/kko/rc/IndigoColor,rdfs:subClassOf,owl:Thing
http://kbpedia.org/kko/rc/IndigoColor,rdfs:subClassOf,http://kbpedia.org/kko/rc/ColoredThing
http://kbpedia.org/kko/rc/Chest_BodyPart,rdfs:subClassOf,http://kbpedia.org/kko/rc/AnimalBodyPart_External
http://kbpedia.org/kko/rc/Chest_BodyPart,rdfs:subClassOf,owl:Thing
http://kbpedia.org/kko/rc/InorganicMaterial,rdfs:subClassOf,http://kbpedia.org/kko/rc/Material
http://kbpedia.org/kko/rc/InorganicMaterial,rdfs:subClassOf,owl:Thing
http://kbpedia.org/kko/rc/LiquidTangibleThing,rdfs:subClassOf,http://kbpedia.org/kko/rc/FluidTangibleThing
http://kbpedia.org/kko/rc/LiquidTangibleThing,rdfs:subClassOf,owl:Thing
http://kbpedia.org/kko/rc/GreenColor,rdfs:subClassOf,http://kbpedia.org/kko/rc/Greenish
http://kbpedia.org/kko/rc/GreenColor,rdfs:subClassOf,owl:Thing
http://kbpedia.org/kko/rc/GreenColor,rdfs:subClassOf,http://kbpedia.org/kko/rc/ColoredThing
http://kbpedia.org/kko/rc/Brownish,rdfs:subClassOf,http://kbpedia.org/kko/rc/ObjectTypeByColorTinge
http://kbpedia.org/kko/rc/Brownish,rdfs:subClassOf,owl:Thing
http://kbpedia.org/kko/rc/ColorlessThing,rdfs:subClassOf,http://kbpedia.org/kko/rc/ObjectTypeByColorTinge
http://kbpedia.org/kko/rc/ColorlessThing,rdfs:subClassOf,owl:Thing
http://kbpedia.org/kko/rc/BrownColor,rdfs:subClassOf,http://kbpedia.org/kko/rc/Brownish
http://kbpedia.org/kko/rc/BrownColor,rdfs:subClassOf,owl:Thing
http://kbpedia.org/kko/rc/BrownColor,rdfs:subClassOf,http://kbpedia.org/kko/rc/ChromaticColor
http://kbpedia.org/kko/rc/BrownColor,rdfs:subClassOf,http://kbpedia.org/kko/rc/ColoredThing
http://kbpedia.org/kko/rc/Greenish,rdfs:subClassOf,http://kbpedia.org/kko/rc/ObjectTypeByColorTinge
http://kbpedia.org/kko/rc/Greenish,rdfs:subClassOf,owl:Thing
http://kbpedia.org/kko/rc/Waterspout_Tornado,rdfs:subClassOf,http://kbpedia.org/kko/rc/TornadoAsObject
http://kbpedia.org/kko/rc/Waterspout_Tornado,rdfs:subClassOf,owl:Thing
http://kbpedia.org/kko/rc/Waterspout,rdfs:subClassOf,http://kbpedia.org/kko/rc/Waterspout_Tornado
http://kbpedia.org/kko/rc/Waterspout,rdfs:subClassOf,owl:Thing
http://kbpedia.org/kko/rc/NavyColor,rdfs:subClassOf,http://kbpedia.org/kko/rc/ChromaticColor
http://kbpedia.org/kko/rc/NavyColor,rdfs:subClassOf,owl:Thing
http://kbpedia.org/kko/rc/NavyColor,rdfs:subClassOf,http://kbpedia.org/kko/rc/ColoredThing
http://kbpedia.org/kko/rc/Sclera,rdfs:subClassOf,http://kbpedia.org/kko/rc/Head_AnimalBodyPart
http://kbpedia.org/kko/rc/Sclera,rdfs:subClassOf,owl:Thing
http://kbpedia.org/kko/rc/KhakiColor,rdfs:subClassOf,http://kbpedia.org/kko/rc/Brownish
http://kbpedia.org/kko/rc/KhakiColor,rdfs:subClassOf,owl:Thing
http://kbpedia.org/kko/rc/KhakiColor,rdfs:subClassOf,http://kbpedia.org/kko/rc/ChromaticColor
http://kbpedia.org/kko/rc/KhakiColor,rdfs:subClassOf,http://kbpedia.org/kko/rc/ColoredThing
http://kbpedia.org/kko/rc/Compartment,rdfs:subClassOf,http://kbpedia.org/kko/rc/Container
http://kbpedia.org/kko/rc/Compartment,rdfs:subClassOf,owl:Thing
http://kbpedia.org/kko/rc/Compartment,rdfs:subClassOf,http://kbpedia.org/kko/rc/PhysicalPartOfObject
http://kbpedia.org/kko/rc/Scorpio_TheSign,rdfs:subClassOf,http://kbpedia.org/kko/rc/PersonTypeByEuropeanZodiacSign
http://kbpedia.org/kko/rc/Scorpio_TheSign,rdfs:subClassOf,owl:Thing
http://kbpedia.org/kko/rc/PigsTrotter,rdfs:subClassOf,http://kbpedia.org/kko/rc/Foot_AnimalBodyPart
http://kbpedia.org/kko/rc/PigsTrotter,rdfs:subClassOf,owl:Thing
http://kbpedia.org/kko/rc/PigFacedWomen,rdfs:subClassOf,http://kbpedia.org/kko/rc/FaceOfAnimal
http://kbpedia.org/kko/rc/PigFacedWomen,rdfs:subClassOf,owl:Thing
http://kbpedia.org/kko/rc/Armpit,rdfs:subClassOf,http://kbpedia.org/kko/rc/AnimalBodyPart_External
http://kbpedia.org/kko/rc/Armpit,rdfs:subClassOf,owl:Thing
http://kbpedia.org/kko/rc/Drop,rdfs:subClassOf,http://kbpedia.org/kko/rc/Particle
http://kbpedia.org/kko/rc/Drop,rdfs:subClassOf,owl:Thing
http://kbpedia.org/kko/rc/Sagittarius_TheSign,rdfs:subClassOf,http://kbpedia.org/kko/rc/PersonTypeByEuropeanZodiacSign
http://kbpedia.org/kko/rc/Sagittarius_TheSign,rdfs:subClassOf,owl:Thing
http://kbpedia.org/kko/rc/PieceOfSky,rdfs:subClassOf,http://kbpedia.org/kko/rc/GaseousTangibleThing
http://kbpedia.org/kko/rc/PieceOfSky,rdfs:subClassOf,owl:Thing
http://kbpedia.org/kko/rc/PieceOfSky,rdfs:subClassOf,http://kbpedia.org/kko/rc/OpenSpaceContent
http://kbpedia.org/kko/rc/ObjectTypeByTemporalFeature,rdfs:subClassOf,http://kbpedia.org/kko/rc/ObjectTypes
http://kbpedia.org/kko/rc/ObjectTypeByTemporalFeature,rdfs:subClassOf,owl:Thing
http://kbpedia.org/kko/rc/LiquidFilm,rdfs:subClassOf,http://kbpedia.org/kko/rc/Film_SheetOrCoating
http://kbpedia.org/kko/rc/LiquidFilm,rdfs:subClassOf,owl:Thing
http://kbpedia.org/kko/rc/LiquidFilm,rdfs:subClassOf,http://kbpedia.org/kko/rc/LiquidTangibleThing
http://kbpedia.org/kko/rc/Film_SheetOrCoating,rdfs:subClassOf,http://kbpedia.org/kko/rc/SheetOfSomeStuff
http://kbpedia.org/kko/rc/Film_SheetOrCoating,rdfs:subClassOf,owl:Thing
http://kbpedia.org/kko/rc/Film_SheetOrCoating,rdfs:subClassOf,http://kbpedia.org/kko/rc/SurfaceRegion_Tangible
http://kbpedia.org/kko/rc/Film_Coating,rdfs:subClassOf,http://kbpedia.org/kko/rc/LiquidFilm
http://kbpedia.org/kko/rc/Film_Coating,rdfs:subClassOf,owl:Thing
http://kbpedia.org/kko/rc/CatLitter,rdfs:subClassOf,http://kbpedia.org/kko/rc/Particle
http://kbpedia.org/kko/rc/CatLitter,rdfs:subClassOf,owl:Thing
http://kbpedia.org/kko/rc/DrumHead,rdfs:subClassOf,http://kbpedia.org/kko/rc/FreeSheet
http://kbpedia.org/kko/rc/DrumHead,rdfs:subClassOf,owl:Thing
http://kbpedia.org/kko/rc/DrumHead,rdfs:subClassOf,http://kbpedia.org/kko/rc/SurfaceRegion_Finite
http://kbpedia.org/kko/rc/DrumHead,rdfs:subClassOf,http://kbpedia.org/kko/rc/SurfaceRegion_Tangible
http://kbpedia.org/kko/rc/Rags_ClothingItem,rdfs:subClassOf,http://kbpedia.org/kko/rc/Garment
http://kbpedia.org/kko/rc/Rags_ClothingItem,rdfs:subClassOf,owl:Thing
http://kbpedia.org/kko/rc/ClosedObject,rdfs:subClassOf,http://kbpedia.org/kko/rc/ObjectTypeByTemporalFeature
http://kbpedia.org/kko/rc/ClosedObject,rdfs:subClassOf,owl:Thing
http://kbpedia.org/kko/rc/ClosedPortal,rdfs:subClassOf,http://kbpedia.org/kko/rc/ClosedObject
http://kbpedia.org/kko/rc/ClosedPortal,rdfs:subClassOf,owl:Thing
http://kbpedia.org/kko/rc/ClosedPortal,rdfs:subClassOf,http://kbpedia.org/kko/rc/Portal
http://kbpedia.org/kko/rc/Composite,rdfs:subClassOf,http://kbpedia.org/kko/rc/InorganicMaterial
http://kbpedia.org/kko/rc/Composite,rdfs:subClassOf,owl:Thing
http://kbpedia.org/kko/rc/Composite,rdfs:subClassOf,http://kbpedia.org/kko/rc/Mixture
http://kbpedia.org/kko/rc/WebbedFoot,rdfs:subClassOf,http://kbpedia.org/kko/rc/Foot_AnimalBodyPart
http://kbpedia.org/kko/rc/WebbedFoot,rdfs:subClassOf,owl:Thing
http://kbpedia.org/kko/rc/WeddingClothing,rdfs:subClassOf,http://kbpedia.org/kko/rc/ClothingItem
http://kbpedia.org/kko/rc/WeddingClothing,rdfs:subClassOf,owl:Thing
http://kbpedia.org/kko/rc/StormAsEvent,rdfs:subClassOf,http://kbpedia.org/kko/rc/GaseousTangibleThing
http://kbpedia.org/kko/rc/StormAsEvent,rdfs:subClassOf,owl:Thing
http://kbpedia.org/kko/rc/StormAsEvent,rdfs:subClassOf,http://kbpedia.org/kko/rc/ImmediateWeatherProcess
http://kbpedia.org/kko/rc/StormAsEvent,rdfs:subClassOf,http://kbpedia.org/kko/rc/WeatherPhenomena
http://kbpedia.org/kko/rc/UpperTooth,rdfs:subClassOf,http://kbpedia.org/kko/rc/Tooth
http://kbpedia.org/kko/rc/UpperTooth,rdfs:subClassOf,owl:Thing
http://kbpedia.org/kko/rc/MummyColor,rdfs:subClassOf,http://kbpedia.org/kko/rc/ChromaticColor
http://kbpedia.org/kko/rc/MummyColor,rdfs:subClassOf,owl:Thing
http://kbpedia.org/kko/rc/MummyColor,rdfs:subClassOf,http://kbpedia.org/kko/rc/ColoredThing
http://kbpedia.org/kko/rc/CondensedMatter,rdfs:subClassOf,http://kbpedia.org/kko/rc/Matter
http://kbpedia.org/kko/rc/CondensedMatter,rdfs:subClassOf,owl:Thing
http://kbpedia.org/kko/rc/UpperEyelid,rdfs:subClassOf,http://kbpedia.org/kko/rc/Eyelid
http://kbpedia.org/kko/rc/UpperEyelid,rdfs:subClassOf,owl:Thing
http://kbpedia.org/kko/rc/UpperEyelid,rdfs:subClassOf,http://kbpedia.org/kko/rc/PortalCovering
http://kbpedia.org/ontologies/kko#Manifestations,rdfs:subClassOf,http://kbpedia.org/ontologies/kko#Generals
http://kbpedia.org/ontologies/kko#Manifestations,rdfs:subClassOf,owl:Thing
http://kbpedia.org/kko/rc/Particle,rdfs:subClassOf,http://kbpedia.org/kko/rc/Matter
http://kbpedia.org/kko/rc/Particle,rdfs:subClassOf,owl:Thing
http://kbpedia.org/kko/rc/UpperLip,rdfs:subClassOf,http://kbpedia.org/kko/rc/Lip_AnimalBodyPart
http://kbpedia.org/kko/rc/UpperLip,rdfs:subClassOf,owl:Thing
http://kbpedia.org/kko/rc/ThunderstormAsObject,rdfs:subClassOf,http://kbpedia.org/kko/rc/RainStormAsObject
http://kbpedia.org/kko/rc/ThunderstormAsObject,rdfs:subClassOf,owl:Thing
http://kbpedia.org/kko/rc/Air_MassThunderstorm,rdfs:subClassOf,http://kbpedia.org/kko/rc/ThunderstormAsObject
http://kbpedia.org/kko/rc/Air_MassThunderstorm,rdfs:subClassOf,owl:Thing
http://kbpedia.org/kko/rc/CatholicGift,rdfs:subClassOf,http://kbpedia.org/kko/rc/Gift
http://kbpedia.org/kko/rc/CatholicGift,rdfs:subClassOf,owl:Thing
http://kbpedia.org/kko/rc/NoctilucentCloud,rdfs:subClassOf,http://kbpedia.org/kko/rc/CloudInSky
http://kbpedia.org/kko/rc/NoctilucentCloud,rdfs:subClassOf,owl:Thing
http://kbpedia.org/kko/rc/RainStormAsObject,rdfs:subClassOf,http://kbpedia.org/kko/rc/StormAsEvent
http://kbpedia.org/kko/rc/RainStormAsObject,rdfs:subClassOf,owl:Thing
http://kbpedia.org/kko/rc/Texture,rdfs:subClassOf,http://kbpedia.org/kko/rc/ObjectTypeBySensibleFeature
http://kbpedia.org/kko/rc/Texture,rdfs:subClassOf,owl:Thing
http://kbpedia.org/kko/rc/Texture,rdfs:subClassOf,http://kbpedia.org/kko/rc/PartiallyTangibleTypeByPhysicalFeature
http://kbpedia.org/kko/rc/RedColor,rdfs:subClassOf,http://kbpedia.org/kko/rc/ChromaticColor
http://kbpedia.org/kko/rc/RedColor,rdfs:subClassOf,owl:Thing
http://kbpedia.org/kko/rc/RedColor,rdfs:subClassOf,http://kbpedia.org/kko/rc/Reddish
http://kbpedia.org/kko/rc/RedColor,rdfs:subClassOf,http://kbpedia.org/kko/rc/ColoredThing
http://kbpedia.org/kko/rc/IncisorTooth,rdfs:subClassOf,http://kbpedia.org/kko/rc/Tooth
http://kbpedia.org/kko/rc/IncisorTooth,rdfs:subClassOf,owl:Thing
http://kbpedia.org/kko/rc/Reddish,rdfs:subClassOf,http://kbpedia.org/kko/rc/ObjectTypeByColorTinge
http://kbpedia.org/kko/rc/Reddish,rdfs:subClassOf,owl:Thing
http://kbpedia.org/kko/rc/IndirectIllumination,rdfs:subClassOf,http://kbpedia.org/kko/rc/ObjectTypeByIlluminationMode
http://kbpedia.org/kko/rc/IndirectIllumination,rdfs:subClassOf,owl:Thing
http://kbpedia.org/kko/rc/DiffuseIllumination,rdfs:subClassOf,http://kbpedia.org/kko/rc/IndirectIllumination
http://kbpedia.org/kko/rc/DiffuseIllumination,rdfs:subClassOf,owl:Thing
http://kbpedia.org/kko/rc/Digit_AnatomicalPart,rdfs:subClassOf,http://kbpedia.org/kko/rc/AnimalBodyPart_External
http://kbpedia.org/kko/rc/Digit_AnatomicalPart,rdfs:subClassOf,owl:Thing
http://kbpedia.org/kko/rc/Smoke,rdfs:subClassOf,http://kbpedia.org/kko/rc/CloudlikeObject
http://kbpedia.org/kko/rc/Smoke,rdfs:subClassOf,owl:Thing
http://kbpedia.org/kko/rc/Smoke,rdfs:subClassOf,http://kbpedia.org/kko/rc/Opaque
http://kbpedia.org/kko/rc/Smoke,rdfs:subClassOf,http://kbpedia.org/kko/rc/GaseousTangibleThing
http://kbpedia.org/kko/rc/ObjectTypeBySensibleFeature,rdfs:subClassOf,http://kbpedia.org/kko/rc/ObjectTypes
http://kbpedia.org/kko/rc/ObjectTypeBySensibleFeature,rdfs:subClassOf,owl:Thing
http://kbpedia.org/kko/rc/Rough,rdfs:subClassOf,http://kbpedia.org/kko/rc/Texture
http://kbpedia.org/kko/rc/Rough,rdfs:subClassOf,owl:Thing
http://kbpedia.org/kko/rc/MicroscopicScaleObject,rdfs:subClassOf,http://kbpedia.org/kko/rc/ObjectTypes
http://kbpedia.org/kko/rc/MicroscopicScaleObject,rdfs:subClassOf,owl:Thing
http://kbpedia.org/kko/rc/MicroscopicScaleObject,rdfs:subClassOf,http://kbpedia.org/kko/rc/ShapedObject
http://kbpedia.org/kko/rc/MicroscopicScaleObject,rdfs:subClassOf,http://kbpedia.org/kko/rc/ThreeDimensionalThing
http://kbpedia.org/kko/rc/SurfaceOnTangibleObject,rdfs:subClassOf,http://kbpedia.org/kko/rc/SheetOfSomeStuff
http://kbpedia.org/kko/rc/SurfaceOnTangibleObject,rdfs:subClassOf,owl:Thing
http://kbpedia.org/kko/rc/SurfaceOnTangibleObject,rdfs:subClassOf,http://kbpedia.org/kko/rc/SurfaceRegion_Finite
http://kbpedia.org/kko/rc/SurfaceOnTangibleObject,rdfs:subClassOf,http://kbpedia.org/kko/rc/SurfaceRegion_Tangible
http://kbpedia.org/kko/rc/ObjectTypeByIlluminationMode,rdfs:subClassOf,http://kbpedia.org/kko/rc/ObjectTypes
http://kbpedia.org/kko/rc/ObjectTypeByIlluminationMode,rdfs:subClassOf,owl:Thing
http://kbpedia.org/kko/rc/Smooth,rdfs:subClassOf,http://kbpedia.org/kko/rc/Texture
http://kbpedia.org/kko/rc/Smooth,rdfs:subClassOf,owl:Thing
http://kbpedia.org/kko/rc/StateUniformMixture,rdfs:subClassOf,http://kbpedia.org/kko/rc/Mixture
http://kbpedia.org/kko/rc/StateUniformMixture,rdfs:subClassOf,owl:Thing
http://kbpedia.org/kko/rc/Pisces_TheSign,rdfs:subClassOf,http://kbpedia.org/kko/rc/PersonTypeByEuropeanZodiacSign
http://kbpedia.org/kko/rc/Pisces_TheSign,rdfs:subClassOf,owl:Thing
http://kbpedia.org/kko/rc/Powder,rdfs:subClassOf,http://kbpedia.org/kko/rc/Opaque
http://kbpedia.org/kko/rc/Powder,rdfs:subClassOf,owl:Thing
http://kbpedia.org/kko/rc/Powder,rdfs:subClassOf,http://kbpedia.org/kko/rc/StateUniformMixture
http://kbpedia.org/kko/rc/FormerEntity,rdfs:subClassOf,http://kbpedia.org/kko/rc/ObjectTypes
http://kbpedia.org/kko/rc/FormerEntity,rdfs:subClassOf,owl:Thing
http://kbpedia.org/kko/rc/CloudOfH2O,rdfs:subClassOf,http://kbpedia.org/kko/rc/CloudInSky
http://kbpedia.org/kko/rc/CloudOfH2O,rdfs:subClassOf,owl:Thing
http://kbpedia.org/kko/rc/CloudOfH2O,rdfs:subClassOf,http://kbpedia.org/kko/rc/CloudlikeObject
http://kbpedia.org/kko/rc/PirateTreasure,rdfs:subClassOf,http://kbpedia.org/kko/rc/Piracy_AtSea
http://kbpedia.org/kko/rc/PirateTreasure,rdfs:subClassOf,owl:Thing
http://kbpedia.org/kko/rc/PirateTreasure,rdfs:subClassOf,http://kbpedia.org/kko/rc/Treasure
http://kbpedia.org/kko/rc/ObjectTypeByColorTinge,rdfs:subClassOf,http://kbpedia.org/kko/rc/ColoredThing
http://kbpedia.org/kko/rc/ObjectTypeByColorTinge,rdfs:subClassOf,owl:Thing
http://kbpedia.org/kko/rc/LightGreenishBlue_Color,rdfs:subClassOf,http://kbpedia.org/kko/rc/AquaColor
http://kbpedia.org/kko/rc/LightGreenishBlue_Color,rdfs:subClassOf,owl:Thing
http://kbpedia.org/kko/rc/LightGreenishBlue_Color,rdfs:subClassOf,http://kbpedia.org/kko/rc/AquamarineColor
http://kbpedia.org/kko/rc/LightGreenishBlue_Color,rdfs:subClassOf,http://kbpedia.org/kko/rc/TurquoiseColor
http://kbpedia.org/kko/rc/AltoCumulusCloud,rdfs:subClassOf,http://kbpedia.org/kko/rc/Middle_LevelCloud
http://kbpedia.org/kko/rc/AltoCumulusCloud,rdfs:subClassOf,owl:Thing
http://kbpedia.org/kko/rc/LightPurplishBlue_Color,rdfs:subClassOf,http://kbpedia.org/kko/rc/PeriwinkleColor
http://kbpedia.org/kko/rc/LightPurplishBlue_Color,rdfs:subClassOf,owl:Thing
http://kbpedia.org/kko/rc/LightPurplishBlue_Color,rdfs:subClassOf,http://kbpedia.org/kko/rc/UltramarineColor
http://kbpedia.org/kko/rc/ColoredThing,rdfs:subClassOf,http://kbpedia.org/kko/rc/VisibleFeatureType
http://kbpedia.org/kko/rc/ColoredThing,rdfs:subClassOf,owl:Thing
http://kbpedia.org/kko/rc/GrayColor,rdfs:subClassOf,http://kbpedia.org/kko/rc/AchromaticColor
http://kbpedia.org/kko/rc/GrayColor,rdfs:subClassOf,owl:Thing
http://kbpedia.org/kko/rc/GrayColor,rdfs:subClassOf,http://kbpedia.org/kko/rc/ColoredThing
http://kbpedia.org/kko/rc/BeigeColor,rdfs:subClassOf,http://kbpedia.org/kko/rc/ChromaticColor
http://kbpedia.org/kko/rc/BeigeColor,rdfs:subClassOf,owl:Thing
http://kbpedia.org/kko/rc/BeigeColor,rdfs:subClassOf,http://kbpedia.org/kko/rc/ColoredThing
http://kbpedia.org/kko/rc/Middle_LevelCloud,rdfs:subClassOf,http://kbpedia.org/kko/rc/CloudInSky
http://kbpedia.org/kko/rc/Middle_LevelCloud,rdfs:subClassOf,owl:Thing
http://kbpedia.org/kko/rc/AltoStratusCloud,rdfs:subClassOf,http://kbpedia.org/kko/rc/Middle_LevelCloud
http://kbpedia.org/kko/rc/AltoStratusCloud,rdfs:subClassOf,owl:Thing
http://kbpedia.org/kko/rc/AltoStratusCloud,rdfs:subClassOf,http://kbpedia.org/kko/rc/SheetOfSomeStuff
http://kbpedia.org/kko/rc/CloudlikeObject,rdfs:subClassOf,http://kbpedia.org/kko/rc/AerosolStuff
http://kbpedia.org/kko/rc/CloudlikeObject,rdfs:subClassOf,owl:Thing
http://kbpedia.org/kko/rc/CloudInSky,rdfs:subClassOf,http://kbpedia.org/kko/rc/Airborne
http://kbpedia.org/kko/rc/CloudInSky,rdfs:subClassOf,owl:Thing
http://kbpedia.org/kko/rc/CloudInSky,rdfs:subClassOf,http://kbpedia.org/kko/rc/CloudlikeObject
http://kbpedia.org/kko/rc/CloudInSky,rdfs:subClassOf,http://kbpedia.org/kko/rc/Opaque
http://kbpedia.org/kko/rc/CloudInSky,rdfs:subClassOf,http://kbpedia.org/kko/rc/WeatherPhenomena
http://kbpedia.org/kko/rc/Surface_Roughness,rdfs:subClassOf,http://kbpedia.org/kko/rc/Rough
http://kbpedia.org/kko/rc/Surface_Roughness,rdfs:subClassOf,owl:Thing
http://kbpedia.org/kko/rc/CycloneAsEvent,rdfs:subClassOf,http://kbpedia.org/kko/rc/NaturalHazard
http://kbpedia.org/kko/rc/CycloneAsEvent,rdfs:subClassOf,owl:Thing
http://kbpedia.org/kko/rc/CycloneAsEvent,rdfs:subClassOf,http://kbpedia.org/kko/rc/StormAsEvent
http://kbpedia.org/kko/rc/Spintronics,rdfs:subClassOf,http://kbpedia.org/kko/rc/CondensedMatter
http://kbpedia.org/kko/rc/Spintronics,rdfs:subClassOf,owl:Thing
http://kbpedia.org/kko/rc/PhysicalPartOfObject,rdfs:subClassOf,http://kbpedia.org/kko/rc/PhysicalObject
http://kbpedia.org/kko/rc/PhysicalPartOfObject,rdfs:subClassOf,owl:Thing
http://kbpedia.org/kko/rc/SkinPore,rdfs:subClassOf,http://kbpedia.org/kko/rc/AnimalBodyPart_External
http://kbpedia.org/kko/rc/SkinPore,rdfs:subClassOf,owl:Thing
http://kbpedia.org/kko/rc/HydrocarbonMixture,rdfs:subClassOf,http://kbpedia.org/kko/rc/Mixture
http://kbpedia.org/kko/rc/HydrocarbonMixture,rdfs:subClassOf,owl:Thing
http://kbpedia.org/kko/rc/Bluish,rdfs:subClassOf,http://kbpedia.org/kko/rc/ObjectTypeByColorTinge
http://kbpedia.org/kko/rc/Bluish,rdfs:subClassOf,owl:Thing
http://kbpedia.org/kko/rc/Haze,rdfs:subClassOf,http://kbpedia.org/kko/rc/AlmostTransparent
http://kbpedia.org/kko/rc/Haze,rdfs:subClassOf,owl:Thing
http://kbpedia.org/kko/rc/Haze,rdfs:subClassOf,http://kbpedia.org/kko/rc/Fog
http://kbpedia.org/kko/rc/TurquoiseColor,rdfs:subClassOf,http://kbpedia.org/kko/rc/Greenish
http://kbpedia.org/kko/rc/TurquoiseColor,rdfs:subClassOf,owl:Thing
http://kbpedia.org/kko/rc/TurquoiseColor,rdfs:subClassOf,http://kbpedia.org/kko/rc/ColoredThing
http://kbpedia.org/kko/rc/Ao_color,rdfs:subClassOf,http://kbpedia.org/kko/rc/ModerateBluishGreen_Color
http://kbpedia.org/kko/rc/Ao_color,rdfs:subClassOf,owl:Thing
http://kbpedia.org/kko/rc/ModerateBluishGreen_Color,rdfs:subClassOf,http://kbpedia.org/kko/rc/Bluish
http://kbpedia.org/kko/rc/ModerateBluishGreen_Color,rdfs:subClassOf,owl:Thing
http://kbpedia.org/kko/rc/ModerateBluishGreen_Color,rdfs:subClassOf,http://kbpedia.org/kko/rc/TurquoiseColor
http://kbpedia.org/kko/rc/DoorwayCovering,rdfs:subClassOf,http://kbpedia.org/kko/rc/PortalCovering
http://kbpedia.org/kko/rc/DoorwayCovering,rdfs:subClassOf,owl:Thing
http://kbpedia.org/kko/rc/Head_Vertebrate,rdfs:subClassOf,http://kbpedia.org/kko/rc/Head_AnimalBodyPart
http://kbpedia.org/kko/rc/Head_Vertebrate,rdfs:subClassOf,owl:Thing
http://kbpedia.org/kko/rc/Nipple_AnimalBodyPart,rdfs:subClassOf,http://kbpedia.org/kko/rc/AnimalBodyPart_External
http://kbpedia.org/kko/rc/Nipple_AnimalBodyPart,rdfs:subClassOf,owl:Thing
http://kbpedia.org/kko/rc/Nipple_AnimalBodyPart,rdfs:subClassOf,http://kbpedia.org/kko/rc/Protrusion
http://kbpedia.org/kko/rc/NimboStratusCloud,rdfs:subClassOf,http://kbpedia.org/kko/rc/Middle_LevelCloud
http://kbpedia.org/kko/rc/NimboStratusCloud,rdfs:subClassOf,owl:Thing
http://kbpedia.org/kko/rc/NimboStratusCloud,rdfs:subClassOf,http://kbpedia.org/kko/rc/SheetOfSomeStuff
http://kbpedia.org/kko/rc/ContainerLid,rdfs:subClassOf,http://kbpedia.org/kko/rc/PortalCovering
http://kbpedia.org/kko/rc/ContainerLid,rdfs:subClassOf,owl:Thing
http://kbpedia.org/kko/rc/PortalCovering,rdfs:subClassOf,http://kbpedia.org/kko/rc/Covering_Object
http://kbpedia.org/kko/rc/PortalCovering,rdfs:subClassOf,owl:Thing
http://kbpedia.org/kko/rc/PortalCovering,rdfs:subClassOf,http://kbpedia.org/kko/rc/PhysicalPartOfObject
http://kbpedia.org/kko/rc/Mascot,rdfs:subClassOf,http://kbpedia.org/kko/rc/Character_Temporal
http://kbpedia.org/kko/rc/Mascot,rdfs:subClassOf,owl:Thing
http://kbpedia.org/kko/rc/Mascot,rdfs:subClassOf,http://kbpedia.org/kko/rc/Cheerleading
http://kbpedia.org/kko/rc/SwimmingPoolCover,rdfs:subClassOf,http://kbpedia.org/kko/rc/Cover_Protector
http://kbpedia.org/kko/rc/SwimmingPoolCover,rdfs:subClassOf,owl:Thing
http://kbpedia.org/kko/rc/GranularFluid,rdfs:subClassOf,http://kbpedia.org/kko/rc/FluidTangibleThing
http://kbpedia.org/kko/rc/GranularFluid,rdfs:subClassOf,owl:Thing
http://kbpedia.org/kko/rc/NitricAcidSolution,rdfs:subClassOf,http://kbpedia.org/kko/rc/AqueousSolution
http://kbpedia.org/kko/rc/NitricAcidSolution,rdfs:subClassOf,owl:Thing
http://kbpedia.org/kko/rc/MustardColor,rdfs:subClassOf,http://kbpedia.org/kko/rc/Brownish
http://kbpedia.org/kko/rc/MustardColor,rdfs:subClassOf,owl:Thing
http://kbpedia.org/kko/rc/MustardColor,rdfs:subClassOf,http://kbpedia.org/kko/rc/ChromaticColor
http://kbpedia.org/kko/rc/MustardColor,rdfs:subClassOf,http://kbpedia.org/kko/rc/ColoredThing
http://kbpedia.org/kko/rc/ThePhysicalUniverse,rdfs:subClassOf,http://kbpedia.org/kko/rc/Immanence
http://kbpedia.org/kko/rc/ThePhysicalUniverse,rdfs:subClassOf,owl:Thing
http://kbpedia.org/kko/rc/Granular,rdfs:subClassOf,http://kbpedia.org/kko/rc/FluidTangibleThing
http://kbpedia.org/kko/rc/Granular,rdfs:subClassOf,owl:Thing
http://kbpedia.org/kko/rc/Granular,rdfs:subClassOf,http://kbpedia.org/kko/rc/Pileable
http://kbpedia.org/kko/rc/EmbodiedAgent,rdfs:subClassOf,http://kbpedia.org/kko/rc/QuasiAgent
http://kbpedia.org/kko/rc/EmbodiedAgent,rdfs:subClassOf,owl:Thing
http://kbpedia.org/kko/rc/Emulsion,rdfs:subClassOf,http://kbpedia.org/kko/rc/Colloid
http://kbpedia.org/kko/rc/Emulsion,rdfs:subClassOf,owl:Thing
http://kbpedia.org/kko/rc/Emulsion,rdfs:subClassOf,http://kbpedia.org/kko/rc/LiquidTangibleThing
http://kbpedia.org/kko/rc/Emulsion,rdfs:subClassOf,http://kbpedia.org/kko/rc/StateUniformMixture
http://kbpedia.org/kko/rc/OpaqueCovering,rdfs:subClassOf,http://kbpedia.org/kko/rc/Cover_Protector
http://kbpedia.org/kko/rc/OpaqueCovering,rdfs:subClassOf,owl:Thing
http://kbpedia.org/kko/rc/OpaqueCovering,rdfs:subClassOf,http://kbpedia.org/kko/rc/Opaque
http://kbpedia.org/kko/rc/Bristle,rdfs:subClassOf,http://kbpedia.org/kko/rc/CordlikeObject
http://kbpedia.org/kko/rc/Bristle,rdfs:subClassOf,owl:Thing
http://kbpedia.org/kko/rc/BrilliantGreenishBlue_Color,rdfs:subClassOf,http://kbpedia.org/kko/rc/Bluish
http://kbpedia.org/kko/rc/BrilliantGreenishBlue_Color,rdfs:subClassOf,owl:Thing
http://kbpedia.org/kko/rc/BrilliantBlue_Color,rdfs:subClassOf,http://kbpedia.org/kko/rc/BlueColor
http://kbpedia.org/kko/rc/BrilliantBlue_Color,rdfs:subClassOf,owl:Thing
http://kbpedia.org/kko/rc/BrilliantBlue_Color,rdfs:subClassOf,http://kbpedia.org/kko/rc/UltramarineColor
http://kbpedia.org/kko/rc/Yellowish,rdfs:subClassOf,http://kbpedia.org/kko/rc/ObjectTypeByColorTinge
http://kbpedia.org/kko/rc/Yellowish,rdfs:subClassOf,owl:Thing
http://kbpedia.org/kko/rc/BrilliantOrangeYellow_Color,rdfs:subClassOf,http://kbpedia.org/kko/rc/OchreColor
http://kbpedia.org/kko/rc/BrilliantOrangeYellow_Color,rdfs:subClassOf,owl:Thing
http://kbpedia.org/kko/rc/EmeraldColor,rdfs:subClassOf,http://kbpedia.org/kko/rc/ChromaticColor
http://kbpedia.org/kko/rc/EmeraldColor,rdfs:subClassOf,owl:Thing
http://kbpedia.org/kko/rc/EmeraldColor,rdfs:subClassOf,http://kbpedia.org/kko/rc/Greenish
http://kbpedia.org/kko/rc/EmeraldColor,rdfs:subClassOf,http://kbpedia.org/kko/rc/ColoredThing
http://kbpedia.org/kko/rc/OchreColor,rdfs:subClassOf,http://kbpedia.org/kko/rc/ChromaticColor
http://kbpedia.org/kko/rc/OchreColor,rdfs:subClassOf,owl:Thing
http://kbpedia.org/kko/rc/OchreColor,rdfs:subClassOf,http://kbpedia.org/kko/rc/ColoredThing
http://kbpedia.org/kko/rc/UltramarineColor,rdfs:subClassOf,http://kbpedia.org/kko/rc/ChromaticColor
http://kbpedia.org/kko/rc/UltramarineColor,rdfs:subClassOf,owl:Thing
http://kbpedia.org/kko/rc/UltramarineColor,rdfs:subClassOf,http://kbpedia.org/kko/rc/ColoredThing
http://kbpedia.org/kko/rc/SquallLine,rdfs:subClassOf,http://kbpedia.org/kko/rc/ThunderstormAsObject
http://kbpedia.org/kko/rc/SquallLine,rdfs:subClassOf,owl:Thing
http://kbpedia.org/kko/rc/BrilliantPurplishBlue_Color,rdfs:subClassOf,http://kbpedia.org/kko/rc/Bluish
http://kbpedia.org/kko/rc/BrilliantPurplishBlue_Color,rdfs:subClassOf,owl:Thing
http://kbpedia.org/kko/rc/BrilliantPurplishBlue_Color,rdfs:subClassOf,http://kbpedia.org/kko/rc/Purplish
http://kbpedia.org/kko/rc/BrilliantPurplishBlue_Color,rdfs:subClassOf,http://kbpedia.org/kko/rc/UltramarineColor
http://kbpedia.org/kko/rc/BrilliantYellowishGreen_Color,rdfs:subClassOf,http://kbpedia.org/kko/rc/EmeraldColor
http://kbpedia.org/kko/rc/BrilliantYellowishGreen_Color,rdfs:subClassOf,owl:Thing
http://kbpedia.org/kko/rc/Particulate,rdfs:subClassOf,http://kbpedia.org/kko/rc/AerosolStuff
http://kbpedia.org/kko/rc/Particulate,rdfs:subClassOf,owl:Thing
