id,subclassof,parent
http://kbpedia.org/kko/rc/PrivateTransport,rdfs:subClassOf,http://kbpedia.org/kko/rc/TransportByMode
http://kbpedia.org/kko/rc/PrivateTransport,rdfs:subClassOf,owl:Thing
http://kbpedia.org/kko/rc/CarryOnLuggage,rdfs:subClassOf,http://kbpedia.org/kko/rc/Luggage
http://kbpedia.org/kko/rc/CarryOnLuggage,rdfs:subClassOf,owl:Thing
http://kbpedia.org/kko/rc/Coln_classCruiser,rdfs:subClassOf,http://kbpedia.org/kko/rc/LightCruiser
http://kbpedia.org/kko/rc/Coln_classCruiser,rdfs:subClassOf,owl:Thing
http://kbpedia.org/kko/rc/BabyCarrier,rdfs:subClassOf,http://kbpedia.org/kko/rc/BabyToddlerFurniture
http://kbpedia.org/kko/rc/BabyCarrier,rdfs:subClassOf,owl:Thing
http://kbpedia.org/kko/rc/BabyCarrier,rdfs:subClassOf,http://kbpedia.org/kko/rc/TransportationContainerProduct
http://kbpedia.org/kko/rc/ConnectedPhysicalPathSystem,rdfs:subClassOf,http://kbpedia.org/kko/rc/ConnectedPathSystem
http://kbpedia.org/kko/rc/ConnectedPhysicalPathSystem,rdfs:subClassOf,owl:Thing
http://kbpedia.org/kko/rc/ConnectedPhysicalPathSystem,rdfs:subClassOf,http://kbpedia.org/kko/rc/PhysicalSystem
http://kbpedia.org/kko/rc/DaewooCar,rdfs:subClassOf,http://kbpedia.org/kko/rc/SouthKoreanCar
http://kbpedia.org/kko/rc/DaewooCar,rdfs:subClassOf,owl:Thing
http://kbpedia.org/kko/rc/HypoglossalNerve,rdfs:subClassOf,http://kbpedia.org/kko/rc/CranialNerve
http://kbpedia.org/kko/rc/HypoglossalNerve,rdfs:subClassOf,owl:Thing
http://kbpedia.org/kko/rc/HypoglossalNerve,rdfs:subClassOf,http://kbpedia.org/kko/rc/MotorNerve
http://kbpedia.org/kko/rc/Barge,rdfs:subClassOf,http://kbpedia.org/kko/rc/CommercialMarineCraft
http://kbpedia.org/kko/rc/Barge,rdfs:subClassOf,owl:Thing
http://kbpedia.org/kko/rc/Barge,rdfs:subClassOf,http://kbpedia.org/kko/rc/MaterialTransporter
http://kbpedia.org/kko/rc/Barge,rdfs:subClassOf,http://kbpedia.org/kko/rc/Watercraft
http://kbpedia.org/kko/rc/Barge,rdfs:subClassOf,http://kbpedia.org/kko/rc/TransportationContainerProduct
http://kbpedia.org/kko/rc/NervousSystem,rdfs:subClassOf,http://kbpedia.org/kko/rc/AnimalBodyPart
http://kbpedia.org/kko/rc/NervousSystem,rdfs:subClassOf,owl:Thing
http://kbpedia.org/kko/rc/NervousSystem,rdfs:subClassOf,http://kbpedia.org/kko/rc/ConnectedPhysicalPath_Biological
http://kbpedia.org/kko/rc/NervousSystem,rdfs:subClassOf,http://kbpedia.org/kko/rc/InternalAnatomicalPart
http://kbpedia.org/kko/rc/Bridle,rdfs:subClassOf,http://kbpedia.org/kko/rc/HorseHarness
http://kbpedia.org/kko/rc/Bridle,rdfs:subClassOf,owl:Thing
http://kbpedia.org/kko/rc/Bridle,rdfs:subClassOf,http://kbpedia.org/kko/rc/SinglePurposeDevice
http://kbpedia.org/kko/rc/PorscheCar,rdfs:subClassOf,http://kbpedia.org/kko/rc/GermanCar
http://kbpedia.org/kko/rc/PorscheCar,rdfs:subClassOf,owl:Thing
http://kbpedia.org/kko/rc/PorscheCar,rdfs:subClassOf,http://kbpedia.org/kko/rc/LuxuryCar
http://kbpedia.org/kko/rc/PorscheCar,rdfs:subClassOf,http://kbpedia.org/kko/rc/SportsCar
http://kbpedia.org/kko/rc/Seatbelt_Automatic,rdfs:subClassOf,http://kbpedia.org/kko/rc/Seatbelt
http://kbpedia.org/kko/rc/Seatbelt_Automatic,rdfs:subClassOf,owl:Thing
http://kbpedia.org/kko/rc/Seatbelt_Automatic,rdfs:subClassOf,http://kbpedia.org/kko/rc/SelfPoweredDevice
http://kbpedia.org/kko/rc/SokoG_4SuperGaleb,rdfs:subClassOf,http://kbpedia.org/kko/rc/FighterAttackPlane
http://kbpedia.org/kko/rc/SokoG_4SuperGaleb,rdfs:subClassOf,owl:Thing
http://kbpedia.org/kko/rc/ShelbyAmericanCar,rdfs:subClassOf,http://kbpedia.org/kko/rc/AmericanAutomobile
http://kbpedia.org/kko/rc/ShelbyAmericanCar,rdfs:subClassOf,owl:Thing
http://kbpedia.org/kko/rc/ShelbyAmericanCar,rdfs:subClassOf,http://kbpedia.org/kko/rc/SportsCar
http://kbpedia.org/kko/rc/Cutter_NavalWatercraft,rdfs:subClassOf,http://kbpedia.org/kko/rc/ModernNavalShip
http://kbpedia.org/kko/rc/Cutter_NavalWatercraft,rdfs:subClassOf,owl:Thing
http://kbpedia.org/kko/rc/TupolevTu_80,rdfs:subClassOf,http://kbpedia.org/kko/rc/BomberPlane
http://kbpedia.org/kko/rc/TupolevTu_80,rdfs:subClassOf,owl:Thing
http://kbpedia.org/kko/rc/Enclave_Computer,rdfs:subClassOf,http://kbpedia.org/kko/rc/ComputerNetwork
http://kbpedia.org/kko/rc/Enclave_Computer,rdfs:subClassOf,owl:Thing
http://kbpedia.org/kko/rc/Seatbelt,rdfs:subClassOf,http://kbpedia.org/kko/rc/MechanicalDevice
http://kbpedia.org/kko/rc/Seatbelt,rdfs:subClassOf,owl:Thing
http://kbpedia.org/kko/rc/Seatbelt,rdfs:subClassOf,http://kbpedia.org/kko/rc/SafetyDevice
http://kbpedia.org/kko/rc/Seatbelt,rdfs:subClassOf,http://kbpedia.org/kko/rc/VehiclePart
http://kbpedia.org/kko/rc/Seatbelt,rdfs:subClassOf,http://kbpedia.org/kko/rc/VehicleSafetySystem
http://kbpedia.org/kko/rc/ShelbyAmericanCobraCar,rdfs:subClassOf,http://kbpedia.org/kko/rc/ShelbyAmericanCar
http://kbpedia.org/kko/rc/ShelbyAmericanCobraCar,rdfs:subClassOf,owl:Thing
http://kbpedia.org/kko/rc/Wyoming_classBattleship,rdfs:subClassOf,http://kbpedia.org/kko/rc/Dreadnought
http://kbpedia.org/kko/rc/Wyoming_classBattleship,rdfs:subClassOf,owl:Thing
http://kbpedia.org/kko/rc/NerveTissue,rdfs:subClassOf,http://kbpedia.org/kko/rc/AnimalTissue
http://kbpedia.org/kko/rc/NerveTissue,rdfs:subClassOf,owl:Thing
http://kbpedia.org/kko/rc/NerveTissue,rdfs:subClassOf,http://kbpedia.org/kko/rc/NervousSystem
http://kbpedia.org/kko/rc/EkaterinaIi_classBattleship,rdfs:subClassOf,http://kbpedia.org/kko/rc/Battleship
http://kbpedia.org/kko/rc/EkaterinaIi_classBattleship,rdfs:subClassOf,owl:Thing
http://kbpedia.org/kko/rc/CoordinateSystem,rdfs:subClassOf,http://kbpedia.org/kko/rc/AreaAttributes
http://kbpedia.org/kko/rc/CoordinateSystem,rdfs:subClassOf,owl:Thing
http://kbpedia.org/kko/rc/CoordinateSystem,rdfs:subClassOf,http://kbpedia.org/kko/rc/FrameOfReference
http://kbpedia.org/kko/rc/CoordinateSystem,rdfs:subClassOf,http://kbpedia.org/kko/rc/POIAttributes
http://kbpedia.org/kko/rc/CoordinateSystem,rdfs:subClassOf,http://kbpedia.org/kko/rc/PathAttributes
http://kbpedia.org/kko/rc/CoordinateSystem,rdfs:subClassOf,http://kbpedia.org/kko/rc/System
http://kbpedia.org/kko/rc/DistributionNetworkOperator,rdfs:subClassOf,http://kbpedia.org/kko/rc/ElectricPowerGrid
http://kbpedia.org/kko/rc/DistributionNetworkOperator,rdfs:subClassOf,owl:Thing
http://kbpedia.org/kko/rc/Landsailor_Device,rdfs:subClassOf,http://kbpedia.org/kko/rc/LandTransportationDevice
http://kbpedia.org/kko/rc/Landsailor_Device,rdfs:subClassOf,owl:Thing
http://kbpedia.org/kko/rc/Landsailor_Device,rdfs:subClassOf,http://kbpedia.org/kko/rc/PersonalWatercraft
http://kbpedia.org/kko/rc/Landsailor_Device,rdfs:subClassOf,http://kbpedia.org/kko/rc/SinglePurposeDevice
http://kbpedia.org/kko/rc/Boulevard,rdfs:subClassOf,http://kbpedia.org/kko/rc/Street_Generic
http://kbpedia.org/kko/rc/Boulevard,rdfs:subClassOf,owl:Thing
http://kbpedia.org/kko/rc/DaewooEsperoCar,rdfs:subClassOf,http://kbpedia.org/kko/rc/DaewooCar
http://kbpedia.org/kko/rc/DaewooEsperoCar,rdfs:subClassOf,owl:Thing
http://kbpedia.org/kko/rc/LSWRS15Class,rdfs:subClassOf,http://kbpedia.org/kko/rc/TrainEngine
http://kbpedia.org/kko/rc/LSWRS15Class,rdfs:subClassOf,owl:Thing
http://kbpedia.org/kko/rc/PrivateSpaceflight,rdfs:subClassOf,http://kbpedia.org/kko/rc/SpaceTransportation
http://kbpedia.org/kko/rc/PrivateSpaceflight,rdfs:subClassOf,owl:Thing
http://kbpedia.org/kko/rc/HumanlyOccupiedRegion_TransportationDevice,rdfs:subClassOf,http://kbpedia.org/kko/rc/SpaceInAHOC
http://kbpedia.org/kko/rc/HumanlyOccupiedRegion_TransportationDevice,rdfs:subClassOf,owl:Thing
http://kbpedia.org/kko/rc/HumanlyOccupiedRegion_TransportationDevice,rdfs:subClassOf,http://kbpedia.org/kko/rc/TransportationContainerProduct
http://kbpedia.org/kko/rc/HumanlyOccupiedRegion_TransportationDevice,rdfs:subClassOf,http://kbpedia.org/kko/rc/VehiclePart
http://kbpedia.org/kko/rc/Nerve,rdfs:subClassOf,http://kbpedia.org/kko/rc/CordlikeObject
http://kbpedia.org/kko/rc/Nerve,rdfs:subClassOf,owl:Thing
http://kbpedia.org/kko/rc/Nerve,rdfs:subClassOf,http://kbpedia.org/kko/rc/NerveTissue
http://kbpedia.org/kko/rc/Nerve,rdfs:subClassOf,http://kbpedia.org/kko/rc/AnimalBodyPart
http://kbpedia.org/kko/rc/Nerve,rdfs:subClassOf,http://kbpedia.org/kko/rc/InternalAnatomicalPart
http://kbpedia.org/kko/rc/DaewooLanosCar,rdfs:subClassOf,http://kbpedia.org/kko/rc/DaewooCar
http://kbpedia.org/kko/rc/DaewooLanosCar,rdfs:subClassOf,owl:Thing
http://kbpedia.org/kko/rc/Porsche356Car,rdfs:subClassOf,http://kbpedia.org/kko/rc/PorscheCar
http://kbpedia.org/kko/rc/Porsche356Car,rdfs:subClassOf,owl:Thing
http://kbpedia.org/kko/rc/Graudenz_classCruiser,rdfs:subClassOf,http://kbpedia.org/kko/rc/LightCruiser
http://kbpedia.org/kko/rc/Graudenz_classCruiser,rdfs:subClassOf,owl:Thing
http://kbpedia.org/kko/rc/TurbochargedEngine,rdfs:subClassOf,http://kbpedia.org/kko/rc/AutoEngine
http://kbpedia.org/kko/rc/TurbochargedEngine,rdfs:subClassOf,owl:Thing
http://kbpedia.org/kko/rc/PavedRoadway,rdfs:subClassOf,http://kbpedia.org/kko/rc/PavedPath
http://kbpedia.org/kko/rc/PavedRoadway,rdfs:subClassOf,owl:Thing
http://kbpedia.org/kko/rc/PavedRoadway,rdfs:subClassOf,http://kbpedia.org/kko/rc/Roadway
http://kbpedia.org/kko/rc/PavedRoadway,rdfs:subClassOf,http://kbpedia.org/kko/rc/TransportationPathSystemType
http://kbpedia.org/kko/rc/ConnectedPhysicalPath_Biological,rdfs:subClassOf,http://kbpedia.org/kko/rc/ConnectedPhysicalPathSystem
http://kbpedia.org/kko/rc/ConnectedPhysicalPath_Biological,rdfs:subClassOf,owl:Thing
http://kbpedia.org/kko/rc/LaGalissonniere_classIronclad,rdfs:subClassOf,http://kbpedia.org/kko/rc/IroncladWarship
http://kbpedia.org/kko/rc/LaGalissonniere_classIronclad,rdfs:subClassOf,owl:Thing
http://kbpedia.org/kko/rc/XBox,rdfs:subClassOf,http://kbpedia.org/kko/rc/HomeVideoGameMachine
http://kbpedia.org/kko/rc/XBox,rdfs:subClassOf,owl:Thing
http://kbpedia.org/kko/rc/XBox,rdfs:subClassOf,http://kbpedia.org/kko/rc/VideoGameSystem
http://kbpedia.org/kko/rc/MotorNerve,rdfs:subClassOf,http://kbpedia.org/kko/rc/Nerve
http://kbpedia.org/kko/rc/MotorNerve,rdfs:subClassOf,owl:Thing
http://kbpedia.org/kko/rc/EurocopterAS350,rdfs:subClassOf,http://kbpedia.org/kko/rc/Helicopter
http://kbpedia.org/kko/rc/EurocopterAS350,rdfs:subClassOf,owl:Thing
http://kbpedia.org/kko/rc/HomeVideoGameMachine,rdfs:subClassOf,http://kbpedia.org/kko/rc/ElectronicHouseholdAppliance
http://kbpedia.org/kko/rc/HomeVideoGameMachine,rdfs:subClassOf,owl:Thing
http://kbpedia.org/kko/rc/HomeVideoGameMachine,rdfs:subClassOf,http://kbpedia.org/kko/rc/VideoGameSystem
http://kbpedia.org/kko/rc/BritishAerospaceSeaHarrier,rdfs:subClassOf,http://kbpedia.org/kko/rc/FighterAttackPlane
http://kbpedia.org/kko/rc/BritishAerospaceSeaHarrier,rdfs:subClassOf,owl:Thing
http://kbpedia.org/kko/rc/Porsche911Car,rdfs:subClassOf,http://kbpedia.org/kko/rc/PorscheCar
http://kbpedia.org/kko/rc/Porsche911Car,rdfs:subClassOf,owl:Thing
http://kbpedia.org/kko/rc/Ise_classBattleship,rdfs:subClassOf,http://kbpedia.org/kko/rc/Dreadnought
http://kbpedia.org/kko/rc/Ise_classBattleship,rdfs:subClassOf,owl:Thing
http://kbpedia.org/kko/rc/SouthKoreanCar,rdfs:subClassOf,http://kbpedia.org/kko/rc/Automobile_GasolineEngine
http://kbpedia.org/kko/rc/SouthKoreanCar,rdfs:subClassOf,owl:Thing
http://kbpedia.org/kko/rc/SouthKoreanCar,rdfs:subClassOf,http://kbpedia.org/kko/rc/NonAmericanCar
http://kbpedia.org/kko/rc/Porsche914Car,rdfs:subClassOf,http://kbpedia.org/kko/rc/PorscheCar
http://kbpedia.org/kko/rc/Porsche914Car,rdfs:subClassOf,owl:Thing
http://kbpedia.org/kko/rc/CarrierBattleGroup,rdfs:subClassOf,http://kbpedia.org/kko/rc/FleetOfMilitaryCraft
http://kbpedia.org/kko/rc/CarrierBattleGroup,rdfs:subClassOf,owl:Thing
http://kbpedia.org/kko/rc/TrashBag,rdfs:subClassOf,http://kbpedia.org/kko/rc/ConsumableProduct
http://kbpedia.org/kko/rc/TrashBag,rdfs:subClassOf,owl:Thing
http://kbpedia.org/kko/rc/TrashBag,rdfs:subClassOf,http://kbpedia.org/kko/rc/DisposableProduct
http://kbpedia.org/kko/rc/TrashBag,rdfs:subClassOf,http://kbpedia.org/kko/rc/HousewaresMarketCategory
http://kbpedia.org/kko/rc/TrashBag,rdfs:subClassOf,http://kbpedia.org/kko/rc/PlasticBag
http://kbpedia.org/kko/rc/TrashBag,rdfs:subClassOf,http://kbpedia.org/kko/rc/TrashContainer
http://kbpedia.org/kko/rc/AircraftCabin,rdfs:subClassOf,http://kbpedia.org/kko/rc/PassengerCompartment
http://kbpedia.org/kko/rc/AircraftCabin,rdfs:subClassOf,owl:Thing
http://kbpedia.org/kko/rc/Porsche924Car,rdfs:subClassOf,http://kbpedia.org/kko/rc/PorscheCar
http://kbpedia.org/kko/rc/Porsche924Car,rdfs:subClassOf,owl:Thing
http://kbpedia.org/kko/rc/NSBClass73,rdfs:subClassOf,http://kbpedia.org/kko/rc/TrainEngine
http://kbpedia.org/kko/rc/NSBClass73,rdfs:subClassOf,owl:Thing
http://kbpedia.org/kko/rc/Carriage,rdfs:subClassOf,http://kbpedia.org/kko/rc/AnimalPoweredDevice
http://kbpedia.org/kko/rc/Carriage,rdfs:subClassOf,owl:Thing
http://kbpedia.org/kko/rc/Carriage,rdfs:subClassOf,http://kbpedia.org/kko/rc/AnimalPoweredTransport
http://kbpedia.org/kko/rc/Carriage,rdfs:subClassOf,http://kbpedia.org/kko/rc/RoadVehicle
http://kbpedia.org/kko/rc/Carriage,rdfs:subClassOf,http://kbpedia.org/kko/rc/WheeledTransportationDevice
http://kbpedia.org/kko/rc/Carriage,rdfs:subClassOf,http://kbpedia.org/kko/rc/Device_UserControlled
http://kbpedia.org/kko/rc/ProposedPublicTransport,rdfs:subClassOf,http://kbpedia.org/kko/rc/MassTransitSystem
http://kbpedia.org/kko/rc/ProposedPublicTransport,rdfs:subClassOf,owl:Thing
http://kbpedia.org/kko/rc/DaewooVehicle,rdfs:subClassOf,http://kbpedia.org/kko/rc/DaewooCar
http://kbpedia.org/kko/rc/DaewooVehicle,rdfs:subClassOf,owl:Thing
http://kbpedia.org/kko/rc/Porsche928Car,rdfs:subClassOf,http://kbpedia.org/kko/rc/PorscheCar
http://kbpedia.org/kko/rc/Porsche928Car,rdfs:subClassOf,owl:Thing
http://kbpedia.org/kko/rc/Talbot,rdfs:subClassOf,http://kbpedia.org/kko/rc/ChryslerCar
http://kbpedia.org/kko/rc/Talbot,rdfs:subClassOf,owl:Thing
http://kbpedia.org/kko/rc/Talbot,rdfs:subClassOf,http://kbpedia.org/kko/rc/PeugeotCar
http://kbpedia.org/kko/rc/PassengerCompartment,rdfs:subClassOf,http://kbpedia.org/kko/rc/HumanlyOccupiedRegion_TransportationDevice
http://kbpedia.org/kko/rc/PassengerCompartment,rdfs:subClassOf,owl:Thing
http://kbpedia.org/kko/rc/AutomobileTypeByModel,rdfs:subClassOf,http://kbpedia.org/kko/rc/Automobile
http://kbpedia.org/kko/rc/AutomobileTypeByModel,rdfs:subClassOf,owl:Thing
http://kbpedia.org/kko/rc/AutomobileTypeByModel,rdfs:subClassOf,http://kbpedia.org/kko/rc/ProductTypeByBrandVersion
http://kbpedia.org/kko/rc/Porsche930Car,rdfs:subClassOf,http://kbpedia.org/kko/rc/PorscheCar
http://kbpedia.org/kko/rc/Porsche930Car,rdfs:subClassOf,owl:Thing
http://kbpedia.org/kko/rc/LMSCoronationClass,rdfs:subClassOf,http://kbpedia.org/kko/rc/TrainEngine
http://kbpedia.org/kko/rc/LMSCoronationClass,rdfs:subClassOf,owl:Thing
http://kbpedia.org/kko/rc/NSBClass92,rdfs:subClassOf,http://kbpedia.org/kko/rc/DieselLocomotive
http://kbpedia.org/kko/rc/NSBClass92,rdfs:subClassOf,owl:Thing
http://kbpedia.org/kko/rc/Braunschweig_classBattleship,rdfs:subClassOf,http://kbpedia.org/kko/rc/PreDreadnoughtBattleship
http://kbpedia.org/kko/rc/Braunschweig_classBattleship,rdfs:subClassOf,owl:Thing
http://kbpedia.org/kko/rc/PassengerAircraft,rdfs:subClassOf,http://kbpedia.org/kko/rc/AircraftByType
http://kbpedia.org/kko/rc/PassengerAircraft,rdfs:subClassOf,owl:Thing
http://kbpedia.org/kko/rc/PassengerAircraft,rdfs:subClassOf,http://kbpedia.org/kko/rc/TransportationContainerProduct
http://kbpedia.org/kko/rc/LandkreuzerP1000Ratte,rdfs:subClassOf,http://kbpedia.org/kko/rc/Tank_Vehicle
http://kbpedia.org/kko/rc/LandkreuzerP1000Ratte,rdfs:subClassOf,owl:Thing
http://kbpedia.org/kko/rc/SeawolfClassSubmarine,rdfs:subClassOf,http://kbpedia.org/kko/rc/AttackSubmarine
http://kbpedia.org/kko/rc/SeawolfClassSubmarine,rdfs:subClassOf,owl:Thing
http://kbpedia.org/kko/rc/SeawolfClassSubmarine,rdfs:subClassOf,http://kbpedia.org/kko/rc/NuclearSubmarine
http://kbpedia.org/kko/rc/LandingCraftPersonnel,rdfs:subClassOf,http://kbpedia.org/kko/rc/LandingCraft
http://kbpedia.org/kko/rc/LandingCraftPersonnel,rdfs:subClassOf,owl:Thing
http://kbpedia.org/kko/rc/Siegfried_classCoastalDefenseShip,rdfs:subClassOf,http://kbpedia.org/kko/rc/CoastalDefenceShip
http://kbpedia.org/kko/rc/Siegfried_classCoastalDefenseShip,rdfs:subClassOf,owl:Thing
http://kbpedia.org/kko/rc/DirectedAcyclicGraph,rdfs:subClassOf,http://kbpedia.org/kko/rc/DirectedGraph
http://kbpedia.org/kko/rc/DirectedAcyclicGraph,rdfs:subClassOf,owl:Thing
http://kbpedia.org/kko/rc/PorscheInMotorsport,rdfs:subClassOf,http://kbpedia.org/kko/rc/PorscheCar
http://kbpedia.org/kko/rc/PorscheInMotorsport,rdfs:subClassOf,owl:Thing
http://kbpedia.org/kko/rc/LNERGresleyClassA1andA3,rdfs:subClassOf,http://kbpedia.org/kko/rc/TrainEngine
http://kbpedia.org/kko/rc/LNERGresleyClassA1andA3,rdfs:subClassOf,owl:Thing
http://kbpedia.org/kko/rc/CartesianCoordinateSystem,rdfs:subClassOf,http://kbpedia.org/kko/rc/CoordinateSystem
http://kbpedia.org/kko/rc/CartesianCoordinateSystem,rdfs:subClassOf,owl:Thing
http://kbpedia.org/kko/rc/BoundedDirectedAcyclicGraph,rdfs:subClassOf,http://kbpedia.org/kko/rc/BoundedDirectedPathSystem
http://kbpedia.org/kko/rc/BoundedDirectedAcyclicGraph,rdfs:subClassOf,owl:Thing
http://kbpedia.org/kko/rc/BoundedDirectedAcyclicGraph,rdfs:subClassOf,http://kbpedia.org/kko/rc/DirectedAcyclicGraph
http://kbpedia.org/kko/rc/BoundedDirectedAcyclicGraph,rdfs:subClassOf,http://kbpedia.org/kko/rc/DirectedMultigraph
http://kbpedia.org/kko/rc/AutomotiveDoor,rdfs:subClassOf,http://kbpedia.org/kko/rc/VehicleDoor
http://kbpedia.org/kko/rc/AutomotiveDoor,rdfs:subClassOf,owl:Thing
http://kbpedia.org/kko/rc/D_classCruiser_Germany,rdfs:subClassOf,http://kbpedia.org/kko/rc/Cruiser
http://kbpedia.org/kko/rc/D_classCruiser_Germany,rdfs:subClassOf,owl:Thing
http://kbpedia.org/kko/rc/EurocopterTiger,rdfs:subClassOf,http://kbpedia.org/kko/rc/AttackHelicopter
http://kbpedia.org/kko/rc/EurocopterTiger,rdfs:subClassOf,owl:Thing
http://kbpedia.org/kko/rc/HomeComputer,rdfs:subClassOf,http://kbpedia.org/kko/rc/PersonalComputer
http://kbpedia.org/kko/rc/HomeComputer,rdfs:subClassOf,owl:Thing
http://kbpedia.org/kko/rc/LandingCraftUtility,rdfs:subClassOf,http://kbpedia.org/kko/rc/LandingCraft
http://kbpedia.org/kko/rc/LandingCraftUtility,rdfs:subClassOf,owl:Thing
http://kbpedia.org/kko/rc/NSBClass93,rdfs:subClassOf,http://kbpedia.org/kko/rc/DieselLocomotive
http://kbpedia.org/kko/rc/NSBClass93,rdfs:subClassOf,owl:Thing
http://kbpedia.org/kko/rc/RoushCar,rdfs:subClassOf,http://kbpedia.org/kko/rc/AmericanAutomobile
http://kbpedia.org/kko/rc/RoushCar,rdfs:subClassOf,owl:Thing
http://kbpedia.org/kko/rc/RoushCar,rdfs:subClassOf,http://kbpedia.org/kko/rc/SportsCar
http://kbpedia.org/kko/rc/LSWRM7Class,rdfs:subClassOf,http://kbpedia.org/kko/rc/TrainEngine
http://kbpedia.org/kko/rc/LSWRM7Class,rdfs:subClassOf,owl:Thing
http://kbpedia.org/kko/rc/FleetOfMilitaryCraft,rdfs:subClassOf,http://kbpedia.org/kko/rc/Fleet
http://kbpedia.org/kko/rc/FleetOfMilitaryCraft,rdfs:subClassOf,owl:Thing
http://kbpedia.org/kko/rc/IrrigationSystem,rdfs:subClassOf,http://kbpedia.org/kko/rc/WaterSupplyNetwork
http://kbpedia.org/kko/rc/IrrigationSystem,rdfs:subClassOf,owl:Thing
http://kbpedia.org/kko/rc/RyanFRFireball,rdfs:subClassOf,http://kbpedia.org/kko/rc/Jetfighter
http://kbpedia.org/kko/rc/RyanFRFireball,rdfs:subClassOf,owl:Thing
http://kbpedia.org/kko/rc/RyanFRFireball,rdfs:subClassOf,http://kbpedia.org/kko/rc/WorldWarIIFighterAircraft
http://kbpedia.org/kko/rc/RyanFRFireball,rdfs:subClassOf,http://kbpedia.org/kko/rc/FighterPlane
http://kbpedia.org/kko/rc/RowBoat,rdfs:subClassOf,http://kbpedia.org/kko/rc/CommercialMarineCraft
http://kbpedia.org/kko/rc/RowBoat,rdfs:subClassOf,owl:Thing
http://kbpedia.org/kko/rc/LSWRN15Class,rdfs:subClassOf,http://kbpedia.org/kko/rc/TrainEngine
http://kbpedia.org/kko/rc/LSWRN15Class,rdfs:subClassOf,owl:Thing
http://kbpedia.org/kko/rc/EurofighterTyphoon_FighterPlane,rdfs:subClassOf,http://kbpedia.org/kko/rc/FighterAttackPlane
http://kbpedia.org/kko/rc/EurofighterTyphoon_FighterPlane,rdfs:subClassOf,owl:Thing
http://kbpedia.org/kko/rc/EurofighterTyphoon_FighterPlane,rdfs:subClassOf,http://kbpedia.org/kko/rc/JetPropelledAircraft
http://kbpedia.org/kko/rc/EurofighterTyphoon_FighterPlane,rdfs:subClassOf,http://kbpedia.org/kko/rc/MultiRoleAircraft
http://kbpedia.org/kko/rc/CommonPeronealNerve,rdfs:subClassOf,http://kbpedia.org/kko/rc/Nerve
http://kbpedia.org/kko/rc/CommonPeronealNerve,rdfs:subClassOf,owl:Thing
http://kbpedia.org/kko/rc/Scharnhorst_classBattleship,rdfs:subClassOf,http://kbpedia.org/kko/rc/Battleship
http://kbpedia.org/kko/rc/Scharnhorst_classBattleship,rdfs:subClassOf,owl:Thing
http://kbpedia.org/kko/rc/AutomobileWheel,rdfs:subClassOf,http://kbpedia.org/kko/rc/AutoPart
http://kbpedia.org/kko/rc/AutomobileWheel,rdfs:subClassOf,owl:Thing
http://kbpedia.org/kko/rc/AutomobileWheel,rdfs:subClassOf,http://kbpedia.org/kko/rc/AutoTireMarketCategory
http://kbpedia.org/kko/rc/AutomobileWheel,rdfs:subClassOf,http://kbpedia.org/kko/rc/LandTransportationWheel
http://kbpedia.org/kko/rc/Porsche968Car,rdfs:subClassOf,http://kbpedia.org/kko/rc/PorscheCar
http://kbpedia.org/kko/rc/Porsche968Car,rdfs:subClassOf,owl:Thing
http://kbpedia.org/kko/rc/Scharnhorst_classCruiser,rdfs:subClassOf,http://kbpedia.org/kko/rc/Cruiser
http://kbpedia.org/kko/rc/Scharnhorst_classCruiser,rdfs:subClassOf,owl:Thing
http://kbpedia.org/kko/rc/SensoryOrgan,rdfs:subClassOf,http://kbpedia.org/kko/rc/NervousSystem
http://kbpedia.org/kko/rc/SensoryOrgan,rdfs:subClassOf,owl:Thing
http://kbpedia.org/kko/rc/SuspensionSystemComponent,rdfs:subClassOf,http://kbpedia.org/kko/rc/TransportationComponentSystem
http://kbpedia.org/kko/rc/SuspensionSystemComponent,rdfs:subClassOf,owl:Thing
http://kbpedia.org/kko/rc/BritishB_classSubmarine,rdfs:subClassOf,http://kbpedia.org/kko/rc/AttackSubmarine
http://kbpedia.org/kko/rc/BritishB_classSubmarine,rdfs:subClassOf,owl:Thing
http://kbpedia.org/kko/rc/RidingTechniqueAndMovement,rdfs:subClassOf,http://kbpedia.org/kko/rc/HorsebackRiding
http://kbpedia.org/kko/rc/RidingTechniqueAndMovement,rdfs:subClassOf,owl:Thing
http://kbpedia.org/kko/rc/SecondExtendedFilesystem,rdfs:subClassOf,http://kbpedia.org/kko/rc/Filesystem
http://kbpedia.org/kko/rc/SecondExtendedFilesystem,rdfs:subClassOf,owl:Thing
http://kbpedia.org/kko/rc/IBMThinkpadComputer,rdfs:subClassOf,http://kbpedia.org/kko/rc/IBMComputer
http://kbpedia.org/kko/rc/IBMThinkpadComputer,rdfs:subClassOf,owl:Thing
http://kbpedia.org/kko/rc/IBMThinkpadComputer,rdfs:subClassOf,http://kbpedia.org/kko/rc/LaptopComputer
http://kbpedia.org/kko/rc/SteeringSystem,rdfs:subClassOf,http://kbpedia.org/kko/rc/TransportationComponentSystem
http://kbpedia.org/kko/rc/SteeringSystem,rdfs:subClassOf,owl:Thing
http://kbpedia.org/kko/rc/Porsche911GT3,rdfs:subClassOf,http://kbpedia.org/kko/rc/PorscheCar
http://kbpedia.org/kko/rc/Porsche911GT3,rdfs:subClassOf,owl:Thing
http://kbpedia.org/kko/rc/NSBClass66,rdfs:subClassOf,http://kbpedia.org/kko/rc/TrainEngine
http://kbpedia.org/kko/rc/NSBClass66,rdfs:subClassOf,owl:Thing
http://kbpedia.org/kko/rc/Bag,rdfs:subClassOf,http://kbpedia.org/kko/rc/ContainerStorage
http://kbpedia.org/kko/rc/Bag,rdfs:subClassOf,owl:Thing
http://kbpedia.org/kko/rc/Bag,rdfs:subClassOf,http://kbpedia.org/kko/rc/FlexibleObject
http://kbpedia.org/kko/rc/Bag,rdfs:subClassOf,http://kbpedia.org/kko/rc/NonPoweredDevice
http://kbpedia.org/kko/rc/Bag,rdfs:subClassOf,http://kbpedia.org/kko/rc/PackagingContainerProduct
http://kbpedia.org/kko/rc/Bag,rdfs:subClassOf,http://kbpedia.org/kko/rc/TransportationContainerProduct
http://kbpedia.org/kko/rc/Bag,rdfs:subClassOf,http://kbpedia.org/kko/rc/StorageConstruct
http://kbpedia.org/kko/rc/SelfContainedBreathingApparatus,rdfs:subClassOf,http://kbpedia.org/kko/rc/Device_SingleUser
http://kbpedia.org/kko/rc/SelfContainedBreathingApparatus,rdfs:subClassOf,owl:Thing
http://kbpedia.org/kko/rc/SelfContainedBreathingApparatus,rdfs:subClassOf,http://kbpedia.org/kko/rc/DivingEquipment
http://kbpedia.org/kko/rc/SelfContainedBreathingApparatus,rdfs:subClassOf,http://kbpedia.org/kko/rc/ProtectiveEquipment_Human
http://kbpedia.org/kko/rc/U_101_classSubmarine,rdfs:subClassOf,http://kbpedia.org/kko/rc/U_Boat
http://kbpedia.org/kko/rc/U_101_classSubmarine,rdfs:subClassOf,owl:Thing
http://kbpedia.org/kko/rc/IHScoutIICar,rdfs:subClassOf,http://kbpedia.org/kko/rc/SportUtilityVehicle
http://kbpedia.org/kko/rc/IHScoutIICar,rdfs:subClassOf,owl:Thing
http://kbpedia.org/kko/rc/NSBDi3,rdfs:subClassOf,http://kbpedia.org/kko/rc/TrainEngine
http://kbpedia.org/kko/rc/NSBDi3,rdfs:subClassOf,owl:Thing
http://kbpedia.org/kko/rc/SensorySystem,rdfs:subClassOf,http://kbpedia.org/kko/rc/NervousSystem
http://kbpedia.org/kko/rc/SensorySystem,rdfs:subClassOf,owl:Thing
http://kbpedia.org/kko/rc/ChessComputer,rdfs:subClassOf,http://kbpedia.org/kko/rc/SingleUserComputer
http://kbpedia.org/kko/rc/ChessComputer,rdfs:subClassOf,owl:Thing
http://kbpedia.org/kko/rc/NSBDi6,rdfs:subClassOf,http://kbpedia.org/kko/rc/DieselLocomotive
http://kbpedia.org/kko/rc/NSBDi6,rdfs:subClassOf,owl:Thing
http://kbpedia.org/kko/rc/Neosho_classMonitor,rdfs:subClassOf,http://kbpedia.org/kko/rc/Monitor
http://kbpedia.org/kko/rc/Neosho_classMonitor,rdfs:subClassOf,owl:Thing
http://kbpedia.org/kko/rc/RogozarskiIk_3,rdfs:subClassOf,http://kbpedia.org/kko/rc/FighterPlane
http://kbpedia.org/kko/rc/RogozarskiIk_3,rdfs:subClassOf,owl:Thing
http://kbpedia.org/kko/rc/SchedulingTransportation,rdfs:subClassOf,http://kbpedia.org/kko/rc/MassTransitSystem
http://kbpedia.org/kko/rc/SchedulingTransportation,rdfs:subClassOf,owl:Thing
http://kbpedia.org/kko/rc/SchedulingTransportation,rdfs:subClassOf,http://kbpedia.org/kko/rc/TransportationLogisticsService
http://kbpedia.org/kko/rc/LandRoverDiscoveryCar,rdfs:subClassOf,http://kbpedia.org/kko/rc/LandRoverCar
http://kbpedia.org/kko/rc/LandRoverDiscoveryCar,rdfs:subClassOf,owl:Thing
http://kbpedia.org/kko/rc/SECRN1Class,rdfs:subClassOf,http://kbpedia.org/kko/rc/TrainEngine
http://kbpedia.org/kko/rc/SECRN1Class,rdfs:subClassOf,owl:Thing
http://kbpedia.org/kko/rc/IBMComputer,rdfs:subClassOf,http://kbpedia.org/kko/rc/IBMCompatiblePC
http://kbpedia.org/kko/rc/IBMComputer,rdfs:subClassOf,owl:Thing
http://kbpedia.org/kko/rc/RaceCar,rdfs:subClassOf,http://kbpedia.org/kko/rc/RacingVehicle
http://kbpedia.org/kko/rc/RaceCar,rdfs:subClassOf,owl:Thing
http://kbpedia.org/kko/rc/RaceCar,rdfs:subClassOf,http://kbpedia.org/kko/rc/SportsCar
http://kbpedia.org/kko/rc/NSBEl18,rdfs:subClassOf,http://kbpedia.org/kko/rc/ElectricLocomotive
http://kbpedia.org/kko/rc/NSBEl18,rdfs:subClassOf,owl:Thing
http://kbpedia.org/kko/rc/Caravan,rdfs:subClassOf,http://kbpedia.org/kko/rc/Convoy
http://kbpedia.org/kko/rc/Caravan,rdfs:subClassOf,owl:Thing
http://kbpedia.org/kko/rc/Brummer_classCruiser,rdfs:subClassOf,http://kbpedia.org/kko/rc/Cruiser
http://kbpedia.org/kko/rc/Brummer_classCruiser,rdfs:subClassOf,owl:Thing
http://kbpedia.org/kko/rc/PublicAddressSystem,rdfs:subClassOf,http://kbpedia.org/kko/rc/AudioSystem
http://kbpedia.org/kko/rc/PublicAddressSystem,rdfs:subClassOf,owl:Thing
http://kbpedia.org/kko/rc/LandingCraft_AirCushioned,rdfs:subClassOf,http://kbpedia.org/kko/rc/LandingCraft
http://kbpedia.org/kko/rc/LandingCraft_AirCushioned,rdfs:subClassOf,owl:Thing
http://kbpedia.org/kko/rc/XboxDevelopment,rdfs:subClassOf,http://kbpedia.org/kko/rc/XBox
http://kbpedia.org/kko/rc/XboxDevelopment,rdfs:subClassOf,owl:Thing
http://kbpedia.org/kko/rc/TupolevTu_85,rdfs:subClassOf,http://kbpedia.org/kko/rc/BomberPlane
http://kbpedia.org/kko/rc/TupolevTu_85,rdfs:subClassOf,owl:Thing
http://kbpedia.org/kko/rc/StVincent_classBattleship,rdfs:subClassOf,http://kbpedia.org/kko/rc/Battleship
http://kbpedia.org/kko/rc/StVincent_classBattleship,rdfs:subClassOf,owl:Thing
http://kbpedia.org/kko/rc/ElevatedRoadway,rdfs:subClassOf,http://kbpedia.org/kko/rc/Bridge
http://kbpedia.org/kko/rc/ElevatedRoadway,rdfs:subClassOf,owl:Thing
http://kbpedia.org/kko/rc/ElevatedRoadway,rdfs:subClassOf,http://kbpedia.org/kko/rc/PavedRoadway
http://kbpedia.org/kko/rc/ElevatedRoadway,rdfs:subClassOf,http://kbpedia.org/kko/rc/Roadway
http://kbpedia.org/kko/rc/NSBEl9,rdfs:subClassOf,http://kbpedia.org/kko/rc/ElectricLocomotive
http://kbpedia.org/kko/rc/NSBEl9,rdfs:subClassOf,owl:Thing
http://kbpedia.org/kko/rc/Espana_classBattleship,rdfs:subClassOf,http://kbpedia.org/kko/rc/Dreadnought
http://kbpedia.org/kko/rc/Espana_classBattleship,rdfs:subClassOf,owl:Thing
http://kbpedia.org/kko/rc/SecrNClass,rdfs:subClassOf,http://kbpedia.org/kko/rc/TrainEngine
http://kbpedia.org/kko/rc/SecrNClass,rdfs:subClassOf,owl:Thing
http://kbpedia.org/kko/rc/IBMPC,rdfs:subClassOf,http://kbpedia.org/kko/rc/IBMComputer
http://kbpedia.org/kko/rc/IBMPC,rdfs:subClassOf,owl:Thing
http://kbpedia.org/kko/rc/IBMPC,rdfs:subClassOf,http://kbpedia.org/kko/rc/PersonalComputer
http://kbpedia.org/kko/rc/ElevatorCar,rdfs:subClassOf,http://kbpedia.org/kko/rc/PassengerCompartment
http://kbpedia.org/kko/rc/ElevatorCar,rdfs:subClassOf,owl:Thing
http://kbpedia.org/kko/rc/ElevatorCar,rdfs:subClassOf,http://kbpedia.org/kko/rc/SpaceInAFixedHOC
http://kbpedia.org/kko/rc/RoverVehicle,rdfs:subClassOf,http://kbpedia.org/kko/rc/RoverCar
http://kbpedia.org/kko/rc/RoverVehicle,rdfs:subClassOf,owl:Thing
http://kbpedia.org/kko/rc/TupolevTu_95,rdfs:subClassOf,http://kbpedia.org/kko/rc/BomberPlane
http://kbpedia.org/kko/rc/TupolevTu_95,rdfs:subClassOf,owl:Thing
http://kbpedia.org/kko/rc/TupolevTu_95,rdfs:subClassOf,http://kbpedia.org/kko/rc/PropellerDrivenAirplane
http://kbpedia.org/kko/rc/LandRoverDefenderCar,rdfs:subClassOf,http://kbpedia.org/kko/rc/LandRoverCar
http://kbpedia.org/kko/rc/LandRoverDefenderCar,rdfs:subClassOf,owl:Thing
http://kbpedia.org/kko/rc/AutomobileSuspensionSystem,rdfs:subClassOf,http://kbpedia.org/kko/rc/MechanicalAutoPart
http://kbpedia.org/kko/rc/AutomobileSuspensionSystem,rdfs:subClassOf,owl:Thing
http://kbpedia.org/kko/rc/AutomobileSuspensionSystem,rdfs:subClassOf,http://kbpedia.org/kko/rc/PhysicalSystem
http://kbpedia.org/kko/rc/AutomobileSuspensionSystem,rdfs:subClassOf,http://kbpedia.org/kko/rc/SuspensionSystemComponent
http://kbpedia.org/kko/rc/AutomobileSuspensionSystem,rdfs:subClassOf,http://kbpedia.org/kko/rc/SystemOfDevices
http://kbpedia.org/kko/rc/Gopher_InternetProtocol,rdfs:subClassOf,http://kbpedia.org/kko/rc/InternetProtocol
http://kbpedia.org/kko/rc/Gopher_InternetProtocol,rdfs:subClassOf,owl:Thing
http://kbpedia.org/kko/rc/Turboliner,rdfs:subClassOf,http://kbpedia.org/kko/rc/TrainEngine
http://kbpedia.org/kko/rc/Turboliner,rdfs:subClassOf,owl:Thing
http://kbpedia.org/kko/rc/AircraftCarrier,rdfs:subClassOf,http://kbpedia.org/kko/rc/AircraftLandingAndTakeoffFacility
http://kbpedia.org/kko/rc/AircraftCarrier,rdfs:subClassOf,owl:Thing
http://kbpedia.org/kko/rc/AircraftCarrier,rdfs:subClassOf,http://kbpedia.org/kko/rc/ModernNavalShip
http://kbpedia.org/kko/rc/AircraftCarrier,rdfs:subClassOf,http://kbpedia.org/kko/rc/MilitaryWatercraft
http://kbpedia.org/kko/rc/LandRoverVehicle,rdfs:subClassOf,http://kbpedia.org/kko/rc/LandRoverCar
http://kbpedia.org/kko/rc/LandRoverVehicle,rdfs:subClassOf,owl:Thing
http://kbpedia.org/kko/rc/IrrigationCanal,rdfs:subClassOf,http://kbpedia.org/kko/rc/Canal
http://kbpedia.org/kko/rc/IrrigationCanal,rdfs:subClassOf,owl:Thing
http://kbpedia.org/kko/rc/IrrigationCanal,rdfs:subClassOf,http://kbpedia.org/kko/rc/IrrigationSystem
http://kbpedia.org/kko/rc/IrrigationCanal,rdfs:subClassOf,http://kbpedia.org/kko/rc/Watercourse
http://kbpedia.org/kko/rc/U_27_classSubmarine_Austria_Hungary,rdfs:subClassOf,http://kbpedia.org/kko/rc/U_Boat
http://kbpedia.org/kko/rc/U_27_classSubmarine_Austria_Hungary,rdfs:subClassOf,owl:Thing
http://kbpedia.org/kko/rc/DaimlerChrysler,rdfs:subClassOf,http://kbpedia.org/kko/rc/ChryslerCar
http://kbpedia.org/kko/rc/DaimlerChrysler,rdfs:subClassOf,owl:Thing
http://kbpedia.org/kko/rc/HyundaiScoupeCar,rdfs:subClassOf,http://kbpedia.org/kko/rc/HyundaiCar
http://kbpedia.org/kko/rc/HyundaiScoupeCar,rdfs:subClassOf,owl:Thing
http://kbpedia.org/kko/rc/OphthalmicNerve,rdfs:subClassOf,http://kbpedia.org/kko/rc/SensoryNerve
http://kbpedia.org/kko/rc/OphthalmicNerve,rdfs:subClassOf,owl:Thing
http://kbpedia.org/kko/rc/ScenicRoute,rdfs:subClassOf,http://kbpedia.org/kko/rc/TravelRoute_Road
http://kbpedia.org/kko/rc/ScenicRoute,rdfs:subClassOf,owl:Thing
http://kbpedia.org/kko/rc/SentinelWaggonWork,rdfs:subClassOf,http://kbpedia.org/kko/rc/RollsRoyceCar
http://kbpedia.org/kko/rc/SentinelWaggonWork,rdfs:subClassOf,owl:Thing
http://kbpedia.org/kko/rc/Shikishima_classBattleship,rdfs:subClassOf,http://kbpedia.org/kko/rc/PreDreadnoughtBattleship
http://kbpedia.org/kko/rc/Shikishima_classBattleship,rdfs:subClassOf,owl:Thing
http://kbpedia.org/kko/rc/IBMCompatiblePC,rdfs:subClassOf,http://kbpedia.org/kko/rc/PersonalComputer
http://kbpedia.org/kko/rc/IBMCompatiblePC,rdfs:subClassOf,owl:Thing
http://kbpedia.org/kko/rc/IBMCompatiblePC,rdfs:subClassOf,http://kbpedia.org/kko/rc/ComputerTypeByArchitecture
http://kbpedia.org/kko/rc/Cutter_SailingVessel,rdfs:subClassOf,http://kbpedia.org/kko/rc/Watercraft_Surface
http://kbpedia.org/kko/rc/Cutter_SailingVessel,rdfs:subClassOf,owl:Thing
http://kbpedia.org/kko/rc/AncientNavalShip,rdfs:subClassOf,http://kbpedia.org/kko/rc/Ship
http://kbpedia.org/kko/rc/AncientNavalShip,rdfs:subClassOf,owl:Thing
http://kbpedia.org/kko/rc/HomeSecuritySystem,rdfs:subClassOf,http://kbpedia.org/kko/rc/BuildingSecuritySystem
http://kbpedia.org/kko/rc/HomeSecuritySystem,rdfs:subClassOf,owl:Thing
http://kbpedia.org/kko/rc/Leipzig_classCruiser,rdfs:subClassOf,http://kbpedia.org/kko/rc/LightCruiser
http://kbpedia.org/kko/rc/Leipzig_classCruiser,rdfs:subClassOf,owl:Thing
http://kbpedia.org/kko/rc/DirectedGraph,rdfs:subClassOf,http://kbpedia.org/kko/rc/DirectedMultigraph
http://kbpedia.org/kko/rc/DirectedGraph,rdfs:subClassOf,owl:Thing
http://kbpedia.org/kko/rc/U_1_classSubmarine_Austria_Hungary,rdfs:subClassOf,http://kbpedia.org/kko/rc/U_Boat
http://kbpedia.org/kko/rc/U_1_classSubmarine_Austria_Hungary,rdfs:subClassOf,owl:Thing
http://kbpedia.org/kko/rc/PortableCDPlayer,rdfs:subClassOf,http://kbpedia.org/kko/rc/CompactDiscPlayer
http://kbpedia.org/kko/rc/PortableCDPlayer,rdfs:subClassOf,owl:Thing
http://kbpedia.org/kko/rc/PortableCDPlayer,rdfs:subClassOf,http://kbpedia.org/kko/rc/HomeElectronicsMarketCategory
http://kbpedia.org/kko/rc/PortableCDPlayer,rdfs:subClassOf,http://kbpedia.org/kko/rc/PersonalAudioPlayer
http://kbpedia.org/kko/rc/Rover620tiCar,rdfs:subClassOf,http://kbpedia.org/kko/rc/RoverCar
http://kbpedia.org/kko/rc/Rover620tiCar,rdfs:subClassOf,owl:Thing
http://kbpedia.org/kko/rc/XboxConsole,rdfs:subClassOf,http://kbpedia.org/kko/rc/XBox
http://kbpedia.org/kko/rc/XboxConsole,rdfs:subClassOf,owl:Thing
http://kbpedia.org/kko/rc/XboxConsole,rdfs:subClassOf,http://kbpedia.org/kko/rc/VideoGameSystem
http://kbpedia.org/kko/rc/Pennsylvania_classBattleship,rdfs:subClassOf,http://kbpedia.org/kko/rc/Dreadnought
http://kbpedia.org/kko/rc/Pennsylvania_classBattleship,rdfs:subClassOf,owl:Thing
http://kbpedia.org/kko/rc/MultipleUserComputer,rdfs:subClassOf,http://kbpedia.org/kko/rc/ClassOfComputer
http://kbpedia.org/kko/rc/MultipleUserComputer,rdfs:subClassOf,owl:Thing
http://kbpedia.org/kko/rc/AutoAudioSystem,rdfs:subClassOf,http://kbpedia.org/kko/rc/AudioSystem
http://kbpedia.org/kko/rc/AutoAudioSystem,rdfs:subClassOf,owl:Thing
http://kbpedia.org/kko/rc/AutoAudioSystem,rdfs:subClassOf,http://kbpedia.org/kko/rc/AutoPart
http://kbpedia.org/kko/rc/AutoAudioSystem,rdfs:subClassOf,http://kbpedia.org/kko/rc/AutoSoundMarketCategory
http://kbpedia.org/kko/rc/Xbox360,rdfs:subClassOf,http://kbpedia.org/kko/rc/XBox
http://kbpedia.org/kko/rc/Xbox360,rdfs:subClassOf,owl:Thing
http://kbpedia.org/kko/rc/HyundaiAccentCar,rdfs:subClassOf,http://kbpedia.org/kko/rc/HyundaiCar
http://kbpedia.org/kko/rc/HyundaiAccentCar,rdfs:subClassOf,owl:Thing
http://kbpedia.org/kko/rc/CircleOfWillis,rdfs:subClassOf,http://kbpedia.org/kko/rc/AnimalBodyPart
http://kbpedia.org/kko/rc/CircleOfWillis,rdfs:subClassOf,owl:Thing
http://kbpedia.org/kko/rc/CircleOfWillis,rdfs:subClassOf,http://kbpedia.org/kko/rc/InternalAnatomicalPart
http://kbpedia.org/kko/rc/CircleOfWillis,rdfs:subClassOf,http://kbpedia.org/kko/rc/PipingSystem_Biological
http://kbpedia.org/kko/rc/AutomobileSnowTire,rdfs:subClassOf,http://kbpedia.org/kko/rc/AutomobileTire
http://kbpedia.org/kko/rc/AutomobileSnowTire,rdfs:subClassOf,owl:Thing
http://kbpedia.org/kko/rc/AutomobileSnowTire,rdfs:subClassOf,http://kbpedia.org/kko/rc/SnowTire
http://kbpedia.org/kko/rc/AutomobileSnowTire,rdfs:subClassOf,http://kbpedia.org/kko/rc/AutoTireMarketCategory
http://kbpedia.org/kko/rc/Fleet,rdfs:subClassOf,http://kbpedia.org/kko/rc/Watercraft
http://kbpedia.org/kko/rc/Fleet,rdfs:subClassOf,owl:Thing
http://kbpedia.org/kko/rc/U_43_classSubmarine_Austria_Hungary,rdfs:subClassOf,http://kbpedia.org/kko/rc/U_Boat
http://kbpedia.org/kko/rc/U_43_classSubmarine_Austria_Hungary,rdfs:subClassOf,owl:Thing
http://kbpedia.org/kko/rc/RowingShell,rdfs:subClassOf,http://kbpedia.org/kko/rc/RacingVehicle
http://kbpedia.org/kko/rc/RowingShell,rdfs:subClassOf,owl:Thing
http://kbpedia.org/kko/rc/RowingShell,rdfs:subClassOf,http://kbpedia.org/kko/rc/Rowboat
http://kbpedia.org/kko/rc/RowingShell,rdfs:subClassOf,http://kbpedia.org/kko/rc/Boat
http://kbpedia.org/kko/rc/RowingShell,rdfs:subClassOf,http://kbpedia.org/kko/rc/Watercraft_Small
http://kbpedia.org/kko/rc/HyundaiElantraCar,rdfs:subClassOf,http://kbpedia.org/kko/rc/HyundaiCar
http://kbpedia.org/kko/rc/HyundaiElantraCar,rdfs:subClassOf,owl:Thing
http://kbpedia.org/kko/rc/CircleTour,rdfs:subClassOf,http://kbpedia.org/kko/rc/ScenicRoute
http://kbpedia.org/kko/rc/CircleTour,rdfs:subClassOf,owl:Thing
http://kbpedia.org/kko/rc/SikorskyH_5,rdfs:subClassOf,http://kbpedia.org/kko/rc/UtilityHelicopter
http://kbpedia.org/kko/rc/SikorskyH_5,rdfs:subClassOf,owl:Thing
http://kbpedia.org/kko/rc/SikorskyH_5,rdfs:subClassOf,http://kbpedia.org/kko/rc/Helicopter
http://kbpedia.org/kko/rc/Helicopter,rdfs:subClassOf,http://kbpedia.org/kko/rc/FuelPoweredDevice
http://kbpedia.org/kko/rc/Helicopter,rdfs:subClassOf,owl:Thing
http://kbpedia.org/kko/rc/Helicopter,rdfs:subClassOf,http://kbpedia.org/kko/rc/RotaryWingAircraft
http://kbpedia.org/kko/rc/Helicopter,rdfs:subClassOf,http://kbpedia.org/kko/rc/TransportationContainerProduct
http://kbpedia.org/kko/rc/WaterSupplyNetwork,rdfs:subClassOf,http://kbpedia.org/kko/rc/Infrastructure
http://kbpedia.org/kko/rc/WaterSupplyNetwork,rdfs:subClassOf,owl:Thing
http://kbpedia.org/kko/rc/WaterSupplyNetwork,rdfs:subClassOf,http://kbpedia.org/kko/rc/IrrigationFloodControlWaterwork
http://kbpedia.org/kko/rc/WaterSupplyNetwork,rdfs:subClassOf,http://kbpedia.org/kko/rc/PathArtifactSystem
http://kbpedia.org/kko/rc/WaterSupplyNetwork,rdfs:subClassOf,http://kbpedia.org/kko/rc/PublicWorks
http://kbpedia.org/kko/rc/WaterSupplyNetwork,rdfs:subClassOf,http://kbpedia.org/kko/rc/SystemOfDevices
http://kbpedia.org/kko/rc/VehicleDoor,rdfs:subClassOf,http://kbpedia.org/kko/rc/AutoPart
http://kbpedia.org/kko/rc/VehicleDoor,rdfs:subClassOf,owl:Thing
http://kbpedia.org/kko/rc/VehicleDoor,rdfs:subClassOf,http://kbpedia.org/kko/rc/TransportationComponentSystem
http://kbpedia.org/kko/rc/DirectedMultigraph,rdfs:subClassOf,http://kbpedia.org/kko/rc/Multigraph
http://kbpedia.org/kko/rc/DirectedMultigraph,rdfs:subClassOf,owl:Thing
http://kbpedia.org/kko/rc/GopherClient,rdfs:subClassOf,http://kbpedia.org/kko/rc/Gopher_InternetProtocol
http://kbpedia.org/kko/rc/GopherClient,rdfs:subClassOf,owl:Thing
http://kbpedia.org/kko/rc/PeopleMover,rdfs:subClassOf,http://kbpedia.org/kko/rc/RailTransport
http://kbpedia.org/kko/rc/PeopleMover,rdfs:subClassOf,owl:Thing
http://kbpedia.org/kko/rc/Magdeburg_classCruiser,rdfs:subClassOf,http://kbpedia.org/kko/rc/LightCruiser
http://kbpedia.org/kko/rc/Magdeburg_classCruiser,rdfs:subClassOf,owl:Thing
http://kbpedia.org/kko/rc/BicycleSpoke,rdfs:subClassOf,http://kbpedia.org/kko/rc/NonMotorizedCycleComponent
http://kbpedia.org/kko/rc/BicycleSpoke,rdfs:subClassOf,owl:Thing
http://kbpedia.org/kko/rc/Leopard2E,rdfs:subClassOf,http://kbpedia.org/kko/rc/Tank_Vehicle
http://kbpedia.org/kko/rc/Leopard2E,rdfs:subClassOf,owl:Thing
http://kbpedia.org/kko/rc/VehicleTrimExteriorCovering,rdfs:subClassOf,http://kbpedia.org/kko/rc/TransportationComponentSystem
http://kbpedia.org/kko/rc/VehicleTrimExteriorCovering,rdfs:subClassOf,owl:Thing
http://kbpedia.org/kko/rc/U_48_classSubmarine,rdfs:subClassOf,http://kbpedia.org/kko/rc/U_Boat
http://kbpedia.org/kko/rc/U_48_classSubmarine,rdfs:subClassOf,owl:Thing
http://kbpedia.org/kko/rc/DaihatsuVehicle,rdfs:subClassOf,http://kbpedia.org/kko/rc/DaihatsuCar
http://kbpedia.org/kko/rc/DaihatsuVehicle,rdfs:subClassOf,owl:Thing
http://kbpedia.org/kko/rc/Nagato_classBattleship,rdfs:subClassOf,http://kbpedia.org/kko/rc/Dreadnought
http://kbpedia.org/kko/rc/Nagato_classBattleship,rdfs:subClassOf,owl:Thing
http://kbpedia.org/kko/rc/HyundaiCar,rdfs:subClassOf,http://kbpedia.org/kko/rc/SouthKoreanCar
http://kbpedia.org/kko/rc/HyundaiCar,rdfs:subClassOf,owl:Thing
http://kbpedia.org/kko/rc/RollingStockClass,rdfs:subClassOf,http://kbpedia.org/kko/rc/TrainEngine
http://kbpedia.org/kko/rc/RollingStockClass,rdfs:subClassOf,owl:Thing
http://kbpedia.org/kko/rc/TwoLanesOrWiderRoadway,rdfs:subClassOf,http://kbpedia.org/kko/rc/PavedRoadway
http://kbpedia.org/kko/rc/TwoLanesOrWiderRoadway,rdfs:subClassOf,owl:Thing
http://kbpedia.org/kko/rc/AutomobileSteeringSystem,rdfs:subClassOf,http://kbpedia.org/kko/rc/MechanicalAutoPart
http://kbpedia.org/kko/rc/AutomobileSteeringSystem,rdfs:subClassOf,owl:Thing
http://kbpedia.org/kko/rc/AutomobileSteeringSystem,rdfs:subClassOf,http://kbpedia.org/kko/rc/SteeringSystem
http://kbpedia.org/kko/rc/XboxLive,rdfs:subClassOf,http://kbpedia.org/kko/rc/XBox
http://kbpedia.org/kko/rc/XboxLive,rdfs:subClassOf,owl:Thing
http://kbpedia.org/kko/rc/LosAngelesClassSubmarine,rdfs:subClassOf,http://kbpedia.org/kko/rc/AttackSubmarine
http://kbpedia.org/kko/rc/LosAngelesClassSubmarine,rdfs:subClassOf,owl:Thing
http://kbpedia.org/kko/rc/LosAngelesClassSubmarine,rdfs:subClassOf,http://kbpedia.org/kko/rc/NuclearSubmarine
http://kbpedia.org/kko/rc/Dreamcast,rdfs:subClassOf,http://kbpedia.org/kko/rc/HomeVideoGameMachine
http://kbpedia.org/kko/rc/Dreamcast,rdfs:subClassOf,owl:Thing
http://kbpedia.org/kko/rc/Convoy,rdfs:subClassOf,http://kbpedia.org/kko/rc/Fleet
http://kbpedia.org/kko/rc/Convoy,rdfs:subClassOf,owl:Thing
http://kbpedia.org/kko/rc/HyundaiSonataCar,rdfs:subClassOf,http://kbpedia.org/kko/rc/HyundaiCar
http://kbpedia.org/kko/rc/HyundaiSonataCar,rdfs:subClassOf,owl:Thing
http://kbpedia.org/kko/rc/VehicleSafetySystem,rdfs:subClassOf,http://kbpedia.org/kko/rc/TransportationComponentSystem
http://kbpedia.org/kko/rc/VehicleSafetySystem,rdfs:subClassOf,owl:Thing
http://kbpedia.org/kko/rc/RoadVehicle_Electric,rdfs:subClassOf,http://kbpedia.org/kko/rc/AutomotiveDevice
http://kbpedia.org/kko/rc/RoadVehicle_Electric,rdfs:subClassOf,owl:Thing
http://kbpedia.org/kko/rc/RoadVehicle_Electric,rdfs:subClassOf,http://kbpedia.org/kko/rc/RoadVehicle
http://kbpedia.org/kko/rc/DeTomasoCar,rdfs:subClassOf,http://kbpedia.org/kko/rc/AlfaRomeoCar
http://kbpedia.org/kko/rc/DeTomasoCar,rdfs:subClassOf,owl:Thing
http://kbpedia.org/kko/rc/DeTomasoCar,rdfs:subClassOf,http://kbpedia.org/kko/rc/SportsCar
http://kbpedia.org/kko/rc/DaihatsuCar,rdfs:subClassOf,http://kbpedia.org/kko/rc/SouthKoreanCar
http://kbpedia.org/kko/rc/DaihatsuCar,rdfs:subClassOf,owl:Thing
http://kbpedia.org/kko/rc/Houxin_FastAttackCraft,rdfs:subClassOf,http://kbpedia.org/kko/rc/FastAttackCraft_Gun
http://kbpedia.org/kko/rc/Houxin_FastAttackCraft,rdfs:subClassOf,owl:Thing
http://kbpedia.org/kko/rc/Houxin_FastAttackCraft,rdfs:subClassOf,http://kbpedia.org/kko/rc/FastAttackCraft_Patrol
http://kbpedia.org/kko/rc/HyundaiTiburonCar,rdfs:subClassOf,http://kbpedia.org/kko/rc/HyundaiCar
http://kbpedia.org/kko/rc/HyundaiTiburonCar,rdfs:subClassOf,owl:Thing
http://kbpedia.org/kko/rc/NervousTissueCell,rdfs:subClassOf,http://kbpedia.org/kko/rc/NerveTissue
http://kbpedia.org/kko/rc/NervousTissueCell,rdfs:subClassOf,owl:Thing
http://kbpedia.org/kko/rc/SchoolBus,rdfs:subClassOf,http://kbpedia.org/kko/rc/Bus_RoadVehicle
http://kbpedia.org/kko/rc/SchoolBus,rdfs:subClassOf,owl:Thing
http://kbpedia.org/kko/rc/ElectricCar,rdfs:subClassOf,http://kbpedia.org/kko/rc/Automobile
http://kbpedia.org/kko/rc/ElectricCar,rdfs:subClassOf,owl:Thing
http://kbpedia.org/kko/rc/ElectricCar,rdfs:subClassOf,http://kbpedia.org/kko/rc/RoadVehicle_ElectricWithBattery
http://kbpedia.org/kko/rc/LandingCraft,rdfs:subClassOf,http://kbpedia.org/kko/rc/AmphibiousWarfareShip
http://kbpedia.org/kko/rc/LandingCraft,rdfs:subClassOf,owl:Thing
http://kbpedia.org/kko/rc/HyundaiExcelCar,rdfs:subClassOf,http://kbpedia.org/kko/rc/HyundaiCar
http://kbpedia.org/kko/rc/HyundaiExcelCar,rdfs:subClassOf,owl:Thing
http://kbpedia.org/kko/rc/ElevatorDoorway,rdfs:subClassOf,http://kbpedia.org/kko/rc/Doorway
http://kbpedia.org/kko/rc/ElevatorDoorway,rdfs:subClassOf,owl:Thing
http://kbpedia.org/kko/rc/ElevatorDoorway,rdfs:subClassOf,http://kbpedia.org/kko/rc/Elevator
http://kbpedia.org/kko/rc/AutoAirbag,rdfs:subClassOf,http://kbpedia.org/kko/rc/AutoPart
http://kbpedia.org/kko/rc/AutoAirbag,rdfs:subClassOf,owl:Thing
http://kbpedia.org/kko/rc/AutoAirbag,rdfs:subClassOf,http://kbpedia.org/kko/rc/PhysicalImpactBuffer
http://kbpedia.org/kko/rc/AutoAirbag,rdfs:subClassOf,http://kbpedia.org/kko/rc/VehicleSafetySystem
http://kbpedia.org/kko/rc/Roma_classIronclad,rdfs:subClassOf,http://kbpedia.org/kko/rc/IroncladWarship
http://kbpedia.org/kko/rc/Roma_classIronclad,rdfs:subClassOf,owl:Thing
http://kbpedia.org/kko/rc/PassengerRailTransport,rdfs:subClassOf,http://kbpedia.org/kko/rc/PassengerTransport
http://kbpedia.org/kko/rc/PassengerRailTransport,rdfs:subClassOf,owl:Thing
http://kbpedia.org/kko/rc/PassengerRailTransport,rdfs:subClassOf,http://kbpedia.org/kko/rc/RailTransport
http://kbpedia.org/kko/rc/WaterMain,rdfs:subClassOf,http://kbpedia.org/kko/rc/PipingSystem_Generic
http://kbpedia.org/kko/rc/WaterMain,rdfs:subClassOf,owl:Thing
http://kbpedia.org/kko/rc/WaterMain,rdfs:subClassOf,http://kbpedia.org/kko/rc/WaterSupplyNetwork
http://kbpedia.org/kko/rc/Gorgon_classMonitor,rdfs:subClassOf,http://kbpedia.org/kko/rc/Monitor
http://kbpedia.org/kko/rc/Gorgon_classMonitor,rdfs:subClassOf,owl:Thing
http://kbpedia.org/kko/rc/U_50_classSubmarine,rdfs:subClassOf,http://kbpedia.org/kko/rc/U_Boat
http://kbpedia.org/kko/rc/U_50_classSubmarine,rdfs:subClassOf,owl:Thing
http://kbpedia.org/kko/rc/Hovercraft,rdfs:subClassOf,http://kbpedia.org/kko/rc/LandingCraft
http://kbpedia.org/kko/rc/Hovercraft,rdfs:subClassOf,owl:Thing
http://kbpedia.org/kko/rc/HomeVideoGameConsole,rdfs:subClassOf,http://kbpedia.org/kko/rc/VideoGameSystem
http://kbpedia.org/kko/rc/HomeVideoGameConsole,rdfs:subClassOf,owl:Thing
http://kbpedia.org/kko/rc/WiFiDirect,rdfs:subClassOf,http://kbpedia.org/kko/rc/WirelessLocalAreaNetwork
http://kbpedia.org/kko/rc/WiFiDirect,rdfs:subClassOf,owl:Thing
http://kbpedia.org/kko/rc/RoadVehicle_ElectricWithBattery,rdfs:subClassOf,http://kbpedia.org/kko/rc/BatteryPoweredDevice
http://kbpedia.org/kko/rc/RoadVehicle_ElectricWithBattery,rdfs:subClassOf,owl:Thing
http://kbpedia.org/kko/rc/RoadVehicle_ElectricWithBattery,rdfs:subClassOf,http://kbpedia.org/kko/rc/RoadVehicle_Electric
http://kbpedia.org/kko/rc/HovercraftOfTheCanadianCoastGuard,rdfs:subClassOf,http://kbpedia.org/kko/rc/Hovercraft
http://kbpedia.org/kko/rc/HovercraftOfTheCanadianCoastGuard,rdfs:subClassOf,owl:Thing
http://kbpedia.org/kko/rc/MainframeComputer,rdfs:subClassOf,http://kbpedia.org/kko/rc/MultipleUserComputer
http://kbpedia.org/kko/rc/MainframeComputer,rdfs:subClassOf,owl:Thing
http://kbpedia.org/kko/rc/AutomotiveFender,rdfs:subClassOf,http://kbpedia.org/kko/rc/VehicleTrimExteriorCovering
http://kbpedia.org/kko/rc/AutomotiveFender,rdfs:subClassOf,owl:Thing
http://kbpedia.org/kko/rc/IBM360Mainframe,rdfs:subClassOf,http://kbpedia.org/kko/rc/MainframeComputer
http://kbpedia.org/kko/rc/IBM360Mainframe,rdfs:subClassOf,owl:Thing
http://kbpedia.org/kko/rc/TreeBark,rdfs:subClassOf,http://kbpedia.org/kko/rc/ExternalAnatomicalPart
http://kbpedia.org/kko/rc/TreeBark,rdfs:subClassOf,owl:Thing
http://kbpedia.org/kko/rc/TreeBark,rdfs:subClassOf,http://kbpedia.org/kko/rc/ForestryByproduct
http://kbpedia.org/kko/rc/TreeBark,rdfs:subClassOf,http://kbpedia.org/kko/rc/ProtectiveSystem
http://kbpedia.org/kko/rc/TreeBark,rdfs:subClassOf,http://kbpedia.org/kko/rc/SpecializedPlantStructures
http://kbpedia.org/kko/rc/WaterPlatform_Surface,rdfs:subClassOf,http://kbpedia.org/kko/rc/MilitaryWatercraft
http://kbpedia.org/kko/rc/WaterPlatform_Surface,rdfs:subClassOf,owl:Thing
http://kbpedia.org/kko/rc/WaterPlatform_Surface,rdfs:subClassOf,http://kbpedia.org/kko/rc/Watercraft_Surface
http://kbpedia.org/kko/rc/LaneOfRoadway,rdfs:subClassOf,http://kbpedia.org/kko/rc/Roadway
http://kbpedia.org/kko/rc/LaneOfRoadway,rdfs:subClassOf,owl:Thing
http://kbpedia.org/kko/rc/SepticSystem,rdfs:subClassOf,http://kbpedia.org/kko/rc/HumanWasteConversionDevice
http://kbpedia.org/kko/rc/SepticSystem,rdfs:subClassOf,owl:Thing
http://kbpedia.org/kko/rc/SepticSystem,rdfs:subClassOf,http://kbpedia.org/kko/rc/PhysicalSystem
http://kbpedia.org/kko/rc/SepticSystem,rdfs:subClassOf,http://kbpedia.org/kko/rc/SystemOfDevices
http://kbpedia.org/kko/rc/SepticSystem,rdfs:subClassOf,http://kbpedia.org/kko/rc/WasteFacility
http://kbpedia.org/kko/rc/SepticSystem,rdfs:subClassOf,http://kbpedia.org/kko/rc/WaterTreatmentSupplyEquipment
http://kbpedia.org/kko/rc/NonMotorizedCycleComponent,rdfs:subClassOf,http://kbpedia.org/kko/rc/TransportationComponentSystem
http://kbpedia.org/kko/rc/NonMotorizedCycleComponent,rdfs:subClassOf,owl:Thing
http://kbpedia.org/kko/rc/Dresden_classCruiser,rdfs:subClassOf,http://kbpedia.org/kko/rc/LightCruiser
http://kbpedia.org/kko/rc/Dresden_classCruiser,rdfs:subClassOf,owl:Thing
http://kbpedia.org/kko/rc/PublicTransportationInSouthernCalifornia,rdfs:subClassOf,http://kbpedia.org/kko/rc/MassTransitSystem
http://kbpedia.org/kko/rc/PublicTransportationInSouthernCalifornia,rdfs:subClassOf,owl:Thing
http://kbpedia.org/kko/rc/Hovertrain,rdfs:subClassOf,http://kbpedia.org/kko/rc/Hovercraft
http://kbpedia.org/kko/rc/Hovertrain,rdfs:subClassOf,owl:Thing
http://kbpedia.org/kko/rc/IBMAptivaComputer,rdfs:subClassOf,http://kbpedia.org/kko/rc/DesktopComputer
http://kbpedia.org/kko/rc/IBMAptivaComputer,rdfs:subClassOf,owl:Thing
http://kbpedia.org/kko/rc/IBMAptivaComputer,rdfs:subClassOf,http://kbpedia.org/kko/rc/IBMComputer
http://kbpedia.org/kko/rc/PennyFarthingBicycle,rdfs:subClassOf,http://kbpedia.org/kko/rc/Bicycle
http://kbpedia.org/kko/rc/PennyFarthingBicycle,rdfs:subClassOf,owl:Thing
http://kbpedia.org/kko/rc/U_107_classSubmarine,rdfs:subClassOf,http://kbpedia.org/kko/rc/U_Boat
http://kbpedia.org/kko/rc/U_107_classSubmarine,rdfs:subClassOf,owl:Thing
http://kbpedia.org/kko/rc/IBMIntellistationComputer,rdfs:subClassOf,http://kbpedia.org/kko/rc/IBMComputer
http://kbpedia.org/kko/rc/IBMIntellistationComputer,rdfs:subClassOf,owl:Thing
http://kbpedia.org/kko/rc/IBMIntellistationComputer,rdfs:subClassOf,http://kbpedia.org/kko/rc/PersonalComputer
http://kbpedia.org/kko/rc/Rolls_RoyceSilverWraithCar,rdfs:subClassOf,http://kbpedia.org/kko/rc/RollsRoyceCar
http://kbpedia.org/kko/rc/Rolls_RoyceSilverWraithCar,rdfs:subClassOf,owl:Thing
http://kbpedia.org/kko/rc/SepticTank,rdfs:subClassOf,http://kbpedia.org/kko/rc/LiquidStorageTank
http://kbpedia.org/kko/rc/SepticTank,rdfs:subClassOf,owl:Thing
http://kbpedia.org/kko/rc/SepticTank,rdfs:subClassOf,http://kbpedia.org/kko/rc/SepticSystem
http://kbpedia.org/kko/rc/SepticTank,rdfs:subClassOf,http://kbpedia.org/kko/rc/Underground
http://kbpedia.org/kko/rc/SepticTank,rdfs:subClassOf,http://kbpedia.org/kko/rc/HumanWasteConversionDevice
http://kbpedia.org/kko/rc/SepticTank,rdfs:subClassOf,http://kbpedia.org/kko/rc/WaterTreatmentSupplyEquipment
http://kbpedia.org/kko/rc/ExtendedVan,rdfs:subClassOf,http://kbpedia.org/kko/rc/Van
http://kbpedia.org/kko/rc/ExtendedVan,rdfs:subClassOf,owl:Thing
http://kbpedia.org/kko/rc/SB2CHelldiver,rdfs:subClassOf,http://kbpedia.org/kko/rc/BomberPlane
http://kbpedia.org/kko/rc/SB2CHelldiver,rdfs:subClassOf,owl:Thing
http://kbpedia.org/kko/rc/SB2CHelldiver,rdfs:subClassOf,http://kbpedia.org/kko/rc/Monoplane
http://kbpedia.org/kko/rc/XboxOne,rdfs:subClassOf,http://kbpedia.org/kko/rc/XBox
http://kbpedia.org/kko/rc/XboxOne,rdfs:subClassOf,owl:Thing
http://kbpedia.org/kko/rc/Dragster,rdfs:subClassOf,http://kbpedia.org/kko/rc/Device_SingleUser
http://kbpedia.org/kko/rc/Dragster,rdfs:subClassOf,owl:Thing
http://kbpedia.org/kko/rc/Dragster,rdfs:subClassOf,http://kbpedia.org/kko/rc/RaceCar
http://kbpedia.org/kko/rc/Dragster,rdfs:subClassOf,http://kbpedia.org/kko/rc/VehiclePart
http://kbpedia.org/kko/rc/DumpTruck,rdfs:subClassOf,http://kbpedia.org/kko/rc/MaterialTransporter
http://kbpedia.org/kko/rc/DumpTruck,rdfs:subClassOf,owl:Thing
http://kbpedia.org/kko/rc/DumpTruck,rdfs:subClassOf,http://kbpedia.org/kko/rc/ProductMaterialTransportVehicle
http://kbpedia.org/kko/rc/DumpTruck,rdfs:subClassOf,http://kbpedia.org/kko/rc/Truck
http://kbpedia.org/kko/rc/ElevatorShaft,rdfs:subClassOf,http://kbpedia.org/kko/rc/Elevator
http://kbpedia.org/kko/rc/ElevatorShaft,rdfs:subClassOf,owl:Thing
http://kbpedia.org/kko/rc/ElevatorShaft,rdfs:subClassOf,http://kbpedia.org/kko/rc/Path_Customary
http://kbpedia.org/kko/rc/ElevatorShaft,rdfs:subClassOf,http://kbpedia.org/kko/rc/SpaceInAFixedHOC
http://kbpedia.org/kko/rc/Bicycle_MultiGear,rdfs:subClassOf,http://kbpedia.org/kko/rc/Bicycle
http://kbpedia.org/kko/rc/Bicycle_MultiGear,rdfs:subClassOf,owl:Thing
http://kbpedia.org/kko/rc/ElectricBicycle,rdfs:subClassOf,http://kbpedia.org/kko/rc/RoadVehicle
http://kbpedia.org/kko/rc/ElectricBicycle,rdfs:subClassOf,owl:Thing
http://kbpedia.org/kko/rc/BritishRailClass47,rdfs:subClassOf,http://kbpedia.org/kko/rc/DieselLocomotive
http://kbpedia.org/kko/rc/BritishRailClass47,rdfs:subClassOf,owl:Thing
http://kbpedia.org/kko/rc/IBMNetfinityComputer,rdfs:subClassOf,http://kbpedia.org/kko/rc/IBMComputer
http://kbpedia.org/kko/rc/IBMNetfinityComputer,rdfs:subClassOf,owl:Thing
http://kbpedia.org/kko/rc/IBMNetfinityComputer,rdfs:subClassOf,http://kbpedia.org/kko/rc/PersonalComputer
http://kbpedia.org/kko/rc/XboxHardware,rdfs:subClassOf,http://kbpedia.org/kko/rc/XBox
http://kbpedia.org/kko/rc/XboxHardware,rdfs:subClassOf,owl:Thing
http://kbpedia.org/kko/rc/GlossariesOfRailTransport,rdfs:subClassOf,http://kbpedia.org/kko/rc/RailTransport
http://kbpedia.org/kko/rc/GlossariesOfRailTransport,rdfs:subClassOf,owl:Thing
http://kbpedia.org/kko/rc/NaturalKillerCell,rdfs:subClassOf,http://kbpedia.org/kko/rc/Lymphocyte
http://kbpedia.org/kko/rc/NaturalKillerCell,rdfs:subClassOf,owl:Thing
http://kbpedia.org/kko/rc/Rolls_RoyceArmouredCar,rdfs:subClassOf,http://kbpedia.org/kko/rc/ArmoredCar
http://kbpedia.org/kko/rc/Rolls_RoyceArmouredCar,rdfs:subClassOf,owl:Thing
http://kbpedia.org/kko/rc/JunkersJu87,rdfs:subClassOf,http://kbpedia.org/kko/rc/GroundAttackAircraft
http://kbpedia.org/kko/rc/JunkersJu87,rdfs:subClassOf,owl:Thing
http://kbpedia.org/kko/rc/WirelessLocalAreaNetwork,rdfs:subClassOf,http://kbpedia.org/kko/rc/LocalAreaNetwork
http://kbpedia.org/kko/rc/WirelessLocalAreaNetwork,rdfs:subClassOf,owl:Thing
http://kbpedia.org/kko/rc/FunctionalSystem,rdfs:subClassOf,http://kbpedia.org/kko/rc/System
http://kbpedia.org/kko/rc/FunctionalSystem,rdfs:subClassOf,owl:Thing
http://kbpedia.org/kko/rc/U_3_classSubmarine_Austria_Hungary,rdfs:subClassOf,http://kbpedia.org/kko/rc/U_Boat
http://kbpedia.org/kko/rc/U_3_classSubmarine_Austria_Hungary,rdfs:subClassOf,owl:Thing
http://kbpedia.org/kko/rc/LotusCar,rdfs:subClassOf,http://kbpedia.org/kko/rc/EnglishCar
http://kbpedia.org/kko/rc/LotusCar,rdfs:subClassOf,owl:Thing
http://kbpedia.org/kko/rc/SCUBA,rdfs:subClassOf,http://kbpedia.org/kko/rc/ScubaGear
http://kbpedia.org/kko/rc/SCUBA,rdfs:subClassOf,owl:Thing
http://kbpedia.org/kko/rc/SCUBA,rdfs:subClassOf,http://kbpedia.org/kko/rc/SelfContainedBreathingApparatus
http://kbpedia.org/kko/rc/U_52_classSubmarine,rdfs:subClassOf,http://kbpedia.org/kko/rc/U_Boat
http://kbpedia.org/kko/rc/U_52_classSubmarine,rdfs:subClassOf,owl:Thing
http://kbpedia.org/kko/rc/OpticNerve,rdfs:subClassOf,http://kbpedia.org/kko/rc/CranialNerve
http://kbpedia.org/kko/rc/OpticNerve,rdfs:subClassOf,owl:Thing
http://kbpedia.org/kko/rc/OpticNerve,rdfs:subClassOf,http://kbpedia.org/kko/rc/SensoryNerve
http://kbpedia.org/kko/rc/LotusEspritCar,rdfs:subClassOf,http://kbpedia.org/kko/rc/LotusCar
http://kbpedia.org/kko/rc/LotusEspritCar,rdfs:subClassOf,owl:Thing
http://kbpedia.org/kko/rc/Trento_classCruiser,rdfs:subClassOf,http://kbpedia.org/kko/rc/Cruiser
http://kbpedia.org/kko/rc/Trento_classCruiser,rdfs:subClassOf,owl:Thing
http://kbpedia.org/kko/rc/SECRKandSRK1Class,rdfs:subClassOf,http://kbpedia.org/kko/rc/TrainEngine
http://kbpedia.org/kko/rc/SECRKandSRK1Class,rdfs:subClassOf,owl:Thing
http://kbpedia.org/kko/rc/Howitzer_SelfPropelled,rdfs:subClassOf,http://kbpedia.org/kko/rc/Artillery_SelfPropelled
http://kbpedia.org/kko/rc/Howitzer_SelfPropelled,rdfs:subClassOf,owl:Thing
http://kbpedia.org/kko/rc/Howitzer_SelfPropelled,rdfs:subClassOf,http://kbpedia.org/kko/rc/Howitzer
http://kbpedia.org/kko/rc/MailServer_Network,rdfs:subClassOf,http://kbpedia.org/kko/rc/ComputerServer
http://kbpedia.org/kko/rc/MailServer_Network,rdfs:subClassOf,owl:Thing
http://kbpedia.org/kko/rc/CombinationLock,rdfs:subClassOf,http://kbpedia.org/kko/rc/Lock
http://kbpedia.org/kko/rc/CombinationLock,rdfs:subClassOf,owl:Thing
http://kbpedia.org/kko/rc/TandyComputer,rdfs:subClassOf,http://kbpedia.org/kko/rc/PersonalComputer
http://kbpedia.org/kko/rc/TandyComputer,rdfs:subClassOf,owl:Thing
http://kbpedia.org/kko/rc/DeSotoVehicle,rdfs:subClassOf,http://kbpedia.org/kko/rc/ChryslerCar
http://kbpedia.org/kko/rc/DeSotoVehicle,rdfs:subClassOf,owl:Thing
http://kbpedia.org/kko/rc/U_10_classSubmarine,rdfs:subClassOf,http://kbpedia.org/kko/rc/U_Boat
http://kbpedia.org/kko/rc/U_10_classSubmarine,rdfs:subClassOf,owl:Thing
http://kbpedia.org/kko/rc/IMAPServer_Network,rdfs:subClassOf,http://kbpedia.org/kko/rc/MailServer_Network
http://kbpedia.org/kko/rc/IMAPServer_Network,rdfs:subClassOf,owl:Thing
http://kbpedia.org/kko/rc/ElvaCar,rdfs:subClassOf,http://kbpedia.org/kko/rc/EnglishCar
http://kbpedia.org/kko/rc/ElvaCar,rdfs:subClassOf,owl:Thing
http://kbpedia.org/kko/rc/ElvaCar,rdfs:subClassOf,http://kbpedia.org/kko/rc/SportsCar
http://kbpedia.org/kko/rc/AutoCombinationLock,rdfs:subClassOf,http://kbpedia.org/kko/rc/AutoPowerDoorLock
http://kbpedia.org/kko/rc/AutoCombinationLock,rdfs:subClassOf,owl:Thing
http://kbpedia.org/kko/rc/AutoCombinationLock,rdfs:subClassOf,http://kbpedia.org/kko/rc/CombinationLock
http://kbpedia.org/kko/rc/LotusEuropaCar,rdfs:subClassOf,http://kbpedia.org/kko/rc/LotusCar
http://kbpedia.org/kko/rc/LotusEuropaCar,rdfs:subClassOf,owl:Thing
http://kbpedia.org/kko/rc/Van,rdfs:subClassOf,http://kbpedia.org/kko/rc/AutomobileTypeByBodyStyle
http://kbpedia.org/kko/rc/Van,rdfs:subClassOf,owl:Thing
http://kbpedia.org/kko/rc/Van,rdfs:subClassOf,http://kbpedia.org/kko/rc/Automobile_GasolineEngine
http://kbpedia.org/kko/rc/PublicTransportInformationSystem,rdfs:subClassOf,http://kbpedia.org/kko/rc/InformationSystem
http://kbpedia.org/kko/rc/PublicTransportInformationSystem,rdfs:subClassOf,owl:Thing
http://kbpedia.org/kko/rc/PublicTransportInformationSystem,rdfs:subClassOf,http://kbpedia.org/kko/rc/MassTransitSystem
http://kbpedia.org/kko/rc/U_20_classSubmarine,rdfs:subClassOf,http://kbpedia.org/kko/rc/U_Boat
http://kbpedia.org/kko/rc/U_20_classSubmarine,rdfs:subClassOf,owl:Thing
http://kbpedia.org/kko/rc/RollsRoyceVehicle,rdfs:subClassOf,http://kbpedia.org/kko/rc/RollsRoyceCar
http://kbpedia.org/kko/rc/RollsRoyceVehicle,rdfs:subClassOf,owl:Thing
http://kbpedia.org/kko/rc/U_5_classSubmarine_Austria_Hungary,rdfs:subClassOf,http://kbpedia.org/kko/rc/U_Boat
http://kbpedia.org/kko/rc/U_5_classSubmarine_Austria_Hungary,rdfs:subClassOf,owl:Thing
http://kbpedia.org/kko/rc/Howitzer_155mmSelfPropelled,rdfs:subClassOf,http://kbpedia.org/kko/rc/Howitzer_155mm
http://kbpedia.org/kko/rc/Howitzer_155mmSelfPropelled,rdfs:subClassOf,owl:Thing
http://kbpedia.org/kko/rc/Howitzer_155mmSelfPropelled,rdfs:subClassOf,http://kbpedia.org/kko/rc/Howitzer_SelfPropelled
http://kbpedia.org/kko/rc/AutoEngine,rdfs:subClassOf,http://kbpedia.org/kko/rc/MechanicalAutoPart
http://kbpedia.org/kko/rc/AutoEngine,rdfs:subClassOf,owl:Thing
http://kbpedia.org/kko/rc/AutoEngine,rdfs:subClassOf,http://kbpedia.org/kko/rc/TransportationComponentSystem
http://kbpedia.org/kko/rc/PublicTransportFareCollection,rdfs:subClassOf,http://kbpedia.org/kko/rc/MassTransitSystem
http://kbpedia.org/kko/rc/PublicTransportFareCollection,rdfs:subClassOf,owl:Thing
http://kbpedia.org/kko/rc/PublicTransportFareCollection,rdfs:subClassOf,http://kbpedia.org/kko/rc/TransportService
http://kbpedia.org/kko/rc/Patria_AMV,rdfs:subClassOf,http://kbpedia.org/kko/rc/ArmoredMortarVehicle
http://kbpedia.org/kko/rc/Patria_AMV,rdfs:subClassOf,owl:Thing
http://kbpedia.org/kko/rc/PublicWaterSystem,rdfs:subClassOf,http://kbpedia.org/kko/rc/MechanicalDevice
http://kbpedia.org/kko/rc/PublicWaterSystem,rdfs:subClassOf,owl:Thing
http://kbpedia.org/kko/rc/PublicWaterSystem,rdfs:subClassOf,http://kbpedia.org/kko/rc/PipingSystem_Generic
http://kbpedia.org/kko/rc/PublicWaterSystem,rdfs:subClassOf,http://kbpedia.org/kko/rc/WaterSupplyNetwork
http://kbpedia.org/kko/rc/PortableStereoSystem,rdfs:subClassOf,http://kbpedia.org/kko/rc/PortableAudioEquipment
http://kbpedia.org/kko/rc/PortableStereoSystem,rdfs:subClassOf,owl:Thing
http://kbpedia.org/kko/rc/PortableStereoSystem,rdfs:subClassOf,http://kbpedia.org/kko/rc/StereoSystem
http://kbpedia.org/kko/rc/AutoCarrierTruck,rdfs:subClassOf,http://kbpedia.org/kko/rc/Truck
http://kbpedia.org/kko/rc/AutoCarrierTruck,rdfs:subClassOf,owl:Thing
http://kbpedia.org/kko/rc/BabyWalker,rdfs:subClassOf,http://kbpedia.org/kko/rc/Device_UserPowered
http://kbpedia.org/kko/rc/BabyWalker,rdfs:subClassOf,owl:Thing
http://kbpedia.org/kko/rc/BabyWalker,rdfs:subClassOf,http://kbpedia.org/kko/rc/TransportationContainerProduct
http://kbpedia.org/kko/rc/BabyWalker,rdfs:subClassOf,http://kbpedia.org/kko/rc/WheeledTransportationDevice
http://kbpedia.org/kko/rc/OldsmobileCar,rdfs:subClassOf,http://kbpedia.org/kko/rc/GMAutomobile
http://kbpedia.org/kko/rc/OldsmobileCar,rdfs:subClassOf,owl:Thing
http://kbpedia.org/kko/rc/AcerComputer,rdfs:subClassOf,http://kbpedia.org/kko/rc/PersonalComputer
http://kbpedia.org/kko/rc/AcerComputer,rdfs:subClassOf,owl:Thing
http://kbpedia.org/kko/rc/AncientRoadway,rdfs:subClassOf,http://kbpedia.org/kko/rc/Roadway
http://kbpedia.org/kko/rc/AncientRoadway,rdfs:subClassOf,owl:Thing
http://kbpedia.org/kko/rc/Oldsmobile98Car,rdfs:subClassOf,http://kbpedia.org/kko/rc/OldsmobileCar
http://kbpedia.org/kko/rc/Oldsmobile98Car,rdfs:subClassOf,owl:Thing
http://kbpedia.org/kko/rc/IPhone4S,rdfs:subClassOf,http://kbpedia.org/kko/rc/IPhone_AppleCellphone
http://kbpedia.org/kko/rc/IPhone4S,rdfs:subClassOf,owl:Thing
http://kbpedia.org/kko/rc/Truck,rdfs:subClassOf,http://kbpedia.org/kko/rc/RoadVehicle_InternalCombustionEngine
http://kbpedia.org/kko/rc/Truck,rdfs:subClassOf,owl:Thing
http://kbpedia.org/kko/rc/Truck,rdfs:subClassOf,http://kbpedia.org/kko/rc/WheeledTransportationDevice
http://kbpedia.org/kko/rc/Truck,rdfs:subClassOf,http://kbpedia.org/kko/rc/RoadVehicle
http://kbpedia.org/kko/rc/TankerAircraft,rdfs:subClassOf,http://kbpedia.org/kko/rc/CargoAirplane
http://kbpedia.org/kko/rc/TankerAircraft,rdfs:subClassOf,owl:Thing
http://kbpedia.org/kko/rc/BuddMetroliner,rdfs:subClassOf,http://kbpedia.org/kko/rc/TrainEngine
http://kbpedia.org/kko/rc/BuddMetroliner,rdfs:subClassOf,owl:Thing
http://kbpedia.org/kko/rc/GreatAuricularNerve,rdfs:subClassOf,http://kbpedia.org/kko/rc/Nerve
http://kbpedia.org/kko/rc/GreatAuricularNerve,rdfs:subClassOf,owl:Thing
http://kbpedia.org/kko/rc/BabySoftCarrier,rdfs:subClassOf,http://kbpedia.org/kko/rc/BabyCarrier
http://kbpedia.org/kko/rc/BabySoftCarrier,rdfs:subClassOf,owl:Thing
http://kbpedia.org/kko/rc/PortableAudioEquipment,rdfs:subClassOf,http://kbpedia.org/kko/rc/AudioSystem
http://kbpedia.org/kko/rc/PortableAudioEquipment,rdfs:subClassOf,owl:Thing
http://kbpedia.org/kko/rc/PortableAudioEquipment,rdfs:subClassOf,http://kbpedia.org/kko/rc/BatteryPoweredDevice
http://kbpedia.org/kko/rc/Lock,rdfs:subClassOf,http://kbpedia.org/kko/rc/AntiTheftDevice
http://kbpedia.org/kko/rc/Lock,rdfs:subClassOf,owl:Thing
http://kbpedia.org/kko/rc/Lock,rdfs:subClassOf,http://kbpedia.org/kko/rc/MechanicalDevice
http://kbpedia.org/kko/rc/Wiesbaden_classCruiser,rdfs:subClassOf,http://kbpedia.org/kko/rc/Cruiser
http://kbpedia.org/kko/rc/Wiesbaden_classCruiser,rdfs:subClassOf,owl:Thing
http://kbpedia.org/kko/rc/System,rdfs:subClassOf,http://kbpedia.org/ontologies/kko#Systems
http://kbpedia.org/kko/rc/System,rdfs:subClassOf,owl:Thing
http://kbpedia.org/kko/rc/DeTomasoPanteraCar,rdfs:subClassOf,http://kbpedia.org/kko/rc/DeTomasoCar
http://kbpedia.org/kko/rc/DeTomasoPanteraCar,rdfs:subClassOf,owl:Thing
http://kbpedia.org/kko/rc/OldsmobileAuroraCar,rdfs:subClassOf,http://kbpedia.org/kko/rc/OldsmobileCar
http://kbpedia.org/kko/rc/OldsmobileAuroraCar,rdfs:subClassOf,owl:Thing
http://kbpedia.org/kko/rc/SG_1000,rdfs:subClassOf,http://kbpedia.org/kko/rc/HomeVideoGameMachine
http://kbpedia.org/kko/rc/SG_1000,rdfs:subClassOf,owl:Thing
http://kbpedia.org/kko/rc/LymphFluid,rdfs:subClassOf,http://kbpedia.org/kko/rc/InterstitialFluid
http://kbpedia.org/kko/rc/LymphFluid,rdfs:subClassOf,owl:Thing
http://kbpedia.org/kko/rc/LymphFluid,rdfs:subClassOf,http://kbpedia.org/kko/rc/LymphaticSystem
http://kbpedia.org/kko/rc/LymphFluid,rdfs:subClassOf,http://kbpedia.org/kko/rc/Mixture
http://kbpedia.org/kko/rc/LymphFluid,rdfs:subClassOf,http://kbpedia.org/kko/rc/BodilyFluid
http://kbpedia.org/kko/rc/IPhone5,rdfs:subClassOf,http://kbpedia.org/kko/rc/IPhone_AppleCellphone
http://kbpedia.org/kko/rc/IPhone5,rdfs:subClassOf,owl:Thing
http://kbpedia.org/kko/rc/AutoPowerDoorLock,rdfs:subClassOf,http://kbpedia.org/kko/rc/AutoPart
http://kbpedia.org/kko/rc/AutoPowerDoorLock,rdfs:subClassOf,owl:Thing
http://kbpedia.org/kko/rc/AutoPowerDoorLock,rdfs:subClassOf,http://kbpedia.org/kko/rc/AutomotiveDevice
http://kbpedia.org/kko/rc/AutoPowerDoorLock,rdfs:subClassOf,http://kbpedia.org/kko/rc/Lock
http://kbpedia.org/kko/rc/BACTSR_2,rdfs:subClassOf,http://kbpedia.org/kko/rc/BritishMilitaryReconnaissanceAircraft
http://kbpedia.org/kko/rc/BACTSR_2,rdfs:subClassOf,owl:Thing
http://kbpedia.org/kko/rc/BACTSR_2,rdfs:subClassOf,http://kbpedia.org/kko/rc/FighterAttackPlane
http://kbpedia.org/kko/rc/BACTSR_2,rdfs:subClassOf,http://kbpedia.org/kko/rc/MilitaryAircraft
http://kbpedia.org/kko/rc/Trawler,rdfs:subClassOf,http://kbpedia.org/kko/rc/CommercialFishingBoat
http://kbpedia.org/kko/rc/Trawler,rdfs:subClassOf,owl:Thing
http://kbpedia.org/kko/rc/Trawler,rdfs:subClassOf,http://kbpedia.org/kko/rc/Ship
http://kbpedia.org/kko/rc/Trawler,rdfs:subClassOf,http://kbpedia.org/kko/rc/CommercialMarineCraft
http://kbpedia.org/kko/rc/WikiFarm,rdfs:subClassOf,http://kbpedia.org/kko/rc/ComputerServer
http://kbpedia.org/kko/rc/WikiFarm,rdfs:subClassOf,owl:Thing
http://kbpedia.org/kko/rc/SystemOfDevices,rdfs:subClassOf,http://kbpedia.org/kko/rc/AppliedTechnology
http://kbpedia.org/kko/rc/SystemOfDevices,rdfs:subClassOf,owl:Thing
http://kbpedia.org/kko/rc/SystemOfDevices,rdfs:subClassOf,http://kbpedia.org/kko/rc/FunctionalSystem
http://kbpedia.org/kko/rc/OldsmobileBravadaCar,rdfs:subClassOf,http://kbpedia.org/kko/rc/OldsmobileCar
http://kbpedia.org/kko/rc/OldsmobileBravadaCar,rdfs:subClassOf,owl:Thing
http://kbpedia.org/kko/rc/Ambulance,rdfs:subClassOf,http://kbpedia.org/kko/rc/RescueVehicle
http://kbpedia.org/kko/rc/Ambulance,rdfs:subClassOf,owl:Thing
http://kbpedia.org/kko/rc/Ambulance,rdfs:subClassOf,http://kbpedia.org/kko/rc/RoadVehicle_GasolineEngine
http://kbpedia.org/kko/rc/Ambulance,rdfs:subClassOf,http://kbpedia.org/kko/rc/SpecialPurposeVehicle
http://kbpedia.org/kko/rc/Ambulance,rdfs:subClassOf,http://kbpedia.org/kko/rc/WheeledTransportationDevice
http://kbpedia.org/kko/rc/Ambulance,rdfs:subClassOf,http://kbpedia.org/kko/rc/SafetyRescueVehicle
http://kbpedia.org/kko/rc/PersonalAudioPlayer,rdfs:subClassOf,http://kbpedia.org/kko/rc/Device_SingleUser
http://kbpedia.org/kko/rc/PersonalAudioPlayer,rdfs:subClassOf,owl:Thing
http://kbpedia.org/kko/rc/PersonalAudioPlayer,rdfs:subClassOf,http://kbpedia.org/kko/rc/MediaPlayingDevice
http://kbpedia.org/kko/rc/PersonalAudioPlayer,rdfs:subClassOf,http://kbpedia.org/kko/rc/PortableAudioEquipment
http://kbpedia.org/kko/rc/TransportationComponentSystem,rdfs:subClassOf,http://kbpedia.org/kko/rc/SystemOfDevices
http://kbpedia.org/kko/rc/TransportationComponentSystem,rdfs:subClassOf,owl:Thing
http://kbpedia.org/kko/rc/TransportationComponentSystem,rdfs:subClassOf,http://kbpedia.org/kko/rc/TransportationProduct
http://kbpedia.org/kko/rc/TabletComputer,rdfs:subClassOf,http://kbpedia.org/kko/rc/BatteryPoweredDevice
http://kbpedia.org/kko/rc/TabletComputer,rdfs:subClassOf,owl:Thing
http://kbpedia.org/kko/rc/TabletComputer,rdfs:subClassOf,http://kbpedia.org/kko/rc/PersonalComputer
http://kbpedia.org/kko/rc/TabletComputer,rdfs:subClassOf,http://kbpedia.org/kko/rc/SingleUserComputer
http://kbpedia.org/kko/rc/EurotunnelLocomotive,rdfs:subClassOf,http://kbpedia.org/kko/rc/TrainEngine
http://kbpedia.org/kko/rc/EurotunnelLocomotive,rdfs:subClassOf,owl:Thing
http://kbpedia.org/kko/rc/TransportationContainerProduct,rdfs:subClassOf,http://kbpedia.org/kko/rc/ContainerArtifact
http://kbpedia.org/kko/rc/TransportationContainerProduct,rdfs:subClassOf,owl:Thing
http://kbpedia.org/kko/rc/TransportationContainerProduct,rdfs:subClassOf,http://kbpedia.org/kko/rc/Conveyance
http://kbpedia.org/kko/rc/TransportationContainerProduct,rdfs:subClassOf,http://kbpedia.org/kko/rc/TransportationComponentSystem
http://kbpedia.org/kko/rc/MuscleCar,rdfs:subClassOf,http://kbpedia.org/kko/rc/AutomobileTypeByBodyStyle
http://kbpedia.org/kko/rc/MuscleCar,rdfs:subClassOf,owl:Thing
http://kbpedia.org/kko/rc/MuscleCar,rdfs:subClassOf,http://kbpedia.org/kko/rc/Automobile_GasolineEngine
http://kbpedia.org/kko/rc/DieselLocomotive,rdfs:subClassOf,http://kbpedia.org/kko/rc/TrainEngine
http://kbpedia.org/kko/rc/DieselLocomotive,rdfs:subClassOf,owl:Thing
http://kbpedia.org/kko/rc/UkrainianCargoAircraft,rdfs:subClassOf,http://kbpedia.org/kko/rc/CargoAirplane
http://kbpedia.org/kko/rc/UkrainianCargoAircraft,rdfs:subClassOf,owl:Thing
http://kbpedia.org/kko/rc/StereoSystem,rdfs:subClassOf,http://kbpedia.org/kko/rc/AudioSystem
http://kbpedia.org/kko/rc/StereoSystem,rdfs:subClassOf,owl:Thing
http://kbpedia.org/kko/rc/StereoSystem,rdfs:subClassOf,http://kbpedia.org/kko/rc/Stereophonic
http://kbpedia.org/kko/rc/BiplaneFighter,rdfs:subClassOf,http://kbpedia.org/kko/rc/Biplane
http://kbpedia.org/kko/rc/BiplaneFighter,rdfs:subClassOf,owl:Thing
http://kbpedia.org/kko/rc/BiplaneFighter,rdfs:subClassOf,http://kbpedia.org/kko/rc/FighterPlane
http://kbpedia.org/kko/rc/IPhone5S,rdfs:subClassOf,http://kbpedia.org/kko/rc/IPhone_AppleCellphone
http://kbpedia.org/kko/rc/IPhone5S,rdfs:subClassOf,owl:Thing
http://kbpedia.org/kko/rc/NameServer_Network,rdfs:subClassOf,http://kbpedia.org/kko/rc/ComputerServer
http://kbpedia.org/kko/rc/NameServer_Network,rdfs:subClassOf,owl:Thing
http://kbpedia.org/kko/rc/NameServer_Network,rdfs:subClassOf,http://kbpedia.org/kko/rc/ServerProgram
http://kbpedia.org/kko/rc/TankLandingShip,rdfs:subClassOf,http://kbpedia.org/kko/rc/AmphibiousWarfareShip
http://kbpedia.org/kko/rc/TankLandingShip,rdfs:subClassOf,owl:Thing
http://kbpedia.org/kko/rc/Leopard2,rdfs:subClassOf,http://kbpedia.org/kko/rc/Tank_Vehicle
http://kbpedia.org/kko/rc/Leopard2,rdfs:subClassOf,owl:Thing
http://kbpedia.org/kko/rc/DeTomasoMangustaCar,rdfs:subClassOf,http://kbpedia.org/kko/rc/DeTomasoCar
http://kbpedia.org/kko/rc/DeTomasoMangustaCar,rdfs:subClassOf,owl:Thing
http://kbpedia.org/kko/rc/RoadVehicle_GasolineEngine,rdfs:subClassOf,http://kbpedia.org/kko/rc/RoadVehicle_InternalCombustionEngine
http://kbpedia.org/kko/rc/RoadVehicle_GasolineEngine,rdfs:subClassOf,owl:Thing
http://kbpedia.org/kko/rc/BritishRailClass700,rdfs:subClassOf,http://kbpedia.org/kko/rc/TrainEngine
http://kbpedia.org/kko/rc/BritishRailClass700,rdfs:subClassOf,owl:Thing
http://kbpedia.org/kko/rc/IPhoneAccessory,rdfs:subClassOf,http://kbpedia.org/kko/rc/IPhone_AppleCellphone
http://kbpedia.org/kko/rc/IPhoneAccessory,rdfs:subClassOf,owl:Thing
http://kbpedia.org/kko/rc/NetworkFlowSystem_Bounded,rdfs:subClassOf,http://kbpedia.org/kko/rc/BoundedDirectedAcyclicGraph
http://kbpedia.org/kko/rc/NetworkFlowSystem_Bounded,rdfs:subClassOf,owl:Thing
http://kbpedia.org/kko/rc/CitroenCar,rdfs:subClassOf,http://kbpedia.org/kko/rc/FrenchCar
http://kbpedia.org/kko/rc/CitroenCar,rdfs:subClassOf,owl:Thing
http://kbpedia.org/kko/rc/ExteriorVehicleLighting,rdfs:subClassOf,http://kbpedia.org/kko/rc/TransportationComponentSystem
http://kbpedia.org/kko/rc/ExteriorVehicleLighting,rdfs:subClassOf,owl:Thing
http://kbpedia.org/kko/rc/BritishShipsBuiltInSingapore,rdfs:subClassOf,http://kbpedia.org/kko/rc/ModernNavalShip
http://kbpedia.org/kko/rc/BritishShipsBuiltInSingapore,rdfs:subClassOf,owl:Thing
http://kbpedia.org/kko/rc/MusculocutaneousNerve,rdfs:subClassOf,http://kbpedia.org/kko/rc/Nerve
http://kbpedia.org/kko/rc/MusculocutaneousNerve,rdfs:subClassOf,owl:Thing
http://kbpedia.org/kko/rc/IPod,rdfs:subClassOf,http://kbpedia.org/kko/rc/DigitalAudioFilePlayer
http://kbpedia.org/kko/rc/IPod,rdfs:subClassOf,owl:Thing
http://kbpedia.org/kko/rc/IPod,rdfs:subClassOf,http://kbpedia.org/kko/rc/PersonalAudioPlayer
http://kbpedia.org/kko/rc/Bucentaur,rdfs:subClassOf,http://kbpedia.org/kko/rc/Barge
http://kbpedia.org/kko/rc/Bucentaur,rdfs:subClassOf,owl:Thing
http://kbpedia.org/kko/rc/GlossopharyngealNerve,rdfs:subClassOf,http://kbpedia.org/kko/rc/CranialNerve
http://kbpedia.org/kko/rc/GlossopharyngealNerve,rdfs:subClassOf,owl:Thing
http://kbpedia.org/kko/rc/GlossopharyngealNerve,rdfs:subClassOf,http://kbpedia.org/kko/rc/SensoryMotorNerve
http://kbpedia.org/kko/rc/WatercraftComponent,rdfs:subClassOf,http://kbpedia.org/kko/rc/Watercraft
http://kbpedia.org/kko/rc/WatercraftComponent,rdfs:subClassOf,owl:Thing
http://kbpedia.org/kko/rc/ACAcecaCar,rdfs:subClassOf,http://kbpedia.org/kko/rc/EnglishCar
http://kbpedia.org/kko/rc/ACAcecaCar,rdfs:subClassOf,owl:Thing
http://kbpedia.org/kko/rc/LymphaticTissue,rdfs:subClassOf,http://kbpedia.org/kko/rc/LymphaticSystem
http://kbpedia.org/kko/rc/LymphaticTissue,rdfs:subClassOf,owl:Thing
http://kbpedia.org/kko/rc/IPad_3rdGeneration,rdfs:subClassOf,http://kbpedia.org/kko/rc/IPad
http://kbpedia.org/kko/rc/IPad_3rdGeneration,rdfs:subClassOf,owl:Thing
http://kbpedia.org/kko/rc/WomensToteBag,rdfs:subClassOf,http://kbpedia.org/kko/rc/PurseHandbagBag
http://kbpedia.org/kko/rc/WomensToteBag,rdfs:subClassOf,owl:Thing
http://kbpedia.org/kko/rc/NetworkInformationSystem,rdfs:subClassOf,http://kbpedia.org/kko/rc/InformationSystem
http://kbpedia.org/kko/rc/NetworkInformationSystem,rdfs:subClassOf,owl:Thing
http://kbpedia.org/kko/rc/PatrolBoat,rdfs:subClassOf,http://kbpedia.org/kko/rc/Boat
http://kbpedia.org/kko/rc/PatrolBoat,rdfs:subClassOf,owl:Thing
http://kbpedia.org/kko/rc/PatrolBoat,rdfs:subClassOf,http://kbpedia.org/kko/rc/PatrolWatercraft
http://kbpedia.org/kko/rc/Windshield,rdfs:subClassOf,http://kbpedia.org/kko/rc/AutomobileWindow
http://kbpedia.org/kko/rc/Windshield,rdfs:subClassOf,owl:Thing
http://kbpedia.org/kko/rc/Windshield,rdfs:subClassOf,http://kbpedia.org/kko/rc/TransportationComponentSystem
http://kbpedia.org/kko/rc/IPodAccessory,rdfs:subClassOf,http://kbpedia.org/kko/rc/IPod
http://kbpedia.org/kko/rc/IPodAccessory,rdfs:subClassOf,owl:Thing
http://kbpedia.org/kko/rc/Elevator,rdfs:subClassOf,http://kbpedia.org/kko/rc/LiftingEquipment
http://kbpedia.org/kko/rc/Elevator,rdfs:subClassOf,owl:Thing
http://kbpedia.org/kko/rc/Elevator,rdfs:subClassOf,http://kbpedia.org/kko/rc/MechanicalDevice
http://kbpedia.org/kko/rc/Elevator,rdfs:subClassOf,http://kbpedia.org/kko/rc/NonAutomotiveTransportDevice
http://kbpedia.org/kko/rc/Elevator,rdfs:subClassOf,http://kbpedia.org/kko/rc/RoomInAConstruction
http://kbpedia.org/kko/rc/Elevator,rdfs:subClassOf,http://kbpedia.org/kko/rc/TransportationContainerProduct
http://kbpedia.org/kko/rc/Elevator,rdfs:subClassOf,http://kbpedia.org/kko/rc/PartOfBuilding
http://kbpedia.org/kko/rc/LowRiderCar,rdfs:subClassOf,http://kbpedia.org/kko/rc/AutomobileTypeByBodyStyle
http://kbpedia.org/kko/rc/LowRiderCar,rdfs:subClassOf,owl:Thing
http://kbpedia.org/kko/rc/IPodSoftware,rdfs:subClassOf,http://kbpedia.org/kko/rc/IPod
http://kbpedia.org/kko/rc/IPodSoftware,rdfs:subClassOf,owl:Thing
http://kbpedia.org/kko/rc/Hydra_classIronclad,rdfs:subClassOf,http://kbpedia.org/kko/rc/IroncladWarship
http://kbpedia.org/kko/rc/Hydra_classIronclad,rdfs:subClassOf,owl:Thing
http://kbpedia.org/kko/rc/RoadVehicle_InternalCombustionEngine,rdfs:subClassOf,http://kbpedia.org/kko/rc/InternalCombustionPoweredDevice
http://kbpedia.org/kko/rc/RoadVehicle_InternalCombustionEngine,rdfs:subClassOf,owl:Thing
http://kbpedia.org/kko/rc/RoadVehicle_InternalCombustionEngine,rdfs:subClassOf,http://kbpedia.org/kko/rc/RoadVehicle
http://kbpedia.org/kko/rc/OldsmobileCustomCruiserCar,rdfs:subClassOf,http://kbpedia.org/kko/rc/OldsmobileCar
http://kbpedia.org/kko/rc/OldsmobileCustomCruiserCar,rdfs:subClassOf,owl:Thing
http://kbpedia.org/kko/rc/SRLeaderclass,rdfs:subClassOf,http://kbpedia.org/kko/rc/TrainEngine
http://kbpedia.org/kko/rc/SRLeaderclass,rdfs:subClassOf,owl:Thing
http://kbpedia.org/kko/rc/U_turn,rdfs:subClassOf,http://kbpedia.org/kko/rc/Translation_LocationChange
http://kbpedia.org/kko/rc/U_turn,rdfs:subClassOf,owl:Thing
http://kbpedia.org/kko/rc/U_turn,rdfs:subClassOf,http://kbpedia.org/kko/rc/TransportVia_RoadVehicle
http://kbpedia.org/kko/rc/RingNetwork,rdfs:subClassOf,http://kbpedia.org/kko/rc/ComputerNetwork
http://kbpedia.org/kko/rc/RingNetwork,rdfs:subClassOf,owl:Thing
http://kbpedia.org/kko/rc/MetalPallet,rdfs:subClassOf,http://kbpedia.org/kko/rc/Pallet
http://kbpedia.org/kko/rc/MetalPallet,rdfs:subClassOf,owl:Thing
http://kbpedia.org/kko/rc/LymphoidOrgan,rdfs:subClassOf,http://kbpedia.org/kko/rc/LymphaticSystem
http://kbpedia.org/kko/rc/LymphoidOrgan,rdfs:subClassOf,owl:Thing
http://kbpedia.org/kko/rc/ChevroletLuminaAPVCar,rdfs:subClassOf,http://kbpedia.org/kko/rc/ChevroletCar
http://kbpedia.org/kko/rc/ChevroletLuminaAPVCar,rdfs:subClassOf,owl:Thing
http://kbpedia.org/kko/rc/AutomotiveWindow,rdfs:subClassOf,http://kbpedia.org/kko/rc/Windshield
http://kbpedia.org/kko/rc/AutomotiveWindow,rdfs:subClassOf,owl:Thing
http://kbpedia.org/kko/rc/OldsmobileCutlassSupremeCar,rdfs:subClassOf,http://kbpedia.org/kko/rc/OldsmobileCar
http://kbpedia.org/kko/rc/OldsmobileCutlassSupremeCar,rdfs:subClassOf,owl:Thing
http://kbpedia.org/kko/rc/ChevroletBiscayneCar,rdfs:subClassOf,http://kbpedia.org/kko/rc/ChevroletCar
http://kbpedia.org/kko/rc/ChevroletBiscayneCar,rdfs:subClassOf,owl:Thing
http://kbpedia.org/kko/rc/IPadMini,rdfs:subClassOf,http://kbpedia.org/kko/rc/IPad
http://kbpedia.org/kko/rc/IPadMini,rdfs:subClassOf,owl:Thing
http://kbpedia.org/kko/rc/TankLocomotive,rdfs:subClassOf,http://kbpedia.org/kko/rc/TrainEngine
http://kbpedia.org/kko/rc/TankLocomotive,rdfs:subClassOf,owl:Thing
http://kbpedia.org/kko/rc/Schooner,rdfs:subClassOf,http://kbpedia.org/kko/rc/TallShip
http://kbpedia.org/kko/rc/Schooner,rdfs:subClassOf,owl:Thing
http://kbpedia.org/kko/rc/OldsmobileVehicle,rdfs:subClassOf,http://kbpedia.org/kko/rc/OldsmobileCar
http://kbpedia.org/kko/rc/OldsmobileVehicle,rdfs:subClassOf,owl:Thing
http://kbpedia.org/kko/rc/RadialNerve,rdfs:subClassOf,http://kbpedia.org/kko/rc/Nerve
http://kbpedia.org/kko/rc/RadialNerve,rdfs:subClassOf,owl:Thing
http://kbpedia.org/kko/rc/SciaticNerve,rdfs:subClassOf,http://kbpedia.org/kko/rc/Nerve
http://kbpedia.org/kko/rc/SciaticNerve,rdfs:subClassOf,owl:Thing
http://kbpedia.org/kko/rc/PublicTransportByMode,rdfs:subClassOf,http://kbpedia.org/kko/rc/MassTransitSystem
http://kbpedia.org/kko/rc/PublicTransportByMode,rdfs:subClassOf,owl:Thing
http://kbpedia.org/kko/rc/PublicTransportByMode,rdfs:subClassOf,http://kbpedia.org/kko/rc/TransportByMode
http://kbpedia.org/kko/rc/SMTPServer_Network,rdfs:subClassOf,http://kbpedia.org/kko/rc/MailServer_Network
http://kbpedia.org/kko/rc/SMTPServer_Network,rdfs:subClassOf,owl:Thing
http://kbpedia.org/kko/rc/PortfolioCase,rdfs:subClassOf,http://kbpedia.org/kko/rc/CarryingCase
http://kbpedia.org/kko/rc/PortfolioCase,rdfs:subClassOf,owl:Thing
http://kbpedia.org/kko/rc/IPad,rdfs:subClassOf,http://kbpedia.org/kko/rc/AppleIncHardware
http://kbpedia.org/kko/rc/IPad,rdfs:subClassOf,owl:Thing
http://kbpedia.org/kko/rc/IPad,rdfs:subClassOf,http://kbpedia.org/kko/rc/PersonalAudioPlayer
http://kbpedia.org/kko/rc/IPad,rdfs:subClassOf,http://kbpedia.org/kko/rc/TabletComputer
http://kbpedia.org/kko/rc/LowFlowIrrigationSystem,rdfs:subClassOf,http://kbpedia.org/kko/rc/IrrigationSystem
http://kbpedia.org/kko/rc/LowFlowIrrigationSystem,rdfs:subClassOf,owl:Thing
http://kbpedia.org/kko/rc/LowFlowIrrigationSystem,rdfs:subClassOf,http://kbpedia.org/kko/rc/IrrigationFloodControlWaterwork
http://kbpedia.org/kko/rc/BoxTruck,rdfs:subClassOf,http://kbpedia.org/kko/rc/Truck
http://kbpedia.org/kko/rc/BoxTruck,rdfs:subClassOf,owl:Thing
http://kbpedia.org/kko/rc/OldsmobileOmegaCar,rdfs:subClassOf,http://kbpedia.org/kko/rc/OldsmobileCar
http://kbpedia.org/kko/rc/OldsmobileOmegaCar,rdfs:subClassOf,owl:Thing
http://kbpedia.org/kko/rc/PublicTransportOperator,rdfs:subClassOf,http://kbpedia.org/kko/rc/MassTransitSystem
http://kbpedia.org/kko/rc/PublicTransportOperator,rdfs:subClassOf,owl:Thing
http://kbpedia.org/kko/rc/SRLordNelsonclass,rdfs:subClassOf,http://kbpedia.org/kko/rc/TrainEngine
http://kbpedia.org/kko/rc/SRLordNelsonclass,rdfs:subClassOf,owl:Thing
http://kbpedia.org/kko/rc/Pallet,rdfs:subClassOf,http://kbpedia.org/kko/rc/ContainerStorage
http://kbpedia.org/kko/rc/Pallet,rdfs:subClassOf,owl:Thing
http://kbpedia.org/kko/rc/Pallet,rdfs:subClassOf,http://kbpedia.org/kko/rc/TransportationContainerProduct
http://kbpedia.org/kko/rc/Pallet,rdfs:subClassOf,http://kbpedia.org/kko/rc/SinglePurposeDevice
http://kbpedia.org/kko/rc/Portland_classCruiser,rdfs:subClassOf,http://kbpedia.org/kko/rc/BattleCruiser
http://kbpedia.org/kko/rc/Portland_classCruiser,rdfs:subClassOf,owl:Thing
http://kbpedia.org/kko/rc/ShipClass,rdfs:subClassOf,http://kbpedia.org/kko/rc/ModernNavalShip
http://kbpedia.org/kko/rc/ShipClass,rdfs:subClassOf,owl:Thing
http://kbpedia.org/kko/rc/IOSSoftware,rdfs:subClassOf,http://kbpedia.org/kko/rc/IPhone_AppleCellphone
http://kbpedia.org/kko/rc/IOSSoftware,rdfs:subClassOf,owl:Thing
http://kbpedia.org/kko/rc/EnglishCar,rdfs:subClassOf,http://kbpedia.org/kko/rc/EuropeanCar
http://kbpedia.org/kko/rc/EnglishCar,rdfs:subClassOf,owl:Thing
http://kbpedia.org/kko/rc/RadialStreetSystem,rdfs:subClassOf,http://kbpedia.org/kko/rc/StreetSystem
http://kbpedia.org/kko/rc/RadialStreetSystem,rdfs:subClassOf,owl:Thing
http://kbpedia.org/kko/rc/OldsmobileRegencyCar,rdfs:subClassOf,http://kbpedia.org/kko/rc/OldsmobileCar
http://kbpedia.org/kko/rc/OldsmobileRegencyCar,rdfs:subClassOf,owl:Thing
http://kbpedia.org/kko/rc/IPhone_AppleCellphone,rdfs:subClassOf,http://kbpedia.org/kko/rc/AppleIncHardware
http://kbpedia.org/kko/rc/IPhone_AppleCellphone,rdfs:subClassOf,owl:Thing
http://kbpedia.org/kko/rc/IPhone_AppleCellphone,rdfs:subClassOf,http://kbpedia.org/kko/rc/CameraPhone
http://kbpedia.org/kko/rc/IPhone_AppleCellphone,rdfs:subClassOf,http://kbpedia.org/kko/rc/Smartphone
http://kbpedia.org/kko/rc/TankerRailCar,rdfs:subClassOf,http://kbpedia.org/kko/rc/RollingStock
http://kbpedia.org/kko/rc/TankerRailCar,rdfs:subClassOf,owl:Thing
http://kbpedia.org/kko/rc/RadialTire,rdfs:subClassOf,http://kbpedia.org/kko/rc/AutomobileTire
http://kbpedia.org/kko/rc/RadialTire,rdfs:subClassOf,owl:Thing
http://kbpedia.org/kko/rc/RadialTire,rdfs:subClassOf,http://kbpedia.org/kko/rc/AutoTireMarketCategory
http://kbpedia.org/kko/rc/Automobile_GasolineEngine,rdfs:subClassOf,http://kbpedia.org/kko/rc/Automobile
http://kbpedia.org/kko/rc/Automobile_GasolineEngine,rdfs:subClassOf,owl:Thing
http://kbpedia.org/kko/rc/Automobile_GasolineEngine,rdfs:subClassOf,http://kbpedia.org/kko/rc/RoadVehicle_GasolineEngine
http://kbpedia.org/kko/rc/OldsmobileTouringSedanCar,rdfs:subClassOf,http://kbpedia.org/kko/rc/OldsmobileCar
http://kbpedia.org/kko/rc/OldsmobileTouringSedanCar,rdfs:subClassOf,owl:Thing
http://kbpedia.org/kko/rc/IPodTouch,rdfs:subClassOf,http://kbpedia.org/kko/rc/IPod
http://kbpedia.org/kko/rc/IPodTouch,rdfs:subClassOf,owl:Thing
http://kbpedia.org/kko/rc/Automobile,rdfs:subClassOf,http://kbpedia.org/kko/rc/PassengerMotorVehicle
http://kbpedia.org/kko/rc/Automobile,rdfs:subClassOf,owl:Thing
http://kbpedia.org/kko/rc/Automobile,rdfs:subClassOf,http://kbpedia.org/kko/rc/RoadVehicle
http://kbpedia.org/kko/rc/Automobile,rdfs:subClassOf,http://kbpedia.org/kko/rc/WheeledTransportationDevice
http://kbpedia.org/kko/rc/Automobile,rdfs:subClassOf,http://kbpedia.org/kko/rc/SinglePurposeDevice
http://kbpedia.org/kko/rc/Automobile,rdfs:subClassOf,http://kbpedia.org/kko/rc/TransportationDevice_Vehicle
http://kbpedia.org/kko/rc/SRQ1class,rdfs:subClassOf,http://kbpedia.org/kko/rc/TrainEngine
http://kbpedia.org/kko/rc/SRQ1class,rdfs:subClassOf,owl:Thing
http://kbpedia.org/kko/rc/Hector_classIronclad,rdfs:subClassOf,http://kbpedia.org/kko/rc/IroncladWarship
http://kbpedia.org/kko/rc/Hector_classIronclad,rdfs:subClassOf,owl:Thing
http://kbpedia.org/kko/rc/ChevroletCamaroCar,rdfs:subClassOf,http://kbpedia.org/kko/rc/ChevroletCar
http://kbpedia.org/kko/rc/ChevroletCamaroCar,rdfs:subClassOf,owl:Thing
http://kbpedia.org/kko/rc/ChevroletCamaroCar,rdfs:subClassOf,http://kbpedia.org/kko/rc/MidsizeCar
http://kbpedia.org/kko/rc/ShipType,rdfs:subClassOf,http://kbpedia.org/kko/rc/ModernNavalShip
http://kbpedia.org/kko/rc/ShipType,rdfs:subClassOf,owl:Thing
http://kbpedia.org/kko/rc/IPv4,rdfs:subClassOf,http://kbpedia.org/kko/rc/InternetProtocol
http://kbpedia.org/kko/rc/IPv4,rdfs:subClassOf,owl:Thing
http://kbpedia.org/kko/rc/TerrestrialEcosystemManagementService,rdfs:subClassOf,http://kbpedia.org/kko/rc/Ecosystem
http://kbpedia.org/kko/rc/TerrestrialEcosystemManagementService,rdfs:subClassOf,owl:Thing
http://kbpedia.org/kko/rc/OlfactoryNerve,rdfs:subClassOf,http://kbpedia.org/kko/rc/CranialNerve
http://kbpedia.org/kko/rc/OlfactoryNerve,rdfs:subClassOf,owl:Thing
http://kbpedia.org/kko/rc/OlfactoryNerve,rdfs:subClassOf,http://kbpedia.org/kko/rc/SensoryNerve
http://kbpedia.org/kko/rc/ChevroletCapriceCar,rdfs:subClassOf,http://kbpedia.org/kko/rc/ChevroletCar
http://kbpedia.org/kko/rc/ChevroletCapriceCar,rdfs:subClassOf,owl:Thing
http://kbpedia.org/kko/rc/MGBCar,rdfs:subClassOf,http://kbpedia.org/kko/rc/MGCar
http://kbpedia.org/kko/rc/MGBCar,rdfs:subClassOf,owl:Thing
http://kbpedia.org/kko/rc/Ship_PermanentlyMoored,rdfs:subClassOf,http://kbpedia.org/kko/rc/Ship
http://kbpedia.org/kko/rc/Ship_PermanentlyMoored,rdfs:subClassOf,owl:Thing
http://kbpedia.org/kko/rc/AutomobileTypeByBrand,rdfs:subClassOf,http://kbpedia.org/kko/rc/Automobile
http://kbpedia.org/kko/rc/AutomobileTypeByBrand,rdfs:subClassOf,owl:Thing
http://kbpedia.org/kko/rc/AutomobileTypeByBrand,rdfs:subClassOf,http://kbpedia.org/kko/rc/VehiclesByBrand
http://kbpedia.org/kko/rc/Briton_classCorvette,rdfs:subClassOf,http://kbpedia.org/kko/rc/Corvette_Ship
http://kbpedia.org/kko/rc/Briton_classCorvette,rdfs:subClassOf,owl:Thing
http://kbpedia.org/kko/rc/ChevroletImpala,rdfs:subClassOf,http://kbpedia.org/kko/rc/ChevroletCar
http://kbpedia.org/kko/rc/ChevroletImpala,rdfs:subClassOf,owl:Thing
http://kbpedia.org/kko/rc/NamedRoadway,rdfs:subClassOf,http://kbpedia.org/kko/rc/Street_Generic
http://kbpedia.org/kko/rc/NamedRoadway,rdfs:subClassOf,owl:Thing
http://kbpedia.org/kko/rc/RadiatorCap,rdfs:subClassOf,http://kbpedia.org/kko/rc/AutoPart
http://kbpedia.org/kko/rc/RadiatorCap,rdfs:subClassOf,owl:Thing
http://kbpedia.org/kko/rc/RadiatorCap,rdfs:subClassOf,http://kbpedia.org/kko/rc/ContainerLid
http://kbpedia.org/kko/rc/RadiatorCap,rdfs:subClassOf,http://kbpedia.org/kko/rc/EngineCoolantSystem
http://kbpedia.org/kko/rc/RadiatorCap,rdfs:subClassOf,http://kbpedia.org/kko/rc/GeneralAutoMarketCategory
http://kbpedia.org/kko/rc/RoadVehicle,rdfs:subClassOf,http://kbpedia.org/kko/rc/LandTransportationVehicle
http://kbpedia.org/kko/rc/RoadVehicle,rdfs:subClassOf,owl:Thing
http://kbpedia.org/kko/rc/RoadVehicle,rdfs:subClassOf,http://kbpedia.org/kko/rc/TransportationContainerProduct
http://kbpedia.org/kko/rc/OldsmobileStarfireCar,rdfs:subClassOf,http://kbpedia.org/kko/rc/OldsmobileCar
http://kbpedia.org/kko/rc/OldsmobileStarfireCar,rdfs:subClassOf,owl:Thing
http://kbpedia.org/kko/rc/M977CargoTruck,rdfs:subClassOf,http://kbpedia.org/kko/rc/CargoTruck
http://kbpedia.org/kko/rc/M977CargoTruck,rdfs:subClassOf,owl:Thing
http://kbpedia.org/kko/rc/M977CargoTruck,rdfs:subClassOf,http://kbpedia.org/kko/rc/Truck
http://kbpedia.org/kko/rc/TankTruck,rdfs:subClassOf,http://kbpedia.org/kko/rc/MaterialTransporter
http://kbpedia.org/kko/rc/TankTruck,rdfs:subClassOf,owl:Thing
http://kbpedia.org/kko/rc/TankTruck,rdfs:subClassOf,http://kbpedia.org/kko/rc/SpecializedRecreationalVehicle
http://kbpedia.org/kko/rc/TankTruck,rdfs:subClassOf,http://kbpedia.org/kko/rc/Truck
http://kbpedia.org/kko/rc/OldsmobileToronadoCar,rdfs:subClassOf,http://kbpedia.org/kko/rc/OldsmobileCar
http://kbpedia.org/kko/rc/OldsmobileToronadoCar,rdfs:subClassOf,owl:Thing
http://kbpedia.org/kko/rc/ChevroletSuburbanCar,rdfs:subClassOf,http://kbpedia.org/kko/rc/ChevroletCar
http://kbpedia.org/kko/rc/ChevroletSuburbanCar,rdfs:subClassOf,owl:Thing
http://kbpedia.org/kko/rc/ChevroletSuburbanCar,rdfs:subClassOf,http://kbpedia.org/kko/rc/SportUtilityVehicle
http://kbpedia.org/kko/rc/MGCar,rdfs:subClassOf,http://kbpedia.org/kko/rc/EnglishCar
http://kbpedia.org/kko/rc/MGCar,rdfs:subClassOf,owl:Thing
http://kbpedia.org/kko/rc/LeashLead,rdfs:subClassOf,http://kbpedia.org/kko/rc/Cord
http://kbpedia.org/kko/rc/LeashLead,rdfs:subClassOf,owl:Thing
http://kbpedia.org/kko/rc/LeashLead,rdfs:subClassOf,http://kbpedia.org/kko/rc/HorseHarness
http://kbpedia.org/kko/rc/PatrolBoat_River,rdfs:subClassOf,http://kbpedia.org/kko/rc/PatrolBoat
http://kbpedia.org/kko/rc/PatrolBoat_River,rdfs:subClassOf,owl:Thing
http://kbpedia.org/kko/rc/OldsmobileJetstarCar,rdfs:subClassOf,http://kbpedia.org/kko/rc/OldsmobileCar
http://kbpedia.org/kko/rc/OldsmobileJetstarCar,rdfs:subClassOf,owl:Thing
http://kbpedia.org/kko/rc/ChevroletCar,rdfs:subClassOf,http://kbpedia.org/kko/rc/GMAutomobile
http://kbpedia.org/kko/rc/ChevroletCar,rdfs:subClassOf,owl:Thing
http://kbpedia.org/kko/rc/RoverCar,rdfs:subClassOf,http://kbpedia.org/kko/rc/EnglishCar
http://kbpedia.org/kko/rc/RoverCar,rdfs:subClassOf,owl:Thing
http://kbpedia.org/kko/rc/Kneecap,rdfs:subClassOf,http://kbpedia.org/kko/rc/Cover_Protector
http://kbpedia.org/kko/rc/Kneecap,rdfs:subClassOf,owl:Thing
http://kbpedia.org/kko/rc/Kneecap,rdfs:subClassOf,http://kbpedia.org/kko/rc/LegBone
http://kbpedia.org/kko/rc/Kneecap,rdfs:subClassOf,http://kbpedia.org/kko/rc/ProtectiveSystem
http://kbpedia.org/kko/rc/Kneecap,rdfs:subClassOf,http://kbpedia.org/kko/rc/ShortBone
http://kbpedia.org/kko/rc/TanqueArgentinoMediano,rdfs:subClassOf,http://kbpedia.org/kko/rc/Tank_Vehicle
http://kbpedia.org/kko/rc/TanqueArgentinoMediano,rdfs:subClassOf,owl:Thing
http://kbpedia.org/kko/rc/Tegetthoff_classBattleship,rdfs:subClassOf,http://kbpedia.org/kko/rc/Battleship
http://kbpedia.org/kko/rc/Tegetthoff_classBattleship,rdfs:subClassOf,owl:Thing
http://kbpedia.org/kko/rc/PickupTruck,rdfs:subClassOf,http://kbpedia.org/kko/rc/AutomobileTypeByBodyStyle
http://kbpedia.org/kko/rc/PickupTruck,rdfs:subClassOf,owl:Thing
http://kbpedia.org/kko/rc/PickupTruck,rdfs:subClassOf,http://kbpedia.org/kko/rc/Automobile_GasolineEngine
http://kbpedia.org/kko/rc/PickupTruck,rdfs:subClassOf,http://kbpedia.org/kko/rc/Truck
http://kbpedia.org/kko/rc/MGVehicle,rdfs:subClassOf,http://kbpedia.org/kko/rc/RoverCar
http://kbpedia.org/kko/rc/MGVehicle,rdfs:subClassOf,owl:Thing
http://kbpedia.org/kko/rc/WoodPallet,rdfs:subClassOf,http://kbpedia.org/kko/rc/Pallet
http://kbpedia.org/kko/rc/WoodPallet,rdfs:subClassOf,owl:Thing
http://kbpedia.org/kko/rc/ChevroletBlazerCar,rdfs:subClassOf,http://kbpedia.org/kko/rc/ChevroletCar
http://kbpedia.org/kko/rc/ChevroletBlazerCar,rdfs:subClassOf,owl:Thing
http://kbpedia.org/kko/rc/AB_205_Helicopter,rdfs:subClassOf,http://kbpedia.org/kko/rc/Helicopter
http://kbpedia.org/kko/rc/AB_205_Helicopter,rdfs:subClassOf,owl:Thing
http://kbpedia.org/kko/rc/Nautilus_classMinelayer,rdfs:subClassOf,http://kbpedia.org/kko/rc/LightCruiser
http://kbpedia.org/kko/rc/Nautilus_classMinelayer,rdfs:subClassOf,owl:Thing
http://kbpedia.org/kko/rc/ChevroletVentureCar,rdfs:subClassOf,http://kbpedia.org/kko/rc/ChevroletCar
http://kbpedia.org/kko/rc/ChevroletVentureCar,rdfs:subClassOf,owl:Thing
http://kbpedia.org/kko/rc/BucketElevator,rdfs:subClassOf,http://kbpedia.org/kko/rc/ConveyorAccessory
http://kbpedia.org/kko/rc/BucketElevator,rdfs:subClassOf,owl:Thing
http://kbpedia.org/kko/rc/BucketElevator,rdfs:subClassOf,http://kbpedia.org/kko/rc/Elevator
http://kbpedia.org/kko/rc/WaterTransportInWestGermany,rdfs:subClassOf,http://kbpedia.org/kko/rc/MarineTransport
http://kbpedia.org/kko/rc/WaterTransportInWestGermany,rdfs:subClassOf,owl:Thing
http://kbpedia.org/kko/rc/BlackberryPhone,rdfs:subClassOf,http://kbpedia.org/kko/rc/Smartphone
http://kbpedia.org/kko/rc/BlackberryPhone,rdfs:subClassOf,owl:Thing
http://kbpedia.org/kko/rc/ReDitalia_classIronclad,rdfs:subClassOf,http://kbpedia.org/kko/rc/IroncladWarship
http://kbpedia.org/kko/rc/ReDitalia_classIronclad,rdfs:subClassOf,owl:Thing
http://kbpedia.org/kko/rc/ChevroletMonteCarloCar,rdfs:subClassOf,http://kbpedia.org/kko/rc/ChevroletCar
http://kbpedia.org/kko/rc/ChevroletMonteCarloCar,rdfs:subClassOf,owl:Thing
http://kbpedia.org/kko/rc/NonAmericanCar,rdfs:subClassOf,http://kbpedia.org/kko/rc/AutomobileTypeByBrand
http://kbpedia.org/kko/rc/NonAmericanCar,rdfs:subClassOf,owl:Thing
http://kbpedia.org/kko/rc/ThirdOccipitalNerve,rdfs:subClassOf,http://kbpedia.org/kko/rc/SensoryNerve
http://kbpedia.org/kko/rc/ThirdOccipitalNerve,rdfs:subClassOf,owl:Thing
http://kbpedia.org/kko/rc/Cavalry,rdfs:subClassOf,http://kbpedia.org/kko/rc/HorsebackRiding
http://kbpedia.org/kko/rc/Cavalry,rdfs:subClassOf,owl:Thing
http://kbpedia.org/kko/rc/SegaGenesis,rdfs:subClassOf,http://kbpedia.org/kko/rc/HomeVideoGameMachine
http://kbpedia.org/kko/rc/SegaGenesis,rdfs:subClassOf,owl:Thing
http://kbpedia.org/kko/rc/EpsonComputer,rdfs:subClassOf,http://kbpedia.org/kko/rc/PersonalComputer
http://kbpedia.org/kko/rc/EpsonComputer,rdfs:subClassOf,owl:Thing
http://kbpedia.org/kko/rc/LymphaticSystem,rdfs:subClassOf,http://kbpedia.org/kko/rc/AnimalBodyPart
http://kbpedia.org/kko/rc/LymphaticSystem,rdfs:subClassOf,owl:Thing
http://kbpedia.org/kko/rc/LymphaticSystem,rdfs:subClassOf,http://kbpedia.org/kko/rc/InternalAnatomicalPart
http://kbpedia.org/kko/rc/LymphaticSystem,rdfs:subClassOf,http://kbpedia.org/kko/rc/PipingSystem_Biological
http://kbpedia.org/kko/rc/Schwalbe_classCruiser,rdfs:subClassOf,http://kbpedia.org/kko/rc/Cruiser
http://kbpedia.org/kko/rc/Schwalbe_classCruiser,rdfs:subClassOf,owl:Thing
http://kbpedia.org/kko/rc/FrenchCar,rdfs:subClassOf,http://kbpedia.org/kko/rc/EuropeanCar
http://kbpedia.org/kko/rc/FrenchCar,rdfs:subClassOf,owl:Thing
http://kbpedia.org/kko/rc/TGVTrainset,rdfs:subClassOf,http://kbpedia.org/kko/rc/TGVTrain
http://kbpedia.org/kko/rc/TGVTrainset,rdfs:subClassOf,owl:Thing
http://kbpedia.org/kko/rc/BMWCar,rdfs:subClassOf,http://kbpedia.org/kko/rc/GermanCar
http://kbpedia.org/kko/rc/BMWCar,rdfs:subClassOf,owl:Thing
http://kbpedia.org/kko/rc/BMWCar,rdfs:subClassOf,http://kbpedia.org/kko/rc/LuxuryCar
http://kbpedia.org/kko/rc/WildWeasel,rdfs:subClassOf,http://kbpedia.org/kko/rc/FighterPlane
http://kbpedia.org/kko/rc/WildWeasel,rdfs:subClassOf,owl:Thing
http://kbpedia.org/kko/rc/WildWeasel,rdfs:subClassOf,http://kbpedia.org/kko/rc/GroundAttackAircraft
http://kbpedia.org/kko/rc/WildWeasel,rdfs:subClassOf,http://kbpedia.org/kko/rc/JetPropelledAircraft
http://kbpedia.org/kko/rc/WildWeasel,rdfs:subClassOf,http://kbpedia.org/kko/rc/CombatAircraft
http://kbpedia.org/kko/rc/DiverClassRescueShip,rdfs:subClassOf,http://kbpedia.org/kko/rc/ModernNavalShip
http://kbpedia.org/kko/rc/DiverClassRescueShip,rdfs:subClassOf,owl:Thing
http://kbpedia.org/kko/rc/DiverClassRescueShip,rdfs:subClassOf,http://kbpedia.org/kko/rc/RescueVehicle
http://kbpedia.org/kko/rc/EuropeanCar,rdfs:subClassOf,http://kbpedia.org/kko/rc/Automobile_GasolineEngine
http://kbpedia.org/kko/rc/EuropeanCar,rdfs:subClassOf,owl:Thing
http://kbpedia.org/kko/rc/EuropeanCar,rdfs:subClassOf,http://kbpedia.org/kko/rc/NonAmericanCar
http://kbpedia.org/kko/rc/ChevroletMalibuCar,rdfs:subClassOf,http://kbpedia.org/kko/rc/ChevroletCar
http://kbpedia.org/kko/rc/ChevroletMalibuCar,rdfs:subClassOf,owl:Thing
http://kbpedia.org/kko/rc/Stalingrad_classBattlecruiser,rdfs:subClassOf,http://kbpedia.org/kko/rc/BattleCruiser
http://kbpedia.org/kko/rc/Stalingrad_classBattlecruiser,rdfs:subClassOf,owl:Thing
http://kbpedia.org/kko/rc/BMW850Car,rdfs:subClassOf,http://kbpedia.org/kko/rc/BMWCar
http://kbpedia.org/kko/rc/BMW850Car,rdfs:subClassOf,owl:Thing
http://kbpedia.org/kko/rc/SaabJAS39Gripen,rdfs:subClassOf,http://kbpedia.org/kko/rc/MultiRoleAircraft
http://kbpedia.org/kko/rc/SaabJAS39Gripen,rdfs:subClassOf,owl:Thing
http://kbpedia.org/kko/rc/ChevroletTruck,rdfs:subClassOf,http://kbpedia.org/kko/rc/ChevroletCar
http://kbpedia.org/kko/rc/ChevroletTruck,rdfs:subClassOf,owl:Thing
http://kbpedia.org/kko/rc/ChevroletTruck,rdfs:subClassOf,http://kbpedia.org/kko/rc/PickupTruck
http://kbpedia.org/kko/rc/CompaqConturaComputer,rdfs:subClassOf,http://kbpedia.org/kko/rc/CompaqComputer
http://kbpedia.org/kko/rc/CompaqConturaComputer,rdfs:subClassOf,owl:Thing
http://kbpedia.org/kko/rc/SRQclass,rdfs:subClassOf,http://kbpedia.org/kko/rc/TrainEngine
http://kbpedia.org/kko/rc/SRQclass,rdfs:subClassOf,owl:Thing
http://kbpedia.org/kko/rc/ShockAbsorber,rdfs:subClassOf,http://kbpedia.org/kko/rc/GeneralAutoMarketCategory
http://kbpedia.org/kko/rc/ShockAbsorber,rdfs:subClassOf,owl:Thing
http://kbpedia.org/kko/rc/ShockAbsorber,rdfs:subClassOf,http://kbpedia.org/kko/rc/KineticEnergyPoweredDevice
http://kbpedia.org/kko/rc/ShockAbsorber,rdfs:subClassOf,http://kbpedia.org/kko/rc/MechanicalAutoPart
http://kbpedia.org/kko/rc/ShockAbsorber,rdfs:subClassOf,http://kbpedia.org/kko/rc/SuspensionSystemComponent
http://kbpedia.org/kko/rc/RadioCommunications,rdfs:subClassOf,http://kbpedia.org/kko/rc/Radio
http://kbpedia.org/kko/rc/RadioCommunications,rdfs:subClassOf,owl:Thing
http://kbpedia.org/kko/rc/SaturnSCCar,rdfs:subClassOf,http://kbpedia.org/kko/rc/SaturnCar
http://kbpedia.org/kko/rc/SaturnSCCar,rdfs:subClassOf,owl:Thing
http://kbpedia.org/kko/rc/ChevroletCorsicaCar,rdfs:subClassOf,http://kbpedia.org/kko/rc/ChevroletCar
http://kbpedia.org/kko/rc/ChevroletCorsicaCar,rdfs:subClassOf,owl:Thing
http://kbpedia.org/kko/rc/ChevroletCorsicaCar,rdfs:subClassOf,http://kbpedia.org/kko/rc/MidsizeCar
http://kbpedia.org/kko/rc/Italia_classIronclad,rdfs:subClassOf,http://kbpedia.org/kko/rc/IroncladWarship
http://kbpedia.org/kko/rc/Italia_classIronclad,rdfs:subClassOf,owl:Thing
http://kbpedia.org/kko/rc/SukhoiSu_33,rdfs:subClassOf,http://kbpedia.org/kko/rc/FighterInterceptorPlane
http://kbpedia.org/kko/rc/SukhoiSu_33,rdfs:subClassOf,owl:Thing
http://kbpedia.org/kko/rc/BMW320Car,rdfs:subClassOf,http://kbpedia.org/kko/rc/BMWCar
http://kbpedia.org/kko/rc/BMW320Car,rdfs:subClassOf,owl:Thing
http://kbpedia.org/kko/rc/RadioControl,rdfs:subClassOf,http://kbpedia.org/kko/rc/Radio
http://kbpedia.org/kko/rc/RadioControl,rdfs:subClassOf,owl:Thing
http://kbpedia.org/kko/rc/ReUmberto_classIronclad,rdfs:subClassOf,http://kbpedia.org/kko/rc/IroncladWarship
http://kbpedia.org/kko/rc/ReUmberto_classIronclad,rdfs:subClassOf,owl:Thing
http://kbpedia.org/kko/rc/ChevroletCorvairCar,rdfs:subClassOf,http://kbpedia.org/kko/rc/ChevroletCar
http://kbpedia.org/kko/rc/ChevroletCorvairCar,rdfs:subClassOf,owl:Thing
http://kbpedia.org/kko/rc/CompaqDeskproComputer,rdfs:subClassOf,http://kbpedia.org/kko/rc/CompaqComputer
http://kbpedia.org/kko/rc/CompaqDeskproComputer,rdfs:subClassOf,owl:Thing
http://kbpedia.org/kko/rc/DriveShaft,rdfs:subClassOf,http://kbpedia.org/kko/rc/DrivetrainSystem
http://kbpedia.org/kko/rc/DriveShaft,rdfs:subClassOf,owl:Thing
http://kbpedia.org/kko/rc/TLymphocyte,rdfs:subClassOf,http://kbpedia.org/kko/rc/Lymphocyte
http://kbpedia.org/kko/rc/TLymphocyte,rdfs:subClassOf,owl:Thing
http://kbpedia.org/kko/rc/PudendalNerve,rdfs:subClassOf,http://kbpedia.org/kko/rc/Nerve
http://kbpedia.org/kko/rc/PudendalNerve,rdfs:subClassOf,owl:Thing
http://kbpedia.org/kko/rc/ChevroletCavalierCar,rdfs:subClassOf,http://kbpedia.org/kko/rc/ChevroletCar
http://kbpedia.org/kko/rc/ChevroletCavalierCar,rdfs:subClassOf,owl:Thing
http://kbpedia.org/kko/rc/SukhoiSu_35,rdfs:subClassOf,http://kbpedia.org/kko/rc/Jetfighter
http://kbpedia.org/kko/rc/SukhoiSu_35,rdfs:subClassOf,owl:Thing
http://kbpedia.org/kko/rc/Lymphocyte,rdfs:subClassOf,http://kbpedia.org/kko/rc/LymphaticSystem
http://kbpedia.org/kko/rc/Lymphocyte,rdfs:subClassOf,owl:Thing
http://kbpedia.org/kko/rc/Lymphocyte,rdfs:subClassOf,http://kbpedia.org/kko/rc/WhiteBloodCell
http://kbpedia.org/kko/rc/ReactiveArmor,rdfs:subClassOf,http://kbpedia.org/kko/rc/Armor_ExtrinsicToObject
http://kbpedia.org/kko/rc/ReactiveArmor,rdfs:subClassOf,owl:Thing
http://kbpedia.org/kko/rc/ChevroletChevelleCar,rdfs:subClassOf,http://kbpedia.org/kko/rc/ChevroletCar
http://kbpedia.org/kko/rc/ChevroletChevelleCar,rdfs:subClassOf,owl:Thing
http://kbpedia.org/kko/rc/BMW318Car,rdfs:subClassOf,http://kbpedia.org/kko/rc/BMWCar
http://kbpedia.org/kko/rc/BMW318Car,rdfs:subClassOf,owl:Thing
http://kbpedia.org/kko/rc/CompaqPresarioComputer,rdfs:subClassOf,http://kbpedia.org/kko/rc/CompaqComputer
http://kbpedia.org/kko/rc/CompaqPresarioComputer,rdfs:subClassOf,owl:Thing
http://kbpedia.org/kko/rc/SRVSchoolsclass,rdfs:subClassOf,http://kbpedia.org/kko/rc/TrainEngine
http://kbpedia.org/kko/rc/SRVSchoolsclass,rdfs:subClassOf,owl:Thing
http://kbpedia.org/kko/rc/ChevroletElCaminoCar,rdfs:subClassOf,http://kbpedia.org/kko/rc/ChevroletCar
http://kbpedia.org/kko/rc/ChevroletElCaminoCar,rdfs:subClassOf,owl:Thing
http://kbpedia.org/kko/rc/BMWM6,rdfs:subClassOf,http://kbpedia.org/kko/rc/BMWCar
http://kbpedia.org/kko/rc/BMWM6,rdfs:subClassOf,owl:Thing
http://kbpedia.org/kko/rc/JazzRadio,rdfs:subClassOf,http://kbpedia.org/kko/rc/JazzMusic
http://kbpedia.org/kko/rc/JazzRadio,rdfs:subClassOf,owl:Thing
http://kbpedia.org/kko/rc/JazzRadio,rdfs:subClassOf,http://kbpedia.org/kko/rc/RadioFormat
http://kbpedia.org/kko/rc/Router_Network,rdfs:subClassOf,http://kbpedia.org/kko/rc/ComputingDevice
http://kbpedia.org/kko/rc/Router_Network,rdfs:subClassOf,owl:Thing
http://kbpedia.org/kko/rc/Router_Network,rdfs:subClassOf,http://kbpedia.org/kko/rc/NetworkingHardware
http://kbpedia.org/kko/rc/Router_Network,rdfs:subClassOf,http://kbpedia.org/kko/rc/SinglePurposeDevice
http://kbpedia.org/kko/rc/ChevroletVehicle,rdfs:subClassOf,http://kbpedia.org/kko/rc/ChevroletCar
http://kbpedia.org/kko/rc/ChevroletVehicle,rdfs:subClassOf,owl:Thing
http://kbpedia.org/kko/rc/BlackhawkHelicopter,rdfs:subClassOf,http://kbpedia.org/kko/rc/UtilityHelicopter
http://kbpedia.org/kko/rc/BlackhawkHelicopter,rdfs:subClassOf,owl:Thing
http://kbpedia.org/kko/rc/BlackhawkHelicopter,rdfs:subClassOf,http://kbpedia.org/kko/rc/Helicopter
http://kbpedia.org/kko/rc/InternetProtocol,rdfs:subClassOf,http://kbpedia.org/kko/rc/InternetStandard
http://kbpedia.org/kko/rc/InternetProtocol,rdfs:subClassOf,owl:Thing
http://kbpedia.org/kko/rc/InternetProtocol,rdfs:subClassOf,http://kbpedia.org/kko/rc/Router_Network
http://kbpedia.org/kko/rc/Saab9000Car,rdfs:subClassOf,http://kbpedia.org/kko/rc/SaabCar
http://kbpedia.org/kko/rc/Saab9000Car,rdfs:subClassOf,owl:Thing
http://kbpedia.org/kko/rc/Rivadavia_classBattleship,rdfs:subClassOf,http://kbpedia.org/kko/rc/Dreadnought
http://kbpedia.org/kko/rc/Rivadavia_classBattleship,rdfs:subClassOf,owl:Thing
http://kbpedia.org/kko/rc/Lyon_classBattleship,rdfs:subClassOf,http://kbpedia.org/kko/rc/Battleship
http://kbpedia.org/kko/rc/Lyon_classBattleship,rdfs:subClassOf,owl:Thing
http://kbpedia.org/kko/rc/ChevroletCorvetteCar,rdfs:subClassOf,http://kbpedia.org/kko/rc/ChevroletCar
http://kbpedia.org/kko/rc/ChevroletCorvetteCar,rdfs:subClassOf,owl:Thing
http://kbpedia.org/kko/rc/ChevroletCorvetteCar,rdfs:subClassOf,http://kbpedia.org/kko/rc/SportsCar
http://kbpedia.org/kko/rc/IsuzuCar,rdfs:subClassOf,http://kbpedia.org/kko/rc/Automobile_GasolineEngine
http://kbpedia.org/kko/rc/IsuzuCar,rdfs:subClassOf,owl:Thing
http://kbpedia.org/kko/rc/IsuzuCar,rdfs:subClassOf,http://kbpedia.org/kko/rc/JapaneseCar
http://kbpedia.org/kko/rc/UtilityHelicopter,rdfs:subClassOf,http://kbpedia.org/kko/rc/MilitaryHelicopter
http://kbpedia.org/kko/rc/UtilityHelicopter,rdfs:subClassOf,owl:Thing
http://kbpedia.org/kko/rc/InternetProtocolAddress,rdfs:subClassOf,http://kbpedia.org/kko/rc/InternetProtocol
http://kbpedia.org/kko/rc/InternetProtocolAddress,rdfs:subClassOf,owl:Thing
http://kbpedia.org/kko/rc/SRWestCountryandBattleofBritainclass,rdfs:subClassOf,http://kbpedia.org/kko/rc/TrainEngine
http://kbpedia.org/kko/rc/SRWestCountryandBattleofBritainclass,rdfs:subClassOf,owl:Thing
http://kbpedia.org/kko/rc/ChevroletBerettaCar,rdfs:subClassOf,http://kbpedia.org/kko/rc/ChevroletCar
http://kbpedia.org/kko/rc/ChevroletBerettaCar,rdfs:subClassOf,owl:Thing
http://kbpedia.org/kko/rc/ChevroletBerettaCar,rdfs:subClassOf,http://kbpedia.org/kko/rc/MidsizeCar
http://kbpedia.org/kko/rc/IsuzuI_MarkCar,rdfs:subClassOf,http://kbpedia.org/kko/rc/IsuzuCar
http://kbpedia.org/kko/rc/IsuzuI_MarkCar,rdfs:subClassOf,owl:Thing
http://kbpedia.org/kko/rc/LowRiderMotorcycle,rdfs:subClassOf,http://kbpedia.org/kko/rc/Motorcycle
http://kbpedia.org/kko/rc/LowRiderMotorcycle,rdfs:subClassOf,owl:Thing
http://kbpedia.org/kko/rc/Landing_Aircraft,rdfs:subClassOf,http://kbpedia.org/kko/rc/AirTransportation
http://kbpedia.org/kko/rc/Landing_Aircraft,rdfs:subClassOf,owl:Thing
http://kbpedia.org/kko/rc/Landing_Aircraft,rdfs:subClassOf,http://kbpedia.org/kko/rc/Landing
http://kbpedia.org/kko/rc/Landing_Aircraft,rdfs:subClassOf,http://kbpedia.org/kko/rc/AirTransportationEvent
http://kbpedia.org/kko/rc/Ibuki_classCruiser,rdfs:subClassOf,http://kbpedia.org/kko/rc/Cruiser
http://kbpedia.org/kko/rc/Ibuki_classCruiser,rdfs:subClassOf,owl:Thing
http://kbpedia.org/kko/rc/Network,rdfs:subClassOf,http://kbpedia.org/kko/rc/PathArtifactSystem
http://kbpedia.org/kko/rc/Network,rdfs:subClassOf,owl:Thing
http://kbpedia.org/kko/rc/Network,rdfs:subClassOf,http://kbpedia.org/kko/rc/PathSystem
http://kbpedia.org/kko/rc/Network,rdfs:subClassOf,http://kbpedia.org/ontologies/kko#SpaceTypes
http://kbpedia.org/kko/rc/ChevroletNovaCar,rdfs:subClassOf,http://kbpedia.org/kko/rc/ChevroletCar
http://kbpedia.org/kko/rc/ChevroletNovaCar,rdfs:subClassOf,owl:Thing
http://kbpedia.org/kko/rc/IsuzuVehiCROSSCar,rdfs:subClassOf,http://kbpedia.org/kko/rc/IsuzuCar
http://kbpedia.org/kko/rc/IsuzuVehiCROSSCar,rdfs:subClassOf,owl:Thing
http://kbpedia.org/kko/rc/IsuzuVehiCROSSCar,rdfs:subClassOf,http://kbpedia.org/kko/rc/SportUtilityVehicle
http://kbpedia.org/kko/rc/BMWZ3Car,rdfs:subClassOf,http://kbpedia.org/kko/rc/BMWCar
http://kbpedia.org/kko/rc/BMWZ3Car,rdfs:subClassOf,owl:Thing
http://kbpedia.org/kko/rc/HomeAudioSystem,rdfs:subClassOf,http://kbpedia.org/kko/rc/AudioSystem
http://kbpedia.org/kko/rc/HomeAudioSystem,rdfs:subClassOf,owl:Thing
http://kbpedia.org/kko/rc/HomeAudioSystem,rdfs:subClassOf,http://kbpedia.org/kko/rc/HomeAudioEquipment
http://kbpedia.org/kko/rc/ComputerNetwork,rdfs:subClassOf,http://kbpedia.org/kko/rc/ComputerHardwareItem
http://kbpedia.org/kko/rc/ComputerNetwork,rdfs:subClassOf,owl:Thing
http://kbpedia.org/kko/rc/ComputerNetwork,rdfs:subClassOf,http://kbpedia.org/kko/rc/ComputingDevice
http://kbpedia.org/kko/rc/ComputerNetwork,rdfs:subClassOf,http://kbpedia.org/kko/rc/CustomarySystemOfLinks_Comm
http://kbpedia.org/kko/rc/ComputerNetwork,rdfs:subClassOf,http://kbpedia.org/kko/rc/Network
http://kbpedia.org/kko/rc/ComputerNetwork,rdfs:subClassOf,http://kbpedia.org/kko/rc/PhysicalSystem
http://kbpedia.org/kko/rc/ComputerNetwork,rdfs:subClassOf,http://kbpedia.org/kko/rc/SystemOfDevices
http://kbpedia.org/kko/rc/ComputerNetwork,rdfs:subClassOf,http://kbpedia.org/kko/rc/PathArtifactSystem
http://kbpedia.org/kko/rc/ChevroletTahoeCar,rdfs:subClassOf,http://kbpedia.org/kko/rc/ChevroletCar
http://kbpedia.org/kko/rc/ChevroletTahoeCar,rdfs:subClassOf,owl:Thing
http://kbpedia.org/kko/rc/M1A1AbramsTank,rdfs:subClassOf,http://kbpedia.org/kko/rc/BattleTankSeries_Abrams_M1
http://kbpedia.org/kko/rc/M1A1AbramsTank,rdfs:subClassOf,owl:Thing
http://kbpedia.org/kko/rc/RadioTransceiver,rdfs:subClassOf,http://kbpedia.org/kko/rc/Radio
http://kbpedia.org/kko/rc/RadioTransceiver,rdfs:subClassOf,owl:Thing
http://kbpedia.org/kko/rc/RadioTransceiver,rdfs:subClassOf,http://kbpedia.org/kko/rc/Transceiver
http://kbpedia.org/kko/rc/WindowsDevice,rdfs:subClassOf,http://kbpedia.org/kko/rc/Smartphone
http://kbpedia.org/kko/rc/WindowsDevice,rdfs:subClassOf,owl:Thing
http://kbpedia.org/kko/rc/SRMerchantNavyclass,rdfs:subClassOf,http://kbpedia.org/kko/rc/TrainEngine
http://kbpedia.org/kko/rc/SRMerchantNavyclass,rdfs:subClassOf,owl:Thing
http://kbpedia.org/kko/rc/ChevroletVolt,rdfs:subClassOf,http://kbpedia.org/kko/rc/ChevroletCar
http://kbpedia.org/kko/rc/ChevroletVolt,rdfs:subClassOf,owl:Thing
http://kbpedia.org/kko/rc/M1A2AbramsTank,rdfs:subClassOf,http://kbpedia.org/kko/rc/BattleTankSeries_Abrams_M1
http://kbpedia.org/kko/rc/M1A2AbramsTank,rdfs:subClassOf,owl:Thing
http://kbpedia.org/kko/rc/SRUclass,rdfs:subClassOf,http://kbpedia.org/kko/rc/TrainEngine
http://kbpedia.org/kko/rc/SRUclass,rdfs:subClassOf,owl:Thing
http://kbpedia.org/kko/rc/M1AbramsTank,rdfs:subClassOf,http://kbpedia.org/kko/rc/BattleTankSeries_Abrams_M1
http://kbpedia.org/kko/rc/M1AbramsTank,rdfs:subClassOf,owl:Thing
http://kbpedia.org/kko/rc/GatewayPC,rdfs:subClassOf,http://kbpedia.org/kko/rc/PersonalComputer
http://kbpedia.org/kko/rc/GatewayPC,rdfs:subClassOf,owl:Thing
http://kbpedia.org/kko/rc/CompactStereoSystem,rdfs:subClassOf,http://kbpedia.org/kko/rc/HomeAudioSystem
http://kbpedia.org/kko/rc/CompactStereoSystem,rdfs:subClassOf,owl:Thing
http://kbpedia.org/kko/rc/Kamorta_classCorvette,rdfs:subClassOf,http://kbpedia.org/kko/rc/Corvette_Ship
http://kbpedia.org/kko/rc/Kamorta_classCorvette,rdfs:subClassOf,owl:Thing
http://kbpedia.org/kko/rc/I_351_classSubmarine,rdfs:subClassOf,http://kbpedia.org/kko/rc/AttackSubmarine
http://kbpedia.org/kko/rc/I_351_classSubmarine,rdfs:subClassOf,owl:Thing
http://kbpedia.org/kko/rc/RiverBoat,rdfs:subClassOf,http://kbpedia.org/kko/rc/Steamboat
http://kbpedia.org/kko/rc/RiverBoat,rdfs:subClassOf,owl:Thing
http://kbpedia.org/kko/rc/RiverBoat,rdfs:subClassOf,http://kbpedia.org/kko/rc/FuelPoweredDevice
http://kbpedia.org/kko/rc/ChevroletLuminaCar,rdfs:subClassOf,http://kbpedia.org/kko/rc/ChevroletCar
http://kbpedia.org/kko/rc/ChevroletLuminaCar,rdfs:subClassOf,owl:Thing
http://kbpedia.org/kko/rc/ChevroletLuminaCar,rdfs:subClassOf,http://kbpedia.org/kko/rc/MidsizeCar
http://kbpedia.org/kko/rc/JeepCJ7Car,rdfs:subClassOf,http://kbpedia.org/kko/rc/JeepBrandCar
http://kbpedia.org/kko/rc/JeepCJ7Car,rdfs:subClassOf,owl:Thing
http://kbpedia.org/kko/rc/Street_Urban,rdfs:subClassOf,http://kbpedia.org/kko/rc/Street_Generic
http://kbpedia.org/kko/rc/Street_Urban,rdfs:subClassOf,owl:Thing
http://kbpedia.org/kko/rc/SportUtilityVehicle,rdfs:subClassOf,http://kbpedia.org/kko/rc/All_TerrainVehicle
http://kbpedia.org/kko/rc/SportUtilityVehicle,rdfs:subClassOf,owl:Thing
http://kbpedia.org/kko/rc/SportUtilityVehicle,rdfs:subClassOf,http://kbpedia.org/kko/rc/AutomobileTypeByBodyStyle
http://kbpedia.org/kko/rc/M88,rdfs:subClassOf,http://kbpedia.org/kko/rc/Tank_Vehicle
http://kbpedia.org/kko/rc/M88,rdfs:subClassOf,owl:Thing
http://kbpedia.org/kko/rc/SaturnVehicle,rdfs:subClassOf,http://kbpedia.org/kko/rc/SaturnCar
http://kbpedia.org/kko/rc/SaturnVehicle,rdfs:subClassOf,owl:Thing
http://kbpedia.org/kko/rc/DixieHighway,rdfs:subClassOf,http://kbpedia.org/kko/rc/TravelRoute_Road
http://kbpedia.org/kko/rc/DixieHighway,rdfs:subClassOf,owl:Thing
http://kbpedia.org/kko/rc/GreatLakesCircleTour,rdfs:subClassOf,http://kbpedia.org/kko/rc/CircleTour
http://kbpedia.org/kko/rc/GreatLakesCircleTour,rdfs:subClassOf,owl:Thing
http://kbpedia.org/kko/rc/CompactCar,rdfs:subClassOf,http://kbpedia.org/kko/rc/AutomobileTypeByConventionalSizeClassification
http://kbpedia.org/kko/rc/CompactCar,rdfs:subClassOf,owl:Thing
http://kbpedia.org/kko/rc/CompactCar,rdfs:subClassOf,http://kbpedia.org/kko/rc/AutomobileTypeByBodyStyle
http://kbpedia.org/kko/rc/SaabVehicle,rdfs:subClassOf,http://kbpedia.org/kko/rc/SaabCar
http://kbpedia.org/kko/rc/SaabVehicle,rdfs:subClassOf,owl:Thing
http://kbpedia.org/kko/rc/RiparianMarginEcologyConservationService,rdfs:subClassOf,http://kbpedia.org/kko/rc/Ecosystem
http://kbpedia.org/kko/rc/RiparianMarginEcologyConservationService,rdfs:subClassOf,owl:Thing
http://kbpedia.org/kko/rc/Kaiser_classIronclad,rdfs:subClassOf,http://kbpedia.org/kko/rc/IroncladWarship
http://kbpedia.org/kko/rc/Kaiser_classIronclad,rdfs:subClassOf,owl:Thing
http://kbpedia.org/kko/rc/Waterworks,rdfs:subClassOf,http://kbpedia.org/kko/rc/WaterSupplyNetwork
http://kbpedia.org/kko/rc/Waterworks,rdfs:subClassOf,owl:Thing
http://kbpedia.org/kko/rc/ArmoredInfantryFightingVehicle,rdfs:subClassOf,http://kbpedia.org/kko/rc/All_TerrainVehicle
http://kbpedia.org/kko/rc/ArmoredInfantryFightingVehicle,rdfs:subClassOf,owl:Thing
http://kbpedia.org/kko/rc/ArmoredInfantryFightingVehicle,rdfs:subClassOf,http://kbpedia.org/kko/rc/AmphibiousVehicle
http://kbpedia.org/kko/rc/ArmoredInfantryFightingVehicle,rdfs:subClassOf,http://kbpedia.org/kko/rc/ArmoredFightingVehicle
http://kbpedia.org/kko/rc/NavalArmour,rdfs:subClassOf,http://kbpedia.org/kko/rc/Armor
http://kbpedia.org/kko/rc/NavalArmour,rdfs:subClassOf,owl:Thing
http://kbpedia.org/kko/rc/StockCar,rdfs:subClassOf,http://kbpedia.org/kko/rc/RaceCar
http://kbpedia.org/kko/rc/StockCar,rdfs:subClassOf,owl:Thing
http://kbpedia.org/kko/rc/RollsRoyceCar,rdfs:subClassOf,http://kbpedia.org/kko/rc/EnglishCar
http://kbpedia.org/kko/rc/RollsRoyceCar,rdfs:subClassOf,owl:Thing
http://kbpedia.org/kko/rc/RollsRoyceCar,rdfs:subClassOf,http://kbpedia.org/kko/rc/LuxuryCar
http://kbpedia.org/kko/rc/MGACar,rdfs:subClassOf,http://kbpedia.org/kko/rc/MGCar
http://kbpedia.org/kko/rc/MGACar,rdfs:subClassOf,owl:Thing
http://kbpedia.org/kko/rc/DutchCargoAircraft,rdfs:subClassOf,http://kbpedia.org/kko/rc/CargoAirplane
http://kbpedia.org/kko/rc/DutchCargoAircraft,rdfs:subClassOf,owl:Thing
http://kbpedia.org/kko/rc/BMW325Car,rdfs:subClassOf,http://kbpedia.org/kko/rc/BMWCar
http://kbpedia.org/kko/rc/BMW325Car,rdfs:subClassOf,owl:Thing
http://kbpedia.org/kko/rc/JeepBrandCar,rdfs:subClassOf,http://kbpedia.org/kko/rc/ChryslerCar
http://kbpedia.org/kko/rc/JeepBrandCar,rdfs:subClassOf,owl:Thing
http://kbpedia.org/kko/rc/JeepBrandCar,rdfs:subClassOf,http://kbpedia.org/kko/rc/SportUtilityVehicle
http://kbpedia.org/kko/rc/IPAddress,rdfs:subClassOf,http://kbpedia.org/kko/rc/IDString
http://kbpedia.org/kko/rc/IPAddress,rdfs:subClassOf,owl:Thing
http://kbpedia.org/kko/rc/IPAddress,rdfs:subClassOf,http://kbpedia.org/kko/rc/InternetProtocolAddress
http://kbpedia.org/kko/rc/SukhoiPAKFA,rdfs:subClassOf,http://kbpedia.org/kko/rc/FighterAttackPlane
http://kbpedia.org/kko/rc/SukhoiPAKFA,rdfs:subClassOf,owl:Thing
http://kbpedia.org/kko/rc/SukhoiPAKFA,rdfs:subClassOf,http://kbpedia.org/kko/rc/FighterPlane
http://kbpedia.org/kko/rc/BMW750Car,rdfs:subClassOf,http://kbpedia.org/kko/rc/BMWCar
http://kbpedia.org/kko/rc/BMW750Car,rdfs:subClassOf,owl:Thing
http://kbpedia.org/kko/rc/CompactOverheadPowerline,rdfs:subClassOf,http://kbpedia.org/kko/rc/ElectricPowerGrid
http://kbpedia.org/kko/rc/CompactOverheadPowerline,rdfs:subClassOf,owl:Thing
http://kbpedia.org/kko/rc/CompactOverheadPowerline,rdfs:subClassOf,http://kbpedia.org/kko/rc/ElectricalTransmissionDistributionEquipment
http://kbpedia.org/kko/rc/DeliveryTruck,rdfs:subClassOf,http://kbpedia.org/kko/rc/ProductMaterialTransportVehicle
http://kbpedia.org/kko/rc/DeliveryTruck,rdfs:subClassOf,owl:Thing
http://kbpedia.org/kko/rc/DeliveryTruck,rdfs:subClassOf,http://kbpedia.org/kko/rc/Truck
http://kbpedia.org/kko/rc/CityBlock,rdfs:subClassOf,http://kbpedia.org/kko/rc/Roadway
http://kbpedia.org/kko/rc/CityBlock,rdfs:subClassOf,owl:Thing
http://kbpedia.org/kko/rc/CityBlock,rdfs:subClassOf,http://kbpedia.org/kko/rc/UrbanArea
http://kbpedia.org/kko/rc/SinclairC5,rdfs:subClassOf,http://kbpedia.org/kko/rc/ElectricCar
http://kbpedia.org/kko/rc/SinclairC5,rdfs:subClassOf,owl:Thing
http://kbpedia.org/kko/rc/TransportVia_RoadVehicle,rdfs:subClassOf,http://kbpedia.org/kko/rc/RoadTransport
http://kbpedia.org/kko/rc/TransportVia_RoadVehicle,rdfs:subClassOf,owl:Thing
http://kbpedia.org/kko/rc/TransportVia_RoadVehicle,rdfs:subClassOf,http://kbpedia.org/kko/rc/ServiceEvent
http://kbpedia.org/kko/rc/TransportVia_RoadVehicle,rdfs:subClassOf,http://kbpedia.org/kko/rc/TransportService
http://kbpedia.org/kko/rc/TransportVia_RoadVehicle,rdfs:subClassOf,http://kbpedia.org/kko/rc/TransportWithMotorizedLandVehicle
http://kbpedia.org/kko/rc/TransportVia_RoadVehicle,rdfs:subClassOf,http://kbpedia.org/kko/rc/TransportVia_LandTransportationDevice
http://kbpedia.org/kko/rc/BroadcastAddress,rdfs:subClassOf,http://kbpedia.org/kko/rc/IPAddress
http://kbpedia.org/kko/rc/BroadcastAddress,rdfs:subClassOf,owl:Thing
http://kbpedia.org/kko/rc/Petropavlovsk_classBattleship,rdfs:subClassOf,http://kbpedia.org/kko/rc/PreDreadnoughtBattleship
http://kbpedia.org/kko/rc/Petropavlovsk_classBattleship,rdfs:subClassOf,owl:Thing
http://kbpedia.org/kko/rc/Shivalik_classFrigate,rdfs:subClassOf,http://kbpedia.org/kko/rc/Frigate
http://kbpedia.org/kko/rc/Shivalik_classFrigate,rdfs:subClassOf,owl:Thing
http://kbpedia.org/kko/rc/SukhoiSu_37,rdfs:subClassOf,http://kbpedia.org/kko/rc/ExperimentalAircraft
http://kbpedia.org/kko/rc/SukhoiSu_37,rdfs:subClassOf,owl:Thing
http://kbpedia.org/kko/rc/SukhoiSu_37,rdfs:subClassOf,http://kbpedia.org/kko/rc/Jetfighter
http://kbpedia.org/kko/rc/JeepCJ5Car,rdfs:subClassOf,http://kbpedia.org/kko/rc/JeepBrandCar
http://kbpedia.org/kko/rc/JeepCJ5Car,rdfs:subClassOf,owl:Thing
http://kbpedia.org/kko/rc/DellComputer,rdfs:subClassOf,http://kbpedia.org/kko/rc/PersonalComputer
http://kbpedia.org/kko/rc/DellComputer,rdfs:subClassOf,owl:Thing
http://kbpedia.org/kko/rc/CityBus,rdfs:subClassOf,http://kbpedia.org/kko/rc/Bus_RoadVehicle
http://kbpedia.org/kko/rc/CityBus,rdfs:subClassOf,owl:Thing
http://kbpedia.org/kko/rc/Restructuring,rdfs:subClassOf,http://kbpedia.org/kko/rc/FunctionalSystem
http://kbpedia.org/kko/rc/Restructuring,rdfs:subClassOf,owl:Thing
http://kbpedia.org/kko/rc/RuggieroDiLauria_classIronclad,rdfs:subClassOf,http://kbpedia.org/kko/rc/IroncladWarship
http://kbpedia.org/kko/rc/RuggieroDiLauria_classIronclad,rdfs:subClassOf,owl:Thing
http://kbpedia.org/kko/rc/SukhoiSu_9,rdfs:subClassOf,http://kbpedia.org/kko/rc/Jetfighter
http://kbpedia.org/kko/rc/SukhoiSu_9,rdfs:subClassOf,owl:Thing
http://kbpedia.org/kko/rc/PipingSystem_Biological,rdfs:subClassOf,http://kbpedia.org/kko/rc/ConnectedPhysicalPath_Biological
http://kbpedia.org/kko/rc/PipingSystem_Biological,rdfs:subClassOf,owl:Thing
http://kbpedia.org/kko/rc/JeepComancheCar,rdfs:subClassOf,http://kbpedia.org/kko/rc/JeepBrandCar
http://kbpedia.org/kko/rc/JeepComancheCar,rdfs:subClassOf,owl:Thing
http://kbpedia.org/kko/rc/Delaware_classBattleship,rdfs:subClassOf,http://kbpedia.org/kko/rc/Dreadnought
http://kbpedia.org/kko/rc/Delaware_classBattleship,rdfs:subClassOf,owl:Thing
http://kbpedia.org/kko/rc/PhantomVICar,rdfs:subClassOf,http://kbpedia.org/kko/rc/RollsRoyceCar
http://kbpedia.org/kko/rc/PhantomVICar,rdfs:subClassOf,owl:Thing
http://kbpedia.org/kko/rc/SacralNerve,rdfs:subClassOf,http://kbpedia.org/kko/rc/SpinalNerve
http://kbpedia.org/kko/rc/SacralNerve,rdfs:subClassOf,owl:Thing
http://kbpedia.org/kko/rc/JeepGrandCherokeeCar,rdfs:subClassOf,http://kbpedia.org/kko/rc/JeepBrandCar
http://kbpedia.org/kko/rc/JeepGrandCherokeeCar,rdfs:subClassOf,owl:Thing
http://kbpedia.org/kko/rc/Kaiser_classBattleship,rdfs:subClassOf,http://kbpedia.org/kko/rc/Battleship
http://kbpedia.org/kko/rc/Kaiser_classBattleship,rdfs:subClassOf,owl:Thing
http://kbpedia.org/kko/rc/BikeCarrier,rdfs:subClassOf,http://kbpedia.org/kko/rc/Rack_Holder
http://kbpedia.org/kko/rc/BikeCarrier,rdfs:subClassOf,owl:Thing
http://kbpedia.org/kko/rc/BikeCarrier,rdfs:subClassOf,http://kbpedia.org/kko/rc/RoofRackSystem
http://kbpedia.org/kko/rc/Stirrup,rdfs:subClassOf,http://kbpedia.org/kko/rc/HorseHarness
http://kbpedia.org/kko/rc/Stirrup,rdfs:subClassOf,owl:Thing
http://kbpedia.org/kko/rc/Stirrup,rdfs:subClassOf,http://kbpedia.org/kko/rc/PhysicalPartOfObject
http://kbpedia.org/kko/rc/Stirrup,rdfs:subClassOf,http://kbpedia.org/kko/rc/SinglePurposeDevice
http://kbpedia.org/kko/rc/IsuzuAmigoCar,rdfs:subClassOf,http://kbpedia.org/kko/rc/IsuzuCar
http://kbpedia.org/kko/rc/IsuzuAmigoCar,rdfs:subClassOf,owl:Thing
http://kbpedia.org/kko/rc/RadioNavigation,rdfs:subClassOf,http://kbpedia.org/kko/rc/Radio
http://kbpedia.org/kko/rc/RadioNavigation,rdfs:subClassOf,owl:Thing
http://kbpedia.org/kko/rc/ContainerShip,rdfs:subClassOf,http://kbpedia.org/kko/rc/MaterialTransporter
http://kbpedia.org/kko/rc/ContainerShip,rdfs:subClassOf,owl:Thing
http://kbpedia.org/kko/rc/ContainerShip,rdfs:subClassOf,http://kbpedia.org/kko/rc/Ship
http://kbpedia.org/kko/rc/DellInspironComputer,rdfs:subClassOf,http://kbpedia.org/kko/rc/DellComputer
http://kbpedia.org/kko/rc/DellInspironComputer,rdfs:subClassOf,owl:Thing
http://kbpedia.org/kko/rc/ScionAutomobile,rdfs:subClassOf,http://kbpedia.org/kko/rc/ToyotaCar
http://kbpedia.org/kko/rc/ScionAutomobile,rdfs:subClassOf,owl:Thing
http://kbpedia.org/kko/rc/Mikoyan_GurevichMiG_9,rdfs:subClassOf,http://kbpedia.org/kko/rc/Jetfighter
http://kbpedia.org/kko/rc/Mikoyan_GurevichMiG_9,rdfs:subClassOf,owl:Thing
http://kbpedia.org/kko/rc/ThoracicNerve,rdfs:subClassOf,http://kbpedia.org/kko/rc/SpinalNerve
http://kbpedia.org/kko/rc/ThoracicNerve,rdfs:subClassOf,owl:Thing
http://kbpedia.org/kko/rc/PeugeotConceptVehicle,rdfs:subClassOf,http://kbpedia.org/kko/rc/PeugeotCar
http://kbpedia.org/kko/rc/PeugeotConceptVehicle,rdfs:subClassOf,owl:Thing
http://kbpedia.org/kko/rc/IsuzuHombreCar,rdfs:subClassOf,http://kbpedia.org/kko/rc/IsuzuCar
http://kbpedia.org/kko/rc/IsuzuHombreCar,rdfs:subClassOf,owl:Thing
http://kbpedia.org/kko/rc/DellPowerEdgeComputer,rdfs:subClassOf,http://kbpedia.org/kko/rc/DellComputer
http://kbpedia.org/kko/rc/DellPowerEdgeComputer,rdfs:subClassOf,owl:Thing
http://kbpedia.org/kko/rc/ScissorBridgeTruck,rdfs:subClassOf,http://kbpedia.org/kko/rc/MilitaryLandPlatform
http://kbpedia.org/kko/rc/ScissorBridgeTruck,rdfs:subClassOf,owl:Thing
http://kbpedia.org/kko/rc/ScissorBridgeTruck,rdfs:subClassOf,http://kbpedia.org/kko/rc/SupportVehicle
http://kbpedia.org/kko/rc/ScissorBridgeTruck,rdfs:subClassOf,http://kbpedia.org/kko/rc/Truck
http://kbpedia.org/kko/rc/Mikoyan_GurevichDis,rdfs:subClassOf,http://kbpedia.org/kko/rc/ExperimentalAircraft
http://kbpedia.org/kko/rc/Mikoyan_GurevichDis,rdfs:subClassOf,owl:Thing
http://kbpedia.org/kko/rc/Mikoyan_GurevichDis,rdfs:subClassOf,http://kbpedia.org/kko/rc/WorldWarIIFighterAircraft
http://kbpedia.org/kko/rc/Mikoyan_GurevichDis,rdfs:subClassOf,http://kbpedia.org/kko/rc/MilitaryAircraft
http://kbpedia.org/kko/rc/Jeep_Traditional,rdfs:subClassOf,http://kbpedia.org/kko/rc/Automobile_GasolineEngine
http://kbpedia.org/kko/rc/Jeep_Traditional,rdfs:subClassOf,owl:Thing
http://kbpedia.org/kko/rc/TorpedoWatercraft_Surface,rdfs:subClassOf,http://kbpedia.org/kko/rc/TorpedoArmedCraft
http://kbpedia.org/kko/rc/TorpedoWatercraft_Surface,rdfs:subClassOf,owl:Thing
http://kbpedia.org/kko/rc/TorpedoWatercraft_Surface,rdfs:subClassOf,http://kbpedia.org/kko/rc/Watercraft_Surface
http://kbpedia.org/kko/rc/Armor,rdfs:subClassOf,http://kbpedia.org/kko/rc/Cover_Protector
http://kbpedia.org/kko/rc/Armor,rdfs:subClassOf,owl:Thing
http://kbpedia.org/kko/rc/Armor,rdfs:subClassOf,http://kbpedia.org/kko/rc/DefenseSystem
http://kbpedia.org/kko/rc/GreatFloridaBirdingTrail,rdfs:subClassOf,http://kbpedia.org/kko/rc/NatureReserve
http://kbpedia.org/kko/rc/GreatFloridaBirdingTrail,rdfs:subClassOf,owl:Thing
http://kbpedia.org/kko/rc/GreatFloridaBirdingTrail,rdfs:subClassOf,http://kbpedia.org/kko/rc/Trail
http://kbpedia.org/kko/rc/RadioFormat,rdfs:subClassOf,http://kbpedia.org/kko/rc/Radio
http://kbpedia.org/kko/rc/RadioFormat,rdfs:subClassOf,owl:Thing
http://kbpedia.org/kko/rc/KaiserFriedrichIii_classBattleship,rdfs:subClassOf,http://kbpedia.org/kko/rc/PreDreadnoughtBattleship
http://kbpedia.org/kko/rc/KaiserFriedrichIii_classBattleship,rdfs:subClassOf,owl:Thing
http://kbpedia.org/kko/rc/ArmoredMortarVehicle,rdfs:subClassOf,http://kbpedia.org/kko/rc/All_TerrainVehicle
http://kbpedia.org/kko/rc/ArmoredMortarVehicle,rdfs:subClassOf,owl:Thing
http://kbpedia.org/kko/rc/ArmoredMortarVehicle,rdfs:subClassOf,http://kbpedia.org/kko/rc/AmphibiousVehicle
http://kbpedia.org/kko/rc/ArmoredMortarVehicle,rdfs:subClassOf,http://kbpedia.org/kko/rc/ArmoredFightingVehicle
http://kbpedia.org/kko/rc/ArmoredMortarVehicle,rdfs:subClassOf,http://kbpedia.org/kko/rc/Artillery_SelfPropelled
http://kbpedia.org/kko/rc/Regioni_classCruiser,rdfs:subClassOf,http://kbpedia.org/kko/rc/Cruiser
http://kbpedia.org/kko/rc/Regioni_classCruiser,rdfs:subClassOf,owl:Thing
http://kbpedia.org/kko/rc/Kaiman_classTorpedoBoat,rdfs:subClassOf,http://kbpedia.org/kko/rc/TorpedoWatercraft_Surface
http://kbpedia.org/kko/rc/Kaiman_classTorpedoBoat,rdfs:subClassOf,owl:Thing
http://kbpedia.org/kko/rc/Artillery_SelfPropelled,rdfs:subClassOf,http://kbpedia.org/kko/rc/ArmoredVehicle
http://kbpedia.org/kko/rc/Artillery_SelfPropelled,rdfs:subClassOf,owl:Thing
http://kbpedia.org/kko/rc/Artillery_SelfPropelled,rdfs:subClassOf,http://kbpedia.org/kko/rc/FieldArtillery
http://kbpedia.org/kko/rc/Artillery_SelfPropelled,rdfs:subClassOf,http://kbpedia.org/kko/rc/WeaponSystem
http://kbpedia.org/kko/rc/HorsebackRiding,rdfs:subClassOf,http://kbpedia.org/kko/rc/AnimalPoweredTransport
http://kbpedia.org/kko/rc/HorsebackRiding,rdfs:subClassOf,owl:Thing
http://kbpedia.org/kko/rc/HorsebackRiding,rdfs:subClassOf,http://kbpedia.org/kko/rc/RecreationalActivity
http://kbpedia.org/kko/rc/HorsebackRiding,rdfs:subClassOf,http://kbpedia.org/kko/rc/Ride
http://kbpedia.org/kko/rc/SelfDrivingCar,rdfs:subClassOf,http://kbpedia.org/kko/rc/Automobile
http://kbpedia.org/kko/rc/SelfDrivingCar,rdfs:subClassOf,owl:Thing
http://kbpedia.org/kko/rc/ElectricPowerGrid,rdfs:subClassOf,http://kbpedia.org/kko/rc/ConnectedPhysicalPathSystem
http://kbpedia.org/kko/rc/ElectricPowerGrid,rdfs:subClassOf,owl:Thing
http://kbpedia.org/kko/rc/ElectricPowerGrid,rdfs:subClassOf,http://kbpedia.org/kko/rc/InfrastructureProduct
http://kbpedia.org/kko/rc/ElectricPowerGrid,rdfs:subClassOf,http://kbpedia.org/kko/rc/UtilityBuildingStructure
http://kbpedia.org/kko/rc/Armor_ExtrinsicToObject,rdfs:subClassOf,http://kbpedia.org/kko/rc/Armor
http://kbpedia.org/kko/rc/Armor_ExtrinsicToObject,rdfs:subClassOf,owl:Thing
http://kbpedia.org/kko/rc/BLymphocyte,rdfs:subClassOf,http://kbpedia.org/kko/rc/Lymphocyte
http://kbpedia.org/kko/rc/BLymphocyte,rdfs:subClassOf,owl:Thing
http://kbpedia.org/kko/rc/ConteDiCavour_classBattleship,rdfs:subClassOf,http://kbpedia.org/kko/rc/Dreadnought
http://kbpedia.org/kko/rc/ConteDiCavour_classBattleship,rdfs:subClassOf,owl:Thing
http://kbpedia.org/kko/rc/DellHardware,rdfs:subClassOf,http://kbpedia.org/kko/rc/DellComputer
http://kbpedia.org/kko/rc/DellHardware,rdfs:subClassOf,owl:Thing
http://kbpedia.org/kko/rc/AirplaneCabin,rdfs:subClassOf,http://kbpedia.org/kko/rc/AircraftCabin
http://kbpedia.org/kko/rc/AirplaneCabin,rdfs:subClassOf,owl:Thing
http://kbpedia.org/kko/rc/ArmoredCar,rdfs:subClassOf,http://kbpedia.org/kko/rc/ArmoredVehicle_Light
http://kbpedia.org/kko/rc/ArmoredCar,rdfs:subClassOf,owl:Thing
http://kbpedia.org/kko/rc/ArmoredCar,rdfs:subClassOf,http://kbpedia.org/kko/rc/Automobile_GasolineEngine
http://kbpedia.org/kko/rc/PeugeotVehicle,rdfs:subClassOf,http://kbpedia.org/kko/rc/PeugeotCar
http://kbpedia.org/kko/rc/PeugeotVehicle,rdfs:subClassOf,owl:Thing
http://kbpedia.org/kko/rc/BMW3Series,rdfs:subClassOf,http://kbpedia.org/kko/rc/BMWCar
http://kbpedia.org/kko/rc/BMW3Series,rdfs:subClassOf,owl:Thing
http://kbpedia.org/kko/rc/RadioPaging,rdfs:subClassOf,http://kbpedia.org/kko/rc/Radio
http://kbpedia.org/kko/rc/RadioPaging,rdfs:subClassOf,owl:Thing
http://kbpedia.org/kko/rc/Kalamazoo_classMonitor,rdfs:subClassOf,http://kbpedia.org/kko/rc/Monitor
http://kbpedia.org/kko/rc/Kalamazoo_classMonitor,rdfs:subClassOf,owl:Thing
http://kbpedia.org/kko/rc/NavigationalBuoy,rdfs:subClassOf,http://kbpedia.org/kko/rc/Buoy
http://kbpedia.org/kko/rc/NavigationalBuoy,rdfs:subClassOf,owl:Thing
http://kbpedia.org/kko/rc/NavigationalBuoy,rdfs:subClassOf,http://kbpedia.org/kko/rc/NavigationBeacon
http://kbpedia.org/kko/rc/ConvertibleCar,rdfs:subClassOf,http://kbpedia.org/kko/rc/AutomobileTypeByBodyStyle
http://kbpedia.org/kko/rc/ConvertibleCar,rdfs:subClassOf,owl:Thing
http://kbpedia.org/kko/rc/CompaqComputer,rdfs:subClassOf,http://kbpedia.org/kko/rc/PersonalComputer
http://kbpedia.org/kko/rc/CompaqComputer,rdfs:subClassOf,owl:Thing
http://kbpedia.org/kko/rc/Mikoyan_GurevichI_250,rdfs:subClassOf,http://kbpedia.org/kko/rc/ExperimentalAircraft
http://kbpedia.org/kko/rc/Mikoyan_GurevichI_250,rdfs:subClassOf,owl:Thing
http://kbpedia.org/kko/rc/Mikoyan_GurevichI_250,rdfs:subClassOf,http://kbpedia.org/kko/rc/WorldWarIIFighterAircraft
http://kbpedia.org/kko/rc/Mikoyan_GurevichI_250,rdfs:subClassOf,http://kbpedia.org/kko/rc/MilitaryAircraft
http://kbpedia.org/kko/rc/SimcaArianeCar,rdfs:subClassOf,http://kbpedia.org/kko/rc/SimcaCar
http://kbpedia.org/kko/rc/SimcaArianeCar,rdfs:subClassOf,owl:Thing
http://kbpedia.org/kko/rc/EasternInterconnectedSystem_ElectricPowerGrid,rdfs:subClassOf,http://kbpedia.org/kko/rc/ElectricPowerGrid
http://kbpedia.org/kko/rc/EasternInterconnectedSystem_ElectricPowerGrid,rdfs:subClassOf,owl:Thing
http://kbpedia.org/kko/rc/Tosa_classBattleship,rdfs:subClassOf,http://kbpedia.org/kko/rc/Dreadnought
http://kbpedia.org/kko/rc/Tosa_classBattleship,rdfs:subClassOf,owl:Thing
http://kbpedia.org/kko/rc/BMWConvertible,rdfs:subClassOf,http://kbpedia.org/kko/rc/BMWCar
http://kbpedia.org/kko/rc/BMWConvertible,rdfs:subClassOf,owl:Thing
http://kbpedia.org/kko/rc/BMWConvertible,rdfs:subClassOf,http://kbpedia.org/kko/rc/ConvertibleCar
http://kbpedia.org/kko/rc/MilMi_24,rdfs:subClassOf,http://kbpedia.org/kko/rc/AttackHelicopter
http://kbpedia.org/kko/rc/MilMi_24,rdfs:subClassOf,owl:Thing
http://kbpedia.org/kko/rc/SimcaCar,rdfs:subClassOf,http://kbpedia.org/kko/rc/FrenchCar
http://kbpedia.org/kko/rc/SimcaCar,rdfs:subClassOf,owl:Thing
http://kbpedia.org/kko/rc/IsuzuVehicle,rdfs:subClassOf,http://kbpedia.org/kko/rc/IsuzuCar
http://kbpedia.org/kko/rc/IsuzuVehicle,rdfs:subClassOf,owl:Thing
http://kbpedia.org/kko/rc/DeloreanCar,rdfs:subClassOf,http://kbpedia.org/kko/rc/AmericanAutomobile
http://kbpedia.org/kko/rc/DeloreanCar,rdfs:subClassOf,owl:Thing
http://kbpedia.org/kko/rc/DeloreanCar,rdfs:subClassOf,http://kbpedia.org/kko/rc/LuxuryCar
http://kbpedia.org/kko/rc/DeloreanCar,rdfs:subClassOf,http://kbpedia.org/kko/rc/SportsCar
http://kbpedia.org/kko/rc/Mikoyan_GurevichI_211,rdfs:subClassOf,http://kbpedia.org/kko/rc/ExperimentalAircraft
http://kbpedia.org/kko/rc/Mikoyan_GurevichI_211,rdfs:subClassOf,owl:Thing
http://kbpedia.org/kko/rc/Mikoyan_GurevichI_211,rdfs:subClassOf,http://kbpedia.org/kko/rc/WorldWarIIFighterAircraft
http://kbpedia.org/kko/rc/Mikoyan_GurevichI_211,rdfs:subClassOf,http://kbpedia.org/kko/rc/MilitaryAircraft
http://kbpedia.org/kko/rc/AirplaneLanding,rdfs:subClassOf,http://kbpedia.org/kko/rc/Landing_Aircraft
http://kbpedia.org/kko/rc/AirplaneLanding,rdfs:subClassOf,owl:Thing
http://kbpedia.org/kko/rc/SimcaVehicle,rdfs:subClassOf,http://kbpedia.org/kko/rc/ChryslerCar
http://kbpedia.org/kko/rc/SimcaVehicle,rdfs:subClassOf,owl:Thing
http://kbpedia.org/kko/rc/ToshibaComputer,rdfs:subClassOf,http://kbpedia.org/kko/rc/PersonalComputer
http://kbpedia.org/kko/rc/ToshibaComputer,rdfs:subClassOf,owl:Thing
http://kbpedia.org/kko/rc/NavigationalEquipment,rdfs:subClassOf,http://kbpedia.org/kko/rc/LocationNavigationSystems
http://kbpedia.org/kko/rc/NavigationalEquipment,rdfs:subClassOf,owl:Thing
http://kbpedia.org/kko/rc/NavigationalEquipment,rdfs:subClassOf,http://kbpedia.org/kko/rc/SupportServicesEquipment
http://kbpedia.org/kko/rc/BackboneNetwork,rdfs:subClassOf,http://kbpedia.org/kko/rc/ComputerNetwork
http://kbpedia.org/kko/rc/BackboneNetwork,rdfs:subClassOf,owl:Thing
http://kbpedia.org/kko/rc/Roon_classCruiser,rdfs:subClassOf,http://kbpedia.org/kko/rc/Cruiser
http://kbpedia.org/kko/rc/Roon_classCruiser,rdfs:subClassOf,owl:Thing
http://kbpedia.org/kko/rc/AirplaneCockpit,rdfs:subClassOf,http://kbpedia.org/kko/rc/PassengerCompartment
http://kbpedia.org/kko/rc/AirplaneCockpit,rdfs:subClassOf,owl:Thing
http://kbpedia.org/kko/rc/Driving,rdfs:subClassOf,http://kbpedia.org/kko/rc/GuidingAMovingObject
http://kbpedia.org/kko/rc/Driving,rdfs:subClassOf,owl:Thing
http://kbpedia.org/kko/rc/Driving,rdfs:subClassOf,http://kbpedia.org/kko/rc/TransportVia_RoadVehicle
http://kbpedia.org/kko/rc/BMWInMotorsport,rdfs:subClassOf,http://kbpedia.org/kko/rc/BMWCar
http://kbpedia.org/kko/rc/BMWInMotorsport,rdfs:subClassOf,owl:Thing
http://kbpedia.org/kko/rc/GreatRiverRoad,rdfs:subClassOf,http://kbpedia.org/kko/rc/ScenicRoute
http://kbpedia.org/kko/rc/GreatRiverRoad,rdfs:subClassOf,owl:Thing
http://kbpedia.org/kko/rc/RespiratoryTract,rdfs:subClassOf,http://kbpedia.org/kko/rc/AnimalBodyPart
http://kbpedia.org/kko/rc/RespiratoryTract,rdfs:subClassOf,owl:Thing
http://kbpedia.org/kko/rc/RespiratoryTract,rdfs:subClassOf,http://kbpedia.org/kko/rc/InternalAnatomicalPart
http://kbpedia.org/kko/rc/RespiratoryTract,rdfs:subClassOf,http://kbpedia.org/kko/rc/PipingSystem_Biological
http://kbpedia.org/kko/rc/NashCar,rdfs:subClassOf,http://kbpedia.org/kko/rc/AmericanAutomobile
http://kbpedia.org/kko/rc/NashCar,rdfs:subClassOf,owl:Thing
http://kbpedia.org/kko/rc/Gazelle_classCruiser,rdfs:subClassOf,http://kbpedia.org/kko/rc/LightCruiser
http://kbpedia.org/kko/rc/Gazelle_classCruiser,rdfs:subClassOf,owl:Thing
http://kbpedia.org/kko/rc/BMWM3Car,rdfs:subClassOf,http://kbpedia.org/kko/rc/BMWCar
http://kbpedia.org/kko/rc/BMWM3Car,rdfs:subClassOf,owl:Thing
http://kbpedia.org/kko/rc/BMWM3Car,rdfs:subClassOf,http://kbpedia.org/kko/rc/SportsCar
http://kbpedia.org/kko/rc/JensenHealeyCar,rdfs:subClassOf,http://kbpedia.org/kko/rc/EnglishCar
http://kbpedia.org/kko/rc/JensenHealeyCar,rdfs:subClassOf,owl:Thing
http://kbpedia.org/kko/rc/WeaponsGuidanceSystem,rdfs:subClassOf,http://kbpedia.org/kko/rc/WeaponSystem
http://kbpedia.org/kko/rc/WeaponsGuidanceSystem,rdfs:subClassOf,owl:Thing
http://kbpedia.org/kko/rc/Ibuki_classArmoredCruiser,rdfs:subClassOf,http://kbpedia.org/kko/rc/BattleCruiser
http://kbpedia.org/kko/rc/Ibuki_classArmoredCruiser,rdfs:subClassOf,owl:Thing
http://kbpedia.org/kko/rc/Luggage,rdfs:subClassOf,http://kbpedia.org/kko/rc/LuggageHandbagPack
http://kbpedia.org/kko/rc/Luggage,rdfs:subClassOf,owl:Thing
http://kbpedia.org/kko/rc/Luggage,rdfs:subClassOf,http://kbpedia.org/kko/rc/TransportationContainerProduct
http://kbpedia.org/kko/rc/WesternInterconnectedSystem_ElectricPowerGrid,rdfs:subClassOf,http://kbpedia.org/kko/rc/ElectricPowerGrid
http://kbpedia.org/kko/rc/WesternInterconnectedSystem_ElectricPowerGrid,rdfs:subClassOf,owl:Thing
http://kbpedia.org/kko/rc/Minotaur_classCruiser,rdfs:subClassOf,http://kbpedia.org/kko/rc/ArmoredCruiser
http://kbpedia.org/kko/rc/Minotaur_classCruiser,rdfs:subClassOf,owl:Thing
http://kbpedia.org/kko/rc/BMWM5Car,rdfs:subClassOf,http://kbpedia.org/kko/rc/BMWCar
http://kbpedia.org/kko/rc/BMWM5Car,rdfs:subClassOf,owl:Thing
http://kbpedia.org/kko/rc/BMWM5Car,rdfs:subClassOf,http://kbpedia.org/kko/rc/FullSizeCar
http://kbpedia.org/kko/rc/TwoWheeledMotorizedVehicle,rdfs:subClassOf,http://kbpedia.org/kko/rc/RoadVehicle
http://kbpedia.org/kko/rc/TwoWheeledMotorizedVehicle,rdfs:subClassOf,owl:Thing
http://kbpedia.org/kko/rc/TwoWheeledMotorizedVehicle,rdfs:subClassOf,http://kbpedia.org/kko/rc/WheeledTransportationDevice
http://kbpedia.org/kko/rc/UnitedStatesMilitaryHelicopter,rdfs:subClassOf,http://kbpedia.org/kko/rc/MilitaryHelicopter
http://kbpedia.org/kko/rc/UnitedStatesMilitaryHelicopter,rdfs:subClassOf,owl:Thing
http://kbpedia.org/kko/rc/ThoracoDorsalNerve,rdfs:subClassOf,http://kbpedia.org/kko/rc/MotorNerve
http://kbpedia.org/kko/rc/ThoracoDorsalNerve,rdfs:subClassOf,owl:Thing
http://kbpedia.org/kko/rc/Motorcycle,rdfs:subClassOf,http://kbpedia.org/kko/rc/MotorVehicle
http://kbpedia.org/kko/rc/Motorcycle,rdfs:subClassOf,owl:Thing
http://kbpedia.org/kko/rc/Motorcycle,rdfs:subClassOf,http://kbpedia.org/kko/rc/TwoWheeledMotorizedVehicle
http://kbpedia.org/kko/rc/AssaultHelicopter,rdfs:subClassOf,http://kbpedia.org/kko/rc/MilitaryHelicopter
http://kbpedia.org/kko/rc/AssaultHelicopter,rdfs:subClassOf,owl:Thing
http://kbpedia.org/kko/rc/Saddle,rdfs:subClassOf,http://kbpedia.org/kko/rc/HorseTack
http://kbpedia.org/kko/rc/Saddle,rdfs:subClassOf,owl:Thing
http://kbpedia.org/kko/rc/Saddle,rdfs:subClassOf,http://kbpedia.org/kko/rc/NonPoweredDevice
http://kbpedia.org/kko/rc/Saddle,rdfs:subClassOf,http://kbpedia.org/kko/rc/Saddlery
http://kbpedia.org/kko/rc/Saddle,rdfs:subClassOf,http://kbpedia.org/kko/rc/SeatingDevice
http://kbpedia.org/kko/rc/Helgoland_classBattleship,rdfs:subClassOf,http://kbpedia.org/kko/rc/Dreadnought
http://kbpedia.org/kko/rc/Helgoland_classBattleship,rdfs:subClassOf,owl:Thing
http://kbpedia.org/kko/rc/BMWMotorcycle,rdfs:subClassOf,http://kbpedia.org/kko/rc/Motorcycle
http://kbpedia.org/kko/rc/BMWMotorcycle,rdfs:subClassOf,owl:Thing
http://kbpedia.org/kko/rc/JeepPlatform,rdfs:subClassOf,http://kbpedia.org/kko/rc/JeepBrandCar
http://kbpedia.org/kko/rc/JeepPlatform,rdfs:subClassOf,owl:Thing
http://kbpedia.org/kko/rc/JeepPlatform,rdfs:subClassOf,http://kbpedia.org/kko/rc/Jeep_Traditional
http://kbpedia.org/kko/rc/TowingARoadVehicle,rdfs:subClassOf,http://kbpedia.org/kko/rc/PullingAnObjectAlongWith
http://kbpedia.org/kko/rc/TowingARoadVehicle,rdfs:subClassOf,owl:Thing
http://kbpedia.org/kko/rc/TowingARoadVehicle,rdfs:subClassOf,http://kbpedia.org/kko/rc/TransportVia_RoadVehicle
http://kbpedia.org/kko/rc/ThreeDimensionalCoordinateSystem,rdfs:subClassOf,http://kbpedia.org/kko/rc/CoordinateSystem
http://kbpedia.org/kko/rc/ThreeDimensionalCoordinateSystem,rdfs:subClassOf,owl:Thing
http://kbpedia.org/kko/rc/BMWVehicle,rdfs:subClassOf,http://kbpedia.org/kko/rc/BMWCar
http://kbpedia.org/kko/rc/BMWVehicle,rdfs:subClassOf,owl:Thing
http://kbpedia.org/kko/rc/Centurion_classBattleship,rdfs:subClassOf,http://kbpedia.org/kko/rc/PreDreadnoughtBattleship
http://kbpedia.org/kko/rc/Centurion_classBattleship,rdfs:subClassOf,owl:Thing
http://kbpedia.org/kko/rc/WeaponsTargetingSystem,rdfs:subClassOf,http://kbpedia.org/kko/rc/WeaponSystem
http://kbpedia.org/kko/rc/WeaponsTargetingSystem,rdfs:subClassOf,owl:Thing
http://kbpedia.org/kko/rc/Runabout_Boat,rdfs:subClassOf,http://kbpedia.org/kko/rc/Boat
http://kbpedia.org/kko/rc/Runabout_Boat,rdfs:subClassOf,owl:Thing
http://kbpedia.org/kko/rc/Runabout_Boat,rdfs:subClassOf,http://kbpedia.org/kko/rc/Motorboat
http://kbpedia.org/kko/rc/Runabout_Boat,rdfs:subClassOf,http://kbpedia.org/kko/rc/PersonalWatercraft
http://kbpedia.org/kko/rc/Shokaku_classAircraftCarrier,rdfs:subClassOf,http://kbpedia.org/kko/rc/AircraftCarrier
http://kbpedia.org/kko/rc/Shokaku_classAircraftCarrier,rdfs:subClassOf,owl:Thing
http://kbpedia.org/kko/rc/BMWZ4,rdfs:subClassOf,http://kbpedia.org/kko/rc/BMWCar
http://kbpedia.org/kko/rc/BMWZ4,rdfs:subClassOf,owl:Thing
http://kbpedia.org/kko/rc/DoorLock,rdfs:subClassOf,http://kbpedia.org/kko/rc/KeyLock
http://kbpedia.org/kko/rc/DoorLock,rdfs:subClassOf,owl:Thing
http://kbpedia.org/kko/rc/IceCreamTruck,rdfs:subClassOf,http://kbpedia.org/kko/rc/MobileRetailOutlet
http://kbpedia.org/kko/rc/IceCreamTruck,rdfs:subClassOf,owl:Thing
http://kbpedia.org/kko/rc/IceCreamTruck,rdfs:subClassOf,http://kbpedia.org/kko/rc/Van
http://kbpedia.org/kko/rc/IceCreamTruck,rdfs:subClassOf,http://kbpedia.org/kko/rc/Automobile_GasolineEngine
http://kbpedia.org/kko/rc/Minivan,rdfs:subClassOf,http://kbpedia.org/kko/rc/Van
http://kbpedia.org/kko/rc/Minivan,rdfs:subClassOf,owl:Thing
http://kbpedia.org/kko/rc/GeSteamTurbineLocomotive,rdfs:subClassOf,http://kbpedia.org/kko/rc/TrainEngine
http://kbpedia.org/kko/rc/GeSteamTurbineLocomotive,rdfs:subClassOf,owl:Thing
http://kbpedia.org/kko/rc/Scorpion_classIronclad,rdfs:subClassOf,http://kbpedia.org/kko/rc/IroncladWarship
http://kbpedia.org/kko/rc/Scorpion_classIronclad,rdfs:subClassOf,owl:Thing
http://kbpedia.org/kko/rc/PurseHandbagBag,rdfs:subClassOf,http://kbpedia.org/kko/rc/Luggage
http://kbpedia.org/kko/rc/PurseHandbagBag,rdfs:subClassOf,owl:Thing
http://kbpedia.org/kko/rc/PurseHandbagBag,rdfs:subClassOf,http://kbpedia.org/kko/rc/ContainerArtifact
http://kbpedia.org/kko/rc/PurseHandbagBag,rdfs:subClassOf,http://kbpedia.org/kko/rc/LuggageHandbagPack
http://kbpedia.org/kko/rc/SailingShip,rdfs:subClassOf,http://kbpedia.org/kko/rc/Ship
http://kbpedia.org/kko/rc/SailingShip,rdfs:subClassOf,owl:Thing
http://kbpedia.org/kko/rc/SailingShip,rdfs:subClassOf,http://kbpedia.org/kko/rc/WindPoweredDevice
http://kbpedia.org/kko/rc/SailingShip,rdfs:subClassOf,http://kbpedia.org/kko/rc/Watercraft
http://kbpedia.org/kko/rc/BRStandardClass6,rdfs:subClassOf,http://kbpedia.org/kko/rc/TrainEngine
http://kbpedia.org/kko/rc/BRStandardClass6,rdfs:subClassOf,owl:Thing
http://kbpedia.org/kko/rc/TrigeminalNerve,rdfs:subClassOf,http://kbpedia.org/kko/rc/CranialNerve
http://kbpedia.org/kko/rc/TrigeminalNerve,rdfs:subClassOf,owl:Thing
http://kbpedia.org/kko/rc/TrigeminalNerve,rdfs:subClassOf,http://kbpedia.org/kko/rc/SensoryMotorNerve
http://kbpedia.org/kko/rc/SeventhAvenueManhattan,rdfs:subClassOf,http://kbpedia.org/kko/rc/Street_Urban
http://kbpedia.org/kko/rc/SeventhAvenueManhattan,rdfs:subClassOf,owl:Thing
http://kbpedia.org/kko/rc/Backpack,rdfs:subClassOf,http://kbpedia.org/kko/rc/NonPoweredDevice
http://kbpedia.org/kko/rc/Backpack,rdfs:subClassOf,owl:Thing
http://kbpedia.org/kko/rc/Backpack,rdfs:subClassOf,http://kbpedia.org/kko/rc/PurseHandbagBag
http://kbpedia.org/kko/rc/Backpack,rdfs:subClassOf,http://kbpedia.org/kko/rc/SomethingToWear
http://kbpedia.org/kko/rc/Backpack,rdfs:subClassOf,http://kbpedia.org/kko/rc/Luggage
http://kbpedia.org/kko/rc/SacralPlexus,rdfs:subClassOf,http://kbpedia.org/kko/rc/Nerve
http://kbpedia.org/kko/rc/SacralPlexus,rdfs:subClassOf,owl:Thing
http://kbpedia.org/kko/rc/ReinaVictoriaEugenia_classBattleship,rdfs:subClassOf,http://kbpedia.org/kko/rc/Battleship
http://kbpedia.org/kko/rc/ReinaVictoriaEugenia_classBattleship,rdfs:subClassOf,owl:Thing
http://kbpedia.org/kko/rc/Sachsen_classIronclad,rdfs:subClassOf,http://kbpedia.org/kko/rc/IroncladWarship
http://kbpedia.org/kko/rc/Sachsen_classIronclad,rdfs:subClassOf,owl:Thing
http://kbpedia.org/kko/rc/Asama_classCruiser,rdfs:subClassOf,http://kbpedia.org/kko/rc/ArmoredCruiser
http://kbpedia.org/kko/rc/Asama_classCruiser,rdfs:subClassOf,owl:Thing
http://kbpedia.org/kko/rc/JeepWranglerCar,rdfs:subClassOf,http://kbpedia.org/kko/rc/JeepBrandCar
http://kbpedia.org/kko/rc/JeepWranglerCar,rdfs:subClassOf,owl:Thing
http://kbpedia.org/kko/rc/TourBus,rdfs:subClassOf,http://kbpedia.org/kko/rc/Bus_RoadVehicle
http://kbpedia.org/kko/rc/TourBus,rdfs:subClassOf,owl:Thing
http://kbpedia.org/kko/rc/SuzukiForsaCar,rdfs:subClassOf,http://kbpedia.org/kko/rc/SuzukiCar
http://kbpedia.org/kko/rc/SuzukiForsaCar,rdfs:subClassOf,owl:Thing
http://kbpedia.org/kko/rc/Nassau_classBattleship,rdfs:subClassOf,http://kbpedia.org/kko/rc/Dreadnought
http://kbpedia.org/kko/rc/Nassau_classBattleship,rdfs:subClassOf,owl:Thing
http://kbpedia.org/kko/rc/DesktopComputer,rdfs:subClassOf,http://kbpedia.org/kko/rc/PersonalComputer
http://kbpedia.org/kko/rc/DesktopComputer,rdfs:subClassOf,owl:Thing
http://kbpedia.org/kko/rc/DesktopComputer,rdfs:subClassOf,http://kbpedia.org/kko/rc/SingleUserComputer
http://kbpedia.org/kko/rc/FlyingViaAirTransportationDevice,rdfs:subClassOf,http://kbpedia.org/kko/rc/AirTransportation
http://kbpedia.org/kko/rc/FlyingViaAirTransportationDevice,rdfs:subClassOf,owl:Thing
http://kbpedia.org/kko/rc/FlyingViaAirTransportationDevice,rdfs:subClassOf,http://kbpedia.org/kko/rc/Flying
http://kbpedia.org/kko/rc/HeinkelHe111,rdfs:subClassOf,http://kbpedia.org/kko/rc/BomberPlane
http://kbpedia.org/kko/rc/HeinkelHe111,rdfs:subClassOf,owl:Thing
http://kbpedia.org/kko/rc/B_24_Bomber,rdfs:subClassOf,http://kbpedia.org/kko/rc/BomberPlane
http://kbpedia.org/kko/rc/B_24_Bomber,rdfs:subClassOf,owl:Thing
http://kbpedia.org/kko/rc/SuzukiSamuraiCar,rdfs:subClassOf,http://kbpedia.org/kko/rc/SportUtilityVehicle
http://kbpedia.org/kko/rc/SuzukiSamuraiCar,rdfs:subClassOf,owl:Thing
http://kbpedia.org/kko/rc/SuzukiSamuraiCar,rdfs:subClassOf,http://kbpedia.org/kko/rc/SuzukiCar
http://kbpedia.org/kko/rc/CityWall,rdfs:subClassOf,http://kbpedia.org/kko/rc/DefenseSystem
http://kbpedia.org/kko/rc/CityWall,rdfs:subClassOf,owl:Thing
http://kbpedia.org/kko/rc/CityWall,rdfs:subClassOf,http://kbpedia.org/kko/rc/Wall_GenericBarrier
http://kbpedia.org/kko/rc/Fur,rdfs:subClassOf,http://kbpedia.org/kko/rc/AnimalHideSkin
http://kbpedia.org/kko/rc/Fur,rdfs:subClassOf,owl:Thing
http://kbpedia.org/kko/rc/Fur,rdfs:subClassOf,http://kbpedia.org/kko/rc/MobOfHair_Mammal
http://kbpedia.org/kko/rc/Fur,rdfs:subClassOf,http://kbpedia.org/kko/rc/ProtectiveSystem
http://kbpedia.org/kko/rc/TouringBicycle,rdfs:subClassOf,http://kbpedia.org/kko/rc/Bicycle
http://kbpedia.org/kko/rc/TouringBicycle,rdfs:subClassOf,owl:Thing
http://kbpedia.org/kko/rc/NeXTComputer,rdfs:subClassOf,http://kbpedia.org/kko/rc/ComputerWorkstation
http://kbpedia.org/kko/rc/NeXTComputer,rdfs:subClassOf,owl:Thing
http://kbpedia.org/kko/rc/SupplyTruck,rdfs:subClassOf,http://kbpedia.org/kko/rc/SupportVehicle
http://kbpedia.org/kko/rc/SupplyTruck,rdfs:subClassOf,owl:Thing
http://kbpedia.org/kko/rc/SupplyTruck,rdfs:subClassOf,http://kbpedia.org/kko/rc/Truck
http://kbpedia.org/kko/rc/Sailboard,rdfs:subClassOf,http://kbpedia.org/kko/rc/Device_SingleUser
http://kbpedia.org/kko/rc/Sailboard,rdfs:subClassOf,owl:Thing
http://kbpedia.org/kko/rc/Sailboard,rdfs:subClassOf,http://kbpedia.org/kko/rc/PersonalWatercraft
http://kbpedia.org/kko/rc/Sailboard,rdfs:subClassOf,http://kbpedia.org/kko/rc/SportBoard
http://kbpedia.org/kko/rc/Sailboard,rdfs:subClassOf,http://kbpedia.org/kko/rc/Device_UserControlled
http://kbpedia.org/kko/rc/Sailboard,rdfs:subClassOf,http://kbpedia.org/kko/rc/WaterTransportationDevice
http://kbpedia.org/kko/rc/Mississippi_classBattleship,rdfs:subClassOf,http://kbpedia.org/kko/rc/PreDreadnoughtBattleship
http://kbpedia.org/kko/rc/Mississippi_classBattleship,rdfs:subClassOf,owl:Thing
http://kbpedia.org/kko/rc/KeyLock,rdfs:subClassOf,http://kbpedia.org/kko/rc/Lock
http://kbpedia.org/kko/rc/KeyLock,rdfs:subClassOf,owl:Thing
http://kbpedia.org/kko/rc/B_29_Bomber,rdfs:subClassOf,http://kbpedia.org/kko/rc/BomberPlane
http://kbpedia.org/kko/rc/B_29_Bomber,rdfs:subClassOf,owl:Thing
http://kbpedia.org/kko/rc/B_29_Bomber,rdfs:subClassOf,http://kbpedia.org/kko/rc/PropellerDrivenAirplane
http://kbpedia.org/kko/rc/Danton_classBattleship,rdfs:subClassOf,http://kbpedia.org/kko/rc/PreDreadnoughtBattleship
http://kbpedia.org/kko/rc/Danton_classBattleship,rdfs:subClassOf,owl:Thing
http://kbpedia.org/kko/rc/B_2_Bomber,rdfs:subClassOf,http://kbpedia.org/kko/rc/BomberPlane
http://kbpedia.org/kko/rc/B_2_Bomber,rdfs:subClassOf,owl:Thing
http://kbpedia.org/kko/rc/WeatherShip,rdfs:subClassOf,http://kbpedia.org/kko/rc/Ship_PermanentlyMoored
http://kbpedia.org/kko/rc/WeatherShip,rdfs:subClassOf,owl:Thing
http://kbpedia.org/kko/rc/FurPelt,rdfs:subClassOf,http://kbpedia.org/kko/rc/AnimalBodyPart
http://kbpedia.org/kko/rc/FurPelt,rdfs:subClassOf,owl:Thing
http://kbpedia.org/kko/rc/FurPelt,rdfs:subClassOf,http://kbpedia.org/kko/rc/Fur
http://kbpedia.org/kko/rc/FurPelt,rdfs:subClassOf,http://kbpedia.org/kko/rc/NonPoweredDevice
http://kbpedia.org/kko/rc/FurPelt,rdfs:subClassOf,http://kbpedia.org/kko/rc/AnimalProduct
http://kbpedia.org/kko/rc/NTDomainServer,rdfs:subClassOf,http://kbpedia.org/kko/rc/LoginAuthenticator
http://kbpedia.org/kko/rc/NTDomainServer,rdfs:subClassOf,owl:Thing
http://kbpedia.org/kko/rc/NTDomainServer,rdfs:subClassOf,http://kbpedia.org/kko/rc/NTMachine
http://kbpedia.org/kko/rc/ThermodynamicSystem,rdfs:subClassOf,http://kbpedia.org/kko/rc/PhysicalSystem
http://kbpedia.org/kko/rc/ThermodynamicSystem,rdfs:subClassOf,owl:Thing
http://kbpedia.org/kko/rc/ThermodynamicSystem,rdfs:subClassOf,http://kbpedia.org/ontologies/kko#NaturalPhenomena
http://kbpedia.org/kko/rc/TrainEngine,rdfs:subClassOf,http://kbpedia.org/kko/rc/FuelPoweredDevice
http://kbpedia.org/kko/rc/TrainEngine,rdfs:subClassOf,owl:Thing
http://kbpedia.org/kko/rc/TrainEngine,rdfs:subClassOf,http://kbpedia.org/kko/rc/LandTransportationVehicle
http://kbpedia.org/kko/rc/TrainEngine,rdfs:subClassOf,http://kbpedia.org/kko/rc/Train
http://kbpedia.org/kko/rc/SuzukiSidekickCar,rdfs:subClassOf,http://kbpedia.org/kko/rc/SportUtilityVehicle
http://kbpedia.org/kko/rc/SuzukiSidekickCar,rdfs:subClassOf,owl:Thing
http://kbpedia.org/kko/rc/SuzukiSidekickCar,rdfs:subClassOf,http://kbpedia.org/kko/rc/SuzukiCar
http://kbpedia.org/kko/rc/LoginAuthenticator,rdfs:subClassOf,http://kbpedia.org/kko/rc/ComputerServer
http://kbpedia.org/kko/rc/LoginAuthenticator,rdfs:subClassOf,owl:Thing
http://kbpedia.org/kko/rc/M_classCruiser,rdfs:subClassOf,http://kbpedia.org/kko/rc/LightCruiser
http://kbpedia.org/kko/rc/M_classCruiser,rdfs:subClassOf,owl:Thing
http://kbpedia.org/kko/rc/Helicopter_SH60,rdfs:subClassOf,http://kbpedia.org/kko/rc/RescueHelicopter
http://kbpedia.org/kko/rc/Helicopter_SH60,rdfs:subClassOf,owl:Thing
http://kbpedia.org/kko/rc/StarNetwork,rdfs:subClassOf,http://kbpedia.org/kko/rc/ComputerNetwork
http://kbpedia.org/kko/rc/StarNetwork,rdfs:subClassOf,owl:Thing
http://kbpedia.org/kko/rc/BRStandardClass8,rdfs:subClassOf,http://kbpedia.org/kko/rc/TrainEngine
http://kbpedia.org/kko/rc/BRStandardClass8,rdfs:subClassOf,owl:Thing
http://kbpedia.org/kko/rc/DockLandingShip,rdfs:subClassOf,http://kbpedia.org/kko/rc/AmphibiousWarfareShip
http://kbpedia.org/kko/rc/DockLandingShip,rdfs:subClassOf,owl:Thing
http://kbpedia.org/kko/rc/DockLandingShip,rdfs:subClassOf,http://kbpedia.org/kko/rc/MilitaryWatercraft
http://kbpedia.org/kko/rc/HelicopterLanding,rdfs:subClassOf,http://kbpedia.org/kko/rc/Landing_Aircraft
http://kbpedia.org/kko/rc/HelicopterLanding,rdfs:subClassOf,owl:Thing
http://kbpedia.org/kko/rc/NewCar,rdfs:subClassOf,http://kbpedia.org/kko/rc/Automobile
http://kbpedia.org/kko/rc/NewCar,rdfs:subClassOf,owl:Thing
http://kbpedia.org/kko/rc/NewCar,rdfs:subClassOf,http://kbpedia.org/kko/rc/NewArtifact
http://kbpedia.org/kko/rc/B_1_Bomber,rdfs:subClassOf,http://kbpedia.org/kko/rc/BomberPlane
http://kbpedia.org/kko/rc/B_1_Bomber,rdfs:subClassOf,owl:Thing
http://kbpedia.org/kko/rc/B_1_Bomber,rdfs:subClassOf,http://kbpedia.org/kko/rc/JetPropelledAircraft
http://kbpedia.org/kko/rc/SuzukiVehicle,rdfs:subClassOf,http://kbpedia.org/kko/rc/SuzukiCar
http://kbpedia.org/kko/rc/SuzukiVehicle,rdfs:subClassOf,owl:Thing
http://kbpedia.org/kko/rc/RoadVehicle_DieselEngine,rdfs:subClassOf,http://kbpedia.org/kko/rc/RoadVehicle_InternalCombustionEngine
http://kbpedia.org/kko/rc/RoadVehicle_DieselEngine,rdfs:subClassOf,owl:Thing
http://kbpedia.org/kko/rc/PosteriorCord_BrachialPlexus,rdfs:subClassOf,http://kbpedia.org/kko/rc/Nerve
http://kbpedia.org/kko/rc/PosteriorCord_BrachialPlexus,rdfs:subClassOf,owl:Thing
http://kbpedia.org/kko/rc/VacuumDustBag,rdfs:subClassOf,http://kbpedia.org/kko/rc/Bag
http://kbpedia.org/kko/rc/VacuumDustBag,rdfs:subClassOf,owl:Thing
http://kbpedia.org/kko/rc/B_52_Bomber,rdfs:subClassOf,http://kbpedia.org/kko/rc/BomberPlane
http://kbpedia.org/kko/rc/B_52_Bomber,rdfs:subClassOf,owl:Thing
http://kbpedia.org/kko/rc/B_52_Bomber,rdfs:subClassOf,http://kbpedia.org/kko/rc/JetPropelledAircraft
http://kbpedia.org/kko/rc/DesotoAdventurerCar,rdfs:subClassOf,http://kbpedia.org/kko/rc/DeSotoVehicle
http://kbpedia.org/kko/rc/DesotoAdventurerCar,rdfs:subClassOf,owl:Thing
http://kbpedia.org/kko/rc/DesotoAdventurerCar,rdfs:subClassOf,http://kbpedia.org/kko/rc/AmericanAutomobile
http://kbpedia.org/kko/rc/MissilePatrolVessel,rdfs:subClassOf,http://kbpedia.org/kko/rc/PatrolWatercraft
http://kbpedia.org/kko/rc/MissilePatrolVessel,rdfs:subClassOf,owl:Thing
http://kbpedia.org/kko/rc/PlanetarySystem,rdfs:subClassOf,http://kbpedia.org/kko/rc/Group_AstronomicalBody
http://kbpedia.org/kko/rc/PlanetarySystem,rdfs:subClassOf,owl:Thing
http://kbpedia.org/kko/rc/PlanetarySystem,rdfs:subClassOf,http://kbpedia.org/kko/rc/System
http://kbpedia.org/kko/rc/PlanetarySystem,rdfs:subClassOf,http://kbpedia.org/kko/rc/AstronomicalObject
http://kbpedia.org/kko/rc/TexasInterconnectedSystem_ElectricPowerGrid,rdfs:subClassOf,http://kbpedia.org/kko/rc/ElectricPowerGrid
http://kbpedia.org/kko/rc/TexasInterconnectedSystem_ElectricPowerGrid,rdfs:subClassOf,owl:Thing
http://kbpedia.org/kko/rc/GeneralDynamicsF_16FightingFalcon,rdfs:subClassOf,http://kbpedia.org/kko/rc/Jetfighter
http://kbpedia.org/kko/rc/GeneralDynamicsF_16FightingFalcon,rdfs:subClassOf,owl:Thing
http://kbpedia.org/kko/rc/BusStop,rdfs:subClassOf,http://kbpedia.org/kko/rc/PortFacility
http://kbpedia.org/kko/rc/BusStop,rdfs:subClassOf,owl:Thing
http://kbpedia.org/kko/rc/BusStop,rdfs:subClassOf,http://kbpedia.org/kko/rc/StationTerminalOrStop
http://kbpedia.org/kko/rc/BusStop,rdfs:subClassOf,http://kbpedia.org/kko/rc/TransportFacility
http://kbpedia.org/kko/rc/RescueHelicopter,rdfs:subClassOf,http://kbpedia.org/kko/rc/Helicopter
http://kbpedia.org/kko/rc/RescueHelicopter,rdfs:subClassOf,owl:Thing
http://kbpedia.org/kko/rc/RescueHelicopter,rdfs:subClassOf,http://kbpedia.org/kko/rc/MilitaryAircraft
http://kbpedia.org/kko/rc/RescueHelicopter,rdfs:subClassOf,http://kbpedia.org/kko/rc/RescueVehicle
http://kbpedia.org/kko/rc/Watercraft_Subsurface,rdfs:subClassOf,http://kbpedia.org/kko/rc/Watercraft
http://kbpedia.org/kko/rc/Watercraft_Subsurface,rdfs:subClassOf,owl:Thing
http://kbpedia.org/kko/rc/JeepVehicle,rdfs:subClassOf,http://kbpedia.org/kko/rc/JeepBrandCar
http://kbpedia.org/kko/rc/JeepVehicle,rdfs:subClassOf,owl:Thing
http://kbpedia.org/kko/rc/JeepVehicle,rdfs:subClassOf,http://kbpedia.org/kko/rc/Jeep_Traditional
http://kbpedia.org/kko/rc/JeepVehicle,rdfs:subClassOf,http://kbpedia.org/kko/rc/ChryslerCar
http://kbpedia.org/kko/rc/Rein,rdfs:subClassOf,http://kbpedia.org/kko/rc/LeashLead
http://kbpedia.org/kko/rc/Rein,rdfs:subClassOf,owl:Thing
http://kbpedia.org/kko/rc/Rein,rdfs:subClassOf,http://kbpedia.org/kko/rc/HorseHarness
http://kbpedia.org/kko/rc/Mahan_classDestroyer,rdfs:subClassOf,http://kbpedia.org/kko/rc/Destroyer
http://kbpedia.org/kko/rc/Mahan_classDestroyer,rdfs:subClassOf,owl:Thing
http://kbpedia.org/kko/rc/Design1047Battlecruiser,rdfs:subClassOf,http://kbpedia.org/kko/rc/BattleCruiser
http://kbpedia.org/kko/rc/Design1047Battlecruiser,rdfs:subClassOf,owl:Thing
http://kbpedia.org/kko/rc/Submarine_Military,rdfs:subClassOf,http://kbpedia.org/kko/rc/Submarine
http://kbpedia.org/kko/rc/Submarine_Military,rdfs:subClassOf,owl:Thing
http://kbpedia.org/kko/rc/Submarine_Military,rdfs:subClassOf,http://kbpedia.org/kko/rc/TorpedoArmedCraft
http://kbpedia.org/kko/rc/Bus_RoadVehicle,rdfs:subClassOf,http://kbpedia.org/kko/rc/BusTransport
http://kbpedia.org/kko/rc/Bus_RoadVehicle,rdfs:subClassOf,owl:Thing
http://kbpedia.org/kko/rc/Bus_RoadVehicle,rdfs:subClassOf,http://kbpedia.org/kko/rc/PassengerMotorVehicle
http://kbpedia.org/kko/rc/Bus_RoadVehicle,rdfs:subClassOf,http://kbpedia.org/kko/rc/PublicTransportationDevice
http://kbpedia.org/kko/rc/Bus_RoadVehicle,rdfs:subClassOf,http://kbpedia.org/kko/rc/RoadVehicle_DieselEngine
http://kbpedia.org/kko/rc/Bus_RoadVehicle,rdfs:subClassOf,http://kbpedia.org/kko/rc/WheeledTransportationDevice
http://kbpedia.org/kko/rc/Bus_RoadVehicle,rdfs:subClassOf,http://kbpedia.org/kko/rc/RoadVehicle
http://kbpedia.org/kko/rc/DesignB_65Cruiser,rdfs:subClassOf,http://kbpedia.org/kko/rc/BattleCruiser
http://kbpedia.org/kko/rc/DesignB_65Cruiser,rdfs:subClassOf,owl:Thing
http://kbpedia.org/kko/rc/BallisticMissileSubmarine,rdfs:subClassOf,http://kbpedia.org/kko/rc/Submarine_Military
http://kbpedia.org/kko/rc/BallisticMissileSubmarine,rdfs:subClassOf,owl:Thing
http://kbpedia.org/kko/rc/DoppKit,rdfs:subClassOf,http://kbpedia.org/kko/rc/Bag
http://kbpedia.org/kko/rc/DoppKit,rdfs:subClassOf,owl:Thing
http://kbpedia.org/kko/rc/EAndF_classDestroyer,rdfs:subClassOf,http://kbpedia.org/kko/rc/Destroyer
http://kbpedia.org/kko/rc/EAndF_classDestroyer,rdfs:subClassOf,owl:Thing
http://kbpedia.org/kko/rc/TridentClassSubmarine,rdfs:subClassOf,http://kbpedia.org/kko/rc/BallisticMissileSubmarine
http://kbpedia.org/kko/rc/TridentClassSubmarine,rdfs:subClassOf,owl:Thing
http://kbpedia.org/kko/rc/TridentClassSubmarine,rdfs:subClassOf,http://kbpedia.org/kko/rc/NuclearSubmarine
http://kbpedia.org/kko/rc/SuzukiCar,rdfs:subClassOf,http://kbpedia.org/kko/rc/Automobile_GasolineEngine
http://kbpedia.org/kko/rc/SuzukiCar,rdfs:subClassOf,owl:Thing
http://kbpedia.org/kko/rc/SuzukiCar,rdfs:subClassOf,http://kbpedia.org/kko/rc/JapaneseCar
http://kbpedia.org/kko/rc/Iveco,rdfs:subClassOf,http://kbpedia.org/kko/rc/FiatCar
http://kbpedia.org/kko/rc/Iveco,rdfs:subClassOf,owl:Thing
http://kbpedia.org/kko/rc/WestlandSeaKing,rdfs:subClassOf,http://kbpedia.org/kko/rc/UtilityHelicopter
http://kbpedia.org/kko/rc/WestlandSeaKing,rdfs:subClassOf,owl:Thing
http://kbpedia.org/kko/rc/WestlandSeaKing,rdfs:subClassOf,http://kbpedia.org/kko/rc/MilitaryHelicopter
http://kbpedia.org/kko/rc/MissileSystem_Offensive,rdfs:subClassOf,http://kbpedia.org/kko/rc/MissileSystem
http://kbpedia.org/kko/rc/MissileSystem_Offensive,rdfs:subClassOf,owl:Thing
http://kbpedia.org/kko/rc/Bismarck_classCorvette,rdfs:subClassOf,http://kbpedia.org/kko/rc/Corvette_Ship
http://kbpedia.org/kko/rc/Bismarck_classCorvette,rdfs:subClassOf,owl:Thing
http://kbpedia.org/kko/rc/Arihant_classSubmarine,rdfs:subClassOf,http://kbpedia.org/kko/rc/BallisticMissileSubmarine
http://kbpedia.org/kko/rc/Arihant_classSubmarine,rdfs:subClassOf,owl:Thing
http://kbpedia.org/kko/rc/DynamicsOfTheSolarSystem,rdfs:subClassOf,http://kbpedia.org/kko/rc/SolarSystem
http://kbpedia.org/kko/rc/DynamicsOfTheSolarSystem,rdfs:subClassOf,owl:Thing
http://kbpedia.org/kko/rc/Mirage_FighterPlane,rdfs:subClassOf,http://kbpedia.org/kko/rc/Jetfighter
http://kbpedia.org/kko/rc/Mirage_FighterPlane,rdfs:subClassOf,owl:Thing
http://kbpedia.org/kko/rc/WeatherRadio,rdfs:subClassOf,http://kbpedia.org/kko/rc/Radio
http://kbpedia.org/kko/rc/WeatherRadio,rdfs:subClassOf,owl:Thing
http://kbpedia.org/kko/rc/ComputerServer,rdfs:subClassOf,http://kbpedia.org/kko/rc/ClassOfComputer
http://kbpedia.org/kko/rc/ComputerServer,rdfs:subClassOf,owl:Thing
http://kbpedia.org/kko/rc/Helicopter_AH64,rdfs:subClassOf,http://kbpedia.org/kko/rc/AttackHelicopter
http://kbpedia.org/kko/rc/Helicopter_AH64,rdfs:subClassOf,owl:Thing
http://kbpedia.org/kko/rc/Helicopter_AH64,rdfs:subClassOf,http://kbpedia.org/kko/rc/Helicopter
http://kbpedia.org/kko/rc/MusicalForm,rdfs:subClassOf,http://kbpedia.org/kko/rc/FunctionalSystem
http://kbpedia.org/kko/rc/MusicalForm,rdfs:subClassOf,owl:Thing
http://kbpedia.org/kko/rc/CargoTruck,rdfs:subClassOf,http://kbpedia.org/kko/rc/BoxTruck
http://kbpedia.org/kko/rc/CargoTruck,rdfs:subClassOf,owl:Thing
http://kbpedia.org/kko/rc/CargoTruck,rdfs:subClassOf,http://kbpedia.org/kko/rc/ProductMaterialTransportVehicle
http://kbpedia.org/kko/rc/CargoTruck,rdfs:subClassOf,http://kbpedia.org/kko/rc/SupplyTruck
http://kbpedia.org/kko/rc/Galley,rdfs:subClassOf,http://kbpedia.org/kko/rc/OarPropelledWatercraft
http://kbpedia.org/kko/rc/Galley,rdfs:subClassOf,owl:Thing
http://kbpedia.org/kko/rc/Galley,rdfs:subClassOf,http://kbpedia.org/kko/rc/Ship
http://kbpedia.org/kko/rc/StudebakerCommanderCar,rdfs:subClassOf,http://kbpedia.org/kko/rc/StudebakerCar
http://kbpedia.org/kko/rc/StudebakerCommanderCar,rdfs:subClassOf,owl:Thing
http://kbpedia.org/kko/rc/WindshieldWiper,rdfs:subClassOf,http://kbpedia.org/kko/rc/CleaningDevice
http://kbpedia.org/kko/rc/WindshieldWiper,rdfs:subClassOf,owl:Thing
http://kbpedia.org/kko/rc/WindshieldWiper,rdfs:subClassOf,http://kbpedia.org/kko/rc/GeneralAutoMarketCategory
http://kbpedia.org/kko/rc/WindshieldWiper,rdfs:subClassOf,http://kbpedia.org/kko/rc/MechanicalAutoPart
http://kbpedia.org/kko/rc/WindshieldWiper,rdfs:subClassOf,http://kbpedia.org/kko/rc/TransportationComponentSystem
http://kbpedia.org/kko/rc/MissileSystem,rdfs:subClassOf,http://kbpedia.org/kko/rc/Missile
http://kbpedia.org/kko/rc/MissileSystem,rdfs:subClassOf,owl:Thing
http://kbpedia.org/kko/rc/MissileSystem,rdfs:subClassOf,http://kbpedia.org/kko/rc/WeaponSystem
http://kbpedia.org/kko/rc/DesignA_150Battleship,rdfs:subClassOf,http://kbpedia.org/kko/rc/Battleship
http://kbpedia.org/kko/rc/DesignA_150Battleship,rdfs:subClassOf,owl:Thing
http://kbpedia.org/kko/rc/Jade_classAircraftCarrier,rdfs:subClassOf,http://kbpedia.org/kko/rc/AircraftCarrier
http://kbpedia.org/kko/rc/Jade_classAircraftCarrier,rdfs:subClassOf,owl:Thing
http://kbpedia.org/kko/rc/StudebakerCar,rdfs:subClassOf,http://kbpedia.org/kko/rc/AmericanAutomobile
http://kbpedia.org/kko/rc/StudebakerCar,rdfs:subClassOf,owl:Thing
http://kbpedia.org/kko/rc/BackupDomainController,rdfs:subClassOf,http://kbpedia.org/kko/rc/NTDomainServer
http://kbpedia.org/kko/rc/BackupDomainController,rdfs:subClassOf,owl:Thing
http://kbpedia.org/kko/rc/HelicopterCarrier,rdfs:subClassOf,http://kbpedia.org/kko/rc/AircraftCarrier
http://kbpedia.org/kko/rc/HelicopterCarrier,rdfs:subClassOf,owl:Thing
http://kbpedia.org/kko/rc/SafetyRescueWaterCraft,rdfs:subClassOf,http://kbpedia.org/kko/rc/MarineTransport
http://kbpedia.org/kko/rc/SafetyRescueWaterCraft,rdfs:subClassOf,owl:Thing
http://kbpedia.org/kko/rc/KiaSportageCar,rdfs:subClassOf,http://kbpedia.org/kko/rc/KiaCar
http://kbpedia.org/kko/rc/KiaSportageCar,rdfs:subClassOf,owl:Thing
http://kbpedia.org/kko/rc/MorrisOxfordVCar,rdfs:subClassOf,http://kbpedia.org/kko/rc/MorrisCar
http://kbpedia.org/kko/rc/MorrisOxfordVCar,rdfs:subClassOf,owl:Thing
http://kbpedia.org/kko/rc/Izumo_classCruiser,rdfs:subClassOf,http://kbpedia.org/kko/rc/Cruiser
http://kbpedia.org/kko/rc/Izumo_classCruiser,rdfs:subClassOf,owl:Thing
http://kbpedia.org/kko/rc/DodgeIntrepidCar,rdfs:subClassOf,http://kbpedia.org/kko/rc/DodgeCar
http://kbpedia.org/kko/rc/DodgeIntrepidCar,rdfs:subClassOf,owl:Thing
http://kbpedia.org/kko/rc/BushFlying,rdfs:subClassOf,http://kbpedia.org/kko/rc/FlyingViaAirTransportationDevice
http://kbpedia.org/kko/rc/BushFlying,rdfs:subClassOf,owl:Thing
http://kbpedia.org/kko/rc/Submarine,rdfs:subClassOf,http://kbpedia.org/kko/rc/Container_PressureBarrier
http://kbpedia.org/kko/rc/Submarine,rdfs:subClassOf,owl:Thing
http://kbpedia.org/kko/rc/Submarine,rdfs:subClassOf,http://kbpedia.org/kko/rc/ModernNavalShip
http://kbpedia.org/kko/rc/Submarine,rdfs:subClassOf,http://kbpedia.org/kko/rc/WaterPlatform_Subsurface
http://kbpedia.org/kko/rc/Submarine,rdfs:subClassOf,http://kbpedia.org/kko/rc/MilitaryWatercraft
http://kbpedia.org/kko/rc/MortarCarrier,rdfs:subClassOf,http://kbpedia.org/kko/rc/Artillery_SelfPropelled
http://kbpedia.org/kko/rc/MortarCarrier,rdfs:subClassOf,owl:Thing
http://kbpedia.org/kko/rc/Stryker,rdfs:subClassOf,http://kbpedia.org/kko/rc/ArmoredInfantryFightingVehicle
http://kbpedia.org/kko/rc/Stryker,rdfs:subClassOf,owl:Thing
http://kbpedia.org/kko/rc/NTMachine,rdfs:subClassOf,http://kbpedia.org/kko/rc/Computer
http://kbpedia.org/kko/rc/NTMachine,rdfs:subClassOf,owl:Thing
http://kbpedia.org/kko/rc/TorpedoArmedCraft,rdfs:subClassOf,http://kbpedia.org/kko/rc/ModernNavalShip
http://kbpedia.org/kko/rc/TorpedoArmedCraft,rdfs:subClassOf,owl:Thing
http://kbpedia.org/kko/rc/TorpedoArmedCraft,rdfs:subClassOf,http://kbpedia.org/kko/rc/NavalWeapon
http://kbpedia.org/kko/rc/TorpedoArmedCraft,rdfs:subClassOf,http://kbpedia.org/kko/rc/TransportationDevice_Vehicle
http://kbpedia.org/kko/rc/DestroyerTender,rdfs:subClassOf,http://kbpedia.org/kko/rc/MaterialSupportShip
http://kbpedia.org/kko/rc/DestroyerTender,rdfs:subClassOf,owl:Thing
http://kbpedia.org/kko/rc/Lion_classBattlecruiser,rdfs:subClassOf,http://kbpedia.org/kko/rc/BattleCruiser
http://kbpedia.org/kko/rc/Lion_classBattlecruiser,rdfs:subClassOf,owl:Thing
http://kbpedia.org/kko/rc/RetailPOSSystem,rdfs:subClassOf,http://kbpedia.org/kko/rc/InformationSystem
http://kbpedia.org/kko/rc/RetailPOSSystem,rdfs:subClassOf,owl:Thing
http://kbpedia.org/kko/rc/KiaCar,rdfs:subClassOf,http://kbpedia.org/kko/rc/SouthKoreanCar
http://kbpedia.org/kko/rc/KiaCar,rdfs:subClassOf,owl:Thing
http://kbpedia.org/kko/rc/MorrisCar,rdfs:subClassOf,http://kbpedia.org/kko/rc/EnglishCar
http://kbpedia.org/kko/rc/MorrisCar,rdfs:subClassOf,owl:Thing
http://kbpedia.org/kko/rc/UnmannedHelicopter,rdfs:subClassOf,http://kbpedia.org/kko/rc/MilitaryHelicopter
http://kbpedia.org/kko/rc/UnmannedHelicopter,rdfs:subClassOf,owl:Thing
http://kbpedia.org/kko/rc/Icebreaker,rdfs:subClassOf,http://kbpedia.org/kko/rc/CommercialMarineCraft
http://kbpedia.org/kko/rc/Icebreaker,rdfs:subClassOf,owl:Thing
http://kbpedia.org/kko/rc/Mirage_F1_Fighter,rdfs:subClassOf,http://kbpedia.org/kko/rc/JetPropelledAircraft
http://kbpedia.org/kko/rc/Mirage_F1_Fighter,rdfs:subClassOf,owl:Thing
http://kbpedia.org/kko/rc/Mirage_F1_Fighter,rdfs:subClassOf,http://kbpedia.org/kko/rc/Jetfighter
http://kbpedia.org/kko/rc/StudebakerLarkCar,rdfs:subClassOf,http://kbpedia.org/kko/rc/StudebakerCar
http://kbpedia.org/kko/rc/StudebakerLarkCar,rdfs:subClassOf,owl:Thing
http://kbpedia.org/kko/rc/ReconnaissanceHelicopter,rdfs:subClassOf,http://kbpedia.org/kko/rc/MilitaryHelicopter
http://kbpedia.org/kko/rc/ReconnaissanceHelicopter,rdfs:subClassOf,owl:Thing
http://kbpedia.org/kko/rc/ReconnaissanceHelicopter,rdfs:subClassOf,http://kbpedia.org/kko/rc/MilitaryRotaryWingAircraft
http://kbpedia.org/kko/rc/ReconnaissanceHelicopter,rdfs:subClassOf,http://kbpedia.org/kko/rc/ReconnaissanceAircraft
http://kbpedia.org/kko/rc/ReconnaissanceHelicopter,rdfs:subClassOf,http://kbpedia.org/kko/rc/Helicopter
http://kbpedia.org/kko/rc/MaterialSupportShip,rdfs:subClassOf,http://kbpedia.org/kko/rc/ModernNavalShip
http://kbpedia.org/kko/rc/MaterialSupportShip,rdfs:subClassOf,owl:Thing
http://kbpedia.org/kko/rc/SunVisor,rdfs:subClassOf,http://kbpedia.org/kko/rc/VehicleInteriorSystem
http://kbpedia.org/kko/rc/SunVisor,rdfs:subClassOf,owl:Thing
http://kbpedia.org/kko/rc/Dingyuan_classIronclad,rdfs:subClassOf,http://kbpedia.org/kko/rc/IroncladWarship
http://kbpedia.org/kko/rc/Dingyuan_classIronclad,rdfs:subClassOf,owl:Thing
http://kbpedia.org/kko/rc/KiaVehicle,rdfs:subClassOf,http://kbpedia.org/kko/rc/KiaCar
http://kbpedia.org/kko/rc/KiaVehicle,rdfs:subClassOf,owl:Thing
http://kbpedia.org/kko/rc/WetlandEcologyConservationService,rdfs:subClassOf,http://kbpedia.org/kko/rc/Ecosystem
http://kbpedia.org/kko/rc/WetlandEcologyConservationService,rdfs:subClassOf,owl:Thing
http://kbpedia.org/kko/rc/DodgeChargerCar,rdfs:subClassOf,http://kbpedia.org/kko/rc/DodgeCar
http://kbpedia.org/kko/rc/DodgeChargerCar,rdfs:subClassOf,owl:Thing
http://kbpedia.org/kko/rc/SailBatten,rdfs:subClassOf,http://kbpedia.org/kko/rc/MarineCraftSystemSubassembly
http://kbpedia.org/kko/rc/SailBatten,rdfs:subClassOf,owl:Thing
http://kbpedia.org/kko/rc/Helicopter_HH60G,rdfs:subClassOf,http://kbpedia.org/kko/rc/RescueHelicopter
http://kbpedia.org/kko/rc/Helicopter_HH60G,rdfs:subClassOf,owl:Thing
http://kbpedia.org/kko/rc/Helicopter_HH60G,rdfs:subClassOf,http://kbpedia.org/kko/rc/UnmannedAerialVehicle
http://kbpedia.org/kko/rc/Helicopter_HH60G,rdfs:subClassOf,http://kbpedia.org/kko/rc/UtilityHelicopter
http://kbpedia.org/kko/rc/CargoCompartment,rdfs:subClassOf,http://kbpedia.org/kko/rc/MaterialContainer
http://kbpedia.org/kko/rc/CargoCompartment,rdfs:subClassOf,owl:Thing
http://kbpedia.org/kko/rc/CargoCompartment,rdfs:subClassOf,http://kbpedia.org/kko/rc/TransportationContainerProduct
http://kbpedia.org/kko/rc/CargoCompartment,rdfs:subClassOf,http://kbpedia.org/kko/rc/VehiclePart
http://kbpedia.org/kko/rc/HelicopterCruiser,rdfs:subClassOf,http://kbpedia.org/kko/rc/Cruiser
http://kbpedia.org/kko/rc/HelicopterCruiser,rdfs:subClassOf,owl:Thing
http://kbpedia.org/kko/rc/ClipperShip,rdfs:subClassOf,http://kbpedia.org/kko/rc/SailingShip
http://kbpedia.org/kko/rc/ClipperShip,rdfs:subClassOf,owl:Thing
http://kbpedia.org/kko/rc/ClipperShip,rdfs:subClassOf,http://kbpedia.org/kko/rc/Ship
http://kbpedia.org/kko/rc/QuantumComputer,rdfs:subClassOf,http://kbpedia.org/kko/rc/ClassOfComputer
http://kbpedia.org/kko/rc/QuantumComputer,rdfs:subClassOf,owl:Thing
http://kbpedia.org/kko/rc/QuantumComputer,rdfs:subClassOf,http://kbpedia.org/kko/rc/QuantumElectronics
http://kbpedia.org/kko/rc/UnmannedWatercraft,rdfs:subClassOf,http://kbpedia.org/kko/rc/Watercraft
http://kbpedia.org/kko/rc/UnmannedWatercraft,rdfs:subClassOf,owl:Thing
http://kbpedia.org/kko/rc/DodgeColtVistaCar,rdfs:subClassOf,http://kbpedia.org/kko/rc/DodgeCar
http://kbpedia.org/kko/rc/DodgeColtVistaCar,rdfs:subClassOf,owl:Thing
http://kbpedia.org/kko/rc/CargoHelicopter,rdfs:subClassOf,http://kbpedia.org/kko/rc/Helicopter
http://kbpedia.org/kko/rc/CargoHelicopter,rdfs:subClassOf,owl:Thing
http://kbpedia.org/kko/rc/CargoHelicopter,rdfs:subClassOf,http://kbpedia.org/kko/rc/MilitaryAircraft
http://kbpedia.org/kko/rc/WaterPlatform_Subsurface,rdfs:subClassOf,http://kbpedia.org/kko/rc/MilitaryWatercraft
http://kbpedia.org/kko/rc/WaterPlatform_Subsurface,rdfs:subClassOf,owl:Thing
http://kbpedia.org/kko/rc/WaterPlatform_Subsurface,rdfs:subClassOf,http://kbpedia.org/kko/rc/Watercraft_Subsurface
http://kbpedia.org/kko/rc/PickupTruckBed,rdfs:subClassOf,http://kbpedia.org/kko/rc/CargoCompartment
http://kbpedia.org/kko/rc/PickupTruckBed,rdfs:subClassOf,owl:Thing
http://kbpedia.org/kko/rc/CatalogCase,rdfs:subClassOf,http://kbpedia.org/kko/rc/TransportationContainerProduct
http://kbpedia.org/kko/rc/CatalogCase,rdfs:subClassOf,owl:Thing
http://kbpedia.org/kko/rc/DodgeDemonCar,rdfs:subClassOf,http://kbpedia.org/kko/rc/DodgeCar
http://kbpedia.org/kko/rc/DodgeDemonCar,rdfs:subClassOf,owl:Thing
http://kbpedia.org/kko/rc/MississippiBluesTrail,rdfs:subClassOf,http://kbpedia.org/kko/rc/TravelRoute_Road
http://kbpedia.org/kko/rc/MississippiBluesTrail,rdfs:subClassOf,owl:Thing
http://kbpedia.org/kko/rc/DashboardHeadUnit,rdfs:subClassOf,http://kbpedia.org/kko/rc/AutoAudioSystem
http://kbpedia.org/kko/rc/DashboardHeadUnit,rdfs:subClassOf,owl:Thing
http://kbpedia.org/kko/rc/StudebakerVehicle,rdfs:subClassOf,http://kbpedia.org/kko/rc/StudebakerCar
http://kbpedia.org/kko/rc/StudebakerVehicle,rdfs:subClassOf,owl:Thing
http://kbpedia.org/kko/rc/DodgeDurangoCar,rdfs:subClassOf,http://kbpedia.org/kko/rc/DodgeCar
http://kbpedia.org/kko/rc/DodgeDurangoCar,rdfs:subClassOf,owl:Thing
http://kbpedia.org/kko/rc/SunMachine,rdfs:subClassOf,http://kbpedia.org/kko/rc/ComputerWorkstation
http://kbpedia.org/kko/rc/SunMachine,rdfs:subClassOf,owl:Thing
http://kbpedia.org/kko/rc/DornierDo17,rdfs:subClassOf,http://kbpedia.org/kko/rc/BomberPlane
http://kbpedia.org/kko/rc/DornierDo17,rdfs:subClassOf,owl:Thing
http://kbpedia.org/kko/rc/SolarSystem,rdfs:subClassOf,http://kbpedia.org/kko/rc/PlanetarySystem
http://kbpedia.org/kko/rc/SolarSystem,rdfs:subClassOf,owl:Thing
http://kbpedia.org/kko/rc/DodgeAvengerCar,rdfs:subClassOf,http://kbpedia.org/kko/rc/DodgeCar
http://kbpedia.org/kko/rc/DodgeAvengerCar,rdfs:subClassOf,owl:Thing
http://kbpedia.org/kko/rc/VacuumSystem,rdfs:subClassOf,http://kbpedia.org/kko/rc/PhysicalSystem
http://kbpedia.org/kko/rc/VacuumSystem,rdfs:subClassOf,owl:Thing
http://kbpedia.org/kko/rc/MorrisMini_MinorCar,rdfs:subClassOf,http://kbpedia.org/kko/rc/MorrisCar
http://kbpedia.org/kko/rc/MorrisMini_MinorCar,rdfs:subClassOf,owl:Thing
http://kbpedia.org/kko/rc/DodgeAspenCar,rdfs:subClassOf,http://kbpedia.org/kko/rc/DodgeCar
http://kbpedia.org/kko/rc/DodgeAspenCar,rdfs:subClassOf,owl:Thing
http://kbpedia.org/kko/rc/Bismarck_classBattleship,rdfs:subClassOf,http://kbpedia.org/kko/rc/Battleship
http://kbpedia.org/kko/rc/Bismarck_classBattleship,rdfs:subClassOf,owl:Thing
http://kbpedia.org/kko/rc/StationOfTheNakasendo,rdfs:subClassOf,http://kbpedia.org/kko/rc/TravelRoute_Road
http://kbpedia.org/kko/rc/StationOfTheNakasendo,rdfs:subClassOf,owl:Thing
http://kbpedia.org/kko/rc/DodgeDakotaCar,rdfs:subClassOf,http://kbpedia.org/kko/rc/DodgeCar
http://kbpedia.org/kko/rc/DodgeDakotaCar,rdfs:subClassOf,owl:Thing
http://kbpedia.org/kko/rc/Peresvet_classBattleship,rdfs:subClassOf,http://kbpedia.org/kko/rc/PreDreadnoughtBattleship
http://kbpedia.org/kko/rc/Peresvet_classBattleship,rdfs:subClassOf,owl:Thing
http://kbpedia.org/kko/rc/Karlsruhe_classCruiser,rdfs:subClassOf,http://kbpedia.org/kko/rc/Cruiser
http://kbpedia.org/kko/rc/Karlsruhe_classCruiser,rdfs:subClassOf,owl:Thing
http://kbpedia.org/kko/rc/WebCachingProtocol,rdfs:subClassOf,http://kbpedia.org/kko/rc/InternetProtocol
http://kbpedia.org/kko/rc/WebCachingProtocol,rdfs:subClassOf,owl:Thing
http://kbpedia.org/kko/rc/DodgeViperCar,rdfs:subClassOf,http://kbpedia.org/kko/rc/DodgeCar
http://kbpedia.org/kko/rc/DodgeViperCar,rdfs:subClassOf,owl:Thing
http://kbpedia.org/kko/rc/PureMichiganByway,rdfs:subClassOf,http://kbpedia.org/kko/rc/ScenicRoute
http://kbpedia.org/kko/rc/PureMichiganByway,rdfs:subClassOf,owl:Thing
http://kbpedia.org/kko/rc/GreaterOccipitalNerve,rdfs:subClassOf,http://kbpedia.org/kko/rc/SensoryMotorNerve
http://kbpedia.org/kko/rc/GreaterOccipitalNerve,rdfs:subClassOf,owl:Thing
http://kbpedia.org/kko/rc/RecommenderSystem,rdfs:subClassOf,http://kbpedia.org/kko/rc/InformationSystem
http://kbpedia.org/kko/rc/RecommenderSystem,rdfs:subClassOf,owl:Thing
http://kbpedia.org/kko/rc/SewerSystem,rdfs:subClassOf,http://kbpedia.org/kko/rc/WaterSupplyNetwork
http://kbpedia.org/kko/rc/SewerSystem,rdfs:subClassOf,owl:Thing
http://kbpedia.org/kko/rc/StraightBodyTruck,rdfs:subClassOf,http://kbpedia.org/kko/rc/Truck
http://kbpedia.org/kko/rc/StraightBodyTruck,rdfs:subClassOf,owl:Thing
http://kbpedia.org/kko/rc/GamblingShip,rdfs:subClassOf,http://kbpedia.org/kko/rc/Ship
http://kbpedia.org/kko/rc/GamblingShip,rdfs:subClassOf,owl:Thing
http://kbpedia.org/kko/rc/DodgeMiniRamVanCar,rdfs:subClassOf,http://kbpedia.org/kko/rc/DodgeCar
http://kbpedia.org/kko/rc/DodgeMiniRamVanCar,rdfs:subClassOf,owl:Thing
http://kbpedia.org/kko/rc/CadillacCar,rdfs:subClassOf,http://kbpedia.org/kko/rc/GMAutomobile
http://kbpedia.org/kko/rc/CadillacCar,rdfs:subClassOf,owl:Thing
http://kbpedia.org/kko/rc/CadillacCar,rdfs:subClassOf,http://kbpedia.org/kko/rc/LuxuryCar
http://kbpedia.org/kko/rc/DemonstrationCar,rdfs:subClassOf,http://kbpedia.org/kko/rc/Automobile
http://kbpedia.org/kko/rc/DemonstrationCar,rdfs:subClassOf,owl:Thing
http://kbpedia.org/kko/rc/Component,rdfs:subClassOf,http://kbpedia.org/kko/rc/ElementalAttribute
http://kbpedia.org/kko/rc/Component,rdfs:subClassOf,owl:Thing
http://kbpedia.org/kko/rc/Component,rdfs:subClassOf,http://kbpedia.org/kko/rc/FunctionalSystem
http://kbpedia.org/kko/rc/DrumBrakeSystem,rdfs:subClassOf,http://kbpedia.org/kko/rc/VehicleBrakeSystem
http://kbpedia.org/kko/rc/DrumBrakeSystem,rdfs:subClassOf,owl:Thing
http://kbpedia.org/kko/rc/DrumBrakeSystem,rdfs:subClassOf,http://kbpedia.org/kko/rc/BrakingSystemComponent
http://kbpedia.org/kko/rc/DorsalScapularNerve,rdfs:subClassOf,http://kbpedia.org/kko/rc/Nerve
http://kbpedia.org/kko/rc/DorsalScapularNerve,rdfs:subClassOf,owl:Thing
http://kbpedia.org/kko/rc/ReconnaissanceWatercraft,rdfs:subClassOf,http://kbpedia.org/kko/rc/MilitaryWatercraft
http://kbpedia.org/kko/rc/ReconnaissanceWatercraft,rdfs:subClassOf,owl:Thing
http://kbpedia.org/kko/rc/ReconnaissanceWatercraft,rdfs:subClassOf,http://kbpedia.org/kko/rc/ReconnaissanceVehicle
http://kbpedia.org/kko/rc/LexusCar,rdfs:subClassOf,http://kbpedia.org/kko/rc/Automobile_GasolineEngine
http://kbpedia.org/kko/rc/LexusCar,rdfs:subClassOf,owl:Thing
http://kbpedia.org/kko/rc/LexusCar,rdfs:subClassOf,http://kbpedia.org/kko/rc/LuxuryCar
http://kbpedia.org/kko/rc/LexusCar,rdfs:subClassOf,http://kbpedia.org/kko/rc/ToyotaCar
http://kbpedia.org/kko/rc/DorsalRamus,rdfs:subClassOf,http://kbpedia.org/kko/rc/SensoryMotorNerve
http://kbpedia.org/kko/rc/DorsalRamus,rdfs:subClassOf,owl:Thing
http://kbpedia.org/kko/rc/DorsalRamus,rdfs:subClassOf,http://kbpedia.org/kko/rc/Nerve
http://kbpedia.org/kko/rc/Innocenti,rdfs:subClassOf,http://kbpedia.org/kko/rc/FiatCar
http://kbpedia.org/kko/rc/Innocenti,rdfs:subClassOf,owl:Thing
http://kbpedia.org/kko/rc/ValiantVehicle,rdfs:subClassOf,http://kbpedia.org/kko/rc/ChryslerCar
http://kbpedia.org/kko/rc/ValiantVehicle,rdfs:subClassOf,owl:Thing
http://kbpedia.org/kko/rc/PerimeterSensor,rdfs:subClassOf,http://kbpedia.org/kko/rc/SecurityDevice
http://kbpedia.org/kko/rc/PerimeterSensor,rdfs:subClassOf,owl:Thing
http://kbpedia.org/kko/rc/ChryslerCirrusCar,rdfs:subClassOf,http://kbpedia.org/kko/rc/ChryslerCar
http://kbpedia.org/kko/rc/ChryslerCirrusCar,rdfs:subClassOf,owl:Thing
http://kbpedia.org/kko/rc/Lexington_classAircraftCarrier,rdfs:subClassOf,http://kbpedia.org/kko/rc/AircraftCarrier
http://kbpedia.org/kko/rc/Lexington_classAircraftCarrier,rdfs:subClassOf,owl:Thing
http://kbpedia.org/kko/rc/UnpavedRoadway,rdfs:subClassOf,http://kbpedia.org/kko/rc/Roadway
http://kbpedia.org/kko/rc/UnpavedRoadway,rdfs:subClassOf,owl:Thing
http://kbpedia.org/kko/rc/UnpavedRoadway,rdfs:subClassOf,http://kbpedia.org/kko/rc/UnpavedPathArtifact
http://kbpedia.org/kko/rc/CadillacSevilleCar,rdfs:subClassOf,http://kbpedia.org/kko/rc/CadillacCar
http://kbpedia.org/kko/rc/CadillacSevilleCar,rdfs:subClassOf,owl:Thing
http://kbpedia.org/kko/rc/CadillacSevilleCar,rdfs:subClassOf,http://kbpedia.org/kko/rc/MidsizeCar
http://kbpedia.org/kko/rc/ChryslerCar,rdfs:subClassOf,http://kbpedia.org/kko/rc/AmericanAutomobile
http://kbpedia.org/kko/rc/ChryslerCar,rdfs:subClassOf,owl:Thing
http://kbpedia.org/kko/rc/DodgeCar,rdfs:subClassOf,http://kbpedia.org/kko/rc/ChryslerCar
http://kbpedia.org/kko/rc/DodgeCar,rdfs:subClassOf,owl:Thing
http://kbpedia.org/kko/rc/PerformaComputer,rdfs:subClassOf,http://kbpedia.org/kko/rc/MacintoshComputer
http://kbpedia.org/kko/rc/PerformaComputer,rdfs:subClassOf,owl:Thing
http://kbpedia.org/kko/rc/Su_22_Bomber,rdfs:subClassOf,http://kbpedia.org/kko/rc/BomberPlane
http://kbpedia.org/kko/rc/Su_22_Bomber,rdfs:subClassOf,owl:Thing
http://kbpedia.org/kko/rc/ToneEQAndFilter,rdfs:subClassOf,http://kbpedia.org/kko/rc/AudioSystem
http://kbpedia.org/kko/rc/ToneEQAndFilter,rdfs:subClassOf,owl:Thing
http://kbpedia.org/kko/rc/Shoulder_Roadway,rdfs:subClassOf,http://kbpedia.org/kko/rc/Roadway
http://kbpedia.org/kko/rc/Shoulder_Roadway,rdfs:subClassOf,owl:Thing
http://kbpedia.org/kko/rc/Shoulder_Roadway,rdfs:subClassOf,http://kbpedia.org/kko/rc/StripNearTheBoundaryOfAnObject
http://kbpedia.org/kko/rc/Shoulder_Roadway,rdfs:subClassOf,http://kbpedia.org/kko/rc/TransportationPathSystemType
http://kbpedia.org/kko/rc/ToyotaCar,rdfs:subClassOf,http://kbpedia.org/kko/rc/JapaneseCar
http://kbpedia.org/kko/rc/ToyotaCar,rdfs:subClassOf,owl:Thing
http://kbpedia.org/kko/rc/Gameboy_TheProduct,rdfs:subClassOf,http://kbpedia.org/kko/rc/HomeVideoGameMachine
http://kbpedia.org/kko/rc/Gameboy_TheProduct,rdfs:subClassOf,owl:Thing
http://kbpedia.org/kko/rc/Gameboy_TheProduct,rdfs:subClassOf,http://kbpedia.org/kko/rc/VideoGameSystem
http://kbpedia.org/kko/rc/NationalForestScenicByway,rdfs:subClassOf,http://kbpedia.org/kko/rc/ScenicRoadway
http://kbpedia.org/kko/rc/NationalForestScenicByway,rdfs:subClassOf,owl:Thing
http://kbpedia.org/kko/rc/Sewerage,rdfs:subClassOf,http://kbpedia.org/kko/rc/SewerSystem
http://kbpedia.org/kko/rc/Sewerage,rdfs:subClassOf,owl:Thing
http://kbpedia.org/kko/rc/Sewerage,rdfs:subClassOf,http://kbpedia.org/kko/rc/Infrastructure
http://kbpedia.org/kko/rc/LexusLFA,rdfs:subClassOf,http://kbpedia.org/kko/rc/LexusCar
http://kbpedia.org/kko/rc/LexusLFA,rdfs:subClassOf,owl:Thing
http://kbpedia.org/kko/rc/DodgeChallengerCar,rdfs:subClassOf,http://kbpedia.org/kko/rc/DodgeCar
http://kbpedia.org/kko/rc/DodgeChallengerCar,rdfs:subClassOf,owl:Thing
http://kbpedia.org/kko/rc/PerinealNerve,rdfs:subClassOf,http://kbpedia.org/kko/rc/Nerve
http://kbpedia.org/kko/rc/PerinealNerve,rdfs:subClassOf,owl:Thing
http://kbpedia.org/kko/rc/LexusSC300Car,rdfs:subClassOf,http://kbpedia.org/kko/rc/LexusCar
http://kbpedia.org/kko/rc/LexusSC300Car,rdfs:subClassOf,owl:Thing
http://kbpedia.org/kko/rc/RecreationalVehicle,rdfs:subClassOf,http://kbpedia.org/kko/rc/RoadVehicle_InternalCombustionEngine
http://kbpedia.org/kko/rc/RecreationalVehicle,rdfs:subClassOf,owl:Thing
http://kbpedia.org/kko/rc/RecreationalVehicle,rdfs:subClassOf,http://kbpedia.org/kko/rc/SpecializedRecreationalVehicle
http://kbpedia.org/kko/rc/RecreationalVehicle,rdfs:subClassOf,http://kbpedia.org/kko/rc/WheeledTransportationDevice
http://kbpedia.org/kko/rc/WebRing,rdfs:subClassOf,http://kbpedia.org/kko/rc/ConnectedPathSystem
http://kbpedia.org/kko/rc/WebRing,rdfs:subClassOf,owl:Thing
http://kbpedia.org/kko/rc/WebRing,rdfs:subClassOf,http://kbpedia.org/kko/rc/InternetInformation
http://kbpedia.org/kko/rc/EMDF40PH,rdfs:subClassOf,http://kbpedia.org/kko/rc/DieselLocomotive
http://kbpedia.org/kko/rc/EMDF40PH,rdfs:subClassOf,owl:Thing
http://kbpedia.org/kko/rc/KarmannGhiaCar,rdfs:subClassOf,http://kbpedia.org/kko/rc/VolkswagenCar
http://kbpedia.org/kko/rc/KarmannGhiaCar,rdfs:subClassOf,owl:Thing
http://kbpedia.org/kko/rc/AirTrafficControlInAfrica,rdfs:subClassOf,http://kbpedia.org/kko/rc/AirTrafficControl
http://kbpedia.org/kko/rc/AirTrafficControlInAfrica,rdfs:subClassOf,owl:Thing
http://kbpedia.org/kko/rc/VolkswagenCorradoCar,rdfs:subClassOf,http://kbpedia.org/kko/rc/VolkswagenCar
http://kbpedia.org/kko/rc/VolkswagenCorradoCar,rdfs:subClassOf,owl:Thing
http://kbpedia.org/kko/rc/Pillau_classCruiser,rdfs:subClassOf,http://kbpedia.org/kko/rc/LightCruiser
http://kbpedia.org/kko/rc/Pillau_classCruiser,rdfs:subClassOf,owl:Thing
http://kbpedia.org/kko/rc/RailTransportClassificationSystem,rdfs:subClassOf,http://kbpedia.org/kko/rc/RailTransport
http://kbpedia.org/kko/rc/RailTransportClassificationSystem,rdfs:subClassOf,owl:Thing
http://kbpedia.org/kko/rc/WheelWheelTrim,rdfs:subClassOf,http://kbpedia.org/kko/rc/TransportationComponentSystem
http://kbpedia.org/kko/rc/WheelWheelTrim,rdfs:subClassOf,owl:Thing
http://kbpedia.org/kko/rc/EMDSDP40F,rdfs:subClassOf,http://kbpedia.org/kko/rc/DieselLocomotive
http://kbpedia.org/kko/rc/EMDSDP40F,rdfs:subClassOf,owl:Thing
http://kbpedia.org/kko/rc/PackagedAudioHomeTheater,rdfs:subClassOf,http://kbpedia.org/kko/rc/HomeAudioSystem
http://kbpedia.org/kko/rc/PackagedAudioHomeTheater,rdfs:subClassOf,owl:Thing
http://kbpedia.org/kko/rc/DodgeDart,rdfs:subClassOf,http://kbpedia.org/kko/rc/DodgeCar
http://kbpedia.org/kko/rc/DodgeDart,rdfs:subClassOf,owl:Thing
http://kbpedia.org/kko/rc/VolkswagenCabrioletCar,rdfs:subClassOf,http://kbpedia.org/kko/rc/VolkswagenCar
http://kbpedia.org/kko/rc/VolkswagenCabrioletCar,rdfs:subClassOf,owl:Thing
http://kbpedia.org/kko/rc/RailTransportOperation,rdfs:subClassOf,http://kbpedia.org/kko/rc/RailTransport
http://kbpedia.org/kko/rc/RailTransportOperation,rdfs:subClassOf,owl:Thing
http://kbpedia.org/kko/rc/InternationalRoadTransport,rdfs:subClassOf,http://kbpedia.org/kko/rc/RoadTransport
http://kbpedia.org/kko/rc/InternationalRoadTransport,rdfs:subClassOf,owl:Thing
http://kbpedia.org/kko/rc/Subaru360Car,rdfs:subClassOf,http://kbpedia.org/kko/rc/SubaruCar
http://kbpedia.org/kko/rc/Subaru360Car,rdfs:subClassOf,owl:Thing
http://kbpedia.org/kko/rc/SecurityDevice,rdfs:subClassOf,http://kbpedia.org/kko/rc/DefenseSystem
http://kbpedia.org/kko/rc/SecurityDevice,rdfs:subClassOf,owl:Thing
http://kbpedia.org/kko/rc/SecurityDevice,rdfs:subClassOf,http://kbpedia.org/kko/rc/DeviceTypeByFunction
http://kbpedia.org/kko/rc/SecurityDevice,rdfs:subClassOf,http://kbpedia.org/kko/rc/SecuritySurveillanceDetection
http://kbpedia.org/kko/rc/ClassicCar,rdfs:subClassOf,http://kbpedia.org/kko/rc/AutomobileTypeByBodyStyle
http://kbpedia.org/kko/rc/ClassicCar,rdfs:subClassOf,owl:Thing
http://kbpedia.org/kko/rc/ClassicCar,rdfs:subClassOf,http://kbpedia.org/kko/rc/Classic
http://kbpedia.org/kko/rc/DodgePolaraCar,rdfs:subClassOf,http://kbpedia.org/kko/rc/DodgeCar
http://kbpedia.org/kko/rc/DodgePolaraCar,rdfs:subClassOf,owl:Thing
http://kbpedia.org/kko/rc/Fuso_classBattleship,rdfs:subClassOf,http://kbpedia.org/kko/rc/Dreadnought
http://kbpedia.org/kko/rc/Fuso_classBattleship,rdfs:subClassOf,owl:Thing
http://kbpedia.org/kko/rc/PolarCoordinateSystem,rdfs:subClassOf,http://kbpedia.org/kko/rc/CoordinateSystem
http://kbpedia.org/kko/rc/PolarCoordinateSystem,rdfs:subClassOf,owl:Thing
http://kbpedia.org/kko/rc/Wheelbarrow,rdfs:subClassOf,http://kbpedia.org/kko/rc/Device_UserPowered
http://kbpedia.org/kko/rc/Wheelbarrow,rdfs:subClassOf,owl:Thing
http://kbpedia.org/kko/rc/Wheelbarrow,rdfs:subClassOf,http://kbpedia.org/kko/rc/Forklift
http://kbpedia.org/kko/rc/Wheelbarrow,rdfs:subClassOf,http://kbpedia.org/kko/rc/LawnAndGardenMarketCategory
http://kbpedia.org/kko/rc/Wheelbarrow,rdfs:subClassOf,http://kbpedia.org/kko/rc/TransportationContainerProduct
http://kbpedia.org/kko/rc/Wheelbarrow,rdfs:subClassOf,http://kbpedia.org/kko/rc/WheeledTransportationDevice
http://kbpedia.org/kko/rc/Wheelbarrow,rdfs:subClassOf,http://kbpedia.org/kko/rc/MaterialTransporter
http://kbpedia.org/kko/rc/Wheelbarrow,rdfs:subClassOf,http://kbpedia.org/kko/rc/Device_UserControlled
http://kbpedia.org/kko/rc/LexusLS400Car,rdfs:subClassOf,http://kbpedia.org/kko/rc/LexusCar
http://kbpedia.org/kko/rc/LexusLS400Car,rdfs:subClassOf,owl:Thing
http://kbpedia.org/kko/rc/SubClavianNerve,rdfs:subClassOf,http://kbpedia.org/kko/rc/Nerve
http://kbpedia.org/kko/rc/SubClavianNerve,rdfs:subClassOf,owl:Thing
http://kbpedia.org/kko/rc/JaguarCar,rdfs:subClassOf,http://kbpedia.org/kko/rc/EnglishCar
http://kbpedia.org/kko/rc/JaguarCar,rdfs:subClassOf,owl:Thing
http://kbpedia.org/kko/rc/JaguarCar,rdfs:subClassOf,http://kbpedia.org/kko/rc/LuxuryCar
http://kbpedia.org/kko/rc/AirTrafficControlInAsia,rdfs:subClassOf,http://kbpedia.org/kko/rc/AirTrafficControl
http://kbpedia.org/kko/rc/AirTrafficControlInAsia,rdfs:subClassOf,owl:Thing
http://kbpedia.org/kko/rc/DodgeMiradaCar,rdfs:subClassOf,http://kbpedia.org/kko/rc/DodgeCar
http://kbpedia.org/kko/rc/DodgeMiradaCar,rdfs:subClassOf,owl:Thing
http://kbpedia.org/kko/rc/Pillowcase,rdfs:subClassOf,http://kbpedia.org/kko/rc/Bag
http://kbpedia.org/kko/rc/Pillowcase,rdfs:subClassOf,owl:Thing
http://kbpedia.org/kko/rc/Pillowcase,rdfs:subClassOf,http://kbpedia.org/kko/rc/Bedcloth
http://kbpedia.org/kko/rc/Pillowcase,rdfs:subClassOf,http://kbpedia.org/kko/rc/FreeSheet
http://kbpedia.org/kko/rc/Pillowcase,rdfs:subClassOf,http://kbpedia.org/kko/rc/SurfaceRegion_Tangible
http://kbpedia.org/kko/rc/WheeledSelfPropelledArtillery,rdfs:subClassOf,http://kbpedia.org/kko/rc/Artillery_SelfPropelled
http://kbpedia.org/kko/rc/WheeledSelfPropelledArtillery,rdfs:subClassOf,owl:Thing
http://kbpedia.org/kko/rc/Ark,rdfs:subClassOf,http://kbpedia.org/kko/rc/Watercraft
http://kbpedia.org/kko/rc/Ark,rdfs:subClassOf,owl:Thing
http://kbpedia.org/kko/rc/NewTechnologyFilesystem,rdfs:subClassOf,http://kbpedia.org/kko/rc/Filesystem
http://kbpedia.org/kko/rc/NewTechnologyFilesystem,rdfs:subClassOf,owl:Thing
http://kbpedia.org/kko/rc/ConvairF2YSeaDart,rdfs:subClassOf,http://kbpedia.org/kko/rc/FighterPlane
http://kbpedia.org/kko/rc/ConvairF2YSeaDart,rdfs:subClassOf,owl:Thing
http://kbpedia.org/kko/rc/ConvairF2YSeaDart,rdfs:subClassOf,http://kbpedia.org/kko/rc/FloatPlane
http://kbpedia.org/kko/rc/VagusNerve,rdfs:subClassOf,http://kbpedia.org/kko/rc/CranialNerve
http://kbpedia.org/kko/rc/VagusNerve,rdfs:subClassOf,owl:Thing
http://kbpedia.org/kko/rc/VagusNerve,rdfs:subClassOf,http://kbpedia.org/kko/rc/SensoryMotorNerve
http://kbpedia.org/kko/rc/DodgeRamCar,rdfs:subClassOf,http://kbpedia.org/kko/rc/DodgeCar
http://kbpedia.org/kko/rc/DodgeRamCar,rdfs:subClassOf,owl:Thing
http://kbpedia.org/kko/rc/Lion_classBattleship,rdfs:subClassOf,http://kbpedia.org/kko/rc/Battleship
http://kbpedia.org/kko/rc/Lion_classBattleship,rdfs:subClassOf,owl:Thing
http://kbpedia.org/kko/rc/Su_24_Bomber,rdfs:subClassOf,http://kbpedia.org/kko/rc/BomberPlane
http://kbpedia.org/kko/rc/Su_24_Bomber,rdfs:subClassOf,owl:Thing
http://kbpedia.org/kko/rc/JaguarMark10,rdfs:subClassOf,http://kbpedia.org/kko/rc/JaguarCar
http://kbpedia.org/kko/rc/JaguarMark10,rdfs:subClassOf,owl:Thing
http://kbpedia.org/kko/rc/DodgeRamWagonCar,rdfs:subClassOf,http://kbpedia.org/kko/rc/DodgeCar
http://kbpedia.org/kko/rc/DodgeRamWagonCar,rdfs:subClassOf,owl:Thing
http://kbpedia.org/kko/rc/MitsubishiCordiaCar,rdfs:subClassOf,http://kbpedia.org/kko/rc/MitsubishiCar
http://kbpedia.org/kko/rc/MitsubishiCordiaCar,rdfs:subClassOf,owl:Thing
http://kbpedia.org/kko/rc/RailroadGun,rdfs:subClassOf,http://kbpedia.org/kko/rc/Artillery_SelfPropelled
http://kbpedia.org/kko/rc/RailroadGun,rdfs:subClassOf,owl:Thing
http://kbpedia.org/kko/rc/IndustrialEthernet,rdfs:subClassOf,http://kbpedia.org/kko/rc/EthernetNetwork
http://kbpedia.org/kko/rc/IndustrialEthernet,rdfs:subClassOf,owl:Thing
http://kbpedia.org/kko/rc/Watercraft,rdfs:subClassOf,http://kbpedia.org/kko/rc/Outdoors_ExposedToWeather
http://kbpedia.org/kko/rc/Watercraft,rdfs:subClassOf,owl:Thing
http://kbpedia.org/kko/rc/Watercraft,rdfs:subClassOf,http://kbpedia.org/kko/rc/TransportationContainerProduct
http://kbpedia.org/kko/rc/Watercraft,rdfs:subClassOf,http://kbpedia.org/kko/rc/WaterTransportationVehicle
http://kbpedia.org/kko/rc/AirTrafficControlInEurope,rdfs:subClassOf,http://kbpedia.org/kko/rc/AirTrafficControl
http://kbpedia.org/kko/rc/AirTrafficControlInEurope,rdfs:subClassOf,owl:Thing
http://kbpedia.org/kko/rc/Mitsubishi_iMiEV,rdfs:subClassOf,http://kbpedia.org/kko/rc/ElectricCar
http://kbpedia.org/kko/rc/Mitsubishi_iMiEV,rdfs:subClassOf,owl:Thing
http://kbpedia.org/kko/rc/DodgeStRegisCar,rdfs:subClassOf,http://kbpedia.org/kko/rc/DodgeCar
http://kbpedia.org/kko/rc/DodgeStRegisCar,rdfs:subClassOf,owl:Thing
http://kbpedia.org/kko/rc/DassaultRafale,rdfs:subClassOf,http://kbpedia.org/kko/rc/Jetfighter
http://kbpedia.org/kko/rc/DassaultRafale,rdfs:subClassOf,owl:Thing
http://kbpedia.org/kko/rc/DassaultRafale,rdfs:subClassOf,http://kbpedia.org/kko/rc/FighterPlane
http://kbpedia.org/kko/rc/WheeledVehicleSteering,rdfs:subClassOf,http://kbpedia.org/kko/rc/GuidingAMovingObject
http://kbpedia.org/kko/rc/WheeledVehicleSteering,rdfs:subClassOf,owl:Thing
http://kbpedia.org/kko/rc/WheeledVehicleSteering,rdfs:subClassOf,http://kbpedia.org/kko/rc/SteeringSystem
http://kbpedia.org/kko/rc/ArleighBurkeClassDestroyer,rdfs:subClassOf,http://kbpedia.org/kko/rc/GuidedMissileDestroyer
http://kbpedia.org/kko/rc/ArleighBurkeClassDestroyer,rdfs:subClassOf,owl:Thing
http://kbpedia.org/kko/rc/MitsubishiGalantCar,rdfs:subClassOf,http://kbpedia.org/kko/rc/MitsubishiCar
http://kbpedia.org/kko/rc/MitsubishiGalantCar,rdfs:subClassOf,owl:Thing
http://kbpedia.org/kko/rc/DodgeStratusCar,rdfs:subClassOf,http://kbpedia.org/kko/rc/DodgeCar
http://kbpedia.org/kko/rc/DodgeStratusCar,rdfs:subClassOf,owl:Thing
http://kbpedia.org/kko/rc/Lexington_classBattlecruiser,rdfs:subClassOf,http://kbpedia.org/kko/rc/BattleCruiser
http://kbpedia.org/kko/rc/Lexington_classBattlecruiser,rdfs:subClassOf,owl:Thing
http://kbpedia.org/kko/rc/AsianHighwayNetwork,rdfs:subClassOf,http://kbpedia.org/kko/rc/TravelRoute_Road
http://kbpedia.org/kko/rc/AsianHighwayNetwork,rdfs:subClassOf,owl:Thing
http://kbpedia.org/kko/rc/TollRoad,rdfs:subClassOf,http://kbpedia.org/kko/rc/PavedRoadway
http://kbpedia.org/kko/rc/TollRoad,rdfs:subClassOf,owl:Thing
http://kbpedia.org/kko/rc/QuattroCar,rdfs:subClassOf,http://kbpedia.org/kko/rc/AudiCar
http://kbpedia.org/kko/rc/QuattroCar,rdfs:subClassOf,owl:Thing
http://kbpedia.org/kko/rc/ConvairB_36,rdfs:subClassOf,http://kbpedia.org/kko/rc/BomberPlane
http://kbpedia.org/kko/rc/ConvairB_36,rdfs:subClassOf,owl:Thing
http://kbpedia.org/kko/rc/DodgeNeonCar,rdfs:subClassOf,http://kbpedia.org/kko/rc/DodgeCar
http://kbpedia.org/kko/rc/DodgeNeonCar,rdfs:subClassOf,owl:Thing
http://kbpedia.org/kko/rc/GMBClass71,rdfs:subClassOf,http://kbpedia.org/kko/rc/TrainEngine
http://kbpedia.org/kko/rc/GMBClass71,rdfs:subClassOf,owl:Thing
http://kbpedia.org/kko/rc/ToyotaCoronaCar,rdfs:subClassOf,http://kbpedia.org/kko/rc/Automobile_GasolineEngine
http://kbpedia.org/kko/rc/ToyotaCoronaCar,rdfs:subClassOf,owl:Thing
http://kbpedia.org/kko/rc/ToyotaCoronaCar,rdfs:subClassOf,http://kbpedia.org/kko/rc/ToyotaCar
http://kbpedia.org/kko/rc/LexusVehicle,rdfs:subClassOf,http://kbpedia.org/kko/rc/LexusCar
http://kbpedia.org/kko/rc/LexusVehicle,rdfs:subClassOf,owl:Thing
http://kbpedia.org/kko/rc/Gamecube,rdfs:subClassOf,http://kbpedia.org/kko/rc/HomeVideoGameMachine
http://kbpedia.org/kko/rc/Gamecube,rdfs:subClassOf,owl:Thing
http://kbpedia.org/kko/rc/Gamecube,rdfs:subClassOf,http://kbpedia.org/kko/rc/VideoGameHardware
http://kbpedia.org/kko/rc/Gamecube,rdfs:subClassOf,http://kbpedia.org/kko/rc/VideoGameSystem
http://kbpedia.org/kko/rc/AirTrafficControlInNorthAmerica,rdfs:subClassOf,http://kbpedia.org/kko/rc/AirTrafficControl
http://kbpedia.org/kko/rc/AirTrafficControlInNorthAmerica,rdfs:subClassOf,owl:Thing
http://kbpedia.org/kko/rc/MitsubishiSigmaCar,rdfs:subClassOf,http://kbpedia.org/kko/rc/MitsubishiCar
http://kbpedia.org/kko/rc/MitsubishiSigmaCar,rdfs:subClassOf,owl:Thing
http://kbpedia.org/kko/rc/DodgeVanCar,rdfs:subClassOf,http://kbpedia.org/kko/rc/DodgeCar
http://kbpedia.org/kko/rc/DodgeVanCar,rdfs:subClassOf,owl:Thing
http://kbpedia.org/kko/rc/GMCTruck,rdfs:subClassOf,http://kbpedia.org/kko/rc/GMAutomobile
http://kbpedia.org/kko/rc/GMCTruck,rdfs:subClassOf,owl:Thing
http://kbpedia.org/kko/rc/GMCTruck,rdfs:subClassOf,http://kbpedia.org/kko/rc/PickupTruck
http://kbpedia.org/kko/rc/ToyotaMR2Car,rdfs:subClassOf,http://kbpedia.org/kko/rc/Automobile_GasolineEngine
http://kbpedia.org/kko/rc/ToyotaMR2Car,rdfs:subClassOf,owl:Thing
http://kbpedia.org/kko/rc/ToyotaMR2Car,rdfs:subClassOf,http://kbpedia.org/kko/rc/SportsCar
http://kbpedia.org/kko/rc/ToyotaMR2Car,rdfs:subClassOf,http://kbpedia.org/kko/rc/ToyotaCar
http://kbpedia.org/kko/rc/Whip,rdfs:subClassOf,http://kbpedia.org/kko/rc/Device_UserControlled
http://kbpedia.org/kko/rc/Whip,rdfs:subClassOf,owl:Thing
http://kbpedia.org/kko/rc/Whip,rdfs:subClassOf,http://kbpedia.org/kko/rc/Device_UserPowered
http://kbpedia.org/kko/rc/Whip,rdfs:subClassOf,http://kbpedia.org/kko/rc/HorseTack
http://kbpedia.org/kko/rc/Whip,rdfs:subClassOf,http://kbpedia.org/kko/rc/Saddlery
http://kbpedia.org/kko/rc/Whip,rdfs:subClassOf,http://kbpedia.org/kko/rc/Device_SingleUser
http://kbpedia.org/kko/rc/MissileWatercraft_Surface,rdfs:subClassOf,http://kbpedia.org/kko/rc/ModernNavalShip
http://kbpedia.org/kko/rc/MissileWatercraft_Surface,rdfs:subClassOf,owl:Thing
http://kbpedia.org/kko/rc/MissileWatercraft_Surface,rdfs:subClassOf,http://kbpedia.org/kko/rc/Watercraft_Surface
http://kbpedia.org/kko/rc/AirTrafficControlCenter,rdfs:subClassOf,http://kbpedia.org/kko/rc/AirTrafficControl
http://kbpedia.org/kko/rc/AirTrafficControlCenter,rdfs:subClassOf,owl:Thing
http://kbpedia.org/kko/rc/DodgeOmni2DRCar,rdfs:subClassOf,http://kbpedia.org/kko/rc/DodgeCar
http://kbpedia.org/kko/rc/DodgeOmni2DRCar,rdfs:subClassOf,owl:Thing
http://kbpedia.org/kko/rc/Kii_classBattleship,rdfs:subClassOf,http://kbpedia.org/kko/rc/Battleship
http://kbpedia.org/kko/rc/Kii_classBattleship,rdfs:subClassOf,owl:Thing
http://kbpedia.org/kko/rc/DataFeed_System,rdfs:subClassOf,http://kbpedia.org/kko/rc/ComputerFile_Abstract
http://kbpedia.org/kko/rc/DataFeed_System,rdfs:subClassOf,owl:Thing
http://kbpedia.org/kko/rc/DataFeed_System,rdfs:subClassOf,http://kbpedia.org/kko/rc/FunctionalSystem
http://kbpedia.org/kko/rc/ImperialVehicle,rdfs:subClassOf,http://kbpedia.org/kko/rc/ChryslerCar
http://kbpedia.org/kko/rc/ImperialVehicle,rdfs:subClassOf,owl:Thing
http://kbpedia.org/kko/rc/SubOccipitalNerve,rdfs:subClassOf,http://kbpedia.org/kko/rc/Nerve
http://kbpedia.org/kko/rc/SubOccipitalNerve,rdfs:subClassOf,owl:Thing
http://kbpedia.org/kko/rc/PlasticGroceryBag,rdfs:subClassOf,http://kbpedia.org/kko/rc/DisposableProduct
http://kbpedia.org/kko/rc/PlasticGroceryBag,rdfs:subClassOf,owl:Thing
http://kbpedia.org/kko/rc/PlasticGroceryBag,rdfs:subClassOf,http://kbpedia.org/kko/rc/GroceryBag
http://kbpedia.org/kko/rc/PlasticGroceryBag,rdfs:subClassOf,http://kbpedia.org/kko/rc/PlasticBag
http://kbpedia.org/kko/rc/Deutschland_classBattleship,rdfs:subClassOf,http://kbpedia.org/kko/rc/PreDreadnoughtBattleship
http://kbpedia.org/kko/rc/Deutschland_classBattleship,rdfs:subClassOf,owl:Thing
http://kbpedia.org/kko/rc/MitsubishiMirageCar,rdfs:subClassOf,http://kbpedia.org/kko/rc/MitsubishiCar
http://kbpedia.org/kko/rc/MitsubishiMirageCar,rdfs:subClassOf,owl:Thing
http://kbpedia.org/kko/rc/SunbeamCar,rdfs:subClassOf,http://kbpedia.org/kko/rc/EnglishCar
http://kbpedia.org/kko/rc/SunbeamCar,rdfs:subClassOf,owl:Thing
http://kbpedia.org/kko/rc/DodgeMagnumCar,rdfs:subClassOf,http://kbpedia.org/kko/rc/DodgeCar
http://kbpedia.org/kko/rc/DodgeMagnumCar,rdfs:subClassOf,owl:Thing
http://kbpedia.org/kko/rc/Toyota4RunnerCar,rdfs:subClassOf,http://kbpedia.org/kko/rc/Automobile_GasolineEngine
http://kbpedia.org/kko/rc/Toyota4RunnerCar,rdfs:subClassOf,owl:Thing
http://kbpedia.org/kko/rc/Toyota4RunnerCar,rdfs:subClassOf,http://kbpedia.org/kko/rc/ToyotaCar
http://kbpedia.org/kko/rc/RailwayTransportByTankerCar,rdfs:subClassOf,http://kbpedia.org/kko/rc/RailFreightTransport
http://kbpedia.org/kko/rc/RailwayTransportByTankerCar,rdfs:subClassOf,owl:Thing
http://kbpedia.org/kko/rc/KiloClassSubmarine,rdfs:subClassOf,http://kbpedia.org/kko/rc/Submarine
http://kbpedia.org/kko/rc/KiloClassSubmarine,rdfs:subClassOf,owl:Thing
http://kbpedia.org/kko/rc/SteamboatOfTheColumbiaRiver,rdfs:subClassOf,http://kbpedia.org/kko/rc/Steamboat
http://kbpedia.org/kko/rc/SteamboatOfTheColumbiaRiver,rdfs:subClassOf,owl:Thing
http://kbpedia.org/kko/rc/Su_20_Fighter,rdfs:subClassOf,http://kbpedia.org/kko/rc/FighterAttackPlane
http://kbpedia.org/kko/rc/Su_20_Fighter,rdfs:subClassOf,owl:Thing
http://kbpedia.org/kko/rc/Su_20_Fighter,rdfs:subClassOf,http://kbpedia.org/kko/rc/MilitaryHardware
http://kbpedia.org/kko/rc/GenitofemoralNerve_FemoralBranch,rdfs:subClassOf,http://kbpedia.org/kko/rc/SensoryNerve
http://kbpedia.org/kko/rc/GenitofemoralNerve_FemoralBranch,rdfs:subClassOf,owl:Thing
http://kbpedia.org/kko/rc/ToyotaInMotorsport,rdfs:subClassOf,http://kbpedia.org/kko/rc/ToyotaCar
http://kbpedia.org/kko/rc/ToyotaInMotorsport,rdfs:subClassOf,owl:Thing
http://kbpedia.org/kko/rc/GuidedMissileDestroyer,rdfs:subClassOf,http://kbpedia.org/kko/rc/Destroyer
http://kbpedia.org/kko/rc/GuidedMissileDestroyer,rdfs:subClassOf,owl:Thing
http://kbpedia.org/kko/rc/GuidedMissileDestroyer,rdfs:subClassOf,http://kbpedia.org/kko/rc/MissileWatercraft_Surface
http://kbpedia.org/kko/rc/AttackAircraftCarrier,rdfs:subClassOf,http://kbpedia.org/kko/rc/AircraftCarrier
http://kbpedia.org/kko/rc/AttackAircraftCarrier,rdfs:subClassOf,owl:Thing
http://kbpedia.org/kko/rc/FiveTonTruck,rdfs:subClassOf,http://kbpedia.org/kko/rc/SupplyTruck
http://kbpedia.org/kko/rc/FiveTonTruck,rdfs:subClassOf,owl:Thing
http://kbpedia.org/kko/rc/FiveTonTruck,rdfs:subClassOf,http://kbpedia.org/kko/rc/Truck
http://kbpedia.org/kko/rc/PackardCar,rdfs:subClassOf,http://kbpedia.org/kko/rc/AmericanAutomobile
http://kbpedia.org/kko/rc/PackardCar,rdfs:subClassOf,owl:Thing
http://kbpedia.org/kko/rc/AntiTheftDevice,rdfs:subClassOf,http://kbpedia.org/kko/rc/SecurityDevice
http://kbpedia.org/kko/rc/AntiTheftDevice,rdfs:subClassOf,owl:Thing
http://kbpedia.org/kko/rc/Deutschland_classCruiser,rdfs:subClassOf,http://kbpedia.org/kko/rc/BattleCruiser
http://kbpedia.org/kko/rc/Deutschland_classCruiser,rdfs:subClassOf,owl:Thing
http://kbpedia.org/kko/rc/AirTransportation,rdfs:subClassOf,http://kbpedia.org/kko/rc/AirTransportationEvent
http://kbpedia.org/kko/rc/AirTransportation,rdfs:subClassOf,owl:Thing
http://kbpedia.org/kko/rc/AirTransportation,rdfs:subClassOf,http://kbpedia.org/kko/rc/TransportByMode
http://kbpedia.org/kko/rc/DodgeLancerCar,rdfs:subClassOf,http://kbpedia.org/kko/rc/DodgeCar
http://kbpedia.org/kko/rc/DodgeLancerCar,rdfs:subClassOf,owl:Thing
http://kbpedia.org/kko/rc/GAndH_classDestroyer,rdfs:subClassOf,http://kbpedia.org/kko/rc/Destroyer
http://kbpedia.org/kko/rc/GAndH_classDestroyer,rdfs:subClassOf,owl:Thing
http://kbpedia.org/kko/rc/CargoShip,rdfs:subClassOf,http://kbpedia.org/kko/rc/MaterialTransporter
http://kbpedia.org/kko/rc/CargoShip,rdfs:subClassOf,owl:Thing
http://kbpedia.org/kko/rc/CargoShip,rdfs:subClassOf,http://kbpedia.org/kko/rc/Ship
http://kbpedia.org/kko/rc/RailwayCrossing,rdfs:subClassOf,http://kbpedia.org/kko/rc/RoadwayJunction
http://kbpedia.org/kko/rc/RailwayCrossing,rdfs:subClassOf,owl:Thing
http://kbpedia.org/kko/rc/WhipsHorse,rdfs:subClassOf,http://kbpedia.org/kko/rc/HorseTack
http://kbpedia.org/kko/rc/WhipsHorse,rdfs:subClassOf,owl:Thing
http://kbpedia.org/kko/rc/InternationalRailTransport,rdfs:subClassOf,http://kbpedia.org/kko/rc/RailTransport
http://kbpedia.org/kko/rc/InternationalRailTransport,rdfs:subClassOf,owl:Thing
http://kbpedia.org/kko/rc/SubaruImprezaCar,rdfs:subClassOf,http://kbpedia.org/kko/rc/SubaruCar
http://kbpedia.org/kko/rc/SubaruImprezaCar,rdfs:subClassOf,owl:Thing
http://kbpedia.org/kko/rc/PlasticBag,rdfs:subClassOf,http://kbpedia.org/kko/rc/Bag
http://kbpedia.org/kko/rc/PlasticBag,rdfs:subClassOf,owl:Thing
http://kbpedia.org/kko/rc/PlasticBag,rdfs:subClassOf,http://kbpedia.org/kko/rc/PlasticFilm
http://kbpedia.org/kko/rc/SanGiorgio_classCruiser,rdfs:subClassOf,http://kbpedia.org/kko/rc/ArmoredCruiser
http://kbpedia.org/kko/rc/SanGiorgio_classCruiser,rdfs:subClassOf,owl:Thing
http://kbpedia.org/kko/rc/PackardVehicle,rdfs:subClassOf,http://kbpedia.org/kko/rc/PackardCar
http://kbpedia.org/kko/rc/PackardVehicle,rdfs:subClassOf,owl:Thing
http://kbpedia.org/kko/rc/WhiskerPole,rdfs:subClassOf,http://kbpedia.org/kko/rc/MarineCraftSystemSubassembly
http://kbpedia.org/kko/rc/WhiskerPole,rdfs:subClassOf,owl:Thing
http://kbpedia.org/kko/rc/LexusES300Car,rdfs:subClassOf,http://kbpedia.org/kko/rc/LexusCar
http://kbpedia.org/kko/rc/LexusES300Car,rdfs:subClassOf,owl:Thing
http://kbpedia.org/kko/rc/SteamboatOfTheOhioRiver,rdfs:subClassOf,http://kbpedia.org/kko/rc/Steamboat
http://kbpedia.org/kko/rc/SteamboatOfTheOhioRiver,rdfs:subClassOf,owl:Thing
http://kbpedia.org/kko/rc/SubaruCar,rdfs:subClassOf,http://kbpedia.org/kko/rc/Automobile_GasolineEngine
http://kbpedia.org/kko/rc/SubaruCar,rdfs:subClassOf,owl:Thing
http://kbpedia.org/kko/rc/SubaruCar,rdfs:subClassOf,http://kbpedia.org/kko/rc/JapaneseCar
http://kbpedia.org/kko/rc/RecurrentLaryngealNerve,rdfs:subClassOf,http://kbpedia.org/kko/rc/MotorNerve
http://kbpedia.org/kko/rc/RecurrentLaryngealNerve,rdfs:subClassOf,owl:Thing
http://kbpedia.org/kko/rc/RecurrentLaryngealNerve,rdfs:subClassOf,http://kbpedia.org/kko/rc/VagusNerve
http://kbpedia.org/kko/rc/Ipad_4thGeneration,rdfs:subClassOf,http://kbpedia.org/kko/rc/IPad
http://kbpedia.org/kko/rc/Ipad_4thGeneration,rdfs:subClassOf,owl:Thing
http://kbpedia.org/kko/rc/RailwayJunction,rdfs:subClassOf,http://kbpedia.org/kko/rc/Junction_Connector
http://kbpedia.org/kko/rc/RailwayJunction,rdfs:subClassOf,owl:Thing
http://kbpedia.org/kko/rc/RailwayJunction,rdfs:subClassOf,http://kbpedia.org/kko/rc/Railway
http://kbpedia.org/kko/rc/RailwayJunction,rdfs:subClassOf,http://kbpedia.org/kko/rc/RoadwayJunction
http://kbpedia.org/kko/rc/RailwayJunction,rdfs:subClassOf,http://kbpedia.org/kko/rc/TransportFacility
http://kbpedia.org/kko/rc/EMDAEM_7,rdfs:subClassOf,http://kbpedia.org/kko/rc/ElectricLocomotive
http://kbpedia.org/kko/rc/EMDAEM_7,rdfs:subClassOf,owl:Thing
http://kbpedia.org/kko/rc/SteamboatOfTheSnakeRiver,rdfs:subClassOf,http://kbpedia.org/kko/rc/Steamboat
http://kbpedia.org/kko/rc/SteamboatOfTheSnakeRiver,rdfs:subClassOf,owl:Thing
http://kbpedia.org/kko/rc/MitsubishiTrediaCar,rdfs:subClassOf,http://kbpedia.org/kko/rc/MitsubishiCar
http://kbpedia.org/kko/rc/MitsubishiTrediaCar,rdfs:subClassOf,owl:Thing
http://kbpedia.org/kko/rc/PolikarpovI_185,rdfs:subClassOf,http://kbpedia.org/kko/rc/ExperimentalAircraft
http://kbpedia.org/kko/rc/PolikarpovI_185,rdfs:subClassOf,owl:Thing
http://kbpedia.org/kko/rc/PolikarpovI_185,rdfs:subClassOf,http://kbpedia.org/kko/rc/WorldWarIIFighterAircraft
http://kbpedia.org/kko/rc/PolikarpovI_185,rdfs:subClassOf,http://kbpedia.org/kko/rc/MilitaryAircraft
http://kbpedia.org/kko/rc/Dendrite,rdfs:subClassOf,http://kbpedia.org/kko/rc/NerveTissue
http://kbpedia.org/kko/rc/Dendrite,rdfs:subClassOf,owl:Thing
http://kbpedia.org/kko/rc/Dendrite,rdfs:subClassOf,http://kbpedia.org/kko/rc/ProjectedCellPart
http://kbpedia.org/kko/rc/Dendrite,rdfs:subClassOf,http://kbpedia.org/kko/rc/AnimalBodyPart
http://kbpedia.org/kko/rc/Dendrite,rdfs:subClassOf,http://kbpedia.org/kko/rc/InternalAnatomicalPart
http://kbpedia.org/kko/rc/AlekseyevI_212,rdfs:subClassOf,http://kbpedia.org/kko/rc/ExperimentalAircraft
http://kbpedia.org/kko/rc/AlekseyevI_212,rdfs:subClassOf,owl:Thing
http://kbpedia.org/kko/rc/AlekseyevI_212,rdfs:subClassOf,http://kbpedia.org/kko/rc/FighterPlane
http://kbpedia.org/kko/rc/MaterialLandingShip,rdfs:subClassOf,http://kbpedia.org/kko/rc/AmphibiousWarfareShip
http://kbpedia.org/kko/rc/MaterialLandingShip,rdfs:subClassOf,owl:Thing
http://kbpedia.org/kko/rc/EagleVehicle,rdfs:subClassOf,http://kbpedia.org/kko/rc/ChryslerCar
http://kbpedia.org/kko/rc/EagleVehicle,rdfs:subClassOf,owl:Thing
http://kbpedia.org/kko/rc/GAZ_66,rdfs:subClassOf,http://kbpedia.org/kko/rc/CargoTruck
http://kbpedia.org/kko/rc/GAZ_66,rdfs:subClassOf,owl:Thing
http://kbpedia.org/kko/rc/CadillacCTS,rdfs:subClassOf,http://kbpedia.org/kko/rc/CadillacCar
http://kbpedia.org/kko/rc/CadillacCTS,rdfs:subClassOf,owl:Thing
http://kbpedia.org/kko/rc/PolikarpovI_3,rdfs:subClassOf,http://kbpedia.org/kko/rc/FighterPlane
http://kbpedia.org/kko/rc/PolikarpovI_3,rdfs:subClassOf,owl:Thing
http://kbpedia.org/kko/rc/PolikarpovI_3,rdfs:subClassOf,http://kbpedia.org/kko/rc/MilitaryAircraft
http://kbpedia.org/kko/rc/PanzerI,rdfs:subClassOf,http://kbpedia.org/kko/rc/LightTank
http://kbpedia.org/kko/rc/PanzerI,rdfs:subClassOf,owl:Thing
http://kbpedia.org/kko/rc/UltraDenseServer,rdfs:subClassOf,http://kbpedia.org/kko/rc/ComputerServer
http://kbpedia.org/kko/rc/UltraDenseServer,rdfs:subClassOf,owl:Thing
http://kbpedia.org/kko/rc/UltraDenseServer,rdfs:subClassOf,http://kbpedia.org/kko/rc/ComputerHardwareItem
http://kbpedia.org/kko/rc/VolkwagenBeetleCar,rdfs:subClassOf,http://kbpedia.org/kko/rc/VolkswagenCar
http://kbpedia.org/kko/rc/VolkwagenBeetleCar,rdfs:subClassOf,owl:Thing
http://kbpedia.org/kko/rc/MitsubishiCar,rdfs:subClassOf,http://kbpedia.org/kko/rc/Automobile_GasolineEngine
http://kbpedia.org/kko/rc/MitsubishiCar,rdfs:subClassOf,owl:Thing
http://kbpedia.org/kko/rc/MitsubishiCar,rdfs:subClassOf,http://kbpedia.org/kko/rc/JapaneseCar
http://kbpedia.org/kko/rc/CadillacBroughamCar,rdfs:subClassOf,http://kbpedia.org/kko/rc/CadillacCar
http://kbpedia.org/kko/rc/CadillacBroughamCar,rdfs:subClassOf,owl:Thing
http://kbpedia.org/kko/rc/KatyushaRocketLauncher,rdfs:subClassOf,http://kbpedia.org/kko/rc/MultipleRocketLauncher
http://kbpedia.org/kko/rc/KatyushaRocketLauncher,rdfs:subClassOf,owl:Thing
http://kbpedia.org/kko/rc/AirTrafficControlInSouthAmerica,rdfs:subClassOf,http://kbpedia.org/kko/rc/AirTrafficControl
http://kbpedia.org/kko/rc/AirTrafficControlInSouthAmerica,rdfs:subClassOf,owl:Thing
http://kbpedia.org/kko/rc/MitsubishiMightyMaxCar,rdfs:subClassOf,http://kbpedia.org/kko/rc/MitsubishiCar
http://kbpedia.org/kko/rc/MitsubishiMightyMaxCar,rdfs:subClassOf,owl:Thing
http://kbpedia.org/kko/rc/FutureSpaceflight,rdfs:subClassOf,http://kbpedia.org/kko/rc/SpaceTransportation
http://kbpedia.org/kko/rc/FutureSpaceflight,rdfs:subClassOf,owl:Thing
http://kbpedia.org/kko/rc/SuperEtendard_Fighter,rdfs:subClassOf,http://kbpedia.org/kko/rc/FighterAttackPlane
http://kbpedia.org/kko/rc/SuperEtendard_Fighter,rdfs:subClassOf,owl:Thing
http://kbpedia.org/kko/rc/CadillacCateraCar,rdfs:subClassOf,http://kbpedia.org/kko/rc/CadillacCar
http://kbpedia.org/kko/rc/CadillacCateraCar,rdfs:subClassOf,owl:Thing
http://kbpedia.org/kko/rc/CosmeticsBag,rdfs:subClassOf,http://kbpedia.org/kko/rc/Bag
http://kbpedia.org/kko/rc/CosmeticsBag,rdfs:subClassOf,owl:Thing
http://kbpedia.org/kko/rc/CelestialCoordinateSystem,rdfs:subClassOf,http://kbpedia.org/kko/rc/CoordinateSystem
http://kbpedia.org/kko/rc/CelestialCoordinateSystem,rdfs:subClassOf,owl:Thing
http://kbpedia.org/kko/rc/CelestialCoordinateSystem,rdfs:subClassOf,http://kbpedia.org/kko/rc/TheCelestialSphere
http://kbpedia.org/kko/rc/UlnarNerve,rdfs:subClassOf,http://kbpedia.org/kko/rc/Nerve
http://kbpedia.org/kko/rc/UlnarNerve,rdfs:subClassOf,owl:Thing
http://kbpedia.org/kko/rc/VolkswagenBeetleModification,rdfs:subClassOf,http://kbpedia.org/kko/rc/VolkswagenBeetleCar
http://kbpedia.org/kko/rc/VolkswagenBeetleModification,rdfs:subClassOf,owl:Thing
http://kbpedia.org/kko/rc/VolkswagenBeetleModification,rdfs:subClassOf,http://kbpedia.org/kko/rc/VolkwagenBeetleCar
http://kbpedia.org/kko/rc/MitsubishiDiamanteCar,rdfs:subClassOf,http://kbpedia.org/kko/rc/MitsubishiCar
http://kbpedia.org/kko/rc/MitsubishiDiamanteCar,rdfs:subClassOf,owl:Thing
http://kbpedia.org/kko/rc/GEE60,rdfs:subClassOf,http://kbpedia.org/kko/rc/ElectricLocomotive
http://kbpedia.org/kko/rc/GEE60,rdfs:subClassOf,owl:Thing
http://kbpedia.org/kko/rc/CadillacCoupeDeVille,rdfs:subClassOf,http://kbpedia.org/kko/rc/CadillacCar
http://kbpedia.org/kko/rc/CadillacCoupeDeVille,rdfs:subClassOf,owl:Thing
http://kbpedia.org/kko/rc/MilitaryRadioSystem,rdfs:subClassOf,http://kbpedia.org/kko/rc/Radio
http://kbpedia.org/kko/rc/MilitaryRadioSystem,rdfs:subClassOf,owl:Thing
http://kbpedia.org/kko/rc/SteamboatOfNantucketSound,rdfs:subClassOf,http://kbpedia.org/kko/rc/Steamboat
http://kbpedia.org/kko/rc/SteamboatOfNantucketSound,rdfs:subClassOf,owl:Thing
http://kbpedia.org/kko/rc/DassaultMirage2000,rdfs:subClassOf,http://kbpedia.org/kko/rc/Jetfighter
http://kbpedia.org/kko/rc/DassaultMirage2000,rdfs:subClassOf,owl:Thing
http://kbpedia.org/kko/rc/DassaultMirage2000,rdfs:subClassOf,http://kbpedia.org/kko/rc/FighterPlane
http://kbpedia.org/kko/rc/RailTransport,rdfs:subClassOf,http://kbpedia.org/kko/rc/TransportByMode
http://kbpedia.org/kko/rc/RailTransport,rdfs:subClassOf,owl:Thing
http://kbpedia.org/kko/rc/CadillacEldoradoCar,rdfs:subClassOf,http://kbpedia.org/kko/rc/CadillacCar
http://kbpedia.org/kko/rc/CadillacEldoradoCar,rdfs:subClassOf,owl:Thing
http://kbpedia.org/kko/rc/SubaruJustyCar,rdfs:subClassOf,http://kbpedia.org/kko/rc/SubaruCar
http://kbpedia.org/kko/rc/SubaruJustyCar,rdfs:subClassOf,owl:Thing
http://kbpedia.org/kko/rc/WirelessAccessPoint_Device,rdfs:subClassOf,http://kbpedia.org/kko/rc/ComputingDevice
http://kbpedia.org/kko/rc/WirelessAccessPoint_Device,rdfs:subClassOf,owl:Thing
http://kbpedia.org/kko/rc/WirelessAccessPoint_Device,rdfs:subClassOf,http://kbpedia.org/kko/rc/NetworkingHardware
http://kbpedia.org/kko/rc/WirelessAccessPoint_Device,rdfs:subClassOf,http://kbpedia.org/kko/rc/SinglePurposeDevice
http://kbpedia.org/kko/rc/SunbeamAlpineSeriesCar,rdfs:subClassOf,http://kbpedia.org/kko/rc/SunbeamCar
http://kbpedia.org/kko/rc/SunbeamAlpineSeriesCar,rdfs:subClassOf,owl:Thing
http://kbpedia.org/kko/rc/CadillacFleetwoodCar,rdfs:subClassOf,http://kbpedia.org/kko/rc/CadillacCar
http://kbpedia.org/kko/rc/CadillacFleetwoodCar,rdfs:subClassOf,owl:Thing
http://kbpedia.org/kko/rc/Osvetnik_classSubmarine,rdfs:subClassOf,http://kbpedia.org/kko/rc/AttackSubmarine
http://kbpedia.org/kko/rc/Osvetnik_classSubmarine,rdfs:subClassOf,owl:Thing
http://kbpedia.org/kko/rc/CompoundLocomotive,rdfs:subClassOf,http://kbpedia.org/kko/rc/TrainEngine
http://kbpedia.org/kko/rc/CompoundLocomotive,rdfs:subClassOf,owl:Thing
http://kbpedia.org/kko/rc/RoadTrafficManagement,rdfs:subClassOf,http://kbpedia.org/kko/rc/ControllingSomething
http://kbpedia.org/kko/rc/RoadTrafficManagement,rdfs:subClassOf,owl:Thing
http://kbpedia.org/kko/rc/RoadTrafficManagement,rdfs:subClassOf,http://kbpedia.org/kko/rc/RoadSystem
http://kbpedia.org/kko/rc/Volage_classCorvette,rdfs:subClassOf,http://kbpedia.org/kko/rc/Corvette_Ship
http://kbpedia.org/kko/rc/Volage_classCorvette,rdfs:subClassOf,owl:Thing
http://kbpedia.org/kko/rc/MitsubishiMonteroCar,rdfs:subClassOf,http://kbpedia.org/kko/rc/MitsubishiCar
http://kbpedia.org/kko/rc/MitsubishiMonteroCar,rdfs:subClassOf,owl:Thing
http://kbpedia.org/kko/rc/MitsubishiMonteroCar,rdfs:subClassOf,http://kbpedia.org/kko/rc/SportUtilityVehicle
http://kbpedia.org/kko/rc/MidsizeCar,rdfs:subClassOf,http://kbpedia.org/kko/rc/AutomobileTypeByConventionalSizeClassification
http://kbpedia.org/kko/rc/MidsizeCar,rdfs:subClassOf,owl:Thing
http://kbpedia.org/kko/rc/MidsizeCar,rdfs:subClassOf,http://kbpedia.org/kko/rc/AutomobileTypeByBodyStyle
http://kbpedia.org/kko/rc/MilitaryRoad,rdfs:subClassOf,http://kbpedia.org/kko/rc/Roadway
http://kbpedia.org/kko/rc/MilitaryRoad,rdfs:subClassOf,owl:Thing
http://kbpedia.org/kko/rc/Katori_classBattleship,rdfs:subClassOf,http://kbpedia.org/kko/rc/PreDreadnoughtBattleship
http://kbpedia.org/kko/rc/Katori_classBattleship,rdfs:subClassOf,owl:Thing
http://kbpedia.org/kko/rc/AirTrafficControl,rdfs:subClassOf,http://kbpedia.org/kko/rc/RoadTrafficManagement
http://kbpedia.org/kko/rc/AirTrafficControl,rdfs:subClassOf,owl:Thing
http://kbpedia.org/kko/rc/CadillacSixtySpecialCar,rdfs:subClassOf,http://kbpedia.org/kko/rc/CadillacCar
http://kbpedia.org/kko/rc/CadillacSixtySpecialCar,rdfs:subClassOf,owl:Thing
http://kbpedia.org/kko/rc/SteamboatOfTheWillametteRiver,rdfs:subClassOf,http://kbpedia.org/kko/rc/Steamboat
http://kbpedia.org/kko/rc/SteamboatOfTheWillametteRiver,rdfs:subClassOf,owl:Thing
http://kbpedia.org/kko/rc/AirTrafficControlInOceania,rdfs:subClassOf,http://kbpedia.org/kko/rc/AirTrafficControl
http://kbpedia.org/kko/rc/AirTrafficControlInOceania,rdfs:subClassOf,owl:Thing
http://kbpedia.org/kko/rc/CadillacVehicle,rdfs:subClassOf,http://kbpedia.org/kko/rc/CadillacCar
http://kbpedia.org/kko/rc/CadillacVehicle,rdfs:subClassOf,owl:Thing
http://kbpedia.org/kko/rc/PoliceCar,rdfs:subClassOf,http://kbpedia.org/kko/rc/Automobile
http://kbpedia.org/kko/rc/PoliceCar,rdfs:subClassOf,owl:Thing
http://kbpedia.org/kko/rc/PoliceCar,rdfs:subClassOf,http://kbpedia.org/kko/rc/EmergencyVehicle
http://kbpedia.org/kko/rc/PoliceCar,rdfs:subClassOf,http://kbpedia.org/kko/rc/SpecialPurposeVehicle
http://kbpedia.org/kko/rc/AldinoCar,rdfs:subClassOf,http://kbpedia.org/kko/rc/FerrariCar
http://kbpedia.org/kko/rc/AldinoCar,rdfs:subClassOf,owl:Thing
http://kbpedia.org/kko/rc/Iowa_classBattleship,rdfs:subClassOf,http://kbpedia.org/kko/rc/Battleship
http://kbpedia.org/kko/rc/Iowa_classBattleship,rdfs:subClassOf,owl:Thing
http://kbpedia.org/kko/rc/VehicleBrakeSystem,rdfs:subClassOf,http://kbpedia.org/kko/rc/BrakingSystemComponent
http://kbpedia.org/kko/rc/VehicleBrakeSystem,rdfs:subClassOf,owl:Thing
http://kbpedia.org/kko/rc/VehicleBrakeSystem,rdfs:subClassOf,http://kbpedia.org/kko/rc/Device_UserControlled
http://kbpedia.org/kko/rc/VehicleBrakeSystem,rdfs:subClassOf,http://kbpedia.org/kko/rc/VehiclePart
http://kbpedia.org/kko/rc/SteamboatOfTheYukonRiver,rdfs:subClassOf,http://kbpedia.org/kko/rc/Steamboat
http://kbpedia.org/kko/rc/SteamboatOfTheYukonRiver,rdfs:subClassOf,owl:Thing
http://kbpedia.org/kko/rc/H_classBattleshipProposal,rdfs:subClassOf,http://kbpedia.org/kko/rc/Battleship
http://kbpedia.org/kko/rc/H_classBattleshipProposal,rdfs:subClassOf,owl:Thing
http://kbpedia.org/kko/rc/RoadSystem,rdfs:subClassOf,http://kbpedia.org/kko/rc/ConnectedPhysicalPathSystem
http://kbpedia.org/kko/rc/RoadSystem,rdfs:subClassOf,owl:Thing
http://kbpedia.org/kko/rc/PoliceTruck,rdfs:subClassOf,http://kbpedia.org/kko/rc/EmergencyVehicle
http://kbpedia.org/kko/rc/PoliceTruck,rdfs:subClassOf,owl:Thing
http://kbpedia.org/kko/rc/PoliceTruck,rdfs:subClassOf,http://kbpedia.org/kko/rc/Truck
http://kbpedia.org/kko/rc/RailwayTramwayCar,rdfs:subClassOf,http://kbpedia.org/kko/rc/MaterialTransporter
http://kbpedia.org/kko/rc/RailwayTramwayCar,rdfs:subClassOf,owl:Thing
http://kbpedia.org/kko/rc/RailwayTramwayCar,rdfs:subClassOf,http://kbpedia.org/kko/rc/RollingStock
http://kbpedia.org/kko/rc/RailwayTramwayCar,rdfs:subClassOf,http://kbpedia.org/kko/rc/RailwayTramwayMachinery
http://kbpedia.org/kko/rc/RailwayTramwayCar,rdfs:subClassOf,http://kbpedia.org/kko/rc/WheeledTransportationDevice
http://kbpedia.org/kko/rc/ItalianCar,rdfs:subClassOf,http://kbpedia.org/kko/rc/EuropeanCar
http://kbpedia.org/kko/rc/ItalianCar,rdfs:subClassOf,owl:Thing
http://kbpedia.org/kko/rc/AntilockBrakeSystem,rdfs:subClassOf,http://kbpedia.org/kko/rc/PowerBrakeSystem
http://kbpedia.org/kko/rc/AntilockBrakeSystem,rdfs:subClassOf,owl:Thing
http://kbpedia.org/kko/rc/AirTrafficControlSimulator,rdfs:subClassOf,http://kbpedia.org/kko/rc/AirTrafficControl
http://kbpedia.org/kko/rc/AirTrafficControlSimulator,rdfs:subClassOf,owl:Thing
http://kbpedia.org/kko/rc/AirTrafficControlSimulator,rdfs:subClassOf,http://kbpedia.org/kko/rc/Simulator
http://kbpedia.org/kko/rc/QueenElizabeth_classAircraftCarrier,rdfs:subClassOf,http://kbpedia.org/kko/rc/AircraftCarrier
http://kbpedia.org/kko/rc/QueenElizabeth_classAircraftCarrier,rdfs:subClassOf,owl:Thing
http://kbpedia.org/kko/rc/Padlock,rdfs:subClassOf,http://kbpedia.org/kko/rc/Lock
http://kbpedia.org/kko/rc/Padlock,rdfs:subClassOf,owl:Thing
http://kbpedia.org/kko/rc/G3Battlecruiser,rdfs:subClassOf,http://kbpedia.org/kko/rc/BattleCruiser
http://kbpedia.org/kko/rc/G3Battlecruiser,rdfs:subClassOf,owl:Thing
http://kbpedia.org/kko/rc/ToyotaCamryCar,rdfs:subClassOf,http://kbpedia.org/kko/rc/Automobile_GasolineEngine
http://kbpedia.org/kko/rc/ToyotaCamryCar,rdfs:subClassOf,owl:Thing
http://kbpedia.org/kko/rc/ToyotaCamryCar,rdfs:subClassOf,http://kbpedia.org/kko/rc/MidsizeCar
http://kbpedia.org/kko/rc/ToyotaCamryCar,rdfs:subClassOf,http://kbpedia.org/kko/rc/ToyotaCar
http://kbpedia.org/kko/rc/RailwayLinesInTheBlackForest,rdfs:subClassOf,http://kbpedia.org/kko/rc/RailwayLine
http://kbpedia.org/kko/rc/RailwayLinesInTheBlackForest,rdfs:subClassOf,owl:Thing
http://kbpedia.org/kko/rc/InternetAccess,rdfs:subClassOf,http://kbpedia.org/kko/rc/Internet
http://kbpedia.org/kko/rc/InternetAccess,rdfs:subClassOf,owl:Thing
http://kbpedia.org/kko/rc/Fiat124Car,rdfs:subClassOf,http://kbpedia.org/kko/rc/FiatCar
http://kbpedia.org/kko/rc/Fiat124Car,rdfs:subClassOf,owl:Thing
http://kbpedia.org/kko/rc/TransportSystem,rdfs:subClassOf,http://kbpedia.org/kko/rc/SystemOfDevices
http://kbpedia.org/kko/rc/TransportSystem,rdfs:subClassOf,owl:Thing
http://kbpedia.org/kko/rc/TransportSystem,rdfs:subClassOf,http://kbpedia.org/kko/rc/TransportationProduct
http://kbpedia.org/kko/rc/VolkswagenBeetleCar,rdfs:subClassOf,http://kbpedia.org/kko/rc/VolkswagenCar
http://kbpedia.org/kko/rc/VolkswagenBeetleCar,rdfs:subClassOf,owl:Thing
http://kbpedia.org/kko/rc/ToyotaCarinaCar,rdfs:subClassOf,http://kbpedia.org/kko/rc/Automobile_GasolineEngine
http://kbpedia.org/kko/rc/ToyotaCarinaCar,rdfs:subClassOf,owl:Thing
http://kbpedia.org/kko/rc/ToyotaCarinaCar,rdfs:subClassOf,http://kbpedia.org/kko/rc/ToyotaCar
http://kbpedia.org/kko/rc/Iore,rdfs:subClassOf,http://kbpedia.org/kko/rc/ElectricLocomotive
http://kbpedia.org/kko/rc/Iore,rdfs:subClassOf,owl:Thing
http://kbpedia.org/kko/rc/PolikarpovI_5,rdfs:subClassOf,http://kbpedia.org/kko/rc/FighterPlane
http://kbpedia.org/kko/rc/PolikarpovI_5,rdfs:subClassOf,owl:Thing
http://kbpedia.org/kko/rc/KingGeorgeV_classBattleship,rdfs:subClassOf,http://kbpedia.org/kko/rc/Dreadnought
http://kbpedia.org/kko/rc/KingGeorgeV_classBattleship,rdfs:subClassOf,owl:Thing
http://kbpedia.org/kko/rc/WreckerTruck,rdfs:subClassOf,http://kbpedia.org/kko/rc/ProductMaterialTransportVehicle
http://kbpedia.org/kko/rc/WreckerTruck,rdfs:subClassOf,owl:Thing
http://kbpedia.org/kko/rc/WreckerTruck,rdfs:subClassOf,http://kbpedia.org/kko/rc/Truck
http://kbpedia.org/kko/rc/HZ_1Aerocycle,rdfs:subClassOf,http://kbpedia.org/kko/rc/Helicopter
http://kbpedia.org/kko/rc/HZ_1Aerocycle,rdfs:subClassOf,owl:Thing
http://kbpedia.org/kko/rc/MarineTransport,rdfs:subClassOf,http://kbpedia.org/kko/rc/TransportByMode
http://kbpedia.org/kko/rc/MarineTransport,rdfs:subClassOf,owl:Thing
http://kbpedia.org/kko/rc/Kawachi_classBattleship,rdfs:subClassOf,http://kbpedia.org/kko/rc/Dreadnought
http://kbpedia.org/kko/rc/Kawachi_classBattleship,rdfs:subClassOf,owl:Thing
http://kbpedia.org/kko/rc/VauxhallMotors,rdfs:subClassOf,http://kbpedia.org/kko/rc/OpelCar
http://kbpedia.org/kko/rc/VauxhallMotors,rdfs:subClassOf,owl:Thing
http://kbpedia.org/kko/rc/VolkswagenPoloRWRC,rdfs:subClassOf,http://kbpedia.org/kko/rc/VolkswagenCar
http://kbpedia.org/kko/rc/VolkswagenPoloRWRC,rdfs:subClassOf,owl:Thing
http://kbpedia.org/kko/rc/Iphone6,rdfs:subClassOf,http://kbpedia.org/kko/rc/IPhone_AppleCellphone
http://kbpedia.org/kko/rc/Iphone6,rdfs:subClassOf,owl:Thing
http://kbpedia.org/kko/rc/RailwayStation,rdfs:subClassOf,http://kbpedia.org/kko/rc/StationTerminalOrStop
http://kbpedia.org/kko/rc/RailwayStation,rdfs:subClassOf,owl:Thing
http://kbpedia.org/kko/rc/BrakingSystemComponent,rdfs:subClassOf,http://kbpedia.org/kko/rc/TransportationComponentSystem
http://kbpedia.org/kko/rc/BrakingSystemComponent,rdfs:subClassOf,owl:Thing
http://kbpedia.org/kko/rc/Gangut_classBattleship,rdfs:subClassOf,http://kbpedia.org/kko/rc/Dreadnought
http://kbpedia.org/kko/rc/Gangut_classBattleship,rdfs:subClassOf,owl:Thing
http://kbpedia.org/kko/rc/VolkswagenVanagonCar,rdfs:subClassOf,http://kbpedia.org/kko/rc/VolkswagenCar
http://kbpedia.org/kko/rc/VolkswagenVanagonCar,rdfs:subClassOf,owl:Thing
http://kbpedia.org/kko/rc/MitsubishiLancerEvolution,rdfs:subClassOf,http://kbpedia.org/kko/rc/MitsubishiCar
http://kbpedia.org/kko/rc/MitsubishiLancerEvolution,rdfs:subClassOf,owl:Thing
http://kbpedia.org/kko/rc/ToyotaCelicaCar,rdfs:subClassOf,http://kbpedia.org/kko/rc/Automobile_GasolineEngine
http://kbpedia.org/kko/rc/ToyotaCelicaCar,rdfs:subClassOf,owl:Thing
http://kbpedia.org/kko/rc/ToyotaCelicaCar,rdfs:subClassOf,http://kbpedia.org/kko/rc/ToyotaCar
http://kbpedia.org/kko/rc/Hemmema,rdfs:subClassOf,http://kbpedia.org/kko/rc/ModernNavalShip
http://kbpedia.org/kko/rc/Hemmema,rdfs:subClassOf,owl:Thing
http://kbpedia.org/kko/rc/MilitaryStorageBunker,rdfs:subClassOf,http://kbpedia.org/kko/rc/Bunker
http://kbpedia.org/kko/rc/MilitaryStorageBunker,rdfs:subClassOf,owl:Thing
http://kbpedia.org/kko/rc/MilitaryStorageBunker,rdfs:subClassOf,http://kbpedia.org/kko/rc/MilitaryDepot_Site
http://kbpedia.org/kko/rc/Liberte_classBattleship,rdfs:subClassOf,http://kbpedia.org/kko/rc/PreDreadnoughtBattleship
http://kbpedia.org/kko/rc/Liberte_classBattleship,rdfs:subClassOf,owl:Thing
http://kbpedia.org/kko/rc/Fiat128Car,rdfs:subClassOf,http://kbpedia.org/kko/rc/FiatCar
http://kbpedia.org/kko/rc/Fiat128Car,rdfs:subClassOf,owl:Thing
http://kbpedia.org/kko/rc/Platt_LePageXR_1,rdfs:subClassOf,http://kbpedia.org/kko/rc/Helicopter
http://kbpedia.org/kko/rc/Platt_LePageXR_1,rdfs:subClassOf,owl:Thing
http://kbpedia.org/kko/rc/Blimp,rdfs:subClassOf,http://kbpedia.org/kko/rc/LighterThanAirCraft
http://kbpedia.org/kko/rc/Blimp,rdfs:subClassOf,owl:Thing
http://kbpedia.org/kko/rc/Blimp,rdfs:subClassOf,http://kbpedia.org/kko/rc/MaterialTransporter
http://kbpedia.org/kko/rc/Blimp,rdfs:subClassOf,http://kbpedia.org/kko/rc/TransportationContainerProduct
http://kbpedia.org/kko/rc/Blimp,rdfs:subClassOf,http://kbpedia.org/kko/rc/AirTransportationVehicle
http://kbpedia.org/kko/rc/MitsubishiEclipseCar,rdfs:subClassOf,http://kbpedia.org/kko/rc/MitsubishiCar
http://kbpedia.org/kko/rc/MitsubishiEclipseCar,rdfs:subClassOf,owl:Thing
http://kbpedia.org/kko/rc/GenitofemoralNerve,rdfs:subClassOf,http://kbpedia.org/kko/rc/SensoryMotorNerve
http://kbpedia.org/kko/rc/GenitofemoralNerve,rdfs:subClassOf,owl:Thing
http://kbpedia.org/kko/rc/CarAlarm,rdfs:subClassOf,http://kbpedia.org/kko/rc/AlarmDevice
http://kbpedia.org/kko/rc/CarAlarm,rdfs:subClassOf,owl:Thing
http://kbpedia.org/kko/rc/CarAlarm,rdfs:subClassOf,http://kbpedia.org/kko/rc/ConsumerElectronicDevice
http://kbpedia.org/kko/rc/CarAlarm,rdfs:subClassOf,http://kbpedia.org/kko/rc/DefenseSystem
http://kbpedia.org/kko/rc/DouglasXCG_17,rdfs:subClassOf,http://kbpedia.org/kko/rc/JF_17Thunder
http://kbpedia.org/kko/rc/DouglasXCG_17,rdfs:subClassOf,owl:Thing
http://kbpedia.org/kko/rc/FiatStradaCar,rdfs:subClassOf,http://kbpedia.org/kko/rc/FiatCar
http://kbpedia.org/kko/rc/FiatStradaCar,rdfs:subClassOf,owl:Thing
http://kbpedia.org/kko/rc/JohnEricsson_classMonitor,rdfs:subClassOf,http://kbpedia.org/kko/rc/Monitor
http://kbpedia.org/kko/rc/JohnEricsson_classMonitor,rdfs:subClassOf,owl:Thing
http://kbpedia.org/kko/rc/WirelessEnergyTransfer,rdfs:subClassOf,http://kbpedia.org/kko/rc/ElectricPowerGrid
http://kbpedia.org/kko/rc/WirelessEnergyTransfer,rdfs:subClassOf,owl:Thing
http://kbpedia.org/kko/rc/Datsun1500Car,rdfs:subClassOf,http://kbpedia.org/kko/rc/DatsunCar
http://kbpedia.org/kko/rc/Datsun1500Car,rdfs:subClassOf,owl:Thing
http://kbpedia.org/kko/rc/InternetArchitecture,rdfs:subClassOf,http://kbpedia.org/kko/rc/Internet
http://kbpedia.org/kko/rc/InternetArchitecture,rdfs:subClassOf,owl:Thing
http://kbpedia.org/kko/rc/DeepSubmergenceRescueVehicle,rdfs:subClassOf,http://kbpedia.org/kko/rc/RescueVehicle
http://kbpedia.org/kko/rc/DeepSubmergenceRescueVehicle,rdfs:subClassOf,owl:Thing
http://kbpedia.org/kko/rc/DeepSubmergenceRescueVehicle,rdfs:subClassOf,http://kbpedia.org/kko/rc/Submarine_Military
http://kbpedia.org/kko/rc/TransportByMode,rdfs:subClassOf,http://kbpedia.org/kko/rc/TransportSystem
http://kbpedia.org/kko/rc/TransportByMode,rdfs:subClassOf,owl:Thing
http://kbpedia.org/kko/rc/IlioinguinalNerve,rdfs:subClassOf,http://kbpedia.org/kko/rc/Nerve
http://kbpedia.org/kko/rc/IlioinguinalNerve,rdfs:subClassOf,owl:Thing
http://kbpedia.org/kko/rc/ArmamentOfTheIowa_classBattleship,rdfs:subClassOf,http://kbpedia.org/kko/rc/Iowa_classBattleship
http://kbpedia.org/kko/rc/ArmamentOfTheIowa_classBattleship,rdfs:subClassOf,owl:Thing
http://kbpedia.org/kko/rc/ScenicRoadway,rdfs:subClassOf,http://kbpedia.org/kko/rc/ScenicRoute
http://kbpedia.org/kko/rc/ScenicRoadway,rdfs:subClassOf,owl:Thing
http://kbpedia.org/kko/rc/ScenicRoadway,rdfs:subClassOf,http://kbpedia.org/kko/rc/Roadway
http://kbpedia.org/kko/rc/VascularNetworkOfPlant,rdfs:subClassOf,http://kbpedia.org/kko/rc/PipingSystem_Biological
http://kbpedia.org/kko/rc/VascularNetworkOfPlant,rdfs:subClassOf,owl:Thing
http://kbpedia.org/kko/rc/VascularNetworkOfPlant,rdfs:subClassOf,http://kbpedia.org/kko/rc/PlantTissueStructures
http://kbpedia.org/kko/rc/InertialNavigationSystem,rdfs:subClassOf,http://kbpedia.org/kko/rc/NavigationDevice
http://kbpedia.org/kko/rc/InertialNavigationSystem,rdfs:subClassOf,owl:Thing
http://kbpedia.org/kko/rc/InertialNavigationSystem,rdfs:subClassOf,http://kbpedia.org/kko/rc/PhysicalSystem
http://kbpedia.org/kko/rc/InertialNavigationSystem,rdfs:subClassOf,http://kbpedia.org/kko/rc/SystemOfDevices
http://kbpedia.org/kko/rc/ForestHighwaysInTheUnitedStates,rdfs:subClassOf,http://kbpedia.org/kko/rc/ScenicRoadway
http://kbpedia.org/kko/rc/ForestHighwaysInTheUnitedStates,rdfs:subClassOf,owl:Thing
http://kbpedia.org/kko/rc/PhloemNetwork,rdfs:subClassOf,http://kbpedia.org/kko/rc/VascularNetworkOfPlant
http://kbpedia.org/kko/rc/PhloemNetwork,rdfs:subClassOf,owl:Thing
http://kbpedia.org/kko/rc/Watercraft_Surface,rdfs:subClassOf,http://kbpedia.org/kko/rc/Watercraft
http://kbpedia.org/kko/rc/Watercraft_Surface,rdfs:subClassOf,owl:Thing
http://kbpedia.org/kko/rc/VolvoCar,rdfs:subClassOf,http://kbpedia.org/kko/rc/SwedishCar
http://kbpedia.org/kko/rc/VolvoCar,rdfs:subClassOf,owl:Thing
http://kbpedia.org/kko/rc/ToyotaAvalonCar,rdfs:subClassOf,http://kbpedia.org/kko/rc/Automobile_GasolineEngine
http://kbpedia.org/kko/rc/ToyotaAvalonCar,rdfs:subClassOf,owl:Thing
http://kbpedia.org/kko/rc/ToyotaAvalonCar,rdfs:subClassOf,http://kbpedia.org/kko/rc/ToyotaCar
http://kbpedia.org/kko/rc/SuperchargedEngine,rdfs:subClassOf,http://kbpedia.org/kko/rc/AutoEngine
http://kbpedia.org/kko/rc/SuperchargedEngine,rdfs:subClassOf,owl:Thing
http://kbpedia.org/kko/rc/PininfarinaCar,rdfs:subClassOf,http://kbpedia.org/kko/rc/ItalianCar
http://kbpedia.org/kko/rc/PininfarinaCar,rdfs:subClassOf,owl:Thing
http://kbpedia.org/kko/rc/PolikarpovTIS,rdfs:subClassOf,http://kbpedia.org/kko/rc/WorldWarIIFighterAircraft
http://kbpedia.org/kko/rc/PolikarpovTIS,rdfs:subClassOf,owl:Thing
http://kbpedia.org/kko/rc/PolikarpovTIS,rdfs:subClassOf,http://kbpedia.org/kko/rc/MilitaryAircraft
http://kbpedia.org/kko/rc/EagleCar,rdfs:subClassOf,http://kbpedia.org/kko/rc/ChryslerCar
http://kbpedia.org/kko/rc/EagleCar,rdfs:subClassOf,owl:Thing
http://kbpedia.org/kko/rc/CollectorRoad,rdfs:subClassOf,http://kbpedia.org/kko/rc/TravelRoute_Road
http://kbpedia.org/kko/rc/CollectorRoad,rdfs:subClassOf,owl:Thing
http://kbpedia.org/kko/rc/CollectorRoad,rdfs:subClassOf,http://kbpedia.org/kko/rc/Roadway
http://kbpedia.org/kko/rc/Active_classCruiser,rdfs:subClassOf,http://kbpedia.org/kko/rc/Cruiser
http://kbpedia.org/kko/rc/Active_classCruiser,rdfs:subClassOf,owl:Thing
http://kbpedia.org/kko/rc/Una_classSubmarine,rdfs:subClassOf,http://kbpedia.org/kko/rc/Submarine_Military
http://kbpedia.org/kko/rc/Una_classSubmarine,rdfs:subClassOf,owl:Thing
http://kbpedia.org/kko/rc/Volvo122SCar,rdfs:subClassOf,http://kbpedia.org/kko/rc/VolvoCar
http://kbpedia.org/kko/rc/Volvo122SCar,rdfs:subClassOf,owl:Thing
http://kbpedia.org/kko/rc/ToyotaCorollaCar,rdfs:subClassOf,http://kbpedia.org/kko/rc/Automobile_GasolineEngine
http://kbpedia.org/kko/rc/ToyotaCorollaCar,rdfs:subClassOf,owl:Thing
http://kbpedia.org/kko/rc/ToyotaCorollaCar,rdfs:subClassOf,http://kbpedia.org/kko/rc/ToyotaCar
http://kbpedia.org/kko/rc/Ducati,rdfs:subClassOf,http://kbpedia.org/kko/rc/AudiCar
http://kbpedia.org/kko/rc/Ducati,rdfs:subClassOf,owl:Thing
http://kbpedia.org/kko/rc/PininfarinaVehicle,rdfs:subClassOf,http://kbpedia.org/kko/rc/PininfarinaCar
http://kbpedia.org/kko/rc/PininfarinaVehicle,rdfs:subClassOf,owl:Thing
http://kbpedia.org/kko/rc/Monarch_classCoastalDefenseShip,rdfs:subClassOf,http://kbpedia.org/kko/rc/Battleship
http://kbpedia.org/kko/rc/Monarch_classCoastalDefenseShip,rdfs:subClassOf,owl:Thing
http://kbpedia.org/kko/rc/SteamboatOfTheStikineRiver,rdfs:subClassOf,http://kbpedia.org/kko/rc/Steamboat
http://kbpedia.org/kko/rc/SteamboatOfTheStikineRiver,rdfs:subClassOf,owl:Thing
http://kbpedia.org/kko/rc/SubaruVehicle,rdfs:subClassOf,http://kbpedia.org/kko/rc/SubaruCar
http://kbpedia.org/kko/rc/SubaruVehicle,rdfs:subClassOf,owl:Thing
http://kbpedia.org/kko/rc/WirelessRouter,rdfs:subClassOf,http://kbpedia.org/kko/rc/Router_Network
http://kbpedia.org/kko/rc/WirelessRouter,rdfs:subClassOf,owl:Thing
http://kbpedia.org/kko/rc/WirelessRouter,rdfs:subClassOf,http://kbpedia.org/kko/rc/WirelessCommunicationDevice
http://kbpedia.org/kko/rc/MotorControl,rdfs:subClassOf,http://kbpedia.org/kko/rc/NervousSystem
http://kbpedia.org/kko/rc/MotorControl,rdfs:subClassOf,owl:Thing
http://kbpedia.org/kko/rc/ToyotaLandCruiserCar,rdfs:subClassOf,http://kbpedia.org/kko/rc/Automobile_GasolineEngine
http://kbpedia.org/kko/rc/ToyotaLandCruiserCar,rdfs:subClassOf,owl:Thing
http://kbpedia.org/kko/rc/ToyotaLandCruiserCar,rdfs:subClassOf,http://kbpedia.org/kko/rc/SportUtilityVehicle
http://kbpedia.org/kko/rc/ToyotaLandCruiserCar,rdfs:subClassOf,http://kbpedia.org/kko/rc/ToyotaCar
http://kbpedia.org/kko/rc/Superliner_Railcar,rdfs:subClassOf,http://kbpedia.org/kko/rc/PassengerTrainCar
http://kbpedia.org/kko/rc/Superliner_Railcar,rdfs:subClassOf,owl:Thing
http://kbpedia.org/kko/rc/GMCJimmyCar,rdfs:subClassOf,http://kbpedia.org/kko/rc/GMAutomobile
http://kbpedia.org/kko/rc/GMCJimmyCar,rdfs:subClassOf,owl:Thing
http://kbpedia.org/kko/rc/GMCJimmyCar,rdfs:subClassOf,http://kbpedia.org/kko/rc/SportUtilityVehicle
http://kbpedia.org/kko/rc/SteamboatTransportOnTheColoradoRiver,rdfs:subClassOf,http://kbpedia.org/kko/rc/Steamboat
http://kbpedia.org/kko/rc/SteamboatTransportOnTheColoradoRiver,rdfs:subClassOf,owl:Thing
http://kbpedia.org/kko/rc/SubaruLegacyCar,rdfs:subClassOf,http://kbpedia.org/kko/rc/MidsizeCar
http://kbpedia.org/kko/rc/SubaruLegacyCar,rdfs:subClassOf,owl:Thing
http://kbpedia.org/kko/rc/SubaruLegacyCar,rdfs:subClassOf,http://kbpedia.org/kko/rc/SubaruCar
http://kbpedia.org/kko/rc/KawasakiHeavyIndustriesC151,rdfs:subClassOf,http://kbpedia.org/kko/rc/TrainEngine
http://kbpedia.org/kko/rc/KawasakiHeavyIndustriesC151,rdfs:subClassOf,owl:Thing
http://kbpedia.org/kko/rc/VoltageConverter,rdfs:subClassOf,http://kbpedia.org/kko/rc/PowerSystemDevice
http://kbpedia.org/kko/rc/VoltageConverter,rdfs:subClassOf,owl:Thing
http://kbpedia.org/kko/rc/VoltageConverter,rdfs:subClassOf,http://kbpedia.org/kko/rc/TravelAccessory
http://kbpedia.org/kko/rc/ToyotaPreviaCar,rdfs:subClassOf,http://kbpedia.org/kko/rc/Automobile_GasolineEngine
http://kbpedia.org/kko/rc/ToyotaPreviaCar,rdfs:subClassOf,owl:Thing
http://kbpedia.org/kko/rc/ToyotaPreviaCar,rdfs:subClassOf,http://kbpedia.org/kko/rc/ToyotaCar
http://kbpedia.org/kko/rc/GMCYukonCar,rdfs:subClassOf,http://kbpedia.org/kko/rc/GMAutomobile
http://kbpedia.org/kko/rc/GMCYukonCar,rdfs:subClassOf,owl:Thing
http://kbpedia.org/kko/rc/GMCYukonCar,rdfs:subClassOf,http://kbpedia.org/kko/rc/SportUtilityVehicle
http://kbpedia.org/kko/rc/FrontageRoad,rdfs:subClassOf,http://kbpedia.org/kko/rc/Roadway
http://kbpedia.org/kko/rc/FrontageRoad,rdfs:subClassOf,owl:Thing
http://kbpedia.org/kko/rc/Jetfighter,rdfs:subClassOf,http://kbpedia.org/kko/rc/FighterPlane
http://kbpedia.org/kko/rc/Jetfighter,rdfs:subClassOf,owl:Thing
http://kbpedia.org/kko/rc/MultiRoleAircraft,rdfs:subClassOf,http://kbpedia.org/kko/rc/Warplane
http://kbpedia.org/kko/rc/MultiRoleAircraft,rdfs:subClassOf,owl:Thing
http://kbpedia.org/kko/rc/MultiRoleAircraft,rdfs:subClassOf,http://kbpedia.org/kko/rc/MilitaryAircraft
http://kbpedia.org/kko/rc/ToyotaT100Car,rdfs:subClassOf,http://kbpedia.org/kko/rc/Automobile_GasolineEngine
http://kbpedia.org/kko/rc/ToyotaT100Car,rdfs:subClassOf,owl:Thing
http://kbpedia.org/kko/rc/ToyotaT100Car,rdfs:subClassOf,http://kbpedia.org/kko/rc/ToyotaCar
http://kbpedia.org/kko/rc/GMCSavana,rdfs:subClassOf,http://kbpedia.org/kko/rc/GMAutomobile
http://kbpedia.org/kko/rc/GMCSavana,rdfs:subClassOf,owl:Thing
http://kbpedia.org/kko/rc/GMCSavana,rdfs:subClassOf,http://kbpedia.org/kko/rc/Van
http://kbpedia.org/kko/rc/RailwayDepot,rdfs:subClassOf,http://kbpedia.org/kko/rc/StationTerminalOrStop
http://kbpedia.org/kko/rc/RailwayDepot,rdfs:subClassOf,owl:Thing
http://kbpedia.org/kko/rc/FiatPlatform,rdfs:subClassOf,http://kbpedia.org/kko/rc/FiatCar
http://kbpedia.org/kko/rc/FiatPlatform,rdfs:subClassOf,owl:Thing
http://kbpedia.org/kko/rc/BusinessRoute,rdfs:subClassOf,http://kbpedia.org/kko/rc/CollectorRoad
http://kbpedia.org/kko/rc/BusinessRoute,rdfs:subClassOf,owl:Thing
http://kbpedia.org/kko/rc/ModernNavalShip,rdfs:subClassOf,http://kbpedia.org/kko/rc/MilitaryWatercraft
http://kbpedia.org/kko/rc/ModernNavalShip,rdfs:subClassOf,owl:Thing
http://kbpedia.org/kko/rc/ModernNavalShip,rdfs:subClassOf,http://kbpedia.org/kko/rc/Ship
http://kbpedia.org/kko/rc/ModernNavalShip,rdfs:subClassOf,http://kbpedia.org/kko/rc/WeaponSystem
http://kbpedia.org/kko/rc/VolkswagenNewBeetle,rdfs:subClassOf,http://kbpedia.org/kko/rc/VolkswagenBeetleCar
http://kbpedia.org/kko/rc/VolkswagenNewBeetle,rdfs:subClassOf,owl:Thing
http://kbpedia.org/kko/rc/PaperBag,rdfs:subClassOf,http://kbpedia.org/kko/rc/Bag
http://kbpedia.org/kko/rc/PaperBag,rdfs:subClassOf,owl:Thing
http://kbpedia.org/kko/rc/PaperBag,rdfs:subClassOf,http://kbpedia.org/kko/rc/DisposableProduct
http://kbpedia.org/kko/rc/PaperBag,rdfs:subClassOf,http://kbpedia.org/kko/rc/PaperPackaging
http://kbpedia.org/kko/rc/Steamship,rdfs:subClassOf,http://kbpedia.org/kko/rc/Boat
http://kbpedia.org/kko/rc/Steamship,rdfs:subClassOf,owl:Thing
http://kbpedia.org/kko/rc/Steamship,rdfs:subClassOf,http://kbpedia.org/kko/rc/FuelPoweredDevice
http://kbpedia.org/kko/rc/BusinessRoutesOfInterstate69InMichigan,rdfs:subClassOf,http://kbpedia.org/kko/rc/BusinessRoute
http://kbpedia.org/kko/rc/BusinessRoutesOfInterstate69InMichigan,rdfs:subClassOf,owl:Thing
http://kbpedia.org/kko/rc/MilitaryWatercraft,rdfs:subClassOf,http://kbpedia.org/kko/rc/MarineTransport
http://kbpedia.org/kko/rc/MilitaryWatercraft,rdfs:subClassOf,owl:Thing
http://kbpedia.org/kko/rc/MilitaryWatercraft,rdfs:subClassOf,http://kbpedia.org/kko/rc/MilitaryVehicle
http://kbpedia.org/kko/rc/MilitaryWatercraft,rdfs:subClassOf,http://kbpedia.org/kko/rc/Watercraft
http://kbpedia.org/kko/rc/MilitaryWatercraft,rdfs:subClassOf,http://kbpedia.org/kko/rc/Platform_Military
http://kbpedia.org/kko/rc/VolkswagenPassatCar,rdfs:subClassOf,http://kbpedia.org/kko/rc/VolkswagenCar
http://kbpedia.org/kko/rc/VolkswagenPassatCar,rdfs:subClassOf,owl:Thing
http://kbpedia.org/kko/rc/SixCylinderEngine,rdfs:subClassOf,http://kbpedia.org/kko/rc/AutoEngine
http://kbpedia.org/kko/rc/SixCylinderEngine,rdfs:subClassOf,owl:Thing
http://kbpedia.org/kko/rc/GeoMetroCar,rdfs:subClassOf,http://kbpedia.org/kko/rc/GeoCar
http://kbpedia.org/kko/rc/GeoMetroCar,rdfs:subClassOf,owl:Thing
http://kbpedia.org/kko/rc/PaperGroceryBag,rdfs:subClassOf,http://kbpedia.org/kko/rc/GroceryBag
http://kbpedia.org/kko/rc/PaperGroceryBag,rdfs:subClassOf,owl:Thing
http://kbpedia.org/kko/rc/PaperGroceryBag,rdfs:subClassOf,http://kbpedia.org/kko/rc/PaperBag
http://kbpedia.org/kko/rc/RailwayCoach,rdfs:subClassOf,http://kbpedia.org/kko/rc/PassengerTrainCar
http://kbpedia.org/kko/rc/RailwayCoach,rdfs:subClassOf,owl:Thing
http://kbpedia.org/kko/rc/JF_17Thunder,rdfs:subClassOf,http://kbpedia.org/kko/rc/Jetfighter
http://kbpedia.org/kko/rc/JF_17Thunder,rdfs:subClassOf,owl:Thing
http://kbpedia.org/kko/rc/JF_17Thunder,rdfs:subClassOf,http://kbpedia.org/kko/rc/MultiRoleAircraft
http://kbpedia.org/kko/rc/JF_17Thunder,rdfs:subClassOf,http://kbpedia.org/kko/rc/FighterPlane
http://kbpedia.org/kko/rc/FiatFerroviaria,rdfs:subClassOf,http://kbpedia.org/kko/rc/FiatCar
http://kbpedia.org/kko/rc/FiatFerroviaria,rdfs:subClassOf,owl:Thing
http://kbpedia.org/kko/rc/VolkswagenSciroccoCar,rdfs:subClassOf,http://kbpedia.org/kko/rc/VolkswagenCar
http://kbpedia.org/kko/rc/VolkswagenSciroccoCar,rdfs:subClassOf,owl:Thing
http://kbpedia.org/kko/rc/RailFreightTransport,rdfs:subClassOf,http://kbpedia.org/kko/rc/MailCargoTransport
http://kbpedia.org/kko/rc/RailFreightTransport,rdfs:subClassOf,owl:Thing
http://kbpedia.org/kko/rc/RailFreightTransport,rdfs:subClassOf,http://kbpedia.org/kko/rc/RailTransport
http://kbpedia.org/kko/rc/PowerBrakeSystem,rdfs:subClassOf,http://kbpedia.org/kko/rc/VehicleBrakeSystem
http://kbpedia.org/kko/rc/PowerBrakeSystem,rdfs:subClassOf,owl:Thing
http://kbpedia.org/kko/rc/FiatBravaCar,rdfs:subClassOf,http://kbpedia.org/kko/rc/FiatCar
http://kbpedia.org/kko/rc/FiatBravaCar,rdfs:subClassOf,owl:Thing
http://kbpedia.org/kko/rc/AttackSubmarine,rdfs:subClassOf,http://kbpedia.org/kko/rc/Submarine_Military
http://kbpedia.org/kko/rc/AttackSubmarine,rdfs:subClassOf,owl:Thing
http://kbpedia.org/kko/rc/SubcompactCar,rdfs:subClassOf,http://kbpedia.org/kko/rc/AutomobileTypeByConventionalSizeClassification
http://kbpedia.org/kko/rc/SubcompactCar,rdfs:subClassOf,owl:Thing
http://kbpedia.org/kko/rc/SubcompactCar,rdfs:subClassOf,http://kbpedia.org/kko/rc/AutomobileTypeByBodyStyle
http://kbpedia.org/kko/rc/MobileNetwork,rdfs:subClassOf,http://kbpedia.org/kko/rc/ComputingDevice
http://kbpedia.org/kko/rc/MobileNetwork,rdfs:subClassOf,owl:Thing
http://kbpedia.org/kko/rc/MobileNetwork,rdfs:subClassOf,http://kbpedia.org/kko/rc/CustomarySystemOfLinks_Comm
http://kbpedia.org/kko/rc/MobileNetwork,rdfs:subClassOf,http://kbpedia.org/kko/rc/TelephoneSystem
http://kbpedia.org/kko/rc/ToyotaSupraCar,rdfs:subClassOf,http://kbpedia.org/kko/rc/Automobile_GasolineEngine
http://kbpedia.org/kko/rc/ToyotaSupraCar,rdfs:subClassOf,owl:Thing
http://kbpedia.org/kko/rc/ToyotaSupraCar,rdfs:subClassOf,http://kbpedia.org/kko/rc/ToyotaCar
http://kbpedia.org/kko/rc/BulkCargoRailTransportService,rdfs:subClassOf,http://kbpedia.org/kko/rc/RailFreightTransport
http://kbpedia.org/kko/rc/BulkCargoRailTransportService,rdfs:subClassOf,owl:Thing
http://kbpedia.org/kko/rc/VauxhallCar,rdfs:subClassOf,http://kbpedia.org/kko/rc/EnglishCar
http://kbpedia.org/kko/rc/VauxhallCar,rdfs:subClassOf,owl:Thing
http://kbpedia.org/kko/rc/VolkswagenGolfCar,rdfs:subClassOf,http://kbpedia.org/kko/rc/VolkswagenCar
http://kbpedia.org/kko/rc/VolkswagenGolfCar,rdfs:subClassOf,owl:Thing
http://kbpedia.org/kko/rc/BentleyMulsanneCar,rdfs:subClassOf,http://kbpedia.org/kko/rc/BentleyCar
http://kbpedia.org/kko/rc/BentleyMulsanneCar,rdfs:subClassOf,owl:Thing
http://kbpedia.org/kko/rc/GSMNetwork,rdfs:subClassOf,http://kbpedia.org/kko/rc/MobileNetwork
http://kbpedia.org/kko/rc/GSMNetwork,rdfs:subClassOf,owl:Thing
http://kbpedia.org/kko/rc/ToyotaPaseoCar,rdfs:subClassOf,http://kbpedia.org/kko/rc/Automobile_GasolineEngine
http://kbpedia.org/kko/rc/ToyotaPaseoCar,rdfs:subClassOf,owl:Thing
http://kbpedia.org/kko/rc/ToyotaPaseoCar,rdfs:subClassOf,http://kbpedia.org/kko/rc/ToyotaCar
http://kbpedia.org/kko/rc/BulkCargoShip,rdfs:subClassOf,http://kbpedia.org/kko/rc/CargoShip
http://kbpedia.org/kko/rc/BulkCargoShip,rdfs:subClassOf,owl:Thing
http://kbpedia.org/kko/rc/RenaultR_16Car,rdfs:subClassOf,http://kbpedia.org/kko/rc/RenaultCar
http://kbpedia.org/kko/rc/RenaultR_16Car,rdfs:subClassOf,owl:Thing
http://kbpedia.org/kko/rc/FerrariCar,rdfs:subClassOf,http://kbpedia.org/kko/rc/ItalianCar
http://kbpedia.org/kko/rc/FerrariCar,rdfs:subClassOf,owl:Thing
http://kbpedia.org/kko/rc/FerrariCar,rdfs:subClassOf,http://kbpedia.org/kko/rc/LuxuryCar
http://kbpedia.org/kko/rc/FerrariCar,rdfs:subClassOf,http://kbpedia.org/kko/rc/SportsCar
http://kbpedia.org/kko/rc/LakeMichiganCircleTour,rdfs:subClassOf,http://kbpedia.org/kko/rc/CircleTour
http://kbpedia.org/kko/rc/LakeMichiganCircleTour,rdfs:subClassOf,owl:Thing
http://kbpedia.org/kko/rc/MotorShip,rdfs:subClassOf,http://kbpedia.org/kko/rc/Watercraft
http://kbpedia.org/kko/rc/MotorShip,rdfs:subClassOf,owl:Thing
http://kbpedia.org/kko/rc/ToyotaTS030Hybrid,rdfs:subClassOf,http://kbpedia.org/kko/rc/RaceCar
http://kbpedia.org/kko/rc/ToyotaTS030Hybrid,rdfs:subClassOf,owl:Thing
http://kbpedia.org/kko/rc/Aston_MartinDB6Car,rdfs:subClassOf,http://kbpedia.org/kko/rc/AstonMartinCar
http://kbpedia.org/kko/rc/Aston_MartinDB6Car,rdfs:subClassOf,owl:Thing
http://kbpedia.org/kko/rc/Supercomputer,rdfs:subClassOf,http://kbpedia.org/kko/rc/MainframeComputer
http://kbpedia.org/kko/rc/Supercomputer,rdfs:subClassOf,owl:Thing
http://kbpedia.org/kko/rc/FiatVehicle,rdfs:subClassOf,http://kbpedia.org/kko/rc/FiatCar
http://kbpedia.org/kko/rc/FiatVehicle,rdfs:subClassOf,owl:Thing
http://kbpedia.org/kko/rc/FordCar,rdfs:subClassOf,http://kbpedia.org/kko/rc/AmericanAutomobile
http://kbpedia.org/kko/rc/FordCar,rdfs:subClassOf,owl:Thing
http://kbpedia.org/kko/rc/ConceptMotorcycle,rdfs:subClassOf,http://kbpedia.org/kko/rc/Motorcycle
http://kbpedia.org/kko/rc/ConceptMotorcycle,rdfs:subClassOf,owl:Thing
http://kbpedia.org/kko/rc/Cruiser,rdfs:subClassOf,http://kbpedia.org/kko/rc/ModernNavalShip
http://kbpedia.org/kko/rc/Cruiser,rdfs:subClassOf,owl:Thing
http://kbpedia.org/kko/rc/Cruiser,rdfs:subClassOf,http://kbpedia.org/kko/rc/MilitaryWatercraft
http://kbpedia.org/kko/rc/ToyotaTundraCar,rdfs:subClassOf,http://kbpedia.org/kko/rc/Automobile_GasolineEngine
http://kbpedia.org/kko/rc/ToyotaTundraCar,rdfs:subClassOf,owl:Thing
http://kbpedia.org/kko/rc/ToyotaTundraCar,rdfs:subClassOf,http://kbpedia.org/kko/rc/ToyotaCar
http://kbpedia.org/kko/rc/ElectricLocomotive,rdfs:subClassOf,http://kbpedia.org/kko/rc/LocomotiveElectricTrolley
http://kbpedia.org/kko/rc/ElectricLocomotive,rdfs:subClassOf,owl:Thing
http://kbpedia.org/kko/rc/ElectricLocomotive,rdfs:subClassOf,http://kbpedia.org/kko/rc/TrainEngine
http://kbpedia.org/kko/rc/AlekseyevI_21,rdfs:subClassOf,http://kbpedia.org/kko/rc/Jetfighter
http://kbpedia.org/kko/rc/AlekseyevI_21,rdfs:subClassOf,owl:Thing
http://kbpedia.org/kko/rc/FiberDistributedDataInterface,rdfs:subClassOf,http://kbpedia.org/kko/rc/LocalAreaNetwork
http://kbpedia.org/kko/rc/FiberDistributedDataInterface,rdfs:subClassOf,owl:Thing
http://kbpedia.org/kko/rc/InternetLayerProtocol,rdfs:subClassOf,http://kbpedia.org/kko/rc/InternetProtocol
http://kbpedia.org/kko/rc/InternetLayerProtocol,rdfs:subClassOf,owl:Thing
http://kbpedia.org/kko/rc/VolkswagenJettaCar,rdfs:subClassOf,http://kbpedia.org/kko/rc/VolkswagenCar
http://kbpedia.org/kko/rc/VolkswagenJettaCar,rdfs:subClassOf,owl:Thing
http://kbpedia.org/kko/rc/DatsunCar,rdfs:subClassOf,http://kbpedia.org/kko/rc/NissanCar
http://kbpedia.org/kko/rc/DatsunCar,rdfs:subClassOf,owl:Thing
http://kbpedia.org/kko/rc/GeoPrizmCar,rdfs:subClassOf,http://kbpedia.org/kko/rc/GeoCar
http://kbpedia.org/kko/rc/GeoPrizmCar,rdfs:subClassOf,owl:Thing
http://kbpedia.org/kko/rc/Aston_MartinDBRCar,rdfs:subClassOf,http://kbpedia.org/kko/rc/AstonMartinCar
http://kbpedia.org/kko/rc/Aston_MartinDBRCar,rdfs:subClassOf,owl:Thing
http://kbpedia.org/kko/rc/RenaultR_15Car,rdfs:subClassOf,http://kbpedia.org/kko/rc/RenaultCar
http://kbpedia.org/kko/rc/RenaultR_15Car,rdfs:subClassOf,owl:Thing
http://kbpedia.org/kko/rc/DieselElectricLocomotive,rdfs:subClassOf,http://kbpedia.org/kko/rc/DieselLocomotive
http://kbpedia.org/kko/rc/DieselElectricLocomotive,rdfs:subClassOf,owl:Thing
http://kbpedia.org/kko/rc/DieselElectricLocomotive,rdfs:subClassOf,http://kbpedia.org/kko/rc/ElectricLocomotive
http://kbpedia.org/kko/rc/BusinessRoutesOfInterstate75InMichigan,rdfs:subClassOf,http://kbpedia.org/kko/rc/BusinessRoute
http://kbpedia.org/kko/rc/BusinessRoutesOfInterstate75InMichigan,rdfs:subClassOf,owl:Thing
http://kbpedia.org/kko/rc/TrackedSelfPropelledArtillery,rdfs:subClassOf,http://kbpedia.org/kko/rc/Artillery_SelfPropelled
http://kbpedia.org/kko/rc/TrackedSelfPropelledArtillery,rdfs:subClassOf,owl:Thing
http://kbpedia.org/kko/rc/GMCS15Car,rdfs:subClassOf,http://kbpedia.org/kko/rc/GMCTruck
http://kbpedia.org/kko/rc/GMCS15Car,rdfs:subClassOf,owl:Thing
http://kbpedia.org/kko/rc/Street_Private,rdfs:subClassOf,http://kbpedia.org/kko/rc/Street_Residential
http://kbpedia.org/kko/rc/Street_Private,rdfs:subClassOf,owl:Thing
http://kbpedia.org/kko/rc/GeoCar,rdfs:subClassOf,http://kbpedia.org/kko/rc/GMAutomobile
http://kbpedia.org/kko/rc/GeoCar,rdfs:subClassOf,owl:Thing
http://kbpedia.org/kko/rc/Para_classMonitor,rdfs:subClassOf,http://kbpedia.org/kko/rc/Monitor
http://kbpedia.org/kko/rc/Para_classMonitor,rdfs:subClassOf,owl:Thing
http://kbpedia.org/ontologies/kko#Systems,rdfs:subClassOf,http://kbpedia.org/ontologies/kko#Symbolic
http://kbpedia.org/ontologies/kko#Systems,rdfs:subClassOf,owl:Thing
http://kbpedia.org/kko/rc/Malta_classAircraftCarrier,rdfs:subClassOf,http://kbpedia.org/kko/rc/AircraftCarrier
http://kbpedia.org/kko/rc/Malta_classAircraftCarrier,rdfs:subClassOf,owl:Thing
http://kbpedia.org/kko/rc/AstonMartinDB9,rdfs:subClassOf,http://kbpedia.org/kko/rc/AstonMartinCar
http://kbpedia.org/kko/rc/AstonMartinDB9,rdfs:subClassOf,owl:Thing
http://kbpedia.org/kko/rc/UndergroundIrrigationCanal,rdfs:subClassOf,http://kbpedia.org/kko/rc/IrrigationCanal
http://kbpedia.org/kko/rc/UndergroundIrrigationCanal,rdfs:subClassOf,owl:Thing
http://kbpedia.org/kko/rc/Aston_MartinAMV8Car,rdfs:subClassOf,http://kbpedia.org/kko/rc/AstonMartinCar
http://kbpedia.org/kko/rc/Aston_MartinAMV8Car,rdfs:subClassOf,owl:Thing
http://kbpedia.org/kko/rc/FuelTank,rdfs:subClassOf,http://kbpedia.org/kko/rc/LiquidStorageTank
http://kbpedia.org/kko/rc/FuelTank,rdfs:subClassOf,owl:Thing
http://kbpedia.org/kko/rc/FuelTank,rdfs:subClassOf,http://kbpedia.org/kko/rc/TransportationComponentSystem
http://kbpedia.org/kko/rc/MoneyBag,rdfs:subClassOf,http://kbpedia.org/kko/rc/Bag
http://kbpedia.org/kko/rc/MoneyBag,rdfs:subClassOf,owl:Thing
http://kbpedia.org/kko/rc/MoneyBag,rdfs:subClassOf,http://kbpedia.org/kko/rc/TextileArtifact
http://kbpedia.org/kko/rc/TractionPowerNetwork,rdfs:subClassOf,http://kbpedia.org/kko/rc/ElectricPowerGrid
http://kbpedia.org/kko/rc/TractionPowerNetwork,rdfs:subClassOf,owl:Thing
http://kbpedia.org/kko/rc/RenaultLecarCar,rdfs:subClassOf,http://kbpedia.org/kko/rc/RenaultCar
http://kbpedia.org/kko/rc/RenaultLecarCar,rdfs:subClassOf,owl:Thing
http://kbpedia.org/kko/rc/ProtectiveGear,rdfs:subClassOf,http://kbpedia.org/kko/rc/ProtectiveEquipment_Human
http://kbpedia.org/kko/rc/ProtectiveGear,rdfs:subClassOf,owl:Thing
http://kbpedia.org/kko/rc/ProtectiveGear,rdfs:subClassOf,http://kbpedia.org/kko/rc/SportsAccessory
http://kbpedia.org/kko/rc/HPComputer,rdfs:subClassOf,http://kbpedia.org/kko/rc/PersonalComputer
http://kbpedia.org/kko/rc/HPComputer,rdfs:subClassOf,owl:Thing
http://kbpedia.org/kko/rc/Datsun260ZCar,rdfs:subClassOf,http://kbpedia.org/kko/rc/DatsunCar
http://kbpedia.org/kko/rc/Datsun260ZCar,rdfs:subClassOf,owl:Thing
http://kbpedia.org/kko/rc/Tractor,rdfs:subClassOf,http://kbpedia.org/kko/rc/AgriculturalVehicle
http://kbpedia.org/kko/rc/Tractor,rdfs:subClassOf,owl:Thing
http://kbpedia.org/kko/rc/Tractor,rdfs:subClassOf,http://kbpedia.org/kko/rc/InternalCombustionPoweredDevice
http://kbpedia.org/kko/rc/Tractor,rdfs:subClassOf,http://kbpedia.org/kko/rc/MaterialTransporter
http://kbpedia.org/kko/rc/Tractor,rdfs:subClassOf,http://kbpedia.org/kko/rc/TransportationContainerProduct
http://kbpedia.org/kko/rc/Tractor,rdfs:subClassOf,http://kbpedia.org/kko/rc/WheeledTransportationDevice
http://kbpedia.org/kko/rc/GMCSonomaPickupCar,rdfs:subClassOf,http://kbpedia.org/kko/rc/GMCTruck
http://kbpedia.org/kko/rc/GMCSonomaPickupCar,rdfs:subClassOf,owl:Thing
http://kbpedia.org/kko/rc/WebServer_Network,rdfs:subClassOf,http://kbpedia.org/kko/rc/ComputerServer
http://kbpedia.org/kko/rc/WebServer_Network,rdfs:subClassOf,owl:Thing
http://kbpedia.org/kko/rc/VickersValiant,rdfs:subClassOf,http://kbpedia.org/kko/rc/BomberPlane
http://kbpedia.org/kko/rc/VickersValiant,rdfs:subClassOf,owl:Thing
http://kbpedia.org/kko/rc/SubmarineClass,rdfs:subClassOf,http://kbpedia.org/kko/rc/ShipClass
http://kbpedia.org/kko/rc/SubmarineClass,rdfs:subClassOf,owl:Thing
http://kbpedia.org/kko/rc/SubmarineClass,rdfs:subClassOf,http://kbpedia.org/kko/rc/Submarine
http://kbpedia.org/kko/rc/CountrySedanCar,rdfs:subClassOf,http://kbpedia.org/kko/rc/FordCar
http://kbpedia.org/kko/rc/CountrySedanCar,rdfs:subClassOf,owl:Thing
http://kbpedia.org/kko/rc/Ship,rdfs:subClassOf,http://kbpedia.org/kko/rc/Watercraft_Surface
http://kbpedia.org/kko/rc/Ship,rdfs:subClassOf,owl:Thing
http://kbpedia.org/kko/rc/Ship,rdfs:subClassOf,http://kbpedia.org/kko/rc/PoweredDevice
http://kbpedia.org/kko/rc/SuperficialPeronealNerve,rdfs:subClassOf,http://kbpedia.org/kko/rc/Nerve
http://kbpedia.org/kko/rc/SuperficialPeronealNerve,rdfs:subClassOf,owl:Thing
http://kbpedia.org/kko/rc/VolkswagenFastBackCar,rdfs:subClassOf,http://kbpedia.org/kko/rc/VolkswagenCar
http://kbpedia.org/kko/rc/VolkswagenFastBackCar,rdfs:subClassOf,owl:Thing
http://kbpedia.org/kko/rc/ToyotaPlatform,rdfs:subClassOf,http://kbpedia.org/kko/rc/ToyotaCar
http://kbpedia.org/kko/rc/ToyotaPlatform,rdfs:subClassOf,owl:Thing
http://kbpedia.org/kko/rc/DieselMultipleUnit,rdfs:subClassOf,http://kbpedia.org/kko/rc/DieselLocomotive
http://kbpedia.org/kko/rc/DieselMultipleUnit,rdfs:subClassOf,owl:Thing
http://kbpedia.org/kko/rc/Subnotebook,rdfs:subClassOf,http://kbpedia.org/kko/rc/PersonalComputer
http://kbpedia.org/kko/rc/Subnotebook,rdfs:subClassOf,owl:Thing
http://kbpedia.org/kko/rc/FlyingViaAirplane,rdfs:subClassOf,http://kbpedia.org/kko/rc/FlyingViaAirTransportationDevice
http://kbpedia.org/kko/rc/FlyingViaAirplane,rdfs:subClassOf,owl:Thing
http://kbpedia.org/kko/rc/PlateSteelArmor,rdfs:subClassOf,http://kbpedia.org/kko/rc/Armor
http://kbpedia.org/kko/rc/PlateSteelArmor,rdfs:subClassOf,owl:Thing
http://kbpedia.org/kko/rc/ToyotaTruck,rdfs:subClassOf,http://kbpedia.org/kko/rc/PickupTruck
http://kbpedia.org/kko/rc/ToyotaTruck,rdfs:subClassOf,owl:Thing
http://kbpedia.org/kko/rc/ToyotaTruck,rdfs:subClassOf,http://kbpedia.org/kko/rc/ToyotaCar
http://kbpedia.org/kko/rc/FuelTankTruck,rdfs:subClassOf,http://kbpedia.org/kko/rc/SpecialPurposeVehicle
http://kbpedia.org/kko/rc/FuelTankTruck,rdfs:subClassOf,owl:Thing
http://kbpedia.org/kko/rc/FuelTankTruck,rdfs:subClassOf,http://kbpedia.org/kko/rc/SupplyTruck
http://kbpedia.org/kko/rc/FuelTankTruck,rdfs:subClassOf,http://kbpedia.org/kko/rc/Truck
http://kbpedia.org/kko/rc/CompuaddComputer,rdfs:subClassOf,http://kbpedia.org/kko/rc/PersonalComputer
http://kbpedia.org/kko/rc/CompuaddComputer,rdfs:subClassOf,owl:Thing
http://kbpedia.org/kko/rc/UrbanDefence,rdfs:subClassOf,http://kbpedia.org/kko/rc/DefenseSystem
http://kbpedia.org/kko/rc/UrbanDefence,rdfs:subClassOf,owl:Thing
http://kbpedia.org/kko/rc/Boadicea_classCruiser,rdfs:subClassOf,http://kbpedia.org/kko/rc/Cruiser
http://kbpedia.org/kko/rc/Boadicea_classCruiser,rdfs:subClassOf,owl:Thing
http://kbpedia.org/kko/rc/SteeringSuspension,rdfs:subClassOf,http://kbpedia.org/kko/rc/SteeringSystem
http://kbpedia.org/kko/rc/SteeringSuspension,rdfs:subClassOf,owl:Thing
http://kbpedia.org/kko/rc/SuborbitalSpaceflight,rdfs:subClassOf,http://kbpedia.org/kko/rc/SpaceTransportation
http://kbpedia.org/kko/rc/SuborbitalSpaceflight,rdfs:subClassOf,owl:Thing
http://kbpedia.org/kko/rc/NortonMotorcycle,rdfs:subClassOf,http://kbpedia.org/kko/rc/Motorcycle
http://kbpedia.org/kko/rc/NortonMotorcycle,rdfs:subClassOf,owl:Thing
http://kbpedia.org/kko/rc/MiG_29_Fighter,rdfs:subClassOf,http://kbpedia.org/kko/rc/FighterInterceptorPlane
http://kbpedia.org/kko/rc/MiG_29_Fighter,rdfs:subClassOf,owl:Thing
http://kbpedia.org/kko/rc/MiG_29_Fighter,rdfs:subClassOf,http://kbpedia.org/kko/rc/MultiRoleAircraft
http://kbpedia.org/kko/rc/Diesel_HydraulicLocomotive,rdfs:subClassOf,http://kbpedia.org/kko/rc/DieselLocomotive
http://kbpedia.org/kko/rc/Diesel_HydraulicLocomotive,rdfs:subClassOf,owl:Thing
http://kbpedia.org/kko/rc/NorwegianFighterAircraft,rdfs:subClassOf,http://kbpedia.org/kko/rc/FightersByCountry
http://kbpedia.org/kko/rc/NorwegianFighterAircraft,rdfs:subClassOf,owl:Thing
http://kbpedia.org/kko/rc/NorwegianFighterAircraft,rdfs:subClassOf,http://kbpedia.org/kko/rc/FighterPlane
http://kbpedia.org/kko/rc/DeepPeronealNerve,rdfs:subClassOf,http://kbpedia.org/kko/rc/Nerve
http://kbpedia.org/kko/rc/DeepPeronealNerve,rdfs:subClassOf,owl:Thing
http://kbpedia.org/kko/rc/Kayak,rdfs:subClassOf,http://kbpedia.org/kko/rc/Boat
http://kbpedia.org/kko/rc/Kayak,rdfs:subClassOf,owl:Thing
http://kbpedia.org/kko/rc/Kayak,rdfs:subClassOf,http://kbpedia.org/kko/rc/Watercraft_Small
http://kbpedia.org/kko/rc/Kayak,rdfs:subClassOf,http://kbpedia.org/kko/rc/Device_UserControlled
http://kbpedia.org/kko/rc/IkarusIK_2,rdfs:subClassOf,http://kbpedia.org/kko/rc/FighterPlane
http://kbpedia.org/kko/rc/IkarusIK_2,rdfs:subClassOf,owl:Thing
http://kbpedia.org/kko/rc/IkarusIK_2,rdfs:subClassOf,http://kbpedia.org/kko/rc/MilitaryAircraft
http://kbpedia.org/kko/rc/Bulldozer,rdfs:subClassOf,http://kbpedia.org/kko/rc/EarthmovingVehicle
http://kbpedia.org/kko/rc/Bulldozer,rdfs:subClassOf,owl:Thing
http://kbpedia.org/kko/rc/Bulldozer,rdfs:subClassOf,http://kbpedia.org/kko/rc/TrackedVehicle
http://kbpedia.org/kko/rc/Bulldozer,rdfs:subClassOf,http://kbpedia.org/kko/rc/TransportationContainerProduct
http://kbpedia.org/kko/rc/Motorcade,rdfs:subClassOf,http://kbpedia.org/kko/rc/Convoy
http://kbpedia.org/kko/rc/Motorcade,rdfs:subClassOf,owl:Thing
http://kbpedia.org/kko/rc/Datsun240ZCar,rdfs:subClassOf,http://kbpedia.org/kko/rc/DatsunCar
http://kbpedia.org/kko/rc/Datsun240ZCar,rdfs:subClassOf,owl:Thing
http://kbpedia.org/kko/rc/ToyotaVehicle,rdfs:subClassOf,http://kbpedia.org/kko/rc/ToyotaCar
http://kbpedia.org/kko/rc/ToyotaVehicle,rdfs:subClassOf,owl:Thing
http://kbpedia.org/kko/rc/SonyPlayStation2_TheProduct,rdfs:subClassOf,http://kbpedia.org/kko/rc/HomeVideoGameMachine
http://kbpedia.org/kko/rc/SonyPlayStation2_TheProduct,rdfs:subClassOf,owl:Thing
http://kbpedia.org/kko/rc/SonyPlayStation2_TheProduct,rdfs:subClassOf,http://kbpedia.org/kko/rc/VideoGameSystem
http://kbpedia.org/kko/rc/ToyotaTercelCar,rdfs:subClassOf,http://kbpedia.org/kko/rc/Automobile_GasolineEngine
http://kbpedia.org/kko/rc/ToyotaTercelCar,rdfs:subClassOf,owl:Thing
http://kbpedia.org/kko/rc/ToyotaTercelCar,rdfs:subClassOf,http://kbpedia.org/kko/rc/ToyotaCar
http://kbpedia.org/kko/rc/AstonMartinCar,rdfs:subClassOf,http://kbpedia.org/kko/rc/EnglishCar
http://kbpedia.org/kko/rc/AstonMartinCar,rdfs:subClassOf,owl:Thing
http://kbpedia.org/kko/rc/SuperiorGlutealNerve,rdfs:subClassOf,http://kbpedia.org/kko/rc/Nerve
http://kbpedia.org/kko/rc/SuperiorGlutealNerve,rdfs:subClassOf,owl:Thing
http://kbpedia.org/kko/rc/MotorCoach,rdfs:subClassOf,http://kbpedia.org/kko/rc/TrainEngine
http://kbpedia.org/kko/rc/MotorCoach,rdfs:subClassOf,owl:Thing
http://kbpedia.org/kko/rc/CervicalPlexus,rdfs:subClassOf,http://kbpedia.org/kko/rc/Nerve
http://kbpedia.org/kko/rc/CervicalPlexus,rdfs:subClassOf,owl:Thing
http://kbpedia.org/kko/rc/IliohypogastricNerve,rdfs:subClassOf,http://kbpedia.org/kko/rc/Nerve
http://kbpedia.org/kko/rc/IliohypogastricNerve,rdfs:subClassOf,owl:Thing
http://kbpedia.org/kko/rc/Blitz_classAviso,rdfs:subClassOf,http://kbpedia.org/kko/rc/Aviso
http://kbpedia.org/kko/rc/Blitz_classAviso,rdfs:subClassOf,owl:Thing
http://kbpedia.org/kko/rc/Irene_classCruiser,rdfs:subClassOf,http://kbpedia.org/kko/rc/Cruiser
http://kbpedia.org/kko/rc/Irene_classCruiser,rdfs:subClassOf,owl:Thing
http://kbpedia.org/kko/rc/GeodeticControlNetwork,rdfs:subClassOf,http://kbpedia.org/kko/rc/Network
http://kbpedia.org/kko/rc/GeodeticControlNetwork,rdfs:subClassOf,owl:Thing
http://kbpedia.org/kko/rc/Supercomputing,rdfs:subClassOf,http://kbpedia.org/kko/rc/ComputerService
http://kbpedia.org/kko/rc/Supercomputing,rdfs:subClassOf,owl:Thing
http://kbpedia.org/kko/rc/Supercomputing,rdfs:subClassOf,http://kbpedia.org/kko/rc/ComputingDevice
http://kbpedia.org/kko/rc/HighSpeedTrain,rdfs:subClassOf,http://kbpedia.org/kko/rc/Train
http://kbpedia.org/kko/rc/HighSpeedTrain,rdfs:subClassOf,owl:Thing
http://kbpedia.org/kko/rc/Aston_MartinLagondaCar,rdfs:subClassOf,http://kbpedia.org/kko/rc/AstonMartinCar
http://kbpedia.org/kko/rc/Aston_MartinLagondaCar,rdfs:subClassOf,owl:Thing
http://kbpedia.org/kko/rc/SubmarineTender,rdfs:subClassOf,http://kbpedia.org/kko/rc/MaterialSupportShip
http://kbpedia.org/kko/rc/SubmarineTender,rdfs:subClassOf,owl:Thing
http://kbpedia.org/kko/rc/SubmarineTender,rdfs:subClassOf,http://kbpedia.org/kko/rc/MilitaryWatercraft
http://kbpedia.org/kko/rc/PlayStation2Accessory,rdfs:subClassOf,http://kbpedia.org/kko/rc/SonyPlayStation2_TheProduct
http://kbpedia.org/kko/rc/PlayStation2Accessory,rdfs:subClassOf,owl:Thing
http://kbpedia.org/kko/rc/GMCSafariCar,rdfs:subClassOf,http://kbpedia.org/kko/rc/GMAutomobile
http://kbpedia.org/kko/rc/GMCSafariCar,rdfs:subClassOf,owl:Thing
http://kbpedia.org/kko/rc/GMCSafariCar,rdfs:subClassOf,http://kbpedia.org/kko/rc/Van
http://kbpedia.org/kko/rc/SuperbaCar,rdfs:subClassOf,http://kbpedia.org/kko/rc/CheckerCar
http://kbpedia.org/kko/rc/SuperbaCar,rdfs:subClassOf,owl:Thing
http://kbpedia.org/kko/rc/Diesel_MechanicalLocomotive,rdfs:subClassOf,http://kbpedia.org/kko/rc/DieselLocomotive
http://kbpedia.org/kko/rc/Diesel_MechanicalLocomotive,rdfs:subClassOf,owl:Thing
http://kbpedia.org/kko/rc/VictoriaLouise_classCruiser,rdfs:subClassOf,http://kbpedia.org/kko/rc/Cruiser
http://kbpedia.org/kko/rc/VictoriaLouise_classCruiser,rdfs:subClassOf,owl:Thing
http://kbpedia.org/kko/rc/JonBoat,rdfs:subClassOf,http://kbpedia.org/kko/rc/Boat
http://kbpedia.org/kko/rc/JonBoat,rdfs:subClassOf,owl:Thing
http://kbpedia.org/kko/rc/JonBoat,rdfs:subClassOf,http://kbpedia.org/kko/rc/Device_UserPowered
http://kbpedia.org/kko/rc/Illinois_classBattleship,rdfs:subClassOf,http://kbpedia.org/kko/rc/PreDreadnoughtBattleship
http://kbpedia.org/kko/rc/Illinois_classBattleship,rdfs:subClassOf,owl:Thing
http://kbpedia.org/kko/rc/FinnishFighterAircraft,rdfs:subClassOf,http://kbpedia.org/kko/rc/FightersByCountry
http://kbpedia.org/kko/rc/FinnishFighterAircraft,rdfs:subClassOf,owl:Thing
http://kbpedia.org/kko/rc/FinnishFighterAircraft,rdfs:subClassOf,http://kbpedia.org/kko/rc/FighterPlane
http://kbpedia.org/kko/rc/NissanCar,rdfs:subClassOf,http://kbpedia.org/kko/rc/Automobile_GasolineEngine
http://kbpedia.org/kko/rc/NissanCar,rdfs:subClassOf,owl:Thing
http://kbpedia.org/kko/rc/NissanCar,rdfs:subClassOf,http://kbpedia.org/kko/rc/JapaneseCar
http://kbpedia.org/kko/rc/StretchLimousine,rdfs:subClassOf,http://kbpedia.org/kko/rc/Limousine
http://kbpedia.org/kko/rc/StretchLimousine,rdfs:subClassOf,owl:Thing
http://kbpedia.org/kko/rc/StretchLimousine,rdfs:subClassOf,http://kbpedia.org/kko/rc/LuxuryCar
http://kbpedia.org/kko/rc/RenaultDauphineCar,rdfs:subClassOf,http://kbpedia.org/kko/rc/RenaultCar
http://kbpedia.org/kko/rc/RenaultDauphineCar,rdfs:subClassOf,owl:Thing
http://kbpedia.org/kko/rc/MotorcycleModel,rdfs:subClassOf,http://kbpedia.org/kko/rc/Motorcycle
http://kbpedia.org/kko/rc/MotorcycleModel,rdfs:subClassOf,owl:Thing
http://kbpedia.org/kko/rc/RenaultFuegoCar,rdfs:subClassOf,http://kbpedia.org/kko/rc/RenaultCar
http://kbpedia.org/kko/rc/RenaultFuegoCar,rdfs:subClassOf,owl:Thing
http://kbpedia.org/kko/rc/VolvoVehicle,rdfs:subClassOf,http://kbpedia.org/kko/rc/VolvoCar
http://kbpedia.org/kko/rc/VolvoVehicle,rdfs:subClassOf,owl:Thing
http://kbpedia.org/kko/rc/Bussard_classCruiser,rdfs:subClassOf,http://kbpedia.org/kko/rc/Cruiser
http://kbpedia.org/kko/rc/Bussard_classCruiser,rdfs:subClassOf,owl:Thing
http://kbpedia.org/kko/rc/RMS_Titanic_TheShip,rdfs:subClassOf,http://kbpedia.org/kko/rc/OceanLiner
http://kbpedia.org/kko/rc/RMS_Titanic_TheShip,rdfs:subClassOf,owl:Thing
http://kbpedia.org/kko/rc/SpinalNerve,rdfs:subClassOf,http://kbpedia.org/kko/rc/Nerve
http://kbpedia.org/kko/rc/SpinalNerve,rdfs:subClassOf,owl:Thing
http://kbpedia.org/kko/rc/VoughtF6uPirate,rdfs:subClassOf,http://kbpedia.org/kko/rc/Jetfighter
http://kbpedia.org/kko/rc/VoughtF6uPirate,rdfs:subClassOf,owl:Thing
http://kbpedia.org/kko/rc/DukeOfEdinburgh_classCruiser,rdfs:subClassOf,http://kbpedia.org/kko/rc/ArmoredCruiser
http://kbpedia.org/kko/rc/DukeOfEdinburgh_classCruiser,rdfs:subClassOf,owl:Thing
http://kbpedia.org/kko/rc/FireAlarm,rdfs:subClassOf,http://kbpedia.org/kko/rc/AlarmDevice
http://kbpedia.org/kko/rc/FireAlarm,rdfs:subClassOf,owl:Thing
http://kbpedia.org/kko/rc/FireAlarm,rdfs:subClassOf,http://kbpedia.org/kko/rc/DefenseSystem
http://kbpedia.org/kko/rc/FireAlarm,rdfs:subClassOf,http://kbpedia.org/kko/rc/FirePrevention
http://kbpedia.org/kko/rc/BulletTrain,rdfs:subClassOf,http://kbpedia.org/kko/rc/HighSpeedTrain
http://kbpedia.org/kko/rc/BulletTrain,rdfs:subClassOf,owl:Thing
http://kbpedia.org/kko/rc/RenaultInMotorsport,rdfs:subClassOf,http://kbpedia.org/kko/rc/RenaultCar
http://kbpedia.org/kko/rc/RenaultInMotorsport,rdfs:subClassOf,owl:Thing
http://kbpedia.org/kko/rc/Volvo140SeriesCar,rdfs:subClassOf,http://kbpedia.org/kko/rc/VolvoCar
http://kbpedia.org/kko/rc/Volvo140SeriesCar,rdfs:subClassOf,owl:Thing
http://kbpedia.org/kko/rc/LithuanianFighterAircraft,rdfs:subClassOf,http://kbpedia.org/kko/rc/FightersByCountry
http://kbpedia.org/kko/rc/LithuanianFighterAircraft,rdfs:subClassOf,owl:Thing
http://kbpedia.org/kko/rc/LithuanianFighterAircraft,rdfs:subClassOf,http://kbpedia.org/kko/rc/FighterPlane
http://kbpedia.org/kko/rc/DieselRailMotorCoach,rdfs:subClassOf,http://kbpedia.org/kko/rc/MotorCoach
http://kbpedia.org/kko/rc/DieselRailMotorCoach,rdfs:subClassOf,owl:Thing
http://kbpedia.org/kko/rc/Courageous_classAircraftCarrier,rdfs:subClassOf,http://kbpedia.org/kko/rc/AircraftCarrier
http://kbpedia.org/kko/rc/Courageous_classAircraftCarrier,rdfs:subClassOf,owl:Thing
http://kbpedia.org/kko/rc/Blonde_classCruiser,rdfs:subClassOf,http://kbpedia.org/kko/rc/Cruiser
http://kbpedia.org/kko/rc/Blonde_classCruiser,rdfs:subClassOf,owl:Thing
http://kbpedia.org/kko/rc/DuffelBag,rdfs:subClassOf,http://kbpedia.org/kko/rc/PurseHandbagBag
http://kbpedia.org/kko/rc/DuffelBag,rdfs:subClassOf,owl:Thing
http://kbpedia.org/kko/rc/DuffelBag,rdfs:subClassOf,http://kbpedia.org/kko/rc/Luggage
http://kbpedia.org/kko/rc/AdmiralHipper_classCruiser,rdfs:subClassOf,http://kbpedia.org/kko/rc/BattleCruiser
http://kbpedia.org/kko/rc/AdmiralHipper_classCruiser,rdfs:subClassOf,owl:Thing
http://kbpedia.org/kko/rc/ModelsOfRadio,rdfs:subClassOf,http://kbpedia.org/kko/rc/Radio
http://kbpedia.org/kko/rc/ModelsOfRadio,rdfs:subClassOf,owl:Thing
http://kbpedia.org/kko/rc/YakovlevYak_15,rdfs:subClassOf,http://kbpedia.org/kko/rc/Jetfighter
http://kbpedia.org/kko/rc/YakovlevYak_15,rdfs:subClassOf,owl:Thing
http://kbpedia.org/kko/rc/GarbageTruck,rdfs:subClassOf,http://kbpedia.org/kko/rc/MaterialTransporter
http://kbpedia.org/kko/rc/GarbageTruck,rdfs:subClassOf,owl:Thing
http://kbpedia.org/kko/rc/GarbageTruck,rdfs:subClassOf,http://kbpedia.org/kko/rc/Truck
http://kbpedia.org/kko/rc/Habsburg_classBattleship,rdfs:subClassOf,http://kbpedia.org/kko/rc/Battleship
http://kbpedia.org/kko/rc/Habsburg_classBattleship,rdfs:subClassOf,owl:Thing
http://kbpedia.org/kko/rc/VolvoConceptVehicle,rdfs:subClassOf,http://kbpedia.org/kko/rc/VolvoCar
http://kbpedia.org/kko/rc/VolvoConceptVehicle,rdfs:subClassOf,owl:Thing
http://kbpedia.org/kko/rc/SupermarineSpitfire,rdfs:subClassOf,http://kbpedia.org/kko/rc/WorldWarIIFighterAircraft
http://kbpedia.org/kko/rc/SupermarineSpitfire,rdfs:subClassOf,owl:Thing
http://kbpedia.org/kko/rc/SupermarineSpitfire,rdfs:subClassOf,http://kbpedia.org/kko/rc/FighterPlane
http://kbpedia.org/kko/rc/PeronealCommunicatingBranch,rdfs:subClassOf,http://kbpedia.org/kko/rc/SensoryNerve
http://kbpedia.org/kko/rc/PeronealCommunicatingBranch,rdfs:subClassOf,owl:Thing
http://kbpedia.org/kko/rc/Fuji_classBattleship,rdfs:subClassOf,http://kbpedia.org/kko/rc/PreDreadnoughtBattleship
http://kbpedia.org/kko/rc/Fuji_classBattleship,rdfs:subClassOf,owl:Thing
http://kbpedia.org/kko/rc/Renault4CVCar,rdfs:subClassOf,http://kbpedia.org/kko/rc/RenaultCar
http://kbpedia.org/kko/rc/Renault4CVCar,rdfs:subClassOf,owl:Thing
http://kbpedia.org/kko/rc/Harness,rdfs:subClassOf,http://kbpedia.org/kko/rc/HorseTack
http://kbpedia.org/kko/rc/Harness,rdfs:subClassOf,owl:Thing
http://kbpedia.org/kko/rc/Harness,rdfs:subClassOf,http://kbpedia.org/kko/rc/NonPoweredDevice
http://kbpedia.org/kko/rc/AttackHelicopter,rdfs:subClassOf,http://kbpedia.org/kko/rc/CombatAircraft
http://kbpedia.org/kko/rc/AttackHelicopter,rdfs:subClassOf,owl:Thing
http://kbpedia.org/kko/rc/AttackHelicopter,rdfs:subClassOf,http://kbpedia.org/kko/rc/MilitaryHelicopter
http://kbpedia.org/kko/rc/AttackHelicopter,rdfs:subClassOf,http://kbpedia.org/kko/rc/Helicopter
http://kbpedia.org/kko/rc/IlyushinIl_20,rdfs:subClassOf,http://kbpedia.org/kko/rc/FighterAttackPlane
http://kbpedia.org/kko/rc/IlyushinIl_20,rdfs:subClassOf,owl:Thing
http://kbpedia.org/kko/rc/OH_6_Cayuse,rdfs:subClassOf,http://kbpedia.org/kko/rc/UtilityHelicopter
http://kbpedia.org/kko/rc/OH_6_Cayuse,rdfs:subClassOf,owl:Thing
http://kbpedia.org/kko/rc/OH_6_Cayuse,rdfs:subClassOf,http://kbpedia.org/kko/rc/MilitaryHelicopter
http://kbpedia.org/kko/rc/CaioDuilio_classIronclad,rdfs:subClassOf,http://kbpedia.org/kko/rc/IroncladWarship
http://kbpedia.org/kko/rc/CaioDuilio_classIronclad,rdfs:subClassOf,owl:Thing
http://kbpedia.org/kko/rc/RenaultCar,rdfs:subClassOf,http://kbpedia.org/kko/rc/FrenchCar
http://kbpedia.org/kko/rc/RenaultCar,rdfs:subClassOf,owl:Thing
http://kbpedia.org/kko/rc/Harness_Human,rdfs:subClassOf,http://kbpedia.org/kko/rc/Harness
http://kbpedia.org/kko/rc/Harness_Human,rdfs:subClassOf,owl:Thing
http://kbpedia.org/kko/rc/Volvo210SCar,rdfs:subClassOf,http://kbpedia.org/kko/rc/VolvoCar
http://kbpedia.org/kko/rc/Volvo210SCar,rdfs:subClassOf,owl:Thing
http://kbpedia.org/kko/rc/EcosystemProtectionService,rdfs:subClassOf,http://kbpedia.org/kko/rc/Ecosystem
http://kbpedia.org/kko/rc/EcosystemProtectionService,rdfs:subClassOf,owl:Thing
http://kbpedia.org/kko/rc/Trailer,rdfs:subClassOf,http://kbpedia.org/kko/rc/AutomobileElectronicsMC
http://kbpedia.org/kko/rc/Trailer,rdfs:subClassOf,owl:Thing
http://kbpedia.org/kko/rc/Trailer,rdfs:subClassOf,http://kbpedia.org/kko/rc/MaterialTransporter
http://kbpedia.org/kko/rc/Trailer,rdfs:subClassOf,http://kbpedia.org/kko/rc/TransportationContainerProduct
http://kbpedia.org/kko/rc/Trailer,rdfs:subClassOf,http://kbpedia.org/kko/rc/WheeledTransportationDevice
http://kbpedia.org/kko/rc/MotorcyclingSportsEvent,rdfs:subClassOf,http://kbpedia.org/kko/rc/MotorcycleRide
http://kbpedia.org/kko/rc/MotorcyclingSportsEvent,rdfs:subClassOf,owl:Thing
http://kbpedia.org/kko/rc/MotorcyclingSportsEvent,rdfs:subClassOf,http://kbpedia.org/kko/rc/OutdoorSportsEvent
http://kbpedia.org/kko/rc/RenaultEncoreCar,rdfs:subClassOf,http://kbpedia.org/kko/rc/RenaultCar
http://kbpedia.org/kko/rc/RenaultEncoreCar,rdfs:subClassOf,owl:Thing
http://kbpedia.org/kko/rc/AlfaRomeoCar,rdfs:subClassOf,http://kbpedia.org/kko/rc/ItalianCar
http://kbpedia.org/kko/rc/AlfaRomeoCar,rdfs:subClassOf,owl:Thing
http://kbpedia.org/kko/rc/AlfaRomeoCar,rdfs:subClassOf,http://kbpedia.org/kko/rc/LuxuryCar
http://kbpedia.org/kko/rc/Volvo1800SeriesCar,rdfs:subClassOf,http://kbpedia.org/kko/rc/VolvoCar
http://kbpedia.org/kko/rc/Volvo1800SeriesCar,rdfs:subClassOf,owl:Thing
http://kbpedia.org/kko/rc/AmazonKindle,rdfs:subClassOf,http://kbpedia.org/kko/rc/EBookReader
http://kbpedia.org/kko/rc/AmazonKindle,rdfs:subClassOf,owl:Thing
http://kbpedia.org/kko/rc/BattleCruiser,rdfs:subClassOf,http://kbpedia.org/kko/rc/Cruiser
http://kbpedia.org/kko/rc/BattleCruiser,rdfs:subClassOf,owl:Thing
http://kbpedia.org/kko/rc/RenaultElectricVehicle,rdfs:subClassOf,http://kbpedia.org/kko/rc/ElectricCar
http://kbpedia.org/kko/rc/RenaultElectricVehicle,rdfs:subClassOf,owl:Thing
http://kbpedia.org/kko/rc/RenaultElectricVehicle,rdfs:subClassOf,http://kbpedia.org/kko/rc/RenaultCar
http://kbpedia.org/kko/rc/UrbanRingRailway,rdfs:subClassOf,http://kbpedia.org/kko/rc/RailwayLine
http://kbpedia.org/kko/rc/UrbanRingRailway,rdfs:subClassOf,owl:Thing
http://kbpedia.org/kko/rc/AlfaEnzoCar,rdfs:subClassOf,http://kbpedia.org/kko/rc/AlfaRomeoCar
http://kbpedia.org/kko/rc/AlfaEnzoCar,rdfs:subClassOf,owl:Thing
http://kbpedia.org/kko/rc/PlayStation3Accessory,rdfs:subClassOf,http://kbpedia.org/kko/rc/SonyPlayStation3_TheProduct
http://kbpedia.org/kko/rc/PlayStation3Accessory,rdfs:subClassOf,owl:Thing
http://kbpedia.org/kko/rc/Volvo850SeriesCar,rdfs:subClassOf,http://kbpedia.org/kko/rc/VolvoCar
http://kbpedia.org/kko/rc/Volvo850SeriesCar,rdfs:subClassOf,owl:Thing
http://kbpedia.org/kko/rc/InfantryFightingVehicle_BMP_1,rdfs:subClassOf,http://kbpedia.org/kko/rc/ArmoredInfantryFightingVehicle
http://kbpedia.org/kko/rc/InfantryFightingVehicle_BMP_1,rdfs:subClassOf,owl:Thing
http://kbpedia.org/kko/rc/FiatCar,rdfs:subClassOf,http://kbpedia.org/kko/rc/ItalianCar
http://kbpedia.org/kko/rc/FiatCar,rdfs:subClassOf,owl:Thing
http://kbpedia.org/kko/rc/Volvo940SeriesCar,rdfs:subClassOf,http://kbpedia.org/kko/rc/VolvoCar
http://kbpedia.org/kko/rc/Volvo940SeriesCar,rdfs:subClassOf,owl:Thing
http://kbpedia.org/kko/rc/LandingShip,rdfs:subClassOf,http://kbpedia.org/kko/rc/AmphibiousWarfareShip
http://kbpedia.org/kko/rc/LandingShip,rdfs:subClassOf,owl:Thing
http://kbpedia.org/kko/rc/PipingSystem_Generic,rdfs:subClassOf,http://kbpedia.org/kko/rc/ConnectedPhysicalPathSystem
http://kbpedia.org/kko/rc/PipingSystem_Generic,rdfs:subClassOf,owl:Thing
http://kbpedia.org/kko/rc/PipingSystem_Generic,rdfs:subClassOf,http://kbpedia.org/kko/rc/Network
http://kbpedia.org/kko/rc/RenaultPlatform,rdfs:subClassOf,http://kbpedia.org/kko/rc/RenaultCar
http://kbpedia.org/kko/rc/RenaultPlatform,rdfs:subClassOf,owl:Thing
http://kbpedia.org/kko/rc/AlfaRomeo,rdfs:subClassOf,http://kbpedia.org/kko/rc/FiatCar
http://kbpedia.org/kko/rc/AlfaRomeo,rdfs:subClassOf,owl:Thing
http://kbpedia.org/kko/rc/TibialNerve,rdfs:subClassOf,http://kbpedia.org/kko/rc/Nerve
http://kbpedia.org/kko/rc/TibialNerve,rdfs:subClassOf,owl:Thing
http://kbpedia.org/kko/rc/VolvoPV544Car,rdfs:subClassOf,http://kbpedia.org/kko/rc/VolvoCar
http://kbpedia.org/kko/rc/VolvoPV544Car,rdfs:subClassOf,owl:Thing
http://kbpedia.org/kko/rc/BentleyCar,rdfs:subClassOf,http://kbpedia.org/kko/rc/EnglishCar
http://kbpedia.org/kko/rc/BentleyCar,rdfs:subClassOf,owl:Thing
http://kbpedia.org/kko/rc/BentleyCar,rdfs:subClassOf,http://kbpedia.org/kko/rc/LuxuryCar
http://kbpedia.org/kko/rc/InfantryLandingShip,rdfs:subClassOf,http://kbpedia.org/kko/rc/LandingShip
http://kbpedia.org/kko/rc/InfantryLandingShip,rdfs:subClassOf,owl:Thing
http://kbpedia.org/kko/rc/Chariot,rdfs:subClassOf,http://kbpedia.org/kko/rc/Carriage
http://kbpedia.org/kko/rc/Chariot,rdfs:subClassOf,owl:Thing
http://kbpedia.org/kko/rc/Chariot,rdfs:subClassOf,http://kbpedia.org/kko/rc/RacingVehicle
http://kbpedia.org/kko/rc/RenaultR_12Car,rdfs:subClassOf,http://kbpedia.org/kko/rc/RenaultCar
http://kbpedia.org/kko/rc/RenaultR_12Car,rdfs:subClassOf,owl:Thing
http://kbpedia.org/kko/rc/AlfaRomeo164Car,rdfs:subClassOf,http://kbpedia.org/kko/rc/AlfaRomeoCar
http://kbpedia.org/kko/rc/AlfaRomeo164Car,rdfs:subClassOf,owl:Thing
http://kbpedia.org/kko/rc/Courageous_classBattlecruiser,rdfs:subClassOf,http://kbpedia.org/kko/rc/BattleCruiser
http://kbpedia.org/kko/rc/Courageous_classBattlecruiser,rdfs:subClassOf,owl:Thing
http://kbpedia.org/kko/rc/AlmiranteLatorre_classBattleship,rdfs:subClassOf,http://kbpedia.org/kko/rc/Dreadnought
http://kbpedia.org/kko/rc/AlmiranteLatorre_classBattleship,rdfs:subClassOf,owl:Thing
http://kbpedia.org/kko/rc/Steamboat,rdfs:subClassOf,http://kbpedia.org/kko/rc/Boat
http://kbpedia.org/kko/rc/Steamboat,rdfs:subClassOf,owl:Thing
http://kbpedia.org/kko/rc/Steamboat,rdfs:subClassOf,http://kbpedia.org/kko/rc/FuelPoweredDevice
http://kbpedia.org/kko/rc/RenaultR_17Car,rdfs:subClassOf,http://kbpedia.org/kko/rc/RenaultCar
http://kbpedia.org/kko/rc/RenaultR_17Car,rdfs:subClassOf,owl:Thing
http://kbpedia.org/kko/rc/AlfaRomeoMilanoCar,rdfs:subClassOf,http://kbpedia.org/kko/rc/AlfaRomeoCar
http://kbpedia.org/kko/rc/AlfaRomeoMilanoCar,rdfs:subClassOf,owl:Thing
http://kbpedia.org/kko/rc/MilitaryTransportAircraft,rdfs:subClassOf,http://kbpedia.org/kko/rc/CargoAirplane
http://kbpedia.org/kko/rc/MilitaryTransportAircraft,rdfs:subClassOf,owl:Thing
http://kbpedia.org/kko/rc/SonyPlayStation3_TheProduct,rdfs:subClassOf,http://kbpedia.org/kko/rc/VideoGameSystem
http://kbpedia.org/kko/rc/SonyPlayStation3_TheProduct,rdfs:subClassOf,owl:Thing
http://kbpedia.org/kko/rc/VehicleArmour,rdfs:subClassOf,http://kbpedia.org/kko/rc/Armor
http://kbpedia.org/kko/rc/VehicleArmour,rdfs:subClassOf,owl:Thing
http://kbpedia.org/kko/rc/AgustaWestlandAW101,rdfs:subClassOf,http://kbpedia.org/kko/rc/Helicopter
http://kbpedia.org/kko/rc/AgustaWestlandAW101,rdfs:subClassOf,owl:Thing
http://kbpedia.org/kko/rc/Ecotope,rdfs:subClassOf,http://kbpedia.org/kko/rc/Ecosystem
http://kbpedia.org/kko/rc/Ecotope,rdfs:subClassOf,owl:Thing
http://kbpedia.org/kko/rc/Monitor,rdfs:subClassOf,http://kbpedia.org/kko/rc/IroncladWarship
http://kbpedia.org/kko/rc/Monitor,rdfs:subClassOf,owl:Thing
http://kbpedia.org/kko/rc/RenaultVehicle,rdfs:subClassOf,http://kbpedia.org/kko/rc/RenaultCar
http://kbpedia.org/kko/rc/RenaultVehicle,rdfs:subClassOf,owl:Thing
http://kbpedia.org/kko/rc/StreetBike,rdfs:subClassOf,http://kbpedia.org/kko/rc/Motorcycle
http://kbpedia.org/kko/rc/StreetBike,rdfs:subClassOf,owl:Thing
http://kbpedia.org/kko/rc/Courbet_classBattleship,rdfs:subClassOf,http://kbpedia.org/kko/rc/Dreadnought
http://kbpedia.org/kko/rc/Courbet_classBattleship,rdfs:subClassOf,owl:Thing
http://kbpedia.org/kko/rc/CervicalNerve,rdfs:subClassOf,http://kbpedia.org/kko/rc/SpinalNerve
http://kbpedia.org/kko/rc/CervicalNerve,rdfs:subClassOf,owl:Thing
http://kbpedia.org/kko/rc/AdmiralSpiridov_classMonitor,rdfs:subClassOf,http://kbpedia.org/kko/rc/Monitor
http://kbpedia.org/kko/rc/AdmiralSpiridov_classMonitor,rdfs:subClassOf,owl:Thing
http://kbpedia.org/kko/rc/HarleyDavidsonMotorcycle,rdfs:subClassOf,http://kbpedia.org/kko/rc/StreetBike
http://kbpedia.org/kko/rc/HarleyDavidsonMotorcycle,rdfs:subClassOf,owl:Thing
http://kbpedia.org/kko/rc/HarleyDavidsonMotorcycle,rdfs:subClassOf,http://kbpedia.org/kko/rc/Motorcycle
http://kbpedia.org/kko/rc/XylemNetwork,rdfs:subClassOf,http://kbpedia.org/kko/rc/VascularNetworkOfPlant
http://kbpedia.org/kko/rc/XylemNetwork,rdfs:subClassOf,owl:Thing
http://kbpedia.org/kko/rc/FireTruck,rdfs:subClassOf,http://kbpedia.org/kko/rc/EmergencyVehicle
http://kbpedia.org/kko/rc/FireTruck,rdfs:subClassOf,owl:Thing
http://kbpedia.org/kko/rc/FireTruck,rdfs:subClassOf,http://kbpedia.org/kko/rc/FirefightingEquipment
http://kbpedia.org/kko/rc/FireTruck,rdfs:subClassOf,http://kbpedia.org/kko/rc/Truck
http://kbpedia.org/kko/rc/AgustaWestlandApache,rdfs:subClassOf,http://kbpedia.org/kko/rc/BoeingAH_64Apache
http://kbpedia.org/kko/rc/AgustaWestlandApache,rdfs:subClassOf,owl:Thing
http://kbpedia.org/kko/rc/Volvo164SeriesCar,rdfs:subClassOf,http://kbpedia.org/kko/rc/VolvoCar
http://kbpedia.org/kko/rc/Volvo164SeriesCar,rdfs:subClassOf,owl:Thing
http://kbpedia.org/kko/rc/EBookReader,rdfs:subClassOf,http://kbpedia.org/kko/rc/BatteryPoweredDevice
http://kbpedia.org/kko/rc/EBookReader,rdfs:subClassOf,owl:Thing
http://kbpedia.org/kko/rc/EBookReader,rdfs:subClassOf,http://kbpedia.org/kko/rc/ClassOfComputer
http://kbpedia.org/kko/rc/EBookReader,rdfs:subClassOf,http://kbpedia.org/kko/rc/MediaPlayingDevice
http://kbpedia.org/kko/rc/MotorcycleRide,rdfs:subClassOf,http://kbpedia.org/kko/rc/TransportVia_RoadVehicle
http://kbpedia.org/kko/rc/MotorcycleRide,rdfs:subClassOf,owl:Thing
http://kbpedia.org/kko/rc/O_classBattlecruiser,rdfs:subClassOf,http://kbpedia.org/kko/rc/BattleCruiser
http://kbpedia.org/kko/rc/O_classBattlecruiser,rdfs:subClassOf,owl:Thing
http://kbpedia.org/kko/rc/TrafficCircle,rdfs:subClassOf,http://kbpedia.org/kko/rc/RoadwayJunction
http://kbpedia.org/kko/rc/TrafficCircle,rdfs:subClassOf,owl:Thing
http://kbpedia.org/kko/rc/ComputationalSystemSecurityTechnology,rdfs:subClassOf,http://kbpedia.org/kko/rc/DefenseSystem
http://kbpedia.org/kko/rc/ComputationalSystemSecurityTechnology,rdfs:subClassOf,owl:Thing
http://kbpedia.org/kko/rc/VehicleExhaustSystem,rdfs:subClassOf,http://kbpedia.org/kko/rc/ConnectedPhysicalPathSystem
http://kbpedia.org/kko/rc/VehicleExhaustSystem,rdfs:subClassOf,owl:Thing
http://kbpedia.org/kko/rc/VehicleExhaustSystem,rdfs:subClassOf,http://kbpedia.org/kko/rc/ExhaustEmissionControl
http://kbpedia.org/kko/rc/VehicleExhaustSystem,rdfs:subClassOf,http://kbpedia.org/kko/rc/MechanicalDevice
http://kbpedia.org/kko/rc/VehicleExhaustSystem,rdfs:subClassOf,http://kbpedia.org/kko/rc/VehiclePart
http://kbpedia.org/kko/rc/IlyushinIl_30,rdfs:subClassOf,http://kbpedia.org/kko/rc/BomberPlane
http://kbpedia.org/kko/rc/IlyushinIl_30,rdfs:subClassOf,owl:Thing
http://kbpedia.org/kko/rc/InfantryFightingVehicle_BMP_2,rdfs:subClassOf,http://kbpedia.org/kko/rc/ArmoredInfantryFightingVehicle
http://kbpedia.org/kko/rc/InfantryFightingVehicle_BMP_2,rdfs:subClassOf,owl:Thing
http://kbpedia.org/kko/rc/InternetHosting,rdfs:subClassOf,http://kbpedia.org/kko/rc/Internet
http://kbpedia.org/kko/rc/InternetHosting,rdfs:subClassOf,owl:Thing
http://kbpedia.org/kko/rc/RangeRoverCar,rdfs:subClassOf,http://kbpedia.org/kko/rc/LandRoverCar
http://kbpedia.org/kko/rc/RangeRoverCar,rdfs:subClassOf,owl:Thing
http://kbpedia.org/kko/rc/VehicleFloorMat,rdfs:subClassOf,http://kbpedia.org/kko/rc/VehicleInteriorSystem
http://kbpedia.org/kko/rc/VehicleFloorMat,rdfs:subClassOf,owl:Thing
http://kbpedia.org/kko/rc/Filesystem,rdfs:subClassOf,http://kbpedia.org/kko/rc/ComputerAsSystem
http://kbpedia.org/kko/rc/Filesystem,rdfs:subClassOf,owl:Thing
http://kbpedia.org/kko/rc/Filesystem,rdfs:subClassOf,http://kbpedia.org/kko/rc/DynamicIndexedInfoSource
http://kbpedia.org/kko/rc/VideoSurveillanceSystem,rdfs:subClassOf,http://kbpedia.org/kko/rc/SecurityDevice
http://kbpedia.org/kko/rc/VideoSurveillanceSystem,rdfs:subClassOf,owl:Thing
http://kbpedia.org/kko/rc/Milwaukee_classMonitor,rdfs:subClassOf,http://kbpedia.org/kko/rc/Monitor
http://kbpedia.org/kko/rc/Milwaukee_classMonitor,rdfs:subClassOf,owl:Thing
http://kbpedia.org/kko/rc/Harness_Animal,rdfs:subClassOf,http://kbpedia.org/kko/rc/Harness
http://kbpedia.org/kko/rc/Harness_Animal,rdfs:subClassOf,owl:Thing
http://kbpedia.org/kko/rc/Chacal_classDestroyer,rdfs:subClassOf,http://kbpedia.org/kko/rc/Destroyer
http://kbpedia.org/kko/rc/Chacal_classDestroyer,rdfs:subClassOf,owl:Thing
http://kbpedia.org/kko/rc/Admiral_classBattlecruiser,rdfs:subClassOf,http://kbpedia.org/kko/rc/BattleCruiser
http://kbpedia.org/kko/rc/Admiral_classBattlecruiser,rdfs:subClassOf,owl:Thing
http://kbpedia.org/kko/rc/AudiV8QuattroCar,rdfs:subClassOf,http://kbpedia.org/kko/rc/AudiCar
http://kbpedia.org/kko/rc/AudiV8QuattroCar,rdfs:subClassOf,owl:Thing
http://kbpedia.org/kko/rc/HaroBikes_TheProduct,rdfs:subClassOf,http://kbpedia.org/kko/rc/Bicycle
http://kbpedia.org/kko/rc/HaroBikes_TheProduct,rdfs:subClassOf,owl:Thing
http://kbpedia.org/kko/rc/Volvo240SeriesCar,rdfs:subClassOf,http://kbpedia.org/kko/rc/VolvoCar
http://kbpedia.org/kko/rc/Volvo240SeriesCar,rdfs:subClassOf,owl:Thing
http://kbpedia.org/kko/rc/Dreadnought,rdfs:subClassOf,http://kbpedia.org/kko/rc/Battleship
http://kbpedia.org/kko/rc/Dreadnought,rdfs:subClassOf,owl:Thing
http://kbpedia.org/kko/rc/IlyushinIl_6,rdfs:subClassOf,http://kbpedia.org/kko/rc/BomberPlane
http://kbpedia.org/kko/rc/IlyushinIl_6,rdfs:subClassOf,owl:Thing
http://kbpedia.org/kko/rc/RentalCar,rdfs:subClassOf,http://kbpedia.org/kko/rc/Automobile
http://kbpedia.org/kko/rc/RentalCar,rdfs:subClassOf,owl:Thing
http://kbpedia.org/kko/rc/MarineCraftSystemSubassembly,rdfs:subClassOf,http://kbpedia.org/kko/rc/MarineTransport
http://kbpedia.org/kko/rc/MarineCraftSystemSubassembly,rdfs:subClassOf,owl:Thing
http://kbpedia.org/kko/rc/NorthropF_20Tigershark,rdfs:subClassOf,http://kbpedia.org/kko/rc/ExperimentalAircraft
http://kbpedia.org/kko/rc/NorthropF_20Tigershark,rdfs:subClassOf,owl:Thing
http://kbpedia.org/kko/rc/NorthropF_20Tigershark,rdfs:subClassOf,http://kbpedia.org/kko/rc/FighterPlane
http://kbpedia.org/kko/rc/Playstation,rdfs:subClassOf,http://kbpedia.org/kko/rc/VideoGameSystem
http://kbpedia.org/kko/rc/Playstation,rdfs:subClassOf,owl:Thing
http://kbpedia.org/kko/rc/RMS_Lusitania_TheShip,rdfs:subClassOf,http://kbpedia.org/kko/rc/OceanLiner
http://kbpedia.org/kko/rc/RMS_Lusitania_TheShip,rdfs:subClassOf,owl:Thing
http://kbpedia.org/kko/rc/MotorizedBicycle,rdfs:subClassOf,http://kbpedia.org/kko/rc/Bicycle
http://kbpedia.org/kko/rc/MotorizedBicycle,rdfs:subClassOf,owl:Thing
http://kbpedia.org/kko/rc/MotorizedBicycle,rdfs:subClassOf,http://kbpedia.org/kko/rc/TwoWheeledMotorizedVehicle
http://kbpedia.org/kko/rc/Defence_classIronclad,rdfs:subClassOf,http://kbpedia.org/kko/rc/IroncladWarship
http://kbpedia.org/kko/rc/Defence_classIronclad,rdfs:subClassOf,owl:Thing
http://kbpedia.org/kko/rc/Alma_classIronclad,rdfs:subClassOf,http://kbpedia.org/kko/rc/IroncladWarship
http://kbpedia.org/kko/rc/Alma_classIronclad,rdfs:subClassOf,owl:Thing
http://kbpedia.org/kko/rc/BoatRamp,rdfs:subClassOf,http://kbpedia.org/kko/rc/MarineCraftSystemSubassembly
http://kbpedia.org/kko/rc/BoatRamp,rdfs:subClassOf,owl:Thing
http://kbpedia.org/kko/rc/MilitaryHelicopter,rdfs:subClassOf,http://kbpedia.org/kko/rc/Helicopter
http://kbpedia.org/kko/rc/MilitaryHelicopter,rdfs:subClassOf,owl:Thing
http://kbpedia.org/kko/rc/MilitaryHelicopter,rdfs:subClassOf,http://kbpedia.org/kko/rc/MilitaryAircraft
http://kbpedia.org/kko/rc/InternetProtocolBasedNetworkSoftware,rdfs:subClassOf,http://kbpedia.org/kko/rc/InternetProtocol
http://kbpedia.org/kko/rc/InternetProtocolBasedNetworkSoftware,rdfs:subClassOf,owl:Thing
http://kbpedia.org/kko/rc/IlyushinIl_40,rdfs:subClassOf,http://kbpedia.org/kko/rc/FighterAttackPlane
http://kbpedia.org/kko/rc/IlyushinIl_40,rdfs:subClassOf,owl:Thing
http://kbpedia.org/kko/rc/LightFrigate,rdfs:subClassOf,http://kbpedia.org/kko/rc/ModernFrigate
http://kbpedia.org/kko/rc/LightFrigate,rdfs:subClassOf,owl:Thing
http://kbpedia.org/kko/rc/AutomobileTypeByConventionalSizeClassification,rdfs:subClassOf,http://kbpedia.org/kko/rc/AutomobileTypeByBodyStyle
http://kbpedia.org/kko/rc/AutomobileTypeByConventionalSizeClassification,rdfs:subClassOf,owl:Thing
http://kbpedia.org/kko/rc/AutomobileTypeByConventionalSizeClassification,rdfs:subClassOf,http://kbpedia.org/kko/rc/Automobile
http://kbpedia.org/kko/rc/Beograd_classDestroyer,rdfs:subClassOf,http://kbpedia.org/kko/rc/Destroyer
http://kbpedia.org/kko/rc/Beograd_classDestroyer,rdfs:subClassOf,owl:Thing
http://kbpedia.org/kko/rc/Boat,rdfs:subClassOf,http://kbpedia.org/kko/rc/Watercraft_Surface
http://kbpedia.org/kko/rc/Boat,rdfs:subClassOf,owl:Thing
http://kbpedia.org/kko/rc/PersonalDigitalAssistant,rdfs:subClassOf,http://kbpedia.org/kko/rc/ContactLocation
http://kbpedia.org/kko/rc/PersonalDigitalAssistant,rdfs:subClassOf,owl:Thing
http://kbpedia.org/kko/rc/PersonalDigitalAssistant,rdfs:subClassOf,http://kbpedia.org/kko/rc/PalmtopComputer
http://kbpedia.org/kko/rc/PersonalDigitalAssistant,rdfs:subClassOf,http://kbpedia.org/kko/rc/PersonalDevice
http://kbpedia.org/kko/rc/ComputerBag,rdfs:subClassOf,http://kbpedia.org/kko/rc/CarryingCase
http://kbpedia.org/kko/rc/ComputerBag,rdfs:subClassOf,owl:Thing
http://kbpedia.org/kko/rc/ComputerBag,rdfs:subClassOf,http://kbpedia.org/kko/rc/Luggage
http://kbpedia.org/kko/rc/Boathook,rdfs:subClassOf,http://kbpedia.org/kko/rc/MarineCraftSystemSubassembly
http://kbpedia.org/kko/rc/Boathook,rdfs:subClassOf,owl:Thing
http://kbpedia.org/kko/rc/DistributedFilesystem,rdfs:subClassOf,http://kbpedia.org/kko/rc/Filesystem
http://kbpedia.org/kko/rc/DistributedFilesystem,rdfs:subClassOf,owl:Thing
http://kbpedia.org/kko/rc/SupportHelicopter,rdfs:subClassOf,http://kbpedia.org/kko/rc/MilitaryHelicopter
http://kbpedia.org/kko/rc/SupportHelicopter,rdfs:subClassOf,owl:Thing
http://kbpedia.org/kko/rc/SupportHelicopter,rdfs:subClassOf,http://kbpedia.org/kko/rc/SupportVehicle
http://kbpedia.org/kko/rc/IroncladWarship,rdfs:subClassOf,http://kbpedia.org/kko/rc/Battleship
http://kbpedia.org/kko/rc/IroncladWarship,rdfs:subClassOf,owl:Thing
http://kbpedia.org/kko/rc/IroncladWarship,rdfs:subClassOf,http://kbpedia.org/kko/rc/Steamboat
http://kbpedia.org/kko/rc/AudiCar,rdfs:subClassOf,http://kbpedia.org/kko/rc/GermanCar
http://kbpedia.org/kko/rc/AudiCar,rdfs:subClassOf,owl:Thing
http://kbpedia.org/kko/rc/VehicleHood,rdfs:subClassOf,http://kbpedia.org/kko/rc/VehicleTrimExteriorCovering
http://kbpedia.org/kko/rc/VehicleHood,rdfs:subClassOf,owl:Thing
http://kbpedia.org/kko/rc/BoeingAH_64Apache,rdfs:subClassOf,http://kbpedia.org/kko/rc/AttackHelicopter
http://kbpedia.org/kko/rc/BoeingAH_64Apache,rdfs:subClassOf,owl:Thing
http://kbpedia.org/kko/rc/BoeingAH_64Apache,rdfs:subClassOf,http://kbpedia.org/kko/rc/BoeingAircraft
http://kbpedia.org/kko/rc/Renown_classBattlecruiser,rdfs:subClassOf,http://kbpedia.org/kko/rc/BattleCruiser
http://kbpedia.org/kko/rc/Renown_classBattlecruiser,rdfs:subClassOf,owl:Thing
http://kbpedia.org/kko/rc/AudiA4Car,rdfs:subClassOf,http://kbpedia.org/kko/rc/AudiCar
http://kbpedia.org/kko/rc/AudiA4Car,rdfs:subClassOf,owl:Thing
http://kbpedia.org/kko/rc/AudiA4Car,rdfs:subClassOf,http://kbpedia.org/kko/rc/FullSizeCar
http://kbpedia.org/kko/rc/DistributedGeneration,rdfs:subClassOf,http://kbpedia.org/kko/rc/ElectricPowerGrid
http://kbpedia.org/kko/rc/DistributedGeneration,rdfs:subClassOf,owl:Thing
http://kbpedia.org/kko/rc/AudiS4Car,rdfs:subClassOf,http://kbpedia.org/kko/rc/AudiCar
http://kbpedia.org/kko/rc/AudiS4Car,rdfs:subClassOf,owl:Thing
http://kbpedia.org/kko/rc/Marietta_classMonitor,rdfs:subClassOf,http://kbpedia.org/kko/rc/Monitor
http://kbpedia.org/kko/rc/Marietta_classMonitor,rdfs:subClassOf,owl:Thing
http://kbpedia.org/kko/rc/InfantryFightingVehicle_BMP_3,rdfs:subClassOf,http://kbpedia.org/kko/rc/ArmoredInfantryFightingVehicle
http://kbpedia.org/kko/rc/InfantryFightingVehicle_BMP_3,rdfs:subClassOf,owl:Thing
http://kbpedia.org/kko/rc/AdmiralNakhimov_classCruiser,rdfs:subClassOf,http://kbpedia.org/kko/rc/Cruiser
http://kbpedia.org/kko/rc/AdmiralNakhimov_classCruiser,rdfs:subClassOf,owl:Thing
http://kbpedia.org/kko/rc/Charlemagne_classBattleship,rdfs:subClassOf,http://kbpedia.org/kko/rc/Battleship
http://kbpedia.org/kko/rc/Charlemagne_classBattleship,rdfs:subClassOf,owl:Thing
http://kbpedia.org/kko/rc/GuidedMissileCruiser,rdfs:subClassOf,http://kbpedia.org/kko/rc/Cruiser
http://kbpedia.org/kko/rc/GuidedMissileCruiser,rdfs:subClassOf,owl:Thing
http://kbpedia.org/kko/rc/GuidedMissileCruiser,rdfs:subClassOf,http://kbpedia.org/kko/rc/MissileWatercraft_Surface
http://kbpedia.org/kko/rc/InternetSecurity,rdfs:subClassOf,http://kbpedia.org/kko/rc/Internet
http://kbpedia.org/kko/rc/InternetSecurity,rdfs:subClassOf,owl:Thing
http://kbpedia.org/kko/rc/SupportShip,rdfs:subClassOf,http://kbpedia.org/kko/rc/MilitaryWatercraft
http://kbpedia.org/kko/rc/SupportShip,rdfs:subClassOf,owl:Thing
http://kbpedia.org/kko/rc/SupportShip,rdfs:subClassOf,http://kbpedia.org/kko/rc/Ship
http://kbpedia.org/kko/rc/SupportShip,rdfs:subClassOf,http://kbpedia.org/kko/rc/SupportVehicle
http://kbpedia.org/kko/rc/Firewall_Network,rdfs:subClassOf,http://kbpedia.org/kko/rc/NetworkArchitecture
http://kbpedia.org/kko/rc/Firewall_Network,rdfs:subClassOf,owl:Thing
http://kbpedia.org/kko/rc/Firewall_Network,rdfs:subClassOf,http://kbpedia.org/kko/rc/NetworkFileSystem
http://kbpedia.org/kko/rc/RapidTransitLine,rdfs:subClassOf,http://kbpedia.org/kko/rc/RailwayLine
http://kbpedia.org/kko/rc/RapidTransitLine,rdfs:subClassOf,owl:Thing
http://kbpedia.org/kko/rc/RapidTransitLine,rdfs:subClassOf,http://kbpedia.org/kko/rc/Subway
http://kbpedia.org/kko/rc/Kirov_classCruiser,rdfs:subClassOf,http://kbpedia.org/kko/rc/LightCruiser
http://kbpedia.org/kko/rc/Kirov_classCruiser,rdfs:subClassOf,owl:Thing
http://kbpedia.org/kko/rc/SubwayCar,rdfs:subClassOf,http://kbpedia.org/kko/rc/RailwayTramwayCar
http://kbpedia.org/kko/rc/SubwayCar,rdfs:subClassOf,owl:Thing
http://kbpedia.org/kko/rc/GuidedMissileFrigate,rdfs:subClassOf,http://kbpedia.org/kko/rc/MissileWatercraft_Surface
http://kbpedia.org/kko/rc/GuidedMissileFrigate,rdfs:subClassOf,owl:Thing
http://kbpedia.org/kko/rc/GuidedMissileFrigate,rdfs:subClassOf,http://kbpedia.org/kko/rc/ModernFrigate
http://kbpedia.org/kko/rc/InflatableBoat,rdfs:subClassOf,http://kbpedia.org/kko/rc/Boat
http://kbpedia.org/kko/rc/InflatableBoat,rdfs:subClassOf,owl:Thing
http://kbpedia.org/kko/rc/InflatableBoat,rdfs:subClassOf,http://kbpedia.org/kko/rc/Watercraft_Small
http://kbpedia.org/kko/rc/MinasGeraes_classBattleship,rdfs:subClassOf,http://kbpedia.org/kko/rc/Dreadnought
http://kbpedia.org/kko/rc/MinasGeraes_classBattleship,rdfs:subClassOf,owl:Thing
http://kbpedia.org/kko/rc/GermanCar,rdfs:subClassOf,http://kbpedia.org/kko/rc/EuropeanCar
http://kbpedia.org/kko/rc/GermanCar,rdfs:subClassOf,owl:Thing
http://kbpedia.org/kko/rc/InflatableRaft,rdfs:subClassOf,http://kbpedia.org/kko/rc/Raft
http://kbpedia.org/kko/rc/InflatableRaft,rdfs:subClassOf,owl:Thing
http://kbpedia.org/kko/rc/SuralNerve,rdfs:subClassOf,http://kbpedia.org/kko/rc/SensoryNerve
http://kbpedia.org/kko/rc/SuralNerve,rdfs:subClassOf,owl:Thing
http://kbpedia.org/kko/rc/AdmiralLazarev_classMonitor,rdfs:subClassOf,http://kbpedia.org/kko/rc/Monitor
http://kbpedia.org/kko/rc/AdmiralLazarev_classMonitor,rdfs:subClassOf,owl:Thing
http://kbpedia.org/kko/rc/TieRod,rdfs:subClassOf,http://kbpedia.org/kko/rc/SteeringSystem
http://kbpedia.org/kko/rc/TieRod,rdfs:subClassOf,owl:Thing
http://kbpedia.org/kko/rc/Battleship,rdfs:subClassOf,http://kbpedia.org/kko/rc/ModernNavalShip
http://kbpedia.org/kko/rc/Battleship,rdfs:subClassOf,owl:Thing
http://kbpedia.org/kko/rc/Differential,rdfs:subClassOf,http://kbpedia.org/kko/rc/DrivetrainSystem
http://kbpedia.org/kko/rc/Differential,rdfs:subClassOf,owl:Thing
http://kbpedia.org/kko/rc/Indefatigable_classBattlecruiser,rdfs:subClassOf,http://kbpedia.org/kko/rc/BattleCruiser
http://kbpedia.org/kko/rc/Indefatigable_classBattlecruiser,rdfs:subClassOf,owl:Thing
http://kbpedia.org/kko/rc/SterlingCar,rdfs:subClassOf,http://kbpedia.org/kko/rc/EnglishCar
http://kbpedia.org/kko/rc/SterlingCar,rdfs:subClassOf,owl:Thing
http://kbpedia.org/kko/rc/SterlingCar,rdfs:subClassOf,http://kbpedia.org/kko/rc/LuxuryCar
http://kbpedia.org/kko/rc/AudiS6Car,rdfs:subClassOf,http://kbpedia.org/kko/rc/AudiCar
http://kbpedia.org/kko/rc/AudiS6Car,rdfs:subClassOf,owl:Thing
http://kbpedia.org/kko/rc/VehicleRegistrationPlate,rdfs:subClassOf,http://kbpedia.org/kko/rc/RoadSystem
http://kbpedia.org/kko/rc/VehicleRegistrationPlate,rdfs:subClassOf,owl:Thing
http://kbpedia.org/kko/rc/VehicleRegistrationPlate,rdfs:subClassOf,http://kbpedia.org/kko/rc/UniqueID
http://kbpedia.org/kko/rc/YakovlevYak_19,rdfs:subClassOf,http://kbpedia.org/kko/rc/Jetfighter
http://kbpedia.org/kko/rc/YakovlevYak_19,rdfs:subClassOf,owl:Thing
http://kbpedia.org/kko/rc/EdgarQuinet_classCruiser,rdfs:subClassOf,http://kbpedia.org/kko/rc/Cruiser
http://kbpedia.org/kko/rc/EdgarQuinet_classCruiser,rdfs:subClassOf,owl:Thing
http://kbpedia.org/kko/rc/ProtectiveEquipment_Human,rdfs:subClassOf,http://kbpedia.org/kko/rc/DefenseSystem
http://kbpedia.org/kko/rc/ProtectiveEquipment_Human,rdfs:subClassOf,owl:Thing
http://kbpedia.org/kko/rc/ProtectiveEquipment_Human,rdfs:subClassOf,http://kbpedia.org/kko/rc/SafetyDevice
http://kbpedia.org/kko/rc/AudiS8Car,rdfs:subClassOf,http://kbpedia.org/kko/rc/AudiCar
http://kbpedia.org/kko/rc/AudiS8Car,rdfs:subClassOf,owl:Thing
http://kbpedia.org/kko/rc/VehicleHorn,rdfs:subClassOf,http://kbpedia.org/kko/rc/VehicleSafetySystem
http://kbpedia.org/kko/rc/VehicleHorn,rdfs:subClassOf,owl:Thing
http://kbpedia.org/kko/rc/VulteeVengeanceInAustralianService,rdfs:subClassOf,http://kbpedia.org/kko/rc/BomberPlane
http://kbpedia.org/kko/rc/VulteeVengeanceInAustralianService,rdfs:subClassOf,owl:Thing
http://kbpedia.org/kko/rc/SupraScapularNerve,rdfs:subClassOf,http://kbpedia.org/kko/rc/Nerve
http://kbpedia.org/kko/rc/SupraScapularNerve,rdfs:subClassOf,owl:Thing
http://kbpedia.org/kko/rc/Bunker,rdfs:subClassOf,http://kbpedia.org/kko/rc/FortificationByType
http://kbpedia.org/kko/rc/Bunker,rdfs:subClassOf,owl:Thing
http://kbpedia.org/kko/rc/Bunker,rdfs:subClassOf,http://kbpedia.org/kko/rc/MilitaryFacility
http://kbpedia.org/kko/rc/Bunker,rdfs:subClassOf,http://kbpedia.org/kko/rc/ProtectiveSystem
http://kbpedia.org/kko/rc/Bunker,rdfs:subClassOf,http://kbpedia.org/kko/rc/Shelter
http://kbpedia.org/kko/rc/Bunker,rdfs:subClassOf,http://kbpedia.org/kko/rc/Underground
http://kbpedia.org/kko/rc/MineWarfareShip,rdfs:subClassOf,http://kbpedia.org/kko/rc/ModernNavalShip
http://kbpedia.org/kko/rc/MineWarfareShip,rdfs:subClassOf,owl:Thing
http://kbpedia.org/kko/rc/Tiller,rdfs:subClassOf,http://kbpedia.org/kko/rc/BoatOrShipPart
http://kbpedia.org/kko/rc/Tiller,rdfs:subClassOf,owl:Thing
http://kbpedia.org/kko/rc/Tiller,rdfs:subClassOf,http://kbpedia.org/kko/rc/MarineCraftSystemSubassembly
http://kbpedia.org/kko/rc/MountainBike,rdfs:subClassOf,http://kbpedia.org/kko/rc/Bicycle
http://kbpedia.org/kko/rc/MountainBike,rdfs:subClassOf,owl:Thing
http://kbpedia.org/kko/rc/MountainBike,rdfs:subClassOf,http://kbpedia.org/kko/rc/PedalPoweredVehicle
http://kbpedia.org/kko/rc/ReplenishmentOiler,rdfs:subClassOf,http://kbpedia.org/kko/rc/OilTanker
http://kbpedia.org/kko/rc/ReplenishmentOiler,rdfs:subClassOf,owl:Thing
http://kbpedia.org/kko/rc/ReplenishmentOiler,rdfs:subClassOf,http://kbpedia.org/kko/rc/UnderwayReplenishmentShip
http://kbpedia.org/kko/rc/Lifeboat,rdfs:subClassOf,http://kbpedia.org/kko/rc/Rowboat
http://kbpedia.org/kko/rc/Lifeboat,rdfs:subClassOf,owl:Thing
http://kbpedia.org/kko/rc/Lifeboat,rdfs:subClassOf,http://kbpedia.org/kko/rc/SafetyDevice
http://kbpedia.org/kko/rc/Lifeboat,rdfs:subClassOf,http://kbpedia.org/kko/rc/Watercraft_Small
http://kbpedia.org/kko/rc/Audi100QuattroCar,rdfs:subClassOf,http://kbpedia.org/kko/rc/AudiCar
http://kbpedia.org/kko/rc/Audi100QuattroCar,rdfs:subClassOf,owl:Thing
http://kbpedia.org/kko/rc/Alfa_RomeoGTV6Car,rdfs:subClassOf,http://kbpedia.org/kko/rc/AlfaRomeoCar
http://kbpedia.org/kko/rc/Alfa_RomeoGTV6Car,rdfs:subClassOf,owl:Thing
http://kbpedia.org/kko/rc/SovetskySoyuz_classBattleship,rdfs:subClassOf,http://kbpedia.org/kko/rc/Battleship
http://kbpedia.org/kko/rc/SovetskySoyuz_classBattleship,rdfs:subClassOf,owl:Thing
http://kbpedia.org/kko/rc/CementTruck,rdfs:subClassOf,http://kbpedia.org/kko/rc/Truck
http://kbpedia.org/kko/rc/CementTruck,rdfs:subClassOf,owl:Thing
http://kbpedia.org/kko/rc/FullSizeCar,rdfs:subClassOf,http://kbpedia.org/kko/rc/AutomobileTypeByConventionalSizeClassification
http://kbpedia.org/kko/rc/FullSizeCar,rdfs:subClassOf,owl:Thing
http://kbpedia.org/kko/rc/FullSizeCar,rdfs:subClassOf,http://kbpedia.org/kko/rc/AutomobileTypeByBodyStyle
http://kbpedia.org/kko/rc/SovietAndRussianCargoAircraft,rdfs:subClassOf,http://kbpedia.org/kko/rc/CargoAirplane
http://kbpedia.org/kko/rc/SovietAndRussianCargoAircraft,rdfs:subClassOf,owl:Thing
http://kbpedia.org/kko/rc/RecreationalWatercraft,rdfs:subClassOf,http://kbpedia.org/kko/rc/MarineTransport
http://kbpedia.org/kko/rc/RecreationalWatercraft,rdfs:subClassOf,owl:Thing
http://kbpedia.org/kko/rc/AudiSAndRSModel,rdfs:subClassOf,http://kbpedia.org/kko/rc/AudiCar
http://kbpedia.org/kko/rc/AudiSAndRSModel,rdfs:subClassOf,owl:Thing
http://kbpedia.org/kko/rc/SubwayTransport,rdfs:subClassOf,http://kbpedia.org/kko/rc/PassengerRailTransport
http://kbpedia.org/kko/rc/SubwayTransport,rdfs:subClassOf,owl:Thing
http://kbpedia.org/kko/rc/Snowbike,rdfs:subClassOf,http://kbpedia.org/kko/rc/Bicycle
http://kbpedia.org/kko/rc/Snowbike,rdfs:subClassOf,owl:Thing
http://kbpedia.org/kko/rc/Snowbike,rdfs:subClassOf,http://kbpedia.org/kko/rc/Device_UserControlled
http://kbpedia.org/kko/rc/Snowbike,rdfs:subClassOf,http://kbpedia.org/kko/rc/Device_UserPowered
http://kbpedia.org/kko/rc/NetworkFileSystem,rdfs:subClassOf,http://kbpedia.org/kko/rc/DistributedFilesystem
http://kbpedia.org/kko/rc/NetworkFileSystem,rdfs:subClassOf,owl:Thing
http://kbpedia.org/kko/rc/TramSystem,rdfs:subClassOf,http://kbpedia.org/kko/rc/MassTransitSystem
http://kbpedia.org/kko/rc/TramSystem,rdfs:subClassOf,owl:Thing
http://kbpedia.org/kko/rc/AudiSportCoupe,rdfs:subClassOf,http://kbpedia.org/kko/rc/AudiCar
http://kbpedia.org/kko/rc/AudiSportCoupe,rdfs:subClassOf,owl:Thing
http://kbpedia.org/kko/rc/RapidTransit,rdfs:subClassOf,http://kbpedia.org/kko/rc/MassTransitSystem
http://kbpedia.org/kko/rc/RapidTransit,rdfs:subClassOf,owl:Thing
http://kbpedia.org/kko/rc/RepublicOfChinaFighterAircraft,rdfs:subClassOf,http://kbpedia.org/kko/rc/FightersByCountry
http://kbpedia.org/kko/rc/RepublicOfChinaFighterAircraft,rdfs:subClassOf,owl:Thing
http://kbpedia.org/kko/rc/RepublicOfChinaFighterAircraft,rdfs:subClassOf,http://kbpedia.org/kko/rc/FighterPlane
http://kbpedia.org/kko/rc/AudiSuper90Car,rdfs:subClassOf,http://kbpedia.org/kko/rc/AudiCar
http://kbpedia.org/kko/rc/AudiSuper90Car,rdfs:subClassOf,owl:Thing
http://kbpedia.org/kko/rc/InfinitiQ45Car,rdfs:subClassOf,http://kbpedia.org/kko/rc/InfinitiCar
http://kbpedia.org/kko/rc/InfinitiQ45Car,rdfs:subClassOf,owl:Thing
http://kbpedia.org/kko/rc/Buoy,rdfs:subClassOf,http://kbpedia.org/kko/rc/CommercialMarineCraft
http://kbpedia.org/kko/rc/Buoy,rdfs:subClassOf,owl:Thing
http://kbpedia.org/kko/rc/Buoy,rdfs:subClassOf,http://kbpedia.org/kko/rc/HumanAccessibleIBO
http://kbpedia.org/kko/rc/Buoy,rdfs:subClassOf,http://kbpedia.org/kko/rc/WaterTransportationDevice
http://kbpedia.org/kko/rc/Amfleet,rdfs:subClassOf,http://kbpedia.org/kko/rc/PassengerTrainCar
http://kbpedia.org/kko/rc/Amfleet,rdfs:subClassOf,owl:Thing
http://kbpedia.org/kko/rc/Republique_classBattleship,rdfs:subClassOf,http://kbpedia.org/kko/rc/Battleship
http://kbpedia.org/kko/rc/Republique_classBattleship,rdfs:subClassOf,owl:Thing
http://kbpedia.org/kko/rc/MandibularNerve,rdfs:subClassOf,http://kbpedia.org/kko/rc/Nerve
http://kbpedia.org/kko/rc/MandibularNerve,rdfs:subClassOf,owl:Thing
http://kbpedia.org/kko/rc/MonteCarloCar,rdfs:subClassOf,http://kbpedia.org/kko/rc/SaabCar
http://kbpedia.org/kko/rc/MonteCarloCar,rdfs:subClassOf,owl:Thing
http://kbpedia.org/kko/rc/AudiTTCar,rdfs:subClassOf,http://kbpedia.org/kko/rc/AudiCar
http://kbpedia.org/kko/rc/AudiTTCar,rdfs:subClassOf,owl:Thing
http://kbpedia.org/kko/rc/AudiTTCar,rdfs:subClassOf,http://kbpedia.org/kko/rc/SportsCar
http://kbpedia.org/kko/rc/FemoralNerve,rdfs:subClassOf,http://kbpedia.org/kko/rc/Nerve
http://kbpedia.org/kko/rc/FemoralNerve,rdfs:subClassOf,owl:Thing
http://kbpedia.org/kko/rc/Canoe,rdfs:subClassOf,http://kbpedia.org/kko/rc/Boat
http://kbpedia.org/kko/rc/Canoe,rdfs:subClassOf,owl:Thing
http://kbpedia.org/kko/rc/Canoe,rdfs:subClassOf,http://kbpedia.org/kko/rc/Device_UserPowered
http://kbpedia.org/kko/rc/Canoe,rdfs:subClassOf,http://kbpedia.org/kko/rc/Watercraft_Small
http://kbpedia.org/kko/rc/PassengerTrainCar,rdfs:subClassOf,http://kbpedia.org/kko/rc/RollingStock
http://kbpedia.org/kko/rc/PassengerTrainCar,rdfs:subClassOf,owl:Thing
http://kbpedia.org/kko/rc/MaxillaryNerve,rdfs:subClassOf,http://kbpedia.org/kko/rc/SensoryNerve
http://kbpedia.org/kko/rc/MaxillaryNerve,rdfs:subClassOf,owl:Thing
http://kbpedia.org/kko/rc/MineCountermeasuresVessel,rdfs:subClassOf,http://kbpedia.org/kko/rc/MineWarfareShip
http://kbpedia.org/kko/rc/MineCountermeasuresVessel,rdfs:subClassOf,owl:Thing
http://kbpedia.org/kko/rc/RollingStock,rdfs:subClassOf,http://kbpedia.org/kko/rc/Train
http://kbpedia.org/kko/rc/RollingStock,rdfs:subClassOf,owl:Thing
http://kbpedia.org/kko/rc/GarmentBag,rdfs:subClassOf,http://kbpedia.org/kko/rc/Luggage
http://kbpedia.org/kko/rc/GarmentBag,rdfs:subClassOf,owl:Thing
http://kbpedia.org/kko/rc/VehicleFuelTank,rdfs:subClassOf,http://kbpedia.org/kko/rc/AutoPart
http://kbpedia.org/kko/rc/VehicleFuelTank,rdfs:subClassOf,owl:Thing
http://kbpedia.org/kko/rc/VehicleFuelTank,rdfs:subClassOf,http://kbpedia.org/kko/rc/FuelTank
http://kbpedia.org/kko/rc/HertzComputer,rdfs:subClassOf,http://kbpedia.org/kko/rc/PersonalComputer
http://kbpedia.org/kko/rc/HertzComputer,rdfs:subClassOf,owl:Thing
http://kbpedia.org/kko/rc/YamahaMotorcycle,rdfs:subClassOf,http://kbpedia.org/kko/rc/Motorcycle
http://kbpedia.org/kko/rc/YamahaMotorcycle,rdfs:subClassOf,owl:Thing
http://kbpedia.org/kko/rc/KitchenCart,rdfs:subClassOf,http://kbpedia.org/kko/rc/Wagon
http://kbpedia.org/kko/rc/KitchenCart,rdfs:subClassOf,owl:Thing
http://kbpedia.org/kko/rc/AudiInMotorsport,rdfs:subClassOf,http://kbpedia.org/kko/rc/AudiCar
http://kbpedia.org/kko/rc/AudiInMotorsport,rdfs:subClassOf,owl:Thing
http://kbpedia.org/kko/rc/HarvesterAgriculturalImplement,rdfs:subClassOf,http://kbpedia.org/kko/rc/AgriculturalVehicle
http://kbpedia.org/kko/rc/HarvesterAgriculturalImplement,rdfs:subClassOf,owl:Thing
http://kbpedia.org/kko/rc/HarvesterAgriculturalImplement,rdfs:subClassOf,http://kbpedia.org/kko/rc/InternalCombustionPoweredDevice
http://kbpedia.org/kko/rc/HarvesterAgriculturalImplement,rdfs:subClassOf,http://kbpedia.org/kko/rc/TransportationContainerProduct
http://kbpedia.org/kko/rc/HarvesterAgriculturalImplement,rdfs:subClassOf,http://kbpedia.org/kko/rc/WheeledTransportationDevice
http://kbpedia.org/kko/rc/HarvesterAgriculturalImplement,rdfs:subClassOf,http://kbpedia.org/kko/rc/Device_UserControlled
http://kbpedia.org/kko/rc/VehicleHeadlight,rdfs:subClassOf,http://kbpedia.org/kko/rc/ExteriorVehicleLighting
http://kbpedia.org/kko/rc/VehicleHeadlight,rdfs:subClassOf,owl:Thing
http://kbpedia.org/kko/rc/Colorado_classBattleship,rdfs:subClassOf,http://kbpedia.org/kko/rc/Battleship
http://kbpedia.org/kko/rc/Colorado_classBattleship,rdfs:subClassOf,owl:Thing
http://kbpedia.org/kko/rc/SaabCar,rdfs:subClassOf,http://kbpedia.org/kko/rc/SwedishCar
http://kbpedia.org/kko/rc/SaabCar,rdfs:subClassOf,owl:Thing
http://kbpedia.org/kko/rc/MarineEcosystemManagementService,rdfs:subClassOf,http://kbpedia.org/kko/rc/Ecosystem
http://kbpedia.org/kko/rc/MarineEcosystemManagementService,rdfs:subClassOf,owl:Thing
http://kbpedia.org/kko/rc/TramLine,rdfs:subClassOf,http://kbpedia.org/kko/rc/OpenTrafficThoroughfare
http://kbpedia.org/kko/rc/TramLine,rdfs:subClassOf,owl:Thing
http://kbpedia.org/kko/rc/TramLine,rdfs:subClassOf,http://kbpedia.org/kko/rc/TravelRoute
http://kbpedia.org/kko/rc/TramLine,rdfs:subClassOf,http://kbpedia.org/kko/rc/TransportPath
http://kbpedia.org/kko/rc/Internet,rdfs:subClassOf,http://kbpedia.org/kko/rc/ComputerNetwork
http://kbpedia.org/kko/rc/Internet,rdfs:subClassOf,owl:Thing
http://kbpedia.org/kko/rc/MiniAudioSystem,rdfs:subClassOf,http://kbpedia.org/kko/rc/AudioSystem
http://kbpedia.org/kko/rc/MiniAudioSystem,rdfs:subClassOf,owl:Thing
http://kbpedia.org/kko/rc/VehicleTransportService,rdfs:subClassOf,http://kbpedia.org/kko/rc/RailFreightTransport
http://kbpedia.org/kko/rc/VehicleTransportService,rdfs:subClassOf,owl:Thing
http://kbpedia.org/kko/rc/FreeEmailHosting,rdfs:subClassOf,http://kbpedia.org/kko/rc/InternetHosting
http://kbpedia.org/kko/rc/FreeEmailHosting,rdfs:subClassOf,owl:Thing
http://kbpedia.org/kko/rc/InformationSystem,rdfs:subClassOf,http://kbpedia.org/ontologies/kko#Information
http://kbpedia.org/kko/rc/InformationSystem,rdfs:subClassOf,owl:Thing
http://kbpedia.org/kko/rc/InformationSystem,rdfs:subClassOf,http://kbpedia.org/ontologies/kko#Systems
http://kbpedia.org/kko/rc/VehicleVibrationDampenerIsolator,rdfs:subClassOf,http://kbpedia.org/kko/rc/TransportationComponentSystem
http://kbpedia.org/kko/rc/VehicleVibrationDampenerIsolator,rdfs:subClassOf,owl:Thing
http://kbpedia.org/kko/rc/InfinitiVehicle,rdfs:subClassOf,http://kbpedia.org/kko/rc/InfinitiCar
http://kbpedia.org/kko/rc/InfinitiVehicle,rdfs:subClassOf,owl:Thing
http://kbpedia.org/kko/rc/Intersection_Street,rdfs:subClassOf,http://kbpedia.org/kko/rc/RoadwayJunction
http://kbpedia.org/kko/rc/Intersection_Street,rdfs:subClassOf,owl:Thing
http://kbpedia.org/kko/rc/StreetSystem,rdfs:subClassOf,http://kbpedia.org/kko/rc/PathArtifact_HumanOccupied
http://kbpedia.org/kko/rc/StreetSystem,rdfs:subClassOf,owl:Thing
http://kbpedia.org/kko/rc/StreetSystem,rdfs:subClassOf,http://kbpedia.org/kko/rc/RoadSystem
http://kbpedia.org/kko/rc/StreetSystem,rdfs:subClassOf,http://kbpedia.org/kko/rc/PathArtifact_Area
http://kbpedia.org/kko/rc/Watercraft_Small,rdfs:subClassOf,http://kbpedia.org/kko/rc/Watercraft_Surface
http://kbpedia.org/kko/rc/Watercraft_Small,rdfs:subClassOf,owl:Thing
http://kbpedia.org/kko/rc/ElectricPublicTransport,rdfs:subClassOf,http://kbpedia.org/kko/rc/MassTransitSystem
http://kbpedia.org/kko/rc/ElectricPublicTransport,rdfs:subClassOf,owl:Thing
http://kbpedia.org/kko/rc/ElectricPublicTransport,rdfs:subClassOf,http://kbpedia.org/kko/rc/TransportService
http://kbpedia.org/kko/rc/Wacht_classAviso,rdfs:subClassOf,http://kbpedia.org/kko/rc/Aviso
http://kbpedia.org/kko/rc/Wacht_classAviso,rdfs:subClassOf,owl:Thing
http://kbpedia.org/kko/rc/Pisa_classCruiser,rdfs:subClassOf,http://kbpedia.org/kko/rc/ArmoredCruiser
http://kbpedia.org/kko/rc/Pisa_classCruiser,rdfs:subClassOf,owl:Thing
http://kbpedia.org/kko/rc/Charodeika_classMonitor,rdfs:subClassOf,http://kbpedia.org/kko/rc/Monitor
http://kbpedia.org/kko/rc/Charodeika_classMonitor,rdfs:subClassOf,owl:Thing
http://kbpedia.org/kko/rc/LightTank_AMX13,rdfs:subClassOf,http://kbpedia.org/kko/rc/LightTank
http://kbpedia.org/kko/rc/LightTank_AMX13,rdfs:subClassOf,owl:Thing
http://kbpedia.org/kko/rc/Campania_classCruiser,rdfs:subClassOf,http://kbpedia.org/kko/rc/Cruiser
http://kbpedia.org/kko/rc/Campania_classCruiser,rdfs:subClassOf,owl:Thing
http://kbpedia.org/kko/rc/Minesweeper_Coastal,rdfs:subClassOf,http://kbpedia.org/kko/rc/MineCountermeasuresVessel
http://kbpedia.org/kko/rc/Minesweeper_Coastal,rdfs:subClassOf,owl:Thing
http://kbpedia.org/kko/rc/RepublicF_105Thunderchief,rdfs:subClassOf,http://kbpedia.org/kko/rc/FighterAttackPlane
http://kbpedia.org/kko/rc/RepublicF_105Thunderchief,rdfs:subClassOf,owl:Thing
http://kbpedia.org/kko/rc/Obrien_classDestroyer,rdfs:subClassOf,http://kbpedia.org/kko/rc/Destroyer
http://kbpedia.org/kko/rc/Obrien_classDestroyer,rdfs:subClassOf,owl:Thing
http://kbpedia.org/kko/rc/InferiorGlutealNerve,rdfs:subClassOf,http://kbpedia.org/kko/rc/MotorNerve
http://kbpedia.org/kko/rc/InferiorGlutealNerve,rdfs:subClassOf,owl:Thing
http://kbpedia.org/kko/rc/SaphenousNerve,rdfs:subClassOf,http://kbpedia.org/kko/rc/SensoryNerve
http://kbpedia.org/kko/rc/SaphenousNerve,rdfs:subClassOf,owl:Thing
http://kbpedia.org/kko/rc/CanonComputer,rdfs:subClassOf,http://kbpedia.org/kko/rc/PersonalComputer
http://kbpedia.org/kko/rc/CanonComputer,rdfs:subClassOf,owl:Thing
http://kbpedia.org/kko/rc/ElectricMultipleUnit,rdfs:subClassOf,http://kbpedia.org/kko/rc/ElectricLocomotive
http://kbpedia.org/kko/rc/ElectricMultipleUnit,rdfs:subClassOf,owl:Thing
http://kbpedia.org/kko/rc/OverpassRoad,rdfs:subClassOf,http://kbpedia.org/kko/rc/ElevatedRoadway
http://kbpedia.org/kko/rc/OverpassRoad,rdfs:subClassOf,owl:Thing
http://kbpedia.org/kko/rc/OverpassRoad,rdfs:subClassOf,http://kbpedia.org/kko/rc/Overpass
http://kbpedia.org/kko/rc/AutomobileTypeByBodyStyle,rdfs:subClassOf,http://kbpedia.org/kko/rc/Automobile
http://kbpedia.org/kko/rc/AutomobileTypeByBodyStyle,rdfs:subClassOf,owl:Thing
http://kbpedia.org/kko/rc/AutomobileTypeByBodyStyle,rdfs:subClassOf,http://kbpedia.org/kko/rc/StyleAttribute
http://kbpedia.org/kko/rc/Yamato_classBattleship,rdfs:subClassOf,http://kbpedia.org/kko/rc/AircraftCarrier
http://kbpedia.org/kko/rc/Yamato_classBattleship,rdfs:subClassOf,owl:Thing
http://kbpedia.org/kko/rc/RoadwayJunction,rdfs:subClassOf,http://kbpedia.org/kko/rc/FacilityComponent
http://kbpedia.org/kko/rc/RoadwayJunction,rdfs:subClassOf,owl:Thing
http://kbpedia.org/kko/rc/RoadwayJunction,rdfs:subClassOf,http://kbpedia.org/kko/rc/Roadway
http://kbpedia.org/kko/rc/RoadwayJunction,rdfs:subClassOf,http://kbpedia.org/kko/rc/TransportFacility
http://kbpedia.org/kko/rc/SupraClavicularNerve,rdfs:subClassOf,http://kbpedia.org/kko/rc/SensoryNerve
http://kbpedia.org/kko/rc/SupraClavicularNerve,rdfs:subClassOf,owl:Thing
http://kbpedia.org/kko/rc/OrganizationAsSystem,rdfs:subClassOf,http://kbpedia.org/kko/rc/FunctionalSystem
http://kbpedia.org/kko/rc/OrganizationAsSystem,rdfs:subClassOf,owl:Thing
http://kbpedia.org/kko/rc/Monorail,rdfs:subClassOf,http://kbpedia.org/kko/rc/Train
http://kbpedia.org/kko/rc/Monorail,rdfs:subClassOf,owl:Thing
http://kbpedia.org/kko/rc/PowerDistribution,rdfs:subClassOf,http://kbpedia.org/kko/rc/ElectricPowerGrid
http://kbpedia.org/kko/rc/PowerDistribution,rdfs:subClassOf,owl:Thing
http://kbpedia.org/kko/rc/PowerDistribution,rdfs:subClassOf,http://kbpedia.org/kko/rc/FacilityManagement
http://kbpedia.org/kko/rc/HatchbackCar,rdfs:subClassOf,http://kbpedia.org/kko/rc/AutomobileTypeByBodyStyle
http://kbpedia.org/kko/rc/HatchbackCar,rdfs:subClassOf,owl:Thing
http://kbpedia.org/kko/rc/HatchbackCar,rdfs:subClassOf,http://kbpedia.org/kko/rc/Automobile_GasolineEngine
http://kbpedia.org/kko/rc/AcuraRLCar,rdfs:subClassOf,http://kbpedia.org/kko/rc/AcuraCar
http://kbpedia.org/kko/rc/AcuraRLCar,rdfs:subClassOf,owl:Thing
http://kbpedia.org/kko/rc/CommercialFishingBoat,rdfs:subClassOf,http://kbpedia.org/kko/rc/CommercialMarineCraft
http://kbpedia.org/kko/rc/CommercialFishingBoat,rdfs:subClassOf,owl:Thing
http://kbpedia.org/kko/rc/CommercialFishingBoat,rdfs:subClassOf,http://kbpedia.org/kko/rc/Watercraft_Surface
http://kbpedia.org/kko/rc/Minehunter_Coastal,rdfs:subClassOf,http://kbpedia.org/kko/rc/MineCountermeasuresVessel
http://kbpedia.org/kko/rc/Minehunter_Coastal,rdfs:subClassOf,owl:Thing
http://kbpedia.org/kko/rc/Montana_classBattleship,rdfs:subClassOf,http://kbpedia.org/kko/rc/Battleship
http://kbpedia.org/kko/rc/Montana_classBattleship,rdfs:subClassOf,owl:Thing
http://kbpedia.org/kko/rc/FerrariVehicle,rdfs:subClassOf,http://kbpedia.org/kko/rc/FerrariCar
http://kbpedia.org/kko/rc/FerrariVehicle,rdfs:subClassOf,owl:Thing
http://kbpedia.org/kko/rc/InfinitiCar,rdfs:subClassOf,http://kbpedia.org/kko/rc/NissanCar
http://kbpedia.org/kko/rc/InfinitiCar,rdfs:subClassOf,owl:Thing
http://kbpedia.org/kko/rc/TramwayDepot,rdfs:subClassOf,http://kbpedia.org/kko/rc/StationTerminalOrStop
http://kbpedia.org/kko/rc/TramwayDepot,rdfs:subClassOf,owl:Thing
http://kbpedia.org/kko/rc/MineLayerShip,rdfs:subClassOf,http://kbpedia.org/kko/rc/MineWarfareShip
http://kbpedia.org/kko/rc/MineLayerShip,rdfs:subClassOf,owl:Thing
http://kbpedia.org/kko/rc/Colossus_classBattleship,rdfs:subClassOf,http://kbpedia.org/kko/rc/Battleship
http://kbpedia.org/kko/rc/Colossus_classBattleship,rdfs:subClassOf,owl:Thing
http://kbpedia.org/kko/rc/AcuraTLCar,rdfs:subClassOf,http://kbpedia.org/kko/rc/AcuraCar
http://kbpedia.org/kko/rc/AcuraTLCar,rdfs:subClassOf,owl:Thing
http://kbpedia.org/kko/rc/LocalAreaNetwork,rdfs:subClassOf,http://kbpedia.org/kko/rc/ComputerNetwork
http://kbpedia.org/kko/rc/LocalAreaNetwork,rdfs:subClassOf,owl:Thing
http://kbpedia.org/kko/rc/GridStreetSystem,rdfs:subClassOf,http://kbpedia.org/kko/rc/StreetSystem
http://kbpedia.org/kko/rc/GridStreetSystem,rdfs:subClassOf,owl:Thing
http://kbpedia.org/kko/rc/DiaperBag,rdfs:subClassOf,http://kbpedia.org/kko/rc/ShoulderBag
http://kbpedia.org/kko/rc/DiaperBag,rdfs:subClassOf,owl:Thing
http://kbpedia.org/kko/rc/Raft,rdfs:subClassOf,http://kbpedia.org/kko/rc/RecreationalWatercraft
http://kbpedia.org/kko/rc/Raft,rdfs:subClassOf,owl:Thing
http://kbpedia.org/kko/rc/Raft,rdfs:subClassOf,http://kbpedia.org/kko/rc/Watercraft_Small
http://kbpedia.org/kko/rc/Raft,rdfs:subClassOf,http://kbpedia.org/kko/rc/Device_UserControlled
http://kbpedia.org/kko/rc/NewYork_classBattleship,rdfs:subClassOf,http://kbpedia.org/kko/rc/Battleship
http://kbpedia.org/kko/rc/NewYork_classBattleship,rdfs:subClassOf,owl:Thing
http://kbpedia.org/kko/rc/Radetzky_classBattleship,rdfs:subClassOf,http://kbpedia.org/kko/rc/Battleship
http://kbpedia.org/kko/rc/Radetzky_classBattleship,rdfs:subClassOf,owl:Thing
http://kbpedia.org/kko/rc/DefrostingDefoggingSystem,rdfs:subClassOf,http://kbpedia.org/kko/rc/TransportationComponentSystem
http://kbpedia.org/kko/rc/DefrostingDefoggingSystem,rdfs:subClassOf,owl:Thing
http://kbpedia.org/kko/rc/HondaCar,rdfs:subClassOf,http://kbpedia.org/kko/rc/JapaneseCar
http://kbpedia.org/kko/rc/HondaCar,rdfs:subClassOf,owl:Thing
http://kbpedia.org/kko/rc/MazdaCar,rdfs:subClassOf,http://kbpedia.org/kko/rc/Automobile_GasolineEngine
http://kbpedia.org/kko/rc/MazdaCar,rdfs:subClassOf,owl:Thing
http://kbpedia.org/kko/rc/MazdaCar,rdfs:subClassOf,http://kbpedia.org/kko/rc/JapaneseCar
http://kbpedia.org/kko/rc/TankerShip,rdfs:subClassOf,http://kbpedia.org/kko/rc/CargoShip
http://kbpedia.org/kko/rc/TankerShip,rdfs:subClassOf,owl:Thing
http://kbpedia.org/kko/rc/TankerShip,rdfs:subClassOf,http://kbpedia.org/kko/rc/CommercialMarineCraft
http://kbpedia.org/kko/rc/TankerShip,rdfs:subClassOf,http://kbpedia.org/kko/rc/Motorboat
http://kbpedia.org/kko/rc/SportsCar,rdfs:subClassOf,http://kbpedia.org/kko/rc/AutomobileTypeByBodyStyle
http://kbpedia.org/kko/rc/SportsCar,rdfs:subClassOf,owl:Thing
http://kbpedia.org/kko/rc/SportsCar,rdfs:subClassOf,http://kbpedia.org/kko/rc/PassengerMotorVehicle
http://kbpedia.org/kko/rc/LittleShipsOfDunkirk,rdfs:subClassOf,http://kbpedia.org/kko/rc/Boat
http://kbpedia.org/kko/rc/LittleShipsOfDunkirk,rdfs:subClassOf,owl:Thing
http://kbpedia.org/kko/rc/TallShip,rdfs:subClassOf,http://kbpedia.org/kko/rc/SailingShip
http://kbpedia.org/kko/rc/TallShip,rdfs:subClassOf,owl:Thing
http://kbpedia.org/kko/rc/LightShip,rdfs:subClassOf,http://kbpedia.org/kko/rc/Ship
http://kbpedia.org/kko/rc/LightShip,rdfs:subClassOf,owl:Thing
http://kbpedia.org/kko/rc/Zuiho_classAircraftCarrier,rdfs:subClassOf,http://kbpedia.org/kko/rc/LightAircraftCarrier
http://kbpedia.org/kko/rc/Zuiho_classAircraftCarrier,rdfs:subClassOf,owl:Thing
http://kbpedia.org/kko/rc/FlightDeckCruiser,rdfs:subClassOf,http://kbpedia.org/kko/rc/Cruiser
http://kbpedia.org/kko/rc/FlightDeckCruiser,rdfs:subClassOf,owl:Thing
http://kbpedia.org/kko/rc/FlightDeckCruiser,rdfs:subClassOf,http://kbpedia.org/kko/rc/LightAircraftCarrier
http://kbpedia.org/kko/rc/Spillway,rdfs:subClassOf,http://kbpedia.org/kko/rc/ArtificialWaterFeature_Area
http://kbpedia.org/kko/rc/Spillway,rdfs:subClassOf,owl:Thing
http://kbpedia.org/kko/rc/Spillway,rdfs:subClassOf,http://kbpedia.org/kko/rc/FluidConduit
http://kbpedia.org/kko/rc/Spillway,rdfs:subClassOf,http://kbpedia.org/kko/rc/WaterSupplyNetwork
http://kbpedia.org/kko/rc/Spillway,rdfs:subClassOf,http://kbpedia.org/kko/rc/InfrastructureProduct
http://kbpedia.org/kko/rc/Mazda626Car,rdfs:subClassOf,http://kbpedia.org/kko/rc/MazdaCar
http://kbpedia.org/kko/rc/Mazda626Car,rdfs:subClassOf,owl:Thing
http://kbpedia.org/kko/rc/AcuraNSXCar,rdfs:subClassOf,http://kbpedia.org/kko/rc/AcuraCar
http://kbpedia.org/kko/rc/AcuraNSXCar,rdfs:subClassOf,owl:Thing
http://kbpedia.org/kko/rc/AcuraNSXCar,rdfs:subClassOf,http://kbpedia.org/kko/rc/SportsCar
http://kbpedia.org/kko/rc/EtherTalkNetwork,rdfs:subClassOf,http://kbpedia.org/kko/rc/ComputerNetwork
http://kbpedia.org/kko/rc/EtherTalkNetwork,rdfs:subClassOf,owl:Thing
http://kbpedia.org/kko/rc/Galleon,rdfs:subClassOf,http://kbpedia.org/kko/rc/SquareRigger
http://kbpedia.org/kko/rc/Galleon,rdfs:subClassOf,owl:Thing
http://kbpedia.org/kko/rc/CanoeKayak,rdfs:subClassOf,http://kbpedia.org/kko/rc/RecreationalWatercraft
http://kbpedia.org/kko/rc/CanoeKayak,rdfs:subClassOf,owl:Thing
http://kbpedia.org/kko/rc/UrutuChassisBasedVehicle,rdfs:subClassOf,http://kbpedia.org/kko/rc/RoadVehicle
http://kbpedia.org/kko/rc/UrutuChassisBasedVehicle,rdfs:subClassOf,owl:Thing
http://kbpedia.org/kko/rc/UrutuChassisBasedVehicle,rdfs:subClassOf,http://kbpedia.org/kko/rc/WheeledVehicle_Armored
http://kbpedia.org/kko/rc/UrutuChassisBasedVehicle,rdfs:subClassOf,http://kbpedia.org/kko/rc/MilitaryLandPlatform
http://kbpedia.org/kko/rc/Mazda929Car,rdfs:subClassOf,http://kbpedia.org/kko/rc/MazdaCar
http://kbpedia.org/kko/rc/Mazda929Car,rdfs:subClassOf,owl:Thing
http://kbpedia.org/kko/rc/Minesweeper_Ocean,rdfs:subClassOf,http://kbpedia.org/kko/rc/MineCountermeasuresVessel
http://kbpedia.org/kko/rc/Minesweeper_Ocean,rdfs:subClassOf,owl:Thing
http://kbpedia.org/kko/rc/GasTanker,rdfs:subClassOf,http://kbpedia.org/kko/rc/TankerShip
http://kbpedia.org/kko/rc/GasTanker,rdfs:subClassOf,owl:Thing
http://kbpedia.org/kko/rc/NewsGroupServer,rdfs:subClassOf,http://kbpedia.org/kko/rc/ComputerServer
http://kbpedia.org/kko/rc/NewsGroupServer,rdfs:subClassOf,owl:Thing
http://kbpedia.org/kko/rc/DigitalSystem,rdfs:subClassOf,http://kbpedia.org/kko/rc/InformationSystem
http://kbpedia.org/kko/rc/DigitalSystem,rdfs:subClassOf,owl:Thing
http://kbpedia.org/kko/rc/MazdaCosmosCar,rdfs:subClassOf,http://kbpedia.org/kko/rc/MazdaCar
http://kbpedia.org/kko/rc/MazdaCosmosCar,rdfs:subClassOf,owl:Thing
http://kbpedia.org/kko/rc/SwedishCar,rdfs:subClassOf,http://kbpedia.org/kko/rc/EuropeanCar
http://kbpedia.org/kko/rc/SwedishCar,rdfs:subClassOf,owl:Thing
http://kbpedia.org/kko/rc/ShoulderBag,rdfs:subClassOf,http://kbpedia.org/kko/rc/Bag
http://kbpedia.org/kko/rc/ShoulderBag,rdfs:subClassOf,owl:Thing
http://kbpedia.org/kko/rc/ShoulderBag,rdfs:subClassOf,http://kbpedia.org/kko/rc/Luggage
http://kbpedia.org/kko/rc/AcuraIntegraCar,rdfs:subClassOf,http://kbpedia.org/kko/rc/AcuraCar
http://kbpedia.org/kko/rc/AcuraIntegraCar,rdfs:subClassOf,owl:Thing
http://kbpedia.org/kko/rc/Littorio_classBattleship,rdfs:subClassOf,http://kbpedia.org/kko/rc/Battleship
http://kbpedia.org/kko/rc/Littorio_classBattleship,rdfs:subClassOf,owl:Thing
http://kbpedia.org/kko/rc/ShoppingCart,rdfs:subClassOf,http://kbpedia.org/kko/rc/PushCart
http://kbpedia.org/kko/rc/ShoppingCart,rdfs:subClassOf,owl:Thing
http://kbpedia.org/kko/rc/IntelligentTransportationSystem,rdfs:subClassOf,http://kbpedia.org/kko/rc/PhysicalSystem
http://kbpedia.org/kko/rc/IntelligentTransportationSystem,rdfs:subClassOf,owl:Thing
http://kbpedia.org/kko/rc/IntelligentTransportationSystem,rdfs:subClassOf,http://kbpedia.org/kko/rc/SystemOfDevices
http://kbpedia.org/kko/rc/LuxuryCar,rdfs:subClassOf,http://kbpedia.org/kko/rc/Automobile
http://kbpedia.org/kko/rc/LuxuryCar,rdfs:subClassOf,owl:Thing
http://kbpedia.org/kko/rc/LuxuryCar,rdfs:subClassOf,http://kbpedia.org/kko/rc/LuxuryItem
http://kbpedia.org/kko/rc/UsedAutomobile,rdfs:subClassOf,http://kbpedia.org/kko/rc/Automobile
http://kbpedia.org/kko/rc/UsedAutomobile,rdfs:subClassOf,owl:Thing
http://kbpedia.org/kko/rc/UsedAutomobile,rdfs:subClassOf,http://kbpedia.org/kko/rc/UsedArtifact
http://kbpedia.org/kko/rc/MazdaMiataCar,rdfs:subClassOf,http://kbpedia.org/kko/rc/MazdaCar
http://kbpedia.org/kko/rc/MazdaMiataCar,rdfs:subClassOf,owl:Thing
http://kbpedia.org/kko/rc/LignesAGrandeVitesse,rdfs:subClassOf,http://kbpedia.org/kko/rc/HighSpeedRailwayLineInFrance
http://kbpedia.org/kko/rc/LignesAGrandeVitesse,rdfs:subClassOf,owl:Thing
http://kbpedia.org/kko/rc/JapaneseCar,rdfs:subClassOf,http://kbpedia.org/kko/rc/NonAmericanCar
http://kbpedia.org/kko/rc/JapaneseCar,rdfs:subClassOf,owl:Thing
http://kbpedia.org/kko/rc/WallStreet,rdfs:subClassOf,http://kbpedia.org/kko/rc/Street_Urban
http://kbpedia.org/kko/rc/WallStreet,rdfs:subClassOf,owl:Thing
http://kbpedia.org/kko/rc/SnowyMountainsHighway,rdfs:subClassOf,http://kbpedia.org/kko/rc/TravelRoute_Road
http://kbpedia.org/kko/rc/SnowyMountainsHighway,rdfs:subClassOf,owl:Thing
http://kbpedia.org/kko/rc/MazdaMillenniaCar,rdfs:subClassOf,http://kbpedia.org/kko/rc/MazdaCar
http://kbpedia.org/kko/rc/MazdaMillenniaCar,rdfs:subClassOf,owl:Thing
http://kbpedia.org/kko/rc/OverdriveAutomaticTransmission,rdfs:subClassOf,http://kbpedia.org/kko/rc/AutomaticTransmission
http://kbpedia.org/kko/rc/OverdriveAutomaticTransmission,rdfs:subClassOf,owl:Thing
http://kbpedia.org/kko/rc/Challenger2,rdfs:subClassOf,http://kbpedia.org/kko/rc/Tank_Vehicle
http://kbpedia.org/kko/rc/Challenger2,rdfs:subClassOf,owl:Thing
http://kbpedia.org/kko/rc/AcuraVehicle,rdfs:subClassOf,http://kbpedia.org/kko/rc/AcuraCar
http://kbpedia.org/kko/rc/AcuraVehicle,rdfs:subClassOf,owl:Thing
http://kbpedia.org/kko/rc/MazdaNavajoCar,rdfs:subClassOf,http://kbpedia.org/kko/rc/MazdaCar
http://kbpedia.org/kko/rc/MazdaNavajoCar,rdfs:subClassOf,owl:Thing
http://kbpedia.org/kko/rc/ElectricalGrid,rdfs:subClassOf,http://kbpedia.org/kko/rc/ElectricPowerGrid
http://kbpedia.org/kko/rc/ElectricalGrid,rdfs:subClassOf,owl:Thing
http://kbpedia.org/kko/rc/ElectricalGrid,rdfs:subClassOf,http://kbpedia.org/kko/rc/Infrastructure
http://kbpedia.org/kko/rc/ElectricalGrid,rdfs:subClassOf,http://kbpedia.org/kko/rc/PathArtifactSystem
http://kbpedia.org/kko/rc/ElectricalGrid,rdfs:subClassOf,http://kbpedia.org/kko/rc/SystemOfDevices
http://kbpedia.org/kko/rc/ElectricalGrid,rdfs:subClassOf,http://kbpedia.org/kko/rc/UtilityBuildingStructure
http://kbpedia.org/kko/rc/LightAircraftCarrier,rdfs:subClassOf,http://kbpedia.org/kko/rc/AircraftCarrier
http://kbpedia.org/kko/rc/LightAircraftCarrier,rdfs:subClassOf,owl:Thing
http://kbpedia.org/kko/rc/Overdrive_Mechanics,rdfs:subClassOf,http://kbpedia.org/kko/rc/OverdriveAutomaticTransmission
http://kbpedia.org/kko/rc/Overdrive_Mechanics,rdfs:subClassOf,owl:Thing
http://kbpedia.org/kko/rc/MountainRailwaysOfIndia,rdfs:subClassOf,http://kbpedia.org/kko/rc/RailwayLine
http://kbpedia.org/kko/rc/MountainRailwaysOfIndia,rdfs:subClassOf,owl:Thing
http://kbpedia.org/kko/rc/CommercialPassengerAirplaneCabin,rdfs:subClassOf,http://kbpedia.org/kko/rc/AirplaneCabin
http://kbpedia.org/kko/rc/CommercialPassengerAirplaneCabin,rdfs:subClassOf,owl:Thing
http://kbpedia.org/kko/rc/MazdaPlatform,rdfs:subClassOf,http://kbpedia.org/kko/rc/MazdaCar
http://kbpedia.org/kko/rc/MazdaPlatform,rdfs:subClassOf,owl:Thing
http://kbpedia.org/kko/rc/LightGuidedMissileFrigate,rdfs:subClassOf,http://kbpedia.org/kko/rc/MissileWatercraft_Surface
http://kbpedia.org/kko/rc/LightGuidedMissileFrigate,rdfs:subClassOf,owl:Thing
http://kbpedia.org/kko/rc/LightGuidedMissileFrigate,rdfs:subClassOf,http://kbpedia.org/kko/rc/ModernFrigate
http://kbpedia.org/kko/rc/VentralRamus,rdfs:subClassOf,http://kbpedia.org/kko/rc/SensoryMotorNerve
http://kbpedia.org/kko/rc/VentralRamus,rdfs:subClassOf,owl:Thing
http://kbpedia.org/kko/rc/SpaceTransportation,rdfs:subClassOf,http://kbpedia.org/kko/rc/PassengerTransport
http://kbpedia.org/kko/rc/SpaceTransportation,rdfs:subClassOf,owl:Thing
http://kbpedia.org/kko/rc/SpaceTransportation,rdfs:subClassOf,http://kbpedia.org/kko/rc/SpaceMission
http://kbpedia.org/kko/rc/SpaceTransportation,rdfs:subClassOf,http://kbpedia.org/kko/rc/TransportByMode
http://kbpedia.org/kko/rc/InformationManagement,rdfs:subClassOf,http://kbpedia.org/kko/rc/InformationSystem
http://kbpedia.org/kko/rc/InformationManagement,rdfs:subClassOf,owl:Thing
http://kbpedia.org/kko/rc/InformationManagement,rdfs:subClassOf,http://kbpedia.org/kko/rc/Management
http://kbpedia.org/kko/rc/SquareRigger,rdfs:subClassOf,http://kbpedia.org/kko/rc/TallShip
http://kbpedia.org/kko/rc/SquareRigger,rdfs:subClassOf,owl:Thing
http://kbpedia.org/kko/rc/Novara_classCruiser,rdfs:subClassOf,http://kbpedia.org/kko/rc/Cruiser
http://kbpedia.org/kko/rc/Novara_classCruiser,rdfs:subClassOf,owl:Thing
http://kbpedia.org/kko/rc/DeployableUniversalCombatEarthmover,rdfs:subClassOf,http://kbpedia.org/kko/rc/Bulldozer
http://kbpedia.org/kko/rc/DeployableUniversalCombatEarthmover,rdfs:subClassOf,owl:Thing
http://kbpedia.org/kko/rc/MazdaProtegeCar,rdfs:subClassOf,http://kbpedia.org/kko/rc/MazdaCar
http://kbpedia.org/kko/rc/MazdaProtegeCar,rdfs:subClassOf,owl:Thing
http://kbpedia.org/kko/rc/ApolloComputer,rdfs:subClassOf,http://kbpedia.org/kko/rc/Computer
http://kbpedia.org/kko/rc/ApolloComputer,rdfs:subClassOf,owl:Thing
http://kbpedia.org/kko/rc/InformationManagementUse,rdfs:subClassOf,http://kbpedia.org/kko/rc/ComputerAsSystem
http://kbpedia.org/kko/rc/InformationManagementUse,rdfs:subClassOf,owl:Thing
http://kbpedia.org/kko/rc/AcuraCLCar,rdfs:subClassOf,http://kbpedia.org/kko/rc/AcuraCar
http://kbpedia.org/kko/rc/AcuraCLCar,rdfs:subClassOf,owl:Thing
http://kbpedia.org/kko/rc/AudioDrama,rdfs:subClassOf,http://kbpedia.org/kko/rc/RadioProgram
http://kbpedia.org/kko/rc/AudioDrama,rdfs:subClassOf,owl:Thing
http://kbpedia.org/kko/rc/LightTank,rdfs:subClassOf,http://kbpedia.org/kko/rc/Tank_Vehicle
http://kbpedia.org/kko/rc/LightTank,rdfs:subClassOf,owl:Thing
http://kbpedia.org/kko/rc/Zx81,rdfs:subClassOf,http://kbpedia.org/kko/rc/PersonalComputer
http://kbpedia.org/kko/rc/Zx81,rdfs:subClassOf,owl:Thing
http://kbpedia.org/kko/rc/McdonnellDouglasA_4GSkyhawk,rdfs:subClassOf,http://kbpedia.org/kko/rc/FighterAttackPlane
http://kbpedia.org/kko/rc/McdonnellDouglasA_4GSkyhawk,rdfs:subClassOf,owl:Thing
http://kbpedia.org/kko/rc/PhrenicNerve,rdfs:subClassOf,http://kbpedia.org/kko/rc/Nerve
http://kbpedia.org/kko/rc/PhrenicNerve,rdfs:subClassOf,owl:Thing
http://kbpedia.org/kko/rc/HondaCivicCar,rdfs:subClassOf,http://kbpedia.org/kko/rc/Automobile_GasolineEngine
http://kbpedia.org/kko/rc/HondaCivicCar,rdfs:subClassOf,owl:Thing
http://kbpedia.org/kko/rc/HondaCivicCar,rdfs:subClassOf,http://kbpedia.org/kko/rc/HondaCar
http://kbpedia.org/kko/rc/MazdaRX7Car,rdfs:subClassOf,http://kbpedia.org/kko/rc/MazdaCar
http://kbpedia.org/kko/rc/MazdaRX7Car,rdfs:subClassOf,owl:Thing
http://kbpedia.org/kko/rc/MazdaRX7Car,rdfs:subClassOf,http://kbpedia.org/kko/rc/SportsCar
http://kbpedia.org/kko/rc/CoinPurse,rdfs:subClassOf,http://kbpedia.org/kko/rc/PurseHandbagBag
http://kbpedia.org/kko/rc/CoinPurse,rdfs:subClassOf,owl:Thing
http://kbpedia.org/kko/rc/ChalmersCar,rdfs:subClassOf,http://kbpedia.org/kko/rc/AmericanAutomobile
http://kbpedia.org/kko/rc/ChalmersCar,rdfs:subClassOf,owl:Thing
http://kbpedia.org/kko/rc/SpaceShuttleAtlantis,rdfs:subClassOf,http://kbpedia.org/kko/rc/SpaceShuttle
http://kbpedia.org/kko/rc/SpaceShuttleAtlantis,rdfs:subClassOf,owl:Thing
http://kbpedia.org/kko/rc/Resadiye_classBattleship,rdfs:subClassOf,http://kbpedia.org/kko/rc/Battleship
http://kbpedia.org/kko/rc/Resadiye_classBattleship,rdfs:subClassOf,owl:Thing
http://kbpedia.org/kko/rc/HondaPreludeCar,rdfs:subClassOf,http://kbpedia.org/kko/rc/Automobile_GasolineEngine
http://kbpedia.org/kko/rc/HondaPreludeCar,rdfs:subClassOf,owl:Thing
http://kbpedia.org/kko/rc/HondaPreludeCar,rdfs:subClassOf,http://kbpedia.org/kko/rc/HondaCar
http://kbpedia.org/kko/rc/FighterPlane_F15,rdfs:subClassOf,http://kbpedia.org/kko/rc/JetPropelledAircraft
http://kbpedia.org/kko/rc/FighterPlane_F15,rdfs:subClassOf,owl:Thing
http://kbpedia.org/kko/rc/FighterPlane_F15,rdfs:subClassOf,http://kbpedia.org/kko/rc/Jetfighter
http://kbpedia.org/kko/rc/FighterPlane_F15,rdfs:subClassOf,http://kbpedia.org/kko/rc/MultiRoleAircraft
http://kbpedia.org/kko/rc/SolarPoweredRoadVehicle,rdfs:subClassOf,http://kbpedia.org/kko/rc/RoadVehicle
http://kbpedia.org/kko/rc/SolarPoweredRoadVehicle,rdfs:subClassOf,owl:Thing
http://kbpedia.org/kko/rc/SolarPoweredRoadVehicle,rdfs:subClassOf,http://kbpedia.org/kko/rc/SolarPoweredDevice
http://kbpedia.org/kko/rc/SolarPoweredRoadVehicle,rdfs:subClassOf,http://kbpedia.org/kko/rc/TransportationDevice_Vehicle
http://kbpedia.org/kko/rc/AcuraLegendCar,rdfs:subClassOf,http://kbpedia.org/kko/rc/AcuraCar
http://kbpedia.org/kko/rc/AcuraLegendCar,rdfs:subClassOf,owl:Thing
http://kbpedia.org/kko/rc/AcuraLegendCar,rdfs:subClassOf,http://kbpedia.org/kko/rc/LuxuryCar
http://kbpedia.org/kko/rc/SpaceShuttleBURAN,rdfs:subClassOf,http://kbpedia.org/kko/rc/SpaceShuttle
http://kbpedia.org/kko/rc/SpaceShuttleBURAN,rdfs:subClassOf,owl:Thing
http://kbpedia.org/kko/rc/HumanSpaceflight,rdfs:subClassOf,http://kbpedia.org/kko/rc/Ride
http://kbpedia.org/kko/rc/HumanSpaceflight,rdfs:subClassOf,owl:Thing
http://kbpedia.org/kko/rc/HumanSpaceflight,rdfs:subClassOf,http://kbpedia.org/kko/rc/SpaceTransportation
http://kbpedia.org/kko/rc/RadioProgram,rdfs:subClassOf,http://kbpedia.org/kko/rc/Radio
http://kbpedia.org/kko/rc/RadioProgram,rdfs:subClassOf,owl:Thing
http://kbpedia.org/kko/rc/TriumphGT6Car,rdfs:subClassOf,http://kbpedia.org/kko/rc/TriumphCar
http://kbpedia.org/kko/rc/TriumphGT6Car,rdfs:subClassOf,owl:Thing
http://kbpedia.org/kko/rc/HondaS2000Car,rdfs:subClassOf,http://kbpedia.org/kko/rc/Automobile_GasolineEngine
http://kbpedia.org/kko/rc/HondaS2000Car,rdfs:subClassOf,owl:Thing
http://kbpedia.org/kko/rc/HondaS2000Car,rdfs:subClassOf,http://kbpedia.org/kko/rc/HondaCar
http://kbpedia.org/kko/rc/HondaS2000Car,rdfs:subClassOf,http://kbpedia.org/kko/rc/SportsCar
http://kbpedia.org/kko/rc/Howitzer_M109A6,rdfs:subClassOf,http://kbpedia.org/kko/rc/Howitzer_155mmSelfPropelled
http://kbpedia.org/kko/rc/Howitzer_M109A6,rdfs:subClassOf,owl:Thing
http://kbpedia.org/kko/rc/MiniMarque,rdfs:subClassOf,http://kbpedia.org/kko/rc/BMWCar
http://kbpedia.org/kko/rc/MiniMarque,rdfs:subClassOf,owl:Thing
http://kbpedia.org/kko/rc/Formidabile_classIronclad,rdfs:subClassOf,http://kbpedia.org/kko/rc/IroncladWarship
http://kbpedia.org/kko/rc/Formidabile_classIronclad,rdfs:subClassOf,owl:Thing
http://kbpedia.org/kko/rc/ElectricRailMotorCoach,rdfs:subClassOf,http://kbpedia.org/kko/rc/MotorCoach
http://kbpedia.org/kko/rc/ElectricRailMotorCoach,rdfs:subClassOf,owl:Thing
http://kbpedia.org/kko/rc/SpaceShuttleChallenger,rdfs:subClassOf,http://kbpedia.org/kko/rc/SpaceShuttle
http://kbpedia.org/kko/rc/SpaceShuttleChallenger,rdfs:subClassOf,owl:Thing
http://kbpedia.org/kko/rc/ElectricRailTransport,rdfs:subClassOf,http://kbpedia.org/kko/rc/RailTransport
http://kbpedia.org/kko/rc/ElectricRailTransport,rdfs:subClassOf,owl:Thing
http://kbpedia.org/kko/rc/EmbeddedSystem,rdfs:subClassOf,http://kbpedia.org/kko/rc/ClassOfComputer
http://kbpedia.org/kko/rc/EmbeddedSystem,rdfs:subClassOf,owl:Thing
http://kbpedia.org/kko/rc/EmbeddedSystem,rdfs:subClassOf,http://kbpedia.org/kko/rc/ElectronicDevice
http://kbpedia.org/kko/rc/HondaCRVCar,rdfs:subClassOf,http://kbpedia.org/kko/rc/Automobile_GasolineEngine
http://kbpedia.org/kko/rc/HondaCRVCar,rdfs:subClassOf,owl:Thing
http://kbpedia.org/kko/rc/HondaCRVCar,rdfs:subClassOf,http://kbpedia.org/kko/rc/HondaCar
http://kbpedia.org/kko/rc/MazdaTransmission,rdfs:subClassOf,http://kbpedia.org/kko/rc/MazdaCar
http://kbpedia.org/kko/rc/MazdaTransmission,rdfs:subClassOf,owl:Thing
http://kbpedia.org/kko/rc/ReginaElena_classBattleship,rdfs:subClassOf,http://kbpedia.org/kko/rc/PreDreadnoughtBattleship
http://kbpedia.org/kko/rc/ReginaElena_classBattleship,rdfs:subClassOf,owl:Thing
http://kbpedia.org/kko/rc/Mogador_classDestroyer,rdfs:subClassOf,http://kbpedia.org/kko/rc/Destroyer
http://kbpedia.org/kko/rc/Mogador_classDestroyer,rdfs:subClassOf,owl:Thing
http://kbpedia.org/kko/rc/SpaceShuttleEnterprise,rdfs:subClassOf,http://kbpedia.org/kko/rc/SpaceShuttle
http://kbpedia.org/kko/rc/SpaceShuttleEnterprise,rdfs:subClassOf,owl:Thing
http://kbpedia.org/kko/rc/AudioEffect,rdfs:subClassOf,http://kbpedia.org/kko/rc/AudioSystem
http://kbpedia.org/kko/rc/AudioEffect,rdfs:subClassOf,owl:Thing
http://kbpedia.org/kko/rc/GroceryBag,rdfs:subClassOf,http://kbpedia.org/kko/rc/Bag
http://kbpedia.org/kko/rc/GroceryBag,rdfs:subClassOf,owl:Thing
http://kbpedia.org/kko/rc/PetlyakovPe_3,rdfs:subClassOf,http://kbpedia.org/kko/rc/Jetfighter
http://kbpedia.org/kko/rc/PetlyakovPe_3,rdfs:subClassOf,owl:Thing
http://kbpedia.org/kko/rc/Submersible,rdfs:subClassOf,http://kbpedia.org/kko/rc/WaterPlatform_Subsurface
http://kbpedia.org/kko/rc/Submersible,rdfs:subClassOf,owl:Thing
http://kbpedia.org/kko/rc/HondaMagna_MotorcycleTypeByModel,rdfs:subClassOf,http://kbpedia.org/kko/rc/HondaMotorcycle
http://kbpedia.org/kko/rc/HondaMagna_MotorcycleTypeByModel,rdfs:subClassOf,owl:Thing
http://kbpedia.org/kko/rc/FighterPlane_F16,rdfs:subClassOf,http://kbpedia.org/kko/rc/JetPropelledAircraft
http://kbpedia.org/kko/rc/FighterPlane_F16,rdfs:subClassOf,owl:Thing
http://kbpedia.org/kko/rc/FighterPlane_F16,rdfs:subClassOf,http://kbpedia.org/kko/rc/Jetfighter
http://kbpedia.org/kko/rc/FighterPlane_F16,rdfs:subClassOf,http://kbpedia.org/kko/rc/MultiRoleAircraft
http://kbpedia.org/kko/rc/ThreeLanesOrWiderRoadway,rdfs:subClassOf,http://kbpedia.org/kko/rc/TwoLanesOrWiderRoadway
http://kbpedia.org/kko/rc/ThreeLanesOrWiderRoadway,rdfs:subClassOf,owl:Thing
http://kbpedia.org/kko/rc/Hi_Level,rdfs:subClassOf,http://kbpedia.org/kko/rc/PassengerTrainCar
http://kbpedia.org/kko/rc/Hi_Level,rdfs:subClassOf,owl:Thing
http://kbpedia.org/kko/rc/SpaceShuttleColumbia,rdfs:subClassOf,http://kbpedia.org/kko/rc/SpaceShuttle
http://kbpedia.org/kko/rc/SpaceShuttleColumbia,rdfs:subClassOf,owl:Thing
http://kbpedia.org/kko/rc/PetlyakovPe_8,rdfs:subClassOf,http://kbpedia.org/kko/rc/BomberPlane
http://kbpedia.org/kko/rc/PetlyakovPe_8,rdfs:subClassOf,owl:Thing
http://kbpedia.org/kko/rc/Mini_Cooper,rdfs:subClassOf,http://kbpedia.org/kko/rc/EnglishCar
http://kbpedia.org/kko/rc/Mini_Cooper,rdfs:subClassOf,owl:Thing
http://kbpedia.org/kko/rc/FighterPlane_A10,rdfs:subClassOf,http://kbpedia.org/kko/rc/JetPropelledAircraft
http://kbpedia.org/kko/rc/FighterPlane_A10,rdfs:subClassOf,owl:Thing
http://kbpedia.org/kko/rc/FighterPlane_A10,rdfs:subClassOf,http://kbpedia.org/kko/rc/Jetfighter
http://kbpedia.org/kko/rc/HondaTransmission,rdfs:subClassOf,http://kbpedia.org/kko/rc/HondaCar
http://kbpedia.org/kko/rc/HondaTransmission,rdfs:subClassOf,owl:Thing
http://kbpedia.org/kko/rc/Havmanden_classSubmarine,rdfs:subClassOf,http://kbpedia.org/kko/rc/AttackSubmarine
http://kbpedia.org/kko/rc/Havmanden_classSubmarine,rdfs:subClassOf,owl:Thing
http://kbpedia.org/kko/rc/AudioMixing,rdfs:subClassOf,http://kbpedia.org/kko/rc/AudioSystem
http://kbpedia.org/kko/rc/AudioMixing,rdfs:subClassOf,owl:Thing
http://kbpedia.org/kko/rc/AudioMixing,rdfs:subClassOf,http://kbpedia.org/kko/rc/RecordedSoundProduct
http://kbpedia.org/kko/rc/McDonnellDouglasF_15EStrikeEagle,rdfs:subClassOf,http://kbpedia.org/kko/rc/Jetfighter
http://kbpedia.org/kko/rc/McDonnellDouglasF_15EStrikeEagle,rdfs:subClassOf,owl:Thing
http://kbpedia.org/kko/rc/McDonnellDouglasF_15EStrikeEagle,rdfs:subClassOf,http://kbpedia.org/kko/rc/MultiRoleAircraft
http://kbpedia.org/kko/rc/McDonnellDouglasF_15EStrikeEagle,rdfs:subClassOf,http://kbpedia.org/kko/rc/FighterPlane
http://kbpedia.org/kko/rc/Suitcase,rdfs:subClassOf,http://kbpedia.org/kko/rc/Box_Container
http://kbpedia.org/kko/rc/Suitcase,rdfs:subClassOf,owl:Thing
http://kbpedia.org/kko/rc/Suitcase,rdfs:subClassOf,http://kbpedia.org/kko/rc/Luggage
http://kbpedia.org/kko/rc/ReginaMargherita_classBattleship,rdfs:subClassOf,http://kbpedia.org/kko/rc/Battleship
http://kbpedia.org/kko/rc/ReginaMargherita_classBattleship,rdfs:subClassOf,owl:Thing
http://kbpedia.org/kko/rc/Street_Residential,rdfs:subClassOf,http://kbpedia.org/kko/rc/Street_Generic
http://kbpedia.org/kko/rc/Street_Residential,rdfs:subClassOf,owl:Thing
http://kbpedia.org/kko/rc/AcuraCar,rdfs:subClassOf,http://kbpedia.org/kko/rc/HondaCar
http://kbpedia.org/kko/rc/AcuraCar,rdfs:subClassOf,owl:Thing
http://kbpedia.org/kko/rc/Apollo17_SpaceMission,rdfs:subClassOf,http://kbpedia.org/kko/rc/HumanSpaceflight
http://kbpedia.org/kko/rc/Apollo17_SpaceMission,rdfs:subClassOf,owl:Thing
http://kbpedia.org/kko/rc/SpaceShuttle,rdfs:subClassOf,http://kbpedia.org/kko/rc/FuelPoweredDevice
http://kbpedia.org/kko/rc/SpaceShuttle,rdfs:subClassOf,owl:Thing
http://kbpedia.org/kko/rc/SpaceShuttle,rdfs:subClassOf,http://kbpedia.org/kko/rc/GroundToOrbitVehicle
http://kbpedia.org/kko/rc/SpaceShuttle,rdfs:subClassOf,http://kbpedia.org/kko/rc/RocketPlane
http://kbpedia.org/kko/rc/SpaceShuttle,rdfs:subClassOf,http://kbpedia.org/kko/rc/SpacePlatform_Manned
http://kbpedia.org/kko/rc/SpaceShuttle,rdfs:subClassOf,http://kbpedia.org/kko/rc/TransportationContainerProduct
http://kbpedia.org/kko/rc/Triumph1500Car,rdfs:subClassOf,http://kbpedia.org/kko/rc/TriumphCar
http://kbpedia.org/kko/rc/Triumph1500Car,rdfs:subClassOf,owl:Thing
http://kbpedia.org/kko/rc/CheckerCar,rdfs:subClassOf,http://kbpedia.org/kko/rc/AmericanAutomobile
http://kbpedia.org/kko/rc/CheckerCar,rdfs:subClassOf,owl:Thing
http://kbpedia.org/kko/rc/PlymouthSundanceCar,rdfs:subClassOf,http://kbpedia.org/kko/rc/PlymouthCar
http://kbpedia.org/kko/rc/PlymouthSundanceCar,rdfs:subClassOf,owl:Thing
http://kbpedia.org/kko/rc/SpaceShuttleLivingQuarters,rdfs:subClassOf,http://kbpedia.org/kko/rc/HumanlyOccupiedRegion_TransportationDevice
http://kbpedia.org/kko/rc/SpaceShuttleLivingQuarters,rdfs:subClassOf,owl:Thing
http://kbpedia.org/kko/rc/GroundAttackAircraft,rdfs:subClassOf,http://kbpedia.org/kko/rc/Warplane
http://kbpedia.org/kko/rc/GroundAttackAircraft,rdfs:subClassOf,owl:Thing
http://kbpedia.org/kko/rc/Canopus_classBattleship,rdfs:subClassOf,http://kbpedia.org/kko/rc/PreDreadnoughtBattleship
http://kbpedia.org/kko/rc/Canopus_classBattleship,rdfs:subClassOf,owl:Thing
http://kbpedia.org/kko/rc/Triumph2000Car,rdfs:subClassOf,http://kbpedia.org/kko/rc/TriumphCar
http://kbpedia.org/kko/rc/Triumph2000Car,rdfs:subClassOf,owl:Thing
http://kbpedia.org/kko/rc/MinicompactCar,rdfs:subClassOf,http://kbpedia.org/kko/rc/AutomobileTypeByConventionalSizeClassification
http://kbpedia.org/kko/rc/MinicompactCar,rdfs:subClassOf,owl:Thing
http://kbpedia.org/kko/rc/MinicompactCar,rdfs:subClassOf,http://kbpedia.org/kko/rc/AutomobileTypeByBodyStyle
http://kbpedia.org/kko/rc/Formula1RaceCar,rdfs:subClassOf,http://kbpedia.org/kko/rc/RaceCar
http://kbpedia.org/kko/rc/Formula1RaceCar,rdfs:subClassOf,owl:Thing
http://kbpedia.org/kko/rc/Ferrari458Italia,rdfs:subClassOf,http://kbpedia.org/kko/rc/FerrariCar
http://kbpedia.org/kko/rc/Ferrari458Italia,rdfs:subClassOf,owl:Thing
http://kbpedia.org/kko/rc/GroceryCart,rdfs:subClassOf,http://kbpedia.org/kko/rc/ShoppingCart
http://kbpedia.org/kko/rc/GroceryCart,rdfs:subClassOf,owl:Thing
http://kbpedia.org/kko/rc/AmericanAutomobile,rdfs:subClassOf,http://kbpedia.org/kko/rc/AutomobileTypeByBrand
http://kbpedia.org/kko/rc/AmericanAutomobile,rdfs:subClassOf,owl:Thing
http://kbpedia.org/kko/rc/AmericanAutomobile,rdfs:subClassOf,http://kbpedia.org/kko/rc/Automobile_GasolineEngine
http://kbpedia.org/kko/rc/Moped,rdfs:subClassOf,http://kbpedia.org/kko/rc/MotorScooter
http://kbpedia.org/kko/rc/Moped,rdfs:subClassOf,owl:Thing
http://kbpedia.org/kko/rc/Moped,rdfs:subClassOf,http://kbpedia.org/kko/rc/Motorcycle
http://kbpedia.org/kko/rc/GunCruiser,rdfs:subClassOf,http://kbpedia.org/kko/rc/Cruiser
http://kbpedia.org/kko/rc/GunCruiser,rdfs:subClassOf,owl:Thing
http://kbpedia.org/kko/rc/PlymouthValiantCar,rdfs:subClassOf,http://kbpedia.org/kko/rc/PlymouthCar
http://kbpedia.org/kko/rc/PlymouthValiantCar,rdfs:subClassOf,owl:Thing
http://kbpedia.org/kko/rc/Kongo_classIronclad,rdfs:subClassOf,http://kbpedia.org/kko/rc/IroncladWarship
http://kbpedia.org/kko/rc/Kongo_classIronclad,rdfs:subClassOf,owl:Thing
http://kbpedia.org/kko/rc/SpaceShuttleEndeavour,rdfs:subClassOf,http://kbpedia.org/kko/rc/SpaceShuttle
http://kbpedia.org/kko/rc/SpaceShuttleEndeavour,rdfs:subClassOf,owl:Thing
http://kbpedia.org/kko/rc/SkiCarrier,rdfs:subClassOf,http://kbpedia.org/kko/rc/Luggage
http://kbpedia.org/kko/rc/SkiCarrier,rdfs:subClassOf,owl:Thing
http://kbpedia.org/kko/rc/SkiCarrier,rdfs:subClassOf,http://kbpedia.org/kko/rc/MechanicalDevice
http://kbpedia.org/kko/rc/SkiCarrier,rdfs:subClassOf,http://kbpedia.org/kko/rc/ContainerArtifact
http://kbpedia.org/kko/rc/InteriorVehicleLighting,rdfs:subClassOf,http://kbpedia.org/kko/rc/TransportationComponentSystem
http://kbpedia.org/kko/rc/InteriorVehicleLighting,rdfs:subClassOf,owl:Thing
http://kbpedia.org/kko/rc/PlymouthBelvedereCar,rdfs:subClassOf,http://kbpedia.org/kko/rc/PlymouthCar
http://kbpedia.org/kko/rc/PlymouthBelvedereCar,rdfs:subClassOf,owl:Thing
http://kbpedia.org/kko/rc/Kolkata_classDestroyer,rdfs:subClassOf,http://kbpedia.org/kko/rc/GuidedMissileDestroyer
http://kbpedia.org/kko/rc/Kolkata_classDestroyer,rdfs:subClassOf,owl:Thing
http://kbpedia.org/kko/rc/DirtBike,rdfs:subClassOf,http://kbpedia.org/kko/rc/Motorcycle
http://kbpedia.org/kko/rc/DirtBike,rdfs:subClassOf,owl:Thing
http://kbpedia.org/kko/rc/AMGenCar,rdfs:subClassOf,http://kbpedia.org/kko/rc/AmericanAutomobile
http://kbpedia.org/kko/rc/AMGenCar,rdfs:subClassOf,owl:Thing
http://kbpedia.org/kko/rc/Alaska_classCruiser,rdfs:subClassOf,http://kbpedia.org/kko/rc/BattleCruiser
http://kbpedia.org/kko/rc/Alaska_classCruiser,rdfs:subClassOf,owl:Thing
http://kbpedia.org/kko/rc/Minibus,rdfs:subClassOf,http://kbpedia.org/kko/rc/Bus_RoadVehicle
http://kbpedia.org/kko/rc/Minibus,rdfs:subClassOf,owl:Thing
http://kbpedia.org/kko/rc/Minibus,rdfs:subClassOf,http://kbpedia.org/kko/rc/PassengerMotorVehicle
http://kbpedia.org/kko/rc/Satsuma_classBattleship,rdfs:subClassOf,http://kbpedia.org/kko/rc/Dreadnought
http://kbpedia.org/kko/rc/Satsuma_classBattleship,rdfs:subClassOf,owl:Thing
http://kbpedia.org/kko/rc/AppalachianTrail,rdfs:subClassOf,http://kbpedia.org/kko/rc/Trail
http://kbpedia.org/kko/rc/AppalachianTrail,rdfs:subClassOf,owl:Thing
http://kbpedia.org/kko/rc/PlymouthSavoyCar,rdfs:subClassOf,http://kbpedia.org/kko/rc/PlymouthCar
http://kbpedia.org/kko/rc/PlymouthSavoyCar,rdfs:subClassOf,owl:Thing
http://kbpedia.org/kko/rc/EthernetNetwork,rdfs:subClassOf,http://kbpedia.org/kko/rc/LocalAreaNetwork
http://kbpedia.org/kko/rc/EthernetNetwork,rdfs:subClassOf,owl:Thing
http://kbpedia.org/kko/rc/Walkman,rdfs:subClassOf,http://kbpedia.org/kko/rc/PersonalAudioPlayer
http://kbpedia.org/kko/rc/Walkman,rdfs:subClassOf,owl:Thing
http://kbpedia.org/kko/rc/Walkman,rdfs:subClassOf,http://kbpedia.org/kko/rc/StereoSystem
http://kbpedia.org/kko/rc/SpaceflightEconomics,rdfs:subClassOf,http://kbpedia.org/kko/rc/SpaceTransportation
http://kbpedia.org/kko/rc/SpaceflightEconomics,rdfs:subClassOf,owl:Thing
http://kbpedia.org/kko/rc/Howitzer_M109,rdfs:subClassOf,http://kbpedia.org/kko/rc/Howitzer_155mmSelfPropelled
http://kbpedia.org/kko/rc/Howitzer_M109,rdfs:subClassOf,owl:Thing
http://kbpedia.org/kko/rc/FighterPlane_F14,rdfs:subClassOf,http://kbpedia.org/kko/rc/JetPropelledAircraft
http://kbpedia.org/kko/rc/FighterPlane_F14,rdfs:subClassOf,owl:Thing
http://kbpedia.org/kko/rc/FighterPlane_F14,rdfs:subClassOf,http://kbpedia.org/kko/rc/Jetfighter
http://kbpedia.org/kko/rc/PlymouthVehicle,rdfs:subClassOf,http://kbpedia.org/kko/rc/PlymouthCar
http://kbpedia.org/kko/rc/PlymouthVehicle,rdfs:subClassOf,owl:Thing
http://kbpedia.org/kko/rc/PlymouthVehicle,rdfs:subClassOf,http://kbpedia.org/kko/rc/ChryslerCar
http://kbpedia.org/kko/rc/HorizontalCoordinateSystem,rdfs:subClassOf,http://kbpedia.org/kko/rc/CelestialCoordinateSystem
http://kbpedia.org/kko/rc/HorizontalCoordinateSystem,rdfs:subClassOf,owl:Thing
http://kbpedia.org/kko/rc/ImperatorAleksandrIi_classBattleship,rdfs:subClassOf,http://kbpedia.org/kko/rc/Battleship
http://kbpedia.org/kko/rc/ImperatorAleksandrIi_classBattleship,rdfs:subClassOf,owl:Thing
http://kbpedia.org/kko/rc/TriumphCar,rdfs:subClassOf,http://kbpedia.org/kko/rc/EnglishCar
http://kbpedia.org/kko/rc/TriumphCar,rdfs:subClassOf,owl:Thing
http://kbpedia.org/kko/rc/HondaAccordCar,rdfs:subClassOf,http://kbpedia.org/kko/rc/Automobile_GasolineEngine
http://kbpedia.org/kko/rc/HondaAccordCar,rdfs:subClassOf,owl:Thing
http://kbpedia.org/kko/rc/HondaAccordCar,rdfs:subClassOf,http://kbpedia.org/kko/rc/HondaCar
http://kbpedia.org/kko/rc/HondaAccordCar,rdfs:subClassOf,http://kbpedia.org/kko/rc/MidsizeCar
http://kbpedia.org/kko/rc/PlymouthChampCar,rdfs:subClassOf,http://kbpedia.org/kko/rc/PlymouthCar
http://kbpedia.org/kko/rc/PlymouthChampCar,rdfs:subClassOf,owl:Thing
http://kbpedia.org/kko/rc/ReginaMariaPia_classIronclad,rdfs:subClassOf,http://kbpedia.org/kko/rc/IroncladWarship
http://kbpedia.org/kko/rc/ReginaMariaPia_classIronclad,rdfs:subClassOf,owl:Thing
http://kbpedia.org/kko/rc/Walkman_RadioOnly,rdfs:subClassOf,http://kbpedia.org/kko/rc/HomeElectronicsMarketCategory
http://kbpedia.org/kko/rc/Walkman_RadioOnly,rdfs:subClassOf,owl:Thing
http://kbpedia.org/kko/rc/Walkman_RadioOnly,rdfs:subClassOf,http://kbpedia.org/kko/rc/RadioReceiver
http://kbpedia.org/kko/rc/Walkman_RadioOnly,rdfs:subClassOf,http://kbpedia.org/kko/rc/Walkman
http://kbpedia.org/kko/rc/TriumphHeraldCar,rdfs:subClassOf,http://kbpedia.org/kko/rc/TriumphCar
http://kbpedia.org/kko/rc/TriumphHeraldCar,rdfs:subClassOf,owl:Thing
http://kbpedia.org/kko/rc/HondaEVPlusCar,rdfs:subClassOf,http://kbpedia.org/kko/rc/Automobile_GasolineEngine
http://kbpedia.org/kko/rc/HondaEVPlusCar,rdfs:subClassOf,owl:Thing
http://kbpedia.org/kko/rc/HondaEVPlusCar,rdfs:subClassOf,http://kbpedia.org/kko/rc/HondaCar
http://kbpedia.org/kko/rc/LimitedTrafficThoroughfare,rdfs:subClassOf,http://kbpedia.org/kko/rc/Thoroughfare
http://kbpedia.org/kko/rc/LimitedTrafficThoroughfare,rdfs:subClassOf,owl:Thing
http://kbpedia.org/kko/rc/MediumEnduranceCutter,rdfs:subClassOf,http://kbpedia.org/kko/rc/Cutter_NavalWatercraft
http://kbpedia.org/kko/rc/MediumEnduranceCutter,rdfs:subClassOf,owl:Thing
http://kbpedia.org/kko/rc/FerriesAcrossElbe,rdfs:subClassOf,http://kbpedia.org/kko/rc/MarineTransport
http://kbpedia.org/kko/rc/FerriesAcrossElbe,rdfs:subClassOf,owl:Thing
http://kbpedia.org/kko/rc/AudioTransducer,rdfs:subClassOf,http://kbpedia.org/kko/rc/AudioSystem
http://kbpedia.org/kko/rc/AudioTransducer,rdfs:subClassOf,owl:Thing
http://kbpedia.org/kko/rc/GameAccessory,rdfs:subClassOf,http://kbpedia.org/kko/rc/VideoGameSystem
http://kbpedia.org/kko/rc/GameAccessory,rdfs:subClassOf,owl:Thing
http://kbpedia.org/kko/rc/HondaOdysseyCar,rdfs:subClassOf,http://kbpedia.org/kko/rc/Automobile_GasolineEngine
http://kbpedia.org/kko/rc/HondaOdysseyCar,rdfs:subClassOf,owl:Thing
http://kbpedia.org/kko/rc/HondaOdysseyCar,rdfs:subClassOf,http://kbpedia.org/kko/rc/HondaCar
http://kbpedia.org/kko/rc/ObturatorNerve,rdfs:subClassOf,http://kbpedia.org/kko/rc/SensoryMotorNerve
http://kbpedia.org/kko/rc/ObturatorNerve,rdfs:subClassOf,owl:Thing
http://kbpedia.org/kko/rc/SaturnCar,rdfs:subClassOf,http://kbpedia.org/kko/rc/GMAutomobile
http://kbpedia.org/kko/rc/SaturnCar,rdfs:subClassOf,owl:Thing
http://kbpedia.org/kko/rc/Konigsberg_classCruiser,rdfs:subClassOf,http://kbpedia.org/kko/rc/LightCruiser
http://kbpedia.org/kko/rc/Konigsberg_classCruiser,rdfs:subClassOf,owl:Thing
http://kbpedia.org/kko/rc/YermolayevYer_2,rdfs:subClassOf,http://kbpedia.org/kko/rc/BomberPlane
http://kbpedia.org/kko/rc/YermolayevYer_2,rdfs:subClassOf,owl:Thing
http://kbpedia.org/kko/rc/HondaValkyrie_MotorcycleTypeByModel,rdfs:subClassOf,http://kbpedia.org/kko/rc/HondaMotorcycle
http://kbpedia.org/kko/rc/HondaValkyrie_MotorcycleTypeByModel,rdfs:subClassOf,owl:Thing
http://kbpedia.org/kko/rc/PlymouthCar,rdfs:subClassOf,http://kbpedia.org/kko/rc/ChryslerCar
http://kbpedia.org/kko/rc/PlymouthCar,rdfs:subClassOf,owl:Thing
http://kbpedia.org/kko/rc/WalkmanWithCassette,rdfs:subClassOf,http://kbpedia.org/kko/rc/AudioTapePlayer
http://kbpedia.org/kko/rc/WalkmanWithCassette,rdfs:subClassOf,owl:Thing
http://kbpedia.org/kko/rc/WalkmanWithCassette,rdfs:subClassOf,http://kbpedia.org/kko/rc/Walkman
http://kbpedia.org/kko/rc/Implacable_classAircraftCarrier,rdfs:subClassOf,http://kbpedia.org/kko/rc/AircraftCarrier
http://kbpedia.org/kko/rc/Implacable_classAircraftCarrier,rdfs:subClassOf,owl:Thing
http://kbpedia.org/kko/rc/EngineCoolant,rdfs:subClassOf,http://kbpedia.org/kko/rc/AntiCorrosive
http://kbpedia.org/kko/rc/EngineCoolant,rdfs:subClassOf,owl:Thing
http://kbpedia.org/kko/rc/EngineCoolant,rdfs:subClassOf,http://kbpedia.org/kko/rc/AutomotiveFluid
http://kbpedia.org/kko/rc/EngineCoolant,rdfs:subClassOf,http://kbpedia.org/kko/rc/EngineCoolantSystem
http://kbpedia.org/kko/rc/DefenseSystem,rdfs:subClassOf,http://kbpedia.org/kko/rc/ProtectiveSystem
http://kbpedia.org/kko/rc/DefenseSystem,rdfs:subClassOf,owl:Thing
http://kbpedia.org/kko/rc/DefenseSystem,rdfs:subClassOf,http://kbpedia.org/kko/rc/SolidTangibleArtifact
http://kbpedia.org/kko/rc/DefenseSystem,rdfs:subClassOf,http://kbpedia.org/kko/rc/Technology_Artifact
http://kbpedia.org/kko/rc/HondaVehicle,rdfs:subClassOf,http://kbpedia.org/kko/rc/HondaCar
http://kbpedia.org/kko/rc/HondaVehicle,rdfs:subClassOf,owl:Thing
http://kbpedia.org/kko/rc/PlymouthBreezeCar,rdfs:subClassOf,http://kbpedia.org/kko/rc/PlymouthCar
http://kbpedia.org/kko/rc/PlymouthBreezeCar,rdfs:subClassOf,owl:Thing
http://kbpedia.org/kko/rc/Cyclops_classMonitor,rdfs:subClassOf,http://kbpedia.org/kko/rc/Monitor
http://kbpedia.org/kko/rc/Cyclops_classMonitor,rdfs:subClassOf,owl:Thing
http://kbpedia.org/kko/rc/Ecosystem,rdfs:subClassOf,http://kbpedia.org/kko/rc/EcologicalRegion
http://kbpedia.org/kko/rc/Ecosystem,rdfs:subClassOf,owl:Thing
http://kbpedia.org/kko/rc/Ecosystem,rdfs:subClassOf,http://kbpedia.org/kko/rc/FunctionalSystem
http://kbpedia.org/kko/rc/Ecosystem,rdfs:subClassOf,http://kbpedia.org/kko/rc/WildlifeFloraService
http://kbpedia.org/kko/rc/ImperatritsaMariya_classBattleship,rdfs:subClassOf,http://kbpedia.org/kko/rc/Battleship
http://kbpedia.org/kko/rc/ImperatritsaMariya_classBattleship,rdfs:subClassOf,owl:Thing
http://kbpedia.org/kko/rc/Hrabri_classSubmarine,rdfs:subClassOf,http://kbpedia.org/kko/rc/AttackSubmarine
http://kbpedia.org/kko/rc/Hrabri_classSubmarine,rdfs:subClassOf,owl:Thing
http://kbpedia.org/kko/rc/PontiacAstreCar,rdfs:subClassOf,http://kbpedia.org/kko/rc/PontiacCar
http://kbpedia.org/kko/rc/PontiacAstreCar,rdfs:subClassOf,owl:Thing
http://kbpedia.org/kko/rc/HondaMotorcycle,rdfs:subClassOf,http://kbpedia.org/kko/rc/Motorcycle
http://kbpedia.org/kko/rc/HondaMotorcycle,rdfs:subClassOf,owl:Thing
http://kbpedia.org/kko/rc/MannedSubmersible,rdfs:subClassOf,http://kbpedia.org/kko/rc/Submersible
http://kbpedia.org/kko/rc/MannedSubmersible,rdfs:subClassOf,owl:Thing
http://kbpedia.org/kko/rc/HawkerSiddeleyHarrier,rdfs:subClassOf,http://kbpedia.org/kko/rc/GroundAttackAircraft
http://kbpedia.org/kko/rc/HawkerSiddeleyHarrier,rdfs:subClassOf,owl:Thing
http://kbpedia.org/kko/rc/HawkerSiddeleyHarrier,rdfs:subClassOf,http://kbpedia.org/kko/rc/Jetfighter
http://kbpedia.org/kko/rc/HawkerSiddeleyHarrier,rdfs:subClassOf,http://kbpedia.org/kko/rc/TiltjetAircraft
http://kbpedia.org/kko/rc/HawkerSiddeleyHarrier,rdfs:subClassOf,http://kbpedia.org/kko/rc/FighterPlane
http://kbpedia.org/kko/rc/HawkerSiddeleyHarrier,rdfs:subClassOf,http://kbpedia.org/kko/rc/MilitaryHardware
http://kbpedia.org/kko/rc/Kolberg_classCruiser,rdfs:subClassOf,http://kbpedia.org/kko/rc/Cruiser
http://kbpedia.org/kko/rc/Kolberg_classCruiser,rdfs:subClassOf,owl:Thing
http://kbpedia.org/kko/rc/Wallet,rdfs:subClassOf,http://kbpedia.org/kko/rc/CashHandlingSupply
http://kbpedia.org/kko/rc/Wallet,rdfs:subClassOf,owl:Thing
http://kbpedia.org/kko/rc/Wallet,rdfs:subClassOf,http://kbpedia.org/kko/rc/PersonalDevice
http://kbpedia.org/kko/rc/Wallet,rdfs:subClassOf,http://kbpedia.org/kko/rc/TransportationContainerProduct
http://kbpedia.org/kko/rc/EvokedPotential,rdfs:subClassOf,http://kbpedia.org/kko/rc/NerveTissue
http://kbpedia.org/kko/rc/EvokedPotential,rdfs:subClassOf,owl:Thing
http://kbpedia.org/kko/rc/Tank_Vehicle,rdfs:subClassOf,http://kbpedia.org/kko/rc/ArmoredVehicle_Heavy
http://kbpedia.org/kko/rc/Tank_Vehicle,rdfs:subClassOf,owl:Thing
http://kbpedia.org/kko/rc/Tank_Vehicle,rdfs:subClassOf,http://kbpedia.org/kko/rc/TrackedVehicle_Armored
http://kbpedia.org/kko/rc/Tank_Vehicle,rdfs:subClassOf,http://kbpedia.org/kko/rc/WeaponSystem
http://kbpedia.org/kko/rc/Tank_Vehicle,rdfs:subClassOf,http://kbpedia.org/kko/rc/WarVehicle
http://kbpedia.org/kko/rc/PontiacGrandPrixCar,rdfs:subClassOf,http://kbpedia.org/kko/rc/PontiacCar
http://kbpedia.org/kko/rc/PontiacGrandPrixCar,rdfs:subClassOf,owl:Thing
http://kbpedia.org/kko/rc/TriumphTR250Car,rdfs:subClassOf,http://kbpedia.org/kko/rc/TriumphCar
http://kbpedia.org/kko/rc/TriumphTR250Car,rdfs:subClassOf,owl:Thing
http://kbpedia.org/kko/rc/VBomber,rdfs:subClassOf,http://kbpedia.org/kko/rc/BomberPlane
http://kbpedia.org/kko/rc/VBomber,rdfs:subClassOf,owl:Thing
http://kbpedia.org/kko/rc/MazdaVehicle,rdfs:subClassOf,http://kbpedia.org/kko/rc/MazdaCar
http://kbpedia.org/kko/rc/MazdaVehicle,rdfs:subClassOf,owl:Thing
http://kbpedia.org/kko/rc/PlymouthTraildusterCar,rdfs:subClassOf,http://kbpedia.org/kko/rc/PlymouthCar
http://kbpedia.org/kko/rc/PlymouthTraildusterCar,rdfs:subClassOf,owl:Thing
http://kbpedia.org/kko/rc/HydraulicSystemComponent,rdfs:subClassOf,http://kbpedia.org/kko/rc/TransportationComponentSystem
http://kbpedia.org/kko/rc/HydraulicSystemComponent,rdfs:subClassOf,owl:Thing
http://kbpedia.org/kko/rc/PontiacSunrunnerCar,rdfs:subClassOf,http://kbpedia.org/kko/rc/PontiacCar
http://kbpedia.org/kko/rc/PontiacSunrunnerCar,rdfs:subClassOf,owl:Thing
http://kbpedia.org/kko/rc/CulDeSac,rdfs:subClassOf,http://kbpedia.org/kko/rc/Street_Residential
http://kbpedia.org/kko/rc/CulDeSac,rdfs:subClassOf,owl:Thing
http://kbpedia.org/kko/rc/McDonnellXF_85Goblin,rdfs:subClassOf,http://kbpedia.org/kko/rc/ExperimentalAircraft
http://kbpedia.org/kko/rc/McDonnellXF_85Goblin,rdfs:subClassOf,owl:Thing
http://kbpedia.org/kko/rc/McDonnellXF_85Goblin,rdfs:subClassOf,http://kbpedia.org/kko/rc/Jetfighter
http://kbpedia.org/kko/rc/McDonnellXF_85Goblin,rdfs:subClassOf,http://kbpedia.org/kko/rc/WorldWarIIFighterAircraft
http://kbpedia.org/kko/rc/McDonnellXF_85Goblin,rdfs:subClassOf,http://kbpedia.org/kko/rc/FighterPlane
http://kbpedia.org/kko/rc/Indiana_classBattleship,rdfs:subClassOf,http://kbpedia.org/kko/rc/PreDreadnoughtBattleship
http://kbpedia.org/kko/rc/Indiana_classBattleship,rdfs:subClassOf,owl:Thing
http://kbpedia.org/kko/rc/Meteor_classAviso,rdfs:subClassOf,http://kbpedia.org/kko/rc/Aviso
http://kbpedia.org/kko/rc/Meteor_classAviso,rdfs:subClassOf,owl:Thing
http://kbpedia.org/kko/rc/CoastalDefenceShip,rdfs:subClassOf,http://kbpedia.org/kko/rc/ModernNavalShip
http://kbpedia.org/kko/rc/CoastalDefenceShip,rdfs:subClassOf,owl:Thing
http://kbpedia.org/kko/rc/Derfflinger_classBattlecruiser,rdfs:subClassOf,http://kbpedia.org/kko/rc/BattleCruiser
http://kbpedia.org/kko/rc/Derfflinger_classBattlecruiser,rdfs:subClassOf,owl:Thing
http://kbpedia.org/kko/rc/V12Engine,rdfs:subClassOf,http://kbpedia.org/kko/rc/AutoEngine
http://kbpedia.org/kko/rc/V12Engine,rdfs:subClassOf,owl:Thing
http://kbpedia.org/kko/rc/ElectricVehicleChargingSystem,rdfs:subClassOf,http://kbpedia.org/kko/rc/TransportationComponentSystem
http://kbpedia.org/kko/rc/ElectricVehicleChargingSystem,rdfs:subClassOf,owl:Thing
http://kbpedia.org/kko/rc/EngineCoolantSystem,rdfs:subClassOf,http://kbpedia.org/kko/rc/TransportationComponentSystem
http://kbpedia.org/kko/rc/EngineCoolantSystem,rdfs:subClassOf,owl:Thing
http://kbpedia.org/kko/rc/Ferry,rdfs:subClassOf,http://kbpedia.org/kko/rc/PublicTransportationDevice
http://kbpedia.org/kko/rc/Ferry,rdfs:subClassOf,owl:Thing
http://kbpedia.org/kko/rc/Ferry,rdfs:subClassOf,http://kbpedia.org/kko/rc/Ship
http://kbpedia.org/kko/rc/WeaponSystem,rdfs:subClassOf,http://kbpedia.org/kko/rc/DurableGood
http://kbpedia.org/kko/rc/WeaponSystem,rdfs:subClassOf,owl:Thing
http://kbpedia.org/kko/rc/WeaponSystem,rdfs:subClassOf,http://kbpedia.org/kko/rc/MilitaryHardware
http://kbpedia.org/kko/rc/WeaponSystem,rdfs:subClassOf,http://kbpedia.org/kko/rc/PhysicalSystem
http://kbpedia.org/kko/rc/WeaponSystem,rdfs:subClassOf,http://kbpedia.org/kko/rc/SystemOfDevices
http://kbpedia.org/kko/rc/WeaponSystem,rdfs:subClassOf,http://kbpedia.org/kko/rc/WeaponType
http://kbpedia.org/kko/rc/WeaponSystem,rdfs:subClassOf,http://kbpedia.org/kko/rc/System
http://kbpedia.org/kko/rc/AuditoryNerve,rdfs:subClassOf,http://kbpedia.org/kko/rc/CranialNerve
http://kbpedia.org/kko/rc/AuditoryNerve,rdfs:subClassOf,owl:Thing
http://kbpedia.org/kko/rc/AuditoryNerve,rdfs:subClassOf,http://kbpedia.org/kko/rc/SensoryNerve
http://kbpedia.org/kko/rc/BoeingB_17FlyingFortress,rdfs:subClassOf,http://kbpedia.org/kko/rc/BoeingAircraft
http://kbpedia.org/kko/rc/BoeingB_17FlyingFortress,rdfs:subClassOf,owl:Thing
http://kbpedia.org/kko/rc/BoeingB_17FlyingFortress,rdfs:subClassOf,http://kbpedia.org/kko/rc/BomberPlane
http://kbpedia.org/kko/rc/Orion_classBattleship,rdfs:subClassOf,http://kbpedia.org/kko/rc/Battleship
http://kbpedia.org/kko/rc/Orion_classBattleship,rdfs:subClassOf,owl:Thing
http://kbpedia.org/kko/rc/McDonnellDouglasFA_18Hornet,rdfs:subClassOf,http://kbpedia.org/kko/rc/Jetfighter
http://kbpedia.org/kko/rc/McDonnellDouglasFA_18Hornet,rdfs:subClassOf,owl:Thing
http://kbpedia.org/kko/rc/McDonnellDouglasFA_18Hornet,rdfs:subClassOf,http://kbpedia.org/kko/rc/MultiRoleAircraft
http://kbpedia.org/kko/rc/McDonnellDouglasFA_18Hornet,rdfs:subClassOf,http://kbpedia.org/kko/rc/FighterPlane
http://kbpedia.org/kko/rc/Minicomputer,rdfs:subClassOf,http://kbpedia.org/kko/rc/MultipleUserComputer
http://kbpedia.org/kko/rc/Minicomputer,rdfs:subClassOf,owl:Thing
http://kbpedia.org/kko/rc/Limousine,rdfs:subClassOf,http://kbpedia.org/kko/rc/LuxuryCar
http://kbpedia.org/kko/rc/Limousine,rdfs:subClassOf,owl:Thing
http://kbpedia.org/kko/rc/Limousine,rdfs:subClassOf,http://kbpedia.org/kko/rc/PassengerMotorVehicle
http://kbpedia.org/kko/rc/EngineRadiator,rdfs:subClassOf,http://kbpedia.org/kko/rc/EngineCoolantSystem
http://kbpedia.org/kko/rc/EngineRadiator,rdfs:subClassOf,owl:Thing
http://kbpedia.org/kko/rc/AirDefenseGun,rdfs:subClassOf,http://kbpedia.org/kko/rc/AirDefenseWeapon
http://kbpedia.org/kko/rc/AirDefenseGun,rdfs:subClassOf,owl:Thing
http://kbpedia.org/kko/rc/AirDefenseGun,rdfs:subClassOf,http://kbpedia.org/kko/rc/Gun
http://kbpedia.org/kko/rc/CoastalEcologyConservationService,rdfs:subClassOf,http://kbpedia.org/kko/rc/Ecosystem
http://kbpedia.org/kko/rc/CoastalEcologyConservationService,rdfs:subClassOf,owl:Thing
http://kbpedia.org/kko/rc/SocialNetwork,rdfs:subClassOf,http://kbpedia.org/kko/rc/ComputerNetwork
http://kbpedia.org/kko/rc/SocialNetwork,rdfs:subClassOf,owl:Thing
http://kbpedia.org/kko/rc/SocialNetwork,rdfs:subClassOf,http://kbpedia.org/kko/rc/CustomarySystemOfLinks_Comm
http://kbpedia.org/kko/rc/BattleTankSeries_Abrams_M1,rdfs:subClassOf,http://kbpedia.org/kko/rc/Tank_Vehicle
http://kbpedia.org/kko/rc/BattleTankSeries_Abrams_M1,rdfs:subClassOf,owl:Thing
http://kbpedia.org/kko/rc/PontiacBonnevilleCar,rdfs:subClassOf,http://kbpedia.org/kko/rc/PontiacCar
http://kbpedia.org/kko/rc/PontiacBonnevilleCar,rdfs:subClassOf,owl:Thing
http://kbpedia.org/kko/rc/LincolnMarkVCar,rdfs:subClassOf,http://kbpedia.org/kko/rc/LincolnCar
http://kbpedia.org/kko/rc/LincolnMarkVCar,rdfs:subClassOf,owl:Thing
http://kbpedia.org/kko/rc/FourLanesOrWiderRoadway,rdfs:subClassOf,http://kbpedia.org/kko/rc/ThreeLanesOrWiderRoadway
http://kbpedia.org/kko/rc/FourLanesOrWiderRoadway,rdfs:subClassOf,owl:Thing
http://kbpedia.org/kko/rc/Turuma,rdfs:subClassOf,http://kbpedia.org/kko/rc/ModernNavalShip
http://kbpedia.org/kko/rc/Turuma,rdfs:subClassOf,owl:Thing
http://kbpedia.org/kko/rc/ProtectiveSystem,rdfs:subClassOf,http://kbpedia.org/kko/rc/FunctionalSystem
http://kbpedia.org/kko/rc/ProtectiveSystem,rdfs:subClassOf,owl:Thing
http://kbpedia.org/kko/rc/Purse,rdfs:subClassOf,http://kbpedia.org/kko/rc/Luggage
http://kbpedia.org/kko/rc/Purse,rdfs:subClassOf,owl:Thing
http://kbpedia.org/kko/rc/Purse,rdfs:subClassOf,http://kbpedia.org/kko/rc/NonPoweredDevice
http://kbpedia.org/kko/rc/Purse,rdfs:subClassOf,http://kbpedia.org/kko/rc/PersonalDevice
http://kbpedia.org/kko/rc/V6Engine,rdfs:subClassOf,http://kbpedia.org/kko/rc/SixCylinderEngine
http://kbpedia.org/kko/rc/V6Engine,rdfs:subClassOf,owl:Thing
http://kbpedia.org/kko/rc/ManualTransmission,rdfs:subClassOf,http://kbpedia.org/kko/rc/DrivetrainSystem
http://kbpedia.org/kko/rc/ManualTransmission,rdfs:subClassOf,owl:Thing
http://kbpedia.org/kko/rc/ManualTransmission,rdfs:subClassOf,http://kbpedia.org/kko/rc/VehicleTransmission
http://kbpedia.org/kko/rc/PlymouthGTXCar,rdfs:subClassOf,http://kbpedia.org/kko/rc/PlymouthCar
http://kbpedia.org/kko/rc/PlymouthGTXCar,rdfs:subClassOf,owl:Thing
http://kbpedia.org/kko/rc/RoadPricing,rdfs:subClassOf,http://kbpedia.org/kko/rc/RoadTrafficManagement
http://kbpedia.org/kko/rc/RoadPricing,rdfs:subClassOf,owl:Thing
http://kbpedia.org/kko/rc/CoalHulk,rdfs:subClassOf,http://kbpedia.org/kko/rc/SailingShip
http://kbpedia.org/kko/rc/CoalHulk,rdfs:subClassOf,owl:Thing
http://kbpedia.org/kko/rc/BattleTankSeries_Patton_M60,rdfs:subClassOf,http://kbpedia.org/kko/rc/Tank_Vehicle
http://kbpedia.org/kko/rc/BattleTankSeries_Patton_M60,rdfs:subClassOf,owl:Thing
http://kbpedia.org/kko/rc/PontiacFirebirdCar,rdfs:subClassOf,http://kbpedia.org/kko/rc/PontiacCar
http://kbpedia.org/kko/rc/PontiacFirebirdCar,rdfs:subClassOf,owl:Thing
http://kbpedia.org/kko/rc/InternalBusinessNetwork,rdfs:subClassOf,http://kbpedia.org/kko/rc/ComputerNetwork
http://kbpedia.org/kko/rc/InternalBusinessNetwork,rdfs:subClassOf,owl:Thing
http://kbpedia.org/kko/rc/PlymouthScampCar,rdfs:subClassOf,http://kbpedia.org/kko/rc/PlymouthCar
http://kbpedia.org/kko/rc/PlymouthScampCar,rdfs:subClassOf,owl:Thing
http://kbpedia.org/kko/rc/CongestionPricing,rdfs:subClassOf,http://kbpedia.org/kko/rc/RoadPricing
http://kbpedia.org/kko/rc/CongestionPricing,rdfs:subClassOf,owl:Thing
http://kbpedia.org/kko/rc/BattleTank_T80,rdfs:subClassOf,http://kbpedia.org/kko/rc/Tank_Vehicle
http://kbpedia.org/kko/rc/BattleTank_T80,rdfs:subClassOf,owl:Thing
http://kbpedia.org/kko/rc/PontiacStarChiefCar,rdfs:subClassOf,http://kbpedia.org/kko/rc/PontiacCar
http://kbpedia.org/kko/rc/PontiacStarChiefCar,rdfs:subClassOf,owl:Thing
http://kbpedia.org/kko/rc/LincolnMarkVIICar,rdfs:subClassOf,http://kbpedia.org/kko/rc/LincolnCar
http://kbpedia.org/kko/rc/LincolnMarkVIICar,rdfs:subClassOf,owl:Thing
http://kbpedia.org/kko/rc/Ocean_classIronclad,rdfs:subClassOf,http://kbpedia.org/kko/rc/IroncladWarship
http://kbpedia.org/kko/rc/Ocean_classIronclad,rdfs:subClassOf,owl:Thing
http://kbpedia.org/kko/rc/PneumaticTtube,rdfs:subClassOf,http://kbpedia.org/kko/rc/Tube_Structure
http://kbpedia.org/kko/rc/PneumaticTtube,rdfs:subClassOf,owl:Thing
http://kbpedia.org/kko/rc/WankelRotaryEngine,rdfs:subClassOf,http://kbpedia.org/kko/rc/AutoEngine
http://kbpedia.org/kko/rc/WankelRotaryEngine,rdfs:subClassOf,owl:Thing
http://kbpedia.org/kko/rc/WankelRotaryEngine,rdfs:subClassOf,http://kbpedia.org/kko/rc/InternalCombustionEngine
http://kbpedia.org/kko/rc/BattleTank_T90,rdfs:subClassOf,http://kbpedia.org/kko/rc/Tank_Vehicle
http://kbpedia.org/kko/rc/BattleTank_T90,rdfs:subClassOf,owl:Thing
http://kbpedia.org/kko/rc/PontiacTempestCar,rdfs:subClassOf,http://kbpedia.org/kko/rc/PontiacCar
http://kbpedia.org/kko/rc/PontiacTempestCar,rdfs:subClassOf,owl:Thing
http://kbpedia.org/kko/rc/SensoryNerve,rdfs:subClassOf,http://kbpedia.org/kko/rc/Nerve
http://kbpedia.org/kko/rc/SensoryNerve,rdfs:subClassOf,owl:Thing
http://kbpedia.org/kko/rc/LincolnContinentalCar,rdfs:subClassOf,http://kbpedia.org/kko/rc/LincolnCar
http://kbpedia.org/kko/rc/LincolnContinentalCar,rdfs:subClassOf,owl:Thing
http://kbpedia.org/kko/rc/MotorScooter,rdfs:subClassOf,http://kbpedia.org/kko/rc/Motorcycle
http://kbpedia.org/kko/rc/MotorScooter,rdfs:subClassOf,owl:Thing
http://kbpedia.org/kko/rc/MotorScooter,rdfs:subClassOf,http://kbpedia.org/kko/rc/TwoWheeledMotorizedVehicle
http://kbpedia.org/kko/rc/MotorScooter,rdfs:subClassOf,http://kbpedia.org/kko/rc/Device_UserControlled
http://kbpedia.org/kko/rc/MotorScooter,rdfs:subClassOf,http://kbpedia.org/kko/rc/WheeledTransportationDevice
http://kbpedia.org/kko/rc/HopperRailCar,rdfs:subClassOf,http://kbpedia.org/kko/rc/RollingStock
http://kbpedia.org/kko/rc/HopperRailCar,rdfs:subClassOf,owl:Thing
http://kbpedia.org/kko/rc/PontiacCar,rdfs:subClassOf,http://kbpedia.org/kko/rc/GMAutomobile
http://kbpedia.org/kko/rc/PontiacCar,rdfs:subClassOf,owl:Thing
http://kbpedia.org/kko/rc/PlymouthVolareCar,rdfs:subClassOf,http://kbpedia.org/kko/rc/PlymouthCar
http://kbpedia.org/kko/rc/PlymouthVolareCar,rdfs:subClassOf,owl:Thing
http://kbpedia.org/kko/rc/LivestockCarrier,rdfs:subClassOf,http://kbpedia.org/kko/rc/Truck
http://kbpedia.org/kko/rc/LivestockCarrier,rdfs:subClassOf,owl:Thing
http://kbpedia.org/kko/rc/Pontiac1000Car,rdfs:subClassOf,http://kbpedia.org/kko/rc/PontiacCar
http://kbpedia.org/kko/rc/Pontiac1000Car,rdfs:subClassOf,owl:Thing
http://kbpedia.org/kko/rc/Trolleybus,rdfs:subClassOf,http://kbpedia.org/kko/rc/RoadVehicle
http://kbpedia.org/kko/rc/Trolleybus,rdfs:subClassOf,owl:Thing
http://kbpedia.org/kko/rc/LincolnCar,rdfs:subClassOf,http://kbpedia.org/kko/rc/FordCar
http://kbpedia.org/kko/rc/LincolnCar,rdfs:subClassOf,owl:Thing
http://kbpedia.org/kko/rc/LincolnCar,rdfs:subClassOf,http://kbpedia.org/kko/rc/LuxuryCar
http://kbpedia.org/kko/rc/CASAC_212Aviocar,rdfs:subClassOf,http://kbpedia.org/kko/rc/CargoAirplane
http://kbpedia.org/kko/rc/CASAC_212Aviocar,rdfs:subClassOf,owl:Thing
http://kbpedia.org/kko/rc/GunSystem,rdfs:subClassOf,http://kbpedia.org/kko/rc/WeaponSystem
http://kbpedia.org/kko/rc/GunSystem,rdfs:subClassOf,owl:Thing
http://kbpedia.org/kko/rc/GunSystem,rdfs:subClassOf,http://kbpedia.org/kko/rc/Weapon
http://kbpedia.org/kko/rc/PlymouthCaravelleCar,rdfs:subClassOf,http://kbpedia.org/kko/rc/PlymouthCar
http://kbpedia.org/kko/rc/PlymouthCaravelleCar,rdfs:subClassOf,owl:Thing
http://kbpedia.org/kko/rc/AirDefenseSystem,rdfs:subClassOf,http://kbpedia.org/kko/rc/DefenseSystem
http://kbpedia.org/kko/rc/AirDefenseSystem,rdfs:subClassOf,owl:Thing
http://kbpedia.org/kko/rc/AirDefenseSystem,rdfs:subClassOf,http://kbpedia.org/kko/rc/WeaponSystem
http://kbpedia.org/kko/rc/Kongo_classBattlecruiser,rdfs:subClassOf,http://kbpedia.org/kko/rc/BattleCruiser
http://kbpedia.org/kko/rc/Kongo_classBattlecruiser,rdfs:subClassOf,owl:Thing
http://kbpedia.org/kko/rc/BattleTank_T72,rdfs:subClassOf,http://kbpedia.org/kko/rc/Tank_Vehicle
http://kbpedia.org/kko/rc/BattleTank_T72,rdfs:subClassOf,owl:Thing
http://kbpedia.org/kko/rc/SpaceflightConcept,rdfs:subClassOf,http://kbpedia.org/kko/rc/SpaceTransportation
http://kbpedia.org/kko/rc/SpaceflightConcept,rdfs:subClassOf,owl:Thing
http://kbpedia.org/kko/rc/NuclearGuidedMissileCruiser,rdfs:subClassOf,http://kbpedia.org/kko/rc/Cruiser
http://kbpedia.org/kko/rc/NuclearGuidedMissileCruiser,rdfs:subClassOf,owl:Thing
http://kbpedia.org/kko/rc/NuclearGuidedMissileCruiser,rdfs:subClassOf,http://kbpedia.org/kko/rc/MissileWatercraft_Surface
http://kbpedia.org/kko/rc/NuclearGuidedMissileCruiser,rdfs:subClassOf,http://kbpedia.org/kko/rc/NuclearPoweredDevice
http://kbpedia.org/kko/rc/Pontiac6000Car,rdfs:subClassOf,http://kbpedia.org/kko/rc/PontiacCar
http://kbpedia.org/kko/rc/Pontiac6000Car,rdfs:subClassOf,owl:Thing
http://kbpedia.org/kko/rc/TrochlearNerve,rdfs:subClassOf,http://kbpedia.org/kko/rc/CranialNerve
http://kbpedia.org/kko/rc/TrochlearNerve,rdfs:subClassOf,owl:Thing
http://kbpedia.org/kko/rc/TrochlearNerve,rdfs:subClassOf,http://kbpedia.org/kko/rc/MotorNerve
http://kbpedia.org/kko/rc/CAndD_classDestroyer,rdfs:subClassOf,http://kbpedia.org/kko/rc/Destroyer
http://kbpedia.org/kko/rc/CAndD_classDestroyer,rdfs:subClassOf,owl:Thing
http://kbpedia.org/kko/rc/AirDefenseWeapon,rdfs:subClassOf,http://kbpedia.org/kko/rc/AirDefenseSystem
http://kbpedia.org/kko/rc/AirDefenseWeapon,rdfs:subClassOf,owl:Thing
http://kbpedia.org/kko/rc/AirDefenseWeapon,rdfs:subClassOf,http://kbpedia.org/kko/rc/MilitaryWeapon
http://kbpedia.org/kko/rc/AirDefenseWeapon,rdfs:subClassOf,http://kbpedia.org/kko/rc/DefenseSystem
http://kbpedia.org/kko/rc/Konig_classBattleship,rdfs:subClassOf,http://kbpedia.org/kko/rc/Battleship
http://kbpedia.org/kko/rc/Konig_classBattleship,rdfs:subClassOf,owl:Thing
http://kbpedia.org/kko/rc/LincolnTownCarCar,rdfs:subClassOf,http://kbpedia.org/kko/rc/LincolnCar
http://kbpedia.org/kko/rc/LincolnTownCarCar,rdfs:subClassOf,owl:Thing
http://kbpedia.org/kko/rc/FileServer_Network,rdfs:subClassOf,http://kbpedia.org/kko/rc/ComputerServer
http://kbpedia.org/kko/rc/FileServer_Network,rdfs:subClassOf,owl:Thing
http://kbpedia.org/kko/rc/TireChains,rdfs:subClassOf,http://kbpedia.org/kko/rc/AutoTireMarketCategory
http://kbpedia.org/kko/rc/TireChains,rdfs:subClassOf,owl:Thing
http://kbpedia.org/kko/rc/TireChains,rdfs:subClassOf,http://kbpedia.org/kko/rc/MechanicalDevice
http://kbpedia.org/kko/rc/TireChains,rdfs:subClassOf,http://kbpedia.org/kko/rc/VehiclePart
http://kbpedia.org/kko/rc/TireChains,rdfs:subClassOf,http://kbpedia.org/kko/rc/VehicleSafetySystem
http://kbpedia.org/kko/rc/Footpath,rdfs:subClassOf,http://kbpedia.org/kko/rc/OpenTrafficThoroughfare
http://kbpedia.org/kko/rc/Footpath,rdfs:subClassOf,owl:Thing
http://kbpedia.org/kko/rc/Footpath,rdfs:subClassOf,http://kbpedia.org/kko/rc/PathArtifact_HumanOccupied
http://kbpedia.org/kko/rc/Pavement,rdfs:subClassOf,http://kbpedia.org/kko/rc/ArtificialMaterial
http://kbpedia.org/kko/rc/Pavement,rdfs:subClassOf,owl:Thing
http://kbpedia.org/kko/rc/Pavement,rdfs:subClassOf,http://kbpedia.org/kko/rc/DeviceWithNoMovingParts
http://kbpedia.org/kko/rc/Pavement,rdfs:subClassOf,http://kbpedia.org/kko/rc/Thoroughfare
http://kbpedia.org/kko/rc/AMX_30,rdfs:subClassOf,http://kbpedia.org/kko/rc/Tank_Vehicle
http://kbpedia.org/kko/rc/AMX_30,rdfs:subClassOf,owl:Thing
http://kbpedia.org/kko/rc/PocketProtector,rdfs:subClassOf,http://kbpedia.org/kko/rc/ProtectiveSystem
http://kbpedia.org/kko/rc/PocketProtector,rdfs:subClassOf,owl:Thing
http://kbpedia.org/kko/rc/PocketProtector,rdfs:subClassOf,http://kbpedia.org/kko/rc/SomethingToWear
http://kbpedia.org/kko/rc/Koncar_classMissileBoat,rdfs:subClassOf,http://kbpedia.org/kko/rc/MissileWatercraft_Surface
http://kbpedia.org/kko/rc/Koncar_classMissileBoat,rdfs:subClassOf,owl:Thing
http://kbpedia.org/kko/rc/Moltke_classBattlecruiser,rdfs:subClassOf,http://kbpedia.org/kko/rc/BattleCruiser
http://kbpedia.org/kko/rc/Moltke_classBattlecruiser,rdfs:subClassOf,owl:Thing
http://kbpedia.org/kko/rc/WangComputer,rdfs:subClassOf,http://kbpedia.org/kko/rc/PersonalComputer
http://kbpedia.org/kko/rc/WangComputer,rdfs:subClassOf,owl:Thing
http://kbpedia.org/kko/rc/Trail,rdfs:subClassOf,http://kbpedia.org/kko/rc/Footpath
http://kbpedia.org/kko/rc/Trail,rdfs:subClassOf,owl:Thing
http://kbpedia.org/kko/rc/Trail,rdfs:subClassOf,http://kbpedia.org/kko/rc/InertArtifact
http://kbpedia.org/kko/rc/Trail,rdfs:subClassOf,http://kbpedia.org/kko/rc/Reserve_OutdoorRegion
http://kbpedia.org/kko/rc/Trail,rdfs:subClassOf,http://kbpedia.org/kko/rc/PathArtifact_HumanOccupied
http://kbpedia.org/kko/rc/Destroyer,rdfs:subClassOf,http://kbpedia.org/kko/rc/ModernNavalShip
http://kbpedia.org/kko/rc/Destroyer,rdfs:subClassOf,owl:Thing
http://kbpedia.org/kko/rc/Destroyer,rdfs:subClassOf,http://kbpedia.org/kko/rc/MilitaryWatercraft
http://kbpedia.org/kko/rc/Svetlana_classCruiser,rdfs:subClassOf,http://kbpedia.org/kko/rc/Cruiser
http://kbpedia.org/kko/rc/Svetlana_classCruiser,rdfs:subClassOf,owl:Thing
http://kbpedia.org/kko/rc/AmmiraglioDiSaintBon_classBattleship,rdfs:subClassOf,http://kbpedia.org/kko/rc/Battleship
http://kbpedia.org/kko/rc/AmmiraglioDiSaintBon_classBattleship,rdfs:subClassOf,owl:Thing
http://kbpedia.org/kko/rc/HorseTack,rdfs:subClassOf,http://kbpedia.org/kko/rc/AgriculturalProduct
http://kbpedia.org/kko/rc/HorseTack,rdfs:subClassOf,owl:Thing
http://kbpedia.org/kko/rc/HorseTack,rdfs:subClassOf,http://kbpedia.org/kko/rc/AnimalPoweredTransport
http://kbpedia.org/kko/rc/HorseTack,rdfs:subClassOf,http://kbpedia.org/kko/rc/SomethingToWear
http://kbpedia.org/kko/rc/SocialNetworkForSocialChange,rdfs:subClassOf,http://kbpedia.org/kko/rc/SocialNetwork
http://kbpedia.org/kko/rc/SocialNetworkForSocialChange,rdfs:subClassOf,owl:Thing
http://kbpedia.org/kko/rc/PontiacCatalinaCar,rdfs:subClassOf,http://kbpedia.org/kko/rc/PontiacCar
http://kbpedia.org/kko/rc/PontiacCatalinaCar,rdfs:subClassOf,owl:Thing
http://kbpedia.org/kko/rc/FrenchIroncladMarceau,rdfs:subClassOf,http://kbpedia.org/kko/rc/IroncladWarship
http://kbpedia.org/kko/rc/FrenchIroncladMarceau,rdfs:subClassOf,owl:Thing
http://kbpedia.org/kko/rc/FourWheelSteeringSystem,rdfs:subClassOf,http://kbpedia.org/kko/rc/PowerSteering
http://kbpedia.org/kko/rc/FourWheelSteeringSystem,rdfs:subClassOf,owl:Thing
http://kbpedia.org/kko/rc/HorseHarness,rdfs:subClassOf,http://kbpedia.org/kko/rc/HorseTack
http://kbpedia.org/kko/rc/HorseHarness,rdfs:subClassOf,owl:Thing
http://kbpedia.org/kko/rc/HorseHarness,rdfs:subClassOf,http://kbpedia.org/kko/rc/SaddleryHarnessGood
http://kbpedia.org/kko/rc/HighEnduranceCutter,rdfs:subClassOf,http://kbpedia.org/kko/rc/Cutter_NavalWatercraft
http://kbpedia.org/kko/rc/HighEnduranceCutter,rdfs:subClassOf,owl:Thing
http://kbpedia.org/kko/rc/EveningBag,rdfs:subClassOf,http://kbpedia.org/kko/rc/Purse
http://kbpedia.org/kko/rc/EveningBag,rdfs:subClassOf,owl:Thing
http://kbpedia.org/kko/rc/BattleTank_T55,rdfs:subClassOf,http://kbpedia.org/kko/rc/Tank_Vehicle
http://kbpedia.org/kko/rc/BattleTank_T55,rdfs:subClassOf,owl:Thing
http://kbpedia.org/kko/rc/CraneVehicle,rdfs:subClassOf,http://kbpedia.org/kko/rc/Crane_MotorizedDevice
http://kbpedia.org/kko/rc/CraneVehicle,rdfs:subClassOf,owl:Thing
http://kbpedia.org/kko/rc/CraneVehicle,rdfs:subClassOf,http://kbpedia.org/kko/rc/RoadVehicle
http://kbpedia.org/kko/rc/LadaCar,rdfs:subClassOf,http://kbpedia.org/kko/rc/EuropeanCar
http://kbpedia.org/kko/rc/LadaCar,rdfs:subClassOf,owl:Thing
http://kbpedia.org/kko/rc/250t_classTorpedoBoat,rdfs:subClassOf,http://kbpedia.org/kko/rc/TorpedoWatercraft_Surface
http://kbpedia.org/kko/rc/250t_classTorpedoBoat,rdfs:subClassOf,owl:Thing
http://kbpedia.org/kko/rc/AnimalCollar,rdfs:subClassOf,http://kbpedia.org/kko/rc/HorseHarness
http://kbpedia.org/kko/rc/AnimalCollar,rdfs:subClassOf,owl:Thing
http://kbpedia.org/kko/rc/MartinAmMauler,rdfs:subClassOf,http://kbpedia.org/kko/rc/FighterAttackPlane
http://kbpedia.org/kko/rc/MartinAmMauler,rdfs:subClassOf,owl:Thing
http://kbpedia.org/kko/rc/HorseBellBoot,rdfs:subClassOf,http://kbpedia.org/kko/rc/HorseBoot
http://kbpedia.org/kko/rc/HorseBellBoot,rdfs:subClassOf,owl:Thing
http://kbpedia.org/kko/rc/HorseBellBoot,rdfs:subClassOf,http://kbpedia.org/kko/rc/HorseTack
http://kbpedia.org/kko/rc/PontiacFireflyCar,rdfs:subClassOf,http://kbpedia.org/kko/rc/PontiacCar
http://kbpedia.org/kko/rc/PontiacFireflyCar,rdfs:subClassOf,owl:Thing
http://kbpedia.org/kko/rc/LadaVehicle,rdfs:subClassOf,http://kbpedia.org/kko/rc/LadaCar
http://kbpedia.org/kko/rc/LadaVehicle,rdfs:subClassOf,owl:Thing
http://kbpedia.org/kko/rc/Colbert_classIronclad,rdfs:subClassOf,http://kbpedia.org/kko/rc/IroncladWarship
http://kbpedia.org/kko/rc/Colbert_classIronclad,rdfs:subClassOf,owl:Thing
http://kbpedia.org/kko/rc/VideoGameSystem,rdfs:subClassOf,http://kbpedia.org/kko/rc/ClassOfComputer
http://kbpedia.org/kko/rc/VideoGameSystem,rdfs:subClassOf,owl:Thing
http://kbpedia.org/kko/rc/VideoGameSystem,rdfs:subClassOf,http://kbpedia.org/kko/rc/MediaPlayingDevice
http://kbpedia.org/kko/rc/Intranet,rdfs:subClassOf,http://kbpedia.org/kko/rc/LocalAreaNetwork
http://kbpedia.org/kko/rc/Intranet,rdfs:subClassOf,owl:Thing
http://kbpedia.org/kko/rc/PontiacSunfireCar,rdfs:subClassOf,http://kbpedia.org/kko/rc/PontiacCar
http://kbpedia.org/kko/rc/PontiacSunfireCar,rdfs:subClassOf,owl:Thing
http://kbpedia.org/kko/rc/Alsedo_classDestroyer,rdfs:subClassOf,http://kbpedia.org/kko/rc/Destroyer
http://kbpedia.org/kko/rc/Alsedo_classDestroyer,rdfs:subClassOf,owl:Thing
http://kbpedia.org/kko/rc/Avenue,rdfs:subClassOf,http://kbpedia.org/kko/rc/Street_Generic
http://kbpedia.org/kko/rc/Avenue,rdfs:subClassOf,owl:Thing
http://kbpedia.org/kko/rc/Gunship,rdfs:subClassOf,http://kbpedia.org/kko/rc/CombatAircraft
http://kbpedia.org/kko/rc/Gunship,rdfs:subClassOf,owl:Thing
http://kbpedia.org/kko/rc/IntravenousDripBag,rdfs:subClassOf,http://kbpedia.org/kko/rc/Bag
http://kbpedia.org/kko/rc/IntravenousDripBag,rdfs:subClassOf,owl:Thing
http://kbpedia.org/kko/rc/IntravenousDripBag,rdfs:subClassOf,http://kbpedia.org/kko/rc/MedicalInjectionTool
http://kbpedia.org/kko/rc/IntravenousDripBag,rdfs:subClassOf,http://kbpedia.org/kko/rc/Transparent
http://kbpedia.org/kko/rc/PhysicalSystem,rdfs:subClassOf,http://kbpedia.org/kko/rc/FunctionalSystem
http://kbpedia.org/kko/rc/PhysicalSystem,rdfs:subClassOf,owl:Thing
http://kbpedia.org/kko/rc/PhysicalSystem,rdfs:subClassOf,http://kbpedia.org/kko/rc/System
http://kbpedia.org/kko/rc/VestibulocochlearNerve,rdfs:subClassOf,http://kbpedia.org/kko/rc/AuditorySystem
http://kbpedia.org/kko/rc/VestibulocochlearNerve,rdfs:subClassOf,owl:Thing
http://kbpedia.org/kko/rc/VestibulocochlearNerve,rdfs:subClassOf,http://kbpedia.org/kko/rc/CranialNerve
http://kbpedia.org/kko/rc/HorseGallopingBoot,rdfs:subClassOf,http://kbpedia.org/kko/rc/HorseBoot
http://kbpedia.org/kko/rc/HorseGallopingBoot,rdfs:subClassOf,owl:Thing
http://kbpedia.org/kko/rc/HorseGallopingBoot,rdfs:subClassOf,http://kbpedia.org/kko/rc/HorseTack
http://kbpedia.org/kko/rc/VAX,rdfs:subClassOf,http://kbpedia.org/kko/rc/Minicomputer
http://kbpedia.org/kko/rc/VAX,rdfs:subClassOf,owl:Thing
http://kbpedia.org/kko/rc/PontiacVehicle,rdfs:subClassOf,http://kbpedia.org/kko/rc/PontiacCar
http://kbpedia.org/kko/rc/PontiacVehicle,rdfs:subClassOf,owl:Thing
http://kbpedia.org/kko/rc/PCComputer,rdfs:subClassOf,http://kbpedia.org/kko/rc/PersonalComputer
http://kbpedia.org/kko/rc/PCComputer,rdfs:subClassOf,owl:Thing
http://kbpedia.org/kko/rc/MudFlap,rdfs:subClassOf,http://kbpedia.org/kko/rc/GeneralAutoMarketCategory
http://kbpedia.org/kko/rc/MudFlap,rdfs:subClassOf,owl:Thing
http://kbpedia.org/kko/rc/MudFlap,rdfs:subClassOf,http://kbpedia.org/kko/rc/VehicleTrimExteriorCovering
http://kbpedia.org/kko/rc/FordBroncoCar,rdfs:subClassOf,http://kbpedia.org/kko/rc/FordCar
http://kbpedia.org/kko/rc/FordBroncoCar,rdfs:subClassOf,owl:Thing
http://kbpedia.org/kko/rc/FordBroncoCar,rdfs:subClassOf,http://kbpedia.org/kko/rc/SportUtilityVehicle
http://kbpedia.org/kko/rc/BusRoute,rdfs:subClassOf,http://kbpedia.org/kko/rc/TravelRoute_Road
http://kbpedia.org/kko/rc/BusRoute,rdfs:subClassOf,owl:Thing
http://kbpedia.org/kko/rc/BusRoute,rdfs:subClassOf,http://kbpedia.org/kko/rc/TravelRoute
http://kbpedia.org/kko/rc/GMAutomobile,rdfs:subClassOf,http://kbpedia.org/kko/rc/AmericanAutomobile
http://kbpedia.org/kko/rc/GMAutomobile,rdfs:subClassOf,owl:Thing
http://kbpedia.org/kko/rc/FileSharingNetwork,rdfs:subClassOf,http://kbpedia.org/kko/rc/ComputerNetwork
http://kbpedia.org/kko/rc/FileSharingNetwork,rdfs:subClassOf,owl:Thing
http://kbpedia.org/kko/rc/MorganCar,rdfs:subClassOf,http://kbpedia.org/kko/rc/EnglishCar
http://kbpedia.org/kko/rc/MorganCar,rdfs:subClassOf,owl:Thing
http://kbpedia.org/kko/rc/Geotope,rdfs:subClassOf,http://kbpedia.org/kko/rc/Ecotope
http://kbpedia.org/kko/rc/Geotope,rdfs:subClassOf,owl:Thing
http://kbpedia.org/kko/rc/FordAspireCar,rdfs:subClassOf,http://kbpedia.org/kko/rc/FordCar
http://kbpedia.org/kko/rc/FordAspireCar,rdfs:subClassOf,owl:Thing
http://kbpedia.org/kko/rc/CranialNerveNuclei,rdfs:subClassOf,http://kbpedia.org/kko/rc/CranialNerve
http://kbpedia.org/kko/rc/CranialNerveNuclei,rdfs:subClassOf,owl:Thing
http://kbpedia.org/kko/rc/Pontiac2000Car,rdfs:subClassOf,http://kbpedia.org/kko/rc/PontiacCar
http://kbpedia.org/kko/rc/Pontiac2000Car,rdfs:subClassOf,owl:Thing
http://kbpedia.org/kko/rc/V8Engine,rdfs:subClassOf,http://kbpedia.org/kko/rc/AutoEngine
http://kbpedia.org/kko/rc/V8Engine,rdfs:subClassOf,owl:Thing
http://kbpedia.org/kko/rc/LesserOccipitalNerve,rdfs:subClassOf,http://kbpedia.org/kko/rc/Nerve
http://kbpedia.org/kko/rc/LesserOccipitalNerve,rdfs:subClassOf,owl:Thing
http://kbpedia.org/kko/rc/CDROMBasedConsole,rdfs:subClassOf,http://kbpedia.org/kko/rc/VideoGameSystem
http://kbpedia.org/kko/rc/CDROMBasedConsole,rdfs:subClassOf,owl:Thing
http://kbpedia.org/kko/rc/Type1934Destroyer,rdfs:subClassOf,http://kbpedia.org/kko/rc/Destroyer
http://kbpedia.org/kko/rc/Type1934Destroyer,rdfs:subClassOf,owl:Thing
http://kbpedia.org/kko/rc/TireRepairKit,rdfs:subClassOf,http://kbpedia.org/kko/rc/TireTireTube
http://kbpedia.org/kko/rc/TireRepairKit,rdfs:subClassOf,owl:Thing
http://kbpedia.org/kko/rc/StationTerminalOrStop,rdfs:subClassOf,http://kbpedia.org/kko/rc/MassTransitSystem
http://kbpedia.org/kko/rc/StationTerminalOrStop,rdfs:subClassOf,owl:Thing
http://kbpedia.org/kko/rc/StationTerminalOrStop,rdfs:subClassOf,http://kbpedia.org/kko/rc/TransportBuildingStructure
http://kbpedia.org/kko/rc/Sailboat,rdfs:subClassOf,http://kbpedia.org/kko/rc/Boat
http://kbpedia.org/kko/rc/Sailboat,rdfs:subClassOf,owl:Thing
http://kbpedia.org/kko/rc/Sailboat,rdfs:subClassOf,http://kbpedia.org/kko/rc/PersonalWatercraft
http://kbpedia.org/kko/rc/Sailboat,rdfs:subClassOf,http://kbpedia.org/kko/rc/Watercraft_Surface
http://kbpedia.org/kko/rc/Street_Generic,rdfs:subClassOf,http://kbpedia.org/kko/rc/Roadway
http://kbpedia.org/kko/rc/Street_Generic,rdfs:subClassOf,owl:Thing
http://kbpedia.org/kko/rc/Street_Generic,rdfs:subClassOf,http://kbpedia.org/kko/rc/UrbanArea
http://kbpedia.org/kko/rc/RoadTransport,rdfs:subClassOf,http://kbpedia.org/kko/rc/TransportByMode
http://kbpedia.org/kko/rc/RoadTransport,rdfs:subClassOf,owl:Thing
http://kbpedia.org/kko/rc/PontiacParisienneCar,rdfs:subClassOf,http://kbpedia.org/kko/rc/PontiacCar
http://kbpedia.org/kko/rc/PontiacParisienneCar,rdfs:subClassOf,owl:Thing
http://kbpedia.org/kko/rc/VAZVehicle,rdfs:subClassOf,http://kbpedia.org/kko/rc/LadaCar
http://kbpedia.org/kko/rc/VAZVehicle,rdfs:subClassOf,owl:Thing
http://kbpedia.org/kko/rc/Yacht,rdfs:subClassOf,http://kbpedia.org/kko/rc/RecreationalWatercraft
http://kbpedia.org/kko/rc/Yacht,rdfs:subClassOf,owl:Thing
http://kbpedia.org/kko/rc/Yacht,rdfs:subClassOf,http://kbpedia.org/kko/rc/Sailboat
http://kbpedia.org/kko/rc/OculomotorNerve,rdfs:subClassOf,http://kbpedia.org/kko/rc/CranialNerve
http://kbpedia.org/kko/rc/OculomotorNerve,rdfs:subClassOf,owl:Thing
http://kbpedia.org/kko/rc/OculomotorNerve,rdfs:subClassOf,http://kbpedia.org/kko/rc/MotorNerve
http://kbpedia.org/kko/rc/Connecticut_classBattleship,rdfs:subClassOf,http://kbpedia.org/kko/rc/PreDreadnoughtBattleship
http://kbpedia.org/kko/rc/Connecticut_classBattleship,rdfs:subClassOf,owl:Thing
http://kbpedia.org/kko/rc/BusTransport,rdfs:subClassOf,http://kbpedia.org/kko/rc/RoadTransport
http://kbpedia.org/kko/rc/BusTransport,rdfs:subClassOf,owl:Thing
http://kbpedia.org/kko/rc/PontiacFieroCar,rdfs:subClassOf,http://kbpedia.org/kko/rc/PontiacCar
http://kbpedia.org/kko/rc/PontiacFieroCar,rdfs:subClassOf,owl:Thing
http://kbpedia.org/kko/rc/PalmOSDevice,rdfs:subClassOf,http://kbpedia.org/kko/rc/Smartphone
http://kbpedia.org/kko/rc/PalmOSDevice,rdfs:subClassOf,owl:Thing
http://kbpedia.org/kko/rc/IndividualSailingYacht,rdfs:subClassOf,http://kbpedia.org/kko/rc/LuxuryItem
http://kbpedia.org/kko/rc/IndividualSailingYacht,rdfs:subClassOf,owl:Thing
http://kbpedia.org/kko/rc/IndividualSailingYacht,rdfs:subClassOf,http://kbpedia.org/kko/rc/Yacht
http://kbpedia.org/kko/rc/IntermodalTransport,rdfs:subClassOf,http://kbpedia.org/kko/rc/TransportByMode
http://kbpedia.org/kko/rc/IntermodalTransport,rdfs:subClassOf,owl:Thing
http://kbpedia.org/kko/rc/PETComputer,rdfs:subClassOf,http://kbpedia.org/kko/rc/PersonalComputer
http://kbpedia.org/kko/rc/PETComputer,rdfs:subClassOf,owl:Thing
http://kbpedia.org/kko/rc/PalmPilot,rdfs:subClassOf,http://kbpedia.org/kko/rc/PalmtopComputer
http://kbpedia.org/kko/rc/PalmPilot,rdfs:subClassOf,owl:Thing
http://kbpedia.org/kko/rc/BusStation,rdfs:subClassOf,http://kbpedia.org/kko/rc/BusTransport
http://kbpedia.org/kko/rc/BusStation,rdfs:subClassOf,owl:Thing
http://kbpedia.org/kko/rc/BusStation,rdfs:subClassOf,http://kbpedia.org/kko/rc/PublicTerminal
http://kbpedia.org/kko/rc/BusStation,rdfs:subClassOf,http://kbpedia.org/kko/rc/StationTerminalOrStop
http://kbpedia.org/kko/rc/VFATFileSystem,rdfs:subClassOf,http://kbpedia.org/kko/rc/FATFilesystem
http://kbpedia.org/kko/rc/VFATFileSystem,rdfs:subClassOf,owl:Thing
http://kbpedia.org/kko/rc/Kronshtadt_classBattlecruiser,rdfs:subClassOf,http://kbpedia.org/kko/rc/BattleCruiser
http://kbpedia.org/kko/rc/Kronshtadt_classBattlecruiser,rdfs:subClassOf,owl:Thing
http://kbpedia.org/kko/rc/MassTransitSystem,rdfs:subClassOf,http://kbpedia.org/kko/rc/Project
http://kbpedia.org/kko/rc/MassTransitSystem,rdfs:subClassOf,owl:Thing
http://kbpedia.org/kko/rc/MassTransitSystem,rdfs:subClassOf,http://kbpedia.org/kko/rc/TransportSystem
http://kbpedia.org/kko/rc/FreshwaterConservationManagement,rdfs:subClassOf,http://kbpedia.org/kko/rc/Ecosystem
http://kbpedia.org/kko/rc/FreshwaterConservationManagement,rdfs:subClassOf,owl:Thing
http://kbpedia.org/kko/rc/Roadside,rdfs:subClassOf,http://kbpedia.org/kko/rc/Roadway
http://kbpedia.org/kko/rc/Roadside,rdfs:subClassOf,owl:Thing
http://kbpedia.org/kko/rc/ManualSteering,rdfs:subClassOf,http://kbpedia.org/kko/rc/AutomobileSteeringSystem
http://kbpedia.org/kko/rc/ManualSteering,rdfs:subClassOf,owl:Thing
http://kbpedia.org/kko/rc/CargoAirplane,rdfs:subClassOf,http://kbpedia.org/kko/rc/Airplane
http://kbpedia.org/kko/rc/CargoAirplane,rdfs:subClassOf,owl:Thing
http://kbpedia.org/kko/rc/CargoAirplane,rdfs:subClassOf,http://kbpedia.org/kko/rc/MaterialTransporter
http://kbpedia.org/kko/rc/CargoAirplane,rdfs:subClassOf,http://kbpedia.org/kko/rc/TransportationContainerProduct
http://kbpedia.org/kko/rc/CargoAirplane,rdfs:subClassOf,http://kbpedia.org/kko/rc/TransportationDevice_Vehicle
http://kbpedia.org/kko/rc/HorseBoot,rdfs:subClassOf,http://kbpedia.org/kko/rc/HorseTack
http://kbpedia.org/kko/rc/HorseBoot,rdfs:subClassOf,owl:Thing
http://kbpedia.org/kko/rc/BusNetwork,rdfs:subClassOf,http://kbpedia.org/kko/rc/ComputerNetwork
http://kbpedia.org/kko/rc/BusNetwork,rdfs:subClassOf,owl:Thing
http://kbpedia.org/kko/rc/LockheedXF_104,rdfs:subClassOf,http://kbpedia.org/kko/rc/ExperimentalAircraft
http://kbpedia.org/kko/rc/LockheedXF_104,rdfs:subClassOf,owl:Thing
http://kbpedia.org/kko/rc/LockheedXF_104,rdfs:subClassOf,http://kbpedia.org/kko/rc/FighterPlane
http://kbpedia.org/kko/rc/Dinghy,rdfs:subClassOf,http://kbpedia.org/kko/rc/RecreationalWatercraft
http://kbpedia.org/kko/rc/Dinghy,rdfs:subClassOf,owl:Thing
http://kbpedia.org/kko/rc/Dinghy,rdfs:subClassOf,http://kbpedia.org/kko/rc/Rowboat
http://kbpedia.org/kko/rc/Dinghy,rdfs:subClassOf,http://kbpedia.org/kko/rc/Watercraft_Small
http://kbpedia.org/kko/rc/FileSharingSystem,rdfs:subClassOf,http://kbpedia.org/kko/rc/Filesystem
http://kbpedia.org/kko/rc/FileSharingSystem,rdfs:subClassOf,owl:Thing
http://kbpedia.org/kko/rc/FileSharingSystem,rdfs:subClassOf,http://kbpedia.org/kko/rc/FilesystemSoftware
http://kbpedia.org/kko/rc/Odin_classCoastalDefenseShip,rdfs:subClassOf,http://kbpedia.org/kko/rc/CoastalDefenceShip
http://kbpedia.org/kko/rc/Odin_classCoastalDefenseShip,rdfs:subClassOf,owl:Thing
http://kbpedia.org/kko/rc/BusRapidTransit,rdfs:subClassOf,http://kbpedia.org/kko/rc/BusTransport
http://kbpedia.org/kko/rc/BusRapidTransit,rdfs:subClassOf,owl:Thing
http://kbpedia.org/kko/rc/BusRapidTransit,rdfs:subClassOf,http://kbpedia.org/kko/rc/MassTransitSystem
http://kbpedia.org/kko/rc/RoadwayInterchange,rdfs:subClassOf,http://kbpedia.org/kko/rc/PavedRoadway
http://kbpedia.org/kko/rc/RoadwayInterchange,rdfs:subClassOf,owl:Thing
http://kbpedia.org/kko/rc/RoadwayInterchange,rdfs:subClassOf,http://kbpedia.org/kko/rc/RoadwayJunction
http://kbpedia.org/kko/rc/BroadwayManhattan,rdfs:subClassOf,http://kbpedia.org/kko/rc/Street_Urban
http://kbpedia.org/kko/rc/BroadwayManhattan,rdfs:subClassOf,owl:Thing
http://kbpedia.org/kko/rc/Florida_classBattleship,rdfs:subClassOf,http://kbpedia.org/kko/rc/Battleship
http://kbpedia.org/kko/rc/Florida_classBattleship,rdfs:subClassOf,owl:Thing
http://kbpedia.org/kko/rc/AmiralCharner_classCruiser,rdfs:subClassOf,http://kbpedia.org/kko/rc/ArmoredCruiser
http://kbpedia.org/kko/rc/AmiralCharner_classCruiser,rdfs:subClassOf,owl:Thing
http://kbpedia.org/kko/rc/DiscBrakeRotor,rdfs:subClassOf,http://kbpedia.org/kko/rc/BrakingSystemComponent
http://kbpedia.org/kko/rc/DiscBrakeRotor,rdfs:subClassOf,owl:Thing
http://kbpedia.org/kko/rc/PontiacVenturaIICar,rdfs:subClassOf,http://kbpedia.org/kko/rc/PontiacCar
http://kbpedia.org/kko/rc/PontiacVenturaIICar,rdfs:subClassOf,owl:Thing
http://kbpedia.org/kko/rc/OarPropelledWatercraft,rdfs:subClassOf,http://kbpedia.org/kko/rc/Watercraft_Surface
http://kbpedia.org/kko/rc/OarPropelledWatercraft,rdfs:subClassOf,owl:Thing
http://kbpedia.org/kko/rc/OarPropelledWatercraft,rdfs:subClassOf,http://kbpedia.org/kko/rc/Device_UserControlled
http://kbpedia.org/kko/rc/VRClassSm3,rdfs:subClassOf,http://kbpedia.org/kko/rc/TrainEngine
http://kbpedia.org/kko/rc/VRClassSm3,rdfs:subClassOf,owl:Thing
http://kbpedia.org/kko/rc/AppleComputer,rdfs:subClassOf,http://kbpedia.org/kko/rc/PersonalComputer
http://kbpedia.org/kko/rc/AppleComputer,rdfs:subClassOf,owl:Thing
http://kbpedia.org/kko/rc/BrStandardClass7,rdfs:subClassOf,http://kbpedia.org/kko/rc/TrainEngine
http://kbpedia.org/kko/rc/BrStandardClass7,rdfs:subClassOf,owl:Thing
http://kbpedia.org/kko/rc/VirginiaClassSubmarine,rdfs:subClassOf,http://kbpedia.org/kko/rc/AttackSubmarine
http://kbpedia.org/kko/rc/VirginiaClassSubmarine,rdfs:subClassOf,owl:Thing
http://kbpedia.org/kko/rc/VirginiaClassSubmarine,rdfs:subClassOf,http://kbpedia.org/kko/rc/NuclearSubmarine
http://kbpedia.org/kko/rc/VestibularNerve,rdfs:subClassOf,http://kbpedia.org/kko/rc/SensoryNerve
http://kbpedia.org/kko/rc/VestibularNerve,rdfs:subClassOf,owl:Thing
http://kbpedia.org/kko/rc/Yorktown_classGunboat,rdfs:subClassOf,http://kbpedia.org/kko/rc/Gunboat
http://kbpedia.org/kko/rc/Yorktown_classGunboat,rdfs:subClassOf,owl:Thing
http://kbpedia.org/kko/rc/LockheedMartinVH_71Kestrel,rdfs:subClassOf,http://kbpedia.org/kko/rc/AgustaWestlandAW101
http://kbpedia.org/kko/rc/LockheedMartinVH_71Kestrel,rdfs:subClassOf,owl:Thing
http://kbpedia.org/kko/rc/Rowboat,rdfs:subClassOf,http://kbpedia.org/kko/rc/Boat
http://kbpedia.org/kko/rc/Rowboat,rdfs:subClassOf,owl:Thing
http://kbpedia.org/kko/rc/Rowboat,rdfs:subClassOf,http://kbpedia.org/kko/rc/OarPropelledWatercraft
http://kbpedia.org/kko/rc/Rowboat,rdfs:subClassOf,http://kbpedia.org/kko/rc/PersonalWatercraft
http://kbpedia.org/kko/rc/Type1936BDestroyer,rdfs:subClassOf,http://kbpedia.org/kko/rc/Destroyer
http://kbpedia.org/kko/rc/Type1936BDestroyer,rdfs:subClassOf,owl:Thing
http://kbpedia.org/kko/rc/Evstafi_classBattleship,rdfs:subClassOf,http://kbpedia.org/kko/rc/PreDreadnoughtBattleship
http://kbpedia.org/kko/rc/Evstafi_classBattleship,rdfs:subClassOf,owl:Thing
http://kbpedia.org/kko/rc/BrachialPlexus,rdfs:subClassOf,http://kbpedia.org/kko/rc/Nerve
http://kbpedia.org/kko/rc/BrachialPlexus,rdfs:subClassOf,owl:Thing
http://kbpedia.org/kko/rc/BugattiVeyron,rdfs:subClassOf,http://kbpedia.org/kko/rc/VolkswagenCar
http://kbpedia.org/kko/rc/BugattiVeyron,rdfs:subClassOf,owl:Thing
http://kbpedia.org/kko/rc/LocationNavigationSystems,rdfs:subClassOf,http://kbpedia.org/kko/rc/TransportationComponentSystem
http://kbpedia.org/kko/rc/LocationNavigationSystems,rdfs:subClassOf,owl:Thing
http://kbpedia.org/kko/rc/InternationalAirTransport,rdfs:subClassOf,http://kbpedia.org/kko/rc/AirTransportation
http://kbpedia.org/kko/rc/InternationalAirTransport,rdfs:subClassOf,owl:Thing
http://kbpedia.org/kko/rc/HorseBit,rdfs:subClassOf,http://kbpedia.org/kko/rc/HorseHarness
http://kbpedia.org/kko/rc/HorseBit,rdfs:subClassOf,owl:Thing
http://kbpedia.org/kko/rc/Bayern_classBattleship,rdfs:subClassOf,http://kbpedia.org/kko/rc/Dreadnought
http://kbpedia.org/kko/rc/Bayern_classBattleship,rdfs:subClassOf,owl:Thing
http://kbpedia.org/kko/rc/TruckRoute,rdfs:subClassOf,http://kbpedia.org/kko/rc/TravelRoute_Road
http://kbpedia.org/kko/rc/TruckRoute,rdfs:subClassOf,owl:Thing
http://kbpedia.org/kko/rc/ArmoredCruiser,rdfs:subClassOf,http://kbpedia.org/kko/rc/Cruiser
http://kbpedia.org/kko/rc/ArmoredCruiser,rdfs:subClassOf,owl:Thing
http://kbpedia.org/kko/rc/P51Mustang,rdfs:subClassOf,http://kbpedia.org/kko/rc/Monoplane
http://kbpedia.org/kko/rc/P51Mustang,rdfs:subClassOf,owl:Thing
http://kbpedia.org/kko/rc/P51Mustang,rdfs:subClassOf,http://kbpedia.org/kko/rc/PropellerDrivenAirplane
http://kbpedia.org/kko/rc/P51Mustang,rdfs:subClassOf,http://kbpedia.org/kko/rc/WorldWarIIFighterAircraft
http://kbpedia.org/kko/rc/AnimalPoweredTransport,rdfs:subClassOf,http://kbpedia.org/kko/rc/TransportByMode
http://kbpedia.org/kko/rc/AnimalPoweredTransport,rdfs:subClassOf,owl:Thing
http://kbpedia.org/kko/rc/RoadCrater,rdfs:subClassOf,http://kbpedia.org/kko/rc/ManMadeObstacle
http://kbpedia.org/kko/rc/RoadCrater,rdfs:subClassOf,owl:Thing
http://kbpedia.org/kko/rc/RoadCrater,rdfs:subClassOf,http://kbpedia.org/kko/rc/Roadway
http://kbpedia.org/kko/rc/LockheedYF_22,rdfs:subClassOf,http://kbpedia.org/kko/rc/Jetfighter
http://kbpedia.org/kko/rc/LockheedYF_22,rdfs:subClassOf,owl:Thing
http://kbpedia.org/kko/rc/AlternateRoute,rdfs:subClassOf,http://kbpedia.org/kko/rc/Bypass_Path
http://kbpedia.org/kko/rc/AlternateRoute,rdfs:subClassOf,owl:Thing
http://kbpedia.org/kko/rc/AlternateRoute,rdfs:subClassOf,http://kbpedia.org/kko/rc/TravelRoute_Road
http://kbpedia.org/kko/rc/RoadRoller,rdfs:subClassOf,http://kbpedia.org/kko/rc/EarthmovingVehicle
http://kbpedia.org/kko/rc/RoadRoller,rdfs:subClassOf,owl:Thing
http://kbpedia.org/kko/rc/RoadRoller,rdfs:subClassOf,http://kbpedia.org/kko/rc/TransportationContainerProduct
http://kbpedia.org/kko/rc/PeugeotCar,rdfs:subClassOf,http://kbpedia.org/kko/rc/FrenchCar
http://kbpedia.org/kko/rc/PeugeotCar,rdfs:subClassOf,owl:Thing
http://kbpedia.org/kko/rc/Boeing_SikorskyRAH_66Comanche,rdfs:subClassOf,http://kbpedia.org/kko/rc/AttackHelicopter
http://kbpedia.org/kko/rc/Boeing_SikorskyRAH_66Comanche,rdfs:subClassOf,owl:Thing
http://kbpedia.org/kko/rc/Boeing_SikorskyRAH_66Comanche,rdfs:subClassOf,http://kbpedia.org/kko/rc/BoeingAircraft
http://kbpedia.org/kko/rc/VolkswagenCar,rdfs:subClassOf,http://kbpedia.org/kko/rc/GermanCar
http://kbpedia.org/kko/rc/VolkswagenCar,rdfs:subClassOf,owl:Thing
http://kbpedia.org/kko/rc/LocomotiveClass,rdfs:subClassOf,http://kbpedia.org/kko/rc/TrainEngine
http://kbpedia.org/kko/rc/LocomotiveClass,rdfs:subClassOf,owl:Thing
http://kbpedia.org/kko/rc/HitchhikingStop,rdfs:subClassOf,http://kbpedia.org/kko/rc/StationTerminalOrStop
http://kbpedia.org/kko/rc/HitchhikingStop,rdfs:subClassOf,owl:Thing
http://kbpedia.org/kko/rc/HitchhikingStop,rdfs:subClassOf,http://kbpedia.org/kko/rc/TransportFacility
http://kbpedia.org/kko/rc/TruckTire,rdfs:subClassOf,http://kbpedia.org/kko/rc/AutomobileTire
http://kbpedia.org/kko/rc/TruckTire,rdfs:subClassOf,owl:Thing
http://kbpedia.org/kko/rc/FCSochauxMontbliard,rdfs:subClassOf,http://kbpedia.org/kko/rc/PeugeotCar
http://kbpedia.org/kko/rc/FCSochauxMontbliard,rdfs:subClassOf,owl:Thing
http://kbpedia.org/kko/rc/Borodino_classBattlecruiser,rdfs:subClassOf,http://kbpedia.org/kko/rc/BattleCruiser
http://kbpedia.org/kko/rc/Borodino_classBattlecruiser,rdfs:subClassOf,owl:Thing
http://kbpedia.org/kko/rc/AppleIncHardware,rdfs:subClassOf,http://kbpedia.org/kko/rc/AppleComputer
http://kbpedia.org/kko/rc/AppleIncHardware,rdfs:subClassOf,owl:Thing
http://kbpedia.org/kko/rc/NightBusService,rdfs:subClassOf,http://kbpedia.org/kko/rc/BusTransport
http://kbpedia.org/kko/rc/NightBusService,rdfs:subClassOf,owl:Thing
http://kbpedia.org/kko/rc/BuickReattaCar,rdfs:subClassOf,http://kbpedia.org/kko/rc/BuickCar
http://kbpedia.org/kko/rc/BuickReattaCar,rdfs:subClassOf,owl:Thing
http://kbpedia.org/kko/rc/TruckCab_Compartment,rdfs:subClassOf,http://kbpedia.org/kko/rc/RoadVehiclePassengerCompartment
http://kbpedia.org/kko/rc/TruckCab_Compartment,rdfs:subClassOf,owl:Thing
http://kbpedia.org/kko/rc/Bellerophon_classBattleship,rdfs:subClassOf,http://kbpedia.org/kko/rc/Battleship
http://kbpedia.org/kko/rc/Bellerophon_classBattleship,rdfs:subClassOf,owl:Thing
http://kbpedia.org/kko/rc/PowerSteering,rdfs:subClassOf,http://kbpedia.org/kko/rc/AutomobileSteeringSystem
http://kbpedia.org/kko/rc/PowerSteering,rdfs:subClassOf,owl:Thing
http://kbpedia.org/kko/rc/GermanFKCruiserDesign,rdfs:subClassOf,http://kbpedia.org/kko/rc/Cruiser
http://kbpedia.org/kko/rc/GermanFKCruiserDesign,rdfs:subClassOf,owl:Thing
http://kbpedia.org/kko/rc/PontiacTransSportCar,rdfs:subClassOf,http://kbpedia.org/kko/rc/PontiacCar
http://kbpedia.org/kko/rc/PontiacTransSportCar,rdfs:subClassOf,owl:Thing
http://kbpedia.org/kko/rc/Hiyo_classAircraftCarrier,rdfs:subClassOf,http://kbpedia.org/kko/rc/AircraftCarrier
http://kbpedia.org/kko/rc/Hiyo_classAircraftCarrier,rdfs:subClassOf,owl:Thing
http://kbpedia.org/kko/rc/MechanizedLandingCraft,rdfs:subClassOf,http://kbpedia.org/kko/rc/LandingCraft
http://kbpedia.org/kko/rc/MechanizedLandingCraft,rdfs:subClassOf,owl:Thing
http://kbpedia.org/kko/rc/WorldWarIIFighterAircraft,rdfs:subClassOf,http://kbpedia.org/kko/rc/FighterPlane
http://kbpedia.org/kko/rc/WorldWarIIFighterAircraft,rdfs:subClassOf,owl:Thing
http://kbpedia.org/kko/rc/RoofSystem,rdfs:subClassOf,http://kbpedia.org/kko/rc/TransportationComponentSystem
http://kbpedia.org/kko/rc/RoofSystem,rdfs:subClassOf,owl:Thing
http://kbpedia.org/kko/rc/Macbook,rdfs:subClassOf,http://kbpedia.org/kko/rc/AppleIncHardware
http://kbpedia.org/kko/rc/Macbook,rdfs:subClassOf,owl:Thing
http://kbpedia.org/kko/rc/TruckTrailer,rdfs:subClassOf,http://kbpedia.org/kko/rc/CargoCompartment
http://kbpedia.org/kko/rc/TruckTrailer,rdfs:subClassOf,owl:Thing
http://kbpedia.org/kko/rc/TruckTrailer,rdfs:subClassOf,http://kbpedia.org/kko/rc/Trailer
http://kbpedia.org/kko/rc/TruckTrailer,rdfs:subClassOf,http://kbpedia.org/kko/rc/AutomobileElectronicsMC
http://kbpedia.org/kko/rc/Agordat_classCruiser,rdfs:subClassOf,http://kbpedia.org/kko/rc/Cruiser
http://kbpedia.org/kko/rc/Agordat_classCruiser,rdfs:subClassOf,owl:Thing
http://kbpedia.org/kko/rc/HeadgearHorse,rdfs:subClassOf,http://kbpedia.org/kko/rc/HorseTack
http://kbpedia.org/kko/rc/HeadgearHorse,rdfs:subClassOf,owl:Thing
http://kbpedia.org/kko/rc/Bayan_classCruiser,rdfs:subClassOf,http://kbpedia.org/kko/rc/ArmoredCruiser
http://kbpedia.org/kko/rc/Bayan_classCruiser,rdfs:subClassOf,owl:Thing
http://kbpedia.org/kko/rc/LobsterBuoy,rdfs:subClassOf,http://kbpedia.org/kko/rc/Buoy
http://kbpedia.org/kko/rc/LobsterBuoy,rdfs:subClassOf,owl:Thing
http://kbpedia.org/kko/rc/AppleIncSoftware,rdfs:subClassOf,http://kbpedia.org/kko/rc/AppleComputer
http://kbpedia.org/kko/rc/AppleIncSoftware,rdfs:subClassOf,owl:Thing
http://kbpedia.org/kko/rc/OffRoadAutomobile,rdfs:subClassOf,http://kbpedia.org/kko/rc/All_TerrainVehicle
http://kbpedia.org/kko/rc/OffRoadAutomobile,rdfs:subClassOf,owl:Thing
http://kbpedia.org/kko/rc/OffRoadAutomobile,rdfs:subClassOf,http://kbpedia.org/kko/rc/AutomobileTypeByBodyStyle
http://kbpedia.org/kko/rc/OffRoadAutomobile,rdfs:subClassOf,http://kbpedia.org/kko/rc/Automobile
http://kbpedia.org/kko/rc/RailwayLine,rdfs:subClassOf,http://kbpedia.org/kko/rc/OpenTrafficThoroughfare
http://kbpedia.org/kko/rc/RailwayLine,rdfs:subClassOf,owl:Thing
http://kbpedia.org/kko/rc/RailwayLine,rdfs:subClassOf,http://kbpedia.org/kko/rc/TravelRoute
http://kbpedia.org/kko/rc/RailwayLine,rdfs:subClassOf,http://kbpedia.org/kko/rc/TransportPath
http://kbpedia.org/kko/rc/BuickRivieraCar,rdfs:subClassOf,http://kbpedia.org/kko/rc/BuickCar
http://kbpedia.org/kko/rc/BuickRivieraCar,rdfs:subClassOf,owl:Thing
http://kbpedia.org/kko/rc/AradoE_381,rdfs:subClassOf,http://kbpedia.org/kko/rc/ExperimentalAircraft
http://kbpedia.org/kko/rc/AradoE_381,rdfs:subClassOf,owl:Thing
http://kbpedia.org/kko/rc/AradoE_381,rdfs:subClassOf,http://kbpedia.org/kko/rc/WorldWarIIFighterAircraft
http://kbpedia.org/kko/rc/AradoE_381,rdfs:subClassOf,http://kbpedia.org/kko/rc/MilitaryAircraft
http://kbpedia.org/kko/rc/RoofRackSystem,rdfs:subClassOf,http://kbpedia.org/kko/rc/RoofSystem
http://kbpedia.org/kko/rc/RoofRackSystem,rdfs:subClassOf,owl:Thing
http://kbpedia.org/kko/rc/CENTAUROArmoredTankDestroyer,rdfs:subClassOf,http://kbpedia.org/kko/rc/All_TerrainVehicle
http://kbpedia.org/kko/rc/CENTAUROArmoredTankDestroyer,rdfs:subClassOf,owl:Thing
http://kbpedia.org/kko/rc/CENTAUROArmoredTankDestroyer,rdfs:subClassOf,http://kbpedia.org/kko/rc/AntiTankWeapon
http://kbpedia.org/kko/rc/CENTAUROArmoredTankDestroyer,rdfs:subClassOf,http://kbpedia.org/kko/rc/ArmoredFightingVehicle
http://kbpedia.org/kko/rc/CENTAUROArmoredTankDestroyer,rdfs:subClassOf,http://kbpedia.org/kko/rc/WheeledVehicle_Armored
http://kbpedia.org/kko/rc/LateralCord_BrachialPlexus,rdfs:subClassOf,http://kbpedia.org/kko/rc/Nerve
http://kbpedia.org/kko/rc/LateralCord_BrachialPlexus,rdfs:subClassOf,owl:Thing
http://kbpedia.org/kko/rc/SpanishFighterAircraft,rdfs:subClassOf,http://kbpedia.org/kko/rc/FightersByCountry
http://kbpedia.org/kko/rc/SpanishFighterAircraft,rdfs:subClassOf,owl:Thing
http://kbpedia.org/kko/rc/SpanishFighterAircraft,rdfs:subClassOf,http://kbpedia.org/kko/rc/FighterPlane
http://kbpedia.org/kko/rc/BuickSkyhawkCar,rdfs:subClassOf,http://kbpedia.org/kko/rc/BuickCar
http://kbpedia.org/kko/rc/BuickSkyhawkCar,rdfs:subClassOf,owl:Thing
http://kbpedia.org/kko/rc/TruckTractor,rdfs:subClassOf,http://kbpedia.org/kko/rc/MotorVehicle
http://kbpedia.org/kko/rc/TruckTractor,rdfs:subClassOf,owl:Thing
http://kbpedia.org/kko/rc/TruckTractor,rdfs:subClassOf,http://kbpedia.org/kko/rc/Truck
http://kbpedia.org/kko/rc/LockheedAH_56Cheyenne,rdfs:subClassOf,http://kbpedia.org/kko/rc/AttackHelicopter
http://kbpedia.org/kko/rc/LockheedAH_56Cheyenne,rdfs:subClassOf,owl:Thing
http://kbpedia.org/kko/rc/Road,rdfs:subClassOf,http://kbpedia.org/kko/rc/Roadway
http://kbpedia.org/kko/rc/Road,rdfs:subClassOf,owl:Thing
http://kbpedia.org/kko/rc/VirtualHost,rdfs:subClassOf,http://kbpedia.org/kko/rc/ComputerServer
http://kbpedia.org/kko/rc/VirtualHost,rdfs:subClassOf,owl:Thing
http://kbpedia.org/kko/rc/MacPro,rdfs:subClassOf,http://kbpedia.org/kko/rc/MacintoshPlatform
http://kbpedia.org/kko/rc/MacPro,rdfs:subClassOf,owl:Thing
http://kbpedia.org/kko/rc/HighSpeedRailwayLineInFrance,rdfs:subClassOf,http://kbpedia.org/kko/rc/RailwayLine
http://kbpedia.org/kko/rc/HighSpeedRailwayLineInFrance,rdfs:subClassOf,owl:Thing
http://kbpedia.org/kko/rc/HighSpeedRailwayLineInFrance,rdfs:subClassOf,http://kbpedia.org/kko/rc/TGVTrain
http://kbpedia.org/kko/rc/LaptopComputer,rdfs:subClassOf,http://kbpedia.org/kko/rc/BatteryPoweredDevice
http://kbpedia.org/kko/rc/LaptopComputer,rdfs:subClassOf,owl:Thing
http://kbpedia.org/kko/rc/LaptopComputer,rdfs:subClassOf,http://kbpedia.org/kko/rc/PersonalComputer
http://kbpedia.org/kko/rc/LaptopComputer,rdfs:subClassOf,http://kbpedia.org/kko/rc/SingleUserComputer
http://kbpedia.org/kko/rc/CochlearNerve,rdfs:subClassOf,http://kbpedia.org/kko/rc/SensoryNerve
http://kbpedia.org/kko/rc/CochlearNerve,rdfs:subClassOf,owl:Thing
http://kbpedia.org/kko/rc/RoadSafety,rdfs:subClassOf,http://kbpedia.org/kko/rc/RoadSystem
http://kbpedia.org/kko/rc/RoadSafety,rdfs:subClassOf,owl:Thing
http://kbpedia.org/kko/rc/HorseProtectiveEquipment,rdfs:subClassOf,http://kbpedia.org/kko/rc/HorseTack
http://kbpedia.org/kko/rc/HorseProtectiveEquipment,rdfs:subClassOf,owl:Thing
http://kbpedia.org/kko/rc/FordAerostarCar,rdfs:subClassOf,http://kbpedia.org/kko/rc/FordCar
http://kbpedia.org/kko/rc/FordAerostarCar,rdfs:subClassOf,owl:Thing
http://kbpedia.org/kko/rc/Virginia_classBattleship,rdfs:subClassOf,http://kbpedia.org/kko/rc/PreDreadnoughtBattleship
http://kbpedia.org/kko/rc/Virginia_classBattleship,rdfs:subClassOf,owl:Thing
http://kbpedia.org/kko/rc/FordFestivaCar,rdfs:subClassOf,http://kbpedia.org/kko/rc/FordCar
http://kbpedia.org/kko/rc/FordFestivaCar,rdfs:subClassOf,owl:Thing
http://kbpedia.org/kko/rc/FATFilesystem,rdfs:subClassOf,http://kbpedia.org/kko/rc/Filesystem
http://kbpedia.org/kko/rc/FATFilesystem,rdfs:subClassOf,owl:Thing
http://kbpedia.org/kko/rc/ArmoredFightingVehicle,rdfs:subClassOf,http://kbpedia.org/kko/rc/ArmoredVehicle_Light
http://kbpedia.org/kko/rc/ArmoredFightingVehicle,rdfs:subClassOf,owl:Thing
http://kbpedia.org/kko/rc/ArmoredFightingVehicle,rdfs:subClassOf,http://kbpedia.org/kko/rc/WeaponSystem
http://kbpedia.org/kko/rc/ArmoredFightingVehicle,rdfs:subClassOf,http://kbpedia.org/kko/rc/MilitaryLandPlatform
http://kbpedia.org/kko/rc/POPServer_Network,rdfs:subClassOf,http://kbpedia.org/kko/rc/MailServer_Network
http://kbpedia.org/kko/rc/POPServer_Network,rdfs:subClassOf,owl:Thing
http://kbpedia.org/kko/rc/HorseSplintBoot,rdfs:subClassOf,http://kbpedia.org/kko/rc/HorseBoot
http://kbpedia.org/kko/rc/HorseSplintBoot,rdfs:subClassOf,owl:Thing
http://kbpedia.org/kko/rc/HorseSplintBoot,rdfs:subClassOf,http://kbpedia.org/kko/rc/HorseTack
http://kbpedia.org/kko/rc/BradleyFightingVehicle_M3,rdfs:subClassOf,http://kbpedia.org/kko/rc/BradleyFightingVehicle_M2
http://kbpedia.org/kko/rc/BradleyFightingVehicle_M3,rdfs:subClassOf,owl:Thing
http://kbpedia.org/kko/rc/LateralSuralCutaneousNerve,rdfs:subClassOf,http://kbpedia.org/kko/rc/SensoryNerve
http://kbpedia.org/kko/rc/LateralSuralCutaneousNerve,rdfs:subClassOf,owl:Thing
http://kbpedia.org/kko/rc/NissanMaximaCar,rdfs:subClassOf,http://kbpedia.org/kko/rc/MidsizeCar
http://kbpedia.org/kko/rc/NissanMaximaCar,rdfs:subClassOf,owl:Thing
http://kbpedia.org/kko/rc/NissanMaximaCar,rdfs:subClassOf,http://kbpedia.org/kko/rc/NissanCar
http://kbpedia.org/kko/rc/FordFuturaCar,rdfs:subClassOf,http://kbpedia.org/kko/rc/FordCar
http://kbpedia.org/kko/rc/FordFuturaCar,rdfs:subClassOf,owl:Thing
http://kbpedia.org/kko/rc/EmigrantTrailInWyoming,rdfs:subClassOf,http://kbpedia.org/kko/rc/Trail
http://kbpedia.org/kko/rc/EmigrantTrailInWyoming,rdfs:subClassOf,owl:Thing
http://kbpedia.org/kko/rc/AdvancedAmphibiousAssaultVehicle,rdfs:subClassOf,http://kbpedia.org/kko/rc/AmphibiousVehicle
http://kbpedia.org/kko/rc/AdvancedAmphibiousAssaultVehicle,rdfs:subClassOf,owl:Thing
http://kbpedia.org/kko/rc/AdvancedAmphibiousAssaultVehicle,rdfs:subClassOf,http://kbpedia.org/kko/rc/ArmoredFightingVehicle
http://kbpedia.org/kko/rc/AdvancedAmphibiousAssaultVehicle,rdfs:subClassOf,http://kbpedia.org/kko/rc/TrackedVehicle
http://kbpedia.org/kko/rc/AdvancedAmphibiousAssaultVehicle,rdfs:subClassOf,http://kbpedia.org/kko/rc/All_TerrainVehicle
http://kbpedia.org/kko/rc/AdvancedAmphibiousAssaultVehicle,rdfs:subClassOf,http://kbpedia.org/kko/rc/MilitaryLandPlatform
http://kbpedia.org/kko/rc/VettorPisani_classCruiser,rdfs:subClassOf,http://kbpedia.org/kko/rc/Cruiser
http://kbpedia.org/kko/rc/VettorPisani_classCruiser,rdfs:subClassOf,owl:Thing
http://kbpedia.org/kko/rc/HorseSweats,rdfs:subClassOf,http://kbpedia.org/kko/rc/Covering_Object
http://kbpedia.org/kko/rc/HorseSweats,rdfs:subClassOf,owl:Thing
http://kbpedia.org/kko/rc/HorseSweats,rdfs:subClassOf,http://kbpedia.org/kko/rc/HorseTack
http://kbpedia.org/kko/rc/FordGalaxieCar,rdfs:subClassOf,http://kbpedia.org/kko/rc/FordCar
http://kbpedia.org/kko/rc/FordGalaxieCar,rdfs:subClassOf,owl:Thing
http://kbpedia.org/kko/rc/NissanQuestCar,rdfs:subClassOf,http://kbpedia.org/kko/rc/NissanCar
http://kbpedia.org/kko/rc/NissanQuestCar,rdfs:subClassOf,owl:Thing
http://kbpedia.org/kko/rc/BuickRoadmasterCar,rdfs:subClassOf,http://kbpedia.org/kko/rc/BuickCar
http://kbpedia.org/kko/rc/BuickRoadmasterCar,rdfs:subClassOf,owl:Thing
http://kbpedia.org/kko/rc/Avnillah_classIronclad,rdfs:subClassOf,http://kbpedia.org/kko/rc/IroncladWarship
http://kbpedia.org/kko/rc/Avnillah_classIronclad,rdfs:subClassOf,owl:Thing
http://kbpedia.org/kko/rc/ParatransitService,rdfs:subClassOf,http://kbpedia.org/kko/rc/MassTransitSystem
http://kbpedia.org/kko/rc/ParatransitService,rdfs:subClassOf,owl:Thing
http://kbpedia.org/kko/rc/ParatransitService,rdfs:subClassOf,http://kbpedia.org/kko/rc/PassengerTransport
http://kbpedia.org/kko/rc/LakeErieCircleTour,rdfs:subClassOf,http://kbpedia.org/kko/rc/CircleTour
http://kbpedia.org/kko/rc/LakeErieCircleTour,rdfs:subClassOf,owl:Thing
http://kbpedia.org/kko/rc/Normandie_classBattleship,rdfs:subClassOf,http://kbpedia.org/kko/rc/Dreadnought
http://kbpedia.org/kko/rc/Normandie_classBattleship,rdfs:subClassOf,owl:Thing
http://kbpedia.org/kko/rc/AutomobileLightTruckTire,rdfs:subClassOf,http://kbpedia.org/kko/rc/TireTireTube
http://kbpedia.org/kko/rc/AutomobileLightTruckTire,rdfs:subClassOf,owl:Thing
http://kbpedia.org/kko/rc/LocalRoad,rdfs:subClassOf,http://kbpedia.org/kko/rc/Roadway
http://kbpedia.org/kko/rc/LocalRoad,rdfs:subClassOf,owl:Thing
http://kbpedia.org/kko/rc/Nimitz_classAircraftCarrier,rdfs:subClassOf,http://kbpedia.org/kko/rc/NuclearAircraftCarrier
http://kbpedia.org/kko/rc/Nimitz_classAircraftCarrier,rdfs:subClassOf,owl:Thing
http://kbpedia.org/kko/rc/FordGranadaCar,rdfs:subClassOf,http://kbpedia.org/kko/rc/FordCar
http://kbpedia.org/kko/rc/FordGranadaCar,rdfs:subClassOf,owl:Thing
http://kbpedia.org/kko/rc/LocalTalkNetwork,rdfs:subClassOf,http://kbpedia.org/kko/rc/LocalAreaNetwork
http://kbpedia.org/kko/rc/LocalTalkNetwork,rdfs:subClassOf,owl:Thing
http://kbpedia.org/kko/rc/ElectricalWiring,rdfs:subClassOf,http://kbpedia.org/kko/rc/PowerDistribution
http://kbpedia.org/kko/rc/ElectricalWiring,rdfs:subClassOf,owl:Thing
http://kbpedia.org/kko/rc/ElectricalWiring,rdfs:subClassOf,http://kbpedia.org/kko/rc/Wire
http://kbpedia.org/kko/rc/ElectricalWiring,rdfs:subClassOf,http://kbpedia.org/kko/rc/ElectricalConduit
http://kbpedia.org/kko/rc/BuickCar,rdfs:subClassOf,http://kbpedia.org/kko/rc/GMAutomobile
http://kbpedia.org/kko/rc/BuickCar,rdfs:subClassOf,owl:Thing
http://kbpedia.org/kko/rc/TravelRoute_Road,rdfs:subClassOf,http://kbpedia.org/kko/rc/Roadway
http://kbpedia.org/kko/rc/TravelRoute_Road,rdfs:subClassOf,owl:Thing
http://kbpedia.org/kko/rc/TravelRoute_Road,rdfs:subClassOf,http://kbpedia.org/kko/rc/TravelRoute
http://kbpedia.org/kko/rc/TGVTrain,rdfs:subClassOf,http://kbpedia.org/kko/rc/HighSpeedTrain
http://kbpedia.org/kko/rc/TGVTrain,rdfs:subClassOf,owl:Thing
http://kbpedia.org/kko/rc/Warrior_classCruiser,rdfs:subClassOf,http://kbpedia.org/kko/rc/ArmoredCruiser
http://kbpedia.org/kko/rc/Warrior_classCruiser,rdfs:subClassOf,owl:Thing
http://kbpedia.org/kko/rc/FordMondeoCar,rdfs:subClassOf,http://kbpedia.org/kko/rc/FordCar
http://kbpedia.org/kko/rc/FordMondeoCar,rdfs:subClassOf,owl:Thing
http://kbpedia.org/kko/rc/NissanXterraCar,rdfs:subClassOf,http://kbpedia.org/kko/rc/NissanCar
http://kbpedia.org/kko/rc/NissanXterraCar,rdfs:subClassOf,owl:Thing
http://kbpedia.org/kko/rc/LockheedHaveBlue,rdfs:subClassOf,http://kbpedia.org/kko/rc/BomberPlane
http://kbpedia.org/kko/rc/LockheedHaveBlue,rdfs:subClassOf,owl:Thing
http://kbpedia.org/kko/rc/LockheedHaveBlue,rdfs:subClassOf,http://kbpedia.org/kko/rc/ExperimentalAircraft
http://kbpedia.org/kko/rc/LockheedHaveBlue,rdfs:subClassOf,http://kbpedia.org/kko/rc/MilitaryAircraft
http://kbpedia.org/kko/rc/WideAreaNetwork,rdfs:subClassOf,http://kbpedia.org/kko/rc/ComputerNetwork
http://kbpedia.org/kko/rc/WideAreaNetwork,rdfs:subClassOf,owl:Thing
http://kbpedia.org/kko/rc/OfficeCart,rdfs:subClassOf,http://kbpedia.org/kko/rc/OfficeFurniture
http://kbpedia.org/kko/rc/OfficeCart,rdfs:subClassOf,owl:Thing
http://kbpedia.org/kko/rc/OfficeCart,rdfs:subClassOf,http://kbpedia.org/kko/rc/Wagon
http://kbpedia.org/kko/rc/Warrior_classIronclad,rdfs:subClassOf,http://kbpedia.org/kko/rc/IroncladWarship
http://kbpedia.org/kko/rc/Warrior_classIronclad,rdfs:subClassOf,owl:Thing
http://kbpedia.org/kko/rc/LateralPlantarNerve,rdfs:subClassOf,http://kbpedia.org/kko/rc/Nerve
http://kbpedia.org/kko/rc/LateralPlantarNerve,rdfs:subClassOf,owl:Thing
http://kbpedia.org/kko/rc/FordFiestaCar,rdfs:subClassOf,http://kbpedia.org/kko/rc/FordCar
http://kbpedia.org/kko/rc/FordFiestaCar,rdfs:subClassOf,owl:Thing
http://kbpedia.org/kko/rc/NissanAxxessCar,rdfs:subClassOf,http://kbpedia.org/kko/rc/NissanCar
http://kbpedia.org/kko/rc/NissanAxxessCar,rdfs:subClassOf,owl:Thing
http://kbpedia.org/kko/rc/LockheedMartinF_22Raptor,rdfs:subClassOf,http://kbpedia.org/kko/rc/Jetfighter
http://kbpedia.org/kko/rc/LockheedMartinF_22Raptor,rdfs:subClassOf,owl:Thing
http://kbpedia.org/kko/rc/LockheedMartinF_22Raptor,rdfs:subClassOf,http://kbpedia.org/kko/rc/FighterPlane
http://kbpedia.org/kko/rc/RoadVehicle_ElectricWithFuelCell,rdfs:subClassOf,http://kbpedia.org/kko/rc/FuelCellPoweredDevice
http://kbpedia.org/kko/rc/RoadVehicle_ElectricWithFuelCell,rdfs:subClassOf,owl:Thing
http://kbpedia.org/kko/rc/RoadVehicle_ElectricWithFuelCell,rdfs:subClassOf,http://kbpedia.org/kko/rc/RoadVehicle_Electric
http://kbpedia.org/kko/rc/VirtualPrivateNetwork,rdfs:subClassOf,http://kbpedia.org/kko/rc/WideAreaNetwork
http://kbpedia.org/kko/rc/VirtualPrivateNetwork,rdfs:subClassOf,owl:Thing
http://kbpedia.org/kko/rc/Swiftsure_classBattleship,rdfs:subClassOf,http://kbpedia.org/kko/rc/PreDreadnoughtBattleship
http://kbpedia.org/kko/rc/Swiftsure_classBattleship,rdfs:subClassOf,owl:Thing
http://kbpedia.org/kko/rc/PatrolWatercraft,rdfs:subClassOf,http://kbpedia.org/kko/rc/MilitaryWatercraft
http://kbpedia.org/kko/rc/PatrolWatercraft,rdfs:subClassOf,owl:Thing
http://kbpedia.org/kko/rc/FordRangerCar,rdfs:subClassOf,http://kbpedia.org/kko/rc/FordCar
http://kbpedia.org/kko/rc/FordRangerCar,rdfs:subClassOf,owl:Thing
http://kbpedia.org/kko/rc/HanClassSubmarine,rdfs:subClassOf,http://kbpedia.org/kko/rc/NuclearSubmarine
http://kbpedia.org/kko/rc/HanClassSubmarine,rdfs:subClassOf,owl:Thing
http://kbpedia.org/kko/rc/Preussen_classIronclad,rdfs:subClassOf,http://kbpedia.org/kko/rc/IroncladWarship
http://kbpedia.org/kko/rc/Preussen_classIronclad,rdfs:subClassOf,owl:Thing
http://kbpedia.org/kko/rc/LockheedMartinF_35LightningII,rdfs:subClassOf,http://kbpedia.org/kko/rc/Jetfighter
http://kbpedia.org/kko/rc/LockheedMartinF_35LightningII,rdfs:subClassOf,owl:Thing
http://kbpedia.org/kko/rc/LockheedMartinF_35LightningII,rdfs:subClassOf,http://kbpedia.org/kko/rc/MultiRoleAircraft
http://kbpedia.org/kko/rc/LockheedMartinF_35LightningII,rdfs:subClassOf,http://kbpedia.org/kko/rc/FighterPlane
http://kbpedia.org/kko/rc/InternationalFighterAircraft,rdfs:subClassOf,http://kbpedia.org/kko/rc/FightersByCountry
http://kbpedia.org/kko/rc/InternationalFighterAircraft,rdfs:subClassOf,owl:Thing
http://kbpedia.org/kko/rc/InternationalFighterAircraft,rdfs:subClassOf,http://kbpedia.org/kko/rc/FighterPlane
http://kbpedia.org/kko/rc/FastAttackCraft,rdfs:subClassOf,http://kbpedia.org/kko/rc/PatrolWatercraft
http://kbpedia.org/kko/rc/FastAttackCraft,rdfs:subClassOf,owl:Thing
http://kbpedia.org/kko/rc/FastAttackCraft,rdfs:subClassOf,http://kbpedia.org/kko/rc/WaterTransportationVehicle
http://kbpedia.org/kko/rc/NissanGT_R,rdfs:subClassOf,http://kbpedia.org/kko/rc/NissanCar
http://kbpedia.org/kko/rc/NissanGT_R,rdfs:subClassOf,owl:Thing
http://kbpedia.org/kko/rc/FordTaurusCar,rdfs:subClassOf,http://kbpedia.org/kko/rc/FordCar
http://kbpedia.org/kko/rc/FordTaurusCar,rdfs:subClassOf,owl:Thing
http://kbpedia.org/kko/rc/FordTaurusCar,rdfs:subClassOf,http://kbpedia.org/kko/rc/MidsizeCar
http://kbpedia.org/kko/rc/OffRoadRacing,rdfs:subClassOf,http://kbpedia.org/kko/rc/OffRoadDriving
http://kbpedia.org/kko/rc/OffRoadRacing,rdfs:subClassOf,owl:Thing
http://kbpedia.org/kko/rc/MacintoshComputer,rdfs:subClassOf,http://kbpedia.org/kko/rc/AppleIncHardware
http://kbpedia.org/kko/rc/MacintoshComputer,rdfs:subClassOf,owl:Thing
http://kbpedia.org/kko/rc/MacintoshComputer,rdfs:subClassOf,http://kbpedia.org/kko/rc/PersonalComputer
http://kbpedia.org/kko/rc/FastAttackCraft_Torpedo,rdfs:subClassOf,http://kbpedia.org/kko/rc/FastAttackCraft
http://kbpedia.org/kko/rc/FastAttackCraft_Torpedo,rdfs:subClassOf,owl:Thing
http://kbpedia.org/kko/rc/FordThunderbirdCar,rdfs:subClassOf,http://kbpedia.org/kko/rc/FordCar
http://kbpedia.org/kko/rc/FordThunderbirdCar,rdfs:subClassOf,owl:Thing
http://kbpedia.org/kko/rc/FordThunderbirdCar,rdfs:subClassOf,http://kbpedia.org/kko/rc/MidsizeCar
http://kbpedia.org/kko/rc/NissanLeaf,rdfs:subClassOf,http://kbpedia.org/kko/rc/ElectricCar
http://kbpedia.org/kko/rc/NissanLeaf,rdfs:subClassOf,owl:Thing
http://kbpedia.org/kko/rc/NissanLeaf,rdfs:subClassOf,http://kbpedia.org/kko/rc/NissanCar
http://kbpedia.org/kko/rc/Borodino_classBattleship,rdfs:subClassOf,http://kbpedia.org/kko/rc/Battleship
http://kbpedia.org/kko/rc/Borodino_classBattleship,rdfs:subClassOf,owl:Thing
http://kbpedia.org/kko/rc/FordProbeCar,rdfs:subClassOf,http://kbpedia.org/kko/rc/FordCar
http://kbpedia.org/kko/rc/FordProbeCar,rdfs:subClassOf,owl:Thing
http://kbpedia.org/kko/rc/NissanSentraCar,rdfs:subClassOf,http://kbpedia.org/kko/rc/NissanCar
http://kbpedia.org/kko/rc/NissanSentraCar,rdfs:subClassOf,owl:Thing
http://kbpedia.org/kko/rc/BuickParkAveCar,rdfs:subClassOf,http://kbpedia.org/kko/rc/BuickCar
http://kbpedia.org/kko/rc/BuickParkAveCar,rdfs:subClassOf,owl:Thing
http://kbpedia.org/kko/rc/AutoLuggageRack,rdfs:subClassOf,http://kbpedia.org/kko/rc/Rack_Holder
http://kbpedia.org/kko/rc/AutoLuggageRack,rdfs:subClassOf,owl:Thing
http://kbpedia.org/kko/rc/AutoLuggageRack,rdfs:subClassOf,http://kbpedia.org/kko/rc/RoofRackSystem
http://kbpedia.org/kko/rc/TypeOfRadio,rdfs:subClassOf,http://kbpedia.org/kko/rc/Radio
http://kbpedia.org/kko/rc/TypeOfRadio,rdfs:subClassOf,owl:Thing
http://kbpedia.org/kko/rc/AccessoryNerve,rdfs:subClassOf,http://kbpedia.org/kko/rc/CranialNerve
http://kbpedia.org/kko/rc/AccessoryNerve,rdfs:subClassOf,owl:Thing
http://kbpedia.org/kko/rc/AccessoryNerve,rdfs:subClassOf,http://kbpedia.org/kko/rc/MotorNerve
http://kbpedia.org/kko/rc/FastAttackCraft_Patrol,rdfs:subClassOf,http://kbpedia.org/kko/rc/FastAttackCraft
http://kbpedia.org/kko/rc/FastAttackCraft_Patrol,rdfs:subClassOf,owl:Thing
http://kbpedia.org/kko/rc/FastAttackCraft_Patrol,rdfs:subClassOf,http://kbpedia.org/kko/rc/PatrolWatercraft
http://kbpedia.org/kko/rc/FordFairmontCar,rdfs:subClassOf,http://kbpedia.org/kko/rc/FordCar
http://kbpedia.org/kko/rc/FordFairmontCar,rdfs:subClassOf,owl:Thing
http://kbpedia.org/kko/rc/BuickLesabreCar,rdfs:subClassOf,http://kbpedia.org/kko/rc/BuickCar
http://kbpedia.org/kko/rc/BuickLesabreCar,rdfs:subClassOf,owl:Thing
http://kbpedia.org/kko/rc/SailingWarship,rdfs:subClassOf,http://kbpedia.org/kko/rc/MilitaryWatercraft
http://kbpedia.org/kko/rc/SailingWarship,rdfs:subClassOf,owl:Thing
http://kbpedia.org/kko/rc/PedalBoat,rdfs:subClassOf,http://kbpedia.org/kko/rc/Device_UserPowered
http://kbpedia.org/kko/rc/PedalBoat,rdfs:subClassOf,owl:Thing
http://kbpedia.org/kko/rc/PedalBoat,rdfs:subClassOf,http://kbpedia.org/kko/rc/Watercraft_Small
http://kbpedia.org/kko/rc/P_classCruiser,rdfs:subClassOf,http://kbpedia.org/kko/rc/BattleCruiser
http://kbpedia.org/kko/rc/P_classCruiser,rdfs:subClassOf,owl:Thing
http://kbpedia.org/kko/rc/TypeOfThoroughfare,rdfs:subClassOf,http://kbpedia.org/kko/rc/TravelRoute_Road
http://kbpedia.org/kko/rc/TypeOfThoroughfare,rdfs:subClassOf,owl:Thing
http://kbpedia.org/kko/rc/TypeOfThoroughfare,rdfs:subClassOf,http://kbpedia.org/kko/rc/TravelRoute
http://kbpedia.org/kko/rc/Plate_Shield,rdfs:subClassOf,http://kbpedia.org/kko/rc/Shield
http://kbpedia.org/kko/rc/Plate_Shield,rdfs:subClassOf,owl:Thing
http://kbpedia.org/kko/rc/FordTorinoCar,rdfs:subClassOf,http://kbpedia.org/kko/rc/FordCar
http://kbpedia.org/kko/rc/FordTorinoCar,rdfs:subClassOf,owl:Thing
http://kbpedia.org/kko/rc/AvroLancaster,rdfs:subClassOf,http://kbpedia.org/kko/rc/BomberPlane
http://kbpedia.org/kko/rc/AvroLancaster,rdfs:subClassOf,owl:Thing
http://kbpedia.org/kko/rc/LakeHuronCircleTour,rdfs:subClassOf,http://kbpedia.org/kko/rc/CircleTour
http://kbpedia.org/kko/rc/LakeHuronCircleTour,rdfs:subClassOf,owl:Thing
http://kbpedia.org/kko/rc/NorthAmericanAJSavage,rdfs:subClassOf,http://kbpedia.org/kko/rc/BomberPlane
http://kbpedia.org/kko/rc/NorthAmericanAJSavage,rdfs:subClassOf,owl:Thing
http://kbpedia.org/kko/rc/Horseshoe,rdfs:subClassOf,http://kbpedia.org/kko/rc/Plate_Shield
http://kbpedia.org/kko/rc/Horseshoe,rdfs:subClassOf,owl:Thing
http://kbpedia.org/kko/rc/Horseshoe,rdfs:subClassOf,http://kbpedia.org/kko/rc/Saddlery
http://kbpedia.org/kko/rc/FordFSeriesPickup,rdfs:subClassOf,http://kbpedia.org/kko/rc/FordCar
http://kbpedia.org/kko/rc/FordFSeriesPickup,rdfs:subClassOf,owl:Thing
http://kbpedia.org/kko/rc/BuickCenturyCar,rdfs:subClassOf,http://kbpedia.org/kko/rc/BuickCar
http://kbpedia.org/kko/rc/BuickCenturyCar,rdfs:subClassOf,owl:Thing
http://kbpedia.org/kko/rc/MedialCord_BrachialPlexus,rdfs:subClassOf,http://kbpedia.org/kko/rc/Nerve
http://kbpedia.org/kko/rc/MedialCord_BrachialPlexus,rdfs:subClassOf,owl:Thing
http://kbpedia.org/kko/rc/Rhein_classMonitor,rdfs:subClassOf,http://kbpedia.org/kko/rc/Monitor
http://kbpedia.org/kko/rc/Rhein_classMonitor,rdfs:subClassOf,owl:Thing
http://kbpedia.org/kko/rc/MacbookPro,rdfs:subClassOf,http://kbpedia.org/kko/rc/Macbook
http://kbpedia.org/kko/rc/MacbookPro,rdfs:subClassOf,owl:Thing
http://kbpedia.org/kko/rc/FordCortinaCar,rdfs:subClassOf,http://kbpedia.org/kko/rc/FordCar
http://kbpedia.org/kko/rc/FordCortinaCar,rdfs:subClassOf,owl:Thing
http://kbpedia.org/kko/rc/BuickGSXCar,rdfs:subClassOf,http://kbpedia.org/kko/rc/BuickCar
http://kbpedia.org/kko/rc/BuickGSXCar,rdfs:subClassOf,owl:Thing
http://kbpedia.org/kko/rc/TransitCenter,rdfs:subClassOf,http://kbpedia.org/kko/rc/MassTransitSystem
http://kbpedia.org/kko/rc/TransitCenter,rdfs:subClassOf,owl:Thing
http://kbpedia.org/kko/rc/TransitCenter,rdfs:subClassOf,http://kbpedia.org/kko/rc/Terminal_TransferPoint
http://kbpedia.org/kko/rc/MuzzleForAnimal,rdfs:subClassOf,http://kbpedia.org/kko/rc/HorseHarness
http://kbpedia.org/kko/rc/MuzzleForAnimal,rdfs:subClassOf,owl:Thing
http://kbpedia.org/kko/rc/MuzzleForAnimal,rdfs:subClassOf,http://kbpedia.org/kko/rc/NonPoweredDevice
http://kbpedia.org/kko/rc/MuzzleForAnimal,rdfs:subClassOf,http://kbpedia.org/kko/rc/Restraint_PhysicalDevice
http://kbpedia.org/kko/rc/Train,rdfs:subClassOf,http://kbpedia.org/kko/rc/RailwayTramwayMachinery
http://kbpedia.org/kko/rc/Train,rdfs:subClassOf,owl:Thing
http://kbpedia.org/kko/rc/Train,rdfs:subClassOf,http://kbpedia.org/kko/rc/RailwayTransportationDevice
http://kbpedia.org/kko/rc/Train,rdfs:subClassOf,http://kbpedia.org/kko/rc/TransportationContainerProduct
http://kbpedia.org/kko/rc/Train,rdfs:subClassOf,http://kbpedia.org/kko/rc/WheeledTransportationDevice
http://kbpedia.org/kko/rc/TypeOfRoad,rdfs:subClassOf,http://kbpedia.org/kko/rc/Roadway
http://kbpedia.org/kko/rc/TypeOfRoad,rdfs:subClassOf,owl:Thing
http://kbpedia.org/kko/rc/KryptoniteLock,rdfs:subClassOf,http://kbpedia.org/kko/rc/Lock
http://kbpedia.org/kko/rc/KryptoniteLock,rdfs:subClassOf,owl:Thing
http://kbpedia.org/kko/rc/MaseratiCar,rdfs:subClassOf,http://kbpedia.org/kko/rc/ItalianCar
http://kbpedia.org/kko/rc/MaseratiCar,rdfs:subClassOf,owl:Thing
http://kbpedia.org/kko/rc/FordClubWagonCar,rdfs:subClassOf,http://kbpedia.org/kko/rc/FordCar
http://kbpedia.org/kko/rc/FordClubWagonCar,rdfs:subClassOf,owl:Thing
http://kbpedia.org/kko/rc/FordClubWagonCar,rdfs:subClassOf,http://kbpedia.org/kko/rc/StationWagon
http://kbpedia.org/kko/rc/BuickSkylarkCar,rdfs:subClassOf,http://kbpedia.org/kko/rc/BuickCar
http://kbpedia.org/kko/rc/BuickSkylarkCar,rdfs:subClassOf,owl:Thing
http://kbpedia.org/kko/rc/PrimaryDomainController,rdfs:subClassOf,http://kbpedia.org/kko/rc/NTDomainServer
http://kbpedia.org/kko/rc/PrimaryDomainController,rdfs:subClassOf,owl:Thing
http://kbpedia.org/kko/rc/MedialPectoralNerve,rdfs:subClassOf,http://kbpedia.org/kko/rc/MotorNerve
http://kbpedia.org/kko/rc/MedialPectoralNerve,rdfs:subClassOf,owl:Thing
http://kbpedia.org/kko/rc/SwissFighterAircraft,rdfs:subClassOf,http://kbpedia.org/kko/rc/FightersByCountry
http://kbpedia.org/kko/rc/SwissFighterAircraft,rdfs:subClassOf,owl:Thing
http://kbpedia.org/kko/rc/SwissFighterAircraft,rdfs:subClassOf,http://kbpedia.org/kko/rc/FighterPlane
http://kbpedia.org/kko/rc/MaseratiBoraCar,rdfs:subClassOf,http://kbpedia.org/kko/rc/MaseratiCar
http://kbpedia.org/kko/rc/MaseratiBoraCar,rdfs:subClassOf,owl:Thing
http://kbpedia.org/kko/rc/FastAttackCraft_Gun,rdfs:subClassOf,http://kbpedia.org/kko/rc/FastAttackCraft
http://kbpedia.org/kko/rc/FastAttackCraft_Gun,rdfs:subClassOf,owl:Thing
http://kbpedia.org/kko/rc/FastAttackCraft_Gun,rdfs:subClassOf,http://kbpedia.org/kko/rc/PatrolWatercraft
http://kbpedia.org/kko/rc/BuickVehicle,rdfs:subClassOf,http://kbpedia.org/kko/rc/BuickCar
http://kbpedia.org/kko/rc/BuickVehicle,rdfs:subClassOf,owl:Thing
http://kbpedia.org/kko/rc/Sloop,rdfs:subClassOf,http://kbpedia.org/kko/rc/Watercraft_Surface
http://kbpedia.org/kko/rc/Sloop,rdfs:subClassOf,owl:Thing
http://kbpedia.org/kko/rc/UndirectedGraph,rdfs:subClassOf,http://kbpedia.org/kko/rc/Multigraph
http://kbpedia.org/kko/rc/UndirectedGraph,rdfs:subClassOf,owl:Thing
http://kbpedia.org/kko/rc/Frigate_SailingShip,rdfs:subClassOf,http://kbpedia.org/kko/rc/SailingWarship
http://kbpedia.org/kko/rc/Frigate_SailingShip,rdfs:subClassOf,owl:Thing
http://kbpedia.org/kko/rc/Frigate_SailingShip,rdfs:subClassOf,http://kbpedia.org/kko/rc/MilitaryWatercraft
http://kbpedia.org/kko/rc/TransitOrientedDevelopment,rdfs:subClassOf,http://kbpedia.org/kko/rc/MassTransitSystem
http://kbpedia.org/kko/rc/TransitOrientedDevelopment,rdfs:subClassOf,owl:Thing
http://kbpedia.org/kko/rc/ApplePowerbookComputer,rdfs:subClassOf,http://kbpedia.org/kko/rc/LaptopComputer
http://kbpedia.org/kko/rc/ApplePowerbookComputer,rdfs:subClassOf,owl:Thing
http://kbpedia.org/kko/rc/ApplePowerbookComputer,rdfs:subClassOf,http://kbpedia.org/kko/rc/MacintoshComputer
http://kbpedia.org/kko/rc/ApplePowerbookComputer,rdfs:subClassOf,http://kbpedia.org/kko/rc/AppleIncHardware
http://kbpedia.org/kko/rc/LateralPectoralNerve,rdfs:subClassOf,http://kbpedia.org/kko/rc/SensoryMotorNerve
http://kbpedia.org/kko/rc/LateralPectoralNerve,rdfs:subClassOf,owl:Thing
http://kbpedia.org/kko/rc/ModernFrigate,rdfs:subClassOf,http://kbpedia.org/kko/rc/ModernNavalShip
http://kbpedia.org/kko/rc/ModernFrigate,rdfs:subClassOf,owl:Thing
http://kbpedia.org/kko/rc/MaseratiIndyCar,rdfs:subClassOf,http://kbpedia.org/kko/rc/MaseratiCar
http://kbpedia.org/kko/rc/MaseratiIndyCar,rdfs:subClassOf,owl:Thing
http://kbpedia.org/kko/rc/FordGranTorinoCar,rdfs:subClassOf,http://kbpedia.org/kko/rc/FordCar
http://kbpedia.org/kko/rc/FordGranTorinoCar,rdfs:subClassOf,owl:Thing
http://kbpedia.org/kko/rc/BuickElectraCar,rdfs:subClassOf,http://kbpedia.org/kko/rc/BuickCar
http://kbpedia.org/kko/rc/BuickElectraCar,rdfs:subClassOf,owl:Thing
http://kbpedia.org/kko/rc/Shield,rdfs:subClassOf,http://kbpedia.org/kko/rc/Cover_Protector
http://kbpedia.org/kko/rc/Shield,rdfs:subClassOf,owl:Thing
http://kbpedia.org/kko/rc/Shield,rdfs:subClassOf,http://kbpedia.org/kko/rc/DefenseSystem
http://kbpedia.org/kko/rc/MaseratiKhamsinCar,rdfs:subClassOf,http://kbpedia.org/kko/rc/MaseratiCar
http://kbpedia.org/kko/rc/MaseratiKhamsinCar,rdfs:subClassOf,owl:Thing
http://kbpedia.org/kko/rc/FordBroncoIICar,rdfs:subClassOf,http://kbpedia.org/kko/rc/FordCar
http://kbpedia.org/kko/rc/FordBroncoIICar,rdfs:subClassOf,owl:Thing
http://kbpedia.org/kko/rc/AustinCar,rdfs:subClassOf,http://kbpedia.org/kko/rc/EnglishCar
http://kbpedia.org/kko/rc/AustinCar,rdfs:subClassOf,owl:Thing
http://kbpedia.org/kko/rc/ThaiFighterAircraft,rdfs:subClassOf,http://kbpedia.org/kko/rc/FightersByCountry
http://kbpedia.org/kko/rc/ThaiFighterAircraft,rdfs:subClassOf,owl:Thing
http://kbpedia.org/kko/rc/ThaiFighterAircraft,rdfs:subClassOf,http://kbpedia.org/kko/rc/FighterPlane
http://kbpedia.org/kko/rc/RoadwayJunction_Primary,rdfs:subClassOf,http://kbpedia.org/kko/rc/RoadwayJunction
http://kbpedia.org/kko/rc/RoadwayJunction_Primary,rdfs:subClassOf,owl:Thing
http://kbpedia.org/kko/rc/MaseratiKyalamiCar,rdfs:subClassOf,http://kbpedia.org/kko/rc/MaseratiCar
http://kbpedia.org/kko/rc/MaseratiKyalamiCar,rdfs:subClassOf,owl:Thing
http://kbpedia.org/kko/rc/FordEscortCar,rdfs:subClassOf,http://kbpedia.org/kko/rc/FordCar
http://kbpedia.org/kko/rc/FordEscortCar,rdfs:subClassOf,owl:Thing
http://kbpedia.org/kko/rc/OffRoadDriving,rdfs:subClassOf,http://kbpedia.org/kko/rc/TransportVia_RoadVehicle
http://kbpedia.org/kko/rc/OffRoadDriving,rdfs:subClassOf,owl:Thing
http://kbpedia.org/kko/rc/UnderwayReplenishmentShip,rdfs:subClassOf,http://kbpedia.org/kko/rc/ModernNavalShip
http://kbpedia.org/kko/rc/UnderwayReplenishmentShip,rdfs:subClassOf,owl:Thing
http://kbpedia.org/kko/rc/CoccygealPlexus,rdfs:subClassOf,http://kbpedia.org/kko/rc/Nerve
http://kbpedia.org/kko/rc/CoccygealPlexus,rdfs:subClassOf,owl:Thing
http://kbpedia.org/kko/rc/YugoCar,rdfs:subClassOf,http://kbpedia.org/kko/rc/EuropeanCar
http://kbpedia.org/kko/rc/YugoCar,rdfs:subClassOf,owl:Thing
http://kbpedia.org/kko/rc/MaseratiMistralCar,rdfs:subClassOf,http://kbpedia.org/kko/rc/MaseratiCar
http://kbpedia.org/kko/rc/MaseratiMistralCar,rdfs:subClassOf,owl:Thing
http://kbpedia.org/kko/rc/Invincible_classBattlecruiser,rdfs:subClassOf,http://kbpedia.org/kko/rc/BattleCruiser
http://kbpedia.org/kko/rc/Invincible_classBattlecruiser,rdfs:subClassOf,owl:Thing
http://kbpedia.org/kko/rc/NuclearAircraftCarrier,rdfs:subClassOf,http://kbpedia.org/kko/rc/AircraftCarrier
http://kbpedia.org/kko/rc/NuclearAircraftCarrier,rdfs:subClassOf,owl:Thing
http://kbpedia.org/kko/rc/NuclearAircraftCarrier,rdfs:subClassOf,http://kbpedia.org/kko/rc/NuclearPoweredDevice
http://kbpedia.org/kko/rc/FordLTDCrownVictoriaCar,rdfs:subClassOf,http://kbpedia.org/kko/rc/FordCar
http://kbpedia.org/kko/rc/FordLTDCrownVictoriaCar,rdfs:subClassOf,owl:Thing
http://kbpedia.org/kko/rc/Pedal,rdfs:subClassOf,http://kbpedia.org/kko/rc/VehicleInteriorSystem
http://kbpedia.org/kko/rc/Pedal,rdfs:subClassOf,owl:Thing
http://kbpedia.org/kko/rc/U_Boat,rdfs:subClassOf,http://kbpedia.org/kko/rc/AttackSubmarine
http://kbpedia.org/kko/rc/U_Boat,rdfs:subClassOf,owl:Thing
http://kbpedia.org/kko/rc/OceanLiner,rdfs:subClassOf,http://kbpedia.org/kko/rc/PublicTransportationDevice
http://kbpedia.org/kko/rc/OceanLiner,rdfs:subClassOf,owl:Thing
http://kbpedia.org/kko/rc/OceanLiner,rdfs:subClassOf,http://kbpedia.org/kko/rc/Ship
http://kbpedia.org/kko/rc/OceanLiner,rdfs:subClassOf,http://kbpedia.org/kko/rc/WaterTransportationVehicle
http://kbpedia.org/kko/rc/MaseratiVehicle,rdfs:subClassOf,http://kbpedia.org/kko/rc/MaseratiCar
http://kbpedia.org/kko/rc/MaseratiVehicle,rdfs:subClassOf,owl:Thing
http://kbpedia.org/kko/rc/FastFrigate,rdfs:subClassOf,http://kbpedia.org/kko/rc/ModernFrigate
http://kbpedia.org/kko/rc/FastFrigate,rdfs:subClassOf,owl:Thing
http://kbpedia.org/kko/rc/FordLTDIICar,rdfs:subClassOf,http://kbpedia.org/kko/rc/FordCar
http://kbpedia.org/kko/rc/FordLTDIICar,rdfs:subClassOf,owl:Thing
http://kbpedia.org/kko/rc/Tsukuba_classCruiser,rdfs:subClassOf,http://kbpedia.org/kko/rc/Cruiser
http://kbpedia.org/kko/rc/Tsukuba_classCruiser,rdfs:subClassOf,owl:Thing
http://kbpedia.org/kko/rc/PanaviaTornado,rdfs:subClassOf,http://kbpedia.org/kko/rc/MultiRoleAircraft
http://kbpedia.org/kko/rc/PanaviaTornado,rdfs:subClassOf,owl:Thing
http://kbpedia.org/kko/rc/GermanTypeIXASubmarine,rdfs:subClassOf,http://kbpedia.org/kko/rc/U_Boat
http://kbpedia.org/kko/rc/GermanTypeIXASubmarine,rdfs:subClassOf,owl:Thing
http://kbpedia.org/kko/rc/MacintoshPlatform,rdfs:subClassOf,http://kbpedia.org/kko/rc/MacintoshComputer
http://kbpedia.org/kko/rc/MacintoshPlatform,rdfs:subClassOf,owl:Thing
http://kbpedia.org/kko/rc/MacintoshPlatform,rdfs:subClassOf,http://kbpedia.org/kko/rc/AppleIncHardware
http://kbpedia.org/kko/rc/TireTireTube,rdfs:subClassOf,http://kbpedia.org/kko/rc/TransportationComponentSystem
http://kbpedia.org/kko/rc/TireTireTube,rdfs:subClassOf,owl:Thing
http://kbpedia.org/kko/rc/FordExpeditionCar,rdfs:subClassOf,http://kbpedia.org/kko/rc/FordCar
http://kbpedia.org/kko/rc/FordExpeditionCar,rdfs:subClassOf,owl:Thing
http://kbpedia.org/kko/rc/NintendoEntertainmentSystem_TheProduct,rdfs:subClassOf,http://kbpedia.org/kko/rc/HomeVideoGameMachine
http://kbpedia.org/kko/rc/NintendoEntertainmentSystem_TheProduct,rdfs:subClassOf,owl:Thing
http://kbpedia.org/kko/rc/HighSpeed1,rdfs:subClassOf,http://kbpedia.org/kko/rc/Eurostar
http://kbpedia.org/kko/rc/HighSpeed1,rdfs:subClassOf,owl:Thing
http://kbpedia.org/kko/rc/HighSpeed1,rdfs:subClassOf,http://kbpedia.org/kko/rc/ChannelTunnel
http://kbpedia.org/kko/rc/MaseratiGhibliCar,rdfs:subClassOf,http://kbpedia.org/kko/rc/MaseratiCar
http://kbpedia.org/kko/rc/MaseratiGhibliCar,rdfs:subClassOf,owl:Thing
http://kbpedia.org/kko/rc/FordExplorerCar,rdfs:subClassOf,http://kbpedia.org/kko/rc/FordCar
http://kbpedia.org/kko/rc/FordExplorerCar,rdfs:subClassOf,owl:Thing
http://kbpedia.org/kko/rc/FordExplorerCar,rdfs:subClassOf,http://kbpedia.org/kko/rc/SportUtilityVehicle
http://kbpedia.org/kko/rc/NintendoEntertainmentSystemAccessory,rdfs:subClassOf,http://kbpedia.org/kko/rc/NintendoEntertainmentSystem_TheProduct
http://kbpedia.org/kko/rc/NintendoEntertainmentSystemAccessory,rdfs:subClassOf,owl:Thing
http://kbpedia.org/kko/rc/Number13_classBattleship,rdfs:subClassOf,http://kbpedia.org/kko/rc/Battleship
http://kbpedia.org/kko/rc/Number13_classBattleship,rdfs:subClassOf,owl:Thing
http://kbpedia.org/kko/rc/OnlineBankingSecurity_Technology,rdfs:subClassOf,http://kbpedia.org/kko/rc/ComputationalSystemSecurityTechnology
http://kbpedia.org/kko/rc/OnlineBankingSecurity_Technology,rdfs:subClassOf,owl:Thing
http://kbpedia.org/kko/rc/FordMustangCar,rdfs:subClassOf,http://kbpedia.org/kko/rc/FordCar
http://kbpedia.org/kko/rc/FordMustangCar,rdfs:subClassOf,owl:Thing
http://kbpedia.org/kko/rc/NintendoEntertainmentSystemHardwareClone,rdfs:subClassOf,http://kbpedia.org/kko/rc/NintendoEntertainmentSystem_TheProduct
http://kbpedia.org/kko/rc/NintendoEntertainmentSystemHardwareClone,rdfs:subClassOf,owl:Thing
http://kbpedia.org/kko/rc/Corvette_Ship,rdfs:subClassOf,http://kbpedia.org/kko/rc/ModernNavalShip
http://kbpedia.org/kko/rc/Corvette_Ship,rdfs:subClassOf,owl:Thing
http://kbpedia.org/kko/rc/Majestic_classBattleship,rdfs:subClassOf,http://kbpedia.org/kko/rc/PreDreadnoughtBattleship
http://kbpedia.org/kko/rc/Majestic_classBattleship,rdfs:subClassOf,owl:Thing
http://kbpedia.org/kko/rc/ChryslerNewportCar,rdfs:subClassOf,http://kbpedia.org/kko/rc/ChryslerCar
http://kbpedia.org/kko/rc/ChryslerNewportCar,rdfs:subClassOf,owl:Thing
http://kbpedia.org/kko/rc/FordFocusCar,rdfs:subClassOf,http://kbpedia.org/kko/rc/FordCar
http://kbpedia.org/kko/rc/FordFocusCar,rdfs:subClassOf,owl:Thing
http://kbpedia.org/kko/rc/NintendoGameCubeAccessory,rdfs:subClassOf,http://kbpedia.org/kko/rc/Gamecube
http://kbpedia.org/kko/rc/NintendoGameCubeAccessory,rdfs:subClassOf,owl:Thing
http://kbpedia.org/kko/rc/SloopOfWar,rdfs:subClassOf,http://kbpedia.org/kko/rc/Corvette_Ship
http://kbpedia.org/kko/rc/SloopOfWar,rdfs:subClassOf,owl:Thing
http://kbpedia.org/kko/rc/SloopOfWar,rdfs:subClassOf,http://kbpedia.org/kko/rc/SailingWarship
http://kbpedia.org/kko/rc/SloopOfWar,rdfs:subClassOf,http://kbpedia.org/kko/rc/Sloop
http://kbpedia.org/kko/rc/NorthAmericanXB_21,rdfs:subClassOf,http://kbpedia.org/kko/rc/BomberPlane
http://kbpedia.org/kko/rc/NorthAmericanXB_21,rdfs:subClassOf,owl:Thing
http://kbpedia.org/kko/rc/AmmunitionShip,rdfs:subClassOf,http://kbpedia.org/kko/rc/UnderwayReplenishmentShip
http://kbpedia.org/kko/rc/AmmunitionShip,rdfs:subClassOf,owl:Thing
http://kbpedia.org/kko/rc/ChryslerTransmission,rdfs:subClassOf,http://kbpedia.org/kko/rc/ChryslerCar
http://kbpedia.org/kko/rc/ChryslerTransmission,rdfs:subClassOf,owl:Thing
http://kbpedia.org/kko/rc/Amagi_classBattlecruiser,rdfs:subClassOf,http://kbpedia.org/kko/rc/BattleCruiser
http://kbpedia.org/kko/rc/Amagi_classBattlecruiser,rdfs:subClassOf,owl:Thing
http://kbpedia.org/kko/rc/StationWagon,rdfs:subClassOf,http://kbpedia.org/kko/rc/AutomobileTypeByBodyStyle
http://kbpedia.org/kko/rc/StationWagon,rdfs:subClassOf,owl:Thing
http://kbpedia.org/kko/rc/StationWagon,rdfs:subClassOf,http://kbpedia.org/kko/rc/Automobile_GasolineEngine
http://kbpedia.org/kko/rc/StationWagon,rdfs:subClassOf,http://kbpedia.org/kko/rc/PassengerMotorVehicle
http://kbpedia.org/kko/rc/AustinA60Car,rdfs:subClassOf,http://kbpedia.org/kko/rc/AustinCar
http://kbpedia.org/kko/rc/AustinA60Car,rdfs:subClassOf,owl:Thing
http://kbpedia.org/kko/rc/MedialPlantarNerve,rdfs:subClassOf,http://kbpedia.org/kko/rc/Nerve
http://kbpedia.org/kko/rc/MedialPlantarNerve,rdfs:subClassOf,owl:Thing
http://kbpedia.org/kko/rc/GermanTypeU66Submarine,rdfs:subClassOf,http://kbpedia.org/kko/rc/U_Boat
http://kbpedia.org/kko/rc/GermanTypeU66Submarine,rdfs:subClassOf,owl:Thing
http://kbpedia.org/kko/rc/CoccygealNerve,rdfs:subClassOf,http://kbpedia.org/kko/rc/SpinalNerve
http://kbpedia.org/kko/rc/CoccygealNerve,rdfs:subClassOf,owl:Thing
http://kbpedia.org/kko/rc/FordEconolineVanCar,rdfs:subClassOf,http://kbpedia.org/kko/rc/FordCar
http://kbpedia.org/kko/rc/FordEconolineVanCar,rdfs:subClassOf,owl:Thing
http://kbpedia.org/kko/rc/Aviso,rdfs:subClassOf,http://kbpedia.org/kko/rc/SloopOfWar
http://kbpedia.org/kko/rc/Aviso,rdfs:subClassOf,owl:Thing
http://kbpedia.org/kko/rc/Eurostar,rdfs:subClassOf,http://kbpedia.org/kko/rc/ChannelTunnel
http://kbpedia.org/kko/rc/Eurostar,rdfs:subClassOf,owl:Thing
http://kbpedia.org/kko/rc/Eurostar,rdfs:subClassOf,http://kbpedia.org/kko/rc/Train
http://kbpedia.org/kko/rc/AutomobileTire,rdfs:subClassOf,http://kbpedia.org/kko/rc/AutoPart
http://kbpedia.org/kko/rc/AutomobileTire,rdfs:subClassOf,owl:Thing
http://kbpedia.org/kko/rc/AutomobileTire,rdfs:subClassOf,http://kbpedia.org/kko/rc/AutoTireMarketCategory
http://kbpedia.org/kko/rc/AutomobileTire,rdfs:subClassOf,http://kbpedia.org/kko/rc/GeneralAutoMarketCategory
http://kbpedia.org/kko/rc/AutomobileTire,rdfs:subClassOf,http://kbpedia.org/kko/rc/Tire
http://kbpedia.org/kko/rc/FordF_350Pickup,rdfs:subClassOf,http://kbpedia.org/kko/rc/FordFSeriesPickup
http://kbpedia.org/kko/rc/FordF_350Pickup,rdfs:subClassOf,owl:Thing
http://kbpedia.org/kko/rc/AutoTireMarketCategory,rdfs:subClassOf,http://kbpedia.org/kko/rc/AutomobileLightTruckTire
http://kbpedia.org/kko/rc/AutoTireMarketCategory,rdfs:subClassOf,owl:Thing
http://kbpedia.org/kko/rc/AutoTireMarketCategory,rdfs:subClassOf,http://kbpedia.org/kko/rc/ProductTypeByMarketCategory
http://kbpedia.org/kko/rc/ZIL_157CargoTruck,rdfs:subClassOf,http://kbpedia.org/kko/rc/CargoTruck
http://kbpedia.org/kko/rc/ZIL_157CargoTruck,rdfs:subClassOf,owl:Thing
http://kbpedia.org/kko/rc/ZIL_157CargoTruck,rdfs:subClassOf,http://kbpedia.org/kko/rc/Truck
http://kbpedia.org/kko/rc/ChryslerNewYorkerCar,rdfs:subClassOf,http://kbpedia.org/kko/rc/ChryslerCar
http://kbpedia.org/kko/rc/ChryslerNewYorkerCar,rdfs:subClassOf,owl:Thing
http://kbpedia.org/kko/rc/ChryslerNewYorkerCar,rdfs:subClassOf,http://kbpedia.org/kko/rc/SedanCar
http://kbpedia.org/kko/rc/AllWeatherTire,rdfs:subClassOf,http://kbpedia.org/kko/rc/AutomobileTire
http://kbpedia.org/kko/rc/AllWeatherTire,rdfs:subClassOf,owl:Thing
http://kbpedia.org/kko/rc/AllWeatherTire,rdfs:subClassOf,http://kbpedia.org/kko/rc/AutoTireMarketCategory
http://kbpedia.org/kko/rc/BuildingSecuritySystem,rdfs:subClassOf,http://kbpedia.org/kko/rc/ConsumerElectronicDevice
http://kbpedia.org/kko/rc/BuildingSecuritySystem,rdfs:subClassOf,owl:Thing
http://kbpedia.org/kko/rc/BuildingSecuritySystem,rdfs:subClassOf,http://kbpedia.org/kko/rc/SecurityDevice
http://kbpedia.org/kko/rc/FrancescoCaracciolo_classBattleship,rdfs:subClassOf,http://kbpedia.org/kko/rc/Battleship
http://kbpedia.org/kko/rc/FrancescoCaracciolo_classBattleship,rdfs:subClassOf,owl:Thing
http://kbpedia.org/kko/rc/BradleyFightingVehicle_M2,rdfs:subClassOf,http://kbpedia.org/kko/rc/ArmoredInfantryFightingVehicle
http://kbpedia.org/kko/rc/BradleyFightingVehicle_M2,rdfs:subClassOf,owl:Thing
http://kbpedia.org/kko/rc/BradleyFightingVehicle_M2,rdfs:subClassOf,http://kbpedia.org/kko/rc/TrackedVehicle
http://kbpedia.org/kko/rc/BradleyFightingVehicle_M2,rdfs:subClassOf,http://kbpedia.org/kko/rc/ArmoredFightingVehicle
http://kbpedia.org/kko/rc/TrunkedRadioSystem,rdfs:subClassOf,http://kbpedia.org/kko/rc/Radio
http://kbpedia.org/kko/rc/TrunkedRadioSystem,rdfs:subClassOf,owl:Thing
http://kbpedia.org/kko/rc/Frigate,rdfs:subClassOf,http://kbpedia.org/kko/rc/ModernFrigate
http://kbpedia.org/kko/rc/Frigate,rdfs:subClassOf,owl:Thing
http://kbpedia.org/kko/rc/SedanCar,rdfs:subClassOf,http://kbpedia.org/kko/rc/AutomobileTypeByBodyStyle
http://kbpedia.org/kko/rc/SedanCar,rdfs:subClassOf,owl:Thing
http://kbpedia.org/kko/rc/NissanPathfinderCar,rdfs:subClassOf,http://kbpedia.org/kko/rc/NissanCar
http://kbpedia.org/kko/rc/NissanPathfinderCar,rdfs:subClassOf,owl:Thing
http://kbpedia.org/kko/rc/NissanPathfinderCar,rdfs:subClassOf,http://kbpedia.org/kko/rc/SportUtilityVehicle
http://kbpedia.org/kko/rc/BradleyLinebacker_M6,rdfs:subClassOf,http://kbpedia.org/kko/rc/BradleyFightingVehicle_M2
http://kbpedia.org/kko/rc/BradleyLinebacker_M6,rdfs:subClassOf,owl:Thing
http://kbpedia.org/kko/rc/Maine_classBattleship,rdfs:subClassOf,http://kbpedia.org/kko/rc/PreDreadnoughtBattleship
http://kbpedia.org/kko/rc/Maine_classBattleship,rdfs:subClassOf,owl:Thing
http://kbpedia.org/kko/rc/Parkway,rdfs:subClassOf,http://kbpedia.org/kko/rc/Roadway
http://kbpedia.org/kko/rc/Parkway,rdfs:subClassOf,owl:Thing
http://kbpedia.org/kko/rc/NissanSkyline,rdfs:subClassOf,http://kbpedia.org/kko/rc/NissanCar
http://kbpedia.org/kko/rc/NissanSkyline,rdfs:subClassOf,owl:Thing
http://kbpedia.org/kko/rc/Gucci,rdfs:subClassOf,http://kbpedia.org/kko/rc/Luggage
http://kbpedia.org/kko/rc/Gucci,rdfs:subClassOf,owl:Thing
http://kbpedia.org/kko/rc/VehicleInteriorSystem,rdfs:subClassOf,http://kbpedia.org/kko/rc/TransportationComponentSystem
http://kbpedia.org/kko/rc/VehicleInteriorSystem,rdfs:subClassOf,owl:Thing
http://kbpedia.org/kko/rc/AccidentInvolvingEurostar,rdfs:subClassOf,http://kbpedia.org/kko/rc/Eurostar
http://kbpedia.org/kko/rc/AccidentInvolvingEurostar,rdfs:subClassOf,owl:Thing
http://kbpedia.org/kko/rc/F_18_Fighter,rdfs:subClassOf,http://kbpedia.org/kko/rc/BoeingAircraft
http://kbpedia.org/kko/rc/F_18_Fighter,rdfs:subClassOf,owl:Thing
http://kbpedia.org/kko/rc/F_18_Fighter,rdfs:subClassOf,http://kbpedia.org/kko/rc/CarrierBasedAircraft
http://kbpedia.org/kko/rc/F_18_Fighter,rdfs:subClassOf,http://kbpedia.org/kko/rc/JetPropelledAircraft
http://kbpedia.org/kko/rc/F_18_Fighter,rdfs:subClassOf,http://kbpedia.org/kko/rc/Jetfighter
http://kbpedia.org/kko/rc/F_18_Fighter,rdfs:subClassOf,http://kbpedia.org/kko/rc/MultiRoleAircraft
http://kbpedia.org/kko/rc/F_18_Fighter,rdfs:subClassOf,http://kbpedia.org/kko/rc/FighterPlane
http://kbpedia.org/kko/rc/Gunboat,rdfs:subClassOf,http://kbpedia.org/kko/rc/ModernNavalShip
http://kbpedia.org/kko/rc/Gunboat,rdfs:subClassOf,owl:Thing
http://kbpedia.org/kko/rc/NissanSkylineGT_R,rdfs:subClassOf,http://kbpedia.org/kko/rc/NissanCar
http://kbpedia.org/kko/rc/NissanSkylineGT_R,rdfs:subClassOf,owl:Thing
http://kbpedia.org/kko/rc/Tu_16_Bomber,rdfs:subClassOf,http://kbpedia.org/kko/rc/BomberPlane
http://kbpedia.org/kko/rc/Tu_16_Bomber,rdfs:subClassOf,owl:Thing
http://kbpedia.org/kko/rc/Bicycle,rdfs:subClassOf,http://kbpedia.org/kko/rc/BicycleMarketCategory
http://kbpedia.org/kko/rc/Bicycle,rdfs:subClassOf,owl:Thing
http://kbpedia.org/kko/rc/Bicycle,rdfs:subClassOf,http://kbpedia.org/kko/rc/Device_UserPowered
http://kbpedia.org/kko/rc/Bicycle,rdfs:subClassOf,http://kbpedia.org/kko/rc/PedalPoweredVehicle
http://kbpedia.org/kko/rc/Bicycle,rdfs:subClassOf,http://kbpedia.org/kko/rc/RoadVehicle
http://kbpedia.org/kko/rc/Bicycle,rdfs:subClassOf,http://kbpedia.org/kko/rc/WheeledTransportationDevice
http://kbpedia.org/kko/rc/Bicycle,rdfs:subClassOf,http://kbpedia.org/kko/rc/Device_UserControlled
http://kbpedia.org/kko/rc/F_5E_Fighter,rdfs:subClassOf,http://kbpedia.org/kko/rc/BomberPlane
http://kbpedia.org/kko/rc/F_5E_Fighter,rdfs:subClassOf,owl:Thing
http://kbpedia.org/kko/rc/F_5E_Fighter,rdfs:subClassOf,http://kbpedia.org/kko/rc/JetPropelledAircraft
http://kbpedia.org/kko/rc/F_5E_Fighter,rdfs:subClassOf,http://kbpedia.org/kko/rc/Jetfighter
http://kbpedia.org/kko/rc/NissanStanzaCar,rdfs:subClassOf,http://kbpedia.org/kko/rc/NissanCar
http://kbpedia.org/kko/rc/NissanStanzaCar,rdfs:subClassOf,owl:Thing
http://kbpedia.org/kko/rc/Pseudoforest,rdfs:subClassOf,http://kbpedia.org/kko/rc/UndirectedGraph
http://kbpedia.org/kko/rc/Pseudoforest,rdfs:subClassOf,owl:Thing
http://kbpedia.org/kko/rc/ComputerWorkstation,rdfs:subClassOf,http://kbpedia.org/kko/rc/SingleUserComputer
http://kbpedia.org/kko/rc/ComputerWorkstation,rdfs:subClassOf,owl:Thing
http://kbpedia.org/kko/rc/LakeSuperiorCircleTour,rdfs:subClassOf,http://kbpedia.org/kko/rc/CircleTour
http://kbpedia.org/kko/rc/LakeSuperiorCircleTour,rdfs:subClassOf,owl:Thing
http://kbpedia.org/kko/rc/SprinklerSystem,rdfs:subClassOf,http://kbpedia.org/kko/rc/IrrigationFloodControlWaterwork
http://kbpedia.org/kko/rc/SprinklerSystem,rdfs:subClassOf,owl:Thing
http://kbpedia.org/kko/rc/SprinklerSystem,rdfs:subClassOf,http://kbpedia.org/kko/rc/PhysicalSystem
http://kbpedia.org/kko/rc/SprinklerSystem,rdfs:subClassOf,http://kbpedia.org/kko/rc/SystemOfDevices
http://kbpedia.org/kko/rc/CruiseControlSystem,rdfs:subClassOf,http://kbpedia.org/kko/rc/MasterControlSystem
http://kbpedia.org/kko/rc/CruiseControlSystem,rdfs:subClassOf,owl:Thing
http://kbpedia.org/kko/rc/CruiseControlSystem,rdfs:subClassOf,http://kbpedia.org/kko/rc/MechanicalAutoPart
http://kbpedia.org/kko/rc/Etna_classCruiser,rdfs:subClassOf,http://kbpedia.org/kko/rc/Cruiser
http://kbpedia.org/kko/rc/Etna_classCruiser,rdfs:subClassOf,owl:Thing
http://kbpedia.org/kko/rc/Beacon_classGunvessel,rdfs:subClassOf,http://kbpedia.org/kko/rc/Gunboat
http://kbpedia.org/kko/rc/Beacon_classGunvessel,rdfs:subClassOf,owl:Thing
http://kbpedia.org/kko/rc/MedialSuralCutaneousNerve,rdfs:subClassOf,http://kbpedia.org/kko/rc/SensoryNerve
http://kbpedia.org/kko/rc/MedialSuralCutaneousNerve,rdfs:subClassOf,owl:Thing
http://kbpedia.org/kko/rc/SleepingBag,rdfs:subClassOf,http://kbpedia.org/kko/rc/Bag
http://kbpedia.org/kko/rc/SleepingBag,rdfs:subClassOf,owl:Thing
http://kbpedia.org/kko/rc/SleepingBag,rdfs:subClassOf,http://kbpedia.org/kko/rc/CampingOutdoorEquipment
http://kbpedia.org/kko/rc/SleepingBag,rdfs:subClassOf,http://kbpedia.org/kko/rc/InsulatingCover
http://kbpedia.org/kko/rc/Switch_Network,rdfs:subClassOf,http://kbpedia.org/kko/rc/Computer
http://kbpedia.org/kko/rc/Switch_Network,rdfs:subClassOf,owl:Thing
http://kbpedia.org/kko/rc/Switch_Network,rdfs:subClassOf,http://kbpedia.org/kko/rc/NetworkingHardware
http://kbpedia.org/kko/rc/Switch_Network,rdfs:subClassOf,http://kbpedia.org/kko/rc/ElectronicDevice
http://kbpedia.org/kko/rc/ChryslerPlatform,rdfs:subClassOf,http://kbpedia.org/kko/rc/ChryslerCar
http://kbpedia.org/kko/rc/ChryslerPlatform,rdfs:subClassOf,owl:Thing
http://kbpedia.org/kko/rc/NuclearSubmarine,rdfs:subClassOf,http://kbpedia.org/kko/rc/NuclearPoweredDevice
http://kbpedia.org/kko/rc/NuclearSubmarine,rdfs:subClassOf,owl:Thing
http://kbpedia.org/kko/rc/NuclearSubmarine,rdfs:subClassOf,http://kbpedia.org/kko/rc/Submarine
http://kbpedia.org/kko/rc/MedianNerve,rdfs:subClassOf,http://kbpedia.org/kko/rc/Nerve
http://kbpedia.org/kko/rc/MedianNerve,rdfs:subClassOf,owl:Thing
http://kbpedia.org/kko/rc/AutoSteeringSystemType,rdfs:subClassOf,http://kbpedia.org/kko/rc/Automobile
http://kbpedia.org/kko/rc/AutoSteeringSystemType,rdfs:subClassOf,owl:Thing
http://kbpedia.org/kko/rc/Bremen_classCruiser,rdfs:subClassOf,http://kbpedia.org/kko/rc/LightCruiser
http://kbpedia.org/kko/rc/Bremen_classCruiser,rdfs:subClassOf,owl:Thing
http://kbpedia.org/kko/rc/ChryslerSaratogaCar,rdfs:subClassOf,http://kbpedia.org/kko/rc/ChryslerCar
http://kbpedia.org/kko/rc/ChryslerSaratogaCar,rdfs:subClassOf,owl:Thing
http://kbpedia.org/kko/rc/BicycleBag,rdfs:subClassOf,http://kbpedia.org/kko/rc/Bag
http://kbpedia.org/kko/rc/BicycleBag,rdfs:subClassOf,owl:Thing
http://kbpedia.org/kko/rc/CommodoreComputer,rdfs:subClassOf,http://kbpedia.org/kko/rc/PersonalComputer
http://kbpedia.org/kko/rc/CommodoreComputer,rdfs:subClassOf,owl:Thing
http://kbpedia.org/kko/rc/Panther_classCruiser,rdfs:subClassOf,http://kbpedia.org/kko/rc/Cruiser
http://kbpedia.org/kko/rc/Panther_classCruiser,rdfs:subClassOf,owl:Thing
http://kbpedia.org/kko/rc/LightCruiser,rdfs:subClassOf,http://kbpedia.org/kko/rc/Cruiser
http://kbpedia.org/kko/rc/LightCruiser,rdfs:subClassOf,owl:Thing
http://kbpedia.org/kko/rc/FighterInterceptorPlane,rdfs:subClassOf,http://kbpedia.org/kko/rc/FighterPlane
http://kbpedia.org/kko/rc/FighterInterceptorPlane,rdfs:subClassOf,owl:Thing
http://kbpedia.org/kko/rc/NorthCarolina_classBattleship,rdfs:subClassOf,http://kbpedia.org/kko/rc/Battleship
http://kbpedia.org/kko/rc/NorthCarolina_classBattleship,rdfs:subClassOf,owl:Thing
http://kbpedia.org/kko/rc/Bretagne_classBattleship,rdfs:subClassOf,http://kbpedia.org/kko/rc/Dreadnought
http://kbpedia.org/kko/rc/Bretagne_classBattleship,rdfs:subClassOf,owl:Thing
http://kbpedia.org/kko/rc/GermanTypeUbISubmarine,rdfs:subClassOf,http://kbpedia.org/kko/rc/U_Boat
http://kbpedia.org/kko/rc/GermanTypeUbISubmarine,rdfs:subClassOf,owl:Thing
http://kbpedia.org/kko/rc/AndreaDoria_classBattleship,rdfs:subClassOf,http://kbpedia.org/kko/rc/Dreadnought
http://kbpedia.org/kko/rc/AndreaDoria_classBattleship,rdfs:subClassOf,owl:Thing
http://kbpedia.org/kko/rc/EnvironmentalControlSystem,rdfs:subClassOf,http://kbpedia.org/kko/rc/TransportationComponentSystem
http://kbpedia.org/kko/rc/EnvironmentalControlSystem,rdfs:subClassOf,owl:Thing
http://kbpedia.org/kko/rc/AvroCanadaCF_103,rdfs:subClassOf,http://kbpedia.org/kko/rc/ExperimentalAircraft
http://kbpedia.org/kko/rc/AvroCanadaCF_103,rdfs:subClassOf,owl:Thing
http://kbpedia.org/kko/rc/AvroCanadaCF_103,rdfs:subClassOf,http://kbpedia.org/kko/rc/FighterInterceptorPlane
http://kbpedia.org/kko/rc/AvroCanadaCF_103,rdfs:subClassOf,http://kbpedia.org/kko/rc/MilitaryAircraft
http://kbpedia.org/kko/rc/HillmanCar,rdfs:subClassOf,http://kbpedia.org/kko/rc/EnglishCar
http://kbpedia.org/kko/rc/HillmanCar,rdfs:subClassOf,owl:Thing
http://kbpedia.org/kko/rc/AvroCanadaCF_105Arrow,rdfs:subClassOf,http://kbpedia.org/kko/rc/FighterInterceptorPlane
http://kbpedia.org/kko/rc/AvroCanadaCF_105Arrow,rdfs:subClassOf,owl:Thing
http://kbpedia.org/kko/rc/HillmanMinxCar,rdfs:subClassOf,http://kbpedia.org/kko/rc/HillmanCar
http://kbpedia.org/kko/rc/HillmanMinxCar,rdfs:subClassOf,owl:Thing
http://kbpedia.org/kko/rc/BomberPlane,rdfs:subClassOf,http://kbpedia.org/kko/rc/Warplane
http://kbpedia.org/kko/rc/BomberPlane,rdfs:subClassOf,owl:Thing
http://kbpedia.org/kko/rc/BomberPlane,rdfs:subClassOf,http://kbpedia.org/kko/rc/MilitaryFixedWingAircraft
http://kbpedia.org/kko/rc/PathSystem,rdfs:subClassOf,http://kbpedia.org/kko/rc/System
http://kbpedia.org/kko/rc/PathSystem,rdfs:subClassOf,owl:Thing
http://kbpedia.org/kko/rc/TugBoat,rdfs:subClassOf,http://kbpedia.org/kko/rc/CommercialMarineCraft
http://kbpedia.org/kko/rc/TugBoat,rdfs:subClassOf,owl:Thing
http://kbpedia.org/kko/rc/TransformerSubstation,rdfs:subClassOf,http://kbpedia.org/kko/rc/ElectricalGrid
http://kbpedia.org/kko/rc/TransformerSubstation,rdfs:subClassOf,owl:Thing
http://kbpedia.org/kko/rc/TransformerSubstation,rdfs:subClassOf,http://kbpedia.org/kko/rc/PowerDistribution
http://kbpedia.org/kko/rc/TransformerSubstation,rdfs:subClassOf,http://kbpedia.org/kko/rc/Substation
http://kbpedia.org/kko/rc/LamborghiniGallardo,rdfs:subClassOf,http://kbpedia.org/kko/rc/LamborghiniCar
http://kbpedia.org/kko/rc/LamborghiniGallardo,rdfs:subClassOf,owl:Thing
http://kbpedia.org/kko/rc/NorthAmericanXB_70Valkyrie,rdfs:subClassOf,http://kbpedia.org/kko/rc/BomberPlane
http://kbpedia.org/kko/rc/NorthAmericanXB_70Valkyrie,rdfs:subClassOf,owl:Thing
http://kbpedia.org/kko/rc/DiskBrakeSystem,rdfs:subClassOf,http://kbpedia.org/kko/rc/VehicleBrakeSystem
http://kbpedia.org/kko/rc/DiskBrakeSystem,rdfs:subClassOf,owl:Thing
http://kbpedia.org/kko/rc/DiskBrakeSystem,rdfs:subClassOf,http://kbpedia.org/kko/rc/BrakingSystemComponent
http://kbpedia.org/kko/rc/AvroVulcan,rdfs:subClassOf,http://kbpedia.org/kko/rc/BomberPlane
http://kbpedia.org/kko/rc/AvroVulcan,rdfs:subClassOf,owl:Thing
http://kbpedia.org/kko/rc/Tucker_classDestroyer,rdfs:subClassOf,http://kbpedia.org/kko/rc/Destroyer
http://kbpedia.org/kko/rc/Tucker_classDestroyer,rdfs:subClassOf,owl:Thing
http://kbpedia.org/kko/rc/MultipleRocketLauncher,rdfs:subClassOf,http://kbpedia.org/kko/rc/Artillery_SelfPropelled
http://kbpedia.org/kko/rc/MultipleRocketLauncher,rdfs:subClassOf,owl:Thing
http://kbpedia.org/kko/rc/MercedesCar,rdfs:subClassOf,http://kbpedia.org/kko/rc/GermanCar
http://kbpedia.org/kko/rc/MercedesCar,rdfs:subClassOf,owl:Thing
http://kbpedia.org/kko/rc/MercedesCar,rdfs:subClassOf,http://kbpedia.org/kko/rc/LuxuryCar
http://kbpedia.org/kko/rc/Tu_22_Bomber,rdfs:subClassOf,http://kbpedia.org/kko/rc/BomberPlane
http://kbpedia.org/kko/rc/Tu_22_Bomber,rdfs:subClassOf,owl:Thing
http://kbpedia.org/kko/rc/HIMARS_MultipleRocketLauncher,rdfs:subClassOf,http://kbpedia.org/kko/rc/MultipleRocketLauncher
http://kbpedia.org/kko/rc/HIMARS_MultipleRocketLauncher,rdfs:subClassOf,owl:Thing
http://kbpedia.org/kko/rc/DB4GTCar,rdfs:subClassOf,http://kbpedia.org/kko/rc/AstonMartinCar
http://kbpedia.org/kko/rc/DB4GTCar,rdfs:subClassOf,owl:Thing
http://kbpedia.org/kko/rc/DB4GTCar,rdfs:subClassOf,http://kbpedia.org/kko/rc/SportsCar
http://kbpedia.org/kko/rc/Mercedes190Car,rdfs:subClassOf,http://kbpedia.org/kko/rc/MercedesCar
http://kbpedia.org/kko/rc/Mercedes190Car,rdfs:subClassOf,owl:Thing
http://kbpedia.org/kko/rc/Computer,rdfs:subClassOf,http://kbpedia.org/kko/rc/ComputerHardwareItem
http://kbpedia.org/kko/rc/Computer,rdfs:subClassOf,owl:Thing
http://kbpedia.org/kko/rc/Computer,rdfs:subClassOf,http://kbpedia.org/kko/rc/Computer_Generic
http://kbpedia.org/kko/rc/Computer,rdfs:subClassOf,http://kbpedia.org/kko/rc/ComputingDevice
http://kbpedia.org/kko/rc/Computer,rdfs:subClassOf,http://kbpedia.org/kko/rc/ComputerHardware
http://kbpedia.org/kko/rc/TransitAuthoritiesWithElectricBuses,rdfs:subClassOf,http://kbpedia.org/kko/rc/MassTransitSystem
http://kbpedia.org/kko/rc/TransitAuthoritiesWithElectricBuses,rdfs:subClassOf,owl:Thing
http://kbpedia.org/kko/rc/Mercedes300Car,rdfs:subClassOf,http://kbpedia.org/kko/rc/MercedesCar
http://kbpedia.org/kko/rc/Mercedes300Car,rdfs:subClassOf,owl:Thing
http://kbpedia.org/kko/rc/ChryslerLeBaronCar,rdfs:subClassOf,http://kbpedia.org/kko/rc/ChryslerCar
http://kbpedia.org/kko/rc/ChryslerLeBaronCar,rdfs:subClassOf,owl:Thing
http://kbpedia.org/kko/rc/ChryslerLeBaronCar,rdfs:subClassOf,http://kbpedia.org/kko/rc/MidsizeCar
http://kbpedia.org/kko/rc/GrandTourer,rdfs:subClassOf,http://kbpedia.org/kko/rc/AutomobileTypeByBodyStyle
http://kbpedia.org/kko/rc/GrandTourer,rdfs:subClassOf,owl:Thing
http://kbpedia.org/kko/rc/ConnectedPathSystem,rdfs:subClassOf,http://kbpedia.org/kko/rc/PathSystem
http://kbpedia.org/kko/rc/ConnectedPathSystem,rdfs:subClassOf,owl:Thing
http://kbpedia.org/kko/rc/ConnectedPathSystem,rdfs:subClassOf,http://kbpedia.org/kko/rc/Path_Generic
http://kbpedia.org/kko/rc/Mercedes600Car,rdfs:subClassOf,http://kbpedia.org/kko/rc/MercedesCar
http://kbpedia.org/kko/rc/Mercedes600Car,rdfs:subClassOf,owl:Thing
http://kbpedia.org/kko/rc/HighwayBus,rdfs:subClassOf,http://kbpedia.org/kko/rc/Bus_RoadVehicle
http://kbpedia.org/kko/rc/HighwayBus,rdfs:subClassOf,owl:Thing
http://kbpedia.org/kko/rc/MercedesEClassCar,rdfs:subClassOf,http://kbpedia.org/kko/rc/MercedesCar
http://kbpedia.org/kko/rc/MercedesEClassCar,rdfs:subClassOf,owl:Thing
http://kbpedia.org/kko/rc/ManualBrakeSystem,rdfs:subClassOf,http://kbpedia.org/kko/rc/VehicleBrakeSystem
http://kbpedia.org/kko/rc/ManualBrakeSystem,rdfs:subClassOf,owl:Thing
http://kbpedia.org/kko/rc/N3_classBattleship,rdfs:subClassOf,http://kbpedia.org/kko/rc/Dreadnought
http://kbpedia.org/kko/rc/N3_classBattleship,rdfs:subClassOf,owl:Thing
http://kbpedia.org/kko/rc/MercedesSClassCar,rdfs:subClassOf,http://kbpedia.org/kko/rc/MercedesCar
http://kbpedia.org/kko/rc/MercedesSClassCar,rdfs:subClassOf,owl:Thing
http://kbpedia.org/kko/rc/BicycleBrakeSystem,rdfs:subClassOf,http://kbpedia.org/kko/rc/ManualBrakeSystem
http://kbpedia.org/kko/rc/BicycleBrakeSystem,rdfs:subClassOf,owl:Thing
http://kbpedia.org/kko/rc/MercedesSLClassCar,rdfs:subClassOf,http://kbpedia.org/kko/rc/MercedesCar
http://kbpedia.org/kko/rc/MercedesSLClassCar,rdfs:subClassOf,owl:Thing
http://kbpedia.org/kko/rc/SouthCarolina_classBattleship,rdfs:subClassOf,http://kbpedia.org/kko/rc/Dreadnought
http://kbpedia.org/kko/rc/SouthCarolina_classBattleship,rdfs:subClassOf,owl:Thing
http://kbpedia.org/kko/rc/Mercedes_BenzC_Class,rdfs:subClassOf,http://kbpedia.org/kko/rc/MercedesCar
http://kbpedia.org/kko/rc/Mercedes_BenzC_Class,rdfs:subClassOf,owl:Thing
http://kbpedia.org/kko/rc/HillmanVehicle,rdfs:subClassOf,http://kbpedia.org/kko/rc/HillmanCar
http://kbpedia.org/kko/rc/HillmanVehicle,rdfs:subClassOf,owl:Thing
http://kbpedia.org/kko/rc/MasterControlSystem,rdfs:subClassOf,http://kbpedia.org/kko/rc/TransportationComponentSystem
http://kbpedia.org/kko/rc/MasterControlSystem,rdfs:subClassOf,owl:Thing
http://kbpedia.org/kko/rc/Mercedes_BenzSLRMcLaren,rdfs:subClassOf,http://kbpedia.org/kko/rc/MercedesCar
http://kbpedia.org/kko/rc/Mercedes_BenzSLRMcLaren,rdfs:subClassOf,owl:Thing
http://kbpedia.org/kko/rc/ChryslerVehicle,rdfs:subClassOf,http://kbpedia.org/kko/rc/ChryslerCar
http://kbpedia.org/kko/rc/ChryslerVehicle,rdfs:subClassOf,owl:Thing
http://kbpedia.org/kko/rc/ElectromagneticBrakeAndClutch,rdfs:subClassOf,http://kbpedia.org/kko/rc/PowerBrakeSystem
http://kbpedia.org/kko/rc/ElectromagneticBrakeAndClutch,rdfs:subClassOf,owl:Thing
http://kbpedia.org/kko/rc/SingleUserComputer,rdfs:subClassOf,http://kbpedia.org/kko/rc/ClassOfComputer
http://kbpedia.org/kko/rc/SingleUserComputer,rdfs:subClassOf,owl:Thing
http://kbpedia.org/kko/rc/CruiseShip,rdfs:subClassOf,http://kbpedia.org/kko/rc/CommercialMarineCraft
http://kbpedia.org/kko/rc/CruiseShip,rdfs:subClassOf,owl:Thing
http://kbpedia.org/kko/rc/CruiseShip,rdfs:subClassOf,http://kbpedia.org/kko/rc/Motorboat
http://kbpedia.org/kko/rc/CruiseShip,rdfs:subClassOf,http://kbpedia.org/kko/rc/OceanLiner
http://kbpedia.org/kko/rc/UNIXMachine,rdfs:subClassOf,http://kbpedia.org/kko/rc/MultipleUserComputer
http://kbpedia.org/kko/rc/UNIXMachine,rdfs:subClassOf,owl:Thing
http://kbpedia.org/kko/rc/PersonalComputer,rdfs:subClassOf,http://kbpedia.org/kko/rc/ConsumerElectronicDevice
http://kbpedia.org/kko/rc/PersonalComputer,rdfs:subClassOf,owl:Thing
http://kbpedia.org/kko/rc/PersonalComputer,rdfs:subClassOf,http://kbpedia.org/kko/rc/SingleUserComputer
http://kbpedia.org/kko/rc/Lohner_PorscheMixteHybrid,rdfs:subClassOf,http://kbpedia.org/kko/rc/GermanCar
http://kbpedia.org/kko/rc/Lohner_PorscheMixteHybrid,rdfs:subClassOf,owl:Thing
http://kbpedia.org/kko/rc/LamborghiniP250Car,rdfs:subClassOf,http://kbpedia.org/kko/rc/LamborghiniCar
http://kbpedia.org/kko/rc/LamborghiniP250Car,rdfs:subClassOf,owl:Thing
http://kbpedia.org/kko/rc/ATandTComputer,rdfs:subClassOf,http://kbpedia.org/kko/rc/PersonalComputer
http://kbpedia.org/kko/rc/ATandTComputer,rdfs:subClassOf,owl:Thing
http://kbpedia.org/kko/rc/Commodore16,rdfs:subClassOf,http://kbpedia.org/kko/rc/CommodoreComputer
http://kbpedia.org/kko/rc/Commodore16,rdfs:subClassOf,owl:Thing
http://kbpedia.org/kko/rc/ExhaustEmissionControl,rdfs:subClassOf,http://kbpedia.org/kko/rc/TransportationComponentSystem
http://kbpedia.org/kko/rc/ExhaustEmissionControl,rdfs:subClassOf,owl:Thing
http://kbpedia.org/kko/rc/ChryslerNewYorkerSalonCar,rdfs:subClassOf,http://kbpedia.org/kko/rc/ChryslerCar
http://kbpedia.org/kko/rc/ChryslerNewYorkerSalonCar,rdfs:subClassOf,owl:Thing
http://kbpedia.org/kko/rc/FMAIAe33PulquiII,rdfs:subClassOf,http://kbpedia.org/kko/rc/ExperimentalAircraft
http://kbpedia.org/kko/rc/FMAIAe33PulquiII,rdfs:subClassOf,owl:Thing
http://kbpedia.org/kko/rc/FMAIAe33PulquiII,rdfs:subClassOf,http://kbpedia.org/kko/rc/Jetfighter
http://kbpedia.org/kko/rc/SpecializedVehicleSystemComponent,rdfs:subClassOf,http://kbpedia.org/kko/rc/TransportationComponentSystem
http://kbpedia.org/kko/rc/SpecializedVehicleSystemComponent,rdfs:subClassOf,owl:Thing
http://kbpedia.org/kko/rc/EgyptianFighterAircraft,rdfs:subClassOf,http://kbpedia.org/kko/rc/FightersByCountry
http://kbpedia.org/kko/rc/EgyptianFighterAircraft,rdfs:subClassOf,owl:Thing
http://kbpedia.org/kko/rc/EgyptianFighterAircraft,rdfs:subClassOf,http://kbpedia.org/kko/rc/FighterPlane
http://kbpedia.org/kko/rc/Thoroughfare,rdfs:subClassOf,http://kbpedia.org/kko/rc/ConstructionArtifact
http://kbpedia.org/kko/rc/Thoroughfare,rdfs:subClassOf,owl:Thing
http://kbpedia.org/kko/rc/Thoroughfare,rdfs:subClassOf,http://kbpedia.org/kko/rc/LandBuildingStructureThoroughfare
http://kbpedia.org/kko/rc/Thoroughfare,rdfs:subClassOf,http://kbpedia.org/kko/rc/RoadSystem
http://kbpedia.org/kko/rc/AndroidSmartphone,rdfs:subClassOf,http://kbpedia.org/kko/rc/Smartphone
http://kbpedia.org/kko/rc/AndroidSmartphone,rdfs:subClassOf,owl:Thing
http://kbpedia.org/kko/rc/MerchantMarineShip_Bulk,rdfs:subClassOf,http://kbpedia.org/kko/rc/CargoShip
http://kbpedia.org/kko/rc/MerchantMarineShip_Bulk,rdfs:subClassOf,owl:Thing
http://kbpedia.org/kko/rc/LamborghiniVehicle,rdfs:subClassOf,http://kbpedia.org/kko/rc/LamborghiniCar
http://kbpedia.org/kko/rc/LamborghiniVehicle,rdfs:subClassOf,owl:Thing
http://kbpedia.org/kko/rc/GolfBag,rdfs:subClassOf,http://kbpedia.org/kko/rc/CarryingCase
http://kbpedia.org/kko/rc/GolfBag,rdfs:subClassOf,owl:Thing
http://kbpedia.org/kko/rc/AudioSystem,rdfs:subClassOf,http://kbpedia.org/kko/rc/AudioEquipment
http://kbpedia.org/kko/rc/AudioSystem,rdfs:subClassOf,owl:Thing
http://kbpedia.org/kko/rc/AudioSystem,rdfs:subClassOf,http://kbpedia.org/kko/rc/PhysicalSystem
http://kbpedia.org/kko/rc/AudioSystem,rdfs:subClassOf,http://kbpedia.org/kko/rc/SystemOfDevices
http://kbpedia.org/kko/rc/LegacySystem,rdfs:subClassOf,http://kbpedia.org/kko/rc/ComputerAsSystem
http://kbpedia.org/kko/rc/LegacySystem,rdfs:subClassOf,owl:Thing
http://kbpedia.org/kko/rc/BricklinSV_1,rdfs:subClassOf,http://kbpedia.org/kko/rc/AmericanAutomobile
http://kbpedia.org/kko/rc/BricklinSV_1,rdfs:subClassOf,owl:Thing
http://kbpedia.org/kko/rc/BricklinSV_1,rdfs:subClassOf,http://kbpedia.org/kko/rc/SportsCar
http://kbpedia.org/kko/rc/Alley,rdfs:subClassOf,http://kbpedia.org/kko/rc/Roadway
http://kbpedia.org/kko/rc/Alley,rdfs:subClassOf,owl:Thing
http://kbpedia.org/kko/rc/LavochkinLa_150,rdfs:subClassOf,http://kbpedia.org/kko/rc/Jetfighter
http://kbpedia.org/kko/rc/LavochkinLa_150,rdfs:subClassOf,owl:Thing
http://kbpedia.org/kko/rc/LavochkinLa_150,rdfs:subClassOf,http://kbpedia.org/kko/rc/WorldWarIIFighterAircraft
http://kbpedia.org/kko/rc/LavochkinLa_150,rdfs:subClassOf,http://kbpedia.org/kko/rc/MilitaryAircraft
http://kbpedia.org/kko/rc/HandheldGameConsole,rdfs:subClassOf,http://kbpedia.org/kko/rc/VideoGameSystem
http://kbpedia.org/kko/rc/HandheldGameConsole,rdfs:subClassOf,owl:Thing
http://kbpedia.org/kko/rc/LamborghiniEspadaCar,rdfs:subClassOf,http://kbpedia.org/kko/rc/LamborghiniCar
http://kbpedia.org/kko/rc/LamborghiniEspadaCar,rdfs:subClassOf,owl:Thing
http://kbpedia.org/kko/rc/MercuryCar,rdfs:subClassOf,http://kbpedia.org/kko/rc/FordCar
http://kbpedia.org/kko/rc/MercuryCar,rdfs:subClassOf,owl:Thing
http://kbpedia.org/kko/rc/HotAirBalloonGondola,rdfs:subClassOf,http://kbpedia.org/kko/rc/PassengerCompartment
http://kbpedia.org/kko/rc/HotAirBalloonGondola,rdfs:subClassOf,owl:Thing
http://kbpedia.org/kko/rc/OpenTrafficThoroughfare,rdfs:subClassOf,http://kbpedia.org/kko/rc/Thoroughfare
http://kbpedia.org/kko/rc/OpenTrafficThoroughfare,rdfs:subClassOf,owl:Thing
http://kbpedia.org/kko/rc/ComputingDevice,rdfs:subClassOf,http://kbpedia.org/kko/rc/ComputerAsSystem
http://kbpedia.org/kko/rc/ComputingDevice,rdfs:subClassOf,owl:Thing
http://kbpedia.org/kko/rc/ComputingDevice,rdfs:subClassOf,http://kbpedia.org/kko/rc/ConnectedPathSystem
http://kbpedia.org/kko/rc/ComputingDevice,rdfs:subClassOf,http://kbpedia.org/kko/rc/ElectricalDevice
http://kbpedia.org/kko/rc/ComputingDevice,rdfs:subClassOf,http://kbpedia.org/kko/rc/InformationBearingObject
http://kbpedia.org/kko/rc/ComputingDevice,rdfs:subClassOf,http://kbpedia.org/kko/rc/FunctionalSystem
http://kbpedia.org/kko/rc/RoadVehiclePassengerCompartment,rdfs:subClassOf,http://kbpedia.org/kko/rc/PassengerCompartment
http://kbpedia.org/kko/rc/RoadVehiclePassengerCompartment,rdfs:subClassOf,owl:Thing
http://kbpedia.org/kko/rc/MercuryMontclairCar,rdfs:subClassOf,http://kbpedia.org/kko/rc/MercuryCar
http://kbpedia.org/kko/rc/MercuryMontclairCar,rdfs:subClassOf,owl:Thing
http://kbpedia.org/kko/rc/Radio,rdfs:subClassOf,http://kbpedia.org/kko/rc/AudioSystem
http://kbpedia.org/kko/rc/Radio,rdfs:subClassOf,owl:Thing
http://kbpedia.org/kko/rc/Radio,rdfs:subClassOf,http://kbpedia.org/kko/rc/WirelessCommunicationDevice
http://kbpedia.org/kko/rc/Radio,rdfs:subClassOf,http://kbpedia.org/kko/rc/Audio_VisualEquipment
http://kbpedia.org/kko/rc/MercuryMontegoCar,rdfs:subClassOf,http://kbpedia.org/kko/rc/MercuryCar
http://kbpedia.org/kko/rc/MercuryMontegoCar,rdfs:subClassOf,owl:Thing
http://kbpedia.org/kko/rc/LumboSacralPlexus,rdfs:subClassOf,http://kbpedia.org/kko/rc/Nerve
http://kbpedia.org/kko/rc/LumboSacralPlexus,rdfs:subClassOf,owl:Thing
http://kbpedia.org/kko/rc/ClassOfComputer,rdfs:subClassOf,http://kbpedia.org/kko/rc/Computer
http://kbpedia.org/kko/rc/ClassOfComputer,rdfs:subClassOf,owl:Thing
http://kbpedia.org/kko/rc/ClassOfComputer,rdfs:subClassOf,http://kbpedia.org/kko/rc/ComputerTypeByArchitecture
http://kbpedia.org/kko/rc/AlternativeRadio,rdfs:subClassOf,http://kbpedia.org/kko/rc/Radio
http://kbpedia.org/kko/rc/AlternativeRadio,rdfs:subClassOf,owl:Thing
http://kbpedia.org/kko/rc/SymbianDevice,rdfs:subClassOf,http://kbpedia.org/kko/rc/Smartphone
http://kbpedia.org/kko/rc/SymbianDevice,rdfs:subClassOf,owl:Thing
http://kbpedia.org/kko/rc/Roadway,rdfs:subClassOf,http://kbpedia.org/kko/rc/OpenTrafficThoroughfare
http://kbpedia.org/kko/rc/Roadway,rdfs:subClassOf,owl:Thing
http://kbpedia.org/kko/rc/Roadway,rdfs:subClassOf,http://kbpedia.org/kko/rc/PathForWheeledVehicles
http://kbpedia.org/kko/rc/Roadway,rdfs:subClassOf,http://kbpedia.org/kko/rc/TransportPath
http://kbpedia.org/kko/rc/Roadway,rdfs:subClassOf,http://kbpedia.org/kko/rc/TransportationPathSystemType
http://kbpedia.org/kko/rc/ChemicalTanker_MerchantMarineShip,rdfs:subClassOf,http://kbpedia.org/kko/rc/MaterialTransporter
http://kbpedia.org/kko/rc/ChemicalTanker_MerchantMarineShip,rdfs:subClassOf,owl:Thing
http://kbpedia.org/kko/rc/ChemicalTanker_MerchantMarineShip,rdfs:subClassOf,http://kbpedia.org/kko/rc/Ship
http://kbpedia.org/kko/rc/LuggageSet,rdfs:subClassOf,http://kbpedia.org/kko/rc/Luggage
http://kbpedia.org/kko/rc/LuggageSet,rdfs:subClassOf,owl:Thing
http://kbpedia.org/kko/rc/F_4D_Fighter,rdfs:subClassOf,http://kbpedia.org/kko/rc/BomberPlane
http://kbpedia.org/kko/rc/F_4D_Fighter,rdfs:subClassOf,owl:Thing
http://kbpedia.org/kko/rc/F_4D_Fighter,rdfs:subClassOf,http://kbpedia.org/kko/rc/FighterInterceptorPlane
http://kbpedia.org/kko/rc/F_4D_Fighter,rdfs:subClassOf,http://kbpedia.org/kko/rc/JetPropelledAircraft
http://kbpedia.org/kko/rc/F_4D_Fighter,rdfs:subClassOf,http://kbpedia.org/kko/rc/Jetfighter
http://kbpedia.org/kko/rc/ComputerAsSystem,rdfs:subClassOf,http://kbpedia.org/kko/rc/FunctionalSystem
http://kbpedia.org/kko/rc/ComputerAsSystem,rdfs:subClassOf,owl:Thing
http://kbpedia.org/kko/rc/Commodore128,rdfs:subClassOf,http://kbpedia.org/kko/rc/CommodoreComputer
http://kbpedia.org/kko/rc/Commodore128,rdfs:subClassOf,owl:Thing
http://kbpedia.org/kko/rc/PropellerPropShaft,rdfs:subClassOf,http://kbpedia.org/kko/rc/DrivetrainSystem
http://kbpedia.org/kko/rc/PropellerPropShaft,rdfs:subClassOf,owl:Thing
http://kbpedia.org/kko/rc/LumbarNerve,rdfs:subClassOf,http://kbpedia.org/kko/rc/SpinalNerve
http://kbpedia.org/kko/rc/LumbarNerve,rdfs:subClassOf,owl:Thing
http://kbpedia.org/kko/rc/HotRod_ModifiedCar,rdfs:subClassOf,http://kbpedia.org/kko/rc/AutomobileTypeByBodyStyle
http://kbpedia.org/kko/rc/HotRod_ModifiedCar,rdfs:subClassOf,owl:Thing
http://kbpedia.org/kko/rc/HotRod_ModifiedCar,rdfs:subClassOf,http://kbpedia.org/kko/rc/Automobile_GasolineEngine
http://kbpedia.org/kko/rc/ClassicalHorsemanship,rdfs:subClassOf,http://kbpedia.org/kko/rc/HorsebackRiding
http://kbpedia.org/kko/rc/ClassicalHorsemanship,rdfs:subClassOf,owl:Thing
http://kbpedia.org/kko/rc/Brandenburg_classBattleship,rdfs:subClassOf,http://kbpedia.org/kko/rc/PreDreadnoughtBattleship
http://kbpedia.org/kko/rc/Brandenburg_classBattleship,rdfs:subClassOf,owl:Thing
http://kbpedia.org/kko/rc/GolfCart,rdfs:subClassOf,http://kbpedia.org/kko/rc/LandTransportationVehicle
http://kbpedia.org/kko/rc/GolfCart,rdfs:subClassOf,owl:Thing
http://kbpedia.org/kko/rc/GolfCart,rdfs:subClassOf,http://kbpedia.org/kko/rc/SpecializedRecreationalVehicle
http://kbpedia.org/kko/rc/GolfCart,rdfs:subClassOf,http://kbpedia.org/kko/rc/TransportationContainerProduct
http://kbpedia.org/kko/rc/GolfCart,rdfs:subClassOf,http://kbpedia.org/kko/rc/WheeledTransportationDevice
http://kbpedia.org/kko/rc/PalmtopComputer,rdfs:subClassOf,http://kbpedia.org/kko/rc/BatteryPoweredDevice
http://kbpedia.org/kko/rc/PalmtopComputer,rdfs:subClassOf,owl:Thing
http://kbpedia.org/kko/rc/PalmtopComputer,rdfs:subClassOf,http://kbpedia.org/kko/rc/PersonalComputer
http://kbpedia.org/kko/rc/MercuryMarauderCar,rdfs:subClassOf,http://kbpedia.org/kko/rc/MercuryCar
http://kbpedia.org/kko/rc/MercuryMarauderCar,rdfs:subClassOf,owl:Thing
http://kbpedia.org/kko/rc/Commodore64,rdfs:subClassOf,http://kbpedia.org/kko/rc/CommodoreComputer
http://kbpedia.org/kko/rc/Commodore64,rdfs:subClassOf,owl:Thing
http://kbpedia.org/kko/rc/Scull,rdfs:subClassOf,http://kbpedia.org/kko/rc/AthleticsTrackAndFieldEquipment
http://kbpedia.org/kko/rc/Scull,rdfs:subClassOf,owl:Thing
http://kbpedia.org/kko/rc/Scull,rdfs:subClassOf,http://kbpedia.org/kko/rc/RowingShell
http://kbpedia.org/kko/rc/Scull,rdfs:subClassOf,http://kbpedia.org/kko/rc/Device_UserControlled
http://kbpedia.org/kko/rc/Sluice,rdfs:subClassOf,http://kbpedia.org/kko/rc/ArtificialWaterFeature_Area
http://kbpedia.org/kko/rc/Sluice,rdfs:subClassOf,owl:Thing
http://kbpedia.org/kko/rc/Sluice,rdfs:subClassOf,http://kbpedia.org/kko/rc/Earthwork
http://kbpedia.org/kko/rc/Sluice,rdfs:subClassOf,http://kbpedia.org/kko/rc/FlowControlDevice
http://kbpedia.org/kko/rc/Sluice,rdfs:subClassOf,http://kbpedia.org/kko/rc/FluidConduit
http://kbpedia.org/kko/rc/Sluice,rdfs:subClassOf,http://kbpedia.org/kko/rc/WaterSupplyNetwork
http://kbpedia.org/kko/rc/Sluice,rdfs:subClassOf,http://kbpedia.org/kko/rc/InfrastructureProduct
http://kbpedia.org/kko/rc/L20ea_classbattleship,rdfs:subClassOf,http://kbpedia.org/kko/rc/Battleship
http://kbpedia.org/kko/rc/L20ea_classbattleship,rdfs:subClassOf,owl:Thing
http://kbpedia.org/kko/rc/LaundryBag,rdfs:subClassOf,http://kbpedia.org/kko/rc/Bag
http://kbpedia.org/kko/rc/LaundryBag,rdfs:subClassOf,owl:Thing
http://kbpedia.org/kko/rc/BrakeDrum,rdfs:subClassOf,http://kbpedia.org/kko/rc/BrakingSystemComponent
http://kbpedia.org/kko/rc/BrakeDrum,rdfs:subClassOf,owl:Thing
http://kbpedia.org/kko/rc/SensoryMotorNerve,rdfs:subClassOf,http://kbpedia.org/kko/rc/Nerve
http://kbpedia.org/kko/rc/SensoryMotorNerve,rdfs:subClassOf,owl:Thing
http://kbpedia.org/kko/rc/MercuryCapriCar,rdfs:subClassOf,http://kbpedia.org/kko/rc/MercuryCar
http://kbpedia.org/kko/rc/MercuryCapriCar,rdfs:subClassOf,owl:Thing
http://kbpedia.org/kko/rc/ErsatzMonarch_classBattleship,rdfs:subClassOf,http://kbpedia.org/kko/rc/Battleship
http://kbpedia.org/kko/rc/ErsatzMonarch_classBattleship,rdfs:subClassOf,owl:Thing
http://kbpedia.org/kko/rc/PreDreadnoughtBattleship,rdfs:subClassOf,http://kbpedia.org/kko/rc/Battleship
http://kbpedia.org/kko/rc/PreDreadnoughtBattleship,rdfs:subClassOf,owl:Thing
http://kbpedia.org/kko/rc/FighterPlane,rdfs:subClassOf,http://kbpedia.org/kko/rc/Warplane
http://kbpedia.org/kko/rc/FighterPlane,rdfs:subClassOf,owl:Thing
http://kbpedia.org/kko/rc/FighterPlane,rdfs:subClassOf,http://kbpedia.org/kko/rc/MilitaryFixedWingAircraft
http://kbpedia.org/kko/rc/Tugboat,rdfs:subClassOf,http://kbpedia.org/kko/rc/Boat
http://kbpedia.org/kko/rc/Tugboat,rdfs:subClassOf,owl:Thing
http://kbpedia.org/kko/rc/Tugboat,rdfs:subClassOf,http://kbpedia.org/kko/rc/Motorboat
http://kbpedia.org/kko/rc/MercuryCougarCar,rdfs:subClassOf,http://kbpedia.org/kko/rc/MercuryCar
http://kbpedia.org/kko/rc/MercuryCougarCar,rdfs:subClassOf,owl:Thing
http://kbpedia.org/kko/rc/MercuryCougarCar,rdfs:subClassOf,http://kbpedia.org/kko/rc/MidsizeCar
http://kbpedia.org/kko/rc/ZastavaAutomobile,rdfs:subClassOf,http://kbpedia.org/kko/rc/FiatCar
http://kbpedia.org/kko/rc/ZastavaAutomobile,rdfs:subClassOf,owl:Thing
http://kbpedia.org/kko/rc/OpelKadettCar,rdfs:subClassOf,http://kbpedia.org/kko/rc/OpelCar
http://kbpedia.org/kko/rc/OpelKadettCar,rdfs:subClassOf,owl:Thing
http://kbpedia.org/kko/rc/RibbonRaft,rdfs:subClassOf,http://kbpedia.org/kko/rc/MilitaryEngineeringEquipment
http://kbpedia.org/kko/rc/RibbonRaft,rdfs:subClassOf,owl:Thing
http://kbpedia.org/kko/rc/RibbonRaft,rdfs:subClassOf,http://kbpedia.org/kko/rc/Raft
http://kbpedia.org/kko/rc/MercuryGrandMarquisCar,rdfs:subClassOf,http://kbpedia.org/kko/rc/MercuryCar
http://kbpedia.org/kko/rc/MercuryGrandMarquisCar,rdfs:subClassOf,owl:Thing
http://kbpedia.org/kko/rc/LamborghiniCar,rdfs:subClassOf,http://kbpedia.org/kko/rc/ItalianCar
http://kbpedia.org/kko/rc/LamborghiniCar,rdfs:subClassOf,owl:Thing
http://kbpedia.org/kko/rc/LamborghiniCar,rdfs:subClassOf,http://kbpedia.org/kko/rc/LuxuryCar
http://kbpedia.org/kko/rc/LamborghiniCar,rdfs:subClassOf,http://kbpedia.org/kko/rc/SportsCar
http://kbpedia.org/kko/rc/HumberCar,rdfs:subClassOf,http://kbpedia.org/kko/rc/EnglishCar
http://kbpedia.org/kko/rc/HumberCar,rdfs:subClassOf,owl:Thing
http://kbpedia.org/kko/rc/OilTanker,rdfs:subClassOf,http://kbpedia.org/kko/rc/TankerShip
http://kbpedia.org/kko/rc/OilTanker,rdfs:subClassOf,owl:Thing
http://kbpedia.org/kko/rc/AmphibiousWarfareShip,rdfs:subClassOf,http://kbpedia.org/kko/rc/AmphibiousVehicle
http://kbpedia.org/kko/rc/AmphibiousWarfareShip,rdfs:subClassOf,owl:Thing
http://kbpedia.org/kko/rc/AmphibiousWarfareShip,rdfs:subClassOf,http://kbpedia.org/kko/rc/MilitaryAmphibiousPlatform
http://kbpedia.org/kko/rc/AmphibiousWarfareShip,rdfs:subClassOf,http://kbpedia.org/kko/rc/ModernNavalShip
http://kbpedia.org/kko/rc/RockMusicRadioProgram,rdfs:subClassOf,http://kbpedia.org/kko/rc/RadioProgram
http://kbpedia.org/kko/rc/RockMusicRadioProgram,rdfs:subClassOf,owl:Thing
http://kbpedia.org/kko/rc/TransportHelicopter,rdfs:subClassOf,http://kbpedia.org/kko/rc/Helicopter
http://kbpedia.org/kko/rc/TransportHelicopter,rdfs:subClassOf,owl:Thing
http://kbpedia.org/kko/rc/TransportHelicopter,rdfs:subClassOf,http://kbpedia.org/kko/rc/MaterialTransporter
http://kbpedia.org/kko/rc/TransportHelicopter,rdfs:subClassOf,http://kbpedia.org/kko/rc/MilitaryAircraft
http://kbpedia.org/kko/rc/TransportHelicopter,rdfs:subClassOf,http://kbpedia.org/kko/rc/PassengerAircraft
http://kbpedia.org/kko/rc/AmphibiousAssaultShip,rdfs:subClassOf,http://kbpedia.org/kko/rc/AmphibiousWarfareShip
http://kbpedia.org/kko/rc/AmphibiousAssaultShip,rdfs:subClassOf,owl:Thing
http://kbpedia.org/kko/rc/Smartphone,rdfs:subClassOf,http://kbpedia.org/kko/rc/MobilePhone
http://kbpedia.org/kko/rc/Smartphone,rdfs:subClassOf,owl:Thing
http://kbpedia.org/kko/rc/Smartphone,rdfs:subClassOf,http://kbpedia.org/kko/rc/PalmtopComputer
http://kbpedia.org/kko/rc/MercuryTracerCar,rdfs:subClassOf,http://kbpedia.org/kko/rc/MercuryCar
http://kbpedia.org/kko/rc/MercuryTracerCar,rdfs:subClassOf,owl:Thing
http://kbpedia.org/kko/rc/LuggageOrganizer,rdfs:subClassOf,http://kbpedia.org/kko/rc/Luggage
http://kbpedia.org/kko/rc/LuggageOrganizer,rdfs:subClassOf,owl:Thing
http://kbpedia.org/kko/rc/LuggageOrganizer,rdfs:subClassOf,http://kbpedia.org/kko/rc/Organizer
http://kbpedia.org/kko/rc/LuggageOrganizer,rdfs:subClassOf,http://kbpedia.org/kko/rc/ContainerArtifact
http://kbpedia.org/kko/rc/HandleyPageVictor,rdfs:subClassOf,http://kbpedia.org/kko/rc/BomberPlane
http://kbpedia.org/kko/rc/HandleyPageVictor,rdfs:subClassOf,owl:Thing
http://kbpedia.org/kko/rc/A_10Thunderbolt,rdfs:subClassOf,http://kbpedia.org/kko/rc/FighterAttackPlane
http://kbpedia.org/kko/rc/A_10Thunderbolt,rdfs:subClassOf,owl:Thing
http://kbpedia.org/kko/rc/IronDuke_classBattleship,rdfs:subClassOf,http://kbpedia.org/kko/rc/Battleship
http://kbpedia.org/kko/rc/IronDuke_classBattleship,rdfs:subClassOf,owl:Thing
http://kbpedia.org/kko/rc/AmphibiousCargoShip,rdfs:subClassOf,http://kbpedia.org/kko/rc/AmphibiousWarfareShip
http://kbpedia.org/kko/rc/AmphibiousCargoShip,rdfs:subClassOf,owl:Thing
http://kbpedia.org/kko/rc/MercuryMystiqueCar,rdfs:subClassOf,http://kbpedia.org/kko/rc/MercuryCar
http://kbpedia.org/kko/rc/MercuryMystiqueCar,rdfs:subClassOf,owl:Thing
http://kbpedia.org/kko/rc/SymbolicsMachine,rdfs:subClassOf,http://kbpedia.org/kko/rc/ComputerWorkstation
http://kbpedia.org/kko/rc/SymbolicsMachine,rdfs:subClassOf,owl:Thing
http://kbpedia.org/kko/rc/MercuryMountaineerCar,rdfs:subClassOf,http://kbpedia.org/kko/rc/MercuryCar
http://kbpedia.org/kko/rc/MercuryMountaineerCar,rdfs:subClassOf,owl:Thing
http://kbpedia.org/kko/rc/AxillaryNerve,rdfs:subClassOf,http://kbpedia.org/kko/rc/SensoryMotorNerve
http://kbpedia.org/kko/rc/AxillaryNerve,rdfs:subClassOf,owl:Thing
http://kbpedia.org/kko/rc/AxillaryNerve,rdfs:subClassOf,http://kbpedia.org/kko/rc/Nerve
http://kbpedia.org/kko/rc/OpelCar,rdfs:subClassOf,http://kbpedia.org/kko/rc/GermanCar
http://kbpedia.org/kko/rc/OpelCar,rdfs:subClassOf,owl:Thing
http://kbpedia.org/kko/rc/OhioClassSubmarine,rdfs:subClassOf,http://kbpedia.org/kko/rc/BallisticMissileSubmarine
http://kbpedia.org/kko/rc/OhioClassSubmarine,rdfs:subClassOf,owl:Thing
http://kbpedia.org/kko/rc/OhioClassSubmarine,rdfs:subClassOf,http://kbpedia.org/kko/rc/NuclearSubmarine
http://kbpedia.org/kko/rc/TravelAccessory,rdfs:subClassOf,http://kbpedia.org/kko/rc/Luggage
http://kbpedia.org/kko/rc/TravelAccessory,rdfs:subClassOf,owl:Thing
http://kbpedia.org/kko/rc/FacelVegaCar,rdfs:subClassOf,http://kbpedia.org/kko/rc/FrenchCar
http://kbpedia.org/kko/rc/FacelVegaCar,rdfs:subClassOf,owl:Thing
http://kbpedia.org/kko/rc/PrinzAdalbert_classCruiser,rdfs:subClassOf,http://kbpedia.org/kko/rc/ArmoredCruiser
http://kbpedia.org/kko/rc/PrinzAdalbert_classCruiser,rdfs:subClassOf,owl:Thing
http://kbpedia.org/kko/rc/DrivetrainSystem,rdfs:subClassOf,http://kbpedia.org/kko/rc/TransportationComponentSystem
http://kbpedia.org/kko/rc/DrivetrainSystem,rdfs:subClassOf,owl:Thing
http://kbpedia.org/kko/rc/MercuryTopazCar,rdfs:subClassOf,http://kbpedia.org/kko/rc/MercuryCar
http://kbpedia.org/kko/rc/MercuryTopazCar,rdfs:subClassOf,owl:Thing
http://kbpedia.org/kko/rc/FacelVegaExcellenceCar,rdfs:subClassOf,http://kbpedia.org/kko/rc/FacelVegaCar
http://kbpedia.org/kko/rc/FacelVegaExcellenceCar,rdfs:subClassOf,owl:Thing
http://kbpedia.org/kko/rc/TenderLocomotive,rdfs:subClassOf,http://kbpedia.org/kko/rc/TrainEngine
http://kbpedia.org/kko/rc/TenderLocomotive,rdfs:subClassOf,owl:Thing
http://kbpedia.org/kko/rc/TransportOnTheRiverThames,rdfs:subClassOf,http://kbpedia.org/kko/rc/MarineTransport
http://kbpedia.org/kko/rc/TransportOnTheRiverThames,rdfs:subClassOf,owl:Thing
http://kbpedia.org/kko/rc/TaxiCab,rdfs:subClassOf,http://kbpedia.org/kko/rc/Automobile_GasolineEngine
http://kbpedia.org/kko/rc/TaxiCab,rdfs:subClassOf,owl:Thing
http://kbpedia.org/kko/rc/MercuryMontereyCar,rdfs:subClassOf,http://kbpedia.org/kko/rc/MercuryCar
http://kbpedia.org/kko/rc/MercuryMontereyCar,rdfs:subClassOf,owl:Thing
http://kbpedia.org/kko/rc/ZeroFareTransportService,rdfs:subClassOf,http://kbpedia.org/kko/rc/MassTransitSystem
http://kbpedia.org/kko/rc/ZeroFareTransportService,rdfs:subClassOf,owl:Thing
http://kbpedia.org/kko/rc/ZeroFareTransportService,rdfs:subClassOf,http://kbpedia.org/kko/rc/TransportService
http://kbpedia.org/kko/rc/NBR224and420Class,rdfs:subClassOf,http://kbpedia.org/kko/rc/TrainEngine
http://kbpedia.org/kko/rc/NBR224and420Class,rdfs:subClassOf,owl:Thing
http://kbpedia.org/kko/rc/Structure,rdfs:subClassOf,http://kbpedia.org/kko/rc/FunctionalSystem
http://kbpedia.org/kko/rc/Structure,rdfs:subClassOf,owl:Thing
http://kbpedia.org/kko/rc/BabyCarriage,rdfs:subClassOf,http://kbpedia.org/kko/rc/PushCart
http://kbpedia.org/kko/rc/BabyCarriage,rdfs:subClassOf,owl:Thing
http://kbpedia.org/kko/rc/CommandShip,rdfs:subClassOf,http://kbpedia.org/kko/rc/ModernNavalShip
http://kbpedia.org/kko/rc/CommandShip,rdfs:subClassOf,owl:Thing
http://kbpedia.org/kko/rc/CommandShip,rdfs:subClassOf,http://kbpedia.org/kko/rc/MilitaryWatercraft
http://kbpedia.org/kko/rc/ErsatzYorck_classBattlecruiser,rdfs:subClassOf,http://kbpedia.org/kko/rc/BattleCruiser
http://kbpedia.org/kko/rc/ErsatzYorck_classBattlecruiser,rdfs:subClassOf,owl:Thing
http://kbpedia.org/kko/rc/Houjian_FastAttackCraft,rdfs:subClassOf,http://kbpedia.org/kko/rc/FastAttackCraft_Gun
http://kbpedia.org/kko/rc/Houjian_FastAttackCraft,rdfs:subClassOf,owl:Thing
http://kbpedia.org/kko/rc/Houjian_FastAttackCraft,rdfs:subClassOf,http://kbpedia.org/kko/rc/FastAttackCraft_Patrol
http://kbpedia.org/kko/rc/NationalParkway_NPS,rdfs:subClassOf,http://kbpedia.org/kko/rc/ScenicRoadway
http://kbpedia.org/kko/rc/NationalParkway_NPS,rdfs:subClassOf,owl:Thing
http://kbpedia.org/kko/rc/AmphibiousCommandShip,rdfs:subClassOf,http://kbpedia.org/kko/rc/AmphibiousVehicle
http://kbpedia.org/kko/rc/AmphibiousCommandShip,rdfs:subClassOf,owl:Thing
http://kbpedia.org/kko/rc/AmphibiousCommandShip,rdfs:subClassOf,http://kbpedia.org/kko/rc/CommandShip
http://kbpedia.org/kko/rc/AmphibiousCommandShip,rdfs:subClassOf,http://kbpedia.org/kko/rc/MilitaryAmphibiousPlatform
http://kbpedia.org/kko/rc/MercuryVillagerCar,rdfs:subClassOf,http://kbpedia.org/kko/rc/MercuryCar
http://kbpedia.org/kko/rc/MercuryVillagerCar,rdfs:subClassOf,owl:Thing
http://kbpedia.org/kko/rc/LuggageTag,rdfs:subClassOf,http://kbpedia.org/kko/rc/Tag_IBO
http://kbpedia.org/kko/rc/LuggageTag,rdfs:subClassOf,owl:Thing
http://kbpedia.org/kko/rc/LuggageTag,rdfs:subClassOf,http://kbpedia.org/kko/rc/TravelAccessory
http://kbpedia.org/kko/rc/ParseTree,rdfs:subClassOf,http://kbpedia.org/kko/rc/CWInfoStructure
http://kbpedia.org/kko/rc/ParseTree,rdfs:subClassOf,owl:Thing
http://kbpedia.org/kko/rc/ParseTree,rdfs:subClassOf,http://kbpedia.org/kko/rc/LinguisticObject
http://kbpedia.org/kko/rc/ParseTree,rdfs:subClassOf,http://kbpedia.org/kko/rc/PathSystem
http://kbpedia.org/kko/rc/SrN15xClass,rdfs:subClassOf,http://kbpedia.org/kko/rc/TrainEngine
http://kbpedia.org/kko/rc/SrN15xClass,rdfs:subClassOf,owl:Thing
http://kbpedia.org/kko/rc/BoundedDirectedPathSystem,rdfs:subClassOf,http://kbpedia.org/kko/rc/ConnectedPathSystem
http://kbpedia.org/kko/rc/BoundedDirectedPathSystem,rdfs:subClassOf,owl:Thing
http://kbpedia.org/kko/rc/ElectronicTradingPlatform,rdfs:subClassOf,http://kbpedia.org/kko/rc/BusinessMachine
http://kbpedia.org/kko/rc/ElectronicTradingPlatform,rdfs:subClassOf,owl:Thing
http://kbpedia.org/kko/rc/ElectronicTradingPlatform,rdfs:subClassOf,http://kbpedia.org/kko/rc/ConsumerElectronicDevice
http://kbpedia.org/kko/rc/ElectronicTradingPlatform,rdfs:subClassOf,http://kbpedia.org/kko/rc/FunctionalSystem
http://kbpedia.org/kko/rc/NCRComputer,rdfs:subClassOf,http://kbpedia.org/kko/rc/PersonalComputer
http://kbpedia.org/kko/rc/NCRComputer,rdfs:subClassOf,owl:Thing
http://kbpedia.org/kko/rc/OpelVehicle,rdfs:subClassOf,http://kbpedia.org/kko/rc/OpelCar
http://kbpedia.org/kko/rc/OpelVehicle,rdfs:subClassOf,owl:Thing
http://kbpedia.org/kko/rc/TransportationRepairPartsKit,rdfs:subClassOf,http://kbpedia.org/kko/rc/TransportationComponentSystem
http://kbpedia.org/kko/rc/TransportationRepairPartsKit,rdfs:subClassOf,owl:Thing
http://kbpedia.org/kko/rc/Tube_Structure,rdfs:subClassOf,http://kbpedia.org/kko/rc/Structure
http://kbpedia.org/kko/rc/Tube_Structure,rdfs:subClassOf,owl:Thing
http://kbpedia.org/kko/rc/PointFinitePathSystem,rdfs:subClassOf,http://kbpedia.org/kko/rc/GraphicalStructure
http://kbpedia.org/kko/rc/PointFinitePathSystem,rdfs:subClassOf,owl:Thing
http://kbpedia.org/kko/rc/PointFinitePathSystem,rdfs:subClassOf,http://kbpedia.org/kko/rc/PathSystem
http://kbpedia.org/kko/rc/MercuryParklaneCar,rdfs:subClassOf,http://kbpedia.org/kko/rc/MercuryCar
http://kbpedia.org/kko/rc/MercuryParklaneCar,rdfs:subClassOf,owl:Thing
http://kbpedia.org/kko/rc/ElectronicWarfareHelicopter,rdfs:subClassOf,http://kbpedia.org/kko/rc/MilitaryHelicopter
http://kbpedia.org/kko/rc/ElectronicWarfareHelicopter,rdfs:subClassOf,owl:Thing
http://kbpedia.org/kko/rc/Motorboat,rdfs:subClassOf,http://kbpedia.org/kko/rc/InternalCombustionPoweredDevice
http://kbpedia.org/kko/rc/Motorboat,rdfs:subClassOf,owl:Thing
http://kbpedia.org/kko/rc/Motorboat,rdfs:subClassOf,http://kbpedia.org/kko/rc/Watercraft_Surface
http://kbpedia.org/kko/rc/Motorboat,rdfs:subClassOf,http://kbpedia.org/kko/rc/WaterTransportationVehicle
http://kbpedia.org/kko/rc/ChemicalTanker_Ship,rdfs:subClassOf,http://kbpedia.org/kko/rc/MaterialTransporter
http://kbpedia.org/kko/rc/ChemicalTanker_Ship,rdfs:subClassOf,owl:Thing
http://kbpedia.org/kko/rc/ChemicalTanker_Ship,rdfs:subClassOf,http://kbpedia.org/kko/rc/Ship
http://kbpedia.org/kko/rc/LuhaiClassDestroyer,rdfs:subClassOf,http://kbpedia.org/kko/rc/Destroyer
http://kbpedia.org/kko/rc/LuhaiClassDestroyer,rdfs:subClassOf,owl:Thing
http://kbpedia.org/kko/rc/LuhaiClassDestroyer,rdfs:subClassOf,http://kbpedia.org/kko/rc/MissileWatercraft_Surface
http://kbpedia.org/kko/rc/LuhaiClassDestroyer,rdfs:subClassOf,http://kbpedia.org/kko/rc/TorpedoWatercraft_Surface
http://kbpedia.org/kko/rc/LongThoracicNerve,rdfs:subClassOf,http://kbpedia.org/kko/rc/MotorNerve
http://kbpedia.org/kko/rc/LongThoracicNerve,rdfs:subClassOf,owl:Thing
http://kbpedia.org/kko/rc/Speedboat,rdfs:subClassOf,http://kbpedia.org/kko/rc/Boat
http://kbpedia.org/kko/rc/Speedboat,rdfs:subClassOf,owl:Thing
http://kbpedia.org/kko/rc/Speedboat,rdfs:subClassOf,http://kbpedia.org/kko/rc/LuxuryItem
http://kbpedia.org/kko/rc/Speedboat,rdfs:subClassOf,http://kbpedia.org/kko/rc/Motorboat
http://kbpedia.org/kko/rc/Speedboat,rdfs:subClassOf,http://kbpedia.org/kko/rc/PersonalWatercraft
http://kbpedia.org/kko/rc/Speedboat,rdfs:subClassOf,http://kbpedia.org/kko/rc/RacingVehicle
http://kbpedia.org/kko/rc/AutomaticTransmission,rdfs:subClassOf,http://kbpedia.org/kko/rc/DrivetrainSystem
http://kbpedia.org/kko/rc/AutomaticTransmission,rdfs:subClassOf,owl:Thing
http://kbpedia.org/kko/rc/AutomaticTransmission,rdfs:subClassOf,http://kbpedia.org/kko/rc/VehicleTransmission
http://kbpedia.org/kko/rc/VehicleSeatingSystem,rdfs:subClassOf,http://kbpedia.org/kko/rc/TransportationComponentSystem
http://kbpedia.org/kko/rc/VehicleSeatingSystem,rdfs:subClassOf,owl:Thing
http://kbpedia.org/kko/rc/Wittelsbach_classBattleship,rdfs:subClassOf,http://kbpedia.org/kko/rc/PreDreadnoughtBattleship
http://kbpedia.org/kko/rc/Wittelsbach_classBattleship,rdfs:subClassOf,owl:Thing
http://kbpedia.org/kko/rc/LanciaCar,rdfs:subClassOf,http://kbpedia.org/kko/rc/ItalianCar
http://kbpedia.org/kko/rc/LanciaCar,rdfs:subClassOf,owl:Thing
http://kbpedia.org/kko/rc/HouseBoat,rdfs:subClassOf,http://kbpedia.org/kko/rc/Boat
http://kbpedia.org/kko/rc/HouseBoat,rdfs:subClassOf,owl:Thing
http://kbpedia.org/kko/rc/HouseBoat,rdfs:subClassOf,http://kbpedia.org/kko/rc/FuelPoweredDevice
http://kbpedia.org/kko/rc/HouseBoat,rdfs:subClassOf,http://kbpedia.org/kko/rc/HumanResidence
http://kbpedia.org/kko/rc/Warplane,rdfs:subClassOf,http://kbpedia.org/kko/rc/CombatAircraft
http://kbpedia.org/kko/rc/Warplane,rdfs:subClassOf,owl:Thing
http://kbpedia.org/kko/rc/Warplane,rdfs:subClassOf,http://kbpedia.org/kko/rc/MilitaryAirplane
http://kbpedia.org/kko/rc/Warplane,rdfs:subClassOf,http://kbpedia.org/kko/rc/MilitaryFixedWingAircraft
http://kbpedia.org/kko/rc/Warplane,rdfs:subClassOf,http://kbpedia.org/kko/rc/Airplane
http://kbpedia.org/kko/rc/LanciaBetaCar,rdfs:subClassOf,http://kbpedia.org/kko/rc/LanciaCar
http://kbpedia.org/kko/rc/LanciaBetaCar,rdfs:subClassOf,owl:Thing
http://kbpedia.org/kko/rc/SouthDakota_classBattleship,rdfs:subClassOf,http://kbpedia.org/kko/rc/Battleship
http://kbpedia.org/kko/rc/SouthDakota_classBattleship,rdfs:subClassOf,owl:Thing
http://kbpedia.org/kko/rc/PushCart,rdfs:subClassOf,http://kbpedia.org/kko/rc/Device_SingleUser
http://kbpedia.org/kko/rc/PushCart,rdfs:subClassOf,owl:Thing
http://kbpedia.org/kko/rc/PushCart,rdfs:subClassOf,http://kbpedia.org/kko/rc/Device_UserPowered
http://kbpedia.org/kko/rc/PushCart,rdfs:subClassOf,http://kbpedia.org/kko/rc/Wagon
http://kbpedia.org/kko/rc/PushCart,rdfs:subClassOf,http://kbpedia.org/kko/rc/MaterialTransporter
http://kbpedia.org/kko/rc/LumbarPlexus,rdfs:subClassOf,http://kbpedia.org/kko/rc/Nerve
http://kbpedia.org/kko/rc/LumbarPlexus,rdfs:subClassOf,owl:Thing
http://kbpedia.org/kko/rc/SeatCover,rdfs:subClassOf,http://kbpedia.org/kko/rc/VehicleSeatingSystem
http://kbpedia.org/kko/rc/SeatCover,rdfs:subClassOf,owl:Thing
http://kbpedia.org/kko/rc/TailgateLiftgate,rdfs:subClassOf,http://kbpedia.org/kko/rc/VehicleDoor
http://kbpedia.org/kko/rc/TailgateLiftgate,rdfs:subClassOf,owl:Thing
http://kbpedia.org/kko/rc/Tender,rdfs:subClassOf,http://kbpedia.org/kko/rc/RollingStock
http://kbpedia.org/kko/rc/Tender,rdfs:subClassOf,owl:Thing
http://kbpedia.org/kko/rc/FighterAttackPlane,rdfs:subClassOf,http://kbpedia.org/kko/rc/FighterPlane
http://kbpedia.org/kko/rc/FighterAttackPlane,rdfs:subClassOf,owl:Thing
http://kbpedia.org/kko/rc/RockRadioFormat,rdfs:subClassOf,http://kbpedia.org/kko/rc/RadioFormat
http://kbpedia.org/kko/rc/RockRadioFormat,rdfs:subClassOf,owl:Thing
http://kbpedia.org/kko/rc/CigaretteBoat,rdfs:subClassOf,http://kbpedia.org/kko/rc/Speedboat
http://kbpedia.org/kko/rc/CigaretteBoat,rdfs:subClassOf,owl:Thing
http://kbpedia.org/kko/rc/LanciaVehicle,rdfs:subClassOf,http://kbpedia.org/kko/rc/LanciaCar
http://kbpedia.org/kko/rc/LanciaVehicle,rdfs:subClassOf,owl:Thing
http://kbpedia.org/kko/rc/Multigraph,rdfs:subClassOf,http://kbpedia.org/kko/rc/PointFinitePathSystem
http://kbpedia.org/kko/rc/Multigraph,rdfs:subClassOf,owl:Thing
http://kbpedia.org/kko/rc/Multigraph,rdfs:subClassOf,http://kbpedia.org/kko/rc/RelationalStructure
http://kbpedia.org/kko/rc/MercurySableCar,rdfs:subClassOf,http://kbpedia.org/kko/rc/MercuryCar
http://kbpedia.org/kko/rc/MercurySableCar,rdfs:subClassOf,owl:Thing
http://kbpedia.org/kko/rc/MercurySableCar,rdfs:subClassOf,http://kbpedia.org/kko/rc/MidsizeCar
http://kbpedia.org/kko/rc/Humvee,rdfs:subClassOf,http://kbpedia.org/kko/rc/AMGenCar
http://kbpedia.org/kko/rc/Humvee,rdfs:subClassOf,owl:Thing
http://kbpedia.org/kko/rc/Humvee,rdfs:subClassOf,http://kbpedia.org/kko/rc/All_TerrainVehicle
http://kbpedia.org/kko/rc/Humvee,rdfs:subClassOf,http://kbpedia.org/kko/rc/LightWheeledVehicle
http://kbpedia.org/kko/rc/Humvee,rdfs:subClassOf,http://kbpedia.org/kko/rc/Truck
http://kbpedia.org/kko/rc/AbducensNerve,rdfs:subClassOf,http://kbpedia.org/kko/rc/CranialNerve
http://kbpedia.org/kko/rc/AbducensNerve,rdfs:subClassOf,owl:Thing
http://kbpedia.org/kko/rc/AbducensNerve,rdfs:subClassOf,http://kbpedia.org/kko/rc/MotorNerve
http://kbpedia.org/kko/rc/ChryslerCordobaCar,rdfs:subClassOf,http://kbpedia.org/kko/rc/ChryslerCar
http://kbpedia.org/kko/rc/ChryslerCordobaCar,rdfs:subClassOf,owl:Thing
http://kbpedia.org/kko/rc/Zara_classCruiser,rdfs:subClassOf,http://kbpedia.org/kko/rc/BattleCruiser
http://kbpedia.org/kko/rc/Zara_classCruiser,rdfs:subClassOf,owl:Thing
http://kbpedia.org/kko/rc/PenComputer,rdfs:subClassOf,http://kbpedia.org/kko/rc/PersonalComputer
http://kbpedia.org/kko/rc/PenComputer,rdfs:subClassOf,owl:Thing
http://kbpedia.org/kko/rc/TupolevTu_12,rdfs:subClassOf,http://kbpedia.org/kko/rc/BomberPlane
http://kbpedia.org/kko/rc/TupolevTu_12,rdfs:subClassOf,owl:Thing
http://kbpedia.org/kko/rc/TupolevTu_12,rdfs:subClassOf,http://kbpedia.org/kko/rc/ExperimentalAircraft
http://kbpedia.org/kko/rc/Humvee_Ambulance,rdfs:subClassOf,http://kbpedia.org/kko/rc/Ambulance
http://kbpedia.org/kko/rc/Humvee_Ambulance,rdfs:subClassOf,owl:Thing
http://kbpedia.org/kko/rc/Humvee_Ambulance,rdfs:subClassOf,http://kbpedia.org/kko/rc/Humvee
http://kbpedia.org/kko/rc/Seatbelt_Manual,rdfs:subClassOf,http://kbpedia.org/kko/rc/Seatbelt
http://kbpedia.org/kko/rc/Seatbelt_Manual,rdfs:subClassOf,owl:Thing
http://kbpedia.org/kko/rc/PorscheVehicle,rdfs:subClassOf,http://kbpedia.org/kko/rc/PorscheCar
http://kbpedia.org/kko/rc/PorscheVehicle,rdfs:subClassOf,owl:Thing
http://kbpedia.org/kko/rc/LavochkinLa_7,rdfs:subClassOf,http://kbpedia.org/kko/rc/FighterAttackPlane
http://kbpedia.org/kko/rc/LavochkinLa_7,rdfs:subClassOf,owl:Thing
http://kbpedia.org/kko/rc/FacialNerve,rdfs:subClassOf,http://kbpedia.org/kko/rc/CranialNerve
http://kbpedia.org/kko/rc/FacialNerve,rdfs:subClassOf,owl:Thing
http://kbpedia.org/kko/rc/FacialNerve,rdfs:subClassOf,http://kbpedia.org/kko/rc/SensoryMotorNerve
http://kbpedia.org/kko/rc/CranialNerve,rdfs:subClassOf,http://kbpedia.org/kko/rc/Nerve
http://kbpedia.org/kko/rc/CranialNerve,rdfs:subClassOf,owl:Thing
http://kbpedia.org/kko/rc/SalvageShip,rdfs:subClassOf,http://kbpedia.org/kko/rc/CommercialMarineCraft
http://kbpedia.org/kko/rc/SalvageShip,rdfs:subClassOf,owl:Thing
http://kbpedia.org/kko/rc/SalvageShip,rdfs:subClassOf,http://kbpedia.org/kko/rc/ModernNavalShip
http://kbpedia.org/kko/rc/SalvageShip,rdfs:subClassOf,http://kbpedia.org/kko/rc/Ship
http://kbpedia.org/kko/rc/MercuryVehicle,rdfs:subClassOf,http://kbpedia.org/kko/rc/MercuryCar
http://kbpedia.org/kko/rc/MercuryVehicle,rdfs:subClassOf,owl:Thing
http://kbpedia.org/kko/rc/CombatAircraft,rdfs:subClassOf,http://kbpedia.org/kko/rc/CombatVehicle
http://kbpedia.org/kko/rc/CombatAircraft,rdfs:subClassOf,owl:Thing
http://kbpedia.org/kko/rc/CombatAircraft,rdfs:subClassOf,http://kbpedia.org/kko/rc/MilitaryAircraft
http://kbpedia.org/kko/rc/CombatAircraft,rdfs:subClassOf,http://kbpedia.org/kko/rc/WeaponSystem
http://kbpedia.org/kko/rc/AutomobileBoatRack,rdfs:subClassOf,http://kbpedia.org/kko/rc/Rack_Holder
http://kbpedia.org/kko/rc/AutomobileBoatRack,rdfs:subClassOf,owl:Thing
http://kbpedia.org/kko/rc/AutomobileBoatRack,rdfs:subClassOf,http://kbpedia.org/kko/rc/RoofRackSystem
http://kbpedia.org/kko/rc/Taxiway,rdfs:subClassOf,http://kbpedia.org/kko/rc/Roadway
http://kbpedia.org/kko/rc/Taxiway,rdfs:subClassOf,owl:Thing
http://kbpedia.org/kko/rc/Taxiway,rdfs:subClassOf,http://kbpedia.org/kko/rc/TransportBuildingStructure
http://kbpedia.org/kko/rc/SokoG_2,rdfs:subClassOf,http://kbpedia.org/kko/rc/FighterAttackPlane
http://kbpedia.org/kko/rc/SokoG_2,rdfs:subClassOf,owl:Thing
http://kbpedia.org/kko/rc/NSBEl17,rdfs:subClassOf,http://kbpedia.org/kko/rc/ElectricLocomotive
http://kbpedia.org/kko/rc/NSBEl17,rdfs:subClassOf,owl:Thing
http://kbpedia.org/kko/rc/Mackensen_classBattlecruiser,rdfs:subClassOf,http://kbpedia.org/kko/rc/BattleCruiser
http://kbpedia.org/kko/rc/Mackensen_classBattlecruiser,rdfs:subClassOf,owl:Thing
http://kbpedia.org/kko/rc/DaewooCieloCar,rdfs:subClassOf,http://kbpedia.org/kko/rc/DaewooCar
http://kbpedia.org/kko/rc/DaewooCieloCar,rdfs:subClassOf,owl:Thing
http://kbpedia.org/kko/rc/NSBClass64,rdfs:subClassOf,http://kbpedia.org/kko/rc/TrainEngine
http://kbpedia.org/kko/rc/NSBClass64,rdfs:subClassOf,owl:Thing
http://kbpedia.org/kko/rc/Briefcase,rdfs:subClassOf,http://kbpedia.org/kko/rc/BusinessCase
http://kbpedia.org/kko/rc/Briefcase,rdfs:subClassOf,owl:Thing
http://kbpedia.org/kko/rc/Briefcase,rdfs:subClassOf,http://kbpedia.org/kko/rc/CarryingCase
http://kbpedia.org/kko/rc/Briefcase,rdfs:subClassOf,http://kbpedia.org/kko/rc/Device_OfficeProduct_NonConsumable
http://kbpedia.org/kko/rc/Briefcase,rdfs:subClassOf,http://kbpedia.org/kko/rc/OfficeProductMarketCategory
http://kbpedia.org/kko/rc/Briefcase,rdfs:subClassOf,http://kbpedia.org/kko/rc/Box_Container
http://kbpedia.org/kko/rc/AmphibiousTransportDock,rdfs:subClassOf,http://kbpedia.org/kko/rc/AmphibiousWarfareShip
http://kbpedia.org/kko/rc/AmphibiousTransportDock,rdfs:subClassOf,owl:Thing
http://kbpedia.org/kko/rc/OpelGTCar,rdfs:subClassOf,http://kbpedia.org/kko/rc/OpelCar
http://kbpedia.org/kko/rc/OpelGTCar,rdfs:subClassOf,owl:Thing
http://kbpedia.org/kko/rc/LandRoverCar,rdfs:subClassOf,http://kbpedia.org/kko/rc/EnglishCar
http://kbpedia.org/kko/rc/LandRoverCar,rdfs:subClassOf,owl:Thing
http://kbpedia.org/kko/rc/CarryingCase,rdfs:subClassOf,http://kbpedia.org/kko/rc/Box_Container
http://kbpedia.org/kko/rc/CarryingCase,rdfs:subClassOf,owl:Thing
http://kbpedia.org/kko/rc/CarryingCase,rdfs:subClassOf,http://kbpedia.org/kko/rc/Luggage
http://kbpedia.org/kko/rc/ErzherzogKarl_classBattleship,rdfs:subClassOf,http://kbpedia.org/kko/rc/Battleship
http://kbpedia.org/kko/rc/ErzherzogKarl_classBattleship,rdfs:subClassOf,owl:Thing
http://kbpedia.org/kko/rc/AustrianAndAustroHungarianFighterAircraft,rdfs:subClassOf,http://kbpedia.org/kko/rc/FightersByCountry
http://kbpedia.org/kko/rc/AustrianAndAustroHungarianFighterAircraft,rdfs:subClassOf,owl:Thing
http://kbpedia.org/kko/rc/AustrianAndAustroHungarianFighterAircraft,rdfs:subClassOf,http://kbpedia.org/kko/rc/FighterPlane
http://kbpedia.org/kko/rc/HollowStructuralSection,rdfs:subClassOf,http://kbpedia.org/kko/rc/StructuralComponentBasicShape
http://kbpedia.org/kko/rc/HollowStructuralSection,rdfs:subClassOf,owl:Thing
http://kbpedia.org/kko/rc/HollowStructuralSection,rdfs:subClassOf,http://kbpedia.org/kko/rc/Tube_Structure
http://kbpedia.org/kko/rc/Drache_classIronclad,rdfs:subClassOf,http://kbpedia.org/kko/rc/IroncladWarship
http://kbpedia.org/kko/rc/Drache_classIronclad,rdfs:subClassOf,owl:Thing
http://kbpedia.org/kko/rc/FightersByCountry,rdfs:subClassOf,http://kbpedia.org/kko/rc/FighterPlane
http://kbpedia.org/kko/rc/FightersByCountry,rdfs:subClassOf,owl:Thing
http://kbpedia.org/kko/rc/TupolevTu_4,rdfs:subClassOf,http://kbpedia.org/kko/rc/BomberPlane
http://kbpedia.org/kko/rc/TupolevTu_4,rdfs:subClassOf,owl:Thing
http://kbpedia.org/kko/rc/TupolevTu_4,rdfs:subClassOf,http://kbpedia.org/kko/rc/PropellerDrivenAirplane
http://kbpedia.org/kko/rc/CommercialMarineCraft,rdfs:subClassOf,http://kbpedia.org/kko/rc/MarineTransport
http://kbpedia.org/kko/rc/CommercialMarineCraft,rdfs:subClassOf,owl:Thing
http://kbpedia.org/kko/rc/PersonalWatercraft,rdfs:subClassOf,http://kbpedia.org/kko/rc/InternalCombustionPoweredDevice
http://kbpedia.org/kko/rc/PersonalWatercraft,rdfs:subClassOf,owl:Thing
http://kbpedia.org/kko/rc/PersonalWatercraft,rdfs:subClassOf,http://kbpedia.org/kko/rc/Watercraft_Small
http://kbpedia.org/kko/rc/PersonalWatercraft,rdfs:subClassOf,http://kbpedia.org/kko/rc/WaterTransportationVehicle
http://kbpedia.org/kko/rc/LanciaZagatoCar,rdfs:subClassOf,http://kbpedia.org/kko/rc/LanciaCar
http://kbpedia.org/kko/rc/LanciaZagatoCar,rdfs:subClassOf,owl:Thing
http://kbpedia.org/kko/rc/Wagon,rdfs:subClassOf,http://kbpedia.org/kko/rc/MaterialTransporter
http://kbpedia.org/kko/rc/Wagon,rdfs:subClassOf,owl:Thing
http://kbpedia.org/kko/rc/Wagon,rdfs:subClassOf,http://kbpedia.org/kko/rc/MusclePoweredDevice
http://kbpedia.org/kko/rc/Wagon,rdfs:subClassOf,http://kbpedia.org/kko/rc/TransportationContainerProduct
http://kbpedia.org/kko/rc/Wagon,rdfs:subClassOf,http://kbpedia.org/kko/rc/WheeledTransportationDevice
