id,subclassof,parent
http://kbpedia.org/kko/rc/ConceptAlbum,rdfs:subClassOf,http://kbpedia.org/kko/rc/Album
http://kbpedia.org/kko/rc/ConceptAlbum,rdfs:subClassOf,owl:Thing
http://kbpedia.org/kko/rc/LoveSong,rdfs:subClassOf,http://kbpedia.org/kko/rc/Song
http://kbpedia.org/kko/rc/LoveSong,rdfs:subClassOf,owl:Thing
http://kbpedia.org/kko/rc/LoveSong,rdfs:subClassOf,http://kbpedia.org/kko/rc/SymbolicThing
http://kbpedia.org/kko/rc/ProgressiveRockMusic,rdfs:subClassOf,http://kbpedia.org/kko/rc/RockMusic
http://kbpedia.org/kko/rc/ProgressiveRockMusic,rdfs:subClassOf,owl:Thing
http://kbpedia.org/kko/rc/AnimalUtterance_IBT,rdfs:subClassOf,http://kbpedia.org/kko/rc/AnimalSound
http://kbpedia.org/kko/rc/AnimalUtterance_IBT,rdfs:subClassOf,owl:Thing
http://kbpedia.org/kko/rc/AnimalUtterance_IBT,rdfs:subClassOf,http://kbpedia.org/kko/rc/InformationBearingThing
http://kbpedia.org/kko/rc/MusicalComposition_HipHop,rdfs:subClassOf,http://kbpedia.org/kko/rc/MusicTypeOpenGenre
http://kbpedia.org/kko/rc/MusicalComposition_HipHop,rdfs:subClassOf,owl:Thing
http://kbpedia.org/kko/rc/MusicalComposition_HipHop,rdfs:subClassOf,http://kbpedia.org/kko/rc/MusicalComposition
http://kbpedia.org/kko/rc/MusicOfItaly,rdfs:subClassOf,http://kbpedia.org/kko/rc/MusicByRegion
http://kbpedia.org/kko/rc/MusicOfItaly,rdfs:subClassOf,owl:Thing
http://kbpedia.org/kko/rc/DeathMetalMusic,rdfs:subClassOf,http://kbpedia.org/kko/rc/HeavyMetalMusic
http://kbpedia.org/kko/rc/DeathMetalMusic,rdfs:subClassOf,owl:Thing
http://kbpedia.org/kko/rc/Chant,rdfs:subClassOf,http://kbpedia.org/kko/rc/MusicalComposition_Religious
http://kbpedia.org/kko/rc/Chant,rdfs:subClassOf,owl:Thing
http://kbpedia.org/kko/rc/CornishFolkMusic,rdfs:subClassOf,http://kbpedia.org/kko/rc/FolkMusicGenre
http://kbpedia.org/kko/rc/CornishFolkMusic,rdfs:subClassOf,owl:Thing
http://kbpedia.org/kko/rc/CanadianCelticMusic,rdfs:subClassOf,http://kbpedia.org/kko/rc/MusicalComposition_Celtic
http://kbpedia.org/kko/rc/CanadianCelticMusic,rdfs:subClassOf,owl:Thing
http://kbpedia.org/kko/rc/Zeuhl,rdfs:subClassOf,http://kbpedia.org/kko/rc/ProgressiveRockMusic
http://kbpedia.org/kko/rc/Zeuhl,rdfs:subClassOf,owl:Thing
http://kbpedia.org/kko/rc/PsychedelicTrance,rdfs:subClassOf,http://kbpedia.org/kko/rc/PsychedelicMusic
http://kbpedia.org/kko/rc/PsychedelicTrance,rdfs:subClassOf,owl:Thing
http://kbpedia.org/kko/rc/PsychedelicTrance,rdfs:subClassOf,http://kbpedia.org/kko/rc/MusicTypeOpenGenre
http://kbpedia.org/kko/rc/PsychedelicTrance,rdfs:subClassOf,http://kbpedia.org/kko/rc/MusicTypeByGenre
http://kbpedia.org/kko/rc/JazzMusic,rdfs:subClassOf,http://kbpedia.org/kko/rc/MusicTypeByGenre
http://kbpedia.org/kko/rc/JazzMusic,rdfs:subClassOf,owl:Thing
http://kbpedia.org/kko/rc/MusicalComposition_Trance,rdfs:subClassOf,http://kbpedia.org/kko/rc/MusicalComposition
http://kbpedia.org/kko/rc/MusicalComposition_Trance,rdfs:subClassOf,owl:Thing
http://kbpedia.org/kko/rc/PitchMusic,rdfs:subClassOf,http://kbpedia.org/kko/rc/Sound
http://kbpedia.org/kko/rc/PitchMusic,rdfs:subClassOf,owl:Thing
http://kbpedia.org/kko/rc/SilentFilmMusic,rdfs:subClassOf,http://kbpedia.org/kko/rc/MusicTypeByGenre
http://kbpedia.org/kko/rc/SilentFilmMusic,rdfs:subClassOf,owl:Thing
http://kbpedia.org/kko/rc/MusicalComposition_AlternativeCountry,rdfs:subClassOf,http://kbpedia.org/kko/rc/MusicTypeOpenGenre
http://kbpedia.org/kko/rc/MusicalComposition_AlternativeCountry,rdfs:subClassOf,owl:Thing
http://kbpedia.org/kko/rc/MusicalComposition_AlternativeCountry,rdfs:subClassOf,http://kbpedia.org/kko/rc/MusicalComposition_Country
http://kbpedia.org/kko/rc/MusicOfTheSouthernUnitedStates,rdfs:subClassOf,http://kbpedia.org/kko/rc/MusicByRegion
http://kbpedia.org/kko/rc/MusicOfTheSouthernUnitedStates,rdfs:subClassOf,owl:Thing
http://kbpedia.org/kko/rc/ComputerMusic,rdfs:subClassOf,http://kbpedia.org/kko/rc/ElectronicMusic
http://kbpedia.org/kko/rc/ComputerMusic,rdfs:subClassOf,owl:Thing
http://kbpedia.org/kko/rc/RenaissanceMusic,rdfs:subClassOf,http://kbpedia.org/kko/rc/MusicTypeByGenre
http://kbpedia.org/kko/rc/RenaissanceMusic,rdfs:subClassOf,owl:Thing
http://kbpedia.org/kko/rc/IrishMusic,rdfs:subClassOf,http://kbpedia.org/kko/rc/MusicByRegion
http://kbpedia.org/kko/rc/IrishMusic,rdfs:subClassOf,owl:Thing
http://kbpedia.org/kko/rc/CompositionMovement,rdfs:subClassOf,http://kbpedia.org/kko/rc/MusicalComposition_Classical
http://kbpedia.org/kko/rc/CompositionMovement,rdfs:subClassOf,owl:Thing
http://kbpedia.org/kko/rc/GermanicMusic,rdfs:subClassOf,http://kbpedia.org/kko/rc/MusicByRegion
http://kbpedia.org/kko/rc/GermanicMusic,rdfs:subClassOf,owl:Thing
http://kbpedia.org/kko/rc/AnthemsOfTheSovietRepublics,rdfs:subClassOf,http://kbpedia.org/kko/rc/Anthem
http://kbpedia.org/kko/rc/AnthemsOfTheSovietRepublics,rdfs:subClassOf,owl:Thing
http://kbpedia.org/kko/rc/NewSchoolHipHop,rdfs:subClassOf,http://kbpedia.org/kko/rc/HipHopMusic
http://kbpedia.org/kko/rc/NewSchoolHipHop,rdfs:subClassOf,owl:Thing
http://kbpedia.org/kko/rc/Opera,rdfs:subClassOf,http://kbpedia.org/kko/rc/ClassicalVocalComposition
http://kbpedia.org/kko/rc/Opera,rdfs:subClassOf,owl:Thing
http://kbpedia.org/kko/rc/Opera,rdfs:subClassOf,http://kbpedia.org/kko/rc/MusicalComposition_Opera
http://kbpedia.org/kko/rc/Opera,rdfs:subClassOf,http://kbpedia.org/kko/rc/OrchestralComposition
http://kbpedia.org/kko/rc/RadioDocumentary,rdfs:subClassOf,http://kbpedia.org/kko/rc/RecordedSoundProduct
http://kbpedia.org/kko/rc/RadioDocumentary,rdfs:subClassOf,owl:Thing
http://kbpedia.org/kko/rc/MusicalComposition_Choral,rdfs:subClassOf,http://kbpedia.org/kko/rc/MusicTypeOpenGenre
http://kbpedia.org/kko/rc/MusicalComposition_Choral,rdfs:subClassOf,owl:Thing
http://kbpedia.org/kko/rc/MusicalComposition_Choral,rdfs:subClassOf,http://kbpedia.org/kko/rc/MusicalComposition
http://kbpedia.org/kko/rc/MusicOfTheUnitedStates,rdfs:subClassOf,http://kbpedia.org/kko/rc/MusicByRegion
http://kbpedia.org/kko/rc/MusicOfTheUnitedStates,rdfs:subClassOf,owl:Thing
http://kbpedia.org/kko/rc/Album,rdfs:subClassOf,http://kbpedia.org/kko/rc/AudioConceptualWork
http://kbpedia.org/kko/rc/Album,rdfs:subClassOf,owl:Thing
http://kbpedia.org/kko/rc/BritishChristianMusic,rdfs:subClassOf,http://kbpedia.org/kko/rc/MusicalComposition_Christian
http://kbpedia.org/kko/rc/BritishChristianMusic,rdfs:subClassOf,owl:Thing
http://kbpedia.org/kko/rc/CompositionForTuba,rdfs:subClassOf,http://kbpedia.org/kko/rc/MusicalCompositonByInstrument
http://kbpedia.org/kko/rc/CompositionForTuba,rdfs:subClassOf,owl:Thing
http://kbpedia.org/kko/rc/MinimalMusic,rdfs:subClassOf,http://kbpedia.org/kko/rc/MusicTypeOpenGenre
http://kbpedia.org/kko/rc/MinimalMusic,rdfs:subClassOf,owl:Thing
http://kbpedia.org/kko/rc/MinimalMusic,rdfs:subClassOf,http://kbpedia.org/kko/rc/MusicTypeByGenre
http://kbpedia.org/kko/rc/AnglicanMusic,rdfs:subClassOf,http://kbpedia.org/kko/rc/MusicalComposition_Christian
http://kbpedia.org/kko/rc/AnglicanMusic,rdfs:subClassOf,owl:Thing
http://kbpedia.org/kko/rc/MusicalComposition_Folk,rdfs:subClassOf,http://kbpedia.org/kko/rc/MusicTypeOpenGenre
http://kbpedia.org/kko/rc/MusicalComposition_Folk,rdfs:subClassOf,owl:Thing
http://kbpedia.org/kko/rc/MusicalComposition_Folk,rdfs:subClassOf,http://kbpedia.org/kko/rc/MusicalComposition
http://kbpedia.org/kko/rc/ProgressiveMetal,rdfs:subClassOf,http://kbpedia.org/kko/rc/ProgressiveRockMusic
http://kbpedia.org/kko/rc/ProgressiveMetal,rdfs:subClassOf,owl:Thing
http://kbpedia.org/kko/rc/ProgressiveMetal,rdfs:subClassOf,http://kbpedia.org/kko/rc/MusicTypeByGenre
http://kbpedia.org/kko/rc/ClassicalPeriodMusic,rdfs:subClassOf,http://kbpedia.org/kko/rc/ClassicalMusic
http://kbpedia.org/kko/rc/ClassicalPeriodMusic,rdfs:subClassOf,owl:Thing
http://kbpedia.org/kko/rc/Krautrock,rdfs:subClassOf,http://kbpedia.org/kko/rc/MusicTypeOpenGenre
http://kbpedia.org/kko/rc/Krautrock,rdfs:subClassOf,owl:Thing
http://kbpedia.org/kko/rc/Krautrock,rdfs:subClassOf,http://kbpedia.org/kko/rc/ProgressiveRockMusic
http://kbpedia.org/kko/rc/Krautrock,rdfs:subClassOf,http://kbpedia.org/kko/rc/MusicTypeByGenre
http://kbpedia.org/kko/rc/AudioConceptualWork,rdfs:subClassOf,http://kbpedia.org/kko/rc/ConceptualWork
http://kbpedia.org/kko/rc/AudioConceptualWork,rdfs:subClassOf,owl:Thing
http://kbpedia.org/kko/rc/AudioConceptualWork,rdfs:subClassOf,http://kbpedia.org/ontologies/kko#AudioInfo
http://kbpedia.org/kko/rc/MovieSoundtrack,rdfs:subClassOf,http://kbpedia.org/kko/rc/AudioConceptualWork
http://kbpedia.org/kko/rc/MovieSoundtrack,rdfs:subClassOf,owl:Thing
http://kbpedia.org/kko/rc/MusicalComposition_Soul,rdfs:subClassOf,http://kbpedia.org/kko/rc/MusicTypeOpenGenre
http://kbpedia.org/kko/rc/MusicalComposition_Soul,rdfs:subClassOf,owl:Thing
http://kbpedia.org/kko/rc/MusicalComposition_Soul,rdfs:subClassOf,http://kbpedia.org/kko/rc/MusicalComposition
http://kbpedia.org/kko/rc/ScrewedUp,rdfs:subClassOf,http://kbpedia.org/kko/rc/Album
http://kbpedia.org/kko/rc/ScrewedUp,rdfs:subClassOf,owl:Thing
http://kbpedia.org/kko/rc/RecordedIBO,rdfs:subClassOf,http://kbpedia.org/kko/rc/InformationBearingObject
http://kbpedia.org/kko/rc/RecordedIBO,rdfs:subClassOf,owl:Thing
http://kbpedia.org/kko/rc/RecordedIBO,rdfs:subClassOf,http://kbpedia.org/ontologies/kko#AudioInfo
http://kbpedia.org/kko/rc/MusicalComposition_Religious,rdfs:subClassOf,http://kbpedia.org/kko/rc/MusicTypeOpenGenre
http://kbpedia.org/kko/rc/MusicalComposition_Religious,rdfs:subClassOf,owl:Thing
http://kbpedia.org/kko/rc/MusicalComposition_Religious,rdfs:subClassOf,http://kbpedia.org/kko/rc/MusicalComposition
http://kbpedia.org/kko/rc/BluesMusic,rdfs:subClassOf,http://kbpedia.org/kko/rc/MusicTypeByGenre
http://kbpedia.org/kko/rc/BluesMusic,rdfs:subClassOf,owl:Thing
http://kbpedia.org/kko/rc/Riff,rdfs:subClassOf,http://kbpedia.org/kko/rc/MusicalComposition
http://kbpedia.org/kko/rc/Riff,rdfs:subClassOf,owl:Thing
http://kbpedia.org/kko/rc/HipHopMusic,rdfs:subClassOf,http://kbpedia.org/kko/rc/MusicTypeOpenGenre
http://kbpedia.org/kko/rc/HipHopMusic,rdfs:subClassOf,owl:Thing
http://kbpedia.org/kko/rc/HinduMusic,rdfs:subClassOf,http://kbpedia.org/kko/rc/MusicalComposition_Religious
http://kbpedia.org/kko/rc/HinduMusic,rdfs:subClassOf,owl:Thing
http://kbpedia.org/kko/rc/OperaExcerpt,rdfs:subClassOf,http://kbpedia.org/kko/rc/Opera
http://kbpedia.org/kko/rc/OperaExcerpt,rdfs:subClassOf,owl:Thing
http://kbpedia.org/kko/rc/OperaExcerpt,rdfs:subClassOf,http://kbpedia.org/kko/rc/MusicalComposition_Opera
http://kbpedia.org/kko/rc/Musical,rdfs:subClassOf,http://kbpedia.org/kko/rc/AudioConceptualWork
http://kbpedia.org/kko/rc/Musical,rdfs:subClassOf,owl:Thing
http://kbpedia.org/kko/rc/Musical,rdfs:subClassOf,http://kbpedia.org/kko/rc/Play
http://kbpedia.org/kko/rc/Musical,rdfs:subClassOf,http://kbpedia.org/kko/rc/PropositionalConceptualWork_DramaGenre
http://kbpedia.org/kko/rc/Musical,rdfs:subClassOf,http://kbpedia.org/kko/rc/PropositionalConceptualWork_MusicalGenre
http://kbpedia.org/kko/rc/LoungeMusic,rdfs:subClassOf,http://kbpedia.org/kko/rc/MusicTypeOpenGenre
http://kbpedia.org/kko/rc/LoungeMusic,rdfs:subClassOf,owl:Thing
http://kbpedia.org/kko/rc/Noise,rdfs:subClassOf,http://kbpedia.org/kko/rc/Sound
http://kbpedia.org/kko/rc/Noise,rdfs:subClassOf,owl:Thing
http://kbpedia.org/kko/rc/LesserAntilleanMusic,rdfs:subClassOf,http://kbpedia.org/kko/rc/MusicByRegion
http://kbpedia.org/kko/rc/LesserAntilleanMusic,rdfs:subClassOf,owl:Thing
http://kbpedia.org/kko/rc/RockAndRollHallOfFame,rdfs:subClassOf,http://kbpedia.org/kko/rc/MusicalComposition_RockAndRoll
http://kbpedia.org/kko/rc/RockAndRollHallOfFame,rdfs:subClassOf,owl:Thing
http://kbpedia.org/kko/rc/RockAndRollHallOfFame,rdfs:subClassOf,http://kbpedia.org/kko/rc/RockAndRollMusic
http://kbpedia.org/kko/rc/MusicalComposition_Experimental,rdfs:subClassOf,http://kbpedia.org/kko/rc/MusicTypeOpenGenre
http://kbpedia.org/kko/rc/MusicalComposition_Experimental,rdfs:subClassOf,owl:Thing
http://kbpedia.org/kko/rc/MusicalComposition_Experimental,rdfs:subClassOf,http://kbpedia.org/kko/rc/MusicalComposition
http://kbpedia.org/kko/rc/RockMusic,rdfs:subClassOf,http://kbpedia.org/kko/rc/MusicTypeByGenre
http://kbpedia.org/kko/rc/RockMusic,rdfs:subClassOf,owl:Thing
http://kbpedia.org/kko/rc/MooingSound,rdfs:subClassOf,http://kbpedia.org/kko/rc/AnimalSound
http://kbpedia.org/kko/rc/MooingSound,rdfs:subClassOf,owl:Thing
http://kbpedia.org/kko/rc/AspectsOfMusic,rdfs:subClassOf,http://kbpedia.org/kko/rc/Music
http://kbpedia.org/kko/rc/AspectsOfMusic,rdfs:subClassOf,owl:Thing
http://kbpedia.org/kko/rc/InstrumentalMusic,rdfs:subClassOf,http://kbpedia.org/kko/rc/MusicTypeByGenre
http://kbpedia.org/kko/rc/InstrumentalMusic,rdfs:subClassOf,owl:Thing
http://kbpedia.org/kko/rc/Gandingan,rdfs:subClassOf,http://kbpedia.org/kko/rc/Kulintang
http://kbpedia.org/kko/rc/Gandingan,rdfs:subClassOf,owl:Thing
http://kbpedia.org/kko/rc/Song_Sung,rdfs:subClassOf,http://kbpedia.org/kko/rc/CWInstantiating
http://kbpedia.org/kko/rc/Song_Sung,rdfs:subClassOf,owl:Thing
http://kbpedia.org/kko/rc/Song_Sung,rdfs:subClassOf,http://kbpedia.org/kko/rc/Music
http://kbpedia.org/kko/rc/Verse,rdfs:subClassOf,http://kbpedia.org/kko/rc/MusicalComposition
http://kbpedia.org/kko/rc/Verse,rdfs:subClassOf,owl:Thing
http://kbpedia.org/kko/rc/JazzRadio,rdfs:subClassOf,http://kbpedia.org/kko/rc/JazzMusic
http://kbpedia.org/kko/rc/JazzRadio,rdfs:subClassOf,owl:Thing
http://kbpedia.org/kko/rc/JazzRadio,rdfs:subClassOf,http://kbpedia.org/kko/rc/RadioFormat
http://kbpedia.org/kko/rc/OperaGenre,rdfs:subClassOf,http://kbpedia.org/kko/rc/Opera
http://kbpedia.org/kko/rc/OperaGenre,rdfs:subClassOf,owl:Thing
http://kbpedia.org/kko/rc/OperaGenre,rdfs:subClassOf,http://kbpedia.org/kko/rc/TheatricalGenre
http://kbpedia.org/kko/rc/OperaGenre,rdfs:subClassOf,http://kbpedia.org/kko/rc/MusicalComposition_Opera
http://kbpedia.org/kko/rc/OperaGenre,rdfs:subClassOf,http://kbpedia.org/kko/rc/MusicTypeByGenre
http://kbpedia.org/kko/rc/CyclesMusic,rdfs:subClassOf,http://kbpedia.org/kko/rc/MusicalComposition
http://kbpedia.org/kko/rc/CyclesMusic,rdfs:subClassOf,owl:Thing
http://kbpedia.org/kko/rc/OperaCompetition,rdfs:subClassOf,http://kbpedia.org/kko/rc/Opera
http://kbpedia.org/kko/rc/OperaCompetition,rdfs:subClassOf,owl:Thing
http://kbpedia.org/kko/rc/OperaCompetition,rdfs:subClassOf,http://kbpedia.org/kko/rc/MusicalComposition_Opera
http://kbpedia.org/kko/rc/SirenSound,rdfs:subClassOf,http://kbpedia.org/kko/rc/AlarmSound
http://kbpedia.org/kko/rc/SirenSound,rdfs:subClassOf,owl:Thing
http://kbpedia.org/kko/rc/MusiqueConcrete,rdfs:subClassOf,http://kbpedia.org/kko/rc/ElectroacousticMusic
http://kbpedia.org/kko/rc/MusiqueConcrete,rdfs:subClassOf,owl:Thing
http://kbpedia.org/kko/rc/MusicalComposition_Fusion,rdfs:subClassOf,http://kbpedia.org/kko/rc/MusicalComposition_Jazz
http://kbpedia.org/kko/rc/MusicalComposition_Fusion,rdfs:subClassOf,owl:Thing
http://kbpedia.org/kko/rc/MusicalComposition_Fusion,rdfs:subClassOf,http://kbpedia.org/kko/rc/MusicalComposition_Rock
http://kbpedia.org/kko/rc/WeddingMusic,rdfs:subClassOf,http://kbpedia.org/kko/rc/MusicTypeByGenre
http://kbpedia.org/kko/rc/WeddingMusic,rdfs:subClassOf,owl:Thing
http://kbpedia.org/kko/rc/AlternativeRockMusic,rdfs:subClassOf,http://kbpedia.org/kko/rc/RockMusic
http://kbpedia.org/kko/rc/AlternativeRockMusic,rdfs:subClassOf,owl:Thing
http://kbpedia.org/kko/rc/AlternativeRockMusic,rdfs:subClassOf,http://kbpedia.org/kko/rc/MusicTypeByGenre
http://kbpedia.org/kko/rc/RapMusic,rdfs:subClassOf,http://kbpedia.org/kko/rc/MusicTypeByGenre
http://kbpedia.org/kko/rc/RapMusic,rdfs:subClassOf,owl:Thing
http://kbpedia.org/kko/rc/AudioRecordedObject,rdfs:subClassOf,http://kbpedia.org/kko/rc/RecordedIBO
http://kbpedia.org/kko/rc/AudioRecordedObject,rdfs:subClassOf,owl:Thing
http://kbpedia.org/kko/rc/AudioRecordedObject,rdfs:subClassOf,http://kbpedia.org/kko/rc/RecordingOfWaveIBT
http://kbpedia.org/kko/rc/AlarmSignal,rdfs:subClassOf,http://kbpedia.org/kko/rc/Signal
http://kbpedia.org/kko/rc/AlarmSignal,rdfs:subClassOf,owl:Thing
http://kbpedia.org/kko/rc/AlarmSignal,rdfs:subClassOf,http://kbpedia.org/kko/rc/SoundsByType
http://kbpedia.org/kko/rc/AlarmSignal,rdfs:subClassOf,http://kbpedia.org/kko/rc/Sound
http://kbpedia.org/kko/rc/CompositionForHarpsichord,rdfs:subClassOf,http://kbpedia.org/kko/rc/MusicalComposition_Baroque
http://kbpedia.org/kko/rc/CompositionForHarpsichord,rdfs:subClassOf,owl:Thing
http://kbpedia.org/kko/rc/ElectricFolk,rdfs:subClassOf,http://kbpedia.org/kko/rc/FolkRockMusic
http://kbpedia.org/kko/rc/ElectricFolk,rdfs:subClassOf,owl:Thing
http://kbpedia.org/kko/rc/ElectricFolk,rdfs:subClassOf,http://kbpedia.org/kko/rc/MusicTypeOpenGenre
http://kbpedia.org/kko/rc/ElectricFolk,rdfs:subClassOf,http://kbpedia.org/kko/rc/MusicTypeByGenre
http://kbpedia.org/kko/rc/BluesRockMusic,rdfs:subClassOf,http://kbpedia.org/kko/rc/BluesMusic
http://kbpedia.org/kko/rc/BluesRockMusic,rdfs:subClassOf,owl:Thing
http://kbpedia.org/kko/rc/BluesRockMusic,rdfs:subClassOf,http://kbpedia.org/kko/rc/RockMusic
http://kbpedia.org/kko/rc/HouseMusicGenre,rdfs:subClassOf,http://kbpedia.org/kko/rc/HouseMusic
http://kbpedia.org/kko/rc/HouseMusicGenre,rdfs:subClassOf,owl:Thing
http://kbpedia.org/kko/rc/HouseMusicGenre,rdfs:subClassOf,http://kbpedia.org/kko/rc/MusicTypeByGenre
http://kbpedia.org/kko/rc/Music,rdfs:subClassOf,http://kbpedia.org/kko/rc/AudioConceptualWork
http://kbpedia.org/kko/rc/Music,rdfs:subClassOf,owl:Thing
http://kbpedia.org/kko/rc/Music,rdfs:subClassOf,http://kbpedia.org/ontologies/kko#AudioInfo
http://kbpedia.org/kko/rc/RadioShow,rdfs:subClassOf,http://kbpedia.org/kko/rc/AudioConceptualWork
http://kbpedia.org/kko/rc/RadioShow,rdfs:subClassOf,owl:Thing
http://kbpedia.org/kko/rc/RadioShow,rdfs:subClassOf,http://kbpedia.org/kko/rc/BroadcastMediaShow
http://kbpedia.org/kko/rc/GalicianMusic,rdfs:subClassOf,http://kbpedia.org/kko/rc/MusicByRegion
http://kbpedia.org/kko/rc/GalicianMusic,rdfs:subClassOf,owl:Thing
http://kbpedia.org/kko/rc/TragediesEnMusique,rdfs:subClassOf,http://kbpedia.org/kko/rc/OperaGenre
http://kbpedia.org/kko/rc/TragediesEnMusique,rdfs:subClassOf,owl:Thing
http://kbpedia.org/kko/rc/MusicalComposition_GlamRock,rdfs:subClassOf,http://kbpedia.org/kko/rc/MusicTypeOpenGenre
http://kbpedia.org/kko/rc/MusicalComposition_GlamRock,rdfs:subClassOf,owl:Thing
http://kbpedia.org/kko/rc/MusicalComposition_GlamRock,rdfs:subClassOf,http://kbpedia.org/kko/rc/MusicalComposition_Rock
http://kbpedia.org/kko/rc/MusicalComposition_1980sPop,rdfs:subClassOf,http://kbpedia.org/kko/rc/MusicalComposition
http://kbpedia.org/kko/rc/MusicalComposition_1980sPop,rdfs:subClassOf,owl:Thing
http://kbpedia.org/kko/rc/MusicalWork,rdfs:subClassOf,http://kbpedia.org/kko/rc/Music
http://kbpedia.org/kko/rc/MusicalWork,rdfs:subClassOf,owl:Thing
http://kbpedia.org/kko/rc/Mazurka,rdfs:subClassOf,http://kbpedia.org/kko/rc/MusicalComposition_Romantic
http://kbpedia.org/kko/rc/Mazurka,rdfs:subClassOf,owl:Thing
http://kbpedia.org/kko/rc/OinkingSound,rdfs:subClassOf,http://kbpedia.org/kko/rc/AnimalSound
http://kbpedia.org/kko/rc/OinkingSound,rdfs:subClassOf,owl:Thing
http://kbpedia.org/kko/rc/SwedishCountryMusic,rdfs:subClassOf,http://kbpedia.org/kko/rc/CountryMusic
http://kbpedia.org/kko/rc/SwedishCountryMusic,rdfs:subClassOf,owl:Thing
http://kbpedia.org/kko/rc/SwedishCountryMusic,rdfs:subClassOf,http://kbpedia.org/kko/rc/MusicalComposition_Country
http://kbpedia.org/kko/rc/HeavyMetalSubgenre,rdfs:subClassOf,http://kbpedia.org/kko/rc/HeavyMetalMusic
http://kbpedia.org/kko/rc/HeavyMetalSubgenre,rdfs:subClassOf,owl:Thing
http://kbpedia.org/kko/rc/HeavyMetalSubgenre,rdfs:subClassOf,http://kbpedia.org/kko/rc/MusicTypeOpenGenre
http://kbpedia.org/kko/rc/HeavyMetalSubgenre,rdfs:subClassOf,http://kbpedia.org/kko/rc/MusicTypeByGenre
http://kbpedia.org/kko/rc/ChoralSymphony,rdfs:subClassOf,http://kbpedia.org/kko/rc/Symphony
http://kbpedia.org/kko/rc/ChoralSymphony,rdfs:subClassOf,owl:Thing
http://kbpedia.org/kko/rc/UnidentifiedSound,rdfs:subClassOf,http://kbpedia.org/kko/rc/Sound
http://kbpedia.org/kko/rc/UnidentifiedSound,rdfs:subClassOf,owl:Thing
http://kbpedia.org/kko/rc/OperaScholarship,rdfs:subClassOf,http://kbpedia.org/kko/rc/Opera
http://kbpedia.org/kko/rc/OperaScholarship,rdfs:subClassOf,owl:Thing
http://kbpedia.org/kko/rc/OperaScholarship,rdfs:subClassOf,http://kbpedia.org/kko/rc/MusicalComposition_Opera
http://kbpedia.org/kko/rc/LiveAlbum,rdfs:subClassOf,http://kbpedia.org/kko/rc/Album
http://kbpedia.org/kko/rc/LiveAlbum,rdfs:subClassOf,owl:Thing
http://kbpedia.org/kko/rc/Audiobook,rdfs:subClassOf,http://kbpedia.org/kko/rc/RecordedSoundProduct
http://kbpedia.org/kko/rc/Audiobook,rdfs:subClassOf,owl:Thing
http://kbpedia.org/kko/rc/TraditionalSong,rdfs:subClassOf,http://kbpedia.org/kko/rc/Song
http://kbpedia.org/kko/rc/TraditionalSong,rdfs:subClassOf,owl:Thing
http://kbpedia.org/kko/rc/NoiseReduction,rdfs:subClassOf,http://kbpedia.org/kko/rc/AudibleSound
http://kbpedia.org/kko/rc/NoiseReduction,rdfs:subClassOf,owl:Thing
http://kbpedia.org/kko/rc/HomeVideo,rdfs:subClassOf,http://kbpedia.org/kko/rc/VideoRecordedObject
http://kbpedia.org/kko/rc/HomeVideo,rdfs:subClassOf,owl:Thing
http://kbpedia.org/kko/rc/MusicalComposition_Electronic,rdfs:subClassOf,http://kbpedia.org/kko/rc/MusicalComposition
http://kbpedia.org/kko/rc/MusicalComposition_Electronic,rdfs:subClassOf,owl:Thing
http://kbpedia.org/kko/rc/MusicalComposition_Industrial,rdfs:subClassOf,http://kbpedia.org/kko/rc/MusicTypeOpenGenre
http://kbpedia.org/kko/rc/MusicalComposition_Industrial,rdfs:subClassOf,owl:Thing
http://kbpedia.org/kko/rc/MusicalComposition_Industrial,rdfs:subClassOf,http://kbpedia.org/kko/rc/MusicalComposition_Rock
http://kbpedia.org/kko/rc/MusicalComposition_ACappella,rdfs:subClassOf,http://kbpedia.org/kko/rc/MusicTypeOpenGenre
http://kbpedia.org/kko/rc/MusicalComposition_ACappella,rdfs:subClassOf,owl:Thing
http://kbpedia.org/kko/rc/MusicalComposition_ACappella,rdfs:subClassOf,http://kbpedia.org/kko/rc/MusicalComposition
http://kbpedia.org/kko/rc/SikhMusic,rdfs:subClassOf,http://kbpedia.org/kko/rc/MusicalComposition_Religious
http://kbpedia.org/kko/rc/SikhMusic,rdfs:subClassOf,owl:Thing
http://kbpedia.org/kko/rc/MusicalComposition,rdfs:subClassOf,http://kbpedia.org/kko/rc/MusicalWork
http://kbpedia.org/kko/rc/MusicalComposition,rdfs:subClassOf,owl:Thing
http://kbpedia.org/kko/rc/MusicalComposition,rdfs:subClassOf,http://kbpedia.org/kko/rc/AudioConceptualWork
http://kbpedia.org/kko/rc/RecordedSoundProduct,rdfs:subClassOf,http://kbpedia.org/kko/rc/AudioRecordedObject
http://kbpedia.org/kko/rc/RecordedSoundProduct,rdfs:subClassOf,owl:Thing
http://kbpedia.org/kko/rc/RecordedSoundProduct,rdfs:subClassOf,http://kbpedia.org/kko/rc/Collectible
http://kbpedia.org/kko/rc/RecordedSoundProduct,rdfs:subClassOf,http://kbpedia.org/kko/rc/RecordedIBO
http://kbpedia.org/kko/rc/GospelMusicGenre,rdfs:subClassOf,http://kbpedia.org/kko/rc/GospelMusic
http://kbpedia.org/kko/rc/GospelMusicGenre,rdfs:subClassOf,owl:Thing
http://kbpedia.org/kko/rc/GospelMusicGenre,rdfs:subClassOf,http://kbpedia.org/kko/rc/MusicalComposition_Gospel
http://kbpedia.org/kko/rc/GospelMusicGenre,rdfs:subClassOf,http://kbpedia.org/kko/rc/MusicTypeByGenre
http://kbpedia.org/kko/rc/PostPunkMusic,rdfs:subClassOf,http://kbpedia.org/kko/rc/MusicTypeOpenGenre
http://kbpedia.org/kko/rc/PostPunkMusic,rdfs:subClassOf,owl:Thing
http://kbpedia.org/kko/rc/PostPunkMusic,rdfs:subClassOf,http://kbpedia.org/kko/rc/RockMusic
http://kbpedia.org/kko/rc/VikingMetal,rdfs:subClassOf,http://kbpedia.org/kko/rc/DeathMetalMusic
http://kbpedia.org/kko/rc/VikingMetal,rdfs:subClassOf,owl:Thing
http://kbpedia.org/kko/rc/SouthernRockMusic,rdfs:subClassOf,http://kbpedia.org/kko/rc/RockMusic
http://kbpedia.org/kko/rc/SouthernRockMusic,rdfs:subClassOf,owl:Thing
http://kbpedia.org/kko/rc/Leading_Off,rdfs:subClassOf,http://kbpedia.org/kko/rc/Album
http://kbpedia.org/kko/rc/Leading_Off,rdfs:subClassOf,owl:Thing
http://kbpedia.org/kko/rc/MeowingSound,rdfs:subClassOf,http://kbpedia.org/kko/rc/AnimalSound
http://kbpedia.org/kko/rc/MeowingSound,rdfs:subClassOf,owl:Thing
http://kbpedia.org/kko/rc/RadioTalkShow,rdfs:subClassOf,http://kbpedia.org/kko/rc/RadioShow
http://kbpedia.org/kko/rc/RadioTalkShow,rdfs:subClassOf,owl:Thing
http://kbpedia.org/kko/rc/RockabillyMusic,rdfs:subClassOf,http://kbpedia.org/kko/rc/RockMusic
http://kbpedia.org/kko/rc/RockabillyMusic,rdfs:subClassOf,owl:Thing
http://kbpedia.org/kko/rc/Serialism,rdfs:subClassOf,http://kbpedia.org/kko/rc/MusicalComposition
http://kbpedia.org/kko/rc/Serialism,rdfs:subClassOf,owl:Thing
http://kbpedia.org/kko/rc/MusicalComposition_Klezmer,rdfs:subClassOf,http://kbpedia.org/kko/rc/MusicTypeOpenGenre
http://kbpedia.org/kko/rc/MusicalComposition_Klezmer,rdfs:subClassOf,owl:Thing
http://kbpedia.org/kko/rc/MusicalComposition_Klezmer,rdfs:subClassOf,http://kbpedia.org/kko/rc/MusicalComposition
http://kbpedia.org/kko/rc/EasternOrthodoxLiturgicalMusic,rdfs:subClassOf,http://kbpedia.org/kko/rc/MusicalComposition_Christian
http://kbpedia.org/kko/rc/EasternOrthodoxLiturgicalMusic,rdfs:subClassOf,owl:Thing
http://kbpedia.org/kko/rc/MusicalComposition_House,rdfs:subClassOf,http://kbpedia.org/kko/rc/MusicalComposition_Disco
http://kbpedia.org/kko/rc/MusicalComposition_House,rdfs:subClassOf,owl:Thing
http://kbpedia.org/kko/rc/MusicalComposition_House,rdfs:subClassOf,http://kbpedia.org/kko/rc/MusicalComposition_Electronic
http://kbpedia.org/kko/rc/VideoArt,rdfs:subClassOf,http://kbpedia.org/kko/rc/Art
http://kbpedia.org/kko/rc/VideoArt,rdfs:subClassOf,owl:Thing
http://kbpedia.org/kko/rc/VideoArt,rdfs:subClassOf,http://kbpedia.org/kko/rc/VideoRecordedObject
http://kbpedia.org/kko/rc/NewWaveMusic,rdfs:subClassOf,http://kbpedia.org/kko/rc/RockMusic
http://kbpedia.org/kko/rc/NewWaveMusic,rdfs:subClassOf,owl:Thing
http://kbpedia.org/kko/rc/RussianLiturgicalMusic,rdfs:subClassOf,http://kbpedia.org/kko/rc/MusicalComposition_Religious
http://kbpedia.org/kko/rc/RussianLiturgicalMusic,rdfs:subClassOf,owl:Thing
http://kbpedia.org/kko/rc/NewAgeMusic,rdfs:subClassOf,http://kbpedia.org/kko/rc/MusicTypeByGenre
http://kbpedia.org/kko/rc/NewAgeMusic,rdfs:subClassOf,owl:Thing
http://kbpedia.org/kko/rc/PhonographRecord_LP,rdfs:subClassOf,http://kbpedia.org/kko/rc/PhonographRecord
http://kbpedia.org/kko/rc/PhonographRecord_LP,rdfs:subClassOf,owl:Thing
http://kbpedia.org/kko/rc/ElectronicMusicGenre,rdfs:subClassOf,http://kbpedia.org/kko/rc/ElectronicMusic
http://kbpedia.org/kko/rc/ElectronicMusicGenre,rdfs:subClassOf,owl:Thing
http://kbpedia.org/kko/rc/ElectronicMusicGenre,rdfs:subClassOf,http://kbpedia.org/kko/rc/MusicalComposition_Electronic
http://kbpedia.org/kko/rc/ElectronicMusicGenre,rdfs:subClassOf,http://kbpedia.org/kko/rc/MusicTypeByGenre
http://kbpedia.org/kko/rc/BrazilianChristianMusic,rdfs:subClassOf,http://kbpedia.org/kko/rc/MusicalComposition_Christian
http://kbpedia.org/kko/rc/BrazilianChristianMusic,rdfs:subClassOf,owl:Thing
http://kbpedia.org/kko/rc/MusicalComposition_Jazz,rdfs:subClassOf,http://kbpedia.org/kko/rc/MusicalComposition
http://kbpedia.org/kko/rc/MusicalComposition_Jazz,rdfs:subClassOf,owl:Thing
http://kbpedia.org/kko/rc/PatrioticSong,rdfs:subClassOf,http://kbpedia.org/kko/rc/Song
http://kbpedia.org/kko/rc/PatrioticSong,rdfs:subClassOf,owl:Thing
http://kbpedia.org/kko/rc/CanterburyScene,rdfs:subClassOf,http://kbpedia.org/kko/rc/MusicTypeOpenGenre
http://kbpedia.org/kko/rc/CanterburyScene,rdfs:subClassOf,owl:Thing
http://kbpedia.org/kko/rc/CanterburyScene,rdfs:subClassOf,http://kbpedia.org/kko/rc/ProgressiveRockMusic
http://kbpedia.org/kko/rc/MusicalComposition_PostPunk,rdfs:subClassOf,http://kbpedia.org/kko/rc/MusicTypeOpenGenre
http://kbpedia.org/kko/rc/MusicalComposition_PostPunk,rdfs:subClassOf,owl:Thing
http://kbpedia.org/kko/rc/MusicalComposition_PostPunk,rdfs:subClassOf,http://kbpedia.org/kko/rc/MusicalComposition_Rock
http://kbpedia.org/kko/rc/RockMusicGenre,rdfs:subClassOf,http://kbpedia.org/kko/rc/MusicalComposition_Rock
http://kbpedia.org/kko/rc/RockMusicGenre,rdfs:subClassOf,owl:Thing
http://kbpedia.org/kko/rc/RockMusicGenre,rdfs:subClassOf,http://kbpedia.org/kko/rc/RockMusic
http://kbpedia.org/kko/rc/RockMusicGenre,rdfs:subClassOf,http://kbpedia.org/kko/rc/MusicTypeByGenre
http://kbpedia.org/kko/rc/MusicalComposition_JazzRock,rdfs:subClassOf,http://kbpedia.org/kko/rc/MusicTypeOpenGenre
http://kbpedia.org/kko/rc/MusicalComposition_JazzRock,rdfs:subClassOf,owl:Thing
http://kbpedia.org/kko/rc/MusicalComposition_JazzRock,rdfs:subClassOf,http://kbpedia.org/kko/rc/MusicalComposition_Rock
http://kbpedia.org/kko/rc/Album_IBO,rdfs:subClassOf,http://kbpedia.org/kko/rc/RecordedSoundProduct
http://kbpedia.org/kko/rc/Album_IBO,rdfs:subClassOf,owl:Thing
http://kbpedia.org/kko/rc/MusicalCompositonByInstrument,rdfs:subClassOf,http://kbpedia.org/kko/rc/MusicalComposition
http://kbpedia.org/kko/rc/MusicalCompositonByInstrument,rdfs:subClassOf,owl:Thing
http://kbpedia.org/kko/rc/PunkRockGenre,rdfs:subClassOf,http://kbpedia.org/kko/rc/MusicalComposition_Punk
http://kbpedia.org/kko/rc/PunkRockGenre,rdfs:subClassOf,owl:Thing
http://kbpedia.org/kko/rc/PunkRockGenre,rdfs:subClassOf,http://kbpedia.org/kko/rc/PunkMusic
http://kbpedia.org/kko/rc/PunkRockGenre,rdfs:subClassOf,http://kbpedia.org/kko/rc/MusicTypeByGenre
http://kbpedia.org/kko/rc/RoyalAirForceMusic,rdfs:subClassOf,http://kbpedia.org/kko/rc/MusicTypeByGenre
http://kbpedia.org/kko/rc/RoyalAirForceMusic,rdfs:subClassOf,owl:Thing
http://kbpedia.org/kko/rc/NewWaveOfBritishHeavyMetal,rdfs:subClassOf,http://kbpedia.org/kko/rc/HeavyMetalSubgenre
http://kbpedia.org/kko/rc/NewWaveOfBritishHeavyMetal,rdfs:subClassOf,owl:Thing
http://kbpedia.org/kko/rc/Lullaby,rdfs:subClassOf,http://kbpedia.org/kko/rc/Song
http://kbpedia.org/kko/rc/Lullaby,rdfs:subClassOf,owl:Thing
http://kbpedia.org/kko/rc/NewAgePractice,rdfs:subClassOf,http://kbpedia.org/kko/rc/MusicalComposition_NewAge
http://kbpedia.org/kko/rc/NewAgePractice,rdfs:subClassOf,owl:Thing
http://kbpedia.org/kko/rc/ClassicalMusicalCompositionTypeByMusicalForm,rdfs:subClassOf,http://kbpedia.org/kko/rc/ClassicalMusic
http://kbpedia.org/kko/rc/ClassicalMusicalCompositionTypeByMusicalForm,rdfs:subClassOf,owl:Thing
http://kbpedia.org/kko/rc/ScottishGaelicMusic,rdfs:subClassOf,http://kbpedia.org/kko/rc/MusicalComposition_Celtic
http://kbpedia.org/kko/rc/ScottishGaelicMusic,rdfs:subClassOf,owl:Thing
http://kbpedia.org/kko/rc/StringQuartetComposition,rdfs:subClassOf,http://kbpedia.org/kko/rc/ChamberMusicComposition
http://kbpedia.org/kko/rc/StringQuartetComposition,rdfs:subClassOf,owl:Thing
http://kbpedia.org/kko/rc/BleatingSound,rdfs:subClassOf,http://kbpedia.org/kko/rc/AnimalSound
http://kbpedia.org/kko/rc/BleatingSound,rdfs:subClassOf,owl:Thing
http://kbpedia.org/kko/rc/MusicalComposition_Psychedelic,rdfs:subClassOf,http://kbpedia.org/kko/rc/MusicTypeOpenGenre
http://kbpedia.org/kko/rc/MusicalComposition_Psychedelic,rdfs:subClassOf,owl:Thing
http://kbpedia.org/kko/rc/MusicalComposition_Psychedelic,rdfs:subClassOf,http://kbpedia.org/kko/rc/MusicalComposition_Rock
http://kbpedia.org/kko/rc/RockMusical,rdfs:subClassOf,http://kbpedia.org/kko/rc/RockMusic
http://kbpedia.org/kko/rc/RockMusical,rdfs:subClassOf,owl:Thing
http://kbpedia.org/kko/rc/RockMusical,rdfs:subClassOf,http://kbpedia.org/kko/rc/MusicTypeByGenre
http://kbpedia.org/kko/rc/MusicalComposition_Lounge,rdfs:subClassOf,http://kbpedia.org/kko/rc/MusicTypeOpenGenre
http://kbpedia.org/kko/rc/MusicalComposition_Lounge,rdfs:subClassOf,owl:Thing
http://kbpedia.org/kko/rc/MusicalComposition_Lounge,rdfs:subClassOf,http://kbpedia.org/kko/rc/MusicalComposition
http://kbpedia.org/kko/rc/Videotelephony,rdfs:subClassOf,http://kbpedia.org/kko/rc/VideoRecordedObject
http://kbpedia.org/kko/rc/Videotelephony,rdfs:subClassOf,owl:Thing
http://kbpedia.org/kko/rc/BluesMusicGenre,rdfs:subClassOf,http://kbpedia.org/kko/rc/BluesMusic
http://kbpedia.org/kko/rc/BluesMusicGenre,rdfs:subClassOf,owl:Thing
http://kbpedia.org/kko/rc/BluesMusicGenre,rdfs:subClassOf,http://kbpedia.org/kko/rc/MusicalComposition_Blues
http://kbpedia.org/kko/rc/BluesMusicGenre,rdfs:subClassOf,http://kbpedia.org/kko/rc/MusicTypeByGenre
http://kbpedia.org/kko/rc/Motif,rdfs:subClassOf,http://kbpedia.org/kko/rc/Tune
http://kbpedia.org/kko/rc/Motif,rdfs:subClassOf,owl:Thing
http://kbpedia.org/kko/rc/StudioAlbum,rdfs:subClassOf,http://kbpedia.org/kko/rc/Album
http://kbpedia.org/kko/rc/StudioAlbum,rdfs:subClassOf,owl:Thing
http://kbpedia.org/kko/rc/MusicalEra,rdfs:subClassOf,http://kbpedia.org/kko/rc/Music
http://kbpedia.org/kko/rc/MusicalEra,rdfs:subClassOf,owl:Thing
http://kbpedia.org/kko/rc/MelodicDeathMetal,rdfs:subClassOf,http://kbpedia.org/kko/rc/DeathMetalMusic
http://kbpedia.org/kko/rc/MelodicDeathMetal,rdfs:subClassOf,owl:Thing
http://kbpedia.org/kko/rc/MelodicDeathMetal,rdfs:subClassOf,http://kbpedia.org/kko/rc/MusicTypeOpenGenre
http://kbpedia.org/kko/rc/MelodicDeathMetal,rdfs:subClassOf,http://kbpedia.org/kko/rc/MusicTypeByGenre
http://kbpedia.org/kko/rc/DiscoMusic,rdfs:subClassOf,http://kbpedia.org/kko/rc/SoulMusic
http://kbpedia.org/kko/rc/DiscoMusic,rdfs:subClassOf,owl:Thing
http://kbpedia.org/kko/rc/ScottishMusic,rdfs:subClassOf,http://kbpedia.org/kko/rc/MusicByRegion
http://kbpedia.org/kko/rc/ScottishMusic,rdfs:subClassOf,owl:Thing
http://kbpedia.org/kko/rc/MusicalComposition_Punk,rdfs:subClassOf,http://kbpedia.org/kko/rc/MusicTypeOpenGenre
http://kbpedia.org/kko/rc/MusicalComposition_Punk,rdfs:subClassOf,owl:Thing
http://kbpedia.org/kko/rc/MusicalComposition_Punk,rdfs:subClassOf,http://kbpedia.org/kko/rc/MusicalComposition_Rock
http://kbpedia.org/kko/rc/RockOpera,rdfs:subClassOf,http://kbpedia.org/kko/rc/PropositionalConceptualWork_MusicalGenre
http://kbpedia.org/kko/rc/RockOpera,rdfs:subClassOf,owl:Thing
http://kbpedia.org/kko/rc/RockOpera,rdfs:subClassOf,http://kbpedia.org/kko/rc/RockMusic
http://kbpedia.org/kko/rc/RockOpera,rdfs:subClassOf,http://kbpedia.org/kko/rc/MusicTypeByGenre
http://kbpedia.org/kko/rc/MusicalComposition_ProgressiveRock,rdfs:subClassOf,http://kbpedia.org/kko/rc/MusicalComposition_Progressive
http://kbpedia.org/kko/rc/MusicalComposition_ProgressiveRock,rdfs:subClassOf,owl:Thing
http://kbpedia.org/kko/rc/MusicalComposition_ProgressiveRock,rdfs:subClassOf,http://kbpedia.org/kko/rc/MusicalComposition_Rock
http://kbpedia.org/kko/rc/MusicalComposition_ProgressiveRock,rdfs:subClassOf,http://kbpedia.org/kko/rc/MusicTypeOpenGenre
http://kbpedia.org/kko/rc/MusicMedia,rdfs:subClassOf,http://kbpedia.org/kko/rc/Music
http://kbpedia.org/kko/rc/MusicMedia,rdfs:subClassOf,owl:Thing
http://kbpedia.org/kko/rc/MusicMedia,rdfs:subClassOf,http://kbpedia.org/kko/rc/RecordedIBO
http://kbpedia.org/kko/rc/ShapeNote,rdfs:subClassOf,http://kbpedia.org/kko/rc/MusicalComposition_Christian
http://kbpedia.org/kko/rc/ShapeNote,rdfs:subClassOf,owl:Thing
http://kbpedia.org/kko/rc/Let_There_Be_Rock_international_album,rdfs:subClassOf,http://kbpedia.org/kko/rc/Album
http://kbpedia.org/kko/rc/Let_There_Be_Rock_international_album,rdfs:subClassOf,owl:Thing
http://kbpedia.org/kko/rc/Recitative,rdfs:subClassOf,http://kbpedia.org/kko/rc/CompositionWithSoloistAndAccompaniment
http://kbpedia.org/kko/rc/Recitative,rdfs:subClassOf,owl:Thing
http://kbpedia.org/kko/rc/MusicalComposition_NewAge,rdfs:subClassOf,http://kbpedia.org/kko/rc/MusicTypeOpenGenre
http://kbpedia.org/kko/rc/MusicalComposition_NewAge,rdfs:subClassOf,owl:Thing
http://kbpedia.org/kko/rc/MusicalComposition_NewAge,rdfs:subClassOf,http://kbpedia.org/kko/rc/MusicalComposition
http://kbpedia.org/kko/rc/SalsaMusic,rdfs:subClassOf,http://kbpedia.org/kko/rc/MusicTypeByGenre
http://kbpedia.org/kko/rc/SalsaMusic,rdfs:subClassOf,owl:Thing
http://kbpedia.org/kko/rc/Tune,rdfs:subClassOf,http://kbpedia.org/kko/rc/MusicalComposition
http://kbpedia.org/kko/rc/Tune,rdfs:subClassOf,owl:Thing
http://kbpedia.org/kko/rc/Tune,rdfs:subClassOf,http://kbpedia.org/ontologies/kko#Associatives
http://kbpedia.org/kko/rc/HouseMusic,rdfs:subClassOf,http://kbpedia.org/kko/rc/DiscoMusic
http://kbpedia.org/kko/rc/HouseMusic,rdfs:subClassOf,owl:Thing
http://kbpedia.org/kko/rc/HouseMusic,rdfs:subClassOf,http://kbpedia.org/kko/rc/ElectronicMusic
http://kbpedia.org/kko/rc/ClassicalMusicalCompositionType,rdfs:subClassOf,http://kbpedia.org/kko/rc/ClassicalMusic
http://kbpedia.org/kko/rc/ClassicalMusicalCompositionType,rdfs:subClassOf,owl:Thing
http://kbpedia.org/kko/rc/ClassicalMusicalCompositionType,rdfs:subClassOf,http://kbpedia.org/kko/rc/MusicTypeByGenre
http://kbpedia.org/kko/rc/LatterDaySaintMusic,rdfs:subClassOf,http://kbpedia.org/kko/rc/MusicalComposition_Christian
http://kbpedia.org/kko/rc/LatterDaySaintMusic,rdfs:subClassOf,owl:Thing
http://kbpedia.org/kko/rc/MelodicMotion,rdfs:subClassOf,http://kbpedia.org/kko/rc/Tune
http://kbpedia.org/kko/rc/MelodicMotion,rdfs:subClassOf,owl:Thing
http://kbpedia.org/kko/rc/GleesMusic,rdfs:subClassOf,http://kbpedia.org/kko/rc/ClassicalMusic_Baroque
http://kbpedia.org/kko/rc/GleesMusic,rdfs:subClassOf,owl:Thing
http://kbpedia.org/kko/rc/GleesMusic,rdfs:subClassOf,http://kbpedia.org/kko/rc/MusicalComposition_Baroque
http://kbpedia.org/kko/rc/BallroomDanceMusic,rdfs:subClassOf,http://kbpedia.org/kko/rc/MusicTypeByGenre
http://kbpedia.org/kko/rc/BallroomDanceMusic,rdfs:subClassOf,owl:Thing
http://kbpedia.org/kko/rc/AudioClip,rdfs:subClassOf,http://kbpedia.org/kko/rc/AudioRecordedObject
http://kbpedia.org/kko/rc/AudioClip,rdfs:subClassOf,owl:Thing
http://kbpedia.org/kko/rc/CantabrianMusic,rdfs:subClassOf,http://kbpedia.org/kko/rc/MusicByRegion
http://kbpedia.org/kko/rc/CantabrianMusic,rdfs:subClassOf,owl:Thing
http://kbpedia.org/kko/rc/MusicalComposition_Reggae,rdfs:subClassOf,http://kbpedia.org/kko/rc/MusicalComposition
http://kbpedia.org/kko/rc/MusicalComposition_Reggae,rdfs:subClassOf,owl:Thing
http://kbpedia.org/kko/rc/MusicalComposition_Reggae,rdfs:subClassOf,http://kbpedia.org/kko/rc/ReggaeMusic
http://kbpedia.org/kko/rc/MusicalComposition_Opera,rdfs:subClassOf,http://kbpedia.org/kko/rc/MusicalComposition_Classical
http://kbpedia.org/kko/rc/MusicalComposition_Opera,rdfs:subClassOf,owl:Thing
http://kbpedia.org/kko/rc/HanukkahMusic,rdfs:subClassOf,http://kbpedia.org/kko/rc/MusicalComposition_Religious
http://kbpedia.org/kko/rc/HanukkahMusic,rdfs:subClassOf,owl:Thing
http://kbpedia.org/kko/rc/CollaborationsInClassicalMusic,rdfs:subClassOf,http://kbpedia.org/kko/rc/ClassicalMusic
http://kbpedia.org/kko/rc/CollaborationsInClassicalMusic,rdfs:subClassOf,owl:Thing
http://kbpedia.org/kko/rc/SoundsByType,rdfs:subClassOf,http://kbpedia.org/kko/rc/Sound
http://kbpedia.org/kko/rc/SoundsByType,rdfs:subClassOf,owl:Thing
http://kbpedia.org/kko/rc/MusicalComposition_Romantic,rdfs:subClassOf,http://kbpedia.org/kko/rc/MusicTypeOpenGenre
http://kbpedia.org/kko/rc/MusicalComposition_Romantic,rdfs:subClassOf,owl:Thing
http://kbpedia.org/kko/rc/MusicalComposition_Romantic,rdfs:subClassOf,http://kbpedia.org/kko/rc/MusicalComposition
http://kbpedia.org/kko/rc/HowlingSound,rdfs:subClassOf,http://kbpedia.org/kko/rc/AnimalSound
http://kbpedia.org/kko/rc/HowlingSound,rdfs:subClassOf,owl:Thing
http://kbpedia.org/kko/rc/LightMusic,rdfs:subClassOf,http://kbpedia.org/kko/rc/ClassicalMusic
http://kbpedia.org/kko/rc/LightMusic,rdfs:subClassOf,owl:Thing
http://kbpedia.org/kko/rc/ChamberPop,rdfs:subClassOf,http://kbpedia.org/kko/rc/IndiePop
http://kbpedia.org/kko/rc/ChamberPop,rdfs:subClassOf,owl:Thing
http://kbpedia.org/kko/rc/EarthMysteries,rdfs:subClassOf,http://kbpedia.org/kko/rc/MusicalComposition_NewAge
http://kbpedia.org/kko/rc/EarthMysteries,rdfs:subClassOf,owl:Thing
http://kbpedia.org/kko/rc/Riddim,rdfs:subClassOf,http://kbpedia.org/kko/rc/MusicTypeOpenGenre
http://kbpedia.org/kko/rc/Riddim,rdfs:subClassOf,owl:Thing
http://kbpedia.org/kko/rc/Riddim,rdfs:subClassOf,http://kbpedia.org/kko/rc/MusicalComposition_Reggae
http://kbpedia.org/kko/rc/Riddim,rdfs:subClassOf,http://kbpedia.org/kko/rc/ReggaeMusic
http://kbpedia.org/kko/rc/WelshMusic,rdfs:subClassOf,http://kbpedia.org/kko/rc/MusicByRegion
http://kbpedia.org/kko/rc/WelshMusic,rdfs:subClassOf,owl:Thing
http://kbpedia.org/kko/rc/NewAgePredecessor,rdfs:subClassOf,http://kbpedia.org/kko/rc/MusicalComposition_NewAge
http://kbpedia.org/kko/rc/NewAgePredecessor,rdfs:subClassOf,owl:Thing
http://kbpedia.org/kko/rc/ElectronicDanceMusic,rdfs:subClassOf,http://kbpedia.org/kko/rc/ElectronicMusic
http://kbpedia.org/kko/rc/ElectronicDanceMusic,rdfs:subClassOf,owl:Thing
http://kbpedia.org/kko/rc/ElectronicDanceMusic,rdfs:subClassOf,http://kbpedia.org/kko/rc/MusicTypeOpenGenre
http://kbpedia.org/kko/rc/ElectronicDanceMusic,rdfs:subClassOf,http://kbpedia.org/kko/rc/MusicTypeByGenre
http://kbpedia.org/kko/rc/HonkingSound,rdfs:subClassOf,http://kbpedia.org/kko/rc/AnimalSound
http://kbpedia.org/kko/rc/HonkingSound,rdfs:subClassOf,owl:Thing
http://kbpedia.org/kko/rc/AustralianCountryMusic,rdfs:subClassOf,http://kbpedia.org/kko/rc/CountryMusic
http://kbpedia.org/kko/rc/AustralianCountryMusic,rdfs:subClassOf,owl:Thing
http://kbpedia.org/kko/rc/AustralianCountryMusic,rdfs:subClassOf,http://kbpedia.org/kko/rc/MusicTypeOpenGenre
http://kbpedia.org/kko/rc/AustralianCountryMusic,rdfs:subClassOf,http://kbpedia.org/kko/rc/MusicalComposition_Country
http://kbpedia.org/kko/rc/Agung,rdfs:subClassOf,http://kbpedia.org/kko/rc/Kulintang
http://kbpedia.org/kko/rc/Agung,rdfs:subClassOf,owl:Thing
http://kbpedia.org/kko/rc/MusicalComposition_RockAndRoll,rdfs:subClassOf,http://kbpedia.org/kko/rc/MusicTypeOpenGenre
http://kbpedia.org/kko/rc/MusicalComposition_RockAndRoll,rdfs:subClassOf,owl:Thing
http://kbpedia.org/kko/rc/MusicalComposition_RockAndRoll,rdfs:subClassOf,http://kbpedia.org/kko/rc/MusicalComposition_Rock
http://kbpedia.org/kko/rc/ReggaeMusic,rdfs:subClassOf,http://kbpedia.org/kko/rc/MusicTypeByGenre
http://kbpedia.org/kko/rc/ReggaeMusic,rdfs:subClassOf,owl:Thing
http://kbpedia.org/kko/rc/HumorInClassicalMusic,rdfs:subClassOf,http://kbpedia.org/kko/rc/ClassicalMusic
http://kbpedia.org/kko/rc/HumorInClassicalMusic,rdfs:subClassOf,owl:Thing
http://kbpedia.org/kko/rc/MusicalComposition_Rock,rdfs:subClassOf,http://kbpedia.org/kko/rc/MusicalComposition
http://kbpedia.org/kko/rc/MusicalComposition_Rock,rdfs:subClassOf,owl:Thing
http://kbpedia.org/kko/rc/VideoClip,rdfs:subClassOf,http://kbpedia.org/kko/rc/VideoRecordedObject
http://kbpedia.org/kko/rc/VideoClip,rdfs:subClassOf,owl:Thing
http://kbpedia.org/kko/rc/BarkingSound,rdfs:subClassOf,http://kbpedia.org/kko/rc/AnimalSound
http://kbpedia.org/kko/rc/BarkingSound,rdfs:subClassOf,owl:Thing
http://kbpedia.org/kko/rc/PopRockMusic,rdfs:subClassOf,http://kbpedia.org/kko/rc/RockMusic
http://kbpedia.org/kko/rc/PopRockMusic,rdfs:subClassOf,owl:Thing
http://kbpedia.org/ontologies/kko#AudioInfo,rdfs:subClassOf,http://kbpedia.org/ontologies/kko#AVInfo
http://kbpedia.org/ontologies/kko#AudioInfo,rdfs:subClassOf,owl:Thing
http://kbpedia.org/kko/rc/Anthem,rdfs:subClassOf,http://kbpedia.org/kko/rc/Song
http://kbpedia.org/kko/rc/Anthem,rdfs:subClassOf,owl:Thing
http://kbpedia.org/kko/rc/Anthem,rdfs:subClassOf,http://kbpedia.org/kko/rc/SymbolicThing
http://kbpedia.org/kko/rc/MelodyTypes,rdfs:subClassOf,http://kbpedia.org/kko/rc/Tune
http://kbpedia.org/kko/rc/MelodyTypes,rdfs:subClassOf,owl:Thing
http://kbpedia.org/kko/rc/RecordedMusic,rdfs:subClassOf,http://kbpedia.org/kko/rc/RecordedSoundProduct
http://kbpedia.org/kko/rc/RecordedMusic,rdfs:subClassOf,owl:Thing
http://kbpedia.org/kko/rc/Godspell_Musical,rdfs:subClassOf,http://kbpedia.org/kko/rc/Musical
http://kbpedia.org/kko/rc/Godspell_Musical,rdfs:subClassOf,owl:Thing
http://kbpedia.org/kko/rc/MusicalComposition_Salsa,rdfs:subClassOf,http://kbpedia.org/kko/rc/MusicTypeOpenGenre
http://kbpedia.org/kko/rc/MusicalComposition_Salsa,rdfs:subClassOf,owl:Thing
http://kbpedia.org/kko/rc/MusicalComposition_Salsa,rdfs:subClassOf,http://kbpedia.org/kko/rc/MusicalComposition
http://kbpedia.org/kko/rc/MusicalComposition_Gothic,rdfs:subClassOf,http://kbpedia.org/kko/rc/MusicTypeOpenGenre
http://kbpedia.org/kko/rc/MusicalComposition_Gothic,rdfs:subClassOf,owl:Thing
http://kbpedia.org/kko/rc/MusicalComposition_Gothic,rdfs:subClassOf,http://kbpedia.org/kko/rc/MusicalComposition_Rock
http://kbpedia.org/kko/rc/ClassicalMusic,rdfs:subClassOf,http://kbpedia.org/kko/rc/MusicTypeByGenre
http://kbpedia.org/kko/rc/ClassicalMusic,rdfs:subClassOf,owl:Thing
http://kbpedia.org/kko/rc/TelevisionMusic,rdfs:subClassOf,http://kbpedia.org/kko/rc/MusicTypeByGenre
http://kbpedia.org/kko/rc/TelevisionMusic,rdfs:subClassOf,owl:Thing
http://kbpedia.org/kko/rc/Thunder,rdfs:subClassOf,http://kbpedia.org/kko/rc/AudibleSound
http://kbpedia.org/kko/rc/Thunder,rdfs:subClassOf,owl:Thing
http://kbpedia.org/kko/rc/ColdWaveMusic,rdfs:subClassOf,http://kbpedia.org/kko/rc/PostPunkMusic
http://kbpedia.org/kko/rc/ColdWaveMusic,rdfs:subClassOf,owl:Thing
http://kbpedia.org/kko/rc/VideoCompression,rdfs:subClassOf,http://kbpedia.org/kko/rc/FileCompressing
http://kbpedia.org/kko/rc/VideoCompression,rdfs:subClassOf,owl:Thing
http://kbpedia.org/kko/rc/VideoCompression,rdfs:subClassOf,http://kbpedia.org/kko/rc/VideoRecordedObject
http://kbpedia.org/kko/rc/ReggaeGenre,rdfs:subClassOf,http://kbpedia.org/kko/rc/MusicalComposition_Reggae
http://kbpedia.org/kko/rc/ReggaeGenre,rdfs:subClassOf,owl:Thing
http://kbpedia.org/kko/rc/ReggaeGenre,rdfs:subClassOf,http://kbpedia.org/kko/rc/ReggaeMusic
http://kbpedia.org/kko/rc/ReggaeGenre,rdfs:subClassOf,http://kbpedia.org/kko/rc/MusicTypeByGenre
http://kbpedia.org/kko/rc/AudioPodcast,rdfs:subClassOf,http://kbpedia.org/kko/rc/RecordedSoundProduct
http://kbpedia.org/kko/rc/AudioPodcast,rdfs:subClassOf,owl:Thing
http://kbpedia.org/kko/rc/Psychobilly,rdfs:subClassOf,http://kbpedia.org/kko/rc/MusicalComposition_Rockabilly
http://kbpedia.org/kko/rc/Psychobilly,rdfs:subClassOf,owl:Thing
http://kbpedia.org/kko/rc/Psychobilly,rdfs:subClassOf,http://kbpedia.org/kko/rc/RockabillyMusic
http://kbpedia.org/kko/rc/Psychobilly,rdfs:subClassOf,http://kbpedia.org/kko/rc/MusicTypeOpenGenre
http://kbpedia.org/kko/rc/Psychobilly,rdfs:subClassOf,http://kbpedia.org/kko/rc/MusicTypeByGenre
http://kbpedia.org/kko/rc/MusicalComposition_Ska,rdfs:subClassOf,http://kbpedia.org/kko/rc/MusicTypeOpenGenre
http://kbpedia.org/kko/rc/MusicalComposition_Ska,rdfs:subClassOf,owl:Thing
http://kbpedia.org/kko/rc/MusicalComposition_Ska,rdfs:subClassOf,http://kbpedia.org/kko/rc/MusicalComposition
http://kbpedia.org/kko/rc/MusicalComposition_Progressive,rdfs:subClassOf,http://kbpedia.org/kko/rc/MusicTypeOpenGenre
http://kbpedia.org/kko/rc/MusicalComposition_Progressive,rdfs:subClassOf,owl:Thing
http://kbpedia.org/kko/rc/MusicalComposition_Progressive,rdfs:subClassOf,http://kbpedia.org/kko/rc/MusicalComposition
http://kbpedia.org/kko/rc/ClassicalMusic_Baroque,rdfs:subClassOf,http://kbpedia.org/kko/rc/ClassicalMusic
http://kbpedia.org/kko/rc/ClassicalMusic_Baroque,rdfs:subClassOf,owl:Thing
http://kbpedia.org/kko/rc/MusicalComposition_AlternativeRock,rdfs:subClassOf,http://kbpedia.org/kko/rc/MusicalComposition_Rock
http://kbpedia.org/kko/rc/MusicalComposition_AlternativeRock,rdfs:subClassOf,owl:Thing
http://kbpedia.org/kko/rc/Requiem,rdfs:subClassOf,http://kbpedia.org/kko/rc/MusicalComposition_Classical
http://kbpedia.org/kko/rc/Requiem,rdfs:subClassOf,owl:Thing
http://kbpedia.org/kko/rc/VideoStorage,rdfs:subClassOf,http://kbpedia.org/kko/rc/VideoRecordedObject
http://kbpedia.org/kko/rc/VideoStorage,rdfs:subClassOf,owl:Thing
http://kbpedia.org/kko/rc/SkaMusic,rdfs:subClassOf,http://kbpedia.org/kko/rc/MusicTypeByGenre
http://kbpedia.org/kko/rc/SkaMusic,rdfs:subClassOf,owl:Thing
http://kbpedia.org/kko/rc/SouthernConeMusic,rdfs:subClassOf,http://kbpedia.org/kko/rc/MusicByRegion
http://kbpedia.org/kko/rc/SouthernConeMusic,rdfs:subClassOf,owl:Thing
http://kbpedia.org/kko/rc/MusicalComposition_Christian,rdfs:subClassOf,http://kbpedia.org/kko/rc/MusicalComposition_Religious
http://kbpedia.org/kko/rc/MusicalComposition_Christian,rdfs:subClassOf,owl:Thing
http://kbpedia.org/kko/rc/MusicalComposition_Christian,rdfs:subClassOf,http://kbpedia.org/kko/rc/MusicalComposition
http://kbpedia.org/kko/rc/IndustrialMetal,rdfs:subClassOf,http://kbpedia.org/kko/rc/IndustrialMusic
http://kbpedia.org/kko/rc/IndustrialMetal,rdfs:subClassOf,owl:Thing
http://kbpedia.org/kko/rc/IndustrialMetal,rdfs:subClassOf,http://kbpedia.org/kko/rc/MusicTypeOpenGenre
http://kbpedia.org/kko/rc/IndustrialMetal,rdfs:subClassOf,http://kbpedia.org/kko/rc/MusicTypeByGenre
http://kbpedia.org/kko/rc/Multi_MovementComposition,rdfs:subClassOf,http://kbpedia.org/kko/rc/MusicalComposition_Classical
http://kbpedia.org/kko/rc/Multi_MovementComposition,rdfs:subClassOf,owl:Thing
http://kbpedia.org/kko/rc/Cypherpunk,rdfs:subClassOf,http://kbpedia.org/kko/rc/MusicalComposition_Cyberpunk
http://kbpedia.org/kko/rc/Cypherpunk,rdfs:subClassOf,owl:Thing
http://kbpedia.org/kko/rc/CatholicMusic,rdfs:subClassOf,http://kbpedia.org/kko/rc/MusicalComposition_Christian
http://kbpedia.org/kko/rc/CatholicMusic,rdfs:subClassOf,owl:Thing
http://kbpedia.org/kko/rc/NeighingSound,rdfs:subClassOf,http://kbpedia.org/kko/rc/AnimalSound
http://kbpedia.org/kko/rc/NeighingSound,rdfs:subClassOf,owl:Thing
http://kbpedia.org/kko/rc/MusicTypeByGenre,rdfs:subClassOf,http://kbpedia.org/kko/rc/GenreTypes
http://kbpedia.org/kko/rc/MusicTypeByGenre,rdfs:subClassOf,owl:Thing
http://kbpedia.org/kko/rc/MusicTypeByGenre,rdfs:subClassOf,http://kbpedia.org/kko/rc/Music
http://kbpedia.org/kko/rc/RecordedVideoProduct,rdfs:subClassOf,http://kbpedia.org/kko/rc/PublishedIBT
http://kbpedia.org/kko/rc/RecordedVideoProduct,rdfs:subClassOf,owl:Thing
http://kbpedia.org/kko/rc/RecordedVideoProduct,rdfs:subClassOf,http://kbpedia.org/kko/rc/VideoRecordedObject
http://kbpedia.org/kko/rc/RecordedVideoProduct,rdfs:subClassOf,http://kbpedia.org/kko/rc/AVMediaProduct
http://kbpedia.org/kko/rc/SurfInstrumental,rdfs:subClassOf,http://kbpedia.org/kko/rc/SurfMusic
http://kbpedia.org/kko/rc/SurfInstrumental,rdfs:subClassOf,owl:Thing
http://kbpedia.org/kko/rc/MusicalComposition_Swing,rdfs:subClassOf,http://kbpedia.org/kko/rc/MusicTypeOpenGenre
http://kbpedia.org/kko/rc/MusicalComposition_Swing,rdfs:subClassOf,owl:Thing
http://kbpedia.org/kko/rc/MusicalComposition_Swing,rdfs:subClassOf,http://kbpedia.org/kko/rc/MusicalComposition
http://kbpedia.org/kko/rc/MusicalComposition_NewWave,rdfs:subClassOf,http://kbpedia.org/kko/rc/MusicTypeOpenGenre
http://kbpedia.org/kko/rc/MusicalComposition_NewWave,rdfs:subClassOf,owl:Thing
http://kbpedia.org/kko/rc/MusicalComposition_NewWave,rdfs:subClassOf,http://kbpedia.org/kko/rc/MusicalComposition_Rock
http://kbpedia.org/kko/rc/BaroquePop,rdfs:subClassOf,http://kbpedia.org/kko/rc/PopMusicGenre
http://kbpedia.org/kko/rc/BaroquePop,rdfs:subClassOf,owl:Thing
http://kbpedia.org/kko/rc/TVClip,rdfs:subClassOf,http://kbpedia.org/kko/rc/TVMediaProduct
http://kbpedia.org/kko/rc/TVClip,rdfs:subClassOf,owl:Thing
http://kbpedia.org/kko/rc/TVClip,rdfs:subClassOf,http://kbpedia.org/kko/rc/VideoClip
http://kbpedia.org/kko/rc/SoundProduction,rdfs:subClassOf,http://kbpedia.org/kko/rc/Sound
http://kbpedia.org/kko/rc/SoundProduction,rdfs:subClassOf,owl:Thing
http://kbpedia.org/kko/rc/GospelMusic,rdfs:subClassOf,http://kbpedia.org/kko/rc/MusicTypeByGenre
http://kbpedia.org/kko/rc/GospelMusic,rdfs:subClassOf,owl:Thing
http://kbpedia.org/kko/rc/VideoOnDemand,rdfs:subClassOf,http://kbpedia.org/kko/rc/VideoRecordedObject
http://kbpedia.org/kko/rc/VideoOnDemand,rdfs:subClassOf,owl:Thing
http://kbpedia.org/kko/rc/BluesStyle,rdfs:subClassOf,http://kbpedia.org/kko/rc/BluesMusic
http://kbpedia.org/kko/rc/BluesStyle,rdfs:subClassOf,owl:Thing
http://kbpedia.org/kko/rc/BluesStyle,rdfs:subClassOf,http://kbpedia.org/kko/rc/MusicalComposition_Blues
http://kbpedia.org/kko/rc/ConsonanceAndDissonance,rdfs:subClassOf,http://kbpedia.org/kko/rc/Tune
http://kbpedia.org/kko/rc/ConsonanceAndDissonance,rdfs:subClassOf,owl:Thing
http://kbpedia.org/kko/rc/LiveVideoAlbum,rdfs:subClassOf,http://kbpedia.org/kko/rc/VideoRecordedObject
http://kbpedia.org/kko/rc/LiveVideoAlbum,rdfs:subClassOf,owl:Thing
http://kbpedia.org/kko/rc/ArrangersOfChurchMusic,rdfs:subClassOf,http://kbpedia.org/kko/rc/MusicalComposition_Christian
http://kbpedia.org/kko/rc/ArrangersOfChurchMusic,rdfs:subClassOf,owl:Thing
http://kbpedia.org/kko/rc/AnimalSound,rdfs:subClassOf,http://kbpedia.org/kko/rc/AudibleSound
http://kbpedia.org/kko/rc/AnimalSound,rdfs:subClassOf,owl:Thing
http://kbpedia.org/kko/rc/AnimalSound,rdfs:subClassOf,http://kbpedia.org/kko/rc/InformationBearingWavePropagation
http://kbpedia.org/kko/rc/AnimalSound,rdfs:subClassOf,http://kbpedia.org/kko/rc/SoundsByType
http://kbpedia.org/kko/rc/MusicalComposition_Ambient,rdfs:subClassOf,http://kbpedia.org/kko/rc/MusicTypeOpenGenre
http://kbpedia.org/kko/rc/MusicalComposition_Ambient,rdfs:subClassOf,owl:Thing
http://kbpedia.org/kko/rc/MusicalComposition_Ambient,rdfs:subClassOf,http://kbpedia.org/kko/rc/MusicalComposition_Electronic
http://kbpedia.org/kko/rc/MusicalComposition_TraditionalPop,rdfs:subClassOf,http://kbpedia.org/kko/rc/MusicTypeOpenGenre
http://kbpedia.org/kko/rc/MusicalComposition_TraditionalPop,rdfs:subClassOf,owl:Thing
http://kbpedia.org/kko/rc/MusicalComposition_TraditionalPop,rdfs:subClassOf,http://kbpedia.org/kko/rc/MusicalComposition
http://kbpedia.org/kko/rc/MusicalCompositionTypeByGenre,rdfs:subClassOf,http://kbpedia.org/kko/rc/MusicTypeByGenre
http://kbpedia.org/kko/rc/MusicalCompositionTypeByGenre,rdfs:subClassOf,owl:Thing
http://kbpedia.org/kko/rc/GothicMusic,rdfs:subClassOf,http://kbpedia.org/kko/rc/RockMusic
http://kbpedia.org/kko/rc/GothicMusic,rdfs:subClassOf,owl:Thing
http://kbpedia.org/kko/rc/AlternativeRockGenre,rdfs:subClassOf,http://kbpedia.org/kko/rc/AlternativeRockMusic
http://kbpedia.org/kko/rc/AlternativeRockGenre,rdfs:subClassOf,owl:Thing
http://kbpedia.org/kko/rc/AlternativeRockGenre,rdfs:subClassOf,http://kbpedia.org/kko/rc/MusicalComposition_AlternativeRock
http://kbpedia.org/kko/rc/AlternativeRockGenre,rdfs:subClassOf,http://kbpedia.org/kko/rc/MusicTypeByGenre
http://kbpedia.org/kko/rc/MusicalComposition_Baroque,rdfs:subClassOf,http://kbpedia.org/kko/rc/MusicalComposition_Classical
http://kbpedia.org/kko/rc/MusicalComposition_Baroque,rdfs:subClassOf,owl:Thing
http://kbpedia.org/kko/rc/MusicalComposition_Baroque,rdfs:subClassOf,http://kbpedia.org/kko/rc/MusicTypeOpenGenre
http://kbpedia.org/kko/rc/BritishMusic,rdfs:subClassOf,http://kbpedia.org/kko/rc/MusicByRegion
http://kbpedia.org/kko/rc/BritishMusic,rdfs:subClassOf,owl:Thing
http://kbpedia.org/kko/rc/MusicalComposition_Gospel,rdfs:subClassOf,http://kbpedia.org/kko/rc/MusicalComposition_Religious
http://kbpedia.org/kko/rc/MusicalComposition_Gospel,rdfs:subClassOf,owl:Thing
http://kbpedia.org/kko/rc/MusicByRegion,rdfs:subClassOf,http://kbpedia.org/kko/rc/Music
http://kbpedia.org/kko/rc/MusicByRegion,rdfs:subClassOf,owl:Thing
http://kbpedia.org/kko/rc/ElectroacousticMusic,rdfs:subClassOf,http://kbpedia.org/kko/rc/MusicTypeByGenre
http://kbpedia.org/kko/rc/ElectroacousticMusic,rdfs:subClassOf,owl:Thing
http://kbpedia.org/kko/rc/MiddleEasternMusic,rdfs:subClassOf,http://kbpedia.org/kko/rc/MusicByRegion
http://kbpedia.org/kko/rc/MiddleEasternMusic,rdfs:subClassOf,owl:Thing
http://kbpedia.org/kko/rc/TranceGenre,rdfs:subClassOf,http://kbpedia.org/kko/rc/MusicalComposition_Trance
http://kbpedia.org/kko/rc/TranceGenre,rdfs:subClassOf,owl:Thing
http://kbpedia.org/kko/rc/TranceGenre,rdfs:subClassOf,http://kbpedia.org/kko/rc/TranceMusic
http://kbpedia.org/kko/rc/TranceGenre,rdfs:subClassOf,http://kbpedia.org/kko/rc/MusicTypeByGenre
http://kbpedia.org/kko/rc/AudibleSound,rdfs:subClassOf,http://kbpedia.org/kko/rc/AudibleSoundOrSoundSequence
http://kbpedia.org/kko/rc/AudibleSound,rdfs:subClassOf,owl:Thing
http://kbpedia.org/kko/rc/AudibleSound,rdfs:subClassOf,http://kbpedia.org/kko/rc/SoundsByType
http://kbpedia.org/kko/rc/AudibleSound,rdfs:subClassOf,http://kbpedia.org/kko/rc/Sound
http://kbpedia.org/kko/rc/FunkGenre,rdfs:subClassOf,http://kbpedia.org/kko/rc/MusicTypeByGenre
http://kbpedia.org/kko/rc/FunkGenre,rdfs:subClassOf,owl:Thing
http://kbpedia.org/kko/rc/FunkGenre,rdfs:subClassOf,http://kbpedia.org/kko/rc/MusicalComposition_Funk
http://kbpedia.org/kko/rc/MusicalComposition_RhythmAndBlues,rdfs:subClassOf,http://kbpedia.org/kko/rc/MusicalComposition
http://kbpedia.org/kko/rc/MusicalComposition_RhythmAndBlues,rdfs:subClassOf,owl:Thing
http://kbpedia.org/kko/rc/FolkMusicGenre,rdfs:subClassOf,http://kbpedia.org/kko/rc/FolkMusic
http://kbpedia.org/kko/rc/FolkMusicGenre,rdfs:subClassOf,owl:Thing
http://kbpedia.org/kko/rc/FolkMusicGenre,rdfs:subClassOf,http://kbpedia.org/kko/rc/MusicTypeByGenre
http://kbpedia.org/kko/rc/MusicalComposition_Blues,rdfs:subClassOf,http://kbpedia.org/kko/rc/MusicalComposition
http://kbpedia.org/kko/rc/MusicalComposition_Blues,rdfs:subClassOf,owl:Thing
http://kbpedia.org/kko/rc/BluegrassMusic,rdfs:subClassOf,http://kbpedia.org/kko/rc/MusicTypeByGenre
http://kbpedia.org/kko/rc/BluegrassMusic,rdfs:subClassOf,owl:Thing
http://kbpedia.org/kko/rc/DoubleAlbum,rdfs:subClassOf,http://kbpedia.org/kko/rc/Album
http://kbpedia.org/kko/rc/DoubleAlbum,rdfs:subClassOf,owl:Thing
http://kbpedia.org/kko/rc/EurovisionSongThatScoredNoPoints,rdfs:subClassOf,http://kbpedia.org/kko/rc/Song_Sung
http://kbpedia.org/kko/rc/EurovisionSongThatScoredNoPoints,rdfs:subClassOf,owl:Thing
http://kbpedia.org/kko/rc/ClassicalMusic_Romantic,rdfs:subClassOf,http://kbpedia.org/kko/rc/ClassicalMusic
http://kbpedia.org/kko/rc/ClassicalMusic_Romantic,rdfs:subClassOf,owl:Thing
http://kbpedia.org/kko/rc/BalletMusic,rdfs:subClassOf,http://kbpedia.org/kko/rc/MusicTypeByGenre
http://kbpedia.org/kko/rc/BalletMusic,rdfs:subClassOf,owl:Thing
http://kbpedia.org/kko/rc/Reggaeton,rdfs:subClassOf,http://kbpedia.org/kko/rc/MusicalComposition_Reggae
http://kbpedia.org/kko/rc/Reggaeton,rdfs:subClassOf,owl:Thing
http://kbpedia.org/kko/rc/Reggaeton,rdfs:subClassOf,http://kbpedia.org/kko/rc/ReggaeMusic
http://kbpedia.org/kko/rc/Reggaeton,rdfs:subClassOf,http://kbpedia.org/kko/rc/MusicTypeByGenre
http://kbpedia.org/kko/rc/MelodicSection,rdfs:subClassOf,http://kbpedia.org/kko/rc/Tune
http://kbpedia.org/kko/rc/MelodicSection,rdfs:subClassOf,owl:Thing
http://kbpedia.org/kko/rc/MovieReel,rdfs:subClassOf,http://kbpedia.org/kko/rc/InformationStorageMedia
http://kbpedia.org/kko/rc/MovieReel,rdfs:subClassOf,owl:Thing
http://kbpedia.org/kko/rc/MovieReel,rdfs:subClassOf,http://kbpedia.org/kko/rc/MediaPlayingDevice
http://kbpedia.org/kko/rc/MovieReel,rdfs:subClassOf,http://kbpedia.org/kko/rc/VideoRecordedObject
http://kbpedia.org/kko/rc/MovieReel,rdfs:subClassOf,http://kbpedia.org/kko/rc/MechanicalDevice
http://kbpedia.org/kko/rc/GraphicalSound,rdfs:subClassOf,http://kbpedia.org/kko/rc/SyntheticSound
http://kbpedia.org/kko/rc/GraphicalSound,rdfs:subClassOf,owl:Thing
http://kbpedia.org/kko/rc/SurfMusic,rdfs:subClassOf,http://kbpedia.org/kko/rc/RockMusic
http://kbpedia.org/kko/rc/SurfMusic,rdfs:subClassOf,owl:Thing
http://kbpedia.org/kko/rc/FusionMusic,rdfs:subClassOf,http://kbpedia.org/kko/rc/JazzMusic
http://kbpedia.org/kko/rc/FusionMusic,rdfs:subClassOf,owl:Thing
http://kbpedia.org/kko/rc/FusionMusic,rdfs:subClassOf,http://kbpedia.org/kko/rc/RockMusic
http://kbpedia.org/kko/rc/MusicalComposition_SurfRock,rdfs:subClassOf,http://kbpedia.org/kko/rc/MusicTypeOpenGenre
http://kbpedia.org/kko/rc/MusicalComposition_SurfRock,rdfs:subClassOf,owl:Thing
http://kbpedia.org/kko/rc/MusicalComposition_SurfRock,rdfs:subClassOf,http://kbpedia.org/kko/rc/MusicalComposition_Rock
http://kbpedia.org/kko/rc/RockAndRoll,rdfs:subClassOf,http://kbpedia.org/kko/rc/MusicalComposition_RockAndRoll
http://kbpedia.org/kko/rc/RockAndRoll,rdfs:subClassOf,owl:Thing
http://kbpedia.org/kko/rc/RockAndRoll,rdfs:subClassOf,http://kbpedia.org/kko/rc/RockMusic
http://kbpedia.org/kko/rc/RockAndRoll,rdfs:subClassOf,http://kbpedia.org/kko/rc/MusicTypeByGenre
http://kbpedia.org/kko/rc/MusicalComposition_FolkRock,rdfs:subClassOf,http://kbpedia.org/kko/rc/MusicalComposition_Folk
http://kbpedia.org/kko/rc/MusicalComposition_FolkRock,rdfs:subClassOf,owl:Thing
http://kbpedia.org/kko/rc/MusicalComposition_FolkRock,rdfs:subClassOf,http://kbpedia.org/kko/rc/MusicalComposition_Rock
http://kbpedia.org/kko/rc/MusicalComposition_FolkRock,rdfs:subClassOf,http://kbpedia.org/kko/rc/MusicTypeOpenGenre
http://kbpedia.org/kko/rc/IslamicMusic,rdfs:subClassOf,http://kbpedia.org/kko/rc/MusicalComposition_Religious
http://kbpedia.org/kko/rc/IslamicMusic,rdfs:subClassOf,owl:Thing
http://kbpedia.org/kko/rc/AudioAcceleration,rdfs:subClassOf,http://kbpedia.org/kko/rc/Sound
http://kbpedia.org/kko/rc/AudioAcceleration,rdfs:subClassOf,owl:Thing
http://kbpedia.org/kko/rc/WesternClassicalMusicStyle,rdfs:subClassOf,http://kbpedia.org/kko/rc/ClassicalMusic
http://kbpedia.org/kko/rc/WesternClassicalMusicStyle,rdfs:subClassOf,owl:Thing
http://kbpedia.org/kko/rc/Birdsong,rdfs:subClassOf,http://kbpedia.org/kko/rc/AnimalSound
http://kbpedia.org/kko/rc/Birdsong,rdfs:subClassOf,owl:Thing
http://kbpedia.org/kko/rc/ClassicalVocalComposition,rdfs:subClassOf,http://kbpedia.org/kko/rc/MusicalComposition_Classical
http://kbpedia.org/kko/rc/ClassicalVocalComposition,rdfs:subClassOf,owl:Thing
http://kbpedia.org/kko/rc/ClassicalVocalComposition,rdfs:subClassOf,http://kbpedia.org/kko/rc/PropositionalConceptualWork
http://kbpedia.org/kko/rc/Etude,rdfs:subClassOf,http://kbpedia.org/kko/rc/MusicalComposition
http://kbpedia.org/kko/rc/Etude,rdfs:subClassOf,owl:Thing
http://kbpedia.org/kko/rc/MusicalComposition_PopRock,rdfs:subClassOf,http://kbpedia.org/kko/rc/MusicTypeOpenGenre
http://kbpedia.org/kko/rc/MusicalComposition_PopRock,rdfs:subClassOf,owl:Thing
http://kbpedia.org/kko/rc/MusicalComposition_PopRock,rdfs:subClassOf,http://kbpedia.org/kko/rc/MusicalComposition_Rock
http://kbpedia.org/kko/rc/Illbient,rdfs:subClassOf,http://kbpedia.org/kko/rc/MusicalComposition_Ambient
http://kbpedia.org/kko/rc/Illbient,rdfs:subClassOf,owl:Thing
http://kbpedia.org/kko/rc/NoWave,rdfs:subClassOf,http://kbpedia.org/kko/rc/PostPunkMusic
http://kbpedia.org/kko/rc/NoWave,rdfs:subClassOf,owl:Thing
http://kbpedia.org/kko/rc/NoWave,rdfs:subClassOf,http://kbpedia.org/kko/rc/MusicTypeOpenGenre
http://kbpedia.org/kko/rc/NoWave,rdfs:subClassOf,http://kbpedia.org/kko/rc/MusicTypeByGenre
http://kbpedia.org/kko/rc/MusicalComposition_Techno,rdfs:subClassOf,http://kbpedia.org/kko/rc/MusicalComposition_Electronic
http://kbpedia.org/kko/rc/MusicalComposition_Techno,rdfs:subClassOf,owl:Thing
http://kbpedia.org/kko/rc/MusicalComposition_Rockabilly,rdfs:subClassOf,http://kbpedia.org/kko/rc/MusicTypeOpenGenre
http://kbpedia.org/kko/rc/MusicalComposition_Rockabilly,rdfs:subClassOf,owl:Thing
http://kbpedia.org/kko/rc/MusicalComposition_Rockabilly,rdfs:subClassOf,http://kbpedia.org/kko/rc/MusicalComposition_Rock
http://kbpedia.org/kko/rc/Ornamentation,rdfs:subClassOf,http://kbpedia.org/kko/rc/Collectible
http://kbpedia.org/kko/rc/Ornamentation,rdfs:subClassOf,owl:Thing
http://kbpedia.org/kko/rc/Ornamentation,rdfs:subClassOf,http://kbpedia.org/kko/rc/Tune
http://kbpedia.org/kko/rc/MusicForEaster,rdfs:subClassOf,http://kbpedia.org/kko/rc/MusicTypeByGenre
http://kbpedia.org/kko/rc/MusicForEaster,rdfs:subClassOf,owl:Thing
http://kbpedia.org/kko/rc/ManxMusic,rdfs:subClassOf,http://kbpedia.org/kko/rc/MusicalComposition_Celtic
http://kbpedia.org/kko/rc/ManxMusic,rdfs:subClassOf,owl:Thing
http://kbpedia.org/kko/rc/PunjabiMusic,rdfs:subClassOf,http://kbpedia.org/kko/rc/MusicByRegion
http://kbpedia.org/kko/rc/PunjabiMusic,rdfs:subClassOf,owl:Thing
http://kbpedia.org/kko/rc/Song,rdfs:subClassOf,http://kbpedia.org/kko/rc/MusicalComposition_Song
http://kbpedia.org/kko/rc/Song,rdfs:subClassOf,owl:Thing
http://kbpedia.org/kko/rc/ToneCluster,rdfs:subClassOf,http://kbpedia.org/kko/rc/MusicalChord
http://kbpedia.org/kko/rc/ToneCluster,rdfs:subClassOf,owl:Thing
http://kbpedia.org/kko/rc/GlamRockMusic,rdfs:subClassOf,http://kbpedia.org/kko/rc/RockMusic
http://kbpedia.org/kko/rc/GlamRockMusic,rdfs:subClassOf,owl:Thing
http://kbpedia.org/kko/rc/MultitrackRecording,rdfs:subClassOf,http://kbpedia.org/kko/rc/RecordedSoundProduct
http://kbpedia.org/kko/rc/MultitrackRecording,rdfs:subClassOf,owl:Thing
http://kbpedia.org/kko/rc/MusicalImprovisation,rdfs:subClassOf,http://kbpedia.org/kko/rc/MusicalComposition
http://kbpedia.org/kko/rc/MusicalImprovisation,rdfs:subClassOf,owl:Thing
http://kbpedia.org/kko/rc/MusicalComposition_GrungeRock,rdfs:subClassOf,http://kbpedia.org/kko/rc/MusicTypeOpenGenre
http://kbpedia.org/kko/rc/MusicalComposition_GrungeRock,rdfs:subClassOf,owl:Thing
http://kbpedia.org/kko/rc/MusicalComposition_GrungeRock,rdfs:subClassOf,http://kbpedia.org/kko/rc/MusicalComposition_Rock
http://kbpedia.org/kko/rc/MusicTrackWithVocals,rdfs:subClassOf,http://kbpedia.org/kko/rc/MusicTrack
http://kbpedia.org/kko/rc/MusicTrackWithVocals,rdfs:subClassOf,owl:Thing
http://kbpedia.org/kko/rc/PopMusicGenre,rdfs:subClassOf,http://kbpedia.org/kko/rc/PopRockMusic
http://kbpedia.org/kko/rc/PopMusicGenre,rdfs:subClassOf,owl:Thing
http://kbpedia.org/kko/rc/PopMusicGenre,rdfs:subClassOf,http://kbpedia.org/kko/rc/MusicTypeByGenre
http://kbpedia.org/kko/rc/AlarmSound,rdfs:subClassOf,http://kbpedia.org/kko/rc/AlarmSignal
http://kbpedia.org/kko/rc/AlarmSound,rdfs:subClassOf,owl:Thing
http://kbpedia.org/kko/rc/AlarmSound,rdfs:subClassOf,http://kbpedia.org/kko/rc/SoundInformationBearingThing
http://kbpedia.org/kko/rc/CountryMusic,rdfs:subClassOf,http://kbpedia.org/kko/rc/MusicTypeByGenre
http://kbpedia.org/kko/rc/CountryMusic,rdfs:subClassOf,owl:Thing
http://kbpedia.org/kko/rc/AudioBeep,rdfs:subClassOf,http://kbpedia.org/kko/rc/SyntheticSound
http://kbpedia.org/kko/rc/AudioBeep,rdfs:subClassOf,owl:Thing
http://kbpedia.org/kko/rc/AnthemsOfIndianStates,rdfs:subClassOf,http://kbpedia.org/kko/rc/Anthem
http://kbpedia.org/kko/rc/AnthemsOfIndianStates,rdfs:subClassOf,owl:Thing
http://kbpedia.org/kko/rc/PsychedelicMusic,rdfs:subClassOf,http://kbpedia.org/kko/rc/MusicTypeOpenGenre
http://kbpedia.org/kko/rc/PsychedelicMusic,rdfs:subClassOf,owl:Thing
http://kbpedia.org/kko/rc/PsychedelicMusic,rdfs:subClassOf,http://kbpedia.org/kko/rc/RockMusic
http://kbpedia.org/kko/rc/GreatestHitsAlbum,rdfs:subClassOf,http://kbpedia.org/kko/rc/Album
http://kbpedia.org/kko/rc/GreatestHitsAlbum,rdfs:subClassOf,owl:Thing
http://kbpedia.org/kko/rc/ElectronicBodyMusic,rdfs:subClassOf,http://kbpedia.org/kko/rc/IndustrialMusic
http://kbpedia.org/kko/rc/ElectronicBodyMusic,rdfs:subClassOf,owl:Thing
http://kbpedia.org/kko/rc/ElectronicBodyMusic,rdfs:subClassOf,http://kbpedia.org/kko/rc/MusicTypeOpenGenre
http://kbpedia.org/kko/rc/ElectronicBodyMusic,rdfs:subClassOf,http://kbpedia.org/kko/rc/ElectronicMusic
http://kbpedia.org/kko/rc/ElectronicBodyMusic,rdfs:subClassOf,http://kbpedia.org/kko/rc/MusicTypeByGenre
http://kbpedia.org/kko/rc/GrungeRockMusic,rdfs:subClassOf,http://kbpedia.org/kko/rc/RockMusic
http://kbpedia.org/kko/rc/GrungeRockMusic,rdfs:subClassOf,owl:Thing
http://kbpedia.org/kko/rc/MusicalComposition_WorldFusion,rdfs:subClassOf,http://kbpedia.org/kko/rc/MusicTypeOpenGenre
http://kbpedia.org/kko/rc/MusicalComposition_WorldFusion,rdfs:subClassOf,owl:Thing
http://kbpedia.org/kko/rc/MusicalComposition_WorldFusion,rdfs:subClassOf,http://kbpedia.org/kko/rc/MusicalComposition_Fusion
http://kbpedia.org/kko/rc/MusicalComposition_1990sPop,rdfs:subClassOf,http://kbpedia.org/kko/rc/MusicTypeOpenGenre
http://kbpedia.org/kko/rc/MusicalComposition_1990sPop,rdfs:subClassOf,owl:Thing
http://kbpedia.org/kko/rc/MusicalComposition_1990sPop,rdfs:subClassOf,http://kbpedia.org/kko/rc/MusicalComposition
http://kbpedia.org/kko/rc/ArtPop,rdfs:subClassOf,http://kbpedia.org/kko/rc/PopMusicGenre
http://kbpedia.org/kko/rc/ArtPop,rdfs:subClassOf,owl:Thing
http://kbpedia.org/kko/rc/CelticRockMusic,rdfs:subClassOf,http://kbpedia.org/kko/rc/MusicalComposition_Celtic
http://kbpedia.org/kko/rc/CelticRockMusic,rdfs:subClassOf,owl:Thing
http://kbpedia.org/kko/rc/SongAgainstRacismAndXenophobia,rdfs:subClassOf,http://kbpedia.org/kko/rc/Song
http://kbpedia.org/kko/rc/SongAgainstRacismAndXenophobia,rdfs:subClassOf,owl:Thing
http://kbpedia.org/kko/rc/MusicTypeOpenGenre,rdfs:subClassOf,http://kbpedia.org/kko/rc/MusicTypeByGenre
http://kbpedia.org/kko/rc/MusicTypeOpenGenre,rdfs:subClassOf,owl:Thing
http://kbpedia.org/kko/rc/Golden_Brown,rdfs:subClassOf,http://kbpedia.org/kko/rc/Song
http://kbpedia.org/kko/rc/Golden_Brown,rdfs:subClassOf,owl:Thing
http://kbpedia.org/kko/rc/AudioBook,rdfs:subClassOf,http://kbpedia.org/kko/rc/AudioConceptualWork
http://kbpedia.org/kko/rc/AudioBook,rdfs:subClassOf,owl:Thing
http://kbpedia.org/kko/rc/AudibleMedicalSign,rdfs:subClassOf,http://kbpedia.org/kko/rc/Sound
http://kbpedia.org/kko/rc/AudibleMedicalSign,rdfs:subClassOf,owl:Thing
http://kbpedia.org/kko/rc/GarifunaMusic,rdfs:subClassOf,http://kbpedia.org/kko/rc/MusicByRegion
http://kbpedia.org/kko/rc/GarifunaMusic,rdfs:subClassOf,owl:Thing
http://kbpedia.org/kko/rc/PhonographRecord_78,rdfs:subClassOf,http://kbpedia.org/kko/rc/PhonographRecord
http://kbpedia.org/kko/rc/PhonographRecord_78,rdfs:subClassOf,owl:Thing
http://kbpedia.org/kko/rc/GoaTranceMusic,rdfs:subClassOf,http://kbpedia.org/kko/rc/PsychedelicMusic
http://kbpedia.org/kko/rc/GoaTranceMusic,rdfs:subClassOf,owl:Thing
http://kbpedia.org/kko/rc/JazzGenre,rdfs:subClassOf,http://kbpedia.org/kko/rc/JazzMusic
http://kbpedia.org/kko/rc/JazzGenre,rdfs:subClassOf,owl:Thing
http://kbpedia.org/kko/rc/JazzGenre,rdfs:subClassOf,http://kbpedia.org/kko/rc/MusicalComposition_Jazz
http://kbpedia.org/kko/rc/JazzGenre,rdfs:subClassOf,http://kbpedia.org/kko/rc/MusicTypeByGenre
http://kbpedia.org/kko/rc/HardRockMusic,rdfs:subClassOf,http://kbpedia.org/kko/rc/RockMusic
http://kbpedia.org/kko/rc/HardRockMusic,rdfs:subClassOf,owl:Thing
http://kbpedia.org/kko/rc/TheBeatlesMusic,rdfs:subClassOf,http://kbpedia.org/kko/rc/PopRockMusic
http://kbpedia.org/kko/rc/TheBeatlesMusic,rdfs:subClassOf,owl:Thing
http://kbpedia.org/kko/rc/AudiovisualEphemera,rdfs:subClassOf,http://kbpedia.org/kko/rc/VideoRecordedObject
http://kbpedia.org/kko/rc/AudiovisualEphemera,rdfs:subClassOf,owl:Thing
http://kbpedia.org/kko/rc/AudioMixing,rdfs:subClassOf,http://kbpedia.org/kko/rc/AudioSystem
http://kbpedia.org/kko/rc/AudioMixing,rdfs:subClassOf,owl:Thing
http://kbpedia.org/kko/rc/AudioMixing,rdfs:subClassOf,http://kbpedia.org/kko/rc/RecordedSoundProduct
http://kbpedia.org/kko/rc/MusicalComposition_Cyberpunk,rdfs:subClassOf,http://kbpedia.org/kko/rc/ConceptualWork_CyberpunkGenre
http://kbpedia.org/kko/rc/MusicalComposition_Cyberpunk,rdfs:subClassOf,owl:Thing
http://kbpedia.org/kko/rc/MusicalComposition_Cyberpunk,rdfs:subClassOf,http://kbpedia.org/kko/rc/MusicalComposition
http://kbpedia.org/kko/rc/MusicalComposition_Funk,rdfs:subClassOf,http://kbpedia.org/kko/rc/MusicalComposition
http://kbpedia.org/kko/rc/MusicalComposition_Funk,rdfs:subClassOf,owl:Thing
http://kbpedia.org/kko/rc/MusicalComposition_CountryRock,rdfs:subClassOf,http://kbpedia.org/kko/rc/MusicTypeOpenGenre
http://kbpedia.org/kko/rc/MusicalComposition_CountryRock,rdfs:subClassOf,owl:Thing
http://kbpedia.org/kko/rc/MusicalComposition_CountryRock,rdfs:subClassOf,http://kbpedia.org/kko/rc/MusicalComposition_Country
http://kbpedia.org/kko/rc/MusicalComposition_CountryRock,rdfs:subClassOf,http://kbpedia.org/kko/rc/MusicalComposition_Rock
http://kbpedia.org/kko/rc/Dance_ClassicalMusic,rdfs:subClassOf,http://kbpedia.org/kko/rc/MusicalComposition_Classical
http://kbpedia.org/kko/rc/Dance_ClassicalMusic,rdfs:subClassOf,owl:Thing
http://kbpedia.org/kko/rc/MusicVideoCopy,rdfs:subClassOf,http://kbpedia.org/kko/rc/VideoRecordedObject
http://kbpedia.org/kko/rc/MusicVideoCopy,rdfs:subClassOf,owl:Thing
http://kbpedia.org/kko/rc/PersianGulfMusic,rdfs:subClassOf,http://kbpedia.org/kko/rc/MusicByRegion
http://kbpedia.org/kko/rc/PersianGulfMusic,rdfs:subClassOf,owl:Thing
http://kbpedia.org/kko/rc/RockAndRollMusic,rdfs:subClassOf,http://kbpedia.org/kko/rc/RockMusic
http://kbpedia.org/kko/rc/RockAndRollMusic,rdfs:subClassOf,owl:Thing
http://kbpedia.org/kko/rc/ExperimentalPop,rdfs:subClassOf,http://kbpedia.org/kko/rc/PopMusicGenre
http://kbpedia.org/kko/rc/ExperimentalPop,rdfs:subClassOf,owl:Thing
http://kbpedia.org/kko/rc/Emo,rdfs:subClassOf,http://kbpedia.org/kko/rc/MusicalComposition
http://kbpedia.org/kko/rc/Emo,rdfs:subClassOf,owl:Thing
http://kbpedia.org/kko/rc/Emo,rdfs:subClassOf,http://kbpedia.org/kko/rc/Music
http://kbpedia.org/kko/rc/RemixAlbum,rdfs:subClassOf,http://kbpedia.org/kko/rc/Album
http://kbpedia.org/kko/rc/RemixAlbum,rdfs:subClassOf,owl:Thing
http://kbpedia.org/kko/rc/MusicalComposition_Country,rdfs:subClassOf,http://kbpedia.org/kko/rc/MusicalComposition
http://kbpedia.org/kko/rc/MusicalComposition_Country,rdfs:subClassOf,owl:Thing
http://kbpedia.org/kko/rc/PowerPop,rdfs:subClassOf,http://kbpedia.org/kko/rc/MusicalComposition_PopRock
http://kbpedia.org/kko/rc/PowerPop,rdfs:subClassOf,owl:Thing
http://kbpedia.org/kko/rc/PowerPop,rdfs:subClassOf,http://kbpedia.org/kko/rc/MusicTypeOpenGenre
http://kbpedia.org/kko/rc/PowerPop,rdfs:subClassOf,http://kbpedia.org/kko/rc/MusicTypeByGenre
http://kbpedia.org/kko/rc/MusicalComposition_Classical,rdfs:subClassOf,http://kbpedia.org/kko/rc/MusicTypeOpenGenre
http://kbpedia.org/kko/rc/MusicalComposition_Classical,rdfs:subClassOf,owl:Thing
http://kbpedia.org/kko/rc/MusicalComposition_Classical,rdfs:subClassOf,http://kbpedia.org/kko/rc/MusicalComposition
http://kbpedia.org/kko/rc/GarageRock,rdfs:subClassOf,http://kbpedia.org/kko/rc/RockMusic
http://kbpedia.org/kko/rc/GarageRock,rdfs:subClassOf,owl:Thing
http://kbpedia.org/kko/rc/BuddhistMusic,rdfs:subClassOf,http://kbpedia.org/kko/rc/MusicalComposition_Religious
http://kbpedia.org/kko/rc/BuddhistMusic,rdfs:subClassOf,owl:Thing
http://kbpedia.org/kko/rc/Kulintang,rdfs:subClassOf,http://kbpedia.org/kko/rc/MusicTypeByGenre
http://kbpedia.org/kko/rc/Kulintang,rdfs:subClassOf,owl:Thing
http://kbpedia.org/kko/rc/PsychedelicFolk,rdfs:subClassOf,http://kbpedia.org/kko/rc/PsychedelicMusic
http://kbpedia.org/kko/rc/PsychedelicFolk,rdfs:subClassOf,owl:Thing
http://kbpedia.org/kko/rc/MusicalComposition_CountryWestern,rdfs:subClassOf,http://kbpedia.org/kko/rc/MusicTypeOpenGenre
http://kbpedia.org/kko/rc/MusicalComposition_CountryWestern,rdfs:subClassOf,owl:Thing
http://kbpedia.org/kko/rc/MusicalComposition_CountryWestern,rdfs:subClassOf,http://kbpedia.org/kko/rc/MusicalComposition_Country
http://kbpedia.org/kko/rc/MusicalChord,rdfs:subClassOf,http://kbpedia.org/kko/rc/AudibleSound
http://kbpedia.org/kko/rc/MusicalChord,rdfs:subClassOf,owl:Thing
http://kbpedia.org/kko/rc/MusicalChord,rdfs:subClassOf,http://kbpedia.org/kko/rc/Music
http://kbpedia.org/kko/rc/TechnoGenre,rdfs:subClassOf,http://kbpedia.org/kko/rc/MusicalComposition_Techno
http://kbpedia.org/kko/rc/TechnoGenre,rdfs:subClassOf,owl:Thing
http://kbpedia.org/kko/rc/TechnoGenre,rdfs:subClassOf,http://kbpedia.org/kko/rc/TechnoMusic
http://kbpedia.org/kko/rc/TechnoGenre,rdfs:subClassOf,http://kbpedia.org/kko/rc/MusicTypeByGenre
http://kbpedia.org/kko/rc/Synth_Pop,rdfs:subClassOf,http://kbpedia.org/kko/rc/PopMusicGenre
http://kbpedia.org/kko/rc/Synth_Pop,rdfs:subClassOf,owl:Thing
http://kbpedia.org/kko/rc/AmericanCountryMusic,rdfs:subClassOf,http://kbpedia.org/kko/rc/CountryMusic
http://kbpedia.org/kko/rc/AmericanCountryMusic,rdfs:subClassOf,owl:Thing
http://kbpedia.org/kko/rc/AmericanCountryMusic,rdfs:subClassOf,http://kbpedia.org/kko/rc/MusicTypeOpenGenre
http://kbpedia.org/kko/rc/AmericanCountryMusic,rdfs:subClassOf,http://kbpedia.org/kko/rc/MusicalComposition_Country
http://kbpedia.org/kko/rc/CanadianCountryMusic,rdfs:subClassOf,http://kbpedia.org/kko/rc/CountryMusic
http://kbpedia.org/kko/rc/CanadianCountryMusic,rdfs:subClassOf,owl:Thing
http://kbpedia.org/kko/rc/CanadianCountryMusic,rdfs:subClassOf,http://kbpedia.org/kko/rc/MusicalComposition_Country
http://kbpedia.org/kko/rc/Aria,rdfs:subClassOf,http://kbpedia.org/kko/rc/CompositionWithSoloistAndAccompaniment
http://kbpedia.org/kko/rc/Aria,rdfs:subClassOf,owl:Thing
http://kbpedia.org/kko/rc/SoulMusic,rdfs:subClassOf,http://kbpedia.org/kko/rc/MusicTypeByGenre
http://kbpedia.org/kko/rc/SoulMusic,rdfs:subClassOf,owl:Thing
http://kbpedia.org/kko/rc/CompactDisc_Audio,rdfs:subClassOf,http://kbpedia.org/kko/rc/CompactDisc_Generic
http://kbpedia.org/kko/rc/CompactDisc_Audio,rdfs:subClassOf,owl:Thing
http://kbpedia.org/kko/rc/CompactDisc_Audio,rdfs:subClassOf,http://kbpedia.org/kko/rc/RecordedSoundProduct
http://kbpedia.org/kko/rc/MusicalComposition_BluesRock,rdfs:subClassOf,http://kbpedia.org/kko/rc/MusicTypeOpenGenre
http://kbpedia.org/kko/rc/MusicalComposition_BluesRock,rdfs:subClassOf,owl:Thing
http://kbpedia.org/kko/rc/MusicalComposition_BluesRock,rdfs:subClassOf,http://kbpedia.org/kko/rc/MusicalComposition_Blues
http://kbpedia.org/kko/rc/MusicalComposition_BluesRock,rdfs:subClassOf,http://kbpedia.org/kko/rc/MusicalComposition_Rock
http://kbpedia.org/kko/rc/Deathrock,rdfs:subClassOf,http://kbpedia.org/kko/rc/GothicMusic
http://kbpedia.org/kko/rc/Deathrock,rdfs:subClassOf,owl:Thing
http://kbpedia.org/kko/rc/Deathrock,rdfs:subClassOf,http://kbpedia.org/kko/rc/MusicTypeByGenre
http://kbpedia.org/kko/rc/FolkMusic,rdfs:subClassOf,http://kbpedia.org/kko/rc/MusicTypeByGenre
http://kbpedia.org/kko/rc/FolkMusic,rdfs:subClassOf,owl:Thing
http://kbpedia.org/kko/rc/TechnoMusic,rdfs:subClassOf,http://kbpedia.org/kko/rc/ElectronicMusic
http://kbpedia.org/kko/rc/TechnoMusic,rdfs:subClassOf,owl:Thing
http://kbpedia.org/kko/rc/TechnoMusic,rdfs:subClassOf,http://kbpedia.org/kko/rc/MusicTypeByGenre
http://kbpedia.org/kko/rc/CelticFusion,rdfs:subClassOf,http://kbpedia.org/kko/rc/MusicalComposition_Celtic
http://kbpedia.org/kko/rc/CelticFusion,rdfs:subClassOf,owl:Thing
http://kbpedia.org/kko/rc/SongAboutDrinkingAndDriving,rdfs:subClassOf,http://kbpedia.org/kko/rc/Song
http://kbpedia.org/kko/rc/SongAboutDrinkingAndDriving,rdfs:subClassOf,owl:Thing
http://kbpedia.org/kko/rc/ProgressiveBluegrass,rdfs:subClassOf,http://kbpedia.org/kko/rc/BluegrassMusic
http://kbpedia.org/kko/rc/ProgressiveBluegrass,rdfs:subClassOf,owl:Thing
http://kbpedia.org/kko/rc/ProgressiveBluegrass,rdfs:subClassOf,http://kbpedia.org/kko/rc/MusicTypeOpenGenre
http://kbpedia.org/kko/rc/ProgressiveBluegrass,rdfs:subClassOf,http://kbpedia.org/kko/rc/MusicTypeByGenre
http://kbpedia.org/kko/rc/CompositionWithSoloistAndAccompaniment,rdfs:subClassOf,http://kbpedia.org/kko/rc/MusicalComposition_Classical
http://kbpedia.org/kko/rc/CompositionWithSoloistAndAccompaniment,rdfs:subClassOf,owl:Thing
http://kbpedia.org/kko/rc/ClassicalMusic_Classical,rdfs:subClassOf,http://kbpedia.org/kko/rc/ClassicalMusic
http://kbpedia.org/kko/rc/ClassicalMusic_Classical,rdfs:subClassOf,owl:Thing
http://kbpedia.org/kko/rc/PianoCompositionsInTheRomanticEra,rdfs:subClassOf,http://kbpedia.org/kko/rc/MusicalComposition_Romantic
http://kbpedia.org/kko/rc/PianoCompositionsInTheRomanticEra,rdfs:subClassOf,owl:Thing
http://kbpedia.org/kko/rc/Concerto,rdfs:subClassOf,http://kbpedia.org/kko/rc/CompositionWithSoloistAndAccompaniment
http://kbpedia.org/kko/rc/Concerto,rdfs:subClassOf,owl:Thing
http://kbpedia.org/kko/rc/Concerto,rdfs:subClassOf,http://kbpedia.org/kko/rc/Multi_MovementComposition
http://kbpedia.org/kko/rc/Concerto,rdfs:subClassOf,http://kbpedia.org/kko/rc/OrchestralComposition
http://kbpedia.org/kko/rc/Medley,rdfs:subClassOf,http://kbpedia.org/kko/rc/AudioConceptualWork
http://kbpedia.org/kko/rc/Medley,rdfs:subClassOf,owl:Thing
http://kbpedia.org/kko/rc/Brown_eyedSoul,rdfs:subClassOf,http://kbpedia.org/kko/rc/MusicTypeOpenGenre
http://kbpedia.org/kko/rc/Brown_eyedSoul,rdfs:subClassOf,owl:Thing
http://kbpedia.org/kko/rc/Brown_eyedSoul,rdfs:subClassOf,http://kbpedia.org/kko/rc/SoulMusic
http://kbpedia.org/kko/rc/VideoRecordedObject,rdfs:subClassOf,http://kbpedia.org/kko/rc/AVMediaProduct
http://kbpedia.org/kko/rc/VideoRecordedObject,rdfs:subClassOf,owl:Thing
http://kbpedia.org/kko/rc/VideoRecordedObject,rdfs:subClassOf,http://kbpedia.org/kko/rc/PublishedMaterial
http://kbpedia.org/kko/rc/VideoRecordedObject,rdfs:subClassOf,http://kbpedia.org/kko/rc/RecordedIBO
http://kbpedia.org/kko/rc/VideoRecordedObject,rdfs:subClassOf,http://kbpedia.org/kko/rc/RecordingOfWaveIBT
http://kbpedia.org/kko/rc/VideoRecordedObject,rdfs:subClassOf,http://kbpedia.org/ontologies/kko#VisualInfo
http://kbpedia.org/kko/rc/ContemporaryWorshipMusic,rdfs:subClassOf,http://kbpedia.org/kko/rc/ChristianMusicGenre
http://kbpedia.org/kko/rc/ContemporaryWorshipMusic,rdfs:subClassOf,owl:Thing
http://kbpedia.org/kko/rc/TranceMusic,rdfs:subClassOf,http://kbpedia.org/kko/rc/TechnoMusic
http://kbpedia.org/kko/rc/TranceMusic,rdfs:subClassOf,owl:Thing
http://kbpedia.org/kko/rc/ScottishFiddling,rdfs:subClassOf,http://kbpedia.org/kko/rc/MusicalComposition_Celtic
http://kbpedia.org/kko/rc/ScottishFiddling,rdfs:subClassOf,owl:Thing
http://kbpedia.org/kko/rc/DarkAmbient,rdfs:subClassOf,http://kbpedia.org/kko/rc/IndustrialMusic
http://kbpedia.org/kko/rc/DarkAmbient,rdfs:subClassOf,owl:Thing
http://kbpedia.org/kko/rc/DarkAmbient,rdfs:subClassOf,http://kbpedia.org/kko/rc/MusicalComposition_Ambient
http://kbpedia.org/kko/rc/DarkAmbient,rdfs:subClassOf,http://kbpedia.org/kko/rc/MusicTypeOpenGenre
http://kbpedia.org/kko/rc/MusicalComposition_Electronica,rdfs:subClassOf,http://kbpedia.org/kko/rc/MusicTypeOpenGenre
http://kbpedia.org/kko/rc/MusicalComposition_Electronica,rdfs:subClassOf,owl:Thing
http://kbpedia.org/kko/rc/MusicalComposition_Electronica,rdfs:subClassOf,http://kbpedia.org/kko/rc/MusicalComposition
http://kbpedia.org/kko/rc/PolishMusic,rdfs:subClassOf,http://kbpedia.org/kko/rc/MusicByRegion
http://kbpedia.org/kko/rc/PolishMusic,rdfs:subClassOf,owl:Thing
http://kbpedia.org/kko/rc/Rale,rdfs:subClassOf,http://kbpedia.org/kko/rc/AudibleMedicalSign
http://kbpedia.org/kko/rc/Rale,rdfs:subClassOf,owl:Thing
http://kbpedia.org/kko/rc/FolkRockMusic,rdfs:subClassOf,http://kbpedia.org/kko/rc/FolkMusic
http://kbpedia.org/kko/rc/FolkRockMusic,rdfs:subClassOf,owl:Thing
http://kbpedia.org/kko/rc/FolkRockMusic,rdfs:subClassOf,http://kbpedia.org/kko/rc/RockMusic
http://kbpedia.org/kko/rc/SongInClassicalMusic,rdfs:subClassOf,http://kbpedia.org/kko/rc/ClassicalMusic
http://kbpedia.org/kko/rc/SongInClassicalMusic,rdfs:subClassOf,owl:Thing
http://kbpedia.org/kko/rc/SongInClassicalMusic,rdfs:subClassOf,http://kbpedia.org/kko/rc/Song
http://kbpedia.org/kko/rc/SyntheticSound,rdfs:subClassOf,http://kbpedia.org/kko/rc/AudibleSound
http://kbpedia.org/kko/rc/SyntheticSound,rdfs:subClassOf,owl:Thing
http://kbpedia.org/kko/rc/SyntheticSound,rdfs:subClassOf,http://kbpedia.org/kko/rc/SoundsByType
http://kbpedia.org/kko/rc/ChristianMusic,rdfs:subClassOf,http://kbpedia.org/kko/rc/MusicalComposition_Religious
http://kbpedia.org/kko/rc/ChristianMusic,rdfs:subClassOf,owl:Thing
http://kbpedia.org/kko/rc/WelshLanguageMusic,rdfs:subClassOf,http://kbpedia.org/kko/rc/MusicalComposition_Celtic
http://kbpedia.org/kko/rc/WelshLanguageMusic,rdfs:subClassOf,owl:Thing
http://kbpedia.org/kko/rc/Ultrasound,rdfs:subClassOf,http://kbpedia.org/kko/rc/Sound
http://kbpedia.org/kko/rc/Ultrasound,rdfs:subClassOf,owl:Thing
http://kbpedia.org/kko/rc/RockInstrumental,rdfs:subClassOf,http://kbpedia.org/kko/rc/RockMusic
http://kbpedia.org/kko/rc/RockInstrumental,rdfs:subClassOf,owl:Thing
http://kbpedia.org/kko/rc/MusicalComposition_HardRock,rdfs:subClassOf,http://kbpedia.org/kko/rc/MusicTypeOpenGenre
http://kbpedia.org/kko/rc/MusicalComposition_HardRock,rdfs:subClassOf,owl:Thing
http://kbpedia.org/kko/rc/MusicalComposition_HardRock,rdfs:subClassOf,http://kbpedia.org/kko/rc/MusicalComposition_Rock
http://kbpedia.org/kko/rc/RoaringSound,rdfs:subClassOf,http://kbpedia.org/kko/rc/AnimalSound
http://kbpedia.org/kko/rc/RoaringSound,rdfs:subClassOf,owl:Thing
http://kbpedia.org/kko/rc/BritishFolkRockMusic,rdfs:subClassOf,http://kbpedia.org/kko/rc/FolkRockMusic
http://kbpedia.org/kko/rc/BritishFolkRockMusic,rdfs:subClassOf,owl:Thing
http://kbpedia.org/kko/rc/CompositionForPiano,rdfs:subClassOf,http://kbpedia.org/kko/rc/MusicalCompositonByInstrument
http://kbpedia.org/kko/rc/CompositionForPiano,rdfs:subClassOf,owl:Thing
http://kbpedia.org/kko/rc/PunkMusic,rdfs:subClassOf,http://kbpedia.org/kko/rc/RockMusic
http://kbpedia.org/kko/rc/PunkMusic,rdfs:subClassOf,owl:Thing
http://kbpedia.org/kko/rc/OldieSong,rdfs:subClassOf,http://kbpedia.org/kko/rc/Song
http://kbpedia.org/kko/rc/OldieSong,rdfs:subClassOf,owl:Thing
http://kbpedia.org/kko/rc/DanceFormsInClassicalMusic,rdfs:subClassOf,http://kbpedia.org/kko/rc/ClassicalMusic
http://kbpedia.org/kko/rc/DanceFormsInClassicalMusic,rdfs:subClassOf,owl:Thing
http://kbpedia.org/kko/rc/WesternSwing,rdfs:subClassOf,http://kbpedia.org/kko/rc/SwingMusic
http://kbpedia.org/kko/rc/WesternSwing,rdfs:subClassOf,owl:Thing
http://kbpedia.org/kko/rc/ChristianMusicByOccasion,rdfs:subClassOf,http://kbpedia.org/kko/rc/MusicalComposition_Christian
http://kbpedia.org/kko/rc/ChristianMusicByOccasion,rdfs:subClassOf,owl:Thing
http://kbpedia.org/kko/rc/ChamberMusicComposition,rdfs:subClassOf,http://kbpedia.org/kko/rc/MusicalComposition_Classical
http://kbpedia.org/kko/rc/ChamberMusicComposition,rdfs:subClassOf,owl:Thing
http://kbpedia.org/kko/rc/Hymn,rdfs:subClassOf,http://kbpedia.org/kko/rc/Song
http://kbpedia.org/kko/rc/Hymn,rdfs:subClassOf,owl:Thing
http://kbpedia.org/kko/rc/CluckingSound,rdfs:subClassOf,http://kbpedia.org/kko/rc/AnimalSound
http://kbpedia.org/kko/rc/CluckingSound,rdfs:subClassOf,owl:Thing
http://kbpedia.org/kko/rc/GlamMetal,rdfs:subClassOf,http://kbpedia.org/kko/rc/HardRockMusic
http://kbpedia.org/kko/rc/GlamMetal,rdfs:subClassOf,owl:Thing
http://kbpedia.org/kko/rc/GlamMetal,rdfs:subClassOf,http://kbpedia.org/kko/rc/MusicalComposition_PopRock
http://kbpedia.org/kko/rc/GlamMetal,rdfs:subClassOf,http://kbpedia.org/kko/rc/MusicTypeOpenGenre
http://kbpedia.org/kko/rc/GlamMetal,rdfs:subClassOf,http://kbpedia.org/kko/rc/MusicTypeByGenre
http://kbpedia.org/kko/rc/CyberpunkSubgenre,rdfs:subClassOf,http://kbpedia.org/kko/rc/MusicTypeByGenre
http://kbpedia.org/kko/rc/CyberpunkSubgenre,rdfs:subClassOf,owl:Thing
http://kbpedia.org/kko/rc/CyberpunkSubgenre,rdfs:subClassOf,http://kbpedia.org/kko/rc/MusicalComposition_Cyberpunk
http://kbpedia.org/kko/rc/Madrigal,rdfs:subClassOf,http://kbpedia.org/kko/rc/ClassicalMusic_Baroque
http://kbpedia.org/kko/rc/Madrigal,rdfs:subClassOf,owl:Thing
http://kbpedia.org/kko/rc/Madrigal,rdfs:subClassOf,http://kbpedia.org/kko/rc/MusicalComposition_Baroque
http://kbpedia.org/kko/rc/MusicalComposition_HeavyMetal,rdfs:subClassOf,http://kbpedia.org/kko/rc/MusicTypeOpenGenre
http://kbpedia.org/kko/rc/MusicalComposition_HeavyMetal,rdfs:subClassOf,owl:Thing
http://kbpedia.org/kko/rc/MusicalComposition_HeavyMetal,rdfs:subClassOf,http://kbpedia.org/kko/rc/MusicalComposition_Rock
http://kbpedia.org/kko/rc/ElectronicMusic,rdfs:subClassOf,http://kbpedia.org/kko/rc/MusicTypeByGenre
http://kbpedia.org/kko/rc/ElectronicMusic,rdfs:subClassOf,owl:Thing
http://kbpedia.org/kko/rc/MusicSingle,rdfs:subClassOf,http://kbpedia.org/kko/rc/RecordedSoundProduct
http://kbpedia.org/kko/rc/MusicSingle,rdfs:subClassOf,owl:Thing
http://kbpedia.org/kko/rc/BaroqueMusicManuscriptSource,rdfs:subClassOf,http://kbpedia.org/kko/rc/ClassicalMusic_Baroque
http://kbpedia.org/kko/rc/BaroqueMusicManuscriptSource,rdfs:subClassOf,owl:Thing
http://kbpedia.org/kko/rc/BaroqueMusicManuscriptSource,rdfs:subClassOf,http://kbpedia.org/kko/rc/MusicalComposition_Baroque
http://kbpedia.org/kko/rc/CompositionForAccordion,rdfs:subClassOf,http://kbpedia.org/kko/rc/MusicalCompositonByInstrument
http://kbpedia.org/kko/rc/CompositionForAccordion,rdfs:subClassOf,owl:Thing
http://kbpedia.org/kko/rc/BretonMusic,rdfs:subClassOf,http://kbpedia.org/kko/rc/MusicByRegion
http://kbpedia.org/kko/rc/BretonMusic,rdfs:subClassOf,owl:Thing
http://kbpedia.org/kko/rc/PhonographRecord,rdfs:subClassOf,http://kbpedia.org/kko/rc/DiscStorageMedium
http://kbpedia.org/kko/rc/PhonographRecord,rdfs:subClassOf,owl:Thing
http://kbpedia.org/kko/rc/PhonographRecord,rdfs:subClassOf,http://kbpedia.org/kko/rc/RecordedSoundProduct
http://kbpedia.org/kko/rc/EarlyMusic,rdfs:subClassOf,http://kbpedia.org/kko/rc/ClassicalMusic
http://kbpedia.org/kko/rc/EarlyMusic,rdfs:subClassOf,owl:Thing
http://kbpedia.org/kko/rc/ProgressivePop,rdfs:subClassOf,http://kbpedia.org/kko/rc/PopMusicGenre
http://kbpedia.org/kko/rc/ProgressivePop,rdfs:subClassOf,owl:Thing
http://kbpedia.org/kko/rc/MusicalComposition_Song,rdfs:subClassOf,http://kbpedia.org/kko/rc/MusicalComposition
http://kbpedia.org/kko/rc/MusicalComposition_Song,rdfs:subClassOf,owl:Thing
http://kbpedia.org/kko/rc/RhythmAndBluesMusic,rdfs:subClassOf,http://kbpedia.org/kko/rc/MusicTypeByGenre
http://kbpedia.org/kko/rc/RhythmAndBluesMusic,rdfs:subClassOf,owl:Thing
http://kbpedia.org/kko/rc/OrchestralComposition,rdfs:subClassOf,http://kbpedia.org/kko/rc/MusicalComposition_Classical
http://kbpedia.org/kko/rc/OrchestralComposition,rdfs:subClassOf,owl:Thing
http://kbpedia.org/kko/rc/CyberpunkTheme,rdfs:subClassOf,http://kbpedia.org/kko/rc/MusicalComposition_Cyberpunk
http://kbpedia.org/kko/rc/CyberpunkTheme,rdfs:subClassOf,owl:Thing
http://kbpedia.org/kko/rc/MusicalComposition_Bluegrass,rdfs:subClassOf,http://kbpedia.org/kko/rc/MusicTypeOpenGenre
http://kbpedia.org/kko/rc/MusicalComposition_Bluegrass,rdfs:subClassOf,owl:Thing
http://kbpedia.org/kko/rc/MusicalComposition_Bluegrass,rdfs:subClassOf,http://kbpedia.org/kko/rc/MusicalComposition
http://kbpedia.org/kko/rc/MusicOfAthens_Georgia,rdfs:subClassOf,http://kbpedia.org/kko/rc/MusicByRegion
http://kbpedia.org/kko/rc/MusicOfAthens_Georgia,rdfs:subClassOf,owl:Thing
http://kbpedia.org/kko/rc/NaturalSound,rdfs:subClassOf,http://kbpedia.org/kko/rc/SoundsByType
http://kbpedia.org/kko/rc/NaturalSound,rdfs:subClassOf,owl:Thing
http://kbpedia.org/kko/rc/NaturalSound,rdfs:subClassOf,http://kbpedia.org/kko/rc/Sound
http://kbpedia.org/kko/rc/HitSong,rdfs:subClassOf,http://kbpedia.org/kko/rc/HitConceptualWork
http://kbpedia.org/kko/rc/HitSong,rdfs:subClassOf,owl:Thing
http://kbpedia.org/kko/rc/HitSong,rdfs:subClassOf,http://kbpedia.org/kko/rc/Song
http://kbpedia.org/kko/rc/HeavyMetalMusic,rdfs:subClassOf,http://kbpedia.org/kko/rc/RockMusic
http://kbpedia.org/kko/rc/HeavyMetalMusic,rdfs:subClassOf,owl:Thing
http://kbpedia.org/kko/rc/PunkBlues,rdfs:subClassOf,http://kbpedia.org/kko/rc/MusicalComposition_BluesRock
http://kbpedia.org/kko/rc/PunkBlues,rdfs:subClassOf,owl:Thing
http://kbpedia.org/kko/rc/PunkBlues,rdfs:subClassOf,http://kbpedia.org/kko/rc/MusicTypeOpenGenre
http://kbpedia.org/kko/rc/PunkBlues,rdfs:subClassOf,http://kbpedia.org/kko/rc/MusicTypeByGenre
http://kbpedia.org/kko/rc/SpokenWordAlbum,rdfs:subClassOf,http://kbpedia.org/kko/rc/RecordedSoundProduct
http://kbpedia.org/kko/rc/SpokenWordAlbum,rdfs:subClassOf,owl:Thing
http://kbpedia.org/kko/rc/GramophoneRecord,rdfs:subClassOf,http://kbpedia.org/kko/rc/PhonographRecord
http://kbpedia.org/kko/rc/GramophoneRecord,rdfs:subClassOf,owl:Thing
http://kbpedia.org/kko/rc/PostDisco,rdfs:subClassOf,http://kbpedia.org/kko/rc/DiscoMusic
http://kbpedia.org/kko/rc/PostDisco,rdfs:subClassOf,owl:Thing
http://kbpedia.org/kko/rc/PostDisco,rdfs:subClassOf,http://kbpedia.org/kko/rc/MusicTypeOpenGenre
http://kbpedia.org/kko/rc/PostDisco,rdfs:subClassOf,http://kbpedia.org/kko/rc/MusicTypeByGenre
http://kbpedia.org/kko/rc/CanadianBlues,rdfs:subClassOf,http://kbpedia.org/kko/rc/BluesMusic
http://kbpedia.org/kko/rc/CanadianBlues,rdfs:subClassOf,owl:Thing
http://kbpedia.org/kko/rc/CanadianBlues,rdfs:subClassOf,http://kbpedia.org/kko/rc/MusicalComposition_Blues
http://kbpedia.org/kko/rc/ChristianMusicFormat,rdfs:subClassOf,http://kbpedia.org/kko/rc/MusicalComposition_Christian
http://kbpedia.org/kko/rc/ChristianMusicFormat,rdfs:subClassOf,owl:Thing
http://kbpedia.org/kko/rc/Symphony,rdfs:subClassOf,http://kbpedia.org/kko/rc/Multi_MovementComposition
http://kbpedia.org/kko/rc/Symphony,rdfs:subClassOf,owl:Thing
http://kbpedia.org/kko/rc/Symphony,rdfs:subClassOf,http://kbpedia.org/kko/rc/OrchestralComposition
http://kbpedia.org/kko/rc/AndeanMusic,rdfs:subClassOf,http://kbpedia.org/kko/rc/MusicByRegion
http://kbpedia.org/kko/rc/AndeanMusic,rdfs:subClassOf,owl:Thing
http://kbpedia.org/kko/rc/IndiePop,rdfs:subClassOf,http://kbpedia.org/kko/rc/PopMusicGenre
http://kbpedia.org/kko/rc/IndiePop,rdfs:subClassOf,owl:Thing
http://kbpedia.org/kko/rc/Refrain,rdfs:subClassOf,http://kbpedia.org/kko/rc/MusicalComposition
http://kbpedia.org/kko/rc/Refrain,rdfs:subClassOf,owl:Thing
http://kbpedia.org/kko/rc/Going_Somewhere,rdfs:subClassOf,http://kbpedia.org/kko/rc/Album
http://kbpedia.org/kko/rc/Going_Somewhere,rdfs:subClassOf,owl:Thing
http://kbpedia.org/kko/rc/PekingOpera,rdfs:subClassOf,http://kbpedia.org/kko/rc/Opera
http://kbpedia.org/kko/rc/PekingOpera,rdfs:subClassOf,owl:Thing
http://kbpedia.org/kko/rc/FolkMetal,rdfs:subClassOf,http://kbpedia.org/kko/rc/FolkRockMusic
http://kbpedia.org/kko/rc/FolkMetal,rdfs:subClassOf,owl:Thing
http://kbpedia.org/kko/rc/FolkMetal,rdfs:subClassOf,http://kbpedia.org/kko/rc/MusicTypeOpenGenre
http://kbpedia.org/kko/rc/FolkMetal,rdfs:subClassOf,http://kbpedia.org/kko/rc/MusicTypeByGenre
http://kbpedia.org/kko/rc/MusicalComposition_SouthernRock,rdfs:subClassOf,http://kbpedia.org/kko/rc/MusicTypeOpenGenre
http://kbpedia.org/kko/rc/MusicalComposition_SouthernRock,rdfs:subClassOf,owl:Thing
http://kbpedia.org/kko/rc/MusicalComposition_SouthernRock,rdfs:subClassOf,http://kbpedia.org/kko/rc/MusicalComposition_Rock
http://kbpedia.org/kko/rc/MusicalComposition_Disco,rdfs:subClassOf,http://kbpedia.org/kko/rc/MusicalComposition_Soul
http://kbpedia.org/kko/rc/MusicalComposition_Disco,rdfs:subClassOf,owl:Thing
http://kbpedia.org/kko/rc/MusicalComposition_Disco,rdfs:subClassOf,http://kbpedia.org/kko/rc/MusicTypeOpenGenre
http://kbpedia.org/kko/rc/BritishHeavyMetalMusic,rdfs:subClassOf,http://kbpedia.org/kko/rc/HeavyMetalMusic
http://kbpedia.org/kko/rc/BritishHeavyMetalMusic,rdfs:subClassOf,owl:Thing
http://kbpedia.org/kko/rc/Sound,rdfs:subClassOf,http://kbpedia.org/kko/rc/Media
http://kbpedia.org/kko/rc/Sound,rdfs:subClassOf,owl:Thing
http://kbpedia.org/kko/rc/Sound,rdfs:subClassOf,http://kbpedia.org/kko/rc/WavePropagation
http://kbpedia.org/kko/rc/Sound,rdfs:subClassOf,http://kbpedia.org/ontologies/kko#AudioInfo
http://kbpedia.org/kko/rc/CompositionForSoloInstrument,rdfs:subClassOf,http://kbpedia.org/kko/rc/MusicalComposition_Classical
http://kbpedia.org/kko/rc/CompositionForSoloInstrument,rdfs:subClassOf,owl:Thing
http://kbpedia.org/kko/rc/Otherkin,rdfs:subClassOf,http://kbpedia.org/kko/rc/MusicalComposition_NewAge
http://kbpedia.org/kko/rc/Otherkin,rdfs:subClassOf,owl:Thing
http://kbpedia.org/kko/rc/ChristianMusicGenre,rdfs:subClassOf,http://kbpedia.org/kko/rc/MusicalComposition_Christian
http://kbpedia.org/kko/rc/ChristianMusicGenre,rdfs:subClassOf,owl:Thing
http://kbpedia.org/kko/rc/ChristianMusicGenre,rdfs:subClassOf,http://kbpedia.org/kko/rc/MusicTypeByGenre
http://kbpedia.org/kko/rc/SambaMusicGenre,rdfs:subClassOf,http://kbpedia.org/kko/rc/MusicTypeByGenre
http://kbpedia.org/kko/rc/SambaMusicGenre,rdfs:subClassOf,owl:Thing
http://kbpedia.org/kko/rc/Going_for_Broke_album,rdfs:subClassOf,http://kbpedia.org/kko/rc/Album
http://kbpedia.org/kko/rc/Going_for_Broke_album,rdfs:subClassOf,owl:Thing
http://kbpedia.org/kko/rc/FolkPunk,rdfs:subClassOf,http://kbpedia.org/kko/rc/FolkRockMusic
http://kbpedia.org/kko/rc/FolkPunk,rdfs:subClassOf,owl:Thing
http://kbpedia.org/kko/rc/FolkPunk,rdfs:subClassOf,http://kbpedia.org/kko/rc/MusicTypeByGenre
http://kbpedia.org/kko/rc/LinuxAudioPodcast,rdfs:subClassOf,http://kbpedia.org/kko/rc/AudioPodcast
http://kbpedia.org/kko/rc/LinuxAudioPodcast,rdfs:subClassOf,owl:Thing
http://kbpedia.org/kko/rc/MusicalComposition_Rap,rdfs:subClassOf,http://kbpedia.org/kko/rc/MusicTypeOpenGenre
http://kbpedia.org/kko/rc/MusicalComposition_Rap,rdfs:subClassOf,owl:Thing
http://kbpedia.org/kko/rc/MusicalComposition_Rap,rdfs:subClassOf,http://kbpedia.org/kko/rc/MusicalComposition
http://kbpedia.org/kko/rc/MusicTrack,rdfs:subClassOf,http://kbpedia.org/kko/rc/RecordedSoundProduct
http://kbpedia.org/kko/rc/MusicTrack,rdfs:subClassOf,owl:Thing
http://kbpedia.org/kko/rc/SwingMusic,rdfs:subClassOf,http://kbpedia.org/kko/rc/MusicTypeByGenre
http://kbpedia.org/kko/rc/SwingMusic,rdfs:subClassOf,owl:Thing
http://kbpedia.org/kko/rc/WorldFusion,rdfs:subClassOf,http://kbpedia.org/kko/rc/MusicalComposition_WorldFusion
http://kbpedia.org/kko/rc/WorldFusion,rdfs:subClassOf,owl:Thing
http://kbpedia.org/kko/rc/WorldFusion,rdfs:subClassOf,http://kbpedia.org/kko/rc/MusicTypeByGenre
http://kbpedia.org/kko/rc/MusicalComposition_Celtic,rdfs:subClassOf,http://kbpedia.org/kko/rc/MusicalComposition_Folk
http://kbpedia.org/kko/rc/MusicalComposition_Celtic,rdfs:subClassOf,owl:Thing
http://kbpedia.org/kko/rc/MusicalComposition_Celtic,rdfs:subClassOf,http://kbpedia.org/kko/rc/MusicTypeOpenGenre
http://kbpedia.org/kko/rc/RhythmAndBluesMusicGenre,rdfs:subClassOf,http://kbpedia.org/kko/rc/MusicalComposition_RhythmAndBlues
http://kbpedia.org/kko/rc/RhythmAndBluesMusicGenre,rdfs:subClassOf,owl:Thing
http://kbpedia.org/kko/rc/RhythmAndBluesMusicGenre,rdfs:subClassOf,http://kbpedia.org/kko/rc/RhythmAndBluesMusic
http://kbpedia.org/kko/rc/RhythmAndBluesMusicGenre,rdfs:subClassOf,http://kbpedia.org/kko/rc/MusicTypeByGenre
http://kbpedia.org/kko/rc/CountryMusicGenre,rdfs:subClassOf,http://kbpedia.org/kko/rc/CountryMusic
http://kbpedia.org/kko/rc/CountryMusicGenre,rdfs:subClassOf,owl:Thing
http://kbpedia.org/kko/rc/CountryMusicGenre,rdfs:subClassOf,http://kbpedia.org/kko/rc/MusicalComposition_Country
http://kbpedia.org/kko/rc/CountryMusicGenre,rdfs:subClassOf,http://kbpedia.org/kko/rc/MusicTypeByGenre
http://kbpedia.org/kko/rc/ModalFrame,rdfs:subClassOf,http://kbpedia.org/kko/rc/Tune
http://kbpedia.org/kko/rc/ModalFrame,rdfs:subClassOf,owl:Thing
http://kbpedia.org/kko/rc/ContemporaryClassicalMusic,rdfs:subClassOf,http://kbpedia.org/kko/rc/ClassicalMusic
http://kbpedia.org/kko/rc/ContemporaryClassicalMusic,rdfs:subClassOf,owl:Thing
http://kbpedia.org/kko/rc/Single_MovementComposition,rdfs:subClassOf,http://kbpedia.org/kko/rc/MusicalComposition_Classical
http://kbpedia.org/kko/rc/Single_MovementComposition,rdfs:subClassOf,owl:Thing
http://kbpedia.org/kko/rc/IndustrialMusic,rdfs:subClassOf,http://kbpedia.org/kko/rc/ElectronicMusic
http://kbpedia.org/kko/rc/IndustrialMusic,rdfs:subClassOf,owl:Thing
http://kbpedia.org/kko/rc/IndustrialMusic,rdfs:subClassOf,http://kbpedia.org/kko/rc/RockMusic
http://kbpedia.org/kko/rc/MusicalComposition_GangstaRap,rdfs:subClassOf,http://kbpedia.org/kko/rc/MusicalComposition_Rap
http://kbpedia.org/kko/rc/MusicalComposition_GangstaRap,rdfs:subClassOf,owl:Thing
http://kbpedia.org/kko/rc/MusicalComposition_GangstaRap,rdfs:subClassOf,http://kbpedia.org/kko/rc/MusicTypeOpenGenre
http://kbpedia.org/kko/rc/Deathcore,rdfs:subClassOf,http://kbpedia.org/kko/rc/DeathMetalMusic
http://kbpedia.org/kko/rc/Deathcore,rdfs:subClassOf,owl:Thing
http://kbpedia.org/kko/rc/Deathcore,rdfs:subClassOf,http://kbpedia.org/kko/rc/MusicTypeOpenGenre
http://kbpedia.org/kko/rc/Deathcore,rdfs:subClassOf,http://kbpedia.org/kko/rc/MusicTypeByGenre
http://kbpedia.org/kko/rc/PurringSound,rdfs:subClassOf,http://kbpedia.org/kko/rc/AnimalSound
http://kbpedia.org/kko/rc/PurringSound,rdfs:subClassOf,owl:Thing
http://kbpedia.org/kko/rc/VideoFormat,rdfs:subClassOf,http://kbpedia.org/kko/rc/VideoRecordedObject
http://kbpedia.org/kko/rc/VideoFormat,rdfs:subClassOf,owl:Thing
http://kbpedia.org/kko/rc/NationalAnthem,rdfs:subClassOf,http://kbpedia.org/kko/rc/Anthem
http://kbpedia.org/kko/rc/NationalAnthem,rdfs:subClassOf,owl:Thing
http://kbpedia.org/kko/rc/NationalAnthem,rdfs:subClassOf,http://kbpedia.org/kko/rc/Song
http://kbpedia.org/kko/rc/NationalAnthem,rdfs:subClassOf,http://kbpedia.org/kko/rc/SymbolicThing
http://kbpedia.org/kko/rc/ClassicalMusicalEra,rdfs:subClassOf,http://kbpedia.org/kko/rc/MusicalEra
http://kbpedia.org/kko/rc/ClassicalMusicalEra,rdfs:subClassOf,owl:Thing
http://kbpedia.org/kko/rc/CountryRockMusic,rdfs:subClassOf,http://kbpedia.org/kko/rc/CountryMusic
http://kbpedia.org/kko/rc/CountryRockMusic,rdfs:subClassOf,owl:Thing
http://kbpedia.org/kko/rc/CountryRockMusic,rdfs:subClassOf,http://kbpedia.org/kko/rc/RockMusic
