id,subclassof,parent
http://kbpedia.org/kko/rc/PhysicsEducation,rdfs:subClassOf,http://kbpedia.org/kko/rc/ScienceEducation
http://kbpedia.org/kko/rc/PhysicsEducation,rdfs:subClassOf,owl:Thing
http://kbpedia.org/kko/rc/LoanOrigination,rdfs:subClassOf,http://kbpedia.org/kko/rc/ProcessingALoanApplication
http://kbpedia.org/kko/rc/LoanOrigination,rdfs:subClassOf,owl:Thing
http://kbpedia.org/kko/rc/TradeAnalysis,rdfs:subClassOf,http://kbpedia.org/kko/rc/TradePolicyRegulation
http://kbpedia.org/kko/rc/TradeAnalysis,rdfs:subClassOf,owl:Thing
http://kbpedia.org/kko/rc/WindCaveNationalPark,rdfs:subClassOf,http://kbpedia.org/kko/rc/NationalPark
http://kbpedia.org/kko/rc/WindCaveNationalPark,rdfs:subClassOf,owl:Thing
http://kbpedia.org/kko/rc/CafeteriaSpace,rdfs:subClassOf,http://kbpedia.org/kko/rc/RestaurantSpace
http://kbpedia.org/kko/rc/CafeteriaSpace,rdfs:subClassOf,owl:Thing
http://kbpedia.org/kko/rc/Barclaycard,rdfs:subClassOf,http://kbpedia.org/kko/rc/CreditCard_RevolvingAccount
http://kbpedia.org/kko/rc/Barclaycard,rdfs:subClassOf,owl:Thing
http://kbpedia.org/kko/rc/NavalShipyard,rdfs:subClassOf,http://kbpedia.org/kko/rc/MilitaryFacility
http://kbpedia.org/kko/rc/NavalShipyard,rdfs:subClassOf,owl:Thing
http://kbpedia.org/kko/rc/NavalShipyard,rdfs:subClassOf,http://kbpedia.org/kko/rc/Shipyard
http://kbpedia.org/kko/rc/EducationIssue,rdfs:subClassOf,http://kbpedia.org/kko/rc/Education
http://kbpedia.org/kko/rc/EducationIssue,rdfs:subClassOf,owl:Thing
http://kbpedia.org/kko/rc/RestrictedFormulary,rdfs:subClassOf,http://kbpedia.org/kko/rc/Formulary
http://kbpedia.org/kko/rc/RestrictedFormulary,rdfs:subClassOf,owl:Thing
http://kbpedia.org/kko/rc/USHighwayRoute,rdfs:subClassOf,http://kbpedia.org/kko/rc/Highway
http://kbpedia.org/kko/rc/USHighwayRoute,rdfs:subClassOf,owl:Thing
http://kbpedia.org/kko/rc/USHighwayRoute,rdfs:subClassOf,http://kbpedia.org/kko/rc/TravelRoute_Road
http://kbpedia.org/kko/rc/WorkAccount,rdfs:subClassOf,http://kbpedia.org/kko/rc/PersonalAccount
http://kbpedia.org/kko/rc/WorkAccount,rdfs:subClassOf,owl:Thing
http://kbpedia.org/kko/rc/WorkAccount,rdfs:subClassOf,http://kbpedia.org/kko/rc/Account_LegalAgreement
http://kbpedia.org/kko/rc/ProfitAndLossStatement,rdfs:subClassOf,http://kbpedia.org/kko/rc/AnnualDocument
http://kbpedia.org/kko/rc/ProfitAndLossStatement,rdfs:subClassOf,owl:Thing
http://kbpedia.org/kko/rc/ProfitAndLossStatement,rdfs:subClassOf,http://kbpedia.org/kko/rc/FinancialDocument
http://kbpedia.org/kko/rc/ProfitAndLossStatement,rdfs:subClassOf,http://kbpedia.org/kko/rc/PublishedConceptualWork
http://kbpedia.org/kko/rc/Dwor_DetachedHouse,rdfs:subClassOf,http://kbpedia.org/kko/rc/Large_DetachedHouse
http://kbpedia.org/kko/rc/Dwor_DetachedHouse,rdfs:subClassOf,owl:Thing
http://kbpedia.org/kko/rc/Coupon,rdfs:subClassOf,http://kbpedia.org/kko/rc/Voucher
http://kbpedia.org/kko/rc/Coupon,rdfs:subClassOf,owl:Thing
http://kbpedia.org/kko/rc/WarrantForSecurities,rdfs:subClassOf,http://kbpedia.org/kko/rc/InvestmentVehicle
http://kbpedia.org/kko/rc/WarrantForSecurities,rdfs:subClassOf,owl:Thing
http://kbpedia.org/kko/rc/WarrantForSecurities,rdfs:subClassOf,http://kbpedia.org/kko/rc/Permission
http://kbpedia.org/kko/rc/WarrantForSecurities,rdfs:subClassOf,http://kbpedia.org/kko/rc/Agreement
http://kbpedia.org/kko/rc/JapaneseLanguageEducation,rdfs:subClassOf,http://kbpedia.org/kko/rc/LanguageEducation
http://kbpedia.org/kko/rc/JapaneseLanguageEducation,rdfs:subClassOf,owl:Thing
http://kbpedia.org/kko/rc/HydroelectricPowerPlantBuilding,rdfs:subClassOf,http://kbpedia.org/kko/rc/PowerPlantBuilding
http://kbpedia.org/kko/rc/HydroelectricPowerPlantBuilding,rdfs:subClassOf,owl:Thing
http://kbpedia.org/kko/rc/Loan_InformalOralAgreement,rdfs:subClassOf,http://kbpedia.org/kko/rc/InformalAgreement
http://kbpedia.org/kko/rc/Loan_InformalOralAgreement,rdfs:subClassOf,owl:Thing
http://kbpedia.org/kko/rc/Loan_InformalOralAgreement,rdfs:subClassOf,http://kbpedia.org/kko/rc/LoanAgreement
http://kbpedia.org/kko/rc/Farm,rdfs:subClassOf,http://kbpedia.org/kko/rc/AgriculturalLand
http://kbpedia.org/kko/rc/Farm,rdfs:subClassOf,owl:Thing
http://kbpedia.org/kko/rc/MobileHome,rdfs:subClassOf,http://kbpedia.org/kko/rc/ManufacturedHome
http://kbpedia.org/kko/rc/MobileHome,rdfs:subClassOf,owl:Thing
http://kbpedia.org/kko/rc/MobileHome,rdfs:subClassOf,http://kbpedia.org/kko/rc/PrefabricatedResidentialBuildingStructure
http://kbpedia.org/kko/rc/PrivateMedicalInsurance,rdfs:subClassOf,http://kbpedia.org/kko/rc/MedicalInsurance
http://kbpedia.org/kko/rc/PrivateMedicalInsurance,rdfs:subClassOf,owl:Thing
http://kbpedia.org/kko/rc/PremiumBond_UK,rdfs:subClassOf,http://kbpedia.org/kko/rc/MunicipalBond_Agreement
http://kbpedia.org/kko/rc/PremiumBond_UK,rdfs:subClassOf,owl:Thing
http://kbpedia.org/kko/rc/CostReimbursementContract,rdfs:subClassOf,http://kbpedia.org/kko/rc/Contract
http://kbpedia.org/kko/rc/CostReimbursementContract,rdfs:subClassOf,owl:Thing
http://kbpedia.org/kko/rc/EducationInIceland,rdfs:subClassOf,http://kbpedia.org/kko/rc/EducationByLocation
http://kbpedia.org/kko/rc/EducationInIceland,rdfs:subClassOf,owl:Thing
http://kbpedia.org/kko/rc/Cryptocurrency,rdfs:subClassOf,http://kbpedia.org/kko/rc/DigitalCurrency
http://kbpedia.org/kko/rc/Cryptocurrency,rdfs:subClassOf,owl:Thing
http://kbpedia.org/kko/rc/AccountPending,rdfs:subClassOf,http://kbpedia.org/kko/rc/AccountTypeByStatus
http://kbpedia.org/kko/rc/AccountPending,rdfs:subClassOf,owl:Thing
http://kbpedia.org/kko/rc/AccountPending,rdfs:subClassOf,http://kbpedia.org/kko/rc/Account_LegalAgreement
http://kbpedia.org/kko/rc/ArchitecturalHeritageMonument,rdfs:subClassOf,http://kbpedia.org/kko/rc/Monument
http://kbpedia.org/kko/rc/ArchitecturalHeritageMonument,rdfs:subClassOf,owl:Thing
http://kbpedia.org/kko/rc/HighSchoolCourseLevel,rdfs:subClassOf,http://kbpedia.org/kko/rc/Course_Academic
http://kbpedia.org/kko/rc/HighSchoolCourseLevel,rdfs:subClassOf,owl:Thing
http://kbpedia.org/kko/rc/FertilizerProductionFacility,rdfs:subClassOf,http://kbpedia.org/kko/rc/ManufacturingFacility
http://kbpedia.org/kko/rc/FertilizerProductionFacility,rdfs:subClassOf,owl:Thing
http://kbpedia.org/kko/rc/ExpropriatingSomething,rdfs:subClassOf,http://kbpedia.org/kko/rc/TakingSomething
http://kbpedia.org/kko/rc/ExpropriatingSomething,rdfs:subClassOf,owl:Thing
http://kbpedia.org/kko/rc/ExpropriatingSomething,rdfs:subClassOf,http://kbpedia.org/kko/rc/TransferringPossession
http://kbpedia.org/kko/rc/PrivateLibrary,rdfs:subClassOf,http://kbpedia.org/kko/rc/PrivateCollection
http://kbpedia.org/kko/rc/PrivateLibrary,rdfs:subClassOf,owl:Thing
http://kbpedia.org/kko/rc/Groyne,rdfs:subClassOf,http://kbpedia.org/kko/rc/ErosionProtectionStructure
http://kbpedia.org/kko/rc/Groyne,rdfs:subClassOf,owl:Thing
http://kbpedia.org/kko/rc/Groyne,rdfs:subClassOf,http://kbpedia.org/kko/rc/Wall_Vertical
http://kbpedia.org/kko/rc/AncientMonument,rdfs:subClassOf,http://kbpedia.org/kko/rc/Monument
http://kbpedia.org/kko/rc/AncientMonument,rdfs:subClassOf,owl:Thing
http://kbpedia.org/kko/rc/Greenhouse,rdfs:subClassOf,http://kbpedia.org/kko/rc/Facility_Agricultural
http://kbpedia.org/kko/rc/Greenhouse,rdfs:subClassOf,owl:Thing
http://kbpedia.org/kko/rc/Greenhouse,rdfs:subClassOf,http://kbpedia.org/kko/rc/PrefabricatedFarmBuildingStructure
http://kbpedia.org/kko/rc/Greenhouse,rdfs:subClassOf,http://kbpedia.org/kko/rc/Translucent
http://kbpedia.org/kko/rc/IndividualRetirementAccount,rdfs:subClassOf,http://kbpedia.org/kko/rc/InvestmentAccount
http://kbpedia.org/kko/rc/IndividualRetirementAccount,rdfs:subClassOf,owl:Thing
http://kbpedia.org/kko/rc/IndividualRetirementAccount,rdfs:subClassOf,http://kbpedia.org/kko/rc/RetirementAccount
http://kbpedia.org/kko/rc/LicensePlate_Information,rdfs:subClassOf,http://kbpedia.org/kko/rc/License_LegalAgreement
http://kbpedia.org/kko/rc/LicensePlate_Information,rdfs:subClassOf,owl:Thing
http://kbpedia.org/kko/rc/HazardInsurance,rdfs:subClassOf,http://kbpedia.org/kko/rc/InsurancePlan
http://kbpedia.org/kko/rc/HazardInsurance,rdfs:subClassOf,owl:Thing
http://kbpedia.org/kko/rc/Escrow,rdfs:subClassOf,http://kbpedia.org/kko/rc/EscrowAccount
http://kbpedia.org/kko/rc/Escrow,rdfs:subClassOf,owl:Thing
http://kbpedia.org/kko/rc/SocialistEducation,rdfs:subClassOf,http://kbpedia.org/kko/rc/EducationByTopic
http://kbpedia.org/kko/rc/SocialistEducation,rdfs:subClassOf,owl:Thing
http://kbpedia.org/kko/rc/YouthEmployment,rdfs:subClassOf,http://kbpedia.org/kko/rc/Employment
http://kbpedia.org/kko/rc/YouthEmployment,rdfs:subClassOf,owl:Thing
http://kbpedia.org/kko/rc/SavingsAccount,rdfs:subClassOf,http://kbpedia.org/kko/rc/BankAccount
http://kbpedia.org/kko/rc/SavingsAccount,rdfs:subClassOf,owl:Thing
http://kbpedia.org/kko/rc/SavingsAccount,rdfs:subClassOf,http://kbpedia.org/kko/rc/LoanAgreement
http://kbpedia.org/kko/rc/PrivateMortgageInsurance,rdfs:subClassOf,http://kbpedia.org/kko/rc/MortgageInsurance
http://kbpedia.org/kko/rc/PrivateMortgageInsurance,rdfs:subClassOf,owl:Thing
http://kbpedia.org/kko/rc/GoldCard,rdfs:subClassOf,http://kbpedia.org/kko/rc/CreditCard
http://kbpedia.org/kko/rc/GoldCard,rdfs:subClassOf,owl:Thing
http://kbpedia.org/kko/rc/CooperativeShareLoan,rdfs:subClassOf,http://kbpedia.org/kko/rc/LoanAgreement
http://kbpedia.org/kko/rc/CooperativeShareLoan,rdfs:subClassOf,owl:Thing
http://kbpedia.org/kko/rc/RockyMountainNationalPark,rdfs:subClassOf,http://kbpedia.org/kko/rc/NationalPark
http://kbpedia.org/kko/rc/RockyMountainNationalPark,rdfs:subClassOf,owl:Thing
http://kbpedia.org/kko/rc/GatewayArch,rdfs:subClassOf,http://kbpedia.org/kko/rc/Monument
http://kbpedia.org/kko/rc/GatewayArch,rdfs:subClassOf,owl:Thing
http://kbpedia.org/kko/rc/HangingGardensOfBabylon,rdfs:subClassOf,http://kbpedia.org/kko/rc/Landmark
http://kbpedia.org/kko/rc/HangingGardensOfBabylon,rdfs:subClassOf,owl:Thing
http://kbpedia.org/kko/rc/AutomobileBreakdownInsurance,rdfs:subClassOf,http://kbpedia.org/kko/rc/AutomobileInsurance
http://kbpedia.org/kko/rc/AutomobileBreakdownInsurance,rdfs:subClassOf,owl:Thing
http://kbpedia.org/kko/rc/AutomobileBreakdownInsurance,rdfs:subClassOf,http://kbpedia.org/kko/rc/InsurancePlan
http://kbpedia.org/kko/rc/AccountType,rdfs:subClassOf,http://kbpedia.org/kko/rc/FinancialAccount
http://kbpedia.org/kko/rc/AccountType,rdfs:subClassOf,owl:Thing
http://kbpedia.org/kko/rc/ShoppingCenter,rdfs:subClassOf,http://kbpedia.org/kko/rc/CommercialBuilding
http://kbpedia.org/kko/rc/ShoppingCenter,rdfs:subClassOf,owl:Thing
http://kbpedia.org/kko/rc/WorkAgreement,rdfs:subClassOf,http://kbpedia.org/kko/rc/EconomicAgreement
http://kbpedia.org/kko/rc/WorkAgreement,rdfs:subClassOf,owl:Thing
http://kbpedia.org/kko/rc/PoliticalCorrectness,rdfs:subClassOf,http://kbpedia.org/kko/rc/Censorship
http://kbpedia.org/kko/rc/PoliticalCorrectness,rdfs:subClassOf,owl:Thing
http://kbpedia.org/kko/rc/PoliticalCorrectness,rdfs:subClassOf,http://kbpedia.org/kko/rc/PublicRelationsActivity
http://kbpedia.org/kko/rc/Ranch,rdfs:subClassOf,http://kbpedia.org/kko/rc/AgriculturalFacility
http://kbpedia.org/kko/rc/Ranch,rdfs:subClassOf,owl:Thing
http://kbpedia.org/kko/rc/Ranch,rdfs:subClassOf,http://kbpedia.org/kko/rc/AgriculturalLand
http://kbpedia.org/kko/rc/NationalStatePark,rdfs:subClassOf,http://kbpedia.org/kko/rc/GovernmentalLandParcel
http://kbpedia.org/kko/rc/NationalStatePark,rdfs:subClassOf,owl:Thing
http://kbpedia.org/kko/rc/HomeLoan,rdfs:subClassOf,http://kbpedia.org/kko/rc/RealEstateLoan
http://kbpedia.org/kko/rc/HomeLoan,rdfs:subClassOf,owl:Thing
http://kbpedia.org/kko/rc/PeaceAccord,rdfs:subClassOf,http://kbpedia.org/kko/rc/InternationalAgreement
http://kbpedia.org/kko/rc/PeaceAccord,rdfs:subClassOf,owl:Thing
http://kbpedia.org/kko/rc/GreatSmokyMountainsNationalPark,rdfs:subClassOf,http://kbpedia.org/kko/rc/NationalPark
http://kbpedia.org/kko/rc/GreatSmokyMountainsNationalPark,rdfs:subClassOf,owl:Thing
http://kbpedia.org/kko/rc/LasVegasStrip,rdfs:subClassOf,http://kbpedia.org/kko/rc/Landmark
http://kbpedia.org/kko/rc/LasVegasStrip,rdfs:subClassOf,owl:Thing
http://kbpedia.org/kko/rc/GoldInvestment,rdfs:subClassOf,http://kbpedia.org/kko/rc/Investment
http://kbpedia.org/kko/rc/GoldInvestment,rdfs:subClassOf,owl:Thing
http://kbpedia.org/kko/rc/CommercialRealEstate,rdfs:subClassOf,http://kbpedia.org/kko/rc/RealEstate
http://kbpedia.org/kko/rc/CommercialRealEstate,rdfs:subClassOf,owl:Thing
http://kbpedia.org/kko/rc/CreditCard,rdfs:subClassOf,http://kbpedia.org/kko/rc/Card
http://kbpedia.org/kko/rc/CreditCard,rdfs:subClassOf,owl:Thing
http://kbpedia.org/kko/rc/CreditCard,rdfs:subClassOf,http://kbpedia.org/kko/rc/FinancialAccountTenderObject
http://kbpedia.org/kko/rc/CreditCard,rdfs:subClassOf,http://kbpedia.org/kko/rc/IDDocument
http://kbpedia.org/kko/rc/CreditCard,rdfs:subClassOf,http://kbpedia.org/kko/rc/FreeSheet
http://kbpedia.org/kko/rc/EducationSavingAccount,rdfs:subClassOf,http://kbpedia.org/kko/rc/InvestmentAccount
http://kbpedia.org/kko/rc/EducationSavingAccount,rdfs:subClassOf,owl:Thing
http://kbpedia.org/kko/rc/TaxDeferredAccount,rdfs:subClassOf,http://kbpedia.org/kko/rc/AccountType
http://kbpedia.org/kko/rc/TaxDeferredAccount,rdfs:subClassOf,owl:Thing
http://kbpedia.org/kko/rc/GreatWallOfChina,rdfs:subClassOf,http://kbpedia.org/kko/rc/Monument
http://kbpedia.org/kko/rc/GreatWallOfChina,rdfs:subClassOf,owl:Thing
http://kbpedia.org/kko/rc/Plantation,rdfs:subClassOf,http://kbpedia.org/kko/rc/AgriculturalFacility
http://kbpedia.org/kko/rc/Plantation,rdfs:subClassOf,owl:Thing
http://kbpedia.org/kko/rc/Plantation,rdfs:subClassOf,http://kbpedia.org/kko/rc/AgriculturalLand
http://kbpedia.org/kko/rc/Post_Location,rdfs:subClassOf,http://kbpedia.org/kko/rc/GovernmentalLandParcel
http://kbpedia.org/kko/rc/Post_Location,rdfs:subClassOf,owl:Thing
http://kbpedia.org/kko/rc/Post_Location,rdfs:subClassOf,http://kbpedia.org/kko/rc/HumanResidenceArea
http://kbpedia.org/kko/rc/Post_Location,rdfs:subClassOf,http://kbpedia.org/kko/rc/GeographicalPlace_POI
http://kbpedia.org/kko/rc/Exonumia,rdfs:subClassOf,http://kbpedia.org/kko/rc/CoinCollecting
http://kbpedia.org/kko/rc/Exonumia,rdfs:subClassOf,owl:Thing
http://kbpedia.org/kko/rc/Cost,rdfs:subClassOf,http://kbpedia.org/kko/rc/Pricing
http://kbpedia.org/kko/rc/Cost,rdfs:subClassOf,owl:Thing
http://kbpedia.org/kko/rc/Postage,rdfs:subClassOf,http://kbpedia.org/kko/rc/TenderObject
http://kbpedia.org/kko/rc/Postage,rdfs:subClassOf,owl:Thing
http://kbpedia.org/kko/rc/AppleIncService,rdfs:subClassOf,http://kbpedia.org/kko/rc/AppleComputer
http://kbpedia.org/kko/rc/AppleIncService,rdfs:subClassOf,owl:Thing
http://kbpedia.org/kko/rc/AppleIncService,rdfs:subClassOf,http://kbpedia.org/kko/rc/InternetService
http://kbpedia.org/kko/rc/DefaultingOnLoan,rdfs:subClassOf,http://kbpedia.org/kko/rc/ChangeOfStatusEvent
http://kbpedia.org/kko/rc/DefaultingOnLoan,rdfs:subClassOf,owl:Thing
http://kbpedia.org/kko/rc/DefaultingOnLoan,rdfs:subClassOf,http://kbpedia.org/kko/rc/FailingToMakeAPayment
http://kbpedia.org/kko/rc/Brownfield,rdfs:subClassOf,http://kbpedia.org/kko/rc/RealEstate
http://kbpedia.org/kko/rc/Brownfield,rdfs:subClassOf,owl:Thing
http://kbpedia.org/kko/rc/YosemiteNationalPark,rdfs:subClassOf,http://kbpedia.org/kko/rc/NationalPark
http://kbpedia.org/kko/rc/YosemiteNationalPark,rdfs:subClassOf,owl:Thing
http://kbpedia.org/kko/rc/ArtForgery,rdfs:subClassOf,http://kbpedia.org/kko/rc/Forgery
http://kbpedia.org/kko/rc/ArtForgery,rdfs:subClassOf,owl:Thing
http://kbpedia.org/kko/rc/MonetaryEconomics,rdfs:subClassOf,http://kbpedia.org/kko/rc/Money_DevisedPractice
http://kbpedia.org/kko/rc/MonetaryEconomics,rdfs:subClassOf,owl:Thing
http://kbpedia.org/kko/rc/CommonStock,rdfs:subClassOf,http://kbpedia.org/kko/rc/Stock
http://kbpedia.org/kko/rc/CommonStock,rdfs:subClassOf,owl:Thing
http://kbpedia.org/kko/rc/PublicFacility,rdfs:subClassOf,http://kbpedia.org/kko/rc/Facility_Construct
http://kbpedia.org/kko/rc/PublicFacility,rdfs:subClassOf,owl:Thing
http://kbpedia.org/kko/rc/PublicFacility,rdfs:subClassOf,http://kbpedia.org/kko/rc/PublicProperty
http://kbpedia.org/kko/rc/PublicFacility,rdfs:subClassOf,http://kbpedia.org/kko/rc/PublicWorks
http://kbpedia.org/kko/rc/RestArea,rdfs:subClassOf,http://kbpedia.org/kko/rc/Park
http://kbpedia.org/kko/rc/RestArea,rdfs:subClassOf,owl:Thing
http://kbpedia.org/kko/rc/TitleAgreement,rdfs:subClassOf,http://kbpedia.org/kko/rc/OwnershipAgreement
http://kbpedia.org/kko/rc/TitleAgreement,rdfs:subClassOf,owl:Thing
http://kbpedia.org/kko/rc/BusinessRelatedDocumentOrAgreement,rdfs:subClassOf,http://kbpedia.org/kko/rc/BusinessRelatedThing
http://kbpedia.org/kko/rc/BusinessRelatedDocumentOrAgreement,rdfs:subClassOf,owl:Thing
http://kbpedia.org/kko/rc/BusinessRelatedDocumentOrAgreement,rdfs:subClassOf,http://kbpedia.org/kko/rc/Document
http://kbpedia.org/kko/rc/BusinessRelatedDocumentOrAgreement,rdfs:subClassOf,http://kbpedia.org/kko/rc/EconomicAgreement
http://kbpedia.org/kko/rc/ArtGalleryHoldings,rdfs:subClassOf,http://kbpedia.org/kko/rc/Holdings
http://kbpedia.org/kko/rc/ArtGalleryHoldings,rdfs:subClassOf,owl:Thing
http://kbpedia.org/kko/rc/BasqueLanguageEducation,rdfs:subClassOf,http://kbpedia.org/kko/rc/LanguageEducation
http://kbpedia.org/kko/rc/BasqueLanguageEducation,rdfs:subClassOf,owl:Thing
http://kbpedia.org/kko/rc/MissionStatement_Organization,rdfs:subClassOf,http://kbpedia.org/kko/rc/Agreement
http://kbpedia.org/kko/rc/MissionStatement_Organization,rdfs:subClassOf,owl:Thing
http://kbpedia.org/kko/rc/EducationalAdministration,rdfs:subClassOf,http://kbpedia.org/kko/rc/Education
http://kbpedia.org/kko/rc/EducationalAdministration,rdfs:subClassOf,owl:Thing
http://kbpedia.org/kko/rc/SadisticSexualBehavior,rdfs:subClassOf,http://kbpedia.org/kko/rc/ParaphilicSexualBehavior
http://kbpedia.org/kko/rc/SadisticSexualBehavior,rdfs:subClassOf,owl:Thing
http://kbpedia.org/kko/rc/ReceiptItem,rdfs:subClassOf,http://kbpedia.org/kko/rc/Receipt
http://kbpedia.org/kko/rc/ReceiptItem,rdfs:subClassOf,owl:Thing
http://kbpedia.org/kko/rc/PennineAlps_Mountain,rdfs:subClassOf,http://kbpedia.org/kko/rc/ResortFacility
http://kbpedia.org/kko/rc/PennineAlps_Mountain,rdfs:subClassOf,owl:Thing
http://kbpedia.org/kko/rc/FormalLectureSeries_IBT,rdfs:subClassOf,http://kbpedia.org/kko/rc/Lecturing
http://kbpedia.org/kko/rc/FormalLectureSeries_IBT,rdfs:subClassOf,owl:Thing
http://kbpedia.org/kko/rc/AccountingReport,rdfs:subClassOf,http://kbpedia.org/kko/rc/FinancialDocument
http://kbpedia.org/kko/rc/AccountingReport,rdfs:subClassOf,owl:Thing
http://kbpedia.org/kko/rc/LineItem,rdfs:subClassOf,http://kbpedia.org/kko/rc/SalesBidOrContractItem
http://kbpedia.org/kko/rc/LineItem,rdfs:subClassOf,owl:Thing
http://kbpedia.org/kko/rc/CommandPost,rdfs:subClassOf,http://kbpedia.org/kko/rc/AdministrativeCenter
http://kbpedia.org/kko/rc/CommandPost,rdfs:subClassOf,owl:Thing
http://kbpedia.org/kko/rc/CommandPost,rdfs:subClassOf,http://kbpedia.org/kko/rc/MilitaryPost
http://kbpedia.org/kko/rc/Tab,rdfs:subClassOf,http://kbpedia.org/kko/rc/PaymentObligation
http://kbpedia.org/kko/rc/Tab,rdfs:subClassOf,owl:Thing
http://kbpedia.org/kko/rc/Coin_US,rdfs:subClassOf,http://kbpedia.org/kko/rc/Coin_Currency
http://kbpedia.org/kko/rc/Coin_US,rdfs:subClassOf,owl:Thing
http://kbpedia.org/kko/rc/Coin_US,rdfs:subClassOf,http://kbpedia.org/kko/rc/Currency_US
http://kbpedia.org/kko/rc/FinancialOption,rdfs:subClassOf,http://kbpedia.org/kko/rc/DerivativeSecurity
http://kbpedia.org/kko/rc/FinancialOption,rdfs:subClassOf,owl:Thing
http://kbpedia.org/kko/rc/FinancialOption,rdfs:subClassOf,http://kbpedia.org/kko/rc/OptionTransactionAgreement
http://kbpedia.org/kko/rc/FinancialOption,rdfs:subClassOf,http://kbpedia.org/kko/rc/TradeableSecurity
http://kbpedia.org/kko/rc/TravelExpenseAccount,rdfs:subClassOf,http://kbpedia.org/kko/rc/ExpenseAccount
http://kbpedia.org/kko/rc/TravelExpenseAccount,rdfs:subClassOf,owl:Thing
http://kbpedia.org/kko/rc/SeparationAgreement,rdfs:subClassOf,http://kbpedia.org/kko/rc/Agreement
http://kbpedia.org/kko/rc/SeparationAgreement,rdfs:subClassOf,owl:Thing
http://kbpedia.org/kko/rc/BusTicket,rdfs:subClassOf,http://kbpedia.org/kko/rc/Ticket
http://kbpedia.org/kko/rc/BusTicket,rdfs:subClassOf,owl:Thing
http://kbpedia.org/kko/rc/GraduatedPaymentLoan,rdfs:subClassOf,http://kbpedia.org/kko/rc/LoanAgreement
http://kbpedia.org/kko/rc/GraduatedPaymentLoan,rdfs:subClassOf,owl:Thing
http://kbpedia.org/kko/rc/Three_CentNickel,rdfs:subClassOf,http://kbpedia.org/kko/rc/Coin_Currency
http://kbpedia.org/kko/rc/Three_CentNickel,rdfs:subClassOf,owl:Thing
http://kbpedia.org/kko/rc/MuseumStructure,rdfs:subClassOf,http://kbpedia.org/kko/rc/DisplayStructure
http://kbpedia.org/kko/rc/MuseumStructure,rdfs:subClassOf,owl:Thing
http://kbpedia.org/kko/rc/MuseumStructure,rdfs:subClassOf,http://kbpedia.org/kko/rc/Landmark
http://kbpedia.org/kko/rc/MuseumStructure,rdfs:subClassOf,http://kbpedia.org/kko/rc/ModernShelterConstruction
http://kbpedia.org/kko/rc/Lesson,rdfs:subClassOf,http://kbpedia.org/kko/rc/InformationBearingThing
http://kbpedia.org/kko/rc/Lesson,rdfs:subClassOf,owl:Thing
http://kbpedia.org/kko/rc/Lesson,rdfs:subClassOf,http://kbpedia.org/kko/rc/Teaching
http://kbpedia.org/kko/rc/IndividualRetirementAccount_PublicSector,rdfs:subClassOf,http://kbpedia.org/kko/rc/InvestmentAccount
http://kbpedia.org/kko/rc/IndividualRetirementAccount_PublicSector,rdfs:subClassOf,owl:Thing
http://kbpedia.org/kko/rc/ShoppingMall,rdfs:subClassOf,http://kbpedia.org/kko/rc/ShoppingMallBuilding
http://kbpedia.org/kko/rc/ShoppingMall,rdfs:subClassOf,owl:Thing
http://kbpedia.org/kko/rc/ShoppingMall,rdfs:subClassOf,http://kbpedia.org/kko/rc/CommercialBuilding
http://kbpedia.org/kko/rc/EscrowAccount,rdfs:subClassOf,http://kbpedia.org/kko/rc/FinancialAccount
http://kbpedia.org/kko/rc/EscrowAccount,rdfs:subClassOf,owl:Thing
http://kbpedia.org/kko/rc/RouteNationale,rdfs:subClassOf,http://kbpedia.org/kko/rc/Highway
http://kbpedia.org/kko/rc/RouteNationale,rdfs:subClassOf,owl:Thing
http://kbpedia.org/kko/rc/KensingtonPalace_London,rdfs:subClassOf,http://kbpedia.org/kko/rc/Landmark
http://kbpedia.org/kko/rc/KensingtonPalace_London,rdfs:subClassOf,owl:Thing
http://kbpedia.org/kko/rc/KensingtonPalace_London,rdfs:subClassOf,http://kbpedia.org/kko/rc/OfficialResidence
http://kbpedia.org/kko/rc/ImpoundingSomething,rdfs:subClassOf,http://kbpedia.org/kko/rc/TakingSomething
http://kbpedia.org/kko/rc/ImpoundingSomething,rdfs:subClassOf,owl:Thing
http://kbpedia.org/kko/rc/UniversityAndCollegeAdmission,rdfs:subClassOf,http://kbpedia.org/kko/rc/RecruitingActivity
http://kbpedia.org/kko/rc/UniversityAndCollegeAdmission,rdfs:subClassOf,owl:Thing
http://kbpedia.org/kko/rc/CoffeePlantation,rdfs:subClassOf,http://kbpedia.org/kko/rc/Plantation
http://kbpedia.org/kko/rc/CoffeePlantation,rdfs:subClassOf,owl:Thing
http://kbpedia.org/kko/rc/Obelisk,rdfs:subClassOf,http://kbpedia.org/kko/rc/Monument
http://kbpedia.org/kko/rc/Obelisk,rdfs:subClassOf,owl:Thing
http://kbpedia.org/kko/rc/InvalidatedAgreement,rdfs:subClassOf,http://kbpedia.org/kko/rc/Agreement
http://kbpedia.org/kko/rc/InvalidatedAgreement,rdfs:subClassOf,owl:Thing
http://kbpedia.org/kko/rc/GraduateProgram,rdfs:subClassOf,http://kbpedia.org/kko/rc/CourseOfStudy
http://kbpedia.org/kko/rc/GraduateProgram,rdfs:subClassOf,owl:Thing
http://kbpedia.org/kko/rc/UnsecuredLoan,rdfs:subClassOf,http://kbpedia.org/kko/rc/AccountBasedCreditProduct
http://kbpedia.org/kko/rc/UnsecuredLoan,rdfs:subClassOf,owl:Thing
http://kbpedia.org/kko/rc/UnsecuredLoan,rdfs:subClassOf,http://kbpedia.org/kko/rc/LoanAgreement
http://kbpedia.org/kko/rc/TeaRoomSpace,rdfs:subClassOf,http://kbpedia.org/kko/rc/RestaurantSpace
http://kbpedia.org/kko/rc/TeaRoomSpace,rdfs:subClassOf,owl:Thing
http://kbpedia.org/ontologies/kko#SocialSystems,rdfs:subClassOf,http://kbpedia.org/ontologies/kko#Systems
http://kbpedia.org/ontologies/kko#SocialSystems,rdfs:subClassOf,owl:Thing
http://kbpedia.org/kko/rc/5EuroNote,rdfs:subClassOf,http://kbpedia.org/kko/rc/EuroBanknote
http://kbpedia.org/kko/rc/5EuroNote,rdfs:subClassOf,owl:Thing
http://kbpedia.org/kko/rc/MilitaryTrainingCourse,rdfs:subClassOf,http://kbpedia.org/kko/rc/CourseOfStudy
http://kbpedia.org/kko/rc/MilitaryTrainingCourse,rdfs:subClassOf,owl:Thing
http://kbpedia.org/kko/rc/MilitaryTrainingCourse,rdfs:subClassOf,http://kbpedia.org/kko/rc/MilitaryEducationAndTraining
http://kbpedia.org/kko/rc/SelfInsurance,rdfs:subClassOf,http://kbpedia.org/kko/rc/InsurancePlan
http://kbpedia.org/kko/rc/SelfInsurance,rdfs:subClassOf,owl:Thing
http://kbpedia.org/kko/rc/PointOfServicePlan,rdfs:subClassOf,http://kbpedia.org/kko/rc/MedicalInsurance
http://kbpedia.org/kko/rc/PointOfServicePlan,rdfs:subClassOf,owl:Thing
http://kbpedia.org/kko/rc/ArchitecturalEducation,rdfs:subClassOf,http://kbpedia.org/kko/rc/LiberalArtsEducation
http://kbpedia.org/kko/rc/ArchitecturalEducation,rdfs:subClassOf,owl:Thing
http://kbpedia.org/kko/rc/Compensation,rdfs:subClassOf,http://kbpedia.org/kko/rc/PaymentObligation
http://kbpedia.org/kko/rc/Compensation,rdfs:subClassOf,owl:Thing
http://kbpedia.org/kko/rc/DistrainSomething,rdfs:subClassOf,http://kbpedia.org/kko/rc/ImpoundingSomething
http://kbpedia.org/kko/rc/DistrainSomething,rdfs:subClassOf,owl:Thing
http://kbpedia.org/kko/rc/PrivateProperty,rdfs:subClassOf,http://kbpedia.org/kko/rc/RealProperty
http://kbpedia.org/kko/rc/PrivateProperty,rdfs:subClassOf,owl:Thing
http://kbpedia.org/kko/rc/LanguageEducation,rdfs:subClassOf,http://kbpedia.org/kko/rc/EducationByTopic
http://kbpedia.org/kko/rc/LanguageEducation,rdfs:subClassOf,owl:Thing
http://kbpedia.org/kko/rc/Property,rdfs:subClassOf,http://kbpedia.org/kko/rc/Assets_Possession
http://kbpedia.org/kko/rc/Property,rdfs:subClassOf,owl:Thing
http://kbpedia.org/kko/rc/NomineeAccount,rdfs:subClassOf,http://kbpedia.org/kko/rc/Account_LegalAgreement
http://kbpedia.org/kko/rc/NomineeAccount,rdfs:subClassOf,owl:Thing
http://kbpedia.org/kko/rc/WeaponProductionFacility,rdfs:subClassOf,http://kbpedia.org/kko/rc/ManufacturingFacility
http://kbpedia.org/kko/rc/WeaponProductionFacility,rdfs:subClassOf,owl:Thing
http://kbpedia.org/kko/rc/WeaponProductionFacility,rdfs:subClassOf,http://kbpedia.org/kko/rc/MilitaryFacility
http://kbpedia.org/kko/rc/WeaponProductionFacility,rdfs:subClassOf,http://kbpedia.org/kko/rc/Workplace
http://kbpedia.org/kko/rc/PoorCredit,rdfs:subClassOf,http://kbpedia.org/kko/rc/Credit
http://kbpedia.org/kko/rc/PoorCredit,rdfs:subClassOf,owl:Thing
http://kbpedia.org/kko/rc/PoorCredit,rdfs:subClassOf,http://kbpedia.org/kko/rc/FinanciallyHurting
http://kbpedia.org/kko/rc/FraudLegislation,rdfs:subClassOf,http://kbpedia.org/kko/rc/Fraud
http://kbpedia.org/kko/rc/FraudLegislation,rdfs:subClassOf,owl:Thing
http://kbpedia.org/kko/rc/GoodCredit,rdfs:subClassOf,http://kbpedia.org/kko/rc/Credit
http://kbpedia.org/kko/rc/GoodCredit,rdfs:subClassOf,owl:Thing
http://kbpedia.org/kko/rc/GoodCredit,rdfs:subClassOf,http://kbpedia.org/kko/rc/EconomicalQuantity
http://kbpedia.org/kko/rc/EducationByLocation,rdfs:subClassOf,http://kbpedia.org/kko/rc/Education
http://kbpedia.org/kko/rc/EducationByLocation,rdfs:subClassOf,owl:Thing
http://kbpedia.org/ontologies/kko#EconomicSystems,rdfs:subClassOf,http://kbpedia.org/ontologies/kko#SocialSystems
http://kbpedia.org/ontologies/kko#EconomicSystems,rdfs:subClassOf,owl:Thing
http://kbpedia.org/kko/rc/EnglishLanguageEducation,rdfs:subClassOf,http://kbpedia.org/kko/rc/EnglishTopics
http://kbpedia.org/kko/rc/EnglishLanguageEducation,rdfs:subClassOf,owl:Thing
http://kbpedia.org/kko/rc/EnglishLanguageEducation,rdfs:subClassOf,http://kbpedia.org/kko/rc/LanguageEducation
http://kbpedia.org/kko/rc/PostageStamp,rdfs:subClassOf,http://kbpedia.org/kko/rc/Device_OneTimeUse
http://kbpedia.org/kko/rc/PostageStamp,rdfs:subClassOf,owl:Thing
http://kbpedia.org/kko/rc/PostageStamp,rdfs:subClassOf,http://kbpedia.org/kko/rc/GovernmentDocument
http://kbpedia.org/kko/rc/PostageStamp,rdfs:subClassOf,http://kbpedia.org/kko/rc/MailingSupply
http://kbpedia.org/kko/rc/PostageStamp,rdfs:subClassOf,http://kbpedia.org/kko/rc/Postage
http://kbpedia.org/kko/rc/PostageStamp,rdfs:subClassOf,http://kbpedia.org/kko/rc/Sticker_Adhesive
http://kbpedia.org/kko/rc/InstitutionalAccount,rdfs:subClassOf,http://kbpedia.org/kko/rc/Account_LegalAgreement
http://kbpedia.org/kko/rc/InstitutionalAccount,rdfs:subClassOf,owl:Thing
http://kbpedia.org/kko/rc/Mint_Factory,rdfs:subClassOf,http://kbpedia.org/kko/rc/FactoryBuilding
http://kbpedia.org/kko/rc/Mint_Factory,rdfs:subClassOf,owl:Thing
http://kbpedia.org/kko/rc/SecondMortgage,rdfs:subClassOf,http://kbpedia.org/kko/rc/MortgageAgreement
http://kbpedia.org/kko/rc/SecondMortgage,rdfs:subClassOf,owl:Thing
http://kbpedia.org/kko/rc/SocialistEconomicSystem,rdfs:subClassOf,http://kbpedia.org/kko/rc/EconomicSystem
http://kbpedia.org/kko/rc/SocialistEconomicSystem,rdfs:subClassOf,owl:Thing
http://kbpedia.org/kko/rc/UnderwaterDiverTraining,rdfs:subClassOf,http://kbpedia.org/kko/rc/MilitaryEducationAndTraining
http://kbpedia.org/kko/rc/UnderwaterDiverTraining,rdfs:subClassOf,owl:Thing
http://kbpedia.org/kko/rc/UnderwaterDiverTraining,rdfs:subClassOf,http://kbpedia.org/kko/rc/UnderwaterDiving
http://kbpedia.org/kko/rc/UnderwaterDiverTraining,rdfs:subClassOf,http://kbpedia.org/kko/rc/Training
http://kbpedia.org/kko/rc/CouncilHouse,rdfs:subClassOf,http://kbpedia.org/kko/rc/RentalProperty
http://kbpedia.org/kko/rc/CouncilHouse,rdfs:subClassOf,owl:Thing
http://kbpedia.org/kko/rc/CompensationPackage,rdfs:subClassOf,http://kbpedia.org/kko/rc/Compensation
http://kbpedia.org/kko/rc/CompensationPackage,rdfs:subClassOf,owl:Thing
http://kbpedia.org/kko/rc/Sawmill_ManufacturingFacility,rdfs:subClassOf,http://kbpedia.org/kko/rc/AgriculturalProcessingMachinery
http://kbpedia.org/kko/rc/Sawmill_ManufacturingFacility,rdfs:subClassOf,owl:Thing
http://kbpedia.org/kko/rc/Sawmill_ManufacturingFacility,rdfs:subClassOf,http://kbpedia.org/kko/rc/Mill_ManufacturingFacility
http://kbpedia.org/kko/rc/NickelCoin_US,rdfs:subClassOf,http://kbpedia.org/kko/rc/Coin_US
http://kbpedia.org/kko/rc/NickelCoin_US,rdfs:subClassOf,owl:Thing
http://kbpedia.org/kko/rc/MotorcycleTraining,rdfs:subClassOf,http://kbpedia.org/kko/rc/Training
http://kbpedia.org/kko/rc/MotorcycleTraining,rdfs:subClassOf,owl:Thing
http://kbpedia.org/kko/rc/MunicipalFacility,rdfs:subClassOf,http://kbpedia.org/kko/rc/PublicBuildingStructure
http://kbpedia.org/kko/rc/MunicipalFacility,rdfs:subClassOf,owl:Thing
http://kbpedia.org/kko/rc/MunicipalFacility,rdfs:subClassOf,http://kbpedia.org/kko/rc/PublicFacility
http://kbpedia.org/kko/rc/BillForServices,rdfs:subClassOf,http://kbpedia.org/kko/rc/Bill_PaymentRequest
http://kbpedia.org/kko/rc/BillForServices,rdfs:subClassOf,owl:Thing
http://kbpedia.org/kko/rc/BillForServices,rdfs:subClassOf,http://kbpedia.org/kko/rc/HumanAccessibleIBO
http://kbpedia.org/kko/rc/AssetConversionLoan,rdfs:subClassOf,http://kbpedia.org/kko/rc/LoanAgreement
http://kbpedia.org/kko/rc/AssetConversionLoan,rdfs:subClassOf,owl:Thing
http://kbpedia.org/kko/rc/HomeEquityLoan,rdfs:subClassOf,http://kbpedia.org/kko/rc/AccountBasedCreditProduct
http://kbpedia.org/kko/rc/HomeEquityLoan,rdfs:subClassOf,owl:Thing
http://kbpedia.org/kko/rc/HomeEquityLoan,rdfs:subClassOf,http://kbpedia.org/kko/rc/RealEstateLoan
http://kbpedia.org/kko/rc/HomeEquityLoan,rdfs:subClassOf,http://kbpedia.org/kko/rc/SecuredLoan
http://kbpedia.org/kko/rc/DrugCost,rdfs:subClassOf,http://kbpedia.org/kko/rc/Cost
http://kbpedia.org/kko/rc/DrugCost,rdfs:subClassOf,owl:Thing
http://kbpedia.org/kko/rc/GenealogicalFraud,rdfs:subClassOf,http://kbpedia.org/kko/rc/Fraud
http://kbpedia.org/kko/rc/GenealogicalFraud,rdfs:subClassOf,owl:Thing
http://kbpedia.org/kko/rc/PalaceOfWestminster,rdfs:subClassOf,http://kbpedia.org/kko/rc/PalaceBuilding
http://kbpedia.org/kko/rc/PalaceOfWestminster,rdfs:subClassOf,owl:Thing
http://kbpedia.org/kko/rc/MoneyTenderType,rdfs:subClassOf,http://kbpedia.org/kko/rc/Money_DevisedPractice
http://kbpedia.org/kko/rc/MoneyTenderType,rdfs:subClassOf,owl:Thing
http://kbpedia.org/kko/rc/DemandDepositAccount,rdfs:subClassOf,http://kbpedia.org/kko/rc/BankOfferedProduct
http://kbpedia.org/kko/rc/DemandDepositAccount,rdfs:subClassOf,owl:Thing
http://kbpedia.org/kko/rc/Capital,rdfs:subClassOf,http://kbpedia.org/kko/rc/FinancialAsset
http://kbpedia.org/kko/rc/Capital,rdfs:subClassOf,owl:Thing
http://kbpedia.org/kko/rc/Capital,rdfs:subClassOf,http://kbpedia.org/kko/rc/Assets_Possession
http://kbpedia.org/kko/rc/ExpiredAgreement,rdfs:subClassOf,http://kbpedia.org/kko/rc/InvalidatedAgreement
http://kbpedia.org/kko/rc/ExpiredAgreement,rdfs:subClassOf,owl:Thing
http://kbpedia.org/kko/rc/GraduatedPaymentMortgage,rdfs:subClassOf,http://kbpedia.org/kko/rc/GraduatedPaymentLoan
http://kbpedia.org/kko/rc/GraduatedPaymentMortgage,rdfs:subClassOf,owl:Thing
http://kbpedia.org/kko/rc/GraduatedPaymentMortgage,rdfs:subClassOf,http://kbpedia.org/kko/rc/MortgageAgreement
http://kbpedia.org/kko/rc/MediaSharing,rdfs:subClassOf,http://kbpedia.org/kko/rc/Communicating
http://kbpedia.org/kko/rc/MediaSharing,rdfs:subClassOf,owl:Thing
http://kbpedia.org/kko/rc/MediaSharing,rdfs:subClassOf,http://kbpedia.org/kko/rc/Sharing
http://kbpedia.org/kko/rc/PalaceOfWhitehall,rdfs:subClassOf,http://kbpedia.org/kko/rc/PalaceBuilding
http://kbpedia.org/kko/rc/PalaceOfWhitehall,rdfs:subClassOf,owl:Thing
http://kbpedia.org/kko/rc/EducationTheory,rdfs:subClassOf,http://kbpedia.org/kko/rc/Education
http://kbpedia.org/kko/rc/EducationTheory,rdfs:subClassOf,owl:Thing
http://kbpedia.org/kko/rc/Florin_BritishCoin,rdfs:subClassOf,http://kbpedia.org/kko/rc/Coin_Currency
http://kbpedia.org/kko/rc/Florin_BritishCoin,rdfs:subClassOf,owl:Thing
http://kbpedia.org/kko/rc/Forgery,rdfs:subClassOf,http://kbpedia.org/kko/rc/Fraud
http://kbpedia.org/kko/rc/Forgery,rdfs:subClassOf,owl:Thing
http://kbpedia.org/kko/rc/IncomeProtectionInsurance,rdfs:subClassOf,http://kbpedia.org/kko/rc/InsurancePlan
http://kbpedia.org/kko/rc/IncomeProtectionInsurance,rdfs:subClassOf,owl:Thing
http://kbpedia.org/kko/rc/WorkBench,rdfs:subClassOf,http://kbpedia.org/kko/rc/ShelvingStorage
http://kbpedia.org/kko/rc/WorkBench,rdfs:subClassOf,owl:Thing
http://kbpedia.org/kko/rc/WorkBench,rdfs:subClassOf,http://kbpedia.org/kko/rc/Table_PieceOfFurniture
http://kbpedia.org/kko/rc/WorkBench,rdfs:subClassOf,http://kbpedia.org/kko/rc/WorkStation
http://kbpedia.org/kko/rc/ArchiveFormat,rdfs:subClassOf,http://kbpedia.org/kko/rc/Archive
http://kbpedia.org/kko/rc/ArchiveFormat,rdfs:subClassOf,owl:Thing
http://kbpedia.org/kko/rc/ArchiveFormat,rdfs:subClassOf,http://kbpedia.org/kko/rc/FileCompressing
http://kbpedia.org/kko/rc/WarrantCertificate,rdfs:subClassOf,http://kbpedia.org/kko/rc/FinancialDocument
http://kbpedia.org/kko/rc/WarrantCertificate,rdfs:subClassOf,owl:Thing
http://kbpedia.org/kko/rc/Injunction,rdfs:subClassOf,http://kbpedia.org/kko/rc/Writ
http://kbpedia.org/kko/rc/Injunction,rdfs:subClassOf,owl:Thing
http://kbpedia.org/kko/rc/AugmentativeAndAlternativeCommunication,rdfs:subClassOf,http://kbpedia.org/kko/rc/SpecialEducationForHandicapped
http://kbpedia.org/kko/rc/AugmentativeAndAlternativeCommunication,rdfs:subClassOf,owl:Thing
http://kbpedia.org/kko/rc/Margin_finance,rdfs:subClassOf,http://kbpedia.org/kko/rc/MarginAccount
http://kbpedia.org/kko/rc/Margin_finance,rdfs:subClassOf,owl:Thing
http://kbpedia.org/kko/rc/Coin_Currency,rdfs:subClassOf,http://kbpedia.org/kko/rc/Cash
http://kbpedia.org/kko/rc/Coin_Currency,rdfs:subClassOf,owl:Thing
http://kbpedia.org/kko/rc/Coin_Currency,rdfs:subClassOf,http://kbpedia.org/kko/rc/Token_Physical
http://kbpedia.org/kko/rc/RealProperty,rdfs:subClassOf,http://kbpedia.org/kko/rc/Property
http://kbpedia.org/kko/rc/RealProperty,rdfs:subClassOf,owl:Thing
http://kbpedia.org/kko/rc/RealProperty,rdfs:subClassOf,http://kbpedia.org/ontologies/kko#Places
http://kbpedia.org/kko/rc/AirplaneTicket,rdfs:subClassOf,http://kbpedia.org/kko/rc/Ticket
http://kbpedia.org/kko/rc/AirplaneTicket,rdfs:subClassOf,owl:Thing
http://kbpedia.org/kko/rc/MissileAssemblyFacility,rdfs:subClassOf,http://kbpedia.org/kko/rc/MissileFacility
http://kbpedia.org/kko/rc/MissileAssemblyFacility,rdfs:subClassOf,owl:Thing
http://kbpedia.org/kko/rc/MissileAssemblyFacility,rdfs:subClassOf,http://kbpedia.org/kko/rc/WeaponProductionFacility
http://kbpedia.org/kko/rc/DebtBasedSecurity,rdfs:subClassOf,http://kbpedia.org/kko/rc/FinancialSecurity
http://kbpedia.org/kko/rc/DebtBasedSecurity,rdfs:subClassOf,owl:Thing
http://kbpedia.org/kko/rc/SendingSomething,rdfs:subClassOf,http://kbpedia.org/kko/rc/DirectedTranslation
http://kbpedia.org/kko/rc/SendingSomething,rdfs:subClassOf,owl:Thing
http://kbpedia.org/kko/rc/SendingSomething,rdfs:subClassOf,http://kbpedia.org/kko/rc/LosingUserRights
http://kbpedia.org/kko/rc/TicketTypeBySitTypeAuthorized,rdfs:subClassOf,http://kbpedia.org/kko/rc/Ticket
http://kbpedia.org/kko/rc/TicketTypeBySitTypeAuthorized,rdfs:subClassOf,owl:Thing
http://kbpedia.org/kko/rc/LiberalArtsEducation,rdfs:subClassOf,http://kbpedia.org/kko/rc/EducationByTopic
http://kbpedia.org/kko/rc/LiberalArtsEducation,rdfs:subClassOf,owl:Thing
http://kbpedia.org/kko/rc/HighRiskLoan,rdfs:subClassOf,http://kbpedia.org/kko/rc/LoanAgreement
http://kbpedia.org/kko/rc/HighRiskLoan,rdfs:subClassOf,owl:Thing
http://kbpedia.org/kko/rc/SpanishLanguageEducation,rdfs:subClassOf,http://kbpedia.org/kko/rc/LanguageEducation
http://kbpedia.org/kko/rc/SpanishLanguageEducation,rdfs:subClassOf,owl:Thing
http://kbpedia.org/kko/rc/SpanishLanguageEducation,rdfs:subClassOf,http://kbpedia.org/kko/rc/SpanishTopics
http://kbpedia.org/kko/rc/ScienceEducation,rdfs:subClassOf,http://kbpedia.org/kko/rc/EducationByTopic
http://kbpedia.org/kko/rc/ScienceEducation,rdfs:subClassOf,owl:Thing
http://kbpedia.org/kko/rc/CombatPosition,rdfs:subClassOf,http://kbpedia.org/kko/rc/MilitaryPost
http://kbpedia.org/kko/rc/CombatPosition,rdfs:subClassOf,owl:Thing
http://kbpedia.org/kko/rc/CombatPosition,rdfs:subClassOf,http://kbpedia.org/kko/rc/TacticalArea
http://kbpedia.org/kko/rc/GeneralAgreementOnTariffsAndTrade,rdfs:subClassOf,http://kbpedia.org/kko/rc/InternationalAgreement
http://kbpedia.org/kko/rc/GeneralAgreementOnTariffsAndTrade,rdfs:subClassOf,owl:Thing
http://kbpedia.org/kko/rc/PersonalCheck,rdfs:subClassOf,http://kbpedia.org/kko/rc/Check_TenderObject
http://kbpedia.org/kko/rc/PersonalCheck,rdfs:subClassOf,owl:Thing
http://kbpedia.org/kko/rc/Visa_Permit,rdfs:subClassOf,http://kbpedia.org/kko/rc/AuthorizedAgreement
http://kbpedia.org/kko/rc/Visa_Permit,rdfs:subClassOf,owl:Thing
http://kbpedia.org/kko/rc/Visa_Permit,rdfs:subClassOf,http://kbpedia.org/kko/rc/Credential
http://kbpedia.org/kko/rc/Visa_Permit,rdfs:subClassOf,http://kbpedia.org/kko/rc/Permit
http://kbpedia.org/kko/rc/EuroBanknote,rdfs:subClassOf,http://kbpedia.org/kko/rc/Bill_Currency
http://kbpedia.org/kko/rc/EuroBanknote,rdfs:subClassOf,owl:Thing
http://kbpedia.org/kko/rc/BonusAccount,rdfs:subClassOf,http://kbpedia.org/kko/rc/FinancialAccount
http://kbpedia.org/kko/rc/BonusAccount,rdfs:subClassOf,owl:Thing
http://kbpedia.org/kko/rc/Reinsurance,rdfs:subClassOf,http://kbpedia.org/kko/rc/InsurancePlan
http://kbpedia.org/kko/rc/Reinsurance,rdfs:subClassOf,owl:Thing
http://kbpedia.org/kko/rc/CoffeeHouse_Building,rdfs:subClassOf,http://kbpedia.org/kko/rc/CommercialBuilding
http://kbpedia.org/kko/rc/CoffeeHouse_Building,rdfs:subClassOf,owl:Thing
http://kbpedia.org/kko/rc/AquacultureFacility,rdfs:subClassOf,http://kbpedia.org/kko/rc/Building
http://kbpedia.org/kko/rc/AquacultureFacility,rdfs:subClassOf,owl:Thing
http://kbpedia.org/kko/rc/AquacultureFacility,rdfs:subClassOf,http://kbpedia.org/kko/rc/Facility_Agricultural
http://kbpedia.org/kko/rc/AquacultureFacility,rdfs:subClassOf,http://kbpedia.org/kko/rc/AgriculturalBuildingStructure
http://kbpedia.org/kko/rc/GrowthStock,rdfs:subClassOf,http://kbpedia.org/kko/rc/Stock
http://kbpedia.org/kko/rc/GrowthStock,rdfs:subClassOf,owl:Thing
http://kbpedia.org/kko/rc/MilitaryBarrack,rdfs:subClassOf,http://kbpedia.org/kko/rc/Dormitory
http://kbpedia.org/kko/rc/MilitaryBarrack,rdfs:subClassOf,owl:Thing
http://kbpedia.org/kko/rc/MilitaryBarrack,rdfs:subClassOf,http://kbpedia.org/kko/rc/MilitaryFacility
http://kbpedia.org/kko/rc/WindsorCastle,rdfs:subClassOf,http://kbpedia.org/kko/rc/OfficialResidence
http://kbpedia.org/kko/rc/WindsorCastle,rdfs:subClassOf,owl:Thing
http://kbpedia.org/kko/rc/WindsorCastle,rdfs:subClassOf,http://kbpedia.org/kko/rc/PalaceBuilding
http://kbpedia.org/kko/rc/RecruitingActivity,rdfs:subClassOf,http://kbpedia.org/kko/rc/Attempting_PersuadingToAct
http://kbpedia.org/kko/rc/RecruitingActivity,rdfs:subClassOf,owl:Thing
http://kbpedia.org/kko/rc/RecruitingActivity,rdfs:subClassOf,http://kbpedia.org/kko/rc/BusinessActivity
http://kbpedia.org/kko/rc/RenewableEnergyCredit,rdfs:subClassOf,http://kbpedia.org/kko/rc/DerivativeSecurity
http://kbpedia.org/kko/rc/RenewableEnergyCredit,rdfs:subClassOf,owl:Thing
http://kbpedia.org/kko/rc/CorporateBond_NonInvestmentGrade,rdfs:subClassOf,http://kbpedia.org/kko/rc/CorporateBond_Agreement
http://kbpedia.org/kko/rc/CorporateBond_NonInvestmentGrade,rdfs:subClassOf,owl:Thing
http://kbpedia.org/kko/rc/Holdings,rdfs:subClassOf,http://kbpedia.org/kko/rc/Assets_Possession
http://kbpedia.org/kko/rc/Holdings,rdfs:subClassOf,owl:Thing
http://kbpedia.org/kko/rc/DraftSports,rdfs:subClassOf,http://kbpedia.org/kko/rc/RecruitingActivity
http://kbpedia.org/kko/rc/DraftSports,rdfs:subClassOf,owl:Thing
http://kbpedia.org/kko/rc/Redevelopment,rdfs:subClassOf,http://kbpedia.org/kko/rc/ConstructionProject
http://kbpedia.org/kko/rc/Redevelopment,rdfs:subClassOf,owl:Thing
http://kbpedia.org/kko/rc/Redevelopment,rdfs:subClassOf,http://kbpedia.org/kko/rc/EconomicDevelopment
http://kbpedia.org/kko/rc/Farmhouse,rdfs:subClassOf,http://kbpedia.org/kko/rc/House_Country
http://kbpedia.org/kko/rc/Farmhouse,rdfs:subClassOf,owl:Thing
http://kbpedia.org/kko/rc/NuclearReactorContainmentBuilding,rdfs:subClassOf,http://kbpedia.org/kko/rc/NuclearPowerPlantBuilding
http://kbpedia.org/kko/rc/NuclearReactorContainmentBuilding,rdfs:subClassOf,owl:Thing
http://kbpedia.org/kko/rc/VISACard,rdfs:subClassOf,http://kbpedia.org/kko/rc/CreditCard_RevolvingAccount
http://kbpedia.org/kko/rc/VISACard,rdfs:subClassOf,owl:Thing
http://kbpedia.org/kko/rc/VISACard,rdfs:subClassOf,http://kbpedia.org/kko/rc/MajorCreditCard
http://kbpedia.org/kko/rc/InternationalAgreement,rdfs:subClassOf,http://kbpedia.org/kko/rc/Agreement
http://kbpedia.org/kko/rc/InternationalAgreement,rdfs:subClassOf,owl:Thing
http://kbpedia.org/kko/rc/BadlandsNationalPark,rdfs:subClassOf,http://kbpedia.org/kko/rc/NationalPark
http://kbpedia.org/kko/rc/BadlandsNationalPark,rdfs:subClassOf,owl:Thing
http://kbpedia.org/kko/rc/ForbiddenCity,rdfs:subClassOf,http://kbpedia.org/kko/rc/PalaceBuilding
http://kbpedia.org/kko/rc/ForbiddenCity,rdfs:subClassOf,owl:Thing
http://kbpedia.org/kko/rc/CallOption,rdfs:subClassOf,http://kbpedia.org/kko/rc/OptionToBuy
http://kbpedia.org/kko/rc/CallOption,rdfs:subClassOf,owl:Thing
http://kbpedia.org/kko/rc/CallOption,rdfs:subClassOf,http://kbpedia.org/kko/rc/DerivativeSecurity
http://kbpedia.org/kko/rc/CommercialBuilding,rdfs:subClassOf,http://kbpedia.org/kko/rc/Building
http://kbpedia.org/kko/rc/CommercialBuilding,rdfs:subClassOf,owl:Thing
http://kbpedia.org/kko/rc/CommercialBuilding,rdfs:subClassOf,http://kbpedia.org/kko/rc/CommercialFacility
http://kbpedia.org/kko/rc/CommercialBuilding,rdfs:subClassOf,http://kbpedia.org/kko/rc/CommercialRealEstate
http://kbpedia.org/kko/rc/CommercialBuilding,rdfs:subClassOf,http://kbpedia.org/kko/rc/PermanentBuildingStructure
http://kbpedia.org/kko/rc/Asset_BackedSecurity,rdfs:subClassOf,http://kbpedia.org/kko/rc/DebtBasedSecurity
http://kbpedia.org/kko/rc/Asset_BackedSecurity,rdfs:subClassOf,owl:Thing
http://kbpedia.org/kko/rc/CharityCard,rdfs:subClassOf,http://kbpedia.org/kko/rc/CreditCard_RevolvingAccount
http://kbpedia.org/kko/rc/CharityCard,rdfs:subClassOf,owl:Thing
http://kbpedia.org/kko/rc/CharityCard,rdfs:subClassOf,http://kbpedia.org/kko/rc/TenderObject
http://kbpedia.org/kko/rc/RecruitingActivity_Military,rdfs:subClassOf,http://kbpedia.org/kko/rc/RecruitingActivity
http://kbpedia.org/kko/rc/RecruitingActivity_Military,rdfs:subClassOf,owl:Thing
http://kbpedia.org/kko/rc/RenewableTermInsurance,rdfs:subClassOf,http://kbpedia.org/kko/rc/Term_LifeInsurance
http://kbpedia.org/kko/rc/RenewableTermInsurance,rdfs:subClassOf,owl:Thing
http://kbpedia.org/kko/rc/RenewableTermInsurance,rdfs:subClassOf,http://kbpedia.org/kko/rc/InsurancePlan
http://kbpedia.org/kko/rc/Monogamy,rdfs:subClassOf,http://kbpedia.org/kko/rc/Family_Human
http://kbpedia.org/kko/rc/Monogamy,rdfs:subClassOf,owl:Thing
http://kbpedia.org/kko/rc/Monogamy,rdfs:subClassOf,http://kbpedia.org/kko/rc/HumanSexualBehavior
http://kbpedia.org/kko/rc/Monogamy,rdfs:subClassOf,http://kbpedia.org/kko/rc/Family_SocialEntity
http://kbpedia.org/kko/rc/MintMadeError,rdfs:subClassOf,http://kbpedia.org/kko/rc/CoinCollecting
http://kbpedia.org/kko/rc/MintMadeError,rdfs:subClassOf,owl:Thing
http://kbpedia.org/kko/rc/AftermathOfWar,rdfs:subClassOf,http://kbpedia.org/kko/rc/PeaceAccord
http://kbpedia.org/kko/rc/AftermathOfWar,rdfs:subClassOf,owl:Thing
http://kbpedia.org/kko/rc/AftermathOfWar,rdfs:subClassOf,http://kbpedia.org/kko/rc/War
http://kbpedia.org/kko/rc/KoreanLanguageEducation,rdfs:subClassOf,http://kbpedia.org/kko/rc/LanguageEducation
http://kbpedia.org/kko/rc/KoreanLanguageEducation,rdfs:subClassOf,owl:Thing
http://kbpedia.org/kko/rc/TradeableSecurityCertificate,rdfs:subClassOf,http://kbpedia.org/kko/rc/FinancialDocument
http://kbpedia.org/kko/rc/TradeableSecurityCertificate,rdfs:subClassOf,owl:Thing
http://kbpedia.org/kko/rc/Bill_Currency,rdfs:subClassOf,http://kbpedia.org/kko/rc/Cash
http://kbpedia.org/kko/rc/Bill_Currency,rdfs:subClassOf,owl:Thing
http://kbpedia.org/kko/rc/Bill_Currency,rdfs:subClassOf,http://kbpedia.org/kko/rc/Device_SingleUser
http://kbpedia.org/kko/rc/Bill_Currency,rdfs:subClassOf,http://kbpedia.org/kko/rc/Engraving_Print
http://kbpedia.org/kko/rc/Bill_Currency,rdfs:subClassOf,http://kbpedia.org/kko/rc/Paper_IBO
http://kbpedia.org/kko/rc/Bill_Currency,rdfs:subClassOf,http://kbpedia.org/kko/rc/Currency
http://kbpedia.org/kko/rc/ArtMuseum_Structure,rdfs:subClassOf,http://kbpedia.org/kko/rc/MuseumStructure
http://kbpedia.org/kko/rc/ArtMuseum_Structure,rdfs:subClassOf,owl:Thing
http://kbpedia.org/kko/rc/F1WorkVisa,rdfs:subClassOf,http://kbpedia.org/kko/rc/USWorkVisa
http://kbpedia.org/kko/rc/F1WorkVisa,rdfs:subClassOf,owl:Thing
http://kbpedia.org/kko/rc/BoatLoan,rdfs:subClassOf,http://kbpedia.org/kko/rc/LoanAgreement
http://kbpedia.org/kko/rc/BoatLoan,rdfs:subClassOf,owl:Thing
http://kbpedia.org/kko/rc/License_IBTRights,rdfs:subClassOf,http://kbpedia.org/kko/rc/Contract
http://kbpedia.org/kko/rc/License_IBTRights,rdfs:subClassOf,owl:Thing
http://kbpedia.org/kko/rc/InsurancePlan_JointCoverage,rdfs:subClassOf,http://kbpedia.org/kko/rc/InsurancePlan
http://kbpedia.org/kko/rc/InsurancePlan_JointCoverage,rdfs:subClassOf,owl:Thing
http://kbpedia.org/kko/rc/TwoDollarBill_US,rdfs:subClassOf,http://kbpedia.org/kko/rc/Bill_US
http://kbpedia.org/kko/rc/TwoDollarBill_US,rdfs:subClassOf,owl:Thing
http://kbpedia.org/kko/rc/PlayhouseClubhouse,rdfs:subClassOf,http://kbpedia.org/kko/rc/CommercialBuilding
http://kbpedia.org/kko/rc/PlayhouseClubhouse,rdfs:subClassOf,owl:Thing
http://kbpedia.org/kko/rc/PlayhouseClubhouse,rdfs:subClassOf,http://kbpedia.org/kko/rc/SmallBuilding
http://kbpedia.org/kko/rc/CoffeeShopSpace,rdfs:subClassOf,http://kbpedia.org/kko/rc/RestaurantSpace
http://kbpedia.org/kko/rc/CoffeeShopSpace,rdfs:subClassOf,owl:Thing
http://kbpedia.org/kko/rc/FormalSchooling,rdfs:subClassOf,http://kbpedia.org/kko/rc/Education
http://kbpedia.org/kko/rc/FormalSchooling,rdfs:subClassOf,owl:Thing
http://kbpedia.org/kko/rc/FormalSchooling,rdfs:subClassOf,http://kbpedia.org/kko/rc/Studying
http://kbpedia.org/kko/rc/RehabilitationMortgage,rdfs:subClassOf,http://kbpedia.org/kko/rc/HomeImprovementLoan
http://kbpedia.org/kko/rc/RehabilitationMortgage,rdfs:subClassOf,owl:Thing
http://kbpedia.org/kko/rc/RehabilitationMortgage,rdfs:subClassOf,http://kbpedia.org/kko/rc/MortgageAgreement
http://kbpedia.org/kko/rc/MilitaryEducationAndTraining,rdfs:subClassOf,http://kbpedia.org/kko/rc/Training
http://kbpedia.org/kko/rc/MilitaryEducationAndTraining,rdfs:subClassOf,owl:Thing
http://kbpedia.org/kko/rc/MilitaryEducationAndTraining,rdfs:subClassOf,http://kbpedia.org/kko/rc/EducationalSystem
http://kbpedia.org/kko/rc/TravelInsurance,rdfs:subClassOf,http://kbpedia.org/kko/rc/InsurancePlan
http://kbpedia.org/kko/rc/TravelInsurance,rdfs:subClassOf,owl:Thing
http://kbpedia.org/kko/rc/TravelInsurance,rdfs:subClassOf,http://kbpedia.org/kko/rc/StructurePropertyInsurance
http://kbpedia.org/kko/rc/SocioPoliticalCondition,rdfs:subClassOf,http://kbpedia.org/ontologies/kko#SocialSystems
http://kbpedia.org/kko/rc/SocioPoliticalCondition,rdfs:subClassOf,owl:Thing
http://kbpedia.org/kko/rc/InterestOnlyLoan,rdfs:subClassOf,http://kbpedia.org/kko/rc/BalloonLoan
http://kbpedia.org/kko/rc/InterestOnlyLoan,rdfs:subClassOf,owl:Thing
http://kbpedia.org/kko/rc/EducationalProgram,rdfs:subClassOf,http://kbpedia.org/kko/rc/Education
http://kbpedia.org/kko/rc/EducationalProgram,rdfs:subClassOf,owl:Thing
http://kbpedia.org/kko/rc/Seawall,rdfs:subClassOf,http://kbpedia.org/kko/rc/ErosionProtectionStructure
http://kbpedia.org/kko/rc/Seawall,rdfs:subClassOf,owl:Thing
http://kbpedia.org/kko/rc/Seawall,rdfs:subClassOf,http://kbpedia.org/kko/rc/TransportBuildingStructure
http://kbpedia.org/kko/rc/Seawall,rdfs:subClassOf,http://kbpedia.org/kko/rc/Wall_GenericBarrier
http://kbpedia.org/kko/rc/ArmsControl,rdfs:subClassOf,http://kbpedia.org/kko/rc/PeaceAccord
http://kbpedia.org/kko/rc/ArmsControl,rdfs:subClassOf,owl:Thing
http://kbpedia.org/kko/rc/AssaultPosition,rdfs:subClassOf,http://kbpedia.org/kko/rc/CombatPosition
http://kbpedia.org/kko/rc/AssaultPosition,rdfs:subClassOf,owl:Thing
http://kbpedia.org/kko/rc/AssaultPosition,rdfs:subClassOf,http://kbpedia.org/kko/rc/CoverProvidingTerrain
http://kbpedia.org/kko/rc/AssaultPosition,rdfs:subClassOf,http://kbpedia.org/kko/rc/TacticalArea
http://kbpedia.org/kko/rc/AssaultPosition,rdfs:subClassOf,http://kbpedia.org/kko/rc/TacticalTerrainObject
http://kbpedia.org/kko/rc/SeniorCourseLevel,rdfs:subClassOf,http://kbpedia.org/kko/rc/UndergraduateCourseLevel
http://kbpedia.org/kko/rc/SeniorCourseLevel,rdfs:subClassOf,owl:Thing
http://kbpedia.org/kko/rc/PersonalEquityPlan,rdfs:subClassOf,http://kbpedia.org/kko/rc/FinancialAccount
http://kbpedia.org/kko/rc/PersonalEquityPlan,rdfs:subClassOf,owl:Thing
http://kbpedia.org/kko/rc/StJamesPalace,rdfs:subClassOf,http://kbpedia.org/kko/rc/PalaceBuilding
http://kbpedia.org/kko/rc/StJamesPalace,rdfs:subClassOf,owl:Thing
http://kbpedia.org/kko/rc/BritishArmyRecruitment,rdfs:subClassOf,http://kbpedia.org/kko/rc/RecruitingActivity_Military
http://kbpedia.org/kko/rc/BritishArmyRecruitment,rdfs:subClassOf,owl:Thing
http://kbpedia.org/kko/rc/EducationalProject,rdfs:subClassOf,http://kbpedia.org/kko/rc/Education
http://kbpedia.org/kko/rc/EducationalProject,rdfs:subClassOf,owl:Thing
http://kbpedia.org/kko/rc/SportsBettingScandal,rdfs:subClassOf,http://kbpedia.org/kko/rc/Fraud
http://kbpedia.org/kko/rc/SportsBettingScandal,rdfs:subClassOf,owl:Thing
http://kbpedia.org/kko/rc/PikeNationalForest,rdfs:subClassOf,http://kbpedia.org/kko/rc/NationalForest
http://kbpedia.org/kko/rc/PikeNationalForest,rdfs:subClassOf,owl:Thing
http://kbpedia.org/kko/rc/AutomobileInsurance,rdfs:subClassOf,http://kbpedia.org/kko/rc/InsurancePlan
http://kbpedia.org/kko/rc/AutomobileInsurance,rdfs:subClassOf,owl:Thing
http://kbpedia.org/kko/rc/Landmark,rdfs:subClassOf,http://kbpedia.org/kko/rc/Place_Informational
http://kbpedia.org/kko/rc/Landmark,rdfs:subClassOf,owl:Thing
http://kbpedia.org/kko/rc/Landmark,rdfs:subClassOf,http://kbpedia.org/kko/rc/TouristAttraction
http://kbpedia.org/kko/rc/Landmark,rdfs:subClassOf,http://kbpedia.org/kko/rc/ProtectedArea
http://kbpedia.org/kko/rc/RevenueHouse,rdfs:subClassOf,http://kbpedia.org/kko/rc/MultiFamilyHousing
http://kbpedia.org/kko/rc/RevenueHouse,rdfs:subClassOf,owl:Thing
http://kbpedia.org/kko/rc/ElementaryCourseLevel,rdfs:subClassOf,http://kbpedia.org/kko/rc/Course_Academic
http://kbpedia.org/kko/rc/ElementaryCourseLevel,rdfs:subClassOf,owl:Thing
http://kbpedia.org/kko/rc/SocialWorkEducation,rdfs:subClassOf,http://kbpedia.org/kko/rc/EducationByTopic
http://kbpedia.org/kko/rc/SocialWorkEducation,rdfs:subClassOf,owl:Thing
http://kbpedia.org/kko/rc/FeminismAndEducation,rdfs:subClassOf,http://kbpedia.org/kko/rc/EducationIssue
http://kbpedia.org/kko/rc/FeminismAndEducation,rdfs:subClassOf,owl:Thing
http://kbpedia.org/kko/rc/TenderObject,rdfs:subClassOf,http://kbpedia.org/kko/rc/HumanAccessibleIBO
http://kbpedia.org/kko/rc/TenderObject,rdfs:subClassOf,owl:Thing
http://kbpedia.org/kko/rc/TenderObject,rdfs:subClassOf,http://kbpedia.org/kko/rc/Valuable_PersonalPossession
http://kbpedia.org/kko/rc/TenderObject,rdfs:subClassOf,http://kbpedia.org/ontologies/kko#EconomicSystems
http://kbpedia.org/kko/rc/ComputerScienceEducation,rdfs:subClassOf,http://kbpedia.org/kko/rc/ScienceEducation
http://kbpedia.org/kko/rc/ComputerScienceEducation,rdfs:subClassOf,owl:Thing
http://kbpedia.org/kko/rc/AgreementLineItem,rdfs:subClassOf,http://kbpedia.org/kko/rc/Agreement
http://kbpedia.org/kko/rc/AgreementLineItem,rdfs:subClassOf,owl:Thing
http://kbpedia.org/kko/rc/PharmacyEducation,rdfs:subClassOf,http://kbpedia.org/kko/rc/MedicalEducation
http://kbpedia.org/kko/rc/PharmacyEducation,rdfs:subClassOf,owl:Thing
http://kbpedia.org/kko/rc/EducationalResearch,rdfs:subClassOf,http://kbpedia.org/kko/rc/Education
http://kbpedia.org/kko/rc/EducationalResearch,rdfs:subClassOf,owl:Thing
http://kbpedia.org/kko/rc/Coprophagia,rdfs:subClassOf,http://kbpedia.org/kko/rc/Coprophilia
http://kbpedia.org/kko/rc/Coprophagia,rdfs:subClassOf,owl:Thing
http://kbpedia.org/kko/rc/FactoryBuiltHome,rdfs:subClassOf,http://kbpedia.org/kko/rc/House_Modern
http://kbpedia.org/kko/rc/FactoryBuiltHome,rdfs:subClassOf,owl:Thing
http://kbpedia.org/kko/rc/ExaminingTable,rdfs:subClassOf,http://kbpedia.org/kko/rc/MedicalDevice
http://kbpedia.org/kko/rc/ExaminingTable,rdfs:subClassOf,owl:Thing
http://kbpedia.org/kko/rc/ExaminingTable,rdfs:subClassOf,http://kbpedia.org/kko/rc/Table_PieceOfFurniture
http://kbpedia.org/kko/rc/ExaminingTable,rdfs:subClassOf,http://kbpedia.org/kko/rc/WorkStation
http://kbpedia.org/kko/rc/MedicalLaboratory,rdfs:subClassOf,http://kbpedia.org/kko/rc/Laboratory
http://kbpedia.org/kko/rc/MedicalLaboratory,rdfs:subClassOf,owl:Thing
http://kbpedia.org/kko/rc/MedicalLaboratory,rdfs:subClassOf,http://kbpedia.org/kko/rc/MedicalPractice
http://kbpedia.org/kko/rc/FirearmTraining,rdfs:subClassOf,http://kbpedia.org/kko/rc/MilitaryEducationAndTraining
http://kbpedia.org/kko/rc/FirearmTraining,rdfs:subClassOf,owl:Thing
http://kbpedia.org/kko/rc/FirearmTraining,rdfs:subClassOf,http://kbpedia.org/kko/rc/Training
http://kbpedia.org/kko/rc/KananaskisCountryRecreationArea,rdfs:subClassOf,http://kbpedia.org/kko/rc/Park
http://kbpedia.org/kko/rc/KananaskisCountryRecreationArea,rdfs:subClassOf,owl:Thing
http://kbpedia.org/kko/rc/GainingInWealth,rdfs:subClassOf,http://kbpedia.org/kko/rc/EconomicAction
http://kbpedia.org/kko/rc/GainingInWealth,rdfs:subClassOf,owl:Thing
http://kbpedia.org/kko/rc/FinancialSecurity,rdfs:subClassOf,http://kbpedia.org/kko/rc/FinanceInstrumentProductContract
http://kbpedia.org/kko/rc/FinancialSecurity,rdfs:subClassOf,owl:Thing
http://kbpedia.org/kko/rc/HomeOffice,rdfs:subClassOf,http://kbpedia.org/kko/rc/OfficeSpace_Personal
http://kbpedia.org/kko/rc/HomeOffice,rdfs:subClassOf,owl:Thing
http://kbpedia.org/kko/rc/HomeOffice,rdfs:subClassOf,http://kbpedia.org/kko/rc/RoomInAConstruction
http://kbpedia.org/kko/rc/FHALoan,rdfs:subClassOf,http://kbpedia.org/kko/rc/GovernmentFundedRealEstateLoan
http://kbpedia.org/kko/rc/FHALoan,rdfs:subClassOf,owl:Thing
http://kbpedia.org/kko/rc/Fraud,rdfs:subClassOf,http://kbpedia.org/kko/rc/Assets_Possession
http://kbpedia.org/kko/rc/Fraud,rdfs:subClassOf,owl:Thing
http://kbpedia.org/kko/rc/Fraud,rdfs:subClassOf,http://kbpedia.org/kko/rc/Deceiving
http://kbpedia.org/kko/rc/Fraud,rdfs:subClassOf,http://kbpedia.org/kko/rc/Stealing
http://kbpedia.org/kko/rc/StateRoute_Major,rdfs:subClassOf,http://kbpedia.org/kko/rc/ArterialRoad
http://kbpedia.org/kko/rc/StateRoute_Major,rdfs:subClassOf,owl:Thing
http://kbpedia.org/kko/rc/StateRoute_Major,rdfs:subClassOf,http://kbpedia.org/kko/rc/StateRoute
http://kbpedia.org/kko/rc/ReturningSomething,rdfs:subClassOf,http://kbpedia.org/kko/rc/GivingSomething
http://kbpedia.org/kko/rc/ReturningSomething,rdfs:subClassOf,owl:Thing
http://kbpedia.org/kko/rc/FactorySite,rdfs:subClassOf,http://kbpedia.org/kko/rc/IndustrialLandParcel
http://kbpedia.org/kko/rc/FactorySite,rdfs:subClassOf,owl:Thing
http://kbpedia.org/kko/rc/QuantitativeEasing,rdfs:subClassOf,http://kbpedia.org/kko/rc/OrganizationPolicy
http://kbpedia.org/kko/rc/QuantitativeEasing,rdfs:subClassOf,owl:Thing
http://kbpedia.org/kko/rc/MarginAccount,rdfs:subClassOf,http://kbpedia.org/kko/rc/SecuredLoan
http://kbpedia.org/kko/rc/MarginAccount,rdfs:subClassOf,owl:Thing
http://kbpedia.org/kko/rc/FireStation,rdfs:subClassOf,http://kbpedia.org/kko/rc/PublicBuildingStructure
http://kbpedia.org/kko/rc/FireStation,rdfs:subClassOf,owl:Thing
http://kbpedia.org/kko/rc/FireStation,rdfs:subClassOf,http://kbpedia.org/kko/rc/PublicFacility
http://kbpedia.org/kko/rc/UndergraduateCourseLevel,rdfs:subClassOf,http://kbpedia.org/kko/rc/Course_Collegiate
http://kbpedia.org/kko/rc/UndergraduateCourseLevel,rdfs:subClassOf,owl:Thing
http://kbpedia.org/kko/rc/Urolagnia,rdfs:subClassOf,http://kbpedia.org/kko/rc/ParaphilicSexualBehavior
http://kbpedia.org/kko/rc/Urolagnia,rdfs:subClassOf,owl:Thing
http://kbpedia.org/kko/rc/AccountingScandal,rdfs:subClassOf,http://kbpedia.org/kko/rc/Fraud
http://kbpedia.org/kko/rc/AccountingScandal,rdfs:subClassOf,owl:Thing
http://kbpedia.org/kko/rc/StateRoute_Minor,rdfs:subClassOf,http://kbpedia.org/kko/rc/ArterialRoad
http://kbpedia.org/kko/rc/StateRoute_Minor,rdfs:subClassOf,owl:Thing
http://kbpedia.org/kko/rc/StateRoute_Minor,rdfs:subClassOf,http://kbpedia.org/kko/rc/StateRoute
http://kbpedia.org/kko/rc/FailingToMakeAPayment,rdfs:subClassOf,http://kbpedia.org/kko/rc/FinancialActivity
http://kbpedia.org/kko/rc/FailingToMakeAPayment,rdfs:subClassOf,owl:Thing
http://kbpedia.org/kko/rc/AirportTerminalBuilding,rdfs:subClassOf,http://kbpedia.org/kko/rc/CommercialBuilding
http://kbpedia.org/kko/rc/AirportTerminalBuilding,rdfs:subClassOf,owl:Thing
http://kbpedia.org/kko/rc/Cash,rdfs:subClassOf,http://kbpedia.org/kko/rc/Currency
http://kbpedia.org/kko/rc/Cash,rdfs:subClassOf,owl:Thing
http://kbpedia.org/kko/rc/TravellersCheck,rdfs:subClassOf,http://kbpedia.org/kko/rc/Check_TenderObject
http://kbpedia.org/kko/rc/TravellersCheck,rdfs:subClassOf,owl:Thing
http://kbpedia.org/kko/rc/PoolHall_Building,rdfs:subClassOf,http://kbpedia.org/kko/rc/CommercialBuilding
http://kbpedia.org/kko/rc/PoolHall_Building,rdfs:subClassOf,owl:Thing
http://kbpedia.org/kko/rc/PoolHall_Building,rdfs:subClassOf,http://kbpedia.org/kko/rc/MultiRoomUnit
http://kbpedia.org/kko/rc/PoliticalForgery,rdfs:subClassOf,http://kbpedia.org/kko/rc/Forgery
http://kbpedia.org/kko/rc/PoliticalForgery,rdfs:subClassOf,owl:Thing
http://kbpedia.org/kko/rc/Yard_BuildingGrounds,rdfs:subClassOf,http://kbpedia.org/kko/rc/FacilityComponent
http://kbpedia.org/kko/rc/Yard_BuildingGrounds,rdfs:subClassOf,owl:Thing
http://kbpedia.org/kko/rc/Yard_BuildingGrounds,rdfs:subClassOf,http://kbpedia.org/kko/rc/Ground
http://kbpedia.org/kko/rc/Yard_BuildingGrounds,rdfs:subClassOf,http://kbpedia.org/kko/rc/GroundsOfOrganization
http://kbpedia.org/kko/rc/Yard_BuildingGrounds,rdfs:subClassOf,http://kbpedia.org/kko/rc/HumanlyOccupiedSpatialObject
http://kbpedia.org/kko/rc/RentersInsurance,rdfs:subClassOf,http://kbpedia.org/kko/rc/InsurancePlan
http://kbpedia.org/kko/rc/RentersInsurance,rdfs:subClassOf,owl:Thing
http://kbpedia.org/kko/rc/AutoInsuranceInTheUnitedStates,rdfs:subClassOf,http://kbpedia.org/kko/rc/AutomobileInsurance
http://kbpedia.org/kko/rc/AutoInsuranceInTheUnitedStates,rdfs:subClassOf,owl:Thing
http://kbpedia.org/kko/rc/IncreaseInMonetaryValue,rdfs:subClassOf,http://kbpedia.org/kko/rc/FinancialCondition
http://kbpedia.org/kko/rc/IncreaseInMonetaryValue,rdfs:subClassOf,owl:Thing
http://kbpedia.org/kko/rc/CopyrightLicense,rdfs:subClassOf,http://kbpedia.org/kko/rc/License_IBTRights
http://kbpedia.org/kko/rc/CopyrightLicense,rdfs:subClassOf,owl:Thing
http://kbpedia.org/kko/rc/Auctioneering,rdfs:subClassOf,http://kbpedia.org/kko/rc/Pricing
http://kbpedia.org/kko/rc/Auctioneering,rdfs:subClassOf,owl:Thing
http://kbpedia.org/kko/rc/CourseOfStudy,rdfs:subClassOf,http://kbpedia.org/kko/rc/FormalSchooling
http://kbpedia.org/kko/rc/CourseOfStudy,rdfs:subClassOf,owl:Thing
http://kbpedia.org/kko/rc/CourseOfStudy,rdfs:subClassOf,http://kbpedia.org/kko/rc/Training
http://kbpedia.org/kko/rc/SexualServitude,rdfs:subClassOf,http://kbpedia.org/kko/rc/HumanSexualBehavior
http://kbpedia.org/kko/rc/SexualServitude,rdfs:subClassOf,owl:Thing
http://kbpedia.org/kko/rc/Infantilism_Sexual,rdfs:subClassOf,http://kbpedia.org/kko/rc/ParaphilicSexualBehavior
http://kbpedia.org/kko/rc/Infantilism_Sexual,rdfs:subClassOf,owl:Thing
http://kbpedia.org/kko/rc/AstronomyEducation,rdfs:subClassOf,http://kbpedia.org/kko/rc/ScienceEducation
http://kbpedia.org/kko/rc/AstronomyEducation,rdfs:subClassOf,owl:Thing
http://kbpedia.org/kko/rc/Currency_US,rdfs:subClassOf,http://kbpedia.org/kko/rc/Currency
http://kbpedia.org/kko/rc/Currency_US,rdfs:subClassOf,owl:Thing
http://kbpedia.org/kko/rc/HomeMortgage,rdfs:subClassOf,http://kbpedia.org/kko/rc/HomeLoan
http://kbpedia.org/kko/rc/HomeMortgage,rdfs:subClassOf,owl:Thing
http://kbpedia.org/kko/rc/HomeMortgage,rdfs:subClassOf,http://kbpedia.org/kko/rc/MortgageAgreement
http://kbpedia.org/kko/rc/ComputerSoftwareLibrary,rdfs:subClassOf,http://kbpedia.org/kko/rc/ComputerCode_Source
http://kbpedia.org/kko/rc/ComputerSoftwareLibrary,rdfs:subClassOf,owl:Thing
http://kbpedia.org/kko/rc/ComputerSoftwareLibrary,rdfs:subClassOf,http://kbpedia.org/kko/rc/Holdings
http://kbpedia.org/kko/rc/ComputerSoftwareLibrary,rdfs:subClassOf,http://kbpedia.org/kko/rc/LibraryFile
http://kbpedia.org/kko/rc/ComputerSoftwareLibrary,rdfs:subClassOf,http://kbpedia.org/kko/rc/SoftwareObject
http://kbpedia.org/kko/rc/AgreementForService,rdfs:subClassOf,http://kbpedia.org/kko/rc/Account_LegalAgreement
http://kbpedia.org/kko/rc/AgreementForService,rdfs:subClassOf,owl:Thing
http://kbpedia.org/kko/rc/AgreementForService,rdfs:subClassOf,http://kbpedia.org/kko/rc/Agreement
http://kbpedia.org/kko/rc/ComputerBasedTraining,rdfs:subClassOf,http://kbpedia.org/kko/rc/ComputerActivity
http://kbpedia.org/kko/rc/ComputerBasedTraining,rdfs:subClassOf,owl:Thing
http://kbpedia.org/kko/rc/ComputerBasedTraining,rdfs:subClassOf,http://kbpedia.org/kko/rc/Training
http://kbpedia.org/kko/rc/GoogleSpaceRelatedInvestment,rdfs:subClassOf,http://kbpedia.org/kko/rc/Investment
http://kbpedia.org/kko/rc/GoogleSpaceRelatedInvestment,rdfs:subClassOf,owl:Thing
http://kbpedia.org/kko/rc/InternationalIntellectualPropertyProtectionProduct,rdfs:subClassOf,http://kbpedia.org/kko/rc/GovernmentalPropertyRightConferral
http://kbpedia.org/kko/rc/InternationalIntellectualPropertyProtectionProduct,rdfs:subClassOf,owl:Thing
http://kbpedia.org/kko/rc/GermanLanguageEducation,rdfs:subClassOf,http://kbpedia.org/kko/rc/GermanTopics
http://kbpedia.org/kko/rc/GermanLanguageEducation,rdfs:subClassOf,owl:Thing
http://kbpedia.org/kko/rc/GermanLanguageEducation,rdfs:subClassOf,http://kbpedia.org/kko/rc/LanguageEducation
http://kbpedia.org/kko/rc/StateSecondPension,rdfs:subClassOf,http://kbpedia.org/kko/rc/RetirementAccount
http://kbpedia.org/kko/rc/StateSecondPension,rdfs:subClassOf,owl:Thing
http://kbpedia.org/kko/rc/CombatOutpost,rdfs:subClassOf,http://kbpedia.org/kko/rc/CombatPosition
http://kbpedia.org/kko/rc/CombatOutpost,rdfs:subClassOf,owl:Thing
http://kbpedia.org/kko/rc/FeminineDominance,rdfs:subClassOf,http://kbpedia.org/kko/rc/SexualServitude
http://kbpedia.org/kko/rc/FeminineDominance,rdfs:subClassOf,owl:Thing
http://kbpedia.org/kko/rc/UniversalHealthcare,rdfs:subClassOf,http://kbpedia.org/kko/rc/HealthCare
http://kbpedia.org/kko/rc/UniversalHealthcare,rdfs:subClassOf,owl:Thing
http://kbpedia.org/kko/rc/UniversalHealthcare,rdfs:subClassOf,http://kbpedia.org/kko/rc/MedicalInsurance
http://kbpedia.org/kko/rc/Ticket,rdfs:subClassOf,http://kbpedia.org/kko/rc/Paper_IBO
http://kbpedia.org/kko/rc/Ticket,rdfs:subClassOf,owl:Thing
http://kbpedia.org/kko/rc/Ticket,rdfs:subClassOf,http://kbpedia.org/kko/rc/TenderObject
http://kbpedia.org/kko/rc/MilitaryDisbandingAndDisarmament,rdfs:subClassOf,http://kbpedia.org/kko/rc/PeaceAccord
http://kbpedia.org/kko/rc/MilitaryDisbandingAndDisarmament,rdfs:subClassOf,owl:Thing
http://kbpedia.org/kko/rc/SeventhDayAdventistEducation,rdfs:subClassOf,http://kbpedia.org/kko/rc/ChristianEducation
http://kbpedia.org/kko/rc/SeventhDayAdventistEducation,rdfs:subClassOf,owl:Thing
http://kbpedia.org/kko/rc/StripMall,rdfs:subClassOf,http://kbpedia.org/kko/rc/ShoppingMallBuilding
http://kbpedia.org/kko/rc/StripMall,rdfs:subClassOf,owl:Thing
http://kbpedia.org/kko/rc/HomeOwnersInsurance,rdfs:subClassOf,http://kbpedia.org/kko/rc/InsurancePlan
http://kbpedia.org/kko/rc/HomeOwnersInsurance,rdfs:subClassOf,owl:Thing
http://kbpedia.org/kko/rc/StoneMountainMemorialHalfDollar,rdfs:subClassOf,http://kbpedia.org/kko/rc/HalfDollarCoin_US
http://kbpedia.org/kko/rc/StoneMountainMemorialHalfDollar,rdfs:subClassOf,owl:Thing
http://kbpedia.org/kko/rc/GeneralLedger_Document,rdfs:subClassOf,http://kbpedia.org/kko/rc/AccountingReport
http://kbpedia.org/kko/rc/GeneralLedger_Document,rdfs:subClassOf,owl:Thing
http://kbpedia.org/kko/rc/Barn,rdfs:subClassOf,http://kbpedia.org/kko/rc/AnimalContainer
http://kbpedia.org/kko/rc/Barn,rdfs:subClassOf,owl:Thing
http://kbpedia.org/kko/rc/Barn,rdfs:subClassOf,http://kbpedia.org/kko/rc/Facility_Agricultural
http://kbpedia.org/kko/rc/Barn,rdfs:subClassOf,http://kbpedia.org/kko/rc/ShelterConstruction
http://kbpedia.org/kko/rc/Barn,rdfs:subClassOf,http://kbpedia.org/kko/rc/AgriculturalBuildingStructure
http://kbpedia.org/kko/rc/Backyard,rdfs:subClassOf,http://kbpedia.org/kko/rc/Yard_BuildingGrounds
http://kbpedia.org/kko/rc/Backyard,rdfs:subClassOf,owl:Thing
http://kbpedia.org/kko/rc/FHAMortgage,rdfs:subClassOf,http://kbpedia.org/kko/rc/AssumableLoanAgreement
http://kbpedia.org/kko/rc/FHAMortgage,rdfs:subClassOf,owl:Thing
http://kbpedia.org/kko/rc/FHAMortgage,rdfs:subClassOf,http://kbpedia.org/kko/rc/ConformingMortgage
http://kbpedia.org/kko/rc/FHAMortgage,rdfs:subClassOf,http://kbpedia.org/kko/rc/FHALoan
http://kbpedia.org/kko/rc/InternationalCopyright,rdfs:subClassOf,http://kbpedia.org/kko/rc/InternationalIntellectualPropertyProtectionProduct
http://kbpedia.org/kko/rc/InternationalCopyright,rdfs:subClassOf,owl:Thing
http://kbpedia.org/kko/rc/Lecturing,rdfs:subClassOf,http://kbpedia.org/kko/rc/Informing
http://kbpedia.org/kko/rc/Lecturing,rdfs:subClassOf,owl:Thing
http://kbpedia.org/kko/rc/Lecturing,rdfs:subClassOf,http://kbpedia.org/kko/rc/PublicSpeaking
http://kbpedia.org/kko/rc/Lecturing,rdfs:subClassOf,http://kbpedia.org/kko/rc/Teaching
http://kbpedia.org/kko/rc/GrainElevator,rdfs:subClassOf,http://kbpedia.org/kko/rc/Facility_Agricultural
http://kbpedia.org/kko/rc/GrainElevator,rdfs:subClassOf,owl:Thing
http://kbpedia.org/kko/rc/GrainElevator,rdfs:subClassOf,http://kbpedia.org/kko/rc/StorageFacility
http://kbpedia.org/kko/rc/GrainElevator,rdfs:subClassOf,http://kbpedia.org/kko/rc/AgriculturalBuildingStructure
http://kbpedia.org/kko/rc/Formulary,rdfs:subClassOf,http://kbpedia.org/kko/rc/OrganizationPolicy
http://kbpedia.org/kko/rc/Formulary,rdfs:subClassOf,owl:Thing
http://kbpedia.org/kko/rc/Fairway,rdfs:subClassOf,http://kbpedia.org/kko/rc/GolfingArea
http://kbpedia.org/kko/rc/Fairway,rdfs:subClassOf,owl:Thing
http://kbpedia.org/kko/rc/Fairway,rdfs:subClassOf,http://kbpedia.org/kko/rc/Lawn
http://kbpedia.org/kko/rc/RentalProperty,rdfs:subClassOf,http://kbpedia.org/kko/rc/InvestmentVehicle
http://kbpedia.org/kko/rc/RentalProperty,rdfs:subClassOf,owl:Thing
http://kbpedia.org/kko/rc/RentalProperty,rdfs:subClassOf,http://kbpedia.org/kko/rc/RealEstate
http://kbpedia.org/kko/rc/NuclearPowerPlantBuilding,rdfs:subClassOf,http://kbpedia.org/kko/rc/PowerPlantBuilding
http://kbpedia.org/kko/rc/NuclearPowerPlantBuilding,rdfs:subClassOf,owl:Thing
http://kbpedia.org/kko/rc/MountAspiringNationalPark,rdfs:subClassOf,http://kbpedia.org/kko/rc/NationalPark
http://kbpedia.org/kko/rc/MountAspiringNationalPark,rdfs:subClassOf,owl:Thing
http://kbpedia.org/kko/rc/Bill_US,rdfs:subClassOf,http://kbpedia.org/kko/rc/Bill_Currency
http://kbpedia.org/kko/rc/Bill_US,rdfs:subClassOf,owl:Thing
http://kbpedia.org/kko/rc/Bill_US,rdfs:subClassOf,http://kbpedia.org/kko/rc/Currency_US
http://kbpedia.org/kko/rc/ArmyBase,rdfs:subClassOf,http://kbpedia.org/kko/rc/GovernmentalLandParcel
http://kbpedia.org/kko/rc/ArmyBase,rdfs:subClassOf,owl:Thing
http://kbpedia.org/kko/rc/PoliticalRepresentationParticipation,rdfs:subClassOf,http://kbpedia.org/kko/rc/SocioPoliticalCondition
http://kbpedia.org/kko/rc/PoliticalRepresentationParticipation,rdfs:subClassOf,owl:Thing
http://kbpedia.org/kko/rc/FHAMortgageInsurance,rdfs:subClassOf,http://kbpedia.org/kko/rc/GovernmentGuaranteedMortgageInsurance
http://kbpedia.org/kko/rc/FHAMortgageInsurance,rdfs:subClassOf,owl:Thing
http://kbpedia.org/kko/rc/InvestmentVehicle,rdfs:subClassOf,http://kbpedia.org/kko/rc/Assets_Economics
http://kbpedia.org/kko/rc/InvestmentVehicle,rdfs:subClassOf,owl:Thing
http://kbpedia.org/kko/rc/USStatePark,rdfs:subClassOf,http://kbpedia.org/kko/rc/WildernessPark
http://kbpedia.org/kko/rc/USStatePark,rdfs:subClassOf,owl:Thing
http://kbpedia.org/kko/rc/LutheranEducation,rdfs:subClassOf,http://kbpedia.org/kko/rc/ChristianEducation
http://kbpedia.org/kko/rc/LutheranEducation,rdfs:subClassOf,owl:Thing
http://kbpedia.org/kko/rc/Permit,rdfs:subClassOf,http://kbpedia.org/kko/rc/Contract
http://kbpedia.org/kko/rc/Permit,rdfs:subClassOf,owl:Thing
http://kbpedia.org/kko/rc/Permit,rdfs:subClassOf,http://kbpedia.org/kko/rc/Permission
http://kbpedia.org/kko/rc/Facility_Agricultural,rdfs:subClassOf,http://kbpedia.org/kko/rc/AgriculturalFacility
http://kbpedia.org/kko/rc/Facility_Agricultural,rdfs:subClassOf,owl:Thing
http://kbpedia.org/kko/rc/Facility_Agricultural,rdfs:subClassOf,http://kbpedia.org/kko/rc/Facility_Construct
http://kbpedia.org/kko/rc/MilitaryContract,rdfs:subClassOf,http://kbpedia.org/kko/rc/SalesContract
http://kbpedia.org/kko/rc/MilitaryContract,rdfs:subClassOf,owl:Thing
http://kbpedia.org/kko/rc/Monument,rdfs:subClassOf,http://kbpedia.org/kko/rc/Custom_Made
http://kbpedia.org/kko/rc/Monument,rdfs:subClassOf,owl:Thing
http://kbpedia.org/kko/rc/Monument,rdfs:subClassOf,http://kbpedia.org/kko/rc/Landmark
http://kbpedia.org/kko/rc/Monument,rdfs:subClassOf,http://kbpedia.org/kko/rc/FixedStructure
http://kbpedia.org/kko/rc/Monument,rdfs:subClassOf,http://kbpedia.org/kko/rc/Place_Informational
http://kbpedia.org/kko/rc/MusicalPerformanceTicket,rdfs:subClassOf,http://kbpedia.org/kko/rc/EntertainmentPerformanceTicket
http://kbpedia.org/kko/rc/MusicalPerformanceTicket,rdfs:subClassOf,owl:Thing
http://kbpedia.org/kko/rc/DisplayStructure,rdfs:subClassOf,http://kbpedia.org/kko/rc/TouristAttraction
http://kbpedia.org/kko/rc/DisplayStructure,rdfs:subClassOf,owl:Thing
http://kbpedia.org/kko/rc/USWorkVisa,rdfs:subClassOf,http://kbpedia.org/kko/rc/UnitedStatesVisasByType
http://kbpedia.org/kko/rc/USWorkVisa,rdfs:subClassOf,owl:Thing
http://kbpedia.org/kko/rc/SlaughterhouseBuilding,rdfs:subClassOf,http://kbpedia.org/kko/rc/CommercialBuilding
http://kbpedia.org/kko/rc/SlaughterhouseBuilding,rdfs:subClassOf,owl:Thing
http://kbpedia.org/kko/rc/ManagementEducation,rdfs:subClassOf,http://kbpedia.org/kko/rc/EducationByTopic
http://kbpedia.org/kko/rc/ManagementEducation,rdfs:subClassOf,owl:Thing
http://kbpedia.org/kko/rc/ManagementEducation,rdfs:subClassOf,http://kbpedia.org/kko/rc/SpecializedEducationalService
http://kbpedia.org/kko/rc/LakeMaggiore,rdfs:subClassOf,http://kbpedia.org/kko/rc/ResortFacility
http://kbpedia.org/kko/rc/LakeMaggiore,rdfs:subClassOf,owl:Thing
http://kbpedia.org/kko/rc/VacationAccount,rdfs:subClassOf,http://kbpedia.org/kko/rc/WorkAccount
http://kbpedia.org/kko/rc/VacationAccount,rdfs:subClassOf,owl:Thing
http://kbpedia.org/kko/rc/Workplace_Temporary,rdfs:subClassOf,http://kbpedia.org/kko/rc/Workplace
http://kbpedia.org/kko/rc/Workplace_Temporary,rdfs:subClassOf,owl:Thing
http://kbpedia.org/kko/rc/MortgageAccount,rdfs:subClassOf,http://kbpedia.org/kko/rc/CreditAccount
http://kbpedia.org/kko/rc/MortgageAccount,rdfs:subClassOf,owl:Thing
http://kbpedia.org/kko/rc/IndustrialLandParcel,rdfs:subClassOf,http://kbpedia.org/kko/rc/LandParcel
http://kbpedia.org/kko/rc/IndustrialLandParcel,rdfs:subClassOf,owl:Thing
http://kbpedia.org/kko/rc/AllEmployeeShareOwnershipPlan,rdfs:subClassOf,http://kbpedia.org/kko/rc/OwnershipAgreement
http://kbpedia.org/kko/rc/AllEmployeeShareOwnershipPlan,rdfs:subClassOf,owl:Thing
http://kbpedia.org/kko/rc/VendorAccount,rdfs:subClassOf,http://kbpedia.org/kko/rc/FinancialAccount
http://kbpedia.org/kko/rc/VendorAccount,rdfs:subClassOf,owl:Thing
http://kbpedia.org/kko/rc/MotorhomeCamperRVAndTravelTrailerLoan,rdfs:subClassOf,http://kbpedia.org/kko/rc/LoanAgreement
http://kbpedia.org/kko/rc/MotorhomeCamperRVAndTravelTrailerLoan,rdfs:subClassOf,owl:Thing
http://kbpedia.org/kko/rc/CooperativeResidence,rdfs:subClassOf,http://kbpedia.org/kko/rc/MultiFamilyHousing
http://kbpedia.org/kko/rc/CooperativeResidence,rdfs:subClassOf,owl:Thing
http://kbpedia.org/kko/rc/FHATitleILoanAgreement,rdfs:subClassOf,http://kbpedia.org/kko/rc/Account_LegalAgreement
http://kbpedia.org/kko/rc/FHATitleILoanAgreement,rdfs:subClassOf,owl:Thing
http://kbpedia.org/kko/rc/FHATitleILoanAgreement,rdfs:subClassOf,http://kbpedia.org/kko/rc/FHALoan
http://kbpedia.org/kko/rc/FHATitleILoanAgreement,rdfs:subClassOf,http://kbpedia.org/kko/rc/HomeImprovementLoan
http://kbpedia.org/kko/rc/FundraisingActivity,rdfs:subClassOf,http://kbpedia.org/kko/rc/BusinessActivity
http://kbpedia.org/kko/rc/FundraisingActivity,rdfs:subClassOf,owl:Thing
http://kbpedia.org/kko/rc/FundraisingActivity,rdfs:subClassOf,http://kbpedia.org/kko/rc/PurposefulAction
http://kbpedia.org/kko/rc/FinancialAsset,rdfs:subClassOf,http://kbpedia.org/kko/rc/Assets_Possession
http://kbpedia.org/kko/rc/FinancialAsset,rdfs:subClassOf,owl:Thing
http://kbpedia.org/kko/rc/GiffordPinchotNationalForest,rdfs:subClassOf,http://kbpedia.org/kko/rc/NationalForest
http://kbpedia.org/kko/rc/GiffordPinchotNationalForest,rdfs:subClassOf,owl:Thing
http://kbpedia.org/kko/rc/InsurancePlan,rdfs:subClassOf,http://kbpedia.org/kko/rc/AgreementForOngoingService
http://kbpedia.org/kko/rc/InsurancePlan,rdfs:subClassOf,owl:Thing
http://kbpedia.org/kko/rc/FinancialActivity,rdfs:subClassOf,http://kbpedia.org/kko/rc/BusinessActivity
http://kbpedia.org/kko/rc/FinancialActivity,rdfs:subClassOf,owl:Thing
http://kbpedia.org/kko/rc/FinancialActivity,rdfs:subClassOf,http://kbpedia.org/kko/rc/HumanActivity
http://kbpedia.org/kko/rc/MortgageBackedSecurity,rdfs:subClassOf,http://kbpedia.org/kko/rc/TradeableSecurity
http://kbpedia.org/kko/rc/MortgageBackedSecurity,rdfs:subClassOf,owl:Thing
http://kbpedia.org/kko/rc/StateTaxExpenseAccount,rdfs:subClassOf,http://kbpedia.org/kko/rc/TaxExpenseAccount
http://kbpedia.org/kko/rc/StateTaxExpenseAccount,rdfs:subClassOf,owl:Thing
http://kbpedia.org/kko/rc/Condominium,rdfs:subClassOf,http://kbpedia.org/kko/rc/FlatApartment
http://kbpedia.org/kko/rc/Condominium,rdfs:subClassOf,owl:Thing
http://kbpedia.org/kko/rc/Condominium,rdfs:subClassOf,http://kbpedia.org/kko/rc/ResidentialBuilding
http://kbpedia.org/kko/rc/EntitlementRight,rdfs:subClassOf,http://kbpedia.org/kko/rc/FinancialSecurity
http://kbpedia.org/kko/rc/EntitlementRight,rdfs:subClassOf,owl:Thing
http://kbpedia.org/kko/rc/JudaismAndPeace,rdfs:subClassOf,http://kbpedia.org/kko/rc/PeaceAccord
http://kbpedia.org/kko/rc/JudaismAndPeace,rdfs:subClassOf,owl:Thing
http://kbpedia.org/kko/rc/BuffaloNickel,rdfs:subClassOf,http://kbpedia.org/kko/rc/NickelCoin_US
http://kbpedia.org/kko/rc/BuffaloNickel,rdfs:subClassOf,owl:Thing
http://kbpedia.org/kko/rc/AgreementForOngoingService,rdfs:subClassOf,http://kbpedia.org/kko/rc/AgreementForService
http://kbpedia.org/kko/rc/AgreementForOngoingService,rdfs:subClassOf,owl:Thing
http://kbpedia.org/kko/rc/AgreementForOngoingService,rdfs:subClassOf,http://kbpedia.org/kko/rc/Account_LegalAgreement
http://kbpedia.org/kko/rc/CareerAndTechnicalEducation,rdfs:subClassOf,http://kbpedia.org/kko/rc/Training
http://kbpedia.org/kko/rc/CareerAndTechnicalEducation,rdfs:subClassOf,owl:Thing
http://kbpedia.org/kko/rc/Boutique,rdfs:subClassOf,http://kbpedia.org/kko/rc/RetailStoreSpace
http://kbpedia.org/kko/rc/Boutique,rdfs:subClassOf,owl:Thing
http://kbpedia.org/kko/rc/RepaymentMortgage,rdfs:subClassOf,http://kbpedia.org/kko/rc/AmortizedLoan
http://kbpedia.org/kko/rc/RepaymentMortgage,rdfs:subClassOf,owl:Thing
http://kbpedia.org/kko/rc/RepaymentMortgage,rdfs:subClassOf,http://kbpedia.org/kko/rc/MortgageAgreement
http://kbpedia.org/kko/rc/Equity_Security,rdfs:subClassOf,http://kbpedia.org/kko/rc/TradeableSecurity
http://kbpedia.org/kko/rc/Equity_Security,rdfs:subClassOf,owl:Thing
http://kbpedia.org/kko/rc/Pricing,rdfs:subClassOf,http://kbpedia.org/kko/rc/EconomicAction
http://kbpedia.org/kko/rc/Pricing,rdfs:subClassOf,owl:Thing
http://kbpedia.org/kko/rc/MortgageIndemnityGuarantee,rdfs:subClassOf,http://kbpedia.org/kko/rc/MortgageInsurance
http://kbpedia.org/kko/rc/MortgageIndemnityGuarantee,rdfs:subClassOf,owl:Thing
http://kbpedia.org/kko/rc/MortgageIndemnityGuarantee,rdfs:subClassOf,http://kbpedia.org/kko/rc/InsurancePlan
http://kbpedia.org/kko/rc/SharedEquityMortgage,rdfs:subClassOf,http://kbpedia.org/kko/rc/MortgageAgreement
http://kbpedia.org/kko/rc/SharedEquityMortgage,rdfs:subClassOf,owl:Thing
http://kbpedia.org/kko/rc/Course_Academic,rdfs:subClassOf,http://kbpedia.org/kko/rc/Education
http://kbpedia.org/kko/rc/Course_Academic,rdfs:subClassOf,owl:Thing
http://kbpedia.org/kko/rc/Warrant,rdfs:subClassOf,http://kbpedia.org/kko/rc/EntitlementRight
http://kbpedia.org/kko/rc/Warrant,rdfs:subClassOf,owl:Thing
http://kbpedia.org/kko/rc/Discounting,rdfs:subClassOf,http://kbpedia.org/kko/rc/FinancialActivity
http://kbpedia.org/kko/rc/Discounting,rdfs:subClassOf,owl:Thing
http://kbpedia.org/kko/rc/BoilerRoomFraud,rdfs:subClassOf,http://kbpedia.org/kko/rc/Fraud
http://kbpedia.org/kko/rc/BoilerRoomFraud,rdfs:subClassOf,owl:Thing
http://kbpedia.org/kko/rc/PublicCommons,rdfs:subClassOf,http://kbpedia.org/kko/rc/RealProperty
http://kbpedia.org/kko/rc/PublicCommons,rdfs:subClassOf,owl:Thing
http://kbpedia.org/kko/rc/RogueRiverSiskiyouNationalForest,rdfs:subClassOf,http://kbpedia.org/kko/rc/NationalForest
http://kbpedia.org/kko/rc/RogueRiverSiskiyouNationalForest,rdfs:subClassOf,owl:Thing
http://kbpedia.org/kko/rc/PiggybackLoan,rdfs:subClassOf,http://kbpedia.org/kko/rc/LoanAgreement
http://kbpedia.org/kko/rc/PiggybackLoan,rdfs:subClassOf,owl:Thing
http://kbpedia.org/kko/rc/DepositoryReceipt,rdfs:subClassOf,http://kbpedia.org/kko/rc/Equity_Security
http://kbpedia.org/kko/rc/DepositoryReceipt,rdfs:subClassOf,owl:Thing
http://kbpedia.org/kko/rc/DepositoryReceipt,rdfs:subClassOf,http://kbpedia.org/kko/rc/ExchangeTradedSecurity
http://kbpedia.org/kko/rc/BanffNationalPark,rdfs:subClassOf,http://kbpedia.org/kko/rc/NationalPark
http://kbpedia.org/kko/rc/BanffNationalPark,rdfs:subClassOf,owl:Thing
http://kbpedia.org/kko/rc/IndecentExposure,rdfs:subClassOf,http://kbpedia.org/kko/rc/Exhibitionism_TheAction
http://kbpedia.org/kko/rc/IndecentExposure,rdfs:subClassOf,owl:Thing
http://kbpedia.org/kko/rc/IndecentExposure,rdfs:subClassOf,http://kbpedia.org/kko/rc/SexualHarassment
http://kbpedia.org/kko/rc/Colonization,rdfs:subClassOf,http://kbpedia.org/kko/rc/TakingSomething
http://kbpedia.org/kko/rc/Colonization,rdfs:subClassOf,owl:Thing
http://kbpedia.org/kko/rc/NewPrescriptionSales,rdfs:subClassOf,http://kbpedia.org/kko/rc/Market
http://kbpedia.org/kko/rc/NewPrescriptionSales,rdfs:subClassOf,owl:Thing
http://kbpedia.org/kko/rc/TransportationLicense_Document,rdfs:subClassOf,http://kbpedia.org/kko/rc/IDDocument
http://kbpedia.org/kko/rc/TransportationLicense_Document,rdfs:subClassOf,owl:Thing
http://kbpedia.org/kko/rc/TransportationLicense_Document,rdfs:subClassOf,http://kbpedia.org/kko/rc/License_IBO
http://kbpedia.org/kko/rc/TransportationLicense_Document,rdfs:subClassOf,http://kbpedia.org/kko/rc/Permit
http://kbpedia.org/kko/rc/RussianCulturalCenter,rdfs:subClassOf,http://kbpedia.org/kko/rc/MuseumStructure
http://kbpedia.org/kko/rc/RussianCulturalCenter,rdfs:subClassOf,owl:Thing
http://kbpedia.org/kko/rc/WarrantToBuyStock,rdfs:subClassOf,http://kbpedia.org/kko/rc/OptionToBuy
http://kbpedia.org/kko/rc/WarrantToBuyStock,rdfs:subClassOf,owl:Thing
http://kbpedia.org/kko/rc/MajorCreditCard,rdfs:subClassOf,http://kbpedia.org/kko/rc/CreditCard
http://kbpedia.org/kko/rc/MajorCreditCard,rdfs:subClassOf,owl:Thing
http://kbpedia.org/kko/rc/Outpost,rdfs:subClassOf,http://kbpedia.org/kko/rc/DefenseBuildingStructure
http://kbpedia.org/kko/rc/Outpost,rdfs:subClassOf,owl:Thing
http://kbpedia.org/kko/rc/Outpost,rdfs:subClassOf,http://kbpedia.org/kko/rc/Post_Location
http://kbpedia.org/kko/rc/Outpost,rdfs:subClassOf,http://kbpedia.org/kko/rc/HumanResidenceArea
http://kbpedia.org/kko/rc/InventoryDocument,rdfs:subClassOf,http://kbpedia.org/kko/rc/BusinessRelatedDocumentOrAgreement
http://kbpedia.org/kko/rc/InventoryDocument,rdfs:subClassOf,owl:Thing
http://kbpedia.org/kko/rc/InventoryDocument,rdfs:subClassOf,http://kbpedia.org/kko/rc/Document
http://kbpedia.org/kko/rc/CareerAdviceService,rdfs:subClassOf,http://kbpedia.org/kko/rc/HumanResourcesService
http://kbpedia.org/kko/rc/CareerAdviceService,rdfs:subClassOf,owl:Thing
http://kbpedia.org/kko/rc/CareerAdviceService,rdfs:subClassOf,http://kbpedia.org/kko/rc/RecruitingActivity
http://kbpedia.org/kko/rc/ResidentialBuilding,rdfs:subClassOf,http://kbpedia.org/kko/rc/Building
http://kbpedia.org/kko/rc/ResidentialBuilding,rdfs:subClassOf,owl:Thing
http://kbpedia.org/kko/rc/ResidentialBuilding,rdfs:subClassOf,http://kbpedia.org/kko/rc/HumanResidence
http://kbpedia.org/kko/rc/ResidentialBuilding,rdfs:subClassOf,http://kbpedia.org/kko/rc/ResidentialHome
http://kbpedia.org/kko/rc/ResidentialBuilding,rdfs:subClassOf,http://kbpedia.org/kko/rc/ResidentialRealEstate
http://kbpedia.org/kko/rc/CorporateBond_InvestmentGrade,rdfs:subClassOf,http://kbpedia.org/kko/rc/CorporateBond_Agreement
http://kbpedia.org/kko/rc/CorporateBond_InvestmentGrade,rdfs:subClassOf,owl:Thing
http://kbpedia.org/kko/rc/AmericanDepositoryReceipt,rdfs:subClassOf,http://kbpedia.org/kko/rc/DepositoryReceipt
http://kbpedia.org/kko/rc/AmericanDepositoryReceipt,rdfs:subClassOf,owl:Thing
http://kbpedia.org/kko/rc/RetentionMortgage,rdfs:subClassOf,http://kbpedia.org/kko/rc/MortgageAgreement
http://kbpedia.org/kko/rc/RetentionMortgage,rdfs:subClassOf,owl:Thing
http://kbpedia.org/kko/rc/ZionNationalPark,rdfs:subClassOf,http://kbpedia.org/kko/rc/NationalPark
http://kbpedia.org/kko/rc/ZionNationalPark,rdfs:subClassOf,owl:Thing
http://kbpedia.org/kko/rc/LineOfCredit,rdfs:subClassOf,http://kbpedia.org/kko/rc/LoanAgreement
http://kbpedia.org/kko/rc/LineOfCredit,rdfs:subClassOf,owl:Thing
http://kbpedia.org/kko/rc/NewCarLoan,rdfs:subClassOf,http://kbpedia.org/kko/rc/CarLoan
http://kbpedia.org/kko/rc/NewCarLoan,rdfs:subClassOf,owl:Thing
http://kbpedia.org/kko/rc/WarrantyDocument,rdfs:subClassOf,http://kbpedia.org/kko/rc/ContractDocument
http://kbpedia.org/kko/rc/WarrantyDocument,rdfs:subClassOf,owl:Thing
http://kbpedia.org/kko/rc/ArmyBase_Grounds,rdfs:subClassOf,http://kbpedia.org/kko/rc/MilitaryBase_Grounds
http://kbpedia.org/kko/rc/ArmyBase_Grounds,rdfs:subClassOf,owl:Thing
http://kbpedia.org/kko/rc/HomeSchooling,rdfs:subClassOf,http://kbpedia.org/kko/rc/CourseOfStudy
http://kbpedia.org/kko/rc/HomeSchooling,rdfs:subClassOf,owl:Thing
http://kbpedia.org/kko/rc/HomeSchooling,rdfs:subClassOf,http://kbpedia.org/kko/rc/EducationalSystem
http://kbpedia.org/kko/rc/ResidentialRealEstate,rdfs:subClassOf,http://kbpedia.org/kko/rc/RealEstate
http://kbpedia.org/kko/rc/ResidentialRealEstate,rdfs:subClassOf,owl:Thing
http://kbpedia.org/kko/rc/LiftTicket,rdfs:subClassOf,http://kbpedia.org/kko/rc/SheetOfPaper
http://kbpedia.org/kko/rc/LiftTicket,rdfs:subClassOf,owl:Thing
http://kbpedia.org/kko/rc/LiftTicket,rdfs:subClassOf,http://kbpedia.org/kko/rc/Ticket
http://kbpedia.org/kko/rc/LiftTicket,rdfs:subClassOf,http://kbpedia.org/kko/rc/Paper_IBO
http://kbpedia.org/kko/rc/CancelledCheck,rdfs:subClassOf,http://kbpedia.org/kko/rc/FinancialDocument
http://kbpedia.org/kko/rc/CancelledCheck,rdfs:subClassOf,owl:Thing
http://kbpedia.org/kko/rc/CancelledCheck,rdfs:subClassOf,http://kbpedia.org/kko/rc/Paper_IBO
http://kbpedia.org/kko/rc/USNavalObservatory,rdfs:subClassOf,http://kbpedia.org/kko/rc/Landmark
http://kbpedia.org/kko/rc/USNavalObservatory,rdfs:subClassOf,owl:Thing
http://kbpedia.org/kko/rc/Crowdfunding,rdfs:subClassOf,http://kbpedia.org/kko/rc/FundraisingActivity
http://kbpedia.org/kko/rc/Crowdfunding,rdfs:subClassOf,owl:Thing
http://kbpedia.org/kko/rc/Course_Collegiate,rdfs:subClassOf,http://kbpedia.org/kko/rc/Course_Academic
http://kbpedia.org/kko/rc/Course_Collegiate,rdfs:subClassOf,owl:Thing
http://kbpedia.org/kko/rc/DefensivePosition,rdfs:subClassOf,http://kbpedia.org/kko/rc/CombatPosition
http://kbpedia.org/kko/rc/DefensivePosition,rdfs:subClassOf,owl:Thing
http://kbpedia.org/kko/rc/Fisting,rdfs:subClassOf,http://kbpedia.org/kko/rc/ParaphilicSexualBehavior
http://kbpedia.org/kko/rc/Fisting,rdfs:subClassOf,owl:Thing
http://kbpedia.org/kko/rc/JumboLoan,rdfs:subClassOf,http://kbpedia.org/kko/rc/LoanAgreement
http://kbpedia.org/kko/rc/JumboLoan,rdfs:subClassOf,owl:Thing
http://kbpedia.org/kko/rc/Assets_Economics,rdfs:subClassOf,http://kbpedia.org/ontologies/kko#EconomicSystems
http://kbpedia.org/kko/rc/Assets_Economics,rdfs:subClassOf,owl:Thing
http://kbpedia.org/kko/rc/TowerOfLondon,rdfs:subClassOf,http://kbpedia.org/kko/rc/Landmark
http://kbpedia.org/kko/rc/TowerOfLondon,rdfs:subClassOf,owl:Thing
http://kbpedia.org/kko/rc/RealEstate,rdfs:subClassOf,http://kbpedia.org/kko/rc/RealProperty
http://kbpedia.org/kko/rc/RealEstate,rdfs:subClassOf,owl:Thing
http://kbpedia.org/kko/rc/UnitedStatesVisasByType,rdfs:subClassOf,http://kbpedia.org/kko/rc/Visa_Permit
http://kbpedia.org/kko/rc/UnitedStatesVisasByType,rdfs:subClassOf,owl:Thing
http://kbpedia.org/kko/rc/TeacherTrainingProgram,rdfs:subClassOf,http://kbpedia.org/kko/rc/NonScientificVocationalTrainingService
http://kbpedia.org/kko/rc/TeacherTrainingProgram,rdfs:subClassOf,owl:Thing
http://kbpedia.org/kko/rc/TeacherTrainingProgram,rdfs:subClassOf,http://kbpedia.org/kko/rc/TeacherTraining
http://kbpedia.org/kko/rc/Stock,rdfs:subClassOf,http://kbpedia.org/kko/rc/Equity_Security
http://kbpedia.org/kko/rc/Stock,rdfs:subClassOf,owl:Thing
http://kbpedia.org/kko/rc/PledgeAccountMortgage,rdfs:subClassOf,http://kbpedia.org/kko/rc/MortgageAgreement
http://kbpedia.org/kko/rc/PledgeAccountMortgage,rdfs:subClassOf,owl:Thing
http://kbpedia.org/kko/rc/Course_Online,rdfs:subClassOf,http://kbpedia.org/kko/rc/Course_Academic
http://kbpedia.org/kko/rc/Course_Online,rdfs:subClassOf,owl:Thing
http://kbpedia.org/kko/rc/UnemploymentByCountry,rdfs:subClassOf,http://kbpedia.org/kko/rc/Unemployment
http://kbpedia.org/kko/rc/UnemploymentByCountry,rdfs:subClassOf,owl:Thing
http://kbpedia.org/kko/rc/MarinaSite,rdfs:subClassOf,http://kbpedia.org/kko/rc/IndustrialLandParcel
http://kbpedia.org/kko/rc/MarinaSite,rdfs:subClassOf,owl:Thing
http://kbpedia.org/kko/rc/YahooGames,rdfs:subClassOf,http://kbpedia.org/kko/rc/OnlineGameService
http://kbpedia.org/kko/rc/YahooGames,rdfs:subClassOf,owl:Thing
http://kbpedia.org/kko/rc/Assets_Possession,rdfs:subClassOf,http://kbpedia.org/kko/rc/Assets_Economics
http://kbpedia.org/kko/rc/Assets_Possession,rdfs:subClassOf,owl:Thing
http://kbpedia.org/kko/rc/AssignmentOfDebt,rdfs:subClassOf,http://kbpedia.org/kko/rc/BusinessRelationshipActivity
http://kbpedia.org/kko/rc/AssignmentOfDebt,rdfs:subClassOf,owl:Thing
http://kbpedia.org/kko/rc/GroundsOfOrganization,rdfs:subClassOf,http://kbpedia.org/kko/rc/OutdoorLocation
http://kbpedia.org/kko/rc/GroundsOfOrganization,rdfs:subClassOf,owl:Thing
http://kbpedia.org/kko/rc/GroundsOfOrganization,rdfs:subClassOf,http://kbpedia.org/kko/rc/RealEstate
http://kbpedia.org/kko/rc/House_Modern,rdfs:subClassOf,http://kbpedia.org/kko/rc/ResidentialBuilding
http://kbpedia.org/kko/rc/House_Modern,rdfs:subClassOf,owl:Thing
http://kbpedia.org/kko/rc/Dormitory,rdfs:subClassOf,http://kbpedia.org/kko/rc/HumanHighOccupancyConstruct
http://kbpedia.org/kko/rc/Dormitory,rdfs:subClassOf,owl:Thing
http://kbpedia.org/kko/rc/Dormitory,rdfs:subClassOf,http://kbpedia.org/kko/rc/MultiFamilyHousing
http://kbpedia.org/kko/rc/Dormitory,rdfs:subClassOf,http://kbpedia.org/kko/rc/HumanResidence
http://kbpedia.org/kko/rc/PrivatelyOwnedPublicSpace,rdfs:subClassOf,http://kbpedia.org/kko/rc/RealEstate
http://kbpedia.org/kko/rc/PrivatelyOwnedPublicSpace,rdfs:subClassOf,owl:Thing
http://kbpedia.org/kko/rc/OwnershipAgreement,rdfs:subClassOf,http://kbpedia.org/kko/rc/EconomicAgreement
http://kbpedia.org/kko/rc/OwnershipAgreement,rdfs:subClassOf,owl:Thing
http://kbpedia.org/kko/rc/PennyCoin_US,rdfs:subClassOf,http://kbpedia.org/kko/rc/Coin_US
http://kbpedia.org/kko/rc/PennyCoin_US,rdfs:subClassOf,owl:Thing
http://kbpedia.org/kko/rc/PublicProperty,rdfs:subClassOf,http://kbpedia.org/kko/rc/RealProperty
http://kbpedia.org/kko/rc/PublicProperty,rdfs:subClassOf,owl:Thing
http://kbpedia.org/kko/rc/AgriculturalFacility,rdfs:subClassOf,http://kbpedia.org/kko/rc/AgriculturalBuildingStructure
http://kbpedia.org/kko/rc/AgriculturalFacility,rdfs:subClassOf,owl:Thing
http://kbpedia.org/kko/rc/AgriculturalFacility,rdfs:subClassOf,http://kbpedia.org/kko/rc/GroundsOfOrganization
http://kbpedia.org/kko/rc/AgriculturalFacility,rdfs:subClassOf,http://kbpedia.org/kko/rc/Facility_Construct
http://kbpedia.org/kko/rc/ApartmentBuilding,rdfs:subClassOf,http://kbpedia.org/kko/rc/ApartmentComplex
http://kbpedia.org/kko/rc/ApartmentBuilding,rdfs:subClassOf,owl:Thing
http://kbpedia.org/kko/rc/ApartmentBuilding,rdfs:subClassOf,http://kbpedia.org/kko/rc/MultiFamilyHousing
http://kbpedia.org/kko/rc/ApartmentBuilding,rdfs:subClassOf,http://kbpedia.org/kko/rc/ResidentialBuilding
http://kbpedia.org/kko/rc/NationalZoologicalPark,rdfs:subClassOf,http://kbpedia.org/kko/rc/Landmark
http://kbpedia.org/kko/rc/NationalZoologicalPark,rdfs:subClassOf,owl:Thing
http://kbpedia.org/kko/rc/GovernmentGuaranteedMortgageInsurance,rdfs:subClassOf,http://kbpedia.org/kko/rc/MortgageInsurance
http://kbpedia.org/kko/rc/GovernmentGuaranteedMortgageInsurance,rdfs:subClassOf,owl:Thing
http://kbpedia.org/kko/rc/CorporateConduct,rdfs:subClassOf,http://kbpedia.org/kko/rc/OrganizationPolicy
http://kbpedia.org/kko/rc/CorporateConduct,rdfs:subClassOf,owl:Thing
http://kbpedia.org/kko/rc/Coprophilia,rdfs:subClassOf,http://kbpedia.org/kko/rc/ParaphilicSexualBehavior
http://kbpedia.org/kko/rc/Coprophilia,rdfs:subClassOf,owl:Thing
http://kbpedia.org/kko/rc/Indoctrination_Script,rdfs:subClassOf,http://kbpedia.org/kko/rc/Education
http://kbpedia.org/kko/rc/Indoctrination_Script,rdfs:subClassOf,owl:Thing
http://kbpedia.org/kko/rc/ReviewableRateMortgage,rdfs:subClassOf,http://kbpedia.org/kko/rc/AdjustableRateMortgage
http://kbpedia.org/kko/rc/ReviewableRateMortgage,rdfs:subClassOf,owl:Thing
http://kbpedia.org/kko/rc/DiscountLoan,rdfs:subClassOf,http://kbpedia.org/kko/rc/LoanAgreement
http://kbpedia.org/kko/rc/DiscountLoan,rdfs:subClassOf,owl:Thing
http://kbpedia.org/kko/rc/MarineBase_Grounds,rdfs:subClassOf,http://kbpedia.org/kko/rc/MilitaryBase_Grounds
http://kbpedia.org/kko/rc/MarineBase_Grounds,rdfs:subClassOf,owl:Thing
http://kbpedia.org/kko/rc/MedicalResidencyProgram,rdfs:subClassOf,http://kbpedia.org/kko/rc/GraduateProgram
http://kbpedia.org/kko/rc/MedicalResidencyProgram,rdfs:subClassOf,owl:Thing
http://kbpedia.org/kko/rc/SingleFamilyResidence,rdfs:subClassOf,http://kbpedia.org/kko/rc/ResidentialBuilding
http://kbpedia.org/kko/rc/SingleFamilyResidence,rdfs:subClassOf,owl:Thing
http://kbpedia.org/kko/rc/RevolvingLoan,rdfs:subClassOf,http://kbpedia.org/kko/rc/FixedTimeLoan
http://kbpedia.org/kko/rc/RevolvingLoan,rdfs:subClassOf,owl:Thing
http://kbpedia.org/kko/rc/RevolvingLoan,rdfs:subClassOf,http://kbpedia.org/kko/rc/LineOfCredit
http://kbpedia.org/kko/rc/SchoolForPeopleOnTheAutisticSpectrum,rdfs:subClassOf,http://kbpedia.org/kko/rc/SpecialEducationForHandicapped
http://kbpedia.org/kko/rc/SchoolForPeopleOnTheAutisticSpectrum,rdfs:subClassOf,owl:Thing
http://kbpedia.org/kko/rc/FreshmanCourseLevel,rdfs:subClassOf,http://kbpedia.org/kko/rc/UndergraduateCourseLevel
http://kbpedia.org/kko/rc/FreshmanCourseLevel,rdfs:subClassOf,owl:Thing
http://kbpedia.org/kko/rc/TreeHouse,rdfs:subClassOf,http://kbpedia.org/kko/rc/PlayhouseClubhouse
http://kbpedia.org/kko/rc/TreeHouse,rdfs:subClassOf,owl:Thing
http://kbpedia.org/kko/rc/TreeHouse,rdfs:subClassOf,http://kbpedia.org/kko/rc/PrefabricatedResidentialBuildingStructure
http://kbpedia.org/kko/rc/AmericanWaterLandmark,rdfs:subClassOf,http://kbpedia.org/kko/rc/Landmark
http://kbpedia.org/kko/rc/AmericanWaterLandmark,rdfs:subClassOf,owl:Thing
http://kbpedia.org/kko/rc/HomeImprovementLoan,rdfs:subClassOf,http://kbpedia.org/kko/rc/RealEstateLoan
http://kbpedia.org/kko/rc/HomeImprovementLoan,rdfs:subClassOf,owl:Thing
http://kbpedia.org/kko/rc/HomeImprovementLoan,rdfs:subClassOf,http://kbpedia.org/kko/rc/LoanAgreement
http://kbpedia.org/kko/rc/DentalWorkStation,rdfs:subClassOf,http://kbpedia.org/kko/rc/WorkStation
http://kbpedia.org/kko/rc/DentalWorkStation,rdfs:subClassOf,owl:Thing
http://kbpedia.org/kko/rc/EducationalStage,rdfs:subClassOf,http://kbpedia.org/kko/rc/Education
http://kbpedia.org/kko/rc/EducationalStage,rdfs:subClassOf,owl:Thing
http://kbpedia.org/kko/rc/InsurancePolicyDocument,rdfs:subClassOf,http://kbpedia.org/kko/rc/ContractDocument
http://kbpedia.org/kko/rc/InsurancePolicyDocument,rdfs:subClassOf,owl:Thing
http://kbpedia.org/kko/rc/WorldDigitalLibrary,rdfs:subClassOf,http://kbpedia.org/kko/rc/LibraryHoldings
http://kbpedia.org/kko/rc/WorldDigitalLibrary,rdfs:subClassOf,owl:Thing
http://kbpedia.org/kko/rc/DormitoryParcel,rdfs:subClassOf,http://kbpedia.org/kko/rc/ResidentialLandParcel
http://kbpedia.org/kko/rc/DormitoryParcel,rdfs:subClassOf,owl:Thing
http://kbpedia.org/kko/rc/BioscienceEducation,rdfs:subClassOf,http://kbpedia.org/kko/rc/ScienceEducation
http://kbpedia.org/kko/rc/BioscienceEducation,rdfs:subClassOf,owl:Thing
http://kbpedia.org/kko/rc/SpecialEducationByCountry,rdfs:subClassOf,http://kbpedia.org/kko/rc/SpecialEducationForHandicapped
http://kbpedia.org/kko/rc/SpecialEducationByCountry,rdfs:subClassOf,owl:Thing
http://kbpedia.org/kko/rc/CounterfeitCurrency,rdfs:subClassOf,http://kbpedia.org/kko/rc/Money_DevisedPractice
http://kbpedia.org/kko/rc/CounterfeitCurrency,rdfs:subClassOf,owl:Thing
http://kbpedia.org/kko/rc/CounterfeitCurrency,rdfs:subClassOf,http://kbpedia.org/kko/rc/HumanAccessibleIBO
http://kbpedia.org/kko/rc/GoldStandard,rdfs:subClassOf,http://kbpedia.org/kko/rc/MonetaryEconomics
http://kbpedia.org/kko/rc/GoldStandard,rdfs:subClassOf,owl:Thing
http://kbpedia.org/kko/rc/MedicalEducation,rdfs:subClassOf,http://kbpedia.org/kko/rc/EducationByTopic
http://kbpedia.org/kko/rc/MedicalEducation,rdfs:subClassOf,owl:Thing
http://kbpedia.org/kko/rc/Replica,rdfs:subClassOf,http://kbpedia.org/kko/rc/Forgery
http://kbpedia.org/kko/rc/Replica,rdfs:subClassOf,owl:Thing
http://kbpedia.org/kko/rc/FairIsaacCreditScoring,rdfs:subClassOf,http://kbpedia.org/kko/rc/CreditScoring
http://kbpedia.org/kko/rc/FairIsaacCreditScoring,rdfs:subClassOf,owl:Thing
http://kbpedia.org/kko/rc/OnTheSpotLoan,rdfs:subClassOf,http://kbpedia.org/kko/rc/LineOfCredit
http://kbpedia.org/kko/rc/OnTheSpotLoan,rdfs:subClassOf,owl:Thing
http://kbpedia.org/kko/rc/Mission_MissionaryCompound,rdfs:subClassOf,http://kbpedia.org/kko/rc/TouristAttraction
http://kbpedia.org/kko/rc/Mission_MissionaryCompound,rdfs:subClassOf,owl:Thing
http://kbpedia.org/kko/rc/Mission_MissionaryCompound,rdfs:subClassOf,http://kbpedia.org/kko/rc/FixedStructure
http://kbpedia.org/kko/rc/Passport,rdfs:subClassOf,http://kbpedia.org/kko/rc/AuthorizedAgreement
http://kbpedia.org/kko/rc/Passport,rdfs:subClassOf,owl:Thing
http://kbpedia.org/kko/rc/Passport,rdfs:subClassOf,http://kbpedia.org/kko/rc/CertificateDocument
http://kbpedia.org/kko/rc/Passport,rdfs:subClassOf,http://kbpedia.org/kko/rc/LegalDocument
http://kbpedia.org/kko/rc/Passport,rdfs:subClassOf,http://kbpedia.org/kko/rc/NationalIDDocument
http://kbpedia.org/kko/rc/Passport,rdfs:subClassOf,http://kbpedia.org/kko/rc/IDDocument
http://kbpedia.org/kko/rc/WaterFrontProperty,rdfs:subClassOf,http://kbpedia.org/kko/rc/LandParcel
http://kbpedia.org/kko/rc/WaterFrontProperty,rdfs:subClassOf,owl:Thing
http://kbpedia.org/kko/rc/DentistryEducation,rdfs:subClassOf,http://kbpedia.org/kko/rc/MedicalEducation
http://kbpedia.org/kko/rc/DentistryEducation,rdfs:subClassOf,owl:Thing
http://kbpedia.org/kko/rc/ExchangeTradedSecurity,rdfs:subClassOf,http://kbpedia.org/kko/rc/TradeableSecurity
http://kbpedia.org/kko/rc/ExchangeTradedSecurity,rdfs:subClassOf,owl:Thing
http://kbpedia.org/kko/rc/GarnisheeOrder,rdfs:subClassOf,http://kbpedia.org/kko/rc/Writ
http://kbpedia.org/kko/rc/GarnisheeOrder,rdfs:subClassOf,owl:Thing
http://kbpedia.org/kko/rc/Boatyard,rdfs:subClassOf,http://kbpedia.org/kko/rc/CommercialLandParcel
http://kbpedia.org/kko/rc/Boatyard,rdfs:subClassOf,owl:Thing
http://kbpedia.org/kko/rc/Boatyard,rdfs:subClassOf,http://kbpedia.org/kko/rc/Outdoors_ExposedToWeather
http://kbpedia.org/kko/rc/Boatyard,rdfs:subClassOf,http://kbpedia.org/kko/rc/Shipyard
http://kbpedia.org/kko/rc/Boatyard,rdfs:subClassOf,http://kbpedia.org/kko/rc/Workplace
http://kbpedia.org/kko/rc/SecondaryFinancing,rdfs:subClassOf,http://kbpedia.org/kko/rc/FinancingByBorrowing
http://kbpedia.org/kko/rc/SecondaryFinancing,rdfs:subClassOf,owl:Thing
http://kbpedia.org/kko/rc/VehicleInsurance,rdfs:subClassOf,http://kbpedia.org/kko/rc/InsurancePlan
http://kbpedia.org/kko/rc/VehicleInsurance,rdfs:subClassOf,owl:Thing
http://kbpedia.org/kko/rc/TrainingCamp,rdfs:subClassOf,http://kbpedia.org/kko/rc/Campsite
http://kbpedia.org/kko/rc/TrainingCamp,rdfs:subClassOf,owl:Thing
http://kbpedia.org/kko/rc/TrainingCamp,rdfs:subClassOf,http://kbpedia.org/kko/rc/GroundsOfOrganization
http://kbpedia.org/kko/rc/SewingWorkStation,rdfs:subClassOf,http://kbpedia.org/kko/rc/WorkStation
http://kbpedia.org/kko/rc/SewingWorkStation,rdfs:subClassOf,owl:Thing
http://kbpedia.org/kko/rc/BusinessAdministration,rdfs:subClassOf,http://kbpedia.org/kko/rc/BusinessActivity
http://kbpedia.org/kko/rc/BusinessAdministration,rdfs:subClassOf,owl:Thing
http://kbpedia.org/kko/rc/BusinessAdministration,rdfs:subClassOf,http://kbpedia.org/kko/rc/EconomicsFieldOfStudy
http://kbpedia.org/kko/rc/RoadsideStation_Japan,rdfs:subClassOf,http://kbpedia.org/kko/rc/RestArea
http://kbpedia.org/kko/rc/RoadsideStation_Japan,rdfs:subClassOf,owl:Thing
http://kbpedia.org/kko/rc/StaffModelHMOPlan,rdfs:subClassOf,http://kbpedia.org/kko/rc/MedicalInsurance
http://kbpedia.org/kko/rc/StaffModelHMOPlan,rdfs:subClassOf,owl:Thing
http://kbpedia.org/kko/rc/MuseumHoldings,rdfs:subClassOf,http://kbpedia.org/kko/rc/Holdings
http://kbpedia.org/kko/rc/MuseumHoldings,rdfs:subClassOf,owl:Thing
http://kbpedia.org/kko/rc/TiananmenSquare,rdfs:subClassOf,http://kbpedia.org/kko/rc/TownSquare
http://kbpedia.org/kko/rc/TiananmenSquare,rdfs:subClassOf,owl:Thing
http://kbpedia.org/kko/rc/RetailStoreSpace,rdfs:subClassOf,http://kbpedia.org/kko/rc/CommercialPublicPlace
http://kbpedia.org/kko/rc/RetailStoreSpace,rdfs:subClassOf,owl:Thing
http://kbpedia.org/kko/rc/RetailStoreSpace,rdfs:subClassOf,http://kbpedia.org/kko/rc/CommercialSpace
http://kbpedia.org/kko/rc/RetailStoreSpace,rdfs:subClassOf,http://kbpedia.org/kko/rc/MultiRoomUnit
http://kbpedia.org/kko/rc/RetailStoreSpace,rdfs:subClassOf,http://kbpedia.org/kko/rc/RetailOutlet
http://kbpedia.org/kko/rc/RetailStoreSpace,rdfs:subClassOf,http://kbpedia.org/kko/rc/SpaceInAHOC
http://kbpedia.org/kko/rc/CharityFundraiser,rdfs:subClassOf,http://kbpedia.org/kko/rc/FundraisingActivity
http://kbpedia.org/kko/rc/CharityFundraiser,rdfs:subClassOf,owl:Thing
http://kbpedia.org/kko/rc/TeacherTraining,rdfs:subClassOf,http://kbpedia.org/kko/rc/Training
http://kbpedia.org/kko/rc/TeacherTraining,rdfs:subClassOf,owl:Thing
http://kbpedia.org/kko/rc/TradeableSecurity,rdfs:subClassOf,http://kbpedia.org/kko/rc/AuthorizedAgreement
http://kbpedia.org/kko/rc/TradeableSecurity,rdfs:subClassOf,owl:Thing
http://kbpedia.org/kko/rc/TradeableSecurity,rdfs:subClassOf,http://kbpedia.org/kko/rc/FinancialAsset
http://kbpedia.org/kko/rc/TradeableSecurity,rdfs:subClassOf,http://kbpedia.org/kko/rc/InvestmentVehicle
http://kbpedia.org/kko/rc/MoneyTransfer,rdfs:subClassOf,http://kbpedia.org/kko/rc/ExchangeOfUserRights
http://kbpedia.org/kko/rc/MoneyTransfer,rdfs:subClassOf,owl:Thing
http://kbpedia.org/kko/rc/Reward,rdfs:subClassOf,http://kbpedia.org/kko/rc/GainingUserRights
http://kbpedia.org/kko/rc/Reward,rdfs:subClassOf,owl:Thing
http://kbpedia.org/kko/rc/Fairgrounds,rdfs:subClassOf,http://kbpedia.org/kko/rc/CommercialLandParcel
http://kbpedia.org/kko/rc/Fairgrounds,rdfs:subClassOf,owl:Thing
http://kbpedia.org/kko/rc/Fairgrounds,rdfs:subClassOf,http://kbpedia.org/kko/rc/OutdoorRecreationArea
http://kbpedia.org/kko/rc/HigherEducationCOS,rdfs:subClassOf,http://kbpedia.org/kko/rc/CourseOfStudy
http://kbpedia.org/kko/rc/HigherEducationCOS,rdfs:subClassOf,owl:Thing
http://kbpedia.org/kko/rc/ResortFacility,rdfs:subClassOf,http://kbpedia.org/kko/rc/EconomicRegion
http://kbpedia.org/kko/rc/ResortFacility,rdfs:subClassOf,owl:Thing
http://kbpedia.org/kko/rc/ResortFacility,rdfs:subClassOf,http://kbpedia.org/kko/rc/TouristAttraction
http://kbpedia.org/kko/rc/ResortFacility,rdfs:subClassOf,http://kbpedia.org/kko/rc/LeisureFacility
http://kbpedia.org/kko/rc/InwardInvestment,rdfs:subClassOf,http://kbpedia.org/kko/rc/Investment
http://kbpedia.org/kko/rc/InwardInvestment,rdfs:subClassOf,owl:Thing
http://kbpedia.org/kko/rc/WildernessPark,rdfs:subClassOf,http://kbpedia.org/kko/rc/Park
http://kbpedia.org/kko/rc/WildernessPark,rdfs:subClassOf,owl:Thing
http://kbpedia.org/kko/rc/WildernessPark,rdfs:subClassOf,http://kbpedia.org/kko/rc/Reserve_OutdoorRegion
http://kbpedia.org/kko/rc/FinancialPlanning,rdfs:subClassOf,http://kbpedia.org/kko/rc/FinancialActivity
http://kbpedia.org/kko/rc/FinancialPlanning,rdfs:subClassOf,owl:Thing
http://kbpedia.org/kko/rc/FinancialPlanning,rdfs:subClassOf,http://kbpedia.org/kko/rc/Planning
http://kbpedia.org/kko/rc/SwedishLanguageEducation,rdfs:subClassOf,http://kbpedia.org/kko/rc/LanguageEducation
http://kbpedia.org/kko/rc/SwedishLanguageEducation,rdfs:subClassOf,owl:Thing
http://kbpedia.org/kko/rc/BeachResort_Attraction,rdfs:subClassOf,http://kbpedia.org/kko/rc/ResortFacility
http://kbpedia.org/kko/rc/BeachResort_Attraction,rdfs:subClassOf,owl:Thing
http://kbpedia.org/kko/rc/Entrepreneurship,rdfs:subClassOf,http://kbpedia.org/kko/rc/BusinessActivity
http://kbpedia.org/kko/rc/Entrepreneurship,rdfs:subClassOf,owl:Thing
http://kbpedia.org/kko/rc/Entrepreneurship,rdfs:subClassOf,http://kbpedia.org/kko/rc/BusinessRelatedThing
http://kbpedia.org/kko/rc/MailAndWireFraud,rdfs:subClassOf,http://kbpedia.org/kko/rc/Fraud
http://kbpedia.org/kko/rc/MailAndWireFraud,rdfs:subClassOf,owl:Thing
http://kbpedia.org/kko/rc/FinanciallySolvent,rdfs:subClassOf,http://kbpedia.org/kko/rc/EconomicalQuantity
http://kbpedia.org/kko/rc/FinanciallySolvent,rdfs:subClassOf,owl:Thing
http://kbpedia.org/kko/rc/FinanciallySolvent,rdfs:subClassOf,http://kbpedia.org/kko/rc/FinancialCondition
http://kbpedia.org/kko/rc/CreditCardInsurance,rdfs:subClassOf,http://kbpedia.org/kko/rc/InsurancePlan
http://kbpedia.org/kko/rc/CreditCardInsurance,rdfs:subClassOf,owl:Thing
http://kbpedia.org/kko/rc/SailTraining,rdfs:subClassOf,http://kbpedia.org/kko/rc/MilitaryEducationAndTraining
http://kbpedia.org/kko/rc/SailTraining,rdfs:subClassOf,owl:Thing
http://kbpedia.org/kko/rc/SailTraining,rdfs:subClassOf,http://kbpedia.org/kko/rc/Sailing
http://kbpedia.org/kko/rc/SailTraining,rdfs:subClassOf,http://kbpedia.org/kko/rc/Training
http://kbpedia.org/kko/rc/ExchangeOfUserRights,rdfs:subClassOf,http://kbpedia.org/kko/rc/ChangeInUserRights
http://kbpedia.org/kko/rc/ExchangeOfUserRights,rdfs:subClassOf,owl:Thing
http://kbpedia.org/kko/rc/ExchangeOfUserRights,rdfs:subClassOf,http://kbpedia.org/kko/rc/SocialAction
http://kbpedia.org/kko/rc/ExchangeOfUserRights,rdfs:subClassOf,http://kbpedia.org/kko/rc/Transaction
http://kbpedia.org/kko/rc/MortgageCertificate,rdfs:subClassOf,http://kbpedia.org/kko/rc/FinancialDocument
http://kbpedia.org/kko/rc/MortgageCertificate,rdfs:subClassOf,owl:Thing
http://kbpedia.org/kko/rc/MortgageCertificate,rdfs:subClassOf,http://kbpedia.org/kko/rc/WrittenLegalAgreement
http://kbpedia.org/kko/rc/AcadiaNationalPark,rdfs:subClassOf,http://kbpedia.org/kko/rc/NationalPark
http://kbpedia.org/kko/rc/AcadiaNationalPark,rdfs:subClassOf,owl:Thing
http://kbpedia.org/kko/rc/TownSquare,rdfs:subClassOf,http://kbpedia.org/kko/rc/Park
http://kbpedia.org/kko/rc/TownSquare,rdfs:subClassOf,owl:Thing
http://kbpedia.org/kko/rc/TownSquare,rdfs:subClassOf,http://kbpedia.org/kko/rc/Person_SupportingObject
http://kbpedia.org/kko/rc/MountRainierNationalPark,rdfs:subClassOf,http://kbpedia.org/kko/rc/NationalPark
http://kbpedia.org/kko/rc/MountRainierNationalPark,rdfs:subClassOf,owl:Thing
http://kbpedia.org/kko/rc/CreditCardAgreement,rdfs:subClassOf,http://kbpedia.org/kko/rc/AgreementForOngoingService
http://kbpedia.org/kko/rc/CreditCardAgreement,rdfs:subClassOf,owl:Thing
http://kbpedia.org/kko/rc/CreditCardAgreement,rdfs:subClassOf,http://kbpedia.org/kko/rc/Loan_WrittenLegalAgreement
http://kbpedia.org/kko/rc/CreditCardAgreement,rdfs:subClassOf,http://kbpedia.org/kko/rc/RevolvingLoan
http://kbpedia.org/kko/rc/CreditCardAgreement,rdfs:subClassOf,http://kbpedia.org/kko/rc/AuthorizedAgreement
http://kbpedia.org/kko/rc/PanelizedHome,rdfs:subClassOf,http://kbpedia.org/kko/rc/FactoryBuiltHome
http://kbpedia.org/kko/rc/PanelizedHome,rdfs:subClassOf,owl:Thing
http://kbpedia.org/kko/rc/Visa_Permit_Student,rdfs:subClassOf,http://kbpedia.org/kko/rc/Visa_Permit
http://kbpedia.org/kko/rc/Visa_Permit_Student,rdfs:subClassOf,owl:Thing
http://kbpedia.org/kko/rc/Sharing,rdfs:subClassOf,http://kbpedia.org/kko/rc/GainingUserRights
http://kbpedia.org/kko/rc/Sharing,rdfs:subClassOf,owl:Thing
http://kbpedia.org/kko/rc/Sharing,rdfs:subClassOf,http://kbpedia.org/kko/rc/MakingSomethingAvailable
http://kbpedia.org/kko/rc/Sharing,rdfs:subClassOf,http://kbpedia.org/kko/rc/TemporaryChangeOfUserRights
http://kbpedia.org/kko/rc/FormerInterstateHighway,rdfs:subClassOf,http://kbpedia.org/kko/rc/InterstateHighway
http://kbpedia.org/kko/rc/FormerInterstateHighway,rdfs:subClassOf,owl:Thing
http://kbpedia.org/kko/rc/AmusementPark,rdfs:subClassOf,http://kbpedia.org/kko/rc/TouristAttraction
http://kbpedia.org/kko/rc/AmusementPark,rdfs:subClassOf,owl:Thing
http://kbpedia.org/kko/rc/AmusementPark,rdfs:subClassOf,http://kbpedia.org/kko/rc/OutdoorRecreationArea
http://kbpedia.org/kko/rc/Garnishment,rdfs:subClassOf,http://kbpedia.org/kko/rc/FinancialActivity
http://kbpedia.org/kko/rc/Garnishment,rdfs:subClassOf,owl:Thing
http://kbpedia.org/kko/rc/Note_Mortgage,rdfs:subClassOf,http://kbpedia.org/kko/rc/FinancialDocument
http://kbpedia.org/kko/rc/Note_Mortgage,rdfs:subClassOf,owl:Thing
http://kbpedia.org/kko/rc/Note_Mortgage,rdfs:subClassOf,http://kbpedia.org/kko/rc/OfficialDocument
http://kbpedia.org/kko/rc/EuropeanIntegration,rdfs:subClassOf,http://kbpedia.org/kko/rc/EconomicIntegration
http://kbpedia.org/kko/rc/EuropeanIntegration,rdfs:subClassOf,owl:Thing
http://kbpedia.org/kko/rc/CommercialLandParcel,rdfs:subClassOf,http://kbpedia.org/kko/rc/LandParcel
http://kbpedia.org/kko/rc/CommercialLandParcel,rdfs:subClassOf,owl:Thing
http://kbpedia.org/kko/rc/RaceAndEducation,rdfs:subClassOf,http://kbpedia.org/kko/rc/EducationIssue
http://kbpedia.org/kko/rc/RaceAndEducation,rdfs:subClassOf,owl:Thing
http://kbpedia.org/kko/rc/CondominiumParcel,rdfs:subClassOf,http://kbpedia.org/kko/rc/ResidentialLandParcel
http://kbpedia.org/kko/rc/CondominiumParcel,rdfs:subClassOf,owl:Thing
http://kbpedia.org/kko/rc/OppositionToSameSexMarriage,rdfs:subClassOf,http://kbpedia.org/kko/rc/SameSexMarriage
http://kbpedia.org/kko/rc/OppositionToSameSexMarriage,rdfs:subClassOf,owl:Thing
http://kbpedia.org/kko/rc/UnpaidLeaveAccount,rdfs:subClassOf,http://kbpedia.org/kko/rc/WorkAccount
http://kbpedia.org/kko/rc/UnpaidLeaveAccount,rdfs:subClassOf,owl:Thing
http://kbpedia.org/kko/rc/Park,rdfs:subClassOf,http://kbpedia.org/kko/rc/OutdoorRecreationArea
http://kbpedia.org/kko/rc/Park,rdfs:subClassOf,owl:Thing
http://kbpedia.org/kko/rc/Park,rdfs:subClassOf,http://kbpedia.org/kko/rc/PublicProperty
http://kbpedia.org/kko/rc/LogCabin,rdfs:subClassOf,http://kbpedia.org/kko/rc/Cabin
http://kbpedia.org/kko/rc/LogCabin,rdfs:subClassOf,owl:Thing
http://kbpedia.org/kko/rc/InternetService,rdfs:subClassOf,http://kbpedia.org/kko/rc/ComputerService
http://kbpedia.org/kko/rc/InternetService,rdfs:subClassOf,owl:Thing
http://kbpedia.org/kko/rc/InternetService,rdfs:subClassOf,http://kbpedia.org/kko/rc/SubscriberService
http://kbpedia.org/kko/rc/InternetService,rdfs:subClassOf,http://kbpedia.org/kko/rc/TechnologyServicesAgreement_Ongoing
http://kbpedia.org/kko/rc/InternetService,rdfs:subClassOf,http://kbpedia.org/kko/rc/Account_LegalAgreement
http://kbpedia.org/kko/rc/SouthernCaliforniaFreeway,rdfs:subClassOf,http://kbpedia.org/kko/rc/Freeway
http://kbpedia.org/kko/rc/SouthernCaliforniaFreeway,rdfs:subClassOf,owl:Thing
http://kbpedia.org/kko/rc/GrainSilo,rdfs:subClassOf,http://kbpedia.org/kko/rc/Facility_Agricultural
http://kbpedia.org/kko/rc/GrainSilo,rdfs:subClassOf,owl:Thing
http://kbpedia.org/kko/rc/GrainSilo,rdfs:subClassOf,http://kbpedia.org/kko/rc/FoodStorageContainer
http://kbpedia.org/kko/rc/GrainSilo,rdfs:subClassOf,http://kbpedia.org/kko/rc/StorageTower
http://kbpedia.org/kko/rc/GrainSilo,rdfs:subClassOf,http://kbpedia.org/kko/rc/StorageConstruct
http://kbpedia.org/kko/rc/IntangibleAsset,rdfs:subClassOf,http://kbpedia.org/kko/rc/Assets_Possession
http://kbpedia.org/kko/rc/IntangibleAsset,rdfs:subClassOf,owl:Thing
http://kbpedia.org/kko/rc/TitleInsurance,rdfs:subClassOf,http://kbpedia.org/kko/rc/InsurancePlan
http://kbpedia.org/kko/rc/TitleInsurance,rdfs:subClassOf,owl:Thing
http://kbpedia.org/kko/rc/TitleInsurance,rdfs:subClassOf,http://kbpedia.org/kko/rc/PropertyInsuranceContract
http://kbpedia.org/kko/rc/MortgageBanking,rdfs:subClassOf,http://kbpedia.org/kko/rc/BankingInvestment
http://kbpedia.org/kko/rc/MortgageBanking,rdfs:subClassOf,owl:Thing
http://kbpedia.org/kko/rc/MortgageBanking,rdfs:subClassOf,http://kbpedia.org/kko/rc/FinancialActivity
http://kbpedia.org/kko/rc/BlueChipStock,rdfs:subClassOf,http://kbpedia.org/kko/rc/Stock
http://kbpedia.org/kko/rc/BlueChipStock,rdfs:subClassOf,owl:Thing
http://kbpedia.org/kko/rc/PensionRelease,rdfs:subClassOf,http://kbpedia.org/kko/rc/FinancialActivity
http://kbpedia.org/kko/rc/PensionRelease,rdfs:subClassOf,owl:Thing
http://kbpedia.org/kko/rc/GoldenGateBridge,rdfs:subClassOf,http://kbpedia.org/kko/rc/Bridge
http://kbpedia.org/kko/rc/GoldenGateBridge,rdfs:subClassOf,owl:Thing
http://kbpedia.org/kko/rc/GoldenGateBridge,rdfs:subClassOf,http://kbpedia.org/kko/rc/Landmark
http://kbpedia.org/kko/rc/Rollout,rdfs:subClassOf,http://kbpedia.org/kko/rc/BusinessActivity
http://kbpedia.org/kko/rc/Rollout,rdfs:subClassOf,owl:Thing
http://kbpedia.org/kko/rc/Rollout,rdfs:subClassOf,http://kbpedia.org/kko/rc/PurposefulAction
http://kbpedia.org/kko/rc/CreditCard_NonRevolvingAccount,rdfs:subClassOf,http://kbpedia.org/kko/rc/CreditCard
http://kbpedia.org/kko/rc/CreditCard_NonRevolvingAccount,rdfs:subClassOf,owl:Thing
http://kbpedia.org/kko/rc/JuteMill,rdfs:subClassOf,http://kbpedia.org/kko/rc/AgriculturalSortingCleaningMachinery
http://kbpedia.org/kko/rc/JuteMill,rdfs:subClassOf,owl:Thing
http://kbpedia.org/kko/rc/JuteMill,rdfs:subClassOf,http://kbpedia.org/kko/rc/Mill_ManufacturingFacility
http://kbpedia.org/kko/rc/EducationalSystem,rdfs:subClassOf,http://kbpedia.org/kko/rc/System
http://kbpedia.org/kko/rc/EducationalSystem,rdfs:subClassOf,owl:Thing
http://kbpedia.org/kko/rc/EducationalSystem,rdfs:subClassOf,http://kbpedia.org/ontologies/kko#SocialSystems
http://kbpedia.org/kko/rc/SepticDrainfield,rdfs:subClassOf,http://kbpedia.org/kko/rc/LandParcel
http://kbpedia.org/kko/rc/SepticDrainfield,rdfs:subClassOf,owl:Thing
http://kbpedia.org/kko/rc/PestControlLicense,rdfs:subClassOf,http://kbpedia.org/kko/rc/License_LegalAgreement
http://kbpedia.org/kko/rc/PestControlLicense,rdfs:subClassOf,owl:Thing
http://kbpedia.org/kko/rc/MutualFundShare,rdfs:subClassOf,http://kbpedia.org/kko/rc/TradeableSecurity
http://kbpedia.org/kko/rc/MutualFundShare,rdfs:subClassOf,owl:Thing
http://kbpedia.org/kko/rc/MutualFundShare,rdfs:subClassOf,http://kbpedia.org/kko/rc/AuthorizedAgreement
http://kbpedia.org/kko/rc/DefenseCooperationAgreement_Mutual,rdfs:subClassOf,http://kbpedia.org/kko/rc/Agreement
http://kbpedia.org/kko/rc/DefenseCooperationAgreement_Mutual,rdfs:subClassOf,owl:Thing
http://kbpedia.org/kko/rc/PicnicSite,rdfs:subClassOf,http://kbpedia.org/kko/rc/Park
http://kbpedia.org/kko/rc/PicnicSite,rdfs:subClassOf,owl:Thing
http://kbpedia.org/kko/rc/PicnicSite,rdfs:subClassOf,http://kbpedia.org/kko/rc/OutdoorRecreationArea
http://kbpedia.org/kko/rc/EntertainmentPerformanceTicket,rdfs:subClassOf,http://kbpedia.org/kko/rc/Ticket
http://kbpedia.org/kko/rc/EntertainmentPerformanceTicket,rdfs:subClassOf,owl:Thing
http://kbpedia.org/kko/rc/MountRevelstokeNationalPark,rdfs:subClassOf,http://kbpedia.org/kko/rc/NationalPark
http://kbpedia.org/kko/rc/MountRevelstokeNationalPark,rdfs:subClassOf,owl:Thing
http://kbpedia.org/kko/rc/CapitalGainsTaxAllowance,rdfs:subClassOf,http://kbpedia.org/kko/rc/Allowance
http://kbpedia.org/kko/rc/CapitalGainsTaxAllowance,rdfs:subClassOf,owl:Thing
http://kbpedia.org/kko/rc/CopperRefinery,rdfs:subClassOf,http://kbpedia.org/kko/rc/MineralOreRefinery
http://kbpedia.org/kko/rc/CopperRefinery,rdfs:subClassOf,owl:Thing
http://kbpedia.org/kko/rc/CopperRefinery,rdfs:subClassOf,http://kbpedia.org/kko/rc/Refinery
http://kbpedia.org/kko/rc/Necrophilia,rdfs:subClassOf,http://kbpedia.org/kko/rc/ParaphilicSexualBehavior
http://kbpedia.org/kko/rc/Necrophilia,rdfs:subClassOf,owl:Thing
http://kbpedia.org/kko/rc/OfficeSpace,rdfs:subClassOf,http://kbpedia.org/kko/rc/MultiRoomUnit
http://kbpedia.org/kko/rc/OfficeSpace,rdfs:subClassOf,owl:Thing
http://kbpedia.org/kko/rc/OfficeSpace,rdfs:subClassOf,http://kbpedia.org/kko/rc/Workplace
http://kbpedia.org/kko/rc/StaffMeeting,rdfs:subClassOf,http://kbpedia.org/kko/rc/BusinessMeeting
http://kbpedia.org/kko/rc/StaffMeeting,rdfs:subClassOf,owl:Thing
http://kbpedia.org/kko/rc/MultiFamilyHousing,rdfs:subClassOf,http://kbpedia.org/kko/rc/House_Modern
http://kbpedia.org/kko/rc/MultiFamilyHousing,rdfs:subClassOf,owl:Thing
http://kbpedia.org/kko/rc/Chattahoochee_OconeeNationalForest,rdfs:subClassOf,http://kbpedia.org/kko/rc/NationalForest
http://kbpedia.org/kko/rc/Chattahoochee_OconeeNationalForest,rdfs:subClassOf,owl:Thing
http://kbpedia.org/kko/rc/AutoRepairWorkStation,rdfs:subClassOf,http://kbpedia.org/kko/rc/WorkStation
http://kbpedia.org/kko/rc/AutoRepairWorkStation,rdfs:subClassOf,owl:Thing
http://kbpedia.org/kko/rc/StudentLoan,rdfs:subClassOf,http://kbpedia.org/kko/rc/LoanAgreement
http://kbpedia.org/kko/rc/StudentLoan,rdfs:subClassOf,owl:Thing
http://kbpedia.org/kko/rc/InvestmentPortfolio,rdfs:subClassOf,http://kbpedia.org/kko/rc/InvestmentVehicle
http://kbpedia.org/kko/rc/InvestmentPortfolio,rdfs:subClassOf,owl:Thing
http://kbpedia.org/kko/rc/FinancialStatement,rdfs:subClassOf,http://kbpedia.org/kko/rc/FinancialDocument
http://kbpedia.org/kko/rc/FinancialStatement,rdfs:subClassOf,owl:Thing
http://kbpedia.org/kko/rc/FirefighterTraining,rdfs:subClassOf,http://kbpedia.org/kko/rc/Firefighting
http://kbpedia.org/kko/rc/FirefighterTraining,rdfs:subClassOf,owl:Thing
http://kbpedia.org/kko/rc/FirefighterTraining,rdfs:subClassOf,http://kbpedia.org/kko/rc/MilitaryEducationAndTraining
http://kbpedia.org/kko/rc/FirefighterTraining,rdfs:subClassOf,http://kbpedia.org/kko/rc/Training
http://kbpedia.org/kko/rc/CovenantOnProperty,rdfs:subClassOf,http://kbpedia.org/kko/rc/OwnershipAgreement
http://kbpedia.org/kko/rc/CovenantOnProperty,rdfs:subClassOf,owl:Thing
http://kbpedia.org/kko/rc/CovenantOnProperty,rdfs:subClassOf,http://kbpedia.org/kko/rc/Obligation
http://kbpedia.org/kko/rc/CapitalizationLoanAgreement,rdfs:subClassOf,http://kbpedia.org/kko/rc/LoanAgreement
http://kbpedia.org/kko/rc/CapitalizationLoanAgreement,rdfs:subClassOf,owl:Thing
http://kbpedia.org/kko/rc/CommunicationSkillsTraining,rdfs:subClassOf,http://kbpedia.org/kko/rc/Training
http://kbpedia.org/kko/rc/CommunicationSkillsTraining,rdfs:subClassOf,owl:Thing
http://kbpedia.org/kko/rc/UnsecuredLineOfCredit,rdfs:subClassOf,http://kbpedia.org/kko/rc/LineOfCredit
http://kbpedia.org/kko/rc/UnsecuredLineOfCredit,rdfs:subClassOf,owl:Thing
http://kbpedia.org/kko/rc/UnsecuredLineOfCredit,rdfs:subClassOf,http://kbpedia.org/kko/rc/UnsecuredLoan
http://kbpedia.org/kko/rc/OneDollarBill_US,rdfs:subClassOf,http://kbpedia.org/kko/rc/Bill_US
http://kbpedia.org/kko/rc/OneDollarBill_US,rdfs:subClassOf,owl:Thing
http://kbpedia.org/kko/rc/Sovereign_BritishCoin,rdfs:subClassOf,http://kbpedia.org/kko/rc/Coin_Currency
http://kbpedia.org/kko/rc/Sovereign_BritishCoin,rdfs:subClassOf,owl:Thing
http://kbpedia.org/kko/rc/NationalPark,rdfs:subClassOf,http://kbpedia.org/kko/rc/TouristAttraction
http://kbpedia.org/kko/rc/NationalPark,rdfs:subClassOf,owl:Thing
http://kbpedia.org/kko/rc/NationalPark,rdfs:subClassOf,http://kbpedia.org/kko/rc/WildernessPark
http://kbpedia.org/kko/rc/HomeStudy,rdfs:subClassOf,http://kbpedia.org/kko/rc/CourseOfStudy
http://kbpedia.org/kko/rc/HomeStudy,rdfs:subClassOf,owl:Thing
http://kbpedia.org/kko/rc/ElectoralFraud,rdfs:subClassOf,http://kbpedia.org/kko/rc/Corruption_Activity
http://kbpedia.org/kko/rc/ElectoralFraud,rdfs:subClassOf,owl:Thing
http://kbpedia.org/kko/rc/ElectoralFraud,rdfs:subClassOf,http://kbpedia.org/kko/rc/Fraud
http://kbpedia.org/kko/rc/LandParcel,rdfs:subClassOf,http://kbpedia.org/kko/rc/Ground
http://kbpedia.org/kko/rc/LandParcel,rdfs:subClassOf,owl:Thing
http://kbpedia.org/kko/rc/LandParcel,rdfs:subClassOf,http://kbpedia.org/kko/rc/LandBuildingStructureThoroughfare
http://kbpedia.org/kko/rc/LandParcel,rdfs:subClassOf,http://kbpedia.org/kko/rc/RealEstate
http://kbpedia.org/kko/rc/LandParcel,rdfs:subClassOf,http://kbpedia.org/kko/rc/RealProperty
http://kbpedia.org/kko/rc/ChattahoocheeNationalForest,rdfs:subClassOf,http://kbpedia.org/kko/rc/NationalForest
http://kbpedia.org/kko/rc/ChattahoocheeNationalForest,rdfs:subClassOf,owl:Thing
http://kbpedia.org/kko/rc/ChangeInUserRights,rdfs:subClassOf,http://kbpedia.org/kko/rc/FinancialActivity
http://kbpedia.org/kko/rc/ChangeInUserRights,rdfs:subClassOf,owl:Thing
http://kbpedia.org/kko/rc/Herbaria,rdfs:subClassOf,http://kbpedia.org/kko/rc/Holdings
http://kbpedia.org/kko/rc/Herbaria,rdfs:subClassOf,owl:Thing
http://kbpedia.org/kko/rc/StudentLoanSystemsByCountry,rdfs:subClassOf,http://kbpedia.org/kko/rc/FinancialAidAgreement
http://kbpedia.org/kko/rc/StudentLoanSystemsByCountry,rdfs:subClassOf,owl:Thing
http://kbpedia.org/kko/rc/ShieldNickel,rdfs:subClassOf,http://kbpedia.org/kko/rc/NickelCoin_US
http://kbpedia.org/kko/rc/ShieldNickel,rdfs:subClassOf,owl:Thing
http://kbpedia.org/kko/rc/EquityMortgage,rdfs:subClassOf,http://kbpedia.org/kko/rc/Account_LegalAgreement
http://kbpedia.org/kko/rc/EquityMortgage,rdfs:subClassOf,owl:Thing
http://kbpedia.org/kko/rc/EquityMortgage,rdfs:subClassOf,http://kbpedia.org/kko/rc/SharedEquityMortgage
http://kbpedia.org/kko/rc/RuralCommunityDevelopment,rdfs:subClassOf,http://kbpedia.org/kko/rc/EconomicDevelopment
http://kbpedia.org/kko/rc/RuralCommunityDevelopment,rdfs:subClassOf,owl:Thing
http://kbpedia.org/kko/rc/TermLoanAgreement,rdfs:subClassOf,http://kbpedia.org/kko/rc/Loan_WrittenLegalAgreement
http://kbpedia.org/kko/rc/TermLoanAgreement,rdfs:subClassOf,owl:Thing
http://kbpedia.org/kko/rc/TermLoanAgreement,rdfs:subClassOf,http://kbpedia.org/kko/rc/ShortTermLoan
http://kbpedia.org/kko/rc/InvestmentPortfolio_CW,rdfs:subClassOf,http://kbpedia.org/kko/rc/FinancialDocument
http://kbpedia.org/kko/rc/InvestmentPortfolio_CW,rdfs:subClassOf,owl:Thing
http://kbpedia.org/kko/rc/InvestmentPortfolio_CW,rdfs:subClassOf,http://kbpedia.org/kko/rc/WebPage
http://kbpedia.org/kko/rc/InvestmentPortfolio_CW,rdfs:subClassOf,http://kbpedia.org/kko/rc/NonfictionalPCW
http://kbpedia.org/kko/rc/InvestmentPortfolio_CW,rdfs:subClassOf,http://kbpedia.org/kko/rc/TextualPCW
http://kbpedia.org/kko/rc/WebSearchEngineProvider,rdfs:subClassOf,http://kbpedia.org/kko/rc/InternetService
http://kbpedia.org/kko/rc/WebSearchEngineProvider,rdfs:subClassOf,owl:Thing
http://kbpedia.org/kko/rc/TrajansColumn,rdfs:subClassOf,http://kbpedia.org/kko/rc/MonumentalColumn
http://kbpedia.org/kko/rc/TrajansColumn,rdfs:subClassOf,owl:Thing
http://kbpedia.org/kko/rc/FinancialAidAgreement,rdfs:subClassOf,http://kbpedia.org/kko/rc/AuthorizedAgreement
http://kbpedia.org/kko/rc/FinancialAidAgreement,rdfs:subClassOf,owl:Thing
http://kbpedia.org/kko/rc/FinancialAidAgreement,rdfs:subClassOf,http://kbpedia.org/kko/rc/Loan_WrittenLegalAgreement
http://kbpedia.org/kko/rc/HumanSexualBehavior,rdfs:subClassOf,http://kbpedia.org/kko/rc/HumanActivity
http://kbpedia.org/kko/rc/HumanSexualBehavior,rdfs:subClassOf,owl:Thing
http://kbpedia.org/kko/rc/HumanSexualBehavior,rdfs:subClassOf,http://kbpedia.org/kko/rc/SexualBehavior
http://kbpedia.org/kko/rc/HumanSexualBehavior,rdfs:subClassOf,http://kbpedia.org/ontologies/kko#SocialSystems
http://kbpedia.org/kko/rc/BusinessContinuityAndDisasterRecovery,rdfs:subClassOf,http://kbpedia.org/kko/rc/BusinessActivity
http://kbpedia.org/kko/rc/BusinessContinuityAndDisasterRecovery,rdfs:subClassOf,owl:Thing
http://kbpedia.org/kko/rc/Highway,rdfs:subClassOf,http://kbpedia.org/kko/rc/Path_Simple
http://kbpedia.org/kko/rc/Highway,rdfs:subClassOf,owl:Thing
http://kbpedia.org/kko/rc/Highway,rdfs:subClassOf,http://kbpedia.org/kko/rc/PublicProperty
http://kbpedia.org/kko/rc/Highway,rdfs:subClassOf,http://kbpedia.org/kko/rc/TwoLanesOrWiderRoadway
http://kbpedia.org/kko/rc/Highway,rdfs:subClassOf,http://kbpedia.org/kko/rc/PavedRoadway
http://kbpedia.org/kko/rc/NationalForest,rdfs:subClassOf,http://kbpedia.org/kko/rc/Forest
http://kbpedia.org/kko/rc/NationalForest,rdfs:subClassOf,owl:Thing
http://kbpedia.org/kko/rc/NationalForest,rdfs:subClassOf,http://kbpedia.org/kko/rc/PublicProperty
http://kbpedia.org/kko/rc/Radome,rdfs:subClassOf,http://kbpedia.org/kko/rc/CommercialBuilding
http://kbpedia.org/kko/rc/Radome,rdfs:subClassOf,owl:Thing
http://kbpedia.org/kko/rc/Radome,rdfs:subClassOf,http://kbpedia.org/kko/rc/ContainerArtifact
http://kbpedia.org/kko/rc/Radome,rdfs:subClassOf,http://kbpedia.org/kko/rc/ShelteringArtifact
http://kbpedia.org/kko/rc/LaborHourContract,rdfs:subClassOf,http://kbpedia.org/kko/rc/Contract
http://kbpedia.org/kko/rc/LaborHourContract,rdfs:subClassOf,owl:Thing
http://kbpedia.org/kko/rc/NationalFloodInsuranceProgram,rdfs:subClassOf,http://kbpedia.org/kko/rc/InsurancePlan
http://kbpedia.org/kko/rc/NationalFloodInsuranceProgram,rdfs:subClassOf,owl:Thing
http://kbpedia.org/kko/rc/NewEnglandTownGreen,rdfs:subClassOf,http://kbpedia.org/kko/rc/Common_Region
http://kbpedia.org/kko/rc/NewEnglandTownGreen,rdfs:subClassOf,owl:Thing
http://kbpedia.org/kko/rc/Lawn,rdfs:subClassOf,http://kbpedia.org/kko/rc/HumanlyOccupiedSpatialObject
http://kbpedia.org/kko/rc/Lawn,rdfs:subClassOf,owl:Thing
http://kbpedia.org/kko/rc/Lawn,rdfs:subClassOf,http://kbpedia.org/kko/rc/LandParcel
http://kbpedia.org/kko/rc/Lawn,rdfs:subClassOf,http://kbpedia.org/kko/rc/OutdoorLocation
http://kbpedia.org/kko/rc/InterracialSex,rdfs:subClassOf,http://kbpedia.org/kko/rc/HumanSexualBehavior
http://kbpedia.org/kko/rc/InterracialSex,rdfs:subClassOf,owl:Thing
http://kbpedia.org/kko/rc/GuantanamoNavalBase,rdfs:subClassOf,http://kbpedia.org/kko/rc/NavalShipBase
http://kbpedia.org/kko/rc/GuantanamoNavalBase,rdfs:subClassOf,owl:Thing
http://kbpedia.org/kko/rc/ManufacturingFacility,rdfs:subClassOf,http://kbpedia.org/kko/rc/GroundsOfOrganization
http://kbpedia.org/kko/rc/ManufacturingFacility,rdfs:subClassOf,owl:Thing
http://kbpedia.org/kko/rc/ManufacturingFacility,rdfs:subClassOf,http://kbpedia.org/kko/rc/IndustrialBuildingStructure
http://kbpedia.org/kko/rc/ManufacturingFacility,rdfs:subClassOf,http://kbpedia.org/kko/rc/Workplace
http://kbpedia.org/kko/rc/ManufacturingFacility,rdfs:subClassOf,http://kbpedia.org/kko/rc/Facility_Construct
http://kbpedia.org/kko/rc/FinancialAssetHoldings,rdfs:subClassOf,http://kbpedia.org/kko/rc/Holdings
http://kbpedia.org/kko/rc/FinancialAssetHoldings,rdfs:subClassOf,owl:Thing
http://kbpedia.org/kko/rc/FactoryBuilding,rdfs:subClassOf,http://kbpedia.org/kko/rc/CommercialBuilding
http://kbpedia.org/kko/rc/FactoryBuilding,rdfs:subClassOf,owl:Thing
http://kbpedia.org/kko/rc/FactoryBuilding,rdfs:subClassOf,http://kbpedia.org/kko/rc/FactoryBuildingComplex
http://kbpedia.org/kko/rc/FactoryBuilding,rdfs:subClassOf,http://kbpedia.org/kko/rc/Workplace
http://kbpedia.org/kko/rc/FactoryBuilding,rdfs:subClassOf,http://kbpedia.org/kko/rc/ModernShelterConstruction
http://kbpedia.org/kko/rc/StoreChargeCard,rdfs:subClassOf,http://kbpedia.org/kko/rc/CreditCard
http://kbpedia.org/kko/rc/StoreChargeCard,rdfs:subClassOf,owl:Thing
http://kbpedia.org/kko/rc/ExtendedWarranty,rdfs:subClassOf,http://kbpedia.org/kko/rc/Warranty
http://kbpedia.org/kko/rc/ExtendedWarranty,rdfs:subClassOf,owl:Thing
http://kbpedia.org/kko/rc/TechStock,rdfs:subClassOf,http://kbpedia.org/kko/rc/Stock
http://kbpedia.org/kko/rc/TechStock,rdfs:subClassOf,owl:Thing
http://kbpedia.org/kko/rc/KitchenWorkStation,rdfs:subClassOf,http://kbpedia.org/kko/rc/WorkStation
http://kbpedia.org/kko/rc/KitchenWorkStation,rdfs:subClassOf,owl:Thing
http://kbpedia.org/kko/rc/Homestead,rdfs:subClassOf,http://kbpedia.org/kko/rc/ResidentialBuilding
http://kbpedia.org/kko/rc/Homestead,rdfs:subClassOf,owl:Thing
http://kbpedia.org/kko/rc/Cubicle_Office,rdfs:subClassOf,http://kbpedia.org/kko/rc/OfficeSpace_Personal
http://kbpedia.org/kko/rc/Cubicle_Office,rdfs:subClassOf,owl:Thing
http://kbpedia.org/kko/rc/Cubicle_Office,rdfs:subClassOf,http://kbpedia.org/kko/rc/PartitionWall
http://kbpedia.org/kko/rc/MortgageLoan,rdfs:subClassOf,http://kbpedia.org/kko/rc/AccountBasedCreditProduct
http://kbpedia.org/kko/rc/MortgageLoan,rdfs:subClassOf,owl:Thing
http://kbpedia.org/kko/rc/MortgageLoan,rdfs:subClassOf,http://kbpedia.org/kko/rc/RealEstateLoan
http://kbpedia.org/kko/rc/BoatingLicense_Document,rdfs:subClassOf,http://kbpedia.org/kko/rc/TransportationLicense_Document
http://kbpedia.org/kko/rc/BoatingLicense_Document,rdfs:subClassOf,owl:Thing
http://kbpedia.org/kko/rc/BibleEducation,rdfs:subClassOf,http://kbpedia.org/kko/rc/ReligionEducation
http://kbpedia.org/kko/rc/BibleEducation,rdfs:subClassOf,owl:Thing
http://kbpedia.org/kko/rc/QuarterCoin_US,rdfs:subClassOf,http://kbpedia.org/kko/rc/Coin_US
http://kbpedia.org/kko/rc/QuarterCoin_US,rdfs:subClassOf,owl:Thing
http://kbpedia.org/kko/rc/JumboMortgage,rdfs:subClassOf,http://kbpedia.org/kko/rc/JumboLoan
http://kbpedia.org/kko/rc/JumboMortgage,rdfs:subClassOf,owl:Thing
http://kbpedia.org/kko/rc/PublicPark,rdfs:subClassOf,http://kbpedia.org/kko/rc/MunicipalFacility
http://kbpedia.org/kko/rc/PublicPark,rdfs:subClassOf,owl:Thing
http://kbpedia.org/kko/rc/PublicPark,rdfs:subClassOf,http://kbpedia.org/kko/rc/Park
http://kbpedia.org/kko/rc/PublicPark,rdfs:subClassOf,http://kbpedia.org/kko/rc/PublicWorks
http://kbpedia.org/kko/rc/FinancialAdvising,rdfs:subClassOf,http://kbpedia.org/kko/rc/Advising_Professional
http://kbpedia.org/kko/rc/FinancialAdvising,rdfs:subClassOf,owl:Thing
http://kbpedia.org/kko/rc/FinancialAdvising,rdfs:subClassOf,http://kbpedia.org/kko/rc/FinancialActivity
http://kbpedia.org/kko/rc/BusinessEvent,rdfs:subClassOf,http://kbpedia.org/kko/rc/BusinessRelatedThing
http://kbpedia.org/kko/rc/BusinessEvent,rdfs:subClassOf,owl:Thing
http://kbpedia.org/kko/rc/BusinessEvent,rdfs:subClassOf,http://kbpedia.org/kko/rc/SocialEvent
http://kbpedia.org/kko/rc/AgriculturalLand,rdfs:subClassOf,http://kbpedia.org/kko/rc/LandParcel
http://kbpedia.org/kko/rc/AgriculturalLand,rdfs:subClassOf,owl:Thing
http://kbpedia.org/kko/rc/AlamoMissionInSanAntonio,rdfs:subClassOf,http://kbpedia.org/kko/rc/Landmark
http://kbpedia.org/kko/rc/AlamoMissionInSanAntonio,rdfs:subClassOf,owl:Thing
http://kbpedia.org/kko/rc/ZooGrounds,rdfs:subClassOf,http://kbpedia.org/kko/rc/CommercialLandParcel
http://kbpedia.org/kko/rc/ZooGrounds,rdfs:subClassOf,owl:Thing
http://kbpedia.org/kko/rc/ZooGrounds,rdfs:subClassOf,http://kbpedia.org/kko/rc/GroundsOfOrganization
http://kbpedia.org/kko/rc/ZooGrounds,rdfs:subClassOf,http://kbpedia.org/kko/rc/LeisureFacility
http://kbpedia.org/kko/rc/LiabilityInsurance,rdfs:subClassOf,http://kbpedia.org/kko/rc/InsurancePlan
http://kbpedia.org/kko/rc/LiabilityInsurance,rdfs:subClassOf,owl:Thing
http://kbpedia.org/kko/rc/LiabilityInsurance,rdfs:subClassOf,http://kbpedia.org/kko/rc/LifeHealthAccidentInsurance
http://kbpedia.org/kko/rc/WorldTradeCenter,rdfs:subClassOf,http://kbpedia.org/kko/rc/ModernMinimalistArchitecturalStyle
http://kbpedia.org/kko/rc/WorldTradeCenter,rdfs:subClassOf,owl:Thing
http://kbpedia.org/kko/rc/WorldTradeCenter,rdfs:subClassOf,http://kbpedia.org/kko/rc/Skyscraper
http://kbpedia.org/kko/rc/ShoppingMallBuilding,rdfs:subClassOf,http://kbpedia.org/kko/rc/CommercialBuilding
http://kbpedia.org/kko/rc/ShoppingMallBuilding,rdfs:subClassOf,owl:Thing
http://kbpedia.org/kko/rc/ShoppingMallBuilding,rdfs:subClassOf,http://kbpedia.org/kko/rc/HumanHighOccupancyConstruct
http://kbpedia.org/kko/rc/HousingFinanceInCanada,rdfs:subClassOf,http://kbpedia.org/kko/rc/HomeLoan
http://kbpedia.org/kko/rc/HousingFinanceInCanada,rdfs:subClassOf,owl:Thing
http://kbpedia.org/kko/rc/DiscountRateMortgage,rdfs:subClassOf,http://kbpedia.org/kko/rc/AdjustableRateMortgage
http://kbpedia.org/kko/rc/DiscountRateMortgage,rdfs:subClassOf,owl:Thing
http://kbpedia.org/kko/rc/PennyStock,rdfs:subClassOf,http://kbpedia.org/kko/rc/Stock
http://kbpedia.org/kko/rc/PennyStock,rdfs:subClassOf,owl:Thing
http://kbpedia.org/kko/rc/TrainTicket,rdfs:subClassOf,http://kbpedia.org/kko/rc/Ticket
http://kbpedia.org/kko/rc/TrainTicket,rdfs:subClassOf,owl:Thing
http://kbpedia.org/kko/rc/Credit,rdfs:subClassOf,http://kbpedia.org/kko/rc/EconomicAgreement
http://kbpedia.org/kko/rc/Credit,rdfs:subClassOf,owl:Thing
http://kbpedia.org/kko/rc/Credit,rdfs:subClassOf,http://kbpedia.org/ontologies/kko#EconomicSystems
http://kbpedia.org/kko/rc/MarketCorrection,rdfs:subClassOf,http://kbpedia.org/kko/rc/EconomicEvent
http://kbpedia.org/kko/rc/MarketCorrection,rdfs:subClassOf,owl:Thing
http://kbpedia.org/kko/rc/MarketCorrection,rdfs:subClassOf,http://kbpedia.org/kko/rc/FinancialCondition
http://kbpedia.org/kko/rc/ArthursPassNationalPark,rdfs:subClassOf,http://kbpedia.org/kko/rc/NationalPark
http://kbpedia.org/kko/rc/ArthursPassNationalPark,rdfs:subClassOf,owl:Thing
http://kbpedia.org/kko/rc/InterestOnlyMortgage,rdfs:subClassOf,http://kbpedia.org/kko/rc/InterestOnlyLoan
http://kbpedia.org/kko/rc/InterestOnlyMortgage,rdfs:subClassOf,owl:Thing
http://kbpedia.org/kko/rc/InterestOnlyMortgage,rdfs:subClassOf,http://kbpedia.org/kko/rc/MortgageAgreement
http://kbpedia.org/kko/rc/InterestOnlyMortgage,rdfs:subClassOf,http://kbpedia.org/kko/rc/LoanAgreement
http://kbpedia.org/kko/rc/AutomotiveLoan,rdfs:subClassOf,http://kbpedia.org/kko/rc/AccountBasedCreditProduct
http://kbpedia.org/kko/rc/AutomotiveLoan,rdfs:subClassOf,owl:Thing
http://kbpedia.org/kko/rc/ReligionAndEducation,rdfs:subClassOf,http://kbpedia.org/kko/rc/ReligionEducation
http://kbpedia.org/kko/rc/ReligionAndEducation,rdfs:subClassOf,owl:Thing
http://kbpedia.org/kko/rc/WhalingStation,rdfs:subClassOf,http://kbpedia.org/kko/rc/CommercialBuilding
http://kbpedia.org/kko/rc/WhalingStation,rdfs:subClassOf,owl:Thing
http://kbpedia.org/kko/rc/WhalingStation,rdfs:subClassOf,http://kbpedia.org/kko/rc/Facility_Construct
http://kbpedia.org/kko/rc/HealthFraud,rdfs:subClassOf,http://kbpedia.org/kko/rc/Fraud
http://kbpedia.org/kko/rc/HealthFraud,rdfs:subClassOf,owl:Thing
http://kbpedia.org/kko/rc/HealthFraud,rdfs:subClassOf,http://kbpedia.org/kko/rc/HealthCare
http://kbpedia.org/kko/rc/Estate_LegalEntity,rdfs:subClassOf,http://kbpedia.org/kko/rc/RealProperty
http://kbpedia.org/kko/rc/Estate_LegalEntity,rdfs:subClassOf,owl:Thing
http://kbpedia.org/kko/rc/ElkIslandNationalPark,rdfs:subClassOf,http://kbpedia.org/kko/rc/NationalPark
http://kbpedia.org/kko/rc/ElkIslandNationalPark,rdfs:subClassOf,owl:Thing
http://kbpedia.org/kko/rc/HorseTraining,rdfs:subClassOf,http://kbpedia.org/kko/rc/AnimalTraining
http://kbpedia.org/kko/rc/HorseTraining,rdfs:subClassOf,owl:Thing
http://kbpedia.org/kko/rc/HorseTraining,rdfs:subClassOf,http://kbpedia.org/kko/rc/HorsebackRiding
http://kbpedia.org/kko/rc/DiscoverCard,rdfs:subClassOf,http://kbpedia.org/kko/rc/CreditCard_RevolvingAccount
http://kbpedia.org/kko/rc/DiscoverCard,rdfs:subClassOf,owl:Thing
http://kbpedia.org/kko/rc/DiscoverCard,rdfs:subClassOf,http://kbpedia.org/kko/rc/MajorCreditCard
http://kbpedia.org/kko/rc/Same_SexMarriageInTheRepublicOfIreland,rdfs:subClassOf,http://kbpedia.org/kko/rc/SameSexMarriage
http://kbpedia.org/kko/rc/Same_SexMarriageInTheRepublicOfIreland,rdfs:subClassOf,owl:Thing
http://kbpedia.org/kko/rc/DirectDepositAccount,rdfs:subClassOf,http://kbpedia.org/kko/rc/BankAccount
http://kbpedia.org/kko/rc/DirectDepositAccount,rdfs:subClassOf,owl:Thing
http://kbpedia.org/kko/rc/JuniorCourseLevel,rdfs:subClassOf,http://kbpedia.org/kko/rc/UndergraduateCourseLevel
http://kbpedia.org/kko/rc/JuniorCourseLevel,rdfs:subClassOf,owl:Thing
http://kbpedia.org/kko/rc/WaterPark,rdfs:subClassOf,http://kbpedia.org/kko/rc/AmusementPark
http://kbpedia.org/kko/rc/WaterPark,rdfs:subClassOf,owl:Thing
http://kbpedia.org/kko/rc/SalesBidOrContractItem,rdfs:subClassOf,http://kbpedia.org/kko/rc/AgreementLineItem
http://kbpedia.org/kko/rc/SalesBidOrContractItem,rdfs:subClassOf,owl:Thing
http://kbpedia.org/kko/rc/SalesBidOrContractItem,rdfs:subClassOf,http://kbpedia.org/kko/rc/SalesAgreement
http://kbpedia.org/kko/rc/Insectarium,rdfs:subClassOf,http://kbpedia.org/kko/rc/Zoo
http://kbpedia.org/kko/rc/Insectarium,rdfs:subClassOf,owl:Thing
http://kbpedia.org/kko/rc/BusinessCenter,rdfs:subClassOf,http://kbpedia.org/kko/rc/BuildingCluster
http://kbpedia.org/kko/rc/BusinessCenter,rdfs:subClassOf,owl:Thing
http://kbpedia.org/kko/rc/BusinessCenter,rdfs:subClassOf,http://kbpedia.org/kko/rc/OfficeSpace
http://kbpedia.org/kko/rc/ArterialRoad,rdfs:subClassOf,http://kbpedia.org/kko/rc/Highway
http://kbpedia.org/kko/rc/ArterialRoad,rdfs:subClassOf,owl:Thing
http://kbpedia.org/kko/rc/WithProfitsInsurance,rdfs:subClassOf,http://kbpedia.org/kko/rc/InsurancePlan
http://kbpedia.org/kko/rc/WithProfitsInsurance,rdfs:subClassOf,owl:Thing
http://kbpedia.org/kko/rc/WithProfitsInsurance,rdfs:subClassOf,http://kbpedia.org/kko/rc/InvestmentVehicle
http://kbpedia.org/kko/rc/Arbitrage,rdfs:subClassOf,http://kbpedia.org/kko/rc/EconomicAction
http://kbpedia.org/kko/rc/Arbitrage,rdfs:subClassOf,owl:Thing
http://kbpedia.org/kko/rc/Arbitrage,rdfs:subClassOf,http://kbpedia.org/kko/rc/Finance
http://kbpedia.org/kko/rc/GothicPalace,rdfs:subClassOf,http://kbpedia.org/kko/rc/PalaceBuilding
http://kbpedia.org/kko/rc/GothicPalace,rdfs:subClassOf,owl:Thing
http://kbpedia.org/kko/rc/EsperantoEducation,rdfs:subClassOf,http://kbpedia.org/kko/rc/LanguageEducation
http://kbpedia.org/kko/rc/EsperantoEducation,rdfs:subClassOf,owl:Thing
http://kbpedia.org/kko/rc/IndoorShoppingMall,rdfs:subClassOf,http://kbpedia.org/kko/rc/ShoppingMallBuilding
http://kbpedia.org/kko/rc/IndoorShoppingMall,rdfs:subClassOf,owl:Thing
http://kbpedia.org/kko/rc/J1WorkVisa,rdfs:subClassOf,http://kbpedia.org/kko/rc/USWorkVisa
http://kbpedia.org/kko/rc/J1WorkVisa,rdfs:subClassOf,owl:Thing
http://kbpedia.org/kko/rc/OverDraftProtection,rdfs:subClassOf,http://kbpedia.org/kko/rc/ElectronicFundTransferProduct
http://kbpedia.org/kko/rc/OverDraftProtection,rdfs:subClassOf,owl:Thing
http://kbpedia.org/kko/rc/TrainEngineerLicense,rdfs:subClassOf,http://kbpedia.org/kko/rc/TransportationLicense
http://kbpedia.org/kko/rc/TrainEngineerLicense,rdfs:subClassOf,owl:Thing
http://kbpedia.org/kko/rc/SingleSiteLicense,rdfs:subClassOf,http://kbpedia.org/kko/rc/License_IBTRights
http://kbpedia.org/kko/rc/SingleSiteLicense,rdfs:subClassOf,owl:Thing
http://kbpedia.org/kko/rc/MineralOreRefinery,rdfs:subClassOf,http://kbpedia.org/kko/rc/ManufacturingFacility
http://kbpedia.org/kko/rc/MineralOreRefinery,rdfs:subClassOf,owl:Thing
http://kbpedia.org/kko/rc/MineralOreRefinery,rdfs:subClassOf,http://kbpedia.org/kko/rc/Refinery
http://kbpedia.org/kko/rc/Icehouse,rdfs:subClassOf,http://kbpedia.org/kko/rc/CommercialBuilding
http://kbpedia.org/kko/rc/Icehouse,rdfs:subClassOf,owl:Thing
http://kbpedia.org/kko/rc/Icehouse,rdfs:subClassOf,http://kbpedia.org/kko/rc/StorageFacility
http://kbpedia.org/kko/rc/FinancialCrisis,rdfs:subClassOf,http://kbpedia.org/kko/rc/FinancialCondition
http://kbpedia.org/kko/rc/FinancialCrisis,rdfs:subClassOf,owl:Thing
http://kbpedia.org/kko/rc/Patent,rdfs:subClassOf,http://kbpedia.org/kko/rc/AuthorizedAgreement
http://kbpedia.org/kko/rc/Patent,rdfs:subClassOf,owl:Thing
http://kbpedia.org/kko/rc/Interstate10,rdfs:subClassOf,http://kbpedia.org/kko/rc/InterstateHighway
http://kbpedia.org/kko/rc/Interstate10,rdfs:subClassOf,owl:Thing
http://kbpedia.org/kko/rc/Strongpoint_Military,rdfs:subClassOf,http://kbpedia.org/kko/rc/CoverProvidingTerrain
http://kbpedia.org/kko/rc/Strongpoint_Military,rdfs:subClassOf,owl:Thing
http://kbpedia.org/kko/rc/Strongpoint_Military,rdfs:subClassOf,http://kbpedia.org/kko/rc/DefensivePosition
http://kbpedia.org/kko/rc/Strongpoint_Military,rdfs:subClassOf,http://kbpedia.org/kko/rc/DefensivelyAdvantageousTerrain
http://kbpedia.org/kko/rc/Strongpoint_Military,rdfs:subClassOf,http://kbpedia.org/kko/rc/TacticalPoint
http://kbpedia.org/kko/rc/Strongpoint_Military,rdfs:subClassOf,http://kbpedia.org/kko/rc/CombatPosition
http://kbpedia.org/kko/rc/Strongpoint_Military,rdfs:subClassOf,http://kbpedia.org/kko/rc/TacticalTerrainObject
http://kbpedia.org/kko/rc/RobinsonCrusoeEconomy,rdfs:subClassOf,http://kbpedia.org/kko/rc/EconomicSystem
http://kbpedia.org/kko/rc/RobinsonCrusoeEconomy,rdfs:subClassOf,owl:Thing
http://kbpedia.org/kko/rc/Endowment_LifeInsurance,rdfs:subClassOf,http://kbpedia.org/kko/rc/LifeInsurance
http://kbpedia.org/kko/rc/Endowment_LifeInsurance,rdfs:subClassOf,owl:Thing
http://kbpedia.org/kko/rc/Endowment_LifeInsurance,rdfs:subClassOf,http://kbpedia.org/kko/rc/WithProfitsInsurance
http://kbpedia.org/kko/rc/Endowment_LifeInsurance,rdfs:subClassOf,http://kbpedia.org/kko/rc/InvestmentVehicle
http://kbpedia.org/kko/rc/ScoutLeaderTraining,rdfs:subClassOf,http://kbpedia.org/kko/rc/Training
http://kbpedia.org/kko/rc/ScoutLeaderTraining,rdfs:subClassOf,owl:Thing
http://kbpedia.org/kko/rc/EducationByTopic,rdfs:subClassOf,http://kbpedia.org/kko/rc/Education
http://kbpedia.org/kko/rc/EducationByTopic,rdfs:subClassOf,owl:Thing
http://kbpedia.org/kko/rc/RoyalIntermarriage,rdfs:subClassOf,http://kbpedia.org/kko/rc/Marriage_Agreement
http://kbpedia.org/kko/rc/RoyalIntermarriage,rdfs:subClassOf,owl:Thing
http://kbpedia.org/kko/rc/OverdraftProtection,rdfs:subClassOf,http://kbpedia.org/kko/rc/LoanAgreement
http://kbpedia.org/kko/rc/OverdraftProtection,rdfs:subClassOf,owl:Thing
http://kbpedia.org/kko/rc/LatinAmericanEconomicSystem,rdfs:subClassOf,http://kbpedia.org/kko/rc/FinancialCondition
http://kbpedia.org/kko/rc/LatinAmericanEconomicSystem,rdfs:subClassOf,owl:Thing
http://kbpedia.org/kko/rc/Interstate24,rdfs:subClassOf,http://kbpedia.org/kko/rc/InterstateHighway
http://kbpedia.org/kko/rc/Interstate24,rdfs:subClassOf,owl:Thing
http://kbpedia.org/kko/rc/BerlinWall,rdfs:subClassOf,http://kbpedia.org/kko/rc/Landmark
http://kbpedia.org/kko/rc/BerlinWall,rdfs:subClassOf,owl:Thing
http://kbpedia.org/kko/rc/Junkyard,rdfs:subClassOf,http://kbpedia.org/kko/rc/CommercialFacility
http://kbpedia.org/kko/rc/Junkyard,rdfs:subClassOf,owl:Thing
http://kbpedia.org/kko/rc/Junkyard,rdfs:subClassOf,http://kbpedia.org/kko/rc/OpenArea
http://kbpedia.org/kko/rc/Junkyard,rdfs:subClassOf,http://kbpedia.org/kko/rc/Workplace
http://kbpedia.org/kko/rc/Computer_WorkStation,rdfs:subClassOf,http://kbpedia.org/kko/rc/Table_PieceOfFurniture
http://kbpedia.org/kko/rc/Computer_WorkStation,rdfs:subClassOf,owl:Thing
http://kbpedia.org/kko/rc/Computer_WorkStation,rdfs:subClassOf,http://kbpedia.org/kko/rc/WorkStation
http://kbpedia.org/kko/rc/PersonnelExpenseAccount,rdfs:subClassOf,http://kbpedia.org/kko/rc/ExpenseAccount
http://kbpedia.org/kko/rc/PersonnelExpenseAccount,rdfs:subClassOf,owl:Thing
http://kbpedia.org/kko/rc/MuseumEducation,rdfs:subClassOf,http://kbpedia.org/kko/rc/EducationByTopic
http://kbpedia.org/kko/rc/MuseumEducation,rdfs:subClassOf,owl:Thing
http://kbpedia.org/kko/rc/Palazzo,rdfs:subClassOf,http://kbpedia.org/kko/rc/PalaceBuilding
http://kbpedia.org/kko/rc/Palazzo,rdfs:subClassOf,owl:Thing
http://kbpedia.org/kko/rc/Accumulation_Profits,rdfs:subClassOf,http://kbpedia.org/kko/rc/Profits
http://kbpedia.org/kko/rc/Accumulation_Profits,rdfs:subClassOf,owl:Thing
http://kbpedia.org/kko/rc/BiweeklyLoan,rdfs:subClassOf,http://kbpedia.org/kko/rc/LoanAgreement
http://kbpedia.org/kko/rc/BiweeklyLoan,rdfs:subClassOf,owl:Thing
http://kbpedia.org/kko/rc/StudyAbroad,rdfs:subClassOf,http://kbpedia.org/kko/rc/CourseOfStudy
http://kbpedia.org/kko/rc/StudyAbroad,rdfs:subClassOf,owl:Thing
http://kbpedia.org/kko/rc/DollarCoin_US,rdfs:subClassOf,http://kbpedia.org/kko/rc/Coin_US
http://kbpedia.org/kko/rc/DollarCoin_US,rdfs:subClassOf,owl:Thing
http://kbpedia.org/kko/rc/Shipyard,rdfs:subClassOf,http://kbpedia.org/kko/rc/HeavyIndustryFacility
http://kbpedia.org/kko/rc/Shipyard,rdfs:subClassOf,owl:Thing
http://kbpedia.org/kko/rc/Shipyard,rdfs:subClassOf,http://kbpedia.org/kko/rc/IndustrialLandParcel
http://kbpedia.org/kko/rc/TemporaryChangeOfUserRights,rdfs:subClassOf,http://kbpedia.org/kko/rc/ExchangeOfUserRights
http://kbpedia.org/kko/rc/TemporaryChangeOfUserRights,rdfs:subClassOf,owl:Thing
http://kbpedia.org/kko/rc/TemporaryChangeOfUserRights,rdfs:subClassOf,http://kbpedia.org/kko/rc/ChangeInUserRights
http://kbpedia.org/kko/rc/InvestmentGoods,rdfs:subClassOf,http://kbpedia.org/kko/rc/FinancialAsset
http://kbpedia.org/kko/rc/InvestmentGoods,rdfs:subClassOf,owl:Thing
http://kbpedia.org/kko/rc/QuarterEagleCoin_US,rdfs:subClassOf,http://kbpedia.org/kko/rc/Coin_US
http://kbpedia.org/kko/rc/QuarterEagleCoin_US,rdfs:subClassOf,owl:Thing
http://kbpedia.org/kko/rc/QuarterEagleCoin_US,rdfs:subClassOf,http://kbpedia.org/kko/rc/GoldColor
http://kbpedia.org/kko/rc/CommercialDocument,rdfs:subClassOf,http://kbpedia.org/kko/rc/BusinessRelatedDocumentOrAgreement
http://kbpedia.org/kko/rc/CommercialDocument,rdfs:subClassOf,owl:Thing
http://kbpedia.org/kko/rc/CommercialDocument,rdfs:subClassOf,http://kbpedia.org/kko/rc/HumanAccessibleIBO
http://kbpedia.org/kko/rc/CommercialDocument,rdfs:subClassOf,http://kbpedia.org/kko/rc/Document
http://kbpedia.org/kko/rc/Interstate30,rdfs:subClassOf,http://kbpedia.org/kko/rc/InterstateHighway
http://kbpedia.org/kko/rc/Interstate30,rdfs:subClassOf,owl:Thing
http://kbpedia.org/kko/rc/ObservationPost,rdfs:subClassOf,http://kbpedia.org/kko/rc/CombatPosition
http://kbpedia.org/kko/rc/ObservationPost,rdfs:subClassOf,owl:Thing
http://kbpedia.org/kko/rc/ObservationPost,rdfs:subClassOf,http://kbpedia.org/kko/rc/InspectionFacility
http://kbpedia.org/kko/rc/ObservationPost,rdfs:subClassOf,http://kbpedia.org/kko/rc/TacticalPoint
http://kbpedia.org/kko/rc/ObservationPost,rdfs:subClassOf,http://kbpedia.org/kko/rc/TacticalTerrainObject
http://kbpedia.org/kko/rc/Schloss,rdfs:subClassOf,http://kbpedia.org/kko/rc/Large_DetachedHouse
http://kbpedia.org/kko/rc/Schloss,rdfs:subClassOf,owl:Thing
http://kbpedia.org/kko/rc/StraightLoan,rdfs:subClassOf,http://kbpedia.org/kko/rc/LoanAgreement
http://kbpedia.org/kko/rc/StraightLoan,rdfs:subClassOf,owl:Thing
http://kbpedia.org/kko/rc/MuseeDOrsay_Building,rdfs:subClassOf,http://kbpedia.org/kko/rc/MuseumStructure
http://kbpedia.org/kko/rc/MuseeDOrsay_Building,rdfs:subClassOf,owl:Thing
http://kbpedia.org/kko/rc/InsurableInterestContract,rdfs:subClassOf,http://kbpedia.org/kko/rc/FinanceInstrumentProductContract
http://kbpedia.org/kko/rc/InsurableInterestContract,rdfs:subClassOf,owl:Thing
http://kbpedia.org/kko/rc/FreeTradeAgreement,rdfs:subClassOf,http://kbpedia.org/kko/rc/InternationalAgreement
http://kbpedia.org/kko/rc/FreeTradeAgreement,rdfs:subClassOf,owl:Thing
http://kbpedia.org/kko/rc/TechnologyServicesAgreement_Ongoing,rdfs:subClassOf,http://kbpedia.org/kko/rc/AgreementForOngoingService
http://kbpedia.org/kko/rc/TechnologyServicesAgreement_Ongoing,rdfs:subClassOf,owl:Thing
http://kbpedia.org/kko/rc/TechnologyServicesAgreement_Ongoing,rdfs:subClassOf,http://kbpedia.org/kko/rc/TechnologyServicesAgreement
http://kbpedia.org/kko/rc/Gerontophilia,rdfs:subClassOf,http://kbpedia.org/kko/rc/ParaphilicSexualBehavior
http://kbpedia.org/kko/rc/Gerontophilia,rdfs:subClassOf,owl:Thing
http://kbpedia.org/kko/rc/Office,rdfs:subClassOf,http://kbpedia.org/kko/rc/OfficeBuilding
http://kbpedia.org/kko/rc/Office,rdfs:subClassOf,owl:Thing
http://kbpedia.org/kko/rc/ClosedEndLineOfCredit,rdfs:subClassOf,http://kbpedia.org/kko/rc/ClosedEndLoanAgreement
http://kbpedia.org/kko/rc/ClosedEndLineOfCredit,rdfs:subClassOf,owl:Thing
http://kbpedia.org/kko/rc/ClosedEndLineOfCredit,rdfs:subClassOf,http://kbpedia.org/kko/rc/LineOfCredit
http://kbpedia.org/kko/rc/PortfolioLoan,rdfs:subClassOf,http://kbpedia.org/kko/rc/MortgageAccount
http://kbpedia.org/kko/rc/PortfolioLoan,rdfs:subClassOf,owl:Thing
http://kbpedia.org/kko/rc/ContractNote,rdfs:subClassOf,http://kbpedia.org/kko/rc/FinancialStatement
http://kbpedia.org/kko/rc/ContractNote,rdfs:subClassOf,owl:Thing
http://kbpedia.org/kko/rc/CommercialFarmFacility,rdfs:subClassOf,http://kbpedia.org/kko/rc/AgriculturalFacility
http://kbpedia.org/kko/rc/CommercialFarmFacility,rdfs:subClassOf,owl:Thing
http://kbpedia.org/kko/rc/CommercialFarmFacility,rdfs:subClassOf,http://kbpedia.org/kko/rc/CommercialFacility
http://kbpedia.org/kko/rc/Interstate35,rdfs:subClassOf,http://kbpedia.org/kko/rc/InterstateHighway
http://kbpedia.org/kko/rc/Interstate35,rdfs:subClassOf,owl:Thing
http://kbpedia.org/kko/rc/Hamptons,rdfs:subClassOf,http://kbpedia.org/kko/rc/BeachResort_Attraction
http://kbpedia.org/kko/rc/Hamptons,rdfs:subClassOf,owl:Thing
http://kbpedia.org/kko/rc/AlternativeCurrency,rdfs:subClassOf,http://kbpedia.org/kko/rc/Currency
http://kbpedia.org/kko/rc/AlternativeCurrency,rdfs:subClassOf,owl:Thing
http://kbpedia.org/kko/rc/OldSoldiersHomeInTheUnitedStates,rdfs:subClassOf,http://kbpedia.org/kko/rc/ResidentialBuilding
http://kbpedia.org/kko/rc/OldSoldiersHomeInTheUnitedStates,rdfs:subClassOf,owl:Thing
http://kbpedia.org/kko/rc/BorrowingSomething,rdfs:subClassOf,http://kbpedia.org/kko/rc/TemporaryChangeOfUserRights
http://kbpedia.org/kko/rc/BorrowingSomething,rdfs:subClassOf,owl:Thing
http://kbpedia.org/kko/rc/BorrowingSomething,rdfs:subClassOf,http://kbpedia.org/kko/rc/TransferringPossession
http://kbpedia.org/kko/rc/OfficeSpace_Personal,rdfs:subClassOf,http://kbpedia.org/kko/rc/OfficeSpace
http://kbpedia.org/kko/rc/OfficeSpace_Personal,rdfs:subClassOf,owl:Thing
http://kbpedia.org/kko/rc/OfficeSpace_Personal,rdfs:subClassOf,http://kbpedia.org/kko/rc/SpaceInAFixedHOC
http://kbpedia.org/kko/rc/RestaurantSpace,rdfs:subClassOf,http://kbpedia.org/kko/rc/CommercialPublicPlace
http://kbpedia.org/kko/rc/RestaurantSpace,rdfs:subClassOf,owl:Thing
http://kbpedia.org/kko/rc/RestaurantSpace,rdfs:subClassOf,http://kbpedia.org/kko/rc/CommercialSpace
http://kbpedia.org/kko/rc/RestaurantSpace,rdfs:subClassOf,http://kbpedia.org/kko/rc/MultiRoomUnit
http://kbpedia.org/kko/rc/TimeMaterialContract,rdfs:subClassOf,http://kbpedia.org/kko/rc/Contract
http://kbpedia.org/kko/rc/TimeMaterialContract,rdfs:subClassOf,owl:Thing
http://kbpedia.org/kko/rc/DomainNameRegistration,rdfs:subClassOf,http://kbpedia.org/kko/rc/GainingUserRights
http://kbpedia.org/kko/rc/DomainNameRegistration,rdfs:subClassOf,owl:Thing
http://kbpedia.org/kko/rc/DomainNameRegistration,rdfs:subClassOf,http://kbpedia.org/kko/rc/RegisteringForAService
http://kbpedia.org/kko/rc/GreekLanguageEducation,rdfs:subClassOf,http://kbpedia.org/kko/rc/LanguageEducation
http://kbpedia.org/kko/rc/GreekLanguageEducation,rdfs:subClassOf,owl:Thing
http://kbpedia.org/kko/rc/ResidentialLandParcel,rdfs:subClassOf,http://kbpedia.org/kko/rc/LandParcel
http://kbpedia.org/kko/rc/ResidentialLandParcel,rdfs:subClassOf,owl:Thing
http://kbpedia.org/kko/rc/MarineBase,rdfs:subClassOf,http://kbpedia.org/kko/rc/GovernmentalLandParcel
http://kbpedia.org/kko/rc/MarineBase,rdfs:subClassOf,owl:Thing
http://kbpedia.org/kko/rc/Interstate39,rdfs:subClassOf,http://kbpedia.org/kko/rc/InterstateHighway
http://kbpedia.org/kko/rc/Interstate39,rdfs:subClassOf,owl:Thing
http://kbpedia.org/kko/rc/TouristAttraction,rdfs:subClassOf,http://kbpedia.org/kko/rc/FamousIndividual
http://kbpedia.org/kko/rc/TouristAttraction,rdfs:subClassOf,owl:Thing
http://kbpedia.org/kko/rc/TouristAttraction,rdfs:subClassOf,http://kbpedia.org/kko/rc/PublicPark
http://kbpedia.org/kko/rc/FinancialFuture,rdfs:subClassOf,http://kbpedia.org/kko/rc/InvestmentVehicle
http://kbpedia.org/kko/rc/FinancialFuture,rdfs:subClassOf,owl:Thing
http://kbpedia.org/kko/rc/CreditAccount,rdfs:subClassOf,http://kbpedia.org/kko/rc/AccountType
http://kbpedia.org/kko/rc/CreditAccount,rdfs:subClassOf,owl:Thing
http://kbpedia.org/kko/rc/TemporaryUserRightsAgreement,rdfs:subClassOf,http://kbpedia.org/kko/rc/Document
http://kbpedia.org/kko/rc/TemporaryUserRightsAgreement,rdfs:subClassOf,owl:Thing
http://kbpedia.org/kko/rc/TemporaryUserRightsAgreement,rdfs:subClassOf,http://kbpedia.org/kko/rc/EconomicAgreement
http://kbpedia.org/kko/rc/TemporaryUserRightsAgreement,rdfs:subClassOf,http://kbpedia.org/kko/rc/Agreement
http://kbpedia.org/kko/rc/EarthquakeInsurance,rdfs:subClassOf,http://kbpedia.org/kko/rc/InsurancePlan
http://kbpedia.org/kko/rc/EarthquakeInsurance,rdfs:subClassOf,owl:Thing
http://kbpedia.org/kko/rc/HomeopathicEducation,rdfs:subClassOf,http://kbpedia.org/kko/rc/MedicalEducation
http://kbpedia.org/kko/rc/HomeopathicEducation,rdfs:subClassOf,owl:Thing
http://kbpedia.org/kko/rc/OrganizationPolicy,rdfs:subClassOf,http://kbpedia.org/kko/rc/Policy
http://kbpedia.org/kko/rc/OrganizationPolicy,rdfs:subClassOf,owl:Thing
http://kbpedia.org/kko/rc/StatisticsEducation,rdfs:subClassOf,http://kbpedia.org/kko/rc/EducationByTopic
http://kbpedia.org/kko/rc/StatisticsEducation,rdfs:subClassOf,owl:Thing
http://kbpedia.org/kko/rc/UniformResidentialLoanApplication,rdfs:subClassOf,http://kbpedia.org/kko/rc/FinancialDocument
http://kbpedia.org/kko/rc/UniformResidentialLoanApplication,rdfs:subClassOf,owl:Thing
http://kbpedia.org/kko/rc/UniformResidentialLoanApplication,rdfs:subClassOf,http://kbpedia.org/kko/rc/WebPage
http://kbpedia.org/kko/rc/UniformResidentialLoanApplication,rdfs:subClassOf,http://kbpedia.org/kko/rc/NonfictionalPCW
http://kbpedia.org/kko/rc/UniformResidentialLoanApplication,rdfs:subClassOf,http://kbpedia.org/kko/rc/TextualPCW
http://kbpedia.org/kko/rc/NavalShipBase,rdfs:subClassOf,http://kbpedia.org/kko/rc/MilitaryBase_Grounds
http://kbpedia.org/kko/rc/NavalShipBase,rdfs:subClassOf,owl:Thing
http://kbpedia.org/kko/rc/Interstate15,rdfs:subClassOf,http://kbpedia.org/kko/rc/InterstateHighway
http://kbpedia.org/kko/rc/Interstate15,rdfs:subClassOf,owl:Thing
http://kbpedia.org/kko/rc/MadisonSquareGarden,rdfs:subClassOf,http://kbpedia.org/kko/rc/Landmark
http://kbpedia.org/kko/rc/MadisonSquareGarden,rdfs:subClassOf,owl:Thing
http://kbpedia.org/kko/rc/Townhouse,rdfs:subClassOf,http://kbpedia.org/kko/rc/MultiFamilyHousing
http://kbpedia.org/kko/rc/Townhouse,rdfs:subClassOf,owl:Thing
http://kbpedia.org/kko/rc/SalesAgreement,rdfs:subClassOf,http://kbpedia.org/kko/rc/EconomicAgreement
http://kbpedia.org/kko/rc/SalesAgreement,rdfs:subClassOf,owl:Thing
http://kbpedia.org/kko/rc/AdjustableRateLoan,rdfs:subClassOf,http://kbpedia.org/kko/rc/LoanAgreement
http://kbpedia.org/kko/rc/AdjustableRateLoan,rdfs:subClassOf,owl:Thing
http://kbpedia.org/kko/rc/Scam,rdfs:subClassOf,http://kbpedia.org/kko/rc/Fraud
http://kbpedia.org/kko/rc/Scam,rdfs:subClassOf,owl:Thing
http://kbpedia.org/kko/rc/Scam,rdfs:subClassOf,http://kbpedia.org/kko/rc/Deceiving
http://kbpedia.org/kko/rc/FreeMeal,rdfs:subClassOf,http://kbpedia.org/kko/rc/GivingSomething
http://kbpedia.org/kko/rc/FreeMeal,rdfs:subClassOf,owl:Thing
http://kbpedia.org/kko/rc/FreeMeal,rdfs:subClassOf,http://kbpedia.org/kko/rc/HumanitarianAidInterAgentSupport
http://kbpedia.org/kko/rc/CollectionsOfTheLouvre,rdfs:subClassOf,http://kbpedia.org/kko/rc/ArtGalleryHoldings
http://kbpedia.org/kko/rc/CollectionsOfTheLouvre,rdfs:subClassOf,owl:Thing
http://kbpedia.org/kko/rc/ClosedFormulary,rdfs:subClassOf,http://kbpedia.org/kko/rc/Formulary
http://kbpedia.org/kko/rc/ClosedFormulary,rdfs:subClassOf,owl:Thing
http://kbpedia.org/kko/rc/BuyToLetMortgage,rdfs:subClassOf,http://kbpedia.org/kko/rc/MortgageAgreement
http://kbpedia.org/kko/rc/BuyToLetMortgage,rdfs:subClassOf,owl:Thing
http://kbpedia.org/kko/rc/PortugueseLanguageEducation,rdfs:subClassOf,http://kbpedia.org/kko/rc/LanguageEducation
http://kbpedia.org/kko/rc/PortugueseLanguageEducation,rdfs:subClassOf,owl:Thing
http://kbpedia.org/kko/rc/InternationalTrademarkSystemTrademark,rdfs:subClassOf,http://kbpedia.org/kko/rc/InternationalIntellectualPropertyProtectionProduct
http://kbpedia.org/kko/rc/InternationalTrademarkSystemTrademark,rdfs:subClassOf,owl:Thing
http://kbpedia.org/kko/rc/BreakwaterStructure,rdfs:subClassOf,http://kbpedia.org/kko/rc/ArtificialWaterFeature_POI
http://kbpedia.org/kko/rc/BreakwaterStructure,rdfs:subClassOf,owl:Thing
http://kbpedia.org/kko/rc/BreakwaterStructure,rdfs:subClassOf,http://kbpedia.org/kko/rc/Breakwater
http://kbpedia.org/kko/rc/BreakwaterStructure,rdfs:subClassOf,http://kbpedia.org/kko/rc/FlowControlDevice
http://kbpedia.org/kko/rc/BreakwaterStructure,rdfs:subClassOf,http://kbpedia.org/kko/rc/InertArtifact
http://kbpedia.org/kko/rc/BreakwaterStructure,rdfs:subClassOf,http://kbpedia.org/kko/rc/PublicWorks
http://kbpedia.org/kko/rc/MarineParksOfChina,rdfs:subClassOf,http://kbpedia.org/kko/rc/NationalPark
http://kbpedia.org/kko/rc/MarineParksOfChina,rdfs:subClassOf,owl:Thing
http://kbpedia.org/kko/rc/SameSexMarriage,rdfs:subClassOf,http://kbpedia.org/kko/rc/TypeOfMarriage
http://kbpedia.org/kko/rc/SameSexMarriage,rdfs:subClassOf,owl:Thing
http://kbpedia.org/kko/rc/CommercialBond,rdfs:subClassOf,http://kbpedia.org/kko/rc/PaymentObligation
http://kbpedia.org/kko/rc/CommercialBond,rdfs:subClassOf,owl:Thing
http://kbpedia.org/kko/rc/OnlineEducation,rdfs:subClassOf,http://kbpedia.org/kko/rc/Education
http://kbpedia.org/kko/rc/OnlineEducation,rdfs:subClassOf,owl:Thing
http://kbpedia.org/kko/rc/OnlineEducation,rdfs:subClassOf,http://kbpedia.org/kko/rc/TechnologyTeachingAidMaterial
http://kbpedia.org/kko/rc/Warrant_Writ,rdfs:subClassOf,http://kbpedia.org/kko/rc/Writ
http://kbpedia.org/kko/rc/Warrant_Writ,rdfs:subClassOf,owl:Thing
http://kbpedia.org/kko/rc/JuniorHighCourseLevel,rdfs:subClassOf,http://kbpedia.org/kko/rc/Course_Academic
http://kbpedia.org/kko/rc/JuniorHighCourseLevel,rdfs:subClassOf,owl:Thing
http://kbpedia.org/kko/rc/SuretyPolicy,rdfs:subClassOf,http://kbpedia.org/kko/rc/PropertyInsuranceContract
http://kbpedia.org/kko/rc/SuretyPolicy,rdfs:subClassOf,owl:Thing
http://kbpedia.org/kko/rc/WaterPoweredMill,rdfs:subClassOf,http://kbpedia.org/kko/rc/Mill_ManufacturingFacility
http://kbpedia.org/kko/rc/WaterPoweredMill,rdfs:subClassOf,owl:Thing
http://kbpedia.org/kko/rc/PilotsLicense_Document,rdfs:subClassOf,http://kbpedia.org/kko/rc/TransportationLicense_Document
http://kbpedia.org/kko/rc/PilotsLicense_Document,rdfs:subClassOf,owl:Thing
http://kbpedia.org/kko/rc/Profits,rdfs:subClassOf,http://kbpedia.org/kko/rc/MonetaryRate
http://kbpedia.org/kko/rc/Profits,rdfs:subClassOf,owl:Thing
http://kbpedia.org/kko/rc/OfficeRoom,rdfs:subClassOf,http://kbpedia.org/kko/rc/OfficeSpace_Personal
http://kbpedia.org/kko/rc/OfficeRoom,rdfs:subClassOf,owl:Thing
http://kbpedia.org/kko/rc/OfficeRoom,rdfs:subClassOf,http://kbpedia.org/kko/rc/RoomInAConstruction
http://kbpedia.org/kko/rc/Same_SexMarriageInSpain,rdfs:subClassOf,http://kbpedia.org/kko/rc/SameSexMarriage
http://kbpedia.org/kko/rc/Same_SexMarriageInSpain,rdfs:subClassOf,owl:Thing
http://kbpedia.org/kko/rc/BuildingPermit_PIT,rdfs:subClassOf,http://kbpedia.org/kko/rc/AuthorizedAgreement
http://kbpedia.org/kko/rc/BuildingPermit_PIT,rdfs:subClassOf,owl:Thing
http://kbpedia.org/kko/rc/BuildingPermit_PIT,rdfs:subClassOf,http://kbpedia.org/kko/rc/Permit
http://kbpedia.org/kko/rc/Courtyard,rdfs:subClassOf,http://kbpedia.org/kko/rc/Person_SupportingObject
http://kbpedia.org/kko/rc/Courtyard,rdfs:subClassOf,owl:Thing
http://kbpedia.org/kko/rc/Courtyard,rdfs:subClassOf,http://kbpedia.org/kko/rc/Yard_BuildingGrounds
http://kbpedia.org/kko/rc/CreditCardAccount,rdfs:subClassOf,http://kbpedia.org/kko/rc/CreditAccount
http://kbpedia.org/kko/rc/CreditCardAccount,rdfs:subClassOf,owl:Thing
http://kbpedia.org/kko/rc/Cannery_Factory,rdfs:subClassOf,http://kbpedia.org/kko/rc/FactoryBuilding
http://kbpedia.org/kko/rc/Cannery_Factory,rdfs:subClassOf,owl:Thing
http://kbpedia.org/kko/rc/RealEstateLoan,rdfs:subClassOf,http://kbpedia.org/kko/rc/LoanAgreement
http://kbpedia.org/kko/rc/RealEstateLoan,rdfs:subClassOf,owl:Thing
http://kbpedia.org/kko/rc/Currency,rdfs:subClassOf,http://kbpedia.org/kko/rc/HardcopyInformationBearingObject
http://kbpedia.org/kko/rc/Currency,rdfs:subClassOf,owl:Thing
http://kbpedia.org/kko/rc/Currency,rdfs:subClassOf,http://kbpedia.org/kko/rc/LiquidAsset
http://kbpedia.org/kko/rc/Currency,rdfs:subClassOf,http://kbpedia.org/kko/rc/PublicAdministrationFinanceService
http://kbpedia.org/kko/rc/Currency,rdfs:subClassOf,http://kbpedia.org/kko/rc/TenderObject
http://kbpedia.org/kko/rc/FifteenYearLoan,rdfs:subClassOf,http://kbpedia.org/kko/rc/FixedTimeLoan
http://kbpedia.org/kko/rc/FifteenYearLoan,rdfs:subClassOf,owl:Thing
http://kbpedia.org/kko/rc/HealthSavingAccount,rdfs:subClassOf,http://kbpedia.org/kko/rc/InvestmentAccount
http://kbpedia.org/kko/rc/HealthSavingAccount,rdfs:subClassOf,owl:Thing
http://kbpedia.org/kko/rc/ApplicationServiceProvider,rdfs:subClassOf,http://kbpedia.org/kko/rc/InternetService
http://kbpedia.org/kko/rc/ApplicationServiceProvider,rdfs:subClassOf,owl:Thing
http://kbpedia.org/kko/rc/ConventionalLoan,rdfs:subClassOf,http://kbpedia.org/kko/rc/FixedRateLoan
http://kbpedia.org/kko/rc/ConventionalLoan,rdfs:subClassOf,owl:Thing
http://kbpedia.org/kko/rc/UniversitySystem,rdfs:subClassOf,http://kbpedia.org/kko/rc/EducationalSystem
http://kbpedia.org/kko/rc/UniversitySystem,rdfs:subClassOf,owl:Thing
http://kbpedia.org/kko/rc/MountRushmoreMonument,rdfs:subClassOf,http://kbpedia.org/kko/rc/NationalMonument
http://kbpedia.org/kko/rc/MountRushmoreMonument,rdfs:subClassOf,owl:Thing
http://kbpedia.org/kko/rc/Lien,rdfs:subClassOf,http://kbpedia.org/kko/rc/Finance
http://kbpedia.org/kko/rc/Lien,rdfs:subClassOf,owl:Thing
http://kbpedia.org/kko/rc/Lien,rdfs:subClassOf,http://kbpedia.org/kko/rc/TemporaryUserRightsAgreement
http://kbpedia.org/kko/rc/Lien,rdfs:subClassOf,http://kbpedia.org/kko/rc/EconomicAgreement
http://kbpedia.org/kko/rc/ParkInTheFloridaKeys,rdfs:subClassOf,http://kbpedia.org/kko/rc/Park
http://kbpedia.org/kko/rc/ParkInTheFloridaKeys,rdfs:subClassOf,owl:Thing
http://kbpedia.org/kko/rc/FranchiseContract,rdfs:subClassOf,http://kbpedia.org/kko/rc/Contract
http://kbpedia.org/kko/rc/FranchiseContract,rdfs:subClassOf,owl:Thing
http://kbpedia.org/kko/rc/FranchiseContract,rdfs:subClassOf,http://kbpedia.org/kko/rc/EconomicAgreement
http://kbpedia.org/kko/rc/CollectionsOfTheNationalGalleryOfArt,rdfs:subClassOf,http://kbpedia.org/kko/rc/ArtGalleryHoldings
http://kbpedia.org/kko/rc/CollectionsOfTheNationalGalleryOfArt,rdfs:subClassOf,owl:Thing
http://kbpedia.org/kko/rc/ReligionEducation,rdfs:subClassOf,http://kbpedia.org/kko/rc/EducationByTopic
http://kbpedia.org/kko/rc/ReligionEducation,rdfs:subClassOf,owl:Thing
http://kbpedia.org/kko/rc/ContractDocument,rdfs:subClassOf,http://kbpedia.org/kko/rc/FinancialDocument
http://kbpedia.org/kko/rc/ContractDocument,rdfs:subClassOf,owl:Thing
http://kbpedia.org/kko/rc/ContractDocument,rdfs:subClassOf,http://kbpedia.org/kko/rc/OfficialDocument
http://kbpedia.org/kko/rc/JobBank,rdfs:subClassOf,http://kbpedia.org/kko/rc/JobListing
http://kbpedia.org/kko/rc/JobBank,rdfs:subClassOf,owl:Thing
http://kbpedia.org/kko/rc/UnitTrustShare,rdfs:subClassOf,http://kbpedia.org/kko/rc/AuthorizedAgreement
http://kbpedia.org/kko/rc/UnitTrustShare,rdfs:subClassOf,owl:Thing
http://kbpedia.org/kko/rc/Interstate25,rdfs:subClassOf,http://kbpedia.org/kko/rc/InterstateHighway
http://kbpedia.org/kko/rc/Interstate25,rdfs:subClassOf,owl:Thing
http://kbpedia.org/kko/rc/RomanColiseum,rdfs:subClassOf,http://kbpedia.org/kko/rc/Landmark
http://kbpedia.org/kko/rc/RomanColiseum,rdfs:subClassOf,owl:Thing
http://kbpedia.org/kko/rc/PathologicalLaboratoryService,rdfs:subClassOf,http://kbpedia.org/kko/rc/MedicalLaboratory
http://kbpedia.org/kko/rc/PathologicalLaboratoryService,rdfs:subClassOf,owl:Thing
http://kbpedia.org/kko/rc/WholeOfLifeInsurance,rdfs:subClassOf,http://kbpedia.org/kko/rc/LifeInsurance
http://kbpedia.org/kko/rc/WholeOfLifeInsurance,rdfs:subClassOf,owl:Thing
http://kbpedia.org/kko/rc/WholeOfLifeInsurance,rdfs:subClassOf,http://kbpedia.org/kko/rc/InsurancePlan
http://kbpedia.org/kko/rc/SecuredLoan,rdfs:subClassOf,http://kbpedia.org/kko/rc/Lien
http://kbpedia.org/kko/rc/SecuredLoan,rdfs:subClassOf,owl:Thing
http://kbpedia.org/kko/rc/SecuredLoan,rdfs:subClassOf,http://kbpedia.org/kko/rc/LoanAgreement
http://kbpedia.org/kko/rc/Park_City,rdfs:subClassOf,http://kbpedia.org/kko/rc/Park
http://kbpedia.org/kko/rc/Park_City,rdfs:subClassOf,owl:Thing
http://kbpedia.org/kko/rc/BarBuilding,rdfs:subClassOf,http://kbpedia.org/kko/rc/Bar_Place
http://kbpedia.org/kko/rc/BarBuilding,rdfs:subClassOf,owl:Thing
http://kbpedia.org/kko/rc/BarBuilding,rdfs:subClassOf,http://kbpedia.org/kko/rc/CommercialBuilding
http://kbpedia.org/kko/rc/Chateau,rdfs:subClassOf,http://kbpedia.org/kko/rc/Large_DetachedHouse
http://kbpedia.org/kko/rc/Chateau,rdfs:subClassOf,owl:Thing
http://kbpedia.org/kko/rc/Skyscraper,rdfs:subClassOf,http://kbpedia.org/kko/rc/Custom_Made
http://kbpedia.org/kko/rc/Skyscraper,rdfs:subClassOf,owl:Thing
http://kbpedia.org/kko/rc/Skyscraper,rdfs:subClassOf,http://kbpedia.org/kko/rc/HighRiseBuilding
http://kbpedia.org/kko/rc/Skyscraper,rdfs:subClassOf,http://kbpedia.org/kko/rc/HumanHighOccupancyConstruct
http://kbpedia.org/kko/rc/Skyscraper,rdfs:subClassOf,http://kbpedia.org/kko/rc/OfficeBuilding
http://kbpedia.org/kko/rc/Skyscraper,rdfs:subClassOf,http://kbpedia.org/kko/rc/Tower
http://kbpedia.org/kko/rc/Granary,rdfs:subClassOf,http://kbpedia.org/kko/rc/Facility_Agricultural
http://kbpedia.org/kko/rc/Granary,rdfs:subClassOf,owl:Thing
http://kbpedia.org/kko/rc/Granary,rdfs:subClassOf,http://kbpedia.org/kko/rc/FoodStorageContainer
http://kbpedia.org/kko/rc/Granary,rdfs:subClassOf,http://kbpedia.org/kko/rc/StorageFacility
http://kbpedia.org/kko/rc/PubliclyTradedProperty,rdfs:subClassOf,http://kbpedia.org/kko/rc/FinancialAsset
http://kbpedia.org/kko/rc/PubliclyTradedProperty,rdfs:subClassOf,owl:Thing
http://kbpedia.org/kko/rc/H1WorkVisa,rdfs:subClassOf,http://kbpedia.org/kko/rc/USWorkVisa
http://kbpedia.org/kko/rc/H1WorkVisa,rdfs:subClassOf,owl:Thing
http://kbpedia.org/kko/rc/ClosingARealEstateContract,rdfs:subClassOf,http://kbpedia.org/kko/rc/BusinessRelationshipActivity
http://kbpedia.org/kko/rc/ClosingARealEstateContract,rdfs:subClassOf,owl:Thing
http://kbpedia.org/kko/rc/ClosingARealEstateContract,rdfs:subClassOf,http://kbpedia.org/kko/rc/ChangeInUserRights
http://kbpedia.org/kko/rc/ClosingARealEstateContract,rdfs:subClassOf,http://kbpedia.org/kko/rc/FollowingAStandardProcedure
http://kbpedia.org/kko/rc/FixedPriceContract,rdfs:subClassOf,http://kbpedia.org/kko/rc/Contract
http://kbpedia.org/kko/rc/FixedPriceContract,rdfs:subClassOf,owl:Thing
http://kbpedia.org/kko/rc/IPOStock,rdfs:subClassOf,http://kbpedia.org/kko/rc/Stock
http://kbpedia.org/kko/rc/IPOStock,rdfs:subClassOf,owl:Thing
http://kbpedia.org/kko/rc/Term_LifeInsurance,rdfs:subClassOf,http://kbpedia.org/kko/rc/LifeInsurance
http://kbpedia.org/kko/rc/Term_LifeInsurance,rdfs:subClassOf,owl:Thing
http://kbpedia.org/kko/rc/Term_LifeInsurance,rdfs:subClassOf,http://kbpedia.org/kko/rc/InsurancePlan
http://kbpedia.org/kko/rc/Ownership,rdfs:subClassOf,http://kbpedia.org/kko/rc/OwnershipAgreement
http://kbpedia.org/kko/rc/Ownership,rdfs:subClassOf,owl:Thing
http://kbpedia.org/kko/rc/ForeignDirectInvestment,rdfs:subClassOf,http://kbpedia.org/kko/rc/Investment
http://kbpedia.org/kko/rc/ForeignDirectInvestment,rdfs:subClassOf,owl:Thing
http://kbpedia.org/kko/rc/Same_SexMarriageInMaryland,rdfs:subClassOf,http://kbpedia.org/kko/rc/SameSexMarriage
http://kbpedia.org/kko/rc/Same_SexMarriageInMaryland,rdfs:subClassOf,owl:Thing
http://kbpedia.org/kko/rc/Interstate26,rdfs:subClassOf,http://kbpedia.org/kko/rc/InterstateHighway
http://kbpedia.org/kko/rc/Interstate26,rdfs:subClassOf,owl:Thing
http://kbpedia.org/kko/rc/ArrestWarrant,rdfs:subClassOf,http://kbpedia.org/kko/rc/Warrant_Writ
http://kbpedia.org/kko/rc/ArrestWarrant,rdfs:subClassOf,owl:Thing
http://kbpedia.org/kko/rc/FinancialInterestDisclosure,rdfs:subClassOf,http://kbpedia.org/kko/rc/FinancialDocument
http://kbpedia.org/kko/rc/FinancialInterestDisclosure,rdfs:subClassOf,owl:Thing
http://kbpedia.org/kko/rc/FinancialInterestDisclosure,rdfs:subClassOf,http://kbpedia.org/kko/rc/Statement
http://kbpedia.org/kko/rc/ScholarshipAgreement,rdfs:subClassOf,http://kbpedia.org/kko/rc/Agreement
http://kbpedia.org/kko/rc/ScholarshipAgreement,rdfs:subClassOf,owl:Thing
http://kbpedia.org/kko/rc/Warranty,rdfs:subClassOf,http://kbpedia.org/kko/rc/AuthorizedAgreement
http://kbpedia.org/kko/rc/Warranty,rdfs:subClassOf,owl:Thing
http://kbpedia.org/kko/rc/Warranty,rdfs:subClassOf,http://kbpedia.org/kko/rc/EconomicAgreement
http://kbpedia.org/kko/rc/MortgageAgreement,rdfs:subClassOf,http://kbpedia.org/kko/rc/AuthorizedAgreement
http://kbpedia.org/kko/rc/MortgageAgreement,rdfs:subClassOf,owl:Thing
http://kbpedia.org/kko/rc/MortgageAgreement,rdfs:subClassOf,http://kbpedia.org/kko/rc/Loan_WrittenLegalAgreement
http://kbpedia.org/kko/rc/MortgageAgreement,rdfs:subClassOf,http://kbpedia.org/kko/rc/RealEstateLoan
http://kbpedia.org/kko/rc/MortgageAgreement,rdfs:subClassOf,http://kbpedia.org/kko/rc/SecuredLoan
http://kbpedia.org/kko/rc/BicycleSharing,rdfs:subClassOf,http://kbpedia.org/kko/rc/SharingEconomy
http://kbpedia.org/kko/rc/BicycleSharing,rdfs:subClassOf,owl:Thing
http://kbpedia.org/kko/rc/PreCutHome,rdfs:subClassOf,http://kbpedia.org/kko/rc/FactoryBuiltHome
http://kbpedia.org/kko/rc/PreCutHome,rdfs:subClassOf,owl:Thing
http://kbpedia.org/kko/rc/ExcavationPit,rdfs:subClassOf,http://kbpedia.org/kko/rc/HeavyIndustryFacility
http://kbpedia.org/kko/rc/ExcavationPit,rdfs:subClassOf,owl:Thing
http://kbpedia.org/kko/rc/ExcavationPit,rdfs:subClassOf,http://kbpedia.org/kko/rc/IndustrialLandParcel
http://kbpedia.org/kko/rc/ExcavationPit,rdfs:subClassOf,http://kbpedia.org/kko/rc/InertArtifact
http://kbpedia.org/kko/rc/ExcavationPit,rdfs:subClassOf,http://kbpedia.org/kko/rc/Pit_Topographical
http://kbpedia.org/kko/rc/FifteenYearMortgageAgreement,rdfs:subClassOf,http://kbpedia.org/kko/rc/FifteenYearLoan
http://kbpedia.org/kko/rc/FifteenYearMortgageAgreement,rdfs:subClassOf,owl:Thing
http://kbpedia.org/kko/rc/FifteenYearMortgageAgreement,rdfs:subClassOf,http://kbpedia.org/kko/rc/MortgageAgreement
http://kbpedia.org/kko/rc/OfficeWork,rdfs:subClassOf,http://kbpedia.org/kko/rc/BusinessActivity
http://kbpedia.org/kko/rc/OfficeWork,rdfs:subClassOf,owl:Thing
http://kbpedia.org/kko/rc/OfficeWork,rdfs:subClassOf,http://kbpedia.org/kko/rc/IndoorActivity
http://kbpedia.org/kko/rc/BiweeklyMortgage,rdfs:subClassOf,http://kbpedia.org/kko/rc/BiweeklyLoan
http://kbpedia.org/kko/rc/BiweeklyMortgage,rdfs:subClassOf,owl:Thing
http://kbpedia.org/kko/rc/BiweeklyMortgage,rdfs:subClassOf,http://kbpedia.org/kko/rc/FixedRateMortgage
http://kbpedia.org/kko/rc/MarketTrend,rdfs:subClassOf,http://kbpedia.org/kko/rc/FinancialEconomics
http://kbpedia.org/kko/rc/MarketTrend,rdfs:subClassOf,owl:Thing
http://kbpedia.org/kko/rc/MarketTrend,rdfs:subClassOf,http://kbpedia.org/kko/rc/Market
http://kbpedia.org/kko/rc/KnowledgeSharing,rdfs:subClassOf,http://kbpedia.org/kko/rc/InformationGathering
http://kbpedia.org/kko/rc/KnowledgeSharing,rdfs:subClassOf,owl:Thing
http://kbpedia.org/kko/rc/KnowledgeSharing,rdfs:subClassOf,http://kbpedia.org/kko/rc/SharingEconomy
http://kbpedia.org/kko/rc/Interstate29,rdfs:subClassOf,http://kbpedia.org/kko/rc/InterstateHighway
http://kbpedia.org/kko/rc/Interstate29,rdfs:subClassOf,owl:Thing
http://kbpedia.org/kko/rc/TrustAgreement,rdfs:subClassOf,http://kbpedia.org/kko/rc/FinancialDocument
http://kbpedia.org/kko/rc/TrustAgreement,rdfs:subClassOf,owl:Thing
http://kbpedia.org/kko/rc/TrustAgreement,rdfs:subClassOf,http://kbpedia.org/kko/rc/TemporaryUserRightsAgreement
http://kbpedia.org/kko/rc/TrustAgreement,rdfs:subClassOf,http://kbpedia.org/kko/rc/Agreement
http://kbpedia.org/kko/rc/NegativeAmortization,rdfs:subClassOf,http://kbpedia.org/kko/rc/FinancialCondition
http://kbpedia.org/kko/rc/NegativeAmortization,rdfs:subClassOf,owl:Thing
http://kbpedia.org/kko/rc/BidItem,rdfs:subClassOf,http://kbpedia.org/kko/rc/SalesBidOrContractItem
http://kbpedia.org/kko/rc/BidItem,rdfs:subClassOf,owl:Thing
http://kbpedia.org/kko/rc/AdjustableRateMortgage,rdfs:subClassOf,http://kbpedia.org/kko/rc/AdjustableRateLoan
http://kbpedia.org/kko/rc/AdjustableRateMortgage,rdfs:subClassOf,owl:Thing
http://kbpedia.org/kko/rc/AdjustableRateMortgage,rdfs:subClassOf,http://kbpedia.org/kko/rc/MortgageAgreement
http://kbpedia.org/kko/rc/HomelessShelter,rdfs:subClassOf,http://kbpedia.org/kko/rc/Dormitory
http://kbpedia.org/kko/rc/HomelessShelter,rdfs:subClassOf,owl:Thing
http://kbpedia.org/kko/rc/MonteRosa,rdfs:subClassOf,http://kbpedia.org/kko/rc/PennineAlps_Mountain
http://kbpedia.org/kko/rc/MonteRosa,rdfs:subClassOf,owl:Thing
http://kbpedia.org/kko/rc/AnglicanEducation,rdfs:subClassOf,http://kbpedia.org/kko/rc/ReligionEducation
http://kbpedia.org/kko/rc/AnglicanEducation,rdfs:subClassOf,owl:Thing
http://kbpedia.org/kko/rc/AttachmentOfEarningsOrder,rdfs:subClassOf,http://kbpedia.org/kko/rc/Writ
http://kbpedia.org/kko/rc/AttachmentOfEarningsOrder,rdfs:subClassOf,owl:Thing
http://kbpedia.org/kko/rc/WomensLeadershipSchool,rdfs:subClassOf,http://kbpedia.org/kko/rc/Leadership
http://kbpedia.org/kko/rc/WomensLeadershipSchool,rdfs:subClassOf,owl:Thing
http://kbpedia.org/kko/rc/WomensLeadershipSchool,rdfs:subClassOf,http://kbpedia.org/kko/rc/Training
http://kbpedia.org/kko/rc/ArtificialIntelligenceLaboratory,rdfs:subClassOf,http://kbpedia.org/kko/rc/Laboratory
http://kbpedia.org/kko/rc/ArtificialIntelligenceLaboratory,rdfs:subClassOf,owl:Thing
http://kbpedia.org/kko/rc/JobListing,rdfs:subClassOf,http://kbpedia.org/kko/rc/Employment
http://kbpedia.org/kko/rc/JobListing,rdfs:subClassOf,owl:Thing
http://kbpedia.org/kko/rc/Interstate79,rdfs:subClassOf,http://kbpedia.org/kko/rc/InterstateHighway
http://kbpedia.org/kko/rc/Interstate79,rdfs:subClassOf,owl:Thing
http://kbpedia.org/kko/rc/DocumentForgery,rdfs:subClassOf,http://kbpedia.org/kko/rc/Forgery
http://kbpedia.org/kko/rc/DocumentForgery,rdfs:subClassOf,owl:Thing
http://kbpedia.org/kko/rc/PriceControl,rdfs:subClassOf,http://kbpedia.org/kko/rc/Pricing
http://kbpedia.org/kko/rc/PriceControl,rdfs:subClassOf,owl:Thing
http://kbpedia.org/kko/rc/FinanciallyHurting,rdfs:subClassOf,http://kbpedia.org/kko/rc/EconomicalQuantity
http://kbpedia.org/kko/rc/FinanciallyHurting,rdfs:subClassOf,owl:Thing
http://kbpedia.org/kko/rc/FinanciallyHurting,rdfs:subClassOf,http://kbpedia.org/kko/rc/FinancialCondition
http://kbpedia.org/kko/rc/Education,rdfs:subClassOf,http://kbpedia.org/kko/rc/EducationTrainingService
http://kbpedia.org/kko/rc/Education,rdfs:subClassOf,owl:Thing
http://kbpedia.org/kko/rc/Education,rdfs:subClassOf,http://kbpedia.org/kko/rc/EducationalSystem
http://kbpedia.org/kko/rc/SchoolAndClassroomBehaviour,rdfs:subClassOf,http://kbpedia.org/kko/rc/EducationIssue
http://kbpedia.org/kko/rc/SchoolAndClassroomBehaviour,rdfs:subClassOf,owl:Thing
http://kbpedia.org/kko/rc/PreciousMetal,rdfs:subClassOf,http://kbpedia.org/kko/rc/InvestmentVehicle
http://kbpedia.org/kko/rc/PreciousMetal,rdfs:subClassOf,owl:Thing
http://kbpedia.org/kko/rc/LifeInsurance,rdfs:subClassOf,http://kbpedia.org/kko/rc/InsurableInterestContract
http://kbpedia.org/kko/rc/LifeInsurance,rdfs:subClassOf,owl:Thing
http://kbpedia.org/kko/rc/LifeInsurance,rdfs:subClassOf,http://kbpedia.org/kko/rc/InsurancePlan
http://kbpedia.org/kko/rc/LifeInsurance,rdfs:subClassOf,http://kbpedia.org/kko/rc/LifeHealthAccidentInsurance
http://kbpedia.org/kko/rc/IslamicEducation,rdfs:subClassOf,http://kbpedia.org/kko/rc/ReligionEducation
http://kbpedia.org/kko/rc/IslamicEducation,rdfs:subClassOf,owl:Thing
http://kbpedia.org/kko/rc/LeadershipTraining,rdfs:subClassOf,http://kbpedia.org/kko/rc/MilitaryEducationAndTraining
http://kbpedia.org/kko/rc/LeadershipTraining,rdfs:subClassOf,owl:Thing
http://kbpedia.org/kko/rc/LeadershipTraining,rdfs:subClassOf,http://kbpedia.org/kko/rc/Training
http://kbpedia.org/kko/rc/BreakingEven,rdfs:subClassOf,http://kbpedia.org/kko/rc/FinancialActivity
http://kbpedia.org/kko/rc/BreakingEven,rdfs:subClassOf,owl:Thing
http://kbpedia.org/kko/rc/Interstate78,rdfs:subClassOf,http://kbpedia.org/kko/rc/InterstateHighway
http://kbpedia.org/kko/rc/Interstate78,rdfs:subClassOf,owl:Thing
http://kbpedia.org/kko/rc/RomanCatholicChurchSexAbuseByCountry,rdfs:subClassOf,http://kbpedia.org/kko/rc/Pedophilia_TheAction
http://kbpedia.org/kko/rc/RomanCatholicChurchSexAbuseByCountry,rdfs:subClassOf,owl:Thing
http://kbpedia.org/kko/rc/Loan_WrittenLegalAgreement,rdfs:subClassOf,http://kbpedia.org/kko/rc/LoanAgreement
http://kbpedia.org/kko/rc/Loan_WrittenLegalAgreement,rdfs:subClassOf,owl:Thing
http://kbpedia.org/kko/rc/Loan_WrittenLegalAgreement,rdfs:subClassOf,http://kbpedia.org/kko/rc/WrittenLegalAgreement
http://kbpedia.org/kko/rc/OrganizationalStructure,rdfs:subClassOf,http://kbpedia.org/kko/rc/OrganizationPolicy
http://kbpedia.org/kko/rc/OrganizationalStructure,rdfs:subClassOf,owl:Thing
http://kbpedia.org/kko/rc/TechnologyServicesAgreement,rdfs:subClassOf,http://kbpedia.org/kko/rc/Contract
http://kbpedia.org/kko/rc/TechnologyServicesAgreement,rdfs:subClassOf,owl:Thing
http://kbpedia.org/kko/rc/DigitalGoldCurrency,rdfs:subClassOf,http://kbpedia.org/kko/rc/DigitalCurrency
http://kbpedia.org/kko/rc/DigitalGoldCurrency,rdfs:subClassOf,owl:Thing
http://kbpedia.org/kko/rc/Showroom,rdfs:subClassOf,http://kbpedia.org/kko/rc/RetailStoreSpace
http://kbpedia.org/kko/rc/Showroom,rdfs:subClassOf,owl:Thing
http://kbpedia.org/kko/rc/Showroom,rdfs:subClassOf,http://kbpedia.org/kko/rc/RoomInAConstruction
http://kbpedia.org/kko/rc/Timeshare,rdfs:subClassOf,http://kbpedia.org/kko/rc/LeaseRentalOfPropertyBuilding
http://kbpedia.org/kko/rc/Timeshare,rdfs:subClassOf,owl:Thing
http://kbpedia.org/kko/rc/Timeshare,rdfs:subClassOf,http://kbpedia.org/kko/rc/VacationProperty
http://kbpedia.org/kko/rc/Laboratory,rdfs:subClassOf,http://kbpedia.org/kko/rc/ResearchFacility
http://kbpedia.org/kko/rc/Laboratory,rdfs:subClassOf,owl:Thing
http://kbpedia.org/kko/rc/Laboratory,rdfs:subClassOf,http://kbpedia.org/kko/rc/Workplace
http://kbpedia.org/kko/rc/OwnershipDocument,rdfs:subClassOf,http://kbpedia.org/kko/rc/FinancialDocument
http://kbpedia.org/kko/rc/OwnershipDocument,rdfs:subClassOf,owl:Thing
http://kbpedia.org/kko/rc/OwnershipDocument,rdfs:subClassOf,http://kbpedia.org/kko/rc/OfficialDocument
http://kbpedia.org/kko/rc/Masia,rdfs:subClassOf,http://kbpedia.org/kko/rc/Large_DetachedHouse
http://kbpedia.org/kko/rc/Masia,rdfs:subClassOf,owl:Thing
http://kbpedia.org/kko/rc/CashHoldings,rdfs:subClassOf,http://kbpedia.org/kko/rc/LiquidAsset
http://kbpedia.org/kko/rc/CashHoldings,rdfs:subClassOf,owl:Thing
http://kbpedia.org/kko/rc/VariableAnnuity,rdfs:subClassOf,http://kbpedia.org/kko/rc/StructuredFinancialProduct
http://kbpedia.org/kko/rc/VariableAnnuity,rdfs:subClassOf,owl:Thing
http://kbpedia.org/kko/rc/StructuredFinancialProduct,rdfs:subClassOf,http://kbpedia.org/kko/rc/FinancialSecurity
http://kbpedia.org/kko/rc/StructuredFinancialProduct,rdfs:subClassOf,owl:Thing
http://kbpedia.org/kko/rc/Interstate90,rdfs:subClassOf,http://kbpedia.org/kko/rc/InterstateHighway
http://kbpedia.org/kko/rc/Interstate90,rdfs:subClassOf,owl:Thing
http://kbpedia.org/kko/rc/Academia,rdfs:subClassOf,http://kbpedia.org/kko/rc/Education
http://kbpedia.org/kko/rc/Academia,rdfs:subClassOf,owl:Thing
http://kbpedia.org/kko/rc/SchoenbrunnPalace,rdfs:subClassOf,http://kbpedia.org/kko/rc/OfficialResidence
http://kbpedia.org/kko/rc/SchoenbrunnPalace,rdfs:subClassOf,owl:Thing
http://kbpedia.org/kko/rc/SchoenbrunnPalace,rdfs:subClassOf,http://kbpedia.org/kko/rc/PalaceBuilding
http://kbpedia.org/kko/rc/BusinessFailure,rdfs:subClassOf,http://kbpedia.org/kko/rc/BusinessEvent
http://kbpedia.org/kko/rc/BusinessFailure,rdfs:subClassOf,owl:Thing
http://kbpedia.org/kko/rc/NaturalGasProcessingPlant,rdfs:subClassOf,http://kbpedia.org/kko/rc/HeavyIndustryFacility
http://kbpedia.org/kko/rc/NaturalGasProcessingPlant,rdfs:subClassOf,owl:Thing
http://kbpedia.org/kko/rc/NaturalGasProcessingPlant,rdfs:subClassOf,http://kbpedia.org/kko/rc/Workplace
http://kbpedia.org/kko/rc/ArapahoNationalForest,rdfs:subClassOf,http://kbpedia.org/kko/rc/NationalForest
http://kbpedia.org/kko/rc/ArapahoNationalForest,rdfs:subClassOf,owl:Thing
http://kbpedia.org/kko/rc/ColossusOfRhodes,rdfs:subClassOf,http://kbpedia.org/kko/rc/Landmark
http://kbpedia.org/kko/rc/ColossusOfRhodes,rdfs:subClassOf,owl:Thing
http://kbpedia.org/kko/rc/FixedRateLoan,rdfs:subClassOf,http://kbpedia.org/kko/rc/LoanAgreement
http://kbpedia.org/kko/rc/FixedRateLoan,rdfs:subClassOf,owl:Thing
http://kbpedia.org/kko/rc/EMailAccount,rdfs:subClassOf,http://kbpedia.org/kko/rc/Account_LegalAgreement
http://kbpedia.org/kko/rc/EMailAccount,rdfs:subClassOf,owl:Thing
http://kbpedia.org/kko/rc/EMailAccount,rdfs:subClassOf,http://kbpedia.org/kko/rc/ComputerAccount
http://kbpedia.org/kko/rc/WassenaarArrangement_Agreement,rdfs:subClassOf,http://kbpedia.org/kko/rc/InternationalAgreement
http://kbpedia.org/kko/rc/WassenaarArrangement_Agreement,rdfs:subClassOf,owl:Thing
http://kbpedia.org/kko/rc/Interstate70,rdfs:subClassOf,http://kbpedia.org/kko/rc/InterstateHighway
http://kbpedia.org/kko/rc/Interstate70,rdfs:subClassOf,owl:Thing
http://kbpedia.org/kko/rc/LoanAgreement,rdfs:subClassOf,http://kbpedia.org/kko/rc/TemporaryUserRightsAgreement
http://kbpedia.org/kko/rc/LoanAgreement,rdfs:subClassOf,owl:Thing
http://kbpedia.org/kko/rc/LoanAgreement,rdfs:subClassOf,http://kbpedia.org/kko/rc/EconomicAgreement
http://kbpedia.org/kko/rc/LoanAgreement,rdfs:subClassOf,http://kbpedia.org/kko/rc/Obligation
http://kbpedia.org/kko/rc/MailScam,rdfs:subClassOf,http://kbpedia.org/kko/rc/Scam
http://kbpedia.org/kko/rc/MailScam,rdfs:subClassOf,owl:Thing
http://kbpedia.org/kko/rc/FreeMarketEconomicSystem,rdfs:subClassOf,http://kbpedia.org/kko/rc/EconomicSystem
http://kbpedia.org/kko/rc/FreeMarketEconomicSystem,rdfs:subClassOf,owl:Thing
http://kbpedia.org/kko/rc/AlternativeInternetDNSService,rdfs:subClassOf,http://kbpedia.org/kko/rc/DomainNameSystemProtocol
http://kbpedia.org/kko/rc/AlternativeInternetDNSService,rdfs:subClassOf,owl:Thing
http://kbpedia.org/kko/rc/AlternativeInternetDNSService,rdfs:subClassOf,http://kbpedia.org/kko/rc/InternetService
http://kbpedia.org/kko/rc/Megalith,rdfs:subClassOf,http://kbpedia.org/kko/rc/Monument
http://kbpedia.org/kko/rc/Megalith,rdfs:subClassOf,owl:Thing
http://kbpedia.org/kko/rc/ConfidentialityAgreementDocument,rdfs:subClassOf,http://kbpedia.org/kko/rc/ContractDocument
http://kbpedia.org/kko/rc/ConfidentialityAgreementDocument,rdfs:subClassOf,owl:Thing
http://kbpedia.org/kko/rc/ConfidentialityAgreementDocument,rdfs:subClassOf,http://kbpedia.org/kko/rc/PersonnelDocumentation
http://kbpedia.org/kko/rc/BrooklynBridge,rdfs:subClassOf,http://kbpedia.org/kko/rc/Bridge
http://kbpedia.org/kko/rc/BrooklynBridge,rdfs:subClassOf,owl:Thing
http://kbpedia.org/kko/rc/BrooklynBridge,rdfs:subClassOf,http://kbpedia.org/kko/rc/Landmark
http://kbpedia.org/kko/rc/Inflation,rdfs:subClassOf,http://kbpedia.org/kko/rc/Money_DevisedPractice
http://kbpedia.org/kko/rc/Inflation,rdfs:subClassOf,owl:Thing
http://kbpedia.org/kko/rc/CommercialLoanAgreement,rdfs:subClassOf,http://kbpedia.org/kko/rc/AuthorizedAgreement
http://kbpedia.org/kko/rc/CommercialLoanAgreement,rdfs:subClassOf,owl:Thing
http://kbpedia.org/kko/rc/CommercialLoanAgreement,rdfs:subClassOf,http://kbpedia.org/kko/rc/Loan_WrittenLegalAgreement
http://kbpedia.org/kko/rc/CappedRateMortgage,rdfs:subClassOf,http://kbpedia.org/kko/rc/AdjustableRateMortgage
http://kbpedia.org/kko/rc/CappedRateMortgage,rdfs:subClassOf,owl:Thing
http://kbpedia.org/kko/rc/Interstate8,rdfs:subClassOf,http://kbpedia.org/kko/rc/InterstateHighway
http://kbpedia.org/kko/rc/Interstate8,rdfs:subClassOf,owl:Thing
http://kbpedia.org/kko/rc/Gallery_ArtDisplayStructure,rdfs:subClassOf,http://kbpedia.org/kko/rc/CommercialFacility
http://kbpedia.org/kko/rc/Gallery_ArtDisplayStructure,rdfs:subClassOf,owl:Thing
http://kbpedia.org/kko/rc/Gallery_ArtDisplayStructure,rdfs:subClassOf,http://kbpedia.org/kko/rc/DisplayStructure
http://kbpedia.org/kko/rc/AssumableLoanAgreement,rdfs:subClassOf,http://kbpedia.org/kko/rc/MortgageAgreement
http://kbpedia.org/kko/rc/AssumableLoanAgreement,rdfs:subClassOf,owl:Thing
http://kbpedia.org/kko/rc/CurrenciesWithMultipleBanknoteIssuers,rdfs:subClassOf,http://kbpedia.org/kko/rc/Currency
http://kbpedia.org/kko/rc/CurrenciesWithMultipleBanknoteIssuers,rdfs:subClassOf,owl:Thing
http://kbpedia.org/kko/rc/SchoolForTheBlind,rdfs:subClassOf,http://kbpedia.org/kko/rc/SpecialEducationForHandicapped
http://kbpedia.org/kko/rc/SchoolForTheBlind,rdfs:subClassOf,owl:Thing
http://kbpedia.org/kko/rc/Pantheon_Rome,rdfs:subClassOf,http://kbpedia.org/kko/rc/Landmark
http://kbpedia.org/kko/rc/Pantheon_Rome,rdfs:subClassOf,owl:Thing
http://kbpedia.org/kko/rc/EndowmentMortgage,rdfs:subClassOf,http://kbpedia.org/kko/rc/InterestOnlyMortgage
http://kbpedia.org/kko/rc/EndowmentMortgage,rdfs:subClassOf,owl:Thing
http://kbpedia.org/kko/rc/NaturalMonument_CzechRepublic,rdfs:subClassOf,http://kbpedia.org/kko/rc/NaturalMonument
http://kbpedia.org/kko/rc/NaturalMonument_CzechRepublic,rdfs:subClassOf,owl:Thing
http://kbpedia.org/kko/rc/KindergartenCourseLevel,rdfs:subClassOf,http://kbpedia.org/kko/rc/ElementaryCourseLevel
http://kbpedia.org/kko/rc/KindergartenCourseLevel,rdfs:subClassOf,owl:Thing
http://kbpedia.org/kko/rc/MakingCounterfeitCurrency,rdfs:subClassOf,http://kbpedia.org/kko/rc/Forgery
http://kbpedia.org/kko/rc/MakingCounterfeitCurrency,rdfs:subClassOf,owl:Thing
http://kbpedia.org/kko/rc/FixedAnnuityPolicy,rdfs:subClassOf,http://kbpedia.org/kko/rc/LifeInsurance
http://kbpedia.org/kko/rc/FixedAnnuityPolicy,rdfs:subClassOf,owl:Thing
http://kbpedia.org/kko/rc/StatisticsOfEducation,rdfs:subClassOf,http://kbpedia.org/kko/rc/EducationalAssessmentAndEvaluation
http://kbpedia.org/kko/rc/StatisticsOfEducation,rdfs:subClassOf,owl:Thing
http://kbpedia.org/kko/rc/StatisticsOfEducation,rdfs:subClassOf,http://kbpedia.org/kko/rc/EducationalResearch
http://kbpedia.org/kko/rc/OverheadExpenseAccount,rdfs:subClassOf,http://kbpedia.org/kko/rc/ExpenseAccount
http://kbpedia.org/kko/rc/OverheadExpenseAccount,rdfs:subClassOf,owl:Thing
http://kbpedia.org/kko/rc/BailAgreement,rdfs:subClassOf,http://kbpedia.org/kko/rc/Contract
http://kbpedia.org/kko/rc/BailAgreement,rdfs:subClassOf,owl:Thing
http://kbpedia.org/kko/rc/AlternativeEducation,rdfs:subClassOf,http://kbpedia.org/kko/rc/Education
http://kbpedia.org/kko/rc/AlternativeEducation,rdfs:subClassOf,owl:Thing
http://kbpedia.org/kko/rc/Gilt_Bond,rdfs:subClassOf,http://kbpedia.org/kko/rc/BondsFinance
http://kbpedia.org/kko/rc/Gilt_Bond,rdfs:subClassOf,owl:Thing
http://kbpedia.org/kko/rc/FlightTraining,rdfs:subClassOf,http://kbpedia.org/kko/rc/CourseOfStudy
http://kbpedia.org/kko/rc/FlightTraining,rdfs:subClassOf,owl:Thing
http://kbpedia.org/kko/rc/FlightTraining,rdfs:subClassOf,http://kbpedia.org/kko/rc/MilitaryEducationAndTraining
http://kbpedia.org/kko/rc/FlightTraining,rdfs:subClassOf,http://kbpedia.org/kko/rc/PurposefulAction
http://kbpedia.org/kko/rc/Securitizing,rdfs:subClassOf,http://kbpedia.org/kko/rc/FinancialActivity
http://kbpedia.org/kko/rc/Securitizing,rdfs:subClassOf,owl:Thing
http://kbpedia.org/kko/rc/MentalTraining,rdfs:subClassOf,http://kbpedia.org/kko/rc/Training
http://kbpedia.org/kko/rc/MentalTraining,rdfs:subClassOf,owl:Thing
http://kbpedia.org/kko/rc/Quarry,rdfs:subClassOf,http://kbpedia.org/kko/rc/IndustrialLandParcel
http://kbpedia.org/kko/rc/Quarry,rdfs:subClassOf,owl:Thing
http://kbpedia.org/kko/rc/Quarry,rdfs:subClassOf,http://kbpedia.org/kko/rc/Mine_ExcavationFacility
http://kbpedia.org/kko/rc/Quarry,rdfs:subClassOf,http://kbpedia.org/kko/rc/Pit_Topographical
http://kbpedia.org/kko/rc/SanAndreasFault,rdfs:subClassOf,http://kbpedia.org/kko/rc/Fault_Topographical
http://kbpedia.org/kko/rc/SanAndreasFault,rdfs:subClassOf,owl:Thing
http://kbpedia.org/kko/rc/SanAndreasFault,rdfs:subClassOf,http://kbpedia.org/kko/rc/Landmark
http://kbpedia.org/kko/rc/Interstate5,rdfs:subClassOf,http://kbpedia.org/kko/rc/InterstateHighway
http://kbpedia.org/kko/rc/Interstate5,rdfs:subClassOf,owl:Thing
http://kbpedia.org/kko/rc/Park_County,rdfs:subClassOf,http://kbpedia.org/kko/rc/Park
http://kbpedia.org/kko/rc/Park_County,rdfs:subClassOf,owl:Thing
http://kbpedia.org/kko/rc/FiftyDollarBill_US,rdfs:subClassOf,http://kbpedia.org/kko/rc/Bill_US
http://kbpedia.org/kko/rc/FiftyDollarBill_US,rdfs:subClassOf,owl:Thing
http://kbpedia.org/kko/rc/ErosionProtectionStructure,rdfs:subClassOf,http://kbpedia.org/kko/rc/Barrier_ConstructionArtifact
http://kbpedia.org/kko/rc/ErosionProtectionStructure,rdfs:subClassOf,owl:Thing
http://kbpedia.org/kko/rc/ErosionProtectionStructure,rdfs:subClassOf,http://kbpedia.org/kko/rc/CommercialLandParcel
http://kbpedia.org/kko/rc/ErosionProtectionStructure,rdfs:subClassOf,http://kbpedia.org/kko/rc/FixedStructure
http://kbpedia.org/kko/rc/ChalkPit,rdfs:subClassOf,http://kbpedia.org/kko/rc/Quarry
http://kbpedia.org/kko/rc/ChalkPit,rdfs:subClassOf,owl:Thing
http://kbpedia.org/kko/rc/ChalkPit,rdfs:subClassOf,http://kbpedia.org/kko/rc/IndustrialLandParcel
http://kbpedia.org/kko/rc/TahoeNationalForest,rdfs:subClassOf,http://kbpedia.org/kko/rc/NationalForest
http://kbpedia.org/kko/rc/TahoeNationalForest,rdfs:subClassOf,owl:Thing
http://kbpedia.org/kko/rc/Interstate64,rdfs:subClassOf,http://kbpedia.org/kko/rc/InterstateHighway
http://kbpedia.org/kko/rc/Interstate64,rdfs:subClassOf,owl:Thing
http://kbpedia.org/kko/rc/ExpenseAccount,rdfs:subClassOf,http://kbpedia.org/kko/rc/AccountType
http://kbpedia.org/kko/rc/ExpenseAccount,rdfs:subClassOf,owl:Thing
http://kbpedia.org/kko/rc/TravelReservation,rdfs:subClassOf,http://kbpedia.org/kko/rc/Reservation
http://kbpedia.org/kko/rc/TravelReservation,rdfs:subClassOf,owl:Thing
http://kbpedia.org/kko/rc/MaintenanceAgreement,rdfs:subClassOf,http://kbpedia.org/kko/rc/AuthorizedAgreement
http://kbpedia.org/kko/rc/MaintenanceAgreement,rdfs:subClassOf,owl:Thing
http://kbpedia.org/kko/rc/ParkInSouthernCalifornia,rdfs:subClassOf,http://kbpedia.org/kko/rc/Park
http://kbpedia.org/kko/rc/ParkInSouthernCalifornia,rdfs:subClassOf,owl:Thing
http://kbpedia.org/kko/rc/AttachmentOrder,rdfs:subClassOf,http://kbpedia.org/kko/rc/Writ
http://kbpedia.org/kko/rc/AttachmentOrder,rdfs:subClassOf,owl:Thing
http://kbpedia.org/kko/rc/House_Country,rdfs:subClassOf,http://kbpedia.org/kko/rc/DetachedHouse
http://kbpedia.org/kko/rc/House_Country,rdfs:subClassOf,owl:Thing
http://kbpedia.org/kko/rc/House_Country,rdfs:subClassOf,http://kbpedia.org/kko/rc/ResidentialBuilding
http://kbpedia.org/kko/rc/SatanicRitualAbuse,rdfs:subClassOf,http://kbpedia.org/kko/rc/Abuse
http://kbpedia.org/kko/rc/SatanicRitualAbuse,rdfs:subClassOf,owl:Thing
http://kbpedia.org/kko/rc/SatanicRitualAbuse,rdfs:subClassOf,http://kbpedia.org/kko/rc/Pedophilia_TheAction
http://kbpedia.org/kko/rc/MarketTrough,rdfs:subClassOf,http://kbpedia.org/kko/rc/MarketTrend
http://kbpedia.org/kko/rc/MarketTrough,rdfs:subClassOf,owl:Thing
http://kbpedia.org/kko/rc/InformalAgreement,rdfs:subClassOf,http://kbpedia.org/kko/rc/Agreement
http://kbpedia.org/kko/rc/InformalAgreement,rdfs:subClassOf,owl:Thing
http://kbpedia.org/kko/rc/Interstate72,rdfs:subClassOf,http://kbpedia.org/kko/rc/InterstateHighway
http://kbpedia.org/kko/rc/Interstate72,rdfs:subClassOf,owl:Thing
http://kbpedia.org/kko/rc/OnlineGameService,rdfs:subClassOf,http://kbpedia.org/kko/rc/ComputerActivity
http://kbpedia.org/kko/rc/OnlineGameService,rdfs:subClassOf,owl:Thing
http://kbpedia.org/kko/rc/OnlineGameService,rdfs:subClassOf,http://kbpedia.org/kko/rc/InternetService
http://kbpedia.org/kko/rc/OnlineGameService,rdfs:subClassOf,http://kbpedia.org/kko/rc/ServiceRelatedToComputers
http://kbpedia.org/kko/rc/OnlineGameService,rdfs:subClassOf,http://kbpedia.org/kko/rc/SubscriberService
http://kbpedia.org/kko/rc/CreditCardFraud,rdfs:subClassOf,http://kbpedia.org/kko/rc/Fraud
http://kbpedia.org/kko/rc/CreditCardFraud,rdfs:subClassOf,owl:Thing
http://kbpedia.org/kko/rc/Pantheon_Paris,rdfs:subClassOf,http://kbpedia.org/kko/rc/Landmark
http://kbpedia.org/kko/rc/Pantheon_Paris,rdfs:subClassOf,owl:Thing
http://kbpedia.org/kko/rc/PetInsurance,rdfs:subClassOf,http://kbpedia.org/kko/rc/InsurancePlan
http://kbpedia.org/kko/rc/PetInsurance,rdfs:subClassOf,owl:Thing
http://kbpedia.org/kko/rc/BigBendNationalPark,rdfs:subClassOf,http://kbpedia.org/kko/rc/NationalPark
http://kbpedia.org/kko/rc/BigBendNationalPark,rdfs:subClassOf,owl:Thing
http://kbpedia.org/kko/rc/HumanitiesEducation,rdfs:subClassOf,http://kbpedia.org/kko/rc/LiberalArtsEducation
http://kbpedia.org/kko/rc/HumanitiesEducation,rdfs:subClassOf,owl:Thing
http://kbpedia.org/kko/rc/LiquidAsset,rdfs:subClassOf,http://kbpedia.org/kko/rc/Assets_Possession
http://kbpedia.org/kko/rc/LiquidAsset,rdfs:subClassOf,owl:Thing
http://kbpedia.org/kko/rc/Freeway,rdfs:subClassOf,http://kbpedia.org/kko/rc/DividedPath
http://kbpedia.org/kko/rc/Freeway,rdfs:subClassOf,owl:Thing
http://kbpedia.org/kko/rc/Freeway,rdfs:subClassOf,http://kbpedia.org/kko/rc/FourLanesOrWiderRoadway
http://kbpedia.org/kko/rc/Freeway,rdfs:subClassOf,http://kbpedia.org/kko/rc/Highway
http://kbpedia.org/kko/rc/DeathValleyNationalPark,rdfs:subClassOf,http://kbpedia.org/kko/rc/NationalPark
http://kbpedia.org/kko/rc/DeathValleyNationalPark,rdfs:subClassOf,owl:Thing
http://kbpedia.org/kko/rc/Naturdenkmal_Germany,rdfs:subClassOf,http://kbpedia.org/kko/rc/NaturalMonument
http://kbpedia.org/kko/rc/Naturdenkmal_Germany,rdfs:subClassOf,owl:Thing
http://kbpedia.org/kko/rc/Villa,rdfs:subClassOf,http://kbpedia.org/kko/rc/Large_DetachedHouse
http://kbpedia.org/kko/rc/Villa,rdfs:subClassOf,owl:Thing
http://kbpedia.org/kko/rc/Villa,rdfs:subClassOf,http://kbpedia.org/kko/rc/DetachedHouse
http://kbpedia.org/kko/rc/TemporaryLoan,rdfs:subClassOf,http://kbpedia.org/kko/rc/ShortTermLoan
http://kbpedia.org/kko/rc/TemporaryLoan,rdfs:subClassOf,owl:Thing
http://kbpedia.org/kko/rc/FixedRateMortgage,rdfs:subClassOf,http://kbpedia.org/kko/rc/FixedRateLoan
http://kbpedia.org/kko/rc/FixedRateMortgage,rdfs:subClassOf,owl:Thing
http://kbpedia.org/kko/rc/FixedRateMortgage,rdfs:subClassOf,http://kbpedia.org/kko/rc/MortgageAgreement
http://kbpedia.org/kko/rc/FiveDollarBill_US,rdfs:subClassOf,http://kbpedia.org/kko/rc/Bill_US
http://kbpedia.org/kko/rc/FiveDollarBill_US,rdfs:subClassOf,owl:Thing
http://kbpedia.org/kko/rc/Cabin,rdfs:subClassOf,http://kbpedia.org/kko/rc/House_Country
http://kbpedia.org/kko/rc/Cabin,rdfs:subClassOf,owl:Thing
http://kbpedia.org/kko/rc/Interstate85,rdfs:subClassOf,http://kbpedia.org/kko/rc/InterstateHighway
http://kbpedia.org/kko/rc/Interstate85,rdfs:subClassOf,owl:Thing
http://kbpedia.org/kko/rc/ConsumerLoanAgreement,rdfs:subClassOf,http://kbpedia.org/kko/rc/AuthorizedAgreement
http://kbpedia.org/kko/rc/ConsumerLoanAgreement,rdfs:subClassOf,owl:Thing
http://kbpedia.org/kko/rc/ConsumerLoanAgreement,rdfs:subClassOf,http://kbpedia.org/kko/rc/Loan_WrittenLegalAgreement
http://kbpedia.org/kko/rc/VoivodeshipRoad,rdfs:subClassOf,http://kbpedia.org/kko/rc/Highway
http://kbpedia.org/kko/rc/VoivodeshipRoad,rdfs:subClassOf,owl:Thing
http://kbpedia.org/kko/rc/Zoo,rdfs:subClassOf,http://kbpedia.org/kko/rc/TouristAttraction
http://kbpedia.org/kko/rc/Zoo,rdfs:subClassOf,owl:Thing
http://kbpedia.org/kko/rc/Zoo,rdfs:subClassOf,http://kbpedia.org/kko/rc/ProtectedArea
http://kbpedia.org/kko/rc/FrontCompany,rdfs:subClassOf,http://kbpedia.org/kko/rc/InvestmentVehicle
http://kbpedia.org/kko/rc/FrontCompany,rdfs:subClassOf,owl:Thing
http://kbpedia.org/kko/rc/ParkInWyoming,rdfs:subClassOf,http://kbpedia.org/kko/rc/Park
http://kbpedia.org/kko/rc/ParkInWyoming,rdfs:subClassOf,owl:Thing
http://kbpedia.org/kko/rc/MonetaryRate,rdfs:subClassOf,http://kbpedia.org/kko/rc/Finance
http://kbpedia.org/kko/rc/MonetaryRate,rdfs:subClassOf,owl:Thing
http://kbpedia.org/kko/rc/MonetaryRate,rdfs:subClassOf,http://kbpedia.org/kko/rc/MoneyRatio
http://kbpedia.org/kko/rc/MonetaryRate,rdfs:subClassOf,http://kbpedia.org/kko/rc/Rate
http://kbpedia.org/kko/rc/MonetaryRate,rdfs:subClassOf,http://kbpedia.org/kko/rc/RatioOfPrimitiveQuantities
http://kbpedia.org/kko/rc/MonetaryRate,rdfs:subClassOf,http://kbpedia.org/ontologies/kko#EconomicSystems
http://kbpedia.org/kko/rc/MilitaryParachutingTraining,rdfs:subClassOf,http://kbpedia.org/kko/rc/MilitaryEducationAndTraining
http://kbpedia.org/kko/rc/MilitaryParachutingTraining,rdfs:subClassOf,owl:Thing
http://kbpedia.org/kko/rc/MilitaryParachutingTraining,rdfs:subClassOf,http://kbpedia.org/kko/rc/SkyDiving
http://kbpedia.org/kko/rc/MilitaryParachutingTraining,rdfs:subClassOf,http://kbpedia.org/kko/rc/Training
http://kbpedia.org/kko/rc/PoliticalScienceEducation,rdfs:subClassOf,http://kbpedia.org/kko/rc/LiberalArtsEducation
http://kbpedia.org/kko/rc/PoliticalScienceEducation,rdfs:subClassOf,owl:Thing
http://kbpedia.org/kko/rc/FT30_StockIndexGroup,rdfs:subClassOf,http://kbpedia.org/kko/rc/StockIndexGroup
http://kbpedia.org/kko/rc/FT30_StockIndexGroup,rdfs:subClassOf,owl:Thing
http://kbpedia.org/kko/rc/JasperAlberta,rdfs:subClassOf,http://kbpedia.org/kko/rc/JasperNationalPark
http://kbpedia.org/kko/rc/JasperAlberta,rdfs:subClassOf,owl:Thing
http://kbpedia.org/kko/rc/Interstate40,rdfs:subClassOf,http://kbpedia.org/kko/rc/InterstateHighway
http://kbpedia.org/kko/rc/Interstate40,rdfs:subClassOf,owl:Thing
http://kbpedia.org/kko/rc/Armistice,rdfs:subClassOf,http://kbpedia.org/kko/rc/PeaceAccord
http://kbpedia.org/kko/rc/Armistice,rdfs:subClassOf,owl:Thing
http://kbpedia.org/kko/rc/DriveInTheater,rdfs:subClassOf,http://kbpedia.org/kko/rc/MovieTheaterSpace
http://kbpedia.org/kko/rc/DriveInTheater,rdfs:subClassOf,owl:Thing
http://kbpedia.org/kko/rc/Contract,rdfs:subClassOf,http://kbpedia.org/kko/rc/BusinessRelatedDocumentOrAgreement
http://kbpedia.org/kko/rc/Contract,rdfs:subClassOf,owl:Thing
http://kbpedia.org/kko/rc/Contract,rdfs:subClassOf,http://kbpedia.org/kko/rc/EconomicAgreement
http://kbpedia.org/kko/rc/Contract,rdfs:subClassOf,http://kbpedia.org/kko/rc/Agreement
http://kbpedia.org/kko/rc/Contract,rdfs:subClassOf,http://kbpedia.org/kko/rc/Obligation
http://kbpedia.org/kko/rc/Contract,rdfs:subClassOf,http://kbpedia.org/kko/rc/GeneralAgreementContract
http://kbpedia.org/kko/rc/GovernmentDebt,rdfs:subClassOf,http://kbpedia.org/kko/rc/PaymentObligation
http://kbpedia.org/kko/rc/GovernmentDebt,rdfs:subClassOf,owl:Thing
http://kbpedia.org/kko/rc/GrandCanyonNationalPark,rdfs:subClassOf,http://kbpedia.org/kko/rc/NationalPark
http://kbpedia.org/kko/rc/GrandCanyonNationalPark,rdfs:subClassOf,owl:Thing
http://kbpedia.org/kko/rc/SecuredLineOfCredit,rdfs:subClassOf,http://kbpedia.org/kko/rc/LineOfCredit
http://kbpedia.org/kko/rc/SecuredLineOfCredit,rdfs:subClassOf,owl:Thing
http://kbpedia.org/kko/rc/SecuredLineOfCredit,rdfs:subClassOf,http://kbpedia.org/kko/rc/SecuredLoan
http://kbpedia.org/kko/rc/GulfIslandsNationalSeashore,rdfs:subClassOf,http://kbpedia.org/kko/rc/NationalPark
http://kbpedia.org/kko/rc/GulfIslandsNationalSeashore,rdfs:subClassOf,owl:Thing
http://kbpedia.org/kko/rc/GulfIslandsNationalSeashore,rdfs:subClassOf,http://kbpedia.org/kko/rc/Seacoast
http://kbpedia.org/kko/rc/Breakwater,rdfs:subClassOf,http://kbpedia.org/kko/rc/ErosionProtectionStructure
http://kbpedia.org/kko/rc/Breakwater,rdfs:subClassOf,owl:Thing
http://kbpedia.org/kko/rc/Breakwater,rdfs:subClassOf,http://kbpedia.org/kko/rc/Wall_Vertical
http://kbpedia.org/kko/rc/Breakwater,rdfs:subClassOf,http://kbpedia.org/kko/rc/Barrier_ConstructionArtifact
http://kbpedia.org/kko/rc/PhilatelicFakesAndForgeries,rdfs:subClassOf,http://kbpedia.org/kko/rc/Forgery
http://kbpedia.org/kko/rc/PhilatelicFakesAndForgeries,rdfs:subClassOf,owl:Thing
http://kbpedia.org/kko/rc/UsedCarLoan,rdfs:subClassOf,http://kbpedia.org/kko/rc/CarLoan
http://kbpedia.org/kko/rc/UsedCarLoan,rdfs:subClassOf,owl:Thing
http://kbpedia.org/kko/rc/Interstate69,rdfs:subClassOf,http://kbpedia.org/kko/rc/InterstateHighway
http://kbpedia.org/kko/rc/Interstate69,rdfs:subClassOf,owl:Thing
http://kbpedia.org/kko/rc/GeorgeWashingtonBridge,rdfs:subClassOf,http://kbpedia.org/kko/rc/Bridge
http://kbpedia.org/kko/rc/GeorgeWashingtonBridge,rdfs:subClassOf,owl:Thing
http://kbpedia.org/kko/rc/GeorgeWashingtonBridge,rdfs:subClassOf,http://kbpedia.org/kko/rc/Landmark
http://kbpedia.org/kko/rc/TaxExpenseAccount,rdfs:subClassOf,http://kbpedia.org/kko/rc/ExpenseAccount
http://kbpedia.org/kko/rc/TaxExpenseAccount,rdfs:subClassOf,owl:Thing
http://kbpedia.org/kko/rc/CreditCardStatement,rdfs:subClassOf,http://kbpedia.org/kko/rc/FinancialDocument
http://kbpedia.org/kko/rc/CreditCardStatement,rdfs:subClassOf,owl:Thing
http://kbpedia.org/kko/rc/WatertonLakesNationalPark,rdfs:subClassOf,http://kbpedia.org/kko/rc/NationalPark
http://kbpedia.org/kko/rc/WatertonLakesNationalPark,rdfs:subClassOf,owl:Thing
http://kbpedia.org/kko/rc/ParkOrOpenSpaceOnTheRiverThames,rdfs:subClassOf,http://kbpedia.org/kko/rc/Park
http://kbpedia.org/kko/rc/ParkOrOpenSpaceOnTheRiverThames,rdfs:subClassOf,owl:Thing
http://kbpedia.org/kko/rc/PermanentMortgage,rdfs:subClassOf,http://kbpedia.org/kko/rc/MortgageAgreement
http://kbpedia.org/kko/rc/PermanentMortgage,rdfs:subClassOf,owl:Thing
http://kbpedia.org/kko/rc/GovernmentalPropertyRightConferral,rdfs:subClassOf,http://kbpedia.org/kko/rc/FinanceInstrumentProductContract
http://kbpedia.org/kko/rc/GovernmentalPropertyRightConferral,rdfs:subClassOf,owl:Thing
http://kbpedia.org/kko/rc/SixSigma,rdfs:subClassOf,http://kbpedia.org/kko/rc/BusinessProcess
http://kbpedia.org/kko/rc/SixSigma,rdfs:subClassOf,owl:Thing
http://kbpedia.org/kko/rc/FinanceFraud,rdfs:subClassOf,http://kbpedia.org/kko/rc/Fraud
http://kbpedia.org/kko/rc/FinanceFraud,rdfs:subClassOf,owl:Thing
http://kbpedia.org/kko/rc/StakeholderPension,rdfs:subClassOf,http://kbpedia.org/kko/rc/IndividualRetirementAccount
http://kbpedia.org/kko/rc/StakeholderPension,rdfs:subClassOf,owl:Thing
http://kbpedia.org/kko/rc/SatelliteFacility,rdfs:subClassOf,http://kbpedia.org/kko/rc/CommercialBuilding
http://kbpedia.org/kko/rc/SatelliteFacility,rdfs:subClassOf,owl:Thing
http://kbpedia.org/kko/rc/JobDescription,rdfs:subClassOf,http://kbpedia.org/kko/rc/Agreement
http://kbpedia.org/kko/rc/JobDescription,rdfs:subClassOf,owl:Thing
http://kbpedia.org/kko/rc/UnitedNationsCharter,rdfs:subClassOf,http://kbpedia.org/kko/rc/InternationalAgreement
http://kbpedia.org/kko/rc/UnitedNationsCharter,rdfs:subClassOf,owl:Thing
http://kbpedia.org/kko/rc/Commercialism,rdfs:subClassOf,http://kbpedia.org/kko/rc/EconomicSystem
http://kbpedia.org/kko/rc/Commercialism,rdfs:subClassOf,owl:Thing
http://kbpedia.org/kko/rc/Interstate77,rdfs:subClassOf,http://kbpedia.org/kko/rc/InterstateHighway
http://kbpedia.org/kko/rc/Interstate77,rdfs:subClassOf,owl:Thing
http://kbpedia.org/kko/rc/RockCreekPark,rdfs:subClassOf,http://kbpedia.org/kko/rc/NationalPark
http://kbpedia.org/kko/rc/RockCreekPark,rdfs:subClassOf,owl:Thing
http://kbpedia.org/kko/rc/GovernmentPaidService,rdfs:subClassOf,http://kbpedia.org/kko/rc/EconomicSystem
http://kbpedia.org/kko/rc/GovernmentPaidService,rdfs:subClassOf,owl:Thing
http://kbpedia.org/kko/rc/GovernmentPaidService,rdfs:subClassOf,http://kbpedia.org/kko/rc/PoliticsCivicAffairsService
http://kbpedia.org/kko/rc/GovernmentPaidService,rdfs:subClassOf,http://kbpedia.org/kko/rc/ServiceEvent
http://kbpedia.org/kko/rc/NationalMonument,rdfs:subClassOf,http://kbpedia.org/kko/rc/Monument
http://kbpedia.org/kko/rc/NationalMonument,rdfs:subClassOf,owl:Thing
http://kbpedia.org/kko/rc/NationalMonument,rdfs:subClassOf,http://kbpedia.org/kko/rc/TouristAttraction
http://kbpedia.org/kko/rc/HealthEducation,rdfs:subClassOf,http://kbpedia.org/kko/rc/ScienceEducation
http://kbpedia.org/kko/rc/HealthEducation,rdfs:subClassOf,owl:Thing
http://kbpedia.org/kko/rc/VacationProperty,rdfs:subClassOf,http://kbpedia.org/kko/rc/ResidentialBuilding
http://kbpedia.org/kko/rc/VacationProperty,rdfs:subClassOf,owl:Thing
http://kbpedia.org/kko/rc/VacationProperty,rdfs:subClassOf,http://kbpedia.org/kko/rc/HumanResidence
http://kbpedia.org/kko/rc/FTSEStockIndex,rdfs:subClassOf,http://kbpedia.org/kko/rc/StockIndexGroup
http://kbpedia.org/kko/rc/FTSEStockIndex,rdfs:subClassOf,owl:Thing
http://kbpedia.org/kko/rc/GlacierNationalPark,rdfs:subClassOf,http://kbpedia.org/kko/rc/NationalPark
http://kbpedia.org/kko/rc/GlacierNationalPark,rdfs:subClassOf,owl:Thing
http://kbpedia.org/kko/rc/Interstate80,rdfs:subClassOf,http://kbpedia.org/kko/rc/InterstateHighway
http://kbpedia.org/kko/rc/Interstate80,rdfs:subClassOf,owl:Thing
http://kbpedia.org/kko/rc/Large_DetachedHouse,rdfs:subClassOf,http://kbpedia.org/kko/rc/DetachedHouse
http://kbpedia.org/kko/rc/Large_DetachedHouse,rdfs:subClassOf,owl:Thing
http://kbpedia.org/kko/rc/Large_DetachedHouse,rdfs:subClassOf,http://kbpedia.org/kko/rc/LuxuryItem
http://kbpedia.org/kko/rc/CurrentAccountMortgage,rdfs:subClassOf,http://kbpedia.org/kko/rc/MortgageAgreement
http://kbpedia.org/kko/rc/CurrentAccountMortgage,rdfs:subClassOf,owl:Thing
http://kbpedia.org/kko/rc/CommodityFinancialProduct,rdfs:subClassOf,http://kbpedia.org/kko/rc/InvestmentVehicle
http://kbpedia.org/kko/rc/CommodityFinancialProduct,rdfs:subClassOf,owl:Thing
http://kbpedia.org/kko/rc/CommodityFinancialProduct,rdfs:subClassOf,http://kbpedia.org/kko/rc/OwnershipAgreement
http://kbpedia.org/kko/rc/BuyDown_Temporary,rdfs:subClassOf,http://kbpedia.org/kko/rc/BuyDown
http://kbpedia.org/kko/rc/BuyDown_Temporary,rdfs:subClassOf,owl:Thing
http://kbpedia.org/kko/rc/ConsolidationLoan,rdfs:subClassOf,http://kbpedia.org/kko/rc/LoanAgreement
http://kbpedia.org/kko/rc/ConsolidationLoan,rdfs:subClassOf,owl:Thing
http://kbpedia.org/kko/rc/OvertimeAccount,rdfs:subClassOf,http://kbpedia.org/kko/rc/WorkAccount
http://kbpedia.org/kko/rc/OvertimeAccount,rdfs:subClassOf,owl:Thing
http://kbpedia.org/kko/rc/Interstate20,rdfs:subClassOf,http://kbpedia.org/kko/rc/InterstateHighway
http://kbpedia.org/kko/rc/Interstate20,rdfs:subClassOf,owl:Thing
http://kbpedia.org/kko/rc/SoftLoan,rdfs:subClassOf,http://kbpedia.org/kko/rc/LoanAgreement
http://kbpedia.org/kko/rc/SoftLoan,rdfs:subClassOf,owl:Thing
http://kbpedia.org/kko/rc/MiddleEastPeaceEffort,rdfs:subClassOf,http://kbpedia.org/kko/rc/PeaceAccord
http://kbpedia.org/kko/rc/MiddleEastPeaceEffort,rdfs:subClassOf,owl:Thing
http://kbpedia.org/kko/rc/FenwayPark,rdfs:subClassOf,http://kbpedia.org/kko/rc/Landmark
http://kbpedia.org/kko/rc/FenwayPark,rdfs:subClassOf,owl:Thing
http://kbpedia.org/kko/rc/Interstate76East,rdfs:subClassOf,http://kbpedia.org/kko/rc/InterstateHighway
http://kbpedia.org/kko/rc/Interstate76East,rdfs:subClassOf,owl:Thing
http://kbpedia.org/kko/rc/CreditRecord,rdfs:subClassOf,http://kbpedia.org/kko/rc/Credit
http://kbpedia.org/kko/rc/CreditRecord,rdfs:subClassOf,owl:Thing
http://kbpedia.org/kko/rc/CreditRecord,rdfs:subClassOf,http://kbpedia.org/kko/rc/NonfictionalPCW
http://kbpedia.org/kko/rc/TransportationLicense,rdfs:subClassOf,http://kbpedia.org/kko/rc/License_LegalAgreement
http://kbpedia.org/kko/rc/TransportationLicense,rdfs:subClassOf,owl:Thing
http://kbpedia.org/kko/rc/ParkInKatowice,rdfs:subClassOf,http://kbpedia.org/kko/rc/Park
http://kbpedia.org/kko/rc/ParkInKatowice,rdfs:subClassOf,owl:Thing
http://kbpedia.org/kko/rc/Unemployment,rdfs:subClassOf,http://kbpedia.org/kko/rc/Employment
http://kbpedia.org/kko/rc/Unemployment,rdfs:subClassOf,owl:Thing
http://kbpedia.org/kko/rc/Unemployment,rdfs:subClassOf,http://kbpedia.org/kko/rc/OccupyingSituation
http://kbpedia.org/kko/rc/Unemployment,rdfs:subClassOf,http://kbpedia.org/kko/rc/Shortage
http://kbpedia.org/kko/rc/Unemployment,rdfs:subClassOf,http://kbpedia.org/kko/rc/Situation_Localized
http://kbpedia.org/kko/rc/SugarMill_ManufacturingFacility,rdfs:subClassOf,http://kbpedia.org/kko/rc/Mill_ManufacturingFacility
http://kbpedia.org/kko/rc/SugarMill_ManufacturingFacility,rdfs:subClassOf,owl:Thing
http://kbpedia.org/kko/rc/BistroSpace,rdfs:subClassOf,http://kbpedia.org/kko/rc/RestaurantSpace
http://kbpedia.org/kko/rc/BistroSpace,rdfs:subClassOf,owl:Thing
http://kbpedia.org/kko/rc/FamilyIncomeBenefitInsurance,rdfs:subClassOf,http://kbpedia.org/kko/rc/Term_LifeInsurance
http://kbpedia.org/kko/rc/FamilyIncomeBenefitInsurance,rdfs:subClassOf,owl:Thing
http://kbpedia.org/kko/rc/FamilyIncomeBenefitInsurance,rdfs:subClassOf,http://kbpedia.org/kko/rc/InsurancePlan
http://kbpedia.org/kko/rc/TolledSectionsOfInterstateHighway,rdfs:subClassOf,http://kbpedia.org/kko/rc/InterstateHighway
http://kbpedia.org/kko/rc/TolledSectionsOfInterstateHighway,rdfs:subClassOf,owl:Thing
http://kbpedia.org/kko/rc/MarketFailure,rdfs:subClassOf,http://kbpedia.org/kko/rc/FailingSomething
http://kbpedia.org/kko/rc/MarketFailure,rdfs:subClassOf,owl:Thing
http://kbpedia.org/kko/rc/MarketFailure,rdfs:subClassOf,http://kbpedia.org/kko/rc/MarketTrend
http://kbpedia.org/kko/rc/Interstate75,rdfs:subClassOf,http://kbpedia.org/kko/rc/InterstateHighway
http://kbpedia.org/kko/rc/Interstate75,rdfs:subClassOf,owl:Thing
http://kbpedia.org/kko/rc/ParaphilicSexualBehavior,rdfs:subClassOf,http://kbpedia.org/kko/rc/HumanSexualBehavior
http://kbpedia.org/kko/rc/ParaphilicSexualBehavior,rdfs:subClassOf,owl:Thing
http://kbpedia.org/kko/rc/ParaphilicSexualBehavior,rdfs:subClassOf,http://kbpedia.org/kko/rc/Paraphilia
http://kbpedia.org/kko/rc/EmploymentDiscrimination,rdfs:subClassOf,http://kbpedia.org/kko/rc/Unemployment
http://kbpedia.org/kko/rc/EmploymentDiscrimination,rdfs:subClassOf,owl:Thing
http://kbpedia.org/kko/rc/MonumentalColumn,rdfs:subClassOf,http://kbpedia.org/kko/rc/Monument
http://kbpedia.org/kko/rc/MonumentalColumn,rdfs:subClassOf,owl:Thing
http://kbpedia.org/kko/rc/ThePentagonBuilding,rdfs:subClassOf,http://kbpedia.org/kko/rc/Landmark
http://kbpedia.org/kko/rc/ThePentagonBuilding,rdfs:subClassOf,owl:Thing
http://kbpedia.org/kko/rc/LoanRepaying,rdfs:subClassOf,http://kbpedia.org/kko/rc/EconomicAction
http://kbpedia.org/kko/rc/LoanRepaying,rdfs:subClassOf,owl:Thing
http://kbpedia.org/kko/rc/LoanRepaying,rdfs:subClassOf,http://kbpedia.org/kko/rc/TransferringPossession
http://kbpedia.org/kko/rc/SectorRotation,rdfs:subClassOf,http://kbpedia.org/kko/rc/FinancialActivity
http://kbpedia.org/kko/rc/SectorRotation,rdfs:subClassOf,owl:Thing
http://kbpedia.org/kko/rc/LeagueOfNationsMandate,rdfs:subClassOf,http://kbpedia.org/kko/rc/PeaceAccord
http://kbpedia.org/kko/rc/LeagueOfNationsMandate,rdfs:subClassOf,owl:Thing
http://kbpedia.org/kko/rc/Timber_FramedHouse,rdfs:subClassOf,http://kbpedia.org/kko/rc/House_Country
http://kbpedia.org/kko/rc/Timber_FramedHouse,rdfs:subClassOf,owl:Thing
http://kbpedia.org/kko/rc/Interstate91,rdfs:subClassOf,http://kbpedia.org/kko/rc/InterstateHighway
http://kbpedia.org/kko/rc/Interstate91,rdfs:subClassOf,owl:Thing
http://kbpedia.org/kko/rc/FinancialCondition,rdfs:subClassOf,http://kbpedia.org/kko/rc/Situation_Localized
http://kbpedia.org/kko/rc/FinancialCondition,rdfs:subClassOf,owl:Thing
http://kbpedia.org/kko/rc/FinancialCondition,rdfs:subClassOf,http://kbpedia.org/ontologies/kko#EconomicSystems
http://kbpedia.org/kko/rc/Insolvency,rdfs:subClassOf,http://kbpedia.org/kko/rc/PaymentObligation
http://kbpedia.org/kko/rc/Insolvency,rdfs:subClassOf,owl:Thing
http://kbpedia.org/kko/rc/CreditScoring,rdfs:subClassOf,http://kbpedia.org/kko/rc/FinancialActivity
http://kbpedia.org/kko/rc/CreditScoring,rdfs:subClassOf,owl:Thing
http://kbpedia.org/kko/rc/CreditScoring,rdfs:subClassOf,http://kbpedia.org/kko/rc/FinancialRiskEvaluation
http://kbpedia.org/kko/rc/GenocideEducation,rdfs:subClassOf,http://kbpedia.org/kko/rc/LiberalArtsEducation
http://kbpedia.org/kko/rc/GenocideEducation,rdfs:subClassOf,owl:Thing
http://kbpedia.org/kko/rc/DriversLicenseClassB,rdfs:subClassOf,http://kbpedia.org/kko/rc/DriversLicense_LicenseAgreement
http://kbpedia.org/kko/rc/DriversLicenseClassB,rdfs:subClassOf,owl:Thing
http://kbpedia.org/kko/rc/DebtBondage,rdfs:subClassOf,http://kbpedia.org/kko/rc/PaymentObligation
http://kbpedia.org/kko/rc/DebtBondage,rdfs:subClassOf,owl:Thing
http://kbpedia.org/kko/rc/ArabIsraeliPeaceProcess,rdfs:subClassOf,http://kbpedia.org/kko/rc/ConflictProcess
http://kbpedia.org/kko/rc/ArabIsraeliPeaceProcess,rdfs:subClassOf,owl:Thing
http://kbpedia.org/kko/rc/ArabIsraeliPeaceProcess,rdfs:subClassOf,http://kbpedia.org/kko/rc/PeaceAccord
http://kbpedia.org/kko/rc/ArabIsraeliPeaceProcess,rdfs:subClassOf,http://kbpedia.org/kko/rc/ProcessType
http://kbpedia.org/kko/rc/BuyDown,rdfs:subClassOf,http://kbpedia.org/kko/rc/FinancialActivity
http://kbpedia.org/kko/rc/BuyDown,rdfs:subClassOf,owl:Thing
http://kbpedia.org/kko/rc/Amortisation,rdfs:subClassOf,http://kbpedia.org/kko/rc/LoanRepaying
http://kbpedia.org/kko/rc/Amortisation,rdfs:subClassOf,owl:Thing
http://kbpedia.org/kko/rc/Duplex,rdfs:subClassOf,http://kbpedia.org/kko/rc/MultiFamilyHousing
http://kbpedia.org/kko/rc/Duplex,rdfs:subClassOf,owl:Thing
http://kbpedia.org/kko/rc/SpecialEducationForHandicapped,rdfs:subClassOf,http://kbpedia.org/kko/rc/Teaching
http://kbpedia.org/kko/rc/SpecialEducationForHandicapped,rdfs:subClassOf,owl:Thing
http://kbpedia.org/kko/rc/CommissionAgreement,rdfs:subClassOf,http://kbpedia.org/kko/rc/Agreement
http://kbpedia.org/kko/rc/CommissionAgreement,rdfs:subClassOf,owl:Thing
http://kbpedia.org/kko/rc/Interstate49,rdfs:subClassOf,http://kbpedia.org/kko/rc/InterstateHighway
http://kbpedia.org/kko/rc/Interstate49,rdfs:subClassOf,owl:Thing
http://kbpedia.org/kko/rc/DetachedHouse,rdfs:subClassOf,http://kbpedia.org/kko/rc/House_Modern
http://kbpedia.org/kko/rc/DetachedHouse,rdfs:subClassOf,owl:Thing
http://kbpedia.org/kko/rc/NotreDameDeParis,rdfs:subClassOf,http://kbpedia.org/kko/rc/Landmark
http://kbpedia.org/kko/rc/NotreDameDeParis,rdfs:subClassOf,owl:Thing
http://kbpedia.org/kko/rc/CreditScore_UnitedStates,rdfs:subClassOf,http://kbpedia.org/kko/rc/CreditScoring
http://kbpedia.org/kko/rc/CreditScore_UnitedStates,rdfs:subClassOf,owl:Thing
http://kbpedia.org/kko/rc/CurrenciesByCountry,rdfs:subClassOf,http://kbpedia.org/kko/rc/Currency
http://kbpedia.org/kko/rc/CurrenciesByCountry,rdfs:subClassOf,owl:Thing
http://kbpedia.org/kko/rc/CommoditiesFuture,rdfs:subClassOf,http://kbpedia.org/kko/rc/CommodityFinancialProduct
http://kbpedia.org/kko/rc/CommoditiesFuture,rdfs:subClassOf,owl:Thing
http://kbpedia.org/kko/rc/AnimalPornography,rdfs:subClassOf,http://kbpedia.org/kko/rc/Bestiality
http://kbpedia.org/kko/rc/AnimalPornography,rdfs:subClassOf,owl:Thing
http://kbpedia.org/kko/rc/AnimalPornography,rdfs:subClassOf,http://kbpedia.org/kko/rc/Zoophilia
http://kbpedia.org/kko/rc/EmploymentOfForeignBorn,rdfs:subClassOf,http://kbpedia.org/kko/rc/Employment
http://kbpedia.org/kko/rc/EmploymentOfForeignBorn,rdfs:subClassOf,owl:Thing
http://kbpedia.org/kko/rc/EmploymentOfForeignBorn,rdfs:subClassOf,http://kbpedia.org/kko/rc/RecruitingActivity
http://kbpedia.org/kko/rc/BankAccountStatement,rdfs:subClassOf,http://kbpedia.org/kko/rc/FinancialDocument
http://kbpedia.org/kko/rc/BankAccountStatement,rdfs:subClassOf,owl:Thing
http://kbpedia.org/kko/rc/BankAccountStatement,rdfs:subClassOf,http://kbpedia.org/kko/rc/WrittenReportOnSituation
http://kbpedia.org/kko/rc/Demutualisation,rdfs:subClassOf,http://kbpedia.org/kko/rc/EconomicAction
http://kbpedia.org/kko/rc/Demutualisation,rdfs:subClassOf,owl:Thing
http://kbpedia.org/kko/rc/DanceClub_Facility,rdfs:subClassOf,http://kbpedia.org/kko/rc/CommercialBuilding
http://kbpedia.org/kko/rc/DanceClub_Facility,rdfs:subClassOf,owl:Thing
http://kbpedia.org/kko/rc/DanceClub_Facility,rdfs:subClassOf,http://kbpedia.org/kko/rc/HumanShelterConstruction
http://kbpedia.org/kko/rc/BuyDown_Permanent,rdfs:subClassOf,http://kbpedia.org/kko/rc/BuyDown
http://kbpedia.org/kko/rc/BuyDown_Permanent,rdfs:subClassOf,owl:Thing
http://kbpedia.org/kko/rc/NursingEducation,rdfs:subClassOf,http://kbpedia.org/kko/rc/MedicalEducation
http://kbpedia.org/kko/rc/NursingEducation,rdfs:subClassOf,owl:Thing
http://kbpedia.org/kko/rc/MedicareFraud,rdfs:subClassOf,http://kbpedia.org/kko/rc/Fraud
http://kbpedia.org/kko/rc/MedicareFraud,rdfs:subClassOf,owl:Thing
http://kbpedia.org/kko/rc/SpaceNeedle,rdfs:subClassOf,http://kbpedia.org/kko/rc/Landmark
http://kbpedia.org/kko/rc/SpaceNeedle,rdfs:subClassOf,owl:Thing
http://kbpedia.org/kko/rc/Interstate55,rdfs:subClassOf,http://kbpedia.org/kko/rc/InterstateHighway
http://kbpedia.org/kko/rc/Interstate55,rdfs:subClassOf,owl:Thing
http://kbpedia.org/kko/rc/CalendarEffect,rdfs:subClassOf,http://kbpedia.org/kko/rc/MarketCorrection
http://kbpedia.org/kko/rc/CalendarEffect,rdfs:subClassOf,owl:Thing
http://kbpedia.org/kko/rc/FuturesContract,rdfs:subClassOf,http://kbpedia.org/kko/rc/DerivativeSecurity
http://kbpedia.org/kko/rc/FuturesContract,rdfs:subClassOf,owl:Thing
http://kbpedia.org/kko/rc/FuturesContract,rdfs:subClassOf,http://kbpedia.org/kko/rc/SalesContract
http://kbpedia.org/kko/rc/BankAccountStatement_Monthly,rdfs:subClassOf,http://kbpedia.org/kko/rc/BankAccountStatement
http://kbpedia.org/kko/rc/BankAccountStatement_Monthly,rdfs:subClassOf,owl:Thing
http://kbpedia.org/kko/rc/FTSE100_StockIndexGroup,rdfs:subClassOf,http://kbpedia.org/kko/rc/FTSEStockIndex
http://kbpedia.org/kko/rc/FTSE100_StockIndexGroup,rdfs:subClassOf,owl:Thing
http://kbpedia.org/kko/rc/MarketingAccount,rdfs:subClassOf,http://kbpedia.org/kko/rc/Account_LegalAgreement
http://kbpedia.org/kko/rc/MarketingAccount,rdfs:subClassOf,owl:Thing
http://kbpedia.org/kko/rc/OptionToSell,rdfs:subClassOf,http://kbpedia.org/kko/rc/FinancialOption
http://kbpedia.org/kko/rc/OptionToSell,rdfs:subClassOf,owl:Thing
http://kbpedia.org/kko/rc/ConventionalRealEstateLoan,rdfs:subClassOf,http://kbpedia.org/kko/rc/ConventionalLoan
http://kbpedia.org/kko/rc/ConventionalRealEstateLoan,rdfs:subClassOf,owl:Thing
http://kbpedia.org/kko/rc/ConventionalRealEstateLoan,rdfs:subClassOf,http://kbpedia.org/kko/rc/RealEstateLoan
http://kbpedia.org/kko/rc/Interstate57,rdfs:subClassOf,http://kbpedia.org/kko/rc/InterstateHighway
http://kbpedia.org/kko/rc/Interstate57,rdfs:subClassOf,owl:Thing
http://kbpedia.org/kko/rc/Grant,rdfs:subClassOf,http://kbpedia.org/kko/rc/FinancialAidAgreement
http://kbpedia.org/kko/rc/Grant,rdfs:subClassOf,owl:Thing
http://kbpedia.org/kko/rc/Grant,rdfs:subClassOf,http://kbpedia.org/kko/rc/GivingSomething
http://kbpedia.org/kko/rc/Onsen,rdfs:subClassOf,http://kbpedia.org/kko/rc/ResortFacility
http://kbpedia.org/kko/rc/Onsen,rdfs:subClassOf,owl:Thing
http://kbpedia.org/kko/rc/CreditWorthiness,rdfs:subClassOf,http://kbpedia.org/kko/rc/Credit
http://kbpedia.org/kko/rc/CreditWorthiness,rdfs:subClassOf,owl:Thing
http://kbpedia.org/kko/rc/CreditWorthiness,rdfs:subClassOf,http://kbpedia.org/kko/rc/FinancialCondition
http://kbpedia.org/kko/rc/Investment,rdfs:subClassOf,http://kbpedia.org/kko/rc/InvestmentVehicle
http://kbpedia.org/kko/rc/Investment,rdfs:subClassOf,owl:Thing
http://kbpedia.org/kko/rc/Street_NamedSecurity,rdfs:subClassOf,http://kbpedia.org/kko/rc/NomineeAccount
http://kbpedia.org/kko/rc/Street_NamedSecurity,rdfs:subClassOf,owl:Thing
http://kbpedia.org/kko/rc/Permission,rdfs:subClassOf,http://kbpedia.org/kko/rc/Agreement
http://kbpedia.org/kko/rc/Permission,rdfs:subClassOf,owl:Thing
http://kbpedia.org/kko/rc/Permission,rdfs:subClassOf,http://kbpedia.org/kko/rc/Entitlement
http://kbpedia.org/kko/rc/Stipend,rdfs:subClassOf,http://kbpedia.org/kko/rc/EconomicAgreement
http://kbpedia.org/kko/rc/Stipend,rdfs:subClassOf,owl:Thing
http://kbpedia.org/kko/rc/Procurement,rdfs:subClassOf,http://kbpedia.org/kko/rc/GainingUserRights
http://kbpedia.org/kko/rc/Procurement,rdfs:subClassOf,owl:Thing
http://kbpedia.org/kko/rc/EiffelTower,rdfs:subClassOf,http://kbpedia.org/kko/rc/Landmark
http://kbpedia.org/kko/rc/EiffelTower,rdfs:subClassOf,owl:Thing
http://kbpedia.org/kko/rc/WorldWarIMemorial,rdfs:subClassOf,http://kbpedia.org/kko/rc/WarMemorial
http://kbpedia.org/kko/rc/WorldWarIMemorial,rdfs:subClassOf,owl:Thing
http://kbpedia.org/kko/rc/AnthropologyOfEducation,rdfs:subClassOf,http://kbpedia.org/kko/rc/Education
http://kbpedia.org/kko/rc/AnthropologyOfEducation,rdfs:subClassOf,owl:Thing
http://kbpedia.org/kko/rc/RussianLanguageEducation,rdfs:subClassOf,http://kbpedia.org/kko/rc/LanguageEducation
http://kbpedia.org/kko/rc/RussianLanguageEducation,rdfs:subClassOf,owl:Thing
http://kbpedia.org/kko/rc/RussianLanguageEducation,rdfs:subClassOf,http://kbpedia.org/kko/rc/RussianTopics
http://kbpedia.org/kko/rc/LeaningTowerOfPisa,rdfs:subClassOf,http://kbpedia.org/kko/rc/Landmark
http://kbpedia.org/kko/rc/LeaningTowerOfPisa,rdfs:subClassOf,owl:Thing
http://kbpedia.org/kko/rc/HiltonHead_TheIsland,rdfs:subClassOf,http://kbpedia.org/kko/rc/ResortFacility
http://kbpedia.org/kko/rc/HiltonHead_TheIsland,rdfs:subClassOf,owl:Thing
http://kbpedia.org/kko/rc/SpecialTemporaryAuthorizationStation,rdfs:subClassOf,http://kbpedia.org/kko/rc/RadioStation_Place
http://kbpedia.org/kko/rc/SpecialTemporaryAuthorizationStation,rdfs:subClassOf,owl:Thing
http://kbpedia.org/kko/rc/Cowshed,rdfs:subClassOf,http://kbpedia.org/kko/rc/Barn
http://kbpedia.org/kko/rc/Cowshed,rdfs:subClassOf,owl:Thing
http://kbpedia.org/kko/rc/Cowshed,rdfs:subClassOf,http://kbpedia.org/kko/rc/AgriculturalBuildingStructure
http://kbpedia.org/kko/rc/BalloonMortgage,rdfs:subClassOf,http://kbpedia.org/kko/rc/BalloonLoan
http://kbpedia.org/kko/rc/BalloonMortgage,rdfs:subClassOf,owl:Thing
http://kbpedia.org/kko/rc/BalloonMortgage,rdfs:subClassOf,http://kbpedia.org/kko/rc/MortgageAgreement
http://kbpedia.org/kko/rc/Interstate59,rdfs:subClassOf,http://kbpedia.org/kko/rc/InterstateHighway
http://kbpedia.org/kko/rc/Interstate59,rdfs:subClassOf,owl:Thing
http://kbpedia.org/kko/rc/GrantingMoney,rdfs:subClassOf,http://kbpedia.org/kko/rc/GiftGiving
http://kbpedia.org/kko/rc/GrantingMoney,rdfs:subClassOf,owl:Thing
http://kbpedia.org/kko/rc/GrantingMoney,rdfs:subClassOf,http://kbpedia.org/kko/rc/MoneyTransfer
http://kbpedia.org/kko/rc/ScienceFairEvent,rdfs:subClassOf,http://kbpedia.org/kko/rc/Education
http://kbpedia.org/kko/rc/ScienceFairEvent,rdfs:subClassOf,owl:Thing
http://kbpedia.org/kko/rc/ScienceFairEvent,rdfs:subClassOf,http://kbpedia.org/kko/rc/ScienceCompetition
http://kbpedia.org/kko/rc/FutureContract_Commodity,rdfs:subClassOf,http://kbpedia.org/kko/rc/DerivativeSecurity
http://kbpedia.org/kko/rc/FutureContract_Commodity,rdfs:subClassOf,owl:Thing
http://kbpedia.org/kko/rc/Bestiality,rdfs:subClassOf,http://kbpedia.org/kko/rc/ParaphilicSexualBehavior
http://kbpedia.org/kko/rc/Bestiality,rdfs:subClassOf,owl:Thing
http://kbpedia.org/kko/rc/Writ,rdfs:subClassOf,http://kbpedia.org/kko/rc/Permission
http://kbpedia.org/kko/rc/Writ,rdfs:subClassOf,owl:Thing
http://kbpedia.org/kko/rc/SchoolCampus,rdfs:subClassOf,http://kbpedia.org/kko/rc/Campus
http://kbpedia.org/kko/rc/SchoolCampus,rdfs:subClassOf,owl:Thing
http://kbpedia.org/kko/rc/DoubleEagleCoin_US,rdfs:subClassOf,http://kbpedia.org/kko/rc/Coin_US
http://kbpedia.org/kko/rc/DoubleEagleCoin_US,rdfs:subClassOf,owl:Thing
http://kbpedia.org/kko/rc/DoubleEagleCoin_US,rdfs:subClassOf,http://kbpedia.org/kko/rc/GoldColor
http://kbpedia.org/kko/rc/PropertyDeed,rdfs:subClassOf,http://kbpedia.org/kko/rc/LegalDocument
http://kbpedia.org/kko/rc/PropertyDeed,rdfs:subClassOf,owl:Thing
http://kbpedia.org/kko/rc/PropertyDeed,rdfs:subClassOf,http://kbpedia.org/kko/rc/OwnershipDocument
http://kbpedia.org/kko/rc/SalesContractItem,rdfs:subClassOf,http://kbpedia.org/kko/rc/SalesBidOrContractItem
http://kbpedia.org/kko/rc/SalesContractItem,rdfs:subClassOf,owl:Thing
http://kbpedia.org/kko/rc/MarketPeak,rdfs:subClassOf,http://kbpedia.org/kko/rc/MarketTrend
http://kbpedia.org/kko/rc/MarketPeak,rdfs:subClassOf,owl:Thing
http://kbpedia.org/kko/rc/Coaching,rdfs:subClassOf,http://kbpedia.org/kko/rc/Teaching
http://kbpedia.org/kko/rc/Coaching,rdfs:subClassOf,owl:Thing
http://kbpedia.org/kko/rc/PackageMortgage,rdfs:subClassOf,http://kbpedia.org/kko/rc/MortgageAgreement
http://kbpedia.org/kko/rc/PackageMortgage,rdfs:subClassOf,owl:Thing
http://kbpedia.org/kko/rc/AlternativeTherapiesForDisability,rdfs:subClassOf,http://kbpedia.org/kko/rc/AlternativeMedicineHealthCareEvent
http://kbpedia.org/kko/rc/AlternativeTherapiesForDisability,rdfs:subClassOf,owl:Thing
http://kbpedia.org/kko/rc/AlternativeTherapiesForDisability,rdfs:subClassOf,http://kbpedia.org/kko/rc/PsychologicalTherapy
http://kbpedia.org/kko/rc/AlternativeTherapiesForDisability,rdfs:subClassOf,http://kbpedia.org/kko/rc/SpecialEducationForHandicapped
http://kbpedia.org/kko/rc/GovernmentFundedRealEstateLoan,rdfs:subClassOf,http://kbpedia.org/kko/rc/GovernmentFundedLoan
http://kbpedia.org/kko/rc/GovernmentFundedRealEstateLoan,rdfs:subClassOf,owl:Thing
http://kbpedia.org/kko/rc/GovernmentFundedRealEstateLoan,rdfs:subClassOf,http://kbpedia.org/kko/rc/RealEstateLoan
http://kbpedia.org/kko/rc/Brothel,rdfs:subClassOf,http://kbpedia.org/kko/rc/CommercialBuilding
http://kbpedia.org/kko/rc/Brothel,rdfs:subClassOf,owl:Thing
http://kbpedia.org/kko/rc/Interstate44,rdfs:subClassOf,http://kbpedia.org/kko/rc/InterstateHighway
http://kbpedia.org/kko/rc/Interstate44,rdfs:subClassOf,owl:Thing
http://kbpedia.org/kko/rc/DriverTraining,rdfs:subClassOf,http://kbpedia.org/kko/rc/Training
http://kbpedia.org/kko/rc/DriverTraining,rdfs:subClassOf,owl:Thing
http://kbpedia.org/kko/rc/DepositSlip,rdfs:subClassOf,http://kbpedia.org/kko/rc/Form_StandardizedIBO
http://kbpedia.org/kko/rc/DepositSlip,rdfs:subClassOf,owl:Thing
http://kbpedia.org/kko/rc/DepositSlip,rdfs:subClassOf,http://kbpedia.org/kko/rc/Receipt
http://kbpedia.org/kko/rc/GovernmentInsuredLoan,rdfs:subClassOf,http://kbpedia.org/kko/rc/SecuredLoan
http://kbpedia.org/kko/rc/GovernmentInsuredLoan,rdfs:subClassOf,owl:Thing
http://kbpedia.org/kko/rc/MiniatureGolfCourse,rdfs:subClassOf,http://kbpedia.org/kko/rc/AmusementPark
http://kbpedia.org/kko/rc/MiniatureGolfCourse,rdfs:subClassOf,owl:Thing
http://kbpedia.org/kko/rc/MiniatureGolfCourse,rdfs:subClassOf,http://kbpedia.org/kko/rc/SportsCourse
http://kbpedia.org/kko/rc/Metallism,rdfs:subClassOf,http://kbpedia.org/kko/rc/Money_DevisedPractice
http://kbpedia.org/kko/rc/Metallism,rdfs:subClassOf,owl:Thing
http://kbpedia.org/kko/rc/MoneyBackGuarantee,rdfs:subClassOf,http://kbpedia.org/kko/rc/Warranty
http://kbpedia.org/kko/rc/MoneyBackGuarantee,rdfs:subClassOf,owl:Thing
http://kbpedia.org/kko/rc/LeaseOption,rdfs:subClassOf,http://kbpedia.org/kko/rc/TemporaryUserRightsAgreement
http://kbpedia.org/kko/rc/LeaseOption,rdfs:subClassOf,owl:Thing
http://kbpedia.org/kko/rc/LeaseOption,rdfs:subClassOf,http://kbpedia.org/kko/rc/Obligation
http://kbpedia.org/kko/rc/ChemicalPlant_Facility,rdfs:subClassOf,http://kbpedia.org/kko/rc/HeavyIndustryFacility
http://kbpedia.org/kko/rc/ChemicalPlant_Facility,rdfs:subClassOf,owl:Thing
http://kbpedia.org/kko/rc/ChemicalPlant_Facility,rdfs:subClassOf,http://kbpedia.org/kko/rc/Workplace
http://kbpedia.org/kko/rc/ChemicalPlant_Facility,rdfs:subClassOf,http://kbpedia.org/kko/rc/FactoryBuildingComplex
http://kbpedia.org/kko/rc/EthicalInvestment,rdfs:subClassOf,http://kbpedia.org/kko/rc/Investment
http://kbpedia.org/kko/rc/EthicalInvestment,rdfs:subClassOf,owl:Thing
http://kbpedia.org/kko/rc/Market,rdfs:subClassOf,http://kbpedia.org/ontologies/kko#EconomicSystems
http://kbpedia.org/kko/rc/Market,rdfs:subClassOf,owl:Thing
http://kbpedia.org/kko/rc/GovernmentFundedLoan,rdfs:subClassOf,http://kbpedia.org/kko/rc/LimitConformingLoan
http://kbpedia.org/kko/rc/GovernmentFundedLoan,rdfs:subClassOf,owl:Thing
http://kbpedia.org/kko/rc/ModularHome,rdfs:subClassOf,http://kbpedia.org/kko/rc/ManufacturedHome
http://kbpedia.org/kko/rc/ModularHome,rdfs:subClassOf,owl:Thing
http://kbpedia.org/kko/rc/Interstate65,rdfs:subClassOf,http://kbpedia.org/kko/rc/InterstateHighway
http://kbpedia.org/kko/rc/Interstate65,rdfs:subClassOf,owl:Thing
http://kbpedia.org/kko/rc/ConsumerFraud,rdfs:subClassOf,http://kbpedia.org/kko/rc/Fraud
http://kbpedia.org/kko/rc/ConsumerFraud,rdfs:subClassOf,owl:Thing
http://kbpedia.org/kko/rc/DogTrainingAndBehavior,rdfs:subClassOf,http://kbpedia.org/kko/rc/AnimalTraining
http://kbpedia.org/kko/rc/DogTrainingAndBehavior,rdfs:subClassOf,owl:Thing
http://kbpedia.org/kko/rc/BankCharge_Monthly,rdfs:subClassOf,http://kbpedia.org/kko/rc/BankCharge
http://kbpedia.org/kko/rc/BankCharge_Monthly,rdfs:subClassOf,owl:Thing
http://kbpedia.org/kko/rc/VocationalEducation,rdfs:subClassOf,http://kbpedia.org/kko/rc/CareerAndTechnicalEducation
http://kbpedia.org/kko/rc/VocationalEducation,rdfs:subClassOf,owl:Thing
http://kbpedia.org/kko/rc/VocationalEducation,rdfs:subClassOf,http://kbpedia.org/kko/rc/NonScientificVocationalTrainingService
http://kbpedia.org/kko/rc/VocationalEducation,rdfs:subClassOf,http://kbpedia.org/kko/rc/Education
http://kbpedia.org/kko/rc/AuxiliaryInterstateHighway,rdfs:subClassOf,http://kbpedia.org/kko/rc/InterstateHighway
http://kbpedia.org/kko/rc/AuxiliaryInterstateHighway,rdfs:subClassOf,owl:Thing
http://kbpedia.org/kko/rc/ChristianEducation,rdfs:subClassOf,http://kbpedia.org/kko/rc/ReligionEducation
http://kbpedia.org/kko/rc/ChristianEducation,rdfs:subClassOf,owl:Thing
http://kbpedia.org/kko/rc/Account_LegalAgreement,rdfs:subClassOf,http://kbpedia.org/kko/rc/AuthorizedAgreement
http://kbpedia.org/kko/rc/Account_LegalAgreement,rdfs:subClassOf,owl:Thing
http://kbpedia.org/kko/rc/Account_LegalAgreement,rdfs:subClassOf,http://kbpedia.org/kko/rc/BusinessActivity
http://kbpedia.org/kko/rc/Account_LegalAgreement,rdfs:subClassOf,http://kbpedia.org/kko/rc/EconomicAgreement
http://kbpedia.org/kko/rc/Profession,rdfs:subClassOf,http://kbpedia.org/kko/rc/Employment
http://kbpedia.org/kko/rc/Profession,rdfs:subClassOf,owl:Thing
http://kbpedia.org/kko/rc/Profession,rdfs:subClassOf,http://kbpedia.org/kko/rc/Occupation_AnimalActivity
http://kbpedia.org/kko/rc/Regifting,rdfs:subClassOf,http://kbpedia.org/kko/rc/GiftGiving
http://kbpedia.org/kko/rc/Regifting,rdfs:subClassOf,owl:Thing
http://kbpedia.org/kko/rc/DirectVALoan,rdfs:subClassOf,http://kbpedia.org/kko/rc/VALoan
http://kbpedia.org/kko/rc/DirectVALoan,rdfs:subClassOf,owl:Thing
http://kbpedia.org/kko/rc/FootFetish,rdfs:subClassOf,http://kbpedia.org/kko/rc/Fetishism
http://kbpedia.org/kko/rc/FootFetish,rdfs:subClassOf,owl:Thing
http://kbpedia.org/kko/rc/Interstate73,rdfs:subClassOf,http://kbpedia.org/kko/rc/InterstateHighway
http://kbpedia.org/kko/rc/Interstate73,rdfs:subClassOf,owl:Thing
http://kbpedia.org/kko/rc/EconomicCoordination,rdfs:subClassOf,http://kbpedia.org/kko/rc/EconomicAction
http://kbpedia.org/kko/rc/EconomicCoordination,rdfs:subClassOf,owl:Thing
http://kbpedia.org/kko/rc/Mill_ManufacturingFacility,rdfs:subClassOf,http://kbpedia.org/kko/rc/ManufacturingFacility
http://kbpedia.org/kko/rc/Mill_ManufacturingFacility,rdfs:subClassOf,owl:Thing
http://kbpedia.org/kko/rc/WarMemorial,rdfs:subClassOf,http://kbpedia.org/kko/rc/MemorialMarker
http://kbpedia.org/kko/rc/WarMemorial,rdfs:subClassOf,owl:Thing
http://kbpedia.org/kko/rc/WarMemorial,rdfs:subClassOf,http://kbpedia.org/kko/rc/Monument
http://kbpedia.org/kko/rc/PolicyLoan,rdfs:subClassOf,http://kbpedia.org/kko/rc/SecuredLoan
http://kbpedia.org/kko/rc/PolicyLoan,rdfs:subClassOf,owl:Thing
http://kbpedia.org/kko/rc/CommercialSpace,rdfs:subClassOf,http://kbpedia.org/kko/rc/Workplace
http://kbpedia.org/kko/rc/CommercialSpace,rdfs:subClassOf,owl:Thing
http://kbpedia.org/kko/rc/InterestRateFluctuation,rdfs:subClassOf,http://kbpedia.org/kko/rc/FinancialCondition
http://kbpedia.org/kko/rc/InterestRateFluctuation,rdfs:subClassOf,owl:Thing
http://kbpedia.org/kko/rc/InComplianceWithPaymentSchedule,rdfs:subClassOf,http://kbpedia.org/kko/rc/Account_LegalAgreement
http://kbpedia.org/kko/rc/InComplianceWithPaymentSchedule,rdfs:subClassOf,owl:Thing
http://kbpedia.org/kko/rc/PropertyDisclosureSheet,rdfs:subClassOf,http://kbpedia.org/kko/rc/Datasheet
http://kbpedia.org/kko/rc/PropertyDisclosureSheet,rdfs:subClassOf,owl:Thing
http://kbpedia.org/kko/rc/PropertyDisclosureSheet,rdfs:subClassOf,http://kbpedia.org/kko/rc/FinancialDocument
http://kbpedia.org/kko/rc/PropertyDisclosureSheet,rdfs:subClassOf,http://kbpedia.org/kko/rc/OfficialDocument
http://kbpedia.org/kko/rc/FixedTimeLoan,rdfs:subClassOf,http://kbpedia.org/kko/rc/LoanAgreement
http://kbpedia.org/kko/rc/FixedTimeLoan,rdfs:subClassOf,owl:Thing
http://kbpedia.org/kko/rc/ConstructionLoan,rdfs:subClassOf,http://kbpedia.org/kko/rc/RealEstateLoan
http://kbpedia.org/kko/rc/ConstructionLoan,rdfs:subClassOf,owl:Thing
http://kbpedia.org/kko/rc/ConstructionLoan,rdfs:subClassOf,http://kbpedia.org/kko/rc/LoanAgreement
http://kbpedia.org/kko/rc/LeaseDocument,rdfs:subClassOf,http://kbpedia.org/kko/rc/ContractDocument
http://kbpedia.org/kko/rc/LeaseDocument,rdfs:subClassOf,owl:Thing
http://kbpedia.org/kko/rc/LeaseDocument,rdfs:subClassOf,http://kbpedia.org/kko/rc/Form_StandardizedIBO
http://kbpedia.org/kko/rc/ISEQStockIndex,rdfs:subClassOf,http://kbpedia.org/kko/rc/StockIndexGroup
http://kbpedia.org/kko/rc/ISEQStockIndex,rdfs:subClassOf,owl:Thing
http://kbpedia.org/kko/rc/WoodBuffaloNationalPark,rdfs:subClassOf,http://kbpedia.org/kko/rc/NationalPark
http://kbpedia.org/kko/rc/WoodBuffaloNationalPark,rdfs:subClassOf,owl:Thing
http://kbpedia.org/kko/rc/Interstate74,rdfs:subClassOf,http://kbpedia.org/kko/rc/InterstateHighway
http://kbpedia.org/kko/rc/Interstate74,rdfs:subClassOf,owl:Thing
http://kbpedia.org/kko/rc/EconomicCooperation,rdfs:subClassOf,http://kbpedia.org/kko/rc/EconomicAction
http://kbpedia.org/kko/rc/EconomicCooperation,rdfs:subClassOf,owl:Thing
http://kbpedia.org/kko/rc/EducationalMaterial,rdfs:subClassOf,http://kbpedia.org/kko/rc/Education
http://kbpedia.org/kko/rc/EducationalMaterial,rdfs:subClassOf,owl:Thing
http://kbpedia.org/kko/rc/Bribery,rdfs:subClassOf,http://kbpedia.org/kko/rc/Fraud
http://kbpedia.org/kko/rc/Bribery,rdfs:subClassOf,owl:Thing
http://kbpedia.org/kko/rc/FloodInsurance,rdfs:subClassOf,http://kbpedia.org/kko/rc/InsurancePlan
http://kbpedia.org/kko/rc/FloodInsurance,rdfs:subClassOf,owl:Thing
http://kbpedia.org/kko/rc/FloodInsurance,rdfs:subClassOf,http://kbpedia.org/kko/rc/PropertyInsuranceContract
http://kbpedia.org/kko/rc/InDefault,rdfs:subClassOf,http://kbpedia.org/kko/rc/FinanciallyHurting
http://kbpedia.org/kko/rc/InDefault,rdfs:subClassOf,owl:Thing
http://kbpedia.org/kko/rc/InDefault,rdfs:subClassOf,http://kbpedia.org/kko/rc/EconomicalQuantity
http://kbpedia.org/kko/rc/InternationalTradeRegulation,rdfs:subClassOf,http://kbpedia.org/kko/rc/TradePolicyRegulation
http://kbpedia.org/kko/rc/InternationalTradeRegulation,rdfs:subClassOf,owl:Thing
http://kbpedia.org/kko/rc/LeasedTerritory,rdfs:subClassOf,http://kbpedia.org/kko/rc/LandParcel
http://kbpedia.org/kko/rc/LeasedTerritory,rdfs:subClassOf,owl:Thing
http://kbpedia.org/kko/rc/BusinessModel,rdfs:subClassOf,http://kbpedia.org/kko/rc/BusinessRelatedThing
http://kbpedia.org/kko/rc/BusinessModel,rdfs:subClassOf,owl:Thing
http://kbpedia.org/kko/rc/BusinessModel,rdfs:subClassOf,http://kbpedia.org/kko/rc/Models
http://kbpedia.org/kko/rc/HostileEconomicPolicy,rdfs:subClassOf,http://kbpedia.org/kko/rc/EconomicSystem
http://kbpedia.org/kko/rc/HostileEconomicPolicy,rdfs:subClassOf,owl:Thing
http://kbpedia.org/kko/rc/EprintArchive,rdfs:subClassOf,http://kbpedia.org/kko/rc/Archive
http://kbpedia.org/kko/rc/EprintArchive,rdfs:subClassOf,owl:Thing
http://kbpedia.org/kko/rc/EprintArchive,rdfs:subClassOf,http://kbpedia.org/kko/rc/ScholarlyArticle
http://kbpedia.org/kko/rc/SharingEconomy,rdfs:subClassOf,http://kbpedia.org/kko/rc/EconomicSystem
http://kbpedia.org/kko/rc/SharingEconomy,rdfs:subClassOf,owl:Thing
http://kbpedia.org/kko/rc/SanIsabelNationalForest,rdfs:subClassOf,http://kbpedia.org/kko/rc/NationalForest
http://kbpedia.org/kko/rc/SanIsabelNationalForest,rdfs:subClassOf,owl:Thing
http://kbpedia.org/kko/rc/JasperNationalPark,rdfs:subClassOf,http://kbpedia.org/kko/rc/NationalPark
http://kbpedia.org/kko/rc/JasperNationalPark,rdfs:subClassOf,owl:Thing
http://kbpedia.org/kko/rc/FirstMortgage,rdfs:subClassOf,http://kbpedia.org/kko/rc/MortgageAgreement
http://kbpedia.org/kko/rc/FirstMortgage,rdfs:subClassOf,owl:Thing
http://kbpedia.org/kko/rc/Interstate84West,rdfs:subClassOf,http://kbpedia.org/kko/rc/InterstateHighway
http://kbpedia.org/kko/rc/Interstate84West,rdfs:subClassOf,owl:Thing
http://kbpedia.org/kko/rc/PalaceBuilding,rdfs:subClassOf,http://kbpedia.org/kko/rc/Mansion
http://kbpedia.org/kko/rc/PalaceBuilding,rdfs:subClassOf,owl:Thing
http://kbpedia.org/kko/rc/PalaceBuilding,rdfs:subClassOf,http://kbpedia.org/kko/rc/HumanResidence
http://kbpedia.org/kko/rc/ConsultingExpenseAccount,rdfs:subClassOf,http://kbpedia.org/kko/rc/ExpenseAccount
http://kbpedia.org/kko/rc/ConsultingExpenseAccount,rdfs:subClassOf,owl:Thing
http://kbpedia.org/kko/rc/Groping_AttemptingActivity,rdfs:subClassOf,http://kbpedia.org/kko/rc/Attempting
http://kbpedia.org/kko/rc/Groping_AttemptingActivity,rdfs:subClassOf,owl:Thing
http://kbpedia.org/kko/rc/Groping_AttemptingActivity,rdfs:subClassOf,http://kbpedia.org/kko/rc/HumanSexualBehavior
http://kbpedia.org/kko/rc/StrategicPartnership,rdfs:subClassOf,http://kbpedia.org/kko/rc/BusinessPartnershipAgreement
http://kbpedia.org/kko/rc/StrategicPartnership,rdfs:subClassOf,owl:Thing
http://kbpedia.org/kko/rc/PoliceBarrack,rdfs:subClassOf,http://kbpedia.org/kko/rc/Dormitory
http://kbpedia.org/kko/rc/PoliceBarrack,rdfs:subClassOf,owl:Thing
http://kbpedia.org/kko/rc/PoliceBarrack,rdfs:subClassOf,http://kbpedia.org/kko/rc/PoliceFacility
http://kbpedia.org/kko/rc/BankCharge,rdfs:subClassOf,http://kbpedia.org/kko/rc/PaymentObligation
http://kbpedia.org/kko/rc/BankCharge,rdfs:subClassOf,owl:Thing
http://kbpedia.org/kko/rc/RiskArbitrage,rdfs:subClassOf,http://kbpedia.org/kko/rc/Arbitrage
http://kbpedia.org/kko/rc/RiskArbitrage,rdfs:subClassOf,owl:Thing
http://kbpedia.org/kko/rc/MoneyPurchasePensionScheme,rdfs:subClassOf,http://kbpedia.org/kko/rc/RetirementAccount
http://kbpedia.org/kko/rc/MoneyPurchasePensionScheme,rdfs:subClassOf,owl:Thing
http://kbpedia.org/kko/rc/HawaiiSesquicentennialHalfDollar,rdfs:subClassOf,http://kbpedia.org/kko/rc/HalfDollarCoin_US
http://kbpedia.org/kko/rc/HawaiiSesquicentennialHalfDollar,rdfs:subClassOf,owl:Thing
http://kbpedia.org/kko/rc/PublicRelationsActivity,rdfs:subClassOf,http://kbpedia.org/kko/rc/BusinessActivity
http://kbpedia.org/kko/rc/PublicRelationsActivity,rdfs:subClassOf,owl:Thing
http://kbpedia.org/kko/rc/PublicRelationsActivity,rdfs:subClassOf,http://kbpedia.org/kko/rc/MassCommunicating
http://kbpedia.org/kko/rc/BusinessPartnershipAgreement,rdfs:subClassOf,http://kbpedia.org/kko/rc/Contract
http://kbpedia.org/kko/rc/BusinessPartnershipAgreement,rdfs:subClassOf,owl:Thing
http://kbpedia.org/kko/rc/Disneyland_TouristAttraction,rdfs:subClassOf,http://kbpedia.org/kko/rc/Landmark
http://kbpedia.org/kko/rc/Disneyland_TouristAttraction,rdfs:subClassOf,owl:Thing
http://kbpedia.org/kko/rc/JobDescriptionDocument,rdfs:subClassOf,http://kbpedia.org/kko/rc/BusinessRelatedDocumentOrAgreement
http://kbpedia.org/kko/rc/JobDescriptionDocument,rdfs:subClassOf,owl:Thing
http://kbpedia.org/kko/rc/JobDescriptionDocument,rdfs:subClassOf,http://kbpedia.org/kko/rc/Document
http://kbpedia.org/kko/rc/DirectWithdrawalAccount,rdfs:subClassOf,http://kbpedia.org/kko/rc/BankAccount
http://kbpedia.org/kko/rc/DirectWithdrawalAccount,rdfs:subClassOf,owl:Thing
http://kbpedia.org/kko/rc/ConventionOnLongRangeTransboundaryAirPollution,rdfs:subClassOf,http://kbpedia.org/kko/rc/InternationalAgreement
http://kbpedia.org/kko/rc/ConventionOnLongRangeTransboundaryAirPollution,rdfs:subClassOf,owl:Thing
http://kbpedia.org/kko/rc/Interstate87,rdfs:subClassOf,http://kbpedia.org/kko/rc/InterstateHighway
http://kbpedia.org/kko/rc/Interstate87,rdfs:subClassOf,owl:Thing
http://kbpedia.org/kko/rc/SalesContract,rdfs:subClassOf,http://kbpedia.org/kko/rc/Contract
http://kbpedia.org/kko/rc/SalesContract,rdfs:subClassOf,owl:Thing
http://kbpedia.org/kko/rc/SalesContract,rdfs:subClassOf,http://kbpedia.org/kko/rc/EconomicAgreement
http://kbpedia.org/kko/rc/CollegeCampus,rdfs:subClassOf,http://kbpedia.org/kko/rc/SchoolCampus
http://kbpedia.org/kko/rc/CollegeCampus,rdfs:subClassOf,owl:Thing
http://kbpedia.org/kko/rc/CollegeCampus,rdfs:subClassOf,http://kbpedia.org/kko/rc/GroundsOfOrganization
http://kbpedia.org/kko/rc/StockOption,rdfs:subClassOf,http://kbpedia.org/kko/rc/FinancialOption
http://kbpedia.org/kko/rc/StockOption,rdfs:subClassOf,owl:Thing
http://kbpedia.org/kko/rc/StockOption,rdfs:subClassOf,http://kbpedia.org/kko/rc/OptionTransactionAgreement
http://kbpedia.org/kko/rc/WrapAroundLoan,rdfs:subClassOf,http://kbpedia.org/kko/rc/LoanAgreement
http://kbpedia.org/kko/rc/WrapAroundLoan,rdfs:subClassOf,owl:Thing
http://kbpedia.org/kko/rc/MoneyContainer,rdfs:subClassOf,http://kbpedia.org/kko/rc/Money_DevisedPractice
http://kbpedia.org/kko/rc/MoneyContainer,rdfs:subClassOf,owl:Thing
http://kbpedia.org/kko/rc/EagleCoin_US,rdfs:subClassOf,http://kbpedia.org/kko/rc/Coin_US
http://kbpedia.org/kko/rc/EagleCoin_US,rdfs:subClassOf,owl:Thing
http://kbpedia.org/kko/rc/EagleCoin_US,rdfs:subClassOf,http://kbpedia.org/kko/rc/GoldColor
http://kbpedia.org/kko/rc/BusinessMeeting,rdfs:subClassOf,http://kbpedia.org/kko/rc/BusinessEvent
http://kbpedia.org/kko/rc/BusinessMeeting,rdfs:subClassOf,owl:Thing
http://kbpedia.org/kko/rc/BusinessMeeting,rdfs:subClassOf,http://kbpedia.org/kko/rc/InformationTransferEvent
http://kbpedia.org/kko/rc/VALoan,rdfs:subClassOf,http://kbpedia.org/kko/rc/GovernmentFundedRealEstateLoan
http://kbpedia.org/kko/rc/VALoan,rdfs:subClassOf,owl:Thing
http://kbpedia.org/kko/rc/Interstate93,rdfs:subClassOf,http://kbpedia.org/kko/rc/InterstateHighway
http://kbpedia.org/kko/rc/Interstate93,rdfs:subClassOf,owl:Thing
http://kbpedia.org/kko/rc/EconomicCrisis,rdfs:subClassOf,http://kbpedia.org/kko/rc/FinancialCondition
http://kbpedia.org/kko/rc/EconomicCrisis,rdfs:subClassOf,owl:Thing
http://kbpedia.org/kko/rc/CommodityFuturesContract,rdfs:subClassOf,http://kbpedia.org/kko/rc/FuturesContract
http://kbpedia.org/kko/rc/CommodityFuturesContract,rdfs:subClassOf,owl:Thing
http://kbpedia.org/kko/rc/MedicalInsurance,rdfs:subClassOf,http://kbpedia.org/kko/rc/InsurancePlan
http://kbpedia.org/kko/rc/MedicalInsurance,rdfs:subClassOf,owl:Thing
http://kbpedia.org/kko/rc/Exhibitionism_TheAction,rdfs:subClassOf,http://kbpedia.org/kko/rc/BodyMovement
http://kbpedia.org/kko/rc/Exhibitionism_TheAction,rdfs:subClassOf,owl:Thing
http://kbpedia.org/kko/rc/Exhibitionism_TheAction,rdfs:subClassOf,http://kbpedia.org/kko/rc/DisplayingSomething
http://kbpedia.org/kko/rc/Exhibitionism_TheAction,rdfs:subClassOf,http://kbpedia.org/kko/rc/ExposingSomething
http://kbpedia.org/kko/rc/Exhibitionism_TheAction,rdfs:subClassOf,http://kbpedia.org/kko/rc/InformationTransferPhysicalEvent
http://kbpedia.org/kko/rc/Exhibitionism_TheAction,rdfs:subClassOf,http://kbpedia.org/kko/rc/ParaphilicSexualBehavior
http://kbpedia.org/kko/rc/TriumphalArch,rdfs:subClassOf,http://kbpedia.org/kko/rc/Monument
http://kbpedia.org/kko/rc/TriumphalArch,rdfs:subClassOf,owl:Thing
http://kbpedia.org/kko/rc/BankAccountStatement_Historical,rdfs:subClassOf,http://kbpedia.org/kko/rc/BankAccountStatement
http://kbpedia.org/kko/rc/BankAccountStatement_Historical,rdfs:subClassOf,owl:Thing
http://kbpedia.org/kko/rc/SkiResort_Attraction,rdfs:subClassOf,http://kbpedia.org/kko/rc/ResortFacility
http://kbpedia.org/kko/rc/SkiResort_Attraction,rdfs:subClassOf,owl:Thing
http://kbpedia.org/kko/rc/PubliclyTradedSecurity,rdfs:subClassOf,http://kbpedia.org/kko/rc/PubliclyTradedProperty
http://kbpedia.org/kko/rc/PubliclyTradedSecurity,rdfs:subClassOf,owl:Thing
http://kbpedia.org/kko/rc/PubliclyTradedSecurity,rdfs:subClassOf,http://kbpedia.org/kko/rc/TradeableSecurity
http://kbpedia.org/kko/rc/ConstructionPermanentLoan,rdfs:subClassOf,http://kbpedia.org/kko/rc/RealEstateLoan
http://kbpedia.org/kko/rc/ConstructionPermanentLoan,rdfs:subClassOf,owl:Thing
http://kbpedia.org/kko/rc/ConstructionPermanentLoan,rdfs:subClassOf,http://kbpedia.org/kko/rc/LoanAgreement
http://kbpedia.org/kko/rc/Bet,rdfs:subClassOf,http://kbpedia.org/kko/rc/Agreement
http://kbpedia.org/kko/rc/Bet,rdfs:subClassOf,owl:Thing
http://kbpedia.org/kko/rc/BusinessProcessOutsourcing,rdfs:subClassOf,http://kbpedia.org/kko/rc/BusinessProcess
http://kbpedia.org/kko/rc/BusinessProcessOutsourcing,rdfs:subClassOf,owl:Thing
http://kbpedia.org/kko/rc/RoseBowl,rdfs:subClassOf,http://kbpedia.org/kko/rc/Landmark
http://kbpedia.org/kko/rc/RoseBowl,rdfs:subClassOf,owl:Thing
http://kbpedia.org/kko/rc/Appointment,rdfs:subClassOf,http://kbpedia.org/kko/rc/Agreement
http://kbpedia.org/kko/rc/Appointment,rdfs:subClassOf,owl:Thing
http://kbpedia.org/kko/rc/Appointment,rdfs:subClassOf,http://kbpedia.org/kko/rc/Schedule
http://kbpedia.org/kko/rc/Interstate71,rdfs:subClassOf,http://kbpedia.org/kko/rc/InterstateHighway
http://kbpedia.org/kko/rc/Interstate71,rdfs:subClassOf,owl:Thing
http://kbpedia.org/kko/rc/Pedophilia_FemaleChild,rdfs:subClassOf,http://kbpedia.org/kko/rc/Pedophilia_TheAction
http://kbpedia.org/kko/rc/Pedophilia_FemaleChild,rdfs:subClassOf,owl:Thing
http://kbpedia.org/kko/rc/Novation,rdfs:subClassOf,http://kbpedia.org/kko/rc/FinancialActivity
http://kbpedia.org/kko/rc/Novation,rdfs:subClassOf,owl:Thing
http://kbpedia.org/kko/rc/EconomicDevelopment,rdfs:subClassOf,http://kbpedia.org/kko/rc/EconomicSystem
http://kbpedia.org/kko/rc/EconomicDevelopment,rdfs:subClassOf,owl:Thing
http://kbpedia.org/kko/rc/TriumphalArchInTheRomanForum,rdfs:subClassOf,http://kbpedia.org/kko/rc/TriumphalArch
http://kbpedia.org/kko/rc/TriumphalArchInTheRomanForum,rdfs:subClassOf,owl:Thing
http://kbpedia.org/kko/rc/BusinessRelationshipActivity,rdfs:subClassOf,http://kbpedia.org/kko/rc/BusinessActivity
http://kbpedia.org/kko/rc/BusinessRelationshipActivity,rdfs:subClassOf,owl:Thing
http://kbpedia.org/kko/rc/EngineeringEducation,rdfs:subClassOf,http://kbpedia.org/kko/rc/EducationByTopic
http://kbpedia.org/kko/rc/EngineeringEducation,rdfs:subClassOf,owl:Thing
http://kbpedia.org/kko/rc/RiskFreeArbitrage,rdfs:subClassOf,http://kbpedia.org/kko/rc/Arbitrage
http://kbpedia.org/kko/rc/RiskFreeArbitrage,rdfs:subClassOf,owl:Thing
http://kbpedia.org/kko/rc/PositiveCoverage,rdfs:subClassOf,http://kbpedia.org/kko/rc/InsurancePolicyDocument
http://kbpedia.org/kko/rc/PositiveCoverage,rdfs:subClassOf,owl:Thing
http://kbpedia.org/kko/rc/AccountTypeByStatus,rdfs:subClassOf,http://kbpedia.org/kko/rc/BusinessRelatedThing
http://kbpedia.org/kko/rc/AccountTypeByStatus,rdfs:subClassOf,owl:Thing
http://kbpedia.org/kko/rc/LeaseAgreement,rdfs:subClassOf,http://kbpedia.org/kko/rc/RentalAgreement
http://kbpedia.org/kko/rc/LeaseAgreement,rdfs:subClassOf,owl:Thing
http://kbpedia.org/kko/rc/Ante,rdfs:subClassOf,http://kbpedia.org/kko/rc/Bet
http://kbpedia.org/kko/rc/Ante,rdfs:subClassOf,owl:Thing
http://kbpedia.org/kko/rc/TongassNationalForest,rdfs:subClassOf,http://kbpedia.org/kko/rc/NationalForest
http://kbpedia.org/kko/rc/TongassNationalForest,rdfs:subClassOf,owl:Thing
http://kbpedia.org/kko/rc/Marketplace_Object,rdfs:subClassOf,http://kbpedia.org/kko/rc/CommercialSpace
http://kbpedia.org/kko/rc/Marketplace_Object,rdfs:subClassOf,owl:Thing
http://kbpedia.org/kko/rc/Marketplace_Object,rdfs:subClassOf,http://kbpedia.org/kko/rc/GroundsOfOrganization
http://kbpedia.org/kko/rc/Interstate66,rdfs:subClassOf,http://kbpedia.org/kko/rc/InterstateHighway
http://kbpedia.org/kko/rc/Interstate66,rdfs:subClassOf,owl:Thing
http://kbpedia.org/kko/rc/Pedophilia_MaleChild,rdfs:subClassOf,http://kbpedia.org/kko/rc/Pedophilia_TheAction
http://kbpedia.org/kko/rc/Pedophilia_MaleChild,rdfs:subClassOf,owl:Thing
http://kbpedia.org/kko/rc/EconomicDevelopmentTechnologicalChangeAndGrowth,rdfs:subClassOf,http://kbpedia.org/kko/rc/EconomicDevelopment
http://kbpedia.org/kko/rc/EconomicDevelopmentTechnologicalChangeAndGrowth,rdfs:subClassOf,owl:Thing
http://kbpedia.org/kko/rc/Gristmill,rdfs:subClassOf,http://kbpedia.org/kko/rc/Mill_ManufacturingFacility
http://kbpedia.org/kko/rc/Gristmill,rdfs:subClassOf,owl:Thing
http://kbpedia.org/kko/rc/MajorLeagueBaseballSpringTraining,rdfs:subClassOf,http://kbpedia.org/kko/rc/Training
http://kbpedia.org/kko/rc/MajorLeagueBaseballSpringTraining,rdfs:subClassOf,owl:Thing
http://kbpedia.org/kko/rc/DeregulatingASectorOrIndustry,rdfs:subClassOf,http://kbpedia.org/kko/rc/EconomicAction
http://kbpedia.org/kko/rc/DeregulatingASectorOrIndustry,rdfs:subClassOf,owl:Thing
http://kbpedia.org/kko/rc/PutOption,rdfs:subClassOf,http://kbpedia.org/kko/rc/OptionToSell
http://kbpedia.org/kko/rc/PutOption,rdfs:subClassOf,owl:Thing
http://kbpedia.org/kko/rc/PutOption,rdfs:subClassOf,http://kbpedia.org/kko/rc/DerivativeSecurity
http://kbpedia.org/kko/rc/PutOption,rdfs:subClassOf,http://kbpedia.org/kko/rc/TradeableSecurity
http://kbpedia.org/kko/rc/ManorHouse,rdfs:subClassOf,http://kbpedia.org/kko/rc/Large_DetachedHouse
http://kbpedia.org/kko/rc/ManorHouse,rdfs:subClassOf,owl:Thing
http://kbpedia.org/kko/rc/Matchmaking,rdfs:subClassOf,http://kbpedia.org/kko/rc/Marriage_Agreement
http://kbpedia.org/kko/rc/Matchmaking,rdfs:subClassOf,owl:Thing
http://kbpedia.org/kko/rc/ProposedInterstateHighway,rdfs:subClassOf,http://kbpedia.org/kko/rc/InterstateHighway
http://kbpedia.org/kko/rc/ProposedInterstateHighway,rdfs:subClassOf,owl:Thing
http://kbpedia.org/kko/rc/WrigleyField,rdfs:subClassOf,http://kbpedia.org/kko/rc/Landmark
http://kbpedia.org/kko/rc/WrigleyField,rdfs:subClassOf,owl:Thing
http://kbpedia.org/kko/rc/FinanceInstrumentProductContract,rdfs:subClassOf,http://kbpedia.org/ontologies/kko#EconomicSystems
http://kbpedia.org/kko/rc/FinanceInstrumentProductContract,rdfs:subClassOf,owl:Thing
http://kbpedia.org/kko/rc/BuckinghamPalace,rdfs:subClassOf,http://kbpedia.org/kko/rc/Landmark
http://kbpedia.org/kko/rc/BuckinghamPalace,rdfs:subClassOf,owl:Thing
http://kbpedia.org/kko/rc/BuckinghamPalace,rdfs:subClassOf,http://kbpedia.org/kko/rc/OfficialResidence
http://kbpedia.org/kko/rc/UnitedStatesArmyEducation,rdfs:subClassOf,http://kbpedia.org/kko/rc/Education
http://kbpedia.org/kko/rc/UnitedStatesArmyEducation,rdfs:subClassOf,owl:Thing
http://kbpedia.org/kko/rc/Interstate81,rdfs:subClassOf,http://kbpedia.org/kko/rc/InterstateHighway
http://kbpedia.org/kko/rc/Interstate81,rdfs:subClassOf,owl:Thing
http://kbpedia.org/kko/rc/Mansion,rdfs:subClassOf,http://kbpedia.org/kko/rc/Large_DetachedHouse
http://kbpedia.org/kko/rc/Mansion,rdfs:subClassOf,owl:Thing
http://kbpedia.org/kko/rc/FullMedicalInsurance,rdfs:subClassOf,http://kbpedia.org/kko/rc/MedicalInsurance
http://kbpedia.org/kko/rc/FullMedicalInsurance,rdfs:subClassOf,owl:Thing
http://kbpedia.org/kko/rc/EmployeeStockOption,rdfs:subClassOf,http://kbpedia.org/kko/rc/EmployeeBenefits
http://kbpedia.org/kko/rc/EmployeeStockOption,rdfs:subClassOf,owl:Thing
http://kbpedia.org/kko/rc/EmployeeStockOption,rdfs:subClassOf,http://kbpedia.org/kko/rc/StockOption
http://kbpedia.org/kko/rc/MoneyMarketAccount,rdfs:subClassOf,http://kbpedia.org/kko/rc/DemandDepositAccount
http://kbpedia.org/kko/rc/MoneyMarketAccount,rdfs:subClassOf,owl:Thing
http://kbpedia.org/kko/rc/ClosedEndLoanAgreement,rdfs:subClassOf,http://kbpedia.org/kko/rc/FixedTimeLoan
http://kbpedia.org/kko/rc/ClosedEndLoanAgreement,rdfs:subClassOf,owl:Thing
http://kbpedia.org/kko/rc/ClosedEndLoanAgreement,rdfs:subClassOf,http://kbpedia.org/kko/rc/LoanAgreement
http://kbpedia.org/kko/rc/BusinessActivity,rdfs:subClassOf,http://kbpedia.org/kko/rc/EconomicAction
http://kbpedia.org/kko/rc/BusinessActivity,rdfs:subClassOf,owl:Thing
http://kbpedia.org/kko/rc/BusinessActivity,rdfs:subClassOf,http://kbpedia.org/kko/rc/SkilledActivityType
http://kbpedia.org/kko/rc/BusinessActivity,rdfs:subClassOf,http://kbpedia.org/kko/rc/HumanActivity
http://kbpedia.org/kko/rc/RentalAgreement,rdfs:subClassOf,http://kbpedia.org/kko/rc/TemporaryUserRightsAgreement
http://kbpedia.org/kko/rc/RentalAgreement,rdfs:subClassOf,owl:Thing
http://kbpedia.org/kko/rc/RentalAgreement,rdfs:subClassOf,http://kbpedia.org/kko/rc/EconomicAgreement
http://kbpedia.org/kko/rc/ConstructionSite,rdfs:subClassOf,http://kbpedia.org/kko/rc/ArtificialLandform
http://kbpedia.org/kko/rc/ConstructionSite,rdfs:subClassOf,owl:Thing
http://kbpedia.org/kko/rc/ConstructionSite,rdfs:subClassOf,http://kbpedia.org/kko/rc/CommercialLandParcel
http://kbpedia.org/kko/rc/ConstructionSite,rdfs:subClassOf,http://kbpedia.org/kko/rc/EconomicRegion
http://kbpedia.org/kko/rc/BusinessQualification,rdfs:subClassOf,http://kbpedia.org/kko/rc/BusinessEvent
http://kbpedia.org/kko/rc/BusinessQualification,rdfs:subClassOf,owl:Thing
http://kbpedia.org/kko/rc/BusinessQualification,rdfs:subClassOf,http://kbpedia.org/kko/rc/BusinessRelatedThing
http://kbpedia.org/kko/rc/FTSE250_StockIndexGroup,rdfs:subClassOf,http://kbpedia.org/kko/rc/FTSEStockIndex
http://kbpedia.org/kko/rc/FTSE250_StockIndexGroup,rdfs:subClassOf,owl:Thing
http://kbpedia.org/kko/rc/EventReservation,rdfs:subClassOf,http://kbpedia.org/kko/rc/Reservation
http://kbpedia.org/kko/rc/EventReservation,rdfs:subClassOf,owl:Thing
http://kbpedia.org/kko/rc/ConventionalMortgage,rdfs:subClassOf,http://kbpedia.org/kko/rc/ConventionalRealEstateLoan
http://kbpedia.org/kko/rc/ConventionalMortgage,rdfs:subClassOf,owl:Thing
http://kbpedia.org/kko/rc/ConventionalMortgage,rdfs:subClassOf,http://kbpedia.org/kko/rc/MortgageAgreement
http://kbpedia.org/kko/rc/TenDollarBill_US,rdfs:subClassOf,http://kbpedia.org/kko/rc/Bill_US
http://kbpedia.org/kko/rc/TenDollarBill_US,rdfs:subClassOf,owl:Thing
http://kbpedia.org/kko/rc/Interstate94,rdfs:subClassOf,http://kbpedia.org/kko/rc/InterstateHighway
http://kbpedia.org/kko/rc/Interstate94,rdfs:subClassOf,owl:Thing
http://kbpedia.org/kko/rc/BalmoralCastle,rdfs:subClassOf,http://kbpedia.org/kko/rc/OfficialResidence
http://kbpedia.org/kko/rc/BalmoralCastle,rdfs:subClassOf,owl:Thing
http://kbpedia.org/kko/rc/BalmoralCastle,rdfs:subClassOf,http://kbpedia.org/kko/rc/PalaceBuilding
http://kbpedia.org/kko/rc/FederalTaxExpenseAccount,rdfs:subClassOf,http://kbpedia.org/kko/rc/TaxExpenseAccount
http://kbpedia.org/kko/rc/FederalTaxExpenseAccount,rdfs:subClassOf,owl:Thing
http://kbpedia.org/kko/rc/Kabah,rdfs:subClassOf,http://kbpedia.org/kko/rc/Landmark
http://kbpedia.org/kko/rc/Kabah,rdfs:subClassOf,owl:Thing
http://kbpedia.org/kko/rc/WildernessArea,rdfs:subClassOf,http://kbpedia.org/kko/rc/WildernessPark
http://kbpedia.org/kko/rc/WildernessArea,rdfs:subClassOf,owl:Thing
http://kbpedia.org/kko/rc/Triplex,rdfs:subClassOf,http://kbpedia.org/kko/rc/MultiFamilyHousing
http://kbpedia.org/kko/rc/Triplex,rdfs:subClassOf,owl:Thing
http://kbpedia.org/kko/rc/ReservationAtARestaurant,rdfs:subClassOf,http://kbpedia.org/kko/rc/Reservation
http://kbpedia.org/kko/rc/ReservationAtARestaurant,rdfs:subClassOf,owl:Thing
http://kbpedia.org/kko/rc/ThirtyYearLoan,rdfs:subClassOf,http://kbpedia.org/kko/rc/FixedTimeLoan
http://kbpedia.org/kko/rc/ThirtyYearLoan,rdfs:subClassOf,owl:Thing
http://kbpedia.org/kko/rc/BankDebitCard,rdfs:subClassOf,http://kbpedia.org/kko/rc/Card
http://kbpedia.org/kko/rc/BankDebitCard,rdfs:subClassOf,owl:Thing
http://kbpedia.org/kko/rc/BankDebitCard,rdfs:subClassOf,http://kbpedia.org/kko/rc/IDDocument
http://kbpedia.org/kko/rc/BankDebitCard,rdfs:subClassOf,http://kbpedia.org/kko/rc/TenderObject
http://kbpedia.org/kko/rc/BankDebitCard,rdfs:subClassOf,http://kbpedia.org/kko/rc/FreeSheet
http://kbpedia.org/kko/rc/Engagement,rdfs:subClassOf,http://kbpedia.org/kko/rc/Marriage_Agreement
http://kbpedia.org/kko/rc/Engagement,rdfs:subClassOf,owl:Thing
http://kbpedia.org/kko/rc/BusinessProcess,rdfs:subClassOf,http://kbpedia.org/kko/rc/BusinessActivity
http://kbpedia.org/kko/rc/BusinessProcess,rdfs:subClassOf,owl:Thing
http://kbpedia.org/kko/rc/BusinessProcess,rdfs:subClassOf,http://kbpedia.org/kko/rc/ProcessType
http://kbpedia.org/kko/rc/StandardAndPoors100,rdfs:subClassOf,http://kbpedia.org/kko/rc/StockIndexGroup
http://kbpedia.org/kko/rc/StandardAndPoors100,rdfs:subClassOf,owl:Thing
http://kbpedia.org/kko/rc/TwentyDollarBill_US,rdfs:subClassOf,http://kbpedia.org/kko/rc/Bill_US
http://kbpedia.org/kko/rc/TwentyDollarBill_US,rdfs:subClassOf,owl:Thing
http://kbpedia.org/kko/rc/MarriageInClassicalAntiquity,rdfs:subClassOf,http://kbpedia.org/kko/rc/Marriage_Agreement
http://kbpedia.org/kko/rc/MarriageInClassicalAntiquity,rdfs:subClassOf,owl:Thing
http://kbpedia.org/kko/rc/Interstate83,rdfs:subClassOf,http://kbpedia.org/kko/rc/InterstateHighway
http://kbpedia.org/kko/rc/Interstate83,rdfs:subClassOf,owl:Thing
http://kbpedia.org/kko/rc/CommodityUsedAsAnInvestment,rdfs:subClassOf,http://kbpedia.org/kko/rc/Investment
http://kbpedia.org/kko/rc/CommodityUsedAsAnInvestment,rdfs:subClassOf,owl:Thing
http://kbpedia.org/kko/rc/CriticalIllnessInsurance,rdfs:subClassOf,http://kbpedia.org/kko/rc/MedicalInsurance
http://kbpedia.org/kko/rc/CriticalIllnessInsurance,rdfs:subClassOf,owl:Thing
http://kbpedia.org/kko/rc/GreenCard,rdfs:subClassOf,http://kbpedia.org/kko/rc/USWorkVisa
http://kbpedia.org/kko/rc/GreenCard,rdfs:subClassOf,owl:Thing
http://kbpedia.org/kko/rc/GreenCard,rdfs:subClassOf,http://kbpedia.org/kko/rc/Visa_Document
http://kbpedia.org/kko/rc/FinancialAccountTenderObject,rdfs:subClassOf,http://kbpedia.org/kko/rc/TenderObject
http://kbpedia.org/kko/rc/FinancialAccountTenderObject,rdfs:subClassOf,owl:Thing
http://kbpedia.org/kko/rc/InterestRate,rdfs:subClassOf,http://kbpedia.org/kko/rc/Interest
http://kbpedia.org/kko/rc/InterestRate,rdfs:subClassOf,owl:Thing
http://kbpedia.org/kko/rc/FloorLimitLoan,rdfs:subClassOf,http://kbpedia.org/kko/rc/LimitConformingLoan
http://kbpedia.org/kko/rc/FloorLimitLoan,rdfs:subClassOf,owl:Thing
http://kbpedia.org/kko/rc/FloorLimitLoan,rdfs:subClassOf,http://kbpedia.org/kko/rc/LoanAgreement
http://kbpedia.org/kko/rc/LibraryLoanAgreement,rdfs:subClassOf,http://kbpedia.org/kko/rc/LoanAgreement
http://kbpedia.org/kko/rc/LibraryLoanAgreement,rdfs:subClassOf,owl:Thing
http://kbpedia.org/kko/rc/RiskTransferInsurance,rdfs:subClassOf,http://kbpedia.org/kko/rc/InsurancePlan
http://kbpedia.org/kko/rc/RiskTransferInsurance,rdfs:subClassOf,owl:Thing
http://kbpedia.org/kko/rc/StandardAndPoors500,rdfs:subClassOf,http://kbpedia.org/kko/rc/StockIndexGroup
http://kbpedia.org/kko/rc/StandardAndPoors500,rdfs:subClassOf,owl:Thing
http://kbpedia.org/kko/rc/DelawareAqueduct,rdfs:subClassOf,http://kbpedia.org/kko/rc/Landmark
http://kbpedia.org/kko/rc/DelawareAqueduct,rdfs:subClassOf,owl:Thing
http://kbpedia.org/kko/rc/TypeOfMarriage,rdfs:subClassOf,http://kbpedia.org/kko/rc/Marriage_Agreement
http://kbpedia.org/kko/rc/TypeOfMarriage,rdfs:subClassOf,owl:Thing
http://kbpedia.org/kko/rc/SocialAgreement,rdfs:subClassOf,http://kbpedia.org/kko/rc/Agreement
http://kbpedia.org/kko/rc/SocialAgreement,rdfs:subClassOf,owl:Thing
http://kbpedia.org/kko/rc/LoanNote_Transferable,rdfs:subClassOf,http://kbpedia.org/kko/rc/DebtSecurity
http://kbpedia.org/kko/rc/LoanNote_Transferable,rdfs:subClassOf,owl:Thing
http://kbpedia.org/kko/rc/BalloonLoan,rdfs:subClassOf,http://kbpedia.org/kko/rc/ClosedEndLoanAgreement
http://kbpedia.org/kko/rc/BalloonLoan,rdfs:subClassOf,owl:Thing
http://kbpedia.org/kko/rc/Interstate86East,rdfs:subClassOf,http://kbpedia.org/kko/rc/InterstateHighway
http://kbpedia.org/kko/rc/Interstate86East,rdfs:subClassOf,owl:Thing
http://kbpedia.org/kko/rc/RegulatoryCompliance,rdfs:subClassOf,http://kbpedia.org/kko/rc/RegulatingASectorOrIndustry
http://kbpedia.org/kko/rc/RegulatoryCompliance,rdfs:subClassOf,owl:Thing
http://kbpedia.org/kko/rc/YellowstoneNationalPark,rdfs:subClassOf,http://kbpedia.org/kko/rc/NationalPark
http://kbpedia.org/kko/rc/YellowstoneNationalPark,rdfs:subClassOf,owl:Thing
http://kbpedia.org/kko/rc/MunicipalBond_Agreement,rdfs:subClassOf,http://kbpedia.org/kko/rc/BondsFinance
http://kbpedia.org/kko/rc/MunicipalBond_Agreement,rdfs:subClassOf,owl:Thing
http://kbpedia.org/kko/rc/ExtraMaritalSexualBehavior,rdfs:subClassOf,http://kbpedia.org/kko/rc/HumanSexualBehavior
http://kbpedia.org/kko/rc/ExtraMaritalSexualBehavior,rdfs:subClassOf,owl:Thing
http://kbpedia.org/kko/rc/ExtraMaritalSexualBehavior,rdfs:subClassOf,http://kbpedia.org/kko/rc/ImmoralAct
http://kbpedia.org/kko/rc/ExtraMaritalSexualBehavior,rdfs:subClassOf,http://kbpedia.org/kko/rc/SocialAction
http://kbpedia.org/kko/rc/AdministrationOrder,rdfs:subClassOf,http://kbpedia.org/kko/rc/Writ
http://kbpedia.org/kko/rc/AdministrationOrder,rdfs:subClassOf,owl:Thing
http://kbpedia.org/kko/rc/RowHouse,rdfs:subClassOf,http://kbpedia.org/kko/rc/MultiFamilyHousing
http://kbpedia.org/kko/rc/RowHouse,rdfs:subClassOf,owl:Thing
http://kbpedia.org/kko/rc/BankDraft,rdfs:subClassOf,http://kbpedia.org/kko/rc/Check_TenderObject
http://kbpedia.org/kko/rc/BankDraft,rdfs:subClassOf,owl:Thing
http://kbpedia.org/kko/rc/FinancingByBorrowing,rdfs:subClassOf,http://kbpedia.org/kko/rc/BorrowingSomething
http://kbpedia.org/kko/rc/FinancingByBorrowing,rdfs:subClassOf,owl:Thing
http://kbpedia.org/kko/rc/FinancingByBorrowing,rdfs:subClassOf,http://kbpedia.org/kko/rc/Finance
http://kbpedia.org/kko/rc/FinancingByBorrowing,rdfs:subClassOf,http://kbpedia.org/kko/rc/FinancialActivity
http://kbpedia.org/kko/rc/Denkmal_Germany,rdfs:subClassOf,http://kbpedia.org/kko/rc/Monument
http://kbpedia.org/kko/rc/Denkmal_Germany,rdfs:subClassOf,owl:Thing
http://kbpedia.org/kko/rc/RioGrandeNationalForest,rdfs:subClassOf,http://kbpedia.org/kko/rc/NationalForest
http://kbpedia.org/kko/rc/RioGrandeNationalForest,rdfs:subClassOf,owl:Thing
http://kbpedia.org/kko/rc/AmortizedLoan,rdfs:subClassOf,http://kbpedia.org/kko/rc/InstallmentLoan
http://kbpedia.org/kko/rc/AmortizedLoan,rdfs:subClassOf,owl:Thing
http://kbpedia.org/kko/rc/BusinessRelatedThing,rdfs:subClassOf,http://kbpedia.org/ontologies/kko#EconomicSystems
http://kbpedia.org/kko/rc/BusinessRelatedThing,rdfs:subClassOf,owl:Thing
http://kbpedia.org/kko/rc/StatueOfZeusAtOlympia,rdfs:subClassOf,http://kbpedia.org/kko/rc/Landmark
http://kbpedia.org/kko/rc/StatueOfZeusAtOlympia,rdfs:subClassOf,owl:Thing
http://kbpedia.org/kko/rc/Disneyworld_TouristAttraction,rdfs:subClassOf,http://kbpedia.org/kko/rc/TouristAttraction
http://kbpedia.org/kko/rc/Disneyworld_TouristAttraction,rdfs:subClassOf,owl:Thing
http://kbpedia.org/kko/rc/MeteorologyAndClimateEducation,rdfs:subClassOf,http://kbpedia.org/kko/rc/ScienceEducation
http://kbpedia.org/kko/rc/MeteorologyAndClimateEducation,rdfs:subClassOf,owl:Thing
http://kbpedia.org/kko/rc/KootenayNationalPark,rdfs:subClassOf,http://kbpedia.org/kko/rc/NationalPark
http://kbpedia.org/kko/rc/KootenayNationalPark,rdfs:subClassOf,owl:Thing
http://kbpedia.org/kko/rc/ProcessingALoanApplication,rdfs:subClassOf,http://kbpedia.org/kko/rc/BusinessRelationshipActivity
http://kbpedia.org/kko/rc/ProcessingALoanApplication,rdfs:subClassOf,owl:Thing
http://kbpedia.org/kko/rc/ProcessingALoanApplication,rdfs:subClassOf,http://kbpedia.org/kko/rc/Processing
http://kbpedia.org/kko/rc/ProcessingALoanApplication,rdfs:subClassOf,http://kbpedia.org/kko/rc/WorkingProcess
http://kbpedia.org/kko/rc/Interstate95,rdfs:subClassOf,http://kbpedia.org/kko/rc/InterstateHighway
http://kbpedia.org/kko/rc/Interstate95,rdfs:subClassOf,owl:Thing
http://kbpedia.org/kko/rc/Allowance,rdfs:subClassOf,http://kbpedia.org/kko/rc/EconomicAgreement
http://kbpedia.org/kko/rc/Allowance,rdfs:subClassOf,owl:Thing
http://kbpedia.org/kko/rc/Allowance,rdfs:subClassOf,http://kbpedia.org/kko/rc/Agreement
http://kbpedia.org/kko/rc/TakingSomething,rdfs:subClassOf,http://kbpedia.org/kko/rc/GainingControl
http://kbpedia.org/kko/rc/TakingSomething,rdfs:subClassOf,owl:Thing
http://kbpedia.org/kko/rc/TakingSomething,rdfs:subClassOf,http://kbpedia.org/kko/rc/GainingUserRights
http://kbpedia.org/kko/rc/TakingSomething,rdfs:subClassOf,http://kbpedia.org/kko/rc/PurposefulAction
http://kbpedia.org/kko/rc/CreditReportDocument,rdfs:subClassOf,http://kbpedia.org/kko/rc/FinancialDocument
http://kbpedia.org/kko/rc/CreditReportDocument,rdfs:subClassOf,owl:Thing
http://kbpedia.org/kko/rc/CreditReportDocument,rdfs:subClassOf,http://kbpedia.org/kko/rc/OfficialDocument
http://kbpedia.org/kko/rc/MovieTheaterSpace,rdfs:subClassOf,http://kbpedia.org/kko/rc/CommercialSpace
http://kbpedia.org/kko/rc/MovieTheaterSpace,rdfs:subClassOf,owl:Thing
http://kbpedia.org/kko/rc/MovieTheaterSpace,rdfs:subClassOf,http://kbpedia.org/kko/rc/HumanHighOccupancyConstruct
http://kbpedia.org/kko/rc/DebtAssumptionLetter,rdfs:subClassOf,http://kbpedia.org/kko/rc/FinancialDocument
http://kbpedia.org/kko/rc/DebtAssumptionLetter,rdfs:subClassOf,owl:Thing
http://kbpedia.org/kko/rc/DebtAssumptionLetter,rdfs:subClassOf,http://kbpedia.org/kko/rc/OfficialDocument
http://kbpedia.org/kko/rc/ArcDeTriomphe,rdfs:subClassOf,http://kbpedia.org/kko/rc/TriumphalArch
http://kbpedia.org/kko/rc/ArcDeTriomphe,rdfs:subClassOf,owl:Thing
http://kbpedia.org/kko/rc/ArcDeTriomphe,rdfs:subClassOf,http://kbpedia.org/kko/rc/WarMemorial
http://kbpedia.org/kko/rc/GovernmentProcurement,rdfs:subClassOf,http://kbpedia.org/kko/rc/Procurement
http://kbpedia.org/kko/rc/GovernmentProcurement,rdfs:subClassOf,owl:Thing
http://kbpedia.org/kko/rc/Back_To_BackHouse,rdfs:subClassOf,http://kbpedia.org/kko/rc/RowHouse
http://kbpedia.org/kko/rc/Back_To_BackHouse,rdfs:subClassOf,owl:Thing
http://kbpedia.org/kko/rc/Employment,rdfs:subClassOf,http://kbpedia.org/ontologies/kko#EconomicSystems
http://kbpedia.org/kko/rc/Employment,rdfs:subClassOf,owl:Thing
http://kbpedia.org/kko/rc/ShortTermLoan,rdfs:subClassOf,http://kbpedia.org/kko/rc/FixedTimeLoan
http://kbpedia.org/kko/rc/ShortTermLoan,rdfs:subClassOf,owl:Thing
http://kbpedia.org/kko/rc/ShortTermLoan,rdfs:subClassOf,http://kbpedia.org/kko/rc/LoanAgreement
http://kbpedia.org/kko/rc/Policy,rdfs:subClassOf,http://kbpedia.org/kko/rc/NormativeSpecification
http://kbpedia.org/kko/rc/Policy,rdfs:subClassOf,owl:Thing
http://kbpedia.org/kko/rc/Policy,rdfs:subClassOf,http://kbpedia.org/ontologies/kko#SocialSystems
http://kbpedia.org/kko/rc/SalesAccount,rdfs:subClassOf,http://kbpedia.org/kko/rc/Account_LegalAgreement
http://kbpedia.org/kko/rc/SalesAccount,rdfs:subClassOf,owl:Thing
http://kbpedia.org/kko/rc/EconomicSystem,rdfs:subClassOf,http://kbpedia.org/kko/rc/Economics
http://kbpedia.org/kko/rc/EconomicSystem,rdfs:subClassOf,owl:Thing
http://kbpedia.org/kko/rc/EconomicSystem,rdfs:subClassOf,http://kbpedia.org/ontologies/kko#EconomicSystems
http://kbpedia.org/kko/rc/LimitConformingLoan,rdfs:subClassOf,http://kbpedia.org/kko/rc/LoanAgreement
http://kbpedia.org/kko/rc/LimitConformingLoan,rdfs:subClassOf,owl:Thing
http://kbpedia.org/kko/rc/InformationTechnologyEducation,rdfs:subClassOf,http://kbpedia.org/kko/rc/Education
http://kbpedia.org/kko/rc/InformationTechnologyEducation,rdfs:subClassOf,owl:Thing
http://kbpedia.org/kko/rc/LoanSharking,rdfs:subClassOf,http://kbpedia.org/kko/rc/BorrowingSomething
http://kbpedia.org/kko/rc/LoanSharking,rdfs:subClassOf,owl:Thing
http://kbpedia.org/kko/rc/Sitophilia,rdfs:subClassOf,http://kbpedia.org/kko/rc/ParaphilicSexualBehavior
http://kbpedia.org/kko/rc/Sitophilia,rdfs:subClassOf,owl:Thing
http://kbpedia.org/kko/rc/Interstate96,rdfs:subClassOf,http://kbpedia.org/kko/rc/InterstateHighway
http://kbpedia.org/kko/rc/Interstate96,rdfs:subClassOf,owl:Thing
http://kbpedia.org/kko/rc/EconomicsOfRegulation,rdfs:subClassOf,http://kbpedia.org/kko/rc/RegulatingASectorOrIndustry
http://kbpedia.org/kko/rc/EconomicsOfRegulation,rdfs:subClassOf,owl:Thing
http://kbpedia.org/kko/rc/Curricula,rdfs:subClassOf,http://kbpedia.org/kko/rc/EducationalMaterial
http://kbpedia.org/kko/rc/Curricula,rdfs:subClassOf,owl:Thing
http://kbpedia.org/kko/rc/Curricula,rdfs:subClassOf,http://kbpedia.org/kko/rc/NormativeSpecification
http://kbpedia.org/kko/rc/Depression_FinancialCondition,rdfs:subClassOf,http://kbpedia.org/kko/rc/FinancialCondition
http://kbpedia.org/kko/rc/Depression_FinancialCondition,rdfs:subClassOf,owl:Thing
http://kbpedia.org/kko/rc/LegalEducation,rdfs:subClassOf,http://kbpedia.org/kko/rc/EducationByTopic
http://kbpedia.org/kko/rc/LegalEducation,rdfs:subClassOf,owl:Thing
http://kbpedia.org/kko/rc/PyramidMonument,rdfs:subClassOf,http://kbpedia.org/kko/rc/Monument
http://kbpedia.org/kko/rc/PyramidMonument,rdfs:subClassOf,owl:Thing
http://kbpedia.org/kko/rc/BankAccount,rdfs:subClassOf,http://kbpedia.org/kko/rc/AccountType
http://kbpedia.org/kko/rc/BankAccount,rdfs:subClassOf,owl:Thing
http://kbpedia.org/kko/rc/BankAccount,rdfs:subClassOf,http://kbpedia.org/kko/rc/FinancialAsset
http://kbpedia.org/kko/rc/EmployeeBenefits,rdfs:subClassOf,http://kbpedia.org/kko/rc/CompensationPackage
http://kbpedia.org/kko/rc/EmployeeBenefits,rdfs:subClassOf,owl:Thing
http://kbpedia.org/kko/rc/BotanicalNaturalMonument,rdfs:subClassOf,http://kbpedia.org/kko/rc/NaturalMonument
http://kbpedia.org/kko/rc/BotanicalNaturalMonument,rdfs:subClassOf,owl:Thing
http://kbpedia.org/kko/rc/MonumentOrMemorialInIran,rdfs:subClassOf,http://kbpedia.org/kko/rc/Monument
http://kbpedia.org/kko/rc/MonumentOrMemorialInIran,rdfs:subClassOf,owl:Thing
http://kbpedia.org/kko/rc/InstallmentLoan,rdfs:subClassOf,http://kbpedia.org/kko/rc/ClosedEndLoanAgreement
http://kbpedia.org/kko/rc/InstallmentLoan,rdfs:subClassOf,owl:Thing
http://kbpedia.org/kko/rc/DomesticViolenceAwareness,rdfs:subClassOf,http://kbpedia.org/kko/rc/DomesticViolence
http://kbpedia.org/kko/rc/DomesticViolenceAwareness,rdfs:subClassOf,owl:Thing
http://kbpedia.org/kko/rc/DomesticViolenceAwareness,rdfs:subClassOf,http://kbpedia.org/kko/rc/Publicity
http://kbpedia.org/kko/rc/HinduEducation,rdfs:subClassOf,http://kbpedia.org/kko/rc/ReligionEducation
http://kbpedia.org/kko/rc/HinduEducation,rdfs:subClassOf,owl:Thing
http://kbpedia.org/kko/rc/AirForceBase,rdfs:subClassOf,http://kbpedia.org/kko/rc/GovernmentalLandParcel
http://kbpedia.org/kko/rc/AirForceBase,rdfs:subClassOf,owl:Thing
http://kbpedia.org/kko/rc/MarriageReform,rdfs:subClassOf,http://kbpedia.org/kko/rc/Marriage_Agreement
http://kbpedia.org/kko/rc/MarriageReform,rdfs:subClassOf,owl:Thing
http://kbpedia.org/kko/rc/NoBidContract,rdfs:subClassOf,http://kbpedia.org/kko/rc/Pricing
http://kbpedia.org/kko/rc/NoBidContract,rdfs:subClassOf,owl:Thing
http://kbpedia.org/kko/rc/InterstateHighwaysByState,rdfs:subClassOf,http://kbpedia.org/kko/rc/InterstateHighway
http://kbpedia.org/kko/rc/InterstateHighwaysByState,rdfs:subClassOf,owl:Thing
http://kbpedia.org/kko/rc/PreferredStock,rdfs:subClassOf,http://kbpedia.org/kko/rc/EquityBasedSecurity
http://kbpedia.org/kko/rc/PreferredStock,rdfs:subClassOf,owl:Thing
http://kbpedia.org/kko/rc/PreferredStock,rdfs:subClassOf,http://kbpedia.org/kko/rc/Stock
http://kbpedia.org/kko/rc/IrishLanguageEducation,rdfs:subClassOf,http://kbpedia.org/kko/rc/LanguageEducation
http://kbpedia.org/kko/rc/IrishLanguageEducation,rdfs:subClassOf,owl:Thing
http://kbpedia.org/kko/rc/NaturalMonument,rdfs:subClassOf,http://kbpedia.org/kko/rc/Monument
http://kbpedia.org/kko/rc/NaturalMonument,rdfs:subClassOf,owl:Thing
http://kbpedia.org/kko/rc/DenialOfCredit,rdfs:subClassOf,http://kbpedia.org/kko/rc/FinancialActivity
http://kbpedia.org/kko/rc/DenialOfCredit,rdfs:subClassOf,owl:Thing
http://kbpedia.org/kko/rc/10EuroNote,rdfs:subClassOf,http://kbpedia.org/kko/rc/EuroBanknote
http://kbpedia.org/kko/rc/10EuroNote,rdfs:subClassOf,owl:Thing
http://kbpedia.org/kko/rc/DowJonesIndustrials,rdfs:subClassOf,http://kbpedia.org/kko/rc/StockIndexGroup
http://kbpedia.org/kko/rc/DowJonesIndustrials,rdfs:subClassOf,owl:Thing
http://kbpedia.org/kko/rc/FeudalDuties,rdfs:subClassOf,http://kbpedia.org/kko/rc/Feudalism
http://kbpedia.org/kko/rc/FeudalDuties,rdfs:subClassOf,owl:Thing
http://kbpedia.org/kko/rc/Stealing_Embezzlement,rdfs:subClassOf,http://kbpedia.org/kko/rc/Fraud
http://kbpedia.org/kko/rc/Stealing_Embezzlement,rdfs:subClassOf,owl:Thing
http://kbpedia.org/kko/rc/Stealing_Embezzlement,rdfs:subClassOf,http://kbpedia.org/kko/rc/Stealing_InsideJob
http://kbpedia.org/kko/rc/LumberYard,rdfs:subClassOf,http://kbpedia.org/kko/rc/CommercialLandParcel
http://kbpedia.org/kko/rc/LumberYard,rdfs:subClassOf,owl:Thing
http://kbpedia.org/kko/rc/LumberYard,rdfs:subClassOf,http://kbpedia.org/kko/rc/StorageFacility
http://kbpedia.org/kko/rc/VersaillesPalace,rdfs:subClassOf,http://kbpedia.org/kko/rc/Landmark
http://kbpedia.org/kko/rc/VersaillesPalace,rdfs:subClassOf,owl:Thing
http://kbpedia.org/kko/rc/ConvertibleARM,rdfs:subClassOf,http://kbpedia.org/kko/rc/AdjustableRateMortgage
http://kbpedia.org/kko/rc/ConvertibleARM,rdfs:subClassOf,owl:Thing
http://kbpedia.org/kko/rc/NoCoverage,rdfs:subClassOf,http://kbpedia.org/kko/rc/InsurancePlan
http://kbpedia.org/kko/rc/NoCoverage,rdfs:subClassOf,owl:Thing
http://kbpedia.org/kko/rc/LivestockStable,rdfs:subClassOf,http://kbpedia.org/kko/rc/AnimalContainer
http://kbpedia.org/kko/rc/LivestockStable,rdfs:subClassOf,owl:Thing
http://kbpedia.org/kko/rc/LivestockStable,rdfs:subClassOf,http://kbpedia.org/kko/rc/AnimalShelter
http://kbpedia.org/kko/rc/LivestockStable,rdfs:subClassOf,http://kbpedia.org/kko/rc/ConstructionContainer
http://kbpedia.org/kko/rc/LivestockStable,rdfs:subClassOf,http://kbpedia.org/kko/rc/Facility_Agricultural
http://kbpedia.org/kko/rc/StoneCircle,rdfs:subClassOf,http://kbpedia.org/kko/rc/Megalith
http://kbpedia.org/kko/rc/StoneCircle,rdfs:subClassOf,owl:Thing
http://kbpedia.org/kko/rc/EconomicRepression,rdfs:subClassOf,http://kbpedia.org/kko/rc/EconomicSystem
http://kbpedia.org/kko/rc/EconomicRepression,rdfs:subClassOf,owl:Thing
http://kbpedia.org/kko/rc/BankAccountStatement_Online,rdfs:subClassOf,http://kbpedia.org/kko/rc/BankAccountStatement
http://kbpedia.org/kko/rc/BankAccountStatement_Online,rdfs:subClassOf,owl:Thing
http://kbpedia.org/kko/rc/200EuroNote,rdfs:subClassOf,http://kbpedia.org/kko/rc/EuroBanknote
http://kbpedia.org/kko/rc/200EuroNote,rdfs:subClassOf,owl:Thing
http://kbpedia.org/kko/rc/ViticulturalDomain,rdfs:subClassOf,http://kbpedia.org/kko/rc/AgriculturalFacility
http://kbpedia.org/kko/rc/ViticulturalDomain,rdfs:subClassOf,owl:Thing
http://kbpedia.org/kko/rc/DowJonesIndustrialAverage_FormerComponent,rdfs:subClassOf,http://kbpedia.org/kko/rc/DowJonesIndustrials
http://kbpedia.org/kko/rc/DowJonesIndustrialAverage_FormerComponent,rdfs:subClassOf,owl:Thing
http://kbpedia.org/kko/rc/StockIndexGroup,rdfs:subClassOf,http://kbpedia.org/kko/rc/InvestmentVehicle
http://kbpedia.org/kko/rc/StockIndexGroup,rdfs:subClassOf,owl:Thing
http://kbpedia.org/kko/rc/StockIndexGroup,rdfs:subClassOf,http://kbpedia.org/kko/rc/StockIndex
http://kbpedia.org/kko/rc/BalanceSheet,rdfs:subClassOf,http://kbpedia.org/kko/rc/AccountingReport
http://kbpedia.org/kko/rc/BalanceSheet,rdfs:subClassOf,owl:Thing
http://kbpedia.org/kko/rc/EquityBasedSecurity,rdfs:subClassOf,http://kbpedia.org/kko/rc/FinancialSecurity
http://kbpedia.org/kko/rc/EquityBasedSecurity,rdfs:subClassOf,owl:Thing
http://kbpedia.org/kko/rc/EconomicInterest,rdfs:subClassOf,http://kbpedia.org/kko/rc/Interest
http://kbpedia.org/kko/rc/EconomicInterest,rdfs:subClassOf,owl:Thing
http://kbpedia.org/kko/rc/Reservation,rdfs:subClassOf,http://kbpedia.org/kko/rc/Agreement
http://kbpedia.org/kko/rc/Reservation,rdfs:subClassOf,owl:Thing
http://kbpedia.org/kko/rc/Reservation,rdfs:subClassOf,http://kbpedia.org/kko/rc/Schedule
http://kbpedia.org/kko/rc/MilitaryAcquisition,rdfs:subClassOf,http://kbpedia.org/kko/rc/Procurement
http://kbpedia.org/kko/rc/MilitaryAcquisition,rdfs:subClassOf,owl:Thing
http://kbpedia.org/kko/rc/PuttingGreen,rdfs:subClassOf,http://kbpedia.org/kko/rc/Golf_Accessory
http://kbpedia.org/kko/rc/PuttingGreen,rdfs:subClassOf,owl:Thing
http://kbpedia.org/kko/rc/PuttingGreen,rdfs:subClassOf,http://kbpedia.org/kko/rc/GolfingArea
http://kbpedia.org/kko/rc/PuttingGreen,rdfs:subClassOf,http://kbpedia.org/kko/rc/Lawn
http://kbpedia.org/kko/rc/TaxEvasion,rdfs:subClassOf,http://kbpedia.org/kko/rc/CriminalAct
http://kbpedia.org/kko/rc/TaxEvasion,rdfs:subClassOf,owl:Thing
http://kbpedia.org/kko/rc/TaxEvasion,rdfs:subClassOf,http://kbpedia.org/kko/rc/FinancialActivity
http://kbpedia.org/kko/rc/TaxEvasion,rdfs:subClassOf,http://kbpedia.org/kko/rc/TaxationIssue
http://kbpedia.org/kko/rc/GiftGiving,rdfs:subClassOf,http://kbpedia.org/kko/rc/GivingSomething
http://kbpedia.org/kko/rc/GiftGiving,rdfs:subClassOf,owl:Thing
http://kbpedia.org/kko/rc/GiftGiving,rdfs:subClassOf,http://kbpedia.org/kko/rc/TransferringOwnership
http://kbpedia.org/kko/rc/ConformingMortgage,rdfs:subClassOf,http://kbpedia.org/kko/rc/LimitConformingLoan
http://kbpedia.org/kko/rc/ConformingMortgage,rdfs:subClassOf,owl:Thing
http://kbpedia.org/kko/rc/ConformingMortgage,rdfs:subClassOf,http://kbpedia.org/kko/rc/MortgageAgreement
http://kbpedia.org/kko/rc/Bondage_Sexual,rdfs:subClassOf,http://kbpedia.org/kko/rc/BondageAndDiscipline
http://kbpedia.org/kko/rc/Bondage_Sexual,rdfs:subClassOf,owl:Thing
http://kbpedia.org/kko/rc/Bondage_Sexual,rdfs:subClassOf,http://kbpedia.org/kko/rc/ConstrainingEvent
http://kbpedia.org/kko/rc/Bondage_Sexual,rdfs:subClassOf,http://kbpedia.org/kko/rc/HumanSexualBehavior
http://kbpedia.org/kko/rc/ConvertibleStock,rdfs:subClassOf,http://kbpedia.org/kko/rc/EquityBasedSecurity
http://kbpedia.org/kko/rc/ConvertibleStock,rdfs:subClassOf,owl:Thing
http://kbpedia.org/kko/rc/FiordlandNationalPark,rdfs:subClassOf,http://kbpedia.org/kko/rc/NationalPark
http://kbpedia.org/kko/rc/FiordlandNationalPark,rdfs:subClassOf,owl:Thing
http://kbpedia.org/kko/rc/HumanitarianAid,rdfs:subClassOf,http://kbpedia.org/kko/rc/GivingSomething
http://kbpedia.org/kko/rc/HumanitarianAid,rdfs:subClassOf,owl:Thing
http://kbpedia.org/kko/rc/HumanitarianAid,rdfs:subClassOf,http://kbpedia.org/kko/rc/HumanitarianAssistance
http://kbpedia.org/kko/rc/HumanitarianAid,rdfs:subClassOf,http://kbpedia.org/kko/rc/Philanthropy
http://kbpedia.org/kko/rc/BankCharge_MinimumBalance,rdfs:subClassOf,http://kbpedia.org/kko/rc/BankCharge
http://kbpedia.org/kko/rc/BankCharge_MinimumBalance,rdfs:subClassOf,owl:Thing
http://kbpedia.org/kko/rc/CardBasedRevolvingCreditProduct,rdfs:subClassOf,http://kbpedia.org/kko/rc/BankOfferedProduct
http://kbpedia.org/kko/rc/CardBasedRevolvingCreditProduct,rdfs:subClassOf,owl:Thing
http://kbpedia.org/kko/rc/NationalIntellectualPropertyProtectionProduct,rdfs:subClassOf,http://kbpedia.org/kko/rc/GovernmentalPropertyRightConferral
http://kbpedia.org/kko/rc/NationalIntellectualPropertyProtectionProduct,rdfs:subClassOf,owl:Thing
http://kbpedia.org/kko/rc/EmploymentWebsite,rdfs:subClassOf,http://kbpedia.org/kko/rc/RecruitingActivity
http://kbpedia.org/kko/rc/EmploymentWebsite,rdfs:subClassOf,owl:Thing
http://kbpedia.org/kko/rc/LibraryHoldings,rdfs:subClassOf,http://kbpedia.org/kko/rc/Holdings
http://kbpedia.org/kko/rc/LibraryHoldings,rdfs:subClassOf,owl:Thing
http://kbpedia.org/kko/rc/GeneralAgreementContract,rdfs:subClassOf,http://kbpedia.org/kko/rc/FinanceInstrumentProductContract
http://kbpedia.org/kko/rc/GeneralAgreementContract,rdfs:subClassOf,owl:Thing
http://kbpedia.org/kko/rc/BloodDonation,rdfs:subClassOf,http://kbpedia.org/kko/rc/CharitableDonation
http://kbpedia.org/kko/rc/BloodDonation,rdfs:subClassOf,owl:Thing
http://kbpedia.org/kko/rc/BuddhistEducation,rdfs:subClassOf,http://kbpedia.org/kko/rc/ReligionEducation
http://kbpedia.org/kko/rc/BuddhistEducation,rdfs:subClassOf,owl:Thing
http://kbpedia.org/kko/rc/MilitaryBase_Grounds,rdfs:subClassOf,http://kbpedia.org/kko/rc/ContactLocation
http://kbpedia.org/kko/rc/MilitaryBase_Grounds,rdfs:subClassOf,owl:Thing
http://kbpedia.org/kko/rc/MilitaryBase_Grounds,rdfs:subClassOf,http://kbpedia.org/kko/rc/GroundsOfOrganization
http://kbpedia.org/kko/rc/MilitaryBase_Grounds,rdfs:subClassOf,http://kbpedia.org/kko/rc/MilitaryFacility
http://kbpedia.org/kko/rc/BondagePornography,rdfs:subClassOf,http://kbpedia.org/kko/rc/Bondage_Sexual
http://kbpedia.org/kko/rc/BondagePornography,rdfs:subClassOf,owl:Thing
http://kbpedia.org/kko/rc/SocialClub_Building,rdfs:subClassOf,http://kbpedia.org/kko/rc/CommercialBuilding
http://kbpedia.org/kko/rc/SocialClub_Building,rdfs:subClassOf,owl:Thing
http://kbpedia.org/kko/rc/SocialClub_Building,rdfs:subClassOf,http://kbpedia.org/kko/rc/RestaurantSpace
http://kbpedia.org/kko/rc/UnclaimedProperty,rdfs:subClassOf,http://kbpedia.org/kko/rc/Property
http://kbpedia.org/kko/rc/UnclaimedProperty,rdfs:subClassOf,owl:Thing
http://kbpedia.org/kko/rc/Cafeteria,rdfs:subClassOf,http://kbpedia.org/kko/rc/CommercialBuilding
http://kbpedia.org/kko/rc/Cafeteria,rdfs:subClassOf,owl:Thing
http://kbpedia.org/kko/rc/CarLoan,rdfs:subClassOf,http://kbpedia.org/kko/rc/LoanAgreement
http://kbpedia.org/kko/rc/CarLoan,rdfs:subClassOf,owl:Thing
http://kbpedia.org/kko/rc/Check_TenderObject,rdfs:subClassOf,http://kbpedia.org/kko/rc/FinancialAccountTenderObject
http://kbpedia.org/kko/rc/Check_TenderObject,rdfs:subClassOf,owl:Thing
http://kbpedia.org/kko/rc/Check_TenderObject,rdfs:subClassOf,http://kbpedia.org/kko/rc/Form_StandardizedIBO
http://kbpedia.org/kko/rc/Check_TenderObject,rdfs:subClassOf,http://kbpedia.org/kko/rc/IDDocument
http://kbpedia.org/kko/rc/Check_TenderObject,rdfs:subClassOf,http://kbpedia.org/kko/rc/Paper_IBO
http://kbpedia.org/kko/rc/Check_TenderObject,rdfs:subClassOf,http://kbpedia.org/kko/rc/SheetOfPaper
http://kbpedia.org/kko/rc/Check_TenderObject,rdfs:subClassOf,http://kbpedia.org/kko/rc/TenderObject
http://kbpedia.org/kko/rc/BridgeFinancing,rdfs:subClassOf,http://kbpedia.org/kko/rc/AuthorizedAgreement
http://kbpedia.org/kko/rc/BridgeFinancing,rdfs:subClassOf,owl:Thing
http://kbpedia.org/kko/rc/BridgeFinancing,rdfs:subClassOf,http://kbpedia.org/kko/rc/FinancingByBorrowing
http://kbpedia.org/kko/rc/BridgeFinancing,rdfs:subClassOf,http://kbpedia.org/kko/rc/Loan_WrittenLegalAgreement
http://kbpedia.org/kko/rc/BridgeFinancing,rdfs:subClassOf,http://kbpedia.org/kko/rc/ShortTermLoan
http://kbpedia.org/kko/rc/100EuroNote,rdfs:subClassOf,http://kbpedia.org/kko/rc/EuroBanknote
http://kbpedia.org/kko/rc/100EuroNote,rdfs:subClassOf,owl:Thing
http://kbpedia.org/kko/rc/ThemePark,rdfs:subClassOf,http://kbpedia.org/kko/rc/AmusementPark
http://kbpedia.org/kko/rc/ThemePark,rdfs:subClassOf,owl:Thing
http://kbpedia.org/kko/rc/MilitarySelection,rdfs:subClassOf,http://kbpedia.org/kko/rc/RecruitingActivity_Military
http://kbpedia.org/kko/rc/MilitarySelection,rdfs:subClassOf,owl:Thing
http://kbpedia.org/kko/rc/Feudalism,rdfs:subClassOf,http://kbpedia.org/kko/rc/EconomicSystem
http://kbpedia.org/kko/rc/Feudalism,rdfs:subClassOf,owl:Thing
http://kbpedia.org/kko/rc/Agreement,rdfs:subClassOf,http://kbpedia.org/kko/rc/GeneralAgreementContract
http://kbpedia.org/kko/rc/Agreement,rdfs:subClassOf,owl:Thing
http://kbpedia.org/kko/rc/Agreement,rdfs:subClassOf,http://kbpedia.org/kko/rc/Policy
http://kbpedia.org/kko/rc/Agreement,rdfs:subClassOf,http://kbpedia.org/kko/rc/ProcessType
http://kbpedia.org/kko/rc/Publicity,rdfs:subClassOf,http://kbpedia.org/kko/rc/PublicRelationsActivity
http://kbpedia.org/kko/rc/Publicity,rdfs:subClassOf,owl:Thing
http://kbpedia.org/kko/rc/HotelBuilding,rdfs:subClassOf,http://kbpedia.org/kko/rc/CommercialBuilding
http://kbpedia.org/kko/rc/HotelBuilding,rdfs:subClassOf,owl:Thing
http://kbpedia.org/kko/rc/HotelBuilding,rdfs:subClassOf,http://kbpedia.org/kko/rc/HumanHighOccupancyConstruct
http://kbpedia.org/kko/rc/ClassicCarLoan,rdfs:subClassOf,http://kbpedia.org/kko/rc/UsedCarLoan
http://kbpedia.org/kko/rc/ClassicCarLoan,rdfs:subClassOf,owl:Thing
http://kbpedia.org/kko/rc/WhiteHouseGrounds,rdfs:subClassOf,http://kbpedia.org/kko/rc/TheWhiteHouse
http://kbpedia.org/kko/rc/WhiteHouseGrounds,rdfs:subClassOf,owl:Thing
http://kbpedia.org/kko/rc/BondagePosition,rdfs:subClassOf,http://kbpedia.org/kko/rc/Bondage_Sexual
http://kbpedia.org/kko/rc/BondagePosition,rdfs:subClassOf,owl:Thing
http://kbpedia.org/kko/rc/ConvertibilityOption,rdfs:subClassOf,http://kbpedia.org/kko/rc/OwnershipAgreement
http://kbpedia.org/kko/rc/ConvertibilityOption,rdfs:subClassOf,owl:Thing
http://kbpedia.org/kko/rc/ConvertibilityOption,rdfs:subClassOf,http://kbpedia.org/kko/rc/Obligation
http://kbpedia.org/kko/rc/MusicEducation,rdfs:subClassOf,http://kbpedia.org/kko/rc/LiberalArtsEducation
http://kbpedia.org/kko/rc/MusicEducation,rdfs:subClassOf,owl:Thing
http://kbpedia.org/kko/rc/GeographyEducation,rdfs:subClassOf,http://kbpedia.org/kko/rc/LiberalArtsEducation
http://kbpedia.org/kko/rc/GeographyEducation,rdfs:subClassOf,owl:Thing
http://kbpedia.org/kko/rc/PaymentChit,rdfs:subClassOf,http://kbpedia.org/kko/rc/TenderObject
http://kbpedia.org/kko/rc/PaymentChit,rdfs:subClassOf,owl:Thing
http://kbpedia.org/kko/rc/ThirtyYearMortgageAgreement,rdfs:subClassOf,http://kbpedia.org/kko/rc/MortgageAgreement
http://kbpedia.org/kko/rc/ThirtyYearMortgageAgreement,rdfs:subClassOf,owl:Thing
http://kbpedia.org/kko/rc/ThirtyYearMortgageAgreement,rdfs:subClassOf,http://kbpedia.org/kko/rc/ThirtyYearLoan
http://kbpedia.org/kko/rc/BankCharge_ATMTransaction,rdfs:subClassOf,http://kbpedia.org/kko/rc/BankCharge
http://kbpedia.org/kko/rc/BankCharge_ATMTransaction,rdfs:subClassOf,owl:Thing
http://kbpedia.org/kko/rc/TheWhiteHouse,rdfs:subClassOf,http://kbpedia.org/kko/rc/House_Modern
http://kbpedia.org/kko/rc/TheWhiteHouse,rdfs:subClassOf,owl:Thing
http://kbpedia.org/kko/rc/TheWhiteHouse,rdfs:subClassOf,http://kbpedia.org/kko/rc/OfficialResidence
http://kbpedia.org/kko/rc/BusinessInterstateHighway,rdfs:subClassOf,http://kbpedia.org/kko/rc/InterstateHighway
http://kbpedia.org/kko/rc/BusinessInterstateHighway,rdfs:subClassOf,owl:Thing
http://kbpedia.org/kko/rc/HotelParcel,rdfs:subClassOf,http://kbpedia.org/kko/rc/ResidentialLandParcel
http://kbpedia.org/kko/rc/HotelParcel,rdfs:subClassOf,owl:Thing
http://kbpedia.org/kko/rc/TutorialLesson,rdfs:subClassOf,http://kbpedia.org/kko/rc/Lesson
http://kbpedia.org/kko/rc/TutorialLesson,rdfs:subClassOf,owl:Thing
http://kbpedia.org/kko/rc/AirForceBase_Grounds,rdfs:subClassOf,http://kbpedia.org/kko/rc/MilitaryBase_Grounds
http://kbpedia.org/kko/rc/AirForceBase_Grounds,rdfs:subClassOf,owl:Thing
http://kbpedia.org/kko/rc/TimeDepositAccount,rdfs:subClassOf,http://kbpedia.org/kko/rc/BankOfferedProduct
http://kbpedia.org/kko/rc/TimeDepositAccount,rdfs:subClassOf,owl:Thing
http://kbpedia.org/kko/rc/AnnexationOfCrimeaByTheRussianFederation,rdfs:subClassOf,http://kbpedia.org/kko/rc/Annex
http://kbpedia.org/kko/rc/AnnexationOfCrimeaByTheRussianFederation,rdfs:subClassOf,owl:Thing
http://kbpedia.org/kko/rc/EconomicProblem,rdfs:subClassOf,http://kbpedia.org/kko/rc/EconomicSystem
http://kbpedia.org/kko/rc/EconomicProblem,rdfs:subClassOf,owl:Thing
http://kbpedia.org/kko/rc/PreparingFinancialRecords,rdfs:subClassOf,http://kbpedia.org/kko/rc/FinancialActivity
http://kbpedia.org/kko/rc/PreparingFinancialRecords,rdfs:subClassOf,owl:Thing
http://kbpedia.org/kko/rc/PreparingFinancialRecords,rdfs:subClassOf,http://kbpedia.org/kko/rc/InformationRecordingProcess
http://kbpedia.org/kko/rc/PreparingFinancialRecords,rdfs:subClassOf,http://kbpedia.org/kko/rc/PurposefulAction
http://kbpedia.org/kko/rc/MilitaryPost,rdfs:subClassOf,http://kbpedia.org/kko/rc/Post_Location
http://kbpedia.org/kko/rc/MilitaryPost,rdfs:subClassOf,owl:Thing
http://kbpedia.org/kko/rc/Home,rdfs:subClassOf,http://kbpedia.org/kko/rc/ResidentialBuilding
http://kbpedia.org/kko/rc/Home,rdfs:subClassOf,owl:Thing
http://kbpedia.org/kko/rc/ProvincialPark_Canada,rdfs:subClassOf,http://kbpedia.org/kko/rc/WildernessPark
http://kbpedia.org/kko/rc/ProvincialPark_Canada,rdfs:subClassOf,owl:Thing
http://kbpedia.org/kko/rc/20EuroNote,rdfs:subClassOf,http://kbpedia.org/kko/rc/EuroBanknote
http://kbpedia.org/kko/rc/20EuroNote,rdfs:subClassOf,owl:Thing
http://kbpedia.org/kko/rc/LibertyHeadNickel,rdfs:subClassOf,http://kbpedia.org/kko/rc/NickelCoin_US
http://kbpedia.org/kko/rc/LibertyHeadNickel,rdfs:subClassOf,owl:Thing
http://kbpedia.org/kko/rc/CAC40_StockIndexGroup,rdfs:subClassOf,http://kbpedia.org/kko/rc/StockIndexGroup
http://kbpedia.org/kko/rc/CAC40_StockIndexGroup,rdfs:subClassOf,owl:Thing
http://kbpedia.org/kko/rc/EconomicAgreement,rdfs:subClassOf,http://kbpedia.org/kko/rc/Agreement
http://kbpedia.org/kko/rc/EconomicAgreement,rdfs:subClassOf,owl:Thing
http://kbpedia.org/kko/rc/EconomicAgreement,rdfs:subClassOf,http://kbpedia.org/kko/rc/Obligation
http://kbpedia.org/kko/rc/EconomicAgreement,rdfs:subClassOf,http://kbpedia.org/ontologies/kko#EconomicSystems
http://kbpedia.org/kko/rc/HotelReservation,rdfs:subClassOf,http://kbpedia.org/kko/rc/TravelReservation
http://kbpedia.org/kko/rc/HotelReservation,rdfs:subClassOf,owl:Thing
http://kbpedia.org/kko/rc/SoftwareExpenseAccount,rdfs:subClassOf,http://kbpedia.org/kko/rc/ExpenseAccount
http://kbpedia.org/kko/rc/SoftwareExpenseAccount,rdfs:subClassOf,owl:Thing
http://kbpedia.org/kko/rc/JazzMusicEducation,rdfs:subClassOf,http://kbpedia.org/kko/rc/MusicEducation
http://kbpedia.org/kko/rc/JazzMusicEducation,rdfs:subClassOf,owl:Thing
http://kbpedia.org/kko/rc/Annex,rdfs:subClassOf,http://kbpedia.org/kko/rc/Contract
http://kbpedia.org/kko/rc/Annex,rdfs:subClassOf,owl:Thing
http://kbpedia.org/kko/rc/AirplaneControlWorkStation,rdfs:subClassOf,http://kbpedia.org/kko/rc/WorkStation
http://kbpedia.org/kko/rc/AirplaneControlWorkStation,rdfs:subClassOf,owl:Thing
http://kbpedia.org/kko/rc/PaymentObligation,rdfs:subClassOf,http://kbpedia.org/kko/rc/EconomicAgreement
http://kbpedia.org/kko/rc/PaymentObligation,rdfs:subClassOf,owl:Thing
http://kbpedia.org/kko/rc/PaymentObligation,rdfs:subClassOf,http://kbpedia.org/kko/rc/Liability_Obligation
http://kbpedia.org/kko/rc/TattooStudio,rdfs:subClassOf,http://kbpedia.org/kko/rc/CommercialBuilding
http://kbpedia.org/kko/rc/TattooStudio,rdfs:subClassOf,owl:Thing
http://kbpedia.org/kko/rc/TattooStudio,rdfs:subClassOf,http://kbpedia.org/kko/rc/CommercialSpace
http://kbpedia.org/kko/rc/TattooStudio,rdfs:subClassOf,http://kbpedia.org/kko/rc/Studio
http://kbpedia.org/kko/rc/ChemistryLaboratory,rdfs:subClassOf,http://kbpedia.org/kko/rc/Laboratory
http://kbpedia.org/kko/rc/ChemistryLaboratory,rdfs:subClassOf,owl:Thing
http://kbpedia.org/kko/rc/DebtSecurity,rdfs:subClassOf,http://kbpedia.org/kko/rc/LoanAgreement
http://kbpedia.org/kko/rc/DebtSecurity,rdfs:subClassOf,owl:Thing
http://kbpedia.org/kko/rc/DebtSecurity,rdfs:subClassOf,http://kbpedia.org/kko/rc/TradeableSecurity
http://kbpedia.org/kko/rc/DebtSecurity,rdfs:subClassOf,http://kbpedia.org/kko/rc/AuthorizedAgreement
http://kbpedia.org/kko/rc/DelinquentStatus,rdfs:subClassOf,http://kbpedia.org/kko/rc/LoanAgreement
http://kbpedia.org/kko/rc/DelinquentStatus,rdfs:subClassOf,owl:Thing
http://kbpedia.org/kko/rc/ContentsInsurance,rdfs:subClassOf,http://kbpedia.org/kko/rc/InsurancePlan
http://kbpedia.org/kko/rc/ContentsInsurance,rdfs:subClassOf,owl:Thing
http://kbpedia.org/kko/rc/OptionToBuy,rdfs:subClassOf,http://kbpedia.org/kko/rc/FinancialOption
http://kbpedia.org/kko/rc/OptionToBuy,rdfs:subClassOf,owl:Thing
http://kbpedia.org/kko/rc/Interest,rdfs:subClassOf,http://kbpedia.org/kko/rc/Finance
http://kbpedia.org/kko/rc/Interest,rdfs:subClassOf,owl:Thing
http://kbpedia.org/kko/rc/Interest,rdfs:subClassOf,http://kbpedia.org/kko/rc/Situation_Localized
http://kbpedia.org/kko/rc/Interest,rdfs:subClassOf,http://kbpedia.org/ontologies/kko#EconomicSystems
http://kbpedia.org/kko/rc/DualIndexedLoan,rdfs:subClassOf,http://kbpedia.org/kko/rc/IndexedLoan
http://kbpedia.org/kko/rc/DualIndexedLoan,rdfs:subClassOf,owl:Thing
http://kbpedia.org/kko/rc/ResidentialTimeshareAgreement,rdfs:subClassOf,http://kbpedia.org/kko/rc/AuthorizedAgreement
http://kbpedia.org/kko/rc/ResidentialTimeshareAgreement,rdfs:subClassOf,owl:Thing
http://kbpedia.org/kko/rc/ExpenseReport,rdfs:subClassOf,http://kbpedia.org/kko/rc/FinancialDocument
http://kbpedia.org/kko/rc/ExpenseReport,rdfs:subClassOf,owl:Thing
http://kbpedia.org/kko/rc/BankCharge_Statement,rdfs:subClassOf,http://kbpedia.org/kko/rc/BankCharge
http://kbpedia.org/kko/rc/BankCharge_Statement,rdfs:subClassOf,owl:Thing
http://kbpedia.org/kko/rc/HudsonRiverPark,rdfs:subClassOf,http://kbpedia.org/kko/rc/Park
http://kbpedia.org/kko/rc/HudsonRiverPark,rdfs:subClassOf,owl:Thing
http://kbpedia.org/kko/rc/MonumentalCross,rdfs:subClassOf,http://kbpedia.org/kko/rc/Cross_FixedStructure
http://kbpedia.org/kko/rc/MonumentalCross,rdfs:subClassOf,owl:Thing
http://kbpedia.org/kko/rc/MonumentalCross,rdfs:subClassOf,http://kbpedia.org/kko/rc/Monument
http://kbpedia.org/kko/rc/RealEstateBubble,rdfs:subClassOf,http://kbpedia.org/kko/rc/FinancialCondition
http://kbpedia.org/kko/rc/RealEstateBubble,rdfs:subClassOf,owl:Thing
http://kbpedia.org/kko/rc/RealEstateBubble,rdfs:subClassOf,http://kbpedia.org/kko/rc/RealEstateEconomics
http://kbpedia.org/kko/rc/SalesCounter,rdfs:subClassOf,http://kbpedia.org/kko/rc/MerchandiserFreeStandingDisplay
http://kbpedia.org/kko/rc/SalesCounter,rdfs:subClassOf,owl:Thing
http://kbpedia.org/kko/rc/SalesCounter,rdfs:subClassOf,http://kbpedia.org/kko/rc/WorkStation
http://kbpedia.org/kko/rc/ArtsAndIndustriesBuilding,rdfs:subClassOf,http://kbpedia.org/kko/rc/MuseumStructure
http://kbpedia.org/kko/rc/ArtsAndIndustriesBuilding,rdfs:subClassOf,owl:Thing
http://kbpedia.org/kko/rc/ToolBench,rdfs:subClassOf,http://kbpedia.org/kko/rc/CommercialIndustrialFurniture
http://kbpedia.org/kko/rc/ToolBench,rdfs:subClassOf,owl:Thing
http://kbpedia.org/kko/rc/ToolBench,rdfs:subClassOf,http://kbpedia.org/kko/rc/WorkStation
http://kbpedia.org/kko/rc/ShellCompanyScheme,rdfs:subClassOf,http://kbpedia.org/kko/rc/Fraud
http://kbpedia.org/kko/rc/ShellCompanyScheme,rdfs:subClassOf,owl:Thing
http://kbpedia.org/kko/rc/MenageATrois,rdfs:subClassOf,http://kbpedia.org/kko/rc/GroupSex
http://kbpedia.org/kko/rc/MenageATrois,rdfs:subClassOf,owl:Thing
http://kbpedia.org/kko/rc/ConvertibleBond,rdfs:subClassOf,http://kbpedia.org/kko/rc/CorporateBond_Agreement
http://kbpedia.org/kko/rc/ConvertibleBond,rdfs:subClassOf,owl:Thing
http://kbpedia.org/kko/rc/GroupSex,rdfs:subClassOf,http://kbpedia.org/kko/rc/GroupActivity
http://kbpedia.org/kko/rc/GroupSex,rdfs:subClassOf,owl:Thing
http://kbpedia.org/kko/rc/GroupSex,rdfs:subClassOf,http://kbpedia.org/kko/rc/HumanSexualBehavior
http://kbpedia.org/kko/rc/GroupSex,rdfs:subClassOf,http://kbpedia.org/kko/rc/SexualBehavior
http://kbpedia.org/kko/rc/License_LegalAgreement,rdfs:subClassOf,http://kbpedia.org/kko/rc/AuthorizedAgreement
http://kbpedia.org/kko/rc/License_LegalAgreement,rdfs:subClassOf,owl:Thing
http://kbpedia.org/kko/rc/License_LegalAgreement,rdfs:subClassOf,http://kbpedia.org/kko/rc/Credential
http://kbpedia.org/kko/rc/License_LegalAgreement,rdfs:subClassOf,http://kbpedia.org/kko/rc/Permit
http://kbpedia.org/kko/rc/HistoryEducation,rdfs:subClassOf,http://kbpedia.org/kko/rc/LiberalArtsEducation
http://kbpedia.org/kko/rc/HistoryEducation,rdfs:subClassOf,owl:Thing
http://kbpedia.org/kko/rc/BankCharge_Overdraft,rdfs:subClassOf,http://kbpedia.org/kko/rc/BankCharge
http://kbpedia.org/kko/rc/BankCharge_Overdraft,rdfs:subClassOf,owl:Thing
http://kbpedia.org/kko/rc/PropertyInsuranceContract,rdfs:subClassOf,http://kbpedia.org/kko/rc/InsurableInterestContract
http://kbpedia.org/kko/rc/PropertyInsuranceContract,rdfs:subClassOf,owl:Thing
http://kbpedia.org/kko/rc/ImpliedWarranty,rdfs:subClassOf,http://kbpedia.org/kko/rc/Warranty
http://kbpedia.org/kko/rc/ImpliedWarranty,rdfs:subClassOf,owl:Thing
http://kbpedia.org/kko/rc/InternetFraud,rdfs:subClassOf,http://kbpedia.org/kko/rc/EMailMessage
http://kbpedia.org/kko/rc/InternetFraud,rdfs:subClassOf,owl:Thing
http://kbpedia.org/kko/rc/InternetFraud,rdfs:subClassOf,http://kbpedia.org/kko/rc/Fraud
http://kbpedia.org/kko/rc/BusinessPlanDocument,rdfs:subClassOf,http://kbpedia.org/kko/rc/BusinessRelatedDocumentOrAgreement
http://kbpedia.org/kko/rc/BusinessPlanDocument,rdfs:subClassOf,owl:Thing
http://kbpedia.org/kko/rc/BusinessPlanDocument,rdfs:subClassOf,http://kbpedia.org/kko/rc/WebPage
http://kbpedia.org/kko/rc/BusinessPlanDocument,rdfs:subClassOf,http://kbpedia.org/kko/rc/NonfictionalPCW
http://kbpedia.org/kko/rc/BusinessPlanDocument,rdfs:subClassOf,http://kbpedia.org/kko/rc/TextualPCW
http://kbpedia.org/kko/rc/Menagerie,rdfs:subClassOf,http://kbpedia.org/kko/rc/Holdings
http://kbpedia.org/kko/rc/Menagerie,rdfs:subClassOf,owl:Thing
http://kbpedia.org/kko/rc/BondsFinance,rdfs:subClassOf,http://kbpedia.org/kko/rc/DebtBasedSecurity
http://kbpedia.org/kko/rc/BondsFinance,rdfs:subClassOf,owl:Thing
http://kbpedia.org/kko/rc/BondsFinance,rdfs:subClassOf,http://kbpedia.org/kko/rc/DebtSecurity
http://kbpedia.org/kko/rc/BondsFinance,rdfs:subClassOf,http://kbpedia.org/kko/rc/PaymentObligation
http://kbpedia.org/kko/rc/GraphicDesignInstitution,rdfs:subClassOf,http://kbpedia.org/kko/rc/CourseOfStudy
http://kbpedia.org/kko/rc/GraphicDesignInstitution,rdfs:subClassOf,owl:Thing
http://kbpedia.org/kko/rc/TradePolicyRegulation,rdfs:subClassOf,http://kbpedia.org/ontologies/kko#EconomicSystems
http://kbpedia.org/kko/rc/TradePolicyRegulation,rdfs:subClassOf,owl:Thing
http://kbpedia.org/kko/rc/AirlineReservation,rdfs:subClassOf,http://kbpedia.org/kko/rc/TravelReservation
http://kbpedia.org/kko/rc/AirlineReservation,rdfs:subClassOf,owl:Thing
http://kbpedia.org/kko/rc/Bill_PaymentRequest,rdfs:subClassOf,http://kbpedia.org/kko/rc/FinancialDocument
http://kbpedia.org/kko/rc/Bill_PaymentRequest,rdfs:subClassOf,owl:Thing
http://kbpedia.org/kko/rc/RegulatingASectorOrIndustry,rdfs:subClassOf,http://kbpedia.org/kko/rc/EconomicAction
http://kbpedia.org/kko/rc/RegulatingASectorOrIndustry,rdfs:subClassOf,owl:Thing
http://kbpedia.org/kko/rc/ScientificLaboratoryBench,rdfs:subClassOf,http://kbpedia.org/kko/rc/WorkStation
http://kbpedia.org/kko/rc/ScientificLaboratoryBench,rdfs:subClassOf,owl:Thing
http://kbpedia.org/kko/rc/DriversLicense_LicenseAgreement,rdfs:subClassOf,http://kbpedia.org/kko/rc/TransportationLicense
http://kbpedia.org/kko/rc/DriversLicense_LicenseAgreement,rdfs:subClassOf,owl:Thing
http://kbpedia.org/kko/rc/ChildMarriage,rdfs:subClassOf,http://kbpedia.org/kko/rc/Marriage_Agreement
http://kbpedia.org/kko/rc/ChildMarriage,rdfs:subClassOf,owl:Thing
http://kbpedia.org/kko/rc/FlyingLicense,rdfs:subClassOf,http://kbpedia.org/kko/rc/TransportationLicense
http://kbpedia.org/kko/rc/FlyingLicense,rdfs:subClassOf,owl:Thing
http://kbpedia.org/kko/rc/CheckingAccount,rdfs:subClassOf,http://kbpedia.org/kko/rc/BankAccount
http://kbpedia.org/kko/rc/CheckingAccount,rdfs:subClassOf,owl:Thing
http://kbpedia.org/kko/rc/HistoryMuseum_Structure,rdfs:subClassOf,http://kbpedia.org/kko/rc/MuseumStructure
http://kbpedia.org/kko/rc/HistoryMuseum_Structure,rdfs:subClassOf,owl:Thing
http://kbpedia.org/kko/rc/BankFraud,rdfs:subClassOf,http://kbpedia.org/kko/rc/Fraud
http://kbpedia.org/kko/rc/BankFraud,rdfs:subClassOf,owl:Thing
http://kbpedia.org/kko/rc/DenominationCurrency,rdfs:subClassOf,http://kbpedia.org/kko/rc/Currency
http://kbpedia.org/kko/rc/DenominationCurrency,rdfs:subClassOf,owl:Thing
http://kbpedia.org/kko/rc/Fetishism,rdfs:subClassOf,http://kbpedia.org/kko/rc/ParaphilicSexualBehavior
http://kbpedia.org/kko/rc/Fetishism,rdfs:subClassOf,owl:Thing
http://kbpedia.org/kko/rc/JointVentureActivity,rdfs:subClassOf,http://kbpedia.org/kko/rc/BusinessRelationshipActivity
http://kbpedia.org/kko/rc/JointVentureActivity,rdfs:subClassOf,owl:Thing
http://kbpedia.org/kko/rc/Cottage,rdfs:subClassOf,http://kbpedia.org/kko/rc/House_Country
http://kbpedia.org/kko/rc/Cottage,rdfs:subClassOf,owl:Thing
http://kbpedia.org/kko/rc/Cottage,rdfs:subClassOf,http://kbpedia.org/kko/rc/SmallBuilding
http://kbpedia.org/kko/rc/AuditingFinancialRecords,rdfs:subClassOf,http://kbpedia.org/kko/rc/AuditService
http://kbpedia.org/kko/rc/AuditingFinancialRecords,rdfs:subClassOf,owl:Thing
http://kbpedia.org/kko/rc/AuditingFinancialRecords,rdfs:subClassOf,http://kbpedia.org/kko/rc/BusinessActivity
http://kbpedia.org/kko/rc/AuditingFinancialRecords,rdfs:subClassOf,http://kbpedia.org/kko/rc/Evaluating
http://kbpedia.org/kko/rc/AuditingFinancialRecords,rdfs:subClassOf,http://kbpedia.org/kko/rc/FollowingAStandardProcedure
http://kbpedia.org/kko/rc/AuditingFinancialRecords,rdfs:subClassOf,http://kbpedia.org/kko/rc/ServiceEvent
http://kbpedia.org/kko/rc/Receipt,rdfs:subClassOf,http://kbpedia.org/kko/rc/FinancialAccountTenderObject
http://kbpedia.org/kko/rc/Receipt,rdfs:subClassOf,owl:Thing
http://kbpedia.org/kko/rc/Receipt,rdfs:subClassOf,http://kbpedia.org/kko/rc/OfficialDocument
http://kbpedia.org/kko/rc/WorkStation,rdfs:subClassOf,http://kbpedia.org/kko/rc/Workplace
http://kbpedia.org/kko/rc/WorkStation,rdfs:subClassOf,owl:Thing
http://kbpedia.org/kko/rc/DriversLicenseClassA,rdfs:subClassOf,http://kbpedia.org/kko/rc/DriversLicense_LicenseAgreement
http://kbpedia.org/kko/rc/DriversLicenseClassA,rdfs:subClassOf,owl:Thing
http://kbpedia.org/kko/rc/BankCharge_Checks,rdfs:subClassOf,http://kbpedia.org/kko/rc/BankCharge
http://kbpedia.org/kko/rc/BankCharge_Checks,rdfs:subClassOf,owl:Thing
http://kbpedia.org/kko/rc/TheftInsurance,rdfs:subClassOf,http://kbpedia.org/kko/rc/InsurancePlan
http://kbpedia.org/kko/rc/TheftInsurance,rdfs:subClassOf,owl:Thing
http://kbpedia.org/kko/rc/ManufacturedHome,rdfs:subClassOf,http://kbpedia.org/kko/rc/FactoryBuiltHome
http://kbpedia.org/kko/rc/ManufacturedHome,rdfs:subClassOf,owl:Thing
http://kbpedia.org/kko/rc/LaundryWorkStation,rdfs:subClassOf,http://kbpedia.org/kko/rc/WorkStation
http://kbpedia.org/kko/rc/LaundryWorkStation,rdfs:subClassOf,owl:Thing
http://kbpedia.org/kko/rc/AyersRock,rdfs:subClassOf,http://kbpedia.org/kko/rc/Landmark
http://kbpedia.org/kko/rc/AyersRock,rdfs:subClassOf,owl:Thing
http://kbpedia.org/kko/rc/OpenEndFund,rdfs:subClassOf,http://kbpedia.org/kko/rc/InvestmentVehicle
http://kbpedia.org/kko/rc/OpenEndFund,rdfs:subClassOf,owl:Thing
http://kbpedia.org/kko/rc/GainingUserRights,rdfs:subClassOf,http://kbpedia.org/kko/rc/ChangeInUserRights
http://kbpedia.org/kko/rc/GainingUserRights,rdfs:subClassOf,owl:Thing
http://kbpedia.org/kko/rc/GainingUserRights,rdfs:subClassOf,http://kbpedia.org/kko/rc/TransferIn
http://kbpedia.org/kko/rc/ScientificPresentation,rdfs:subClassOf,http://kbpedia.org/kko/rc/Informing
http://kbpedia.org/kko/rc/ScientificPresentation,rdfs:subClassOf,owl:Thing
http://kbpedia.org/kko/rc/ScientificPresentation,rdfs:subClassOf,http://kbpedia.org/kko/rc/Presentation
http://kbpedia.org/kko/rc/ScientificPresentation,rdfs:subClassOf,http://kbpedia.org/kko/rc/Teaching
http://kbpedia.org/kko/rc/ScientificPresentation,rdfs:subClassOf,http://kbpedia.org/kko/rc/PublicSpeaking
http://kbpedia.org/kko/rc/Workplace,rdfs:subClassOf,http://kbpedia.org/kko/rc/BusinessRelatedThing
http://kbpedia.org/kko/rc/Workplace,rdfs:subClassOf,owl:Thing
http://kbpedia.org/kko/rc/Workplace,rdfs:subClassOf,http://kbpedia.org/kko/rc/PhysicalContactLocation
http://kbpedia.org/kko/rc/Workplace,rdfs:subClassOf,http://kbpedia.org/ontologies/kko#Facilities
http://kbpedia.org/kko/rc/OfficeBuilding,rdfs:subClassOf,http://kbpedia.org/kko/rc/ModernShelterConstruction
http://kbpedia.org/kko/rc/OfficeBuilding,rdfs:subClassOf,owl:Thing
http://kbpedia.org/kko/rc/OfficeBuilding,rdfs:subClassOf,http://kbpedia.org/kko/rc/OfficeSpace
http://kbpedia.org/kko/rc/DriversLicenseClassC,rdfs:subClassOf,http://kbpedia.org/kko/rc/DriversLicense_LicenseAgreement
http://kbpedia.org/kko/rc/DriversLicenseClassC,rdfs:subClassOf,owl:Thing
http://kbpedia.org/kko/rc/HistoricCivilEngineeringLandmark,rdfs:subClassOf,http://kbpedia.org/kko/rc/Landmark
http://kbpedia.org/kko/rc/HistoricCivilEngineeringLandmark,rdfs:subClassOf,owl:Thing
http://kbpedia.org/kko/rc/BridgingHomeLoan,rdfs:subClassOf,http://kbpedia.org/kko/rc/HomeLoan
http://kbpedia.org/kko/rc/BridgingHomeLoan,rdfs:subClassOf,owl:Thing
http://kbpedia.org/kko/rc/EducationalAssessmentAndEvaluation,rdfs:subClassOf,http://kbpedia.org/kko/rc/Education
http://kbpedia.org/kko/rc/EducationalAssessmentAndEvaluation,rdfs:subClassOf,owl:Thing
http://kbpedia.org/kko/rc/InterstateHighway,rdfs:subClassOf,http://kbpedia.org/kko/rc/FourLanesOrWiderRoadway
http://kbpedia.org/kko/rc/InterstateHighway,rdfs:subClassOf,owl:Thing
http://kbpedia.org/kko/rc/InterstateHighway,rdfs:subClassOf,http://kbpedia.org/kko/rc/Highway
http://kbpedia.org/kko/rc/InAdministration,rdfs:subClassOf,http://kbpedia.org/kko/rc/FinanciallyHurting
http://kbpedia.org/kko/rc/InAdministration,rdfs:subClassOf,owl:Thing
http://kbpedia.org/kko/rc/InAdministration,rdfs:subClassOf,http://kbpedia.org/kko/rc/EconomicalQuantity
http://kbpedia.org/kko/rc/Campus,rdfs:subClassOf,http://kbpedia.org/kko/rc/GroundsOfOrganization
http://kbpedia.org/kko/rc/Campus,rdfs:subClassOf,owl:Thing
http://kbpedia.org/kko/rc/Campus,rdfs:subClassOf,http://kbpedia.org/kko/rc/HumanlyOccupiedSpatialObject
http://kbpedia.org/kko/rc/PlatinumCard,rdfs:subClassOf,http://kbpedia.org/kko/rc/CreditCard
http://kbpedia.org/kko/rc/PlatinumCard,rdfs:subClassOf,owl:Thing
http://kbpedia.org/kko/rc/LoadingDock,rdfs:subClassOf,http://kbpedia.org/kko/rc/CommercialLandParcel
http://kbpedia.org/kko/rc/LoadingDock,rdfs:subClassOf,owl:Thing
http://kbpedia.org/kko/rc/LoadingDock,rdfs:subClassOf,http://kbpedia.org/kko/rc/Outdoors_ExposedToWeather
http://kbpedia.org/kko/rc/LoadingDock,rdfs:subClassOf,http://kbpedia.org/kko/rc/PhysicalPartOfObject
http://kbpedia.org/kko/rc/LoadingDock,rdfs:subClassOf,http://kbpedia.org/kko/rc/TransportFacility
http://kbpedia.org/kko/rc/SavingsAndLoanCrisis,rdfs:subClassOf,http://kbpedia.org/kko/rc/Fraud
http://kbpedia.org/kko/rc/SavingsAndLoanCrisis,rdfs:subClassOf,owl:Thing
http://kbpedia.org/kko/rc/ScientificLecturing,rdfs:subClassOf,http://kbpedia.org/kko/rc/FormalLecture_IBT
http://kbpedia.org/kko/rc/ScientificLecturing,rdfs:subClassOf,owl:Thing
http://kbpedia.org/kko/rc/ScientificLecturing,rdfs:subClassOf,http://kbpedia.org/kko/rc/ScientificPresentation
http://kbpedia.org/kko/rc/CustomerAccount,rdfs:subClassOf,http://kbpedia.org/kko/rc/FinancialAccount
http://kbpedia.org/kko/rc/CustomerAccount,rdfs:subClassOf,owl:Thing
http://kbpedia.org/kko/rc/GeoCitiesWebHostingService,rdfs:subClassOf,http://kbpedia.org/kko/rc/InternetService
http://kbpedia.org/kko/rc/GeoCitiesWebHostingService,rdfs:subClassOf,owl:Thing
http://kbpedia.org/kko/rc/GeoCitiesWebHostingService,rdfs:subClassOf,http://kbpedia.org/kko/rc/WebHosting
http://kbpedia.org/kko/rc/GeoCitiesWebHostingService,rdfs:subClassOf,http://kbpedia.org/kko/rc/WebServer_Network
http://kbpedia.org/kko/rc/CityHall_Building,rdfs:subClassOf,http://kbpedia.org/kko/rc/GovernmentalBuilding
http://kbpedia.org/kko/rc/CityHall_Building,rdfs:subClassOf,owl:Thing
http://kbpedia.org/kko/rc/CityHall_Building,rdfs:subClassOf,http://kbpedia.org/kko/rc/OfficeBuilding
http://kbpedia.org/kko/rc/Common_Region,rdfs:subClassOf,http://kbpedia.org/kko/rc/PublicProperty
http://kbpedia.org/kko/rc/Common_Region,rdfs:subClassOf,owl:Thing
http://kbpedia.org/kko/rc/ShariaInvestment,rdfs:subClassOf,http://kbpedia.org/kko/rc/Investment
http://kbpedia.org/kko/rc/ShariaInvestment,rdfs:subClassOf,owl:Thing
http://kbpedia.org/kko/rc/Orchard,rdfs:subClassOf,http://kbpedia.org/kko/rc/AgriculturalLand
http://kbpedia.org/kko/rc/Orchard,rdfs:subClassOf,owl:Thing
http://kbpedia.org/kko/rc/Orchard,rdfs:subClassOf,http://kbpedia.org/kko/rc/Field_Agriculture
http://kbpedia.org/kko/rc/Orchard,rdfs:subClassOf,http://kbpedia.org/kko/rc/WoodedArea
http://kbpedia.org/kko/rc/MarriageLicense,rdfs:subClassOf,http://kbpedia.org/kko/rc/License_LegalAgreement
http://kbpedia.org/kko/rc/MarriageLicense,rdfs:subClassOf,owl:Thing
http://kbpedia.org/kko/rc/DeliveryReceipt,rdfs:subClassOf,http://kbpedia.org/kko/rc/Receipt
http://kbpedia.org/kko/rc/DeliveryReceipt,rdfs:subClassOf,owl:Thing
http://kbpedia.org/kko/rc/DeliveryReceipt,rdfs:subClassOf,http://kbpedia.org/kko/rc/TextualMaterial
http://kbpedia.org/kko/rc/Moai,rdfs:subClassOf,http://kbpedia.org/kko/rc/Megalith
http://kbpedia.org/kko/rc/Moai,rdfs:subClassOf,owl:Thing
http://kbpedia.org/kko/rc/DerivativeSecurity,rdfs:subClassOf,http://kbpedia.org/kko/rc/Contract
http://kbpedia.org/kko/rc/DerivativeSecurity,rdfs:subClassOf,owl:Thing
http://kbpedia.org/kko/rc/DerivativeSecurity,rdfs:subClassOf,http://kbpedia.org/kko/rc/FinancialSecurity
http://kbpedia.org/kko/rc/DerivativeSecurity,rdfs:subClassOf,http://kbpedia.org/kko/rc/TradeableSecurity
http://kbpedia.org/kko/rc/MotorVehicleAssemblyPlant,rdfs:subClassOf,http://kbpedia.org/kko/rc/ManufacturingFacility
http://kbpedia.org/kko/rc/MotorVehicleAssemblyPlant,rdfs:subClassOf,owl:Thing
http://kbpedia.org/kko/rc/ScienceMuseum_Structure,rdfs:subClassOf,http://kbpedia.org/kko/rc/MuseumStructure
http://kbpedia.org/kko/rc/ScienceMuseum_Structure,rdfs:subClassOf,owl:Thing
http://kbpedia.org/kko/rc/DimeCoin_US,rdfs:subClassOf,http://kbpedia.org/kko/rc/Coin_US
http://kbpedia.org/kko/rc/DimeCoin_US,rdfs:subClassOf,owl:Thing
http://kbpedia.org/kko/rc/IndirectLoan,rdfs:subClassOf,http://kbpedia.org/kko/rc/LoanAgreement
http://kbpedia.org/kko/rc/IndirectLoan,rdfs:subClassOf,owl:Thing
http://kbpedia.org/kko/rc/GivingSomething,rdfs:subClassOf,http://kbpedia.org/kko/rc/LosingUserRights
http://kbpedia.org/kko/rc/GivingSomething,rdfs:subClassOf,owl:Thing
http://kbpedia.org/kko/rc/GivingSomething,rdfs:subClassOf,http://kbpedia.org/kko/rc/PurposefulPhysicalAction
http://kbpedia.org/kko/rc/GivingSomething,rdfs:subClassOf,http://kbpedia.org/kko/rc/TransferringPossession
http://kbpedia.org/kko/rc/FinancialDocument,rdfs:subClassOf,http://kbpedia.org/kko/rc/BusinessRelatedDocumentOrAgreement
http://kbpedia.org/kko/rc/FinancialDocument,rdfs:subClassOf,owl:Thing
http://kbpedia.org/kko/rc/FinancialDocument,rdfs:subClassOf,http://kbpedia.org/kko/rc/InformationBearingObject
http://kbpedia.org/kko/rc/FinancialDocument,rdfs:subClassOf,http://kbpedia.org/kko/rc/Document
http://kbpedia.org/kko/rc/FinancialDocument,rdfs:subClassOf,http://kbpedia.org/kko/rc/EconomicAgreement
http://kbpedia.org/kko/rc/Pact,rdfs:subClassOf,http://kbpedia.org/kko/rc/Contract
http://kbpedia.org/kko/rc/Pact,rdfs:subClassOf,owl:Thing
http://kbpedia.org/kko/rc/DemandLoan,rdfs:subClassOf,http://kbpedia.org/kko/rc/LoanAgreement
http://kbpedia.org/kko/rc/DemandLoan,rdfs:subClassOf,owl:Thing
http://kbpedia.org/kko/rc/EconomicIntegration,rdfs:subClassOf,http://kbpedia.org/kko/rc/InternationalAgreement
http://kbpedia.org/kko/rc/EconomicIntegration,rdfs:subClassOf,owl:Thing
http://kbpedia.org/kko/rc/MachiningWorkStation,rdfs:subClassOf,http://kbpedia.org/kko/rc/WorkStation
http://kbpedia.org/kko/rc/MachiningWorkStation,rdfs:subClassOf,owl:Thing
http://kbpedia.org/kko/rc/StockExchangePhysicalQuarters,rdfs:subClassOf,http://kbpedia.org/kko/rc/OfficeBuilding
http://kbpedia.org/kko/rc/StockExchangePhysicalQuarters,rdfs:subClassOf,owl:Thing
http://kbpedia.org/kko/rc/Teaching,rdfs:subClassOf,http://kbpedia.org/kko/rc/Communicating
http://kbpedia.org/kko/rc/Teaching,rdfs:subClassOf,owl:Thing
http://kbpedia.org/kko/rc/Teaching,rdfs:subClassOf,http://kbpedia.org/kko/rc/Education
http://kbpedia.org/kko/rc/Teaching,rdfs:subClassOf,http://kbpedia.org/kko/rc/IntelligentAgentActivity
http://kbpedia.org/kko/rc/GenderAndEducation,rdfs:subClassOf,http://kbpedia.org/kko/rc/EducationIssue
http://kbpedia.org/kko/rc/GenderAndEducation,rdfs:subClassOf,owl:Thing
http://kbpedia.org/kko/rc/AorakiMountCookNationalPark,rdfs:subClassOf,http://kbpedia.org/kko/rc/NationalPark
http://kbpedia.org/kko/rc/AorakiMountCookNationalPark,rdfs:subClassOf,owl:Thing
http://kbpedia.org/kko/rc/RemoveEconomicSubsidy,rdfs:subClassOf,http://kbpedia.org/kko/rc/GovernmentPaidService
http://kbpedia.org/kko/rc/RemoveEconomicSubsidy,rdfs:subClassOf,owl:Thing
http://kbpedia.org/kko/rc/HedgeFundShare,rdfs:subClassOf,http://kbpedia.org/kko/rc/DerivativeSecurity
http://kbpedia.org/kko/rc/HedgeFundShare,rdfs:subClassOf,owl:Thing
http://kbpedia.org/kko/rc/HedgeFundShare,rdfs:subClassOf,http://kbpedia.org/kko/rc/AuthorizedAgreement
http://kbpedia.org/kko/rc/ForestryEducation,rdfs:subClassOf,http://kbpedia.org/kko/rc/ScienceEducation
http://kbpedia.org/kko/rc/ForestryEducation,rdfs:subClassOf,owl:Thing
http://kbpedia.org/kko/rc/SteelMill_ManufacturingFacility,rdfs:subClassOf,http://kbpedia.org/kko/rc/Mill_ManufacturingFacility
http://kbpedia.org/kko/rc/SteelMill_ManufacturingFacility,rdfs:subClassOf,owl:Thing
http://kbpedia.org/kko/rc/GovernmentalLandParcel,rdfs:subClassOf,http://kbpedia.org/kko/rc/LandParcel
http://kbpedia.org/kko/rc/GovernmentalLandParcel,rdfs:subClassOf,owl:Thing
http://kbpedia.org/kko/rc/FishFarm,rdfs:subClassOf,http://kbpedia.org/kko/rc/AgriculturalFacility
http://kbpedia.org/kko/rc/FishFarm,rdfs:subClassOf,owl:Thing
http://kbpedia.org/kko/rc/FishFarm,rdfs:subClassOf,http://kbpedia.org/kko/rc/Aquaculture
http://kbpedia.org/kko/rc/OpenFormulary,rdfs:subClassOf,http://kbpedia.org/kko/rc/Formulary
http://kbpedia.org/kko/rc/OpenFormulary,rdfs:subClassOf,owl:Thing
http://kbpedia.org/kko/rc/ListOfChicagoLandmark,rdfs:subClassOf,http://kbpedia.org/kko/rc/Landmark
http://kbpedia.org/kko/rc/ListOfChicagoLandmark,rdfs:subClassOf,owl:Thing
http://kbpedia.org/kko/rc/Sidewalk,rdfs:subClassOf,http://kbpedia.org/kko/rc/PublicProperty
http://kbpedia.org/kko/rc/Sidewalk,rdfs:subClassOf,owl:Thing
http://kbpedia.org/kko/rc/Sidewalk,rdfs:subClassOf,http://kbpedia.org/kko/rc/TransportFacility
http://kbpedia.org/kko/rc/Sidewalk,rdfs:subClassOf,http://kbpedia.org/kko/rc/Walkway
http://kbpedia.org/kko/rc/Sidewalk,rdfs:subClassOf,http://kbpedia.org/kko/rc/FacilityComponent
http://kbpedia.org/kko/rc/PostalOrder,rdfs:subClassOf,http://kbpedia.org/kko/rc/MoneyOrder
http://kbpedia.org/kko/rc/PostalOrder,rdfs:subClassOf,owl:Thing
http://kbpedia.org/kko/rc/EconomicAction,rdfs:subClassOf,http://kbpedia.org/kko/rc/PurposefulAction
http://kbpedia.org/kko/rc/EconomicAction,rdfs:subClassOf,owl:Thing
http://kbpedia.org/kko/rc/EconomicAction,rdfs:subClassOf,http://kbpedia.org/ontologies/kko#EconomicSystems
http://kbpedia.org/kko/rc/House,rdfs:subClassOf,http://kbpedia.org/kko/rc/PrefabricatedResidentialBuildingStructure
http://kbpedia.org/kko/rc/House,rdfs:subClassOf,owl:Thing
http://kbpedia.org/kko/rc/House,rdfs:subClassOf,http://kbpedia.org/kko/rc/ResidentialBuilding
http://kbpedia.org/kko/rc/UnitedStatesCapitolBuilding,rdfs:subClassOf,http://kbpedia.org/kko/rc/Landmark
http://kbpedia.org/kko/rc/UnitedStatesCapitolBuilding,rdfs:subClassOf,owl:Thing
http://kbpedia.org/kko/rc/GlassPlant_Facility,rdfs:subClassOf,http://kbpedia.org/kko/rc/FactoryBuilding
http://kbpedia.org/kko/rc/GlassPlant_Facility,rdfs:subClassOf,owl:Thing
http://kbpedia.org/kko/rc/ListOfNationalParksOfSweden,rdfs:subClassOf,http://kbpedia.org/kko/rc/NationalPark
http://kbpedia.org/kko/rc/ListOfNationalParksOfSweden,rdfs:subClassOf,owl:Thing
http://kbpedia.org/kko/rc/Training,rdfs:subClassOf,http://kbpedia.org/kko/rc/Teaching
http://kbpedia.org/kko/rc/Training,rdfs:subClassOf,owl:Thing
http://kbpedia.org/kko/rc/Training,rdfs:subClassOf,http://kbpedia.org/kko/rc/IntelligentAgentActivity
http://kbpedia.org/kko/rc/CreditCard_RevolvingAccount,rdfs:subClassOf,http://kbpedia.org/kko/rc/CreditCard
http://kbpedia.org/kko/rc/CreditCard_RevolvingAccount,rdfs:subClassOf,owl:Thing
http://kbpedia.org/kko/rc/StockHoldings,rdfs:subClassOf,http://kbpedia.org/kko/rc/FinancialAssetHoldings
http://kbpedia.org/kko/rc/StockHoldings,rdfs:subClassOf,owl:Thing
http://kbpedia.org/kko/rc/Compromise,rdfs:subClassOf,http://kbpedia.org/kko/rc/Agreement
http://kbpedia.org/kko/rc/Compromise,rdfs:subClassOf,owl:Thing
http://kbpedia.org/kko/rc/Compromise,rdfs:subClassOf,http://kbpedia.org/kko/rc/MakingAnAgreement
http://kbpedia.org/kko/rc/ProportionalRepresentation,rdfs:subClassOf,http://kbpedia.org/kko/rc/PoliticalRepresentationParticipation
http://kbpedia.org/kko/rc/ProportionalRepresentation,rdfs:subClassOf,owl:Thing
http://kbpedia.org/kko/rc/AuthorizedAgreement,rdfs:subClassOf,http://kbpedia.org/kko/rc/Agreement
http://kbpedia.org/kko/rc/AuthorizedAgreement,rdfs:subClassOf,owl:Thing
http://kbpedia.org/kko/rc/BondageRigger,rdfs:subClassOf,http://kbpedia.org/kko/rc/Bondage_Sexual
http://kbpedia.org/kko/rc/BondageRigger,rdfs:subClassOf,owl:Thing
http://kbpedia.org/kko/rc/LargeCapStock,rdfs:subClassOf,http://kbpedia.org/kko/rc/Stock
http://kbpedia.org/kko/rc/LargeCapStock,rdfs:subClassOf,owl:Thing
http://kbpedia.org/kko/rc/Takeover,rdfs:subClassOf,http://kbpedia.org/kko/rc/TakingSomething
http://kbpedia.org/kko/rc/Takeover,rdfs:subClassOf,owl:Thing
http://kbpedia.org/kko/rc/Takeover,rdfs:subClassOf,http://kbpedia.org/kko/rc/FinancialActivity
http://kbpedia.org/kko/rc/Pax,rdfs:subClassOf,http://kbpedia.org/kko/rc/PeaceAccord
http://kbpedia.org/kko/rc/Pax,rdfs:subClassOf,owl:Thing
http://kbpedia.org/kko/rc/AutomobileAccidentInsurance_ThirdPartyFireAndTheft,rdfs:subClassOf,http://kbpedia.org/kko/rc/AutomobileInsurance
http://kbpedia.org/kko/rc/AutomobileAccidentInsurance_ThirdPartyFireAndTheft,rdfs:subClassOf,owl:Thing
http://kbpedia.org/kko/rc/AutomobileAccidentInsurance_ThirdPartyFireAndTheft,rdfs:subClassOf,http://kbpedia.org/kko/rc/TheftInsurance
http://kbpedia.org/kko/rc/AutomobileAccidentInsurance_ThirdPartyFireAndTheft,rdfs:subClassOf,http://kbpedia.org/kko/rc/InsurancePlan
http://kbpedia.org/kko/rc/EducationRights,rdfs:subClassOf,http://kbpedia.org/kko/rc/Education
http://kbpedia.org/kko/rc/EducationRights,rdfs:subClassOf,owl:Thing
http://kbpedia.org/kko/rc/MoneyForgery,rdfs:subClassOf,http://kbpedia.org/kko/rc/Forgery
http://kbpedia.org/kko/rc/MoneyForgery,rdfs:subClassOf,owl:Thing
http://kbpedia.org/kko/rc/MoneyForgery,rdfs:subClassOf,http://kbpedia.org/kko/rc/Money_DevisedPractice
http://kbpedia.org/kko/rc/AccountBasedCreditProduct,rdfs:subClassOf,http://kbpedia.org/kko/rc/BankOfferedProduct
http://kbpedia.org/kko/rc/AccountBasedCreditProduct,rdfs:subClassOf,owl:Thing
http://kbpedia.org/kko/rc/BusinessProcessManagement,rdfs:subClassOf,http://kbpedia.org/kko/rc/BusinessProcess
http://kbpedia.org/kko/rc/BusinessProcessManagement,rdfs:subClassOf,owl:Thing
http://kbpedia.org/kko/rc/CharitableDonation,rdfs:subClassOf,http://kbpedia.org/kko/rc/GiftGiving
http://kbpedia.org/kko/rc/CharitableDonation,rdfs:subClassOf,owl:Thing
http://kbpedia.org/kko/rc/CharitableDonation,rdfs:subClassOf,http://kbpedia.org/kko/rc/HelpingAnAgent
http://kbpedia.org/kko/rc/CharitableDonation,rdfs:subClassOf,http://kbpedia.org/kko/rc/GivingSomething
http://kbpedia.org/kko/rc/TerrorismStudies,rdfs:subClassOf,http://kbpedia.org/kko/rc/CourseOfStudy
http://kbpedia.org/kko/rc/TerrorismStudies,rdfs:subClassOf,owl:Thing
http://kbpedia.org/kko/rc/ElectronicFundTransferProduct,rdfs:subClassOf,http://kbpedia.org/kko/rc/BankOfferedProduct
http://kbpedia.org/kko/rc/ElectronicFundTransferProduct,rdfs:subClassOf,owl:Thing
http://kbpedia.org/kko/rc/PersonalAccount,rdfs:subClassOf,http://kbpedia.org/kko/rc/Account_LegalAgreement
http://kbpedia.org/kko/rc/PersonalAccount,rdfs:subClassOf,owl:Thing
http://kbpedia.org/kko/rc/CommonLandInTheUnitedKingdom,rdfs:subClassOf,http://kbpedia.org/kko/rc/Common_Region
http://kbpedia.org/kko/rc/CommonLandInTheUnitedKingdom,rdfs:subClassOf,owl:Thing
http://kbpedia.org/kko/rc/ServiceContractDocument,rdfs:subClassOf,http://kbpedia.org/kko/rc/ContractDocument
http://kbpedia.org/kko/rc/ServiceContractDocument,rdfs:subClassOf,owl:Thing
http://kbpedia.org/kko/rc/HalfEagleCoin_US,rdfs:subClassOf,http://kbpedia.org/kko/rc/Coin_US
http://kbpedia.org/kko/rc/HalfEagleCoin_US,rdfs:subClassOf,owl:Thing
http://kbpedia.org/kko/rc/HalfEagleCoin_US,rdfs:subClassOf,http://kbpedia.org/kko/rc/GoldColor
http://kbpedia.org/kko/rc/StockMarketCrash,rdfs:subClassOf,http://kbpedia.org/kko/rc/FinancialCondition
http://kbpedia.org/kko/rc/StockMarketCrash,rdfs:subClassOf,owl:Thing
http://kbpedia.org/kko/rc/BankSpace,rdfs:subClassOf,http://kbpedia.org/kko/rc/CommercialSpace
http://kbpedia.org/kko/rc/BankSpace,rdfs:subClassOf,owl:Thing
http://kbpedia.org/kko/rc/BankSpace,rdfs:subClassOf,http://kbpedia.org/kko/rc/MultiRoomUnit
http://kbpedia.org/kko/rc/Enclosure,rdfs:subClassOf,http://kbpedia.org/kko/rc/RealProperty
http://kbpedia.org/kko/rc/Enclosure,rdfs:subClassOf,owl:Thing
http://kbpedia.org/kko/rc/Enclosure,rdfs:subClassOf,http://kbpedia.org/kko/rc/Property
http://kbpedia.org/kko/rc/50EuroNote,rdfs:subClassOf,http://kbpedia.org/kko/rc/EuroBanknote
http://kbpedia.org/kko/rc/50EuroNote,rdfs:subClassOf,owl:Thing
http://kbpedia.org/kko/rc/BorderCheckpointFacility,rdfs:subClassOf,http://kbpedia.org/kko/rc/InspectionFacility
http://kbpedia.org/kko/rc/BorderCheckpointFacility,rdfs:subClassOf,owl:Thing
http://kbpedia.org/kko/rc/BorderCheckpointFacility,rdfs:subClassOf,http://kbpedia.org/kko/rc/Workplace
http://kbpedia.org/kko/rc/SmallCapStock,rdfs:subClassOf,http://kbpedia.org/kko/rc/Stock
http://kbpedia.org/kko/rc/SmallCapStock,rdfs:subClassOf,owl:Thing
http://kbpedia.org/kko/rc/DominicanEducation,rdfs:subClassOf,http://kbpedia.org/kko/rc/RomanCatholicEducation
http://kbpedia.org/kko/rc/DominicanEducation,rdfs:subClassOf,owl:Thing
http://kbpedia.org/kko/rc/PhoneSex,rdfs:subClassOf,http://kbpedia.org/kko/rc/HumanSexualBehavior
http://kbpedia.org/kko/rc/PhoneSex,rdfs:subClassOf,owl:Thing
http://kbpedia.org/kko/rc/PaidInFull,rdfs:subClassOf,http://kbpedia.org/kko/rc/InComplianceWithPaymentSchedule
http://kbpedia.org/kko/rc/PaidInFull,rdfs:subClassOf,owl:Thing
http://kbpedia.org/kko/rc/CustodialAccount,rdfs:subClassOf,http://kbpedia.org/kko/rc/Account_LegalAgreement
http://kbpedia.org/kko/rc/CustodialAccount,rdfs:subClassOf,owl:Thing
http://kbpedia.org/kko/rc/OliveOilMill_ManufacturingFacility,rdfs:subClassOf,http://kbpedia.org/kko/rc/Mill_ManufacturingFacility
http://kbpedia.org/kko/rc/OliveOilMill_ManufacturingFacility,rdfs:subClassOf,owl:Thing
http://kbpedia.org/kko/rc/ChildPornography,rdfs:subClassOf,http://kbpedia.org/kko/rc/ChildSexualAbuse
http://kbpedia.org/kko/rc/ChildPornography,rdfs:subClassOf,owl:Thing
http://kbpedia.org/kko/rc/ChildPornography,rdfs:subClassOf,http://kbpedia.org/kko/rc/Pedophilia_TheAction
http://kbpedia.org/kko/rc/ChildPornography,rdfs:subClassOf,http://kbpedia.org/kko/rc/Pedophilia_TheCondition
http://kbpedia.org/kko/rc/WelfareFraud,rdfs:subClassOf,http://kbpedia.org/kko/rc/Fraud
http://kbpedia.org/kko/rc/WelfareFraud,rdfs:subClassOf,owl:Thing
http://kbpedia.org/kko/rc/WelfareFraud,rdfs:subClassOf,http://kbpedia.org/kko/rc/Welfare_GovernmentService
http://kbpedia.org/kko/rc/Annuity,rdfs:subClassOf,http://kbpedia.org/kko/rc/InvestmentVehicle
http://kbpedia.org/kko/rc/Annuity,rdfs:subClassOf,owl:Thing
http://kbpedia.org/kko/rc/Foundry_Building,rdfs:subClassOf,http://kbpedia.org/kko/rc/FactoryBuilding
http://kbpedia.org/kko/rc/Foundry_Building,rdfs:subClassOf,owl:Thing
http://kbpedia.org/kko/rc/Foundry_Building,rdfs:subClassOf,http://kbpedia.org/kko/rc/Building
http://kbpedia.org/kko/rc/Matterhorn,rdfs:subClassOf,http://kbpedia.org/kko/rc/PennineAlps_Mountain
http://kbpedia.org/kko/rc/Matterhorn,rdfs:subClassOf,owl:Thing
http://kbpedia.org/kko/rc/LifeCoaching,rdfs:subClassOf,http://kbpedia.org/kko/rc/Coaching
http://kbpedia.org/kko/rc/LifeCoaching,rdfs:subClassOf,owl:Thing
http://kbpedia.org/kko/rc/LifeCoaching,rdfs:subClassOf,http://kbpedia.org/kko/rc/Training
http://kbpedia.org/kko/rc/MoneyOrder,rdfs:subClassOf,http://kbpedia.org/kko/rc/Check_TenderObject
http://kbpedia.org/kko/rc/MoneyOrder,rdfs:subClassOf,owl:Thing
http://kbpedia.org/kko/rc/DigitalCurrency,rdfs:subClassOf,http://kbpedia.org/kko/rc/AlternativeCurrency
http://kbpedia.org/kko/rc/DigitalCurrency,rdfs:subClassOf,owl:Thing
http://kbpedia.org/kko/rc/DigitalCurrency,rdfs:subClassOf,http://kbpedia.org/kko/rc/Currency
http://kbpedia.org/kko/rc/Workhouse,rdfs:subClassOf,http://kbpedia.org/kko/rc/ResidentialBuilding
http://kbpedia.org/kko/rc/Workhouse,rdfs:subClassOf,owl:Thing
http://kbpedia.org/kko/rc/Menhir,rdfs:subClassOf,http://kbpedia.org/kko/rc/Megalith
http://kbpedia.org/kko/rc/Menhir,rdfs:subClassOf,owl:Thing
http://kbpedia.org/kko/rc/DisabilityInsurance,rdfs:subClassOf,http://kbpedia.org/kko/rc/InsurancePlan
http://kbpedia.org/kko/rc/DisabilityInsurance,rdfs:subClassOf,owl:Thing
http://kbpedia.org/kko/rc/DisabilityInsurance,rdfs:subClassOf,http://kbpedia.org/kko/rc/LifeHealthAccidentInsurance
http://kbpedia.org/kko/rc/CorporateBond_Agreement,rdfs:subClassOf,http://kbpedia.org/kko/rc/BondsFinance
http://kbpedia.org/kko/rc/CorporateBond_Agreement,rdfs:subClassOf,owl:Thing
http://kbpedia.org/kko/rc/DualIndexedMortgage,rdfs:subClassOf,http://kbpedia.org/kko/rc/AdjustableRateMortgage
http://kbpedia.org/kko/rc/DualIndexedMortgage,rdfs:subClassOf,owl:Thing
http://kbpedia.org/kko/rc/DualIndexedMortgage,rdfs:subClassOf,http://kbpedia.org/kko/rc/DualIndexedLoan
http://kbpedia.org/kko/rc/IndustryTakeover,rdfs:subClassOf,http://kbpedia.org/kko/rc/Takeover
http://kbpedia.org/kko/rc/IndustryTakeover,rdfs:subClassOf,owl:Thing
http://kbpedia.org/kko/rc/EconomicsComparison,rdfs:subClassOf,http://kbpedia.org/kko/rc/Comparisons
http://kbpedia.org/kko/rc/EconomicsComparison,rdfs:subClassOf,owl:Thing
http://kbpedia.org/kko/rc/EconomicsComparison,rdfs:subClassOf,http://kbpedia.org/kko/rc/EconomicSystem
http://kbpedia.org/kko/rc/GroupLifeInsurancePolicy,rdfs:subClassOf,http://kbpedia.org/kko/rc/LifeInsurance
http://kbpedia.org/kko/rc/GroupLifeInsurancePolicy,rdfs:subClassOf,owl:Thing
http://kbpedia.org/kko/rc/DriversLicense_Document,rdfs:subClassOf,http://kbpedia.org/kko/rc/TransportationLicense_Document
http://kbpedia.org/kko/rc/DriversLicense_Document,rdfs:subClassOf,owl:Thing
http://kbpedia.org/kko/rc/GraduateCourseLevel,rdfs:subClassOf,http://kbpedia.org/kko/rc/Course_Collegiate
http://kbpedia.org/kko/rc/GraduateCourseLevel,rdfs:subClassOf,owl:Thing
http://kbpedia.org/kko/rc/IroningWorkStation,rdfs:subClassOf,http://kbpedia.org/kko/rc/WorkStation
http://kbpedia.org/kko/rc/IroningWorkStation,rdfs:subClassOf,owl:Thing
http://kbpedia.org/kko/rc/NationalRoad_Belgium,rdfs:subClassOf,http://kbpedia.org/kko/rc/Highway
http://kbpedia.org/kko/rc/NationalRoad_Belgium,rdfs:subClassOf,owl:Thing
http://kbpedia.org/kko/rc/EducationEconomics,rdfs:subClassOf,http://kbpedia.org/kko/rc/Education
http://kbpedia.org/kko/rc/EducationEconomics,rdfs:subClassOf,owl:Thing
http://kbpedia.org/kko/rc/Maturity_Finance,rdfs:subClassOf,http://kbpedia.org/kko/rc/LoanRepaying
http://kbpedia.org/kko/rc/Maturity_Finance,rdfs:subClassOf,owl:Thing
http://kbpedia.org/kko/rc/StateRoute,rdfs:subClassOf,http://kbpedia.org/kko/rc/Highway
http://kbpedia.org/kko/rc/StateRoute,rdfs:subClassOf,owl:Thing
http://kbpedia.org/kko/rc/StateRoute,rdfs:subClassOf,http://kbpedia.org/kko/rc/TravelRoute_Road
http://kbpedia.org/kko/rc/PowerPlantBuilding,rdfs:subClassOf,http://kbpedia.org/kko/rc/ModernShelterConstruction
http://kbpedia.org/kko/rc/PowerPlantBuilding,rdfs:subClassOf,owl:Thing
http://kbpedia.org/kko/rc/PowerPlantBuilding,rdfs:subClassOf,http://kbpedia.org/kko/rc/Workplace
http://kbpedia.org/kko/rc/PsychiatryEducation,rdfs:subClassOf,http://kbpedia.org/kko/rc/MedicalEducation
http://kbpedia.org/kko/rc/PsychiatryEducation,rdfs:subClassOf,owl:Thing
http://kbpedia.org/kko/rc/PrepaidTelephoneCard,rdfs:subClassOf,http://kbpedia.org/kko/rc/Card
http://kbpedia.org/kko/rc/PrepaidTelephoneCard,rdfs:subClassOf,owl:Thing
http://kbpedia.org/kko/rc/PrepaidTelephoneCard,rdfs:subClassOf,http://kbpedia.org/kko/rc/TenderObject
http://kbpedia.org/kko/rc/PrepaidTelephoneCard,rdfs:subClassOf,http://kbpedia.org/kko/rc/FreeSheet
http://kbpedia.org/kko/rc/Pedophilia_TheAction,rdfs:subClassOf,http://kbpedia.org/kko/rc/ParaphilicSexualBehavior
http://kbpedia.org/kko/rc/Pedophilia_TheAction,rdfs:subClassOf,owl:Thing
http://kbpedia.org/kko/rc/Stock_Cum_Dividend,rdfs:subClassOf,http://kbpedia.org/kko/rc/Stock
http://kbpedia.org/kko/rc/Stock_Cum_Dividend,rdfs:subClassOf,owl:Thing
http://kbpedia.org/kko/rc/LegallyBankrupt,rdfs:subClassOf,http://kbpedia.org/kko/rc/InDefault
http://kbpedia.org/kko/rc/LegallyBankrupt,rdfs:subClassOf,owl:Thing
http://kbpedia.org/kko/rc/LegallyBankrupt,rdfs:subClassOf,http://kbpedia.org/kko/rc/EconomicalQuantity
http://kbpedia.org/kko/rc/GraduateLoan,rdfs:subClassOf,http://kbpedia.org/kko/rc/PersonalLoan
http://kbpedia.org/kko/rc/GraduateLoan,rdfs:subClassOf,owl:Thing
http://kbpedia.org/kko/rc/GraduateLoan,rdfs:subClassOf,http://kbpedia.org/kko/rc/UnsecuredLoan
http://kbpedia.org/kko/rc/AutomobileAccidentInsurance_ThirdPartyOnly,rdfs:subClassOf,http://kbpedia.org/kko/rc/AutomobileInsurance
http://kbpedia.org/kko/rc/AutomobileAccidentInsurance_ThirdPartyOnly,rdfs:subClassOf,owl:Thing
http://kbpedia.org/kko/rc/AutomobileAccidentInsurance_ThirdPartyOnly,rdfs:subClassOf,http://kbpedia.org/kko/rc/InsurancePlan
http://kbpedia.org/kko/rc/EducationalEnvironment,rdfs:subClassOf,http://kbpedia.org/kko/rc/Education
http://kbpedia.org/kko/rc/EducationalEnvironment,rdfs:subClassOf,owl:Thing
http://kbpedia.org/kko/rc/LosingUserRights,rdfs:subClassOf,http://kbpedia.org/kko/rc/ChangeInUserRights
http://kbpedia.org/kko/rc/LosingUserRights,rdfs:subClassOf,owl:Thing
http://kbpedia.org/kko/rc/LosingUserRights,rdfs:subClassOf,http://kbpedia.org/kko/rc/TransferOut
http://kbpedia.org/kko/rc/CryptologicEducation,rdfs:subClassOf,http://kbpedia.org/kko/rc/ScienceEducation
http://kbpedia.org/kko/rc/CryptologicEducation,rdfs:subClassOf,owl:Thing
http://kbpedia.org/kko/rc/AccountActive,rdfs:subClassOf,http://kbpedia.org/kko/rc/AccountTypeByStatus
http://kbpedia.org/kko/rc/AccountActive,rdfs:subClassOf,owl:Thing
http://kbpedia.org/kko/rc/AccountActive,rdfs:subClassOf,http://kbpedia.org/kko/rc/Account_LegalAgreement
http://kbpedia.org/kko/rc/RomanCatholicEducation,rdfs:subClassOf,http://kbpedia.org/kko/rc/ChristianEducation
http://kbpedia.org/kko/rc/RomanCatholicEducation,rdfs:subClassOf,owl:Thing
http://kbpedia.org/kko/rc/ItalianLanguageEducation,rdfs:subClassOf,http://kbpedia.org/kko/rc/LanguageEducation
http://kbpedia.org/kko/rc/ItalianLanguageEducation,rdfs:subClassOf,owl:Thing
http://kbpedia.org/kko/rc/RetirementAccount,rdfs:subClassOf,http://kbpedia.org/kko/rc/AccountType
http://kbpedia.org/kko/rc/RetirementAccount,rdfs:subClassOf,owl:Thing
http://kbpedia.org/kko/rc/RetirementAccount,rdfs:subClassOf,http://kbpedia.org/kko/rc/PersonalAccount
http://kbpedia.org/kko/rc/RadioStation_Place,rdfs:subClassOf,http://kbpedia.org/kko/rc/CommercialSpace
http://kbpedia.org/kko/rc/RadioStation_Place,rdfs:subClassOf,owl:Thing
http://kbpedia.org/kko/rc/RadioStation_Place,rdfs:subClassOf,http://kbpedia.org/kko/rc/TelecommunicationSite
http://kbpedia.org/kko/rc/IndexedLoan,rdfs:subClassOf,http://kbpedia.org/kko/rc/AdjustableRateLoan
http://kbpedia.org/kko/rc/IndexedLoan,rdfs:subClassOf,owl:Thing
http://kbpedia.org/kko/rc/IndexedLoan,rdfs:subClassOf,http://kbpedia.org/kko/rc/InstallmentLoan
http://kbpedia.org/kko/rc/CustomAdministrationCompliance,rdfs:subClassOf,http://kbpedia.org/kko/rc/TradePolicyRegulation
http://kbpedia.org/kko/rc/CustomAdministrationCompliance,rdfs:subClassOf,owl:Thing
http://kbpedia.org/kko/rc/Money_DevisedPractice,rdfs:subClassOf,http://kbpedia.org/kko/rc/DevisedPracticeOrWork
http://kbpedia.org/kko/rc/Money_DevisedPractice,rdfs:subClassOf,owl:Thing
http://kbpedia.org/kko/rc/Money_DevisedPractice,rdfs:subClassOf,http://kbpedia.org/kko/rc/TenderObject
http://kbpedia.org/kko/rc/ScientificCareer,rdfs:subClassOf,http://kbpedia.org/kko/rc/Employment
http://kbpedia.org/kko/rc/ScientificCareer,rdfs:subClassOf,owl:Thing
http://kbpedia.org/kko/rc/NoFrills,rdfs:subClassOf,http://kbpedia.org/kko/rc/Pricing
http://kbpedia.org/kko/rc/NoFrills,rdfs:subClassOf,owl:Thing
http://kbpedia.org/kko/rc/LongTermPaymentObligation,rdfs:subClassOf,http://kbpedia.org/kko/rc/PaymentObligation
http://kbpedia.org/kko/rc/LongTermPaymentObligation,rdfs:subClassOf,owl:Thing
http://kbpedia.org/kko/rc/CulturalEducation,rdfs:subClassOf,http://kbpedia.org/kko/rc/LiberalArtsEducation
http://kbpedia.org/kko/rc/CulturalEducation,rdfs:subClassOf,owl:Thing
http://kbpedia.org/kko/rc/CulturalEducation,rdfs:subClassOf,http://kbpedia.org/kko/rc/EducationByTopic
http://kbpedia.org/kko/rc/WelfareEconomics,rdfs:subClassOf,http://kbpedia.org/kko/rc/Welfare_GovernmentService
http://kbpedia.org/kko/rc/WelfareEconomics,rdfs:subClassOf,owl:Thing
http://kbpedia.org/kko/rc/HundredDollarBill_US,rdfs:subClassOf,http://kbpedia.org/kko/rc/Bill_US
http://kbpedia.org/kko/rc/HundredDollarBill_US,rdfs:subClassOf,owl:Thing
http://kbpedia.org/kko/rc/Stock_ExDividend,rdfs:subClassOf,http://kbpedia.org/kko/rc/Stock
http://kbpedia.org/kko/rc/Stock_ExDividend,rdfs:subClassOf,owl:Thing
http://kbpedia.org/kko/rc/WireTransferOfFunds,rdfs:subClassOf,http://kbpedia.org/kko/rc/MoneyTransfer
http://kbpedia.org/kko/rc/WireTransferOfFunds,rdfs:subClassOf,owl:Thing
http://kbpedia.org/kko/rc/WireTransferOfFunds,rdfs:subClassOf,http://kbpedia.org/kko/rc/TransferOfControl
http://kbpedia.org/kko/rc/CharacterLoan,rdfs:subClassOf,http://kbpedia.org/kko/rc/UnsecuredLoan
http://kbpedia.org/kko/rc/CharacterLoan,rdfs:subClassOf,owl:Thing
http://kbpedia.org/kko/rc/ArchaeologicalForgery,rdfs:subClassOf,http://kbpedia.org/kko/rc/Forgery
http://kbpedia.org/kko/rc/ArchaeologicalForgery,rdfs:subClassOf,owl:Thing
http://kbpedia.org/kko/rc/ProposedCurrency,rdfs:subClassOf,http://kbpedia.org/kko/rc/Currency
http://kbpedia.org/kko/rc/ProposedCurrency,rdfs:subClassOf,owl:Thing
http://kbpedia.org/kko/rc/ProposedCurrency,rdfs:subClassOf,http://kbpedia.org/kko/rc/Proposal
http://kbpedia.org/kko/rc/AccountInactive,rdfs:subClassOf,http://kbpedia.org/kko/rc/AccountTypeByStatus
http://kbpedia.org/kko/rc/AccountInactive,rdfs:subClassOf,owl:Thing
http://kbpedia.org/kko/rc/AccountInactive,rdfs:subClassOf,http://kbpedia.org/kko/rc/Account_LegalAgreement
http://kbpedia.org/kko/rc/StateEarningsRelatedPensionScheme,rdfs:subClassOf,http://kbpedia.org/kko/rc/RetirementAccount
http://kbpedia.org/kko/rc/StateEarningsRelatedPensionScheme,rdfs:subClassOf,owl:Thing
http://kbpedia.org/kko/rc/Ziggurat,rdfs:subClassOf,http://kbpedia.org/kko/rc/PyramidMonument
http://kbpedia.org/kko/rc/Ziggurat,rdfs:subClassOf,owl:Thing
http://kbpedia.org/kko/rc/Concession,rdfs:subClassOf,http://kbpedia.org/kko/rc/Compromise
http://kbpedia.org/kko/rc/Concession,rdfs:subClassOf,owl:Thing
http://kbpedia.org/kko/rc/CertificateOfDeposit,rdfs:subClassOf,http://kbpedia.org/kko/rc/BankAccount
http://kbpedia.org/kko/rc/CertificateOfDeposit,rdfs:subClassOf,owl:Thing
http://kbpedia.org/kko/rc/CertificateOfDeposit,rdfs:subClassOf,http://kbpedia.org/kko/rc/FinancialDocument
http://kbpedia.org/kko/rc/CertificateOfDeposit,rdfs:subClassOf,http://kbpedia.org/kko/rc/LoanAgreement
http://kbpedia.org/kko/rc/CertificateOfDeposit,rdfs:subClassOf,http://kbpedia.org/kko/rc/OfficialDocument
http://kbpedia.org/kko/rc/CertificateOfDeposit,rdfs:subClassOf,http://kbpedia.org/kko/rc/TimeDepositAccount
http://kbpedia.org/kko/rc/AuditTrail,rdfs:subClassOf,http://kbpedia.org/kko/rc/AccountingReport
http://kbpedia.org/kko/rc/AuditTrail,rdfs:subClassOf,owl:Thing
http://kbpedia.org/kko/rc/OpenAccessArchive,rdfs:subClassOf,http://kbpedia.org/kko/rc/Archive
http://kbpedia.org/kko/rc/OpenAccessArchive,rdfs:subClassOf,owl:Thing
http://kbpedia.org/kko/rc/OpenAccessArchive,rdfs:subClassOf,http://kbpedia.org/kko/rc/OpenSource
http://kbpedia.org/kko/rc/OpenAccessArchive,rdfs:subClassOf,http://kbpedia.org/kko/rc/ScholarlyArticle
http://kbpedia.org/kko/rc/AppropriatingSomething,rdfs:subClassOf,http://kbpedia.org/kko/rc/TakingSomething
http://kbpedia.org/kko/rc/AppropriatingSomething,rdfs:subClassOf,owl:Thing
http://kbpedia.org/kko/rc/PrivateAirplaneLoan,rdfs:subClassOf,http://kbpedia.org/kko/rc/LoanAgreement
http://kbpedia.org/kko/rc/PrivateAirplaneLoan,rdfs:subClassOf,owl:Thing
http://kbpedia.org/kko/rc/EconomicsEffect,rdfs:subClassOf,http://kbpedia.org/kko/rc/EconomicProblem
http://kbpedia.org/kko/rc/EconomicsEffect,rdfs:subClassOf,owl:Thing
http://kbpedia.org/kko/rc/CoinCollecting,rdfs:subClassOf,http://kbpedia.org/kko/rc/Collecting_Hobby
http://kbpedia.org/kko/rc/CoinCollecting,rdfs:subClassOf,owl:Thing
http://kbpedia.org/kko/rc/CoinCollecting,rdfs:subClassOf,http://kbpedia.org/kko/rc/Money_DevisedPractice
http://kbpedia.org/kko/rc/DivorceAgreement,rdfs:subClassOf,http://kbpedia.org/kko/rc/Contract
http://kbpedia.org/kko/rc/DivorceAgreement,rdfs:subClassOf,owl:Thing
http://kbpedia.org/kko/rc/HalfDollarCoin_US,rdfs:subClassOf,http://kbpedia.org/kko/rc/Coin_US
http://kbpedia.org/kko/rc/HalfDollarCoin_US,rdfs:subClassOf,owl:Thing
http://kbpedia.org/kko/rc/WelfareInAsia,rdfs:subClassOf,http://kbpedia.org/kko/rc/Welfare_GovernmentService
http://kbpedia.org/kko/rc/WelfareInAsia,rdfs:subClassOf,owl:Thing
http://kbpedia.org/kko/rc/CompulsoryInsuranceMortgage,rdfs:subClassOf,http://kbpedia.org/kko/rc/MortgageAgreement
http://kbpedia.org/kko/rc/CompulsoryInsuranceMortgage,rdfs:subClassOf,owl:Thing
http://kbpedia.org/kko/rc/VirginIslandsNationalPark,rdfs:subClassOf,http://kbpedia.org/kko/rc/NationalPark
http://kbpedia.org/kko/rc/VirginIslandsNationalPark,rdfs:subClassOf,owl:Thing
http://kbpedia.org/kko/rc/ManagedAccount,rdfs:subClassOf,http://kbpedia.org/kko/rc/FinancialAccount
http://kbpedia.org/kko/rc/ManagedAccount,rdfs:subClassOf,owl:Thing
http://kbpedia.org/kko/rc/EnglishCountryHouse,rdfs:subClassOf,http://kbpedia.org/kko/rc/Large_DetachedHouse
http://kbpedia.org/kko/rc/EnglishCountryHouse,rdfs:subClassOf,owl:Thing
http://kbpedia.org/kko/rc/Alms,rdfs:subClassOf,http://kbpedia.org/kko/rc/GivingSomething
http://kbpedia.org/kko/rc/Alms,rdfs:subClassOf,owl:Thing
http://kbpedia.org/kko/rc/BlackHillsNationalForest,rdfs:subClassOf,http://kbpedia.org/kko/rc/NationalForest
http://kbpedia.org/kko/rc/BlackHillsNationalForest,rdfs:subClassOf,owl:Thing
http://kbpedia.org/kko/rc/HazardousTimeAccount,rdfs:subClassOf,http://kbpedia.org/kko/rc/WorkAccount
http://kbpedia.org/kko/rc/HazardousTimeAccount,rdfs:subClassOf,owl:Thing
http://kbpedia.org/kko/rc/Donation,rdfs:subClassOf,http://kbpedia.org/kko/rc/GivingSomething
http://kbpedia.org/kko/rc/Donation,rdfs:subClassOf,owl:Thing
http://kbpedia.org/kko/rc/TypeOfInsurance,rdfs:subClassOf,http://kbpedia.org/kko/rc/InsurancePlan
http://kbpedia.org/kko/rc/TypeOfInsurance,rdfs:subClassOf,owl:Thing
http://kbpedia.org/kko/rc/ReverseMortgage,rdfs:subClassOf,http://kbpedia.org/kko/rc/HomeEquityLoan
http://kbpedia.org/kko/rc/ReverseMortgage,rdfs:subClassOf,owl:Thing
http://kbpedia.org/kko/rc/ReverseMortgage,rdfs:subClassOf,http://kbpedia.org/kko/rc/MortgageAgreement
http://kbpedia.org/kko/rc/CompanyPension,rdfs:subClassOf,http://kbpedia.org/kko/rc/RetirementAccount
http://kbpedia.org/kko/rc/CompanyPension,rdfs:subClassOf,owl:Thing
http://kbpedia.org/kko/rc/RegulatoryFraud,rdfs:subClassOf,http://kbpedia.org/kko/rc/Fraud
http://kbpedia.org/kko/rc/RegulatoryFraud,rdfs:subClassOf,owl:Thing
http://kbpedia.org/kko/rc/RegulatoryFraud,rdfs:subClassOf,http://kbpedia.org/kko/rc/RegulatingASectorOrIndustry
http://kbpedia.org/kko/rc/RegulatoryFraud,rdfs:subClassOf,http://kbpedia.org/kko/rc/Deceiving
http://kbpedia.org/kko/rc/PrivateCollection,rdfs:subClassOf,http://kbpedia.org/kko/rc/Holdings
http://kbpedia.org/kko/rc/PrivateCollection,rdfs:subClassOf,owl:Thing
http://kbpedia.org/kko/rc/LiteraryArchive,rdfs:subClassOf,http://kbpedia.org/kko/rc/Archive
http://kbpedia.org/kko/rc/LiteraryArchive,rdfs:subClassOf,owl:Thing
http://kbpedia.org/kko/rc/LiteraryArchive,rdfs:subClassOf,http://kbpedia.org/kko/rc/LiteraryWork
http://kbpedia.org/kko/rc/GNULesserGeneralPublicLicense,rdfs:subClassOf,http://kbpedia.org/kko/rc/License_LegalAgreement
http://kbpedia.org/kko/rc/GNULesserGeneralPublicLicense,rdfs:subClassOf,owl:Thing
http://kbpedia.org/kko/rc/AncientCurrency,rdfs:subClassOf,http://kbpedia.org/kko/rc/CoinCollecting
http://kbpedia.org/kko/rc/AncientCurrency,rdfs:subClassOf,owl:Thing
http://kbpedia.org/kko/rc/Marriage_Agreement,rdfs:subClassOf,http://kbpedia.org/kko/rc/Agreement
http://kbpedia.org/kko/rc/Marriage_Agreement,rdfs:subClassOf,owl:Thing
http://kbpedia.org/kko/rc/WelfareReform,rdfs:subClassOf,http://kbpedia.org/kko/rc/Welfare_GovernmentService
http://kbpedia.org/kko/rc/WelfareReform,rdfs:subClassOf,owl:Thing
http://kbpedia.org/kko/rc/StockCertificate,rdfs:subClassOf,http://kbpedia.org/kko/rc/CertificateDocument
http://kbpedia.org/kko/rc/StockCertificate,rdfs:subClassOf,owl:Thing
http://kbpedia.org/kko/rc/StockCertificate,rdfs:subClassOf,http://kbpedia.org/kko/rc/FinancialDocument
http://kbpedia.org/kko/rc/StockCertificate,rdfs:subClassOf,http://kbpedia.org/kko/rc/IDDocument
http://kbpedia.org/kko/rc/PersonalLoan,rdfs:subClassOf,http://kbpedia.org/kko/rc/LoanAgreement
http://kbpedia.org/kko/rc/PersonalLoan,rdfs:subClassOf,owl:Thing
http://kbpedia.org/kko/rc/LoanInsurance,rdfs:subClassOf,http://kbpedia.org/kko/rc/InsurancePlan
http://kbpedia.org/kko/rc/LoanInsurance,rdfs:subClassOf,owl:Thing
http://kbpedia.org/kko/rc/SelfInvestedPersonalPension,rdfs:subClassOf,http://kbpedia.org/kko/rc/MoneyPurchasePensionScheme
http://kbpedia.org/kko/rc/SelfInvestedPersonalPension,rdfs:subClassOf,owl:Thing
http://kbpedia.org/kko/rc/SelfInvestedPersonalPension,rdfs:subClassOf,http://kbpedia.org/kko/rc/TaxDeferredAccount
http://kbpedia.org/kko/rc/AccountSystemTypeByImplementationMeans,rdfs:subClassOf,http://kbpedia.org/kko/rc/Account_LegalAgreement
http://kbpedia.org/kko/rc/AccountSystemTypeByImplementationMeans,rdfs:subClassOf,owl:Thing
http://kbpedia.org/kko/rc/Voucher,rdfs:subClassOf,http://kbpedia.org/kko/rc/TenderObject
http://kbpedia.org/kko/rc/Voucher,rdfs:subClassOf,owl:Thing
http://kbpedia.org/kko/rc/OuachitaNationalForest,rdfs:subClassOf,http://kbpedia.org/kko/rc/NationalForest
http://kbpedia.org/kko/rc/OuachitaNationalForest,rdfs:subClassOf,owl:Thing
http://kbpedia.org/kko/rc/EvergladesNationalPark,rdfs:subClassOf,http://kbpedia.org/kko/rc/NationalPark
http://kbpedia.org/kko/rc/EvergladesNationalPark,rdfs:subClassOf,owl:Thing
http://kbpedia.org/kko/rc/Loan,rdfs:subClassOf,http://kbpedia.org/kko/rc/PaymentObligation
http://kbpedia.org/kko/rc/Loan,rdfs:subClassOf,owl:Thing
http://kbpedia.org/kko/rc/ContinuingEducationCOS,rdfs:subClassOf,http://kbpedia.org/kko/rc/CourseOfStudy
http://kbpedia.org/kko/rc/ContinuingEducationCOS,rdfs:subClassOf,owl:Thing
http://kbpedia.org/kko/rc/OptionTransactionAgreement,rdfs:subClassOf,http://kbpedia.org/kko/rc/Contract
http://kbpedia.org/kko/rc/OptionTransactionAgreement,rdfs:subClassOf,owl:Thing
http://kbpedia.org/kko/rc/OptionTransactionAgreement,rdfs:subClassOf,http://kbpedia.org/kko/rc/OwnershipAgreement
http://kbpedia.org/kko/rc/EconomicsEducation,rdfs:subClassOf,http://kbpedia.org/kko/rc/LiberalArtsEducation
http://kbpedia.org/kko/rc/EconomicsEducation,rdfs:subClassOf,owl:Thing
http://kbpedia.org/kko/rc/Crematorium,rdfs:subClassOf,http://kbpedia.org/kko/rc/CommercialBuilding
http://kbpedia.org/kko/rc/Crematorium,rdfs:subClassOf,owl:Thing
http://kbpedia.org/kko/rc/Crematorium,rdfs:subClassOf,http://kbpedia.org/kko/rc/Facility_Construct
http://kbpedia.org/kko/rc/WindowOffice,rdfs:subClassOf,http://kbpedia.org/kko/rc/OfficeRoom
http://kbpedia.org/kko/rc/WindowOffice,rdfs:subClassOf,owl:Thing
http://kbpedia.org/kko/rc/HangOutLoan,rdfs:subClassOf,http://kbpedia.org/kko/rc/LoanAgreement
http://kbpedia.org/kko/rc/HangOutLoan,rdfs:subClassOf,owl:Thing
http://kbpedia.org/kko/rc/VAMortgageInsurance,rdfs:subClassOf,http://kbpedia.org/kko/rc/GovernmentGuaranteedMortgageInsurance
http://kbpedia.org/kko/rc/VAMortgageInsurance,rdfs:subClassOf,owl:Thing
http://kbpedia.org/kko/rc/ManufacturedHomeLoan,rdfs:subClassOf,http://kbpedia.org/kko/rc/LoanAgreement
http://kbpedia.org/kko/rc/ManufacturedHomeLoan,rdfs:subClassOf,owl:Thing
http://kbpedia.org/kko/rc/MortgageInsurance,rdfs:subClassOf,http://kbpedia.org/kko/rc/LoanInsurance
http://kbpedia.org/kko/rc/MortgageInsurance,rdfs:subClassOf,owl:Thing
http://kbpedia.org/kko/rc/FormalLecture_IBT,rdfs:subClassOf,http://kbpedia.org/kko/rc/Lecturing
http://kbpedia.org/kko/rc/FormalLecture_IBT,rdfs:subClassOf,owl:Thing
http://kbpedia.org/kko/rc/FinancialAccount,rdfs:subClassOf,http://kbpedia.org/kko/rc/Account_LegalAgreement
http://kbpedia.org/kko/rc/FinancialAccount,rdfs:subClassOf,owl:Thing
http://kbpedia.org/kko/rc/FinancialAccount,rdfs:subClassOf,http://kbpedia.org/kko/rc/NormativeSpecification
http://kbpedia.org/kko/rc/BusinessTrip,rdfs:subClassOf,http://kbpedia.org/kko/rc/BusinessEvent
http://kbpedia.org/kko/rc/BusinessTrip,rdfs:subClassOf,owl:Thing
http://kbpedia.org/kko/rc/BusinessTrip,rdfs:subClassOf,http://kbpedia.org/kko/rc/Travel_RoundTripEvent
http://kbpedia.org/kko/rc/ProfessionalSchooling,rdfs:subClassOf,http://kbpedia.org/kko/rc/HigherEducationCOS
http://kbpedia.org/kko/rc/ProfessionalSchooling,rdfs:subClassOf,owl:Thing
http://kbpedia.org/kko/rc/NeutralBuoyancyTraining,rdfs:subClassOf,http://kbpedia.org/kko/rc/MilitaryEducationAndTraining
http://kbpedia.org/kko/rc/NeutralBuoyancyTraining,rdfs:subClassOf,owl:Thing
http://kbpedia.org/kko/rc/NeutralBuoyancyTraining,rdfs:subClassOf,http://kbpedia.org/kko/rc/Simulation_Activity
http://kbpedia.org/kko/rc/NeutralBuoyancyTraining,rdfs:subClassOf,http://kbpedia.org/kko/rc/SpaceTransportationEvent
http://kbpedia.org/kko/rc/NeutralBuoyancyTraining,rdfs:subClassOf,http://kbpedia.org/kko/rc/Weightlessness
http://kbpedia.org/kko/rc/NeutralBuoyancyTraining,rdfs:subClassOf,http://kbpedia.org/kko/rc/Training
http://kbpedia.org/kko/rc/BudgetDescriptionDocument,rdfs:subClassOf,http://kbpedia.org/kko/rc/BusinessRelatedDocumentOrAgreement
http://kbpedia.org/kko/rc/BudgetDescriptionDocument,rdfs:subClassOf,owl:Thing
http://kbpedia.org/kko/rc/BudgetDescriptionDocument,rdfs:subClassOf,http://kbpedia.org/kko/rc/WebPage
http://kbpedia.org/kko/rc/BudgetDescriptionDocument,rdfs:subClassOf,http://kbpedia.org/kko/rc/NonfictionalPCW
http://kbpedia.org/kko/rc/BudgetDescriptionDocument,rdfs:subClassOf,http://kbpedia.org/kko/rc/TextualPCW
http://kbpedia.org/kko/rc/SocialSecurity,rdfs:subClassOf,http://kbpedia.org/kko/rc/Welfare_GovernmentService
http://kbpedia.org/kko/rc/SocialSecurity,rdfs:subClassOf,owl:Thing
http://kbpedia.org/kko/rc/UnemploymentBenefit,rdfs:subClassOf,http://kbpedia.org/kko/rc/Unemployment
http://kbpedia.org/kko/rc/UnemploymentBenefit,rdfs:subClassOf,owl:Thing
http://kbpedia.org/kko/rc/LoanConsolidation,rdfs:subClassOf,http://kbpedia.org/kko/rc/BusinessRelationshipActivity
http://kbpedia.org/kko/rc/LoanConsolidation,rdfs:subClassOf,owl:Thing
http://kbpedia.org/kko/rc/LoanConsolidation,rdfs:subClassOf,http://kbpedia.org/kko/rc/FinancingByBorrowing
http://kbpedia.org/kko/rc/TelecommunicationSite,rdfs:subClassOf,http://kbpedia.org/kko/rc/IndustrialLandParcel
http://kbpedia.org/kko/rc/TelecommunicationSite,rdfs:subClassOf,owl:Thing
http://kbpedia.org/kko/rc/CallLoan,rdfs:subClassOf,http://kbpedia.org/kko/rc/DemandLoan
http://kbpedia.org/kko/rc/CallLoan,rdfs:subClassOf,owl:Thing
http://kbpedia.org/kko/rc/GNUGeneralPublicLicense,rdfs:subClassOf,http://kbpedia.org/kko/rc/License_LegalAgreement
http://kbpedia.org/kko/rc/GNUGeneralPublicLicense,rdfs:subClassOf,owl:Thing
http://kbpedia.org/kko/rc/PaymentOverdue,rdfs:subClassOf,http://kbpedia.org/kko/rc/Account_LegalAgreement
http://kbpedia.org/kko/rc/PaymentOverdue,rdfs:subClassOf,owl:Thing
http://kbpedia.org/kko/rc/AnimalTraining,rdfs:subClassOf,http://kbpedia.org/kko/rc/Training
http://kbpedia.org/kko/rc/AnimalTraining,rdfs:subClassOf,owl:Thing
http://kbpedia.org/kko/rc/Cafe_Place,rdfs:subClassOf,http://kbpedia.org/kko/rc/CommercialBuilding
http://kbpedia.org/kko/rc/Cafe_Place,rdfs:subClassOf,owl:Thing
http://kbpedia.org/kko/rc/Cafe_Place,rdfs:subClassOf,http://kbpedia.org/kko/rc/RestaurantSpace
http://kbpedia.org/kko/rc/NavalBase,rdfs:subClassOf,http://kbpedia.org/kko/rc/GovernmentalLandParcel
http://kbpedia.org/kko/rc/NavalBase,rdfs:subClassOf,owl:Thing
http://kbpedia.org/kko/rc/Parthenon,rdfs:subClassOf,http://kbpedia.org/kko/rc/Landmark
http://kbpedia.org/kko/rc/Parthenon,rdfs:subClassOf,owl:Thing
http://kbpedia.org/kko/rc/CompulsoryMortgageInsurance,rdfs:subClassOf,http://kbpedia.org/kko/rc/MortgageInsurance
http://kbpedia.org/kko/rc/CompulsoryMortgageInsurance,rdfs:subClassOf,owl:Thing
http://kbpedia.org/kko/rc/SecondaryEducation,rdfs:subClassOf,http://kbpedia.org/kko/rc/Education
http://kbpedia.org/kko/rc/SecondaryEducation,rdfs:subClassOf,owl:Thing
http://kbpedia.org/kko/rc/Archive,rdfs:subClassOf,http://kbpedia.org/kko/rc/Holdings
http://kbpedia.org/kko/rc/Archive,rdfs:subClassOf,owl:Thing
http://kbpedia.org/kko/rc/Archive,rdfs:subClassOf,http://kbpedia.org/kko/rc/InformationBearingObject
http://kbpedia.org/kko/rc/Archive,rdfs:subClassOf,http://kbpedia.org/kko/rc/Mob
http://kbpedia.org/kko/rc/SocialSecurityAccount,rdfs:subClassOf,http://kbpedia.org/kko/rc/PersonalAccount
http://kbpedia.org/kko/rc/SocialSecurityAccount,rdfs:subClassOf,owl:Thing
http://kbpedia.org/kko/rc/Fare,rdfs:subClassOf,http://kbpedia.org/kko/rc/Ticket
http://kbpedia.org/kko/rc/Fare,rdfs:subClassOf,owl:Thing
http://kbpedia.org/kko/rc/ChineseLanguageEducation,rdfs:subClassOf,http://kbpedia.org/kko/rc/LanguageEducation
http://kbpedia.org/kko/rc/ChineseLanguageEducation,rdfs:subClassOf,owl:Thing
http://kbpedia.org/kko/rc/PaymentShock,rdfs:subClassOf,http://kbpedia.org/kko/rc/FinancialActivity
http://kbpedia.org/kko/rc/PaymentShock,rdfs:subClassOf,owl:Thing
http://kbpedia.org/kko/rc/SickLeaveAccount,rdfs:subClassOf,http://kbpedia.org/kko/rc/WorkAccount
http://kbpedia.org/kko/rc/SickLeaveAccount,rdfs:subClassOf,owl:Thing
http://kbpedia.org/kko/rc/AutomobileAccidentInsurance_FullyComprehensive,rdfs:subClassOf,http://kbpedia.org/kko/rc/AutomobileInsurance
http://kbpedia.org/kko/rc/AutomobileAccidentInsurance_FullyComprehensive,rdfs:subClassOf,owl:Thing
http://kbpedia.org/kko/rc/AutomobileAccidentInsurance_FullyComprehensive,rdfs:subClassOf,http://kbpedia.org/kko/rc/TheftInsurance
http://kbpedia.org/kko/rc/InvestmentAccount,rdfs:subClassOf,http://kbpedia.org/kko/rc/BankOfferedProduct
http://kbpedia.org/kko/rc/InvestmentAccount,rdfs:subClassOf,owl:Thing
http://kbpedia.org/kko/rc/Business_RelatedDocument,rdfs:subClassOf,http://kbpedia.org/kko/rc/BusinessRelatedDocumentOrAgreement
http://kbpedia.org/kko/rc/Business_RelatedDocument,rdfs:subClassOf,owl:Thing
http://kbpedia.org/kko/rc/WarehouseLine,rdfs:subClassOf,http://kbpedia.org/kko/rc/LoanAgreement
http://kbpedia.org/kko/rc/WarehouseLine,rdfs:subClassOf,owl:Thing
http://kbpedia.org/kko/rc/Welfare_GovernmentService,rdfs:subClassOf,http://kbpedia.org/kko/rc/GovernmentPaidService
http://kbpedia.org/kko/rc/Welfare_GovernmentService,rdfs:subClassOf,owl:Thing
http://kbpedia.org/kko/rc/JeffersonNickel,rdfs:subClassOf,http://kbpedia.org/kko/rc/NickelCoin_US
http://kbpedia.org/kko/rc/JeffersonNickel,rdfs:subClassOf,owl:Thing
http://kbpedia.org/kko/rc/Advising_Professional,rdfs:subClassOf,http://kbpedia.org/kko/rc/Advising
http://kbpedia.org/kko/rc/Advising_Professional,rdfs:subClassOf,owl:Thing
http://kbpedia.org/kko/rc/Advising_Professional,rdfs:subClassOf,http://kbpedia.org/kko/rc/BusinessActivity
http://kbpedia.org/kko/rc/Advising_Professional,rdfs:subClassOf,http://kbpedia.org/kko/rc/Management
http://kbpedia.org/kko/rc/BankOfferedProduct,rdfs:subClassOf,http://kbpedia.org/kko/rc/FinanceInstrumentProductContract
http://kbpedia.org/kko/rc/BankOfferedProduct,rdfs:subClassOf,owl:Thing
