id,subclassof,parent
rc:JeffersonRiver,rdfs:subClassOf,rc:River
rc:JeffersonRiver,rdfs:subClassOf,owl:Thing
rc:IceCreamScoop,rdfs:subClassOf,rc:Spoon
rc:IceCreamScoop,rdfs:subClassOf,owl:Thing
rc:IsleOfMan_Island,rdfs:subClassOf,rc:Island
rc:IsleOfMan_Island,rdfs:subClassOf,owl:Thing
rc:Subdistrict_GermanDemocraticRepublic,rdfs:subClassOf,rc:SecondOrderAdministrativeDivision
rc:Subdistrict_GermanDemocraticRepublic,rdfs:subClassOf,owl:Thing
rc:FossilFuelPowerGenerationComplex,rdfs:subClassOf,rc:ThermalPowerGenerationComplex
rc:FossilFuelPowerGenerationComplex,rdfs:subClassOf,owl:Thing
rc:DrivingRange,rdfs:subClassOf,rc:GolfingArea
rc:DrivingRange,rdfs:subClassOf,owl:Thing
rc:LundaNorte_ProvinceAngola,rdfs:subClassOf,rc:Province_Angola
rc:LundaNorte_ProvinceAngola,rdfs:subClassOf,owl:Thing
rc:CaspianSea,rdfs:subClassOf,rc:InternationalWaters
rc:CaspianSea,rdfs:subClassOf,owl:Thing
rc:Bukhara,rdfs:subClassOf,rc:Khorasan_ProvinceIran
rc:Bukhara,rdfs:subClassOf,owl:Thing
rc:ArabianPeninsula,rdfs:subClassOf,rc:Peninsula
rc:ArabianPeninsula,rdfs:subClassOf,owl:Thing
rc:ParkInWyoming,rdfs:subClassOf,rc:Park
rc:ParkInWyoming,rdfs:subClassOf,owl:Thing
rc:StreetSystem,rdfs:subClassOf,rc:PathArtifact_HumanOccupied
rc:StreetSystem,rdfs:subClassOf,owl:Thing
rc:Ghetto,rdfs:subClassOf,rc:UrbanNeighborhood
rc:Ghetto,rdfs:subClassOf,owl:Thing
rc:PortOrHarborOfTheSouthShetlandIslands,rdfs:subClassOf,rc:SouthShetlandIslands
rc:PortOrHarborOfTheSouthShetlandIslands,rdfs:subClassOf,owl:Thing
rc:District_Madagascar,rdfs:subClassOf,rc:SecondOrderAdministrativeDivision
rc:District_Madagascar,rdfs:subClassOf,owl:Thing
rc:OuterSpace,rdfs:subClassOf,rc:InOuterSpace
rc:OuterSpace,rdfs:subClassOf,owl:Thing
rc:LavaField,rdfs:subClassOf,rc:LandTopographicalFeature
rc:LavaField,rdfs:subClassOf,owl:Thing
rc:CoffeeHouse_Building,rdfs:subClassOf,rc:CommercialBuilding
rc:CoffeeHouse_Building,rdfs:subClassOf,owl:Thing
rc:TruckRoute,rdfs:subClassOf,rc:TravelRoute_Road
rc:TruckRoute,rdfs:subClassOf,owl:Thing
rc:Province_Iraq,rdfs:subClassOf,rc:Province
rc:Province_Iraq,rdfs:subClassOf,owl:Thing
rc:Afromontane,rdfs:subClassOf,rc:ArabianPeninsula
rc:Afromontane,rdfs:subClassOf,owl:Thing
rc:LakeSuperiorCircleTour,rdfs:subClassOf,rc:CircleTour
rc:LakeSuperiorCircleTour,rdfs:subClassOf,owl:Thing
rc:Kham,rdfs:subClassOf,rc:Tibet
rc:Kham,rdfs:subClassOf,owl:Thing
rc:Province_Cambodia,rdfs:subClassOf,rc:Province
rc:Province_Cambodia,rdfs:subClassOf,owl:Thing
rc:GridStreetSystem,rdfs:subClassOf,rc:StreetSystem
rc:GridStreetSystem,rdfs:subClassOf,owl:Thing
rc:Circinus_Constellation,rdfs:subClassOf,rc:Constellation
rc:Circinus_Constellation,rdfs:subClassOf,owl:Thing
rc:PoliceFacility,rdfs:subClassOf,rc:GovernmentalBuilding
rc:PoliceFacility,rdfs:subClassOf,owl:Thing
rc:Loch_Lake,rdfs:subClassOf,rc:Lake
rc:Loch_Lake,rdfs:subClassOf,owl:Thing
rc:LundaSul_ProvinceAngola,rdfs:subClassOf,rc:Province_Angola
rc:LundaSul_ProvinceAngola,rdfs:subClassOf,owl:Thing
rc:Deck_BuildingPart,rdfs:subClassOf,rc:FixedStructurePlatform
rc:Deck_BuildingPart,rdfs:subClassOf,owl:Thing
rc:GulfOfCalifornia,rdfs:subClassOf,rc:Gulf
rc:GulfOfCalifornia,rdfs:subClassOf,owl:Thing
rc:Nauru,rdfs:subClassOf,rc:Country
rc:Nauru,rdfs:subClassOf,owl:Thing
rc:LightGuidedMissileFrigate,rdfs:subClassOf,rc:MissileWatercraft_Surface
rc:LightGuidedMissileFrigate,rdfs:subClassOf,rc:ModernFrigate
rc:LightGuidedMissileFrigate,rdfs:subClassOf,owl:Thing
rc:AlAnbar_ProvinceIraq,rdfs:subClassOf,rc:Province_Iraq
rc:AlAnbar_ProvinceIraq,rdfs:subClassOf,owl:Thing
rc:BanteayMeanchey_ProvinceCambodia,rdfs:subClassOf,rc:Province_Cambodia
rc:BanteayMeanchey_ProvinceCambodia,rdfs:subClassOf,owl:Thing
rc:Malanje_ProvinceAngola,rdfs:subClassOf,rc:Province_Angola
rc:Malanje_ProvinceAngola,rdfs:subClassOf,owl:Thing
rc:LochNess_Lake,rdfs:subClassOf,rc:Loch_Lake
rc:LochNess_Lake,rdfs:subClassOf,owl:Thing
rc:ReDitalia_classIronclad,rdfs:subClassOf,rc:IroncladWarship
rc:ReDitalia_classIronclad,rdfs:subClassOf,owl:Thing
rc:BroadleafForest,rdfs:subClassOf,rc:Forest
rc:BroadleafForest,rdfs:subClassOf,owl:Thing
rc:AquaticEcosystem,rdfs:subClassOf,rc:WaterRegion
rc:AquaticEcosystem,rdfs:subClassOf,owl:Thing
rc:Ecuador,rdfs:subClassOf,rc:SouthAmericanCountry
rc:Ecuador,rdfs:subClassOf,owl:Thing
rc:DetentionFacility,rdfs:subClassOf,rc:Facility_Construct
rc:DetentionFacility,rdfs:subClassOf,rc:ModernShelterConstruction
rc:DetentionFacility,rdfs:subClassOf,owl:Thing
rc:MonumentOrMemorialInIran,rdfs:subClassOf,rc:Monument
rc:MonumentOrMemorialInIran,rdfs:subClassOf,owl:Thing
rc:Perseus_Constellation,rdfs:subClassOf,rc:Constellation
rc:Perseus_Constellation,rdfs:subClassOf,owl:Thing
rc:PortSudan,rdfs:subClassOf,rc:CapitalCityOfRegion
rc:PortSudan,rdfs:subClassOf,owl:Thing
rc:Micronesia_FederatedStatesOf,rdfs:subClassOf,rc:Country
rc:Micronesia_FederatedStatesOf,rdfs:subClassOf,owl:Thing
rc:Roadstead,rdfs:subClassOf,rc:BodyOfWater_Area
rc:Roadstead,rdfs:subClassOf,owl:Thing
rc:WesternHorizon,rdfs:subClassOf,rc:Horizon
rc:WesternHorizon,rdfs:subClassOf,owl:Thing
rc:Estuary,rdfs:subClassOf,rc:BodyOfWater_Flowing
rc:Estuary,rdfs:subClassOf,owl:Thing
rc:ShotPutField,rdfs:subClassOf,rc:AthleticField
rc:ShotPutField,rdfs:subClassOf,owl:Thing
rc:LavanIsland,rdfs:subClassOf,rc:Province_Iran
rc:LavanIsland,rdfs:subClassOf,owl:Thing
rc:SouthAsianCountry,rdfs:subClassOf,rc:Country
rc:SouthAsianCountry,rdfs:subClassOf,owl:Thing
rc:SuezGovernorate,rdfs:subClassOf,rc:Governorate
rc:SuezGovernorate,rdfs:subClassOf,owl:Thing
rc:Superpower,rdfs:subClassOf,rc:IndependentCountry
rc:Superpower,rdfs:subClassOf,owl:Thing
rc:Spaceport,rdfs:subClassOf,rc:SpaceLaunchFacility
rc:Spaceport,rdfs:subClassOf,rc:Terminal_TransferPoint
rc:Spaceport,rdfs:subClassOf,owl:Thing
rc:MobileRetailOutlet,rdfs:subClassOf,rc:RetailOutlet
rc:MobileRetailOutlet,rdfs:subClassOf,owl:Thing
rc:Khammouan_ProvinceLaos,rdfs:subClassOf,rc:Province_Laos
rc:Khammouan_ProvinceLaos,rdfs:subClassOf,owl:Thing
rc:GreatBearLake,rdfs:subClassOf,rc:FreshWaterLake
rc:GreatBearLake,rdfs:subClassOf,owl:Thing
rc:Tunisia,rdfs:subClassOf,rc:ArabWorld
rc:Tunisia,rdfs:subClassOf,owl:Thing
rc:Kayak,rdfs:subClassOf,rc:Boat
rc:Kayak,rdfs:subClassOf,rc:Watercraft_Small
rc:Kayak,rdfs:subClassOf,owl:Thing
rc:PanamintRange,rdfs:subClassOf,rc:MountainRange
rc:PanamintRange,rdfs:subClassOf,owl:Thing
rc:Euboea_Island_Greece,rdfs:subClassOf,rc:Island
rc:Euboea_Island_Greece,rdfs:subClassOf,owl:Thing
rc:RhoneRiver,rdfs:subClassOf,rc:River
rc:RhoneRiver,rdfs:subClassOf,owl:Thing
rc:SurfaceLayer_TopSurface,rdfs:subClassOf,rc:DirtSoil
rc:SurfaceLayer_TopSurface,rdfs:subClassOf,owl:Thing
rc:AyersRock,rdfs:subClassOf,rc:Landmark
rc:AyersRock,rdfs:subClassOf,owl:Thing
rc:Loch_Cove,rdfs:subClassOf,rc:Cove
rc:Loch_Cove,rdfs:subClassOf,owl:Thing
rc:IceCreamTruck,rdfs:subClassOf,rc:MobileRetailOutlet
rc:IceCreamTruck,rdfs:subClassOf,owl:Thing
rc:Apennines_Mountains,rdfs:subClassOf,rc:MountainRange
rc:Apennines_Mountains,rdfs:subClassOf,owl:Thing
rc:Mound_NGA,rdfs:subClassOf,rc:Hill
rc:Mound_NGA,rdfs:subClassOf,owl:Thing
rc:Marburg,rdfs:subClassOf,rc:City
rc:Marburg,rdfs:subClassOf,owl:Thing
rc:SaoTome_Island,rdfs:subClassOf,rc:Island
rc:SaoTome_Island,rdfs:subClassOf,owl:Thing
rc:Courageous_classAircraftCarrier,rdfs:subClassOf,rc:AircraftCarrier
rc:Courageous_classAircraftCarrier,rdfs:subClassOf,owl:Thing
rc:GreatLakes,rdfs:subClassOf,rc:FreshWaterLake
rc:GreatLakes,rdfs:subClassOf,rc:LakeGroup
rc:GreatLakes,rdfs:subClassOf,owl:Thing
rc:FastAttackCraft_Patrol,rdfs:subClassOf,rc:FastAttackCraft
rc:FastAttackCraft_Patrol,rdfs:subClassOf,owl:Thing
rc:ExaminingRoom,rdfs:subClassOf,rc:RoomInAConstruction
rc:ExaminingRoom,rdfs:subClassOf,owl:Thing
rc:BusinessInterstateHighway,rdfs:subClassOf,rc:InterstateHighway
rc:BusinessInterstateHighway,rdfs:subClassOf,owl:Thing
rc:Gampong_Indonesia,rdfs:subClassOf,rc:FourthOrderAdministrativeDivision
rc:Gampong_Indonesia,rdfs:subClassOf,owl:Thing
rc:Badghis_ProvinceAfghanistan,rdfs:subClassOf,rc:Province_Afghanistan
rc:Badghis_ProvinceAfghanistan,rdfs:subClassOf,owl:Thing
rc:Prison,rdfs:subClassOf,rc:DetentionFacility
rc:Prison,rdfs:subClassOf,owl:Thing
rc:MariposaCountyCalifornia,rdfs:subClassOf,rc:NorthernCalifornia
rc:MariposaCountyCalifornia,rdfs:subClassOf,owl:Thing
rc:OilField_Developed,rdfs:subClassOf,rc:ExcavationSite
rc:OilField_Developed,rdfs:subClassOf,rc:OilField
rc:OilField_Developed,rdfs:subClassOf,owl:Thing
rc:GeologicalHistoryOfTheGreatLakes,rdfs:subClassOf,rc:GreatLakes
rc:GeologicalHistoryOfTheGreatLakes,rdfs:subClassOf,owl:Thing
rc:Blonde_classCruiser,rdfs:subClassOf,rc:Cruiser
rc:Blonde_classCruiser,rdfs:subClassOf,owl:Thing
rc:GulfOfCorinth,rdfs:subClassOf,rc:Gulf
rc:GulfOfCorinth,rdfs:subClassOf,owl:Thing
rc:Bukidnon_ProvincePhilippines,rdfs:subClassOf,rc:Province_Philippines
rc:Bukidnon_ProvincePhilippines,rdfs:subClassOf,owl:Thing
rc:Tamaulipas_StateMexico,rdfs:subClassOf,rc:State_Mexico
rc:Tamaulipas_StateMexico,rdfs:subClassOf,owl:Thing
rc:Subdistrict_Iraq,rdfs:subClassOf,rc:ThirdOrderAdministrativeDivision
rc:Subdistrict_Iraq,rdfs:subClassOf,owl:Thing
rc:AdministrativeDivision_Mexico,rdfs:subClassOf,rc:AdministrativeDivision_SingleCountry
rc:AdministrativeDivision_Mexico,rdfs:subClassOf,owl:Thing
rc:UttarPradesh,rdfs:subClassOf,rc:State_India
rc:UttarPradesh,rdfs:subClassOf,owl:Thing
rc:Landsailor_Device,rdfs:subClassOf,rc:PersonalWatercraft
rc:Landsailor_Device,rdfs:subClassOf,owl:Thing
rc:Thailand,rdfs:subClassOf,rc:Country
rc:Thailand,rdfs:subClassOf,owl:Thing
rc:GothicPalace,rdfs:subClassOf,rc:PalaceBuilding
rc:GothicPalace,rdfs:subClassOf,owl:Thing
rc:BadlandsNationalPark,rdfs:subClassOf,rc:NationalPark
rc:BadlandsNationalPark,rdfs:subClassOf,owl:Thing
rc:Resadiye_classBattleship,rdfs:subClassOf,rc:Battleship
rc:Resadiye_classBattleship,rdfs:subClassOf,owl:Thing
rc:UrbanMunicipality_Germany,rdfs:subClassOf,rc:MunicipalityByCountry
rc:UrbanMunicipality_Germany,rdfs:subClassOf,owl:Thing
rc:Brig,rdfs:subClassOf,rc:Prison
rc:Brig,rdfs:subClassOf,owl:Thing
rc:Cetus_Constellation,rdfs:subClassOf,rc:Constellation
rc:Cetus_Constellation,rdfs:subClassOf,owl:Thing
rc:BiosphereReserve,rdfs:subClassOf,rc:Reserve_OutdoorRegion
rc:BiosphereReserve,rdfs:subClassOf,owl:Thing
rc:MilkRiver,rdfs:subClassOf,rc:River
rc:MilkRiver,rdfs:subClassOf,owl:Thing
rc:BurkinaFaso,rdfs:subClassOf,rc:Country
rc:BurkinaFaso,rdfs:subClassOf,owl:Thing
rc:Boat,rdfs:subClassOf,rc:Watercraft_Surface
rc:Boat,rdfs:subClassOf,owl:Thing
rc:Savonia,rdfs:subClassOf,rc:EasternFinland_ProvinceFinland
rc:Savonia,rdfs:subClassOf,owl:Thing
rc:FastAttackCraft_Torpedo,rdfs:subClassOf,rc:FastAttackCraft
rc:FastAttackCraft_Torpedo,rdfs:subClassOf,owl:Thing
rc:Rutana_ProvinceBurundi,rdfs:subClassOf,rc:Province_Burundi
rc:Rutana_ProvinceBurundi,rdfs:subClassOf,owl:Thing
rc:GasField_Developed,rdfs:subClassOf,rc:ExcavationSite
rc:GasField_Developed,rdfs:subClassOf,owl:Thing
rc:ReUmberto_classIronclad,rdfs:subClassOf,rc:IroncladWarship
rc:ReUmberto_classIronclad,rdfs:subClassOf,owl:Thing
rc:ChesapeakeBay,rdfs:subClassOf,rc:Estuary
rc:ChesapeakeBay,rdfs:subClassOf,owl:Thing
rc:Mandalam,rdfs:subClassOf,rc:AdministrativeDistrict
rc:Mandalam,rdfs:subClassOf,owl:Thing
rc:District_Marburg,rdfs:subClassOf,rc:District
rc:District_Marburg,rdfs:subClassOf,rc:Marburg
rc:District_Marburg,rdfs:subClassOf,owl:Thing
rc:AegeanSea,rdfs:subClassOf,rc:Sea
rc:AegeanSea,rdfs:subClassOf,owl:Thing
rc:Liaoning_ProvinceChina,rdfs:subClassOf,rc:ChineseProvince
rc:Liaoning_ProvinceChina,rdfs:subClassOf,owl:Thing
rc:Street_Urban,rdfs:subClassOf,rc:Street_Generic
rc:Street_Urban,rdfs:subClassOf,owl:Thing
rc:PoolHall_Building,rdfs:subClassOf,rc:CommercialBuilding
rc:PoolHall_Building,rdfs:subClassOf,rc:MultiRoomUnit
rc:PoolHall_Building,rdfs:subClassOf,owl:Thing
rc:PortVila,rdfs:subClassOf,rc:CapitalCityOfRegion
rc:PortVila,rdfs:subClassOf,owl:Thing
rc:ReinaVictoriaEugenia_classBattleship,rdfs:subClassOf,rc:Battleship
rc:ReinaVictoriaEugenia_classBattleship,rdfs:subClassOf,owl:Thing
rc:PanamintValley,rdfs:subClassOf,rc:Valley
rc:PanamintValley,rdfs:subClassOf,owl:Thing
rc:Provence,rdfs:subClassOf,rc:FrenchRegion
rc:Provence,rdfs:subClassOf,owl:Thing
rc:SludgePond,rdfs:subClassOf,rc:HumanAlteredSite
rc:SludgePond,rdfs:subClassOf,owl:Thing
rc:EasternCape_ProvinceSouthAfrica,rdfs:subClassOf,rc:Province_RepublicOfSouthAfrica
rc:EasternCape_ProvinceSouthAfrica,rdfs:subClassOf,owl:Thing
rc:ArtificialIsland,rdfs:subClassOf,rc:Island
rc:ArtificialIsland,rdfs:subClassOf,owl:Thing
rc:HeadquartersAndHeadquartersCompany,rdfs:subClassOf,rc:AdministrativeCenter
rc:HeadquartersAndHeadquartersCompany,rdfs:subClassOf,owl:Thing
rc:WaterTower,rdfs:subClassOf,rc:StorageTower
rc:WaterTower,rdfs:subClassOf,owl:Thing
rc:Sculptor_Constellation,rdfs:subClassOf,rc:Constellation
rc:Sculptor_Constellation,rdfs:subClassOf,owl:Thing
rc:JavaIsland_Indonesia,rdfs:subClassOf,rc:Island
rc:JavaIsland_Indonesia,rdfs:subClassOf,owl:Thing
rc:BroadwayManhattan,rdfs:subClassOf,rc:Street_Urban
rc:BroadwayManhattan,rdfs:subClassOf,owl:Thing
rc:Steamboat,rdfs:subClassOf,rc:Boat
rc:Steamboat,rdfs:subClassOf,owl:Thing
rc:Frazione,rdfs:subClassOf,rc:AdministrativeDistrict
rc:Frazione,rdfs:subClassOf,owl:Thing
rc:GulfOfEuboea,rdfs:subClassOf,rc:Gulf
rc:GulfOfEuboea,rdfs:subClassOf,owl:Thing
rc:DefensivePosition,rdfs:subClassOf,rc:CombatPosition
rc:DefensivePosition,rdfs:subClassOf,owl:Thing
rc:Qanat,rdfs:subClassOf,rc:ArtificialWaterFeature_Area
rc:Qanat,rdfs:subClassOf,rc:BodyOfWater_Flowing
rc:Qanat,rdfs:subClassOf,rc:Earthwork
rc:Qanat,rdfs:subClassOf,rc:IrrigationFloodControlWaterwork
rc:Qanat,rdfs:subClassOf,owl:Thing
rc:BouchesDuRhone,rdfs:subClassOf,rc:Provence
rc:BouchesDuRhone,rdfs:subClassOf,owl:Thing
rc:Ilam_ProvinceIran,rdfs:subClassOf,rc:Province_Iran
rc:Ilam_ProvinceIran,rdfs:subClassOf,owl:Thing
rc:NileRiverDelta,rdfs:subClassOf,rc:NileRiver
rc:NileRiverDelta,rdfs:subClassOf,owl:Thing
rc:EastLondonEasternCape,rdfs:subClassOf,rc:City
rc:EastLondonEasternCape,rdfs:subClassOf,rc:EasternCape_ProvinceSouthAfrica
rc:EastLondonEasternCape,rdfs:subClassOf,owl:Thing
rc:MenaiStrait,rdfs:subClassOf,rc:Bay
rc:MenaiStrait,rdfs:subClassOf,rc:IrishSea
rc:MenaiStrait,rdfs:subClassOf,owl:Thing
rc:ArtificialLake,rdfs:subClassOf,rc:WaterReservoir
rc:ArtificialLake,rdfs:subClassOf,owl:Thing
rc:RoadwayInterchange,rdfs:subClassOf,rc:PavedRoadway
rc:RoadwayInterchange,rdfs:subClassOf,rc:RoadwayJunction
rc:RoadwayInterchange,rdfs:subClassOf,owl:Thing
rc:FossilFuel,rdfs:subClassOf,rc:EarthenSubstance
rc:FossilFuel,rdfs:subClassOf,owl:Thing
rc:Banten,rdfs:subClassOf,rc:JavaIsland_Indonesia
rc:Banten,rdfs:subClassOf,owl:Thing
rc:MonumentalColumn,rdfs:subClassOf,rc:Monument
rc:MonumentalColumn,rdfs:subClassOf,owl:Thing
rc:IsleOfWightCountyVirginia,rdfs:subClassOf,rc:USCounty
rc:IsleOfWightCountyVirginia,rdfs:subClassOf,owl:Thing
rc:Oratory_Worship,rdfs:subClassOf,rc:ChurchSpace
rc:Oratory_Worship,rdfs:subClassOf,owl:Thing
rc:WesternInterconnectedSystem_ElectricPowerGrid,rdfs:subClassOf,rc:ElectricPowerGrid
rc:WesternInterconnectedSystem_ElectricPowerGrid,rdfs:subClassOf,owl:Thing
rc:ListOfChicagoLandmark,rdfs:subClassOf,rc:Landmark
rc:ListOfChicagoLandmark,rdfs:subClassOf,owl:Thing
rc:RecyclingCenter,rdfs:subClassOf,rc:WasteFacility
rc:RecyclingCenter,rdfs:subClassOf,owl:Thing
rc:CocaColaBuildingOrStructure,rdfs:subClassOf,rc:BuildingOrStructure
rc:CocaColaBuildingOrStructure,rdfs:subClassOf,owl:Thing
rc:IroncladWarship,rdfs:subClassOf,rc:Battleship
rc:IroncladWarship,rdfs:subClassOf,rc:Steamboat
rc:IroncladWarship,rdfs:subClassOf,owl:Thing
rc:Ortsteil_Germany,rdfs:subClassOf,rc:Neighborhood
rc:Ortsteil_Germany,rdfs:subClassOf,owl:Thing
rc:ParkOrOpenSpaceOnTheRiverThames,rdfs:subClassOf,rc:Park
rc:ParkOrOpenSpaceOnTheRiverThames,rdfs:subClassOf,owl:Thing
rc:DnestrRiver,rdfs:subClassOf,rc:River
rc:DnestrRiver,rdfs:subClassOf,owl:Thing
rc:Courageous_classBattlecruiser,rdfs:subClassOf,rc:BattleCruiser
rc:Courageous_classBattlecruiser,rdfs:subClassOf,owl:Thing
rc:SouthernRussia,rdfs:subClassOf,rc:Russia
rc:SouthernRussia,rdfs:subClassOf,owl:Thing
rc:GreatBritain_TheIsland,rdfs:subClassOf,rc:Island
rc:GreatBritain_TheIsland,rdfs:subClassOf,owl:Thing
rc:UnrefinedOil,rdfs:subClassOf,rc:FossilFuel
rc:UnrefinedOil,rdfs:subClassOf,owl:Thing
rc:Tiaret_ProvinceAlgeria,rdfs:subClassOf,rc:Province_Algeria
rc:Tiaret_ProvinceAlgeria,rdfs:subClassOf,owl:Thing
rc:Banaba_Island_Kiribati,rdfs:subClassOf,rc:Island
rc:Banaba_Island_Kiribati,rdfs:subClassOf,owl:Thing
rc:KhanhHoa_ProvinceVietnam,rdfs:subClassOf,rc:Province_Vietnam
rc:KhanhHoa_ProvinceVietnam,rdfs:subClassOf,owl:Thing
rc:Planetarium,rdfs:subClassOf,rc:AstronomicalObservatory
rc:Planetarium,rdfs:subClassOf,owl:Thing
rc:Nagaland,rdfs:subClassOf,rc:State_India
rc:Nagaland,rdfs:subClassOf,owl:Thing
rc:House_Country,rdfs:subClassOf,rc:DetachedHouse
rc:House_Country,rdfs:subClassOf,owl:Thing
rc:Yunga,rdfs:subClassOf,rc:SubtropicalForest
rc:Yunga,rdfs:subClassOf,owl:Thing
rc:DaitoIslands,rdfs:subClassOf,rc:Archipelago
rc:DaitoIslands,rdfs:subClassOf,owl:Thing
rc:Qatar,rdfs:subClassOf,rc:ArabWorld
rc:Qatar,rdfs:subClassOf,rc:PersianGulfCountry
rc:Qatar,rdfs:subClassOf,owl:Thing
rc:NewCaledonia_Island,rdfs:subClassOf,rc:Island
rc:NewCaledonia_Island,rdfs:subClassOf,owl:Thing
rc:EastMalaysia_IslandSubregion,rdfs:subClassOf,rc:IslandSubregion
rc:EastMalaysia_IslandSubregion,rdfs:subClassOf,owl:Thing
rc:Moai,rdfs:subClassOf,rc:Megalith
rc:Moai,rdfs:subClassOf,owl:Thing
rc:Monitor,rdfs:subClassOf,rc:IroncladWarship
rc:Monitor,rdfs:subClassOf,owl:Thing
rc:Subdistrict_Syria,rdfs:subClassOf,rc:ThirdOrderAdministrativeDivision
rc:Subdistrict_Syria,rdfs:subClassOf,owl:Thing
rc:AdministrativeDivision_Russia,rdfs:subClassOf,rc:AdministrativeDivision_SingleCountry
rc:AdministrativeDivision_Russia,rdfs:subClassOf,owl:Thing
rc:TimorSea,rdfs:subClassOf,rc:Sea
rc:TimorSea,rdfs:subClassOf,owl:Thing
rc:RainyArea,rdfs:subClassOf,rc:CloudyArea
rc:RainyArea,rdfs:subClassOf,owl:Thing
rc:Syunik_ProvinceArmenia,rdfs:subClassOf,rc:Province_Armenia
rc:Syunik_ProvinceArmenia,rdfs:subClassOf,owl:Thing
rc:ElectricalWiring,rdfs:subClassOf,rc:PowerDistribution
rc:ElectricalWiring,rdfs:subClassOf,owl:Thing
rc:KoreanPeninsula,rdfs:subClassOf,rc:Peninsula
rc:KoreanPeninsula,rdfs:subClassOf,owl:Thing
rc:ShotTower,rdfs:subClassOf,rc:IndustrialBuildingStructure
rc:ShotTower,rdfs:subClassOf,owl:Thing
rc:Plantation,rdfs:subClassOf,rc:AgriculturalFacility
rc:Plantation,rdfs:subClassOf,rc:AgriculturalLand
rc:Plantation,rdfs:subClassOf,owl:Thing
rc:LakeTahoe,rdfs:subClassOf,rc:FreshWaterLake
rc:LakeTahoe,rdfs:subClassOf,owl:Thing
rc:AsphaltLake,rdfs:subClassOf,rc:TopographicalFeature
rc:AsphaltLake,rdfs:subClassOf,rc:UnrefinedOil
rc:AsphaltLake,rdfs:subClassOf,owl:Thing
rc:Uttarakhand,rdfs:subClassOf,rc:State_India
rc:Uttarakhand,rdfs:subClassOf,owl:Thing
rc:LowFlowIrrigationSystem,rdfs:subClassOf,rc:IrrigationSystem
rc:LowFlowIrrigationSystem,rdfs:subClassOf,owl:Thing
rc:CoordinatingPoint,rdfs:subClassOf,rc:GeneralPoint
rc:CoordinatingPoint,rdfs:subClassOf,owl:Thing
rc:Islet,rdfs:subClassOf,rc:IslandRegion
rc:Islet,rdfs:subClassOf,owl:Thing
rc:Nagari,rdfs:subClassOf,rc:FourthOrderAdministrativeDivision
rc:Nagari,rdfs:subClassOf,owl:Thing
rc:Oruzgan_ProvinceAfghanistan,rdfs:subClassOf,rc:Province_Afghanistan
rc:Oruzgan_ProvinceAfghanistan,rdfs:subClassOf,owl:Thing
rc:DrizzlingArea,rdfs:subClassOf,rc:RainyArea
rc:DrizzlingArea,rdfs:subClassOf,owl:Thing
rc:Bulacan_ProvincePhilippines,rdfs:subClassOf,rc:Province_Philippines
rc:Bulacan_ProvincePhilippines,rdfs:subClassOf,owl:Thing
rc:Mogador_classDestroyer,rdfs:subClassOf,rc:Destroyer
rc:Mogador_classDestroyer,rdfs:subClassOf,owl:Thing
rc:Slope_LowGradient,rdfs:subClassOf,rc:Slope_Topographical
rc:Slope_LowGradient,rdfs:subClassOf,owl:Thing
rc:TiberRiver,rdfs:subClassOf,rc:River
rc:TiberRiver,rdfs:subClassOf,owl:Thing
rc:Ghetto_Nazi_OccupiedEurope,rdfs:subClassOf,rc:Ghetto
rc:Ghetto_Nazi_OccupiedEurope,rdfs:subClassOf,owl:Thing
rc:CentralAsianGames,rdfs:subClassOf,rc:CentralAsia_Region
rc:CentralAsianGames,rdfs:subClassOf,owl:Thing
rc:Badlands_Topographical,rdfs:subClassOf,rc:LandTopographicalFeature
rc:Badlands_Topographical,rdfs:subClassOf,owl:Thing
rc:EuropeanParliamentConstituency,rdfs:subClassOf,rc:Constituency
rc:EuropeanParliamentConstituency,rdfs:subClassOf,owl:Thing
rc:PlatteRiver,rdfs:subClassOf,rc:River
rc:PlatteRiver,rdfs:subClassOf,owl:Thing
rc:Savoy,rdfs:subClassOf,rc:Alps_Mountains
rc:Savoy,rdfs:subClassOf,owl:Thing
rc:AdmiralLazarev_classMonitor,rdfs:subClassOf,rc:Monitor
rc:AdmiralLazarev_classMonitor,rdfs:subClassOf,owl:Thing
rc:Ceuta,rdfs:subClassOf,rc:NorthernAfrica
rc:Ceuta,rdfs:subClassOf,owl:Thing
rc:Uusimaa,rdfs:subClassOf,rc:SouthernFinland_ProvinceFinland
rc:Uusimaa,rdfs:subClassOf,owl:Thing
rc:BalingStation,rdfs:subClassOf,rc:FixedStructure
rc:BalingStation,rdfs:subClassOf,owl:Thing
rc:SubdistrictsInIraq,rdfs:subClassOf,rc:Iraq
rc:SubdistrictsInIraq,rdfs:subClassOf,owl:Thing
rc:Crematorium,rdfs:subClassOf,rc:CommercialBuilding
rc:Crematorium,rdfs:subClassOf,owl:Thing
rc:Turuma,rdfs:subClassOf,rc:ModernNavalShip
rc:Turuma,rdfs:subClassOf,owl:Thing
rc:G3Battlecruiser,rdfs:subClassOf,rc:BattleCruiser
rc:G3Battlecruiser,rdfs:subClassOf,owl:Thing
rc:Ramp_Undersea,rdfs:subClassOf,rc:Slope_LowGradient
rc:Ramp_Undersea,rdfs:subClassOf,owl:Thing
rc:PureMichiganByway,rdfs:subClassOf,rc:ScenicRoute
rc:PureMichiganByway,rdfs:subClassOf,owl:Thing
rc:Draw_Topographical,rdfs:subClassOf,rc:MinorTerrainFeature
rc:Draw_Topographical,rdfs:subClassOf,owl:Thing
rc:Tambon,rdfs:subClassOf,rc:ThirdOrderAdministrativeDivision
rc:Tambon,rdfs:subClassOf,owl:Thing
rc:MonumentalCross,rdfs:subClassOf,rc:Cross_FixedStructure
rc:MonumentalCross,rdfs:subClassOf,rc:Monument
rc:MonumentalCross,rdfs:subClassOf,owl:Thing
rc:Headquarters_Park,rdfs:subClassOf,rc:AdministrativeCenter
rc:Headquarters_Park,rdfs:subClassOf,owl:Thing
rc:HolySite,rdfs:subClassOf,rc:HistoricalSite
rc:HolySite,rdfs:subClassOf,rc:Place_NonAgent_POI
rc:HolySite,rdfs:subClassOf,owl:Thing
rc:Semnan_ProvinceIran,rdfs:subClassOf,rc:Province_Iran
rc:Semnan_ProvinceIran,rdfs:subClassOf,owl:Thing
rc:RoadwayJunction_Primary,rdfs:subClassOf,rc:RoadwayJunction
rc:RoadwayJunction_Primary,rdfs:subClassOf,owl:Thing
rc:GulfOfFinland,rdfs:subClassOf,rc:BalticSea
rc:GulfOfFinland,rdfs:subClassOf,owl:Thing
rc:CoffeePlantation,rdfs:subClassOf,rc:Plantation
rc:CoffeePlantation,rdfs:subClassOf,owl:Thing
rc:Cabin,rdfs:subClassOf,rc:House_Country
rc:Cabin,rdfs:subClassOf,owl:Thing
rc:Desa,rdfs:subClassOf,rc:FourthOrderAdministrativeDivision
rc:Desa,rdfs:subClassOf,owl:Thing
rc:IleDeFrance,rdfs:subClassOf,rc:FrenchRegion
rc:IleDeFrance,rdfs:subClassOf,owl:Thing
rc:UNESCOWorldHertitageSite,rdfs:subClassOf,rc:ProtectedArea
rc:UNESCOWorldHertitageSite,rdfs:subClassOf,owl:Thing
rc:AdministrativeDivision_SouthKorea,rdfs:subClassOf,rc:AdministrativeDivision_SingleCountry
rc:AdministrativeDivision_SouthKorea,rdfs:subClassOf,owl:Thing
rc:PeloponneseRegion,rdfs:subClassOf,rc:PeloponnesianPeninsula
rc:PeloponneseRegion,rdfs:subClassOf,owl:Thing
rc:Tambora_Volcano,rdfs:subClassOf,rc:Stratovolcano
rc:Tambora_Volcano,rdfs:subClassOf,owl:Thing
rc:Bougainville_Island,rdfs:subClassOf,rc:Island
rc:Bougainville_Island,rdfs:subClassOf,owl:Thing
rc:UrbanRingRailway,rdfs:subClassOf,rc:RailwayLine
rc:UrbanRingRailway,rdfs:subClassOf,owl:Thing
rc:BuddhistHolySite,rdfs:subClassOf,rc:HolySite
rc:BuddhistHolySite,rdfs:subClassOf,owl:Thing
rc:SouthernSavonia,rdfs:subClassOf,rc:EasternFinland_ProvinceFinland
rc:SouthernSavonia,rdfs:subClassOf,owl:Thing
rc:Bend_Road,rdfs:subClassOf,rc:PathArtifact_HumanOccupied
rc:Bend_Road,rdfs:subClassOf,owl:Thing
rc:MuscootReservoir,rdfs:subClassOf,rc:WaterReservoir
rc:MuscootReservoir,rdfs:subClassOf,owl:Thing
rc:OderRiver,rdfs:subClassOf,rc:River
rc:OderRiver,rdfs:subClassOf,owl:Thing
rc:GulfOfKhambhat,rdfs:subClassOf,rc:Gulf
rc:GulfOfKhambhat,rdfs:subClassOf,owl:Thing
rc:Sluice,rdfs:subClassOf,rc:ArtificialWaterFeature_Area
rc:Sluice,rdfs:subClassOf,rc:Earthwork
rc:Sluice,rdfs:subClassOf,rc:WaterSupplyNetwork
rc:Sluice,rdfs:subClassOf,owl:Thing
rc:DnieperRiver,rdfs:subClassOf,rc:River
rc:DnieperRiver,rdfs:subClassOf,owl:Thing
rc:AvawatzMountains,rdfs:subClassOf,rc:MountainRange
rc:AvawatzMountains,rdfs:subClassOf,owl:Thing
rc:Aegina_Island_Greece,rdfs:subClassOf,rc:Island
rc:Aegina_Island_Greece,rdfs:subClassOf,owl:Thing
rc:Borgou_ProvinceBenin,rdfs:subClassOf,rc:Province_Benin
rc:Borgou_ProvinceBenin,rdfs:subClassOf,owl:Thing
rc:Sachsen_classIronclad,rdfs:subClassOf,rc:IroncladWarship
rc:Sachsen_classIronclad,rdfs:subClassOf,owl:Thing
rc:Saparua,rdfs:subClassOf,rc:Island
rc:Saparua,rdfs:subClassOf,owl:Thing
rc:ThirdOrderAdministrativeDivision_Historical,rdfs:subClassOf,rc:ThirdOrderAdministrativeDivision
rc:ThirdOrderAdministrativeDivision_Historical,rdfs:subClassOf,owl:Thing
rc:Newfoundland_CanadianProvince,rdfs:subClassOf,rc:CanadianProvince
rc:Newfoundland_CanadianProvince,rdfs:subClassOf,owl:Thing
rc:AdmiralNakhimov_classCruiser,rdfs:subClassOf,rc:Cruiser
rc:AdmiralNakhimov_classCruiser,rdfs:subClassOf,owl:Thing
rc:CurrituckCountyNorthCarolina,rdfs:subClassOf,rc:USCounty
rc:CurrituckCountyNorthCarolina,rdfs:subClassOf,owl:Thing
rc:LassenCountyCalifornia,rdfs:subClassOf,rc:NorthernCalifornia
rc:LassenCountyCalifornia,rdfs:subClassOf,owl:Thing
rc:ProposedInterstateHighway,rdfs:subClassOf,rc:InterstateHighway
rc:ProposedInterstateHighway,rdfs:subClassOf,owl:Thing
rc:Park_City,rdfs:subClassOf,rc:Park
rc:Park_City,rdfs:subClassOf,owl:Thing
rc:NorthPlatteRiver,rdfs:subClassOf,rc:River
rc:NorthPlatteRiver,rdfs:subClassOf,owl:Thing
rc:MaysanProvinceIraq,rdfs:subClassOf,rc:Province_Iraq
rc:MaysanProvinceIraq,rdfs:subClassOf,owl:Thing
rc:SuperstitionMountains,rdfs:subClassOf,rc:MountainRange
rc:SuperstitionMountains,rdfs:subClassOf,owl:Thing
rc:BrightAlbedoFeature_Topographical,rdfs:subClassOf,rc:AlbedoFeature_Topographical
rc:BrightAlbedoFeature_Topographical,rdfs:subClassOf,owl:Thing
rc:ChichenItza,rdfs:subClassOf,rc:UNESCOWorldHertitageSite
rc:ChichenItza,rdfs:subClassOf,owl:Thing
rc:SuffolkVirginia,rdfs:subClassOf,rc:City
rc:SuffolkVirginia,rdfs:subClassOf,owl:Thing
rc:MendocinoCountyCalifornia,rdfs:subClassOf,rc:NorthernCalifornia
rc:MendocinoCountyCalifornia,rdfs:subClassOf,owl:Thing
rc:Mary_ProvinceTurkmenistan,rdfs:subClassOf,rc:Province_Turkmenistan
rc:Mary_ProvinceTurkmenistan,rdfs:subClassOf,owl:Thing
rc:TibetAutonomousRegion,rdfs:subClassOf,rc:Tibet
rc:TibetAutonomousRegion,rdfs:subClassOf,owl:Thing
rc:Darkroom,rdfs:subClassOf,rc:RoomInAConstruction
rc:Darkroom,rdfs:subClassOf,owl:Thing
rc:Vineyard,rdfs:subClassOf,rc:CropFarm
rc:Vineyard,rdfs:subClassOf,owl:Thing
rc:FloatingBridge_Military,rdfs:subClassOf,rc:Bridge_Military
rc:FloatingBridge_Military,rdfs:subClassOf,owl:Thing
rc:District_MaysanProvince,rdfs:subClassOf,rc:District
rc:District_MaysanProvince,rdfs:subClassOf,rc:MaysanProvinceIraq
rc:District_MaysanProvince,rdfs:subClassOf,owl:Thing
rc:MechanizedLandingCraft,rdfs:subClassOf,rc:LandingCraft
rc:MechanizedLandingCraft,rdfs:subClassOf,owl:Thing
rc:Moat,rdfs:subClassOf,rc:DefenseBuildingStructure
rc:Moat,rdfs:subClassOf,rc:Ditch
rc:Moat,rdfs:subClassOf,owl:Thing
rc:Park_County,rdfs:subClassOf,rc:Park
rc:Park_County,rdfs:subClassOf,owl:Thing
rc:Carrauntoohill_Ireland,rdfs:subClassOf,rc:Mountain
rc:Carrauntoohill_Ireland,rdfs:subClassOf,owl:Thing
rc:ListOfNationalParksOfSweden,rdfs:subClassOf,rc:NationalPark
rc:ListOfNationalParksOfSweden,rdfs:subClassOf,owl:Thing
rc:MountAspiringNationalPark,rdfs:subClassOf,rc:NationalPark
rc:MountAspiringNationalPark,rdfs:subClassOf,owl:Thing
rc:CabindaProvince_Angola,rdfs:subClassOf,rc:Province_Angola
rc:CabindaProvince_Angola,rdfs:subClassOf,owl:Thing
rc:Watershed,rdfs:subClassOf,rc:LandTopographicalFeature
rc:Watershed,rdfs:subClassOf,owl:Thing
rc:LakeTiticaca,rdfs:subClassOf,rc:FreshWaterLake
rc:LakeTiticaca,rdfs:subClassOf,owl:Thing
rc:NewBritain_IslandPapuaNewGuinea,rdfs:subClassOf,rc:BismarckArchipelago_PapuaNewGuinea
rc:NewBritain_IslandPapuaNewGuinea,rdfs:subClassOf,owl:Thing
rc:Nagato_classBattleship,rdfs:subClassOf,rc:Dreadnought
rc:Nagato_classBattleship,rdfs:subClassOf,owl:Thing
rc:TuolumneCountyCalifornia,rdfs:subClassOf,rc:NorthernCalifornia
rc:TuolumneCountyCalifornia,rdfs:subClassOf,owl:Thing
rc:Odin_classCoastalDefenseShip,rdfs:subClassOf,rc:CoastalDefenceShip
rc:Odin_classCoastalDefenseShip,rdfs:subClassOf,owl:Thing
rc:ForestReserve,rdfs:subClassOf,rc:Forest
rc:ForestReserve,rdfs:subClassOf,rc:NatureReserve
rc:ForestReserve,rdfs:subClassOf,owl:Thing
rc:Yunnan_ProvinceChina,rdfs:subClassOf,rc:ChineseProvince
rc:Yunnan_ProvinceChina,rdfs:subClassOf,owl:Thing
rc:Serpens_Constellation,rdfs:subClassOf,rc:Constellation
rc:Serpens_Constellation,rdfs:subClassOf,owl:Thing
rc:Aries_Constellation,rdfs:subClassOf,rc:ZodiacConstellation
rc:Aries_Constellation,rdfs:subClassOf,owl:Thing
rc:OzarkMountains,rdfs:subClassOf,rc:HillRange
rc:OzarkMountains,rdfs:subClassOf,owl:Thing
rc:ChesapeakeBayWatershed,rdfs:subClassOf,rc:ChesapeakeBay
rc:ChesapeakeBayWatershed,rdfs:subClassOf,rc:Watershed
rc:ChesapeakeBayWatershed,rdfs:subClassOf,owl:Thing
rc:Bydgoszcz_ProvincePoland,rdfs:subClassOf,rc:Province_Poland
rc:Bydgoszcz_ProvincePoland,rdfs:subClassOf,owl:Thing
rc:EastNewBritainProvince,rdfs:subClassOf,rc:NewBritain_IslandPapuaNewGuinea
rc:EastNewBritainProvince,rdfs:subClassOf,owl:Thing
rc:MagneticPoleOfPlanet,rdfs:subClassOf,rc:GeographicalPlace_POI
rc:MagneticPoleOfPlanet,rdfs:subClassOf,owl:Thing
rc:RoanokeColony,rdfs:subClassOf,rc:Country
rc:RoanokeColony,rdfs:subClassOf,owl:Thing
rc:IndustrializedRegion,rdfs:subClassOf,rc:EconomicRegion
rc:IndustrializedRegion,rdfs:subClassOf,owl:Thing
rc:Moat_Undersea,rdfs:subClassOf,rc:UnderwaterTopographicalFeature
rc:Moat_Undersea,rdfs:subClassOf,owl:Thing
rc:OutlineOfCanadianProvinceOrTerritory,rdfs:subClassOf,rc:CanadianProvince
rc:OutlineOfCanadianProvinceOrTerritory,rdfs:subClassOf,owl:Thing
rc:Spatula,rdfs:subClassOf,rc:CookingUtensil
rc:Spatula,rdfs:subClassOf,owl:Thing
rc:IsmayilliRayonuAzerbaijan,rdfs:subClassOf,rc:Province
rc:IsmayilliRayonuAzerbaijan,rdfs:subClassOf,owl:Thing
rc:CentralAsianStudies,rdfs:subClassOf,rc:CentralAsia_Region
rc:CentralAsianStudies,rdfs:subClassOf,owl:Thing
rc:InternationalAirport,rdfs:subClassOf,rc:CommercialAirport
rc:InternationalAirport,rdfs:subClassOf,owl:Thing
rc:Stairway,rdfs:subClassOf,rc:PathArtifact_HumanOccupied
rc:Stairway,rdfs:subClassOf,rc:TransportFacility
rc:Stairway,rdfs:subClassOf,owl:Thing
rc:TrainFerry,rdfs:subClassOf,rc:Railway
rc:TrainFerry,rdfs:subClassOf,owl:Thing
rc:ShipType,rdfs:subClassOf,rc:ModernNavalShip
rc:ShipType,rdfs:subClassOf,owl:Thing
rc:LesserAntilles_Archipelago,rdfs:subClassOf,rc:Archipelago
rc:LesserAntilles_Archipelago,rdfs:subClassOf,owl:Thing
rc:AmericanWaterLandmark,rdfs:subClassOf,rc:Landmark
rc:AmericanWaterLandmark,rdfs:subClassOf,owl:Thing
rc:Bend_Topographical,rdfs:subClassOf,rc:BodyOfWater_Area
rc:Bend_Topographical,rdfs:subClassOf,owl:Thing
rc:Labrador,rdfs:subClassOf,rc:Newfoundland_CanadianProvince
rc:Labrador,rdfs:subClassOf,owl:Thing
rc:Ecumenopolis,rdfs:subClassOf,rc:City
rc:Ecumenopolis,rdfs:subClassOf,owl:Thing
rc:NaturalElevation,rdfs:subClassOf,rc:LandTopographicalFeature
rc:NaturalElevation,rdfs:subClassOf,owl:Thing
rc:TravelRoute_Air,rdfs:subClassOf,rc:TravelRoute
rc:TravelRoute_Air,rdfs:subClassOf,owl:Thing
rc:Crevice_Topographical,rdfs:subClassOf,rc:Depression_Topographical
rc:Crevice_Topographical,rdfs:subClassOf,owl:Thing
rc:AdmiralSpiridov_classMonitor,rdfs:subClassOf,rc:Monitor
rc:AdmiralSpiridov_classMonitor,rdfs:subClassOf,owl:Thing
rc:Seat_Municipality,rdfs:subClassOf,rc:CapitalCityOfRegion
rc:Seat_Municipality,rdfs:subClassOf,owl:Thing
rc:KhantyMansiy_ProvinceRussia,rdfs:subClassOf,rc:Province_Russia
rc:KhantyMansiy_ProvinceRussia,rdfs:subClassOf,owl:Thing
rc:Khorasan_ProvinceIran,rdfs:subClassOf,rc:Province_Iran
rc:Khorasan_ProvinceIran,rdfs:subClassOf,owl:Thing
rc:CivilParish,rdfs:subClassOf,rc:AdministrativeDistrict
rc:CivilParish,rdfs:subClassOf,owl:Thing
rc:Bougouriba_ProvinceBurkinaFaso,rdfs:subClassOf,rc:Province_BurkinaFaso
rc:Bougouriba_ProvinceBurkinaFaso,rdfs:subClassOf,owl:Thing
rc:FireEscape,rdfs:subClassOf,rc:Stairway
rc:FireEscape,rdfs:subClassOf,owl:Thing
rc:ChesapeakeVirginia,rdfs:subClassOf,rc:City
rc:ChesapeakeVirginia,rdfs:subClassOf,owl:Thing
rc:ModernFrigate,rdfs:subClassOf,rc:ModernNavalShip
rc:ModernFrigate,rdfs:subClassOf,owl:Thing
rc:DniesterRiverSystem,rdfs:subClassOf,rc:DnestrRiver
rc:DniesterRiverSystem,rdfs:subClassOf,owl:Thing
rc:Retreat_Place,rdfs:subClassOf,rc:HumanlyOccupiedSpatialObject
rc:Retreat_Place,rdfs:subClassOf,owl:Thing
rc:AirlineRoute,rdfs:subClassOf,rc:TravelRoute_Air
rc:AirlineRoute,rdfs:subClassOf,owl:Thing
rc:Vermont_State,rdfs:subClassOf,rc:State_UnitedStates
rc:Vermont_State,rdfs:subClassOf,owl:Thing
rc:South_USRegion,rdfs:subClassOf,rc:USRegion
rc:South_USRegion,rdfs:subClassOf,owl:Thing
rc:Chasm_Topographical,rdfs:subClassOf,rc:Crevice_Topographical
rc:Chasm_Topographical,rdfs:subClassOf,owl:Thing
rc:AllWeather_PathArtifact,rdfs:subClassOf,rc:PathArtifact_Area
rc:AllWeather_PathArtifact,rdfs:subClassOf,owl:Thing
rc:MoghrarDistrict,rdfs:subClassOf,rc:Naama_ProvinceAlgeria
rc:MoghrarDistrict,rdfs:subClassOf,owl:Thing
rc:MilitaryDepot_Site,rdfs:subClassOf,rc:MilitaryFacility
rc:MilitaryDepot_Site,rdfs:subClassOf,rc:StorageFacility
rc:MilitaryDepot_Site,rdfs:subClassOf,owl:Thing
rc:BalkhProvince,rdfs:subClassOf,rc:Khorasan_ProvinceIran
rc:BalkhProvince,rdfs:subClassOf,owl:Thing
rc:Park,rdfs:subClassOf,rc:OutdoorRecreationArea
rc:Park,rdfs:subClassOf,rc:PublicProperty
rc:Park,rdfs:subClassOf,owl:Thing
rc:LockerRoom,rdfs:subClassOf,rc:RoomInAConstruction
rc:LockerRoom,rdfs:subClassOf,owl:Thing
rc:Malawi,rdfs:subClassOf,rc:Country
rc:Malawi,rdfs:subClassOf,owl:Thing
rc:BrightSpot_Topographical,rdfs:subClassOf,rc:BrightAlbedoFeature_Topographical
rc:BrightSpot_Topographical,rdfs:subClassOf,owl:Thing
rc:PancakeSpatula,rdfs:subClassOf,rc:Spatula
rc:PancakeSpatula,rdfs:subClassOf,owl:Thing
rc:GulfOfMaine,rdfs:subClassOf,rc:Gulf
rc:GulfOfMaine,rdfs:subClassOf,owl:Thing
rc:LongXuyen,rdfs:subClassOf,rc:City
rc:LongXuyen,rdfs:subClassOf,owl:Thing
rc:Kayanza_ProvinceBurundi,rdfs:subClassOf,rc:Province_Burundi
rc:Kayanza_ProvinceBurundi,rdfs:subClassOf,owl:Thing
rc:LimpopoRiver,rdfs:subClassOf,rc:River
rc:LimpopoRiver,rdfs:subClassOf,owl:Thing
rc:Chacal_classDestroyer,rdfs:subClassOf,rc:Destroyer
rc:Chacal_classDestroyer,rdfs:subClassOf,owl:Thing
rc:SouthernSixer,rdfs:subClassOf,rc:GreatSmokyMountains
rc:SouthernSixer,rdfs:subClassOf,owl:Thing
rc:ChristmasIsland_Kiribati,rdfs:subClassOf,rc:Island
rc:ChristmasIsland_Kiribati,rdfs:subClassOf,owl:Thing
rc:CircleTour,rdfs:subClassOf,rc:ScenicRoute
rc:CircleTour,rdfs:subClassOf,owl:Thing
rc:HortaAzores,rdfs:subClassOf,rc:City
rc:HortaAzores,rdfs:subClassOf,owl:Thing
rc:Barn,rdfs:subClassOf,rc:Facility_Agricultural
rc:Barn,rdfs:subClassOf,owl:Thing
rc:AirTrafficServiceRoute,rdfs:subClassOf,rc:AirlineRoute
rc:AirTrafficServiceRoute,rdfs:subClassOf,owl:Thing
rc:Bouira_ProvinceAlgeria,rdfs:subClassOf,rc:Province_Algeria
rc:Bouira_ProvinceAlgeria,rdfs:subClassOf,owl:Thing
rc:VinhLong_ProvinceVietnam,rdfs:subClassOf,rc:Province_Vietnam
rc:VinhLong_ProvinceVietnam,rdfs:subClassOf,owl:Thing
rc:JeleniaGora_ProvincePoland,rdfs:subClassOf,rc:Province_Poland
rc:JeleniaGora_ProvincePoland,rdfs:subClassOf,owl:Thing
rc:HokkaidoIsland_Japan,rdfs:subClassOf,rc:Island
rc:HokkaidoIsland_Japan,rdfs:subClassOf,owl:Thing
rc:Iona_Island,rdfs:subClassOf,rc:Island
rc:Iona_Island,rdfs:subClassOf,owl:Thing
rc:LassenPeak_Volcano,rdfs:subClassOf,rc:Stratovolcano
rc:LassenPeak_Volcano,rdfs:subClassOf,owl:Thing
rc:StoneCircle,rdfs:subClassOf,rc:Megalith
rc:StoneCircle,rdfs:subClassOf,owl:Thing
rc:PublicPark,rdfs:subClassOf,rc:MunicipalFacility
rc:PublicPark,rdfs:subClassOf,rc:Park
rc:PublicPark,rdfs:subClassOf,owl:Thing
rc:Grus_Constellation,rdfs:subClassOf,rc:Constellation
rc:Grus_Constellation,rdfs:subClassOf,owl:Thing
rc:State_Mexico,rdfs:subClassOf,rc:State_Geopolitical
rc:State_Mexico,rdfs:subClassOf,owl:Thing
rc:CivilParish_England,rdfs:subClassOf,rc:CivilParish
rc:CivilParish_England,rdfs:subClassOf,owl:Thing
rc:Capiz_ProvincePhilippines,rdfs:subClassOf,rc:Province_Philippines
rc:Capiz_ProvincePhilippines,rdfs:subClassOf,owl:Thing
rc:Slum,rdfs:subClassOf,rc:UrbanNeighborhood
rc:Slum,rdfs:subClassOf,owl:Thing
rc:LakeTravis,rdfs:subClassOf,rc:WaterReservoir
rc:LakeTravis,rdfs:subClassOf,owl:Thing
rc:WindwardIslands,rdfs:subClassOf,rc:LesserAntilles_Archipelago
rc:WindwardIslands,rdfs:subClassOf,owl:Thing
rc:Beitbridge,rdfs:subClassOf,rc:LimpopoRiver
rc:Beitbridge,rdfs:subClassOf,owl:Thing
rc:ExcavationPit,rdfs:subClassOf,rc:HeavyIndustryFacility
rc:ExcavationPit,rdfs:subClassOf,rc:IndustrialLandParcel
rc:ExcavationPit,rdfs:subClassOf,rc:Pit_Topographical
rc:ExcavationPit,rdfs:subClassOf,owl:Thing
rc:ProposedProvincesAndTerritoriesOfCanada,rdfs:subClassOf,rc:CanadianProvince
rc:ProposedProvincesAndTerritoriesOfCanada,rdfs:subClassOf,owl:Thing
rc:Avenue,rdfs:subClassOf,rc:Street_Generic
rc:Avenue,rdfs:subClassOf,owl:Thing
rc:Romblon_ProvincePhilippines,rdfs:subClassOf,rc:Province_Philippines
rc:Romblon_ProvincePhilippines,rdfs:subClassOf,owl:Thing
rc:NorthSeaEnergy,rdfs:subClassOf,rc:OilField
rc:NorthSeaEnergy,rdfs:subClassOf,owl:Thing
rc:UrbanTypeSettlement,rdfs:subClassOf,rc:AdministrativeDistrict
rc:UrbanTypeSettlement,rdfs:subClassOf,rc:UrbanArea
rc:UrbanTypeSettlement,rdfs:subClassOf,owl:Thing
rc:RogueNation,rdfs:subClassOf,rc:IndependentCountry
rc:RogueNation,rdfs:subClassOf,owl:Thing
rc:District_Mongolia,rdfs:subClassOf,rc:SecondOrderAdministrativeDivision
rc:District_Mongolia,rdfs:subClassOf,owl:Thing
rc:Aguascalientes_StateMexico,rdfs:subClassOf,rc:State_Mexico
rc:Aguascalientes_StateMexico,rdfs:subClassOf,owl:Thing
rc:Menhir,rdfs:subClassOf,rc:Megalith
rc:Menhir,rdfs:subClassOf,owl:Thing
rc:Street_Private,rdfs:subClassOf,rc:Street_Residential
rc:Street_Private,rdfs:subClassOf,owl:Thing
rc:Stonehenge_Place,rdfs:subClassOf,rc:StoneCircle
rc:Stonehenge_Place,rdfs:subClassOf,rc:UNESCOWorldHertitageSite
rc:Stonehenge_Place,rdfs:subClassOf,owl:Thing
rc:VinhPhuc_ProvinceVietnam,rdfs:subClassOf,rc:Province_Vietnam
rc:VinhPhuc_ProvinceVietnam,rdfs:subClassOf,owl:Thing
rc:MecheriaDistrict,rdfs:subClassOf,rc:Naama_ProvinceAlgeria
rc:MecheriaDistrict,rdfs:subClassOf,owl:Thing
rc:Wales,rdfs:subClassOf,rc:UnitedKingdom
rc:Wales,rdfs:subClassOf,owl:Thing
rc:TouristAttraction,rdfs:subClassOf,rc:PublicPark
rc:TouristAttraction,rdfs:subClassOf,owl:Thing
rc:Moxico_ProvinceAngola,rdfs:subClassOf,rc:Province_Angola
rc:Moxico_ProvinceAngola,rdfs:subClassOf,owl:Thing
rc:UrbanSettlement_Russia,rdfs:subClassOf,rc:MunicipalityByCountry
rc:UrbanSettlement_Russia,rdfs:subClassOf,rc:UrbanTypeSettlement
rc:UrbanSettlement_Russia,rdfs:subClassOf,owl:Thing
rc:HaiDuong_ProvinceVietnam,rdfs:subClassOf,rc:Province_Vietnam
rc:HaiDuong_ProvinceVietnam,rdfs:subClassOf,owl:Thing
rc:Appalachia,rdfs:subClassOf,rc:South_USRegion
rc:Appalachia,rdfs:subClassOf,owl:Thing
rc:DarlingDowns,rdfs:subClassOf,rc:GreatDividingRange
rc:DarlingDowns,rdfs:subClassOf,owl:Thing
rc:AncientGreece,rdfs:subClassOf,rc:Historical_Region
rc:AncientGreece,rdfs:subClassOf,owl:Thing
rc:SaladFork,rdfs:subClassOf,rc:Fork_SilverwarePiece
rc:SaladFork,rdfs:subClassOf,owl:Thing
rc:CarriacouAndPetiteMartinique,rdfs:subClassOf,rc:WindwardIslands
rc:CarriacouAndPetiteMartinique,rdfs:subClassOf,owl:Thing
rc:LesserCyclades,rdfs:subClassOf,rc:Cyclades
rc:LesserCyclades,rdfs:subClassOf,owl:Thing
rc:Kamchatka_Peninsula,rdfs:subClassOf,rc:Peninsula
rc:Kamchatka_Peninsula,rdfs:subClassOf,owl:Thing
rc:FastFrigate,rdfs:subClassOf,rc:ModernFrigate
rc:FastFrigate,rdfs:subClassOf,owl:Thing
rc:HaltingPlace,rdfs:subClassOf,rc:PopulatedPlace
rc:HaltingPlace,rdfs:subClassOf,owl:Thing
rc:SubdivisionOfWales,rdfs:subClassOf,rc:Wales
rc:SubdivisionOfWales,rdfs:subClassOf,owl:Thing
rc:LakeVictoria,rdfs:subClassOf,rc:BodyOfWater_Large
rc:LakeVictoria,rdfs:subClassOf,owl:Thing
rc:PuertoRico,rdfs:subClassOf,rc:Territory_US
rc:PuertoRico,rdfs:subClassOf,owl:Thing
rc:Bioko,rdfs:subClassOf,rc:Island
rc:Bioko,rdfs:subClassOf,owl:Thing
rc:Poolside,rdfs:subClassOf,rc:HumanlyOccupiedSpatialObject
rc:Poolside,rdfs:subClassOf,rc:Locale
rc:Poolside,rdfs:subClassOf,owl:Thing
rc:LeasedTerritory,rdfs:subClassOf,rc:LandParcel
rc:LeasedTerritory,rdfs:subClassOf,owl:Thing
rc:Radom_ProvincePoland,rdfs:subClassOf,rc:Province_Poland
rc:Radom_ProvincePoland,rdfs:subClassOf,owl:Thing
rc:Bulgaria,rdfs:subClassOf,rc:Country
rc:Bulgaria,rdfs:subClassOf,owl:Thing
rc:Courbet_classBattleship,rdfs:subClassOf,rc:Dreadnought
rc:Courbet_classBattleship,rdfs:subClassOf,owl:Thing
rc:Xewkija,rdfs:subClassOf,rc:Village
rc:Xewkija,rdfs:subClassOf,owl:Thing
rc:Ship_PermanentlyMoored,rdfs:subClassOf,rc:Ship
rc:Ship_PermanentlyMoored,rdfs:subClassOf,owl:Thing
rc:EcologicalRegion,rdfs:subClassOf,rc:GeographicalRegion
rc:EcologicalRegion,rdfs:subClassOf,owl:Thing
rc:Chaco_ProvinceArgentina,rdfs:subClassOf,rc:Province_Argentina
rc:Chaco_ProvinceArgentina,rdfs:subClassOf,owl:Thing
rc:SitesAssociatedWithStonehenge,rdfs:subClassOf,rc:Stonehenge_Place
rc:SitesAssociatedWithStonehenge,rdfs:subClassOf,owl:Thing
rc:Spillway,rdfs:subClassOf,rc:ArtificialWaterFeature_Area
rc:Spillway,rdfs:subClassOf,rc:WaterSupplyNetwork
rc:Spillway,rdfs:subClassOf,owl:Thing
rc:UrbanSettlement_Ukraine,rdfs:subClassOf,rc:UrbanTypeSettlement
rc:UrbanSettlement_Ukraine,rdfs:subClassOf,owl:Thing
rc:OnionDome,rdfs:subClassOf,rc:DomedRoof
rc:OnionDome,rdfs:subClassOf,owl:Thing
rc:ScrubbyVegetationRegion,rdfs:subClassOf,rc:BiomeType
rc:ScrubbyVegetationRegion,rdfs:subClassOf,owl:Thing
rc:CoffeeShopSpace,rdfs:subClassOf,rc:RestaurantSpace
rc:CoffeeShopSpace,rdfs:subClassOf,owl:Thing
rc:Qazvin_ProvinceIran,rdfs:subClassOf,rc:Province_Iran
rc:Qazvin_ProvinceIran,rdfs:subClassOf,owl:Thing
rc:PuertoRicoTrench,rdfs:subClassOf,rc:OceanTrench
rc:PuertoRicoTrench,rdfs:subClassOf,owl:Thing
rc:Cameroon,rdfs:subClassOf,rc:Country
rc:Cameroon,rdfs:subClassOf,owl:Thing
rc:Balkh_ProvinceAfghanistan,rdfs:subClassOf,rc:Province_Afghanistan
rc:Balkh_ProvinceAfghanistan,rdfs:subClassOf,owl:Thing
rc:GulfOfMexico,rdfs:subClassOf,rc:Gulf
rc:GulfOfMexico,rdfs:subClassOf,owl:Thing
rc:Umbria_RegionItaly,rdfs:subClassOf,rc:Region_Italy
rc:Umbria_RegionItaly,rdfs:subClassOf,owl:Thing
rc:Leipzig_classCruiser,rdfs:subClassOf,rc:LightCruiser
rc:Leipzig_classCruiser,rdfs:subClassOf,owl:Thing
rc:Corral,rdfs:subClassOf,rc:AnimalPen
rc:Corral,rdfs:subClassOf,owl:Thing
rc:Sailboat,rdfs:subClassOf,rc:Boat
rc:Sailboat,rdfs:subClassOf,rc:PersonalWatercraft
rc:Sailboat,rdfs:subClassOf,owl:Thing
rc:Estate_LegalEntity,rdfs:subClassOf,rc:RealProperty
rc:Estate_LegalEntity,rdfs:subClassOf,owl:Thing
rc:SouthernSudan,rdfs:subClassOf,rc:Country
rc:SouthernSudan,rdfs:subClassOf,owl:Thing
rc:CivilParish_Ireland,rdfs:subClassOf,rc:CivilParish
rc:CivilParish_Ireland,rdfs:subClassOf,owl:Thing
rc:Odisha,rdfs:subClassOf,rc:State_India
rc:Odisha,rdfs:subClassOf,owl:Thing
rc:RuralArea,rdfs:subClassOf,rc:Place_NonAgent_Area
rc:RuralArea,rdfs:subClassOf,owl:Thing
rc:NorthSinaiGovernorate,rdfs:subClassOf,rc:Governorate
rc:NorthSinaiGovernorate,rdfs:subClassOf,owl:Thing
rc:Camiguin_ProvincePhilippines,rdfs:subClassOf,rc:Province_Philippines
rc:Camiguin_ProvincePhilippines,rdfs:subClassOf,owl:Thing
rc:HauntedThing,rdfs:subClassOf,rc:AfterlifePlace
rc:HauntedThing,rdfs:subClassOf,kko:LocationPlace
rc:HauntedThing,rdfs:subClassOf,owl:Thing
rc:QeshmIsland,rdfs:subClassOf,rc:Island
rc:QeshmIsland,rdfs:subClassOf,owl:Thing
rc:Third_OrderAdministrativeDivision_Indonesia,rdfs:subClassOf,rc:ThirdOrderAdministrativeDivision
rc:Third_OrderAdministrativeDivision_Indonesia,rdfs:subClassOf,owl:Thing
rc:ChurchOfNorwayCathedral,rdfs:subClassOf,rc:Cathedral
rc:ChurchOfNorwayCathedral,rdfs:subClassOf,owl:Thing
rc:Rome,rdfs:subClassOf,rc:City
rc:Rome,rdfs:subClassOf,owl:Thing
rc:RogueRiverSiskiyouNationalForest,rdfs:subClassOf,rc:NationalForest
rc:RogueRiverSiskiyouNationalForest,rdfs:subClassOf,owl:Thing
rc:TyrrhenianSea,rdfs:subClassOf,rc:Sea
rc:TyrrhenianSea,rdfs:subClassOf,owl:Thing
rc:GulfOfMexicoOilFieldOfTheUnitedStates,rdfs:subClassOf,rc:OilField
rc:GulfOfMexicoOilFieldOfTheUnitedStates,rdfs:subClassOf,owl:Thing
rc:MissileFacility,rdfs:subClassOf,rc:MilitaryFacility
rc:MissileFacility,rdfs:subClassOf,owl:Thing
rc:Aurora_ProvincePhilippines,rdfs:subClassOf,rc:Province_Philippines
rc:Aurora_ProvincePhilippines,rdfs:subClassOf,owl:Thing
rc:Yerevan_ProvinceArmenia,rdfs:subClassOf,rc:Province_Armenia
rc:Yerevan_ProvinceArmenia,rdfs:subClassOf,owl:Thing
rc:Mozambique,rdfs:subClassOf,rc:Country
rc:Mozambique,rdfs:subClassOf,owl:Thing
rc:MaterialLandingShip,rdfs:subClassOf,rc:AmphibiousWarfareShip
rc:MaterialLandingShip,rdfs:subClassOf,owl:Thing
rc:NaturalRegion,rdfs:subClassOf,rc:EcologicalRegion
rc:NaturalRegion,rdfs:subClassOf,rc:RuralArea
rc:NaturalRegion,rdfs:subClassOf,owl:Thing
rc:FishFarm,rdfs:subClassOf,rc:AgriculturalFacility
rc:FishFarm,rdfs:subClassOf,owl:Thing
rc:Headwater,rdfs:subClassOf,rc:Channel_WaterPath
rc:Headwater,rdfs:subClassOf,owl:Thing
rc:Maryland_State,rdfs:subClassOf,rc:State_UnitedStates
rc:Maryland_State,rdfs:subClassOf,owl:Thing
rc:WeaponProductionFacility,rdfs:subClassOf,rc:ManufacturingFacility
rc:WeaponProductionFacility,rdfs:subClassOf,rc:MilitaryFacility
rc:WeaponProductionFacility,rdfs:subClassOf,owl:Thing
rc:Ayrarat,rdfs:subClassOf,rc:Yerevan_ProvinceArmenia
rc:Ayrarat,rdfs:subClassOf,owl:Thing
rc:District_Moscow,rdfs:subClassOf,rc:ThirdOrderAdministrativeDivision
rc:District_Moscow,rdfs:subClassOf,owl:Thing
rc:Streetlight,rdfs:subClassOf,rc:TransportFacility
rc:Streetlight,rdfs:subClassOf,owl:Thing
rc:SriLanka,rdfs:subClassOf,rc:Country
rc:SriLanka,rdfs:subClassOf,owl:Thing
rc:TrinidadAndTobago,rdfs:subClassOf,rc:Country
rc:TrinidadAndTobago,rdfs:subClassOf,owl:Thing
rc:Yacht,rdfs:subClassOf,rc:Sailboat
rc:Yacht,rdfs:subClassOf,owl:Thing
rc:Glacier,rdfs:subClassOf,rc:EcologicalRegion
rc:Glacier,rdfs:subClassOf,rc:TopographicalFeature
rc:Glacier,rdfs:subClassOf,owl:Thing
rc:MountCommunism,rdfs:subClassOf,rc:Mountain
rc:MountCommunism,rdfs:subClassOf,owl:Thing
rc:Tenement,rdfs:subClassOf,rc:FlatApartment
rc:Tenement,rdfs:subClassOf,rc:HumanResidence
rc:Tenement,rdfs:subClassOf,owl:Thing
rc:PersianGulfState,rdfs:subClassOf,rc:GeoculturalRegion
rc:PersianGulfState,rdfs:subClassOf,owl:Thing
rc:DarlingRiver,rdfs:subClassOf,rc:River
rc:DarlingRiver,rdfs:subClassOf,owl:Thing
rc:DryTropicalForest,rdfs:subClassOf,rc:ScrubbyVegetationRegion
rc:DryTropicalForest,rdfs:subClassOf,owl:Thing
rc:Cavite_ProvincePhilippines,rdfs:subClassOf,rc:Province_Philippines
rc:Cavite_ProvincePhilippines,rdfs:subClassOf,owl:Thing
rc:PortableCommercialBuildingStructure,rdfs:subClassOf,rc:PortableBuildingStructure
rc:PortableCommercialBuildingStructure,rdfs:subClassOf,owl:Thing
rc:ForestStation,rdfs:subClassOf,rc:BuildingCluster
rc:ForestStation,rdfs:subClassOf,rc:PublicBuildingStructure
rc:ForestStation,rdfs:subClassOf,owl:Thing
rc:BulgarianBlackSeaCoast,rdfs:subClassOf,rc:BlackSea
rc:BulgarianBlackSeaCoast,rdfs:subClassOf,owl:Thing
rc:DisplayStructure,rdfs:subClassOf,rc:TouristAttraction
rc:DisplayStructure,rdfs:subClassOf,owl:Thing
rc:DutchSpeakingCountryOrTerritory,rdfs:subClassOf,rc:LanguageSpeakingCountryOrTerritory
rc:DutchSpeakingCountryOrTerritory,rdfs:subClassOf,owl:Thing
rc:BandaSea,rdfs:subClassOf,rc:Sea
rc:BandaSea,rdfs:subClassOf,owl:Thing
rc:Area51,rdfs:subClassOf,rc:Airport_Physical
rc:Area51,rdfs:subClassOf,owl:Thing
rc:Watercraft_Subsurface,rdfs:subClassOf,rc:Watercraft
rc:Watercraft_Subsurface,rdfs:subClassOf,owl:Thing
rc:District_Mozambique,rdfs:subClassOf,rc:ThirdOrderAdministrativeDivision
rc:District_Mozambique,rdfs:subClassOf,owl:Thing
rc:ParkingGarage,rdfs:subClassOf,rc:Garage
rc:ParkingGarage,rdfs:subClassOf,rc:VehicleStorageConstruct
rc:ParkingGarage,rdfs:subClassOf,owl:Thing
rc:NagornoKarabakhRepublic,rdfs:subClassOf,rc:Province
rc:NagornoKarabakhRepublic,rdfs:subClassOf,owl:Thing
rc:GeographicalLine_Intangible,rdfs:subClassOf,rc:GeographicalPlace_Area
rc:GeographicalLine_Intangible,rdfs:subClassOf,owl:Thing
rc:NationalStatePark,rdfs:subClassOf,rc:GovernmentalLandParcel
rc:NationalStatePark,rdfs:subClassOf,owl:Thing
rc:MissileAssemblyFacility,rdfs:subClassOf,rc:MissileFacility
rc:MissileAssemblyFacility,rdfs:subClassOf,rc:WeaponProductionFacility
rc:MissileAssemblyFacility,rdfs:subClassOf,owl:Thing
rc:VoltaRiver,rdfs:subClassOf,rc:River
rc:VoltaRiver,rdfs:subClassOf,owl:Thing
rc:CompressionArchSuspendedDeckBridge,rdfs:subClassOf,rc:ArchBridge
rc:CompressionArchSuspendedDeckBridge,rdfs:subClassOf,owl:Thing
rc:Calabarzon,rdfs:subClassOf,rc:LuzonIsland_Philippines
rc:Calabarzon,rdfs:subClassOf,owl:Thing
rc:Radome,rdfs:subClassOf,rc:CommercialBuilding
rc:Radome,rdfs:subClassOf,owl:Thing
rc:MuseumStructure,rdfs:subClassOf,rc:DisplayStructure
rc:MuseumStructure,rdfs:subClassOf,rc:Landmark
rc:MuseumStructure,rdfs:subClassOf,rc:ModernShelterConstruction
rc:MuseumStructure,rdfs:subClassOf,owl:Thing
rc:BandaIslands,rdfs:subClassOf,rc:BandaSea
rc:BandaIslands,rdfs:subClassOf,rc:Island
rc:BandaIslands,rdfs:subClassOf,owl:Thing
rc:Yugoslavia,rdfs:subClassOf,rc:EasternEuropeanCountry
rc:Yugoslavia,rdfs:subClassOf,owl:Thing
rc:KhargIsland,rdfs:subClassOf,rc:Province_Iran
rc:KhargIsland,rdfs:subClassOf,owl:Thing
rc:SubtropicalForest,rdfs:subClassOf,rc:Forest
rc:SubtropicalForest,rdfs:subClassOf,owl:Thing
rc:KoreanSpeakingCountryOrTerritory,rdfs:subClassOf,rc:LanguageSpeakingCountryOrTerritory
rc:KoreanSpeakingCountryOrTerritory,rdfs:subClassOf,owl:Thing
rc:IwoJima_Island,rdfs:subClassOf,rc:Island
rc:IwoJima_Island,rdfs:subClassOf,owl:Thing
rc:CentralDeccanPlateauDryDeciduousForest,rdfs:subClassOf,rc:DryTropicalForest
rc:CentralDeccanPlateauDryDeciduousForest,rdfs:subClassOf,owl:Thing
rc:IndividualSailingYacht,rdfs:subClassOf,rc:Yacht
rc:IndividualSailingYacht,rdfs:subClassOf,owl:Thing
rc:LakeVolta,rdfs:subClassOf,rc:VoltaRiver
rc:LakeVolta,rdfs:subClassOf,owl:Thing
rc:UrbanSettlement_Uzbekistan,rdfs:subClassOf,rc:UrbanTypeSettlement
rc:UrbanSettlement_Uzbekistan,rdfs:subClassOf,owl:Thing
rc:Airfield,rdfs:subClassOf,rc:Airport_Physical
rc:Airfield,rdfs:subClassOf,owl:Thing
rc:Reserve_OutdoorRegion,rdfs:subClassOf,rc:NaturalRegion
rc:Reserve_OutdoorRegion,rdfs:subClassOf,rc:ProtectedArea
rc:Reserve_OutdoorRegion,rdfs:subClassOf,owl:Thing
rc:DemocraticRepublicOfTheCongo,rdfs:subClassOf,rc:Country
rc:DemocraticRepublicOfTheCongo,rdfs:subClassOf,owl:Thing
rc:SportsCourt,rdfs:subClassOf,rc:SportsPlayingArea
rc:SportsCourt,rdfs:subClassOf,owl:Thing
rc:SubdivisionOfYugoslavia,rdfs:subClassOf,rc:Yugoslavia
rc:SubdivisionOfYugoslavia,rdfs:subClassOf,owl:Thing
rc:IsogonicLine,rdfs:subClassOf,rc:GeographicalLine_Intangible
rc:IsogonicLine,rdfs:subClassOf,owl:Thing
rc:Meghalaya,rdfs:subClassOf,rc:State_India
rc:Meghalaya,rdfs:subClassOf,owl:Thing
rc:UnitedArabEmirates,rdfs:subClassOf,rc:ArabWorld
rc:UnitedArabEmirates,rdfs:subClassOf,rc:PersianGulfCountry
rc:UnitedArabEmirates,rdfs:subClassOf,owl:Thing
rc:Kamienica,rdfs:subClassOf,rc:Tenement
rc:Kamienica,rdfs:subClassOf,owl:Thing
rc:Ruyigi_ProvinceBurundi,rdfs:subClassOf,rc:Province_Burundi
rc:Ruyigi_ProvinceBurundi,rdfs:subClassOf,owl:Thing
rc:ArtMuseum_Structure,rdfs:subClassOf,rc:MuseumStructure
rc:ArtMuseum_Structure,rdfs:subClassOf,owl:Thing
rc:SouthAustralia,rdfs:subClassOf,rc:State_Australia
rc:SouthAustralia,rdfs:subClassOf,owl:Thing
rc:Gnagna_ProvinceBurkinaFaso,rdfs:subClassOf,rc:Province_BurkinaFaso
rc:Gnagna_ProvinceBurkinaFaso,rdfs:subClassOf,owl:Thing
rc:SmallBuilding,rdfs:subClassOf,rc:Building
rc:SmallBuilding,rdfs:subClassOf,owl:Thing
rc:BadmintonCourt,rdfs:subClassOf,rc:SportsCourt
rc:BadmintonCourt,rdfs:subClassOf,owl:Thing
rc:NuclearAircraftCarrier,rdfs:subClassOf,rc:AircraftCarrier
rc:NuclearAircraftCarrier,rdfs:subClassOf,owl:Thing
rc:Nest,rdfs:subClassOf,rc:AgriculturalBuildingStructure
rc:Nest,rdfs:subClassOf,owl:Thing
rc:NorthSumatra,rdfs:subClassOf,rc:SumatraIsland_Indonesia
rc:NorthSumatra,rdfs:subClassOf,owl:Thing
rc:Togdheer,rdfs:subClassOf,rc:Puntland
rc:Togdheer,rdfs:subClassOf,owl:Thing
rc:Airport_Physical,rdfs:subClassOf,rc:AircraftLandingAndTakeoffFacility
rc:Airport_Physical,rdfs:subClassOf,rc:CommunicationTower
rc:Airport_Physical,rdfs:subClassOf,owl:Thing
rc:IonianSea,rdfs:subClassOf,rc:Sea
rc:IonianSea,rdfs:subClassOf,owl:Thing
rc:WildernessPark,rdfs:subClassOf,rc:Park
rc:WildernessPark,rdfs:subClassOf,rc:Reserve_OutdoorRegion
rc:WildernessPark,rdfs:subClassOf,owl:Thing
rc:Region_Italy,rdfs:subClassOf,rc:Region_State_Geopolitical
rc:Region_Italy,rdfs:subClassOf,owl:Thing
rc:RadomiakRadom,rdfs:subClassOf,rc:Radom_ProvincePoland
rc:RadomiakRadom,rdfs:subClassOf,owl:Thing
rc:MiningAndTheEnvironment,rdfs:subClassOf,rc:Environment_Generic
rc:MiningAndTheEnvironment,rdfs:subClassOf,owl:Thing
rc:CarriageHouse,rdfs:subClassOf,rc:AgriculturalBuildingStructure
rc:CarriageHouse,rdfs:subClassOf,rc:SmallBuilding
rc:CarriageHouse,rdfs:subClassOf,owl:Thing
rc:Nimitz_classAircraftCarrier,rdfs:subClassOf,rc:NuclearAircraftCarrier
rc:Nimitz_classAircraftCarrier,rdfs:subClassOf,owl:Thing
rc:AppalachianMountain,rdfs:subClassOf,rc:MountainRange
rc:AppalachianMountain,rdfs:subClassOf,owl:Thing
rc:AgonicLine,rdfs:subClassOf,rc:IsogonicLine
rc:AgonicLine,rdfs:subClassOf,owl:Thing
rc:RomeNewYork,rdfs:subClassOf,rc:City
rc:RomeNewYork,rdfs:subClassOf,owl:Thing
rc:MuseeDOrsay_Building,rdfs:subClassOf,rc:MuseumStructure
rc:MuseeDOrsay_Building,rdfs:subClassOf,owl:Thing
rc:WaterPlatform_Subsurface,rdfs:subClassOf,rc:MilitaryWatercraft
rc:WaterPlatform_Subsurface,rdfs:subClassOf,rc:Watercraft_Subsurface
rc:WaterPlatform_Subsurface,rdfs:subClassOf,owl:Thing
rc:IonianIslands,rdfs:subClassOf,rc:IonianSea
rc:IonianIslands,rdfs:subClassOf,owl:Thing
rc:Anabranch,rdfs:subClassOf,rc:Stream
rc:Anabranch,rdfs:subClassOf,owl:Thing
rc:BrahmaputraRiver,rdfs:subClassOf,rc:River
rc:BrahmaputraRiver,rdfs:subClassOf,owl:Thing
rc:Kazakhstan,rdfs:subClassOf,rc:CaspianCountry
rc:Kazakhstan,rdfs:subClassOf,owl:Thing
rc:Alluvium,rdfs:subClassOf,rc:Sediment
rc:Alluvium,rdfs:subClassOf,owl:Thing
rc:WoundedKnee_Creek,rdfs:subClassOf,rc:Creek
rc:WoundedKnee_Creek,rdfs:subClassOf,owl:Thing
rc:AtlanticForestBiome,rdfs:subClassOf,rc:SubtropicalForest
rc:AtlanticForestBiome,rdfs:subClassOf,owl:Thing
rc:OdishaLegislativeAssemblyConstituency,rdfs:subClassOf,rc:Constituency
rc:OdishaLegislativeAssemblyConstituency,rdfs:subClassOf,owl:Thing
rc:Slupsk_ProvincePoland,rdfs:subClassOf,rc:Province_Poland
rc:Slupsk_ProvincePoland,rdfs:subClassOf,owl:Thing
rc:NationalPark,rdfs:subClassOf,rc:TouristAttraction
rc:NationalPark,rdfs:subClassOf,rc:WildernessPark
rc:NationalPark,rdfs:subClassOf,owl:Thing
rc:GulfOfOman,rdfs:subClassOf,rc:Gulf
rc:GulfOfOman,rdfs:subClassOf,owl:Thing
rc:SouthernFinland_ProvinceFinland,rdfs:subClassOf,rc:Province_Finland
rc:SouthernFinland_ProvinceFinland,rdfs:subClassOf,owl:Thing
rc:VinsonMassif_Mount,rdfs:subClassOf,rc:Massif
rc:VinsonMassif_Mount,rdfs:subClassOf,owl:Thing
rc:DefiladeFightingPosition,rdfs:subClassOf,rc:CoverProvidingTerrain
rc:DefiladeFightingPosition,rdfs:subClassOf,rc:DefensivelyAdvantageousTerrain
rc:DefiladeFightingPosition,rdfs:subClassOf,rc:TacticalPoint
rc:DefiladeFightingPosition,rdfs:subClassOf,owl:Thing
rc:Skye_Island,rdfs:subClassOf,rc:Island
rc:Skye_Island,rdfs:subClassOf,owl:Thing
rc:SugarLoafBay,rdfs:subClassOf,rc:BaffinBay
rc:SugarLoafBay,rdfs:subClassOf,owl:Thing
rc:MountComo,rdfs:subClassOf,rc:Mountain
rc:MountComo,rdfs:subClassOf,owl:Thing
rc:OdishaSemiEvergreenForest,rdfs:subClassOf,rc:DryTropicalForest
rc:OdishaSemiEvergreenForest,rdfs:subClassOf,owl:Thing
rc:Queensland_StateAustralia,rdfs:subClassOf,rc:State_Australia
rc:Queensland_StateAustralia,rdfs:subClassOf,owl:Thing
rc:CaymanIslands_Archipelago,rdfs:subClassOf,rc:Archipelago
rc:CaymanIslands_Archipelago,rdfs:subClassOf,owl:Thing
rc:HonshuIsland_Japan,rdfs:subClassOf,rc:Island
rc:HonshuIsland_Japan,rdfs:subClassOf,owl:Thing
rc:Kymenlaakso,rdfs:subClassOf,rc:SouthernFinland_ProvinceFinland
rc:Kymenlaakso,rdfs:subClassOf,owl:Thing
rc:Submarine,rdfs:subClassOf,rc:ModernNavalShip
rc:Submarine,rdfs:subClassOf,rc:WaterPlatform_Subsurface
rc:Submarine,rdfs:subClassOf,owl:Thing
rc:VitiLevu_Island,rdfs:subClassOf,rc:Island
rc:VitiLevu_Island,rdfs:subClassOf,owl:Thing
rc:Washington_State,rdfs:subClassOf,rc:State_UnitedStates
rc:Washington_State,rdfs:subClassOf,owl:Thing
rc:LowLyingWetland,rdfs:subClassOf,rc:CanopyClosure_Sparse
rc:LowLyingWetland,rdfs:subClassOf,rc:WetlandRegion
rc:LowLyingWetland,rdfs:subClassOf,owl:Thing
rc:Mpumalanga_ProvinceSouthAfrica,rdfs:subClassOf,rc:Province_RepublicOfSouthAfrica
rc:Mpumalanga_ProvinceSouthAfrica,rdfs:subClassOf,owl:Thing
rc:Pagoda,rdfs:subClassOf,rc:Tower
rc:Pagoda,rdfs:subClassOf,owl:Thing
rc:NuclearWeaponResearchFacility,rdfs:subClassOf,rc:MilitaryFacility
rc:NuclearWeaponResearchFacility,rdfs:subClassOf,rc:NuclearResearchFacility
rc:NuclearWeaponResearchFacility,rdfs:subClassOf,owl:Thing
rc:Homeland,rdfs:subClassOf,rc:GeoculturalRegion
rc:Homeland,rdfs:subClassOf,owl:Thing
rc:LakeVostok,rdfs:subClassOf,rc:BodyOfWater_Large
rc:LakeVostok,rdfs:subClassOf,owl:Thing
rc:Belarus,rdfs:subClassOf,rc:EasternEuropeanCountry
rc:Belarus,rdfs:subClassOf,owl:Thing
rc:BilateralRelationsOfTheCaymanIslands,rdfs:subClassOf,rc:CaymanIslands_Archipelago
rc:BilateralRelationsOfTheCaymanIslands,rdfs:subClassOf,owl:Thing
rc:StoneAgeSite,rdfs:subClassOf,rc:AncientArchaeologicalSite
rc:StoneAgeSite,rdfs:subClassOf,owl:Thing
rc:Calabria_RegionItaly,rdfs:subClassOf,rc:Region_Italy
rc:Calabria_RegionItaly,rdfs:subClassOf,owl:Thing
rc:Pipeline,rdfs:subClassOf,rc:TransportBuildingStructure
rc:Pipeline,rdfs:subClassOf,owl:Thing
rc:Airhead,rdfs:subClassOf,rc:TacticalArea
rc:Airhead,rdfs:subClassOf,owl:Thing
rc:District_NaamaProvince,rdfs:subClassOf,rc:District
rc:District_NaamaProvince,rdfs:subClassOf,rc:Naama_ProvinceAlgeria
rc:District_NaamaProvince,rdfs:subClassOf,owl:Thing
rc:MountElbert,rdfs:subClassOf,rc:Massif
rc:MountElbert,rdfs:subClassOf,owl:Thing
rc:Gourma_ProvinceBurkinaFaso,rdfs:subClassOf,rc:Province_BurkinaFaso
rc:Gourma_ProvinceBurkinaFaso,rdfs:subClassOf,owl:Thing
rc:OzoneLayer_PlanetEarth,rdfs:subClassOf,rc:AtmosphericLayer
rc:OzoneLayer_PlanetEarth,rdfs:subClassOf,owl:Thing
rc:SalahAdDinProvinceIraq,rdfs:subClassOf,rc:Province_Iraq
rc:SalahAdDinProvinceIraq,rdfs:subClassOf,owl:Thing
rc:Ranch,rdfs:subClassOf,rc:AgriculturalFacility
rc:Ranch,rdfs:subClassOf,rc:AgriculturalLand
rc:Ranch,rdfs:subClassOf,owl:Thing
rc:Nimruz_ProvinceAfghanistan,rdfs:subClassOf,rc:Province_Afghanistan
rc:Nimruz_ProvinceAfghanistan,rdfs:subClassOf,owl:Thing
rc:EastRiver_NewYork,rdfs:subClassOf,rc:Estuary
rc:EastRiver_NewYork,rdfs:subClassOf,owl:Thing
rc:OsageRiver,rdfs:subClassOf,rc:River
rc:OsageRiver,rdfs:subClassOf,owl:Thing
rc:AppalachianBald,rdfs:subClassOf,rc:AppalachianMountain
rc:AppalachianBald,rdfs:subClassOf,owl:Thing
rc:WhiteHouseGrounds,rdfs:subClassOf,rc:TheWhiteHouse
rc:WhiteHouseGrounds,rdfs:subClassOf,owl:Thing
rc:SeruaProvince,rdfs:subClassOf,rc:VitiLevu_Island
rc:SeruaProvince,rdfs:subClassOf,owl:Thing
rc:SeatingDeviceArm,rdfs:subClassOf,rc:FurniturePart
rc:SeatingDeviceArm,rdfs:subClassOf,owl:Thing
rc:FernandoDeNoronha,rdfs:subClassOf,rc:Archipelago
rc:FernandoDeNoronha,rdfs:subClassOf,owl:Thing
rc:VersaillesPalace,rdfs:subClassOf,rc:Landmark
rc:VersaillesPalace,rdfs:subClassOf,owl:Thing
rc:AlaskanPipeline,rdfs:subClassOf,rc:Pipeline
rc:AlaskanPipeline,rdfs:subClassOf,owl:Thing
rc:AirportsOnBorneo,rdfs:subClassOf,rc:Airport_Physical
rc:AirportsOnBorneo,rdfs:subClassOf,owl:Thing
rc:RestaurantSpace,rdfs:subClassOf,rc:CommercialPublicPlace
rc:RestaurantSpace,rdfs:subClassOf,rc:MultiRoomUnit
rc:RestaurantSpace,rdfs:subClassOf,owl:Thing
rc:Rwanda,rdfs:subClassOf,rc:Country
rc:Rwanda,rdfs:subClassOf,owl:Thing
rc:ExcessivelyDrainedRegion,rdfs:subClassOf,rc:RegionTypeBySurfaceDrainage_NRCS
rc:ExcessivelyDrainedRegion,rdfs:subClassOf,owl:Thing
rc:BrahmaputraValleySemiEvergreenForest,rdfs:subClassOf,rc:SubtropicalForest
rc:BrahmaputraValleySemiEvergreenForest,rdfs:subClassOf,owl:Thing
rc:NorthTexas,rdfs:subClassOf,rc:Southwest_USRegion
rc:NorthTexas,rdfs:subClassOf,owl:Thing
rc:Chile,rdfs:subClassOf,rc:SouthAmericanCountry
rc:Chile,rdfs:subClassOf,owl:Thing
rc:CrotonDam,rdfs:subClassOf,rc:Dam
rc:CrotonDam,rdfs:subClassOf,owl:Thing
rc:TrainingCamp,rdfs:subClassOf,rc:Campsite
rc:TrainingCamp,rdfs:subClassOf,rc:GroundsOfOrganization
rc:TrainingCamp,rdfs:subClassOf,owl:Thing
rc:Subdivision_Kiev,rdfs:subClassOf,rc:Neighborhood
rc:Subdivision_Kiev,rdfs:subClassOf,owl:Thing
rc:SnowCoveredArea,rdfs:subClassOf,rc:SoftTerrain
rc:SnowCoveredArea,rdfs:subClassOf,owl:Thing
rc:Herm_Island,rdfs:subClassOf,rc:Island
rc:Herm_Island,rdfs:subClassOf,owl:Thing
rc:GulfOfRiga,rdfs:subClassOf,rc:Gulf
rc:GulfOfRiga,rdfs:subClassOf,owl:Thing
rc:Sheepfold,rdfs:subClassOf,rc:AnimalPen
rc:Sheepfold,rdfs:subClassOf,owl:Thing
rc:NestForBees,rdfs:subClassOf,rc:Nest
rc:NestForBees,rdfs:subClassOf,owl:Thing
rc:EuropeanSouthernObservatory,rdfs:subClassOf,rc:AstronomicalObservatory
rc:EuropeanSouthernObservatory,rdfs:subClassOf,owl:Thing
rc:LawAbidingNation,rdfs:subClassOf,rc:IndependentCountry
rc:LawAbidingNation,rdfs:subClassOf,owl:Thing
rc:SeatingDeviceBack,rdfs:subClassOf,rc:FurniturePart
rc:SeatingDeviceBack,rdfs:subClassOf,owl:Thing
rc:SouthCarolina_State,rdfs:subClassOf,rc:State_UnitedStates
rc:SouthCarolina_State,rdfs:subClassOf,owl:Thing
rc:UnitedDaughtersOfTheConfederacy,rdfs:subClassOf,rc:ConfederateStatesOfAmerica
rc:UnitedDaughtersOfTheConfederacy,rdfs:subClassOf,owl:Thing
rc:NorthWest_EnglandRegion,rdfs:subClassOf,rc:GovernmentOfficeRegion
rc:NorthWest_EnglandRegion,rdfs:subClassOf,owl:Thing
rc:BaProvince,rdfs:subClassOf,rc:VitiLevu_Island
rc:BaProvince,rdfs:subClassOf,owl:Thing
rc:CavityInterior_Generic,rdfs:subClassOf,rc:Place_Situational
rc:CavityInterior_Generic,rdfs:subClassOf,owl:Thing
rc:RadarStation_Facility,rdfs:subClassOf,rc:Building
rc:RadarStation_Facility,rdfs:subClassOf,owl:Thing
rc:Ghowr_ProvinceAfghanistan,rdfs:subClassOf,rc:Province_Afghanistan
rc:Ghowr_ProvinceAfghanistan,rdfs:subClassOf,owl:Thing
rc:Hallway,rdfs:subClassOf,rc:PathArtifact_HumanOccupied
rc:Hallway,rdfs:subClassOf,rc:RoomInAConstruction
rc:Hallway,rdfs:subClassOf,owl:Thing
rc:ResearchInstitute_Facility,rdfs:subClassOf,rc:ResearchFacility
rc:ResearchInstitute_Facility,rdfs:subClassOf,owl:Thing
rc:QueenstownNewZealand,rdfs:subClassOf,rc:Town
rc:QueenstownNewZealand,rdfs:subClassOf,owl:Thing
rc:OilPipeline_Juncture,rdfs:subClassOf,rc:TransportFacility
rc:OilPipeline_Juncture,rdfs:subClassOf,owl:Thing
rc:InternationalBridge,rdfs:subClassOf,rc:Bridge
rc:InternationalBridge,rdfs:subClassOf,owl:Thing
rc:TorpedoArmedCraft,rdfs:subClassOf,rc:ModernNavalShip
rc:TorpedoArmedCraft,rdfs:subClassOf,owl:Thing
rc:RowingShell,rdfs:subClassOf,rc:Rowboat
rc:RowingShell,rdfs:subClassOf,owl:Thing
rc:TatarStrait,rdfs:subClassOf,rc:Strait
rc:TatarStrait,rdfs:subClassOf,owl:Thing
rc:AgusandelNorte_ProvincePhilippines,rdfs:subClassOf,rc:Province_Philippines
rc:AgusandelNorte_ProvincePhilippines,rdfs:subClassOf,owl:Thing
rc:ProposedStatesAndTerritoriesOfAustralia,rdfs:subClassOf,rc:State_Australia
rc:ProposedStatesAndTerritoriesOfAustralia,rdfs:subClassOf,owl:Thing
rc:Concourse,rdfs:subClassOf,rc:Hallway
rc:Concourse,rdfs:subClassOf,owl:Thing
rc:MalayPeninsula,rdfs:subClassOf,rc:Peninsula
rc:MalayPeninsula,rdfs:subClassOf,owl:Thing
rc:HistoricBuilding,rdfs:subClassOf,rc:Building
rc:HistoricBuilding,rdfs:subClassOf,rc:HistoricalSite
rc:HistoricBuilding,rdfs:subClassOf,owl:Thing
rc:PhotographyStudio,rdfs:subClassOf,rc:ArtStudio
rc:PhotographyStudio,rdfs:subClassOf,owl:Thing
rc:GulfOfSaintLawrence,rdfs:subClassOf,rc:Gulf
rc:GulfOfSaintLawrence,rdfs:subClassOf,owl:Thing
rc:Kamorta_classCorvette,rdfs:subClassOf,rc:Corvette_Ship
rc:Kamorta_classCorvette,rdfs:subClassOf,owl:Thing
rc:Rojava,rdfs:subClassOf,rc:Kurdistan_ProvinceIran
rc:Rojava,rdfs:subClassOf,owl:Thing
rc:BistroSpace,rdfs:subClassOf,rc:RestaurantSpace
rc:BistroSpace,rdfs:subClassOf,owl:Thing
rc:NuclearWeaponStateUnderNNPT,rdfs:subClassOf,rc:Country
rc:NuclearWeaponStateUnderNNPT,rdfs:subClassOf,owl:Thing
rc:SpaceLaunchFacility,rdfs:subClassOf,rc:TransportFacility
rc:SpaceLaunchFacility,rdfs:subClassOf,owl:Thing
rc:LakeWinnipeg,rdfs:subClassOf,rc:BodyOfWater_Large
rc:LakeWinnipeg,rdfs:subClassOf,owl:Thing
rc:Nangarhar_ProvinceAfghanistan,rdfs:subClassOf,rc:Province_Afghanistan
rc:Nangarhar_ProvinceAfghanistan,rdfs:subClassOf,owl:Thing
rc:CavityInteriorRegion,rdfs:subClassOf,rc:CavityInterior_Generic
rc:CavityInteriorRegion,rdfs:subClassOf,owl:Thing
rc:Aqueduct,rdfs:subClassOf,rc:ArtificialWaterFeature_Area
rc:Aqueduct,rdfs:subClassOf,rc:IrrigationFloodControlWaterwork
rc:Aqueduct,rdfs:subClassOf,owl:Thing
rc:Pasture,rdfs:subClassOf,rc:Field_Agriculture
rc:Pasture,rdfs:subClassOf,rc:Grassland
rc:Pasture,rdfs:subClassOf,owl:Thing
rc:Submarine_Military,rdfs:subClassOf,rc:Submarine
rc:Submarine_Military,rdfs:subClassOf,rc:TorpedoArmedCraft
rc:Submarine_Military,rdfs:subClassOf,owl:Thing
rc:PoliceStation,rdfs:subClassOf,rc:PoliceFacility
rc:PoliceStation,rdfs:subClassOf,rc:PublicBuildingStructure
rc:PoliceStation,rdfs:subClassOf,owl:Thing
rc:BuddhistTemple,rdfs:subClassOf,rc:Temple
rc:BuddhistTemple,rdfs:subClassOf,owl:Thing
rc:LightRainArea,rdfs:subClassOf,rc:RainyArea
rc:LightRainArea,rdfs:subClassOf,owl:Thing
rc:TacticalTerrainType,rdfs:subClassOf,rc:ArtifactualFeatureType
rc:TacticalTerrainType,rdfs:subClassOf,owl:Thing
rc:Conservatory,rdfs:subClassOf,rc:PrefabricatedCommercialBuildingStructure
rc:Conservatory,rdfs:subClassOf,owl:Thing
rc:MountElbrus,rdfs:subClassOf,rc:Mountain
rc:MountElbrus,rdfs:subClassOf,owl:Thing
rc:NationalAssemblyOfKenyaConstituency,rdfs:subClassOf,rc:Constituency
rc:NationalAssemblyOfKenyaConstituency,rdfs:subClassOf,owl:Thing
rc:District_NangarharProvince,rdfs:subClassOf,rc:District
rc:District_NangarharProvince,rdfs:subClassOf,rc:Nangarhar_ProvinceAfghanistan
rc:District_NangarharProvince,rdfs:subClassOf,owl:Thing
rc:Knife_Electric,rdfs:subClassOf,rc:CarvingKnife
rc:Knife_Electric,rdfs:subClassOf,owl:Thing
rc:VinyArea,rdfs:subClassOf,rc:CanopyClosure_Sparse
rc:VinyArea,rdfs:subClassOf,owl:Thing
rc:NinawaProvinceIraq,rdfs:subClassOf,rc:Province_Iraq
rc:NinawaProvinceIraq,rdfs:subClassOf,owl:Thing
rc:PaleozoicPaleontologicalSite,rdfs:subClassOf,rc:AncientArchaeologicalSite
rc:PaleozoicPaleontologicalSite,rdfs:subClassOf,owl:Thing
rc:NestForBirds,rdfs:subClassOf,rc:BirdHouse
rc:NestForBirds,rdfs:subClassOf,rc:Nest
rc:NestForBirds,rdfs:subClassOf,owl:Thing
rc:HomelessShelter,rdfs:subClassOf,rc:Dormitory
rc:HomelessShelter,rdfs:subClassOf,owl:Thing
rc:Eritrea,rdfs:subClassOf,rc:Country
rc:Eritrea,rdfs:subClassOf,owl:Thing
rc:ShippingAndTheEnvironment,rdfs:subClassOf,rc:Environment_Generic
rc:ShippingAndTheEnvironment,rdfs:subClassOf,owl:Thing
rc:Uzbekistan,rdfs:subClassOf,rc:Country
rc:Uzbekistan,rdfs:subClassOf,owl:Thing
rc:Reformatory,rdfs:subClassOf,rc:DetentionFacility
rc:Reformatory,rdfs:subClassOf,owl:Thing
rc:AustralIslands_FrenchPolynesia,rdfs:subClassOf,rc:Archipelago
rc:AustralIslands_FrenchPolynesia,rdfs:subClassOf,owl:Thing
rc:FloodBasalt,rdfs:subClassOf,rc:Basalt
rc:FloodBasalt,rdfs:subClassOf,owl:Thing
rc:Exchange,rdfs:subClassOf,rc:FinancialFacility
rc:Exchange,rdfs:subClassOf,owl:Thing
rc:JohnsonSpaceCenter,rdfs:subClassOf,rc:SpaceLaunchFacility
rc:JohnsonSpaceCenter,rdfs:subClassOf,owl:Thing
rc:Khaskovo_RegionBulgaria,rdfs:subClassOf,rc:Province
rc:Khaskovo_RegionBulgaria,rdfs:subClassOf,owl:Thing
rc:Cave,rdfs:subClassOf,rc:LandTopographicalFeature
rc:Cave,rdfs:subClassOf,rc:Underground
rc:Cave,rdfs:subClassOf,owl:Thing
rc:Boathouse,rdfs:subClassOf,rc:PrefabricatedBuildingStructure
rc:Boathouse,rdfs:subClassOf,rc:VehicleStorageConstruct
rc:Boathouse,rdfs:subClassOf,owl:Thing
rc:BoulderField,rdfs:subClassOf,rc:Ground
rc:BoulderField,rdfs:subClassOf,rc:LandTopographicalFeature
rc:BoulderField,rdfs:subClassOf,rc:NaturalRegion
rc:BoulderField,rdfs:subClassOf,rc:OpenArea
rc:BoulderField,rdfs:subClassOf,owl:Thing
rc:Poznan_ProvincePoland,rdfs:subClassOf,rc:Province_Poland
rc:Poznan_ProvincePoland,rdfs:subClassOf,owl:Thing
rc:Paraguay,rdfs:subClassOf,rc:SouthAmericanCountry
rc:Paraguay,rdfs:subClassOf,owl:Thing
rc:ServerRoom,rdfs:subClassOf,rc:RoomInAConstruction
rc:ServerRoom,rdfs:subClassOf,owl:Thing
rc:FlatRegion,rdfs:subClassOf,rc:RegionTypeByHilliness
rc:FlatRegion,rdfs:subClassOf,owl:Thing
rc:Nautilus_classMinelayer,rdfs:subClassOf,rc:LightCruiser
rc:Nautilus_classMinelayer,rdfs:subClassOf,owl:Thing
rc:CrotonFallsReservoir,rdfs:subClassOf,rc:WaterReservoir
rc:CrotonFallsReservoir,rdfs:subClassOf,owl:Thing
rc:SeatingDeviceFootRest,rdfs:subClassOf,rc:FurniturePart
rc:SeatingDeviceFootRest,rdfs:subClassOf,owl:Thing
rc:BallisticMissileSubmarine,rdfs:subClassOf,rc:Submarine_Military
rc:BallisticMissileSubmarine,rdfs:subClassOf,owl:Thing
rc:Chad,rdfs:subClassOf,rc:Country
rc:Chad,rdfs:subClassOf,owl:Thing
rc:LightShip,rdfs:subClassOf,rc:Ship
rc:LightShip,rdfs:subClassOf,owl:Thing
rc:PathArtifact_HumanOccupied,rdfs:subClassOf,rc:PathArtifact_Area
rc:PathArtifact_HumanOccupied,rdfs:subClassOf,owl:Thing
rc:Spain,rdfs:subClassOf,rc:Country
rc:Spain,rdfs:subClassOf,owl:Thing
rc:Hamadan_ProvinceIran,rdfs:subClassOf,rc:Province_Iran
rc:Hamadan_ProvinceIran,rdfs:subClassOf,owl:Thing
rc:Ecliptic,rdfs:subClassOf,rc:CelestialRegion
rc:Ecliptic,rdfs:subClassOf,owl:Thing
rc:Golestan_ProvinceIran,rdfs:subClassOf,rc:Province_Iran
rc:Golestan_ProvinceIran,rdfs:subClassOf,owl:Thing
rc:HistoricCivilEngineeringLandmark,rdfs:subClassOf,rc:Landmark
rc:HistoricCivilEngineeringLandmark,rdfs:subClassOf,owl:Thing
rc:CzechRepublic,rdfs:subClassOf,rc:Country
rc:CzechRepublic,rdfs:subClassOf,owl:Thing
rc:WildernessArea,rdfs:subClassOf,rc:WildernessPark
rc:WildernessArea,rdfs:subClassOf,owl:Thing
rc:MalaySpeakingCountryOrTerritory,rdfs:subClassOf,rc:LanguageSpeakingCountryOrTerritory
rc:MalaySpeakingCountryOrTerritory,rdfs:subClassOf,owl:Thing
rc:SouthCarolina_classBattleship,rdfs:subClassOf,rc:Dreadnought
rc:SouthCarolina_classBattleship,rdfs:subClassOf,owl:Thing
rc:TamilNadu,rdfs:subClassOf,rc:State_India
rc:TamilNadu,rdfs:subClassOf,owl:Thing
rc:Scutum_Constellation,rdfs:subClassOf,rc:Constellation
rc:Scutum_Constellation,rdfs:subClassOf,owl:Thing
rc:NorthWesternGhatsMoistDeciduousForest,rdfs:subClassOf,rc:SubtropicalForest
rc:NorthWesternGhatsMoistDeciduousForest,rdfs:subClassOf,owl:Thing
rc:GreatFloridaBirdingTrail,rdfs:subClassOf,rc:NatureReserve
rc:GreatFloridaBirdingTrail,rdfs:subClassOf,rc:Trail
rc:GreatFloridaBirdingTrail,rdfs:subClassOf,owl:Thing
rc:OrientalIslandsOfAlAndalus,rdfs:subClassOf,rc:Island
rc:OrientalIslandsOfAlAndalus,rdfs:subClassOf,owl:Thing
rc:Una_classSubmarine,rdfs:subClassOf,rc:Submarine_Military
rc:Una_classSubmarine,rdfs:subClassOf,owl:Thing
rc:SenecaLake,rdfs:subClassOf,rc:FingerLakes
rc:SenecaLake,rdfs:subClassOf,owl:Thing
rc:GulfOfSuez,rdfs:subClassOf,rc:Gulf
rc:GulfOfSuez,rdfs:subClassOf,owl:Thing
rc:Qinghai_ProvinceChina,rdfs:subClassOf,rc:ChineseProvince
rc:Qinghai_ProvinceChina,rdfs:subClassOf,owl:Thing
rc:Outpost,rdfs:subClassOf,rc:DefenseBuildingStructure
rc:Outpost,rdfs:subClassOf,rc:Post_Location
rc:Outpost,rdfs:subClassOf,owl:Thing
rc:StoneFence,rdfs:subClassOf,rc:Fence
rc:StoneFence,rdfs:subClassOf,owl:Thing
rc:Canopus_classBattleship,rdfs:subClassOf,rc:PreDreadnoughtBattleship
rc:Canopus_classBattleship,rdfs:subClassOf,owl:Thing
rc:TrinityCountyCalifornia,rdfs:subClassOf,rc:NorthernCalifornia
rc:TrinityCountyCalifornia,rdfs:subClassOf,owl:Thing
rc:Urbanization,rdfs:subClassOf,rc:UrbanArea
rc:Urbanization,rdfs:subClassOf,owl:Thing
rc:ParkingPlace,rdfs:subClassOf,rc:ParkingLot
rc:ParkingPlace,rdfs:subClassOf,rc:VehicleStorageConstruct
rc:ParkingPlace,rdfs:subClassOf,owl:Thing
rc:MiningCamp,rdfs:subClassOf,rc:Campsite
rc:MiningCamp,rdfs:subClassOf,owl:Thing
rc:SacramentoCountyCalifornia,rdfs:subClassOf,rc:NorthernCalifornia
rc:SacramentoCountyCalifornia,rdfs:subClassOf,owl:Thing
rc:Arihant_classSubmarine,rdfs:subClassOf,rc:BallisticMissileSubmarine
rc:Arihant_classSubmarine,rdfs:subClassOf,owl:Thing
rc:TamilNaduLegislativeAssemblyConstituency,rdfs:subClassOf,rc:Constituency
rc:TamilNaduLegislativeAssemblyConstituency,rdfs:subClassOf,owl:Thing
rc:PlannedUnitDevelopment,rdfs:subClassOf,rc:FlatApartment
rc:PlannedUnitDevelopment,rdfs:subClassOf,owl:Thing
rc:GAndH_classDestroyer,rdfs:subClassOf,rc:Destroyer
rc:GAndH_classDestroyer,rdfs:subClassOf,owl:Thing
rc:EdgarQuinet_classCruiser,rdfs:subClassOf,rc:Cruiser
rc:EdgarQuinet_classCruiser,rdfs:subClassOf,owl:Thing
rc:ClaySoil,rdfs:subClassOf,rc:DirtSoil
rc:ClaySoil,rdfs:subClassOf,owl:Thing
rc:Albania,rdfs:subClassOf,rc:Country
rc:Albania,rdfs:subClassOf,owl:Thing
rc:Megalith,rdfs:subClassOf,rc:Monument
rc:Megalith,rdfs:subClassOf,owl:Thing
rc:Somaliland,rdfs:subClassOf,rc:Country
rc:Somaliland,rdfs:subClassOf,owl:Thing
rc:Brownfield,rdfs:subClassOf,rc:RealEstate
rc:Brownfield,rdfs:subClassOf,owl:Thing
rc:FlatRoof,rdfs:subClassOf,rc:RoofOfAConstruction
rc:FlatRoof,rdfs:subClassOf,owl:Thing
rc:BuddhistTempleInSoutheastAsia,rdfs:subClassOf,rc:BuddhistTemple
rc:BuddhistTempleInSoutheastAsia,rdfs:subClassOf,owl:Thing
rc:NationalAssemblyOfPakistanConstituency,rdfs:subClassOf,rc:Constituency
rc:NationalAssemblyOfPakistanConstituency,rdfs:subClassOf,owl:Thing
rc:MountEtna,rdfs:subClassOf,rc:Stratovolcano
rc:MountEtna,rdfs:subClassOf,owl:Thing
rc:SanAndreasFault,rdfs:subClassOf,rc:Fault_Topographical
rc:SanAndreasFault,rdfs:subClassOf,rc:Landmark
rc:SanAndreasFault,rdfs:subClassOf,owl:Thing
rc:ForestryAndTheEnvironment,rdfs:subClassOf,rc:Environment_Generic
rc:ForestryAndTheEnvironment,rdfs:subClassOf,owl:Thing
rc:RwenzoriMountains,rdfs:subClassOf,rc:MountainRange
rc:RwenzoriMountains,rdfs:subClassOf,owl:Thing
rc:ThamesRiver,rdfs:subClassOf,rc:River
rc:ThamesRiver,rdfs:subClassOf,owl:Thing
rc:Orchard,rdfs:subClassOf,rc:AgriculturalLand
rc:Orchard,rdfs:subClassOf,rc:Field_Agriculture
rc:Orchard,rdfs:subClassOf,rc:WoodedArea
rc:Orchard,rdfs:subClassOf,owl:Thing
rc:Chateau,rdfs:subClassOf,rc:Large_DetachedHouse
rc:Chateau,rdfs:subClassOf,owl:Thing
rc:KampongCham_ProvinceCambodia,rdfs:subClassOf,rc:Province_Cambodia
rc:KampongCham_ProvinceCambodia,rdfs:subClassOf,owl:Thing
rc:GilbertIslands_Kiribati,rdfs:subClassOf,rc:Archipelago
rc:GilbertIslands_Kiribati,rdfs:subClassOf,owl:Thing
rc:Togo,rdfs:subClassOf,rc:Country
rc:Togo,rdfs:subClassOf,owl:Thing
rc:Nest_Box,rdfs:subClassOf,rc:NestForBirds
rc:Nest_Box,rdfs:subClassOf,owl:Thing
rc:RandMountains,rdfs:subClassOf,rc:MountainRange
rc:RandMountains,rdfs:subClassOf,owl:Thing
rc:FleetOfMilitaryCraft,rdfs:subClassOf,rc:Fleet
rc:FleetOfMilitaryCraft,rdfs:subClassOf,owl:Thing
rc:StatueOfZeusAtOlympia,rdfs:subClassOf,rc:Landmark
rc:StatueOfZeusAtOlympia,rdfs:subClassOf,owl:Thing
rc:Masbate_ProvincePhilippines,rdfs:subClassOf,rc:Province_Philippines
rc:Masbate_ProvincePhilippines,rdfs:subClassOf,owl:Thing
rc:Lakshadweep,rdfs:subClassOf,rc:State_India
rc:Lakshadweep,rdfs:subClassOf,owl:Thing
rc:ImpactCrater,rdfs:subClassOf,rc:Crater
rc:ImpactCrater,rdfs:subClassOf,rc:CraterBasin
rc:ImpactCrater,rdfs:subClassOf,owl:Thing
rc:Channel_WaterPath,rdfs:subClassOf,rc:BodyOfWater_Area
rc:Channel_WaterPath,rdfs:subClassOf,owl:Thing
rc:Aranuka,rdfs:subClassOf,rc:GilbertIslands_Kiribati
rc:Aranuka,rdfs:subClassOf,owl:Thing
rc:Cabinet_StorageConstruction,rdfs:subClassOf,rc:StorageConstructInABuilding
rc:Cabinet_StorageConstruction,rdfs:subClassOf,owl:Thing
rc:Australasia_Region,rdfs:subClassOf,rc:GeoculturalRegion
rc:Australasia_Region,rdfs:subClassOf,owl:Thing
rc:ZooGrounds,rdfs:subClassOf,rc:CommercialLandParcel
rc:ZooGrounds,rdfs:subClassOf,rc:GroundsOfOrganization
rc:ZooGrounds,rdfs:subClassOf,rc:LeisureFacility
rc:ZooGrounds,rdfs:subClassOf,owl:Thing
rc:MountFuji_Volcano,rdfs:subClassOf,rc:Stratovolcano
rc:MountFuji_Volcano,rdfs:subClassOf,owl:Thing
rc:YellowstoneNationalPark,rdfs:subClassOf,rc:NationalPark
rc:YellowstoneNationalPark,rdfs:subClassOf,owl:Thing
rc:CarrierBattleGroup,rdfs:subClassOf,rc:FleetOfMilitaryCraft
rc:CarrierBattleGroup,rdfs:subClassOf,owl:Thing
rc:NinhBinh_ProvinceVietnam,rdfs:subClassOf,rc:Province_Vietnam
rc:NinhBinh_ProvinceVietnam,rdfs:subClassOf,owl:Thing
rc:JohnstonAtoll,rdfs:subClassOf,rc:Atoll
rc:JohnstonAtoll,rdfs:subClassOf,owl:Thing
rc:N3_classBattleship,rdfs:subClassOf,rc:Dreadnought
rc:N3_classBattleship,rdfs:subClassOf,owl:Thing
rc:CrotonRiver,rdfs:subClassOf,rc:River
rc:CrotonRiver,rdfs:subClassOf,owl:Thing
rc:Channel_BodyOfWaterLink,rdfs:subClassOf,rc:Channel_WaterPath
rc:Channel_BodyOfWaterLink,rdfs:subClassOf,owl:Thing
rc:SeatingDeviceSeat,rdfs:subClassOf,rc:FurniturePart
rc:SeatingDeviceSeat,rdfs:subClassOf,owl:Thing
rc:WesternNewYork,rdfs:subClassOf,rc:UpstateNewYork_Region
rc:WesternNewYork,rdfs:subClassOf,owl:Thing
rc:Khatlon_ProvinceTajikistan,rdfs:subClassOf,rc:Province_Tajikistan
rc:Khatlon_ProvinceTajikistan,rdfs:subClassOf,owl:Thing
rc:RandallCountyTexas,rdfs:subClassOf,rc:WestTexas
rc:RandallCountyTexas,rdfs:subClassOf,owl:Thing
rc:SugarMill_ManufacturingFacility,rdfs:subClassOf,rc:Mill_ManufacturingFacility
rc:SugarMill_ManufacturingFacility,rdfs:subClassOf,owl:Thing
rc:ParaguayRiver,rdfs:subClassOf,rc:River
rc:ParaguayRiver,rdfs:subClassOf,owl:Thing
rc:PathArtifact_Area,rdfs:subClassOf,kko:AreaRegion
rc:PathArtifact_Area,rdfs:subClassOf,owl:Thing
rc:MobileHome,rdfs:subClassOf,rc:ManufacturedHome
rc:MobileHome,rdfs:subClassOf,rc:PrefabricatedResidentialBuildingStructure
rc:MobileHome,rdfs:subClassOf,owl:Thing
rc:OrchardForest,rdfs:subClassOf,rc:Forest
rc:OrchardForest,rdfs:subClassOf,owl:Thing
rc:SouthCelestialPole,rdfs:subClassOf,rc:AxialPoleOfPlanet
rc:SouthCelestialPole,rdfs:subClassOf,rc:CelestialRegion
rc:SouthCelestialPole,rdfs:subClassOf,owl:Thing
rc:NorthWestern_ProvinceSriLanka,rdfs:subClassOf,rc:Province_SriLanka
rc:NorthWestern_ProvinceSriLanka,rdfs:subClassOf,owl:Thing
rc:PrefabricatedMedicalBuildingStructure,rdfs:subClassOf,rc:PrefabricatedBuildingStructure
rc:PrefabricatedMedicalBuildingStructure,rdfs:subClassOf,owl:Thing
rc:Dolmen,rdfs:subClassOf,rc:Megalith
rc:Dolmen,rdfs:subClassOf,rc:Tomb
rc:Dolmen,rdfs:subClassOf,owl:Thing
rc:ResearchStation,rdfs:subClassOf,rc:ResearchFacility
rc:ResearchStation,rdfs:subClassOf,owl:Thing
rc:District_Oulu,rdfs:subClassOf,rc:AdministrativeDistrict
rc:District_Oulu,rdfs:subClassOf,owl:Thing
rc:GulfOfTonkin,rdfs:subClassOf,rc:Gulf
rc:GulfOfTonkin,rdfs:subClassOf,owl:Thing
rc:PathForWheeledVehicles,rdfs:subClassOf,rc:PathArtifact_HumanOccupied
rc:PathForWheeledVehicles,rdfs:subClassOf,rc:Place_NonAgent_Area
rc:PathForWheeledVehicles,rdfs:subClassOf,owl:Thing
rc:FineGrainedSoilRegion,rdfs:subClassOf,rc:RegionTypeBySoilType_USCS
rc:FineGrainedSoilRegion,rdfs:subClassOf,owl:Thing
rc:InternationalCanal,rdfs:subClassOf,rc:InternationalWaters
rc:InternationalCanal,rdfs:subClassOf,owl:Thing
rc:FloodControlDam,rdfs:subClassOf,rc:Dam
rc:FloodControlDam,rdfs:subClassOf,owl:Thing
rc:Strait,rdfs:subClassOf,rc:Channel_BodyOfWaterLink
rc:Strait,rdfs:subClassOf,owl:Thing
rc:LightSwitchOnWall,rdfs:subClassOf,rc:ElectricalSwitch
rc:LightSwitchOnWall,rdfs:subClassOf,owl:Thing
rc:YellowstoneRiver,rdfs:subClassOf,rc:River
rc:YellowstoneRiver,rdfs:subClassOf,owl:Thing
rc:Campsite,rdfs:subClassOf,rc:HumanResidence
rc:Campsite,rdfs:subClassOf,owl:Thing
rc:MissilePatrolVessel,rdfs:subClassOf,rc:PatrolWatercraft
rc:MissilePatrolVessel,rdfs:subClassOf,owl:Thing
rc:SacramentoRiver,rdfs:subClassOf,rc:River
rc:SacramentoRiver,rdfs:subClassOf,owl:Thing
rc:HistoricalBuiltUpArea,rdfs:subClassOf,rc:BuiltUpArea
rc:HistoricalBuiltUpArea,rdfs:subClassOf,rc:HistoricalSite
rc:HistoricalBuiltUpArea,rdfs:subClassOf,owl:Thing
rc:PreparationCenter,rdfs:subClassOf,rc:Facility_Educational
rc:PreparationCenter,rdfs:subClassOf,owl:Thing
rc:Zoo,rdfs:subClassOf,rc:TouristAttraction
rc:Zoo,rdfs:subClassOf,owl:Thing
rc:Underground,rdfs:subClassOf,rc:RelativeLocation
rc:Underground,rdfs:subClassOf,owl:Thing
rc:Izumo_classCruiser,rdfs:subClassOf,rc:Cruiser
rc:Izumo_classCruiser,rdfs:subClassOf,owl:Thing
rc:HillRange_Undersea,rdfs:subClassOf,rc:UnderwaterTopographicalFeature
rc:HillRange_Undersea,rdfs:subClassOf,owl:Thing
rc:ErosionProtectionStructure,rdfs:subClassOf,rc:Barrier_ConstructionArtifact
rc:ErosionProtectionStructure,rdfs:subClassOf,rc:CommercialLandParcel
rc:ErosionProtectionStructure,rdfs:subClassOf,owl:Thing
rc:DefensivelyAdvantageousTerrain,rdfs:subClassOf,rc:MilitaryTerrain
rc:DefensivelyAdvantageousTerrain,rdfs:subClassOf,owl:Thing
rc:Kyrgyzstan,rdfs:subClassOf,rc:Country
rc:Kyrgyzstan,rdfs:subClassOf,owl:Thing
rc:Radetzky_classBattleship,rdfs:subClassOf,rc:Battleship
rc:Radetzky_classBattleship,rdfs:subClassOf,owl:Thing
rc:CampDavid,rdfs:subClassOf,rc:Campsite
rc:CampDavid,rdfs:subClassOf,owl:Thing
rc:Habitat,rdfs:subClassOf,rc:EcologicalRegion
rc:Habitat,rdfs:subClassOf,owl:Thing
rc:CzechSpeakingCountryOrTerritory,rdfs:subClassOf,rc:LanguageSpeakingCountryOrTerritory
rc:CzechSpeakingCountryOrTerritory,rdfs:subClassOf,owl:Thing
rc:Landschaftsschutzgebiet,rdfs:subClassOf,rc:ProtectedArea
rc:Landschaftsschutzgebiet,rdfs:subClassOf,owl:Thing
rc:HistoricDistrict,rdfs:subClassOf,rc:HistoricalBuiltUpArea
rc:HistoricDistrict,rdfs:subClassOf,owl:Thing
rc:Moheli_IslandComoros,rdfs:subClassOf,rc:Comoros_TheNation
rc:Moheli_IslandComoros,rdfs:subClassOf,owl:Thing
rc:SouthCentral_USRegion,rdfs:subClassOf,rc:South_USRegion
rc:SouthCentral_USRegion,rdfs:subClassOf,owl:Thing
rc:BabElMandeb_Strait,rdfs:subClassOf,rc:RedSea
rc:BabElMandeb_Strait,rdfs:subClassOf,rc:Strait
rc:BabElMandeb_Strait,rdfs:subClassOf,owl:Thing
rc:Channel_DeeperWaterwayPart,rdfs:subClassOf,rc:Channel_WaterPath
rc:Channel_DeeperWaterwayPart,rdfs:subClassOf,owl:Thing
rc:SouthwestFinland,rdfs:subClassOf,rc:WesternFinland_ProvinceFinland
rc:SouthwestFinland,rdfs:subClassOf,owl:Thing
rc:Schloss,rdfs:subClassOf,rc:Large_DetachedHouse
rc:Schloss,rdfs:subClassOf,owl:Thing
rc:Breakwater,rdfs:subClassOf,rc:ErosionProtectionStructure
rc:Breakwater,rdfs:subClassOf,rc:Wall_Vertical
rc:Breakwater,rdfs:subClassOf,owl:Thing
rc:CanopyLayer,rdfs:subClassOf,rc:Habitat
rc:CanopyLayer,rdfs:subClassOf,rc:RegionTypeByCanopyClosure
rc:CanopyLayer,rdfs:subClassOf,owl:Thing
rc:Hainan_ProvinceChina,rdfs:subClassOf,rc:ChineseProvince
rc:Hainan_ProvinceChina,rdfs:subClassOf,owl:Thing
rc:NationalAssemblyOfSouthKoreaConstituency,rdfs:subClassOf,rc:Constituency
rc:NationalAssemblyOfSouthKoreaConstituency,rdfs:subClassOf,owl:Thing
rc:CanadianProvince,rdfs:subClassOf,rc:Province
rc:CanadianProvince,rdfs:subClassOf,owl:Thing
rc:LowPlasticitySoilRegion,rdfs:subClassOf,rc:FineGrainedSoilRegion
rc:LowPlasticitySoilRegion,rdfs:subClassOf,owl:Thing
rc:Tunnel,rdfs:subClassOf,rc:PathArtifact_Area
rc:Tunnel,rdfs:subClassOf,rc:Underground
rc:Tunnel,rdfs:subClassOf,owl:Thing
rc:GreenCayNationalWildlifeRefuge,rdfs:subClassOf,rc:NationalWildlifeRefugesOfTheUnitedStates
rc:GreenCayNationalWildlifeRefuge,rdfs:subClassOf,owl:Thing
rc:Convent_Residence,rdfs:subClassOf,rc:Abbey
rc:Convent_Residence,rdfs:subClassOf,rc:ResidentialBuilding
rc:Convent_Residence,rdfs:subClassOf,owl:Thing
rc:Tuva,rdfs:subClassOf,rc:CentralAsia_Region
rc:Tuva,rdfs:subClassOf,owl:Thing
rc:Msila_ProvinceAlgeria,rdfs:subClassOf,rc:Province_Algeria
rc:Msila_ProvinceAlgeria,rdfs:subClassOf,owl:Thing
rc:SanJoaquinRiver,rdfs:subClassOf,rc:River
rc:SanJoaquinRiver,rdfs:subClassOf,owl:Thing
rc:RandallsAndWardsIslands,rdfs:subClassOf,rc:EastRiver_NewYork
rc:RandallsAndWardsIslands,rdfs:subClassOf,owl:Thing
rc:KampongChhnang_ProvinceCambodia,rdfs:subClassOf,rc:Province_Cambodia
rc:KampongChhnang_ProvinceCambodia,rdfs:subClassOf,owl:Thing
rc:ImpactCraterOnDeimosMoon,rdfs:subClassOf,rc:ImpactCrater
rc:ImpactCraterOnDeimosMoon,rdfs:subClassOf,owl:Thing
rc:BlueMountains,rdfs:subClassOf,rc:MountainRange
rc:BlueMountains,rdfs:subClassOf,owl:Thing
rc:AtlanticOcean,rdfs:subClassOf,rc:Ocean
rc:AtlanticOcean,rdfs:subClassOf,owl:Thing
rc:DentalUnit,rdfs:subClassOf,rc:PrefabricatedMedicalBuildingStructure
rc:DentalUnit,rdfs:subClassOf,owl:Thing
rc:SacramentoSanJoaquinRiverDelta,rdfs:subClassOf,rc:CentralValleyRegion_California
rc:SacramentoSanJoaquinRiverDelta,rdfs:subClassOf,rc:SacramentoRiver
rc:SacramentoSanJoaquinRiverDelta,rdfs:subClassOf,rc:SanJoaquinRiver
rc:SacramentoSanJoaquinRiverDelta,rdfs:subClassOf,owl:Thing
rc:ClaySoilRegion,rdfs:subClassOf,rc:InorganicSoilRegion
rc:ClaySoilRegion,rdfs:subClassOf,rc:LowPlasticitySoilRegion
rc:ClaySoilRegion,rdfs:subClassOf,owl:Thing
rc:ChannelTunnel,rdfs:subClassOf,rc:Tunnel
rc:ChannelTunnel,rdfs:subClassOf,owl:Thing
rc:Dalsland,rdfs:subClassOf,rc:VastraGotaland_ProvinceSweden
rc:Dalsland,rdfs:subClassOf,owl:Thing
rc:EastTexas,rdfs:subClassOf,rc:Southwest_USRegion
rc:EastTexas,rdfs:subClassOf,owl:Thing
rc:Seawall,rdfs:subClassOf,rc:ErosionProtectionStructure
rc:Seawall,rdfs:subClassOf,rc:TransportBuildingStructure
rc:Seawall,rdfs:subClassOf,rc:Wall_GenericBarrier
rc:Seawall,rdfs:subClassOf,owl:Thing
rc:NinhThuan_ProvinceVietnam,rdfs:subClassOf,rc:Province_Vietnam
rc:NinhThuan_ProvinceVietnam,rdfs:subClassOf,owl:Thing
rc:Channel_Lake,rdfs:subClassOf,rc:Channel_WaterPath
rc:Channel_Lake,rdfs:subClassOf,owl:Thing
rc:Deutschland_classBattleship,rdfs:subClassOf,rc:PreDreadnoughtBattleship
rc:Deutschland_classBattleship,rdfs:subClassOf,owl:Thing
rc:Roadway,rdfs:subClassOf,rc:PathForWheeledVehicles
rc:Roadway,rdfs:subClassOf,owl:Thing
rc:Summit,rdfs:subClassOf,rc:LandTopographicalFeature
rc:Summit,rdfs:subClassOf,owl:Thing
rc:AgricultureInBritishColumbia,rdfs:subClassOf,rc:BritishColumbia_CanadianProvince
rc:AgricultureInBritishColumbia,rdfs:subClassOf,owl:Thing
rc:ShippingLane,rdfs:subClassOf,rc:BodyOfWater_Area
rc:ShippingLane,rdfs:subClassOf,rc:TradeRoute
rc:ShippingLane,rdfs:subClassOf,owl:Thing
rc:Khenchela_ProvinceAlgeria,rdfs:subClassOf,rc:Province_Algeria
rc:Khenchela_ProvinceAlgeria,rdfs:subClassOf,owl:Thing
rc:GlenCanyonDam,rdfs:subClassOf,rc:FederallyOwnedDam
rc:GlenCanyonDam,rdfs:subClassOf,rc:HydroelectricDam
rc:GlenCanyonDam,rdfs:subClassOf,owl:Thing
rc:MobileHomePark,rdfs:subClassOf,rc:Neighborhood
rc:MobileHomePark,rdfs:subClassOf,owl:Thing
rc:KampongSpoe_ProvinceCambodia,rdfs:subClassOf,rc:Province_Cambodia
rc:KampongSpoe_ProvinceCambodia,rdfs:subClassOf,owl:Thing
rc:Insectarium,rdfs:subClassOf,rc:Zoo
rc:Insectarium,rdfs:subClassOf,owl:Thing
rc:Lupus_Constellation,rdfs:subClassOf,rc:Constellation
rc:Lupus_Constellation,rdfs:subClassOf,owl:Thing
rc:Hector_classIronclad,rdfs:subClassOf,rc:IroncladWarship
rc:Hector_classIronclad,rdfs:subClassOf,owl:Thing
rc:Ionosphere_PlanetEarth,rdfs:subClassOf,rc:AtmosphericLayer
rc:Ionosphere_PlanetEarth,rdfs:subClassOf,owl:Thing
rc:StoneSetting,rdfs:subClassOf,rc:GraveMarker
rc:StoneSetting,rdfs:subClassOf,owl:Thing
rc:BallClay,rdfs:subClassOf,rc:Clay
rc:BallClay,rdfs:subClassOf,owl:Thing
rc:Province_Turkmenistan,rdfs:subClassOf,rc:Province
rc:Province_Turkmenistan,rdfs:subClassOf,owl:Thing
rc:District_Pakistan,rdfs:subClassOf,rc:ThirdOrderAdministrativeDivision
rc:District_Pakistan,rdfs:subClassOf,owl:Thing
rc:Alma_classIronclad,rdfs:subClassOf,rc:IroncladWarship
rc:Alma_classIronclad,rdfs:subClassOf,owl:Thing
rc:Cavity_Undersea,rdfs:subClassOf,rc:UnderwaterTopographicalFeature
rc:Cavity_Undersea,rdfs:subClassOf,owl:Thing
rc:AlandIslands,rdfs:subClassOf,rc:Archipelago
rc:AlandIslands,rdfs:subClassOf,owl:Thing
rc:TattooStudio,rdfs:subClassOf,rc:CommercialBuilding
rc:TattooStudio,rdfs:subClassOf,rc:Studio
rc:TattooStudio,rdfs:subClassOf,owl:Thing
rc:SoutheastAsia,rdfs:subClassOf,rc:GeoculturalRegion
rc:SoutheastAsia,rdfs:subClassOf,owl:Thing
rc:NavajoNation,rdfs:subClassOf,rc:Southwest_USRegion
rc:NavajoNation,rdfs:subClassOf,owl:Thing
rc:MetroManila,rdfs:subClassOf,rc:City
rc:MetroManila,rdfs:subClassOf,rc:LuzonIsland_Philippines
rc:MetroManila,rdfs:subClassOf,owl:Thing
rc:BritishColumbia_CanadianProvince,rdfs:subClassOf,rc:CanadianProvince
rc:BritishColumbia_CanadianProvince,rdfs:subClassOf,owl:Thing
rc:Low_PressureArea,rdfs:subClassOf,rc:WeatherArea
rc:Low_PressureArea,rdfs:subClassOf,owl:Thing
rc:PatagonianDesert,rdfs:subClassOf,rc:Desert
rc:PatagonianDesert,rdfs:subClassOf,owl:Thing
rc:GeomagneticStorm,rdfs:subClassOf,rc:Ionosphere_PlanetEarth
rc:GeomagneticStorm,rdfs:subClassOf,owl:Thing
rc:ChathamIslands_NZ,rdfs:subClassOf,rc:Archipelago
rc:ChathamIslands_NZ,rdfs:subClassOf,owl:Thing
rc:Ahal_ProvinceTurkmenistan,rdfs:subClassOf,rc:Province_Turkmenistan
rc:Ahal_ProvinceTurkmenistan,rdfs:subClassOf,owl:Thing
rc:Scorpion_classIronclad,rdfs:subClassOf,rc:IroncladWarship
rc:Scorpion_classIronclad,rdfs:subClassOf,owl:Thing
rc:TravelRoute,rdfs:subClassOf,rc:PathArtifact_HumanOccupied
rc:TravelRoute,rdfs:subClassOf,owl:Thing
rc:Philippines,rdfs:subClassOf,rc:Country
rc:Philippines,rdfs:subClassOf,owl:Thing
rc:BreakwaterStructure,rdfs:subClassOf,rc:ArtificialWaterFeature_POI
rc:BreakwaterStructure,rdfs:subClassOf,rc:Breakwater
rc:BreakwaterStructure,rdfs:subClassOf,owl:Thing
rc:SurigaodelNorte_ProvincePhilippines,rdfs:subClassOf,rc:Province_Philippines
rc:SurigaodelNorte_ProvincePhilippines,rdfs:subClassOf,owl:Thing
rc:Downtown,rdfs:subClassOf,rc:UrbanArea
rc:Downtown,rdfs:subClassOf,owl:Thing
rc:WasitProvinceIraq,rdfs:subClassOf,rc:Province_Iraq
rc:WasitProvinceIraq,rdfs:subClassOf,owl:Thing
rc:Yemen,rdfs:subClassOf,rc:ArabWorld
rc:Yemen,rdfs:subClassOf,owl:Thing
rc:Dolomite,rdfs:subClassOf,rc:CarbonateRock
rc:Dolomite,rdfs:subClassOf,owl:Thing
rc:TrajansColumn,rdfs:subClassOf,rc:MonumentalColumn
rc:TrajansColumn,rdfs:subClassOf,owl:Thing
rc:CorrectionalFacility,rdfs:subClassOf,rc:Prison
rc:CorrectionalFacility,rdfs:subClassOf,owl:Thing
rc:SchoenbrunnPalace,rdfs:subClassOf,rc:OfficialResidence
rc:SchoenbrunnPalace,rdfs:subClassOf,rc:PalaceBuilding
rc:SchoenbrunnPalace,rdfs:subClassOf,owl:Thing
rc:HistoricDistrictsInTheUnitedStates,rdfs:subClassOf,rc:HistoricalBuiltUpArea
rc:HistoricDistrictsInTheUnitedStates,rdfs:subClassOf,owl:Thing
rc:Haiphong,rdfs:subClassOf,rc:City
rc:Haiphong,rdfs:subClassOf,owl:Thing
rc:Pavo_Constellation,rdfs:subClassOf,rc:Constellation
rc:Pavo_Constellation,rdfs:subClassOf,owl:Thing
rc:SeineRiver,rdfs:subClassOf,rc:River
rc:SeineRiver,rdfs:subClassOf,owl:Thing
rc:NorthernAfrica,rdfs:subClassOf,rc:GeoculturalRegion
rc:NorthernAfrica,rdfs:subClassOf,owl:Thing
rc:Senegal,rdfs:subClassOf,rc:Country
rc:Senegal,rdfs:subClassOf,owl:Thing
rc:Tuvalu,rdfs:subClassOf,rc:Country
rc:Tuvalu,rdfs:subClassOf,owl:Thing
rc:Cassiopeia_Constellation,rdfs:subClassOf,rc:Constellation
rc:Cassiopeia_Constellation,rdfs:subClassOf,owl:Thing
rc:Paktia_ProvinceAfghanistan,rdfs:subClassOf,rc:Province_Afghanistan
rc:Paktia_ProvinceAfghanistan,rdfs:subClassOf,owl:Thing
rc:Markaz_SaudiArabia,rdfs:subClassOf,rc:Village
rc:Markaz_SaudiArabia,rdfs:subClassOf,owl:Thing
rc:Hill_Undersea,rdfs:subClassOf,rc:UnderwaterTopographicalFeature
rc:Hill_Undersea,rdfs:subClassOf,owl:Thing
rc:Province_SriLanka,rdfs:subClassOf,rc:Province
rc:Province_SriLanka,rdfs:subClassOf,owl:Thing
rc:Formentera_Island,rdfs:subClassOf,rc:Island
rc:Formentera_Island,rdfs:subClassOf,owl:Thing
rc:Scythia,rdfs:subClassOf,rc:Historical_Region
rc:Scythia,rdfs:subClassOf,owl:Thing
rc:Zacatecas_StateMexico,rdfs:subClassOf,rc:State_Mexico
rc:Zacatecas_StateMexico,rdfs:subClassOf,owl:Thing
rc:Microscopium_Constellation,rdfs:subClassOf,rc:Constellation
rc:Microscopium_Constellation,rdfs:subClassOf,owl:Thing
rc:North_USRegion,rdfs:subClassOf,rc:USRegion
rc:North_USRegion,rdfs:subClassOf,owl:Thing
rc:Uzlah_Yemen,rdfs:subClassOf,rc:ThirdOrderAdministrativeDivision
rc:Uzlah_Yemen,rdfs:subClassOf,owl:Thing
rc:Scorpius_Constellation,rdfs:subClassOf,rc:ZodiacConstellation
rc:Scorpius_Constellation,rdfs:subClassOf,owl:Thing
rc:BulgarianSpeakingCountryOrTerritory,rdfs:subClassOf,rc:LanguageSpeakingCountryOrTerritory
rc:BulgarianSpeakingCountryOrTerritory,rdfs:subClassOf,owl:Thing
rc:ConventionCenter,rdfs:subClassOf,rc:HumanHighOccupancyConstruct
rc:ConventionCenter,rdfs:subClassOf,owl:Thing
rc:SurigaodelSur_ProvincePhilippines,rdfs:subClassOf,rc:Province_Philippines
rc:SurigaodelSur_ProvincePhilippines,rdfs:subClassOf,owl:Thing
rc:Uva_ProvinceSriLanka,rdfs:subClassOf,rc:Province_SriLanka
rc:Uva_ProvinceSriLanka,rdfs:subClassOf,owl:Thing
rc:Church_Building,rdfs:subClassOf,rc:Temple
rc:Church_Building,rdfs:subClassOf,owl:Thing
rc:PersianSpeakingCountryOrTerritory,rdfs:subClassOf,rc:LanguageSpeakingCountryOrTerritory
rc:PersianSpeakingCountryOrTerritory,rdfs:subClassOf,owl:Thing
rc:NationalForest,rdfs:subClassOf,rc:Forest
rc:NationalForest,rdfs:subClassOf,rc:PublicProperty
rc:NationalForest,rdfs:subClassOf,owl:Thing
rc:WatercraftComponent,rdfs:subClassOf,rc:Watercraft
rc:WatercraftComponent,rdfs:subClassOf,owl:Thing
rc:Environment_Generic,rdfs:subClassOf,rc:Region
rc:Environment_Generic,rdfs:subClassOf,owl:Thing
rc:Channel_Narrows,rdfs:subClassOf,rc:Channel_WaterPath
rc:Channel_Narrows,rdfs:subClassOf,owl:Thing
rc:ImpactCraterOnEarth,rdfs:subClassOf,rc:ImpactCrater
rc:ImpactCraterOnEarth,rdfs:subClassOf,owl:Thing
rc:GreatDividingRange,rdfs:subClassOf,rc:MountainRange
rc:GreatDividingRange,rdfs:subClassOf,owl:Thing
rc:SoutheastAsianCountry,rdfs:subClassOf,rc:Country
rc:SoutheastAsianCountry,rdfs:subClassOf,rc:SoutheastAsia
rc:SoutheastAsianCountry,rdfs:subClassOf,owl:Thing
rc:Australia,rdfs:subClassOf,rc:Country
rc:Australia,rdfs:subClassOf,owl:Thing
rc:Cathedral,rdfs:subClassOf,rc:Church_Building
rc:Cathedral,rdfs:subClassOf,owl:Thing
rc:FormerBuildingOrStructure,rdfs:subClassOf,rc:FixedStructure
rc:FormerBuildingOrStructure,rdfs:subClassOf,owl:Thing
rc:MissileSilo,rdfs:subClassOf,rc:MissileFacility
rc:MissileSilo,rdfs:subClassOf,owl:Thing
rc:Kecamatan,rdfs:subClassOf,rc:ThirdOrderAdministrativeDivision
rc:Kecamatan,rdfs:subClassOf,owl:Thing
rc:HD181433,rdfs:subClassOf,rc:Pavo_Constellation
rc:HD181433,rdfs:subClassOf,owl:Thing
rc:Southwest_ProvinceCameroon,rdfs:subClassOf,rc:Province_Cameroon
rc:Southwest_ProvinceCameroon,rdfs:subClassOf,owl:Thing
rc:Parkway,rdfs:subClassOf,rc:Roadway
rc:Parkway,rdfs:subClassOf,owl:Thing
rc:ArapahoNationalForest,rdfs:subClassOf,rc:NationalForest
rc:ArapahoNationalForest,rdfs:subClassOf,owl:Thing
rc:BadullaDistrict,rdfs:subClassOf,rc:Uva_ProvinceSriLanka
rc:BadullaDistrict,rdfs:subClassOf,owl:Thing
rc:MountHood,rdfs:subClassOf,rc:Stratovolcano
rc:MountHood,rdfs:subClassOf,owl:Thing
rc:BlueMountainsNewSouthWales,rdfs:subClassOf,rc:GreatDividingRange
rc:BlueMountainsNewSouthWales,rdfs:subClassOf,owl:Thing
rc:AgricultureInNorthernAfrica,rdfs:subClassOf,rc:NorthernAfrica
rc:AgricultureInNorthernAfrica,rdfs:subClassOf,owl:Thing
rc:ShippingLane_International,rdfs:subClassOf,rc:InternationalWaters
rc:ShippingLane_International,rdfs:subClassOf,rc:ShippingLane
rc:ShippingLane_International,rdfs:subClassOf,owl:Thing
rc:Deutschland_classCruiser,rdfs:subClassOf,rc:BattleCruiser
rc:Deutschland_classCruiser,rdfs:subClassOf,owl:Thing
rc:SacreCoeur,rdfs:subClassOf,rc:Church_Building
rc:SacreCoeur,rdfs:subClassOf,owl:Thing
rc:Lacerta_Constellation,rdfs:subClassOf,rc:Constellation
rc:Lacerta_Constellation,rdfs:subClassOf,owl:Thing
rc:ThanhHoa_ProvinceVietnam,rdfs:subClassOf,rc:Province_Vietnam
rc:ThanhHoa_ProvinceVietnam,rdfs:subClassOf,owl:Thing
rc:HighPlasticitySoilRegion,rdfs:subClassOf,rc:FineGrainedSoilRegion
rc:HighPlasticitySoilRegion,rdfs:subClassOf,owl:Thing
rc:District_PaktiaProvince,rdfs:subClassOf,rc:District
rc:District_PaktiaProvince,rdfs:subClassOf,rc:Paktia_ProvinceAfghanistan
rc:District_PaktiaProvince,rdfs:subClassOf,owl:Thing
rc:LuzonIsland_Philippines,rdfs:subClassOf,rc:Island
rc:LuzonIsland_Philippines,rdfs:subClassOf,owl:Thing
rc:EastTimor,rdfs:subClassOf,rc:SoutheastAsianCountry
rc:EastTimor,rdfs:subClassOf,owl:Thing
rc:Cavus_Topographical,rdfs:subClassOf,rc:Depression_Topographical
rc:Cavus_Topographical,rdfs:subClassOf,owl:Thing
rc:BrisbaneRiver,rdfs:subClassOf,rc:River
rc:BrisbaneRiver,rdfs:subClassOf,owl:Thing
rc:IroningBoard,rdfs:subClassOf,rc:HumanOccupationConstructObject
rc:IroningBoard,rdfs:subClassOf,owl:Thing
rc:Aquifer,rdfs:subClassOf,rc:Underground
rc:Aquifer,rdfs:subClassOf,owl:Thing
rc:Dock,rdfs:subClassOf,rc:Pier
rc:Dock,rdfs:subClassOf,rc:TransportFacility
rc:Dock,rdfs:subClassOf,owl:Thing
rc:KampongThum_ProvinceCambodia,rdfs:subClassOf,rc:Province_Cambodia
rc:KampongThum_ProvinceCambodia,rdfs:subClassOf,owl:Thing
rc:JawaTengah_ProvinceIndonesia,rdfs:subClassOf,rc:JavaIsland_Indonesia
rc:JawaTengah_ProvinceIndonesia,rdfs:subClassOf,rc:Province_Indonesia_TheNation
rc:JawaTengah_ProvinceIndonesia,rdfs:subClassOf,owl:Thing
rc:FatClaySoilRegion,rdfs:subClassOf,rc:HighPlasticitySoilRegion
rc:FatClaySoilRegion,rdfs:subClassOf,rc:InorganicSoilRegion
rc:FatClaySoilRegion,rdfs:subClassOf,owl:Thing
rc:Mazandaran_ProvinceIran,rdfs:subClassOf,rc:Province_Iran
rc:Mazandaran_ProvinceIran,rdfs:subClassOf,owl:Thing
rc:BicolRegion,rdfs:subClassOf,rc:LuzonIsland_Philippines
rc:BicolRegion,rdfs:subClassOf,owl:Thing
rc:ShippingLocation,rdfs:subClassOf,rc:HumanlyOccupiedSpatialObject
rc:ShippingLocation,rdfs:subClassOf,owl:Thing
rc:PearlRiver,rdfs:subClassOf,rc:River
rc:PearlRiver,rdfs:subClassOf,owl:Thing
rc:MountKenya_Volcano,rdfs:subClassOf,rc:Mountain
rc:MountKenya_Volcano,rdfs:subClassOf,rc:Volcano
rc:MountKenya_Volcano,rdfs:subClassOf,owl:Thing
rc:AppalachianTrail,rdfs:subClassOf,rc:Trail
rc:AppalachianTrail,rdfs:subClassOf,owl:Thing
rc:Kythnos,rdfs:subClassOf,rc:Cyclades
rc:Kythnos,rdfs:subClassOf,owl:Thing
rc:Dayeuhluhur,rdfs:subClassOf,rc:JawaTengah_ProvinceIndonesia
rc:Dayeuhluhur,rdfs:subClassOf,owl:Thing
rc:Czechoslovakia,rdfs:subClassOf,rc:EasternEuropeanCountry
rc:Czechoslovakia,rdfs:subClassOf,owl:Thing
rc:SouthCotabato_ProvincePhilippines,rdfs:subClassOf,rc:Province_Philippines
rc:SouthCotabato_ProvincePhilippines,rdfs:subClassOf,owl:Thing
rc:Markazi_ProvinceIran,rdfs:subClassOf,rc:Province_Iran
rc:Markazi_ProvinceIran,rdfs:subClassOf,owl:Thing
rc:AviationAndTheEnvironment,rdfs:subClassOf,rc:Environment_Generic
rc:AviationAndTheEnvironment,rdfs:subClassOf,owl:Thing
rc:SeawolfClassSubmarine,rdfs:subClassOf,rc:AttackSubmarine
rc:SeawolfClassSubmarine,rdfs:subClassOf,rc:NuclearSubmarine
rc:SeawolfClassSubmarine,rdfs:subClassOf,owl:Thing
rc:NortheastAsia,rdfs:subClassOf,rc:ContinentOfAsia
rc:NortheastAsia,rdfs:subClassOf,owl:Thing
rc:USAdministrativeDivision,rdfs:subClassOf,rc:FirstOrderAdministrativeDivision
rc:USAdministrativeDivision,rdfs:subClassOf,owl:Thing
rc:Cay,rdfs:subClassOf,rc:Island
rc:Cay,rdfs:subClassOf,owl:Thing
rc:CentralLuzon,rdfs:subClassOf,rc:LuzonIsland_Philippines
rc:CentralLuzon,rdfs:subClassOf,owl:Thing
rc:Basse_TerreIslandGuadeloupe,rdfs:subClassOf,rc:Island
rc:Basse_TerreIslandGuadeloupe,rdfs:subClassOf,owl:Thing
rc:Oceania_Region,rdfs:subClassOf,rc:IslandRegion
rc:Oceania_Region,rdfs:subClassOf,owl:Thing
rc:Harbor,rdfs:subClassOf,rc:BodyOfWater_SubRegionsSea
rc:Harbor,rdfs:subClassOf,rc:TransportBuildingStructure
rc:Harbor,rdfs:subClassOf,owl:Thing
rc:LaneOfRoadway,rdfs:subClassOf,rc:Roadway
rc:LaneOfRoadway,rdfs:subClassOf,owl:Thing
rc:HistoricHouse,rdfs:subClassOf,rc:HistoricBuilding
rc:HistoricHouse,rdfs:subClassOf,owl:Thing
rc:State_UnitedStates,rdfs:subClassOf,rc:State_Geopolitical
rc:State_UnitedStates,rdfs:subClassOf,rc:USAdministrativeDivision
rc:State_UnitedStates,rdfs:subClassOf,owl:Thing
rc:ArmenianMilitaryRanksOfPersianOrigin,rdfs:subClassOf,rc:Armenia
rc:ArmenianMilitaryRanksOfPersianOrigin,rdfs:subClassOf,owl:Thing
rc:PearlRiverDelta,rdfs:subClassOf,rc:PearlRiver
rc:PearlRiverDelta,rdfs:subClassOf,rc:SouthChinaSea
rc:PearlRiverDelta,rdfs:subClassOf,owl:Thing
rc:AustraliaContinent,rdfs:subClassOf,rc:Oceania_Region
rc:AustraliaContinent,rdfs:subClassOf,owl:Thing
rc:FormerCantonsOfSwitzerland,rdfs:subClassOf,rc:Canton_Swiss
rc:FormerCantonsOfSwitzerland,rdfs:subClassOf,rc:PopulatedPlace_Historical
rc:FormerCantonsOfSwitzerland,rdfs:subClassOf,owl:Thing
rc:Estonia,rdfs:subClassOf,rc:EasternEuropeanCountry
rc:Estonia,rdfs:subClassOf,owl:Thing
rc:Piling,rdfs:subClassOf,rc:FixedStructure
rc:Piling,rdfs:subClassOf,owl:Thing
rc:ByzantineEmpire,rdfs:subClassOf,rc:Country
rc:ByzantineEmpire,rdfs:subClassOf,owl:Thing
rc:SchoharieReservoir,rdfs:subClassOf,rc:WaterReservoir
rc:SchoharieReservoir,rdfs:subClassOf,owl:Thing
rc:UrduSpeakingCountryOrTerritory,rdfs:subClassOf,rc:LanguageSpeakingCountryOrTerritory
rc:UrduSpeakingCountryOrTerritory,rdfs:subClassOf,owl:Thing
rc:OilPumpingFacility,rdfs:subClassOf,rc:TransportFacility
rc:OilPumpingFacility,rdfs:subClassOf,owl:Thing
rc:Liberia,rdfs:subClassOf,rc:Country
rc:Liberia,rdfs:subClassOf,owl:Thing
rc:KyushuIsland_Japan,rdfs:subClassOf,rc:Island
rc:KyushuIsland_Japan,rdfs:subClassOf,owl:Thing
rc:ParliamentBuilding,rdfs:subClassOf,rc:GovernmentalBuilding
rc:ParliamentBuilding,rdfs:subClassOf,owl:Thing
rc:Alabama_State,rdfs:subClassOf,rc:State_UnitedStates
rc:Alabama_State,rdfs:subClassOf,owl:Thing
rc:USCity,rdfs:subClassOf,rc:City
rc:USCity,rdfs:subClassOf,rc:ThirdOrderAdministrativeDivision
rc:USCity,rdfs:subClassOf,owl:Thing
rc:GasOilSeparatorFacility,rdfs:subClassOf,rc:Refinery
rc:GasOilSeparatorFacility,rdfs:subClassOf,owl:Thing
rc:Qom_ProvinceIran,rdfs:subClassOf,rc:Province_Iran
rc:Qom_ProvinceIran,rdfs:subClassOf,owl:Thing
rc:Madagascar,rdfs:subClassOf,rc:Country
rc:Madagascar,rdfs:subClassOf,owl:Thing
rc:RadialStreetSystem,rdfs:subClassOf,rc:StreetSystem
rc:RadialStreetSystem,rdfs:subClassOf,owl:Thing
rc:GlennCountyCalifornia,rdfs:subClassOf,rc:NorthernCalifornia
rc:GlennCountyCalifornia,rdfs:subClassOf,owl:Thing
rc:BabilProvinceIraq,rdfs:subClassOf,rc:Province_Iraq
rc:BabilProvinceIraq,rdfs:subClassOf,owl:Thing
rc:NewYorkCity,rdfs:subClassOf,rc:USCity
rc:NewYorkCity,rdfs:subClassOf,owl:Thing
rc:ConcretePiling,rdfs:subClassOf,rc:Piling
rc:ConcretePiling,rdfs:subClassOf,owl:Thing
rc:Boulevard,rdfs:subClassOf,rc:Street_Generic
rc:Boulevard,rdfs:subClassOf,owl:Thing
rc:Zachodniopomorskie_ProvincePoland,rdfs:subClassOf,rc:Province_Poland
rc:Zachodniopomorskie_ProvincePoland,rdfs:subClassOf,owl:Thing
rc:PrincipeIsland_SaoTomeAndPrincipe,rdfs:subClassOf,rc:Island
rc:PrincipeIsland_SaoTomeAndPrincipe,rdfs:subClassOf,owl:Thing
rc:Bay,rdfs:subClassOf,rc:BodyOfWater_Area
rc:Bay,rdfs:subClassOf,owl:Thing
rc:LamDong_ProvinceVietnam,rdfs:subClassOf,rc:Province_Vietnam
rc:LamDong_ProvinceVietnam,rdfs:subClassOf,owl:Thing
rc:Kampot_ProvinceCambodia,rdfs:subClassOf,rc:Province_Cambodia
rc:Kampot_ProvinceCambodia,rdfs:subClassOf,owl:Thing
rc:Pen_Enclosure,rdfs:subClassOf,rc:AnimalPen
rc:Pen_Enclosure,rdfs:subClassOf,owl:Thing
rc:Sawmill_ManufacturingFacility,rdfs:subClassOf,rc:Mill_ManufacturingFacility
rc:Sawmill_ManufacturingFacility,rdfs:subClassOf,owl:Thing
rc:Parliament_EnglandConstituency,rdfs:subClassOf,rc:Constituency
rc:Parliament_EnglandConstituency,rdfs:subClassOf,owl:Thing
rc:SanDiegoTijuana,rdfs:subClassOf,rc:MetropolitanArea
rc:SanDiegoTijuana,rdfs:subClassOf,owl:Thing
rc:USStatePark,rdfs:subClassOf,rc:WildernessPark
rc:USStatePark,rdfs:subClassOf,owl:Thing
rc:NegroRiver,rdfs:subClassOf,rc:River
rc:NegroRiver,rdfs:subClassOf,owl:Thing
rc:Belde_Turkey,rdfs:subClassOf,rc:Municipality
rc:Belde_Turkey,rdfs:subClassOf,rc:Village
rc:Belde_Turkey,rdfs:subClassOf,owl:Thing
rc:MountKibo,rdfs:subClassOf,rc:Mountain
rc:MountKibo,rdfs:subClassOf,owl:Thing
rc:BaffinBay,rdfs:subClassOf,rc:Bay
rc:BaffinBay,rdfs:subClassOf,owl:Thing
rc:Clay,rdfs:subClassOf,rc:EarthStone
rc:Clay,rdfs:subClassOf,owl:Thing
rc:Waterhole,rdfs:subClassOf,rc:BodyOfWater_Small
rc:Waterhole,rdfs:subClassOf,rc:Pond
rc:Waterhole,rdfs:subClassOf,owl:Thing
rc:Netherlands,rdfs:subClassOf,rc:Country
rc:Netherlands,rdfs:subClassOf,owl:Thing
rc:HamiltonHeightsManhattan,rdfs:subClassOf,rc:Neighborhood
rc:HamiltonHeightsManhattan,rdfs:subClassOf,rc:NewYorkCity
rc:HamiltonHeightsManhattan,rdfs:subClassOf,owl:Thing
rc:Paktika_ProvinceAfghanistan,rdfs:subClassOf,rc:Province_Afghanistan
rc:Paktika_ProvinceAfghanistan,rdfs:subClassOf,owl:Thing
rc:Doorway,rdfs:subClassOf,rc:SpaceInAHOC
rc:Doorway,rdfs:subClassOf,owl:Thing
rc:Hierro_Island,rdfs:subClassOf,rc:Island
rc:Hierro_Island,rdfs:subClassOf,owl:Thing
rc:SenegalRiver,rdfs:subClassOf,rc:River
rc:SenegalRiver,rdfs:subClassOf,owl:Thing
rc:NortheastAsianCountry,rdfs:subClassOf,rc:Country
rc:NortheastAsianCountry,rdfs:subClassOf,owl:Thing
rc:RoomInAConstruction,rdfs:subClassOf,rc:SpaceInAFixedHOC
rc:RoomInAConstruction,rdfs:subClassOf,owl:Thing
rc:Footpath,rdfs:subClassOf,rc:PathArtifact_HumanOccupied
rc:Footpath,rdfs:subClassOf,owl:Thing
rc:Countertop,rdfs:subClassOf,rc:Kitchen
rc:Countertop,rdfs:subClassOf,owl:Thing
rc:TrajansForum,rdfs:subClassOf,rc:RomanForum
rc:TrajansForum,rdfs:subClassOf,owl:Thing
rc:Flat_Topographical_Undersea,rdfs:subClassOf,rc:UnderwaterTopographicalFeature
rc:Flat_Topographical_Undersea,rdfs:subClassOf,owl:Thing
rc:District_PaktikaProvince,rdfs:subClassOf,rc:District
rc:District_PaktikaProvince,rdfs:subClassOf,rc:Paktika_ProvinceAfghanistan
rc:District_PaktikaProvince,rdfs:subClassOf,owl:Thing
rc:Kampung_Papua,rdfs:subClassOf,rc:Village
rc:Kampung_Papua,rdfs:subClassOf,owl:Thing
rc:SanFranciscoBayArea,rdfs:subClassOf,rc:NorthernCalifornia
rc:SanFranciscoBayArea,rdfs:subClassOf,owl:Thing
rc:DockLandingShip,rdfs:subClassOf,rc:AmphibiousWarfareShip
rc:DockLandingShip,rdfs:subClassOf,owl:Thing
rc:Boulgou_ProvinceBurkinaFaso,rdfs:subClassOf,rc:Province_BurkinaFaso
rc:Boulgou_ProvinceBurkinaFaso,rdfs:subClassOf,owl:Thing
rc:LangSon_ProvinceVietnam,rdfs:subClassOf,rc:Province_Vietnam
rc:LangSon_ProvinceVietnam,rdfs:subClassOf,owl:Thing
rc:Mongolia,rdfs:subClassOf,rc:EastAsianCountry
rc:Mongolia,rdfs:subClassOf,owl:Thing
rc:ChurchSpace,rdfs:subClassOf,rc:SpaceInAFixedHOC
rc:ChurchSpace,rdfs:subClassOf,owl:Thing
rc:SchoolBuilding_KThrough12,rdfs:subClassOf,rc:SchoolBuilding
rc:SchoolBuilding_KThrough12,rdfs:subClassOf,owl:Thing
rc:NavalAirStation,rdfs:subClassOf,rc:MilitaryFacility
rc:NavalAirStation,rdfs:subClassOf,owl:Thing
rc:ArtStudio,rdfs:subClassOf,rc:RoomInAConstruction
rc:ArtStudio,rdfs:subClassOf,rc:Studio
rc:ArtStudio,rdfs:subClassOf,owl:Thing
rc:Senegambia,rdfs:subClassOf,rc:Gambia
rc:Senegambia,rdfs:subClassOf,rc:Senegal
rc:Senegambia,rdfs:subClassOf,owl:Thing
rc:Trail,rdfs:subClassOf,rc:Footpath
rc:Trail,rdfs:subClassOf,rc:Reserve_OutdoorRegion
rc:Trail,rdfs:subClassOf,owl:Thing
rc:HistoricHouseMuseum,rdfs:subClassOf,rc:HistoricHouse
rc:HistoricHouseMuseum,rdfs:subClassOf,rc:MuseumStructure
rc:HistoricHouseMuseum,rdfs:subClassOf,owl:Thing
rc:OrganicSoilRegion,rdfs:subClassOf,rc:RegionTypeBySoilType_USCS
rc:OrganicSoilRegion,rdfs:subClassOf,owl:Thing
rc:StonehengeReplicaAndDerivative,rdfs:subClassOf,rc:Stonehenge_Place
rc:StonehengeReplicaAndDerivative,rdfs:subClassOf,owl:Thing
rc:L20ea_classbattleship,rdfs:subClassOf,rc:Battleship
rc:L20ea_classbattleship,rdfs:subClassOf,owl:Thing
rc:Gully,rdfs:subClassOf,rc:FlowTerrain
rc:Gully,rdfs:subClassOf,rc:Valley
rc:Gully,rdfs:subClassOf,owl:Thing
rc:Kitchen,rdfs:subClassOf,rc:RoomInAConstruction
rc:Kitchen,rdfs:subClassOf,owl:Thing
rc:SouthDakota_State,rdfs:subClassOf,rc:State_UnitedStates
rc:SouthDakota_State,rdfs:subClassOf,owl:Thing
rc:DiscusThrowField,rdfs:subClassOf,rc:AthleticField
rc:DiscusThrowField,rdfs:subClassOf,owl:Thing
rc:Salavan_ProvinceLaos,rdfs:subClassOf,rc:Province_Laos
rc:Salavan_ProvinceLaos,rdfs:subClassOf,owl:Thing
rc:BilitonIsland_Indonesia,rdfs:subClassOf,rc:Island
rc:BilitonIsland_Indonesia,rdfs:subClassOf,owl:Thing
rc:Suriname,rdfs:subClassOf,rc:Country
rc:Suriname,rdfs:subClassOf,owl:Thing
rc:ChattahoocheeNationalForest,rdfs:subClassOf,rc:NationalForest
rc:ChattahoocheeNationalForest,rdfs:subClassOf,owl:Thing
rc:Cancer_Constellation,rdfs:subClassOf,rc:ZodiacConstellation
rc:Cancer_Constellation,rdfs:subClassOf,owl:Thing
rc:JuniorHighMiddleSchool,rdfs:subClassOf,rc:SchoolBuilding_KThrough12
rc:JuniorHighMiddleSchool,rdfs:subClassOf,owl:Thing
rc:MojaveAirAndSpacePort,rdfs:subClassOf,rc:SpaceLaunchFacility
rc:MojaveAirAndSpacePort,rdfs:subClassOf,owl:Thing
rc:GreatLakesCircleTour,rdfs:subClassOf,rc:CircleTour
rc:GreatLakesCircleTour,rdfs:subClassOf,owl:Thing
rc:MekmenBenAmarDistrict,rdfs:subClassOf,rc:Naama_ProvinceAlgeria
rc:MekmenBenAmarDistrict,rdfs:subClassOf,owl:Thing
rc:Scotland,rdfs:subClassOf,rc:UnitedKingdom
rc:Scotland,rdfs:subClassOf,owl:Thing
rc:Gangut_classBattleship,rdfs:subClassOf,rc:Dreadnought
rc:Gangut_classBattleship,rdfs:subClassOf,owl:Thing
rc:PanelizedHome,rdfs:subClassOf,rc:FactoryBuiltHome
rc:PanelizedHome,rdfs:subClassOf,owl:Thing
rc:FormerColonialCapital,rdfs:subClassOf,rc:PopulatedPlace_Historical
rc:FormerColonialCapital,rdfs:subClassOf,owl:Thing
rc:SouthwesternEurope,rdfs:subClassOf,rc:IberianPeninsula
rc:SouthwesternEurope,rdfs:subClassOf,rc:WesternEurope
rc:SouthwesternEurope,rdfs:subClassOf,owl:Thing
rc:HospitalBuilding,rdfs:subClassOf,rc:PermanentBuildingStructure
rc:HospitalBuilding,rdfs:subClassOf,owl:Thing
rc:SpanishAfrica,rdfs:subClassOf,rc:NorthernAfrica
rc:SpanishAfrica,rdfs:subClassOf,owl:Thing
rc:DropZone,rdfs:subClassOf,rc:TacticalArea
rc:DropZone,rdfs:subClassOf,owl:Thing
rc:StanislausCountyCalifornia,rdfs:subClassOf,rc:NorthernCalifornia
rc:StanislausCountyCalifornia,rdfs:subClassOf,owl:Thing
rc:Portage,rdfs:subClassOf,rc:PathArtifact_HumanOccupied
rc:Portage,rdfs:subClassOf,owl:Thing
rc:CulturalHeritageEnsemble,rdfs:subClassOf,rc:BuildingCluster
rc:CulturalHeritageEnsemble,rdfs:subClassOf,owl:Thing
rc:StewartIsland_NZ,rdfs:subClassOf,rc:Island
rc:StewartIsland_NZ,rdfs:subClassOf,owl:Thing
rc:Ophiuchus_Constellation,rdfs:subClassOf,rc:Constellation
rc:Ophiuchus_Constellation,rdfs:subClassOf,owl:Thing
rc:SugarRefinery,rdfs:subClassOf,rc:Refinery
rc:SugarRefinery,rdfs:subClassOf,owl:Thing
rc:BarAreaInHOC,rdfs:subClassOf,rc:SpaceInAFixedHOC
rc:BarAreaInHOC,rdfs:subClassOf,owl:Thing
rc:Andalusite,rdfs:subClassOf,rc:Clay
rc:Andalusite,rdfs:subClassOf,owl:Thing
rc:XocaliRayonuAzerbaijan,rdfs:subClassOf,rc:Province
rc:XocaliRayonuAzerbaijan,rdfs:subClassOf,owl:Thing
rc:Shoulder_Roadway,rdfs:subClassOf,rc:Roadway
rc:Shoulder_Roadway,rdfs:subClassOf,owl:Thing
rc:Gully_Undersea,rdfs:subClassOf,rc:UnderwaterTopographicalFeature
rc:Gully_Undersea,rdfs:subClassOf,owl:Thing
rc:Saskatchewan_CanadianProvince,rdfs:subClassOf,rc:CanadianProvince
rc:Saskatchewan_CanadianProvince,rdfs:subClassOf,owl:Thing
rc:Chios_Island_Greece,rdfs:subClassOf,rc:Island
rc:Chios_Island_Greece,rdfs:subClassOf,owl:Thing
rc:CollectorRoad,rdfs:subClassOf,rc:TravelRoute_Road
rc:CollectorRoad,rdfs:subClassOf,owl:Thing
rc:Venue,rdfs:subClassOf,rc:PublicPlace
rc:Venue,rdfs:subClassOf,owl:Thing
rc:Borneo_TheIsland,rdfs:subClassOf,rc:Island
rc:Borneo_TheIsland,rdfs:subClassOf,owl:Thing
rc:Chattahoochee_OconeeNationalForest,rdfs:subClassOf,rc:NationalForest
rc:Chattahoochee_OconeeNationalForest,rdfs:subClassOf,owl:Thing
rc:CulturalHeritageSite_Russia,rdfs:subClassOf,rc:HistoricalSite
rc:CulturalHeritageSite_Russia,rdfs:subClassOf,owl:Thing
rc:AgricultureInSaskatchewan,rdfs:subClassOf,rc:Saskatchewan_CanadianProvince
rc:AgricultureInSaskatchewan,rdfs:subClassOf,owl:Thing
rc:SomersetWest,rdfs:subClassOf,rc:WesternCape_ProvinceSouthAfrica
rc:SomersetWest,rdfs:subClassOf,owl:Thing
rc:BusinessRoute,rdfs:subClassOf,rc:CollectorRoad
rc:BusinessRoute,rdfs:subClassOf,owl:Thing
rc:TentMembraneStructure,rdfs:subClassOf,rc:PortableBuildingStructure
rc:TentMembraneStructure,rdfs:subClassOf,owl:Thing
rc:PetroleumReservoir,rdfs:subClassOf,rc:HydrocarbonReservoir
rc:PetroleumReservoir,rdfs:subClassOf,owl:Thing
rc:Hedge,rdfs:subClassOf,rc:OutdoorLocation
rc:Hedge,rdfs:subClassOf,owl:Thing
rc:XocavandRayonuAzerbaijan,rdfs:subClassOf,rc:Province
rc:XocavandRayonuAzerbaijan,rdfs:subClassOf,owl:Thing
rc:Reunion,rdfs:subClassOf,rc:FrenchRegion
rc:Reunion,rdfs:subClassOf,owl:Thing
rc:NewGuinea_TheIsland,rdfs:subClassOf,rc:Island
rc:NewGuinea_TheIsland,rdfs:subClassOf,owl:Thing
rc:SouthwesternScania,rdfs:subClassOf,rc:Skane_ProvinceSweden
rc:SouthwesternScania,rdfs:subClassOf,owl:Thing
rc:CaspianCountry,rdfs:subClassOf,rc:Country
rc:CaspianCountry,rdfs:subClassOf,owl:Thing
rc:Parliament_IrelandConstituency,rdfs:subClassOf,rc:Constituency
rc:Parliament_IrelandConstituency,rdfs:subClassOf,owl:Thing
rc:MongolState,rdfs:subClassOf,rc:Mongolia
rc:MongolState,rdfs:subClassOf,owl:Thing
rc:Runabout_Boat,rdfs:subClassOf,rc:Boat
rc:Runabout_Boat,rdfs:subClassOf,rc:Motorboat
rc:Runabout_Boat,rdfs:subClassOf,rc:PersonalWatercraft
rc:Runabout_Boat,rdfs:subClassOf,owl:Thing
rc:Keep,rdfs:subClassOf,rc:FortificationByType
rc:Keep,rdfs:subClassOf,owl:Thing
rc:FatOrganicClaySoilRegion,rdfs:subClassOf,rc:HighPlasticitySoilRegion
rc:FatOrganicClaySoilRegion,rdfs:subClassOf,rc:OrganicSoilRegion
rc:FatOrganicClaySoilRegion,rdfs:subClassOf,owl:Thing
rc:BarAreaInPrivateResidence,rdfs:subClassOf,rc:BarAreaInHOC
rc:BarAreaInPrivateResidence,rdfs:subClassOf,owl:Thing
rc:MountKilimanjaro_Volcano,rdfs:subClassOf,rc:Stratovolcano
rc:MountKilimanjaro_Volcano,rdfs:subClassOf,owl:Thing
rc:TramLine,rdfs:subClassOf,rc:TravelRoute
rc:TramLine,rdfs:subClassOf,owl:Thing
rc:UnconventionalPetroleumDeposit,rdfs:subClassOf,rc:PetroleumReservoir
rc:UnconventionalPetroleumDeposit,rdfs:subClassOf,owl:Thing
rc:MusicVenue,rdfs:subClassOf,rc:Venue
rc:MusicVenue,rdfs:subClassOf,owl:Thing
rc:Boulkiemde_ProvinceBurkinaFaso,rdfs:subClassOf,rc:Province_BurkinaFaso
rc:Boulkiemde_ProvinceBurkinaFaso,rdfs:subClassOf,owl:Thing
rc:CaymanBrac_Island,rdfs:subClassOf,rc:Island
rc:CaymanBrac_Island,rdfs:subClassOf,owl:Thing
rc:WesternNewGuinea,rdfs:subClassOf,rc:IslandSubregion
rc:WesternNewGuinea,rdfs:subClassOf,rc:NewGuinea_TheIsland
rc:WesternNewGuinea,rdfs:subClassOf,owl:Thing
rc:SportsRing,rdfs:subClassOf,rc:SportsPlayingArea
rc:SportsRing,rdfs:subClassOf,owl:Thing
rc:Synagogue,rdfs:subClassOf,rc:Temple
rc:Synagogue,rdfs:subClassOf,owl:Thing
rc:Parliament_RepublicOfGhanaConstituency,rdfs:subClassOf,rc:Constituency
rc:Parliament_RepublicOfGhanaConstituency,rdfs:subClassOf,owl:Thing
rc:AreaOfOperations,rdfs:subClassOf,rc:TacticalArea
rc:AreaOfOperations,rdfs:subClassOf,owl:Thing
rc:Andorra,rdfs:subClassOf,rc:Country
rc:Andorra,rdfs:subClassOf,owl:Thing
rc:YenBai_ProvinceVietnam,rdfs:subClassOf,rc:Province_Vietnam
rc:YenBai_ProvinceVietnam,rdfs:subClassOf,owl:Thing
rc:Sarawak,rdfs:subClassOf,rc:Borneo_TheIsland
rc:Sarawak,rdfs:subClassOf,rc:Brunei
rc:Sarawak,rdfs:subClassOf,owl:Thing
rc:NegrosOccidental_ProvincePhilippines,rdfs:subClassOf,rc:Province_Philippines
rc:NegrosOccidental_ProvincePhilippines,rdfs:subClassOf,owl:Thing
rc:PortableBuildingStructure,rdfs:subClassOf,rc:Facility_Construct
rc:PortableBuildingStructure,rdfs:subClassOf,owl:Thing
rc:ReunionIsland,rdfs:subClassOf,rc:Island
rc:ReunionIsland,rdfs:subClassOf,owl:Thing
rc:State_India,rdfs:subClassOf,rc:State_Geopolitical
rc:State_India,rdfs:subClassOf,owl:Thing
rc:SailingShip,rdfs:subClassOf,rc:Ship
rc:SailingShip,rdfs:subClassOf,owl:Thing
rc:Belfast_RegionNorthernIreland,rdfs:subClassOf,rc:State_Geopolitical
rc:Belfast_RegionNorthernIreland,rdfs:subClassOf,owl:Thing
rc:SouthDakota_classBattleship,rdfs:subClassOf,rc:Battleship
rc:SouthDakota_classBattleship,rdfs:subClassOf,owl:Thing
rc:AshmoreAndCartierIslands,rdfs:subClassOf,rc:Archipelago
rc:AshmoreAndCartierIslands,rdfs:subClassOf,owl:Thing
rc:NortheastChina,rdfs:subClassOf,rc:Manchuria_Region
rc:NortheastChina,rdfs:subClassOf,owl:Thing
rc:OilSands,rdfs:subClassOf,rc:UnconventionalPetroleumDeposit
rc:OilSands,rdfs:subClassOf,owl:Thing
rc:District_Paraguay,rdfs:subClassOf,rc:SecondOrderAdministrativeDivision
rc:District_Paraguay,rdfs:subClassOf,owl:Thing
rc:MojaveDesert,rdfs:subClassOf,rc:Desert
rc:MojaveDesert,rdfs:subClassOf,owl:Thing
rc:Pavilion,rdfs:subClassOf,rc:PublicBuildingStructure
rc:Pavilion,rdfs:subClassOf,owl:Thing
rc:NetherlandsNewGuinea,rdfs:subClassOf,rc:WesternNewGuinea
rc:NetherlandsNewGuinea,rdfs:subClassOf,owl:Thing
rc:AndamanAndNicobarIslands,rdfs:subClassOf,rc:State_India
rc:AndamanAndNicobarIslands,rdfs:subClassOf,owl:Thing
rc:FloodZone,rdfs:subClassOf,rc:EcologicalRegion
rc:FloodZone,rdfs:subClassOf,rc:OutdoorLocation
rc:FloodZone,rdfs:subClassOf,rc:RegionTypeBySurfaceDrainage_NRCS
rc:FloodZone,rdfs:subClassOf,owl:Thing
rc:Hamlet,rdfs:subClassOf,rc:Village
rc:Hamlet,rdfs:subClassOf,owl:Thing
rc:BoxingRing,rdfs:subClassOf,rc:SportsRing
rc:BoxingRing,rdfs:subClassOf,owl:Thing
rc:ClipperShip,rdfs:subClassOf,rc:SailingShip
rc:ClipperShip,rdfs:subClassOf,owl:Thing
rc:Azerbaijan,rdfs:subClassOf,rc:CaspianCountry
rc:Azerbaijan,rdfs:subClassOf,owl:Thing
rc:GreatPlains_USRegion,rdfs:subClassOf,rc:USRegion
rc:GreatPlains_USRegion,rdfs:subClassOf,owl:Thing
rc:Penama_ProvinceVanuatu,rdfs:subClassOf,rc:Province_Vanuatu
rc:Penama_ProvinceVanuatu,rdfs:subClassOf,owl:Thing
rc:CommercialLandParcel,rdfs:subClassOf,rc:LandParcel
rc:CommercialLandParcel,rdfs:subClassOf,owl:Thing
rc:Aquila_Constellation,rdfs:subClassOf,rc:Constellation
rc:Aquila_Constellation,rdfs:subClassOf,owl:Thing
rc:SouthChinaSea,rdfs:subClassOf,rc:Sea
rc:SouthChinaSea,rdfs:subClassOf,owl:Thing
rc:ArmenianSpeakingCountryOrTerritory,rdfs:subClassOf,rc:LanguageSpeakingCountryOrTerritory
rc:ArmenianSpeakingCountryOrTerritory,rdfs:subClassOf,owl:Thing
rc:Guam,rdfs:subClassOf,rc:Island
rc:Guam,rdfs:subClassOf,owl:Thing
rc:StageForPerformances,rdfs:subClassOf,rc:HumanlyOccupiedSpatialObject
rc:StageForPerformances,rdfs:subClassOf,rc:LeisureFacility
rc:StageForPerformances,rdfs:subClassOf,rc:PortableBuildingStructure
rc:StageForPerformances,rdfs:subClassOf,owl:Thing
rc:ZaglebieWalbrzych,rdfs:subClassOf,rc:Walbrzych_ProvincePoland
rc:ZaglebieWalbrzych,rdfs:subClassOf,owl:Thing
rc:Bandstand,rdfs:subClassOf,rc:MusicVenue
rc:Bandstand,rdfs:subClassOf,rc:Pavilion
rc:Bandstand,rdfs:subClassOf,owl:Thing
rc:MekongDelta,rdfs:subClassOf,rc:SouthChinaSea
rc:MekongDelta,rdfs:subClassOf,owl:Thing
rc:Altay_ProvinceRussia,rdfs:subClassOf,rc:Province_Russia
rc:Altay_ProvinceRussia,rdfs:subClassOf,owl:Thing
rc:YeniseiRiver,rdfs:subClassOf,rc:River
rc:YeniseiRiver,rdfs:subClassOf,owl:Thing
rc:RoyalAirForceStationsInTheIsleOfMan,rdfs:subClassOf,rc:IsleOfMan_Island
rc:RoyalAirForceStationsInTheIsleOfMan,rdfs:subClassOf,owl:Thing
rc:Tavush_ProvinceArmenia,rdfs:subClassOf,rc:Province_Armenia
rc:Tavush_ProvinceArmenia,rdfs:subClassOf,owl:Thing
rc:Midwest_USRegion,rdfs:subClassOf,rc:USRegion
rc:Midwest_USRegion,rdfs:subClassOf,owl:Thing
rc:Enclosure,rdfs:subClassOf,rc:RealProperty
rc:Enclosure,rdfs:subClassOf,owl:Thing
rc:DockingBasin,rdfs:subClassOf,rc:BodyOfWater_SubRegionsSea
rc:DockingBasin,rdfs:subClassOf,owl:Thing
rc:Egypt,rdfs:subClassOf,rc:ArabWorld
rc:Egypt,rdfs:subClassOf,owl:Thing
rc:PlantCommunity,rdfs:subClassOf,rc:RegionTypeBySurfaceGrowth
rc:PlantCommunity,rdfs:subClassOf,owl:Thing
rc:Gansu_ProvinceChina,rdfs:subClassOf,rc:ChineseProvince
rc:Gansu_ProvinceChina,rdfs:subClassOf,owl:Thing
rc:PeatCuttingArea,rdfs:subClassOf,rc:EconomicRegion
rc:PeatCuttingArea,rdfs:subClassOf,rc:PeatSoilRegion
rc:PeatCuttingArea,rdfs:subClassOf,owl:Thing
rc:FloodedArea,rdfs:subClassOf,rc:UnderwaterLocation
rc:FloodedArea,rdfs:subClassOf,owl:Thing
rc:StavropolKrai,rdfs:subClassOf,rc:Caucasus_Region
rc:StavropolKrai,rdfs:subClassOf,owl:Thing
rc:FireStation,rdfs:subClassOf,rc:PublicBuildingStructure
rc:FireStation,rdfs:subClassOf,rc:PublicFacility
rc:FireStation,rdfs:subClassOf,owl:Thing
rc:Riau,rdfs:subClassOf,rc:SumatraIsland_Indonesia
rc:Riau,rdfs:subClassOf,owl:Thing
rc:Hillside,rdfs:subClassOf,rc:Slope_Topographical
rc:Hillside,rdfs:subClassOf,owl:Thing
rc:SinaiPeninsula,rdfs:subClassOf,rc:Peninsula
rc:SinaiPeninsula,rdfs:subClassOf,owl:Thing
rc:Quezon_ProvincePhilippines,rdfs:subClassOf,rc:Province_Philippines
rc:Quezon_ProvincePhilippines,rdfs:subClassOf,owl:Thing
rc:FormerCountiesOfEngland,rdfs:subClassOf,rc:CountiesOfEngland
rc:FormerCountiesOfEngland,rdfs:subClassOf,rc:PopulatedPlace_Historical
rc:FormerCountiesOfEngland,rdfs:subClassOf,owl:Thing
rc:GreatLakesRegionUS,rdfs:subClassOf,rc:Midwest_USRegion
rc:GreatLakesRegionUS,rdfs:subClassOf,owl:Thing
rc:GuluDistrict,rdfs:subClassOf,rc:District
rc:GuluDistrict,rdfs:subClassOf,owl:Thing
rc:ThatchedRoof,rdfs:subClassOf,rc:RoofOfAConstruction
rc:ThatchedRoof,rdfs:subClassOf,owl:Thing
rc:Zagros_Mountains,rdfs:subClassOf,rc:MountainRange
rc:Zagros_Mountains,rdfs:subClassOf,owl:Thing
rc:GannanTibetanAutonomousPrefecture,rdfs:subClassOf,rc:Gansu_ProvinceChina
rc:GannanTibetanAutonomousPrefecture,rdfs:subClassOf,rc:Prefecture
rc:GannanTibetanAutonomousPrefecture,rdfs:subClassOf,owl:Thing
rc:Mud,rdfs:subClassOf,rc:EarthenSubstance
rc:Mud,rdfs:subClassOf,owl:Thing
rc:Ararat_Mount,rdfs:subClassOf,rc:Mountain
rc:Ararat_Mount,rdfs:subClassOf,owl:Thing
rc:GasPipeline,rdfs:subClassOf,rc:PathArtifact_Area
rc:GasPipeline,rdfs:subClassOf,rc:Pipeline
rc:GasPipeline,rdfs:subClassOf,rc:TransportFacility
rc:GasPipeline,rdfs:subClassOf,owl:Thing
rc:HospitalBuildingStructure,rdfs:subClassOf,rc:PermanentBuildingStructure
rc:HospitalBuildingStructure,rdfs:subClassOf,owl:Thing
rc:StageForIndoorPerformances,rdfs:subClassOf,rc:SpaceInAFixedHOC
rc:StageForIndoorPerformances,rdfs:subClassOf,rc:StageForPerformances
rc:StageForIndoorPerformances,rdfs:subClassOf,owl:Thing
rc:CulturalHeritageSite_Slovenia,rdfs:subClassOf,rc:HistoricalSite
rc:CulturalHeritageSite_Slovenia,rdfs:subClassOf,owl:Thing
rc:Shipyard,rdfs:subClassOf,rc:HeavyIndustryFacility
rc:Shipyard,rdfs:subClassOf,rc:IndustrialLandParcel
rc:Shipyard,rdfs:subClassOf,owl:Thing
rc:PowerStation,rdfs:subClassOf,rc:PowerGenerationComplex
rc:PowerStation,rdfs:subClassOf,owl:Thing
rc:Trench,rdfs:subClassOf,rc:TopographicalFeature
rc:Trench,rdfs:subClassOf,owl:Thing
rc:SupportColumn_FurniturePart,rdfs:subClassOf,rc:FurniturePart
rc:SupportColumn_FurniturePart,rdfs:subClassOf,owl:Thing
rc:Hilltop,rdfs:subClassOf,rc:LandTopographicalFeature
rc:Hilltop,rdfs:subClassOf,owl:Thing
rc:Stream,rdfs:subClassOf,rc:BodyOfWater_Flowing
rc:Stream,rdfs:subClassOf,rc:EcologicalRegion
rc:Stream,rdfs:subClassOf,rc:Watercourse
rc:Stream,rdfs:subClassOf,owl:Thing
rc:TerrainHighGround,rdfs:subClassOf,rc:NaturalElevation
rc:TerrainHighGround,rdfs:subClassOf,owl:Thing
rc:Tawitawi_ProvincePhilippines,rdfs:subClassOf,rc:Province_Philippines
rc:Tawitawi_ProvincePhilippines,rdfs:subClassOf,owl:Thing
rc:ColoradoEasternPlains,rdfs:subClassOf,rc:GreatPlains_USRegion
rc:ColoradoEasternPlains,rdfs:subClassOf,owl:Thing
rc:MountKillington,rdfs:subClassOf,rc:Mountain
rc:MountKillington,rdfs:subClassOf,owl:Thing
rc:BusinessRoutesOfInterstate69InMichigan,rdfs:subClassOf,rc:BusinessRoute
rc:BusinessRoutesOfInterstate69InMichigan,rdfs:subClassOf,owl:Thing
rc:BarAreaInRestaurant,rdfs:subClassOf,rc:BarAreaInHOC
rc:BarAreaInRestaurant,rdfs:subClassOf,owl:Thing
rc:Borodino_classBattlecruiser,rdfs:subClassOf,rc:BattleCruiser
rc:Borodino_classBattlecruiser,rdfs:subClassOf,owl:Thing
rc:ProvenceAlpesCoteDAzur,rdfs:subClassOf,rc:FrenchRegion
rc:ProvenceAlpesCoteDAzur,rdfs:subClassOf,owl:Thing
rc:AltamontPass,rdfs:subClassOf,rc:Pass_Geographical
rc:AltamontPass,rdfs:subClassOf,owl:Thing
rc:Boumerdes_ProvinceAlgeria,rdfs:subClassOf,rc:Province_Algeria
rc:Boumerdes_ProvinceAlgeria,rdfs:subClassOf,owl:Thing
rc:AltarStage,rdfs:subClassOf,rc:ChurchSpace
rc:AltarStage,rdfs:subClassOf,rc:StageForIndoorPerformances
rc:AltarStage,rdfs:subClassOf,owl:Thing
rc:BuiltUpArea,rdfs:subClassOf,rc:EconomicRegion
rc:BuiltUpArea,rdfs:subClassOf,owl:Thing
rc:Sarcophagi,rdfs:subClassOf,rc:Tomb
rc:Sarcophagi,rdfs:subClassOf,owl:Thing
rc:AzerbaijanConstituency,rdfs:subClassOf,rc:Constituency
rc:AzerbaijanConstituency,rdfs:subClassOf,owl:Thing
rc:Boatyard,rdfs:subClassOf,rc:CommercialLandParcel
rc:Boatyard,rdfs:subClassOf,rc:Outdoors_ExposedToWeather
rc:Boatyard,rdfs:subClassOf,rc:Shipyard
rc:Boatyard,rdfs:subClassOf,owl:Thing
rc:FurniturePart,rdfs:subClassOf,rc:HumanOccupationConstructObject
rc:FurniturePart,rdfs:subClassOf,owl:Thing
rc:NegrosOriental_ProvincePhilippines,rdfs:subClassOf,rc:Province_Philippines
rc:NegrosOriental_ProvincePhilippines,rdfs:subClassOf,owl:Thing
rc:NewEngland_USRegion,rdfs:subClassOf,rc:USRegion
rc:NewEngland_USRegion,rdfs:subClassOf,owl:Thing
rc:Mill_ManufacturingFacility,rdfs:subClassOf,rc:ManufacturingFacility
rc:Mill_ManufacturingFacility,rdfs:subClassOf,owl:Thing
rc:RobertIsland,rdfs:subClassOf,rc:SouthShetlandIslands
rc:RobertIsland,rdfs:subClassOf,owl:Thing
rc:SpotElevation,rdfs:subClassOf,rc:ArtifactualFeatureType
rc:SpotElevation,rdfs:subClassOf,owl:Thing
rc:River,rdfs:subClassOf,rc:Stream
rc:River,rdfs:subClassOf,owl:Thing
rc:VerticalProtrusion_Topographical,rdfs:subClassOf,rc:NaturalElevation
rc:VerticalProtrusion_Topographical,rdfs:subClassOf,owl:Thing
rc:Capricornus_Constellation,rdfs:subClassOf,rc:ZodiacConstellation
rc:Capricornus_Constellation,rdfs:subClassOf,owl:Thing
rc:Depression_Topographical,rdfs:subClassOf,rc:LandTopographicalFeature
rc:Depression_Topographical,rdfs:subClassOf,owl:Thing
rc:Gravesite,rdfs:subClassOf,rc:FixedStructure
rc:Gravesite,rdfs:subClassOf,owl:Thing
rc:Outdoors_ExposedToWeather,rdfs:subClassOf,rc:OutdoorLocation
rc:Outdoors_ExposedToWeather,rdfs:subClassOf,owl:Thing
rc:AreaWithHistoricalBuildings,rdfs:subClassOf,rc:BuiltUpArea
rc:AreaWithHistoricalBuildings,rdfs:subClassOf,rc:HistoricalSite
rc:AreaWithHistoricalBuildings,rdfs:subClassOf,owl:Thing
rc:AlbanianSpeakingCountryOrTerritory,rdfs:subClassOf,rc:LanguageSpeakingCountryOrTerritory
rc:AlbanianSpeakingCountryOrTerritory,rdfs:subClassOf,owl:Thing
rc:ThermalPowerGenerationComplex,rdfs:subClassOf,rc:PowerGenerationComplex
rc:ThermalPowerGenerationComplex,rdfs:subClassOf,owl:Thing
rc:ProcessingStation,rdfs:subClassOf,rc:IndustrialBuildingStructure
rc:ProcessingStation,rdfs:subClassOf,owl:Thing
rc:Mongolia_Region,rdfs:subClassOf,rc:GeoculturalRegion
rc:Mongolia_Region,rdfs:subClassOf,owl:Thing
rc:BusinessRoutesOfInterstate75InMichigan,rdfs:subClassOf,rc:BusinessRoute
rc:BusinessRoutesOfInterstate75InMichigan,rdfs:subClassOf,owl:Thing
rc:Parvan_ProvinceAfghanistan,rdfs:subClassOf,rc:Province_Afghanistan
rc:Parvan_ProvinceAfghanistan,rdfs:subClassOf,owl:Thing
rc:Gemini_Constellation,rdfs:subClassOf,rc:ZodiacConstellation
rc:Gemini_Constellation,rdfs:subClassOf,owl:Thing
rc:NewEnglandState,rdfs:subClassOf,rc:NewEngland_USRegion
rc:NewEnglandState,rdfs:subClassOf,owl:Thing
rc:Campania_classCruiser,rdfs:subClassOf,rc:Cruiser
rc:Campania_classCruiser,rdfs:subClassOf,owl:Thing
rc:Sebkha,rdfs:subClassOf,rc:ClaySoilRegion
rc:Sebkha,rdfs:subClassOf,rc:Desert
rc:Sebkha,rdfs:subClassOf,rc:EcologicalRegion
rc:Sebkha,rdfs:subClassOf,owl:Thing
rc:ClippertonIsland,rdfs:subClassOf,rc:Atoll
rc:ClippertonIsland,rdfs:subClassOf,owl:Thing
rc:Iowa_State,rdfs:subClassOf,rc:State_UnitedStates
rc:Iowa_State,rdfs:subClassOf,owl:Thing
rc:Cushion_PartOfFurniture,rdfs:subClassOf,rc:FurniturePart
rc:Cushion_PartOfFurniture,rdfs:subClassOf,owl:Thing
rc:SanFranciscoZenCenter,rdfs:subClassOf,rc:ReligiousBuilding
rc:SanFranciscoZenCenter,rdfs:subClassOf,owl:Thing
rc:MojaveRiver,rdfs:subClassOf,rc:River
rc:MojaveRiver,rdfs:subClassOf,owl:Thing
rc:NotreDameDeParis,rdfs:subClassOf,rc:Landmark
rc:NotreDameDeParis,rdfs:subClassOf,owl:Thing
rc:AttackAircraftCarrier,rdfs:subClassOf,rc:AircraftCarrier
rc:AttackAircraftCarrier,rdfs:subClassOf,owl:Thing
rc:MetropolitainFrance,rdfs:subClassOf,rc:France
rc:MetropolitainFrance,rdfs:subClassOf,owl:Thing
rc:District_ParwanProvince,rdfs:subClassOf,rc:District
rc:District_ParwanProvince,rdfs:subClassOf,rc:Parvan_ProvinceAfghanistan
rc:District_ParwanProvince,rdfs:subClassOf,owl:Thing
rc:SouthDeccanPlateauDryDeciduousForest,rdfs:subClassOf,rc:DryTropicalForest
rc:SouthDeccanPlateauDryDeciduousForest,rdfs:subClassOf,owl:Thing
rc:Hill,rdfs:subClassOf,rc:DefensivelyAdvantageousTerrain
rc:Hill,rdfs:subClassOf,rc:GeographicalPlace_Area
rc:Hill,rdfs:subClassOf,rc:TerrainHighGround
rc:Hill,rdfs:subClassOf,rc:VerticalProtrusion_Topographical
rc:Hill,rdfs:subClassOf,owl:Thing
rc:Slope_Topographical,rdfs:subClassOf,rc:LandTopographicalFeature
rc:Slope_Topographical,rdfs:subClassOf,owl:Thing
rc:CayugaLake,rdfs:subClassOf,rc:FreshWaterLake
rc:CayugaLake,rdfs:subClassOf,owl:Thing
rc:NuclearPowerStation,rdfs:subClassOf,rc:PowerStation
rc:NuclearPowerStation,rdfs:subClassOf,rc:ThermalPowerGenerationComplex
rc:NuclearPowerStation,rdfs:subClassOf,rc:UtilityBuildingStructure
rc:NuclearPowerStation,rdfs:subClassOf,owl:Thing
rc:Popocatepetl_Volcano,rdfs:subClassOf,rc:Stratovolcano
rc:Popocatepetl_Volcano,rdfs:subClassOf,owl:Thing
rc:TimeZone,rdfs:subClassOf,rc:GeopoliticalRegion
rc:TimeZone,rdfs:subClassOf,owl:Thing
rc:AlternateRoute,rdfs:subClassOf,rc:TravelRoute_Road
rc:AlternateRoute,rdfs:subClassOf,owl:Thing
rc:Illinois_State,rdfs:subClassOf,rc:State_UnitedStates
rc:Illinois_State,rdfs:subClassOf,owl:Thing
rc:Aquitaine_RegionFrance,rdfs:subClassOf,rc:FrenchRegion
rc:Aquitaine_RegionFrance,rdfs:subClassOf,owl:Thing
rc:Tindouf_ProvinceAlgeria,rdfs:subClassOf,rc:Province_Algeria
rc:Tindouf_ProvinceAlgeria,rdfs:subClassOf,owl:Thing
rc:Jersey_Island,rdfs:subClassOf,rc:Island
rc:Jersey_Island,rdfs:subClassOf,owl:Thing
rc:ByzantineSite,rdfs:subClassOf,rc:AncientSite
rc:ByzantineSite,rdfs:subClassOf,owl:Thing
rc:Gristmill,rdfs:subClassOf,rc:Mill_ManufacturingFacility
rc:Gristmill,rdfs:subClassOf,owl:Thing
rc:AshokanReservoir,rdfs:subClassOf,rc:WaterReservoir
rc:AshokanReservoir,rdfs:subClassOf,owl:Thing
rc:Seychelles,rdfs:subClassOf,rc:Country
rc:Seychelles,rdfs:subClassOf,owl:Thing
rc:PlantCommunityOfTheWesternUnitedStates,rdfs:subClassOf,rc:PlantCommunity
rc:PlantCommunityOfTheWesternUnitedStates,rdfs:subClassOf,owl:Thing
rc:FormerCountiesOfTheUnitedKingdom,rdfs:subClassOf,rc:County_Britain
rc:FormerCountiesOfTheUnitedKingdom,rdfs:subClassOf,rc:PopulatedPlace_Historical
rc:FormerCountiesOfTheUnitedKingdom,rdfs:subClassOf,owl:Thing
rc:FrenchWindow,rdfs:subClassOf,rc:Window
rc:FrenchWindow,rdfs:subClassOf,owl:Thing
rc:Sinaloa_StateMexico,rdfs:subClassOf,rc:State_Mexico
rc:Sinaloa_StateMexico,rdfs:subClassOf,owl:Thing
rc:MountKosciusko,rdfs:subClassOf,rc:Mountain
rc:MountKosciusko,rdfs:subClassOf,owl:Thing
rc:TimeZone_IntegralOffset,rdfs:subClassOf,rc:TimeZone
rc:TimeZone_IntegralOffset,rdfs:subClassOf,owl:Thing
rc:ProcessionalCross,rdfs:subClassOf,rc:Cross_TortureDevice
rc:ProcessionalCross,rdfs:subClassOf,owl:Thing
rc:Acropolis,rdfs:subClassOf,rc:Hill
rc:Acropolis,rdfs:subClassOf,owl:Thing
rc:Basin_Topographical,rdfs:subClassOf,rc:Basin
rc:Basin_Topographical,rdfs:subClassOf,rc:Depression_Topographical
rc:Basin_Topographical,rdfs:subClassOf,rc:Slope_Topographical
rc:Basin_Topographical,rdfs:subClassOf,owl:Thing
rc:ColoradoRiverOfArizona,rdfs:subClassOf,rc:River
rc:ColoradoRiverOfArizona,rdfs:subClassOf,owl:Thing
rc:Alger_ProvinceAlgeria,rdfs:subClassOf,rc:Province_Algeria
rc:Alger_ProvinceAlgeria,rdfs:subClassOf,owl:Thing
rc:Hermitage,rdfs:subClassOf,rc:HumanResidence
rc:Hermitage,rdfs:subClassOf,owl:Thing
rc:ChaharMahallVaBakhtiari_ProvinceIran,rdfs:subClassOf,rc:Province_Iran
rc:ChaharMahallVaBakhtiari_ProvinceIran,rdfs:subClassOf,owl:Thing
rc:BrownsFerry_NuclearPowerPlant,rdfs:subClassOf,rc:NuclearPowerStation
rc:BrownsFerry_NuclearPowerPlant,rdfs:subClassOf,owl:Thing
rc:ReservoirOfTheMissouriRiver,rdfs:subClassOf,rc:MissouriRiver
rc:ReservoirOfTheMissouriRiver,rdfs:subClassOf,owl:Thing
rc:AtlanticTimeZone,rdfs:subClassOf,rc:TimeZone_IntegralOffset
rc:AtlanticTimeZone,rdfs:subClassOf,owl:Thing
rc:AustralianAlps_Mountains,rdfs:subClassOf,rc:MountainRange
rc:AustralianAlps_Mountains,rdfs:subClassOf,owl:Thing
rc:Torreon,rdfs:subClassOf,rc:City
rc:Torreon,rdfs:subClassOf,owl:Thing
rc:DiamondHead_Mountain,rdfs:subClassOf,rc:Mountain
rc:DiamondHead_Mountain,rdfs:subClassOf,owl:Thing
rc:WrestlingRing,rdfs:subClassOf,rc:SportsGround
rc:WrestlingRing,rdfs:subClassOf,rc:SportsRing
rc:WrestlingRing,rdfs:subClassOf,owl:Thing
rc:DrainageBasin,rdfs:subClassOf,rc:Basin_Topographical
rc:DrainageBasin,rdfs:subClassOf,owl:Thing
rc:OilShale,rdfs:subClassOf,rc:FossilFuel
rc:OilShale,rdfs:subClassOf,owl:Thing
rc:CongoRiver,rdfs:subClassOf,rc:River
rc:CongoRiver,rdfs:subClassOf,owl:Thing
rc:ColoradoPlateau,rdfs:subClassOf,rc:ColoradoRiverOfArizona
rc:ColoradoPlateau,rdfs:subClassOf,owl:Thing
rc:LowerColoradoRiverValley,rdfs:subClassOf,rc:ColoradoRiverOfArizona
rc:LowerColoradoRiverValley,rdfs:subClassOf,owl:Thing
rc:Watercraft,rdfs:subClassOf,rc:Outdoors_ExposedToWeather
rc:Watercraft,rdfs:subClassOf,owl:Thing
rc:Region_State_Geopolitical,rdfs:subClassOf,rc:State_Geopolitical
rc:Region_State_Geopolitical,rdfs:subClassOf,owl:Thing
rc:KananaskisCountryRecreationArea,rdfs:subClassOf,rc:Park
rc:KananaskisCountryRecreationArea,rdfs:subClassOf,owl:Thing
rc:Saddle_TerrainFeature,rdfs:subClassOf,rc:DefensivelyAdvantageousTerrain
rc:Saddle_TerrainFeature,rdfs:subClassOf,rc:LandTopographicalFeature
rc:Saddle_TerrainFeature,rdfs:subClassOf,owl:Thing
rc:EasterIsland,rdfs:subClassOf,rc:Island
rc:EasterIsland,rdfs:subClassOf,owl:Thing
rc:AlpineThreeThousander,rdfs:subClassOf,rc:Alps_Mountains
rc:AlpineThreeThousander,rdfs:subClassOf,owl:Thing
rc:Gliderport,rdfs:subClassOf,rc:Airport_Physical
rc:Gliderport,rdfs:subClassOf,rc:Terminal_TransferPoint
rc:Gliderport,rdfs:subClassOf,owl:Thing
rc:Shirak_ProvinceArmenia,rdfs:subClassOf,rc:Province_Armenia
rc:Shirak_ProvinceArmenia,rdfs:subClassOf,owl:Thing
rc:CleaningAndTheEnvironment,rdfs:subClassOf,rc:Environment_Generic
rc:CleaningAndTheEnvironment,rdfs:subClassOf,owl:Thing
rc:MaghrebCountry,rdfs:subClassOf,rc:AfricanCountry
rc:MaghrebCountry,rdfs:subClassOf,owl:Thing
rc:MountLogan,rdfs:subClassOf,rc:Massif
rc:MountLogan,rdfs:subClassOf,owl:Thing
rc:Region_Chile,rdfs:subClassOf,rc:Region_State_Geopolitical
rc:Region_Chile,rdfs:subClassOf,owl:Thing
rc:ContiguousUnitedStates,rdfs:subClassOf,rc:USRegion
rc:ContiguousUnitedStates,rdfs:subClassOf,owl:Thing
rc:HighEnduranceCutter,rdfs:subClassOf,rc:Cutter_NavalWatercraft
rc:HighEnduranceCutter,rdfs:subClassOf,owl:Thing
rc:MudFlat,rdfs:subClassOf,rc:PeriodicallyFloodedRegion
rc:MudFlat,rdfs:subClassOf,owl:Thing
rc:BitumenUpgrader,rdfs:subClassOf,rc:HeavyIndustryFacility
rc:BitumenUpgrader,rdfs:subClassOf,owl:Thing
rc:ACFRiverBasin,rdfs:subClassOf,rc:DrainageBasin
rc:ACFRiverBasin,rdfs:subClassOf,owl:Thing
rc:Playa,rdfs:subClassOf,rc:Flat_Topographical
rc:Playa,rdfs:subClassOf,rc:PeriodicallyFloodedRegion
rc:Playa,rdfs:subClassOf,owl:Thing
rc:ImperatorAleksandrIi_classBattleship,rdfs:subClassOf,rc:Battleship
rc:ImperatorAleksandrIi_classBattleship,rdfs:subClassOf,owl:Thing
rc:ServiceStation_Facility,rdfs:subClassOf,rc:CommercialFacility
rc:ServiceStation_Facility,rdfs:subClassOf,owl:Thing
rc:Borodino_classBattleship,rdfs:subClassOf,rc:Battleship
rc:Borodino_classBattleship,rdfs:subClassOf,owl:Thing
rc:MilitaryWatercraft,rdfs:subClassOf,rc:Watercraft
rc:MilitaryWatercraft,rdfs:subClassOf,owl:Thing
rc:AndamanSea,rdfs:subClassOf,rc:Sea
rc:AndamanSea,rdfs:subClassOf,owl:Thing
rc:USTemperateBroadleafAndMixedForest,rdfs:subClassOf,rc:BroadleafForest
rc:USTemperateBroadleafAndMixedForest,rdfs:subClassOf,owl:Thing
rc:Prairie,rdfs:subClassOf,rc:Grassland
rc:Prairie,rdfs:subClassOf,owl:Thing
rc:NiobraraRiver,rdfs:subClassOf,rc:River
rc:NiobraraRiver,rdfs:subClassOf,owl:Thing
rc:Shefa_ProvinceVanuatu,rdfs:subClassOf,rc:Province_Vanuatu
rc:Shefa_ProvinceVanuatu,rdfs:subClassOf,owl:Thing
rc:StFrancisRiver,rdfs:subClassOf,rc:River
rc:StFrancisRiver,rdfs:subClassOf,owl:Thing
rc:Pangasinan_ProvincePhilippines,rdfs:subClassOf,rc:Province_Philippines
rc:Pangasinan_ProvincePhilippines,rdfs:subClassOf,owl:Thing
rc:MetropolitanArea,rdfs:subClassOf,rc:PopulatedPlace
rc:MetropolitanArea,rdfs:subClassOf,owl:Thing
rc:SanGiorgio_classCruiser,rdfs:subClassOf,rc:ArmoredCruiser
rc:SanGiorgio_classCruiser,rdfs:subClassOf,owl:Thing
rc:AirForceBase_Grounds,rdfs:subClassOf,rc:MilitaryBase_Grounds
rc:AirForceBase_Grounds,rdfs:subClassOf,owl:Thing
rc:Foundry_Building,rdfs:subClassOf,rc:FactoryBuilding
rc:Foundry_Building,rdfs:subClassOf,owl:Thing
rc:TripleJumpArea,rdfs:subClassOf,rc:FieldSportArea
rc:TripleJumpArea,rdfs:subClassOf,owl:Thing
rc:IndustrialLandParcel,rdfs:subClassOf,rc:LandParcel
rc:IndustrialLandParcel,rdfs:subClassOf,owl:Thing
rc:Campanile_BellTower,rdfs:subClassOf,rc:BellTower
rc:Campanile_BellTower,rdfs:subClassOf,owl:Thing
rc:CalaverasCountyCalifornia,rdfs:subClassOf,rc:NorthernCalifornia
rc:CalaverasCountyCalifornia,rdfs:subClassOf,owl:Thing
rc:AreaWithSomeWind,rdfs:subClassOf,rc:WeatherArea
rc:AreaWithSomeWind,rdfs:subClassOf,owl:Thing
rc:NewEnglandTownGreen,rdfs:subClassOf,rc:Common_Region
rc:NewEnglandTownGreen,rdfs:subClassOf,owl:Thing
rc:TokelauIslands,rdfs:subClassOf,rc:Archipelago
rc:TokelauIslands,rdfs:subClassOf,owl:Thing
rc:Araucania_RegionChile,rdfs:subClassOf,rc:Region_Chile
rc:Araucania_RegionChile,rdfs:subClassOf,owl:Thing
rc:Rzeszow_ProvincePoland,rdfs:subClassOf,rc:Province_Poland
rc:Rzeszow_ProvincePoland,rdfs:subClassOf,owl:Thing
rc:AlbanyRiver,rdfs:subClassOf,rc:River
rc:AlbanyRiver,rdfs:subClassOf,owl:Thing
rc:Congo_Brazzaville,rdfs:subClassOf,rc:Country
rc:Congo_Brazzaville,rdfs:subClassOf,owl:Thing
rc:Sardinia,rdfs:subClassOf,rc:Island
rc:Sardinia,rdfs:subClassOf,owl:Thing
rc:HumanHighOccupancyConstruct,rdfs:subClassOf,rc:ModernShelterConstruction
rc:HumanHighOccupancyConstruct,rdfs:subClassOf,rc:PublicPlace
rc:HumanHighOccupancyConstruct,rdfs:subClassOf,owl:Thing
rc:Algeria,rdfs:subClassOf,rc:ArabWorld
rc:Algeria,rdfs:subClassOf,rc:MaghrebCountry
rc:Algeria,rdfs:subClassOf,owl:Thing
rc:Neighborhood_Brazil,rdfs:subClassOf,rc:AdministrativeDistrict
rc:Neighborhood_Brazil,rdfs:subClassOf,rc:Neighborhood
rc:Neighborhood_Brazil,rdfs:subClassOf,owl:Thing
rc:Island_State_Geopolitical,rdfs:subClassOf,rc:State_Geopolitical
rc:Island_State_Geopolitical,rdfs:subClassOf,owl:Thing
rc:Illinois_classBattleship,rdfs:subClassOf,rc:PreDreadnoughtBattleship
rc:Illinois_classBattleship,rdfs:subClassOf,owl:Thing
rc:RobertsQuartet,rdfs:subClassOf,rc:Phoenix_Constellation
rc:RobertsQuartet,rdfs:subClassOf,owl:Thing
rc:TelecommunicationSite,rdfs:subClassOf,rc:IndustrialLandParcel
rc:TelecommunicationSite,rdfs:subClassOf,owl:Thing
rc:Newsroom,rdfs:subClassOf,rc:RoomInAConstruction
rc:Newsroom,rdfs:subClassOf,owl:Thing
rc:Therasia,rdfs:subClassOf,rc:Cyclades
rc:Therasia,rdfs:subClassOf,owl:Thing
rc:ResetButton,rdfs:subClassOf,rc:ElectricalButton
rc:ResetButton,rdfs:subClassOf,owl:Thing
rc:ImperatritsaMariya_classBattleship,rdfs:subClassOf,rc:Battleship
rc:ImperatritsaMariya_classBattleship,rdfs:subClassOf,owl:Thing
rc:Comoros_TheNation,rdfs:subClassOf,rc:Country
rc:Comoros_TheNation,rdfs:subClassOf,rc:Island_State_Geopolitical
rc:Comoros_TheNation,rdfs:subClassOf,owl:Thing
rc:Vela_Constellation,rdfs:subClassOf,rc:Constellation
rc:Vela_Constellation,rdfs:subClassOf,owl:Thing
rc:Housing,rdfs:subClassOf,rc:HumanResidence
rc:Housing,rdfs:subClassOf,owl:Thing
rc:FormerCountriesInBorneo,rdfs:subClassOf,rc:Borneo_TheIsland
rc:FormerCountriesInBorneo,rdfs:subClassOf,rc:Brunei
rc:FormerCountriesInBorneo,rdfs:subClassOf,owl:Thing
rc:MunitionsDepot,rdfs:subClassOf,rc:HeavyIndustryFacility
rc:MunitionsDepot,rdfs:subClassOf,owl:Thing
rc:DiamondMine,rdfs:subClassOf,rc:Mine_ExcavationFacility
rc:DiamondMine,rdfs:subClassOf,owl:Thing
rc:Ara_Constellation,rdfs:subClassOf,rc:Constellation
rc:Ara_Constellation,rdfs:subClassOf,owl:Thing
rc:SedimentaryRock,rdfs:subClassOf,rc:Stone
rc:SedimentaryRock,rdfs:subClassOf,owl:Thing
rc:LanguageArea,rdfs:subClassOf,rc:GeoculturalRegion
rc:LanguageArea,rdfs:subClassOf,owl:Thing
rc:SouthernCalifornia,rdfs:subClassOf,rc:WesternUS_Region
rc:SouthernCalifornia,rdfs:subClassOf,owl:Thing
rc:BulkCargoShip,rdfs:subClassOf,rc:CargoShip
rc:BulkCargoShip,rdfs:subClassOf,owl:Thing
rc:Lusitania_ProvinceRomanEmpire,rdfs:subClassOf,rc:Province
rc:Lusitania_ProvinceRomanEmpire,rdfs:subClassOf,owl:Thing
rc:RadioStation_Place,rdfs:subClassOf,rc:TelecommunicationSite
rc:RadioStation_Place,rdfs:subClassOf,owl:Thing
rc:ElevatedRoadway,rdfs:subClassOf,rc:Bridge
rc:ElevatedRoadway,rdfs:subClassOf,rc:PavedRoadway
rc:ElevatedRoadway,rdfs:subClassOf,owl:Thing
rc:DeseretChemicalDepot,rdfs:subClassOf,rc:MunitionsDepot
rc:DeseretChemicalDepot,rdfs:subClassOf,owl:Thing
rc:FireTemple,rdfs:subClassOf,rc:Temple
rc:FireTemple,rdfs:subClassOf,owl:Thing
rc:CarbonateRock,rdfs:subClassOf,rc:SedimentaryRock
rc:CarbonateRock,rdfs:subClassOf,owl:Thing
rc:MilitaryFacilityInTheMojaveDesert,rdfs:subClassOf,rc:MilitaryFacility
rc:MilitaryFacilityInTheMojaveDesert,rdfs:subClassOf,owl:Thing
rc:Illizi_ProvinceAlgeria,rdfs:subClassOf,rc:Province_Algeria
rc:Illizi_ProvinceAlgeria,rdfs:subClassOf,owl:Thing
rc:Anjouan_IslandComoros,rdfs:subClassOf,rc:Comoros_TheNation
rc:Anjouan_IslandComoros,rdfs:subClassOf,owl:Thing
rc:CountiesInSouthernCalifornia,rdfs:subClassOf,rc:SouthernCalifornia
rc:CountiesInSouthernCalifornia,rdfs:subClassOf,owl:Thing
rc:Temple,rdfs:subClassOf,rc:HumanHighOccupancyConstruct
rc:Temple,rdfs:subClassOf,rc:ReligiousBuilding
rc:Temple,rdfs:subClassOf,owl:Thing
rc:CondensateField,rdfs:subClassOf,rc:MineralField
rc:CondensateField,rdfs:subClassOf,owl:Thing
rc:TankerShip,rdfs:subClassOf,rc:CargoShip
rc:TankerShip,rdfs:subClassOf,rc:Motorboat
rc:TankerShip,rdfs:subClassOf,owl:Thing
rc:SonLa_ProvinceVietnam,rdfs:subClassOf,rc:Province_Vietnam
rc:SonLa_ProvinceVietnam,rdfs:subClassOf,owl:Thing
rc:PenderIsland_BritishColumbia,rdfs:subClassOf,rc:Island
rc:PenderIsland_BritishColumbia,rdfs:subClassOf,owl:Thing
rc:District_Peru,rdfs:subClassOf,rc:ThirdOrderAdministrativeDivision
rc:District_Peru,rdfs:subClassOf,owl:Thing
rc:Mosque,rdfs:subClassOf,rc:Temple
rc:Mosque,rdfs:subClassOf,owl:Thing
rc:Province_Russia,rdfs:subClassOf,rc:Province
rc:Province_Russia,rdfs:subClassOf,owl:Thing
rc:GreenMountains_Chester,rdfs:subClassOf,rc:MountainRange
rc:GreenMountains_Chester,rdfs:subClassOf,owl:Thing
rc:GallatinRiver,rdfs:subClassOf,rc:River
rc:GallatinRiver,rdfs:subClassOf,owl:Thing
rc:ColoradoRiverOfTexas,rdfs:subClassOf,rc:River
rc:ColoradoRiverOfTexas,rdfs:subClassOf,owl:Thing
rc:CulturalLandscape,rdfs:subClassOf,rc:Landscape
rc:CulturalLandscape,rdfs:subClassOf,owl:Thing
rc:MountMarcy,rdfs:subClassOf,rc:Mountain
rc:MountMarcy,rdfs:subClassOf,owl:Thing
rc:NairobiArea_Kenya,rdfs:subClassOf,rc:FirstOrderAdministrativeDivision
rc:NairobiArea_Kenya,rdfs:subClassOf,owl:Thing
rc:GumNebula,rdfs:subClassOf,rc:Vela_Constellation
rc:GumNebula,rdfs:subClassOf,owl:Thing
rc:Limestone,rdfs:subClassOf,rc:CarbonateRock
rc:Limestone,rdfs:subClassOf,owl:Thing
rc:HiltonHead_TheIsland,rdfs:subClassOf,rc:ResortFacility
rc:HiltonHead_TheIsland,rdfs:subClassOf,owl:Thing
rc:FoodUtensil,rdfs:subClassOf,rc:HumanOccupationConstructObject
rc:FoodUtensil,rdfs:subClassOf,owl:Thing
rc:SanIsabelNationalForest,rdfs:subClassOf,rc:NationalForest
rc:SanIsabelNationalForest,rdfs:subClassOf,owl:Thing
rc:SupportRocker,rdfs:subClassOf,rc:FurniturePart
rc:SupportRocker,rdfs:subClassOf,owl:Thing
rc:LowerGangeticPlainsMoistDeciduousForest,rdfs:subClassOf,rc:SubtropicalForest
rc:LowerGangeticPlainsMoistDeciduousForest,rdfs:subClassOf,owl:Thing
rc:Szczecin_ProvincePoland,rdfs:subClassOf,rc:Province_Poland
rc:Szczecin_ProvincePoland,rdfs:subClassOf,owl:Thing
rc:Jerusalem,rdfs:subClassOf,rc:City
rc:Jerusalem,rdfs:subClassOf,owl:Thing
rc:StJamesPalace,rdfs:subClassOf,rc:PalaceBuilding
rc:StJamesPalace,rdfs:subClassOf,owl:Thing
rc:RefugeOfTheAlps,rdfs:subClassOf,rc:MountainHut
rc:RefugeOfTheAlps,rdfs:subClassOf,owl:Thing
rc:WesternSahara,rdfs:subClassOf,rc:Country
rc:WesternSahara,rdfs:subClassOf,owl:Thing
rc:MobileRiver,rdfs:subClassOf,rc:River
rc:MobileRiver,rdfs:subClassOf,owl:Thing
rc:MountMcKinley,rdfs:subClassOf,rc:Mountain
rc:MountMcKinley,rdfs:subClassOf,owl:Thing
rc:USTown,rdfs:subClassOf,rc:Town
rc:USTown,rdfs:subClassOf,owl:Thing
rc:Barrier_Underspecified,rdfs:subClassOf,kko:AreaRegion
rc:Barrier_Underspecified,rdfs:subClassOf,owl:Thing
rc:CookingUtensil,rdfs:subClassOf,rc:FoodUtensil
rc:CookingUtensil,rdfs:subClassOf,owl:Thing
rc:NeighbourhoodsOfSzczecin,rdfs:subClassOf,rc:Szczecin_ProvincePoland
rc:NeighbourhoodsOfSzczecin,rdfs:subClassOf,owl:Thing
rc:Pirkanmaa,rdfs:subClassOf,rc:WesternFinland_ProvinceFinland
rc:Pirkanmaa,rdfs:subClassOf,owl:Thing
rc:RetailBusinessStand,rdfs:subClassOf,rc:RetailOutlet
rc:RetailBusinessStand,rdfs:subClassOf,owl:Thing
rc:Homestead,rdfs:subClassOf,rc:ResidentialBuilding
rc:Homestead,rdfs:subClassOf,owl:Thing
rc:BelgianMarble,rdfs:subClassOf,rc:Limestone
rc:BelgianMarble,rdfs:subClassOf,owl:Thing
rc:Appellation,rdfs:subClassOf,rc:EconomicRegion
rc:Appellation,rdfs:subClassOf,owl:Thing
rc:CentralNewYork,rdfs:subClassOf,rc:UpstateNewYork_Region
rc:CentralNewYork,rdfs:subClassOf,owl:Thing
rc:CableStayedBridge,rdfs:subClassOf,rc:BridgeTypeBySupportType
rc:CableStayedBridge,rdfs:subClassOf,owl:Thing
rc:SportsPlayingArea,rdfs:subClassOf,rc:HumanlyOccupiedSpatialObject
rc:SportsPlayingArea,rdfs:subClassOf,owl:Thing
rc:CusterCountySouthDakota,rdfs:subClassOf,rc:BlackHills_Mountains
rc:CusterCountySouthDakota,rdfs:subClassOf,owl:Thing
rc:District_Prussia,rdfs:subClassOf,rc:AdministrativeDistrict
rc:District_Prussia,rdfs:subClassOf,owl:Thing
rc:TramwayDepot,rdfs:subClassOf,rc:StationTerminalOrStop
rc:TramwayDepot,rdfs:subClassOf,owl:Thing
rc:Wall_GenericBarrier,rdfs:subClassOf,rc:Barrier_Underspecified
rc:Wall_GenericBarrier,rdfs:subClassOf,owl:Thing
rc:Khutor,rdfs:subClassOf,rc:Hamlet
rc:Khutor,rdfs:subClassOf,owl:Thing
rc:RuralSettlement,rdfs:subClassOf,rc:PopulatedPlace
rc:RuralSettlement,rdfs:subClassOf,owl:Thing
rc:BarBuilding,rdfs:subClassOf,rc:CommercialBuilding
rc:BarBuilding,rdfs:subClassOf,owl:Thing
rc:Hunan_ProvinceChina,rdfs:subClassOf,rc:ChineseProvince
rc:Hunan_ProvinceChina,rdfs:subClassOf,owl:Thing
rc:Andes_Mountains,rdfs:subClassOf,rc:MountainRange
rc:Andes_Mountains,rdfs:subClassOf,owl:Thing
rc:ElevatedTransitStation,rdfs:subClassOf,rc:PublicTerminal
rc:ElevatedTransitStation,rdfs:subClassOf,owl:Thing
rc:SurryCountyVirginia,rdfs:subClassOf,rc:USCounty
rc:SurryCountyVirginia,rdfs:subClassOf,owl:Thing
rc:GolfingArea,rdfs:subClassOf,rc:OutdoorRecreationArea
rc:GolfingArea,rdfs:subClassOf,rc:SportsPlayingArea
rc:GolfingArea,rdfs:subClassOf,owl:Thing
rc:Baster_Device,rdfs:subClassOf,rc:CookingUtensil
rc:Baster_Device,rdfs:subClassOf,owl:Thing
rc:NationalWildAndScenicRiver,rdfs:subClassOf,rc:Reserve_OutdoorRegion
rc:NationalWildAndScenicRiver,rdfs:subClassOf,rc:River
rc:NationalWildAndScenicRiver,rdfs:subClassOf,owl:Thing
rc:SanJoaquinCountyCalifornia,rdfs:subClassOf,rc:NorthernCalifornia
rc:SanJoaquinCountyCalifornia,rdfs:subClassOf,owl:Thing
rc:Posyolok,rdfs:subClassOf,rc:RuralSettlement
rc:Posyolok,rdfs:subClassOf,owl:Thing
rc:MunicipalDistrict_Russia,rdfs:subClassOf,rc:AdministrativeDistrict
rc:MunicipalDistrict_Russia,rdfs:subClassOf,owl:Thing
rc:AndeanCommunity,rdfs:subClassOf,rc:Andes_Mountains
rc:AndeanCommunity,rdfs:subClassOf,owl:Thing
rc:PicadillyCircus_London,rdfs:subClassOf,rc:UrbanArea
rc:PicadillyCircus_London,rdfs:subClassOf,owl:Thing
rc:WallStreet,rdfs:subClassOf,rc:Street_Urban
rc:WallStreet,rdfs:subClassOf,owl:Thing
rc:WillametteRiver,rdfs:subClassOf,rc:River
rc:WillametteRiver,rdfs:subClassOf,owl:Thing
rc:AtlanticWall,rdfs:subClassOf,rc:Wall_GenericBarrier
rc:AtlanticWall,rdfs:subClassOf,owl:Thing
rc:Crater,rdfs:subClassOf,rc:Basin_Topographical
rc:Crater,rdfs:subClassOf,owl:Thing
rc:OligocenePaleontologicalSite,rdfs:subClassOf,rc:AncientArchaeologicalSite
rc:OligocenePaleontologicalSite,rdfs:subClassOf,owl:Thing
rc:NationalZoologicalPark,rdfs:subClassOf,rc:Landmark
rc:NationalZoologicalPark,rdfs:subClassOf,owl:Thing
rc:ChaoPhrayaRiver,rdfs:subClassOf,rc:River
rc:ChaoPhrayaRiver,rdfs:subClassOf,owl:Thing
rc:NorthernAreas_PakistanAdministered,rdfs:subClassOf,rc:FirstOrderAdministrativeDivision
rc:NorthernAreas_PakistanAdministered,rdfs:subClassOf,owl:Thing
rc:WhiteSea,rdfs:subClassOf,rc:Sea
rc:WhiteSea,rdfs:subClassOf,owl:Thing
rc:FormerDepartmentsOfFrance,rdfs:subClassOf,rc:PopulatedPlace_Historical
rc:FormerDepartmentsOfFrance,rdfs:subClassOf,owl:Thing
rc:Newsstand,rdfs:subClassOf,rc:RetailBusinessStand
rc:Newsstand,rdfs:subClassOf,owl:Thing
rc:GasTanker,rdfs:subClassOf,rc:TankerShip
rc:GasTanker,rdfs:subClassOf,owl:Thing
rc:Corrientes_ProvinceArgentina,rdfs:subClassOf,rc:Province_Argentina
rc:Corrientes_ProvinceArgentina,rdfs:subClassOf,owl:Thing
rc:SportsCourse,rdfs:subClassOf,rc:OutdoorRecreationArea
rc:SportsCourse,rdfs:subClassOf,rc:SportsPlayingArea
rc:SportsCourse,rdfs:subClassOf,owl:Thing
rc:GrandstandBleacher,rdfs:subClassOf,rc:PortableBuildingStructure
rc:GrandstandBleacher,rdfs:subClassOf,owl:Thing
rc:DecontaminationPad_Airport,rdfs:subClassOf,rc:Apron_Airport
rc:DecontaminationPad_Airport,rdfs:subClassOf,owl:Thing
rc:BaghdadProvinceIraq,rdfs:subClassOf,rc:Province_Iraq
rc:BaghdadProvinceIraq,rdfs:subClassOf,owl:Thing
rc:CraterBasin,rdfs:subClassOf,rc:Basin_Topographical
rc:CraterBasin,rdfs:subClassOf,owl:Thing
rc:Tinos,rdfs:subClassOf,rc:Cyclades
rc:Tinos,rdfs:subClassOf,owl:Thing
rc:GreatLakesWaterway,rdfs:subClassOf,rc:GreatLakes
rc:GreatLakesWaterway,rdfs:subClassOf,owl:Thing
rc:OilPipeline,rdfs:subClassOf,rc:PathArtifact_Area
rc:OilPipeline,rdfs:subClassOf,rc:Pipeline
rc:OilPipeline,rdfs:subClassOf,owl:Thing
rc:TallShip,rdfs:subClassOf,rc:SailingShip
rc:TallShip,rdfs:subClassOf,owl:Thing
rc:Goa,rdfs:subClassOf,rc:State_India
rc:Goa,rdfs:subClassOf,owl:Thing
rc:MosqueInScandinavia,rdfs:subClassOf,rc:Mosque
rc:MosqueInScandinavia,rdfs:subClassOf,owl:Thing
rc:SeparationBarrier,rdfs:subClassOf,rc:Wall_GenericBarrier
rc:SeparationBarrier,rdfs:subClassOf,owl:Thing
rc:Milwaukee_classMonitor,rdfs:subClassOf,rc:Monitor
rc:Milwaukee_classMonitor,rdfs:subClassOf,owl:Thing
rc:Picardy,rdfs:subClassOf,rc:FrenchRegion
rc:Picardy,rdfs:subClassOf,owl:Thing
rc:ColoradoRiverStorageProject,rdfs:subClassOf,rc:ColoradoRiverOfArizona
rc:ColoradoRiverStorageProject,rdfs:subClassOf,owl:Thing
rc:GolfCourse,rdfs:subClassOf,rc:GolfingArea
rc:GolfCourse,rdfs:subClassOf,rc:SportsCourse
rc:GolfCourse,rdfs:subClassOf,owl:Thing
rc:SupportShip,rdfs:subClassOf,rc:MilitaryWatercraft
rc:SupportShip,rdfs:subClassOf,rc:Ship
rc:SupportShip,rdfs:subClassOf,owl:Thing
rc:Rookery,rdfs:subClassOf,rc:Habitat
rc:Rookery,rdfs:subClassOf,rc:NaturalRegion
rc:Rookery,rdfs:subClassOf,owl:Thing
rc:PrairieChapelRanch,rdfs:subClassOf,rc:CattleRanch
rc:PrairieChapelRanch,rdfs:subClassOf,owl:Thing
rc:Baghlan_ProvinceAfghanistan,rdfs:subClassOf,rc:Province_Afghanistan
rc:Baghlan_ProvinceAfghanistan,rdfs:subClassOf,owl:Thing
rc:KanawhaRiver,rdfs:subClassOf,rc:River
rc:KanawhaRiver,rdfs:subClassOf,owl:Thing
rc:CondensatePipeline,rdfs:subClassOf,rc:OilPipeline
rc:CondensatePipeline,rdfs:subClassOf,owl:Thing
rc:Trento_classCruiser,rdfs:subClassOf,rc:Cruiser
rc:Trento_classCruiser,rdfs:subClassOf,owl:Thing
rc:Guangxi_ProvinceChina,rdfs:subClassOf,rc:ChineseProvince
rc:Guangxi_ProvinceChina,rdfs:subClassOf,owl:Thing
rc:Pisa_classCruiser,rdfs:subClassOf,rc:ArmoredCruiser
rc:Pisa_classCruiser,rdfs:subClassOf,owl:Thing
rc:WrigleyField,rdfs:subClassOf,rc:Landmark
rc:WrigleyField,rdfs:subClassOf,owl:Thing
rc:ChainLinkFence,rdfs:subClassOf,rc:Fence
rc:ChainLinkFence,rdfs:subClassOf,rc:SeparationBarrier
rc:ChainLinkFence,rdfs:subClassOf,owl:Thing
rc:Cyclops_classMonitor,rdfs:subClassOf,rc:Monitor
rc:Cyclops_classMonitor,rdfs:subClassOf,owl:Thing
rc:Sabaragamuwa_ProvinceSriLanka,rdfs:subClassOf,rc:Province_SriLanka
rc:Sabaragamuwa_ProvinceSriLanka,rdfs:subClassOf,owl:Thing
rc:USTropicalAndSubtropicalMoistBroadleafForest,rdfs:subClassOf,rc:SubtropicalForest
rc:USTropicalAndSubtropicalMoistBroadleafForest,rdfs:subClassOf,owl:Thing
rc:SquareRigger,rdfs:subClassOf,rc:TallShip
rc:SquareRigger,rdfs:subClassOf,owl:Thing
rc:MadalenaDoPico,rdfs:subClassOf,rc:Pico_Island
rc:MadalenaDoPico,rdfs:subClassOf,owl:Thing
rc:StJohnRiver,rdfs:subClassOf,rc:River
rc:StJohnRiver,rdfs:subClassOf,owl:Thing
rc:SportHealthBuildingStructure,rdfs:subClassOf,rc:PermanentBuildingStructure
rc:SportHealthBuildingStructure,rdfs:subClassOf,owl:Thing
rc:Albay_ProvincePhilippines,rdfs:subClassOf,rc:Province_Philippines
rc:Albay_ProvincePhilippines,rdfs:subClassOf,owl:Thing
rc:Petroleum_CrudeOil,rdfs:subClassOf,rc:UnrefinedOil
rc:Petroleum_CrudeOil,rdfs:subClassOf,owl:Thing
rc:JervisBayTerritory,rdfs:subClassOf,rc:State_Australia
rc:JervisBayTerritory,rdfs:subClassOf,owl:Thing
rc:Province_Finland,rdfs:subClassOf,rc:Province
rc:Province_Finland,rdfs:subClassOf,owl:Thing
rc:AndreaDoria_classBattleship,rdfs:subClassOf,rc:Dreadnought
rc:AndreaDoria_classBattleship,rdfs:subClassOf,owl:Thing
rc:Peresvet_classBattleship,rdfs:subClassOf,rc:PreDreadnoughtBattleship
rc:Peresvet_classBattleship,rdfs:subClassOf,owl:Thing
rc:MountMitchell,rdfs:subClassOf,rc:Mountain
rc:MountMitchell,rdfs:subClassOf,owl:Thing
rc:Iqaluit,rdfs:subClassOf,rc:CapitalCityOfRegion
rc:Iqaluit,rdfs:subClassOf,owl:Thing
rc:Samangan_ProvinceAfghanistan,rdfs:subClassOf,rc:Province_Afghanistan
rc:Samangan_ProvinceAfghanistan,rdfs:subClassOf,owl:Thing
rc:O_classBattlecruiser,rdfs:subClassOf,rc:BattleCruiser
rc:O_classBattlecruiser,rdfs:subClassOf,owl:Thing
rc:Junkyard,rdfs:subClassOf,rc:CommercialFacility
rc:Junkyard,rdfs:subClassOf,rc:OpenArea
rc:Junkyard,rdfs:subClassOf,owl:Thing
rc:ExecutionSite,rdfs:subClassOf,rc:PersonAssemblyArea
rc:ExecutionSite,rdfs:subClassOf,owl:Thing
rc:Bleacher,rdfs:subClassOf,rc:GrandstandBleacher
rc:Bleacher,rdfs:subClassOf,owl:Thing
rc:Petroleum_Condensate,rdfs:subClassOf,rc:Petroleum_CrudeOil
rc:Petroleum_Condensate,rdfs:subClassOf,owl:Thing
rc:FrenchRegion,rdfs:subClassOf,rc:State_Geopolitical
rc:FrenchRegion,rdfs:subClassOf,owl:Thing
rc:TagusRiver,rdfs:subClassOf,rc:River
rc:TagusRiver,rdfs:subClassOf,owl:Thing
rc:Triplex,rdfs:subClassOf,rc:MultiFamilyHousing
rc:Triplex,rdfs:subClassOf,owl:Thing
rc:WesternFinland_ProvinceFinland,rdfs:subClassOf,rc:Province_Finland
rc:WesternFinland_ProvinceFinland,rdfs:subClassOf,owl:Thing
rc:ElevatorCar,rdfs:subClassOf,rc:PassengerCompartment
rc:ElevatorCar,rdfs:subClassOf,rc:SpaceInAFixedHOC
rc:ElevatorCar,rdfs:subClassOf,owl:Thing
rc:Shivalik_classFrigate,rdfs:subClassOf,rc:Frigate
rc:Shivalik_classFrigate,rdfs:subClassOf,owl:Thing
rc:MoldauRiver,rdfs:subClassOf,rc:River
rc:MoldauRiver,rdfs:subClassOf,owl:Thing
rc:GermanFKCruiserDesign,rdfs:subClassOf,rc:Cruiser
rc:GermanFKCruiserDesign,rdfs:subClassOf,owl:Thing
rc:TaninthayiRegion,rdfs:subClassOf,rc:Myanmar
rc:TaninthayiRegion,rdfs:subClassOf,owl:Thing
rc:District_SamanganProvince,rdfs:subClassOf,rc:District
rc:District_SamanganProvince,rdfs:subClassOf,rc:Samangan_ProvinceAfghanistan
rc:District_SamanganProvince,rdfs:subClassOf,owl:Thing
rc:Galleon,rdfs:subClassOf,rc:SquareRigger
rc:Galleon,rdfs:subClassOf,owl:Thing
rc:MedicalUnit,rdfs:subClassOf,rc:PrefabricatedMedicalBuildingStructure
rc:MedicalUnit,rdfs:subClassOf,owl:Thing
rc:CountiesInTheSanFranciscoBayArea,rdfs:subClassOf,rc:NorthernCalifornia
rc:CountiesInTheSanFranciscoBayArea,rdfs:subClassOf,owl:Thing
rc:ResidentialCommunity,rdfs:subClassOf,rc:HumanResidenceArea
rc:ResidentialCommunity,rdfs:subClassOf,owl:Thing
rc:Alsace_RegionFrance,rdfs:subClassOf,rc:FrenchRegion
rc:Alsace_RegionFrance,rdfs:subClassOf,owl:Thing
rc:Slate,rdfs:subClassOf,rc:MetamorphicRock
rc:Slate,rdfs:subClassOf,owl:Thing
rc:KegalleDistrict,rdfs:subClassOf,rc:Sabaragamuwa_ProvinceSriLanka
rc:KegalleDistrict,rdfs:subClassOf,owl:Thing
rc:MilitaryHeadquarters,rdfs:subClassOf,rc:AdministrativeCenter
rc:MilitaryHeadquarters,rdfs:subClassOf,owl:Thing
rc:PathologicalLaboratoryService,rdfs:subClassOf,rc:MedicalLaboratory
rc:PathologicalLaboratoryService,rdfs:subClassOf,owl:Thing
rc:BarRegionInARoom,rdfs:subClassOf,rc:SpaceInAHOC
rc:BarRegionInARoom,rdfs:subClassOf,owl:Thing
rc:Ganzourgou_ProvinceBurkinaFaso,rdfs:subClassOf,rc:Province_BurkinaFaso
rc:Ganzourgou_ProvinceBurkinaFaso,rdfs:subClassOf,owl:Thing
rc:SovetskySoyuz_classBattleship,rdfs:subClassOf,rc:Battleship
rc:SovetskySoyuz_classBattleship,rdfs:subClassOf,owl:Thing
rc:HemispheresOfTheEarth,rdfs:subClassOf,rc:GeographicalHemisphere
rc:HemispheresOfTheEarth,rdfs:subClassOf,owl:Thing
rc:CentralOstrobothnia,rdfs:subClassOf,rc:WesternFinland_ProvinceFinland
rc:CentralOstrobothnia,rdfs:subClassOf,owl:Thing
rc:ViticulturalDomain,rdfs:subClassOf,rc:AgriculturalFacility
rc:ViticulturalDomain,rdfs:subClassOf,owl:Thing
rc:Cebu_ProvincePhilippines,rdfs:subClassOf,rc:Province_Philippines
rc:Cebu_ProvincePhilippines,rdfs:subClassOf,owl:Thing
rc:Zambales_ProvincePhilippines,rdfs:subClassOf,rc:Province_Philippines
rc:Zambales_ProvincePhilippines,rdfs:subClassOf,owl:Thing
rc:Dresden_classCruiser,rdfs:subClassOf,rc:LightCruiser
rc:Dresden_classCruiser,rdfs:subClassOf,owl:Thing
rc:WillametteValley,rdfs:subClassOf,rc:WillametteRiver
rc:WillametteValley,rdfs:subClassOf,owl:Thing
rc:Atlantique_ProvinceBenin,rdfs:subClassOf,rc:Province_Benin
rc:Atlantique_ProvinceBenin,rdfs:subClassOf,owl:Thing
rc:Libra_Constellation,rdfs:subClassOf,rc:ZodiacConstellation
rc:Libra_Constellation,rdfs:subClassOf,owl:Thing
rc:ContinentOfAfrica,rdfs:subClassOf,rc:Continent
rc:ContinentOfAfrica,rdfs:subClassOf,owl:Thing
rc:PhotovoltaicPowerStation,rdfs:subClassOf,rc:PowerStation
rc:PhotovoltaicPowerStation,rdfs:subClassOf,owl:Thing
rc:Stadium,rdfs:subClassOf,rc:HumanHighOccupancyConstruct
rc:Stadium,rdfs:subClassOf,rc:SportHealthBuildingStructure
rc:Stadium,rdfs:subClassOf,owl:Thing
rc:Peru,rdfs:subClassOf,rc:SouthAmericanCountry
rc:Peru,rdfs:subClassOf,owl:Thing
rc:EngagementArea,rdfs:subClassOf,rc:TacticalArea
rc:EngagementArea,rdfs:subClassOf,owl:Thing
rc:ToplessBeach,rdfs:subClassOf,rc:Beach
rc:ToplessBeach,rdfs:subClassOf,owl:Thing
rc:AegeanIslands,rdfs:subClassOf,rc:Island
rc:AegeanIslands,rdfs:subClassOf,owl:Thing
rc:CraterLake,rdfs:subClassOf,rc:FreshWaterLake
rc:CraterLake,rdfs:subClassOf,owl:Thing
rc:HistoricalMarker,rdfs:subClassOf,rc:MemorialMarker
rc:HistoricalMarker,rdfs:subClassOf,owl:Thing
rc:NavalBase,rdfs:subClassOf,rc:GovernmentalLandParcel
rc:NavalBase,rdfs:subClassOf,owl:Thing
rc:CountiesOfCroatia,rdfs:subClassOf,rc:FirstOrderAdministrativeDivision
rc:CountiesOfCroatia,rdfs:subClassOf,owl:Thing
rc:Gliese581,rdfs:subClassOf,rc:Libra_Constellation
rc:Gliese581,rdfs:subClassOf,owl:Thing
rc:TrussBridge,rdfs:subClassOf,rc:BridgeTypeBySupportType
rc:TrussBridge,rdfs:subClassOf,owl:Thing
rc:ResidentialCommunity_PeoplesRepublicChina,rdfs:subClassOf,rc:ResidentialCommunity
rc:ResidentialCommunity_PeoplesRepublicChina,rdfs:subClassOf,owl:Thing
rc:WinstonChurchillRange,rdfs:subClassOf,rc:MountainRange
rc:WinstonChurchillRange,rdfs:subClassOf,owl:Thing
rc:HimachalPradesh,rdfs:subClassOf,rc:State_India
rc:HimachalPradesh,rdfs:subClassOf,owl:Thing
rc:FormerInterstateHighway,rdfs:subClassOf,rc:InterstateHighway
rc:FormerInterstateHighway,rdfs:subClassOf,owl:Thing
rc:AmurRiver,rdfs:subClassOf,rc:River
rc:AmurRiver,rdfs:subClassOf,owl:Thing
rc:Rink,rdfs:subClassOf,rc:SportsGround
rc:Rink,rdfs:subClassOf,rc:SportsPlayingArea
rc:Rink,rdfs:subClassOf,owl:Thing
rc:RefugeeCamp,rdfs:subClassOf,rc:Campsite
rc:RefugeeCamp,rdfs:subClassOf,owl:Thing
rc:BirdSanctuary,rdfs:subClassOf,rc:AnimalSanctuary
rc:BirdSanctuary,rdfs:subClassOf,owl:Thing
rc:LenaRiver,rdfs:subClassOf,rc:River
rc:LenaRiver,rdfs:subClassOf,owl:Thing
rc:GasTerminal,rdfs:subClassOf,rc:Terminal_TransferPoint
rc:GasTerminal,rdfs:subClassOf,owl:Thing
rc:ZambeziRiver,rdfs:subClassOf,rc:River
rc:ZambeziRiver,rdfs:subClassOf,owl:Thing
rc:PenghuIslands,rdfs:subClassOf,rc:Archipelago
rc:PenghuIslands,rdfs:subClassOf,owl:Thing
rc:PurusRiver,rdfs:subClassOf,rc:River
rc:PurusRiver,rdfs:subClassOf,owl:Thing
rc:Stop,rdfs:subClassOf,rc:Terminal_TransferPoint
rc:Stop,rdfs:subClassOf,owl:Thing
rc:Arena,rdfs:subClassOf,rc:Stadium
rc:Arena,rdfs:subClassOf,owl:Thing
rc:IceRink,rdfs:subClassOf,rc:Rink
rc:IceRink,rdfs:subClassOf,owl:Thing
rc:Quicksand,rdfs:subClassOf,rc:SandySoilRegion
rc:Quicksand,rdfs:subClassOf,owl:Thing
rc:ContinentOfNorthAmerica,rdfs:subClassOf,rc:Continent
rc:ContinentOfNorthAmerica,rdfs:subClassOf,owl:Thing
rc:SanJoaquinValley,rdfs:subClassOf,rc:CentralValleyRegion_California
rc:SanJoaquinValley,rdfs:subClassOf,owl:Thing
rc:HammerThrowField,rdfs:subClassOf,rc:AthleticField
rc:HammerThrowField,rdfs:subClassOf,owl:Thing
rc:NaitasiriProvince,rdfs:subClassOf,rc:VitiLevu_Island
rc:NaitasiriProvince,rdfs:subClassOf,owl:Thing
rc:Pisces_Constellation,rdfs:subClassOf,rc:ZodiacConstellation
rc:Pisces_Constellation,rdfs:subClassOf,owl:Thing
rc:SouthGeorgia_Island,rdfs:subClassOf,rc:Island
rc:SouthGeorgia_Island,rdfs:subClassOf,owl:Thing
rc:BirdArea_FrenchSouthernTerritories,rdfs:subClassOf,rc:BirdSanctuary
rc:BirdArea_FrenchSouthernTerritories,rdfs:subClassOf,owl:Thing
rc:TrueContinent,rdfs:subClassOf,rc:Continent_Generic
rc:TrueContinent,rdfs:subClassOf,rc:LandBody
rc:TrueContinent,rdfs:subClassOf,owl:Thing
rc:MountOlympus,rdfs:subClassOf,rc:Mountain
rc:MountOlympus,rdfs:subClassOf,owl:Thing
rc:Iran,rdfs:subClassOf,rc:PersianGulfCountry
rc:Iran,rdfs:subClassOf,owl:Thing
rc:IrrawaddyRiver,rdfs:subClassOf,rc:River
rc:IrrawaddyRiver,rdfs:subClassOf,owl:Thing
rc:RoomInTheWhiteHouse,rdfs:subClassOf,rc:RoomInAConstruction
rc:RoomInTheWhiteHouse,rdfs:subClassOf,owl:Thing
rc:WatertonLakesNationalPark,rdfs:subClassOf,rc:NationalPark
rc:WatertonLakesNationalPark,rdfs:subClassOf,owl:Thing
rc:RioConchos,rdfs:subClassOf,rc:River
rc:RioConchos,rdfs:subClassOf,owl:Thing
rc:BaselLandschaft,rdfs:subClassOf,rc:Canton_Swiss
rc:BaselLandschaft,rdfs:subClassOf,owl:Thing
rc:UnmannedWatercraft,rdfs:subClassOf,rc:Watercraft
rc:UnmannedWatercraft,rdfs:subClassOf,owl:Thing
rc:Swietokrzyskie_ProvincePoland,rdfs:subClassOf,rc:Province_Poland
rc:Swietokrzyskie_ProvincePoland,rdfs:subClassOf,owl:Thing
rc:LatinAmerica,rdfs:subClassOf,rc:GeoculturalRegion
rc:LatinAmerica,rdfs:subClassOf,owl:Thing
rc:Kandahar_ProvinceAfghanistan,rdfs:subClassOf,rc:Province_Afghanistan
rc:Kandahar_ProvinceAfghanistan,rdfs:subClassOf,owl:Thing
rc:BarRoomSpace,rdfs:subClassOf,rc:CommercialPublicPlace
rc:BarRoomSpace,rdfs:subClassOf,rc:SpaceInAHOC
rc:BarRoomSpace,rdfs:subClassOf,owl:Thing
rc:MobilityCorridor,rdfs:subClassOf,rc:MilitaryTerrain
rc:MobilityCorridor,rdfs:subClassOf,owl:Thing
rc:Dike,rdfs:subClassOf,rc:ArtificialWaterFeature_Area
rc:Dike,rdfs:subClassOf,rc:Earthwork
rc:Dike,rdfs:subClassOf,rc:IrrigationFloodControlWaterwork
rc:Dike,rdfs:subClassOf,owl:Thing
rc:USVillage,rdfs:subClassOf,rc:Village
rc:USVillage,rdfs:subClassOf,owl:Thing
rc:ContinentOfAntarctica,rdfs:subClassOf,rc:Continent
rc:ContinentOfAntarctica,rdfs:subClassOf,rc:TrueContinent
rc:ContinentOfAntarctica,rdfs:subClassOf,owl:Thing
rc:Khuzestan_ProvinceIran,rdfs:subClassOf,rc:Province_Iran
rc:Khuzestan_ProvinceIran,rdfs:subClassOf,owl:Thing
rc:SarePol_ProvinceAfghanistan,rdfs:subClassOf,rc:Province_Afghanistan
rc:SarePol_ProvinceAfghanistan,rdfs:subClassOf,owl:Thing
rc:Novara_classCruiser,rdfs:subClassOf,rc:Cruiser
rc:Novara_classCruiser,rdfs:subClassOf,owl:Thing
rc:SafeHouse_Refuge,rdfs:subClassOf,rc:AdministrativeCenter
rc:SafeHouse_Refuge,rdfs:subClassOf,owl:Thing
rc:BeatenZone,rdfs:subClassOf,rc:TacticalArea
rc:BeatenZone,rdfs:subClassOf,owl:Thing
rc:Vanuatu,rdfs:subClassOf,rc:Country
rc:Vanuatu,rdfs:subClassOf,owl:Thing
rc:Shoal,rdfs:subClassOf,rc:Bank_Underwater
rc:Shoal,rdfs:subClassOf,owl:Thing
rc:BritishB_classSubmarine,rdfs:subClassOf,rc:AttackSubmarine
rc:BritishB_classSubmarine,rdfs:subClassOf,owl:Thing
rc:Petroleum_SweetCrudeOil,rdfs:subClassOf,rc:Petroleum_CrudeOil
rc:Petroleum_SweetCrudeOil,rdfs:subClassOf,owl:Thing
rc:BanffAlberta,rdfs:subClassOf,rc:Town
rc:BanffAlberta,rdfs:subClassOf,owl:Thing
rc:MountParnassus,rdfs:subClassOf,rc:Mountain
rc:MountParnassus,rdfs:subClassOf,owl:Thing
rc:AmadorCountyCalifornia,rdfs:subClassOf,rc:NorthernCalifornia
rc:AmadorCountyCalifornia,rdfs:subClassOf,owl:Thing
rc:DemographyOfPeru,rdfs:subClassOf,rc:Peru
rc:DemographyOfPeru,rdfs:subClassOf,owl:Thing
rc:TravelRoute_Road,rdfs:subClassOf,rc:Roadway
rc:TravelRoute_Road,rdfs:subClassOf,rc:TravelRoute
rc:TravelRoute_Road,rdfs:subClassOf,owl:Thing
rc:SlateFormation,rdfs:subClassOf,rc:Slate
rc:SlateFormation,rdfs:subClassOf,owl:Thing
rc:PeatSoilRegion,rdfs:subClassOf,rc:HighPlasticitySoilRegion
rc:PeatSoilRegion,rdfs:subClassOf,rc:OrganicSoilRegion
rc:PeatSoilRegion,rdfs:subClassOf,owl:Thing
rc:Caribbean,rdfs:subClassOf,rc:ContinentOfNorthAmerica
rc:Caribbean,rdfs:subClassOf,rc:LatinAmerica
rc:Caribbean,rdfs:subClassOf,owl:Thing
rc:NudeBeach,rdfs:subClassOf,rc:ToplessBeach
rc:NudeBeach,rdfs:subClassOf,owl:Thing
rc:Assab,rdfs:subClassOf,rc:RedSea
rc:Assab,rdfs:subClassOf,owl:Thing
rc:EmergencyRoom,rdfs:subClassOf,rc:RoomInAConstruction
rc:EmergencyRoom,rdfs:subClassOf,owl:Thing
rc:Seno_ProvinceBurkinaFaso,rdfs:subClassOf,rc:Province_BurkinaFaso
rc:Seno_ProvinceBurkinaFaso,rdfs:subClassOf,owl:Thing
rc:Gap_Topographical_Undersea,rdfs:subClassOf,rc:UnderwaterTopographicalFeature
rc:Gap_Topographical_Undersea,rdfs:subClassOf,owl:Thing
rc:LivestockRoute,rdfs:subClassOf,rc:TravelRoute
rc:LivestockRoute,rdfs:subClassOf,owl:Thing
rc:Malaysia,rdfs:subClassOf,rc:Country
rc:Malaysia,rdfs:subClassOf,owl:Thing
rc:Liberte_classBattleship,rdfs:subClassOf,rc:PreDreadnoughtBattleship
rc:Liberte_classBattleship,rdfs:subClassOf,owl:Thing
rc:Sweden,rdfs:subClassOf,rc:Country
rc:Sweden,rdfs:subClassOf,owl:Thing
rc:TankFarm,rdfs:subClassOf,rc:Field_Land
rc:TankFarm,rdfs:subClassOf,rc:StorageFacility
rc:TankFarm,rdfs:subClassOf,owl:Thing
rc:MarketTown,rdfs:subClassOf,rc:Municipality
rc:MarketTown,rdfs:subClassOf,owl:Thing
rc:HospitalRoom,rdfs:subClassOf,rc:RoomInAConstruction
rc:HospitalRoom,rdfs:subClassOf,owl:Thing
rc:PalestinianNationalAuthorityGovernorate,rdfs:subClassOf,rc:Governorate
rc:PalestinianNationalAuthorityGovernorate,rdfs:subClassOf,owl:Thing
rc:Amagi_classBattlecruiser,rdfs:subClassOf,rc:BattleCruiser
rc:Amagi_classBattlecruiser,rdfs:subClassOf,owl:Thing
rc:ProvinceOfLasPalmas,rdfs:subClassOf,rc:CanaryIslands
rc:ProvinceOfLasPalmas,rdfs:subClassOf,owl:Thing
rc:AntarcticRegion,rdfs:subClassOf,rc:EcologicalRegion
rc:AntarcticRegion,rdfs:subClassOf,owl:Thing
rc:FamilyRoom,rdfs:subClassOf,rc:RoomInAConstruction
rc:FamilyRoom,rdfs:subClassOf,owl:Thing
rc:District_SarEPolProvince,rdfs:subClassOf,rc:District
rc:District_SarEPolProvince,rdfs:subClassOf,rc:SarePol_ProvinceAfghanistan
rc:District_SarEPolProvince,rdfs:subClassOf,owl:Thing
rc:HundredsOfSweden,rdfs:subClassOf,rc:GeopoliticalRegion
rc:HundredsOfSweden,rdfs:subClassOf,rc:Sweden
rc:HundredsOfSweden,rdfs:subClassOf,owl:Thing
rc:ScenicRoute,rdfs:subClassOf,rc:TravelRoute_Road
rc:ScenicRoute,rdfs:subClassOf,owl:Thing
rc:CoastMountains,rdfs:subClassOf,rc:MountainRange
rc:CoastMountains,rdfs:subClassOf,owl:Thing
rc:CominoIsland,rdfs:subClassOf,rc:Island
rc:CominoIsland,rdfs:subClassOf,owl:Thing
rc:County_Britain,rdfs:subClassOf,rc:County
rc:County_Britain,rdfs:subClassOf,rc:State_Geopolitical
rc:County_Britain,rdfs:subClassOf,owl:Thing
rc:CraterRange,rdfs:subClassOf,rc:LandTopographicalFeature
rc:CraterRange,rdfs:subClassOf,owl:Thing
rc:AncientCounty_China,rdfs:subClassOf,rc:County
rc:AncientCounty_China,rdfs:subClassOf,owl:Thing
rc:RibbonRaft,rdfs:subClassOf,rc:Raft
rc:RibbonRaft,rdfs:subClassOf,owl:Thing
rc:CrownDependency,rdfs:subClassOf,rc:BritishIsles
rc:CrownDependency,rdfs:subClassOf,owl:Thing
rc:Rainforest,rdfs:subClassOf,rc:Forest
rc:Rainforest,rdfs:subClassOf,owl:Thing
rc:HimalayaMountains,rdfs:subClassOf,rc:MountainRange
rc:HimalayaMountains,rdfs:subClassOf,owl:Thing
rc:BoundaryRange,rdfs:subClassOf,rc:CoastMountains
rc:BoundaryRange,rdfs:subClassOf,owl:Thing
rc:India,rdfs:subClassOf,rc:Country
rc:India,rdfs:subClassOf,owl:Thing
rc:AmusementPark,rdfs:subClassOf,rc:TouristAttraction
rc:AmusementPark,rdfs:subClassOf,owl:Thing
rc:FormerIsraeliSettlementsInSinai,rdfs:subClassOf,rc:HumanResidenceArea
rc:FormerIsraeliSettlementsInSinai,rdfs:subClassOf,rc:PopulatedPlace_Historical
rc:FormerIsraeliSettlementsInSinai,rdfs:subClassOf,owl:Thing
rc:ArmoredCruiser,rdfs:subClassOf,rc:Cruiser
rc:ArmoredCruiser,rdfs:subClassOf,owl:Thing
rc:Ticino,rdfs:subClassOf,rc:Canton_Swiss
rc:Ticino,rdfs:subClassOf,owl:Thing
rc:Havmanden_classSubmarine,rdfs:subClassOf,rc:AttackSubmarine
rc:Havmanden_classSubmarine,rdfs:subClassOf,owl:Thing
rc:CountiesOfEngland,rdfs:subClassOf,rc:County_Britain
rc:CountiesOfEngland,rdfs:subClassOf,owl:Thing
rc:HooverDam,rdfs:subClassOf,rc:FederallyOwnedDam
rc:HooverDam,rdfs:subClassOf,rc:HydroelectricDam
rc:HooverDam,rdfs:subClassOf,owl:Thing
rc:Pier,rdfs:subClassOf,rc:ArtificialWaterFeature_POI
rc:Pier,rdfs:subClassOf,rc:Outdoors_ExposedToWeather
rc:Pier,rdfs:subClassOf,rc:TransportBuildingStructure
rc:Pier,rdfs:subClassOf,rc:Walkway
rc:Pier,rdfs:subClassOf,owl:Thing
rc:Keld,rdfs:subClassOf,rc:BodyOfWater_Area
rc:Keld,rdfs:subClassOf,owl:Thing
rc:ScenicRoadway,rdfs:subClassOf,rc:ScenicRoute
rc:ScenicRoadway,rdfs:subClassOf,owl:Thing
rc:Gliese86,rdfs:subClassOf,rc:Eridanus_Constellation
rc:Gliese86,rdfs:subClassOf,owl:Thing
rc:KosraeIsland_Micronesia,rdfs:subClassOf,rc:Island_Micronesia_FederatedStatesOf
rc:KosraeIsland_Micronesia,rdfs:subClassOf,owl:Thing
rc:SouthIsland_NZ,rdfs:subClassOf,rc:Island
rc:SouthIsland_NZ,rdfs:subClassOf,owl:Thing
rc:IndiaTimeZone,rdfs:subClassOf,rc:TimeZone
rc:IndiaTimeZone,rdfs:subClassOf,owl:Thing
rc:Zambia,rdfs:subClassOf,rc:Country
rc:Zambia,rdfs:subClassOf,owl:Thing
rc:Fountain_Artificial,rdfs:subClassOf,rc:ArtificialWaterFeature_POI
rc:Fountain_Artificial,rdfs:subClassOf,rc:FixedStructure
rc:Fountain_Artificial,rdfs:subClassOf,owl:Thing
rc:FederalDistrict,rdfs:subClassOf,kko:AreaRegion
rc:FederalDistrict,rdfs:subClassOf,owl:Thing
rc:ElevatorDoorway,rdfs:subClassOf,rc:Doorway
rc:ElevatorDoorway,rdfs:subClassOf,rc:Elevator
rc:ElevatorDoorway,rdfs:subClassOf,owl:Thing
rc:BaselStadt,rdfs:subClassOf,rc:Canton_Swiss
rc:BaselStadt,rdfs:subClassOf,owl:Thing
rc:NationalMonument,rdfs:subClassOf,rc:Monument
rc:NationalMonument,rdfs:subClassOf,owl:Thing
rc:Tripura,rdfs:subClassOf,rc:State_India
rc:Tripura,rdfs:subClassOf,owl:Thing
rc:ArbilProvinceIraq,rdfs:subClassOf,rc:Province_Iraq
rc:ArbilProvinceIraq,rdfs:subClassOf,owl:Thing
rc:Antlia_Constellation,rdfs:subClassOf,rc:Constellation
rc:Antlia_Constellation,rdfs:subClassOf,owl:Thing
rc:LignesAGrandeVitesse,rdfs:subClassOf,rc:HighSpeedRailwayLineInFrance
rc:LignesAGrandeVitesse,rdfs:subClassOf,owl:Thing
rc:Kossi_ProvinceBurkinaFaso,rdfs:subClassOf,rc:Province_BurkinaFaso
rc:Kossi_ProvinceBurkinaFaso,rdfs:subClassOf,owl:Thing
rc:Moor,rdfs:subClassOf,rc:CanopyClosure_Open
rc:Moor,rdfs:subClassOf,rc:OpenArea
rc:Moor,rdfs:subClassOf,rc:PeatSoilRegion
rc:Moor,rdfs:subClassOf,rc:WetlandRegion
rc:Moor,rdfs:subClassOf,owl:Thing
rc:Rim_Topographical,rdfs:subClassOf,rc:LandTopographicalFeature
rc:Rim_Topographical,rdfs:subClassOf,owl:Thing
rc:Wasteland,rdfs:subClassOf,rc:EconomicRegion
rc:Wasteland,rdfs:subClassOf,owl:Thing
rc:GreatRiftValley,rdfs:subClassOf,rc:Valley
rc:GreatRiftValley,rdfs:subClassOf,owl:Thing
rc:AmiralCharner_classCruiser,rdfs:subClassOf,rc:ArmoredCruiser
rc:AmiralCharner_classCruiser,rdfs:subClassOf,owl:Thing
rc:WaterwayLock,rdfs:subClassOf,rc:ArtificialWaterFeature_POI
rc:WaterwayLock,rdfs:subClassOf,rc:TransportFacility
rc:WaterwayLock,rdfs:subClassOf,owl:Thing
rc:RioDeLaPlata,rdfs:subClassOf,rc:Estuary
rc:RioDeLaPlata,rdfs:subClassOf,owl:Thing
rc:Madeira,rdfs:subClassOf,rc:NorthernAfrica
rc:Madeira,rdfs:subClassOf,owl:Thing
rc:FishingAndTheEnvironment,rdfs:subClassOf,rc:Environment_Generic
rc:FishingAndTheEnvironment,rdfs:subClassOf,owl:Thing
rc:AnimalPen,rdfs:subClassOf,rc:Facility_Construct
rc:AnimalPen,rdfs:subClassOf,owl:Thing
rc:Trestle,rdfs:subClassOf,rc:Bridge
rc:Trestle,rdfs:subClassOf,owl:Thing
rc:Kandal_ProvinceCambodia,rdfs:subClassOf,rc:Province_Cambodia
rc:Kandal_ProvinceCambodia,rdfs:subClassOf,owl:Thing
rc:SouthKarelia,rdfs:subClassOf,rc:SouthernFinland_ProvinceFinland
rc:SouthKarelia,rdfs:subClassOf,owl:Thing
rc:NakhonSiThammarat,rdfs:subClassOf,rc:CapitalCityOfRegion
rc:NakhonSiThammarat,rdfs:subClassOf,owl:Thing
rc:ChainPier,rdfs:subClassOf,rc:Pier
rc:ChainPier,rdfs:subClassOf,owl:Thing
rc:StudyRoom,rdfs:subClassOf,rc:RoomInAConstruction
rc:StudyRoom,rdfs:subClassOf,owl:Thing
rc:ContinentOfEurope,rdfs:subClassOf,rc:Continent
rc:ContinentOfEurope,rdfs:subClassOf,owl:Thing
rc:RangesOfTheRockyMountains,rdfs:subClassOf,rc:RockyMountains
rc:RangesOfTheRockyMountains,rdfs:subClassOf,owl:Thing
rc:ProvinceOfSantaCruzDeTenerife,rdfs:subClassOf,rc:CanaryIslands
rc:ProvinceOfSantaCruzDeTenerife,rdfs:subClassOf,owl:Thing
rc:Courthouse,rdfs:subClassOf,rc:GovernmentalBuilding
rc:Courthouse,rdfs:subClassOf,owl:Thing
rc:SlateRange,rdfs:subClassOf,rc:MountainRange
rc:SlateRange,rdfs:subClassOf,owl:Thing
rc:Zou_ProvinceBenin,rdfs:subClassOf,rc:Province_Benin
rc:Zou_ProvinceBenin,rdfs:subClassOf,owl:Thing
rc:Dorado_Constellation,rdfs:subClassOf,rc:Constellation
rc:Dorado_Constellation,rdfs:subClassOf,owl:Thing
rc:BanffNationalPark,rdfs:subClassOf,rc:NationalPark
rc:BanffNationalPark,rdfs:subClassOf,owl:Thing
rc:U_101_classSubmarine,rdfs:subClassOf,rc:U_Boat
rc:U_101_classSubmarine,rdfs:subClassOf,owl:Thing
rc:MuddyArea,rdfs:subClassOf,rc:SoftTerrain
rc:MuddyArea,rdfs:subClassOf,owl:Thing
rc:Polynesia_Region,rdfs:subClassOf,rc:IslandRegion
rc:Polynesia_Region,rdfs:subClassOf,owl:Thing
rc:LivestockStable,rdfs:subClassOf,rc:Facility_Agricultural
rc:LivestockStable,rdfs:subClassOf,owl:Thing
rc:TankLandingShip,rdfs:subClassOf,rc:AmphibiousWarfareShip
rc:TankLandingShip,rdfs:subClassOf,owl:Thing
rc:MeuseRiver,rdfs:subClassOf,rc:River
rc:MeuseRiver,rdfs:subClassOf,owl:Thing
rc:Bataan_ProvincePhilippines,rdfs:subClassOf,rc:Province_Philippines
rc:Bataan_ProvincePhilippines,rdfs:subClassOf,owl:Thing
rc:EgyptianPyramid,rdfs:subClassOf,rc:NationalMonument
rc:EgyptianPyramid,rdfs:subClassOf,rc:PyramidMonument
rc:EgyptianPyramid,rdfs:subClassOf,rc:Tomb
rc:EgyptianPyramid,rdfs:subClassOf,owl:Thing
rc:BasementLevelInAConstruction,rdfs:subClassOf,rc:LevelOfAConstruction
rc:BasementLevelInAConstruction,rdfs:subClassOf,owl:Thing
rc:Lodz_ProvincePoland,rdfs:subClassOf,rc:Province_Poland
rc:Lodz_ProvincePoland,rdfs:subClassOf,owl:Thing
rc:TropicalRainForest,rdfs:subClassOf,rc:Rainforest
rc:TropicalRainForest,rdfs:subClassOf,owl:Thing
rc:TahoeNationalForest,rdfs:subClassOf,rc:NationalForest
rc:TahoeNationalForest,rdfs:subClassOf,owl:Thing
rc:MountRainierNationalPark,rdfs:subClassOf,rc:NationalPark
rc:MountRainierNationalPark,rdfs:subClassOf,owl:Thing
rc:Portland_classCruiser,rdfs:subClassOf,rc:BattleCruiser
rc:Portland_classCruiser,rdfs:subClassOf,owl:Thing
rc:JonBoat,rdfs:subClassOf,rc:Boat
rc:JonBoat,rdfs:subClassOf,owl:Thing
rc:BirdBath,rdfs:subClassOf,rc:FixedStructure
rc:BirdBath,rdfs:subClassOf,owl:Thing
rc:Highway,rdfs:subClassOf,rc:PublicProperty
rc:Highway,rdfs:subClassOf,rc:TwoLanesOrWiderRoadway
rc:Highway,rdfs:subClassOf,owl:Thing
rc:AustralianCapitalTerritory,rdfs:subClassOf,rc:FederalDistrict
rc:AustralianCapitalTerritory,rdfs:subClassOf,owl:Thing
rc:OakBluffsMassachusetts,rdfs:subClassOf,rc:Town
rc:OakBluffsMassachusetts,rdfs:subClassOf,owl:Thing
rc:PlayhouseClubhouse,rdfs:subClassOf,rc:CommercialBuilding
rc:PlayhouseClubhouse,rdfs:subClassOf,rc:SmallBuilding
rc:PlayhouseClubhouse,rdfs:subClassOf,owl:Thing
rc:Implacable_classAircraftCarrier,rdfs:subClassOf,rc:AircraftCarrier
rc:Implacable_classAircraftCarrier,rdfs:subClassOf,owl:Thing
rc:DesertEcosystem,rdfs:subClassOf,rc:Desert
rc:DesertEcosystem,rdfs:subClassOf,owl:Thing
rc:FormerItalianSpeakingCountry,rdfs:subClassOf,rc:LanguageSpeakingCountryOrTerritory
rc:FormerItalianSpeakingCountry,rdfs:subClassOf,owl:Thing
rc:CraterRim,rdfs:subClassOf,rc:Rim_Topographical
rc:CraterRim,rdfs:subClassOf,owl:Thing
rc:AmazonRainForest,rdfs:subClassOf,rc:TropicalRainForest
rc:AmazonRainForest,rdfs:subClassOf,owl:Thing
rc:PyramidMonument,rdfs:subClassOf,rc:Monument
rc:PyramidMonument,rdfs:subClassOf,owl:Thing
rc:ArterialRoad,rdfs:subClassOf,rc:Highway
rc:ArterialRoad,rdfs:subClassOf,owl:Thing
rc:Dreadnought,rdfs:subClassOf,rc:Battleship
rc:Dreadnought,rdfs:subClassOf,owl:Thing
rc:HungYen_ProvinceVietnam,rdfs:subClassOf,rc:Province_Vietnam
rc:HungYen_ProvinceVietnam,rdfs:subClassOf,owl:Thing
rc:Lignite,rdfs:subClassOf,rc:Coal
rc:Lignite,rdfs:subClassOf,owl:Thing
rc:RevenueHouse,rdfs:subClassOf,rc:MultiFamilyHousing
rc:RevenueHouse,rdfs:subClassOf,owl:Thing
rc:Hawaii_Island_Hawaii,rdfs:subClassOf,rc:Island
rc:Hawaii_Island_Hawaii,rdfs:subClassOf,owl:Thing
rc:ZamboangaPeninsula,rdfs:subClassOf,rc:MindanaoIsland_Philippines
rc:ZamboangaPeninsula,rdfs:subClassOf,owl:Thing
rc:U_107_classSubmarine,rdfs:subClassOf,rc:U_Boat
rc:U_107_classSubmarine,rdfs:subClassOf,owl:Thing
rc:NewHampshire_State,rdfs:subClassOf,rc:State_UnitedStates
rc:NewHampshire_State,rdfs:subClassOf,owl:Thing
rc:ShowerStall,rdfs:subClassOf,rc:HouseholdAttachment
rc:ShowerStall,rdfs:subClassOf,rc:SpaceInAHOC
rc:ShowerStall,rdfs:subClassOf,owl:Thing
rc:AdmiraltyIslands_PapuaNewGuinea,rdfs:subClassOf,rc:BismarckArchipelago_PapuaNewGuinea
rc:AdmiraltyIslands_PapuaNewGuinea,rdfs:subClassOf,owl:Thing
rc:AlmiranteLatorre_classBattleship,rdfs:subClassOf,rc:Dreadnought
rc:AlmiranteLatorre_classBattleship,rdfs:subClassOf,owl:Thing
rc:SouthKhorasanProvince,rdfs:subClassOf,rc:Khorasan_ProvinceIran
rc:SouthKhorasanProvince,rdfs:subClassOf,owl:Thing
rc:HawaiiCountyHawaii,rdfs:subClassOf,rc:Hawaii_Island_Hawaii
rc:HawaiiCountyHawaii,rdfs:subClassOf,owl:Thing
rc:AcadiaNationalPark,rdfs:subClassOf,rc:NationalPark
rc:AcadiaNationalPark,rdfs:subClassOf,owl:Thing
rc:WallisAndFutunaIslands,rdfs:subClassOf,rc:Archipelago
rc:WallisAndFutunaIslands,rdfs:subClassOf,owl:Thing
rc:SanJuan_ProvinceArgentina,rdfs:subClassOf,rc:Province_Argentina
rc:SanJuan_ProvinceArgentina,rdfs:subClassOf,owl:Thing
rc:CountiesOfLithuania,rdfs:subClassOf,rc:FirstOrderAdministrativeDivision
rc:CountiesOfLithuania,rdfs:subClassOf,owl:Thing
rc:ChechenIngushSpeakingCountryOrTerritory,rdfs:subClassOf,rc:LanguageSpeakingCountryOrTerritory
rc:ChechenIngushSpeakingCountryOrTerritory,rdfs:subClassOf,owl:Thing
rc:Waterworks,rdfs:subClassOf,rc:WaterSupplyNetwork
rc:Waterworks,rdfs:subClassOf,owl:Thing
rc:Bar_River,rdfs:subClassOf,rc:Bar_Topographical
rc:Bar_River,rdfs:subClassOf,owl:Thing
rc:JapuraRiver,rdfs:subClassOf,rc:River
rc:JapuraRiver,rdfs:subClassOf,owl:Thing
rc:KaneoheBay,rdfs:subClassOf,rc:Bay
rc:KaneoheBay,rdfs:subClassOf,owl:Thing
rc:ZamboangadelNorte_ProvincePhilippines,rdfs:subClassOf,rc:Province_Philippines
rc:ZamboangadelNorte_ProvincePhilippines,rdfs:subClassOf,owl:Thing
rc:NamDinh_ProvinceVietnam,rdfs:subClassOf,rc:Province_Vietnam
rc:NamDinh_ProvinceVietnam,rdfs:subClassOf,owl:Thing
rc:RailControlTower,rdfs:subClassOf,rc:ControlTower
rc:RailControlTower,rdfs:subClassOf,owl:Thing
rc:MadeiraRiver,rdfs:subClassOf,rc:River
rc:MadeiraRiver,rdfs:subClassOf,owl:Thing
rc:Kotayk_ProvinceArmenia,rdfs:subClassOf,rc:Province_Armenia
rc:Kotayk_ProvinceArmenia,rdfs:subClassOf,owl:Thing
rc:Maguindanao_ProvincePhilippines,rdfs:subClassOf,rc:Province_Philippines
rc:Maguindanao_ProvincePhilippines,rdfs:subClassOf,owl:Thing
rc:GreatRiverRoad,rdfs:subClassOf,rc:ScenicRoute
rc:GreatRiverRoad,rdfs:subClassOf,owl:Thing
rc:FrenchCommune,rdfs:subClassOf,rc:City
rc:FrenchCommune,rdfs:subClassOf,owl:Thing
rc:UnpavedRoadway,rdfs:subClassOf,rc:Roadway
rc:UnpavedRoadway,rdfs:subClassOf,rc:UnpavedPathArtifact
rc:UnpavedRoadway,rdfs:subClassOf,owl:Thing
rc:District_Somalia,rdfs:subClassOf,rc:AdministrativeDistrict
rc:District_Somalia,rdfs:subClassOf,owl:Thing
rc:Crater_Constellation,rdfs:subClassOf,rc:Constellation
rc:Crater_Constellation,rdfs:subClassOf,owl:Thing
rc:PiscisAustrinus_Constellation,rdfs:subClassOf,rc:Constellation
rc:PiscisAustrinus_Constellation,rdfs:subClassOf,owl:Thing
rc:Tepuis,rdfs:subClassOf,rc:SubtropicalForest
rc:Tepuis,rdfs:subClassOf,owl:Thing
rc:MountRanier,rdfs:subClassOf,rc:Mountain
rc:MountRanier,rdfs:subClassOf,owl:Thing
rc:AmazonRiver,rdfs:subClassOf,rc:River
rc:AmazonRiver,rdfs:subClassOf,owl:Thing
rc:Moldova,rdfs:subClassOf,rc:EasternEuropeanCountry
rc:Moldova,rdfs:subClassOf,owl:Thing
rc:Cottage,rdfs:subClassOf,rc:House_Country
rc:Cottage,rdfs:subClassOf,rc:SmallBuilding
rc:Cottage,rdfs:subClassOf,owl:Thing
rc:MangoleIsland_Indonesia,rdfs:subClassOf,rc:Island
rc:MangoleIsland_Indonesia,rdfs:subClassOf,owl:Thing
rc:Gallery_ArtDisplayStructure,rdfs:subClassOf,rc:CommercialFacility
rc:Gallery_ArtDisplayStructure,rdfs:subClassOf,rc:DisplayStructure
rc:Gallery_ArtDisplayStructure,rdfs:subClassOf,owl:Thing
rc:OilTanker,rdfs:subClassOf,rc:TankerShip
rc:OilTanker,rdfs:subClassOf,owl:Thing
rc:LowerNormandy,rdfs:subClassOf,rc:FrenchRegion
rc:LowerNormandy,rdfs:subClassOf,owl:Thing
rc:Assam,rdfs:subClassOf,rc:State_India
rc:Assam,rdfs:subClassOf,owl:Thing
rc:Routes,rdfs:subClassOf,rc:FrenchCommune
rc:Routes,rdfs:subClassOf,owl:Thing
rc:ShelfEdge_Undersea,rdfs:subClassOf,rc:UnderwaterLocation
rc:ShelfEdge_Undersea,rdfs:subClassOf,owl:Thing
rc:GologTibetanAutonomousPrefecture,rdfs:subClassOf,rc:Prefecture
rc:GologTibetanAutonomousPrefecture,rdfs:subClassOf,owl:Thing
rc:RioGrandeNationalForest,rdfs:subClassOf,rc:NationalForest
rc:RioGrandeNationalForest,rdfs:subClassOf,owl:Thing
rc:Province_Bolivia,rdfs:subClassOf,rc:Province
rc:Province_Bolivia,rdfs:subClassOf,owl:Thing
rc:Hammock,rdfs:subClassOf,rc:Outdoors_ExposedToWeather
rc:Hammock,rdfs:subClassOf,owl:Thing
rc:Zoundweogo_ProvinceBurkinaFaso,rdfs:subClassOf,rc:Province_BurkinaFaso
rc:Zoundweogo_ProvinceBurkinaFaso,rdfs:subClassOf,owl:Thing
rc:BasementRoom,rdfs:subClassOf,rc:RoomInAConstruction
rc:BasementRoom,rdfs:subClassOf,owl:Thing
rc:Gaqaa_China,rdfs:subClassOf,rc:AdministrativeDistrict
rc:Gaqaa_China,rdfs:subClassOf,owl:Thing
rc:GreatSaltLake,rdfs:subClassOf,rc:InlandSea
rc:GreatSaltLake,rdfs:subClassOf,owl:Thing
rc:Swiftsure_classBattleship,rdfs:subClassOf,rc:PreDreadnoughtBattleship
rc:Swiftsure_classBattleship,rdfs:subClassOf,owl:Thing
rc:Tower,rdfs:subClassOf,rc:FixedStructure
rc:Tower,rdfs:subClassOf,owl:Thing
rc:IndustrializedCountry,rdfs:subClassOf,rc:Country
rc:IndustrializedCountry,rdfs:subClassOf,owl:Thing
rc:ElevatorShaft,rdfs:subClassOf,rc:Elevator
rc:ElevatorShaft,rdfs:subClassOf,owl:Thing
rc:GangesRiver,rdfs:subClassOf,rc:River
rc:GangesRiver,rdfs:subClassOf,owl:Thing
rc:MaranonRiver,rdfs:subClassOf,rc:River
rc:MaranonRiver,rdfs:subClassOf,owl:Thing
rc:HemlockLake,rdfs:subClassOf,rc:FingerLakes
rc:HemlockLake,rdfs:subClassOf,owl:Thing
rc:Lodzkie_ProvincePoland,rdfs:subClassOf,rc:Province_Poland
rc:Lodzkie_ProvincePoland,rdfs:subClassOf,owl:Thing
rc:RollingGrassland,rdfs:subClassOf,rc:Grassland
rc:RollingGrassland,rdfs:subClassOf,owl:Thing
rc:Wat,rdfs:subClassOf,rc:Temple
rc:Wat,rdfs:subClassOf,owl:Thing
rc:FormerMunicipality,rdfs:subClassOf,rc:Municipality
rc:FormerMunicipality,rdfs:subClassOf,rc:PopulatedPlace_Historical
rc:FormerMunicipality,rdfs:subClassOf,owl:Thing
rc:Jethou_Island,rdfs:subClassOf,rc:Island
rc:Jethou_Island,rdfs:subClassOf,owl:Thing
rc:WilliamsburgVirginia,rdfs:subClassOf,rc:City
rc:WilliamsburgVirginia,rdfs:subClassOf,owl:Thing
rc:AssamLegislativeAssemblyConstituency,rdfs:subClassOf,rc:Constituency
rc:AssamLegislativeAssemblyConstituency,rdfs:subClassOf,owl:Thing
rc:Bar_Topographical,rdfs:subClassOf,rc:Bank_Topographical
rc:Bar_Topographical,rdfs:subClassOf,owl:Thing
rc:InternationalFjord,rdfs:subClassOf,rc:InternationalWaters
rc:InternationalFjord,rdfs:subClassOf,owl:Thing
rc:EasternCarpathians,rdfs:subClassOf,rc:CarpathianMountains
rc:EasternCarpathians,rdfs:subClassOf,owl:Thing
rc:PublicPlace,rdfs:subClassOf,rc:GeographicalPlace_POI
rc:PublicPlace,rdfs:subClassOf,owl:Thing
rc:Indonesia_TheNation,rdfs:subClassOf,rc:IndustrializedCountry
rc:Indonesia_TheNation,rdfs:subClassOf,owl:Thing
rc:MountRevelstokeNationalPark,rdfs:subClassOf,rc:NationalPark
rc:MountRevelstokeNationalPark,rdfs:subClassOf,owl:Thing
rc:Delos_Island_Greece,rdfs:subClassOf,rc:Island
rc:Delos_Island_Greece,rdfs:subClassOf,owl:Thing
rc:PecosRiver,rdfs:subClassOf,rc:River
rc:PecosRiver,rdfs:subClassOf,owl:Thing
rc:HighJumpArea,rdfs:subClassOf,rc:FieldSportArea
rc:HighJumpArea,rdfs:subClassOf,owl:Thing
rc:UtilityBuildingStructure,rdfs:subClassOf,rc:PermanentBuildingStructure
rc:UtilityBuildingStructure,rdfs:subClassOf,owl:Thing
rc:DaskasanRayonuAzerbaijan,rdfs:subClassOf,rc:Province
rc:DaskasanRayonuAzerbaijan,rdfs:subClassOf,owl:Thing
rc:Masia,rdfs:subClassOf,rc:Large_DetachedHouse
rc:Masia,rdfs:subClassOf,owl:Thing
rc:CaribbeanSea,rdfs:subClassOf,rc:Sea
rc:CaribbeanSea,rdfs:subClassOf,owl:Thing
rc:FormerMunicipality_Denmark,rdfs:subClassOf,rc:FormerMunicipality
rc:FormerMunicipality_Denmark,rdfs:subClassOf,owl:Thing
rc:MooringDolphin,rdfs:subClassOf,rc:ArtificialWaterFeature_POI
rc:MooringDolphin,rdfs:subClassOf,rc:TransportBuildingStructure
rc:MooringDolphin,rdfs:subClassOf,owl:Thing
rc:Showroom,rdfs:subClassOf,rc:RetailStoreSpace
rc:Showroom,rdfs:subClassOf,rc:RoomInAConstruction
rc:Showroom,rdfs:subClassOf,owl:Thing
rc:Granary,rdfs:subClassOf,rc:Facility_Agricultural
rc:Granary,rdfs:subClassOf,rc:StorageFacility
rc:Granary,rdfs:subClassOf,owl:Thing
rc:Province_Italy,rdfs:subClassOf,rc:Province
rc:Province_Italy,rdfs:subClassOf,owl:Thing
rc:Afghanistan,rdfs:subClassOf,rc:Country
rc:Afghanistan,rdfs:subClassOf,owl:Thing
rc:Campeche_StateMexico,rdfs:subClassOf,rc:State_Mexico
rc:Campeche_StateMexico,rdfs:subClassOf,owl:Thing
rc:ZamboangadelSur_ProvincePhilippines,rdfs:subClassOf,rc:Province_Philippines
rc:ZamboangadelSur_ProvincePhilippines,rdfs:subClassOf,owl:Thing
rc:StPaulsCathedral_London,rdfs:subClassOf,rc:Cathedral
rc:StPaulsCathedral_London,rdfs:subClassOf,owl:Thing
rc:WildlifeReserve,rdfs:subClassOf,rc:NatureReserve
rc:WildlifeReserve,rdfs:subClassOf,owl:Thing
rc:U_10_classSubmarine,rdfs:subClassOf,rc:U_Boat
rc:U_10_classSubmarine,rdfs:subClassOf,owl:Thing
rc:CentralTableland,rdfs:subClassOf,rc:GreatDividingRange
rc:CentralTableland,rdfs:subClassOf,owl:Thing
rc:UNHeadquarters,rdfs:subClassOf,rc:Facility_Construct
rc:UNHeadquarters,rdfs:subClassOf,owl:Thing
rc:Cabrera_Island,rdfs:subClassOf,rc:Island
rc:Cabrera_Island,rdfs:subClassOf,owl:Thing
rc:ChannelIslands,rdfs:subClassOf,rc:Archipelago
rc:ChannelIslands,rdfs:subClassOf,owl:Thing
rc:Roon_classCruiser,rdfs:subClassOf,rc:Cruiser
rc:Roon_classCruiser,rdfs:subClassOf,owl:Thing
rc:NewBrunswick_CanadianProvince,rdfs:subClassOf,rc:CanadianProvince
rc:NewBrunswick_CanadianProvince,rdfs:subClassOf,owl:Thing
rc:Dwor_DetachedHouse,rdfs:subClassOf,rc:Large_DetachedHouse
rc:Dwor_DetachedHouse,rdfs:subClassOf,owl:Thing
rc:UrbanArea,rdfs:subClassOf,rc:HumanResidenceArea
rc:UrbanArea,rdfs:subClassOf,owl:Thing
rc:AlluvialFan,rdfs:subClassOf,rc:LandTopographicalFeature
rc:AlluvialFan,rdfs:subClassOf,owl:Thing
rc:NationalWildlifeRefugesOfTheUnitedStates,rdfs:subClassOf,rc:WildlifeReserve
rc:NationalWildlifeRefugesOfTheUnitedStates,rdfs:subClassOf,owl:Thing
rc:WorkaroundsSite,rdfs:subClassOf,rc:HumanAlteredSite
rc:WorkaroundsSite,rdfs:subClassOf,owl:Thing
rc:District_SriLanka,rdfs:subClassOf,rc:District
rc:District_SriLanka,rdfs:subClassOf,rc:SecondOrderAdministrativeDivision
rc:District_SriLanka,rdfs:subClassOf,owl:Thing
rc:GovernmentOfficeRegion,rdfs:subClassOf,rc:State_Geopolitical
rc:GovernmentOfficeRegion,rdfs:subClassOf,owl:Thing
rc:SouthKorea,rdfs:subClassOf,rc:EastAsianCountry
rc:SouthKorea,rdfs:subClassOf,owl:Thing
rc:SanLawrenz,rdfs:subClassOf,rc:Village
rc:SanLawrenz,rdfs:subClassOf,owl:Thing
rc:HydrocarbonReservoir,rdfs:subClassOf,rc:GeographicalRegion
rc:HydrocarbonReservoir,rdfs:subClassOf,rc:Underground
rc:HydrocarbonReservoir,rdfs:subClassOf,owl:Thing
rc:KotzebueSound,rdfs:subClassOf,rc:Sound_BodyOfWater
rc:KotzebueSound,rdfs:subClassOf,owl:Thing
rc:Dasoguz_ProvinceTurkmenistan,rdfs:subClassOf,rc:Province_Turkmenistan
rc:Dasoguz_ProvinceTurkmenistan,rdfs:subClassOf,owl:Thing
rc:CommunicationsFacility,rdfs:subClassOf,rc:MilitaryFacility
rc:CommunicationsFacility,rdfs:subClassOf,rc:UtilityBuildingStructure
rc:CommunicationsFacility,rdfs:subClassOf,owl:Thing
rc:Shaanxi_ProvinceChina,rdfs:subClassOf,rc:ChineseProvince
rc:Shaanxi_ProvinceChina,rdfs:subClassOf,owl:Thing
rc:CountiesOfNewBrunswick,rdfs:subClassOf,rc:NewBrunswick_CanadianProvince
rc:CountiesOfNewBrunswick,rdfs:subClassOf,owl:Thing
rc:Hammock_Topographical,rdfs:subClassOf,rc:Hill
rc:Hammock_Topographical,rdfs:subClassOf,owl:Thing
rc:StorageOrganizer,rdfs:subClassOf,rc:PrefabricatedResidentialBuildingStructure
rc:StorageOrganizer,rdfs:subClassOf,owl:Thing
rc:Chimney,rdfs:subClassOf,rc:PathArtifact_POI
rc:Chimney,rdfs:subClassOf,owl:Thing
rc:AppenzellAusserrhoden,rdfs:subClassOf,rc:Canton_Swiss
rc:AppenzellAusserrhoden,rdfs:subClassOf,owl:Thing
rc:Mostaganem_ProvinceAlgeria,rdfs:subClassOf,rc:Province_Algeria
rc:Mostaganem_ProvinceAlgeria,rdfs:subClassOf,owl:Thing
rc:MunicipalUnit_Greece,rdfs:subClassOf,rc:MunicipalityByCountry
rc:MunicipalUnit_Greece,rdfs:subClassOf,owl:Thing
rc:ClearWeatherArea,rdfs:subClassOf,rc:WeatherArea
rc:ClearWeatherArea,rdfs:subClassOf,owl:Thing
rc:RoofOfAConstruction,rdfs:subClassOf,rc:Outdoors_ExposedToWeather
rc:RoofOfAConstruction,rdfs:subClassOf,owl:Thing
rc:IslandSubregion,rdfs:subClassOf,rc:IslandRegion
rc:IslandSubregion,rdfs:subClassOf,owl:Thing
rc:DistributariesOfTheGanges,rdfs:subClassOf,rc:GangesRiver
rc:DistributariesOfTheGanges,rdfs:subClassOf,owl:Thing
rc:Petropavlovsk_classBattleship,rdfs:subClassOf,rc:PreDreadnoughtBattleship
rc:Petropavlovsk_classBattleship,rdfs:subClassOf,owl:Thing
rc:Heilongjiang_ProvinceChina,rdfs:subClassOf,rc:ChineseProvince
rc:Heilongjiang_ProvinceChina,rdfs:subClassOf,owl:Thing
rc:Mission_MissionaryCompound,rdfs:subClassOf,rc:TouristAttraction
rc:Mission_MissionaryCompound,rdfs:subClassOf,owl:Thing
rc:CentralTexas,rdfs:subClassOf,rc:Southwest_USRegion
rc:CentralTexas,rdfs:subClassOf,owl:Thing
rc:DesertNationalWildlifeRefugeComplex,rdfs:subClassOf,rc:NationalWildlifeRefugesOfTheUnitedStates
rc:DesertNationalWildlifeRefugeComplex,rdfs:subClassOf,owl:Thing
rc:Torun_ProvincePoland,rdfs:subClassOf,rc:Province_Poland
rc:Torun_ProvincePoland,rdfs:subClassOf,owl:Thing
rc:AncientDelos,rdfs:subClassOf,rc:Delos_Island_Greece
rc:AncientDelos,rdfs:subClassOf,rc:Historical_Region
rc:AncientDelos,rdfs:subClassOf,owl:Thing
rc:Galley,rdfs:subClassOf,rc:OarPropelledWatercraft
rc:Galley,rdfs:subClassOf,rc:Ship
rc:Galley,rdfs:subClassOf,owl:Thing
rc:StPetersBasilica,rdfs:subClassOf,rc:Cathedral
rc:StPetersBasilica,rdfs:subClassOf,owl:Thing
rc:OilTerminal,rdfs:subClassOf,rc:Terminal_TransferPoint
rc:OilTerminal,rdfs:subClassOf,owl:Thing
rc:CommercialPublicPlace,rdfs:subClassOf,rc:PublicPlace
rc:CommercialPublicPlace,rdfs:subClassOf,owl:Thing
rc:MoldovaHistoricalRegion,rdfs:subClassOf,rc:Moldova
rc:MoldovaHistoricalRegion,rdfs:subClassOf,owl:Thing
rc:CommunicationTower,rdfs:subClassOf,rc:CommunicationsFacility
rc:CommunicationTower,rdfs:subClassOf,rc:Tower
rc:CommunicationTower,rdfs:subClassOf,owl:Thing
rc:NetherlandsAntillesSaintMaartenSubregion,rdfs:subClassOf,rc:IslandSubregion
rc:NetherlandsAntillesSaintMaartenSubregion,rdfs:subClassOf,owl:Thing
rc:SarirOilField,rdfs:subClassOf,rc:OilField
rc:SarirOilField,rdfs:subClassOf,owl:Thing
rc:Country,rdfs:subClassOf,kko:AreaRegion
rc:Country,rdfs:subClassOf,owl:Thing
rc:NgawaTibetanAndQiangAutonomousPrefecture,rdfs:subClassOf,rc:Prefecture
rc:NgawaTibetanAndQiangAutonomousPrefecture,rdfs:subClassOf,owl:Thing
rc:Crater_Lunar,rdfs:subClassOf,rc:Crater
rc:Crater_Lunar,rdfs:subClassOf,owl:Thing
rc:GreatSaltLakeWatershed,rdfs:subClassOf,rc:GreatSaltLake
rc:GreatSaltLakeWatershed,rdfs:subClassOf,rc:Watershed
rc:GreatSaltLakeWatershed,rdfs:subClassOf,owl:Thing
rc:Alderney_Island,rdfs:subClassOf,rc:Island
rc:Alderney_Island,rdfs:subClassOf,owl:Thing
rc:Kouritenga_ProvinceBurkinaFaso,rdfs:subClassOf,rc:Province_BurkinaFaso
rc:Kouritenga_ProvinceBurkinaFaso,rdfs:subClassOf,owl:Thing
rc:Garage,rdfs:subClassOf,rc:PrefabricatedResidentialBuildingStructure
rc:Garage,rdfs:subClassOf,owl:Thing
rc:Courtroom,rdfs:subClassOf,rc:RoomInAConstruction
rc:Courtroom,rdfs:subClassOf,owl:Thing
rc:RailwayLine,rdfs:subClassOf,rc:TravelRoute
rc:RailwayLine,rdfs:subClassOf,owl:Thing
rc:MunicipalitiesOfLithuania,rdfs:subClassOf,rc:SecondOrderAdministrativeDivision
rc:MunicipalitiesOfLithuania,rdfs:subClassOf,owl:Thing
rc:CaribbeanIslands,rdfs:subClassOf,rc:CaribbeanSea
rc:CaribbeanIslands,rdfs:subClassOf,owl:Thing
rc:District_Sudan,rdfs:subClassOf,rc:SecondOrderAdministrativeDivision
rc:District_Sudan,rdfs:subClassOf,owl:Thing
rc:DomedRoof,rdfs:subClassOf,rc:RoofOfAConstruction
rc:DomedRoof,rdfs:subClassOf,owl:Thing
rc:MaderaCountyCalifornia,rdfs:subClassOf,rc:NorthernCalifornia
rc:MaderaCountyCalifornia,rdfs:subClassOf,owl:Thing
rc:LawnEdging,rdfs:subClassOf,rc:Wall_Vertical
rc:LawnEdging,rdfs:subClassOf,owl:Thing
rc:AirlinesOfTheChannelIslands,rdfs:subClassOf,rc:ChannelIslands
rc:AirlinesOfTheChannelIslands,rdfs:subClassOf,owl:Thing
rc:Sikkim,rdfs:subClassOf,rc:State_India
rc:Sikkim,rdfs:subClassOf,owl:Thing
rc:MangroveSwamp,rdfs:subClassOf,rc:PeriodicallyFloodedRegion
rc:MangroveSwamp,rdfs:subClassOf,rc:Swamp
rc:MangroveSwamp,rdfs:subClassOf,owl:Thing
rc:Gromada_Poland,rdfs:subClassOf,rc:AdministrativeDistrict
rc:Gromada_Poland,rdfs:subClassOf,owl:Thing
rc:GasWell,rdfs:subClassOf,rc:Well
rc:GasWell,rdfs:subClassOf,owl:Thing
rc:Ossetia,rdfs:subClassOf,rc:Caucasus_Region
rc:Ossetia,rdfs:subClassOf,owl:Thing
rc:MountRushmore,rdfs:subClassOf,rc:BlackHills_Mountains
rc:MountRushmore,rdfs:subClassOf,owl:Thing
rc:KingWilliamsTown,rdfs:subClassOf,rc:EasternCape_ProvinceSouthAfrica
rc:KingWilliamsTown,rdfs:subClassOf,rc:Town
rc:KingWilliamsTown,rdfs:subClassOf,owl:Thing
rc:CollectivityOfSaintMartin,rdfs:subClassOf,rc:NetherlandsAntillesSaintMaartenSubregion
rc:CollectivityOfSaintMartin,rdfs:subClassOf,owl:Thing
rc:Shelf_Undersea,rdfs:subClassOf,rc:LandTopographicalFeature
rc:Shelf_Undersea,rdfs:subClassOf,rc:UnderwaterLocation
rc:Shelf_Undersea,rdfs:subClassOf,owl:Thing
rc:Province_Peru,rdfs:subClassOf,rc:SecondOrderAdministrativeDivision
rc:Province_Peru,rdfs:subClassOf,owl:Thing
rc:Maldives,rdfs:subClassOf,rc:Country
rc:Maldives,rdfs:subClassOf,owl:Thing
rc:StorageShed,rdfs:subClassOf,rc:SmallBuilding
rc:StorageShed,rdfs:subClassOf,owl:Thing
rc:MangroveIsland,rdfs:subClassOf,rc:Island
rc:MangroveIsland,rdfs:subClassOf,rc:MangroveSwamp
rc:MangroveIsland,rdfs:subClassOf,owl:Thing
rc:CantileverBridge,rdfs:subClassOf,rc:BridgeTypeBySupportType
rc:CantileverBridge,rdfs:subClassOf,owl:Thing
rc:Hemmema,rdfs:subClassOf,rc:ModernNavalShip
rc:Hemmema,rdfs:subClassOf,owl:Thing
rc:Gomera_Island,rdfs:subClassOf,rc:Island
rc:Gomera_Island,rdfs:subClassOf,owl:Thing
rc:RunningTrack,rdfs:subClassOf,rc:RaceTrack
rc:RunningTrack,rdfs:subClassOf,rc:SportHealthBuildingStructure
rc:RunningTrack,rdfs:subClassOf,owl:Thing
rc:Jetty,rdfs:subClassOf,rc:ArtificialWaterFeature_POI
rc:Jetty,rdfs:subClassOf,rc:Earthwork
rc:Jetty,rdfs:subClassOf,rc:TransportBuildingStructure
rc:Jetty,rdfs:subClassOf,owl:Thing
rc:GrassyRegion,rdfs:subClassOf,rc:CanopyClosure_Open
rc:GrassyRegion,rdfs:subClassOf,owl:Thing
rc:SeaOfAzov,rdfs:subClassOf,rc:InlandSea
rc:SeaOfAzov,rdfs:subClassOf,owl:Thing
rc:EgyptianTemple,rdfs:subClassOf,rc:Temple
rc:EgyptianTemple,rdfs:subClassOf,owl:Thing
rc:FormerMunicipality_Estonia,rdfs:subClassOf,rc:FormerMunicipality
rc:FormerMunicipality_Estonia,rdfs:subClassOf,owl:Thing
rc:NorthernDryDeciduousForest,rdfs:subClassOf,rc:DryTropicalForest
rc:NorthernDryDeciduousForest,rdfs:subClassOf,owl:Thing
rc:Batanes_ProvincePhilippines,rdfs:subClassOf,rc:Province_Philippines
rc:Batanes_ProvincePhilippines,rdfs:subClassOf,owl:Thing
rc:Guangdong_ProvinceChina,rdfs:subClassOf,rc:ChineseProvince
rc:Guangdong_ProvinceChina,rdfs:subClassOf,owl:Thing
rc:RooseveltIsland,rdfs:subClassOf,rc:EastRiver_NewYork
rc:RooseveltIsland,rdfs:subClassOf,owl:Thing
rc:Colorado_River,rdfs:subClassOf,rc:River
rc:Colorado_River,rdfs:subClassOf,owl:Thing
rc:Mudug,rdfs:subClassOf,rc:Puntland
rc:Mudug,rdfs:subClassOf,owl:Thing
rc:LogCabin,rdfs:subClassOf,rc:Cabin
rc:LogCabin,rdfs:subClassOf,owl:Thing
rc:EnsembleOfBuildings,rdfs:subClassOf,rc:BuildingCluster
rc:EnsembleOfBuildings,rdfs:subClassOf,owl:Thing
rc:RoyalObservatory_Greenwich,rdfs:subClassOf,rc:AstronomicalObservatoryBuilding
rc:RoyalObservatory_Greenwich,rdfs:subClassOf,owl:Thing
rc:UnconventionalGas,rdfs:subClassOf,rc:NaturalGas
rc:UnconventionalGas,rdfs:subClassOf,owl:Thing
rc:SanLuisPotosi_StateMexico,rdfs:subClassOf,rc:State_Mexico
rc:SanLuisPotosi_StateMexico,rdfs:subClassOf,owl:Thing
rc:MasirahIsland,rdfs:subClassOf,rc:Island
rc:MasirahIsland,rdfs:subClassOf,owl:Thing
rc:PlanetCrust,rdfs:subClassOf,rc:OutdoorLocation
rc:PlanetCrust,rdfs:subClassOf,owl:Thing
rc:U_1_classSubmarine_Austria_Hungary,rdfs:subClassOf,rc:U_Boat
rc:U_1_classSubmarine_Austria_Hungary,rdfs:subClassOf,owl:Thing
rc:Guanajuato_StateMexico,rdfs:subClassOf,rc:State_Mexico
rc:Guanajuato_StateMexico,rdfs:subClassOf,owl:Thing
rc:Mahallah,rdfs:subClassOf,rc:FifthOrderAdministrativeDivision
rc:Mahallah,rdfs:subClassOf,owl:Thing
rc:NelsonRiver,rdfs:subClassOf,rc:River
rc:NelsonRiver,rdfs:subClassOf,owl:Thing
rc:SlaughterhouseBuilding,rdfs:subClassOf,rc:CommercialBuilding
rc:SlaughterhouseBuilding,rdfs:subClassOf,owl:Thing
rc:Tipaza_ProvinceAlgeria,rdfs:subClassOf,rc:Province_Algeria
rc:Tipaza_ProvinceAlgeria,rdfs:subClassOf,owl:Thing
rc:CalmAirArea,rdfs:subClassOf,rc:AreaWithSomeWind
rc:CalmAirArea,rdfs:subClassOf,owl:Thing
rc:Chaoshan,rdfs:subClassOf,rc:Guangdong_ProvinceChina
rc:Chaoshan,rdfs:subClassOf,owl:Thing
rc:Hebrides_Archipelago,rdfs:subClassOf,rc:Archipelago
rc:Hebrides_Archipelago,rdfs:subClassOf,owl:Thing
rc:JarvisIsland,rdfs:subClassOf,rc:Island
rc:JarvisIsland,rdfs:subClassOf,owl:Thing
rc:Bengkulu,rdfs:subClassOf,rc:SumatraIsland_Indonesia
rc:Bengkulu,rdfs:subClassOf,owl:Thing
rc:Knoll_Undersea,rdfs:subClassOf,rc:UnderwaterTopographicalFeature
rc:Knoll_Undersea,rdfs:subClassOf,owl:Thing
rc:CountiesOfNorthernIreland,rdfs:subClassOf,rc:County_Britain
rc:CountiesOfNorthernIreland,rdfs:subClassOf,owl:Thing
rc:NuevaEcija_ProvincePhilippines,rdfs:subClassOf,rc:Province_Philippines
rc:NuevaEcija_ProvincePhilippines,rdfs:subClassOf,owl:Thing
rc:AppenzellInnerrhoden,rdfs:subClassOf,rc:Canton_Swiss
rc:AppenzellInnerrhoden,rdfs:subClassOf,owl:Thing
rc:EarthCrust,rdfs:subClassOf,rc:PlanetCrust
rc:EarthCrust,rdfs:subClassOf,owl:Thing
rc:EstuariesOfTheBlackSea,rdfs:subClassOf,rc:BlackSea
rc:EstuariesOfTheBlackSea,rdfs:subClassOf,owl:Thing
rc:MilitaryLogisticsInstallation,rdfs:subClassOf,rc:MilitaryFacility
rc:MilitaryLogisticsInstallation,rdfs:subClassOf,owl:Thing
rc:CongressOfGuanajuato,rdfs:subClassOf,rc:Guanajuato_StateMexico
rc:CongressOfGuanajuato,rdfs:subClassOf,owl:Thing
rc:ElectricalGrid,rdfs:subClassOf,rc:ElectricPowerGrid
rc:ElectricalGrid,rdfs:subClassOf,owl:Thing
rc:CentralValleyRegion_California,rdfs:subClassOf,rc:WesternUS_Region
rc:CentralValleyRegion_California,rdfs:subClassOf,owl:Thing
rc:StreetsAndPlacesInBydgoszcz,rdfs:subClassOf,rc:Bydgoszcz_ProvincePoland
rc:StreetsAndPlacesInBydgoszcz,rdfs:subClassOf,owl:Thing
rc:GlobalNaturalEnvironment,rdfs:subClassOf,rc:Environment_Generic
rc:GlobalNaturalEnvironment,rdfs:subClassOf,owl:Thing
rc:Mahalle,rdfs:subClassOf,rc:AdministrativeDistrict
rc:Mahalle,rdfs:subClassOf,owl:Thing
rc:Batangas_ProvincePhilippines,rdfs:subClassOf,rc:Province_Philippines
rc:Batangas_ProvincePhilippines,rdfs:subClassOf,owl:Thing
rc:NavalShipBase,rdfs:subClassOf,rc:MilitaryBase_Grounds
rc:NavalShipBase,rdfs:subClassOf,owl:Thing
rc:Bahamas,rdfs:subClassOf,rc:Country
rc:Bahamas,rdfs:subClassOf,owl:Thing
rc:Plain_Topographical,rdfs:subClassOf,rc:LandTopographicalFeature
rc:Plain_Topographical,rdfs:subClassOf,owl:Thing
rc:ControlTower,rdfs:subClassOf,rc:Building
rc:ControlTower,rdfs:subClassOf,rc:Tower
rc:ControlTower,rdfs:subClassOf,rc:TransportBuildingStructure
rc:ControlTower,rdfs:subClassOf,owl:Thing
rc:PicketFence,rdfs:subClassOf,rc:Fence
rc:PicketFence,rdfs:subClassOf,owl:Thing
rc:JasperNationalPark,rdfs:subClassOf,rc:NationalPark
rc:JasperNationalPark,rdfs:subClassOf,owl:Thing
rc:Lighthouse,rdfs:subClassOf,rc:Building
rc:Lighthouse,rdfs:subClassOf,rc:CommunicationTower
rc:Lighthouse,rdfs:subClassOf,rc:TransportBuildingStructure
rc:Lighthouse,rdfs:subClassOf,owl:Thing
rc:Houxin_FastAttackCraft,rdfs:subClassOf,rc:FastAttackCraft_Gun
rc:Houxin_FastAttackCraft,rdfs:subClassOf,rc:FastAttackCraft_Patrol
rc:Houxin_FastAttackCraft,rdfs:subClassOf,owl:Thing
rc:SanLuis_ProvinceArgentina,rdfs:subClassOf,rc:Province_Argentina
rc:SanLuis_ProvinceArgentina,rdfs:subClassOf,owl:Thing
rc:DworcowaStreetInBydgoszcz,rdfs:subClassOf,rc:StreetsAndPlacesInBydgoszcz
rc:DworcowaStreetInBydgoszcz,rdfs:subClassOf,owl:Thing
rc:PeninsulasOfTheBalticSea,rdfs:subClassOf,rc:BalticSea
rc:PeninsulasOfTheBalticSea,rdfs:subClassOf,owl:Thing
rc:Angola,rdfs:subClassOf,rc:Country
rc:Angola,rdfs:subClassOf,owl:Thing
rc:Building,rdfs:subClassOf,rc:PermanentBuildingStructure
rc:Building,rdfs:subClassOf,owl:Thing
rc:Arrondissement,rdfs:subClassOf,rc:AdministrativeDistrict
rc:Arrondissement,rdfs:subClassOf,owl:Thing
rc:NavalMine_Deployed,rdfs:subClassOf,rc:Underwater
rc:NavalMine_Deployed,rdfs:subClassOf,owl:Thing
rc:PortsmouthVirginia,rdfs:subClassOf,rc:City
rc:PortsmouthVirginia,rdfs:subClassOf,owl:Thing
rc:TollBooth,rdfs:subClassOf,rc:Booth_OccupationConstruct
rc:TollBooth,rdfs:subClassOf,rc:SmallBuilding
rc:TollBooth,rdfs:subClassOf,owl:Thing
rc:EarthenSubstance,rdfs:subClassOf,rc:EarthCrust
rc:EarthenSubstance,rdfs:subClassOf,owl:Thing
rc:Pantheon_Paris,rdfs:subClassOf,rc:Landmark
rc:Pantheon_Paris,rdfs:subClassOf,owl:Thing
rc:District_Taiwan,rdfs:subClassOf,rc:AdministrativeDistrict
rc:District_Taiwan,rdfs:subClassOf,owl:Thing
rc:MunicipalitySeat,rdfs:subClassOf,rc:CapitalCityOfRegion
rc:MunicipalitySeat,rdfs:subClassOf,owl:Thing
rc:U_20_classSubmarine,rdfs:subClassOf,rc:U_Boat
rc:U_20_classSubmarine,rdfs:subClassOf,owl:Thing
rc:MadhyaPradesh,rdfs:subClassOf,rc:State_India
rc:MadhyaPradesh,rdfs:subClassOf,owl:Thing
rc:Chimney_HousePart,rdfs:subClassOf,rc:Chimney
rc:Chimney_HousePart,rdfs:subClassOf,owl:Thing
rc:BobsledRun,rdfs:subClassOf,rc:SportsTrack
rc:BobsledRun,rdfs:subClassOf,owl:Thing
rc:SteamElectricPowerGenerationComplex,rdfs:subClassOf,rc:ThermalPowerGenerationComplex
rc:SteamElectricPowerGenerationComplex,rdfs:subClassOf,owl:Thing
rc:CentralValleyProject,rdfs:subClassOf,rc:CentralValleyRegion_California
rc:CentralValleyProject,rdfs:subClassOf,owl:Thing
rc:GreatSandyDesert,rdfs:subClassOf,rc:Desert
rc:GreatSandyDesert,rdfs:subClassOf,owl:Thing
rc:NgheAn_ProvinceVietnam,rdfs:subClassOf,rc:Province_Vietnam
rc:NgheAn_ProvinceVietnam,rdfs:subClassOf,owl:Thing
rc:RioNegro_ProvinceArgentina,rdfs:subClassOf,rc:Province_Argentina
rc:RioNegro_ProvinceArgentina,rdfs:subClassOf,owl:Thing
rc:AirTrafficServiceRouteSegment,rdfs:subClassOf,rc:AirTrafficServiceRoute
rc:AirTrafficServiceRouteSegment,rdfs:subClassOf,owl:Thing
rc:Zamosc_ProvincePoland,rdfs:subClassOf,rc:Province_Poland
rc:Zamosc_ProvincePoland,rdfs:subClassOf,owl:Thing
rc:Grassland,rdfs:subClassOf,rc:GrassyRegion
rc:Grassland,rdfs:subClassOf,rc:OpenArea
rc:Grassland,rdfs:subClassOf,rc:Plain_Topographical
rc:Grassland,rdfs:subClassOf,owl:Thing
rc:Minangkabau,rdfs:subClassOf,rc:SumatraIsland_Indonesia
rc:Minangkabau,rdfs:subClassOf,owl:Thing
rc:InnerHebrides_Archipelago,rdfs:subClassOf,rc:Hebrides_Archipelago
rc:InnerHebrides_Archipelago,rdfs:subClassOf,owl:Thing
rc:StorageSilo,rdfs:subClassOf,rc:StorageTower
rc:StorageSilo,rdfs:subClassOf,owl:Thing
rc:NuevaVizcaya_ProvincePhilippines,rdfs:subClassOf,rc:Province_Philippines
rc:NuevaVizcaya_ProvincePhilippines,rdfs:subClassOf,owl:Thing
rc:NigerRiver,rdfs:subClassOf,rc:River
rc:NigerRiver,rdfs:subClassOf,owl:Thing
rc:Dormitory,rdfs:subClassOf,rc:HumanHighOccupancyConstruct
rc:Dormitory,rdfs:subClassOf,rc:MultiFamilyHousing
rc:Dormitory,rdfs:subClassOf,owl:Thing
rc:DefensiveStructure,rdfs:subClassOf,rc:DefenseBuildingStructure
rc:DefensiveStructure,rdfs:subClassOf,owl:Thing
rc:MountRushmoreMonument,rdfs:subClassOf,rc:NationalMonument
rc:MountRushmoreMonument,rdfs:subClassOf,owl:Thing
rc:StVincentAndTheGrenadines,rdfs:subClassOf,rc:Country
rc:StVincentAndTheGrenadines,rdfs:subClassOf,owl:Thing
rc:Kowloon,rdfs:subClassOf,rc:HongKong
rc:Kowloon,rdfs:subClassOf,owl:Thing
rc:HollandTunnel,rdfs:subClassOf,rc:Tunnel
rc:HollandTunnel,rdfs:subClassOf,owl:Thing
rc:TargetRange,rdfs:subClassOf,rc:SportsPlayingArea
rc:TargetRange,rdfs:subClassOf,owl:Thing
rc:GeographicalPlace_POI,rdfs:subClassOf,kko:LocationPlace
rc:GeographicalPlace_POI,rdfs:subClassOf,owl:Thing
rc:LivingRoom,rdfs:subClassOf,rc:RoomInAConstruction
rc:LivingRoom,rdfs:subClassOf,owl:Thing
rc:Corrugation_Topographical,rdfs:subClassOf,rc:LandTopographicalFeature
rc:Corrugation_Topographical,rdfs:subClassOf,owl:Thing
rc:SportsTrack,rdfs:subClassOf,rc:SportsPlayingArea
rc:SportsTrack,rdfs:subClassOf,owl:Thing
rc:Province_SouthKorea,rdfs:subClassOf,rc:Province
rc:Province_SouthKorea,rdfs:subClassOf,owl:Thing
rc:Shelf_Valley_Undersea,rdfs:subClassOf,rc:UnderwaterTopographicalFeature
rc:Shelf_Valley_Undersea,rdfs:subClassOf,owl:Thing
rc:ArchaeologicalSite,rdfs:subClassOf,rc:HistoricalSite
rc:ArchaeologicalSite,rdfs:subClassOf,owl:Thing
rc:EarthStone,rdfs:subClassOf,rc:EarthenSubstance
rc:EarthStone,rdfs:subClassOf,owl:Thing
rc:DistributariesOfTheNigerRiver,rdfs:subClassOf,rc:NigerRiver
rc:DistributariesOfTheNigerRiver,rdfs:subClassOf,owl:Thing
rc:RollingPin,rdfs:subClassOf,rc:CookingUtensil
rc:RollingPin,rdfs:subClassOf,owl:Thing
rc:DanceClub_Facility,rdfs:subClassOf,rc:CommercialBuilding
rc:DanceClub_Facility,rdfs:subClassOf,owl:Thing
rc:DormitoryParcel,rdfs:subClassOf,rc:ResidentialLandParcel
rc:DormitoryParcel,rdfs:subClassOf,owl:Thing
rc:Sound_BodyOfWater,rdfs:subClassOf,rc:BodyOfWater_SubRegionsSea
rc:Sound_BodyOfWater,rdfs:subClassOf,owl:Thing
rc:ArcheryRange,rdfs:subClassOf,rc:TargetRange
rc:ArcheryRange,rdfs:subClassOf,owl:Thing
rc:Destroyer,rdfs:subClassOf,rc:ModernNavalShip
rc:Destroyer,rdfs:subClassOf,owl:Thing
rc:Pantheon_Rome,rdfs:subClassOf,rc:Landmark
rc:Pantheon_Rome,rdfs:subClassOf,owl:Thing
rc:ClearedPlacesInTheInnerHebrides,rdfs:subClassOf,rc:InnerHebrides_Archipelago
rc:ClearedPlacesInTheInnerHebrides,rdfs:subClassOf,owl:Thing
rc:SeaOfJapan,rdfs:subClassOf,rc:Sea
rc:SeaOfJapan,rdfs:subClassOf,owl:Thing
rc:Ingushetia_Russia,rdfs:subClassOf,rc:FirstOrderAdministrativeDivision
rc:Ingushetia_Russia,rdfs:subClassOf,owl:Thing
rc:SocietyIslands_FrenchPolynesia,rdfs:subClassOf,rc:Archipelago
rc:SocietyIslands_FrenchPolynesia,rdfs:subClassOf,owl:Thing
rc:UnconventionalOil,rdfs:subClassOf,rc:Petroleum_CrudeOil
rc:UnconventionalOil,rdfs:subClassOf,owl:Thing
rc:Takhar_ProvinceAfghanistan,rdfs:subClassOf,rc:Province_Afghanistan
rc:Takhar_ProvinceAfghanistan,rdfs:subClassOf,owl:Thing
rc:Jordan,rdfs:subClassOf,rc:ArabWorld
rc:Jordan,rdfs:subClassOf,owl:Thing
rc:Cirque,rdfs:subClassOf,rc:Basin_Topographical
rc:Cirque,rdfs:subClassOf,owl:Thing
rc:AirControlTower,rdfs:subClassOf,rc:ControlTower
rc:AirControlTower,rdfs:subClassOf,owl:Thing
rc:Place_NonAgent_POI,rdfs:subClassOf,rc:GeographicalPlace_POI
rc:Place_NonAgent_POI,rdfs:subClassOf,owl:Thing
rc:LivingstonIsland,rdfs:subClassOf,rc:SouthShetlandIslands
rc:LivingstonIsland,rdfs:subClassOf,owl:Thing
rc:FormerMunicipality_Finland,rdfs:subClassOf,rc:FormerMunicipality
rc:FormerMunicipality_Finland,rdfs:subClassOf,owl:Thing
rc:MadhyaPradeshLegislativeAssemblyConstituency,rdfs:subClassOf,rc:Constituency
rc:MadhyaPradeshLegislativeAssemblyConstituency,rdfs:subClassOf,owl:Thing
rc:CockburnSound,rdfs:subClassOf,rc:Sound_BodyOfWater
rc:CockburnSound,rdfs:subClassOf,owl:Thing
rc:GuantanamoNavalBase,rdfs:subClassOf,rc:NavalShipBase
rc:GuantanamoNavalBase,rdfs:subClassOf,owl:Thing
rc:Lebanon,rdfs:subClassOf,rc:ArabWorld
rc:Lebanon,rdfs:subClassOf,owl:Thing
rc:DirtSoil,rdfs:subClassOf,rc:EarthStone
rc:DirtSoil,rdfs:subClassOf,owl:Thing
rc:LogCrib,rdfs:subClassOf,rc:ManMadeObstacle
rc:LogCrib,rdfs:subClassOf,owl:Thing
rc:BeaufortSea,rdfs:subClassOf,rc:Sea
rc:BeaufortSea,rdfs:subClassOf,owl:Thing
rc:Jade_classAircraftCarrier,rdfs:subClassOf,rc:AircraftCarrier
rc:Jade_classAircraftCarrier,rdfs:subClassOf,owl:Thing
rc:PowerDistribution,rdfs:subClassOf,rc:ElectricPowerGrid
rc:PowerDistribution,rdfs:subClassOf,owl:Thing
rc:LowestPoint,rdfs:subClassOf,rc:KeyFeatureArea
rc:LowestPoint,rdfs:subClassOf,owl:Thing
rc:Tipline_Pipeline,rdfs:subClassOf,rc:Pipeline
rc:Tipline_Pipeline,rdfs:subClassOf,owl:Thing
rc:Colorado_State,rdfs:subClassOf,rc:State_UnitedStates
rc:Colorado_State,rdfs:subClassOf,owl:Thing
rc:Workhouse,rdfs:subClassOf,rc:ResidentialBuilding
rc:Workhouse,rdfs:subClassOf,owl:Thing
rc:JasperAlberta,rdfs:subClassOf,rc:JasperNationalPark
rc:JasperAlberta,rdfs:subClassOf,owl:Thing
rc:Barricade,rdfs:subClassOf,rc:Wall_ExternalToStructure
rc:Barricade,rdfs:subClassOf,owl:Thing
rc:NavalShipyard,rdfs:subClassOf,rc:MilitaryFacility
rc:NavalShipyard,rdfs:subClassOf,rc:Shipyard
rc:NavalShipyard,rdfs:subClassOf,owl:Thing
rc:IlocosNorte_ProvincePhilippines,rdfs:subClassOf,rc:Province_Philippines
rc:IlocosNorte_ProvincePhilippines,rdfs:subClassOf,owl:Thing
rc:ContinentalRise_Undersea,rdfs:subClassOf,rc:UnderwaterTopographicalFeature
rc:ContinentalRise_Undersea,rdfs:subClassOf,owl:Thing
rc:Courtyard,rdfs:subClassOf,rc:Yard_BuildingGrounds
rc:Courtyard,rdfs:subClassOf,owl:Thing
rc:Condominium,rdfs:subClassOf,rc:FlatApartment
rc:Condominium,rdfs:subClassOf,rc:ResidentialBuilding
rc:Condominium,rdfs:subClassOf,owl:Thing
rc:FormerMunicipality_Japan,rdfs:subClassOf,rc:FormerMunicipality
rc:FormerMunicipality_Japan,rdfs:subClassOf,owl:Thing
rc:Borough,rdfs:subClassOf,rc:AdministrativeDistrict
rc:Borough,rdfs:subClassOf,owl:Thing
rc:TidalCreek,rdfs:subClassOf,rc:Stream
rc:TidalCreek,rdfs:subClassOf,owl:Thing
rc:Campground,rdfs:subClassOf,rc:Campsite
rc:Campground,rdfs:subClassOf,rc:Locale
rc:Campground,rdfs:subClassOf,rc:OutdoorRecreationArea
rc:Campground,rdfs:subClassOf,owl:Thing
rc:SmallTown,rdfs:subClassOf,rc:Town
rc:SmallTown,rdfs:subClassOf,owl:Thing
rc:Sediment,rdfs:subClassOf,rc:DirtSoil
rc:Sediment,rdfs:subClassOf,owl:Thing
rc:MilitaryFacility,rdfs:subClassOf,rc:DefenseBuildingStructure
rc:MilitaryFacility,rdfs:subClassOf,owl:Thing
rc:NovaScotia_CanadianProvince,rdfs:subClassOf,rc:CanadianProvince
rc:NovaScotia_CanadianProvince,rdfs:subClassOf,owl:Thing
rc:Province_Angola,rdfs:subClassOf,rc:Province
rc:Province_Angola,rdfs:subClassOf,owl:Thing
rc:PowerLine,rdfs:subClassOf,rc:PowerDistribution
rc:PowerLine,rdfs:subClassOf,owl:Thing
rc:BarrierIsland,rdfs:subClassOf,rc:Island
rc:BarrierIsland,rdfs:subClassOf,owl:Thing
rc:DeviceFort,rdfs:subClassOf,rc:FortificationByType
rc:DeviceFort,rdfs:subClassOf,owl:Thing
rc:Mahan_classDestroyer,rdfs:subClassOf,rc:Destroyer
rc:Mahan_classDestroyer,rdfs:subClassOf,owl:Thing
rc:Alsedo_classDestroyer,rdfs:subClassOf,rc:Destroyer
rc:Alsedo_classDestroyer,rdfs:subClassOf,owl:Thing
rc:PuttingGreen,rdfs:subClassOf,rc:GolfingArea
rc:PuttingGreen,rdfs:subClassOf,rc:Lawn
rc:PuttingGreen,rdfs:subClassOf,owl:Thing
rc:KraIsthmus,rdfs:subClassOf,rc:Isthmus
rc:KraIsthmus,rdfs:subClassOf,owl:Thing
rc:ThirdOrderAdministrativeDivision,rdfs:subClassOf,rc:AdministrativeDivision
rc:ThirdOrderAdministrativeDivision,rdfs:subClassOf,owl:Thing
rc:CountiesOfNovaScotia,rdfs:subClassOf,rc:NovaScotia_CanadianProvince
rc:CountiesOfNovaScotia,rdfs:subClassOf,owl:Thing
rc:NuevoLeon_StateMexico,rdfs:subClassOf,rc:State_Mexico
rc:NuevoLeon_StateMexico,rdfs:subClassOf,owl:Thing
rc:Bengo_ProvinceAngola,rdfs:subClassOf,rc:Province_Angola
rc:Bengo_ProvinceAngola,rdfs:subClassOf,owl:Thing
rc:Ngozi_ProvinceBurundi,rdfs:subClassOf,rc:Province_Burundi
rc:Ngozi_ProvinceBurundi,rdfs:subClassOf,owl:Thing
rc:SouthLakeTahoeCalifornia,rdfs:subClassOf,rc:LakeTahoe
rc:SouthLakeTahoeCalifornia,rdfs:subClassOf,owl:Thing
rc:Gase,rdfs:subClassOf,rc:Village
rc:Gase,rdfs:subClassOf,owl:Thing
rc:SkaneCounty,rdfs:subClassOf,rc:Skane_ProvinceSweden
rc:SkaneCounty,rdfs:subClassOf,owl:Thing
rc:PlaceOfWorship,rdfs:subClassOf,rc:Place_NonAgent_POI
rc:PlaceOfWorship,rdfs:subClassOf,owl:Thing
rc:ManhattanIsland,rdfs:subClassOf,rc:Island
rc:ManhattanIsland,rdfs:subClassOf,owl:Thing
rc:NewJersey_State,rdfs:subClassOf,rc:State_UnitedStates
rc:NewJersey_State,rdfs:subClassOf,owl:Thing
rc:Kelurahan,rdfs:subClassOf,rc:FourthOrderAdministrativeDivision
rc:Kelurahan,rdfs:subClassOf,rc:Village
rc:Kelurahan,rdfs:subClassOf,owl:Thing
rc:Colorado_classBattleship,rdfs:subClassOf,rc:Battleship
rc:Colorado_classBattleship,rdfs:subClassOf,owl:Thing
rc:CuandoCubango_ProvinceAngola,rdfs:subClassOf,rc:Province_Angola
rc:CuandoCubango_ProvinceAngola,rdfs:subClassOf,owl:Thing
rc:GrasslandsOfTheGreatPlainsUS,rdfs:subClassOf,rc:GreatPlains_USRegion
rc:GrasslandsOfTheGreatPlainsUS,rdfs:subClassOf,owl:Thing
rc:Arrondissement_Benin,rdfs:subClassOf,rc:ThirdOrderAdministrativeDivision
rc:Arrondissement_Benin,rdfs:subClassOf,owl:Thing
rc:Brummer_classCruiser,rdfs:subClassOf,rc:Cruiser
rc:Brummer_classCruiser,rdfs:subClassOf,owl:Thing
rc:Minaret,rdfs:subClassOf,rc:Outdoors_ExposedToWeather
rc:Minaret,rdfs:subClassOf,owl:Thing
rc:MunicipalitySection,rdfs:subClassOf,rc:FormerMunicipality
rc:MunicipalitySection,rdfs:subClassOf,owl:Thing
rc:ErsatzMonarch_classBattleship,rdfs:subClassOf,rc:Battleship
rc:ErsatzMonarch_classBattleship,rdfs:subClassOf,owl:Thing
rc:District_TakharProvince,rdfs:subClassOf,rc:District
rc:District_TakharProvince,rdfs:subClassOf,rc:Takhar_ProvinceAfghanistan
rc:District_TakharProvince,rdfs:subClassOf,owl:Thing
rc:Mazowieckie_ProvincePoland,rdfs:subClassOf,rc:Province_Poland
rc:Mazowieckie_ProvincePoland,rdfs:subClassOf,owl:Thing
rc:ElectricPowerTransmissionSystem,rdfs:subClassOf,rc:ElectricalGrid
rc:ElectricPowerTransmissionSystem,rdfs:subClassOf,rc:PowerLine
rc:ElectricPowerTransmissionSystem,rdfs:subClassOf,owl:Thing
rc:CaribbeanRegion,rdfs:subClassOf,rc:GeoculturalRegion
rc:CaribbeanRegion,rdfs:subClassOf,owl:Thing
rc:Borough_NewJersey,rdfs:subClassOf,rc:Borough
rc:Borough_NewJersey,rdfs:subClassOf,owl:Thing
rc:Dirt,rdfs:subClassOf,rc:DirtSoil
rc:Dirt,rdfs:subClassOf,owl:Thing
rc:MountSabalan,rdfs:subClassOf,rc:Mountain
rc:MountSabalan,rdfs:subClassOf,owl:Thing
rc:WesternWall,rdfs:subClassOf,rc:Wall_GenericBarrier
rc:WesternWall,rdfs:subClassOf,owl:Thing
rc:GrandCanal,rdfs:subClassOf,rc:NavigationCanal
rc:GrandCanal,rdfs:subClassOf,owl:Thing
rc:SaronicGulf,rdfs:subClassOf,rc:Gulf
rc:SaronicGulf,rdfs:subClassOf,owl:Thing
rc:ReligiousBuilding,rdfs:subClassOf,rc:Building
rc:ReligiousBuilding,rdfs:subClassOf,rc:PlaceOfWorship
rc:ReligiousBuilding,rdfs:subClassOf,owl:Thing
rc:U_27_classSubmarine_Austria_Hungary,rdfs:subClassOf,rc:U_Boat
rc:U_27_classSubmarine_Austria_Hungary,rdfs:subClassOf,owl:Thing
rc:GreenSpace,rdfs:subClassOf,rc:Reserve_OutdoorRegion
rc:GreenSpace,rdfs:subClassOf,owl:Thing
rc:GMT_12TimeZone,rdfs:subClassOf,rc:TimeZone_IntegralOffset
rc:GMT_12TimeZone,rdfs:subClassOf,owl:Thing
rc:Province_Undersea,rdfs:subClassOf,rc:UnderwaterTopographicalFeature
rc:Province_Undersea,rdfs:subClassOf,owl:Thing
rc:Corvette_Ship,rdfs:subClassOf,rc:ModernNavalShip
rc:Corvette_Ship,rdfs:subClassOf,owl:Thing
rc:WaterAndTheEnvironment,rdfs:subClassOf,rc:Environment_Generic
rc:WaterAndTheEnvironment,rdfs:subClassOf,owl:Thing
rc:StVincent_classBattleship,rdfs:subClassOf,rc:Battleship
rc:StVincent_classBattleship,rdfs:subClassOf,owl:Thing
rc:CommandPost,rdfs:subClassOf,rc:AdministrativeCenter
rc:CommandPost,rdfs:subClassOf,rc:MilitaryPost
rc:CommandPost,rdfs:subClassOf,owl:Thing
rc:JordanRiver,rdfs:subClassOf,rc:River
rc:JordanRiver,rdfs:subClassOf,owl:Thing
rc:GreatSark_Island,rdfs:subClassOf,rc:Island
rc:GreatSark_Island,rdfs:subClassOf,owl:Thing
rc:SeaOfMarmara,rdfs:subClassOf,rc:InlandSea
rc:SeaOfMarmara,rdfs:subClassOf,owl:Thing
rc:BattleZone,rdfs:subClassOf,rc:TacticalArea
rc:BattleZone,rdfs:subClassOf,owl:Thing
rc:Mesa,rdfs:subClassOf,rc:Hill
rc:Mesa,rdfs:subClassOf,owl:Thing
rc:Kracheh_ProvinceCambodia,rdfs:subClassOf,rc:Province_Cambodia
rc:Kracheh_ProvinceCambodia,rdfs:subClassOf,owl:Thing
rc:MinasGeraes_classBattleship,rdfs:subClassOf,rc:Dreadnought
rc:MinasGeraes_classBattleship,rdfs:subClassOf,owl:Thing
rc:SkaneatelesLake,rdfs:subClassOf,rc:FingerLakes
rc:SkaneatelesLake,rdfs:subClassOf,owl:Thing
rc:GrandCanary_Island,rdfs:subClassOf,rc:Island
rc:GrandCanary_Island,rdfs:subClassOf,owl:Thing
rc:KingdomOfSardiniaConstituency,rdfs:subClassOf,rc:Constituency
rc:KingdomOfSardiniaConstituency,rdfs:subClassOf,owl:Thing
rc:Panther_classCruiser,rdfs:subClassOf,rc:Cruiser
rc:Panther_classCruiser,rdfs:subClassOf,owl:Thing
rc:Hawaii_State,rdfs:subClassOf,rc:State_UnitedStates
rc:Hawaii_State,rdfs:subClassOf,owl:Thing
rc:AboveGround,rdfs:subClassOf,rc:Place_Generic
rc:AboveGround,rdfs:subClassOf,owl:Thing
rc:Canton,rdfs:subClassOf,rc:GeopoliticalRegion
rc:Canton,rdfs:subClassOf,owl:Thing
rc:Maharashtra,rdfs:subClassOf,rc:State_India
rc:Maharashtra,rdfs:subClassOf,owl:Thing
rc:Belgium,rdfs:subClassOf,rc:Country
rc:Belgium,rdfs:subClassOf,owl:Thing
rc:AlQadisiyahProvinceIraq,rdfs:subClassOf,rc:Province_Iraq
rc:AlQadisiyahProvinceIraq,rdfs:subClassOf,owl:Thing
rc:Alaska_State,rdfs:subClassOf,rc:State_UnitedStates
rc:Alaska_State,rdfs:subClassOf,owl:Thing
rc:Lowgar_ProvinceAfghanistan,rdfs:subClassOf,rc:Province_Afghanistan
rc:Lowgar_ProvinceAfghanistan,rdfs:subClassOf,owl:Thing
rc:GrassyKey,rdfs:subClassOf,rc:FloridaKeys
rc:GrassyKey,rdfs:subClassOf,owl:Thing
rc:Benguela_ProvinceAngola,rdfs:subClassOf,rc:Province_Angola
rc:Benguela_ProvinceAngola,rdfs:subClassOf,owl:Thing
rc:Lebap_ProvinceTurkmenistan,rdfs:subClassOf,rc:Province_Turkmenistan
rc:Lebap_ProvinceTurkmenistan,rdfs:subClassOf,owl:Thing
rc:GMT_13TimeZone,rdfs:subClassOf,rc:TimeZone_IntegralOffset
rc:GMT_13TimeZone,rdfs:subClassOf,owl:Thing
rc:Annaba_ProvinceAlgeria,rdfs:subClassOf,rc:Province_Algeria
rc:Annaba_ProvinceAlgeria,rdfs:subClassOf,owl:Thing
rc:P_classCruiser,rdfs:subClassOf,rc:BattleCruiser
rc:P_classCruiser,rdfs:subClassOf,owl:Thing
rc:EconomicRegion,rdfs:subClassOf,rc:GeographicalRegion
rc:EconomicRegion,rdfs:subClassOf,owl:Thing
rc:Distributary,rdfs:subClassOf,rc:Channel_WaterPath
rc:Distributary,rdfs:subClassOf,owl:Thing
rc:Central_RegionScotland,rdfs:subClassOf,rc:FirstOrderAdministrativeDivision
rc:Central_RegionScotland,rdfs:subClassOf,owl:Thing
rc:SailingWarship,rdfs:subClassOf,rc:MilitaryWatercraft
rc:SailingWarship,rdfs:subClassOf,owl:Thing
rc:OilWell,rdfs:subClassOf,rc:Well
rc:OilWell,rdfs:subClassOf,owl:Thing
rc:Wall_Vertical,rdfs:subClassOf,rc:Wall_GenericBarrier
rc:Wall_Vertical,rdfs:subClassOf,owl:Thing
rc:AtSea,rdfs:subClassOf,rc:Place_Situational
rc:AtSea,rdfs:subClassOf,owl:Thing
rc:CantonOfBern,rdfs:subClassOf,rc:Canton_Swiss
rc:CantonOfBern,rdfs:subClassOf,owl:Thing
rc:TollRoad,rdfs:subClassOf,rc:PavedRoadway
rc:TollRoad,rdfs:subClassOf,owl:Thing
rc:HimalayanStudies,rdfs:subClassOf,rc:HimalayaMountains
rc:HimalayanStudies,rdfs:subClassOf,owl:Thing
rc:FormerMunicipality_Netherlands,rdfs:subClassOf,rc:FormerMunicipality
rc:FormerMunicipality_Netherlands,rdfs:subClassOf,owl:Thing
rc:Culvert,rdfs:subClassOf,rc:Channel_WaterPath
rc:Culvert,rdfs:subClassOf,owl:Thing
rc:Drache_classIronclad,rdfs:subClassOf,rc:IroncladWarship
rc:Drache_classIronclad,rdfs:subClassOf,owl:Thing
rc:IlocosRegion,rdfs:subClassOf,rc:LuzonIsland_Philippines
rc:IlocosRegion,rdfs:subClassOf,owl:Thing
rc:Tosa_classBattleship,rdfs:subClassOf,rc:Dreadnought
rc:Tosa_classBattleship,rdfs:subClassOf,owl:Thing
rc:HamptonRoads_Estuary,rdfs:subClassOf,rc:Estuary
rc:HamptonRoads_Estuary,rdfs:subClassOf,owl:Thing
rc:FaucetTap,rdfs:subClassOf,rc:PathArtifact_POI
rc:FaucetTap,rdfs:subClassOf,owl:Thing
rc:State_Australia,rdfs:subClassOf,rc:State_Geopolitical
rc:State_Australia,rdfs:subClassOf,owl:Thing
rc:AsianCountry,rdfs:subClassOf,rc:IndependentCountry
rc:AsianCountry,rdfs:subClassOf,owl:Thing
rc:NugalSomalia,rdfs:subClassOf,rc:Puntland
rc:NugalSomalia,rdfs:subClassOf,owl:Thing
rc:PrinceEdwardIsland_CanadianProvince,rdfs:subClassOf,rc:CanadianProvince
rc:PrinceEdwardIsland_CanadianProvince,rdfs:subClassOf,owl:Thing
rc:Municipality_Albania,rdfs:subClassOf,rc:MunicipalityByCountry
rc:Municipality_Albania,rdfs:subClassOf,owl:Thing
rc:Singapore,rdfs:subClassOf,rc:Country
rc:Singapore,rdfs:subClassOf,owl:Thing
rc:LogHurdle,rdfs:subClassOf,rc:ManMadeObstacle
rc:LogHurdle,rdfs:subClassOf,owl:Thing
rc:TemperateBroadleafAndMixedForest,rdfs:subClassOf,rc:Forest
rc:TemperateBroadleafAndMixedForest,rdfs:subClassOf,owl:Thing
rc:SouthOrkneys_Archipelago,rdfs:subClassOf,rc:Archipelago
rc:SouthOrkneys_Archipelago,rdfs:subClassOf,owl:Thing
rc:DukeOfEdinburgh_classCruiser,rdfs:subClassOf,rc:ArmoredCruiser
rc:DukeOfEdinburgh_classCruiser,rdfs:subClassOf,owl:Thing
rc:AustralianExternalTerritories,rdfs:subClassOf,rc:State_Australia
rc:AustralianExternalTerritories,rdfs:subClassOf,owl:Thing
rc:LandingCraft,rdfs:subClassOf,rc:AmphibiousWarfareShip
rc:LandingCraft,rdfs:subClassOf,owl:Thing
rc:SalinePond,rdfs:subClassOf,rc:Pond
rc:SalinePond,rdfs:subClassOf,owl:Thing
rc:Paarl,rdfs:subClassOf,rc:WesternCape_ProvinceSouthAfrica
rc:Paarl,rdfs:subClassOf,owl:Thing
rc:IslandRegion,rdfs:subClassOf,rc:LandTopographicalFeature
rc:IslandRegion,rdfs:subClassOf,owl:Thing
rc:SaltLake,rdfs:subClassOf,rc:Lake
rc:SaltLake,rdfs:subClassOf,owl:Thing
rc:JatiyoSangsadConstituency,rdfs:subClassOf,rc:Constituency
rc:JatiyoSangsadConstituency,rdfs:subClassOf,owl:Thing
rc:GeomorphologicalDistrict,rdfs:subClassOf,rc:NaturalRegion
rc:GeomorphologicalDistrict,rdfs:subClassOf,owl:Thing
rc:BangkaIsland_Indonesia,rdfs:subClassOf,rc:Island
rc:BangkaIsland_Indonesia,rdfs:subClassOf,owl:Thing
rc:CuanzaNorte_ProvinceAngola,rdfs:subClassOf,rc:Province_Angola
rc:CuanzaNorte_ProvinceAngola,rdfs:subClassOf,owl:Thing
rc:MountSinai,rdfs:subClassOf,rc:Mountain
rc:MountSinai,rdfs:subClassOf,owl:Thing
rc:U_3_classSubmarine_Austria_Hungary,rdfs:subClassOf,rc:U_Boat
rc:U_3_classSubmarine_Austria_Hungary,rdfs:subClassOf,owl:Thing
rc:HumanResidenceArea,rdfs:subClassOf,rc:OutdoorLocation
rc:HumanResidenceArea,rdfs:subClassOf,rc:PopulatedPlace
rc:HumanResidenceArea,rdfs:subClassOf,owl:Thing
rc:ResidentialLandParcel,rdfs:subClassOf,rc:LandParcel
rc:ResidentialLandParcel,rdfs:subClassOf,owl:Thing
rc:Fireclay,rdfs:subClassOf,rc:Clay
rc:Fireclay,rdfs:subClassOf,owl:Thing
rc:District,rdfs:subClassOf,rc:AdministrativeDistrict
rc:District,rdfs:subClassOf,owl:Thing
rc:ErsatzYorck_classBattlecruiser,rdfs:subClassOf,rc:BattleCruiser
rc:ErsatzYorck_classBattlecruiser,rdfs:subClassOf,owl:Thing
rc:InlandSea,rdfs:subClassOf,rc:BodyOfWater_Large
rc:InlandSea,rdfs:subClassOf,rc:SaltLake
rc:InlandSea,rdfs:subClassOf,owl:Thing
rc:Province_Algeria,rdfs:subClassOf,rc:Province
rc:Province_Algeria,rdfs:subClassOf,owl:Thing
rc:Taiga,rdfs:subClassOf,rc:Forest
rc:Taiga,rdfs:subClassOf,owl:Thing
rc:MineralField,rdfs:subClassOf,rc:EconomicRegion
rc:MineralField,rdfs:subClassOf,owl:Thing
rc:Borough_Pennsylvania,rdfs:subClassOf,rc:Borough
rc:Borough_Pennsylvania,rdfs:subClassOf,owl:Thing
rc:SlaveRiver,rdfs:subClassOf,rc:River
rc:SlaveRiver,rdfs:subClassOf,owl:Thing
rc:Neighborhood,rdfs:subClassOf,rc:HumanResidenceArea
rc:Neighborhood,rdfs:subClassOf,owl:Thing
rc:MaharashtraLegislativeAssemblyConstituency,rdfs:subClassOf,rc:Constituency
rc:MaharashtraLegislativeAssemblyConstituency,rdfs:subClassOf,owl:Thing
rc:HimalayanSubtropicalBroadleafForest,rdfs:subClassOf,rc:SubtropicalForest
rc:HimalayanSubtropicalBroadleafForest,rdfs:subClassOf,owl:Thing
rc:Battlefield,rdfs:subClassOf,rc:MilitaryTerrain
rc:Battlefield,rdfs:subClassOf,owl:Thing
rc:Leszno_ProvincePoland,rdfs:subClassOf,rc:Province_Poland
rc:Leszno_ProvincePoland,rdfs:subClassOf,owl:Thing
rc:Shack,rdfs:subClassOf,rc:HumanResidence
rc:Shack,rdfs:subClassOf,rc:PrefabricatedResidentialBuildingStructure
rc:Shack,rdfs:subClassOf,rc:SmallBuilding
rc:Shack,rdfs:subClassOf,owl:Thing
rc:SanMarino,rdfs:subClassOf,rc:Country
rc:SanMarino,rdfs:subClassOf,owl:Thing
rc:NewKowloon,rdfs:subClassOf,rc:HongKong
rc:NewKowloon,rdfs:subClassOf,owl:Thing
rc:ProvincialAssemblyOfKhyberPakhtunkhwaConstituency,rdfs:subClassOf,rc:Constituency
rc:ProvincialAssemblyOfKhyberPakhtunkhwaConstituency,rdfs:subClassOf,owl:Thing
rc:CondominiumParcel,rdfs:subClassOf,rc:ResidentialLandParcel
rc:CondominiumParcel,rdfs:subClassOf,owl:Thing
rc:Municipality_Algeria,rdfs:subClassOf,rc:ThirdOrderAdministrativeDivision
rc:Municipality_Algeria,rdfs:subClassOf,owl:Thing
rc:PatientRoom,rdfs:subClassOf,rc:RoomInAConstruction
rc:PatientRoom,rdfs:subClassOf,owl:Thing
rc:Benguet_ProvincePhilippines,rdfs:subClassOf,rc:Province_Philippines
rc:Benguet_ProvincePhilippines,rdfs:subClassOf,owl:Thing
rc:Pulpit,rdfs:subClassOf,rc:ChurchSpace
rc:Pulpit,rdfs:subClassOf,rc:StageForIndoorPerformances
rc:Pulpit,rdfs:subClassOf,owl:Thing
rc:Overfalls_RegionOfWater,rdfs:subClassOf,rc:BodyOfWater_Area
rc:Overfalls_RegionOfWater,rdfs:subClassOf,owl:Thing
rc:Hovercraft,rdfs:subClassOf,rc:LandingCraft
rc:Hovercraft,rdfs:subClassOf,owl:Thing
rc:Adrar_ProvinceAlgeria,rdfs:subClassOf,rc:Province_Algeria
rc:Adrar_ProvinceAlgeria,rdfs:subClassOf,owl:Thing
rc:BritishEmpire,rdfs:subClassOf,rc:Country
rc:BritishEmpire,rdfs:subClassOf,owl:Thing
rc:Talas_ProvinceKyrgyzstan,rdfs:subClassOf,rc:Province_Kyrgyzstan
rc:Talas_ProvinceKyrgyzstan,rdfs:subClassOf,owl:Thing
rc:Alaska_classCruiser,rdfs:subClassOf,rc:BattleCruiser
rc:Alaska_classCruiser,rdfs:subClassOf,owl:Thing
rc:ManhattanWaterfrontGreenway,rdfs:subClassOf,rc:EastRiver_NewYork
rc:ManhattanWaterfrontGreenway,rdfs:subClassOf,rc:HudsonRiver
rc:ManhattanWaterfrontGreenway,rdfs:subClassOf,owl:Thing
rc:RiparianMarginEcologyConservationService,rdfs:subClassOf,rc:Ecosystem
rc:RiparianMarginEcologyConservationService,rdfs:subClassOf,owl:Thing
rc:DeadSea,rdfs:subClassOf,rc:InlandSea
rc:DeadSea,rdfs:subClassOf,owl:Thing
rc:CountiesOfPrinceEdwardIsland,rdfs:subClassOf,rc:PrinceEdwardIsland_CanadianProvince
rc:CountiesOfPrinceEdwardIsland,rdfs:subClassOf,owl:Thing
rc:BahiaHonda,rdfs:subClassOf,rc:Island
rc:BahiaHonda,rdfs:subClassOf,owl:Thing
rc:NamedRoadway,rdfs:subClassOf,rc:Street_Generic
rc:NamedRoadway,rdfs:subClassOf,owl:Thing
rc:MountUsu_Volcano,rdfs:subClassOf,rc:Volcano
rc:MountUsu_Volcano,rdfs:subClassOf,owl:Thing
rc:Bangladesh,rdfs:subClassOf,rc:Country
rc:Bangladesh,rdfs:subClassOf,owl:Thing
rc:Hejaz,rdfs:subClassOf,rc:SaudiArabia
rc:Hejaz,rdfs:subClassOf,owl:Thing
rc:OilField,rdfs:subClassOf,rc:MineralField
rc:OilField,rdfs:subClassOf,owl:Thing
rc:Gate,rdfs:subClassOf,rc:Wall_Vertical
rc:Gate,rdfs:subClassOf,owl:Thing
rc:Barangay,rdfs:subClassOf,rc:Village
rc:Barangay,rdfs:subClassOf,owl:Thing
rc:Sloop,rdfs:subClassOf,rc:Watercraft_Surface
rc:Sloop,rdfs:subClassOf,owl:Thing
rc:NavassaIsland,rdfs:subClassOf,rc:Island
rc:NavassaIsland,rdfs:subClassOf,owl:Thing
rc:IranianSpeakingCountryOrTerritory,rdfs:subClassOf,rc:LanguageSpeakingCountryOrTerritory
rc:IranianSpeakingCountryOrTerritory,rdfs:subClassOf,owl:Thing
rc:Renown_classBattlecruiser,rdfs:subClassOf,rc:BattleCruiser
rc:Renown_classBattlecruiser,rdfs:subClassOf,owl:Thing
rc:District_TalasProvince,rdfs:subClassOf,rc:District
rc:District_TalasProvince,rdfs:subClassOf,rc:Talas_ProvinceKyrgyzstan
rc:District_TalasProvince,rdfs:subClassOf,owl:Thing
rc:Well,rdfs:subClassOf,rc:UtilityBuildingStructure
rc:Well,rdfs:subClassOf,owl:Thing
rc:GrandCanyon,rdfs:subClassOf,rc:Canyon
rc:GrandCanyon,rdfs:subClassOf,owl:Thing
rc:Revetment,rdfs:subClassOf,rc:Barrier_ConstructionArtifact
rc:Revetment,rdfs:subClassOf,owl:Thing
rc:CemeteriesInJava,rdfs:subClassOf,rc:Graveyard
rc:CemeteriesInJava,rdfs:subClassOf,owl:Thing
rc:Cygnus_Constellation,rdfs:subClassOf,rc:Constellation
rc:Cygnus_Constellation,rdfs:subClassOf,owl:Thing
rc:FloorInAConstruction,rdfs:subClassOf,rc:FixedStructurePlatform
rc:FloorInAConstruction,rdfs:subClassOf,rc:Indoors_IsolatedFromOutside
rc:FloorInAConstruction,rdfs:subClassOf,rc:Wall_GenericBarrier
rc:FloorInAConstruction,rdfs:subClassOf,owl:Thing
rc:U_43_classSubmarine_Austria_Hungary,rdfs:subClassOf,rc:U_Boat
rc:U_43_classSubmarine_Austria_Hungary,rdfs:subClassOf,owl:Thing
rc:CantonOfFribourg,rdfs:subClassOf,rc:Canton_Swiss
rc:CantonOfFribourg,rdfs:subClassOf,owl:Thing
rc:AtacamaDesert,rdfs:subClassOf,rc:Desert
rc:AtacamaDesert,rdfs:subClassOf,owl:Thing
rc:BattlefieldPark,rdfs:subClassOf,rc:Battlefield
rc:BattlefieldPark,rdfs:subClassOf,rc:HistoricalSite
rc:BattlefieldPark,rdfs:subClassOf,rc:TouristAttraction
rc:BattlefieldPark,rdfs:subClassOf,owl:Thing
rc:SteamboatOfNantucketSound,rdfs:subClassOf,rc:Steamboat
rc:SteamboatOfNantucketSound,rdfs:subClassOf,owl:Thing
rc:GreatSlaveLake,rdfs:subClassOf,rc:BodyOfWater_Large
rc:GreatSlaveLake,rdfs:subClassOf,owl:Thing
rc:FormerMunicipality_Norway,rdfs:subClassOf,rc:FormerMunicipality
rc:FormerMunicipality_Norway,rdfs:subClassOf,owl:Thing
rc:Castle,rdfs:subClassOf,rc:FortificationByType
rc:Castle,rdfs:subClassOf,owl:Thing
rc:IlocosSur_ProvincePhilippines,rdfs:subClassOf,rc:Province_Philippines
rc:IlocosSur_ProvincePhilippines,rdfs:subClassOf,owl:Thing
rc:NopahRange,rdfs:subClassOf,rc:MountainRange
rc:NopahRange,rdfs:subClassOf,owl:Thing
rc:Marketplace_Object,rdfs:subClassOf,rc:GroundsOfOrganization
rc:Marketplace_Object,rdfs:subClassOf,owl:Thing
rc:TolledSectionsOfInterstateHighway,rdfs:subClassOf,rc:InterstateHighway
rc:TolledSectionsOfInterstateHighway,rdfs:subClassOf,owl:Thing
rc:AbqaiqOilField,rdfs:subClassOf,rc:OilField
rc:AbqaiqOilField,rdfs:subClassOf,owl:Thing
rc:SloopOfWar,rdfs:subClassOf,rc:Corvette_Ship
rc:SloopOfWar,rdfs:subClassOf,rc:SailingWarship
rc:SloopOfWar,rdfs:subClassOf,rc:Sloop
rc:SloopOfWar,rdfs:subClassOf,owl:Thing
rc:DanceFloor,rdfs:subClassOf,rc:FloorInAConstruction
rc:DanceFloor,rdfs:subClassOf,owl:Thing
rc:GunCruiser,rdfs:subClassOf,rc:Cruiser
rc:GunCruiser,rdfs:subClassOf,owl:Thing
rc:Manchuria_Region,rdfs:subClassOf,rc:GeoculturalRegion
rc:Manchuria_Region,rdfs:subClassOf,owl:Thing
rc:CongressionalDistrict,rdfs:subClassOf,rc:HumanResidenceArea
rc:CongressionalDistrict,rdfs:subClassOf,owl:Thing
rc:PopulatedPlaceDestroyed,rdfs:subClassOf,rc:PopulatedPlace_Historical
rc:PopulatedPlaceDestroyed,rdfs:subClassOf,owl:Thing
rc:SubmarineClass,rdfs:subClassOf,rc:ShipClass
rc:SubmarineClass,rdfs:subClassOf,rc:Submarine
rc:SubmarineClass,rdfs:subClassOf,owl:Thing
rc:PavedPath,rdfs:subClassOf,rc:PathArtifact_HumanOccupied
rc:PavedPath,rdfs:subClassOf,owl:Thing
rc:AirportTerminalBuilding,rdfs:subClassOf,rc:CommercialBuilding
rc:AirportTerminalBuilding,rdfs:subClassOf,owl:Thing
rc:DavaoRegion,rdfs:subClassOf,rc:Province_Philippines
rc:DavaoRegion,rdfs:subClassOf,owl:Thing
rc:SoilMechanics,rdfs:subClassOf,rc:DirtSoil
rc:SoilMechanics,rdfs:subClassOf,owl:Thing
rc:Zanzibar,rdfs:subClassOf,rc:Tanzania
rc:Zanzibar,rdfs:subClassOf,owl:Thing
rc:HamptonVirginia,rdfs:subClassOf,rc:City
rc:HamptonVirginia,rdfs:subClassOf,owl:Thing
rc:BirdHouse,rdfs:subClassOf,rc:AgriculturalBuildingStructure
rc:BirdHouse,rdfs:subClassOf,owl:Thing
rc:Zuiho_classAircraftCarrier,rdfs:subClassOf,rc:LightAircraftCarrier
rc:Zuiho_classAircraftCarrier,rdfs:subClassOf,owl:Thing
rc:Selenite,rdfs:subClassOf,rc:Gypsum
rc:Selenite,rdfs:subClassOf,owl:Thing
rc:Arrondissement_France,rdfs:subClassOf,rc:District
rc:Arrondissement_France,rdfs:subClassOf,owl:Thing
rc:Atacama_RegionChile,rdfs:subClassOf,rc:Region_Chile
rc:Atacama_RegionChile,rdfs:subClassOf,owl:Thing
rc:Turkestan,rdfs:subClassOf,rc:CentralAsia_Region
rc:Turkestan,rdfs:subClassOf,owl:Thing
rc:UnderdevelopedRegion,rdfs:subClassOf,rc:EconomicRegion
rc:UnderdevelopedRegion,rdfs:subClassOf,owl:Thing
rc:PavedRoadway,rdfs:subClassOf,rc:PavedPath
rc:PavedRoadway,rdfs:subClassOf,rc:Roadway
rc:PavedRoadway,rdfs:subClassOf,owl:Thing
rc:SalineValley,rdfs:subClassOf,rc:Valley
rc:SalineValley,rdfs:subClassOf,owl:Thing
rc:IrrigatedLand,rdfs:subClassOf,rc:Field_Agriculture
rc:IrrigatedLand,rdfs:subClassOf,owl:Thing
rc:Borough_UnitedKingdom,rdfs:subClassOf,rc:Borough
rc:Borough_UnitedKingdom,rdfs:subClassOf,owl:Thing
rc:Barrio_PuertoRico,rdfs:subClassOf,rc:AdministrativeDistrict
rc:Barrio_PuertoRico,rdfs:subClassOf,owl:Thing
rc:CuanzaSul_ProvinceAngola,rdfs:subClassOf,rc:Province_Angola
rc:CuanzaSul_ProvinceAngola,rdfs:subClassOf,owl:Thing
rc:WaterWell,rdfs:subClassOf,rc:ArtificialWaterFeature_POI
rc:WaterWell,rdfs:subClassOf,rc:Well
rc:WaterWell,rdfs:subClassOf,owl:Thing
rc:Garage_Household,rdfs:subClassOf,rc:Garage
rc:Garage_Household,rdfs:subClassOf,rc:RoomInAConstruction
rc:Garage_Household,rdfs:subClassOf,rc:VehicleStorageConstruct
rc:Garage_Household,rdfs:subClassOf,owl:Thing
rc:GrassyScrubbyVegetationRegion,rdfs:subClassOf,rc:CanopyClosure_Sparse
rc:GrassyScrubbyVegetationRegion,rdfs:subClassOf,rc:ScrubbyVegetationRegion
rc:GrassyScrubbyVegetationRegion,rdfs:subClassOf,owl:Thing
rc:Hamptons,rdfs:subClassOf,rc:BeachResort_Attraction
rc:Hamptons,rdfs:subClassOf,owl:Thing
rc:QuintanaRoo_StateMexico,rdfs:subClassOf,rc:State_Mexico
rc:QuintanaRoo_StateMexico,rdfs:subClassOf,owl:Thing
rc:MississippiBluesTrail,rdfs:subClassOf,rc:TravelRoute_Road
rc:MississippiBluesTrail,rdfs:subClassOf,owl:Thing
rc:MadisonSquareGarden,rdfs:subClassOf,rc:Landmark
rc:MadisonSquareGarden,rdfs:subClassOf,owl:Thing
rc:StarckeDam,rdfs:subClassOf,rc:FederallyOwnedDam
rc:StarckeDam,rdfs:subClassOf,owl:Thing
rc:Krakatoa_Volcano,rdfs:subClassOf,rc:Volcano
rc:Krakatoa_Volcano,rdfs:subClassOf,owl:Thing
rc:Admiral_classBattlecruiser,rdfs:subClassOf,rc:BattleCruiser
rc:Admiral_classBattlecruiser,rdfs:subClassOf,owl:Thing
rc:Iloilo_ProvincePhilippines,rdfs:subClassOf,rc:Province_Philippines
rc:Iloilo_ProvincePhilippines,rdfs:subClassOf,owl:Thing
rc:CapuchinFriary,rdfs:subClassOf,rc:Abbey
rc:CapuchinFriary,rdfs:subClassOf,owl:Thing
rc:Shrine_Muslim,rdfs:subClassOf,rc:Shrine_Religious
rc:Shrine_Muslim,rdfs:subClassOf,owl:Thing
rc:SusitnaRiver,rdfs:subClassOf,rc:River
rc:SusitnaRiver,rdfs:subClassOf,owl:Thing
rc:Icecap,rdfs:subClassOf,rc:Glacier
rc:Icecap,rdfs:subClassOf,owl:Thing
rc:Burundi,rdfs:subClassOf,rc:Country
rc:Burundi,rdfs:subClassOf,owl:Thing
rc:Mesa_Undersea,rdfs:subClassOf,rc:UnderwaterTopographicalFeature
rc:Mesa_Undersea,rdfs:subClassOf,owl:Thing
rc:ProvincialAssemblyOfPunjabProvinceConstituency,rdfs:subClassOf,rc:Constituency
rc:ProvincialAssemblyOfPunjabProvinceConstituency,rdfs:subClassOf,owl:Thing
rc:PopulatedPlacePart,rdfs:subClassOf,rc:PopulatedPlace
rc:PopulatedPlacePart,rdfs:subClassOf,owl:Thing
rc:Aviso,rdfs:subClassOf,rc:SloopOfWar
rc:Aviso,rdfs:subClassOf,owl:Thing
rc:TwoLanesOrWiderRoadway,rdfs:subClassOf,rc:PavedRoadway
rc:TwoLanesOrWiderRoadway,rdfs:subClassOf,owl:Thing
rc:ManufacturingFacility,rdfs:subClassOf,rc:GroundsOfOrganization
rc:ManufacturingFacility,rdfs:subClassOf,rc:IndustrialBuildingStructure
rc:ManufacturingFacility,rdfs:subClassOf,owl:Thing
rc:GobiDesert,rdfs:subClassOf,rc:Desert
rc:GobiDesert,rdfs:subClassOf,owl:Thing
rc:Municipality_Angola,rdfs:subClassOf,rc:SecondOrderAdministrativeDivision
rc:Municipality_Angola,rdfs:subClassOf,owl:Thing
rc:BeniAbbes,rdfs:subClassOf,rc:Bechar_ProvinceAlgeria
rc:BeniAbbes,rdfs:subClassOf,owl:Thing
rc:MadisonRiver,rdfs:subClassOf,rc:River
rc:MadisonRiver,rdfs:subClassOf,owl:Thing
rc:ArtesianWell,rdfs:subClassOf,rc:WaterWell
rc:ArtesianWell,rdfs:subClassOf,owl:Thing
rc:BabyGate,rdfs:subClassOf,rc:Gate
rc:BabyGate,rdfs:subClassOf,owl:Thing
rc:SouthPlatteRiver,rdfs:subClassOf,rc:River
rc:SouthPlatteRiver,rdfs:subClassOf,owl:Thing
rc:Gitega_ProvinceBurundi,rdfs:subClassOf,rc:Province_Burundi
rc:Gitega_ProvinceBurundi,rdfs:subClassOf,owl:Thing
rc:Batdambang_ProvinceCambodia,rdfs:subClassOf,rc:Province_Cambodia
rc:Batdambang_ProvinceCambodia,rdfs:subClassOf,owl:Thing
rc:Namentenga_ProvinceBurkinaFaso,rdfs:subClassOf,rc:Province_BurkinaFaso
rc:Namentenga_ProvinceBurkinaFaso,rdfs:subClassOf,owl:Thing
rc:YadkinPeeDeeRiverBasin,rdfs:subClassOf,rc:PeeDeeRiver
rc:YadkinPeeDeeRiverBasin,rdfs:subClassOf,owl:Thing
rc:UnionOfSovietSocialistRepublics,rdfs:subClassOf,rc:Country
rc:UnionOfSovietSocialistRepublics,rdfs:subClassOf,owl:Thing
rc:MineralOreRefinery,rdfs:subClassOf,rc:ManufacturingFacility
rc:MineralOreRefinery,rdfs:subClassOf,rc:Refinery
rc:MineralOreRefinery,rdfs:subClassOf,owl:Thing
rc:Draco_Constellation,rdfs:subClassOf,rc:Constellation
rc:Draco_Constellation,rdfs:subClassOf,owl:Thing
rc:Gap_Topographical,rdfs:subClassOf,rc:Crevice_Topographical
rc:Gap_Topographical,rdfs:subClassOf,owl:Thing
rc:Garden,rdfs:subClassOf,rc:HumanlyOccupiedSpatialObject
rc:Garden,rdfs:subClassOf,rc:ProtectedArea
rc:Garden,rdfs:subClassOf,owl:Thing
rc:Azores,rdfs:subClassOf,rc:Country
rc:Azores,rdfs:subClassOf,owl:Thing
rc:MountWaddington,rdfs:subClassOf,rc:Mountain
rc:MountWaddington,rdfs:subClassOf,owl:Thing
rc:Melilla,rdfs:subClassOf,rc:NorthernAfrica
rc:Melilla,rdfs:subClassOf,owl:Thing
rc:Tungusic,rdfs:subClassOf,rc:Manchuria_Region
rc:Tungusic,rdfs:subClassOf,owl:Thing
rc:District_Tampere,rdfs:subClassOf,rc:Neighborhood
rc:District_Tampere,rdfs:subClassOf,owl:Thing
rc:MicrowaveTower,rdfs:subClassOf,rc:CommunicationTower
rc:MicrowaveTower,rdfs:subClassOf,owl:Thing
rc:GrandCanyonNationalPark,rdfs:subClassOf,rc:NationalPark
rc:GrandCanyonNationalPark,rdfs:subClassOf,owl:Thing
rc:AlQasimProvinceSaudiArabia,rdfs:subClassOf,rc:Province
rc:AlQasimProvinceSaudiArabia,rdfs:subClassOf,owl:Thing
rc:DavaodelSur_ProvincePhilippines,rdfs:subClassOf,rc:DavaoRegion
rc:DavaodelSur_ProvincePhilippines,rdfs:subClassOf,owl:Thing
rc:Guardhouse,rdfs:subClassOf,rc:PrefabricatedCommercialBuildingStructure
rc:Guardhouse,rdfs:subClassOf,owl:Thing
rc:Brunei,rdfs:subClassOf,rc:Country
rc:Brunei,rdfs:subClassOf,owl:Thing
rc:SteamboatOfTheColumbiaRiver,rdfs:subClassOf,rc:Steamboat
rc:SteamboatOfTheColumbiaRiver,rdfs:subClassOf,owl:Thing
rc:TransportBuildingStructure,rdfs:subClassOf,rc:PermanentBuildingStructure
rc:TransportBuildingStructure,rdfs:subClassOf,owl:Thing
rc:SovietSatelliteState,rdfs:subClassOf,rc:UnionOfSovietSocialistRepublics
rc:SovietSatelliteState,rdfs:subClassOf,owl:Thing
rc:ArtesianAquifer,rdfs:subClassOf,rc:ArtesianWell
rc:ArtesianAquifer,rdfs:subClassOf,owl:Thing
rc:Cleft,rdfs:subClassOf,rc:Gap_Topographical
rc:Cleft,rdfs:subClassOf,owl:Thing
rc:U_48_classSubmarine,rdfs:subClassOf,rc:U_Boat
rc:U_48_classSubmarine,rdfs:subClassOf,owl:Thing
rc:ProvincialAssemblyOfSindhProvinceConstituency,rdfs:subClassOf,rc:Constituency
rc:ProvincialAssemblyOfSindhProvinceConstituency,rdfs:subClassOf,owl:Thing
rc:BotanicalGarden,rdfs:subClassOf,rc:Garden
rc:BotanicalGarden,rdfs:subClassOf,owl:Thing
rc:SpanishHarlem,rdfs:subClassOf,rc:UrbanArea
rc:SpanishHarlem,rdfs:subClassOf,owl:Thing
rc:OliveOilMill_ManufacturingFacility,rdfs:subClassOf,rc:Mill_ManufacturingFacility
rc:OliveOilMill_ManufacturingFacility,rdfs:subClassOf,owl:Thing
rc:Hekla_Volcano,rdfs:subClassOf,rc:Stratovolcano
rc:Hekla_Volcano,rdfs:subClassOf,owl:Thing
rc:CopperRefinery,rdfs:subClassOf,rc:MineralOreRefinery
rc:CopperRefinery,rdfs:subClassOf,owl:Thing
rc:FormerMunicipality_Sweden,rdfs:subClassOf,rc:FormerMunicipality
rc:FormerMunicipality_Sweden,rdfs:subClassOf,owl:Thing
rc:CantonOfGeneva,rdfs:subClassOf,rc:Canton_Swiss
rc:CantonOfGeneva,rdfs:subClassOf,owl:Thing
rc:Oasis,rdfs:subClassOf,rc:Desert
rc:Oasis,rdfs:subClassOf,owl:Thing
rc:RuralCommune,rdfs:subClassOf,rc:FifthOrderAdministrativeDivision
rc:RuralCommune,rdfs:subClassOf,owl:Thing
rc:OrinocoRiver,rdfs:subClassOf,rc:River
rc:OrinocoRiver,rdfs:subClassOf,owl:Thing
rc:Municipality_Austria,rdfs:subClassOf,rc:MunicipalityByCountry
rc:Municipality_Austria,rdfs:subClassOf,owl:Thing
rc:Chapel,rdfs:subClassOf,rc:Temple
rc:Chapel,rdfs:subClassOf,owl:Thing
rc:BarangaysOfDavaoDelSur,rdfs:subClassOf,rc:DavaodelSur_ProvincePhilippines
rc:BarangaysOfDavaoDelSur,rdfs:subClassOf,owl:Thing
rc:DresserDrawer,rdfs:subClassOf,rc:Drawer
rc:DresserDrawer,rdfs:subClassOf,owl:Thing
rc:Jurchen,rdfs:subClassOf,rc:Tungusic
rc:Jurchen,rdfs:subClassOf,owl:Thing
rc:GreatSmokyMountains,rdfs:subClassOf,rc:MountainRange
rc:GreatSmokyMountains,rdfs:subClassOf,owl:Thing
rc:Railhead,rdfs:subClassOf,rc:Railway
rc:Railhead,rdfs:subClassOf,owl:Thing
rc:ParanaRiver,rdfs:subClassOf,rc:River
rc:ParanaRiver,rdfs:subClassOf,owl:Thing
rc:Number13_classBattleship,rdfs:subClassOf,rc:Battleship
rc:Number13_classBattleship,rdfs:subClassOf,owl:Thing
rc:Icehouse,rdfs:subClassOf,rc:CommercialBuilding
rc:Icehouse,rdfs:subClassOf,rc:StorageFacility
rc:Icehouse,rdfs:subClassOf,owl:Thing
rc:WestminsterAbbeyCathedral_London,rdfs:subClassOf,rc:Cathedral
rc:WestminsterAbbeyCathedral_London,rdfs:subClassOf,owl:Thing
rc:LandMass,rdfs:subClassOf,rc:LandTopographicalFeature
rc:LandMass,rdfs:subClassOf,owl:Thing
rc:Castle_ChannelIslands,rdfs:subClassOf,rc:Castle
rc:Castle_ChannelIslands,rdfs:subClassOf,owl:Thing
rc:HovercraftOfTheCanadianCoastGuard,rdfs:subClassOf,rc:Hovercraft
rc:HovercraftOfTheCanadianCoastGuard,rdfs:subClassOf,owl:Thing
rc:Earthwork,rdfs:subClassOf,rc:ArtifactualFeatureType
rc:Earthwork,rdfs:subClassOf,owl:Thing
rc:AerialTramway,rdfs:subClassOf,rc:TransportBuildingStructure
rc:AerialTramway,rdfs:subClassOf,owl:Thing
rc:Sanaag,rdfs:subClassOf,rc:Puntland
rc:Sanaag,rdfs:subClassOf,owl:Thing
rc:AirportsInCentralJava,rdfs:subClassOf,rc:Airport_Physical
rc:AirportsInCentralJava,rdfs:subClassOf,owl:Thing
rc:ClockTower,rdfs:subClassOf,rc:Tower
rc:ClockTower,rdfs:subClassOf,owl:Thing
rc:InternationalLake,rdfs:subClassOf,rc:InternationalWaters
rc:InternationalLake,rdfs:subClassOf,owl:Thing
rc:MarbleEdifice,rdfs:subClassOf,rc:Wall_Vertical
rc:MarbleEdifice,rdfs:subClassOf,owl:Thing
rc:PhuTho_ProvinceVietnam,rdfs:subClassOf,rc:Province_Vietnam
rc:PhuTho_ProvinceVietnam,rdfs:subClassOf,owl:Thing
rc:Arboretum,rdfs:subClassOf,rc:BotanicalGarden
rc:Arboretum,rdfs:subClassOf,owl:Thing
rc:StikineRiver,rdfs:subClassOf,rc:River
rc:StikineRiver,rdfs:subClassOf,owl:Thing
rc:AdmiraltyIsland,rdfs:subClassOf,rc:Archipelago
rc:AdmiraltyIsland,rdfs:subClassOf,owl:Thing
rc:Elis,rdfs:subClassOf,rc:PeloponnesianPeninsula
rc:Elis,rdfs:subClassOf,owl:Thing
rc:NativeHawaiian,rdfs:subClassOf,rc:Hawaii_State
rc:NativeHawaiian,rdfs:subClassOf,owl:Thing
rc:ChemicalPlant_Facility,rdfs:subClassOf,rc:HeavyIndustryFacility
rc:ChemicalPlant_Facility,rdfs:subClassOf,owl:Thing
rc:Mound_ConstructionArtifact,rdfs:subClassOf,rc:Earthwork
rc:Mound_ConstructionArtifact,rdfs:subClassOf,rc:FixedStructure
rc:Mound_ConstructionArtifact,rdfs:subClassOf,owl:Thing
rc:Skane_ProvinceSweden,rdfs:subClassOf,rc:Province_Sweden
rc:Skane_ProvinceSweden,rdfs:subClassOf,owl:Thing
rc:Bururi_ProvinceBurundi,rdfs:subClassOf,rc:Province_Burundi
rc:Bururi_ProvinceBurundi,rdfs:subClassOf,owl:Thing
rc:CantonOfGlarus,rdfs:subClassOf,rc:Canton_Swiss
rc:CantonOfGlarus,rdfs:subClassOf,owl:Thing
rc:GrandCayman_Island,rdfs:subClassOf,rc:Island
rc:GrandCayman_Island,rdfs:subClassOf,owl:Thing
rc:Tsakonia,rdfs:subClassOf,rc:PeloponnesianPeninsula
rc:Tsakonia,rdfs:subClassOf,owl:Thing
rc:LandBody,rdfs:subClassOf,rc:LandMass
rc:LandBody,rdfs:subClassOf,owl:Thing
rc:Yard_BuildingGrounds,rdfs:subClassOf,rc:Ground
rc:Yard_BuildingGrounds,rdfs:subClassOf,rc:GroundsOfOrganization
rc:Yard_BuildingGrounds,rdfs:subClassOf,rc:HumanlyOccupiedSpatialObject
rc:Yard_BuildingGrounds,rdfs:subClassOf,owl:Thing
rc:QuangBinh_ProvinceVietnam,rdfs:subClassOf,rc:Province_Vietnam
rc:QuangBinh_ProvinceVietnam,rdfs:subClassOf,owl:Thing
rc:CountiesOfRomania,rdfs:subClassOf,rc:GeopoliticalRegion
rc:CountiesOfRomania,rdfs:subClassOf,owl:Thing
rc:Grate_Barrier,rdfs:subClassOf,rc:Barrier_ConstructionArtifact
rc:Grate_Barrier,rdfs:subClassOf,owl:Thing
rc:NordPasDeCalais,rdfs:subClassOf,rc:FrenchRegion
rc:NordPasDeCalais,rdfs:subClassOf,owl:Thing
rc:CompletelyCloudCoveredArea,rdfs:subClassOf,rc:CloudyArea
rc:CompletelyCloudCoveredArea,rdfs:subClassOf,owl:Thing
rc:BonaireIsland_NetherlandsAntilles,rdfs:subClassOf,rc:Island
rc:BonaireIsland_NetherlandsAntilles,rdfs:subClassOf,rc:NetherlandsAntilles
rc:BonaireIsland_NetherlandsAntilles,rdfs:subClassOf,owl:Thing
rc:PopulatedPlace_Netherlands,rdfs:subClassOf,rc:PopulatedPlace
rc:PopulatedPlace_Netherlands,rdfs:subClassOf,owl:Thing
rc:PhuYen_ProvinceVietnam,rdfs:subClassOf,rc:Province_Vietnam
rc:PhuYen_ProvinceVietnam,rdfs:subClassOf,owl:Thing
rc:AirportsInMayotte,rdfs:subClassOf,rc:Airport_Physical
rc:AirportsInMayotte,rdfs:subClassOf,owl:Thing
rc:FormerMunicipality_Switzerland,rdfs:subClassOf,rc:FormerMunicipality
rc:FormerMunicipality_Switzerland,rdfs:subClassOf,owl:Thing
rc:Backyard,rdfs:subClassOf,rc:Yard_BuildingGrounds
rc:Backyard,rdfs:subClassOf,owl:Thing
rc:SwimmingPool,rdfs:subClassOf,rc:ArtificialWaterFeature_POI
rc:SwimmingPool,rdfs:subClassOf,rc:SportHealthBuildingStructure
rc:SwimmingPool,rdfs:subClassOf,owl:Thing
rc:DeadSpace,rdfs:subClassOf,rc:CoverProvidingTerrain
rc:DeadSpace,rdfs:subClassOf,rc:TacticalArea
rc:DeadSpace,rdfs:subClassOf,owl:Thing
rc:Embankment,rdfs:subClassOf,rc:Mound_ConstructionArtifact
rc:Embankment,rdfs:subClassOf,owl:Thing
rc:CountiesOfScotland,rdfs:subClassOf,rc:County_Britain
rc:CountiesOfScotland,rdfs:subClassOf,owl:Thing
rc:HistoryMuseum_Structure,rdfs:subClassOf,rc:MuseumStructure
rc:HistoryMuseum_Structure,rdfs:subClassOf,owl:Thing
rc:Arrondissement_Senegal,rdfs:subClassOf,rc:District
rc:Arrondissement_Senegal,rdfs:subClassOf,owl:Thing
rc:CrozetArchipelago,rdfs:subClassOf,rc:Archipelago
rc:CrozetArchipelago,rdfs:subClassOf,owl:Thing
rc:Geopark,rdfs:subClassOf,rc:Reserve_OutdoorRegion
rc:Geopark,rdfs:subClassOf,owl:Thing
rc:TemperateRainforest,rdfs:subClassOf,rc:BroadleafForest
rc:TemperateRainforest,rdfs:subClassOf,owl:Thing
rc:Island,rdfs:subClassOf,rc:IslandRegion
rc:Island,rdfs:subClassOf,rc:LandBody
rc:Island,rdfs:subClassOf,owl:Thing
rc:Fault_Topographical,rdfs:subClassOf,rc:Crevice_Topographical
rc:Fault_Topographical,rdfs:subClassOf,owl:Thing
rc:AtlasMountains,rdfs:subClassOf,rc:MountainRange
rc:AtlasMountains,rdfs:subClassOf,owl:Thing
rc:MountWhitney,rdfs:subClassOf,rc:Mountain
rc:MountWhitney,rdfs:subClassOf,owl:Thing
rc:Al_RayyanOilField,rdfs:subClassOf,rc:OilField
rc:Al_RayyanOilField,rdfs:subClassOf,owl:Thing
rc:Obrien_classDestroyer,rdfs:subClassOf,rc:Destroyer
rc:Obrien_classDestroyer,rdfs:subClassOf,owl:Thing
rc:QuirimbasIslands,rdfs:subClassOf,rc:Island
rc:QuirimbasIslands,rdfs:subClassOf,owl:Thing
rc:Bromolla,rdfs:subClassOf,rc:Skane_ProvinceSweden
rc:Bromolla,rdfs:subClassOf,owl:Thing
rc:PlazasDeSoberania,rdfs:subClassOf,rc:NorthernAfrica
rc:PlazasDeSoberania,rdfs:subClassOf,owl:Thing
rc:Rampart,rdfs:subClassOf,rc:DefensiveStructure
rc:Rampart,rdfs:subClassOf,rc:Embankment
rc:Rampart,rdfs:subClassOf,rc:Wall_Vertical
rc:Rampart,rdfs:subClassOf,owl:Thing
rc:SteamboatOfTheOhioRiver,rdfs:subClassOf,rc:Steamboat
rc:SteamboatOfTheOhioRiver,rdfs:subClassOf,owl:Thing
rc:KingmanReef,rdfs:subClassOf,rc:Reef
rc:KingmanReef,rdfs:subClassOf,owl:Thing
rc:Garb,rdfs:subClassOf,rc:Village
rc:Garb,rdfs:subClassOf,owl:Thing
rc:RuralCommune_Morocco,rdfs:subClassOf,rc:FourthOrderAdministrativeDivision
rc:RuralCommune_Morocco,rdfs:subClassOf,owl:Thing
rc:Tomb,rdfs:subClassOf,rc:Gravesite
rc:Tomb,rdfs:subClassOf,rc:MemorialMarker
rc:Tomb,rdfs:subClassOf,owl:Thing
rc:TasmaniaIslandAustralia,rdfs:subClassOf,rc:Island
rc:TasmaniaIslandAustralia,rdfs:subClassOf,owl:Thing
rc:ProvincialElectoralDistrict_Alberta,rdfs:subClassOf,rc:ElectoralDistrict
rc:ProvincialElectoralDistrict_Alberta,rdfs:subClassOf,owl:Thing
rc:Gasri,rdfs:subClassOf,rc:Village
rc:Gasri,rdfs:subClassOf,owl:Thing
rc:MississippiRiver,rdfs:subClassOf,rc:River
rc:MississippiRiver,rdfs:subClassOf,owl:Thing
rc:District_Tanzania,rdfs:subClassOf,rc:SecondOrderAdministrativeDivision
rc:District_Tanzania,rdfs:subClassOf,owl:Thing
rc:SouthSinaiGovernorate,rdfs:subClassOf,rc:Governorate
rc:SouthSinaiGovernorate,rdfs:subClassOf,owl:Thing
rc:U_50_classSubmarine,rdfs:subClassOf,rc:U_Boat
rc:U_50_classSubmarine,rdfs:subClassOf,owl:Thing
rc:Sprachbund,rdfs:subClassOf,rc:LanguageArea
rc:Sprachbund,rdfs:subClassOf,owl:Thing
rc:Cove,rdfs:subClassOf,rc:Bay
rc:Cove,rdfs:subClassOf,owl:Thing
rc:GreatSmokyMountainsNationalPark,rdfs:subClassOf,rc:NationalPark
rc:GreatSmokyMountainsNationalPark,rdfs:subClassOf,owl:Thing
rc:Croatia,rdfs:subClassOf,rc:Country
rc:Croatia,rdfs:subClassOf,owl:Thing
rc:CustomsCheckpoint,rdfs:subClassOf,rc:Checkpoint
rc:CustomsCheckpoint,rdfs:subClassOf,rc:PublicPlace
rc:CustomsCheckpoint,rdfs:subClassOf,owl:Thing
rc:Municipality_Bangladesh,rdfs:subClassOf,rc:MunicipalityByCountry
rc:Municipality_Bangladesh,rdfs:subClassOf,owl:Thing
rc:Battlement,rdfs:subClassOf,rc:Rampart
rc:Battlement,rdfs:subClassOf,owl:Thing
rc:Chechnya,rdfs:subClassOf,rc:State_Geopolitical
rc:Chechnya,rdfs:subClassOf,owl:Thing
rc:WindCaveNationalPark,rdfs:subClassOf,rc:NationalPark
rc:WindCaveNationalPark,rdfs:subClassOf,owl:Thing
rc:MetamorphicRock,rdfs:subClassOf,rc:Stone
rc:MetamorphicRock,rdfs:subClassOf,owl:Thing
rc:MountWilson,rdfs:subClassOf,rc:Mountain
rc:MountWilson,rdfs:subClassOf,owl:Thing
rc:AboriginesInTasmania,rdfs:subClassOf,rc:TasmaniaIslandAustralia
rc:AboriginesInTasmania,rdfs:subClassOf,owl:Thing
rc:PopulatedPlace_Historical,rdfs:subClassOf,rc:PopulatedPlace
rc:PopulatedPlace_Historical,rdfs:subClassOf,owl:Thing
rc:GroundApproach,rdfs:subClassOf,rc:GeographicalSpaceRegion
rc:GroundApproach,rdfs:subClassOf,owl:Thing
rc:Irapuato,rdfs:subClassOf,rc:City
rc:Irapuato,rdfs:subClassOf,owl:Thing
rc:RedRiverAsia,rdfs:subClassOf,rc:River
rc:RedRiverAsia,rdfs:subClassOf,owl:Thing
rc:Overpass,rdfs:subClassOf,rc:Bridge
rc:Overpass,rdfs:subClassOf,rc:PathForWheeledVehicles
rc:Overpass,rdfs:subClassOf,owl:Thing
rc:ReviewingStand,rdfs:subClassOf,rc:FixedStructurePlatform
rc:ReviewingStand,rdfs:subClassOf,rc:SportHealthBuildingStructure
rc:ReviewingStand,rdfs:subClassOf,owl:Thing
rc:BobsleighLugeAndSkeletonTrack,rdfs:subClassOf,rc:SportsTrack
rc:BobsleighLugeAndSkeletonTrack,rdfs:subClassOf,owl:Thing
rc:Iceland,rdfs:subClassOf,rc:Country
rc:Iceland,rdfs:subClassOf,owl:Thing
rc:SundaStrait,rdfs:subClassOf,rc:Strait
rc:SundaStrait,rdfs:subClassOf,owl:Thing
rc:Province_Benin,rdfs:subClassOf,rc:Province
rc:Province_Benin,rdfs:subClassOf,owl:Thing
rc:Terceira_Island,rdfs:subClassOf,rc:Island
rc:Terceira_Island,rdfs:subClassOf,owl:Thing
rc:Marble_Stone,rdfs:subClassOf,rc:MetamorphicRock
rc:Marble_Stone,rdfs:subClassOf,owl:Thing
rc:Bussard_classCruiser,rdfs:subClassOf,rc:Cruiser
rc:Bussard_classCruiser,rdfs:subClassOf,owl:Thing
rc:PowerPlantBuilding,rdfs:subClassOf,rc:ModernShelterConstruction
rc:PowerPlantBuilding,rdfs:subClassOf,owl:Thing
rc:Meteor_classAviso,rdfs:subClassOf,rc:Aviso
rc:Meteor_classAviso,rdfs:subClassOf,owl:Thing
rc:QuangNam_ProvinceVietnam,rdfs:subClassOf,rc:Province_Vietnam
rc:QuangNam_ProvinceVietnam,rdfs:subClassOf,owl:Thing
rc:CantonOfJura,rdfs:subClassOf,rc:Canton_Swiss
rc:CantonOfJura,rdfs:subClassOf,owl:Thing
rc:RuralCommune_Vietnam,rdfs:subClassOf,rc:FourthOrderAdministrativeDivision
rc:RuralCommune_Vietnam,rdfs:subClassOf,owl:Thing
rc:NorthernIreland,rdfs:subClassOf,rc:UnitedKingdom
rc:NorthernIreland,rdfs:subClassOf,owl:Thing
rc:SuratThani,rdfs:subClassOf,rc:CapitalCityOfRegion
rc:SuratThani,rdfs:subClassOf,owl:Thing
rc:UndergroundIrrigationCanal,rdfs:subClassOf,rc:IrrigationCanal
rc:UndergroundIrrigationCanal,rdfs:subClassOf,owl:Thing
rc:Tarnobrzeg_ProvincePoland,rdfs:subClassOf,rc:Province_Poland
rc:Tarnobrzeg_ProvincePoland,rdfs:subClassOf,owl:Thing
rc:Orion_Constellation,rdfs:subClassOf,rc:Constellation
rc:Orion_Constellation,rdfs:subClassOf,owl:Thing
rc:Atakora_ProvinceBenin,rdfs:subClassOf,rc:Province_Benin
rc:Atakora_ProvinceBenin,rdfs:subClassOf,owl:Thing
rc:AlbedoFeature_Topographical,rdfs:subClassOf,rc:TopographicalFeature
rc:AlbedoFeature_Topographical,rdfs:subClassOf,owl:Thing
rc:MemberState,rdfs:subClassOf,rc:Country
rc:MemberState,rdfs:subClassOf,owl:Thing
rc:Design1047Battlecruiser,rdfs:subClassOf,rc:BattleCruiser
rc:Design1047Battlecruiser,rdfs:subClassOf,owl:Thing
rc:SoilTest,rdfs:subClassOf,rc:DirtSoil
rc:SoilTest,rdfs:subClassOf,owl:Thing
rc:PopulatedUSAtlanticCoastalPlace,rdfs:subClassOf,rc:EastCoast_USRegion
rc:PopulatedUSAtlanticCoastalPlace,rdfs:subClassOf,owl:Thing
rc:ChestTomb,rdfs:subClassOf,rc:Tomb
rc:ChestTomb,rdfs:subClassOf,owl:Thing
rc:Ferry,rdfs:subClassOf,rc:Ship
rc:Ferry,rdfs:subClassOf,owl:Thing
rc:Paros,rdfs:subClassOf,rc:Cyclades
rc:Paros,rdfs:subClassOf,owl:Thing
rc:CAndD_classDestroyer,rdfs:subClassOf,rc:Destroyer
rc:CAndD_classDestroyer,rdfs:subClassOf,owl:Thing
rc:MarbleRelief,rdfs:subClassOf,rc:Marble_Stone
rc:MarbleRelief,rdfs:subClassOf,owl:Thing
rc:OrionMolecularCloudComplex,rdfs:subClassOf,rc:Orion_Constellation
rc:OrionMolecularCloudComplex,rdfs:subClassOf,owl:Thing
rc:NuclearSubmarine,rdfs:subClassOf,rc:Submarine
rc:NuclearSubmarine,rdfs:subClassOf,owl:Thing
rc:Cuba,rdfs:subClassOf,rc:Country
rc:Cuba,rdfs:subClassOf,owl:Thing
rc:KansasRiver,rdfs:subClassOf,rc:River
rc:KansasRiver,rdfs:subClassOf,owl:Thing
rc:Barbados,rdfs:subClassOf,rc:Country
rc:Barbados,rdfs:subClassOf,owl:Thing
rc:Equator_Celestial,rdfs:subClassOf,rc:CelestialCoordinateSystem
rc:Equator_Celestial,rdfs:subClassOf,owl:Thing
rc:GeoparkInHongKong,rdfs:subClassOf,rc:Geopark
rc:GeoparkInHongKong,rdfs:subClassOf,owl:Thing
rc:AirportsInNagornoKarabakh,rdfs:subClassOf,rc:Airport_Physical
rc:AirportsInNagornoKarabakh,rdfs:subClassOf,owl:Thing
rc:LibrarySpace,rdfs:subClassOf,rc:SpaceInAFixedHOC
rc:LibrarySpace,rdfs:subClassOf,owl:Thing
rc:Snowfield,rdfs:subClassOf,rc:SnowCoveredArea
rc:Snowfield,rdfs:subClassOf,owl:Thing
rc:Singhasari,rdfs:subClassOf,rc:JawaTimur_ProvinceIndonesia
rc:Singhasari,rdfs:subClassOf,owl:Thing
rc:NiagaraRiver,rdfs:subClassOf,rc:River
rc:NiagaraRiver,rdfs:subClassOf,owl:Thing
rc:MississippiRiverLock,rdfs:subClassOf,rc:MississippiRiver
rc:MississippiRiverLock,rdfs:subClassOf,owl:Thing
rc:CountiesOfWales,rdfs:subClassOf,rc:County_Britain
rc:CountiesOfWales,rdfs:subClassOf,owl:Thing
rc:ChinaLake,rdfs:subClassOf,rc:FreshWaterLake
rc:ChinaLake,rdfs:subClassOf,owl:Thing
rc:CopperRiver,rdfs:subClassOf,rc:River
rc:CopperRiver,rdfs:subClassOf,owl:Thing
rc:QuangNgai_ProvinceVietnam,rdfs:subClassOf,rc:Province_Vietnam
rc:QuangNgai_ProvinceVietnam,rdfs:subClassOf,owl:Thing
rc:Quirino_ProvincePhilippines,rdfs:subClassOf,rc:Province_Philippines
rc:Quirino_ProvincePhilippines,rdfs:subClassOf,owl:Thing
rc:ProvincialElectoralDistrict_Ontario,rdfs:subClassOf,rc:ElectoralDistrict
rc:ProvincialElectoralDistrict_Ontario,rdfs:subClassOf,owl:Thing
rc:Crete_Island_Greece,rdfs:subClassOf,rc:Island
rc:Crete_Island_Greece,rdfs:subClassOf,owl:Thing
rc:SteamboatOfTheSnakeRiver,rdfs:subClassOf,rc:Steamboat
rc:SteamboatOfTheSnakeRiver,rdfs:subClassOf,owl:Thing
rc:CentreFrenchRegion,rdfs:subClassOf,rc:FrenchRegion
rc:CentreFrenchRegion,rdfs:subClassOf,owl:Thing
rc:KingsCountyCalifornia,rdfs:subClassOf,rc:NorthernCalifornia
rc:KingsCountyCalifornia,rdfs:subClassOf,owl:Thing
rc:MedicinalClay,rdfs:subClassOf,rc:ClaySoilRegion
rc:MedicinalClay,rdfs:subClassOf,owl:Thing
rc:TriangulationPlace,rdfs:subClassOf,rc:GeographicalPlace_POI
rc:TriangulationPlace,rdfs:subClassOf,owl:Thing
rc:WaterSupplyNetwork,rdfs:subClassOf,rc:IrrigationFloodControlWaterwork
rc:WaterSupplyNetwork,rdfs:subClassOf,owl:Thing
rc:SpiralStaircase,rdfs:subClassOf,rc:Stairway
rc:SpiralStaircase,rdfs:subClassOf,owl:Thing
rc:HanClassSubmarine,rdfs:subClassOf,rc:NuclearSubmarine
rc:HanClassSubmarine,rdfs:subClassOf,owl:Thing
rc:HydroelectricPowerPlantBuilding,rdfs:subClassOf,rc:PowerPlantBuilding
rc:HydroelectricPowerPlantBuilding,rdfs:subClassOf,owl:Thing
rc:MaduraIsland_Indonesia,rdfs:subClassOf,rc:Island
rc:MaduraIsland_Indonesia,rdfs:subClassOf,rc:JawaTimur_ProvinceIndonesia
rc:MaduraIsland_Indonesia,rdfs:subClassOf,owl:Thing
rc:Facility_Educational,rdfs:subClassOf,rc:HumanHighOccupancyConstruct
rc:Facility_Educational,rdfs:subClassOf,owl:Thing
rc:SalmonRiver,rdfs:subClassOf,rc:River
rc:SalmonRiver,rdfs:subClassOf,owl:Thing
rc:GeoparkInSouthAfrica,rdfs:subClassOf,rc:Geopark
rc:GeoparkInSouthAfrica,rdfs:subClassOf,owl:Thing
rc:Opole_ProvincePoland,rdfs:subClassOf,rc:Province_Poland
rc:Opole_ProvincePoland,rdfs:subClassOf,owl:Thing
rc:District_Tarnobrzeg,rdfs:subClassOf,rc:District
rc:District_Tarnobrzeg,rdfs:subClassOf,rc:Tarnobrzeg_ProvincePoland
rc:District_Tarnobrzeg,rdfs:subClassOf,owl:Thing
rc:OverpassRoad,rdfs:subClassOf,rc:ElevatedRoadway
rc:OverpassRoad,rdfs:subClassOf,rc:Overpass
rc:OverpassRoad,rdfs:subClassOf,owl:Thing
rc:NewMexico_State,rdfs:subClassOf,rc:State_UnitedStates
rc:NewMexico_State,rdfs:subClassOf,owl:Thing
rc:WestonCountyWyoming,rdfs:subClassOf,rc:BlackHills_Mountains
rc:WestonCountyWyoming,rdfs:subClassOf,owl:Thing
rc:CustomsHouse,rdfs:subClassOf,rc:CustomsCheckpoint
rc:CustomsHouse,rdfs:subClassOf,rc:GovernmentalBuilding
rc:CustomsHouse,rdfs:subClassOf,owl:Thing
rc:Municipality_Belgium,rdfs:subClassOf,rc:MunicipalityByCountry
rc:Municipality_Belgium,rdfs:subClassOf,owl:Thing
rc:PoRiver,rdfs:subClassOf,rc:River
rc:PoRiver,rdfs:subClassOf,owl:Thing
rc:LibraryRoom,rdfs:subClassOf,rc:LibrarySpace
rc:LibraryRoom,rdfs:subClassOf,rc:RoomInAConstruction
rc:LibraryRoom,rdfs:subClassOf,owl:Thing
rc:Rise_Undersea,rdfs:subClassOf,rc:UnderwaterTopographicalFeature
rc:Rise_Undersea,rdfs:subClassOf,owl:Thing
rc:Cuba_TheIsland,rdfs:subClassOf,rc:Island
rc:Cuba_TheIsland,rdfs:subClassOf,owl:Thing
rc:MountZion,rdfs:subClassOf,rc:Hill
rc:MountZion,rdfs:subClassOf,owl:Thing
rc:Dubai_Emirate,rdfs:subClassOf,rc:PersianGulfCountry
rc:Dubai_Emirate,rdfs:subClassOf,owl:Thing
rc:Luxembourg,rdfs:subClassOf,rc:Country
rc:Luxembourg,rdfs:subClassOf,owl:Thing
rc:Iraq,rdfs:subClassOf,rc:ArabWorld
rc:Iraq,rdfs:subClassOf,owl:Thing
rc:CommercialFacility,rdfs:subClassOf,rc:Facility_Construct
rc:CommercialFacility,rdfs:subClassOf,rc:ModernShelterConstruction
rc:CommercialFacility,rdfs:subClassOf,owl:Thing
rc:DistributedGeneration,rdfs:subClassOf,rc:ElectricPowerGrid
rc:DistributedGeneration,rdfs:subClassOf,owl:Thing
rc:U_52_classSubmarine,rdfs:subClassOf,rc:U_Boat
rc:U_52_classSubmarine,rdfs:subClassOf,owl:Thing
rc:SafetySwitch,rdfs:subClassOf,rc:ElectricalSwitch
rc:SafetySwitch,rdfs:subClassOf,owl:Thing
rc:Hovertrain,rdfs:subClassOf,rc:Hovercraft
rc:Hovertrain,rdfs:subClassOf,owl:Thing
rc:SaskatchewanRiver,rdfs:subClassOf,rc:River
rc:SaskatchewanRiver,rdfs:subClassOf,owl:Thing
rc:FormerOPECMemberState,rdfs:subClassOf,rc:MemberState
rc:FormerOPECMemberState,rdfs:subClassOf,owl:Thing
rc:Moraine_Topographical,rdfs:subClassOf,rc:LandTopographicalFeature
rc:Moraine_Topographical,rdfs:subClassOf,owl:Thing
rc:Bahrain,rdfs:subClassOf,rc:ArabWorld
rc:Bahrain,rdfs:subClassOf,rc:PersianGulfCountry
rc:Bahrain,rdfs:subClassOf,owl:Thing
rc:FordInStream,rdfs:subClassOf,rc:BodyOfWater_POI
rc:FordInStream,rdfs:subClassOf,owl:Thing
rc:Buryatia,rdfs:subClassOf,rc:Province_Russia
rc:Buryatia,rdfs:subClassOf,owl:Thing
rc:Avnillah_classIronclad,rdfs:subClassOf,rc:IroncladWarship
rc:Avnillah_classIronclad,rdfs:subClassOf,owl:Thing
rc:FreeTradeZone,rdfs:subClassOf,rc:EconomicRegion
rc:FreeTradeZone,rdfs:subClassOf,rc:GeopoliticalRegion
rc:FreeTradeZone,rdfs:subClassOf,owl:Thing
rc:EquatorialGuinea,rdfs:subClassOf,rc:Country
rc:EquatorialGuinea,rdfs:subClassOf,owl:Thing
rc:TetonRange_Mountains,rdfs:subClassOf,rc:MountainRange
rc:TetonRange_Mountains,rdfs:subClassOf,owl:Thing
rc:Corsica,rdfs:subClassOf,rc:FrenchRegion
rc:Corsica,rdfs:subClassOf,owl:Thing
rc:PublicRestroom,rdfs:subClassOf,rc:Restroom
rc:PublicRestroom,rdfs:subClassOf,owl:Thing
rc:IrrigationSystem,rdfs:subClassOf,rc:WaterSupplyNetwork
rc:IrrigationSystem,rdfs:subClassOf,owl:Thing
rc:MughalEmpire,rdfs:subClassOf,rc:Country
rc:MughalEmpire,rdfs:subClassOf,owl:Thing
rc:GrandComoro_IslandComoros,rdfs:subClassOf,rc:Comoros_TheNation
rc:GrandComoro_IslandComoros,rdfs:subClassOf,owl:Thing
rc:HydroelectricPowerStation,rdfs:subClassOf,rc:PowerStation
rc:HydroelectricPowerStation,rdfs:subClassOf,owl:Thing
rc:CantonOfLucerne,rdfs:subClassOf,rc:Canton_Swiss
rc:CantonOfLucerne,rdfs:subClassOf,owl:Thing
rc:BismarckArchipelago_PapuaNewGuinea,rdfs:subClassOf,rc:Archipelago
rc:BismarckArchipelago_PapuaNewGuinea,rdfs:subClassOf,owl:Thing
rc:TailevuProvince,rdfs:subClassOf,rc:VitiLevu_Island
rc:TailevuProvince,rdfs:subClassOf,owl:Thing
rc:Benin,rdfs:subClassOf,rc:Country
rc:Benin,rdfs:subClassOf,owl:Thing
rc:Monastery_Residence,rdfs:subClassOf,rc:ReligiousResidence
rc:Monastery_Residence,rdfs:subClassOf,owl:Thing
rc:MensRoom,rdfs:subClassOf,rc:PublicRestroom
rc:MensRoom,rdfs:subClassOf,owl:Thing
rc:LeoMinor_Constellation,rdfs:subClassOf,rc:Constellation
rc:LeoMinor_Constellation,rdfs:subClassOf,owl:Thing
rc:LoyaltyIslands_NewCaledonia,rdfs:subClassOf,rc:Archipelago
rc:LoyaltyIslands_NewCaledonia,rdfs:subClassOf,owl:Thing
rc:StorageRoom,rdfs:subClassOf,rc:RoomInAConstruction
rc:StorageRoom,rdfs:subClassOf,owl:Thing
rc:TwoCarGarage,rdfs:subClassOf,rc:Garage_Household
rc:TwoCarGarage,rdfs:subClassOf,owl:Thing
rc:AirportsInSomaliland,rdfs:subClassOf,rc:Airport_Physical
rc:AirportsInSomaliland,rdfs:subClassOf,owl:Thing
rc:Municipality_Bolivia,rdfs:subClassOf,rc:MunicipalityByCountry
rc:Municipality_Bolivia,rdfs:subClassOf,owl:Thing
rc:Soweto,rdfs:subClassOf,rc:UrbanArea
rc:Soweto,rdfs:subClassOf,owl:Thing
rc:IrrigationCanal,rdfs:subClassOf,rc:Canal
rc:IrrigationCanal,rdfs:subClassOf,rc:IrrigationSystem
rc:IrrigationCanal,rdfs:subClassOf,rc:Watercourse
rc:IrrigationCanal,rdfs:subClassOf,owl:Thing
rc:SandArea,rdfs:subClassOf,rc:Sand
rc:SandArea,rdfs:subClassOf,rc:SandySoilRegion
rc:SandArea,rdfs:subClassOf,owl:Thing
rc:Cibitoke_ProvinceBurundi,rdfs:subClassOf,rc:Province_Burundi
rc:Cibitoke_ProvinceBurundi,rdfs:subClassOf,owl:Thing
rc:PenningtonCountySouthDakota,rdfs:subClassOf,rc:BlackHills_Mountains
rc:PenningtonCountySouthDakota,rdfs:subClassOf,owl:Thing
rc:DesignA_150Battleship,rdfs:subClassOf,rc:Battleship
rc:DesignA_150Battleship,rdfs:subClassOf,owl:Thing
rc:CommercialRealEstate,rdfs:subClassOf,rc:RealEstate
rc:CommercialRealEstate,rdfs:subClassOf,owl:Thing
rc:AtchafalayaRiver,rdfs:subClassOf,rc:River
rc:AtchafalayaRiver,rdfs:subClassOf,owl:Thing
rc:Province_Thailand,rdfs:subClassOf,rc:Province
rc:Province_Thailand,rdfs:subClassOf,owl:Thing
rc:RedRiverOfTheNorth,rdfs:subClassOf,rc:River
rc:RedRiverOfTheNorth,rdfs:subClassOf,owl:Thing
rc:TirichMir_Mount,rdfs:subClassOf,rc:Mountain
rc:TirichMir_Mount,rdfs:subClassOf,owl:Thing
rc:Meteora_Monastery,rdfs:subClassOf,rc:GreekOrthodoxChurchBuilding
rc:Meteora_Monastery,rdfs:subClassOf,rc:Monastery_Residence
rc:Meteora_Monastery,rdfs:subClassOf,owl:Thing
rc:DeadwoodSouthDakota,rdfs:subClassOf,rc:BlackHills_Mountains
rc:DeadwoodSouthDakota,rdfs:subClassOf,owl:Thing
rc:Tegetthoff_classBattleship,rdfs:subClassOf,rc:Battleship
rc:Tegetthoff_classBattleship,rdfs:subClassOf,owl:Thing
rc:INSAlignmentPad,rdfs:subClassOf,rc:Apron_Airport
rc:INSAlignmentPad,rdfs:subClassOf,owl:Thing
rc:Kansas_State,rdfs:subClassOf,rc:State_UnitedStates
rc:Kansas_State,rdfs:subClassOf,owl:Thing
rc:Centre_ProvinceCameroon,rdfs:subClassOf,rc:Province_Cameroon
rc:Centre_ProvinceCameroon,rdfs:subClassOf,owl:Thing
rc:Helgoland_Island_Germany,rdfs:subClassOf,rc:Island
rc:Helgoland_Island_Germany,rdfs:subClassOf,owl:Thing
rc:WeserRiver,rdfs:subClassOf,rc:NorthSea
rc:WeserRiver,rdfs:subClassOf,rc:River
rc:WeserRiver,rdfs:subClassOf,owl:Thing
rc:SwimmingPool_Outdoor,rdfs:subClassOf,rc:SwimmingPool
rc:SwimmingPool_Outdoor,rdfs:subClassOf,owl:Thing
rc:DesignB_65Cruiser,rdfs:subClassOf,rc:BattleCruiser
rc:DesignB_65Cruiser,rdfs:subClassOf,owl:Thing
rc:UndergroundTransitStation,rdfs:subClassOf,rc:PublicTerminal
rc:UndergroundTransitStation,rdfs:subClassOf,owl:Thing
rc:CommunitiesInDubai,rdfs:subClassOf,rc:Dubai_Emirate
rc:CommunitiesInDubai,rdfs:subClassOf,owl:Thing
rc:HeardIslandAndMcDonaldIslands,rdfs:subClassOf,rc:Archipelago
rc:HeardIslandAndMcDonaldIslands,rdfs:subClassOf,owl:Thing
rc:MississippiRiverWatershed,rdfs:subClassOf,rc:MississippiRiver
rc:MississippiRiverWatershed,rdfs:subClassOf,rc:Watershed
rc:MississippiRiverWatershed,rdfs:subClassOf,owl:Thing
rc:Mesoamerica,rdfs:subClassOf,rc:LatinAmerica
rc:Mesoamerica,rdfs:subClassOf,owl:Thing
rc:RuralCommunity_Senegal,rdfs:subClassOf,rc:FourthOrderAdministrativeDivision
rc:RuralCommunity_Senegal,rdfs:subClassOf,owl:Thing
rc:ModelDwelling,rdfs:subClassOf,rc:AffordableHousing
rc:ModelDwelling,rdfs:subClassOf,owl:Thing
rc:PhuketProvince,rdfs:subClassOf,rc:Province_Thailand
rc:PhuketProvince,rdfs:subClassOf,owl:Thing
rc:SteamboatOfTheStikineRiver,rdfs:subClassOf,rc:Steamboat
rc:SteamboatOfTheStikineRiver,rdfs:subClassOf,owl:Thing
rc:FishingRegion,rdfs:subClassOf,rc:EconomicRegion
rc:FishingRegion,rdfs:subClassOf,owl:Thing
rc:Orion_classBattleship,rdfs:subClassOf,rc:Battleship
rc:Orion_classBattleship,rdfs:subClassOf,owl:Thing
rc:QuangNinh_ProvinceVietnam,rdfs:subClassOf,rc:Province_Vietnam
rc:QuangNinh_ProvinceVietnam,rdfs:subClassOf,owl:Thing
rc:Bavaria,rdfs:subClassOf,rc:State_Geopolitical
rc:Bavaria,rdfs:subClassOf,owl:Thing
rc:LawrenceCountySouthDakota,rdfs:subClassOf,rc:BlackHills_Mountains
rc:LawrenceCountySouthDakota,rdfs:subClassOf,owl:Thing
rc:CantonOfNeuchatel,rdfs:subClassOf,rc:Canton_Swiss
rc:CantonOfNeuchatel,rdfs:subClassOf,owl:Thing
rc:SchoolCampus,rdfs:subClassOf,rc:Campus
rc:SchoolCampus,rdfs:subClassOf,owl:Thing
rc:ProvincialElectoralDistrict_Quebec,rdfs:subClassOf,rc:ElectoralDistrict
rc:ProvincialElectoralDistrict_Quebec,rdfs:subClassOf,owl:Thing
rc:CommercialBuilding,rdfs:subClassOf,rc:Building
rc:CommercialBuilding,rdfs:subClassOf,rc:CommercialFacility
rc:CommercialBuilding,rdfs:subClassOf,rc:CommercialRealEstate
rc:CommercialBuilding,rdfs:subClassOf,owl:Thing
rc:TriangulumAustrale_Constellation,rdfs:subClassOf,rc:Constellation
rc:TriangulumAustrale_Constellation,rdfs:subClassOf,owl:Thing
rc:ArabianDesert,rdfs:subClassOf,rc:Desert
rc:ArabianDesert,rdfs:subClassOf,owl:Thing
rc:SwimmingPoolForChildren,rdfs:subClassOf,rc:SwimmingPool_Outdoor
rc:SwimmingPoolForChildren,rdfs:subClassOf,owl:Thing
rc:SouthSumatra,rdfs:subClassOf,rc:SumatraIsland_Indonesia
rc:SouthSumatra,rdfs:subClassOf,owl:Thing
rc:UndergroundRailroadStation,rdfs:subClassOf,rc:RailroadStation
rc:UndergroundRailroadStation,rdfs:subClassOf,rc:UndergroundTransitStation
rc:UndergroundRailroadStation,rdfs:subClassOf,owl:Thing
rc:Harlem,rdfs:subClassOf,rc:UrbanArea
rc:Harlem,rdfs:subClassOf,owl:Thing
rc:Pantry,rdfs:subClassOf,rc:StorageRoom
rc:Pantry,rdfs:subClassOf,owl:Thing
rc:GovernmentalLandParcel,rdfs:subClassOf,rc:LandParcel
rc:GovernmentalLandParcel,rdfs:subClassOf,owl:Thing
rc:MarneRiver,rdfs:subClassOf,rc:River
rc:MarneRiver,rdfs:subClassOf,owl:Thing
rc:Kenedougou_ProvinceBurkinaFaso,rdfs:subClassOf,rc:Province_BurkinaFaso
rc:Kenedougou_ProvinceBurkinaFaso,rdfs:subClassOf,owl:Thing
rc:Yogyakarta,rdfs:subClassOf,rc:CapitalCityOfRegion
rc:Yogyakarta,rdfs:subClassOf,owl:Thing
rc:AirportsInYamaloNenetsAutonomousOkrug,rdfs:subClassOf,rc:Airport_Physical
rc:AirportsInYamaloNenetsAutonomousOkrug,rdfs:subClassOf,owl:Thing
rc:Municipality_Brazil,rdfs:subClassOf,rc:MunicipalityByCountry
rc:Municipality_Brazil,rdfs:subClassOf,owl:Thing
rc:Guatemala,rdfs:subClassOf,rc:CentralAmericanCountry
rc:Guatemala,rdfs:subClassOf,owl:Thing
rc:ProvincialPark_Canada,rdfs:subClassOf,rc:WildernessPark
rc:ProvincialPark_Canada,rdfs:subClassOf,owl:Thing
rc:Mississippi_State,rdfs:subClassOf,rc:State_UnitedStates
rc:Mississippi_State,rdfs:subClassOf,owl:Thing
rc:TurkicCountryOrTerritory,rdfs:subClassOf,rc:LanguageSpeakingCountryOrTerritory
rc:TurkicCountryOrTerritory,rdfs:subClassOf,owl:Thing
rc:Facility_Government_US,rdfs:subClassOf,rc:Facility_Construct
rc:Facility_Government_US,rdfs:subClassOf,owl:Thing
rc:AirForceBase,rdfs:subClassOf,rc:GovernmentalLandParcel
rc:AirForceBase,rdfs:subClassOf,owl:Thing
rc:TombStone,rdfs:subClassOf,rc:GraveMarker
rc:TombStone,rdfs:subClassOf,owl:Thing
rc:Bourgogne_RegionFrance,rdfs:subClassOf,rc:FrenchRegion
rc:Bourgogne_RegionFrance,rdfs:subClassOf,owl:Thing
rc:Zara_classCruiser,rdfs:subClassOf,rc:BattleCruiser
rc:Zara_classCruiser,rdfs:subClassOf,owl:Thing
rc:VirginIslandsNationalPark,rdfs:subClassOf,rc:NationalPark
rc:VirginIslandsNationalPark,rdfs:subClassOf,owl:Thing
rc:QuangTri_ProvinceVietnam,rdfs:subClassOf,rc:Province_Vietnam
rc:QuangTri_ProvinceVietnam,rdfs:subClassOf,owl:Thing
rc:Vieques,rdfs:subClassOf,rc:Island
rc:Vieques,rdfs:subClassOf,owl:Thing
rc:China_Historical,rdfs:subClassOf,rc:Historical_Region
rc:China_Historical,rdfs:subClassOf,owl:Thing
rc:HotelBuilding,rdfs:subClassOf,rc:CommercialBuilding
rc:HotelBuilding,rdfs:subClassOf,rc:HumanHighOccupancyConstruct
rc:HotelBuilding,rdfs:subClassOf,owl:Thing
rc:Opolskie_ProvincePoland,rdfs:subClassOf,rc:Province_Poland
rc:Opolskie_ProvincePoland,rdfs:subClassOf,owl:Thing
rc:U_5_classSubmarine_Austria_Hungary,rdfs:subClassOf,rc:U_Boat
rc:U_5_classSubmarine_Austria_Hungary,rdfs:subClassOf,owl:Thing
rc:Kinmen,rdfs:subClassOf,rc:FormosaStrait
rc:Kinmen,rdfs:subClassOf,owl:Thing
rc:SteamboatOfTheWillametteRiver,rdfs:subClassOf,rc:Steamboat
rc:SteamboatOfTheWillametteRiver,rdfs:subClassOf,owl:Thing
rc:WindFarmInTheGolanHeights,rdfs:subClassOf,rc:WindFarm
rc:WindFarmInTheGolanHeights,rdfs:subClassOf,owl:Thing
rc:FerrySlip,rdfs:subClassOf,rc:Dock
rc:FerrySlip,rdfs:subClassOf,owl:Thing
rc:RoseBowl,rdfs:subClassOf,rc:Landmark
rc:RoseBowl,rdfs:subClassOf,owl:Thing
rc:District_Turkey,rdfs:subClassOf,rc:SecondOrderAdministrativeDivision
rc:District_Turkey,rdfs:subClassOf,owl:Thing
rc:GrandCouleeDam,rdfs:subClassOf,rc:FederallyOwnedDam
rc:GrandCouleeDam,rdfs:subClassOf,owl:Thing
rc:SecondOrderAdministrativeDivision_Historical,rdfs:subClassOf,rc:SecondOrderAdministrativeDivision
rc:SecondOrderAdministrativeDivision_Historical,rdfs:subClassOf,owl:Thing
rc:Socken_Scandinavia,rdfs:subClassOf,rc:AdministrativeDistrict
rc:Socken_Scandinavia,rdfs:subClassOf,owl:Thing
rc:ObservationPoint,rdfs:subClassOf,rc:GeneralPoint
rc:ObservationPoint,rdfs:subClassOf,owl:Thing
rc:CollegeCampus,rdfs:subClassOf,rc:SchoolCampus
rc:CollegeCampus,rdfs:subClassOf,owl:Thing
rc:HarlemRenaissance,rdfs:subClassOf,rc:Harlem
rc:HarlemRenaissance,rdfs:subClassOf,owl:Thing
rc:DressingRoom,rdfs:subClassOf,rc:RoomInAConstruction
rc:DressingRoom,rdfs:subClassOf,owl:Thing
rc:HostileRegion,rdfs:subClassOf,rc:TacticalArea
rc:HostileRegion,rdfs:subClassOf,owl:Thing
rc:NavigationDam,rdfs:subClassOf,rc:Dam
rc:NavigationDam,rdfs:subClassOf,owl:Thing
rc:Helgoland_classBattleship,rdfs:subClassOf,rc:Dreadnought
rc:Helgoland_classBattleship,rdfs:subClassOf,owl:Thing
rc:RailroadStop,rdfs:subClassOf,rc:Railway
rc:RailroadStop,rdfs:subClassOf,owl:Thing
rc:Alberta_CanadianProvince,rdfs:subClassOf,rc:CanadianProvince
rc:Alberta_CanadianProvince,rdfs:subClassOf,owl:Thing
rc:EiffelTower,rdfs:subClassOf,rc:Landmark
rc:EiffelTower,rdfs:subClassOf,owl:Thing
rc:HollywoodBowl,rdfs:subClassOf,rc:Stadium
rc:HollywoodBowl,rdfs:subClassOf,owl:Thing
rc:IrrigationDam,rdfs:subClassOf,rc:Dam
rc:IrrigationDam,rdfs:subClassOf,owl:Thing
rc:Phoenicia,rdfs:subClassOf,rc:Country
rc:Phoenicia,rdfs:subClassOf,owl:Thing
rc:Library_Building,rdfs:subClassOf,rc:EducationalResearchBuildingStructure
rc:Library_Building,rdfs:subClassOf,rc:HumanHighOccupancyConstruct
rc:Library_Building,rdfs:subClassOf,owl:Thing
rc:HawaiianIslands,rdfs:subClassOf,rc:Archipelago
rc:HawaiianIslands,rdfs:subClassOf,owl:Thing
rc:CumberlandRiver,rdfs:subClassOf,rc:River
rc:CumberlandRiver,rdfs:subClassOf,owl:Thing
rc:SubmarineTender,rdfs:subClassOf,rc:MaterialSupportShip
rc:SubmarineTender,rdfs:subClassOf,owl:Thing
rc:AttackSubmarine,rdfs:subClassOf,rc:Submarine_Military
rc:AttackSubmarine,rdfs:subClassOf,owl:Thing
rc:WaterCastle,rdfs:subClassOf,rc:Castle
rc:WaterCastle,rdfs:subClassOf,owl:Thing
rc:Gianyar,rdfs:subClassOf,rc:BaliIsland_Indonesia
rc:Gianyar,rdfs:subClassOf,owl:Thing
rc:TehamaCountyCalifornia,rdfs:subClassOf,rc:NorthernCalifornia
rc:TehamaCountyCalifornia,rdfs:subClassOf,owl:Thing
rc:NordicRuralMunicipality,rdfs:subClassOf,rc:MunicipalityByCountry
rc:NordicRuralMunicipality,rdfs:subClassOf,owl:Thing
rc:SkateboardingSpot,rdfs:subClassOf,rc:SportsGround
rc:SkateboardingSpot,rdfs:subClassOf,rc:SportsPlayingArea
rc:SkateboardingSpot,rdfs:subClassOf,owl:Thing
rc:CadastralCommunity,rdfs:subClassOf,rc:Municipality
rc:CadastralCommunity,rdfs:subClassOf,owl:Thing
rc:OrionsBelt,rdfs:subClassOf,rc:Asterism
rc:OrionsBelt,rdfs:subClassOf,owl:Thing
rc:LlanoEstacado,rdfs:subClassOf,rc:GreatPlains_USRegion
rc:LlanoEstacado,rdfs:subClassOf,owl:Thing
rc:RuralCouncil_Ukraine,rdfs:subClassOf,rc:AdministrativeDistrict
rc:RuralCouncil_Ukraine,rdfs:subClassOf,owl:Thing
rc:Workshop,rdfs:subClassOf,rc:RoomInAConstruction
rc:Workshop,rdfs:subClassOf,owl:Thing
rc:MonoCountyCalifornia,rdfs:subClassOf,rc:NorthernCalifornia
rc:MonoCountyCalifornia,rdfs:subClassOf,owl:Thing
rc:Chopstick,rdfs:subClassOf,rc:FoodUtensil
rc:Chopstick,rdfs:subClassOf,owl:Thing
rc:CantonOfSchaffhausen,rdfs:subClassOf,rc:Canton_Swiss
rc:CantonOfSchaffhausen,rdfs:subClassOf,owl:Thing
rc:Triangulum_Constellation,rdfs:subClassOf,rc:Constellation
rc:Triangulum_Constellation,rdfs:subClassOf,owl:Thing
rc:SouthTexas,rdfs:subClassOf,rc:Southwest_USRegion
rc:SouthTexas,rdfs:subClassOf,owl:Thing
rc:CadastralArea_CzechRepublic,rdfs:subClassOf,rc:CadastralCommunity
rc:CadastralArea_CzechRepublic,rdfs:subClassOf,owl:Thing
rc:KennedyAirport,rdfs:subClassOf,rc:CommercialAirport
rc:KennedyAirport,rdfs:subClassOf,owl:Thing
rc:HistoricalSite,rdfs:subClassOf,rc:ProtectedArea
rc:HistoricalSite,rdfs:subClassOf,owl:Thing
rc:Facility_Water,rdfs:subClassOf,rc:ArtificialWaterFeature_POI
rc:Facility_Water,rdfs:subClassOf,owl:Thing
rc:Stornoway,rdfs:subClassOf,rc:Town
rc:Stornoway,rdfs:subClassOf,owl:Thing
rc:ChesterfieldIslands_NewCaledonia,rdfs:subClassOf,rc:Archipelago
rc:ChesterfieldIslands_NewCaledonia,rdfs:subClassOf,owl:Thing
rc:PickupZone,rdfs:subClassOf,rc:TacticalArea
rc:PickupZone,rdfs:subClassOf,owl:Thing
rc:Mississippi_classBattleship,rdfs:subClassOf,rc:PreDreadnoughtBattleship
rc:Mississippi_classBattleship,rdfs:subClassOf,owl:Thing
rc:LoggingCamp,rdfs:subClassOf,rc:Campsite
rc:LoggingCamp,rdfs:subClassOf,owl:Thing
rc:Onsen,rdfs:subClassOf,rc:ResortFacility
rc:Onsen,rdfs:subClassOf,owl:Thing
rc:PedalBoat,rdfs:subClassOf,rc:Watercraft_Small
rc:PedalBoat,rdfs:subClassOf,owl:Thing
rc:China_PeoplesRepublic,rdfs:subClassOf,rc:Country
rc:China_PeoplesRepublic,rdfs:subClassOf,owl:Thing
rc:EmigrantTrailInWyoming,rdfs:subClassOf,rc:Trail
rc:EmigrantTrailInWyoming,rdfs:subClassOf,owl:Thing
rc:MusicStudio,rdfs:subClassOf,rc:Studio
rc:MusicStudio,rdfs:subClassOf,owl:Thing
rc:IrrigationDitch,rdfs:subClassOf,rc:Ditch
rc:IrrigationDitch,rdfs:subClassOf,owl:Thing
rc:UndergroundRapidTransitSystem,rdfs:subClassOf,rc:Subway
rc:UndergroundRapidTransitSystem,rdfs:subClassOf,owl:Thing
rc:ReorganisationOfIndianStates,rdfs:subClassOf,rc:State_India
rc:ReorganisationOfIndianStates,rdfs:subClassOf,owl:Thing
rc:Crevasse,rdfs:subClassOf,rc:Crevice_Topographical
rc:Crevasse,rdfs:subClassOf,owl:Thing
rc:ElkIslandNationalPark,rdfs:subClassOf,rc:NationalPark
rc:ElkIslandNationalPark,rdfs:subClassOf,owl:Thing
rc:Nicaragua,rdfs:subClassOf,rc:CentralAmericanCountry
rc:Nicaragua,rdfs:subClassOf,owl:Thing
rc:PrinzAdalbert_classCruiser,rdfs:subClassOf,rc:ArmoredCruiser
rc:PrinzAdalbert_classCruiser,rdfs:subClassOf,owl:Thing
rc:CoahuilaDeZaragoza_StateMexico,rdfs:subClassOf,rc:State_Mexico
rc:CoahuilaDeZaragoza_StateMexico,rdfs:subClassOf,owl:Thing
rc:GreatWallOfChina,rdfs:subClassOf,rc:Monument
rc:GreatWallOfChina,rdfs:subClassOf,owl:Thing
rc:ObservationPost,rdfs:subClassOf,rc:CombatPosition
rc:ObservationPost,rdfs:subClassOf,rc:InspectionFacility
rc:ObservationPost,rdfs:subClassOf,rc:TacticalPoint
rc:ObservationPost,rdfs:subClassOf,owl:Thing
rc:Leo_Constellation,rdfs:subClassOf,rc:ZodiacConstellation
rc:Leo_Constellation,rdfs:subClassOf,owl:Thing
rc:Upland,rdfs:subClassOf,rc:NaturalElevation
rc:Upland,rdfs:subClassOf,owl:Thing
rc:SteamboatOfTheYukonRiver,rdfs:subClassOf,rc:Steamboat
rc:SteamboatOfTheYukonRiver,rdfs:subClassOf,owl:Thing
rc:VirginIslandsOfTheUnitedStates,rdfs:subClassOf,rc:Territory_US
rc:VirginIslandsOfTheUnitedStates,rdfs:subClassOf,owl:Thing
rc:PumiceStone,rdfs:subClassOf,rc:Stone
rc:PumiceStone,rdfs:subClassOf,owl:Thing
rc:NorthWest_ProvinceSouthAfrica,rdfs:subClassOf,rc:Province_RepublicOfSouthAfrica
rc:NorthWest_ProvinceSouthAfrica,rdfs:subClassOf,owl:Thing
rc:District_Uganda,rdfs:subClassOf,rc:SecondOrderAdministrativeDivision
rc:District_Uganda,rdfs:subClassOf,owl:Thing
rc:NamibDesert,rdfs:subClassOf,rc:Desert
rc:NamibDesert,rdfs:subClassOf,owl:Thing
rc:LeoTriplet,rdfs:subClassOf,rc:Leo_Constellation
rc:LeoTriplet,rdfs:subClassOf,owl:Thing
rc:MaroniteCathedral,rdfs:subClassOf,rc:Cathedral
rc:MaroniteCathedral,rdfs:subClassOf,owl:Thing
rc:FerryStation,rdfs:subClassOf,rc:PublicTerminal
rc:FerryStation,rdfs:subClassOf,owl:Thing
rc:Municipality_Bulgaria,rdfs:subClassOf,rc:MunicipalityByCountry
rc:Municipality_Bulgaria,rdfs:subClassOf,owl:Thing
rc:SupplementaryTerrainFeature,rdfs:subClassOf,rc:LandTopographicalFeature
rc:SupplementaryTerrainFeature,rdfs:subClassOf,owl:Thing
rc:Mafikeng,rdfs:subClassOf,rc:NorthWest_ProvinceSouthAfrica
rc:Mafikeng,rdfs:subClassOf,owl:Thing
rc:KennedySpaceCenter,rdfs:subClassOf,rc:SpaceLaunchFacility
rc:KennedySpaceCenter,rdfs:subClassOf,owl:Thing
rc:FormerPopulatedPlaceInEasternEurope,rdfs:subClassOf,rc:PopulatedPlace_Historical
rc:FormerPopulatedPlaceInEasternEurope,rdfs:subClassOf,owl:Thing
rc:Brechou_Island,rdfs:subClassOf,rc:Island
rc:Brechou_Island,rdfs:subClassOf,owl:Thing
rc:LanguedocRoussillon,rdfs:subClassOf,rc:FrenchRegion
rc:LanguedocRoussillon,rdfs:subClassOf,owl:Thing
rc:PublicWaterSystem,rdfs:subClassOf,rc:WaterSupplyNetwork
rc:PublicWaterSystem,rdfs:subClassOf,owl:Thing
rc:Flores_Island,rdfs:subClassOf,rc:Island
rc:Flores_Island,rdfs:subClassOf,owl:Thing
rc:District_Uzbekistan,rdfs:subClassOf,rc:SecondOrderAdministrativeDivision
rc:District_Uzbekistan,rdfs:subClassOf,owl:Thing
rc:Boomtown,rdfs:subClassOf,rc:Town
rc:Boomtown,rdfs:subClassOf,owl:Thing
rc:MeteorologicalInstitutionOrStation,rdfs:subClassOf,rc:ResearchFacility
rc:MeteorologicalInstitutionOrStation,rdfs:subClassOf,owl:Thing
rc:Satakunta,rdfs:subClassOf,rc:WesternFinland_ProvinceFinland
rc:Satakunta,rdfs:subClassOf,owl:Thing
rc:DistributionNetworkOperator,rdfs:subClassOf,rc:ElectricPowerGrid
rc:DistributionNetworkOperator,rdfs:subClassOf,owl:Thing
rc:Cut_Topographical,rdfs:subClassOf,rc:SupplementaryTerrainFeature
rc:Cut_Topographical,rdfs:subClassOf,owl:Thing
rc:WesternEurope,rdfs:subClassOf,rc:GeoculturalRegion
rc:WesternEurope,rdfs:subClassOf,owl:Thing
rc:EasternFinland_ProvinceFinland,rdfs:subClassOf,rc:Province_Finland
rc:EasternFinland_ProvinceFinland,rdfs:subClassOf,owl:Thing
rc:Limburg_ProvinceBelgium,rdfs:subClassOf,rc:Province_Belgium
rc:Limburg_ProvinceBelgium,rdfs:subClassOf,owl:Thing
rc:RedSeaGovernorate,rdfs:subClassOf,rc:Governorate
rc:RedSeaGovernorate,rdfs:subClassOf,owl:Thing
rc:Tissemsilt_ProvinceAlgeria,rdfs:subClassOf,rc:Province_Algeria
rc:Tissemsilt_ProvinceAlgeria,rdfs:subClassOf,owl:Thing
rc:LualabaRiver,rdfs:subClassOf,rc:River
rc:LualabaRiver,rdfs:subClassOf,owl:Thing
rc:GizaPlateau,rdfs:subClassOf,rc:Plateau
rc:GizaPlateau,rdfs:subClassOf,owl:Thing
rc:EasternGhats_Mountains,rdfs:subClassOf,rc:MountainRange
rc:EasternGhats_Mountains,rdfs:subClassOf,owl:Thing
rc:RuralDistrict_Germany,rdfs:subClassOf,rc:ThirdOrderAdministrativeDivision
rc:RuralDistrict_Germany,rdfs:subClassOf,owl:Thing
rc:MindoroOccidental_ProvincePhilippines,rdfs:subClassOf,rc:Province_Philippines
rc:MindoroOccidental_ProvincePhilippines,rdfs:subClassOf,owl:Thing
rc:Municipality_Catalonia,rdfs:subClassOf,rc:MunicipalityByCountry
rc:Municipality_Catalonia,rdfs:subClassOf,owl:Thing
rc:CantonOfSchwyz,rdfs:subClassOf,rc:Canton_Swiss
rc:CantonOfSchwyz,rdfs:subClassOf,owl:Thing
rc:Tehran_ProvinceIran,rdfs:subClassOf,rc:Province_Iran
rc:Tehran_ProvinceIran,rdfs:subClassOf,owl:Thing
rc:TransPecos,rdfs:subClassOf,rc:WestTexas
rc:TransPecos,rdfs:subClassOf,owl:Thing
rc:LectureHall,rdfs:subClassOf,rc:Classroom
rc:LectureHall,rdfs:subClassOf,rc:PersonAssemblyRoom
rc:LectureHall,rdfs:subClassOf,owl:Thing
rc:RedSeaRiviera,rdfs:subClassOf,rc:RedSea
rc:RedSeaRiviera,rdfs:subClassOf,owl:Thing
rc:HorizontalCoordinateSystem,rdfs:subClassOf,rc:CelestialCoordinateSystem
rc:HorizontalCoordinateSystem,rdfs:subClassOf,owl:Thing
rc:CountriesInAfrica,rdfs:subClassOf,rc:ContinentOfAfrica
rc:CountriesInAfrica,rdfs:subClassOf,owl:Thing
rc:SilicaSand,rdfs:subClassOf,rc:Sand
rc:SilicaSand,rdfs:subClassOf,owl:Thing
rc:Schooner,rdfs:subClassOf,rc:TallShip
rc:Schooner,rdfs:subClassOf,owl:Thing
rc:PicnicSite,rdfs:subClassOf,rc:Park
rc:PicnicSite,rdfs:subClassOf,owl:Thing
rc:Shah_DenizGasField,rdfs:subClassOf,rc:NaturalGasField
rc:Shah_DenizGasField,rdfs:subClassOf,owl:Thing
rc:RapidCitySouthDakota,rdfs:subClassOf,rc:BlackHills_Mountains
rc:RapidCitySouthDakota,rdfs:subClassOf,owl:Thing
rc:Graubunden,rdfs:subClassOf,rc:Canton_Swiss
rc:Graubunden,rdfs:subClassOf,owl:Thing
rc:MathewsCountyVirginia,rdfs:subClassOf,rc:USCounty
rc:MathewsCountyVirginia,rdfs:subClassOf,owl:Thing
rc:RuralDistrict_Iran,rdfs:subClassOf,rc:AdministrativeDistrict
rc:RuralDistrict_Iran,rdfs:subClassOf,owl:Thing
rc:Kronshtadt_classBattlecruiser,rdfs:subClassOf,rc:BattleCruiser
rc:Kronshtadt_classBattlecruiser,rdfs:subClassOf,owl:Thing
rc:BabyPlayYard,rdfs:subClassOf,rc:HumanlyOccupiedSpatialObject
rc:BabyPlayYard,rdfs:subClassOf,owl:Thing
rc:M_classCruiser,rdfs:subClassOf,rc:LightCruiser
rc:M_classCruiser,rdfs:subClassOf,owl:Thing
rc:SteamboatTransportOnTheColoradoRiver,rdfs:subClassOf,rc:Steamboat
rc:SteamboatTransportOnTheColoradoRiver,rdfs:subClassOf,owl:Thing
rc:ObservationTower,rdfs:subClassOf,rc:Building
rc:ObservationTower,rdfs:subClassOf,rc:CommunicationTower
rc:ObservationTower,rdfs:subClassOf,owl:Thing
rc:SouthWesternGhatsMoistDeciduousForests,rdfs:subClassOf,rc:SubtropicalForest
rc:SouthWesternGhatsMoistDeciduousForests,rdfs:subClassOf,owl:Thing
rc:PreCutHome,rdfs:subClassOf,rc:FactoryBuiltHome
rc:PreCutHome,rdfs:subClassOf,owl:Thing
rc:BritishIsles,rdfs:subClassOf,rc:Archipelago
rc:BritishIsles,rdfs:subClassOf,rc:WesternEurope
rc:BritishIsles,rdfs:subClassOf,owl:Thing
rc:Ontario_CanadianProvince,rdfs:subClassOf,rc:CanadianProvince
rc:Ontario_CanadianProvince,rdfs:subClassOf,owl:Thing
rc:CantonOfSolothurn,rdfs:subClassOf,rc:Canton_Swiss
rc:CantonOfSolothurn,rdfs:subClassOf,owl:Thing
rc:Namibia,rdfs:subClassOf,rc:Country
rc:Namibia,rdfs:subClassOf,owl:Thing
rc:Carina_Constellation,rdfs:subClassOf,rc:Constellation
rc:Carina_Constellation,rdfs:subClassOf,owl:Thing
rc:FormerPopulatedPlaceInTheUnitedStates,rdfs:subClassOf,rc:PopulatedPlace_Historical
rc:FormerPopulatedPlaceInTheUnitedStates,rdfs:subClassOf,owl:Thing
rc:BirdPark,rdfs:subClassOf,rc:AnimalSanctuary
rc:BirdPark,rdfs:subClassOf,owl:Thing
rc:PicnicTable,rdfs:subClassOf,rc:Outdoors_ExposedToWeather
rc:PicnicTable,rdfs:subClassOf,owl:Thing
rc:CanesVenatici_Constellation,rdfs:subClassOf,rc:Constellation
rc:CanesVenatici_Constellation,rdfs:subClassOf,owl:Thing
rc:AustralianIndianOceanTerritories,rdfs:subClassOf,rc:State_Australia
rc:AustralianIndianOceanTerritories,rdfs:subClassOf,owl:Thing
rc:FreeSpaceContent,rdfs:subClassOf,kko:AreaRegion
rc:FreeSpaceContent,rdfs:subClassOf,owl:Thing
rc:CarinaNebula,rdfs:subClassOf,rc:Carina_Constellation
rc:CarinaNebula,rdfs:subClassOf,owl:Thing
rc:SuspensionBridge,rdfs:subClassOf,rc:BridgeTypeBySupportType
rc:SuspensionBridge,rdfs:subClassOf,owl:Thing
rc:Sonora_StateMexico,rdfs:subClassOf,rc:State_Mexico
rc:Sonora_StateMexico,rdfs:subClassOf,owl:Thing
rc:TriumphalArchInTheRomanForum,rdfs:subClassOf,rc:TriumphalArch
rc:TriumphalArchInTheRomanForum,rdfs:subClassOf,owl:Thing
rc:Province_Turkey,rdfs:subClassOf,rc:Province
rc:Province_Turkey,rdfs:subClassOf,owl:Thing
rc:RailroadSwitch,rdfs:subClassOf,rc:Railway
rc:RailroadSwitch,rdfs:subClassOf,owl:Thing
rc:ProductionArea,rdfs:subClassOf,rc:SpaceInAFixedHOC
rc:ProductionArea,rdfs:subClassOf,owl:Thing
rc:HotAirBalloonGondola,rdfs:subClassOf,rc:PassengerCompartment
rc:HotAirBalloonGondola,rdfs:subClassOf,owl:Thing
rc:AirspaceRegion,rdfs:subClassOf,rc:FreeSpaceContent
rc:AirspaceRegion,rdfs:subClassOf,rc:Place_Generic
rc:AirspaceRegion,rdfs:subClassOf,owl:Thing
rc:HungarianSpeakingCountryOrTerritory,rdfs:subClassOf,rc:LanguageSpeakingCountryOrTerritory
rc:HungarianSpeakingCountryOrTerritory,rdfs:subClassOf,owl:Thing
rc:WestAfrica,rdfs:subClassOf,rc:SubSaharanAfrica
rc:WestAfrica,rdfs:subClassOf,owl:Thing
rc:MindoroOriental_ProvincePhilippines,rdfs:subClassOf,rc:Province_Philippines
rc:MindoroOriental_ProvincePhilippines,rdfs:subClassOf,owl:Thing
rc:Luanda_ProvinceAngola,rdfs:subClassOf,rc:Province_Angola
rc:Luanda_ProvinceAngola,rdfs:subClassOf,owl:Thing
rc:Vardak_ProvinceAfghanistan,rdfs:subClassOf,rc:Province_Afghanistan
rc:Vardak_ProvinceAfghanistan,rdfs:subClassOf,owl:Thing
rc:DelNorteCountyCalifornia,rdfs:subClassOf,rc:NorthernCalifornia
rc:DelNorteCountyCalifornia,rdfs:subClassOf,owl:Thing
rc:RedSeaState,rdfs:subClassOf,rc:RedSea
rc:RedSeaState,rdfs:subClassOf,owl:Thing
rc:Municipality_Colombia,rdfs:subClassOf,rc:MunicipalityByCountry
rc:Municipality_Colombia,rdfs:subClassOf,owl:Thing
rc:RetailOutlet,rdfs:subClassOf,rc:CommercialFacility
rc:RetailOutlet,rdfs:subClassOf,owl:Thing
rc:SubnationalHeritageSite,rdfs:subClassOf,rc:HistoricalSite
rc:SubnationalHeritageSite,rdfs:subClassOf,owl:Thing
rc:Place_Situational,rdfs:subClassOf,rc:Place_Generic
rc:Place_Situational,rdfs:subClassOf,owl:Thing
rc:Bosaso,rdfs:subClassOf,rc:Puntland
rc:Bosaso,rdfs:subClassOf,owl:Thing
rc:AztecSite,rdfs:subClassOf,rc:ArchaeologicalSite
rc:AztecSite,rdfs:subClassOf,owl:Thing
rc:District_WardakProvince,rdfs:subClassOf,rc:District
rc:District_WardakProvince,rdfs:subClassOf,rc:Vardak_ProvinceAfghanistan
rc:District_WardakProvince,rdfs:subClassOf,owl:Thing
rc:TaxiStand,rdfs:subClassOf,rc:TransportFacility
rc:TaxiStand,rdfs:subClassOf,owl:Thing
rc:Bartin_ProvinceTurkey,rdfs:subClassOf,rc:Province_Turkey
rc:Bartin_ProvinceTurkey,rdfs:subClassOf,owl:Thing
rc:LandingShip,rdfs:subClassOf,rc:AmphibiousWarfareShip
rc:LandingShip,rdfs:subClassOf,owl:Thing
rc:LevantCountry,rdfs:subClassOf,rc:MiddleEasternCountry
rc:LevantCountry,rdfs:subClassOf,owl:Thing
rc:ShoppingMallBuilding,rdfs:subClassOf,rc:CommercialBuilding
rc:ShoppingMallBuilding,rdfs:subClassOf,rc:HumanHighOccupancyConstruct
rc:ShoppingMallBuilding,rdfs:subClassOf,owl:Thing
rc:RuralDistrict_Kazakhstan,rdfs:subClassOf,rc:ThirdOrderAdministrativeDivision
rc:RuralDistrict_Kazakhstan,rdfs:subClassOf,owl:Thing
rc:EocenePaleontologicalSite,rdfs:subClassOf,rc:AncientArchaeologicalSite
rc:EocenePaleontologicalSite,rdfs:subClassOf,owl:Thing
rc:RetailStoreSpace,rdfs:subClassOf,rc:CommercialPublicPlace
rc:RetailStoreSpace,rdfs:subClassOf,rc:MultiRoomUnit
rc:RetailStoreSpace,rdfs:subClassOf,rc:RetailOutlet
rc:RetailStoreSpace,rdfs:subClassOf,owl:Thing
rc:Monoceros_Constellation,rdfs:subClassOf,rc:Constellation
rc:Monoceros_Constellation,rdfs:subClassOf,owl:Thing
rc:UnpavedPathArtifact,rdfs:subClassOf,rc:PathArtifact_HumanOccupied
rc:UnpavedPathArtifact,rdfs:subClassOf,owl:Thing
rc:Eilat,rdfs:subClassOf,rc:City
rc:Eilat,rdfs:subClassOf,owl:Thing
rc:RelativeLocation,rdfs:subClassOf,rc:Place_Situational
rc:RelativeLocation,rdfs:subClassOf,owl:Thing
rc:CantonOfStGallen,rdfs:subClassOf,rc:Canton_Swiss
rc:CantonOfStGallen,rdfs:subClassOf,owl:Thing
rc:KaohKong_ProvinceCambodia,rdfs:subClassOf,rc:Province_Cambodia
rc:KaohKong_ProvinceCambodia,rdfs:subClassOf,owl:Thing
rc:VirginiaBeachVirginia,rdfs:subClassOf,rc:City
rc:VirginiaBeachVirginia,rdfs:subClassOf,owl:Thing
rc:UnitedArabRepublic,rdfs:subClassOf,rc:LevantCountry
rc:UnitedArabRepublic,rdfs:subClassOf,owl:Thing
rc:IndoorShoppingMall,rdfs:subClassOf,rc:ShoppingMallBuilding
rc:IndoorShoppingMall,rdfs:subClassOf,owl:Thing
rc:Dorsum_Planetary,rdfs:subClassOf,rc:Ridge_Hill
rc:Dorsum_Planetary,rdfs:subClassOf,owl:Thing
rc:Coal,rdfs:subClassOf,rc:FossilFuel
rc:Coal,rdfs:subClassOf,owl:Thing
rc:CountriesInAsia,rdfs:subClassOf,rc:ContinentOfAsia
rc:CountriesInAsia,rdfs:subClassOf,owl:Thing
rc:ColossusOfRhodes,rdfs:subClassOf,rc:Landmark
rc:ColossusOfRhodes,rdfs:subClassOf,owl:Thing
rc:StateCapitolBuilding,rdfs:subClassOf,rc:GovernmentalBuilding
rc:StateCapitolBuilding,rdfs:subClassOf,owl:Thing
rc:Tsukuba_classCruiser,rdfs:subClassOf,rc:Cruiser
rc:Tsukuba_classCruiser,rdfs:subClassOf,owl:Thing
rc:GlacialLake,rdfs:subClassOf,rc:Lake
rc:GlacialLake,rdfs:subClassOf,owl:Thing
rc:SocotraIsland,rdfs:subClassOf,rc:Island
rc:SocotraIsland,rdfs:subClassOf,owl:Thing
rc:InfantryLandingShip,rdfs:subClassOf,rc:LandingShip
rc:InfantryLandingShip,rdfs:subClassOf,owl:Thing
rc:Pyrenees_Mountains,rdfs:subClassOf,rc:MountainRange
rc:Pyrenees_Mountains,rdfs:subClassOf,owl:Thing
rc:Field_Land,rdfs:subClassOf,rc:LandTopographicalFeature
rc:Field_Land,rdfs:subClassOf,rc:OpenArea
rc:Field_Land,rdfs:subClassOf,rc:RuralArea
rc:Field_Land,rdfs:subClassOf,owl:Thing
rc:Underwater,rdfs:subClassOf,rc:RelativeLocation
rc:Underwater,rdfs:subClassOf,owl:Thing
rc:CountriesInCentralAmerica,rdfs:subClassOf,rc:CentralAmerica
rc:CountriesInCentralAmerica,rdfs:subClassOf,owl:Thing
rc:Pinnacle_Undersea,rdfs:subClassOf,rc:UnderwaterTopographicalFeature
rc:Pinnacle_Undersea,rdfs:subClassOf,owl:Thing
rc:FlyingFreehold,rdfs:subClassOf,kko:Places
rc:FlyingFreehold,rdfs:subClassOf,owl:Thing
rc:Boutique,rdfs:subClassOf,rc:RetailStoreSpace
rc:Boutique,rdfs:subClassOf,owl:Thing
rc:Krosno_ProvincePoland,rdfs:subClassOf,rc:Province_Poland
rc:Krosno_ProvincePoland,rdfs:subClassOf,owl:Thing
rc:GroundFreezing,rdfs:subClassOf,rc:DirtSoil
rc:GroundFreezing,rdfs:subClassOf,owl:Thing
rc:Cerdanya,rdfs:subClassOf,rc:Pyrenees_Mountains
rc:Cerdanya,rdfs:subClassOf,owl:Thing
rc:AmbassadorsToTheUnitedArabRepublic,rdfs:subClassOf,rc:UnitedArabRepublic
rc:AmbassadorsToTheUnitedArabRepublic,rdfs:subClassOf,owl:Thing
rc:InterduneTrough,rdfs:subClassOf,rc:LandTopographicalFeature
rc:InterduneTrough,rdfs:subClassOf,rc:SandySoilRegion
rc:InterduneTrough,rdfs:subClassOf,owl:Thing
rc:Arizona_State,rdfs:subClassOf,rc:State_UnitedStates
rc:Arizona_State,rdfs:subClassOf,owl:Thing
rc:Field_Agriculture,rdfs:subClassOf,rc:ArableLand
rc:Field_Agriculture,rdfs:subClassOf,rc:Field_Land
rc:Field_Agriculture,rdfs:subClassOf,owl:Thing
rc:Graudenz_classCruiser,rdfs:subClassOf,rc:LightCruiser
rc:Graudenz_classCruiser,rdfs:subClassOf,owl:Thing
rc:NamibiaConstituency,rdfs:subClassOf,rc:Constituency
rc:NamibiaConstituency,rdfs:subClassOf,owl:Thing
rc:Kurdistan_ProvinceIran,rdfs:subClassOf,rc:Province_Iran
rc:Kurdistan_ProvinceIran,rdfs:subClassOf,owl:Thing
rc:ImprovedSurface_PathArtifact,rdfs:subClassOf,rc:UnpavedPathArtifact
rc:ImprovedSurface_PathArtifact,rdfs:subClassOf,owl:Thing
rc:Priory,rdfs:subClassOf,rc:Monastery_Residence
rc:Priory,rdfs:subClassOf,owl:Thing
rc:ZealandiaContinent,rdfs:subClassOf,rc:Oceania_Region
rc:ZealandiaContinent,rdfs:subClassOf,owl:Thing
rc:Orizaba_Volcano,rdfs:subClassOf,rc:Stratovolcano
rc:Orizaba_Volcano,rdfs:subClassOf,owl:Thing
rc:TierraDelFuegoProvinceArgentina,rdfs:subClassOf,rc:TierraDelFuego_TerritoryArgentina
rc:TierraDelFuegoProvinceArgentina,rdfs:subClassOf,owl:Thing
rc:UnderwaterLocation,rdfs:subClassOf,rc:Underwater
rc:UnderwaterLocation,rdfs:subClassOf,owl:Thing
rc:Taipei,rdfs:subClassOf,rc:Formosa_Island
rc:Taipei,rdfs:subClassOf,owl:Thing
rc:NatureReserve,rdfs:subClassOf,rc:Reserve_OutdoorRegion
rc:NatureReserve,rdfs:subClassOf,owl:Thing
rc:WestGermany,rdfs:subClassOf,rc:Country
rc:WestGermany,rdfs:subClassOf,owl:Thing
rc:IraqiKurdistan,rdfs:subClassOf,rc:Kurdistan_ProvinceIran
rc:IraqiKurdistan,rdfs:subClassOf,owl:Thing
rc:RailroadTurntable,rdfs:subClassOf,rc:Railway
rc:RailroadTurntable,rdfs:subClassOf,owl:Thing
rc:KensingtonPalace_London,rdfs:subClassOf,rc:Landmark
rc:KensingtonPalace_London,rdfs:subClassOf,rc:OfficialResidence
rc:KensingtonPalace_London,rdfs:subClassOf,owl:Thing
rc:NamosiProvince,rdfs:subClassOf,rc:VitiLevu_Island
rc:NamosiProvince,rdfs:subClassOf,owl:Thing
rc:HungarianSpeakingTerritory,rdfs:subClassOf,rc:LanguageSpeakingCountryOrTerritory
rc:HungarianSpeakingTerritory,rdfs:subClassOf,owl:Thing
rc:ReginaElena_classBattleship,rdfs:subClassOf,rc:PreDreadnoughtBattleship
rc:ReginaElena_classBattleship,rdfs:subClassOf,owl:Thing
rc:PolishSpeakingCountryOrTerritory,rdfs:subClassOf,rc:LanguageSpeakingCountryOrTerritory
rc:PolishSpeakingCountryOrTerritory,rdfs:subClassOf,owl:Thing
rc:WindTunnel,rdfs:subClassOf,rc:Tunnel
rc:WindTunnel,rdfs:subClassOf,owl:Thing
rc:Novitiate_Building,rdfs:subClassOf,rc:ReligiousBuilding
rc:Novitiate_Building,rdfs:subClassOf,owl:Thing
rc:LunarTopographicalFeature,rdfs:subClassOf,rc:LandTopographicalFeature
rc:LunarTopographicalFeature,rdfs:subClassOf,owl:Thing
rc:CroatianSpeakingCountryOrTerritory,rdfs:subClassOf,rc:LanguageSpeakingCountryOrTerritory
rc:CroatianSpeakingCountryOrTerritory,rdfs:subClassOf,owl:Thing
rc:Sanctuary,rdfs:subClassOf,rc:GeographicalPlace_Area
rc:Sanctuary,rdfs:subClassOf,owl:Thing
rc:GraveField,rdfs:subClassOf,rc:Gravesite
rc:GraveField,rdfs:subClassOf,rc:LandParcel
rc:GraveField,rdfs:subClassOf,owl:Thing
rc:Skatepark,rdfs:subClassOf,rc:SkateboardingSpot
rc:Skatepark,rdfs:subClassOf,owl:Thing
rc:Oaxaca_StateMexico,rdfs:subClassOf,rc:State_Mexico
rc:Oaxaca_StateMexico,rdfs:subClassOf,owl:Thing
rc:Municipality_Croatia,rdfs:subClassOf,rc:MunicipalityByCountry
rc:Municipality_Croatia,rdfs:subClassOf,owl:Thing
rc:LubbockCountyTexas,rdfs:subClassOf,rc:WestTexas
rc:LubbockCountyTexas,rdfs:subClassOf,owl:Thing
rc:Cornfield,rdfs:subClassOf,rc:Field_Agriculture
rc:Cornfield,rdfs:subClassOf,owl:Thing
rc:Ark,rdfs:subClassOf,rc:Watercraft
rc:Ark,rdfs:subClassOf,owl:Thing
rc:Mali,rdfs:subClassOf,rc:Country
rc:Mali,rdfs:subClassOf,owl:Thing
rc:SocotraGovernorate,rdfs:subClassOf,rc:Governorate
rc:SocotraGovernorate,rdfs:subClassOf,rc:SocotraIsland
rc:SocotraGovernorate,rdfs:subClassOf,owl:Thing
rc:MineWarfareShip,rdfs:subClassOf,rc:ModernNavalShip
rc:MineWarfareShip,rdfs:subClassOf,owl:Thing
rc:AndhraPradesh,rdfs:subClassOf,rc:State_India
rc:AndhraPradesh,rdfs:subClassOf,owl:Thing
rc:JewishCemetery,rdfs:subClassOf,rc:Graveyard
rc:JewishCemetery,rdfs:subClassOf,owl:Thing
rc:Mare_Lunar,rdfs:subClassOf,rc:OpenArea
rc:Mare_Lunar,rdfs:subClassOf,rc:Plain_Topographical
rc:Mare_Lunar,rdfs:subClassOf,owl:Thing
rc:JuteMill,rdfs:subClassOf,rc:Mill_ManufacturingFacility
rc:JuteMill,rdfs:subClassOf,owl:Thing
rc:Stadium_Indoor,rdfs:subClassOf,rc:Stadium
rc:Stadium_Indoor,rdfs:subClassOf,owl:Thing
rc:MidLatitudeMixedForest,rdfs:subClassOf,rc:Forest
rc:MidLatitudeMixedForest,rdfs:subClassOf,owl:Thing
rc:ReginaMargherita_classBattleship,rdfs:subClassOf,rc:Battleship
rc:ReginaMargherita_classBattleship,rdfs:subClassOf,owl:Thing
rc:EasternHighlandsMoistDeciduousForest,rdfs:subClassOf,rc:SubtropicalForest
rc:EasternHighlandsMoistDeciduousForest,rdfs:subClassOf,owl:Thing
rc:WestAzerbaijan_ProvinceIran,rdfs:subClassOf,rc:Province_Iran
rc:WestAzerbaijan_ProvinceIran,rdfs:subClassOf,owl:Thing
rc:PatrolBoat,rdfs:subClassOf,rc:Boat
rc:PatrolBoat,rdfs:subClassOf,rc:PatrolWatercraft
rc:PatrolBoat,rdfs:subClassOf,owl:Thing
rc:TiszaRiver,rdfs:subClassOf,rc:River
rc:TiszaRiver,rdfs:subClassOf,owl:Thing
rc:WildlifeSanctuary,rdfs:subClassOf,rc:NatureReserve
rc:WildlifeSanctuary,rdfs:subClassOf,rc:Sanctuary
rc:WildlifeSanctuary,rdfs:subClassOf,owl:Thing
rc:Ledge_Topographical,rdfs:subClassOf,rc:LandTopographicalFeature
rc:Ledge_Topographical,rdfs:subClassOf,owl:Thing
rc:LunarPlain,rdfs:subClassOf,rc:LunarTopographicalFeature
rc:LunarPlain,rdfs:subClassOf,rc:Mare_Lunar
rc:LunarPlain,rdfs:subClassOf,owl:Thing
rc:WomensRoom,rdfs:subClassOf,rc:PublicRestroom
rc:WomensRoom,rdfs:subClassOf,owl:Thing
rc:District_Yemen,rdfs:subClassOf,rc:SecondOrderAdministrativeDivision
rc:District_Yemen,rdfs:subClassOf,owl:Thing
rc:UpperAmazon,rdfs:subClassOf,rc:AmazonRiver
rc:UpperAmazon,rdfs:subClassOf,owl:Thing
rc:Basilan_ProvincePhilippines,rdfs:subClassOf,rc:Province_Philippines
rc:Basilan_ProvincePhilippines,rdfs:subClassOf,owl:Thing
rc:MineCountermeasuresVessel,rdfs:subClassOf,rc:MineWarfareShip
rc:MineCountermeasuresVessel,rdfs:subClassOf,owl:Thing
rc:Telangana,rdfs:subClassOf,rc:State_India
rc:Telangana,rdfs:subClassOf,owl:Thing
rc:RuralDistrict_Vietnam,rdfs:subClassOf,rc:SecondOrderAdministrativeDivision
rc:RuralDistrict_Vietnam,rdfs:subClassOf,owl:Thing
rc:CoalField,rdfs:subClassOf,rc:MineralField
rc:CoalField,rdfs:subClassOf,owl:Thing
rc:Colossus_classBattleship,rdfs:subClassOf,rc:Battleship
rc:Colossus_classBattleship,rdfs:subClassOf,owl:Thing
rc:Asterism,rdfs:subClassOf,rc:CelestialRegion
rc:Asterism,rdfs:subClassOf,owl:Thing
rc:VocationalCollege,rdfs:subClassOf,rc:EducationalResearchBuildingStructure
rc:VocationalCollege,rdfs:subClassOf,owl:Thing
rc:Libya,rdfs:subClassOf,rc:ArabWorld
rc:Libya,rdfs:subClassOf,rc:MaghrebCountry
rc:Libya,rdfs:subClassOf,owl:Thing
rc:BirdSanctuariesOfTheUnitedStates,rdfs:subClassOf,rc:BirdSanctuary
rc:BirdSanctuariesOfTheUnitedStates,rdfs:subClassOf,owl:Thing
rc:NorthernMindanao,rdfs:subClassOf,rc:MindanaoIsland_Philippines
rc:NorthernMindanao,rdfs:subClassOf,owl:Thing
rc:GermanReunification,rdfs:subClassOf,rc:WestGermany
rc:GermanReunification,rdfs:subClassOf,owl:Thing
rc:CantonOfUri,rdfs:subClassOf,rc:Canton_Swiss
rc:CantonOfUri,rdfs:subClassOf,owl:Thing
rc:FreshwaterConservationManagement,rdfs:subClassOf,rc:Ecosystem
rc:FreshwaterConservationManagement,rdfs:subClassOf,owl:Thing
rc:AnimalSanctuary,rdfs:subClassOf,rc:WildlifeSanctuary
rc:AnimalSanctuary,rdfs:subClassOf,owl:Thing
rc:Lacus_Lunar,rdfs:subClassOf,rc:LunarPlain
rc:Lacus_Lunar,rdfs:subClassOf,owl:Thing
rc:FieldHockeyPitch,rdfs:subClassOf,rc:AthleticField
rc:FieldHockeyPitch,rdfs:subClassOf,owl:Thing
rc:DesiradeIsland_Guadeloupe,rdfs:subClassOf,rc:Island
rc:DesiradeIsland_Guadeloupe,rdfs:subClassOf,owl:Thing
rc:KappaAndromedae,rdfs:subClassOf,rc:Andromeda_Constellation
rc:KappaAndromedae,rdfs:subClassOf,owl:Thing
rc:EasternHighlands_Mountains,rdfs:subClassOf,rc:MountainRange
rc:EasternHighlands_Mountains,rdfs:subClassOf,owl:Thing
rc:Underpass,rdfs:subClassOf,rc:PathForWheeledVehicles
rc:Underpass,rdfs:subClassOf,rc:TransportBuildingStructure
rc:Underpass,rdfs:subClassOf,owl:Thing
rc:WireFence,rdfs:subClassOf,rc:Fence
rc:WireFence,rdfs:subClassOf,owl:Thing
rc:ExcavationSite,rdfs:subClassOf,rc:EconomicRegion
rc:ExcavationSite,rdfs:subClassOf,owl:Thing
rc:CountriesInEurope,rdfs:subClassOf,rc:ContinentOfEurope
rc:CountriesInEurope,rdfs:subClassOf,owl:Thing
rc:ClergyHouse,rdfs:subClassOf,rc:ReligiousResidence
rc:ClergyHouse,rdfs:subClassOf,owl:Thing
rc:GeopoliticalEntitySeat,rdfs:subClassOf,rc:CapitalCityOfRegion
rc:GeopoliticalEntitySeat,rdfs:subClassOf,owl:Thing
rc:FormerRadioMastsAndTower,rdfs:subClassOf,rc:CommunicationTower
rc:FormerRadioMastsAndTower,rdfs:subClassOf,owl:Thing
rc:PicoDeAneto_Mount,rdfs:subClassOf,rc:Mountain
rc:PicoDeAneto_Mount,rdfs:subClassOf,owl:Thing
rc:Ledge_Topographical_Undersea,rdfs:subClassOf,rc:UnderwaterTopographicalFeature
rc:Ledge_Topographical_Undersea,rdfs:subClassOf,owl:Thing
rc:YoloCountyCalifornia,rdfs:subClassOf,rc:NorthernCalifornia
rc:YoloCountyCalifornia,rdfs:subClassOf,owl:Thing
rc:VirginiaClassSubmarine,rdfs:subClassOf,rc:AttackSubmarine
rc:VirginiaClassSubmarine,rdfs:subClassOf,rc:NuclearSubmarine
rc:VirginiaClassSubmarine,rdfs:subClassOf,owl:Thing
rc:Office,rdfs:subClassOf,rc:OfficeBuilding
rc:Office,rdfs:subClassOf,owl:Thing
rc:JavaSea,rdfs:subClassOf,rc:Sea
rc:JavaSea,rdfs:subClassOf,owl:Thing
rc:RewaProvince,rdfs:subClassOf,rc:VitiLevu_Island
rc:RewaProvince,rdfs:subClassOf,owl:Thing
rc:Portugal,rdfs:subClassOf,rc:Country
rc:Portugal,rdfs:subClassOf,owl:Thing
rc:MeadeCountySouthDakota,rdfs:subClassOf,rc:BlackHills_Mountains
rc:MeadeCountySouthDakota,rdfs:subClassOf,owl:Thing
rc:ZebbugGozo,rdfs:subClassOf,rc:Village
rc:ZebbugGozo,rdfs:subClassOf,owl:Thing
rc:MacCarthyIsland_DivisionGambia,rdfs:subClassOf,rc:Division_Gambia
rc:MacCarthyIsland_DivisionGambia,rdfs:subClassOf,owl:Thing
rc:BouvetIsland,rdfs:subClassOf,rc:Island
rc:BouvetIsland,rdfs:subClassOf,owl:Thing
rc:LoadingDock,rdfs:subClassOf,rc:CommercialLandParcel
rc:LoadingDock,rdfs:subClassOf,rc:Outdoors_ExposedToWeather
rc:LoadingDock,rdfs:subClassOf,rc:TransportFacility
rc:LoadingDock,rdfs:subClassOf,owl:Thing
rc:Steamship,rdfs:subClassOf,rc:Boat
rc:Steamship,rdfs:subClassOf,owl:Thing
rc:DistributionReservoir,rdfs:subClassOf,rc:WaterReservoir
rc:DistributionReservoir,rdfs:subClassOf,owl:Thing
rc:FormerRailwayStation,rdfs:subClassOf,rc:RailroadStation
rc:FormerRailwayStation,rdfs:subClassOf,owl:Thing
rc:Natura2000ProtectedArea,rdfs:subClassOf,rc:ProtectedArea
rc:Natura2000ProtectedArea,rdfs:subClassOf,owl:Thing
rc:Algarve,rdfs:subClassOf,rc:Portugal
rc:Algarve,rdfs:subClassOf,owl:Thing
rc:PhoenixIslands_Kiribati,rdfs:subClassOf,rc:Archipelago
rc:PhoenixIslands_Kiribati,rdfs:subClassOf,owl:Thing
rc:South_Asia,rdfs:subClassOf,rc:SouthAsianCountry
rc:South_Asia,rdfs:subClassOf,owl:Thing
rc:MedicalCareFacility,rdfs:subClassOf,rc:CommercialFacility
rc:MedicalCareFacility,rdfs:subClassOf,owl:Thing
rc:SingleFamilyResidence,rdfs:subClassOf,rc:ResidentialBuilding
rc:SingleFamilyResidence,rdfs:subClassOf,owl:Thing
rc:SusquehannaRiver,rdfs:subClassOf,rc:River
rc:SusquehannaRiver,rdfs:subClassOf,owl:Thing
rc:CantonOfZug,rdfs:subClassOf,rc:Canton_Swiss
rc:CantonOfZug,rdfs:subClassOf,owl:Thing
rc:GraveMarker,rdfs:subClassOf,rc:Grave
rc:GraveMarker,rdfs:subClassOf,rc:MemorialMarker
rc:GraveMarker,rdfs:subClassOf,owl:Thing
rc:PicoDeTeide_CanaryIslands,rdfs:subClassOf,rc:Volcano
rc:PicoDeTeide_CanaryIslands,rdfs:subClassOf,owl:Thing
rc:ObRiver,rdfs:subClassOf,rc:River
rc:ObRiver,rdfs:subClassOf,owl:Thing
rc:NationalForestScenicByway,rdfs:subClassOf,rc:ScenicRoadway
rc:NationalForestScenicByway,rdfs:subClassOf,owl:Thing
rc:PhoenixIslandsSettlementScheme,rdfs:subClassOf,rc:PhoenixIslands_Kiribati
rc:PhoenixIslandsSettlementScheme,rdfs:subClassOf,owl:Thing
rc:Guelma_ProvinceAlgeria,rdfs:subClassOf,rc:Province_Algeria
rc:Guelma_ProvinceAlgeria,rdfs:subClassOf,owl:Thing
rc:Municipality_Cuba,rdfs:subClassOf,rc:MunicipalityByCountry
rc:Municipality_Cuba,rdfs:subClassOf,owl:Thing
rc:TelanganaLegislativeAssemblyConstituency,rdfs:subClassOf,rc:Constituency
rc:TelanganaLegislativeAssemblyConstituency,rdfs:subClassOf,owl:Thing
rc:ElectoralDistrict,rdfs:subClassOf,rc:AdministrativeDistrict
rc:ElectoralDistrict,rdfs:subClassOf,owl:Thing
rc:Taiwan_RepublicOfChina,rdfs:subClassOf,rc:Country
rc:Taiwan_RepublicOfChina,rdfs:subClassOf,owl:Thing
rc:Pennsylvania_State,rdfs:subClassOf,rc:State_UnitedStates
rc:Pennsylvania_State,rdfs:subClassOf,owl:Thing
rc:AsianHighwayNetwork,rdfs:subClassOf,rc:TravelRoute_Road
rc:AsianHighwayNetwork,rdfs:subClassOf,owl:Thing
rc:Sagitta_Constellation,rdfs:subClassOf,rc:Constellation
rc:Sagitta_Constellation,rdfs:subClassOf,owl:Thing
rc:SonsOfConfederateVeterans,rdfs:subClassOf,rc:ConfederateStatesOfAmerica
rc:SonsOfConfederateVeterans,rdfs:subClassOf,owl:Thing
rc:Minnesota_State,rdfs:subClassOf,rc:State_UnitedStates
rc:Minnesota_State,rdfs:subClassOf,owl:Thing
rc:Bechar_ProvinceAlgeria,rdfs:subClassOf,rc:Province_Algeria
rc:Bechar_ProvinceAlgeria,rdfs:subClassOf,owl:Thing
rc:TransantarcticMountains,rdfs:subClassOf,rc:MountainRange
rc:TransantarcticMountains,rdfs:subClassOf,owl:Thing
rc:Constituency,rdfs:subClassOf,rc:ElectoralDistrict
rc:Constituency,rdfs:subClassOf,owl:Thing
rc:WaysideChapel,rdfs:subClassOf,rc:Chapel
rc:WaysideChapel,rdfs:subClassOf,owl:Thing
rc:MissouriRiver,rdfs:subClassOf,rc:River
rc:MissouriRiver,rdfs:subClassOf,owl:Thing
rc:PrePyrenees,rdfs:subClassOf,rc:Pyrenees_Mountains
rc:PrePyrenees,rdfs:subClassOf,owl:Thing
rc:Roma_classIronclad,rdfs:subClassOf,rc:IroncladWarship
rc:Roma_classIronclad,rdfs:subClassOf,owl:Thing
rc:PoconoMountains,rdfs:subClassOf,rc:MountainRange
rc:PoconoMountains,rdfs:subClassOf,owl:Thing
rc:Municipality_CzechRepublic,rdfs:subClassOf,rc:MunicipalityByCountry
rc:Municipality_CzechRepublic,rdfs:subClassOf,owl:Thing
rc:WomensShelter,rdfs:subClassOf,rc:HumanResidence
rc:WomensShelter,rdfs:subClassOf,rc:Shelter
rc:WomensShelter,rdfs:subClassOf,owl:Thing
rc:WestBengal,rdfs:subClassOf,rc:State_India
rc:WestBengal,rdfs:subClassOf,owl:Thing
rc:CoalField_Developed,rdfs:subClassOf,rc:CoalField
rc:CoalField_Developed,rdfs:subClassOf,rc:ExcavationSite
rc:CoalField_Developed,rdfs:subClassOf,owl:Thing
rc:Lubelskie_ProvincePoland,rdfs:subClassOf,rc:Province_Poland
rc:Lubelskie_ProvincePoland,rdfs:subClassOf,owl:Thing
rc:Olsztyn_ProvincePoland,rdfs:subClassOf,rc:Province_Poland
rc:Olsztyn_ProvincePoland,rdfs:subClassOf,owl:Thing
rc:RitchiesArchipelago,rdfs:subClassOf,rc:Archipelago
rc:RitchiesArchipelago,rdfs:subClassOf,owl:Thing
rc:SnowyMountains,rdfs:subClassOf,rc:MountainRange
rc:SnowyMountains,rdfs:subClassOf,owl:Thing
rc:Pennsylvania_classBattleship,rdfs:subClassOf,rc:Dreadnought
rc:Pennsylvania_classBattleship,rdfs:subClassOf,owl:Thing
rc:PatrolBoat_River,rdfs:subClassOf,rc:PatrolBoat
rc:PatrolBoat_River,rdfs:subClassOf,owl:Thing
rc:DelawareAqueduct,rdfs:subClassOf,rc:Landmark
rc:DelawareAqueduct,rdfs:subClassOf,owl:Thing
rc:ReginaMariaPia_classIronclad,rdfs:subClassOf,rc:IroncladWarship
rc:ReginaMariaPia_classIronclad,rdfs:subClassOf,owl:Thing
rc:Common_Region,rdfs:subClassOf,rc:PublicProperty
rc:Common_Region,rdfs:subClassOf,owl:Thing
rc:Ireland_TheIsland,rdfs:subClassOf,rc:Island
rc:Ireland_TheIsland,rdfs:subClassOf,owl:Thing
rc:MidiPyrenees,rdfs:subClassOf,rc:FrenchRegion
rc:MidiPyrenees,rdfs:subClassOf,owl:Thing
rc:Zabol_ProvinceAfghanistan,rdfs:subClassOf,rc:Province_Afghanistan
rc:Zabol_ProvinceAfghanistan,rdfs:subClassOf,owl:Thing
rc:WestBengalLegislativeAssemblyConstituency,rdfs:subClassOf,rc:Constituency
rc:WestBengalLegislativeAssemblyConstituency,rdfs:subClassOf,owl:Thing
rc:Taxiway,rdfs:subClassOf,rc:Roadway
rc:Taxiway,rdfs:subClassOf,rc:TransportBuildingStructure
rc:Taxiway,rdfs:subClassOf,owl:Thing
rc:AndhraPradeshLegislativeAssemblyConstituency,rdfs:subClassOf,rc:Constituency
rc:AndhraPradeshLegislativeAssemblyConstituency,rdfs:subClassOf,owl:Thing
rc:Bog,rdfs:subClassOf,rc:CanopyClosure_Sparse
rc:Bog,rdfs:subClassOf,rc:WetlandRegion
rc:Bog,rdfs:subClassOf,owl:Thing
rc:BaileyBridge,rdfs:subClassOf,rc:Bridge
rc:BaileyBridge,rdfs:subClassOf,owl:Thing
rc:KaraSea,rdfs:subClassOf,rc:Sea
rc:KaraSea,rdfs:subClassOf,owl:Thing
rc:BayBridge_SanFrancisco,rdfs:subClassOf,rc:Bridge
rc:BayBridge_SanFrancisco,rdfs:subClassOf,owl:Thing
rc:CommonLandInTheUnitedKingdom,rdfs:subClassOf,rc:Common_Region
rc:CommonLandInTheUnitedKingdom,rdfs:subClassOf,owl:Thing
rc:District_ZabulProvince,rdfs:subClassOf,rc:District
rc:District_ZabulProvince,rdfs:subClassOf,rc:Zabol_ProvinceAfghanistan
rc:District_ZabulProvince,rdfs:subClassOf,owl:Thing
rc:TempleOfApollo,rdfs:subClassOf,rc:AncientGreekTemple
rc:TempleOfApollo,rdfs:subClassOf,owl:Thing
rc:Meadow,rdfs:subClassOf,rc:Grassland
rc:Meadow,rdfs:subClassOf,rc:NaturalRegion
rc:Meadow,rdfs:subClassOf,owl:Thing
rc:Irene_classCruiser,rdfs:subClassOf,rc:Cruiser
rc:Irene_classCruiser,rdfs:subClassOf,owl:Thing
rc:RicePaddy,rdfs:subClassOf,rc:Field_Agriculture
rc:RicePaddy,rdfs:subClassOf,owl:Thing
rc:Lanzarote_Island,rdfs:subClassOf,rc:Island
rc:Lanzarote_Island,rdfs:subClassOf,owl:Thing
rc:SpitsbergenIsland,rdfs:subClassOf,rc:Island
rc:SpitsbergenIsland,rdfs:subClassOf,owl:Thing
rc:SusquehannaValley,rdfs:subClassOf,rc:SusquehannaRiver
rc:SusquehannaValley,rdfs:subClassOf,owl:Thing
rc:CountriesInOceania,rdfs:subClassOf,rc:Oceania_Region
rc:CountriesInOceania,rdfs:subClassOf,owl:Thing
rc:CenozoicPaleontologicalSite,rdfs:subClassOf,rc:AncientArchaeologicalSite
rc:CenozoicPaleontologicalSite,rdfs:subClassOf,owl:Thing
rc:GreaterAntilles_Archipelago,rdfs:subClassOf,rc:Archipelago
rc:GreaterAntilles_Archipelago,rdfs:subClassOf,owl:Thing
rc:TransatlanticFlight,rdfs:subClassOf,rc:AirTrafficServiceRoute
rc:TransatlanticFlight,rdfs:subClassOf,owl:Thing
rc:CanopyClosure_Sparse,rdfs:subClassOf,rc:RegionTypeByCanopyClosure
rc:CanopyClosure_Sparse,rdfs:subClassOf,owl:Thing
rc:PrefabricatedFarmBuildingStructure,rdfs:subClassOf,rc:PrefabricatedBuildingStructure
rc:PrefabricatedFarmBuildingStructure,rdfs:subClassOf,owl:Thing
rc:SubrangeOfTheAppalachianMountains,rdfs:subClassOf,rc:AppalachianMountain
rc:SubrangeOfTheAppalachianMountains,rdfs:subClassOf,owl:Thing
rc:PumpingFacility,rdfs:subClassOf,rc:TransportBuildingStructure
rc:PumpingFacility,rdfs:subClassOf,owl:Thing
rc:Jalisco_StateMexico,rdfs:subClassOf,rc:State_Mexico
rc:Jalisco_StateMexico,rdfs:subClassOf,owl:Thing
rc:FourthOrderAdministrativeDivision_Historical,rdfs:subClassOf,rc:FourthOrderAdministrativeDivision
rc:FourthOrderAdministrativeDivision_Historical,rdfs:subClassOf,owl:Thing
rc:Manipur,rdfs:subClassOf,rc:State_India
rc:Manipur,rdfs:subClassOf,owl:Thing
rc:Orkneys_Archipelago,rdfs:subClassOf,rc:Archipelago
rc:Orkneys_Archipelago,rdfs:subClassOf,owl:Thing
rc:RochesterNewYork,rdfs:subClassOf,rc:City
rc:RochesterNewYork,rdfs:subClassOf,owl:Thing
rc:EasternHimalayanBroadleafForest,rdfs:subClassOf,rc:BroadleafForest
rc:EasternHimalayanBroadleafForest,rdfs:subClassOf,owl:Thing
rc:Belize,rdfs:subClassOf,rc:Country
rc:Belize,rdfs:subClassOf,owl:Thing
rc:Uganda,rdfs:subClassOf,rc:Country
rc:Uganda,rdfs:subClassOf,owl:Thing
rc:UnderpopulatedCanadaCategory,rdfs:subClassOf,rc:Canada
rc:UnderpopulatedCanadaCategory,rdfs:subClassOf,owl:Thing
rc:PoquosonVirginia,rdfs:subClassOf,rc:City
rc:PoquosonVirginia,rdfs:subClassOf,owl:Thing
rc:Tanzania,rdfs:subClassOf,rc:Country
rc:Tanzania,rdfs:subClassOf,owl:Thing
rc:CantonOfZurich,rdfs:subClassOf,rc:Canton_Swiss
rc:CantonOfZurich,rdfs:subClassOf,owl:Thing
rc:RapidTransitByCountry,rdfs:subClassOf,rc:Subway
rc:RapidTransitByCountry,rdfs:subClassOf,owl:Thing
rc:TempleOfAres,rdfs:subClassOf,rc:AncientGreekTemple
rc:TempleOfAres,rdfs:subClassOf,owl:Thing
rc:CoveredBridge,rdfs:subClassOf,rc:Bridge
rc:CoveredBridge,rdfs:subClassOf,owl:Thing
rc:Drawer,rdfs:subClassOf,rc:FurniturePart
rc:Drawer,rdfs:subClassOf,owl:Thing
rc:OpenSpaceContent,rdfs:subClassOf,rc:FreeSpaceContent
rc:OpenSpaceContent,rdfs:subClassOf,owl:Thing
rc:Namur_ProvinceBelgium,rdfs:subClassOf,rc:Province_Belgium
rc:Namur_ProvinceBelgium,rdfs:subClassOf,owl:Thing
rc:CoalFiredPowerStation,rdfs:subClassOf,rc:PowerStation
rc:CoalFiredPowerStation,rdfs:subClassOf,owl:Thing
rc:AssateagueIsland,rdfs:subClassOf,rc:Island
rc:AssateagueIsland,rdfs:subClassOf,owl:Thing
rc:VarnaOblastBulgaria,rdfs:subClassOf,rc:Province
rc:VarnaOblastBulgaria,rdfs:subClassOf,owl:Thing
rc:GraveSlab,rdfs:subClassOf,rc:GraveMarker
rc:GraveSlab,rdfs:subClassOf,owl:Thing
rc:SandIsland,rdfs:subClassOf,rc:Island
rc:SandIsland,rdfs:subClassOf,owl:Thing
rc:DeskDrawer,rdfs:subClassOf,rc:Drawer
rc:DeskDrawer,rdfs:subClassOf,owl:Thing
rc:Atmosphere,rdfs:subClassOf,rc:OpenSpaceContent
rc:Atmosphere,rdfs:subClassOf,owl:Thing
rc:TriumphalArch,rdfs:subClassOf,rc:Monument
rc:TriumphalArch,rdfs:subClassOf,owl:Thing
rc:CatskillMountains,rdfs:subClassOf,rc:MountainRange
rc:CatskillMountains,rdfs:subClassOf,owl:Thing
rc:RailroadYard,rdfs:subClassOf,rc:OpenArea
rc:RailroadYard,rdfs:subClassOf,rc:VehicleStorageConstruct
rc:RailroadYard,rdfs:subClassOf,owl:Thing
rc:NorfolkIsland,rdfs:subClassOf,rc:Island
rc:NorfolkIsland,rdfs:subClassOf,owl:Thing
rc:SmithIslandSouthShetlandIslands,rdfs:subClassOf,rc:SouthShetlandIslands
rc:SmithIslandSouthShetlandIslands,rdfs:subClassOf,owl:Thing
rc:EducationalResearchBuildingStructure,rdfs:subClassOf,rc:PermanentBuildingStructure
rc:EducationalResearchBuildingStructure,rdfs:subClassOf,owl:Thing
rc:Cone_Topographical,rdfs:subClassOf,rc:Hill
rc:Cone_Topographical,rdfs:subClassOf,owl:Thing
rc:Chihuahua_StateMexico,rdfs:subClassOf,rc:State_Mexico
rc:Chihuahua_StateMexico,rdfs:subClassOf,owl:Thing
rc:South_ProvinceCameroon,rdfs:subClassOf,rc:Province_Cameroon
rc:South_ProvinceCameroon,rdfs:subClassOf,owl:Thing
rc:BusRoute,rdfs:subClassOf,rc:TravelRoute_Road
rc:BusRoute,rdfs:subClassOf,owl:Thing
rc:Amdo,rdfs:subClassOf,rc:Tibet
rc:Amdo,rdfs:subClassOf,owl:Thing
rc:NewRochelleNewYork,rdfs:subClassOf,rc:City
rc:NewRochelleNewYork,rdfs:subClassOf,owl:Thing
rc:FloridaKeys,rdfs:subClassOf,rc:Archipelago
rc:FloridaKeys,rdfs:subClassOf,rc:Cay
rc:FloridaKeys,rdfs:subClassOf,owl:Thing
rc:MemorialMarker,rdfs:subClassOf,rc:Place_Informational
rc:MemorialMarker,rdfs:subClassOf,owl:Thing
rc:Scandinavia,rdfs:subClassOf,rc:GeoculturalRegion
rc:Scandinavia,rdfs:subClassOf,owl:Thing
rc:LampBase,rdfs:subClassOf,rc:HumanOccupationConstructObject
rc:LampBase,rdfs:subClassOf,owl:Thing
rc:Schwalbe_classCruiser,rdfs:subClassOf,rc:Cruiser
rc:Schwalbe_classCruiser,rdfs:subClassOf,owl:Thing
rc:Greenhouse,rdfs:subClassOf,rc:Facility_Agricultural
rc:Greenhouse,rdfs:subClassOf,rc:PrefabricatedFarmBuildingStructure
rc:Greenhouse,rdfs:subClassOf,owl:Thing
rc:MissouriTerritory,rdfs:subClassOf,rc:Midwest_USRegion
rc:MissouriTerritory,rdfs:subClassOf,owl:Thing
rc:DelawareBay,rdfs:subClassOf,rc:Estuary
rc:DelawareBay,rdfs:subClassOf,owl:Thing
rc:Gravel,rdfs:subClassOf,rc:Stone
rc:Gravel,rdfs:subClassOf,owl:Thing
rc:Lublin_ProvincePoland,rdfs:subClassOf,rc:Province_Poland
rc:Lublin_ProvincePoland,rdfs:subClassOf,owl:Thing
rc:SnowyMountainsHighway,rdfs:subClassOf,rc:TravelRoute_Road
rc:SnowyMountainsHighway,rdfs:subClassOf,owl:Thing
rc:Shennongjia,rdfs:subClassOf,rc:Hubei_ProvinceChina
rc:Shennongjia,rdfs:subClassOf,owl:Thing
rc:WaysideCross,rdfs:subClassOf,rc:Cross_FixedStructure
rc:WaysideCross,rdfs:subClassOf,owl:Thing
rc:Ethiopia,rdfs:subClassOf,rc:Country
rc:Ethiopia,rdfs:subClassOf,owl:Thing
rc:MarquesasIslands_FrenchPolynesia,rdfs:subClassOf,rc:Archipelago
rc:MarquesasIslands_FrenchPolynesia,rdfs:subClassOf,owl:Thing
rc:Municipality_DominicanRepublic,rdfs:subClassOf,rc:SecondOrderAdministrativeDivision
rc:Municipality_DominicanRepublic,rdfs:subClassOf,owl:Thing
kko:LocationPlace,rdfs:subClassOf,kko:Places
kko:LocationPlace,rdfs:subClassOf,owl:Thing
rc:LaGalissonniere_classIronclad,rdfs:subClassOf,rc:IroncladWarship
rc:LaGalissonniere_classIronclad,rdfs:subClassOf,owl:Thing
rc:MidlandCountyTexas,rdfs:subClassOf,rc:WestTexas
rc:MidlandCountyTexas,rdfs:subClassOf,owl:Thing
rc:EasternHorizon,rdfs:subClassOf,rc:Horizon
rc:EasternHorizon,rdfs:subClassOf,owl:Thing
rc:Promenade,rdfs:subClassOf,rc:Walkway
rc:Promenade,rdfs:subClassOf,owl:Thing
rc:AlamoMissionInSanAntonio,rdfs:subClassOf,rc:Landmark
rc:AlamoMissionInSanAntonio,rdfs:subClassOf,owl:Thing
rc:SnowyMountainsScheme,rdfs:subClassOf,rc:SnowyMountains
rc:SnowyMountainsScheme,rdfs:subClassOf,owl:Thing
rc:WarMemorial,rdfs:subClassOf,rc:MemorialMarker
rc:WarMemorial,rdfs:subClassOf,rc:Monument
rc:WarMemorial,rdfs:subClassOf,owl:Thing
rc:KarachayCherkessia,rdfs:subClassOf,rc:Caucasus_Region
rc:KarachayCherkessia,rdfs:subClassOf,owl:Thing
rc:Kielce_ProvincePoland,rdfs:subClassOf,rc:Province_Poland
rc:Kielce_ProvincePoland,rdfs:subClassOf,owl:Thing
rc:OceanTrench,rdfs:subClassOf,rc:UnderwaterTopographicalFeature
rc:OceanTrench,rdfs:subClassOf,owl:Thing
rc:Regio_Planetary,rdfs:subClassOf,rc:AlbedoFeature_Topographical
rc:Regio_Planetary,rdfs:subClassOf,owl:Thing
rc:Manitoba_CanadianProvince,rdfs:subClassOf,rc:CanadianProvince
rc:Manitoba_CanadianProvince,rdfs:subClassOf,owl:Thing
rc:WasteFacility,rdfs:subClassOf,rc:UtilityBuildingStructure
rc:WasteFacility,rdfs:subClassOf,owl:Thing
rc:WestBerlin,rdfs:subClassOf,rc:City
rc:WestBerlin,rdfs:subClassOf,owl:Thing
rc:IndianOcean,rdfs:subClassOf,rc:Ocean
rc:IndianOcean,rdfs:subClassOf,owl:Thing
rc:Sool,rdfs:subClassOf,rc:Puntland
rc:Sool,rdfs:subClassOf,owl:Thing
rc:GermanSpeakingCountryOrTerritory,rdfs:subClassOf,rc:LanguageSpeakingCountryOrTerritory
rc:GermanSpeakingCountryOrTerritory,rdfs:subClassOf,owl:Thing
rc:Canton_Bolivia,rdfs:subClassOf,rc:Canton
rc:Canton_Bolivia,rdfs:subClassOf,owl:Thing
rc:SolarObservatory,rdfs:subClassOf,rc:AstronomicalObservatory
rc:SolarObservatory,rdfs:subClassOf,owl:Thing
rc:MinorLocality,rdfs:subClassOf,rc:AdministrativeDistrict
rc:MinorLocality,rdfs:subClassOf,rc:UrbanArea
rc:MinorLocality,rdfs:subClassOf,owl:Thing
rc:FourthOrderAdministrativeDivision_Indonesia,rdfs:subClassOf,rc:FourthOrderAdministrativeDivision
rc:FourthOrderAdministrativeDivision_Indonesia,rdfs:subClassOf,owl:Thing
rc:EquestrianSportsArea,rdfs:subClassOf,rc:SportsPlayingArea
rc:EquestrianSportsArea,rdfs:subClassOf,owl:Thing
rc:JavaTrench,rdfs:subClassOf,rc:OceanTrench
rc:JavaTrench,rdfs:subClassOf,owl:Thing
rc:Dump,rdfs:subClassOf,rc:OpenArea
rc:Dump,rdfs:subClassOf,rc:WasteFacility
rc:Dump,rdfs:subClassOf,owl:Thing
rc:RapidTransitLine,rdfs:subClassOf,rc:RailwayLine
rc:RapidTransitLine,rdfs:subClassOf,rc:Subway
rc:RapidTransitLine,rdfs:subClassOf,owl:Thing
rc:RuralMunicipality,rdfs:subClassOf,rc:County
rc:RuralMunicipality,rdfs:subClassOf,owl:Thing
rc:ResearchTestingFacility,rdfs:subClassOf,rc:EducationalResearchBuildingStructure
rc:ResearchTestingFacility,rdfs:subClassOf,owl:Thing
rc:LoaitaBanks,rdfs:subClassOf,rc:SpratlyIslands
rc:LoaitaBanks,rdfs:subClassOf,owl:Thing
rc:Jamaica,rdfs:subClassOf,rc:Country
rc:Jamaica,rdfs:subClassOf,owl:Thing
rc:ArcDeTriomphe,rdfs:subClassOf,rc:TriumphalArch
rc:ArcDeTriomphe,rdfs:subClassOf,rc:WarMemorial
rc:ArcDeTriomphe,rdfs:subClassOf,owl:Thing
rc:Gambia,rdfs:subClassOf,rc:Country
rc:Gambia,rdfs:subClassOf,owl:Thing
rc:ArkansasRiver,rdfs:subClassOf,rc:River
rc:ArkansasRiver,rdfs:subClassOf,owl:Thing
rc:TempleOfDemeter,rdfs:subClassOf,rc:AncientGreekTemple
rc:TempleOfDemeter,rdfs:subClassOf,owl:Thing
rc:Mattress,rdfs:subClassOf,rc:HumanOccupationConstructObject
rc:Mattress,rdfs:subClassOf,owl:Thing
rc:U_Boat,rdfs:subClassOf,rc:AttackSubmarine
rc:U_Boat,rdfs:subClassOf,owl:Thing
rc:BogBrookReservoir,rdfs:subClassOf,rc:HeadwaterReservoir
rc:BogBrookReservoir,rdfs:subClassOf,owl:Thing
rc:SpratlyIslands,rdfs:subClassOf,rc:Archipelago
rc:SpratlyIslands,rdfs:subClassOf,owl:Thing
rc:Scandinavia_Continental,rdfs:subClassOf,rc:GeoculturalRegion
rc:Scandinavia_Continental,rdfs:subClassOf,owl:Thing
rc:FourthOrderSeat,rdfs:subClassOf,rc:CapitalCityOfRegion
rc:FourthOrderSeat,rdfs:subClassOf,owl:Thing
rc:YaluRiver,rdfs:subClassOf,rc:River
rc:YaluRiver,rdfs:subClassOf,owl:Thing
rc:ResearchFacility,rdfs:subClassOf,rc:ResearchTestingFacility
rc:ResearchFacility,rdfs:subClassOf,owl:Thing
rc:TuamotuArchipelago_FrenchPolynesia,rdfs:subClassOf,rc:Archipelago
rc:TuamotuArchipelago_FrenchPolynesia,rdfs:subClassOf,owl:Thing
rc:GlacierNationalPark,rdfs:subClassOf,rc:NationalPark
rc:GlacierNationalPark,rdfs:subClassOf,owl:Thing
rc:YorkCountyVirginia,rdfs:subClassOf,rc:USCounty
rc:YorkCountyVirginia,rdfs:subClassOf,owl:Thing
rc:Phoenix_Constellation,rdfs:subClassOf,rc:Constellation
rc:Phoenix_Constellation,rdfs:subClassOf,owl:Thing
rc:TaoistTemple,rdfs:subClassOf,rc:Temple
rc:TaoistTemple,rdfs:subClassOf,owl:Thing
rc:CribMattress,rdfs:subClassOf,rc:Mattress
rc:CribMattress,rdfs:subClassOf,owl:Thing
rc:ConiferForest,rdfs:subClassOf,rc:Forest
rc:ConiferForest,rdfs:subClassOf,owl:Thing
rc:UnitedStatesCapitolBuilding,rdfs:subClassOf,rc:Landmark
rc:UnitedStatesCapitolBuilding,rdfs:subClassOf,owl:Thing
rc:NowySacz_ProvincePoland,rdfs:subClassOf,rc:Province_Poland
rc:NowySacz_ProvincePoland,rdfs:subClassOf,owl:Thing
rc:PreahVihear_ProvinceCambodia,rdfs:subClassOf,rc:Province_Cambodia
rc:PreahVihear_ProvinceCambodia,rdfs:subClassOf,owl:Thing
rc:District_Zambia,rdfs:subClassOf,rc:SecondOrderAdministrativeDivision
rc:District_Zambia,rdfs:subClassOf,owl:Thing
rc:Vesuvius_Volcano,rdfs:subClassOf,rc:Stratovolcano
rc:Vesuvius_Volcano,rdfs:subClassOf,owl:Thing
rc:Campus,rdfs:subClassOf,rc:GroundsOfOrganization
rc:Campus,rdfs:subClassOf,rc:HumanlyOccupiedSpatialObject
rc:Campus,rdfs:subClassOf,owl:Thing
rc:LightCruiser,rdfs:subClassOf,rc:Cruiser
rc:LightCruiser,rdfs:subClassOf,owl:Thing
rc:JuanDeNovaIsland,rdfs:subClassOf,rc:Island
rc:JuanDeNovaIsland,rdfs:subClassOf,owl:Thing
rc:StationTerminalOrStop,rdfs:subClassOf,rc:TransportBuildingStructure
rc:StationTerminalOrStop,rdfs:subClassOf,owl:Thing
rc:PitcairnIsland,rdfs:subClassOf,rc:Island
rc:PitcairnIsland,rdfs:subClassOf,owl:Thing
rc:AorakiMountCookNationalPark,rdfs:subClassOf,rc:NationalPark
rc:AorakiMountCookNationalPark,rdfs:subClassOf,owl:Thing
rc:NewSouthWales,rdfs:subClassOf,rc:State_Australia
rc:NewSouthWales,rdfs:subClassOf,owl:Thing
rc:GravellySoilRegion,rdfs:subClassOf,rc:CoarseGrainedSoilRegion
rc:GravellySoilRegion,rdfs:subClassOf,owl:Thing
rc:Municipality_ElSalvador,rdfs:subClassOf,rc:MunicipalityByCountry
rc:Municipality_ElSalvador,rdfs:subClassOf,owl:Thing
rc:BusStation,rdfs:subClassOf,rc:PublicTerminal
rc:BusStation,rdfs:subClassOf,rc:StationTerminalOrStop
rc:BusStation,rdfs:subClassOf,owl:Thing
rc:IrtyshRiver,rdfs:subClassOf,rc:River
rc:IrtyshRiver,rdfs:subClassOf,owl:Thing
rc:LaoCai_ProvinceVietnam,rdfs:subClassOf,rc:Province_Vietnam
rc:LaoCai_ProvinceVietnam,rdfs:subClassOf,owl:Thing
rc:UrsaMajor_Constellation,rdfs:subClassOf,rc:Constellation
rc:UrsaMajor_Constellation,rdfs:subClassOf,owl:Thing
rc:RailwayCrossing,rdfs:subClassOf,rc:RoadwayJunction
rc:RailwayCrossing,rdfs:subClassOf,owl:Thing
rc:ScandinavianCountry,rdfs:subClassOf,rc:EuropeanCountry
rc:ScandinavianCountry,rdfs:subClassOf,owl:Thing
rc:PrisonerOrDetaineeOfEastGermany,rdfs:subClassOf,rc:EastGermany
rc:PrisonerOrDetaineeOfEastGermany,rdfs:subClassOf,owl:Thing
rc:Ditch,rdfs:subClassOf,rc:Excavation_Hole
rc:Ditch,rdfs:subClassOf,rc:PathArtifact_Area
rc:Ditch,rdfs:subClassOf,owl:Thing
rc:Karakoram,rdfs:subClassOf,rc:HimalayaMountains
rc:Karakoram,rdfs:subClassOf,owl:Thing
rc:WaysideShrine,rdfs:subClassOf,rc:Shrine_Religious
rc:WaysideShrine,rdfs:subClassOf,owl:Thing
rc:Rock,rdfs:subClassOf,rc:RockFormation
rc:Rock,rdfs:subClassOf,owl:Thing
rc:TelephoneBooth,rdfs:subClassOf,rc:Booth_OccupationConstruct
rc:TelephoneBooth,rdfs:subClassOf,owl:Thing
rc:Lubuskie_ProvincePoland,rdfs:subClassOf,rc:Province_Poland
rc:Lubuskie_ProvincePoland,rdfs:subClassOf,owl:Thing
rc:GermanTypeIXASubmarine,rdfs:subClassOf,rc:U_Boat
rc:GermanTypeIXASubmarine,rdfs:subClassOf,owl:Thing
rc:Obelisk,rdfs:subClassOf,rc:Monument
rc:Obelisk,rdfs:subClassOf,owl:Thing
rc:Missouri_State,rdfs:subClassOf,rc:State_UnitedStates
rc:Missouri_State,rdfs:subClassOf,owl:Thing
rc:K2_Mountain,rdfs:subClassOf,rc:Mountain
rc:K2_Mountain,rdfs:subClassOf,owl:Thing
rc:Loam,rdfs:subClassOf,rc:DirtSoil
rc:Loam,rdfs:subClassOf,owl:Thing
rc:Stratovolcano,rdfs:subClassOf,rc:Mountain
rc:Stratovolcano,rdfs:subClassOf,rc:Volcano
rc:Stratovolcano,rdfs:subClassOf,owl:Thing
rc:Tonga,rdfs:subClassOf,rc:Country
rc:Tonga,rdfs:subClassOf,owl:Thing
rc:WestBranchReservoir,rdfs:subClassOf,rc:BalancingReservoir
rc:WestBranchReservoir,rdfs:subClassOf,owl:Thing
rc:Lorestan_ProvinceIran,rdfs:subClassOf,rc:Province_Iran
rc:Lorestan_ProvinceIran,rdfs:subClassOf,owl:Thing
rc:KienGiang_ProvinceVietnam,rdfs:subClassOf,rc:Province_Vietnam
rc:KienGiang_ProvinceVietnam,rdfs:subClassOf,owl:Thing
rc:UrsaMinor_Constellation,rdfs:subClassOf,rc:Constellation
rc:UrsaMinor_Constellation,rdfs:subClassOf,owl:Thing
rc:Pleiades,rdfs:subClassOf,rc:Taurus_Constellation
rc:Pleiades,rdfs:subClassOf,owl:Thing
rc:SungariRiver,rdfs:subClassOf,rc:River
rc:SungariRiver,rdfs:subClassOf,owl:Thing
rc:HinduKush_Mountains,rdfs:subClassOf,rc:MountainRange
rc:HinduKush_Mountains,rdfs:subClassOf,owl:Thing
rc:StripMall,rdfs:subClassOf,rc:ShoppingMallBuilding
rc:StripMall,rdfs:subClassOf,owl:Thing
rc:SkiArea,rdfs:subClassOf,rc:OutdoorRecreationArea
rc:SkiArea,rdfs:subClassOf,rc:RuralArea
rc:SkiArea,rdfs:subClassOf,owl:Thing
rc:PapakatingCreekWatershed,rdfs:subClassOf,rc:HudsonRiver
rc:PapakatingCreekWatershed,rdfs:subClassOf,rc:Watershed
rc:PapakatingCreekWatershed,rdfs:subClassOf,owl:Thing
rc:RedTelephoneBox,rdfs:subClassOf,rc:TelephoneBooth
rc:RedTelephoneBox,rdfs:subClassOf,owl:Thing
rc:Municipality_Finland,rdfs:subClassOf,rc:MunicipalityByCountry
rc:Municipality_Finland,rdfs:subClassOf,owl:Thing
rc:Oregon_State,rdfs:subClassOf,rc:State_UnitedStates
rc:Oregon_State,rdfs:subClassOf,owl:Thing
rc:Pakistan,rdfs:subClassOf,rc:Country
rc:Pakistan,rdfs:subClassOf,owl:Thing
rc:Hormozgan_ProvinceIran,rdfs:subClassOf,rc:Province_Iran
rc:Hormozgan_ProvinceIran,rdfs:subClassOf,owl:Thing
rc:FertilizerProductionFacility,rdfs:subClassOf,rc:ManufacturingFacility
rc:FertilizerProductionFacility,rdfs:subClassOf,owl:Thing
rc:Canton_Ecuador,rdfs:subClassOf,rc:SecondOrderAdministrativeDivision
rc:Canton_Ecuador,rdfs:subClassOf,owl:Thing
rc:CanisMajor_Constellation,rdfs:subClassOf,rc:Constellation
rc:CanisMajor_Constellation,rdfs:subClassOf,owl:Thing
rc:EasternInterconnectedSystem_ElectricPowerGrid,rdfs:subClassOf,rc:ElectricPowerGrid
rc:EasternInterconnectedSystem_ElectricPowerGrid,rdfs:subClassOf,owl:Thing
rc:Bremen_classCruiser,rdfs:subClassOf,rc:LightCruiser
rc:Bremen_classCruiser,rdfs:subClassOf,owl:Thing
rc:LimestoneFormation,rdfs:subClassOf,rc:Limestone
rc:LimestoneFormation,rdfs:subClassOf,owl:Thing
rc:EthnicTownship,rdfs:subClassOf,rc:FourthOrderAdministrativeDivision
rc:EthnicTownship,rdfs:subClassOf,owl:Thing
rc:WaterCurrent,rdfs:subClassOf,rc:BodyOfWater_Flowing
rc:WaterCurrent,rdfs:subClassOf,owl:Thing
rc:SaltArea,rdfs:subClassOf,rc:SaltFlat
rc:SaltArea,rdfs:subClassOf,owl:Thing
rc:Hungary,rdfs:subClassOf,rc:Country
rc:Hungary,rdfs:subClassOf,owl:Thing
rc:RapidTransitStation,rdfs:subClassOf,rc:Subway
rc:RapidTransitStation,rdfs:subClassOf,owl:Thing
rc:CoalHulk,rdfs:subClassOf,rc:SailingShip
rc:CoalHulk,rdfs:subClassOf,owl:Thing
rc:TempleOfHera,rdfs:subClassOf,rc:AncientGreekTemple
rc:TempleOfHera,rdfs:subClassOf,owl:Thing
rc:RuralMunicipality_Canada,rdfs:subClassOf,rc:MunicipalityByCountry
rc:RuralMunicipality_Canada,rdfs:subClassOf,owl:Thing
rc:WestBranchSusquehannaRiver,rdfs:subClassOf,rc:SusquehannaRiver
rc:WestBranchSusquehannaRiver,rdfs:subClassOf,owl:Thing
rc:Canton_France,rdfs:subClassOf,rc:Canton
rc:Canton_France,rdfs:subClassOf,owl:Thing
rc:Sagittarius_Constellation,rdfs:subClassOf,rc:ZodiacConstellation
rc:Sagittarius_Constellation,rdfs:subClassOf,owl:Thing
rc:Arkansas_State,rdfs:subClassOf,rc:State_UnitedStates
rc:Arkansas_State,rdfs:subClassOf,owl:Thing
rc:AtmosphereOfMars,rdfs:subClassOf,rc:Atmosphere
rc:AtmosphereOfMars,rdfs:subClassOf,owl:Thing
rc:Yorktown_classGunboat,rdfs:subClassOf,rc:Gunboat
rc:Yorktown_classGunboat,rdfs:subClassOf,owl:Thing
rc:ConstructionSite,rdfs:subClassOf,rc:CommercialLandParcel
rc:ConstructionSite,rdfs:subClassOf,rc:EconomicRegion
rc:ConstructionSite,rdfs:subClassOf,owl:Thing
rc:LorraineRegion,rdfs:subClassOf,rc:FrenchRegion
rc:LorraineRegion,rdfs:subClassOf,owl:Thing
rc:GambiaRiver,rdfs:subClassOf,rc:River
rc:GambiaRiver,rdfs:subClassOf,owl:Thing
rc:RioGrandeRiver,rdfs:subClassOf,rc:River
rc:RioGrandeRiver,rdfs:subClassOf,owl:Thing
rc:RuralMunicipality_Poland,rdfs:subClassOf,rc:FourthOrderAdministrativeDivision
rc:RuralMunicipality_Poland,rdfs:subClassOf,owl:Thing
rc:SandyDesert,rdfs:subClassOf,rc:Desert
rc:SandyDesert,rdfs:subClassOf,rc:SandySoilRegion
rc:SandyDesert,rdfs:subClassOf,owl:Thing
rc:RoadwayJunction,rdfs:subClassOf,rc:Roadway
rc:RoadwayJunction,rdfs:subClassOf,rc:TransportFacility
rc:RoadwayJunction,rdfs:subClassOf,owl:Thing
rc:NorfolkVirginia,rdfs:subClassOf,rc:City
rc:NorfolkVirginia,rdfs:subClassOf,owl:Thing
rc:GulfOfThailand,rdfs:subClassOf,rc:Gulf
rc:GulfOfThailand,rdfs:subClassOf,owl:Thing
rc:LaPampa_ProvinceArgentina,rdfs:subClassOf,rc:Province_Argentina
rc:LaPampa_ProvinceArgentina,rdfs:subClassOf,owl:Thing
rc:TempleOfKarnak,rdfs:subClassOf,rc:Temple
rc:TempleOfKarnak,rdfs:subClassOf,owl:Thing
rc:MountShasta,rdfs:subClassOf,rc:Stratovolcano
rc:MountShasta,rdfs:subClassOf,owl:Thing
rc:StockTank,rdfs:subClassOf,rc:ArtificialWaterFeature_POI
rc:StockTank,rdfs:subClassOf,owl:Thing
rc:UnitedStatesCapitolGrounds,rdfs:subClassOf,rc:StateCapitolBuilding
rc:UnitedStatesCapitolGrounds,rdfs:subClassOf,owl:Thing
rc:SodaMountains,rdfs:subClassOf,rc:MountainRange
rc:SodaMountains,rdfs:subClassOf,owl:Thing
rc:BrandenbergAlps,rdfs:subClassOf,rc:Alps_Mountains
rc:BrandenbergAlps,rdfs:subClassOf,owl:Thing
rc:CelestialRegion,rdfs:subClassOf,rc:Region
rc:CelestialRegion,rdfs:subClassOf,owl:Thing
rc:LampShade,rdfs:subClassOf,rc:HumanOccupationConstructObject
rc:LampShade,rdfs:subClassOf,owl:Thing
rc:MissileWatercraft_Surface,rdfs:subClassOf,rc:ModernNavalShip
rc:MissileWatercraft_Surface,rdfs:subClassOf,owl:Thing
rc:SaharaDesert,rdfs:subClassOf,rc:SandyDesert
rc:SaharaDesert,rdfs:subClassOf,owl:Thing
rc:InstitutionalComplex,rdfs:subClassOf,rc:BuildingCluster
rc:InstitutionalComplex,rdfs:subClassOf,owl:Thing
rc:Desert,rdfs:subClassOf,rc:BiomeType
rc:Desert,rdfs:subClassOf,owl:Thing
rc:StraitOfCrimea,rdfs:subClassOf,rc:Strait
rc:StraitOfCrimea,rdfs:subClassOf,owl:Thing
rc:LeewardAntilles,rdfs:subClassOf,rc:LesserAntilles_Archipelago
rc:LeewardAntilles,rdfs:subClassOf,owl:Thing
rc:CattleDippingTank,rdfs:subClassOf,rc:StockTank
rc:CattleDippingTank,rdfs:subClassOf,owl:Thing
rc:Setif_ProvinceAlgeria,rdfs:subClassOf,rc:Province_Algeria
rc:Setif_ProvinceAlgeria,rdfs:subClassOf,owl:Thing
rc:Region_Russia,rdfs:subClassOf,rc:Region_State_Geopolitical
rc:Region_Russia,rdfs:subClassOf,owl:Thing
rc:PitcairnTimeZone,rdfs:subClassOf,rc:TimeZone
rc:PitcairnTimeZone,rdfs:subClassOf,owl:Thing
rc:AmargosaDesert,rdfs:subClassOf,rc:Desert
rc:AmargosaDesert,rdfs:subClassOf,owl:Thing
rc:DelawareRiver,rdfs:subClassOf,rc:River
rc:DelawareRiver,rdfs:subClassOf,owl:Thing
rc:Intersection_Street,rdfs:subClassOf,rc:RoadwayJunction
rc:Intersection_Street,rdfs:subClassOf,owl:Thing
rc:Fuerteventura_Island,rdfs:subClassOf,rc:Island
rc:Fuerteventura_Island,rdfs:subClassOf,owl:Thing
rc:GrandTeton_Mount,rdfs:subClassOf,rc:Mountain
rc:GrandTeton_Mount,rdfs:subClassOf,owl:Thing
rc:GlacierOfMountShasta,rdfs:subClassOf,rc:MountShasta
rc:GlacierOfMountShasta,rdfs:subClassOf,owl:Thing
rc:BusStop,rdfs:subClassOf,rc:PortFacility
rc:BusStop,rdfs:subClassOf,rc:StationTerminalOrStop
rc:BusStop,rdfs:subClassOf,owl:Thing
rc:MidwayIslands,rdfs:subClassOf,rc:Archipelago
rc:MidwayIslands,rdfs:subClassOf,owl:Thing
rc:Constellation,rdfs:subClassOf,rc:CelestialRegion
rc:Constellation,rdfs:subClassOf,owl:Thing
rc:RossSea,rdfs:subClassOf,rc:Sea
rc:RossSea,rdfs:subClassOf,owl:Thing
rc:Bootes_Constellation,rdfs:subClassOf,rc:Constellation
rc:Bootes_Constellation,rdfs:subClassOf,owl:Thing
rc:Ksour,rdfs:subClassOf,rc:MountainRange
rc:Ksour,rdfs:subClassOf,rc:SaharaDesert
rc:Ksour,rdfs:subClassOf,owl:Thing
rc:HumanAlteredSite,rdfs:subClassOf,rc:OutdoorLocation
rc:HumanAlteredSite,rdfs:subClassOf,owl:Thing
rc:SagittariusDwarfSpheroidalGalaxy,rdfs:subClassOf,rc:Sagittarius_Constellation
rc:SagittariusDwarfSpheroidalGalaxy,rdfs:subClassOf,owl:Thing
rc:ArabianSea,rdfs:subClassOf,rc:InternationalWaters
rc:ArabianSea,rdfs:subClassOf,owl:Thing
rc:PreDreadnoughtBattleship,rdfs:subClassOf,rc:Battleship
rc:PreDreadnoughtBattleship,rdfs:subClassOf,owl:Thing
rc:SnowyRiver,rdfs:subClassOf,rc:SnowyMountains
rc:SnowyRiver,rdfs:subClassOf,owl:Thing
rc:Norma_Constellation,rdfs:subClassOf,rc:Constellation
rc:Norma_Constellation,rdfs:subClassOf,owl:Thing
rc:WetlandEcologyConservationService,rdfs:subClassOf,rc:Ecosystem
rc:WetlandEcologyConservationService,rdfs:subClassOf,owl:Thing
rc:Bullring,rdfs:subClassOf,rc:AthleticField
rc:Bullring,rdfs:subClassOf,owl:Thing
rc:Kiribati,rdfs:subClassOf,rc:Country
rc:Kiribati,rdfs:subClassOf,owl:Thing
rc:StraitOfGeorgia,rdfs:subClassOf,rc:Strait
rc:StraitOfGeorgia,rdfs:subClassOf,owl:Thing
rc:RailwayDepot,rdfs:subClassOf,rc:StationTerminalOrStop
rc:RailwayDepot,rdfs:subClassOf,owl:Thing
rc:Municipality_Galicia,rdfs:subClassOf,rc:MunicipalityByCountry
rc:Municipality_Galicia,rdfs:subClassOf,owl:Thing
rc:VozroshdeniyeIsland,rdfs:subClassOf,rc:Island
rc:VozroshdeniyeIsland,rdfs:subClassOf,owl:Thing
rc:FactoryBuiltHome,rdfs:subClassOf,rc:House_Modern
rc:FactoryBuiltHome,rdfs:subClassOf,owl:Thing
rc:NorthernRioGrandeNationalHeritageArea,rdfs:subClassOf,rc:RioGrandeRiver
rc:NorthernRioGrandeNationalHeritageArea,rdfs:subClassOf,owl:Thing
rc:Naxos,rdfs:subClassOf,rc:Cyclades
rc:Naxos,rdfs:subClassOf,owl:Thing
rc:Andromeda_Constellation,rdfs:subClassOf,rc:Constellation
rc:Andromeda_Constellation,rdfs:subClassOf,owl:Thing
rc:CanisMinor_Constellation,rdfs:subClassOf,rc:Constellation
rc:CanisMinor_Constellation,rdfs:subClassOf,owl:Thing
rc:SpringMountains,rdfs:subClassOf,rc:MountainRange
rc:SpringMountains,rdfs:subClassOf,owl:Thing
rc:MatsuIslands,rdfs:subClassOf,rc:FormosaStrait
rc:MatsuIslands,rdfs:subClassOf,rc:Island
rc:MatsuIslands,rdfs:subClassOf,owl:Thing
rc:Cunene_ProvinceAngola,rdfs:subClassOf,rc:Province_Angola
rc:Cunene_ProvinceAngola,rdfs:subClassOf,owl:Thing
rc:MotoCrossTrack,rdfs:subClassOf,rc:RaceTrack
rc:MotoCrossTrack,rdfs:subClassOf,owl:Thing
rc:BusStopShelter,rdfs:subClassOf,rc:Shelter
rc:BusStopShelter,rdfs:subClassOf,owl:Thing
rc:Bosnia_Herzegovina,rdfs:subClassOf,rc:Country
rc:Bosnia_Herzegovina,rdfs:subClassOf,owl:Thing
rc:BayOfBangkok,rdfs:subClassOf,rc:GulfOfThailand
rc:BayOfBangkok,rdfs:subClassOf,owl:Thing
rc:Waziristan,rdfs:subClassOf,rc:FederallyAdministeredTribalAreas_Pakistan
rc:Waziristan,rdfs:subClassOf,owl:Thing
rc:RestArea,rdfs:subClassOf,rc:Park
rc:RestArea,rdfs:subClassOf,owl:Thing
rc:Submersible,rdfs:subClassOf,rc:WaterPlatform_Subsurface
rc:Submersible,rdfs:subClassOf,owl:Thing
rc:TongassNationalForest,rdfs:subClassOf,rc:NationalForest
rc:TongassNationalForest,rdfs:subClassOf,owl:Thing
rc:MeanderNeck_Topographical,rdfs:subClassOf,rc:Isthmus
rc:MeanderNeck_Topographical,rdfs:subClassOf,owl:Thing
rc:MountSaintHelens_Volcano,rdfs:subClassOf,rc:Stratovolcano
rc:MountSaintHelens_Volcano,rdfs:subClassOf,owl:Thing
rc:LakeTanganyika,rdfs:subClassOf,rc:FreshWaterLake
rc:LakeTanganyika,rdfs:subClassOf,owl:Thing
rc:PublicBuildingStructure,rdfs:subClassOf,rc:PermanentBuildingStructure
rc:PublicBuildingStructure,rdfs:subClassOf,owl:Thing
rc:GeographicalPlace_Area,rdfs:subClassOf,kko:AreaRegion
rc:GeographicalPlace_Area,rdfs:subClassOf,owl:Thing
rc:SiliconValley,rdfs:subClassOf,rc:NorthernCalifornia
rc:SiliconValley,rdfs:subClassOf,owl:Thing
rc:Minorca_Island,rdfs:subClassOf,rc:Island
rc:Minorca_Island,rdfs:subClassOf,owl:Thing
rc:FresnoCountyCalifornia,rdfs:subClassOf,rc:NorthernCalifornia
rc:FresnoCountyCalifornia,rdfs:subClassOf,owl:Thing
rc:HumanlyOccupiedSpatialObject,rdfs:subClassOf,kko:LocationPlace
rc:HumanlyOccupiedSpatialObject,rdfs:subClassOf,owl:Thing
rc:GuidedMissileDestroyer,rdfs:subClassOf,rc:Destroyer
rc:GuidedMissileDestroyer,rdfs:subClassOf,rc:MissileWatercraft_Surface
rc:GuidedMissileDestroyer,rdfs:subClassOf,owl:Thing
rc:FieldOfFire,rdfs:subClassOf,rc:TacticalArea
rc:FieldOfFire,rdfs:subClassOf,owl:Thing
rc:Lorri_ProvinceArmenia,rdfs:subClassOf,rc:Province_Armenia
rc:Lorri_ProvinceArmenia,rdfs:subClassOf,owl:Thing
rc:Uige_ProvinceAngola,rdfs:subClassOf,rc:Province_Angola
rc:Uige_ProvinceAngola,rdfs:subClassOf,owl:Thing
rc:KigomaRegion,rdfs:subClassOf,rc:LakeTanganyika
rc:KigomaRegion,rdfs:subClassOf,owl:Thing
rc:Canton_Westphalia,rdfs:subClassOf,rc:Canton
rc:Canton_Westphalia,rdfs:subClassOf,owl:Thing
rc:LeewardIslandsCaribbean,rdfs:subClassOf,rc:LesserAntilles_Archipelago
rc:LeewardIslandsCaribbean,rdfs:subClassOf,owl:Thing
rc:CarnegieHall,rdfs:subClassOf,rc:Theater_PhysicalStructure
rc:CarnegieHall,rdfs:subClassOf,owl:Thing
rc:MannedSubmersible,rdfs:subClassOf,rc:Submersible
rc:MannedSubmersible,rdfs:subClassOf,owl:Thing
rc:Basin,rdfs:subClassOf,rc:GeographicalPlace_Area
rc:Basin,rdfs:subClassOf,owl:Thing
rc:LaRioja_ProvinceArgentina,rdfs:subClassOf,rc:Province_Argentina
rc:LaRioja_ProvinceArgentina,rdfs:subClassOf,owl:Thing
rc:TayNinh_ProvinceVietnam,rdfs:subClassOf,rc:Province_Vietnam
rc:TayNinh_ProvinceVietnam,rdfs:subClassOf,owl:Thing
rc:GermanTypeU66Submarine,rdfs:subClassOf,rc:U_Boat
rc:GermanTypeU66Submarine,rdfs:subClassOf,owl:Thing
rc:Excavation_Hole,rdfs:subClassOf,rc:Earthwork
rc:Excavation_Hole,rdfs:subClassOf,rc:HumanAlteredSite
rc:Excavation_Hole,rdfs:subClassOf,owl:Thing
rc:Territory_US,rdfs:subClassOf,rc:USAdministrativeDivision
rc:Territory_US,rdfs:subClassOf,owl:Thing
rc:RuralSettlement_Russia,rdfs:subClassOf,rc:RuralSettlement
rc:RuralSettlement_Russia,rdfs:subClassOf,owl:Thing
rc:Malmo,rdfs:subClassOf,rc:CapitalCityOfRegion
rc:Malmo,rdfs:subClassOf,owl:Thing
rc:RaceTrack,rdfs:subClassOf,rc:SportsTrack
rc:RaceTrack,rdfs:subClassOf,owl:Thing
rc:Mexico,rdfs:subClassOf,rc:IndustrializedCountry
rc:Mexico,rdfs:subClassOf,owl:Thing
rc:ArleighBurkeClassDestroyer,rdfs:subClassOf,rc:GuidedMissileDestroyer
rc:ArleighBurkeClassDestroyer,rdfs:subClassOf,owl:Thing
rc:Checkpoint,rdfs:subClassOf,rc:DefenseBuildingStructure
rc:Checkpoint,rdfs:subClassOf,rc:TransportFacility
rc:Checkpoint,rdfs:subClassOf,owl:Thing
rc:Brandenburg_classBattleship,rdfs:subClassOf,rc:PreDreadnoughtBattleship
rc:Brandenburg_classBattleship,rdfs:subClassOf,owl:Thing
rc:SaltMarsh,rdfs:subClassOf,rc:Marsh
rc:SaltMarsh,rdfs:subClassOf,owl:Thing
rc:GlacierOfMountStHelens,rdfs:subClassOf,rc:MountSaintHelens_Volcano
rc:GlacierOfMountStHelens,rdfs:subClassOf,owl:Thing
rc:TempleOfPoseidon,rdfs:subClassOf,rc:AncientGreekTemple
rc:TempleOfPoseidon,rdfs:subClassOf,owl:Thing
rc:NaturalEnvironment,rdfs:subClassOf,rc:GlobalNaturalEnvironment
rc:NaturalEnvironment,rdfs:subClassOf,owl:Thing
rc:Smog,rdfs:subClassOf,rc:Fog
rc:Smog,rdfs:subClassOf,owl:Thing
rc:Pictor_Constellation,rdfs:subClassOf,rc:Constellation
rc:Pictor_Constellation,rdfs:subClassOf,owl:Thing
rc:Formidabile_classIronclad,rdfs:subClassOf,rc:IroncladWarship
rc:Formidabile_classIronclad,rdfs:subClassOf,owl:Thing
rc:CarvingKnife,rdfs:subClassOf,rc:FoodUtensil
rc:CarvingKnife,rdfs:subClassOf,owl:Thing
rc:LandscapeType,rdfs:subClassOf,kko:AreaRegion
rc:LandscapeType,rdfs:subClassOf,owl:Thing
rc:BayOfBengal,rdfs:subClassOf,rc:BodyOfWater_Large
rc:BayOfBengal,rdfs:subClassOf,owl:Thing
rc:NewTerritories,rdfs:subClassOf,rc:HongKong
rc:NewTerritories,rdfs:subClassOf,owl:Thing
rc:WeightliftingArea,rdfs:subClassOf,rc:SportsPlayingArea
rc:WeightliftingArea,rdfs:subClassOf,owl:Thing
rc:StraitOfGibraltar,rdfs:subClassOf,rc:ShippingLane_International
rc:StraitOfGibraltar,rdfs:subClassOf,owl:Thing
rc:EuphratesRiver,rdfs:subClassOf,rc:River
rc:EuphratesRiver,rdfs:subClassOf,owl:Thing
rc:LowVoltageNetwork,rdfs:subClassOf,rc:PowerDistribution
rc:LowVoltageNetwork,rdfs:subClassOf,owl:Thing
rc:Muyinga_ProvinceBurundi,rdfs:subClassOf,rc:Province_Burundi
rc:Muyinga_ProvinceBurundi,rdfs:subClassOf,owl:Thing
rc:Ostroleka_ProvincePoland,rdfs:subClassOf,rc:Province_Poland
rc:Ostroleka_ProvincePoland,rdfs:subClassOf,owl:Thing
rc:Mine_ExcavationFacility,rdfs:subClassOf,rc:Excavation_Hole
rc:Mine_ExcavationFacility,rdfs:subClassOf,rc:IndustrialBuildingStructure
rc:Mine_ExcavationFacility,rdfs:subClassOf,owl:Thing
rc:Mesosphere_PlanetEarth,rdfs:subClassOf,rc:AtmosphericLayer
rc:Mesosphere_PlanetEarth,rdfs:subClassOf,owl:Thing
rc:OperaHouse,rdfs:subClassOf,rc:Theater_PhysicalStructure
rc:OperaHouse,rdfs:subClassOf,owl:Thing
rc:MountainHut,rdfs:subClassOf,rc:Hut
rc:MountainHut,rdfs:subClassOf,owl:Thing
rc:Guernsey_Island,rdfs:subClassOf,rc:Island
rc:Guernsey_Island,rdfs:subClassOf,owl:Thing
rc:SandTrap,rdfs:subClassOf,rc:GolfingArea
rc:SandTrap,rdfs:subClassOf,owl:Thing
rc:GermanTypeUbISubmarine,rdfs:subClassOf,rc:U_Boat
rc:GermanTypeUbISubmarine,rdfs:subClassOf,owl:Thing
rc:MidwayIslands_Territory,rdfs:subClassOf,rc:Territory_US
rc:MidwayIslands_Territory,rdfs:subClassOf,owl:Thing
rc:DevilsIsland,rdfs:subClassOf,rc:Island
rc:DevilsIsland,rdfs:subClassOf,owl:Thing
rc:GozoIsland,rdfs:subClassOf,rc:Island
rc:GozoIsland,rdfs:subClassOf,owl:Thing
rc:AmargosaRange,rdfs:subClassOf,rc:MountainRange
rc:AmargosaRange,rdfs:subClassOf,owl:Thing
rc:PortugueseSpeakingCountryOrTerritory,rdfs:subClassOf,rc:LanguageSpeakingCountryOrTerritory
rc:PortugueseSpeakingCountryOrTerritory,rdfs:subClassOf,owl:Thing
rc:Mexico_StateMexico,rdfs:subClassOf,rc:State_Mexico
rc:Mexico_StateMexico,rdfs:subClassOf,owl:Thing
rc:OwascoLake,rdfs:subClassOf,rc:FingerLakes
rc:OwascoLake,rdfs:subClassOf,owl:Thing
rc:TopographicalFeature,rdfs:subClassOf,rc:LandscapeType
rc:TopographicalFeature,rdfs:subClassOf,owl:Thing
rc:BellTower,rdfs:subClassOf,rc:CommunicationTower
rc:BellTower,rdfs:subClassOf,owl:Thing
rc:PrefabricatedCommercialBuildingStructure,rdfs:subClassOf,rc:PrefabricatedBuildingStructure
rc:PrefabricatedCommercialBuildingStructure,rdfs:subClassOf,owl:Thing
rc:Pit_Topographical,rdfs:subClassOf,rc:Depression_Topographical
rc:Pit_Topographical,rdfs:subClassOf,owl:Thing
rc:PrisonsInGuantanamoBay,rdfs:subClassOf,rc:Prison
rc:PrisonsInGuantanamoBay,rdfs:subClassOf,owl:Thing
rc:ElectricalSwitch,rdfs:subClassOf,rc:LowVoltageNetwork
rc:ElectricalSwitch,rdfs:subClassOf,owl:Thing
rc:Apron_Airport,rdfs:subClassOf,rc:ParkingLot
rc:Apron_Airport,rdfs:subClassOf,owl:Thing
rc:PorchSwing,rdfs:subClassOf,rc:Outdoors_ExposedToWeather
rc:PorchSwing,rdfs:subClassOf,owl:Thing
rc:Coke,rdfs:subClassOf,rc:FossilFuel
rc:Coke,rdfs:subClassOf,owl:Thing
rc:MineField,rdfs:subClassOf,rc:ManMadeObstacle
rc:MineField,rdfs:subClassOf,owl:Thing
rc:Municipality_Germany,rdfs:subClassOf,rc:MunicipalityByCountry
rc:Municipality_Germany,rdfs:subClassOf,owl:Thing
rc:Nayarit_StateMexico,rdfs:subClassOf,rc:State_Mexico
rc:Nayarit_StateMexico,rdfs:subClassOf,owl:Thing
rc:CarRaceTrack,rdfs:subClassOf,rc:RaceTrack
rc:CarRaceTrack,rdfs:subClassOf,owl:Thing
rc:Guerrero_StateMexico,rdfs:subClassOf,rc:State_Mexico
rc:Guerrero_StateMexico,rdfs:subClassOf,owl:Thing
rc:ConfederateStatesOfAmerica,rdfs:subClassOf,rc:IndependentCountry
rc:ConfederateStatesOfAmerica,rdfs:subClassOf,owl:Thing
rc:OrganCase,rdfs:subClassOf,rc:Cabinet_StorageConstruction
rc:OrganCase,rdfs:subClassOf,owl:Thing
rc:SatelliteFacility,rdfs:subClassOf,rc:CommercialBuilding
rc:SatelliteFacility,rdfs:subClassOf,owl:Thing
rc:Booth_OccupationConstruct,rdfs:subClassOf,rc:PrefabricatedCommercialBuildingStructure
rc:Booth_OccupationConstruct,rdfs:subClassOf,owl:Thing
rc:AtmosphereOfVenus,rdfs:subClassOf,rc:Atmosphere
rc:AtmosphereOfVenus,rdfs:subClassOf,owl:Thing
rc:SutterCountyCalifornia,rdfs:subClassOf,rc:NorthernCalifornia
rc:SutterCountyCalifornia,rdfs:subClassOf,owl:Thing
rc:Locale,rdfs:subClassOf,rc:GeographicalRegion
rc:Locale,rdfs:subClassOf,owl:Thing
rc:Lithuania,rdfs:subClassOf,rc:EasternEuropeanCountry
rc:Lithuania,rdfs:subClassOf,owl:Thing
rc:Butaritari,rdfs:subClassOf,rc:GilbertIslands_Kiribati
rc:Butaritari,rdfs:subClassOf,owl:Thing
rc:Department_Argentina,rdfs:subClassOf,rc:SecondOrderAdministrativeDivision
rc:Department_Argentina,rdfs:subClassOf,owl:Thing
rc:Tongatapu_IslandGroupTonga,rdfs:subClassOf,rc:IslandGroup_Tonga
rc:Tongatapu_IslandGroupTonga,rdfs:subClassOf,owl:Thing
rc:AmericanSamoa,rdfs:subClassOf,rc:Territory_US
rc:AmericanSamoa,rdfs:subClassOf,owl:Thing
rc:OpenArea,rdfs:subClassOf,rc:OutdoorLocation
rc:OpenArea,rdfs:subClassOf,rc:Place_NonAgent_Area
rc:OpenArea,rdfs:subClassOf,owl:Thing
rc:LandTopographicalFeature,rdfs:subClassOf,rc:TopographicalFeature
rc:LandTopographicalFeature,rdfs:subClassOf,owl:Thing
rc:CoalMiningRegion,rdfs:subClassOf,rc:CoalField
rc:CoalMiningRegion,rdfs:subClassOf,owl:Thing
rc:AffordableHousing,rdfs:subClassOf,rc:HumanResidence
rc:AffordableHousing,rdfs:subClassOf,owl:Thing
rc:Kentucky_State,rdfs:subClassOf,rc:State_UnitedStates
rc:Kentucky_State,rdfs:subClassOf,owl:Thing
rc:Cyclades,rdfs:subClassOf,rc:Archipelago
rc:Cyclades,rdfs:subClassOf,owl:Thing
rc:Quarry,rdfs:subClassOf,rc:IndustrialLandParcel
rc:Quarry,rdfs:subClassOf,rc:Mine_ExcavationFacility
rc:Quarry,rdfs:subClassOf,rc:Pit_Topographical
rc:Quarry,rdfs:subClassOf,owl:Thing
rc:ElectricalButton,rdfs:subClassOf,rc:ElectricalSwitch
rc:ElectricalButton,rdfs:subClassOf,owl:Thing
rc:SmoggyArea,rdfs:subClassOf,rc:WeatherArea
rc:SmoggyArea,rdfs:subClassOf,owl:Thing
rc:WireObstacle,rdfs:subClassOf,rc:ManMadeObstacle
rc:WireObstacle,rdfs:subClassOf,owl:Thing
rc:Uruguay,rdfs:subClassOf,rc:Country
rc:Uruguay,rdfs:subClassOf,owl:Thing
rc:ParkingLot,rdfs:subClassOf,rc:OpenArea
rc:ParkingLot,rdfs:subClassOf,rc:PathForWheeledVehicles
rc:ParkingLot,rdfs:subClassOf,rc:TransportBuildingStructure
rc:ParkingLot,rdfs:subClassOf,owl:Thing
rc:Ejecta,rdfs:subClassOf,rc:LandTopographicalFeature
rc:Ejecta,rdfs:subClassOf,owl:Thing
rc:Department_BurkinaFaso,rdfs:subClassOf,rc:AdministrativeDistrict
rc:Department_BurkinaFaso,rdfs:subClassOf,owl:Thing
rc:Rivadavia_classBattleship,rdfs:subClassOf,rc:Dreadnought
rc:Rivadavia_classBattleship,rdfs:subClassOf,owl:Thing
rc:LaScala,rdfs:subClassOf,rc:OperaHouse
rc:LaScala,rdfs:subClassOf,owl:Thing
rc:Terra_Planetary,rdfs:subClassOf,rc:LandMass
rc:Terra_Planetary,rdfs:subClassOf,owl:Thing
rc:Isabela_ProvincePhilippines,rdfs:subClassOf,rc:Province_Philippines
rc:Isabela_ProvincePhilippines,rdfs:subClassOf,owl:Thing
rc:Tongs,rdfs:subClassOf,rc:CookingUtensil
rc:Tongs,rdfs:subClassOf,owl:Thing
rc:SoHo,rdfs:subClassOf,rc:Neighborhood
rc:SoHo,rdfs:subClassOf,owl:Thing
rc:ArtsAndIndustriesBuilding,rdfs:subClassOf,rc:MuseumStructure
rc:ArtsAndIndustriesBuilding,rdfs:subClassOf,owl:Thing
rc:TempleOfTheRomanForum,rdfs:subClassOf,rc:Temple
rc:TempleOfTheRomanForum,rdfs:subClassOf,owl:Thing
rc:Haiti,rdfs:subClassOf,rc:Country
rc:Haiti,rdfs:subClassOf,owl:Thing
rc:EkaterinaIi_classBattleship,rdfs:subClassOf,rc:Battleship
rc:EkaterinaIi_classBattleship,rdfs:subClassOf,owl:Thing
rc:ChalkPit,rdfs:subClassOf,rc:Quarry
rc:ChalkPit,rdfs:subClassOf,owl:Thing
rc:LeewardIslands_FrenchPolynesia,rdfs:subClassOf,rc:Archipelago
rc:LeewardIslands_FrenchPolynesia,rdfs:subClassOf,owl:Thing
rc:ScandinavianPeninsula,rdfs:subClassOf,rc:Peninsula
rc:ScandinavianPeninsula,rdfs:subClassOf,owl:Thing
rc:WestCoastOfTheUnitedStates,rdfs:subClassOf,rc:WesternUS_Region
rc:WestCoastOfTheUnitedStates,rdfs:subClassOf,owl:Thing
rc:GambierIslands_FrenchPolynesia,rdfs:subClassOf,rc:Archipelago
rc:GambierIslands_FrenchPolynesia,rdfs:subClassOf,owl:Thing
rc:LosAngelesCalifornia,rdfs:subClassOf,rc:City
rc:LosAngelesCalifornia,rdfs:subClassOf,owl:Thing
rc:Promontorium_Lunar,rdfs:subClassOf,rc:Promontory
rc:Promontorium_Lunar,rdfs:subClassOf,owl:Thing
rc:GlacierOfTheAlps,rdfs:subClassOf,rc:Glacier
rc:GlacierOfTheAlps,rdfs:subClassOf,owl:Thing
rc:Greenland_TheIsland,rdfs:subClassOf,rc:Island
rc:Greenland_TheIsland,rdfs:subClassOf,owl:Thing
rc:DeathValley,rdfs:subClassOf,rc:Valley
rc:DeathValley,rdfs:subClassOf,owl:Thing
rc:BayOfBiscay,rdfs:subClassOf,rc:Bay
rc:BayOfBiscay,rdfs:subClassOf,owl:Thing
rc:ShetlandIslands,rdfs:subClassOf,rc:Archipelago
rc:ShetlandIslands,rdfs:subClassOf,owl:Thing
rc:CricketField,rdfs:subClassOf,rc:AthleticField
rc:CricketField,rdfs:subClassOf,owl:Thing
rc:WindowOffice,rdfs:subClassOf,rc:OfficeRoom
rc:WindowOffice,rdfs:subClassOf,owl:Thing
rc:GeorgeTownCaymanIslands,rdfs:subClassOf,rc:CapitalCityOfRegion
rc:GeorgeTownCaymanIslands,rdfs:subClassOf,owl:Thing
rc:StateOfPalestine,rdfs:subClassOf,rc:ArabWorld
rc:StateOfPalestine,rdfs:subClassOf,owl:Thing
rc:LaUnion_ProvincePhilippines,rdfs:subClassOf,rc:Province_Philippines
rc:LaUnion_ProvincePhilippines,rdfs:subClassOf,owl:Thing
rc:SepticDrainfield,rdfs:subClassOf,rc:LandParcel
rc:SepticDrainfield,rdfs:subClassOf,owl:Thing
rc:Terrace_Topographical,rdfs:subClassOf,rc:Bench_Topographical
rc:Terrace_Topographical,rdfs:subClassOf,owl:Thing
rc:AmuDaryaRiver,rdfs:subClassOf,rc:River
rc:AmuDaryaRiver,rdfs:subClassOf,owl:Thing
rc:Minotaur_classCruiser,rdfs:subClassOf,rc:ArmoredCruiser
rc:Minotaur_classCruiser,rdfs:subClassOf,owl:Thing
rc:GeopoliticalRegion,rdfs:subClassOf,rc:Ground
rc:GeopoliticalRegion,rdfs:subClassOf,owl:Thing
rc:DistrictElectoralDivision,rdfs:subClassOf,rc:ElectoralDistrict
rc:DistrictElectoralDivision,rdfs:subClassOf,owl:Thing
rc:Rus,rdfs:subClassOf,rc:EasternEuropeanCountry
rc:Rus,rdfs:subClassOf,owl:Thing
rc:StraitOfHormuz,rdfs:subClassOf,rc:Strait
rc:StraitOfHormuz,rdfs:subClassOf,owl:Thing
rc:KirkukOilField,rdfs:subClassOf,rc:OilField
rc:KirkukOilField,rdfs:subClassOf,owl:Thing
rc:GeneralPoint,rdfs:subClassOf,rc:TacticalPoint
rc:GeneralPoint,rdfs:subClassOf,owl:Thing
rc:DevilsTowerNationalMonument,rdfs:subClassOf,rc:BlackHills_Mountains
rc:DevilsTowerNationalMonument,rdfs:subClassOf,owl:Thing
rc:NorthernSamar_ProvincePhilippines,rdfs:subClassOf,rc:Province_Philippines
rc:NorthernSamar_ProvincePhilippines,rdfs:subClassOf,owl:Thing
rc:Bentonite,rdfs:subClassOf,rc:Clay
rc:Bentonite,rdfs:subClassOf,owl:Thing
rc:Andros,rdfs:subClassOf,rc:Cyclades
rc:Andros,rdfs:subClassOf,owl:Thing
rc:CarRacingFacility,rdfs:subClassOf,rc:FixedStructure
rc:CarRacingFacility,rdfs:subClassOf,owl:Thing
rc:FactorySite,rdfs:subClassOf,rc:IndustrialLandParcel
rc:FactorySite,rdfs:subClassOf,owl:Thing
rc:HinduTemple,rdfs:subClassOf,rc:Temple
rc:HinduTemple,rdfs:subClassOf,owl:Thing
rc:NazcaLine,rdfs:subClassOf,rc:Earthwork
rc:NazcaLine,rdfs:subClassOf,rc:UNESCOWorldHertitageSite
rc:NazcaLine,rdfs:subClassOf,owl:Thing
rc:Nunatak,rdfs:subClassOf,rc:VerticalProtrusion_Topographical
rc:Nunatak,rdfs:subClassOf,owl:Thing
rc:PennineAlps_Mountain,rdfs:subClassOf,rc:ResortFacility
rc:PennineAlps_Mountain,rdfs:subClassOf,owl:Thing
rc:Checkpoint_Military,rdfs:subClassOf,rc:Checkpoint
rc:Checkpoint_Military,rdfs:subClassOf,rc:GeneralPoint
rc:Checkpoint_Military,rdfs:subClassOf,rc:MilitaryFacility
rc:Checkpoint_Military,rdfs:subClassOf,owl:Thing
rc:PacificOcean,rdfs:subClassOf,rc:Ocean
rc:PacificOcean,rdfs:subClassOf,owl:Thing
rc:ObstacleSystem_Military,rdfs:subClassOf,rc:DefenseBuildingStructure
rc:ObstacleSystem_Military,rdfs:subClassOf,rc:Obstacle
rc:ObstacleSystem_Military,rdfs:subClassOf,owl:Thing
rc:AinDefla_ProvinceAlgeria,rdfs:subClassOf,rc:Province_Algeria
rc:AinDefla_ProvinceAlgeria,rdfs:subClassOf,owl:Thing
rc:Municipality_Greece,rdfs:subClassOf,rc:MunicipalityByCountry
rc:Municipality_Greece,rdfs:subClassOf,owl:Thing
rc:AdministrativeDivision,rdfs:subClassOf,rc:GeopoliticalRegion
rc:AdministrativeDivision,rdfs:subClassOf,owl:Thing
rc:RailwayJunction,rdfs:subClassOf,rc:Railway
rc:RailwayJunction,rdfs:subClassOf,rc:RoadwayJunction
rc:RailwayJunction,rdfs:subClassOf,owl:Thing
rc:Kii_classBattleship,rdfs:subClassOf,rc:Battleship
rc:Kii_classBattleship,rdfs:subClassOf,owl:Thing
rc:Interstate10,rdfs:subClassOf,rc:InterstateHighway
rc:Interstate10,rdfs:subClassOf,owl:Thing
rc:ServingUtensil,rdfs:subClassOf,rc:FoodUtensil
rc:ServingUtensil,rdfs:subClassOf,owl:Thing
rc:DelawareWaterGap,rdfs:subClassOf,rc:DelawareRiver
rc:DelawareWaterGap,rdfs:subClassOf,owl:Thing
rc:Laos,rdfs:subClassOf,rc:Country
rc:Laos,rdfs:subClassOf,owl:Thing
rc:UpperNormandy,rdfs:subClassOf,rc:FrenchRegion
rc:UpperNormandy,rdfs:subClassOf,owl:Thing
rc:Gulf,rdfs:subClassOf,rc:BodyOfWater_Large
rc:Gulf,rdfs:subClassOf,rc:BodyOfWater_SubRegionsSea
rc:Gulf,rdfs:subClassOf,owl:Thing
rc:Matterhorn,rdfs:subClassOf,rc:PennineAlps_Mountain
rc:Matterhorn,rdfs:subClassOf,owl:Thing
rc:Cutoff,rdfs:subClassOf,rc:Channel_WaterPath
rc:Cutoff,rdfs:subClassOf,owl:Thing
rc:Lamppost,rdfs:subClassOf,rc:FixedStructure
rc:Lamppost,rdfs:subClassOf,owl:Thing
rc:BohaiEconomicRim,rdfs:subClassOf,rc:EconomicRegion
rc:BohaiEconomicRim,rdfs:subClassOf,owl:Thing
rc:Kenya,rdfs:subClassOf,rc:Country
rc:Kenya,rdfs:subClassOf,owl:Thing
rc:Grande_TerreIslandGuadeloupe,rdfs:subClassOf,rc:Island
rc:Grande_TerreIslandGuadeloupe,rdfs:subClassOf,owl:Thing
rc:Municipality_Guatemala,rdfs:subClassOf,rc:MunicipalityByCountry
rc:Municipality_Guatemala,rdfs:subClassOf,owl:Thing
rc:CelebesSea,rdfs:subClassOf,rc:Sea
rc:CelebesSea,rdfs:subClassOf,owl:Thing
rc:HornbyIsland_BritishColumbia,rdfs:subClassOf,rc:Island
rc:HornbyIsland_BritishColumbia,rdfs:subClassOf,owl:Thing
rc:RubberSpatula,rdfs:subClassOf,rc:Spatula
rc:RubberSpatula,rdfs:subClassOf,owl:Thing
rc:FinancialFacility,rdfs:subClassOf,rc:CommercialFacility
rc:FinancialFacility,rdfs:subClassOf,owl:Thing
rc:RestaurantSeatingArea,rdfs:subClassOf,rc:HumanlyOccupiedSpatialObject
rc:RestaurantSeatingArea,rdfs:subClassOf,owl:Thing
rc:LivestockFarm,rdfs:subClassOf,rc:EconomicRegion
rc:LivestockFarm,rdfs:subClassOf,owl:Thing
rc:Ladle,rdfs:subClassOf,rc:ServingUtensil
rc:Ladle,rdfs:subClassOf,rc:Spoon
rc:Ladle,rdfs:subClassOf,owl:Thing
rc:GulfOfGuinea,rdfs:subClassOf,rc:Gulf
rc:GulfOfGuinea,rdfs:subClassOf,owl:Thing
rc:Virginia_State,rdfs:subClassOf,rc:State_UnitedStates
rc:Virginia_State,rdfs:subClassOf,owl:Thing
rc:StraitOfMackinac,rdfs:subClassOf,rc:Strait
rc:StraitOfMackinac,rdfs:subClassOf,owl:Thing
rc:Parthenon,rdfs:subClassOf,rc:Landmark
rc:Parthenon,rdfs:subClassOf,owl:Thing
rc:SpanishSpeakingCountryOrTerritory,rdfs:subClassOf,rc:LanguageSpeakingCountryOrTerritory
rc:SpanishSpeakingCountryOrTerritory,rdfs:subClassOf,owl:Thing
rc:Latrine,rdfs:subClassOf,rc:Toilet
rc:Latrine,rdfs:subClassOf,owl:Thing
rc:NorthernSavonia,rdfs:subClassOf,rc:EasternFinland_ProvinceFinland
rc:NorthernSavonia,rdfs:subClassOf,owl:Thing
rc:FirstOrderAdministrativeDivision,rdfs:subClassOf,rc:AdministrativeDivision
rc:FirstOrderAdministrativeDivision,rdfs:subClassOf,owl:Thing
rc:LosAngelesClassSubmarine,rdfs:subClassOf,rc:AttackSubmarine
rc:LosAngelesClassSubmarine,rdfs:subClassOf,rc:NuclearSubmarine
rc:LosAngelesClassSubmarine,rdfs:subClassOf,owl:Thing
rc:UruguayRiver,rdfs:subClassOf,rc:River
rc:UruguayRiver,rdfs:subClassOf,owl:Thing
rc:ChemicalTanker_MerchantMarineShip,rdfs:subClassOf,rc:Ship
rc:ChemicalTanker_MerchantMarineShip,rdfs:subClassOf,owl:Thing
rc:Dam,rdfs:subClassOf,rc:ArtificialWaterFeature_POI
rc:Dam,rdfs:subClassOf,rc:IrrigationFloodControlWaterwork
rc:Dam,rdfs:subClassOf,owl:Thing
rc:BankBuilding,rdfs:subClassOf,rc:FinancialFacility
rc:BankBuilding,rdfs:subClassOf,owl:Thing
rc:SaguenayRiver,rdfs:subClassOf,rc:River
rc:SaguenayRiver,rdfs:subClassOf,owl:Thing
rc:MountainPass,rdfs:subClassOf,rc:TravelRoute
rc:MountainPass,rdfs:subClassOf,owl:Thing
rc:Moltke_classBattlecruiser,rdfs:subClassOf,rc:BattleCruiser
rc:Moltke_classBattlecruiser,rdfs:subClassOf,owl:Thing
rc:Post_Location,rdfs:subClassOf,rc:GovernmentalLandParcel
rc:Post_Location,rdfs:subClassOf,rc:HumanResidenceArea
rc:Post_Location,rdfs:subClassOf,owl:Thing
rc:TacticalLine,rdfs:subClassOf,rc:TacticalTerrainObject
rc:TacticalLine,rdfs:subClassOf,owl:Thing
rc:YellowSea,rdfs:subClassOf,rc:Sea
rc:YellowSea,rdfs:subClassOf,owl:Thing
rc:Osvetnik_classSubmarine,rdfs:subClassOf,rc:AttackSubmarine
rc:Osvetnik_classSubmarine,rdfs:subClassOf,owl:Thing
rc:TempleOfZeus,rdfs:subClassOf,rc:AncientGreekTemple
rc:TempleOfZeus,rdfs:subClassOf,owl:Thing
rc:SpaceInAFixedHOC,rdfs:subClassOf,rc:SpaceInAHOC
rc:SpaceInAFixedHOC,rdfs:subClassOf,owl:Thing
rc:Department_IvoryCoast,rdfs:subClassOf,rc:ThirdOrderAdministrativeDivision
rc:Department_IvoryCoast,rdfs:subClassOf,owl:Thing
rc:CattleRanch,rdfs:subClassOf,rc:LivestockFarm
rc:CattleRanch,rdfs:subClassOf,owl:Thing
rc:MineInNewCaledonia,rdfs:subClassOf,rc:Mine_ExcavationFacility
rc:MineInNewCaledonia,rdfs:subClassOf,owl:Thing
rc:AnnobonProvince,rdfs:subClassOf,rc:GulfOfGuinea
rc:AnnobonProvince,rdfs:subClassOf,owl:Thing
rc:KenyaConstituency,rdfs:subClassOf,rc:Constituency
rc:KenyaConstituency,rdfs:subClassOf,owl:Thing
rc:PromontoryFort,rdfs:subClassOf,rc:FortificationByType
rc:PromontoryFort,rdfs:subClassOf,owl:Thing
rc:BronzeAgeSite,rdfs:subClassOf,rc:AncientArchaeologicalSite
rc:BronzeAgeSite,rdfs:subClassOf,owl:Thing
rc:BayOfDanzig,rdfs:subClassOf,rc:Bay
rc:BayOfDanzig,rdfs:subClassOf,owl:Thing
rc:Type1934Destroyer,rdfs:subClassOf,rc:Destroyer
rc:Type1934Destroyer,rdfs:subClassOf,owl:Thing
rc:WindowPane,rdfs:subClassOf,rc:Window
rc:WindowPane,rdfs:subClassOf,owl:Thing
rc:CommunityCenter,rdfs:subClassOf,rc:HumanHighOccupancyConstruct
rc:CommunityCenter,rdfs:subClassOf,owl:Thing
rc:MilitaryPost,rdfs:subClassOf,rc:Post_Location
rc:MilitaryPost,rdfs:subClassOf,owl:Thing
rc:DeathValleyNationalPark,rdfs:subClassOf,rc:NationalPark
rc:DeathValleyNationalPark,rdfs:subClassOf,owl:Thing
rc:Kuban,rdfs:subClassOf,rc:Caucasus_Region
rc:Kuban,rdfs:subClassOf,owl:Thing
rc:ElBayadh_ProvinceAlgeria,rdfs:subClassOf,rc:Province_Algeria
rc:ElBayadh_ProvinceAlgeria,rdfs:subClassOf,owl:Thing
rc:Henan_ProvinceChina,rdfs:subClassOf,rc:ChineseProvince
rc:Henan_ProvinceChina,rdfs:subClassOf,owl:Thing
rc:State_Geopolitical,rdfs:subClassOf,rc:FirstOrderAdministrativeDivision
rc:State_Geopolitical,rdfs:subClassOf,owl:Thing
rc:WeimarRepublic,rdfs:subClassOf,rc:Country
rc:WeimarRepublic,rdfs:subClassOf,owl:Thing
rc:Barrier_ConstructionArtifact,rdfs:subClassOf,rc:ManMadeObstacle
rc:Barrier_ConstructionArtifact,rdfs:subClassOf,rc:ObstacleSystem_Military
rc:Barrier_ConstructionArtifact,rdfs:subClassOf,rc:TacticalLine
rc:Barrier_ConstructionArtifact,rdfs:subClassOf,owl:Thing
rc:Terrace_Topographical_Undersea,rdfs:subClassOf,rc:UnderwaterTopographicalFeature
rc:Terrace_Topographical_Undersea,rdfs:subClassOf,owl:Thing
rc:ArtsCenter,rdfs:subClassOf,rc:CommunityCenter
rc:ArtsCenter,rdfs:subClassOf,owl:Thing
rc:RadioMastsAndTowersInEurope,rdfs:subClassOf,rc:CommunicationTower
rc:RadioMastsAndTowersInEurope,rdfs:subClassOf,owl:Thing
rc:PrefabricatedBuildingStructure,rdfs:subClassOf,rc:Facility_Construct
rc:PrefabricatedBuildingStructure,rdfs:subClassOf,owl:Thing
rc:CantonsOfCostaRica,rdfs:subClassOf,rc:SecondOrderAdministrativeDivision
rc:CantonsOfCostaRica,rdfs:subClassOf,owl:Thing
rc:MultiRoomUnit,rdfs:subClassOf,rc:FlatApartment
rc:MultiRoomUnit,rdfs:subClassOf,rc:SpaceInAFixedHOC
rc:MultiRoomUnit,rdfs:subClassOf,owl:Thing
rc:HelicopterCarrier,rdfs:subClassOf,rc:AircraftCarrier
rc:HelicopterCarrier,rdfs:subClassOf,owl:Thing
rc:Haydite,rdfs:subClassOf,rc:Clay
rc:Haydite,rdfs:subClassOf,owl:Thing
rc:Interfluve,rdfs:subClassOf,rc:NaturalElevation
rc:Interfluve,rdfs:subClassOf,owl:Thing
rc:NaturalGas,rdfs:subClassOf,rc:FossilFuel
rc:NaturalGas,rdfs:subClassOf,owl:Thing
rc:Virginia_classBattleship,rdfs:subClassOf,rc:PreDreadnoughtBattleship
rc:Virginia_classBattleship,rdfs:subClassOf,owl:Thing
rc:Columba_Constellation,rdfs:subClassOf,rc:Constellation
rc:Columba_Constellation,rdfs:subClassOf,owl:Thing
rc:Shale,rdfs:subClassOf,rc:ClasticSedimentaryRock
rc:Shale,rdfs:subClassOf,owl:Thing
rc:Apron_Topographical,rdfs:subClassOf,rc:Slope_Topographical
rc:Apron_Topographical,rdfs:subClassOf,rc:UnderwaterLocation
rc:Apron_Topographical,rdfs:subClassOf,owl:Thing
rc:OwensValley,rdfs:subClassOf,rc:Valley
rc:OwensValley,rdfs:subClassOf,owl:Thing
rc:Booth_SeatingArea,rdfs:subClassOf,rc:RestaurantSeatingArea
rc:Booth_SeatingArea,rdfs:subClassOf,owl:Thing
rc:SepticSystem,rdfs:subClassOf,rc:WasteFacility
rc:SepticSystem,rdfs:subClassOf,owl:Thing
rc:BajaCaliforniaSur_StateMexico,rdfs:subClassOf,rc:State_Mexico
rc:BajaCaliforniaSur_StateMexico,rdfs:subClassOf,owl:Thing
rc:Promontory_OverLand,rdfs:subClassOf,rc:Promontory
rc:Promontory_OverLand,rdfs:subClassOf,owl:Thing
rc:CombatPosition,rdfs:subClassOf,rc:MilitaryPost
rc:CombatPosition,rdfs:subClassOf,rc:TacticalArea
rc:CombatPosition,rdfs:subClassOf,owl:Thing
rc:YosemiteNationalPark,rdfs:subClassOf,rc:NationalPark
rc:YosemiteNationalPark,rdfs:subClassOf,owl:Thing
rc:GermanicCountryOrTerritory,rdfs:subClassOf,rc:LanguageSpeakingCountryOrTerritory
rc:GermanicCountryOrTerritory,rdfs:subClassOf,owl:Thing
rc:PrefabricatedResidentialBuildingStructure,rdfs:subClassOf,rc:PrefabricatedBuildingStructure
rc:PrefabricatedResidentialBuildingStructure,rdfs:subClassOf,owl:Thing
rc:Arrugado_Undersea,rdfs:subClassOf,rc:UnderwaterTopographicalFeature
rc:Arrugado_Undersea,rdfs:subClassOf,owl:Thing
rc:Kirov_classCruiser,rdfs:subClassOf,rc:LightCruiser
rc:Kirov_classCruiser,rdfs:subClassOf,owl:Thing
rc:FoxeBasin,rdfs:subClassOf,rc:Basin_Topographical
rc:FoxeBasin,rdfs:subClassOf,owl:Thing
rc:AinTemouchent_ProvinceAlgeria,rdfs:subClassOf,rc:Province_Algeria
rc:AinTemouchent_ProvinceAlgeria,rdfs:subClassOf,owl:Thing
rc:YamalNenets_ProvinceRussia,rdfs:subClassOf,rc:Province_Russia
rc:YamalNenets_ProvinceRussia,rdfs:subClassOf,owl:Thing
rc:RailwayLinesInTheBlackForest,rdfs:subClassOf,rc:RailwayLine
rc:RailwayLinesInTheBlackForest,rdfs:subClassOf,owl:Thing
rc:Community_Communes,rdfs:subClassOf,rc:AdministrativeDistrict
rc:Community_Communes,rdfs:subClassOf,owl:Thing
rc:SingleTrackRail,rdfs:subClassOf,rc:Railway
rc:SingleTrackRail,rdfs:subClassOf,owl:Thing
rc:Canton_Swiss,rdfs:subClassOf,rc:State_Geopolitical
rc:Canton_Swiss,rdfs:subClassOf,owl:Thing
rc:BayOfFundy,rdfs:subClassOf,rc:Bay
rc:BayOfFundy,rdfs:subClassOf,owl:Thing
rc:Settlement_Galicia,rdfs:subClassOf,rc:MunicipalityByCountry
rc:Settlement_Galicia,rdfs:subClassOf,owl:Thing
rc:Studio,rdfs:subClassOf,rc:MultiRoomUnit
rc:Studio,rdfs:subClassOf,owl:Thing
rc:Delaware_State,rdfs:subClassOf,rc:State_UnitedStates
rc:Delaware_State,rdfs:subClassOf,owl:Thing
rc:TigrisRiver,rdfs:subClassOf,rc:River
rc:TigrisRiver,rdfs:subClassOf,owl:Thing
rc:UpperRhine,rdfs:subClassOf,rc:RhineRiver
rc:UpperRhine,rdfs:subClassOf,owl:Thing
rc:Piotrkow_ProvincePoland,rdfs:subClassOf,rc:Province_Poland
rc:Piotrkow_ProvincePoland,rdfs:subClassOf,owl:Thing
rc:Caldera,rdfs:subClassOf,rc:Depression_Topographical
rc:Caldera,rdfs:subClassOf,owl:Thing
rc:BohaiSea,rdfs:subClassOf,rc:YellowSea
rc:BohaiSea,rdfs:subClassOf,owl:Thing
rc:ModerateBreezeArea,rdfs:subClassOf,rc:AreaWithSomeWind
rc:ModerateBreezeArea,rdfs:subClassOf,owl:Thing
rc:AssaultPosition,rdfs:subClassOf,rc:CombatPosition
rc:AssaultPosition,rdfs:subClassOf,rc:CoverProvidingTerrain
rc:AssaultPosition,rdfs:subClassOf,owl:Thing
rc:Interstate15,rdfs:subClassOf,rc:InterstateHighway
rc:Interstate15,rdfs:subClassOf,owl:Thing
rc:H_classBattleshipProposal,rdfs:subClassOf,rc:Battleship
rc:H_classBattleshipProposal,rdfs:subClassOf,owl:Thing
rc:ErzherzogKarl_classBattleship,rdfs:subClassOf,rc:Battleship
rc:ErzherzogKarl_classBattleship,rdfs:subClassOf,owl:Thing
rc:Sandakan,rdfs:subClassOf,rc:Borneo_TheIsland
rc:Sandakan,rdfs:subClassOf,rc:Brunei
rc:Sandakan,rdfs:subClassOf,owl:Thing
rc:CowTown,rdfs:subClassOf,rc:Town
rc:CowTown,rdfs:subClassOf,owl:Thing
rc:Bathhouse_Facility,rdfs:subClassOf,rc:PrefabricatedResidentialBuildingStructure
rc:Bathhouse_Facility,rdfs:subClassOf,owl:Thing
rc:CantonsOfTheHelveticRepublic,rdfs:subClassOf,rc:Canton_Swiss
rc:CantonsOfTheHelveticRepublic,rdfs:subClassOf,owl:Thing
rc:StraitOfMagellan,rdfs:subClassOf,rc:Strait
rc:StraitOfMagellan,rdfs:subClassOf,owl:Thing
rc:Aargau,rdfs:subClassOf,rc:Canton_Swiss
rc:Aargau,rdfs:subClassOf,owl:Thing
rc:Municipality_Hungary,rdfs:subClassOf,rc:MunicipalityByCountry
rc:Municipality_Hungary,rdfs:subClassOf,owl:Thing
rc:MineInRomania,rdfs:subClassOf,rc:Mine_ExcavationFacility
rc:MineInRomania,rdfs:subClassOf,owl:Thing
rc:NationalHeadquartersHealthProviderOrganization,rdfs:subClassOf,rc:AdministrativeCenter
rc:NationalHeadquartersHealthProviderOrganization,rdfs:subClassOf,owl:Thing
rc:Interstate20,rdfs:subClassOf,rc:InterstateHighway
rc:Interstate20,rdfs:subClassOf,owl:Thing
rc:MalpaisesLandform,rdfs:subClassOf,rc:Badlands_Topographical
rc:MalpaisesLandform,rdfs:subClassOf,owl:Thing
rc:MiddleEasternCountry,rdfs:subClassOf,rc:Country
rc:MiddleEasternCountry,rdfs:subClassOf,owl:Thing
rc:SoutheastAsianStudies,rdfs:subClassOf,rc:SoutheastAsia
rc:SoutheastAsianStudies,rdfs:subClassOf,owl:Thing
rc:Wall_ExternalToStructure,rdfs:subClassOf,rc:Wall_Vertical
rc:Wall_ExternalToStructure,rdfs:subClassOf,owl:Thing
rc:Jambi,rdfs:subClassOf,rc:SumatraIsland_Indonesia
rc:Jambi,rdfs:subClassOf,owl:Thing
rc:HelicopterCruiser,rdfs:subClassOf,rc:Cruiser
rc:HelicopterCruiser,rdfs:subClassOf,owl:Thing
rc:SaltSpringIsland_BritishColumbia,rdfs:subClassOf,rc:Island
rc:SaltSpringIsland_BritishColumbia,rdfs:subClassOf,owl:Thing
rc:ChemicalTanker_Ship,rdfs:subClassOf,rc:Ship
rc:ChemicalTanker_Ship,rdfs:subClassOf,owl:Thing
rc:Delaware_classBattleship,rdfs:subClassOf,rc:Dreadnought
rc:Delaware_classBattleship,rdfs:subClassOf,owl:Thing
rc:SpanishSteps,rdfs:subClassOf,rc:Stairway
rc:SpanishSteps,rdfs:subClassOf,owl:Thing
rc:LosAngelesCountyCA,rdfs:subClassOf,rc:USCounty
rc:LosAngelesCountyCA,rdfs:subClassOf,owl:Thing
rc:Kabah,rdfs:subClassOf,rc:Landmark
rc:Kabah,rdfs:subClassOf,owl:Thing
rc:Mwaro_ProvinceBurundi,rdfs:subClassOf,rc:Province_Burundi
rc:Mwaro_ProvinceBurundi,rdfs:subClassOf,owl:Thing
rc:ArabWorld,rdfs:subClassOf,rc:Country
rc:ArabWorld,rdfs:subClassOf,owl:Thing
rc:Kepler11,rdfs:subClassOf,rc:Cygnus_Constellation
rc:Kepler11,rdfs:subClassOf,owl:Thing
rc:Tabaristan,rdfs:subClassOf,rc:Mazandaran_ProvinceIran
rc:Tabaristan,rdfs:subClassOf,owl:Thing
rc:Magdeburg_classCruiser,rdfs:subClassOf,rc:LightCruiser
rc:Magdeburg_classCruiser,rdfs:subClassOf,owl:Thing
rc:WireWhisk,rdfs:subClassOf,rc:CookingUtensil
rc:WireWhisk,rdfs:subClassOf,owl:Thing
rc:MorecambeBay,rdfs:subClassOf,rc:Bay
rc:MorecambeBay,rdfs:subClassOf,rc:IrishSea
rc:MorecambeBay,rdfs:subClassOf,owl:Thing
rc:BajaCalifornia_Peninsula,rdfs:subClassOf,rc:Peninsula
rc:BajaCalifornia_Peninsula,rdfs:subClassOf,owl:Thing
rc:Type1936BDestroyer,rdfs:subClassOf,rc:Destroyer
rc:Type1936BDestroyer,rdfs:subClassOf,owl:Thing
rc:CroneseMountains,rdfs:subClassOf,rc:MountainRange
rc:CroneseMountains,rdfs:subClassOf,owl:Thing
rc:Spring_Hydrosphere,rdfs:subClassOf,rc:Spring_WaterSource
rc:Spring_Hydrosphere,rdfs:subClassOf,owl:Thing
rc:CaucasianAlbania,rdfs:subClassOf,rc:Caucasus_Region
rc:CaucasianAlbania,rdfs:subClassOf,owl:Thing
rc:Ukraine,rdfs:subClassOf,rc:EasternEuropeanCountry
rc:Ukraine,rdfs:subClassOf,owl:Thing
rc:Obwalden,rdfs:subClassOf,rc:Canton_Swiss
rc:Obwalden,rdfs:subClassOf,owl:Thing
rc:CoarseGrainedWithFinesSoilRegion,rdfs:subClassOf,rc:CoarseGrainedSoilRegion
rc:CoarseGrainedWithFinesSoilRegion,rdfs:subClassOf,owl:Thing
rc:ElDoradoCountyCalifornia,rdfs:subClassOf,rc:NorthernCalifornia
rc:ElDoradoCountyCalifornia,rdfs:subClassOf,owl:Thing
rc:GustyArea,rdfs:subClassOf,rc:WeatherArea
rc:GustyArea,rdfs:subClassOf,owl:Thing
rc:MineLayerShip,rdfs:subClassOf,rc:MineWarfareShip
rc:MineLayerShip,rdfs:subClassOf,owl:Thing
rc:PacificRanges,rdfs:subClassOf,rc:CoastMountains
rc:PacificRanges,rdfs:subClassOf,owl:Thing
rc:Podkarpackie_ProvincePoland,rdfs:subClassOf,rc:Province_Poland
rc:Podkarpackie_ProvincePoland,rdfs:subClassOf,owl:Thing
rc:KarbalaProvinceIraq,rdfs:subClassOf,rc:Province_Iraq
rc:KarbalaProvinceIraq,rdfs:subClassOf,owl:Thing
rc:Centurion_classBattleship,rdfs:subClassOf,rc:PreDreadnoughtBattleship
rc:Centurion_classBattleship,rdfs:subClassOf,owl:Thing
rc:ManonoIsland_WesternSamoa,rdfs:subClassOf,rc:Island
rc:ManonoIsland_WesternSamoa,rdfs:subClassOf,owl:Thing
rc:ShaleFormation,rdfs:subClassOf,rc:Shale
rc:ShaleFormation,rdfs:subClassOf,owl:Thing
rc:Foxhole,rdfs:subClassOf,rc:Ditch
rc:Foxhole,rdfs:subClassOf,rc:FightingHole
rc:Foxhole,rdfs:subClassOf,owl:Thing
rc:DragStrip,rdfs:subClassOf,rc:CarRaceTrack
rc:DragStrip,rdfs:subClassOf,owl:Thing
rc:LakeGroup,rdfs:subClassOf,rc:Lake
rc:LakeGroup,rdfs:subClassOf,owl:Thing
rc:Yamato_classBattleship,rdfs:subClassOf,rc:AircraftCarrier
rc:Yamato_classBattleship,rdfs:subClassOf,owl:Thing
rc:SepticTank,rdfs:subClassOf,rc:SepticSystem
rc:SepticTank,rdfs:subClassOf,rc:Underground
rc:SepticTank,rdfs:subClassOf,owl:Thing
rc:DeepOrange_Color,rdfs:subClassOf,rc:Clay
rc:DeepOrange_Color,rdfs:subClassOf,owl:Thing
rc:Forest_Temperate,rdfs:subClassOf,rc:Forest
rc:Forest_Temperate,rdfs:subClassOf,owl:Thing
rc:Fence,rdfs:subClassOf,rc:FixedStructure
rc:Fence,rdfs:subClassOf,rc:Wall_ExternalToStructure
rc:Fence,rdfs:subClassOf,owl:Thing
rc:StateRoute,rdfs:subClassOf,rc:Highway
rc:StateRoute,rdfs:subClassOf,rc:TravelRoute_Road
rc:StateRoute,rdfs:subClassOf,owl:Thing
rc:RadioMastsAndTowersInNorthAmerica,rdfs:subClassOf,rc:CommunicationTower
rc:RadioMastsAndTowersInNorthAmerica,rdfs:subClassOf,owl:Thing
rc:PersianGulfCountry,rdfs:subClassOf,rc:MiddleEasternCountry
rc:PersianGulfCountry,rdfs:subClassOf,owl:Thing
rc:Myanmar,rdfs:subClassOf,rc:Country
rc:Myanmar,rdfs:subClassOf,owl:Thing
rc:ReplenishmentOiler,rdfs:subClassOf,rc:OilTanker
rc:ReplenishmentOiler,rdfs:subClassOf,rc:UnderwayReplenishmentShip
rc:ReplenishmentOiler,rdfs:subClassOf,owl:Thing
rc:Dumpster,rdfs:subClassOf,rc:WasteFacility
rc:Dumpster,rdfs:subClassOf,owl:Thing
rc:FingerLakes,rdfs:subClassOf,rc:LakeGroup
rc:FingerLakes,rdfs:subClassOf,owl:Thing
rc:Fuji_classBattleship,rdfs:subClassOf,rc:PreDreadnoughtBattleship
rc:Fuji_classBattleship,rdfs:subClassOf,owl:Thing
rc:ArchitecturalHeritageMonument,rdfs:subClassOf,rc:Monument
rc:ArchitecturalHeritageMonument,rdfs:subClassOf,owl:Thing
rc:AncientCity,rdfs:subClassOf,rc:City
rc:AncientCity,rdfs:subClassOf,owl:Thing
rc:NaturalGasField,rdfs:subClassOf,rc:MineralField
rc:NaturalGasField,rdfs:subClassOf,owl:Thing
rc:Vulcano_Volcano,rdfs:subClassOf,rc:Volcano
rc:Vulcano_Volcano,rdfs:subClassOf,owl:Thing
rc:Subdivision_RealEstate,rdfs:subClassOf,rc:Neighborhood
rc:Subdivision_RealEstate,rdfs:subClassOf,owl:Thing
rc:PrudhoeBay,rdfs:subClassOf,rc:Bay
rc:PrudhoeBay,rdfs:subClassOf,owl:Thing
rc:EasternMediterranean,rdfs:subClassOf,rc:NorthernAfrica
rc:EasternMediterranean,rdfs:subClassOf,owl:Thing
rc:Deneb_Star,rdfs:subClassOf,rc:Cygnus_Constellation
rc:Deneb_Star,rdfs:subClassOf,owl:Thing
rc:BayOfKorea,rdfs:subClassOf,rc:Bay
rc:BayOfKorea,rdfs:subClassOf,owl:Thing
rc:MountainRailwaysOfIndia,rdfs:subClassOf,rc:RailwayLine
rc:MountainRailwaysOfIndia,rdfs:subClassOf,owl:Thing
rc:RiverBoat,rdfs:subClassOf,rc:Steamboat
rc:RiverBoat,rdfs:subClassOf,owl:Thing
rc:Bielsko_ProvincePoland,rdfs:subClassOf,rc:Province_Poland
rc:Bielsko_ProvincePoland,rdfs:subClassOf,owl:Thing
rc:IndianReserve,rdfs:subClassOf,rc:NativeReservation
rc:IndianReserve,rdfs:subClassOf,owl:Thing
rc:RMS_Lusitania_TheShip,rdfs:subClassOf,rc:OceanLiner
rc:RMS_Lusitania_TheShip,rdfs:subClassOf,owl:Thing
rc:BarbedWireFence,rdfs:subClassOf,rc:Fence
rc:BarbedWireFence,rdfs:subClassOf,owl:Thing
rc:ShaleOil,rdfs:subClassOf,rc:OilShale
rc:ShaleOil,rdfs:subClassOf,owl:Thing
rc:MelvilleBay,rdfs:subClassOf,rc:BaffinBay
rc:MelvilleBay,rdfs:subClassOf,owl:Thing
rc:HowlandIsland,rdfs:subClassOf,rc:Island
rc:HowlandIsland,rdfs:subClassOf,owl:Thing
rc:SaudiArabia,rdfs:subClassOf,rc:ArabWorld
rc:SaudiArabia,rdfs:subClassOf,rc:PersianGulfCountry
rc:SaudiArabia,rdfs:subClassOf,owl:Thing
rc:BajaCalifornia_StateMexico,rdfs:subClassOf,rc:State_Mexico
rc:BajaCalifornia_StateMexico,rdfs:subClassOf,owl:Thing
rc:LuconiaShoals,rdfs:subClassOf,rc:SpratlyIslands
rc:LuconiaShoals,rdfs:subClassOf,owl:Thing
rc:ChihuahuanDesert,rdfs:subClassOf,rc:Desert
rc:ChihuahuanDesert,rdfs:subClassOf,owl:Thing
rc:StraitOfMalacca,rdfs:subClassOf,rc:Strait
rc:StraitOfMalacca,rdfs:subClassOf,owl:Thing
rc:GatedCommunity,rdfs:subClassOf,rc:Subdivision_RealEstate
rc:GatedCommunity,rdfs:subClassOf,owl:Thing
rc:StateRoute_Major,rdfs:subClassOf,rc:ArterialRoad
rc:StateRoute_Major,rdfs:subClassOf,rc:StateRoute
rc:StateRoute_Major,rdfs:subClassOf,owl:Thing
rc:Liechtenstein,rdfs:subClassOf,rc:Country
rc:Liechtenstein,rdfs:subClassOf,owl:Thing
rc:Ise_classBattleship,rdfs:subClassOf,rc:Dreadnought
rc:Ise_classBattleship,rdfs:subClassOf,owl:Thing
rc:HarneyPeak_Mount,rdfs:subClassOf,rc:Mountain
rc:HarneyPeak_Mount,rdfs:subClassOf,owl:Thing
rc:GiffordPinchotNationalForest,rdfs:subClassOf,rc:NationalForest
rc:GiffordPinchotNationalForest,rdfs:subClassOf,owl:Thing
rc:HaGiang_ProvinceVietnam,rdfs:subClassOf,rc:Province_Vietnam
rc:HaGiang_ProvinceVietnam,rdfs:subClassOf,owl:Thing
rc:BootheelRegionOfNewMexico,rdfs:subClassOf,rc:ChihuahuanDesert
rc:BootheelRegionOfNewMexico,rdfs:subClassOf,owl:Thing
rc:Municipality_Japan,rdfs:subClassOf,rc:MunicipalityByCountry
rc:Municipality_Japan,rdfs:subClassOf,owl:Thing
rc:JambiCity,rdfs:subClassOf,rc:CapitalCityOfRegion
rc:JambiCity,rdfs:subClassOf,owl:Thing
rc:WardRoom,rdfs:subClassOf,rc:PatientRoom
rc:WardRoom,rdfs:subClassOf,owl:Thing
rc:Bohol_ProvincePhilippines,rdfs:subClassOf,rc:Province_Philippines
rc:Bohol_ProvincePhilippines,rdfs:subClassOf,owl:Thing
rc:SevenSisterState,rdfs:subClassOf,rc:State_India
rc:SevenSisterState,rdfs:subClassOf,owl:Thing
rc:AlMadinahProvince,rdfs:subClassOf,rc:SaudiArabia
rc:AlMadinahProvince,rdfs:subClassOf,owl:Thing
rc:HillFort,rdfs:subClassOf,rc:Earthwork
rc:HillFort,rdfs:subClassOf,rc:FortificationByType
rc:HillFort,rdfs:subClassOf,owl:Thing
rc:Cupboard,rdfs:subClassOf,rc:Cabinet_StorageConstruction
rc:Cupboard,rdfs:subClassOf,owl:Thing
rc:Suwalki_ProvincePoland,rdfs:subClassOf,rc:Province_Poland
rc:Suwalki_ProvincePoland,rdfs:subClassOf,owl:Thing
rc:Kepler16,rdfs:subClassOf,rc:Cygnus_Constellation
rc:Kepler16,rdfs:subClassOf,owl:Thing
rc:Cutter_NavalWatercraft,rdfs:subClassOf,rc:ModernNavalShip
rc:Cutter_NavalWatercraft,rdfs:subClassOf,owl:Thing
rc:WhalingStation,rdfs:subClassOf,rc:CommercialBuilding
rc:WhalingStation,rdfs:subClassOf,owl:Thing
rc:WaterFrontProperty,rdfs:subClassOf,rc:LandParcel
rc:WaterFrontProperty,rdfs:subClassOf,owl:Thing
rc:Interstate24,rdfs:subClassOf,rc:InterstateHighway
rc:Interstate24,rdfs:subClassOf,owl:Thing
rc:GloriosoIslands,rdfs:subClassOf,rc:Archipelago
rc:GloriosoIslands,rdfs:subClassOf,owl:Thing
rc:KabardinoBalkaria,rdfs:subClassOf,rc:Caucasus_Region
rc:KabardinoBalkaria,rdfs:subClassOf,owl:Thing
rc:PacificRim,rdfs:subClassOf,rc:GeographicalHemisphere
rc:PacificRim,rdfs:subClassOf,owl:Thing
rc:WestMalaysia,rdfs:subClassOf,rc:GeoculturalRegion
rc:WestMalaysia,rdfs:subClassOf,owl:Thing
rc:BlackForest,rdfs:subClassOf,rc:Forest_Temperate
rc:BlackForest,rdfs:subClassOf,owl:Thing
rc:SahrawiArabDemocraticRepublic,rdfs:subClassOf,rc:Country
rc:SahrawiArabDemocraticRepublic,rdfs:subClassOf,owl:Thing
rc:Municipality_Latvia,rdfs:subClassOf,rc:MunicipalityByCountry
rc:Municipality_Latvia,rdfs:subClassOf,owl:Thing
rc:Levee,rdfs:subClassOf,rc:Embankment
rc:Levee,rdfs:subClassOf,rc:IrrigationFloodControlWaterwork
rc:Levee,rdfs:subClassOf,rc:ObstacleSystem_Military
rc:Levee,rdfs:subClassOf,rc:TacticalLine
rc:Levee,rdfs:subClassOf,owl:Thing
rc:TerracottaArmy,rdfs:subClassOf,rc:UNESCOWorldHertitageSite
rc:TerracottaArmy,rdfs:subClassOf,owl:Thing
rc:Mullite,rdfs:subClassOf,rc:Clay
rc:Mullite,rdfs:subClassOf,owl:Thing
rc:CommercialAirport,rdfs:subClassOf,rc:Airport_Physical
rc:CommercialAirport,rdfs:subClassOf,rc:CommercialFacility
rc:CommercialAirport,rdfs:subClassOf,owl:Thing
rc:LampungProvince,rdfs:subClassOf,rc:Province_Indonesia_TheNation
rc:LampungProvince,rdfs:subClassOf,owl:Thing
rc:Furrow_Topographical,rdfs:subClassOf,rc:Depression_Topographical
rc:Furrow_Topographical,rdfs:subClassOf,owl:Thing
rc:Gut_Topographical,rdfs:subClassOf,rc:BodyOfWater_Area
rc:Gut_Topographical,rdfs:subClassOf,owl:Thing
rc:ColumbiaRiver,rdfs:subClassOf,rc:River
rc:ColumbiaRiver,rdfs:subClassOf,owl:Thing
rc:KarelianIsthmus,rdfs:subClassOf,rc:BalticSea
rc:KarelianIsthmus,rdfs:subClassOf,owl:Thing
rc:Salta_ProvinceArgentina,rdfs:subClassOf,rc:Province_Argentina
rc:Salta_ProvinceArgentina,rdfs:subClassOf,owl:Thing
rc:Southeast_USRegion,rdfs:subClassOf,rc:South_USRegion
rc:Southeast_USRegion,rdfs:subClassOf,owl:Thing
rc:MiddleAtlantic_USRegion,rdfs:subClassOf,rc:EastCoast_USRegion
rc:MiddleAtlantic_USRegion,rdfs:subClassOf,owl:Thing
rc:Ward_Australia,rdfs:subClassOf,rc:ElectoralDistrict
rc:Ward_Australia,rdfs:subClassOf,owl:Thing
rc:Podlaskie_ProvincePoland,rdfs:subClassOf,rc:Province_Poland
rc:Podlaskie_ProvincePoland,rdfs:subClassOf,owl:Thing
rc:FieldSportArea,rdfs:subClassOf,rc:SportsPlayingArea
rc:FieldSportArea,rdfs:subClassOf,owl:Thing
rc:JamesBay,rdfs:subClassOf,rc:Bay
rc:JamesBay,rdfs:subClassOf,owl:Thing
rc:GloryHole,rdfs:subClassOf,rc:SpaceInAHOC
rc:GloryHole,rdfs:subClassOf,owl:Thing
rc:ArtsDistrict,rdfs:subClassOf,rc:UrbanArea
rc:ArtsDistrict,rdfs:subClassOf,owl:Thing
rc:Tongue_UnderseaTerrainFeature,rdfs:subClassOf,rc:LandTopographicalFeature
rc:Tongue_UnderseaTerrainFeature,rdfs:subClassOf,rc:UnderwaterLocation
rc:Tongue_UnderseaTerrainFeature,rdfs:subClassOf,owl:Thing
rc:NaturalGasFiredPowerStation,rdfs:subClassOf,rc:PowerStation
rc:NaturalGasFiredPowerStation,rdfs:subClassOf,owl:Thing
rc:Mint_Factory,rdfs:subClassOf,rc:FactoryBuilding
rc:Mint_Factory,rdfs:subClassOf,owl:Thing
rc:OfficeSpace_Personal,rdfs:subClassOf,rc:OfficeSpace
rc:OfficeSpace_Personal,rdfs:subClassOf,owl:Thing
rc:Tabasco_StateMexico,rdfs:subClassOf,rc:State_Mexico
rc:Tabasco_StateMexico,rdfs:subClassOf,owl:Thing
rc:USRegion,rdfs:subClassOf,rc:GeoculturalRegion
rc:USRegion,rdfs:subClassOf,owl:Thing
rc:Sand,rdfs:subClassOf,rc:EarthStone
rc:Sand,rdfs:subClassOf,owl:Thing
rc:Firewall_Construction,rdfs:subClassOf,rc:Barrier_ConstructionArtifact
rc:Firewall_Construction,rdfs:subClassOf,owl:Thing
rc:EarthDam,rdfs:subClassOf,rc:Dam
rc:EarthDam,rdfs:subClassOf,rc:Earthwork
rc:EarthDam,rdfs:subClassOf,owl:Thing
rc:Bretagne_classBattleship,rdfs:subClassOf,rc:Dreadnought
rc:Bretagne_classBattleship,rdfs:subClassOf,owl:Thing
kko:Places,rdfs:subClassOf,owl:Thing
rc:CoastGuardStation,rdfs:subClassOf,rc:MilitaryFacility
rc:CoastGuardStation,rdfs:subClassOf,owl:Thing
rc:StateRoute_Minor,rdfs:subClassOf,rc:ArterialRoad
rc:StateRoute_Minor,rdfs:subClassOf,rc:StateRoute
rc:StateRoute_Minor,rdfs:subClassOf,owl:Thing
rc:Cubicle_Office,rdfs:subClassOf,rc:OfficeSpace_Personal
rc:Cubicle_Office,rdfs:subClassOf,owl:Thing
rc:WesternUS_Region,rdfs:subClassOf,rc:USRegion
rc:WesternUS_Region,rdfs:subClassOf,owl:Thing
rc:Dune,rdfs:subClassOf,rc:Hill
rc:Dune,rdfs:subClassOf,rc:Sand
rc:Dune,rdfs:subClassOf,owl:Thing
rc:ManorHouse,rdfs:subClassOf,rc:Large_DetachedHouse
rc:ManorHouse,rdfs:subClassOf,owl:Thing
rc:Weir_Dam,rdfs:subClassOf,rc:Dam
rc:Weir_Dam,rdfs:subClassOf,owl:Thing
rc:DelegatedCommune,rdfs:subClassOf,rc:FrenchCommune
rc:DelegatedCommune,rdfs:subClassOf,owl:Thing
rc:Escalator,rdfs:subClassOf,rc:PathArtifact_HumanOccupied
rc:Escalator,rdfs:subClassOf,owl:Thing
rc:ContourFort,rdfs:subClassOf,rc:HillFort
rc:ContourFort,rdfs:subClassOf,owl:Thing
rc:NorthernTableland,rdfs:subClassOf,rc:GreatDividingRange
rc:NorthernTableland,rdfs:subClassOf,owl:Thing
rc:PotomacRiver,rdfs:subClassOf,rc:River
rc:PotomacRiver,rdfs:subClassOf,owl:Thing
rc:HowlandIsland_Territory,rdfs:subClassOf,rc:Territory_US
rc:HowlandIsland_Territory,rdfs:subClassOf,owl:Thing
rc:ColumbiaRiverGorge,rdfs:subClassOf,rc:ColumbiaRiver
rc:ColumbiaRiverGorge,rdfs:subClassOf,owl:Thing
rc:SoutheasternAnatoliaProject,rdfs:subClassOf,rc:EuphratesRiver
rc:SoutheasternAnatoliaProject,rdfs:subClassOf,owl:Thing
rc:StraitOfMessina,rdfs:subClassOf,rc:IonianSea
rc:StraitOfMessina,rdfs:subClassOf,owl:Thing
rc:ElOued_ProvinceAlgeria,rdfs:subClassOf,rc:Province_Algeria
rc:ElOued_ProvinceAlgeria,rdfs:subClassOf,owl:Thing
rc:OwlsheadMountains,rdfs:subClassOf,rc:MountainRange
rc:OwlsheadMountains,rdfs:subClassOf,owl:Thing
rc:RMS_Titanic_TheShip,rdfs:subClassOf,rc:OceanLiner
rc:RMS_Titanic_TheShip,rdfs:subClassOf,owl:Thing
rc:RadioObservatory,rdfs:subClassOf,rc:AstronomicalObservatory
rc:RadioObservatory,rdfs:subClassOf,owl:Thing
kko:AreaRegion,rdfs:subClassOf,kko:Places
kko:AreaRegion,rdfs:subClassOf,owl:Thing
rc:District_Afghanistan,rdfs:subClassOf,rc:SecondOrderAdministrativeDivision
rc:District_Afghanistan,rdfs:subClassOf,owl:Thing
rc:ArthursPassNationalPark,rdfs:subClassOf,rc:NationalPark
rc:ArthursPassNationalPark,rdfs:subClassOf,owl:Thing
rc:CascadeRange_Mountains,rdfs:subClassOf,rc:MountainRange
rc:CascadeRange_Mountains,rdfs:subClassOf,owl:Thing
rc:Kirundo_ProvinceBurundi,rdfs:subClassOf,rc:Province_Burundi
rc:Kirundo_ProvinceBurundi,rdfs:subClassOf,owl:Thing
rc:CoronaAustralis_Constellation,rdfs:subClassOf,rc:Constellation
rc:CoronaAustralis_Constellation,rdfs:subClassOf,owl:Thing
rc:KohkiluyehVaBuyerAhmadi_ProvinceIran,rdfs:subClassOf,rc:Province_Iran
rc:KohkiluyehVaBuyerAhmadi_ProvinceIran,rdfs:subClassOf,owl:Thing
rc:Gatehouse,rdfs:subClassOf,rc:DefenseBuildingStructure
rc:Gatehouse,rdfs:subClassOf,rc:SmallBuilding
rc:Gatehouse,rdfs:subClassOf,owl:Thing
rc:Colbert_classIronclad,rdfs:subClassOf,rc:IroncladWarship
rc:Colbert_classIronclad,rdfs:subClassOf,owl:Thing
rc:VietnameseSpeakingCountryOrTerritory,rdfs:subClassOf,rc:LanguageSpeakingCountryOrTerritory
rc:VietnameseSpeakingCountryOrTerritory,rdfs:subClassOf,owl:Thing
rc:Fujian_ProvinceChina,rdfs:subClassOf,rc:ChineseProvince
rc:Fujian_ProvinceChina,rdfs:subClassOf,owl:Thing
rc:NorthernTerritoryAustralia,rdfs:subClassOf,rc:FirstOrderAdministrativeDivision
rc:NorthernTerritoryAustralia,rdfs:subClassOf,owl:Thing
rc:NorthernCalifornia,rdfs:subClassOf,rc:WesternUS_Region
rc:NorthernCalifornia,rdfs:subClassOf,owl:Thing
rc:HaNam_ProvinceVietnam,rdfs:subClassOf,rc:Province_Vietnam
rc:HaNam_ProvinceVietnam,rdfs:subClassOf,owl:Thing
rc:UnitedKingdom,rdfs:subClassOf,rc:Country
rc:UnitedKingdom,rdfs:subClassOf,rc:WesternEurope
rc:UnitedKingdom,rdfs:subClassOf,owl:Thing
rc:AdministrativeBuilding,rdfs:subClassOf,rc:Building
rc:AdministrativeBuilding,rdfs:subClassOf,owl:Thing
rc:SteelMill_ManufacturingFacility,rdfs:subClassOf,rc:Mill_ManufacturingFacility
rc:SteelMill_ManufacturingFacility,rdfs:subClassOf,owl:Thing
rc:NGC3603,rdfs:subClassOf,rc:Carina_Constellation
rc:NGC3603,rdfs:subClassOf,owl:Thing
rc:GeorgeWashingtonBridge,rdfs:subClassOf,rc:Bridge
rc:GeorgeWashingtonBridge,rdfs:subClassOf,rc:Landmark
rc:GeorgeWashingtonBridge,rdfs:subClassOf,owl:Thing
rc:MountainUSATimeZone,rdfs:subClassOf,rc:TimeZone_IntegralOffset
rc:MountainUSATimeZone,rdfs:subClassOf,owl:Thing
rc:StraitOfTheBalticSea,rdfs:subClassOf,rc:BalticSea
rc:StraitOfTheBalticSea,rdfs:subClassOf,owl:Thing
rc:Sichuan_ProvinceChina,rdfs:subClassOf,rc:ChineseProvince
rc:Sichuan_ProvinceChina,rdfs:subClassOf,owl:Thing
rc:Comrat,rdfs:subClassOf,rc:CapitalCityOfRegion
rc:Comrat,rdfs:subClassOf,owl:Thing
rc:AlMadinahProvinceSaudiArabia,rdfs:subClassOf,rc:Province
rc:AlMadinahProvinceSaudiArabia,rdfs:subClassOf,owl:Thing
rc:Interstate25,rdfs:subClassOf,rc:InterstateHighway
rc:Interstate25,rdfs:subClassOf,owl:Thing
rc:Cutter_SailingVessel,rdfs:subClassOf,rc:Watercraft_Surface
rc:Cutter_SailingVessel,rdfs:subClassOf,owl:Thing
rc:Kepler186,rdfs:subClassOf,rc:Cygnus_Constellation
rc:Kepler186,rdfs:subClassOf,owl:Thing
rc:BirdwatchingSite,rdfs:subClassOf,rc:OutdoorLocation
rc:BirdwatchingSite,rdfs:subClassOf,owl:Thing
rc:D_classCruiser_Germany,rdfs:subClassOf,rc:Cruiser
rc:D_classCruiser_Germany,rdfs:subClassOf,owl:Thing
rc:PaulinsKillWatershed,rdfs:subClassOf,rc:DelawareRiver
rc:PaulinsKillWatershed,rdfs:subClassOf,rc:Watershed
rc:PaulinsKillWatershed,rdfs:subClassOf,owl:Thing
rc:AdministrativeDivision_SovietUnion,rdfs:subClassOf,rc:AdministrativeDivision_SingleCountry
rc:AdministrativeDivision_SovietUnion,rdfs:subClassOf,owl:Thing
rc:England,rdfs:subClassOf,rc:UnitedKingdom
rc:England,rdfs:subClassOf,owl:Thing
rc:Rotanokiri_ProvinceCambodia,rdfs:subClassOf,rc:Province_Cambodia
rc:Rotanokiri_ProvinceCambodia,rdfs:subClassOf,owl:Thing
rc:Bosporus_Strait,rdfs:subClassOf,rc:Strait
rc:Bosporus_Strait,rdfs:subClassOf,owl:Thing
rc:Toilet,rdfs:subClassOf,rc:HouseholdAttachment
rc:Toilet,rdfs:subClassOf,owl:Thing
rc:KujawskoPomorskie_ProvincePoland,rdfs:subClassOf,rc:Province_Poland
rc:KujawskoPomorskie_ProvincePoland,rdfs:subClassOf,owl:Thing
rc:CeremonialMound,rdfs:subClassOf,rc:CeremonialSite
rc:CeremonialMound,rdfs:subClassOf,rc:HistoricalSite
rc:CeremonialMound,rdfs:subClassOf,rc:Landmark
rc:CeremonialMound,rdfs:subClassOf,rc:MemorialMarker
rc:CeremonialMound,rdfs:subClassOf,rc:Mound_ConstructionArtifact
rc:CeremonialMound,rdfs:subClassOf,owl:Thing
rc:AlpineCountyCalifornia,rdfs:subClassOf,rc:NorthernCalifornia
rc:AlpineCountyCalifornia,rdfs:subClassOf,owl:Thing
rc:Window,rdfs:subClassOf,rc:Wall_GenericBarrier
rc:Window,rdfs:subClassOf,owl:Thing
rc:TierraDelFuego_TerritoryArgentina,rdfs:subClassOf,rc:FirstOrderAdministrativeDivision
rc:TierraDelFuego_TerritoryArgentina,rdfs:subClassOf,owl:Thing
rc:Municipality_Luxembourg,rdfs:subClassOf,rc:ThirdOrderAdministrativeDivision
rc:Municipality_Luxembourg,rdfs:subClassOf,owl:Thing
rc:Kepler22,rdfs:subClassOf,rc:Cygnus_Constellation
rc:Kepler22,rdfs:subClassOf,owl:Thing
rc:HaTinh_ProvinceVietnam,rdfs:subClassOf,rc:Province_Vietnam
rc:HaTinh_ProvinceVietnam,rdfs:subClassOf,owl:Thing
rc:RockCreekPark,rdfs:subClassOf,rc:NationalPark
rc:RockCreekPark,rdfs:subClassOf,owl:Thing
rc:GardenInArdennes,rdfs:subClassOf,rc:Ardennes_Region
rc:GardenInArdennes,rdfs:subClassOf,rc:Garden
rc:GardenInArdennes,rdfs:subClassOf,owl:Thing
rc:WestNewBritainProvince,rdfs:subClassOf,rc:NewBritain_IslandPapuaNewGuinea
rc:WestNewBritainProvince,rdfs:subClassOf,owl:Thing
rc:Furrow_Topographical_Undersea,rdfs:subClassOf,rc:UnderwaterTopographicalFeature
rc:Furrow_Topographical_Undersea,rdfs:subClassOf,owl:Thing
rc:Shokaku_classAircraftCarrier,rdfs:subClassOf,rc:AircraftCarrier
rc:Shokaku_classAircraftCarrier,rdfs:subClassOf,owl:Thing
rc:DiverClassRescueShip,rdfs:subClassOf,rc:ModernNavalShip
rc:DiverClassRescueShip,rdfs:subClassOf,owl:Thing
rc:Levee_Undersea,rdfs:subClassOf,rc:UnderwaterTopographicalFeature
rc:Levee_Undersea,rdfs:subClassOf,owl:Thing
rc:Ward_Tanzania,rdfs:subClassOf,rc:ThirdOrderAdministrativeDivision
rc:Ward_Tanzania,rdfs:subClassOf,owl:Thing
rc:FillDirt,rdfs:subClassOf,rc:DirtSoil
rc:FillDirt,rdfs:subClassOf,owl:Thing
rc:HuntingReserve,rdfs:subClassOf,rc:Reserve_OutdoorRegion
rc:HuntingReserve,rdfs:subClassOf,owl:Thing
rc:SolarSpaceObservatory,rdfs:subClassOf,rc:SolarObservatory
rc:SolarSpaceObservatory,rdfs:subClassOf,owl:Thing
rc:KiloClassSubmarine,rdfs:subClassOf,rc:Submarine
rc:KiloClassSubmarine,rdfs:subClassOf,owl:Thing
rc:Wyoming_State,rdfs:subClassOf,rc:State_UnitedStates
rc:Wyoming_State,rdfs:subClassOf,owl:Thing
rc:IslaGrandeDeTierraDelFuego,rdfs:subClassOf,rc:TierraDelFuego_TerritoryArgentina
rc:IslaGrandeDeTierraDelFuego,rdfs:subClassOf,owl:Thing
rc:Province_Sweden,rdfs:subClassOf,rc:Province
rc:Province_Sweden,rdfs:subClassOf,owl:Thing
rc:Interstate26,rdfs:subClassOf,rc:InterstateHighway
rc:Interstate26,rdfs:subClassOf,owl:Thing
rc:CascadeVolcanoes,rdfs:subClassOf,rc:CascadeRange_Mountains
rc:CascadeVolcanoes,rdfs:subClassOf,rc:Volcano
rc:CascadeVolcanoes,rdfs:subClassOf,owl:Thing
rc:Laghouat_ProvinceAlgeria,rdfs:subClassOf,rc:Province_Algeria
rc:Laghouat_ProvinceAlgeria,rdfs:subClassOf,owl:Thing
rc:PartiallyCloudCoveredArea,rdfs:subClassOf,rc:ClearWeatherArea
rc:PartiallyCloudCoveredArea,rdfs:subClassOf,rc:CloudyArea
rc:PartiallyCloudCoveredArea,rdfs:subClassOf,owl:Thing
rc:FlatApartment,rdfs:subClassOf,rc:AccommodationBuildingStructure
rc:FlatApartment,rdfs:subClassOf,owl:Thing
rc:SteelPiling,rdfs:subClassOf,rc:Piling
rc:SteelPiling,rdfs:subClassOf,owl:Thing
rc:ChemicalToilet,rdfs:subClassOf,rc:Toilet
rc:ChemicalToilet,rdfs:subClassOf,owl:Thing
rc:AlMuthanna_ProvinceIraq,rdfs:subClassOf,rc:Province_Iraq
rc:AlMuthanna_ProvinceIraq,rdfs:subClassOf,owl:Thing
rc:RomanColiseum,rdfs:subClassOf,rc:Landmark
rc:RomanColiseum,rdfs:subClassOf,owl:Thing
rc:Terrain,rdfs:subClassOf,rc:Ground
rc:Terrain,rdfs:subClassOf,owl:Thing
rc:BayWindow,rdfs:subClassOf,rc:Window
rc:BayWindow,rdfs:subClassOf,owl:Thing
rc:CrookCountyWyoming,rdfs:subClassOf,rc:BlackHills_Mountains
rc:CrookCountyWyoming,rdfs:subClassOf,owl:Thing
rc:TransdniesterRepublic,rdfs:subClassOf,rc:Moldova
rc:TransdniesterRepublic,rdfs:subClassOf,owl:Thing
rc:TajMahal,rdfs:subClassOf,rc:Mausoleum
rc:TajMahal,rdfs:subClassOf,owl:Thing
rc:RiverIsland,rdfs:subClassOf,rc:Island
rc:RiverIsland,rdfs:subClassOf,owl:Thing
rc:ElPasoCountyTexas,rdfs:subClassOf,rc:WestTexas
rc:ElPasoCountyTexas,rdfs:subClassOf,owl:Thing
rc:Cyprus_TheCountry,rdfs:subClassOf,rc:Country
rc:Cyprus_TheCountry,rdfs:subClassOf,owl:Thing
rc:Lanai_Island_Hawaii,rdfs:subClassOf,rc:Island
rc:Lanai_Island_Hawaii,rdfs:subClassOf,owl:Thing
rc:YangtzeRiver,rdfs:subClassOf,rc:River
rc:YangtzeRiver,rdfs:subClassOf,owl:Thing
rc:SpaceInAHOC,rdfs:subClassOf,rc:Place_NonAgent_POI
rc:SpaceInAHOC,rdfs:subClassOf,owl:Thing
rc:Babylonia,rdfs:subClassOf,rc:Historical_Region
rc:Babylonia,rdfs:subClassOf,owl:Thing
rc:MedievalIonia,rdfs:subClassOf,rc:Ionia
rc:MedievalIonia,rdfs:subClassOf,owl:Thing
rc:MarsClimateOrbiter,rdfs:subClassOf,rc:AstronomicalSatellite
rc:MarsClimateOrbiter,rdfs:subClassOf,owl:Thing
rc:SkiSportsArea,rdfs:subClassOf,rc:SkiArea
rc:SkiSportsArea,rdfs:subClassOf,rc:SportsPlayingArea
rc:SkiSportsArea,rdfs:subClassOf,owl:Thing
rc:Jharkhand,rdfs:subClassOf,rc:State_India
rc:Jharkhand,rdfs:subClassOf,owl:Thing
rc:CensusDesignatedPlace,rdfs:subClassOf,rc:PopulatedPlace
rc:CensusDesignatedPlace,rdfs:subClassOf,owl:Thing
rc:PersonAssemblyArea,rdfs:subClassOf,rc:HumanlyOccupiedSpatialObject
rc:PersonAssemblyArea,rdfs:subClassOf,rc:Place_NonAgent_POI
rc:PersonAssemblyArea,rdfs:subClassOf,owl:Thing
rc:PalaceOfWestminster,rdfs:subClassOf,rc:PalaceBuilding
rc:PalaceOfWestminster,rdfs:subClassOf,owl:Thing
rc:BedFrame,rdfs:subClassOf,rc:HumanOccupationConstructObject
rc:BedFrame,rdfs:subClassOf,owl:Thing
rc:ChotaNagpurDryDeciduousForest,rdfs:subClassOf,rc:DryTropicalForest
rc:ChotaNagpurDryDeciduousForest,rdfs:subClassOf,owl:Thing
rc:SprinklerSystem,rdfs:subClassOf,rc:IrrigationFloodControlWaterwork
rc:SprinklerSystem,rdfs:subClassOf,owl:Thing
rc:SolidRockyPlanetaryStuff,rdfs:subClassOf,rc:EarthenSubstance
rc:SolidRockyPlanetaryStuff,rdfs:subClassOf,owl:Thing
rc:EnderburyIsland_Kiribati,rdfs:subClassOf,rc:Island
rc:EnderburyIsland_Kiribati,rdfs:subClassOf,owl:Thing
rc:GamblingShip,rdfs:subClassOf,rc:Ship
rc:GamblingShip,rdfs:subClassOf,owl:Thing
rc:USBusiness,rdfs:subClassOf,rc:BusinessByRegion
rc:USBusiness,rdfs:subClassOf,owl:Thing
rc:Ward_UnitedKingdom,rdfs:subClassOf,rc:ElectoralDistrict
rc:Ward_UnitedKingdom,rdfs:subClassOf,owl:Thing
rc:SkiJump,rdfs:subClassOf,rc:SkiSportsArea
rc:SkiJump,rdfs:subClassOf,owl:Thing
rc:Governorate,rdfs:subClassOf,rc:GeopoliticalRegion
rc:Governorate,rdfs:subClassOf,owl:Thing
rc:PersonAssemblyRoom,rdfs:subClassOf,rc:PersonAssemblyArea
rc:PersonAssemblyRoom,rdfs:subClassOf,rc:RoomInAConstruction
rc:PersonAssemblyRoom,rdfs:subClassOf,owl:Thing
rc:Tabernacle_Building,rdfs:subClassOf,rc:ReligiousBuilding
rc:Tabernacle_Building,rdfs:subClassOf,owl:Thing
rc:PotomacRiverWatershed,rdfs:subClassOf,rc:PotomacRiver
rc:PotomacRiverWatershed,rdfs:subClassOf,rc:Watershed
rc:PotomacRiverWatershed,rdfs:subClassOf,owl:Thing
rc:VastraGotaland_ProvinceSweden,rdfs:subClassOf,rc:Province_Sweden
rc:VastraGotaland_ProvinceSweden,rdfs:subClassOf,owl:Thing
rc:Cankuzo_ProvinceBurundi,rdfs:subClassOf,rc:Province_Burundi
rc:Cankuzo_ProvinceBurundi,rdfs:subClassOf,owl:Thing
rc:Malta_TheCountry,rdfs:subClassOf,rc:Country
rc:Malta_TheCountry,rdfs:subClassOf,owl:Thing
rc:SevenWondersOfTheAncientWorld,rdfs:subClassOf,rc:HistoricalSite
rc:SevenWondersOfTheAncientWorld,rdfs:subClassOf,owl:Thing
rc:BakerIsland,rdfs:subClassOf,rc:Island
rc:BakerIsland,rdfs:subClassOf,owl:Thing
rc:YangtzeRiverDelta,rdfs:subClassOf,rc:EastChinaSea
rc:YangtzeRiverDelta,rdfs:subClassOf,rc:YangtzeRiver
rc:YangtzeRiverDelta,rdfs:subClassOf,owl:Thing
rc:District_AlAnbarGovernorate,rdfs:subClassOf,rc:District
rc:District_AlAnbarGovernorate,rdfs:subClassOf,rc:Governorate
rc:District_AlAnbarGovernorate,rdfs:subClassOf,owl:Thing
rc:DiplomaticFacility,rdfs:subClassOf,rc:GovernmentalBuilding
rc:DiplomaticFacility,rdfs:subClassOf,owl:Thing
rc:RailwayStation,rdfs:subClassOf,rc:StationTerminalOrStop
rc:RailwayStation,rdfs:subClassOf,owl:Thing
rc:Thermosphere_PlanetEarth,rdfs:subClassOf,rc:AtmosphericLayer
rc:Thermosphere_PlanetEarth,rdfs:subClassOf,owl:Thing
rc:Comune_Italy,rdfs:subClassOf,rc:MunicipalityByCountry
rc:Comune_Italy,rdfs:subClassOf,owl:Thing
rc:Restroom,rdfs:subClassOf,rc:RoomInAConstruction
rc:Restroom,rdfs:subClassOf,owl:Thing
rc:Guadeloupe_TheDependency,rdfs:subClassOf,rc:Island_State_Geopolitical
rc:Guadeloupe_TheDependency,rdfs:subClassOf,owl:Thing
rc:Stone,rdfs:subClassOf,rc:EarthStone
rc:Stone,rdfs:subClassOf,rc:SolidRockyPlanetaryStuff
rc:Stone,rdfs:subClassOf,owl:Thing
rc:ElPasoMountains,rdfs:subClassOf,rc:MountainRange
rc:ElPasoMountains,rdfs:subClassOf,owl:Thing
rc:Morelos_StateMexico,rdfs:subClassOf,rc:State_Mexico
rc:Morelos_StateMexico,rdfs:subClassOf,owl:Thing
rc:OrthodoxChurchBuilding,rdfs:subClassOf,rc:Church_Building
rc:OrthodoxChurchBuilding,rdfs:subClassOf,owl:Thing
rc:AuditoriumRoom,rdfs:subClassOf,rc:PersonAssemblyRoom
rc:AuditoriumRoom,rdfs:subClassOf,owl:Thing
rc:InOuterSpace,rdfs:subClassOf,rc:RelativeLocation
rc:InOuterSpace,rdfs:subClassOf,owl:Thing
rc:MountainRange,rdfs:subClassOf,rc:HighMountainousRegion
rc:MountainRange,rdfs:subClassOf,rc:LandTopographicalFeature
rc:MountainRange,rdfs:subClassOf,owl:Thing
rc:CensusDivision,rdfs:subClassOf,rc:GeopoliticalRegion
rc:CensusDivision,rdfs:subClassOf,owl:Thing
rc:Consulate_TheBuilding,rdfs:subClassOf,rc:DiplomaticFacility
rc:Consulate_TheBuilding,rdfs:subClassOf,owl:Thing
rc:GreaterLosAngelesArea,rdfs:subClassOf,rc:SouthernCalifornia
rc:GreaterLosAngelesArea,rdfs:subClassOf,owl:Thing
rc:ContourLine,rdfs:subClassOf,rc:GeographicalLine_Intangible
rc:ContourLine,rdfs:subClassOf,owl:Thing
rc:Canada,rdfs:subClassOf,rc:Country
rc:Canada,rdfs:subClassOf,owl:Thing
rc:EscapesAndEscapeAttemptsFromAlcatraz,rdfs:subClassOf,rc:Alcatraz_TheIsland
rc:EscapesAndEscapeAttemptsFromAlcatraz,rdfs:subClassOf,owl:Thing
rc:Normandie_classBattleship,rdfs:subClassOf,rc:Dreadnought
rc:Normandie_classBattleship,rdfs:subClassOf,owl:Thing
rc:Bohuslan,rdfs:subClassOf,rc:VastraGotaland_ProvinceSweden
rc:Bohuslan,rdfs:subClassOf,owl:Thing
rc:OfficeRoom,rdfs:subClassOf,rc:OfficeSpace_Personal
rc:OfficeRoom,rdfs:subClassOf,rc:RoomInAConstruction
rc:OfficeRoom,rdfs:subClassOf,owl:Thing
rc:Bathroom,rdfs:subClassOf,rc:Restroom
rc:Bathroom,rdfs:subClassOf,owl:Thing
rc:DependenciesOfGuadeloupe,rdfs:subClassOf,rc:Guadeloupe_TheDependency
rc:DependenciesOfGuadeloupe,rdfs:subClassOf,owl:Thing
rc:RegionTypeByHilliness,rdfs:subClassOf,rc:NaturalFeatureType
rc:RegionTypeByHilliness,rdfs:subClassOf,owl:Thing
rc:StraitOfTheSouthChinaSea,rdfs:subClassOf,rc:Strait
rc:StraitOfTheSouthChinaSea,rdfs:subClassOf,owl:Thing
rc:RidgeLine_Topographical,rdfs:subClassOf,rc:NaturalElevation
rc:RidgeLine_Topographical,rdfs:subClassOf,owl:Thing
rc:Malta_classAircraftCarrier,rdfs:subClassOf,rc:AircraftCarrier
rc:Malta_classAircraftCarrier,rdfs:subClassOf,owl:Thing
rc:AdministrativeDivision_Spain,rdfs:subClassOf,rc:AdministrativeDivision_SingleCountry
rc:AdministrativeDivision_Spain,rdfs:subClassOf,owl:Thing
rc:Alps_Mountains,rdfs:subClassOf,rc:MountainRange
rc:Alps_Mountains,rdfs:subClassOf,owl:Thing
rc:Non_FederallyOwnedDam,rdfs:subClassOf,rc:Dam
rc:Non_FederallyOwnedDam,rdfs:subClassOf,owl:Thing
rc:EasternOrthodoxChurchBuilding,rdfs:subClassOf,rc:OrthodoxChurchBuilding
rc:EasternOrthodoxChurchBuilding,rdfs:subClassOf,owl:Thing
rc:CoronaBorealis_Constellation,rdfs:subClassOf,rc:Constellation
rc:CoronaBorealis_Constellation,rdfs:subClassOf,owl:Thing
rc:MoretonBay,rdfs:subClassOf,rc:Bay
rc:MoretonBay,rdfs:subClassOf,owl:Thing
rc:BinhDinh_ProvinceVietnam,rdfs:subClassOf,rc:Province_Vietnam
rc:BinhDinh_ProvinceVietnam,rdfs:subClassOf,owl:Thing
rc:Ciechanow_ProvincePoland,rdfs:subClassOf,rc:Province_Poland
rc:Ciechanow_ProvincePoland,rdfs:subClassOf,owl:Thing
rc:IgneousRock,rdfs:subClassOf,rc:Stone
rc:IgneousRock,rdfs:subClassOf,owl:Thing
rc:Fill_Topographical,rdfs:subClassOf,rc:DefensivelyAdvantageousTerrain
rc:Fill_Topographical,rdfs:subClassOf,rc:SupplementaryTerrainFeature
rc:Fill_Topographical,rdfs:subClassOf,rc:TerrainHighGround
rc:Fill_Topographical,rdfs:subClassOf,owl:Thing
rc:ReligiousSettlement,rdfs:subClassOf,rc:PopulatedPlace
rc:ReligiousSettlement,rdfs:subClassOf,owl:Thing
rc:GardenInMilan,rdfs:subClassOf,rc:CityOfMilanItaly
rc:GardenInMilan,rdfs:subClassOf,rc:Garden
rc:GardenInMilan,rdfs:subClassOf,owl:Thing
rc:HillyRegion,rdfs:subClassOf,rc:RegionTypeByHilliness
rc:HillyRegion,rdfs:subClassOf,owl:Thing
rc:Kepler23,rdfs:subClassOf,rc:Cygnus_Constellation
rc:Kepler23,rdfs:subClassOf,owl:Thing
rc:JavelinThrowField,rdfs:subClassOf,rc:AthleticField
rc:JavelinThrowField,rdfs:subClassOf,owl:Thing
rc:AlpineFourThousander,rdfs:subClassOf,rc:Alps_Mountains
rc:AlpineFourThousander,rdfs:subClassOf,owl:Thing
rc:CaucasusMountains,rdfs:subClassOf,rc:Caucasus_Region
rc:CaucasusMountains,rdfs:subClassOf,rc:MountainRange
rc:CaucasusMountains,rdfs:subClassOf,owl:Thing
rc:AdirondackMountains,rdfs:subClassOf,rc:MountainRange
rc:AdirondackMountains,rdfs:subClassOf,owl:Thing
rc:PartiallyUndergroundStream,rdfs:subClassOf,rc:Stream
rc:PartiallyUndergroundStream,rdfs:subClassOf,owl:Thing
rc:Municipality_Mexico,rdfs:subClassOf,rc:SecondOrderAdministrativeDivision
rc:Municipality_Mexico,rdfs:subClassOf,owl:Thing
rc:FeatherRiver,rdfs:subClassOf,rc:River
rc:FeatherRiver,rdfs:subClassOf,owl:Thing
rc:PacificTemperateRainforestsEcoregion,rdfs:subClassOf,rc:PacificNorthwest_USRegion
rc:PacificTemperateRainforestsEcoregion,rdfs:subClassOf,owl:Thing
rc:Vulpecula_Constellation,rdfs:subClassOf,rc:Constellation
rc:Vulpecula_Constellation,rdfs:subClassOf,owl:Thing
rc:MarsCrater,rdfs:subClassOf,rc:Crater
rc:MarsCrater,rdfs:subClassOf,owl:Thing
rc:NaturalGasPlatform,rdfs:subClassOf,rc:FixedStructurePlatform
rc:NaturalGasPlatform,rdfs:subClassOf,owl:Thing
rc:Slaskie_ProvincePoland,rdfs:subClassOf,rc:Province_Poland
rc:Slaskie_ProvincePoland,rdfs:subClassOf,owl:Thing
rc:Ridge_Undersea,rdfs:subClassOf,rc:UnderwaterTopographicalFeature
rc:Ridge_Undersea,rdfs:subClassOf,owl:Thing
rc:Wyoming_classBattleship,rdfs:subClassOf,rc:Dreadnought
rc:Wyoming_classBattleship,rdfs:subClassOf,owl:Thing
rc:Jiangsu_ProvinceChina,rdfs:subClassOf,rc:ChineseProvince
rc:Jiangsu_ProvinceChina,rdfs:subClassOf,owl:Thing
rc:Lagoon,rdfs:subClassOf,rc:BodyOfWater_Area
rc:Lagoon,rdfs:subClassOf,owl:Thing
rc:AdministrativeDivision_Sweden,rdfs:subClassOf,rc:AdministrativeDivision_SingleCountry
rc:AdministrativeDivision_Sweden,rdfs:subClassOf,owl:Thing
rc:Basalt,rdfs:subClassOf,rc:IgneousRock
rc:Basalt,rdfs:subClassOf,owl:Thing
rc:Non_FederallyRegulatedDam,rdfs:subClassOf,rc:Dam
rc:Non_FederallyRegulatedDam,rdfs:subClassOf,owl:Thing
rc:Interstate29,rdfs:subClassOf,rc:InterstateHighway
rc:Interstate29,rdfs:subClassOf,owl:Thing
rc:ColumbiaValley,rdfs:subClassOf,rc:ColumbiaRiver
rc:ColumbiaValley,rdfs:subClassOf,owl:Thing
rc:JamesCityCountyVirginia,rdfs:subClassOf,rc:USCounty
rc:JamesCityCountyVirginia,rdfs:subClassOf,owl:Thing
rc:HillRange,rdfs:subClassOf,rc:HillyRegion
rc:HillRange,rdfs:subClassOf,rc:LandTopographicalFeature
rc:HillRange,rdfs:subClassOf,owl:Thing
rc:MonongahelaRiver,rdfs:subClassOf,rc:River
rc:MonongahelaRiver,rdfs:subClassOf,owl:Thing
rc:LanaodelNorte_ProvincePhilippines,rdfs:subClassOf,rc:Province_Philippines
rc:LanaodelNorte_ProvincePhilippines,rdfs:subClassOf,owl:Thing
rc:AntiguaAndBarbuda,rdfs:subClassOf,rc:Country
rc:AntiguaAndBarbuda,rdfs:subClassOf,owl:Thing
rc:Horologium_Constellation,rdfs:subClassOf,rc:Constellation
rc:Horologium_Constellation,rdfs:subClassOf,owl:Thing
rc:PalaceOfWhitehall,rdfs:subClassOf,rc:PalaceBuilding
rc:PalaceOfWhitehall,rdfs:subClassOf,owl:Thing
rc:Sailboard,rdfs:subClassOf,rc:PersonalWatercraft
rc:Sailboard,rdfs:subClassOf,owl:Thing
rc:NaturalGasProcessingPlant,rdfs:subClassOf,rc:HeavyIndustryFacility
rc:NaturalGasProcessingPlant,rdfs:subClassOf,owl:Thing
rc:NorthernCape_ProvinceSouthAfrica,rdfs:subClassOf,rc:Province_RepublicOfSouthAfrica
rc:NorthernCape_ProvinceSouthAfrica,rdfs:subClassOf,owl:Thing
rc:CropCircle,rdfs:subClassOf,rc:EconomicRegion
rc:CropCircle,rdfs:subClassOf,owl:Thing
rc:Gable,rdfs:subClassOf,rc:GabledBuilding
rc:Gable,rdfs:subClassOf,rc:RoofOfAConstruction
rc:Gable,rdfs:subClassOf,owl:Thing
rc:GeorgiaCountry,rdfs:subClassOf,rc:Caucasus_Region
rc:GeorgiaCountry,rdfs:subClassOf,rc:EasternEuropeanCountry
rc:GeorgiaCountry,rdfs:subClassOf,owl:Thing
rc:SoutheasternEurope,rdfs:subClassOf,rc:EasternEuropeanCountry
rc:SoutheasternEurope,rdfs:subClassOf,owl:Thing
rc:SaltonSea,rdfs:subClassOf,rc:SaltLake
rc:SaltonSea,rdfs:subClassOf,owl:Thing
rc:Ward_Vietnam,rdfs:subClassOf,rc:AdministrativeDistrict
rc:Ward_Vietnam,rdfs:subClassOf,owl:Thing
rc:DuneRange,rdfs:subClassOf,rc:HillRange
rc:DuneRange,rdfs:subClassOf,owl:Thing
rc:RiverMouth,rdfs:subClassOf,rc:Channel_WaterPath
rc:RiverMouth,rdfs:subClassOf,owl:Thing
rc:LanaodelSur_ProvincePhilippines,rdfs:subClassOf,rc:Province_Philippines
rc:LanaodelSur_ProvincePhilippines,rdfs:subClassOf,owl:Thing
rc:GutterOnARoof,rdfs:subClassOf,rc:PathArtifact_POI
rc:GutterOnARoof,rdfs:subClassOf,owl:Thing
rc:ElSalvador,rdfs:subClassOf,rc:CentralAmericanCountry
rc:ElSalvador,rdfs:subClassOf,owl:Thing
rc:Bayan_classCruiser,rdfs:subClassOf,rc:ArmoredCruiser
rc:Bayan_classCruiser,rdfs:subClassOf,owl:Thing
rc:LandParcel,rdfs:subClassOf,rc:Ground
rc:LandParcel,rdfs:subClassOf,rc:RealEstate
rc:LandParcel,rdfs:subClassOf,owl:Thing
rc:District_Algeria,rdfs:subClassOf,rc:SecondOrderAdministrativeDivision
rc:District_Algeria,rdfs:subClassOf,owl:Thing
rc:Mountain,rdfs:subClassOf,rc:VerticalProtrusion_Topographical
rc:Mountain,rdfs:subClassOf,owl:Thing
rc:Tabernacle_ReligiousObject,rdfs:subClassOf,rc:ChurchSpace
rc:Tabernacle_ReligiousObject,rdfs:subClassOf,owl:Thing
rc:Granite,rdfs:subClassOf,rc:IgneousRock
rc:Granite,rdfs:subClassOf,owl:Thing
rc:WirelessEnergyTransfer,rdfs:subClassOf,rc:ElectricPowerGrid
rc:WirelessEnergyTransfer,rdfs:subClassOf,owl:Thing
rc:Blida_ProvinceAlgeria,rdfs:subClassOf,rc:Province_Algeria
rc:Blida_ProvinceAlgeria,rdfs:subClassOf,owl:Thing
rc:Bellerophon_classBattleship,rdfs:subClassOf,rc:Battleship
rc:Bellerophon_classBattleship,rdfs:subClassOf,owl:Thing
rc:YapIsland_Micronesia,rdfs:subClassOf,rc:Island_Micronesia_FederatedStatesOf
rc:YapIsland_Micronesia,rdfs:subClassOf,owl:Thing
rc:ConcealmentFromAerialDetection_None,rdfs:subClassOf,rc:MilitaryTerrain
rc:ConcealmentFromAerialDetection_None,rdfs:subClassOf,owl:Thing
rc:NetherlandsAntilles,rdfs:subClassOf,rc:Country
rc:NetherlandsAntilles,rdfs:subClassOf,owl:Thing
rc:Escarpment,rdfs:subClassOf,rc:Slope_Topographical
rc:Escarpment,rdfs:subClassOf,rc:Wall_GenericBarrier
rc:Escarpment,rdfs:subClassOf,owl:Thing
rc:StraitOfTiran,rdfs:subClassOf,rc:ShippingLane_International
rc:StraitOfTiran,rdfs:subClassOf,owl:Thing
rc:EastAsianCountry,rdfs:subClassOf,rc:Country
rc:EastAsianCountry,rdfs:subClassOf,owl:Thing
rc:EnglishAdministrativeCounty,rdfs:subClassOf,rc:State_Geopolitical
rc:EnglishAdministrativeCounty,rdfs:subClassOf,owl:Thing
rc:CensusDivisionOfAlberta,rdfs:subClassOf,rc:CensusDivision
rc:CensusDivisionOfAlberta,rdfs:subClassOf,owl:Thing
rc:CoverFromDirectFire_Poor,rdfs:subClassOf,rc:MilitaryTerrain
rc:CoverFromDirectFire_Poor,rdfs:subClassOf,owl:Thing
rc:Aruba,rdfs:subClassOf,rc:Island
rc:Aruba,rdfs:subClassOf,rc:NetherlandsAntilles
rc:Aruba,rdfs:subClassOf,owl:Thing
rc:CoastalCity,rdfs:subClassOf,rc:City
rc:CoastalCity,rdfs:subClassOf,owl:Thing
rc:GreenwaterRange,rdfs:subClassOf,rc:MountainRange
rc:GreenwaterRange,rdfs:subClassOf,owl:Thing
rc:RubberTyredMetro,rdfs:subClassOf,rc:Subway
rc:RubberTyredMetro,rdfs:subClassOf,owl:Thing
rc:Mica,rdfs:subClassOf,rc:IgneousRock
rc:Mica,rdfs:subClassOf,owl:Thing
rc:CieszynSilesia,rdfs:subClassOf,rc:Slaskie_ProvincePoland
rc:CieszynSilesia,rdfs:subClassOf,owl:Thing
rc:Smokestack,rdfs:subClassOf,rc:Chimney
rc:Smokestack,rdfs:subClassOf,rc:Flue
rc:Smokestack,rdfs:subClassOf,rc:Tower
rc:Smokestack,rdfs:subClassOf,owl:Thing
rc:Sandbox,rdfs:subClassOf,rc:OutdoorRecreationArea
rc:Sandbox,rdfs:subClassOf,rc:Outdoors_ExposedToWeather
rc:Sandbox,rdfs:subClassOf,owl:Thing
rc:TiticusReservoir,rdfs:subClassOf,rc:WaterReservoir
rc:TiticusReservoir,rdfs:subClassOf,owl:Thing
rc:BinhThuan_ProvinceVietnam,rdfs:subClassOf,rc:Province_Vietnam
rc:BinhThuan_ProvinceVietnam,rdfs:subClassOf,owl:Thing
rc:KimberleyNorthernCape,rdfs:subClassOf,rc:NorthernCape_ProvinceSouthAfrica
rc:KimberleyNorthernCape,rdfs:subClassOf,owl:Thing
rc:City,rdfs:subClassOf,rc:Municipality
rc:City,rdfs:subClassOf,owl:Thing
rc:Phongsali_ProvinceLaos,rdfs:subClassOf,rc:Province_Laos
rc:Phongsali_ProvinceLaos,rdfs:subClassOf,owl:Thing
rc:WaterRegion,rdfs:subClassOf,rc:Region
rc:WaterRegion,rdfs:subClassOf,owl:Thing
rc:Tibet,rdfs:subClassOf,rc:EastAsianCountry
rc:Tibet,rdfs:subClassOf,owl:Thing
rc:GraniteFormation,rdfs:subClassOf,rc:Granite
rc:GraniteFormation,rdfs:subClassOf,owl:Thing
rc:Interstate30,rdfs:subClassOf,rc:InterstateHighway
rc:Interstate30,rdfs:subClassOf,owl:Thing
rc:Kepler452,rdfs:subClassOf,rc:Cygnus_Constellation
rc:Kepler452,rdfs:subClassOf,owl:Thing
rc:Municipality_Netherlands,rdfs:subClassOf,rc:SecondOrderAdministrativeDivision
rc:Municipality_Netherlands,rdfs:subClassOf,owl:Thing
rc:TheNewGreatGame,rdfs:subClassOf,rc:CentralAsia_Region
rc:TheNewGreatGame,rdfs:subClassOf,owl:Thing
rc:HindustaniSpeakingCountryOrTerritory,rdfs:subClassOf,rc:LanguageSpeakingCountryOrTerritory
rc:HindustaniSpeakingCountryOrTerritory,rdfs:subClassOf,owl:Thing
rc:Dew,rdfs:subClassOf,rc:Outdoors_ExposedToWeather
rc:Dew,rdfs:subClassOf,owl:Thing
rc:InPublic,rdfs:subClassOf,rc:Place_Situational
rc:InPublic,rdfs:subClassOf,owl:Thing
rc:Jiangxi_ProvinceChina,rdfs:subClassOf,rc:ChineseProvince
rc:Jiangxi_ProvinceChina,rdfs:subClassOf,owl:Thing
rc:CanopyClosure_Open,rdfs:subClassOf,rc:ConcealmentFromAerialDetection_None
rc:CanopyClosure_Open,rdfs:subClassOf,rc:CoverFromDirectFire_Poor
rc:CanopyClosure_Open,rdfs:subClassOf,owl:Thing
rc:LagoonsOfTheBlackSea,rdfs:subClassOf,rc:BlackSea
rc:LagoonsOfTheBlackSea,rdfs:subClassOf,owl:Thing
rc:FlowTerrain,rdfs:subClassOf,rc:LandTopographicalFeature
rc:FlowTerrain,rdfs:subClassOf,owl:Thing
rc:Kabir_OilField,rdfs:subClassOf,rc:OilField
rc:Kabir_OilField,rdfs:subClassOf,owl:Thing
rc:AgriculturalLand,rdfs:subClassOf,rc:LandParcel
rc:AgriculturalLand,rdfs:subClassOf,owl:Thing
rc:Precinct,rdfs:subClassOf,rc:AdministrativeDistrict
rc:Precinct,rdfs:subClassOf,owl:Thing
rc:OceanLiner,rdfs:subClassOf,rc:Ship
rc:OceanLiner,rdfs:subClassOf,owl:Thing
rc:CapitalCityOfRegion,rdfs:subClassOf,rc:AdministrativeCenter
rc:CapitalCityOfRegion,rdfs:subClassOf,rc:City
rc:CapitalCityOfRegion,rdfs:subClassOf,owl:Thing
rc:GravityDam,rdfs:subClassOf,rc:Dam
rc:GravityDam,rdfs:subClassOf,owl:Thing
rc:GreenwichIsland,rdfs:subClassOf,rc:SouthShetlandIslands
rc:GreenwichIsland,rdfs:subClassOf,owl:Thing
rc:AdministrativeDivision_Switzerland,rdfs:subClassOf,rc:AdministrativeDivision_SingleCountry
rc:AdministrativeDivision_Switzerland,rdfs:subClassOf,owl:Thing
rc:SpaceNeedle,rdfs:subClassOf,rc:Landmark
rc:SpaceNeedle,rdfs:subClassOf,owl:Thing
rc:IslandGroup_State_Geopolitical,rdfs:subClassOf,rc:State_Geopolitical
rc:IslandGroup_State_Geopolitical,rdfs:subClassOf,owl:Thing
rc:Formosa_Island,rdfs:subClassOf,rc:Island
rc:Formosa_Island,rdfs:subClassOf,owl:Thing
rc:MineShaft,rdfs:subClassOf,rc:Tunnel
rc:MineShaft,rdfs:subClassOf,owl:Thing
rc:Closet,rdfs:subClassOf,rc:RoomInAConstruction
rc:Closet,rdfs:subClassOf,rc:StorageConstructInABuilding
rc:Closet,rdfs:subClassOf,owl:Thing
rc:CruiseShip,rdfs:subClassOf,rc:Motorboat
rc:CruiseShip,rdfs:subClassOf,rc:OceanLiner
rc:CruiseShip,rdfs:subClassOf,owl:Thing
rc:CropCoveredRegion,rdfs:subClassOf,rc:CanopyClosure_Sparse
rc:CropCoveredRegion,rdfs:subClassOf,owl:Thing
rc:Germany,rdfs:subClassOf,rc:Country
rc:Germany,rdfs:subClassOf,owl:Thing
rc:Karlsruhe_classCruiser,rdfs:subClassOf,rc:Cruiser
rc:Karlsruhe_classCruiser,rdfs:subClassOf,owl:Thing
rc:Kepler70,rdfs:subClassOf,rc:Cygnus_Constellation
rc:Kepler70,rdfs:subClassOf,owl:Thing
rc:BarrenRegion,rdfs:subClassOf,rc:CanopyClosure_Open
rc:BarrenRegion,rdfs:subClassOf,owl:Thing
rc:PacificUSATimeZone,rdfs:subClassOf,rc:TimeZone_IntegralOffset
rc:PacificUSATimeZone,rdfs:subClassOf,owl:Thing
rc:SurfaceTransitStation,rdfs:subClassOf,rc:PublicTerminal
rc:SurfaceTransitStation,rdfs:subClassOf,owl:Thing
rc:AbuDhabi,rdfs:subClassOf,rc:CapitalCityOfRegion
rc:AbuDhabi,rdfs:subClassOf,owl:Thing
rc:WoodBuffaloNationalPark,rdfs:subClassOf,rc:NationalPark
rc:WoodBuffaloNationalPark,rdfs:subClassOf,owl:Thing
rc:Florida_State,rdfs:subClassOf,rc:State_UnitedStates
rc:Florida_State,rdfs:subClassOf,owl:Thing
rc:Tabiteuea,rdfs:subClassOf,rc:GilbertIslands_Kiribati
rc:Tabiteuea,rdfs:subClassOf,owl:Thing
rc:TeaRoomSpace,rdfs:subClassOf,rc:RestaurantSpace
rc:TeaRoomSpace,rdfs:subClassOf,owl:Thing
rc:Interstate35,rdfs:subClassOf,rc:InterstateHighway
rc:Interstate35,rdfs:subClassOf,owl:Thing
rc:Gabon,rdfs:subClassOf,rc:Country
rc:Gabon,rdfs:subClassOf,owl:Thing
rc:Municipality_Niger,rdfs:subClassOf,rc:ThirdOrderAdministrativeDivision
rc:Municipality_Niger,rdfs:subClassOf,owl:Thing
rc:IndusRiver,rdfs:subClassOf,rc:River
rc:IndusRiver,rdfs:subClassOf,owl:Thing
rc:Laguna_ProvincePhilippines,rdfs:subClassOf,rc:Province_Philippines
rc:Laguna_ProvincePhilippines,rdfs:subClassOf,owl:Thing
rc:VehicleBarrier,rdfs:subClassOf,rc:Barrier_ConstructionArtifact
rc:VehicleBarrier,rdfs:subClassOf,owl:Thing
rc:MeasuringSpoon,rdfs:subClassOf,rc:Spoon
rc:MeasuringSpoon,rdfs:subClassOf,owl:Thing
rc:BodyOfWater_Area,rdfs:subClassOf,rc:GeographicalPlace_Area
rc:BodyOfWater_Area,rdfs:subClassOf,rc:TopographicalFeature
rc:BodyOfWater_Area,rdfs:subClassOf,rc:WaterRegion
rc:BodyOfWater_Area,rdfs:subClassOf,owl:Thing
rc:WestPapuaProvince,rdfs:subClassOf,rc:WesternNewGuinea
rc:WestPapuaProvince,rdfs:subClassOf,owl:Thing
rc:HighMountainousRegion,rdfs:subClassOf,rc:BarrenRegion
rc:HighMountainousRegion,rdfs:subClassOf,owl:Thing
rc:Faial_Island,rdfs:subClassOf,rc:Island
rc:Faial_Island,rdfs:subClassOf,owl:Thing
rc:Georgia_State,rdfs:subClassOf,rc:State_UnitedStates
rc:Georgia_State,rdfs:subClassOf,owl:Thing
rc:Valley,rdfs:subClassOf,rc:Depression_Topographical
rc:Valley,rdfs:subClassOf,owl:Thing
rc:TacticalPoint,rdfs:subClassOf,rc:TacticalTerrainObject
rc:TacticalPoint,rdfs:subClassOf,owl:Thing
rc:PieceOfSky,rdfs:subClassOf,rc:OpenSpaceContent
rc:PieceOfSky,rdfs:subClassOf,owl:Thing
rc:HotelParcel,rdfs:subClassOf,rc:ResidentialLandParcel
rc:HotelParcel,rdfs:subClassOf,owl:Thing
rc:Manse,rdfs:subClassOf,rc:ClergyHouse
rc:Manse,rdfs:subClassOf,owl:Thing
rc:ChineseProvince,rdfs:subClassOf,rc:Province
rc:ChineseProvince,rdfs:subClassOf,owl:Thing
rc:Escarpment_Undersea,rdfs:subClassOf,rc:UnderwaterTopographicalFeature
rc:Escarpment_Undersea,rdfs:subClassOf,owl:Thing
rc:District_BabilGovernorate,rdfs:subClassOf,rc:District
rc:District_BabilGovernorate,rdfs:subClassOf,rc:Governorate
rc:District_BabilGovernorate,rdfs:subClassOf,owl:Thing
rc:RussianCulturalCenter,rdfs:subClassOf,rc:MuseumStructure
rc:RussianCulturalCenter,rdfs:subClassOf,owl:Thing
rc:MauEscarpment,rdfs:subClassOf,rc:Escarpment
rc:MauEscarpment,rdfs:subClassOf,owl:Thing
rc:WesternCountry,rdfs:subClassOf,rc:GeoculturalRegion
rc:WesternCountry,rdfs:subClassOf,rc:IndustrializedCountry
rc:WesternCountry,rdfs:subClassOf,owl:Thing
rc:CoastalConstruction,rdfs:subClassOf,rc:FixedStructure
rc:CoastalConstruction,rdfs:subClassOf,owl:Thing
rc:PotterCountyTexas,rdfs:subClassOf,rc:WestTexas
rc:PotterCountyTexas,rdfs:subClassOf,owl:Thing
rc:BodyOfWater_Large,rdfs:subClassOf,rc:BodyOfWater_Area
rc:BodyOfWater_Large,rdfs:subClassOf,owl:Thing
rc:Mountain_Undersea,rdfs:subClassOf,rc:UnderwaterTopographicalFeature
rc:Mountain_Undersea,rdfs:subClassOf,owl:Thing
rc:LinxiaHuiAutonomousPrefecture,rdfs:subClassOf,rc:Gansu_ProvinceChina
rc:LinxiaHuiAutonomousPrefecture,rdfs:subClassOf,rc:Prefecture
rc:LinxiaHuiAutonomousPrefecture,rdfs:subClassOf,owl:Thing
rc:SeventhAvenueManhattan,rdfs:subClassOf,rc:Street_Urban
rc:SeventhAvenueManhattan,rdfs:subClassOf,owl:Thing
rc:Watercraft_Surface,rdfs:subClassOf,rc:Watercraft
rc:Watercraft_Surface,rdfs:subClassOf,owl:Thing
rc:Douar_Morocco,rdfs:subClassOf,rc:AdministrativeDistrict
rc:Douar_Morocco,rdfs:subClassOf,owl:Thing
rc:NorseUnderworld,rdfs:subClassOf,rc:Hell
rc:NorseUnderworld,rdfs:subClassOf,owl:Thing
rc:Florida_classBattleship,rdfs:subClassOf,rc:Battleship
rc:Florida_classBattleship,rdfs:subClassOf,owl:Thing
rc:Steeple,rdfs:subClassOf,rc:Tower
rc:Steeple,rdfs:subClassOf,owl:Thing
rc:IslandGroup_Tonga,rdfs:subClassOf,rc:IslandGroup_State_Geopolitical
rc:IslandGroup_Tonga,rdfs:subClassOf,owl:Thing
rc:Israel,rdfs:subClassOf,rc:WesternCountry
rc:Israel,rdfs:subClassOf,owl:Thing
rc:Canyon,rdfs:subClassOf,rc:FlowTerrain
rc:Canyon,rdfs:subClassOf,rc:Valley
rc:Canyon,rdfs:subClassOf,owl:Thing
rc:Pass_Geographical,rdfs:subClassOf,rc:LandTopographicalFeature
rc:Pass_Geographical,rdfs:subClassOf,rc:TacticalPoint
rc:Pass_Geographical,rdfs:subClassOf,owl:Thing
rc:GatewayArch,rdfs:subClassOf,rc:Monument
rc:GatewayArch,rdfs:subClassOf,owl:Thing
rc:Anhui_ProvinceChina,rdfs:subClassOf,rc:ChineseProvince
rc:Anhui_ProvinceChina,rdfs:subClassOf,owl:Thing
rc:PrisonCell,rdfs:subClassOf,rc:RoomInAConstruction
rc:PrisonCell,rdfs:subClassOf,rc:StorageConstructInABuilding
rc:PrisonCell,rdfs:subClassOf,owl:Thing
rc:BathroomCloset,rdfs:subClassOf,rc:Closet
rc:BathroomCloset,rdfs:subClassOf,owl:Thing
rc:ArunachalPradesh,rdfs:subClassOf,rc:State_India
rc:ArunachalPradesh,rdfs:subClassOf,owl:Thing
rc:YouthCenter,rdfs:subClassOf,rc:HumanHighOccupancyConstruct
rc:YouthCenter,rdfs:subClassOf,owl:Thing
rc:DragonTeeth,rdfs:subClassOf,rc:VehicleBarrier
rc:DragonTeeth,rdfs:subClassOf,owl:Thing
rc:Lobby_Room,rdfs:subClassOf,rc:PublicPlace
rc:Lobby_Room,rdfs:subClassOf,rc:RoomInAConstruction
rc:Lobby_Room,rdfs:subClassOf,owl:Thing
rc:Hrabri_classSubmarine,rdfs:subClassOf,rc:AttackSubmarine
rc:Hrabri_classSubmarine,rdfs:subClassOf,owl:Thing
rc:GraniteMountains,rdfs:subClassOf,rc:MountainRange
rc:GraniteMountains,rdfs:subClassOf,owl:Thing
rc:MansfieldDam,rdfs:subClassOf,rc:FederallyOwnedDam
rc:MansfieldDam,rdfs:subClassOf,owl:Thing
rc:SchoolBuilding,rdfs:subClassOf,rc:Building
rc:SchoolBuilding,rdfs:subClassOf,rc:EducationalResearchBuildingStructure
rc:SchoolBuilding,rdfs:subClassOf,owl:Thing
rc:Sea,rdfs:subClassOf,rc:BodyOfWater_Large
rc:Sea,rdfs:subClassOf,owl:Thing
rc:JudicialDistrict,rdfs:subClassOf,rc:AdministrativeDistrict
rc:JudicialDistrict,rdfs:subClassOf,owl:Thing
rc:DiplomaticBuilding,rdfs:subClassOf,rc:DiplomaticFacility
rc:DiplomaticBuilding,rdfs:subClassOf,owl:Thing
rc:Antique_ProvincePhilippines,rdfs:subClassOf,rc:Province_Philippines
rc:Antique_ProvincePhilippines,rdfs:subClassOf,owl:Thing
rc:AlexanderArchipelago_Alaska,rdfs:subClassOf,rc:Archipelago
rc:AlexanderArchipelago_Alaska,rdfs:subClassOf,owl:Thing
rc:LarakIsland,rdfs:subClassOf,rc:Island
rc:LarakIsland,rdfs:subClassOf,owl:Thing
rc:Ship,rdfs:subClassOf,rc:Watercraft_Surface
rc:Ship,rdfs:subClassOf,owl:Thing
rc:MarsGlobalSurveyor,rdfs:subClassOf,rc:AstronomicalSatellite
rc:MarsGlobalSurveyor,rdfs:subClassOf,owl:Thing
rc:IndianSubcontinent,rdfs:subClassOf,rc:GeoculturalRegion
rc:IndianSubcontinent,rdfs:subClassOf,owl:Thing
rc:Haapai_IslandGroupTonga,rdfs:subClassOf,rc:IslandGroup_Tonga
rc:Haapai_IslandGroupTonga,rdfs:subClassOf,owl:Thing
rc:SnakeRiver,rdfs:subClassOf,rc:River
rc:SnakeRiver,rdfs:subClassOf,owl:Thing
rc:ConnecticutRiver,rdfs:subClassOf,rc:River
rc:ConnecticutRiver,rdfs:subClassOf,owl:Thing
rc:Rhein_classMonitor,rdfs:subClassOf,rc:Monitor
rc:Rhein_classMonitor,rdfs:subClassOf,owl:Thing
rc:MineShaftEntrance,rdfs:subClassOf,rc:LandTopographicalFeature
rc:MineShaftEntrance,rdfs:subClassOf,rc:MineShaft
rc:MineShaftEntrance,rdfs:subClassOf,owl:Thing
rc:Kerala,rdfs:subClassOf,rc:State_India
rc:Kerala,rdfs:subClassOf,owl:Thing
rc:Interstate39,rdfs:subClassOf,rc:InterstateHighway
rc:Interstate39,rdfs:subClassOf,owl:Thing
rc:ExistingObstacle,rdfs:subClassOf,rc:Obstacle
rc:ExistingObstacle,rdfs:subClassOf,owl:Thing
rc:AdriaticSea,rdfs:subClassOf,rc:Sea
rc:AdriaticSea,rdfs:subClassOf,owl:Thing
rc:OwyheeDesert,rdfs:subClassOf,rc:Northwest_USRegion
rc:OwyheeDesert,rdfs:subClassOf,rc:SnakeRiver
rc:OwyheeDesert,rdfs:subClassOf,owl:Thing
rc:BasketballCourt,rdfs:subClassOf,rc:SportsCourt
rc:BasketballCourt,rdfs:subClassOf,owl:Thing
rc:MiocenePaleontologicalSite,rdfs:subClassOf,rc:AncientArchaeologicalSite
rc:MiocenePaleontologicalSite,rdfs:subClassOf,owl:Thing
rc:Bayern_classBattleship,rdfs:subClassOf,rc:Dreadnought
rc:Bayern_classBattleship,rdfs:subClassOf,owl:Thing
rc:Municipality_Norway,rdfs:subClassOf,rc:SecondOrderAdministrativeDivision
rc:Municipality_Norway,rdfs:subClassOf,owl:Thing
rc:ModernNavalShip,rdfs:subClassOf,rc:MilitaryWatercraft
rc:ModernNavalShip,rdfs:subClassOf,rc:Ship
rc:ModernNavalShip,rdfs:subClassOf,owl:Thing
rc:Dungeon,rdfs:subClassOf,rc:PrisonCell
rc:Dungeon,rdfs:subClassOf,owl:Thing
rc:PunjabLegislativeAssemblyConstituency,rdfs:subClassOf,rc:Constituency
rc:PunjabLegislativeAssemblyConstituency,rdfs:subClassOf,owl:Thing
rc:Warehouse,rdfs:subClassOf,rc:PrefabricatedCommercialBuildingStructure
rc:Warehouse,rdfs:subClassOf,rc:StorageFacility
rc:Warehouse,rdfs:subClassOf,owl:Thing
rc:Bush_Clump,rdfs:subClassOf,rc:BushyTerrain
rc:Bush_Clump,rdfs:subClassOf,owl:Thing
rc:CommercialFarmFacility,rdfs:subClassOf,rc:AgriculturalFacility
rc:CommercialFarmFacility,rdfs:subClassOf,rc:CommercialFacility
rc:CommercialFarmFacility,rdfs:subClassOf,owl:Thing
rc:OtiscoLake,rdfs:subClassOf,rc:FingerLakes
rc:OtiscoLake,rdfs:subClassOf,owl:Thing
rc:CropFarm,rdfs:subClassOf,rc:CropCoveredRegion
rc:CropFarm,rdfs:subClassOf,rc:EconomicRegion
rc:CropFarm,rdfs:subClassOf,owl:Thing
rc:Prussia,rdfs:subClassOf,rc:Country
rc:Prussia,rdfs:subClassOf,owl:Thing
rc:SouthernAfrica,rdfs:subClassOf,rc:SubSaharanAfrica
rc:SouthernAfrica,rdfs:subClassOf,owl:Thing
rc:BushyTerrain,rdfs:subClassOf,rc:OutdoorLocation
rc:BushyTerrain,rdfs:subClassOf,owl:Thing
rc:HandballCourt,rdfs:subClassOf,rc:SportsCourt
rc:HandballCourt,rdfs:subClassOf,owl:Thing
rc:Cruiser,rdfs:subClassOf,rc:ModernNavalShip
rc:Cruiser,rdfs:subClassOf,owl:Thing
rc:DivertingReservoir,rdfs:subClassOf,rc:WaterReservoir
rc:DivertingReservoir,rdfs:subClassOf,owl:Thing
rc:BaseOfLandProtrusion,rdfs:subClassOf,rc:LandTopographicalFeature
rc:BaseOfLandProtrusion,rdfs:subClassOf,owl:Thing
rc:CaoBang_ProvinceVietnam,rdfs:subClassOf,rc:Province_Vietnam
rc:CaoBang_ProvinceVietnam,rdfs:subClassOf,owl:Thing
rc:Municipality_Philippines,rdfs:subClassOf,rc:MunicipalityByCountry
rc:Municipality_Philippines,rdfs:subClassOf,owl:Thing
rc:TeaSpoon_MeasuringTool,rdfs:subClassOf,rc:MeasuringSpoon
rc:TeaSpoon_MeasuringTool,rdfs:subClassOf,owl:Thing
rc:RiverTyne,rdfs:subClassOf,rc:NorthSea
rc:RiverTyne,rdfs:subClassOf,owl:Thing
rc:Limousin,rdfs:subClassOf,rc:FrenchRegion
rc:Limousin,rdfs:subClassOf,owl:Thing
rc:Tajikistan,rdfs:subClassOf,rc:Country
rc:Tajikistan,rdfs:subClassOf,owl:Thing
rc:District_BadakhshanProvince,rdfs:subClassOf,rc:Badakhshan_ProvinceAfghanistan
rc:District_BadakhshanProvince,rdfs:subClassOf,rc:District
rc:District_BadakhshanProvince,rdfs:subClassOf,owl:Thing
rc:CoastalDefenceShip,rdfs:subClassOf,rc:ModernNavalShip
rc:CoastalDefenceShip,rdfs:subClassOf,owl:Thing
rc:Graciosa_Island,rdfs:subClassOf,rc:Island
rc:Graciosa_Island,rdfs:subClassOf,owl:Thing
rc:MinorTerrainFeature,rdfs:subClassOf,rc:LandTopographicalFeature
rc:MinorTerrainFeature,rdfs:subClassOf,owl:Thing
rc:GraniticRock,rdfs:subClassOf,rc:Granite
rc:GraniticRock,rdfs:subClassOf,owl:Thing
rc:Guyana,rdfs:subClassOf,rc:SouthAmericanCountry
rc:Guyana,rdfs:subClassOf,owl:Thing
rc:NorthAfricanCountry,rdfs:subClassOf,rc:Country
rc:NorthAfricanCountry,rdfs:subClassOf,rc:GeoculturalRegion
rc:NorthAfricanCountry,rdfs:subClassOf,owl:Thing
rc:Regioni_classCruiser,rdfs:subClassOf,rc:Cruiser
rc:Regioni_classCruiser,rdfs:subClassOf,owl:Thing
rc:PersianGulf,rdfs:subClassOf,rc:Gulf
rc:PersianGulf,rdfs:subClassOf,owl:Thing
rc:ChemistryLaboratory,rdfs:subClassOf,rc:Laboratory
rc:ChemistryLaboratory,rdfs:subClassOf,owl:Thing
rc:HotelRoom,rdfs:subClassOf,rc:MultiRoomUnit
rc:HotelRoom,rdfs:subClassOf,owl:Thing
rc:Cliff,rdfs:subClassOf,rc:MinorTerrainFeature
rc:Cliff,rdfs:subClassOf,rc:TerrainHighGround
rc:Cliff,rdfs:subClassOf,rc:Wall_Vertical
rc:Cliff,rdfs:subClassOf,owl:Thing
rc:Active_classCruiser,rdfs:subClassOf,rc:Cruiser
rc:Active_classCruiser,rdfs:subClassOf,owl:Thing
rc:Comoros_Archipelago,rdfs:subClassOf,rc:Archipelago
rc:Comoros_Archipelago,rdfs:subClassOf,owl:Thing
rc:Sinkhole,rdfs:subClassOf,rc:Depression_Topographical
rc:Sinkhole,rdfs:subClassOf,owl:Thing
rc:LarchmontNewYork,rdfs:subClassOf,rc:Village
rc:LarchmontNewYork,rdfs:subClassOf,owl:Thing
rc:RailwayTunnel,rdfs:subClassOf,rc:Railway
rc:RailwayTunnel,rdfs:subClassOf,rc:Tunnel
rc:RailwayTunnel,rdfs:subClassOf,owl:Thing
rc:District_BadghisProvince,rdfs:subClassOf,rc:Badghis_ProvinceAfghanistan
rc:District_BadghisProvince,rdfs:subClassOf,rc:District
rc:District_BadghisProvince,rdfs:subClassOf,owl:Thing
rc:ElectricalEnclosure,rdfs:subClassOf,rc:Cabinet_StorageConstruction
rc:ElectricalEnclosure,rdfs:subClassOf,owl:Thing
rc:Rubble,rdfs:subClassOf,rc:TopographicalFeature
rc:Rubble,rdfs:subClassOf,owl:Thing
rc:SouthernAlaska,rdfs:subClassOf,rc:WesternUS_Region
rc:SouthernAlaska,rdfs:subClassOf,owl:Thing
rc:PalmTreeReserve,rdfs:subClassOf,rc:NatureReserve
rc:PalmTreeReserve,rdfs:subClassOf,owl:Thing
rc:DebrisControlDam,rdfs:subClassOf,rc:Dam
rc:DebrisControlDam,rdfs:subClassOf,owl:Thing
rc:CargoShip,rdfs:subClassOf,rc:Ship
rc:CargoShip,rdfs:subClassOf,owl:Thing
rc:UpsilonAndromedae,rdfs:subClassOf,rc:Andromeda_Constellation
rc:UpsilonAndromedae,rdfs:subClassOf,owl:Thing
rc:RegionsOfPeru,rdfs:subClassOf,rc:FirstOrderAdministrativeDivision
rc:RegionsOfPeru,rdfs:subClassOf,owl:Thing
rc:MesozoicPaleontologicalSite,rdfs:subClassOf,rc:AncientArchaeologicalSite
rc:MesozoicPaleontologicalSite,rdfs:subClassOf,owl:Thing
rc:DeepSubmergenceRescueVehicle,rdfs:subClassOf,rc:Submarine_Military
rc:DeepSubmergenceRescueVehicle,rdfs:subClassOf,owl:Thing
rc:JudicialDistrict_Austria,rdfs:subClassOf,rc:JudicialDistrict
rc:JudicialDistrict_Austria,rdfs:subClassOf,owl:Thing
rc:BritishShipsBuiltInSingapore,rdfs:subClassOf,rc:ModernNavalShip
rc:BritishShipsBuiltInSingapore,rdfs:subClassOf,owl:Thing
rc:KeralaLegislativeAssemblyConstituency,rdfs:subClassOf,rc:Constituency
rc:KeralaLegislativeAssemblyConstituency,rdfs:subClassOf,owl:Thing
rc:Interstate40,rdfs:subClassOf,rc:InterstateHighway
rc:Interstate40,rdfs:subClassOf,owl:Thing
rc:Disneyland_TouristAttraction,rdfs:subClassOf,rc:Landmark
rc:Disneyland_TouristAttraction,rdfs:subClassOf,owl:Thing
rc:Connecticut_State,rdfs:subClassOf,rc:State_UnitedStates
rc:Connecticut_State,rdfs:subClassOf,owl:Thing
rc:ElTarf_ProvinceAlgeria,rdfs:subClassOf,rc:Province_Algeria
rc:ElTarf_ProvinceAlgeria,rdfs:subClassOf,owl:Thing
rc:BridgeTypeBySupportType,rdfs:subClassOf,rc:Bridge
rc:BridgeTypeBySupportType,rdfs:subClassOf,owl:Thing
rc:Nidwalden,rdfs:subClassOf,rc:Canton_Swiss
rc:Nidwalden,rdfs:subClassOf,owl:Thing
rc:Antigua_Island,rdfs:subClassOf,rc:Island
rc:Antigua_Island,rdfs:subClassOf,owl:Thing
rc:Speedway,rdfs:subClassOf,rc:CarRaceTrack
rc:Speedway,rdfs:subClassOf,owl:Thing
rc:Macau,rdfs:subClassOf,rc:Country
rc:Macau,rdfs:subClassOf,owl:Thing
rc:Puddle,rdfs:subClassOf,rc:Outdoors_ExposedToWeather
rc:Puddle,rdfs:subClassOf,owl:Thing
rc:LaiChau_ProvinceVietnam,rdfs:subClassOf,rc:Province_Vietnam
rc:LaiChau_ProvinceVietnam,rdfs:subClassOf,owl:Thing
rc:EasternProvinceSaudiArabia,rdfs:subClassOf,rc:PersianGulf
rc:EasternProvinceSaudiArabia,rdfs:subClassOf,owl:Thing
rc:LaborCamp,rdfs:subClassOf,rc:Campsite
rc:LaborCamp,rdfs:subClassOf,owl:Thing
rc:BioBio_RegionChile,rdfs:subClassOf,rc:Region_Chile
rc:BioBio_RegionChile,rdfs:subClassOf,owl:Thing
rc:ArchBridge,rdfs:subClassOf,rc:BridgeTypeBySupportType
rc:ArchBridge,rdfs:subClassOf,owl:Thing
rc:Indus_Constellation,rdfs:subClassOf,rc:Constellation
rc:Indus_Constellation,rdfs:subClassOf,owl:Thing
rc:Cowshed,rdfs:subClassOf,rc:Barn
rc:Cowshed,rdfs:subClassOf,owl:Thing
rc:Wheatfield,rdfs:subClassOf,rc:Field_Agriculture
rc:Wheatfield,rdfs:subClassOf,owl:Thing
rc:Municipality_Poland,rdfs:subClassOf,rc:ThirdOrderAdministrativeDivision
rc:Municipality_Poland,rdfs:subClassOf,owl:Thing
rc:MinedArea,rdfs:subClassOf,rc:EconomicRegion
rc:MinedArea,rdfs:subClassOf,rc:MilitaryTerrain
rc:MinedArea,rdfs:subClassOf,owl:Thing
rc:HitchhikingStop,rdfs:subClassOf,rc:StationTerminalOrStop
rc:HitchhikingStop,rdfs:subClassOf,rc:TransportFacility
rc:HitchhikingStop,rdfs:subClassOf,owl:Thing
rc:TerrestrialBiome,rdfs:subClassOf,rc:BiomeType
rc:TerrestrialBiome,rdfs:subClassOf,owl:Thing
rc:Kolberg_classCruiser,rdfs:subClassOf,rc:Cruiser
rc:Kolberg_classCruiser,rdfs:subClassOf,owl:Thing
rc:TromelinIsland,rdfs:subClassOf,rc:Island
rc:TromelinIsland,rdfs:subClassOf,owl:Thing
rc:CookieCutter,rdfs:subClassOf,rc:CookingUtensil
rc:CookieCutter,rdfs:subClassOf,owl:Thing
rc:FractureZone,rdfs:subClassOf,rc:Fault_Topographical
rc:FractureZone,rdfs:subClassOf,owl:Thing
rc:SyrDaryaRiver,rdfs:subClassOf,rc:River
rc:SyrDaryaRiver,rdfs:subClassOf,owl:Thing
rc:Lankaran_DenizOilField,rdfs:subClassOf,rc:OilField
rc:Lankaran_DenizOilField,rdfs:subClassOf,owl:Thing
rc:River_Underground,rdfs:subClassOf,rc:River
rc:River_Underground,rdfs:subClassOf,rc:Underground
rc:River_Underground,rdfs:subClassOf,owl:Thing
rc:Railway_BroadGauge,rdfs:subClassOf,rc:Railway
rc:Railway_BroadGauge,rdfs:subClassOf,owl:Thing
rc:SvalbardIslands,rdfs:subClassOf,rc:Archipelago
rc:SvalbardIslands,rdfs:subClassOf,owl:Thing
rc:EurasianSteppe,rdfs:subClassOf,rc:ContinentOfEurasia
rc:EurasianSteppe,rdfs:subClassOf,owl:Thing
rc:Sicily,rdfs:subClassOf,rc:Island
rc:Sicily,rdfs:subClassOf,owl:Thing
rc:Sill_TerrainFeature,rdfs:subClassOf,rc:LandTopographicalFeature
rc:Sill_TerrainFeature,rdfs:subClassOf,owl:Thing
rc:Butte,rdfs:subClassOf,rc:Hill
rc:Butte,rdfs:subClassOf,owl:Thing
rc:FKKhazarLankaran,rdfs:subClassOf,rc:Lankaran_DenizOilField
rc:FKKhazarLankaran,rdfs:subClassOf,owl:Thing
rc:Motorboat,rdfs:subClassOf,rc:Watercraft_Surface
rc:Motorboat,rdfs:subClassOf,owl:Thing
rc:HsiRiver,rdfs:subClassOf,rc:River
rc:HsiRiver,rdfs:subClassOf,owl:Thing
rc:SouthernAlps_Mountain,rdfs:subClassOf,rc:MountainRange
rc:SouthernAlps_Mountain,rdfs:subClassOf,owl:Thing
rc:AmmiraglioDiSaintBon_classBattleship,rdfs:subClassOf,rc:Battleship
rc:AmmiraglioDiSaintBon_classBattleship,rdfs:subClassOf,owl:Thing
rc:Ecosystem,rdfs:subClassOf,rc:EcologicalRegion
rc:Ecosystem,rdfs:subClassOf,owl:Thing
rc:GuidedMissileCruiser,rdfs:subClassOf,rc:Cruiser
rc:GuidedMissileCruiser,rdfs:subClassOf,rc:MissileWatercraft_Surface
rc:GuidedMissileCruiser,rdfs:subClassOf,owl:Thing
rc:HighSpeed1,rdfs:subClassOf,rc:Eurostar
rc:HighSpeed1,rdfs:subClassOf,owl:Thing
rc:Shandong_ProvinceChina,rdfs:subClassOf,rc:ChineseProvince
rc:Shandong_ProvinceChina,rdfs:subClassOf,owl:Thing
rc:TractionPowerNetwork,rdfs:subClassOf,rc:ElectricPowerGrid
rc:TractionPowerNetwork,rdfs:subClassOf,owl:Thing
rc:Fracture_Zone_Undersea,rdfs:subClassOf,rc:UnderwaterTopographicalFeature
rc:Fracture_Zone_Undersea,rdfs:subClassOf,owl:Thing
rc:MilitaryRoad,rdfs:subClassOf,rc:Roadway
rc:MilitaryRoad,rdfs:subClassOf,owl:Thing
rc:PersonalWatercraft,rdfs:subClassOf,rc:Watercraft_Small
rc:PersonalWatercraft,rdfs:subClassOf,owl:Thing
rc:District_BaghdadProvince,rdfs:subClassOf,rc:BaghdadProvinceIraq
rc:District_BaghdadProvince,rdfs:subClassOf,rc:District
rc:District_BaghdadProvince,rdfs:subClassOf,owl:Thing
rc:SoccerField,rdfs:subClassOf,rc:AthleticField
rc:SoccerField,rdfs:subClassOf,owl:Thing
rc:RubbleStrewnArea,rdfs:subClassOf,rc:RegionTypeByTerrain
rc:RubbleStrewnArea,rdfs:subClassOf,owl:Thing
rc:Seamount,rdfs:subClassOf,rc:Mountain
rc:Seamount,rdfs:subClassOf,rc:UnderwaterLocation
rc:Seamount,rdfs:subClassOf,owl:Thing
rc:CoastalEcologyConservationService,rdfs:subClassOf,rc:Ecosystem
rc:CoastalEcologyConservationService,rdfs:subClassOf,owl:Thing
rc:Soil_Product,rdfs:subClassOf,rc:DirtSoil
rc:Soil_Product,rdfs:subClassOf,owl:Thing
rc:KerchPeninsula,rdfs:subClassOf,rc:Peninsula
rc:KerchPeninsula,rdfs:subClassOf,owl:Thing
rc:Connecticut_classBattleship,rdfs:subClassOf,rc:PreDreadnoughtBattleship
rc:Connecticut_classBattleship,rdfs:subClassOf,owl:Thing
rc:FactoryBuildingComplex,rdfs:subClassOf,rc:BuildingCluster
rc:FactoryBuildingComplex,rdfs:subClassOf,rc:IndustrialBuildingStructure
rc:FactoryBuildingComplex,rdfs:subClassOf,owl:Thing
rc:Speedboat,rdfs:subClassOf,rc:Boat
rc:Speedboat,rdfs:subClassOf,rc:Motorboat
rc:Speedboat,rdfs:subClassOf,rc:PersonalWatercraft
rc:Speedboat,rdfs:subClassOf,owl:Thing
rc:ModerateRainArea,rdfs:subClassOf,rc:AdverseWeatherArea
rc:ModerateRainArea,rdfs:subClassOf,rc:RainyArea
rc:ModerateRainArea,rdfs:subClassOf,owl:Thing
rc:JudicialDistrict_Spain,rdfs:subClassOf,rc:JudicialDistrict
rc:JudicialDistrict_Spain,rdfs:subClassOf,owl:Thing
rc:RomanForum,rdfs:subClassOf,rc:RubbleStrewnArea
rc:RomanForum,rdfs:subClassOf,owl:Thing
rc:Sandstone,rdfs:subClassOf,rc:ClasticSedimentaryRock
rc:Sandstone,rdfs:subClassOf,owl:Thing
rc:JawaBarat_ProvinceIndonesia,rdfs:subClassOf,rc:Province_Indonesia_TheNation
rc:JawaBarat_ProvinceIndonesia,rdfs:subClassOf,owl:Thing
rc:Interstate44,rdfs:subClassOf,rc:InterstateHighway
rc:Interstate44,rdfs:subClassOf,owl:Thing
rc:SoccerGoal_ScoringRegion,rdfs:subClassOf,rc:GoalScoringRegion
rc:SoccerGoal_ScoringRegion,rdfs:subClassOf,owl:Thing
rc:AircraftLandingAndTakeoffFacility,rdfs:subClassOf,rc:PortFacility
rc:AircraftLandingAndTakeoffFacility,rdfs:subClassOf,owl:Thing
rc:HeavyIndustryFacility,rdfs:subClassOf,rc:FactoryBuildingComplex
rc:HeavyIndustryFacility,rdfs:subClassOf,owl:Thing
rc:PrussianCulturalSite,rdfs:subClassOf,rc:HistoricalSite
rc:PrussianCulturalSite,rdfs:subClassOf,owl:Thing
rc:VoivodeshipRoad,rdfs:subClassOf,rc:Highway
rc:VoivodeshipRoad,rdfs:subClassOf,owl:Thing
rc:CliffDwelling,rdfs:subClassOf,rc:Outdoors_ExposedToWeather
rc:CliffDwelling,rdfs:subClassOf,owl:Thing
rc:TurkishRepublicOfNorthernCyprus,rdfs:subClassOf,rc:Country
rc:TurkishRepublicOfNorthernCyprus,rdfs:subClassOf,owl:Thing
rc:Maui_Island_Hawaii,rdfs:subClassOf,rc:Island
rc:Maui_Island_Hawaii,rdfs:subClassOf,owl:Thing
rc:Kolkata_classDestroyer,rdfs:subClassOf,rc:GuidedMissileDestroyer
rc:Kolkata_classDestroyer,rdfs:subClassOf,owl:Thing
rc:BigBendNationalPark,rdfs:subClassOf,rc:NationalPark
rc:BigBendNationalPark,rdfs:subClassOf,owl:Thing
rc:Switzerland,rdfs:subClassOf,rc:Country
rc:Switzerland,rdfs:subClassOf,owl:Thing
rc:Pico_Island,rdfs:subClassOf,rc:Island
rc:Pico_Island,rdfs:subClassOf,owl:Thing
rc:TerrestrialEcosystemManagementService,rdfs:subClassOf,rc:Ecosystem
rc:TerrestrialEcosystemManagementService,rdfs:subClassOf,owl:Thing
rc:ScapaFlow,rdfs:subClassOf,rc:Harbor
rc:ScapaFlow,rdfs:subClassOf,owl:Thing
rc:FootballField,rdfs:subClassOf,rc:AthleticField
rc:FootballField,rdfs:subClassOf,owl:Thing
rc:Disneyworld_TouristAttraction,rdfs:subClassOf,rc:TouristAttraction
rc:Disneyworld_TouristAttraction,rdfs:subClassOf,owl:Thing
rc:Maghreb,rdfs:subClassOf,rc:NorthernAfrica
rc:Maghreb,rdfs:subClassOf,owl:Thing
rc:Palma_Island,rdfs:subClassOf,rc:Island
rc:Palma_Island,rdfs:subClassOf,owl:Thing
rc:Municipality_Portugal,rdfs:subClassOf,rc:SecondOrderAdministrativeDivision
rc:Municipality_Portugal,rdfs:subClassOf,owl:Thing
rc:ConcentrationCamp,rdfs:subClassOf,rc:Prison
rc:ConcentrationCamp,rdfs:subClassOf,owl:Thing
rc:JawaTimur_ProvinceIndonesia,rdfs:subClassOf,rc:Province_Indonesia_TheNation
rc:JawaTimur_ProvinceIndonesia,rdfs:subClassOf,owl:Thing
rc:CityBlock,rdfs:subClassOf,rc:Roadway
rc:CityBlock,rdfs:subClassOf,rc:UrbanArea
rc:CityBlock,rdfs:subClassOf,owl:Thing
rc:WestSumatra,rdfs:subClassOf,rc:SumatraIsland_Indonesia
rc:WestSumatra,rdfs:subClassOf,owl:Thing
rc:Quarter,rdfs:subClassOf,rc:Neighborhood
rc:Quarter,rdfs:subClassOf,owl:Thing
rc:CigaretteBoat,rdfs:subClassOf,rc:Speedboat
rc:CigaretteBoat,rdfs:subClassOf,owl:Thing
rc:LajesDoPico,rdfs:subClassOf,rc:Pico_Island
rc:LajesDoPico,rdfs:subClassOf,owl:Thing
rc:Guyot,rdfs:subClassOf,rc:Seamount
rc:Guyot,rdfs:subClassOf,owl:Thing
rc:ThePentagonBuilding,rdfs:subClassOf,rc:Landmark
rc:ThePentagonBuilding,rdfs:subClassOf,owl:Thing
rc:BlackHillsNationalForest,rdfs:subClassOf,rc:NationalForest
rc:BlackHillsNationalForest,rdfs:subClassOf,owl:Thing
rc:Kerem,rdfs:subClassOf,rc:Village
rc:Kerem,rdfs:subClassOf,owl:Thing
rc:AssemblyLine,rdfs:subClassOf,rc:HeavyIndustryFacility
rc:AssemblyLine,rdfs:subClassOf,owl:Thing
rc:ArchDam,rdfs:subClassOf,rc:Dam
rc:ArchDam,rdfs:subClassOf,owl:Thing
rc:Okanagan_RegionBritishColumbia,rdfs:subClassOf,rc:PacificNorthwest_USRegion
rc:Okanagan_RegionBritishColumbia,rdfs:subClassOf,owl:Thing
rc:Volage_classCorvette,rdfs:subClassOf,rc:Corvette_Ship
rc:Volage_classCorvette,rdfs:subClassOf,owl:Thing
rc:Denkmal_Germany,rdfs:subClassOf,rc:Monument
rc:Denkmal_Germany,rdfs:subClassOf,owl:Thing
rc:TableKnife,rdfs:subClassOf,rc:SilverwarePiece
rc:TableKnife,rdfs:subClassOf,owl:Thing
rc:Bridge_Military,rdfs:subClassOf,rc:Bridge
rc:Bridge_Military,rdfs:subClassOf,owl:Thing
rc:ReconnaissanceWatercraft,rdfs:subClassOf,rc:MilitaryWatercraft
rc:ReconnaissanceWatercraft,rdfs:subClassOf,owl:Thing
rc:MaunaKea_Volcano,rdfs:subClassOf,rc:Volcano
rc:MaunaKea_Volcano,rdfs:subClassOf,owl:Thing
rc:Village,rdfs:subClassOf,rc:PopulatedPlace
rc:Village,rdfs:subClassOf,owl:Thing
rc:Substation,rdfs:subClassOf,rc:UtilityBuildingStructure
rc:Substation,rdfs:subClassOf,owl:Thing
rc:PottingSoil,rdfs:subClassOf,rc:Soil_Product
rc:PottingSoil,rdfs:subClassOf,owl:Thing
rc:ButteCountyCalifornia,rdfs:subClassOf,rc:NorthernCalifornia
rc:ButteCountyCalifornia,rdfs:subClassOf,owl:Thing
rc:Province_Belgium,rdfs:subClassOf,rc:Province
rc:Province_Belgium,rdfs:subClassOf,owl:Thing
rc:TransformerSubstation,rdfs:subClassOf,rc:ElectricalGrid
rc:TransformerSubstation,rdfs:subClassOf,rc:PowerDistribution
rc:TransformerSubstation,rdfs:subClassOf,rc:Substation
rc:TransformerSubstation,rdfs:subClassOf,owl:Thing
rc:Railway_DualGauge,rdfs:subClassOf,rc:Railway
rc:Railway_DualGauge,rdfs:subClassOf,owl:Thing
rc:MariSyria,rdfs:subClassOf,rc:City
rc:MariSyria,rdfs:subClassOf,owl:Thing
rc:Sill_TerrainFeature_Undersea,rdfs:subClassOf,rc:UnderwaterTopographicalFeature
rc:Sill_TerrainFeature_Undersea,rdfs:subClassOf,owl:Thing
rc:Promontory,rdfs:subClassOf,rc:NaturalElevation
rc:Promontory,rdfs:subClassOf,owl:Thing
rc:GuidedMissileFrigate,rdfs:subClassOf,rc:MissileWatercraft_Surface
rc:GuidedMissileFrigate,rdfs:subClassOf,rc:ModernFrigate
rc:GuidedMissileFrigate,rdfs:subClassOf,owl:Thing
rc:LakeAustin,rdfs:subClassOf,rc:WaterReservoir
rc:LakeAustin,rdfs:subClassOf,owl:Thing
rc:HuaiRiver,rdfs:subClassOf,rc:River
rc:HuaiRiver,rdfs:subClassOf,owl:Thing
rc:Yaroslavl_RegionRussia,rdfs:subClassOf,rc:GeoculturalRegion
rc:Yaroslavl_RegionRussia,rdfs:subClassOf,owl:Thing
rc:ShannonRiver,rdfs:subClassOf,rc:River
rc:ShannonRiver,rdfs:subClassOf,owl:Thing
rc:Barbuda_Island,rdfs:subClassOf,rc:Island
rc:Barbuda_Island,rdfs:subClassOf,owl:Thing
rc:GolanHeights,rdfs:subClassOf,rc:PopulatedPlace
rc:GolanHeights,rdfs:subClassOf,owl:Thing
rc:AmphibiousWarfareShip,rdfs:subClassOf,rc:ModernNavalShip
rc:AmphibiousWarfareShip,rdfs:subClassOf,owl:Thing
rc:Massachusetts_State,rdfs:subClassOf,rc:State_UnitedStates
rc:Massachusetts_State,rdfs:subClassOf,owl:Thing
rc:Brabant_ProvinceBelgium,rdfs:subClassOf,rc:Province_Belgium
rc:Brabant_ProvinceBelgium,rdfs:subClassOf,owl:Thing
rc:District_Belarus,rdfs:subClassOf,rc:SecondOrderAdministrativeDivision
rc:District_Belarus,rdfs:subClassOf,owl:Thing
rc:DenmanIsland_BritishColumbia,rdfs:subClassOf,rc:Island
rc:DenmanIsland_BritishColumbia,rdfs:subClassOf,owl:Thing
rc:BridgeWithArmoredVehicle,rdfs:subClassOf,rc:Bridge_Military
rc:BridgeWithArmoredVehicle,rdfs:subClassOf,owl:Thing
rc:Beograd_classDestroyer,rdfs:subClassOf,rc:Destroyer
rc:Beograd_classDestroyer,rdfs:subClassOf,owl:Thing
rc:Fog,rdfs:subClassOf,rc:Outdoors_ExposedToWeather
rc:Fog,rdfs:subClassOf,owl:Thing
rc:HighSpeedRailwayLineInFrance,rdfs:subClassOf,rc:RailwayLine
rc:HighSpeedRailwayLineInFrance,rdfs:subClassOf,owl:Thing
rc:Peninsula,rdfs:subClassOf,rc:Promontory
rc:Peninsula,rdfs:subClassOf,owl:Thing
rc:TheCelestialSphere,rdfs:subClassOf,rc:CelestialRegion
rc:TheCelestialSphere,rdfs:subClassOf,owl:Thing
rc:Interstate49,rdfs:subClassOf,rc:InterstateHighway
rc:Interstate49,rdfs:subClassOf,owl:Thing
rc:TurkishSpeakingCountryOrTerritory,rdfs:subClassOf,rc:LanguageSpeakingCountryOrTerritory
rc:TurkishSpeakingCountryOrTerritory,rdfs:subClassOf,owl:Thing
rc:SeaOfOkhotsk,rdfs:subClassOf,rc:Sea
rc:SeaOfOkhotsk,rdfs:subClassOf,owl:Thing
rc:Grenada,rdfs:subClassOf,rc:Country
rc:Grenada,rdfs:subClassOf,owl:Thing
rc:SandstoneFormation,rdfs:subClassOf,rc:Sandstone
rc:SandstoneFormation,rdfs:subClassOf,owl:Thing
rc:Shanxi_ProvinceChina,rdfs:subClassOf,rc:ChineseProvince
rc:Shanxi_ProvinceChina,rdfs:subClassOf,owl:Thing
rc:SintEustatius,rdfs:subClassOf,rc:Island
rc:SintEustatius,rdfs:subClassOf,rc:NetherlandsAntilles
rc:SintEustatius,rdfs:subClassOf,owl:Thing
rc:BungeeJumpingSite,rdfs:subClassOf,rc:SportsPlayingArea
rc:BungeeJumpingSite,rdfs:subClassOf,owl:Thing
rc:AmphibiousAssaultShip,rdfs:subClassOf,rc:AmphibiousWarfareShip
rc:AmphibiousAssaultShip,rdfs:subClassOf,owl:Thing
rc:CelestialCoordinateSystem,rdfs:subClassOf,rc:TheCelestialSphere
rc:CelestialCoordinateSystem,rdfs:subClassOf,owl:Thing
rc:Railway_NarrowGauge,rdfs:subClassOf,rc:Railway
rc:Railway_NarrowGauge,rdfs:subClassOf,owl:Thing
rc:BlackHills_Mountains,rdfs:subClassOf,rc:MountainRange
rc:BlackHills_Mountains,rdfs:subClassOf,owl:Thing
rc:ArmoredVehicleLaunchedBridge,rdfs:subClassOf,rc:BridgeWithArmoredVehicle
rc:ArmoredVehicleLaunchedBridge,rdfs:subClassOf,owl:Thing
rc:Puebla_StateMexico,rdfs:subClassOf,rc:State_Mexico
rc:Puebla_StateMexico,rdfs:subClassOf,owl:Thing
rc:NaturalLandscape,rdfs:subClassOf,rc:Landscape
rc:NaturalLandscape,rdfs:subClassOf,owl:Thing
rc:Dado,rdfs:subClassOf,rc:Wall_Vertical
rc:Dado,rdfs:subClassOf,owl:Thing
rc:Freeway,rdfs:subClassOf,rc:DividedPath
rc:Freeway,rdfs:subClassOf,rc:FourLanesOrWiderRoadway
rc:Freeway,rdfs:subClassOf,rc:Highway
rc:Freeway,rdfs:subClassOf,owl:Thing
rc:PeloponnesianPeninsula,rdfs:subClassOf,rc:Peninsula
rc:PeloponnesianPeninsula,rdfs:subClassOf,owl:Thing
rc:LakeMichigan,rdfs:subClassOf,rc:GreatLakes
rc:LakeMichigan,rdfs:subClassOf,owl:Thing
rc:SandstoneInTheUnitedStates,rdfs:subClassOf,rc:Sandstone
rc:SandstoneInTheUnitedStates,rdfs:subClassOf,owl:Thing
rc:MaunaLoa_Volcano,rdfs:subClassOf,rc:Volcano
rc:MaunaLoa_Volcano,rdfs:subClassOf,owl:Thing
rc:ProtectedArea_Ukraine,rdfs:subClassOf,rc:ProtectedArea
rc:ProtectedArea_Ukraine,rdfs:subClassOf,owl:Thing
rc:Minehunter_Coastal,rdfs:subClassOf,rc:MineCountermeasuresVessel
rc:Minehunter_Coastal,rdfs:subClassOf,owl:Thing
rc:InfiltrationLane,rdfs:subClassOf,rc:MilitaryTerrain
rc:InfiltrationLane,rdfs:subClassOf,owl:Thing
rc:Idaho_State,rdfs:subClassOf,rc:State_UnitedStates
rc:Idaho_State,rdfs:subClassOf,owl:Thing
rc:PrivateProperty,rdfs:subClassOf,rc:RealProperty
rc:PrivateProperty,rdfs:subClassOf,owl:Thing
rc:Interstate5,rdfs:subClassOf,rc:InterstateHighway
rc:Interstate5,rdfs:subClassOf,owl:Thing
rc:Municipality_Slovakia,rdfs:subClassOf,rc:MunicipalityByCountry
rc:Municipality_Slovakia,rdfs:subClassOf,owl:Thing
rc:Sorsogon_ProvincePhilippines,rdfs:subClassOf,rc:Province_Philippines
rc:Sorsogon_ProvincePhilippines,rdfs:subClassOf,owl:Thing
rc:IndianaDunesNationalLakeshore,rdfs:subClassOf,rc:LakeMichigan
rc:IndianaDunesNationalLakeshore,rdfs:subClassOf,owl:Thing
rc:KerguelenArchipelago,rdfs:subClassOf,rc:Archipelago
rc:KerguelenArchipelago,rdfs:subClassOf,owl:Thing
rc:FiringRange,rdfs:subClassOf,rc:LeisureFacility
rc:FiringRange,rdfs:subClassOf,owl:Thing
rc:Arch_Topographical,rdfs:subClassOf,rc:LandTopographicalFeature
rc:Arch_Topographical,rdfs:subClassOf,owl:Thing
rc:NorthportNewYork,rdfs:subClassOf,rc:Village
rc:NorthportNewYork,rdfs:subClassOf,owl:Thing
rc:IndependentCountry,rdfs:subClassOf,rc:Country
rc:IndependentCountry,rdfs:subClassOf,owl:Thing
rc:Volans_Constellation,rdfs:subClassOf,rc:Constellation
rc:Volans_Constellation,rdfs:subClassOf,owl:Thing
rc:IndustrialArchaeologicalSite,rdfs:subClassOf,rc:ArchaeologicalSite
rc:IndustrialArchaeologicalSite,rdfs:subClassOf,owl:Thing
rc:SvayRieng_ProvinceCambodia,rdfs:subClassOf,rc:Province_Cambodia
rc:SvayRieng_ProvinceCambodia,rdfs:subClassOf,owl:Thing
rc:Achaea,rdfs:subClassOf,rc:PeloponnesianPeninsula
rc:Achaea,rdfs:subClassOf,owl:Thing
rc:Miquelon_Island,rdfs:subClassOf,rc:Island
rc:Miquelon_Island,rdfs:subClassOf,owl:Thing
rc:ProtectedAreasOnTheColoradoRiver,rdfs:subClassOf,rc:ColoradoRiverOfArizona
rc:ProtectedAreasOnTheColoradoRiver,rdfs:subClassOf,rc:ProtectedArea
rc:ProtectedAreasOnTheColoradoRiver,rdfs:subClassOf,owl:Thing
rc:PliocenePaleontologicalSite,rdfs:subClassOf,rc:AncientArchaeologicalSite
rc:PliocenePaleontologicalSite,rdfs:subClassOf,owl:Thing
rc:MotorShip,rdfs:subClassOf,rc:Watercraft
rc:MotorShip,rdfs:subClassOf,owl:Thing
rc:Marsh,rdfs:subClassOf,rc:CanopyClosure_Sparse
rc:Marsh,rdfs:subClassOf,rc:WetlandRegion
rc:Marsh,rdfs:subClassOf,owl:Thing
rc:CommercialFishingBoat,rdfs:subClassOf,rc:Watercraft_Surface
rc:CommercialFishingBoat,rdfs:subClassOf,owl:Thing
rc:Transformer_Electric,rdfs:subClassOf,rc:LowVoltageNetwork
rc:Transformer_Electric,rdfs:subClassOf,owl:Thing
rc:EnglishChannel,rdfs:subClassOf,rc:Channel_BodyOfWaterLink
rc:EnglishChannel,rdfs:subClassOf,owl:Thing
rc:PyramidOfCheops,rdfs:subClassOf,rc:EgyptianPyramid
rc:PyramidOfCheops,rdfs:subClassOf,owl:Thing
rc:Pomorskie_ProvincePoland,rdfs:subClassOf,rc:Province_Poland
rc:Pomorskie_ProvincePoland,rdfs:subClassOf,owl:Thing
rc:TowerOfLondon,rdfs:subClassOf,rc:Landmark
rc:TowerOfLondon,rdfs:subClassOf,owl:Thing
rc:IrishSea,rdfs:subClassOf,rc:Sea
rc:IrishSea,rdfs:subClassOf,owl:Thing
rc:Huambo_ProvinceAngola,rdfs:subClassOf,rc:Province_Angola
rc:Huambo_ProvinceAngola,rdfs:subClassOf,owl:Thing
rc:LegOfPieceOfFurniture,rdfs:subClassOf,rc:FurniturePart
rc:LegOfPieceOfFurniture,rdfs:subClassOf,owl:Thing
rc:WestVirginia_State,rdfs:subClassOf,rc:State_UnitedStates
rc:WestVirginia_State,rdfs:subClassOf,owl:Thing
rc:Home,rdfs:subClassOf,rc:ResidentialBuilding
rc:Home,rdfs:subClassOf,owl:Thing
rc:OkefenokeeSwamp,rdfs:subClassOf,rc:Swamp
rc:OkefenokeeSwamp,rdfs:subClassOf,owl:Thing
rc:LakeBaykal,rdfs:subClassOf,rc:FreshWaterLake
rc:LakeBaykal,rdfs:subClassOf,owl:Thing
rc:OarPropelledWatercraft,rdfs:subClassOf,rc:Watercraft_Surface
rc:OarPropelledWatercraft,rdfs:subClassOf,owl:Thing
rc:AfricanCountry,rdfs:subClassOf,rc:IndependentCountry
rc:AfricanCountry,rdfs:subClassOf,owl:Thing
rc:Svetlana_classCruiser,rdfs:subClassOf,rc:Cruiser
rc:Svetlana_classCruiser,rdfs:subClassOf,owl:Thing
rc:District_Brazil,rdfs:subClassOf,rc:AdministrativeDistrict
rc:District_Brazil,rdfs:subClassOf,owl:Thing
rc:MotorVehicleAssemblyPlant,rdfs:subClassOf,rc:ManufacturingFacility
rc:MotorVehicleAssemblyPlant,rdfs:subClassOf,owl:Thing
rc:CardiganBay,rdfs:subClassOf,rc:Bay
rc:CardiganBay,rdfs:subClassOf,rc:IrishSea
rc:CardiganBay,rdfs:subClassOf,owl:Thing
rc:Braunschweig_classBattleship,rdfs:subClassOf,rc:PreDreadnoughtBattleship
rc:Braunschweig_classBattleship,rdfs:subClassOf,owl:Thing
rc:RomanSitesInProvence,rdfs:subClassOf,rc:Provence
rc:RomanSitesInProvence,rdfs:subClassOf,owl:Thing
rc:Denmark,rdfs:subClassOf,rc:Country
rc:Denmark,rdfs:subClassOf,owl:Thing
rc:Lion_classBattlecruiser,rdfs:subClassOf,rc:BattleCruiser
rc:Lion_classBattlecruiser,rdfs:subClassOf,owl:Thing
rc:Rowboat,rdfs:subClassOf,rc:Boat
rc:Rowboat,rdfs:subClassOf,rc:OarPropelledWatercraft
rc:Rowboat,rdfs:subClassOf,rc:PersonalWatercraft
rc:Rowboat,rdfs:subClassOf,owl:Thing
rc:Syria,rdfs:subClassOf,rc:ArabWorld
rc:Syria,rdfs:subClassOf,owl:Thing
rc:TexasInterconnectedSystem_ElectricPowerGrid,rdfs:subClassOf,rc:ElectricPowerGrid
rc:TexasInterconnectedSystem_ElectricPowerGrid,rdfs:subClassOf,owl:Thing
rc:SouthernCaliforniaFreeway,rdfs:subClassOf,rc:Freeway
rc:SouthernCaliforniaFreeway,rdfs:subClassOf,owl:Thing
rc:Indiana_State,rdfs:subClassOf,rc:State_UnitedStates
rc:Indiana_State,rdfs:subClassOf,owl:Thing
rc:Majorca_Island,rdfs:subClassOf,rc:Island
rc:Majorca_Island,rdfs:subClassOf,owl:Thing
rc:LuhaiClassDestroyer,rdfs:subClassOf,rc:Destroyer
rc:LuhaiClassDestroyer,rdfs:subClassOf,rc:MissileWatercraft_Surface
rc:LuhaiClassDestroyer,rdfs:subClassOf,rc:TorpedoWatercraft_Surface
rc:LuhaiClassDestroyer,rdfs:subClassOf,owl:Thing
rc:SiltBasedFinesSoilRegion,rdfs:subClassOf,rc:CoarseGrainedWithFinesSoilRegion
rc:SiltBasedFinesSoilRegion,rdfs:subClassOf,owl:Thing
rc:EasternSamar_ProvincePhilippines,rdfs:subClassOf,rc:Province_Philippines
rc:EasternSamar_ProvincePhilippines,rdfs:subClassOf,owl:Thing
rc:HuangHeRiver,rdfs:subClassOf,rc:River
rc:HuangHeRiver,rdfs:subClassOf,owl:Thing
rc:Chamaeleon_Constellation,rdfs:subClassOf,rc:Constellation
rc:Chamaeleon_Constellation,rdfs:subClassOf,owl:Thing
rc:Tapoa_ProvinceBurkinaFaso,rdfs:subClassOf,rc:Province_BurkinaFaso
rc:Tapoa_ProvinceBurkinaFaso,rdfs:subClassOf,owl:Thing
rc:Municipality_Slovenia,rdfs:subClassOf,rc:MunicipalityByCountry
rc:Municipality_Slovenia,rdfs:subClassOf,owl:Thing
rc:Zhejiang_ProvinceChina,rdfs:subClassOf,rc:ChineseProvince
rc:Zhejiang_ProvinceChina,rdfs:subClassOf,owl:Thing
rc:Dinghy,rdfs:subClassOf,rc:Rowboat
rc:Dinghy,rdfs:subClassOf,owl:Thing
rc:Frigate,rdfs:subClassOf,rc:ModernFrigate
rc:Frigate,rdfs:subClassOf,owl:Thing
rc:DividedPath,rdfs:subClassOf,rc:PathArtifact_Area
rc:DividedPath,rdfs:subClassOf,owl:Thing
rc:PrefabricatedEmergencyBuildingStructure,rdfs:subClassOf,rc:PrefabricatedBuildingStructure
rc:PrefabricatedEmergencyBuildingStructure,rdfs:subClassOf,owl:Thing
rc:Lion_classBattleship,rdfs:subClassOf,rc:Battleship
rc:Lion_classBattleship,rdfs:subClassOf,owl:Thing
rc:District_Cambodia,rdfs:subClassOf,rc:SecondOrderAdministrativeDivision
rc:District_Cambodia,rdfs:subClassOf,owl:Thing
rc:Nursery_BabysRoom,rdfs:subClassOf,rc:RoomInAConstruction
rc:Nursery_BabysRoom,rdfs:subClassOf,owl:Thing
rc:Curacao,rdfs:subClassOf,rc:Island
rc:Curacao,rdfs:subClassOf,rc:NetherlandsAntilles
rc:Curacao,rdfs:subClassOf,owl:Thing
rc:Ballroom,rdfs:subClassOf,rc:RoomInAConstruction
rc:Ballroom,rdfs:subClassOf,owl:Thing
rc:UralMountains,rdfs:subClassOf,rc:MountainRange
rc:UralMountains,rdfs:subClassOf,owl:Thing
rc:Karnataka,rdfs:subClassOf,rc:State_India
rc:Karnataka,rdfs:subClassOf,owl:Thing
rc:Shelter,rdfs:subClassOf,rc:PrefabricatedEmergencyBuildingStructure
rc:Shelter,rdfs:subClassOf,owl:Thing
rc:Interstate55,rdfs:subClassOf,rc:InterstateHighway
rc:Interstate55,rdfs:subClassOf,owl:Thing
rc:Hiyo_classAircraftCarrier,rdfs:subClassOf,rc:AircraftCarrier
rc:Hiyo_classAircraftCarrier,rdfs:subClassOf,owl:Thing
rc:AmphibiousCargoShip,rdfs:subClassOf,rc:AmphibiousWarfareShip
rc:AmphibiousCargoShip,rdfs:subClassOf,owl:Thing
rc:Kadiogo_ProvinceBurkinaFaso,rdfs:subClassOf,rc:Province_BurkinaFaso
rc:Kadiogo_ProvinceBurkinaFaso,rdfs:subClassOf,owl:Thing
rc:SportsGround,rdfs:subClassOf,rc:SportHealthBuildingStructure
rc:SportsGround,rdfs:subClassOf,owl:Thing
rc:Koszalin_ProvincePoland,rdfs:subClassOf,rc:Province_Poland
rc:Koszalin_ProvincePoland,rdfs:subClassOf,owl:Thing
rc:Railway_Siding,rdfs:subClassOf,rc:Railway
rc:Railway_Siding,rdfs:subClassOf,owl:Thing
rc:ShoppingCenter,rdfs:subClassOf,rc:CommercialBuilding
rc:ShoppingCenter,rdfs:subClassOf,owl:Thing
rc:Houet_ProvinceBurkinaFaso,rdfs:subClassOf,rc:Province_BurkinaFaso
rc:Houet_ProvinceBurkinaFaso,rdfs:subClassOf,owl:Thing
rc:ProtectedAreasOnTheMississippiRiver,rdfs:subClassOf,rc:MississippiRiver
rc:ProtectedAreasOnTheMississippiRiver,rdfs:subClassOf,rc:ProtectedArea
rc:ProtectedAreasOnTheMississippiRiver,rdfs:subClassOf,owl:Thing
rc:CoastalRegion,rdfs:subClassOf,rc:EcologicalRegion
rc:CoastalRegion,rdfs:subClassOf,owl:Thing
rc:WaterMain,rdfs:subClassOf,rc:WaterSupplyNetwork
rc:WaterMain,rdfs:subClassOf,owl:Thing
rc:NuclearGuidedMissileCruiser,rdfs:subClassOf,rc:Cruiser
rc:NuclearGuidedMissileCruiser,rdfs:subClassOf,rc:MissileWatercraft_Surface
rc:NuclearGuidedMissileCruiser,rdfs:subClassOf,owl:Thing
rc:Selsaviet_Belarus,rdfs:subClassOf,rc:ThirdOrderAdministrativeDivision
rc:Selsaviet_Belarus,rdfs:subClassOf,owl:Thing
rc:Hurghada,rdfs:subClassOf,rc:City
rc:Hurghada,rdfs:subClassOf,owl:Thing
rc:Takev_ProvinceCambodia,rdfs:subClassOf,rc:Province_Cambodia
rc:Takev_ProvinceCambodia,rdfs:subClassOf,owl:Thing
rc:UralRiver,rdfs:subClassOf,rc:River
rc:UralRiver,rdfs:subClassOf,owl:Thing
rc:Niger,rdfs:subClassOf,rc:Country
rc:Niger,rdfs:subClassOf,owl:Thing
rc:GoalScoringRegion,rdfs:subClassOf,rc:SportsGround
rc:GoalScoringRegion,rdfs:subClassOf,rc:SportsPlayingArea
rc:GoalScoringRegion,rdfs:subClassOf,owl:Thing
rc:Bunker,rdfs:subClassOf,rc:FortificationByType
rc:Bunker,rdfs:subClassOf,rc:MilitaryFacility
rc:Bunker,rdfs:subClassOf,rc:Shelter
rc:Bunker,rdfs:subClassOf,rc:Underground
rc:Bunker,rdfs:subClassOf,owl:Thing
rc:Plock_ProvincePoland,rdfs:subClassOf,rc:Province_Poland
rc:Plock_ProvincePoland,rdfs:subClassOf,owl:Thing
rc:Municipality_Sweden,rdfs:subClassOf,rc:MunicipalityByCountry
rc:Municipality_Sweden,rdfs:subClassOf,owl:Thing
rc:PrivateRoom,rdfs:subClassOf,rc:PatientRoom
rc:PrivateRoom,rdfs:subClassOf,owl:Thing
rc:StorageFacility,rdfs:subClassOf,rc:TransportBuildingStructure
rc:StorageFacility,rdfs:subClassOf,owl:Thing
rc:WestVlaanderen_ProvinceBelgium,rdfs:subClassOf,rc:Province_Belgium
rc:WestVlaanderen_ProvinceBelgium,rdfs:subClassOf,owl:Thing
rc:Relizane_ProvinceAlgeria,rdfs:subClassOf,rc:Province_Algeria
rc:Relizane_ProvinceAlgeria,rdfs:subClassOf,owl:Thing
rc:StormyArea,rdfs:subClassOf,rc:AdverseWeatherArea
rc:StormyArea,rdfs:subClassOf,rc:CloudyArea
rc:StormyArea,rdfs:subClassOf,owl:Thing
rc:Shelf,rdfs:subClassOf,rc:StorageConstructInABuilding
rc:Shelf,rdfs:subClassOf,owl:Thing
rc:FootballGoalPost_ScoringRegion,rdfs:subClassOf,rc:GoalScoringRegion
rc:FootballGoalPost_ScoringRegion,rdfs:subClassOf,owl:Thing
rc:DenmarkConstituency,rdfs:subClassOf,rc:Constituency
rc:DenmarkConstituency,rdfs:subClassOf,owl:Thing
rc:AtmosphericLayer,rdfs:subClassOf,rc:Atmosphere
rc:AtmosphericLayer,rdfs:subClassOf,owl:Thing
rc:SintMaarten,rdfs:subClassOf,rc:NetherlandsAntilles
rc:SintMaarten,rdfs:subClassOf,rc:NetherlandsAntillesSaintMaartenSubregion
rc:SintMaarten,rdfs:subClassOf,owl:Thing
rc:Town,rdfs:subClassOf,rc:City
rc:Town,rdfs:subClassOf,owl:Thing
rc:LakeBed,rdfs:subClassOf,rc:EcologicalRegion
rc:LakeBed,rdfs:subClassOf,owl:Thing
rc:ColumnarBasalt,rdfs:subClassOf,rc:Basalt
rc:ColumnarBasalt,rdfs:subClassOf,owl:Thing
rc:CommandShip,rdfs:subClassOf,rc:ModernNavalShip
rc:CommandShip,rdfs:subClassOf,owl:Thing
rc:ArmoredVehicleLaunchedBridge_Low,rdfs:subClassOf,rc:BridgeWithArmoredVehicle
rc:ArmoredVehicleLaunchedBridge_Low,rdfs:subClassOf,owl:Thing
rc:Yatenga_ProvinceBurkinaFaso,rdfs:subClassOf,rc:Province_BurkinaFaso
rc:Yatenga_ProvinceBurkinaFaso,rdfs:subClassOf,owl:Thing
rc:UkrainianSpeakingCountryOrTerritory,rdfs:subClassOf,rc:LanguageSpeakingCountryOrTerritory
rc:UkrainianSpeakingCountryOrTerritory,rdfs:subClassOf,owl:Thing
rc:Caelum_Constellation,rdfs:subClassOf,rc:Constellation
rc:Caelum_Constellation,rdfs:subClassOf,owl:Thing
rc:MarshallIslands_TheNation,rdfs:subClassOf,rc:Country
rc:MarshallIslands_TheNation,rdfs:subClassOf,owl:Thing
rc:Mauritania,rdfs:subClassOf,rc:ArabWorld
rc:Mauritania,rdfs:subClassOf,owl:Thing
rc:Mantel,rdfs:subClassOf,rc:Shelf
rc:Mantel,rdfs:subClassOf,owl:Thing
rc:VehicleStorageConstruct,rdfs:subClassOf,rc:HumanlyOccupiedSpatialObject
rc:VehicleStorageConstruct,rdfs:subClassOf,rc:StorageFacility
rc:VehicleStorageConstruct,rdfs:subClassOf,owl:Thing
rc:Serbia,rdfs:subClassOf,rc:Country
rc:Serbia,rdfs:subClassOf,owl:Thing
rc:Railway_StandardGauge,rdfs:subClassOf,rc:Railway
rc:Railway_StandardGauge,rdfs:subClassOf,owl:Thing
rc:CityGate,rdfs:subClassOf,rc:Gate
rc:CityGate,rdfs:subClassOf,owl:Thing
rc:PigFarm,rdfs:subClassOf,rc:LivestockFarm
rc:PigFarm,rdfs:subClassOf,owl:Thing
rc:RomanUnderworld,rdfs:subClassOf,rc:Hell
rc:RomanUnderworld,rdfs:subClassOf,owl:Thing
rc:SiltSoilRegion,rdfs:subClassOf,rc:InorganicSoilRegion
rc:SiltSoilRegion,rdfs:subClassOf,rc:LowPlasticitySoilRegion
rc:SiltSoilRegion,rdfs:subClassOf,rc:SiltySoilRegion
rc:SiltSoilRegion,rdfs:subClassOf,owl:Thing
rc:Indiana_classBattleship,rdfs:subClassOf,rc:PreDreadnoughtBattleship
rc:Indiana_classBattleship,rdfs:subClassOf,owl:Thing
rc:MarianaIslands,rdfs:subClassOf,rc:Archipelago
rc:MarianaIslands,rdfs:subClassOf,owl:Thing
rc:Michigan_State,rdfs:subClassOf,rc:State_UnitedStates
rc:Michigan_State,rdfs:subClassOf,owl:Thing
rc:MeetingSpace,rdfs:subClassOf,rc:PersonAssemblyRoom
rc:MeetingSpace,rdfs:subClassOf,owl:Thing
rc:GeographicalSpaceRegion,rdfs:subClassOf,rc:GeographicalRegion
rc:GeographicalSpaceRegion,rdfs:subClassOf,owl:Thing
rc:Rubicon_Creek,rdfs:subClassOf,rc:Creek
rc:Rubicon_Creek,rdfs:subClassOf,owl:Thing
rc:Pond,rdfs:subClassOf,rc:BodyOfWater_Area
rc:Pond,rdfs:subClassOf,owl:Thing
rc:FrameForPictureOrMirror,rdfs:subClassOf,rc:FurniturePart
rc:FrameForPictureOrMirror,rdfs:subClassOf,owl:Thing
rc:MediterraneanScrub,rdfs:subClassOf,rc:BiomeType
rc:MediterraneanScrub,rdfs:subClassOf,owl:Thing
rc:Latvia,rdfs:subClassOf,rc:EasternEuropeanCountry
rc:Latvia,rdfs:subClassOf,owl:Thing
rc:GwardiaKoszalin,rdfs:subClassOf,rc:Koszalin_ProvincePoland
rc:GwardiaKoszalin,rdfs:subClassOf,owl:Thing
rc:MouseButton,rdfs:subClassOf,rc:ElectricalButton
rc:MouseButton,rdfs:subClassOf,owl:Thing
rc:KarnatakaLegislativeAssemblyConstituency,rdfs:subClassOf,rc:Constituency
rc:KarnatakaLegislativeAssemblyConstituency,rdfs:subClassOf,owl:Thing
rc:AircraftHangar,rdfs:subClassOf,rc:TransportFacility
rc:AircraftHangar,rdfs:subClassOf,rc:VehicleStorageConstruct
rc:AircraftHangar,rdfs:subClassOf,owl:Thing
rc:InksDam,rdfs:subClassOf,rc:FederallyOwnedDam
rc:InksDam,rdfs:subClassOf,owl:Thing
rc:OxbowLake,rdfs:subClassOf,rc:FreshWaterLake
rc:OxbowLake,rdfs:subClassOf,owl:Thing
rc:CamarinesNorte_ProvincePhilippines,rdfs:subClassOf,rc:Province_Philippines
rc:CamarinesNorte_ProvincePhilippines,rdfs:subClassOf,owl:Thing
rc:District_China,rdfs:subClassOf,rc:AdministrativeDistrict
rc:District_China,rdfs:subClassOf,owl:Thing
rc:ConferenceRoom,rdfs:subClassOf,rc:MeetingSpace
rc:ConferenceRoom,rdfs:subClassOf,owl:Thing
rc:AirApproach,rdfs:subClassOf,rc:GeographicalSpaceRegion
rc:AirApproach,rdfs:subClassOf,owl:Thing
rc:Frigate_SailingShip,rdfs:subClassOf,rc:SailingWarship
rc:Frigate_SailingShip,rdfs:subClassOf,owl:Thing
rc:RVPark,rdfs:subClassOf,rc:LeisureFacility
rc:RVPark,rdfs:subClassOf,owl:Thing
rc:SouthAmericanCountry,rdfs:subClassOf,rc:IndependentCountry
rc:SouthAmericanCountry,rdfs:subClassOf,owl:Thing
rc:Interstate57,rdfs:subClassOf,rc:InterstateHighway
rc:Interstate57,rdfs:subClassOf,owl:Thing
rc:SkiResort_Attraction,rdfs:subClassOf,rc:ResortFacility
rc:SkiResort_Attraction,rdfs:subClassOf,owl:Thing
rc:SiltyGravelSoilRegion,rdfs:subClassOf,rc:GravellySoilRegion
rc:SiltyGravelSoilRegion,rdfs:subClassOf,rc:SiltBasedFinesSoilRegion
rc:SiltyGravelSoilRegion,rdfs:subClassOf,owl:Thing
rc:FoggyArea,rdfs:subClassOf,rc:AdverseWeatherArea
rc:FoggyArea,rdfs:subClassOf,rc:CompletelyCloudCoveredArea
rc:FoggyArea,rdfs:subClassOf,owl:Thing
rc:Curb,rdfs:subClassOf,rc:TransportFacility
rc:Curb,rdfs:subClassOf,owl:Thing
rc:RhineRiver,rdfs:subClassOf,rc:River
rc:RhineRiver,rdfs:subClassOf,owl:Thing
rc:Tar,rdfs:subClassOf,rc:FossilFuel
rc:Tar,rdfs:subClassOf,owl:Thing
rc:CrusaderState,rdfs:subClassOf,rc:State_Geopolitical
rc:CrusaderState,rdfs:subClassOf,owl:Thing
rc:Deep_Undersea,rdfs:subClassOf,rc:UnderwaterLocation
rc:Deep_Undersea,rdfs:subClassOf,owl:Thing
rc:Spring_WaterSource,rdfs:subClassOf,rc:BodyOfWater_Flowing
rc:Spring_WaterSource,rdfs:subClassOf,owl:Thing
rc:Apus_Constellation,rdfs:subClassOf,rc:Constellation
rc:Apus_Constellation,rdfs:subClassOf,owl:Thing
rc:Jijel_ProvinceAlgeria,rdfs:subClassOf,rc:Province_Algeria
rc:Jijel_ProvinceAlgeria,rdfs:subClassOf,owl:Thing
rc:ModerateThunderstormArea,rdfs:subClassOf,rc:ModerateRainArea
rc:ModerateThunderstormArea,rdfs:subClassOf,rc:StormyArea
rc:ModerateThunderstormArea,rdfs:subClassOf,owl:Thing
rc:JammuAndKashmir,rdfs:subClassOf,rc:State_India
rc:JammuAndKashmir,rdfs:subClassOf,owl:Thing
rc:Houjian_FastAttackCraft,rdfs:subClassOf,rc:FastAttackCraft_Gun
rc:Houjian_FastAttackCraft,rdfs:subClassOf,rc:FastAttackCraft_Patrol
rc:Houjian_FastAttackCraft,rdfs:subClassOf,owl:Thing
rc:Preussen_classIronclad,rdfs:subClassOf,rc:IroncladWarship
rc:Preussen_classIronclad,rdfs:subClassOf,owl:Thing
rc:InksLake,rdfs:subClassOf,rc:WaterReservoir
rc:InksLake,rdfs:subClassOf,owl:Thing
rc:NigerInlandDelta,rdfs:subClassOf,rc:NigerRiver
rc:NigerInlandDelta,rdfs:subClassOf,owl:Thing
rc:District_CostaRica,rdfs:subClassOf,rc:AdministrativeDistrict
rc:District_CostaRica,rdfs:subClassOf,owl:Thing
rc:CoastalTownInAbruzzo,rdfs:subClassOf,rc:Town
rc:CoastalTownInAbruzzo,rdfs:subClassOf,owl:Thing
rc:Kerman_ProvinceIran,rdfs:subClassOf,rc:Province_Iran
rc:Kerman_ProvinceIran,rdfs:subClassOf,owl:Thing
rc:PohnpeiIsland_Micronesia,rdfs:subClassOf,rc:Island_Micronesia_FederatedStatesOf
rc:PohnpeiIsland_Micronesia,rdfs:subClassOf,owl:Thing
rc:Corvo_Island,rdfs:subClassOf,rc:Island
rc:Corvo_Island,rdfs:subClassOf,owl:Thing
rc:GloucesterCountyVirginia,rdfs:subClassOf,rc:USCounty
rc:GloucesterCountyVirginia,rdfs:subClassOf,owl:Thing
rc:Jilin_ProvinceChina,rdfs:subClassOf,rc:ChineseProvince
rc:Jilin_ProvinceChina,rdfs:subClassOf,owl:Thing
rc:StatelineNevada,rdfs:subClassOf,rc:CensusDesignatedPlace
rc:StatelineNevada,rdfs:subClassOf,owl:Thing
rc:Chlef_ProvinceAlgeria,rdfs:subClassOf,rc:Province_Algeria
rc:Chlef_ProvinceAlgeria,rdfs:subClassOf,owl:Thing
rc:AmphibiousCommandShip,rdfs:subClassOf,rc:CommandShip
rc:AmphibiousCommandShip,rdfs:subClassOf,owl:Thing
rc:Okinawa_Island,rdfs:subClassOf,rc:Island
rc:Okinawa_Island,rdfs:subClassOf,owl:Thing
rc:Farm,rdfs:subClassOf,rc:AgriculturalLand
rc:Farm,rdfs:subClassOf,owl:Thing
rc:SurfingLocation,rdfs:subClassOf,rc:SportsPlayingArea
rc:SurfingLocation,rdfs:subClassOf,owl:Thing
rc:Dingyuan_classIronclad,rdfs:subClassOf,rc:IroncladWarship
rc:Dingyuan_classIronclad,rdfs:subClassOf,owl:Thing
rc:CamarinesSur_ProvincePhilippines,rdfs:subClassOf,rc:Province_Philippines
rc:CamarinesSur_ProvincePhilippines,rdfs:subClassOf,owl:Thing
rc:Bathroom_Home,rdfs:subClassOf,rc:Bathroom
rc:Bathroom_Home,rdfs:subClassOf,owl:Thing
rc:MercedCountyCalifornia,rdfs:subClassOf,rc:NorthernCalifornia
rc:MercedCountyCalifornia,rdfs:subClassOf,owl:Thing
rc:IsraeliSettlement,rdfs:subClassOf,rc:Village
rc:IsraeliSettlement,rdfs:subClassOf,owl:Thing
rc:Municipality_Switzerland,rdfs:subClassOf,rc:MunicipalityByCountry
rc:Municipality_Switzerland,rdfs:subClassOf,owl:Thing
rc:LakeBuchanan,rdfs:subClassOf,rc:WaterReservoir
rc:LakeBuchanan,rdfs:subClassOf,owl:Thing
rc:SandyBeach_Recreational,rdfs:subClassOf,rc:SandyBeach
rc:SandyBeach_Recreational,rdfs:subClassOf,owl:Thing
rc:NeoshoRiver,rdfs:subClassOf,rc:River
rc:NeoshoRiver,rdfs:subClassOf,owl:Thing
rc:Interstate59,rdfs:subClassOf,rc:InterstateHighway
rc:Interstate59,rdfs:subClassOf,owl:Thing
rc:LoireRiver,rdfs:subClassOf,rc:River
rc:LoireRiver,rdfs:subClassOf,owl:Thing
rc:RhineMeuseScheldtDelta,rdfs:subClassOf,rc:RhineRiver
rc:RhineMeuseScheldtDelta,rdfs:subClassOf,owl:Thing
rc:BotanicalGardensInTheCaymanIslands,rdfs:subClassOf,rc:BotanicalGarden
rc:BotanicalGardensInTheCaymanIslands,rdfs:subClassOf,owl:Thing
rc:MunicipalityByCountry,rdfs:subClassOf,rc:Municipality
rc:MunicipalityByCountry,rdfs:subClassOf,owl:Thing
rc:Motorcade,rdfs:subClassOf,rc:Convoy
rc:Motorcade,rdfs:subClassOf,owl:Thing
rc:Municipality_Tunisia,rdfs:subClassOf,rc:MunicipalityByCountry
rc:Municipality_Tunisia,rdfs:subClassOf,owl:Thing
rc:Niue_Island,rdfs:subClassOf,rc:Island
rc:Niue_Island,rdfs:subClassOf,owl:Thing
rc:SalvageShip,rdfs:subClassOf,rc:ModernNavalShip
rc:SalvageShip,rdfs:subClassOf,owl:Thing
rc:RomanceCountryOrTerritory,rdfs:subClassOf,rc:Country
rc:RomanceCountryOrTerritory,rdfs:subClassOf,owl:Thing
rc:MonState,rdfs:subClassOf,rc:GeopoliticalRegion
rc:MonState,rdfs:subClassOf,owl:Thing
rc:ShoppingDistrict,rdfs:subClassOf,rc:UrbanArea
rc:ShoppingDistrict,rdfs:subClassOf,owl:Thing
rc:AdministrativeCommunity_Bavaria,rdfs:subClassOf,rc:MunicipalityByCountry
rc:AdministrativeCommunity_Bavaria,rdfs:subClassOf,owl:Thing
rc:TownInProvence,rdfs:subClassOf,rc:Provence
rc:TownInProvence,rdfs:subClassOf,rc:Town
rc:TownInProvence,rdfs:subClassOf,owl:Thing
rc:ArabicSpeakingCountryOrTerritory,rdfs:subClassOf,rc:ArabWorld
rc:ArabicSpeakingCountryOrTerritory,rdfs:subClassOf,rc:LanguageSpeakingCountryOrTerritory
rc:ArabicSpeakingCountryOrTerritory,rdfs:subClassOf,owl:Thing
rc:AsSulaymaniyahProvinceIraq,rdfs:subClassOf,rc:Province_Iraq
rc:AsSulaymaniyahProvinceIraq,rdfs:subClassOf,owl:Thing
rc:Satsuma_classBattleship,rdfs:subClassOf,rc:Dreadnought
rc:Satsuma_classBattleship,rdfs:subClassOf,owl:Thing
rc:MediterraneanSea,rdfs:subClassOf,rc:Sea
rc:MediterraneanSea,rdfs:subClassOf,owl:Thing
rc:DepthContour,rdfs:subClassOf,rc:ContourLine
rc:DepthContour,rdfs:subClassOf,rc:UnderwaterLocation
rc:DepthContour,rdfs:subClassOf,owl:Thing
rc:CountyFlagsOfTheUnitedKingdom,rdfs:subClassOf,rc:County_Britain
rc:CountyFlagsOfTheUnitedKingdom,rdfs:subClassOf,owl:Thing
rc:Argentina,rdfs:subClassOf,rc:SouthAmericanCountry
rc:Argentina,rdfs:subClassOf,owl:Thing
rc:TexasPanhandle,rdfs:subClassOf,rc:Southwest_USRegion
rc:TexasPanhandle,rdfs:subClassOf,owl:Thing
rc:HandicapAccessibleBuilding,rdfs:subClassOf,rc:Building
rc:HandicapAccessibleBuilding,rdfs:subClassOf,owl:Thing
rc:ColdSpring,rdfs:subClassOf,rc:Spring_WaterSource
rc:ColdSpring,rdfs:subClassOf,owl:Thing
rc:Province_Burundi,rdfs:subClassOf,rc:Province
rc:Province_Burundi,rdfs:subClassOf,owl:Thing
rc:FairWeather_PathArtifact,rdfs:subClassOf,rc:PathArtifact_Area
rc:FairWeather_PathArtifact,rdfs:subClassOf,owl:Thing
rc:Lake,rdfs:subClassOf,rc:BodyOfWater_Area
rc:Lake,rdfs:subClassOf,owl:Thing
rc:VolcanicAsh,rdfs:subClassOf,rc:Volcano
rc:VolcanicAsh,rdfs:subClassOf,owl:Thing
rc:Mailroom,rdfs:subClassOf,rc:RoomInAConstruction
rc:Mailroom,rdfs:subClassOf,owl:Thing
rc:Neosho_classMonitor,rdfs:subClassOf,rc:Monitor
rc:Neosho_classMonitor,rdfs:subClassOf,owl:Thing
rc:BankSpace,rdfs:subClassOf,rc:MultiRoomUnit
rc:BankSpace,rdfs:subClassOf,owl:Thing
rc:Geologic_formation,rdfs:subClassOf,rc:TopographicalFeature
rc:Geologic_formation,rdfs:subClassOf,owl:Thing
rc:Bedroom,rdfs:subClassOf,rc:RoomInAConstruction
rc:Bedroom,rdfs:subClassOf,owl:Thing
rc:FederalCongressionalDistrict,rdfs:subClassOf,rc:CongressionalDistrict
rc:FederalCongressionalDistrict,rdfs:subClassOf,owl:Thing
rc:PigPen,rdfs:subClassOf,rc:AnimalPen
rc:PigPen,rdfs:subClassOf,owl:Thing
rc:Bubanza_ProvinceBurundi,rdfs:subClassOf,rc:Province_Burundi
rc:Bubanza_ProvinceBurundi,rdfs:subClassOf,owl:Thing
rc:FixedTerrainGeologicalRegion,rdfs:subClassOf,rc:OutdoorLocation
rc:FixedTerrainGeologicalRegion,rdfs:subClassOf,owl:Thing
rc:Place_Informational,rdfs:subClassOf,rc:GeographicalPlace_POI
rc:Place_Informational,rdfs:subClassOf,owl:Thing
rc:District_DhiQarProvince,rdfs:subClassOf,rc:DhiQarProvinceIraq
rc:District_DhiQarProvince,rdfs:subClassOf,rc:District
rc:District_DhiQarProvince,rdfs:subClassOf,owl:Thing
rc:Mila_ProvinceAlgeria,rdfs:subClassOf,rc:Province_Algeria
rc:Mila_ProvinceAlgeria,rdfs:subClassOf,owl:Thing
rc:SkiSlope,rdfs:subClassOf,rc:SkiSportsArea
rc:SkiSlope,rdfs:subClassOf,rc:Slope_Topographical
rc:SkiSlope,rdfs:subClassOf,owl:Thing
rc:InlandEmpireCalifornia,rdfs:subClassOf,rc:SouthernCalifornia
rc:InlandEmpireCalifornia,rdfs:subClassOf,owl:Thing
rc:Makamba_ProvinceBurundi,rdfs:subClassOf,rc:Province_Burundi
rc:Makamba_ProvinceBurundi,rdfs:subClassOf,owl:Thing
rc:Venezuela,rdfs:subClassOf,rc:SouthAmericanCountry
rc:Venezuela,rdfs:subClassOf,owl:Thing
rc:RegistrationDistrict_Sweden,rdfs:subClassOf,rc:ThirdOrderAdministrativeDivision
rc:RegistrationDistrict_Sweden,rdfs:subClassOf,owl:Thing
rc:Przemysl_ProvincePoland,rdfs:subClassOf,rc:Province_Poland
rc:Przemysl_ProvincePoland,rdfs:subClassOf,owl:Thing
rc:AdministrativeCommunity_Sachsen,rdfs:subClassOf,rc:MunicipalityByCountry
rc:AdministrativeCommunity_Sachsen,rdfs:subClassOf,owl:Thing
rc:Fairgrounds,rdfs:subClassOf,rc:CommercialLandParcel
rc:Fairgrounds,rdfs:subClassOf,rc:OutdoorRecreationArea
rc:Fairgrounds,rdfs:subClassOf,owl:Thing
rc:SoccerStadium,rdfs:subClassOf,rc:Stadium
rc:SoccerStadium,rdfs:subClassOf,owl:Thing
rc:CoastalTownInMontenegro,rdfs:subClassOf,rc:Town
rc:CoastalTownInMontenegro,rdfs:subClassOf,owl:Thing
rc:Equuleus_Constellation,rdfs:subClassOf,rc:Constellation
rc:Equuleus_Constellation,rdfs:subClassOf,owl:Thing
rc:SiltySandSoilRegion,rdfs:subClassOf,rc:SandySoilRegion
rc:SiltySandSoilRegion,rdfs:subClassOf,rc:SiltBasedFinesSoilRegion
rc:SiltySandSoilRegion,rdfs:subClassOf,owl:Thing
rc:CensusDivisionOfOntario,rdfs:subClassOf,rc:CensusDivision
rc:CensusDivisionOfOntario,rdfs:subClassOf,owl:Thing
rc:MovieTheaterSpace,rdfs:subClassOf,rc:HumanHighOccupancyConstruct
rc:MovieTheaterSpace,rdfs:subClassOf,owl:Thing
rc:NigerRiverDelta,rdfs:subClassOf,rc:GulfOfGuinea
rc:NigerRiverDelta,rdfs:subClassOf,rc:NigerRiver
rc:NigerRiverDelta,rdfs:subClassOf,owl:Thing
rc:EnglishCountryHouse,rdfs:subClassOf,rc:Large_DetachedHouse
rc:EnglishCountryHouse,rdfs:subClassOf,owl:Thing
rc:Corvus_Constellation,rdfs:subClassOf,rc:Constellation
rc:Corvus_Constellation,rdfs:subClassOf,owl:Thing
rc:AutonomousCommunity_State_Geopolitical,rdfs:subClassOf,rc:State_Geopolitical
rc:AutonomousCommunity_State_Geopolitical,rdfs:subClassOf,owl:Thing
rc:VenezuelanCoastalRange,rdfs:subClassOf,rc:Andes_Mountains
rc:VenezuelanCoastalRange,rdfs:subClassOf,owl:Thing
rc:Landmark,rdfs:subClassOf,rc:Place_Informational
rc:Landmark,rdfs:subClassOf,rc:TouristAttraction
rc:Landmark,rdfs:subClassOf,owl:Thing
rc:GeographicalHemisphere,rdfs:subClassOf,rc:GeographicalRegion
rc:GeographicalHemisphere,rdfs:subClassOf,owl:Thing
rc:FogoIsland,rdfs:subClassOf,rc:Island
rc:FogoIsland,rdfs:subClassOf,owl:Thing
rc:GovernmentalBuilding,rdfs:subClassOf,rc:Building
rc:GovernmentalBuilding,rdfs:subClassOf,rc:ModernShelterConstruction
rc:GovernmentalBuilding,rdfs:subClassOf,owl:Thing
rc:Interstate64,rdfs:subClassOf,rc:InterstateHighway
rc:Interstate64,rdfs:subClassOf,owl:Thing
rc:Kermanshah_ProvinceIran,rdfs:subClassOf,rc:Province_Iran
rc:Kermanshah_ProvinceIran,rdfs:subClassOf,owl:Thing
rc:EntreRios_ProvinceArgentina,rdfs:subClassOf,rc:Province_Argentina
rc:EntreRios_ProvinceArgentina,rdfs:subClassOf,owl:Thing
rc:SilverwarePiece,rdfs:subClassOf,rc:FoodUtensil
rc:SilverwarePiece,rdfs:subClassOf,owl:Thing
rc:CapeCod,rdfs:subClassOf,rc:Peninsula
rc:CapeCod,rdfs:subClassOf,owl:Thing
rc:MarianasTrench,rdfs:subClassOf,rc:OceanTrench
rc:MarianasTrench,rdfs:subClassOf,owl:Thing
rc:PalmyraAtoll,rdfs:subClassOf,rc:Atoll
rc:PalmyraAtoll,rdfs:subClassOf,owl:Thing
rc:Monument,rdfs:subClassOf,rc:Landmark
rc:Monument,rdfs:subClassOf,owl:Thing
rc:OpenFacility,rdfs:subClassOf,rc:Facility_Construct
rc:OpenFacility,rdfs:subClassOf,owl:Thing
rc:Armory,rdfs:subClassOf,rc:MilitaryFacility
rc:Armory,rdfs:subClassOf,rc:StorageFacility
rc:Armory,rdfs:subClassOf,owl:Thing
rc:OrganicSiltSoilRegion,rdfs:subClassOf,rc:LowPlasticitySoilRegion
rc:OrganicSiltSoilRegion,rdfs:subClassOf,rc:OrganicSoilRegion
rc:OrganicSiltSoilRegion,rdfs:subClassOf,owl:Thing
rc:Reef,rdfs:subClassOf,rc:LandTopographicalFeature
rc:Reef,rdfs:subClassOf,rc:UnderwaterLocation
rc:Reef,rdfs:subClassOf,owl:Thing
rc:NaturalMonument,rdfs:subClassOf,rc:Monument
rc:NaturalMonument,rdfs:subClassOf,owl:Thing
rc:LittleBighornRiver,rdfs:subClassOf,rc:River
rc:LittleBighornRiver,rdfs:subClassOf,owl:Thing
rc:PlovdivOblastBulgaria,rdfs:subClassOf,rc:Province
rc:PlovdivOblastBulgaria,rdfs:subClassOf,owl:Thing
rc:NorthwestCoastSprachbundNorthAmerica,rdfs:subClassOf,rc:LanguageArea
rc:NorthwestCoastSprachbundNorthAmerica,rdfs:subClassOf,owl:Thing
rc:Bathtub,rdfs:subClassOf,rc:Basin
rc:Bathtub,rdfs:subClassOf,rc:HouseholdAttachment
rc:Bathtub,rdfs:subClassOf,owl:Thing
rc:Finland,rdfs:subClassOf,rc:Country
rc:Finland,rdfs:subClassOf,owl:Thing
rc:OfficialResidence,rdfs:subClassOf,rc:HumanResidence
rc:OfficialResidence,rdfs:subClassOf,rc:ResidentialHome
rc:OfficialResidence,rdfs:subClassOf,owl:Thing
rc:ButterKnife,rdfs:subClassOf,rc:SilverwarePiece
rc:ButterKnife,rdfs:subClassOf,owl:Thing
rc:CapeCodCanal,rdfs:subClassOf,rc:Canal
rc:CapeCodCanal,rdfs:subClassOf,owl:Thing
rc:Municipality_Venezuela,rdfs:subClassOf,rc:MunicipalityByCountry
rc:Municipality_Venezuela,rdfs:subClassOf,owl:Thing
rc:BigDipper_Asterism,rdfs:subClassOf,rc:Asterism
rc:BigDipper_Asterism,rdfs:subClassOf,owl:Thing
rc:ColusaCountyCalifornia,rdfs:subClassOf,rc:NorthernCalifornia
rc:ColusaCountyCalifornia,rdfs:subClassOf,owl:Thing
rc:OfficeBuilding,rdfs:subClassOf,rc:ModernShelterConstruction
rc:OfficeBuilding,rdfs:subClassOf,rc:OfficeSpace
rc:OfficeBuilding,rdfs:subClassOf,owl:Thing
rc:LakeChamplain,rdfs:subClassOf,rc:FreshWaterLake
rc:LakeChamplain,rdfs:subClassOf,owl:Thing
rc:County,rdfs:subClassOf,kko:AreaRegion
rc:County,rdfs:subClassOf,owl:Thing
rc:RaProvince,rdfs:subClassOf,rc:VitiLevu_Island
rc:RaProvince,rdfs:subClassOf,owl:Thing
rc:OttawaRiver,rdfs:subClassOf,rc:River
rc:OttawaRiver,rdfs:subClassOf,owl:Thing
rc:West_ProvinceCameroon,rdfs:subClassOf,rc:Province_Cameroon
rc:West_ProvinceCameroon,rdfs:subClassOf,owl:Thing
rc:BedroomCloset,rdfs:subClassOf,rc:Closet
rc:BedroomCloset,rdfs:subClassOf,owl:Thing
rc:DetachedHouse,rdfs:subClassOf,rc:House_Modern
rc:DetachedHouse,rdfs:subClassOf,owl:Thing
rc:ScienceMuseum_Structure,rdfs:subClassOf,rc:MuseumStructure
rc:ScienceMuseum_Structure,rdfs:subClassOf,owl:Thing
rc:BotanicalNaturalMonument,rdfs:subClassOf,rc:NaturalMonument
rc:BotanicalNaturalMonument,rdfs:subClassOf,owl:Thing
rc:Guinea,rdfs:subClassOf,rc:Country
rc:Guinea,rdfs:subClassOf,owl:Thing
rc:TownOnTheDniester,rdfs:subClassOf,rc:Town
rc:TownOnTheDniester,rdfs:subClassOf,owl:Thing
rc:InternationalStrait,rdfs:subClassOf,rc:InternationalWaters
rc:InternationalStrait,rdfs:subClassOf,owl:Thing
rc:Karst,rdfs:subClassOf,rc:Ground
rc:Karst,rdfs:subClassOf,owl:Thing
rc:FreezingArea,rdfs:subClassOf,rc:WeatherArea
rc:FreezingArea,rdfs:subClassOf,owl:Thing
rc:SecondOrderAdministrativeDivision,rdfs:subClassOf,rc:AdministrativeDivision
rc:SecondOrderAdministrativeDivision,rdfs:subClassOf,owl:Thing
rc:Turkmenistan,rdfs:subClassOf,rc:CaspianCountry
rc:Turkmenistan,rdfs:subClassOf,owl:Thing
rc:Asama_classCruiser,rdfs:subClassOf,rc:ArmoredCruiser
rc:Asama_classCruiser,rdfs:subClassOf,owl:Thing
rc:ValDAran,rdfs:subClassOf,rc:Pyrenees_Mountains
rc:ValDAran,rdfs:subClassOf,owl:Thing
rc:CrimeanRepublic,rdfs:subClassOf,rc:FirstOrderAdministrativeDivision
rc:CrimeanRepublic,rdfs:subClassOf,owl:Thing
rc:MilitarySite_Historical,rdfs:subClassOf,rc:HistoricalSite
rc:MilitarySite_Historical,rdfs:subClassOf,owl:Thing
rc:CityHall_Building,rdfs:subClassOf,rc:GovernmentalBuilding
rc:CityHall_Building,rdfs:subClassOf,rc:OfficeBuilding
rc:CityHall_Building,rdfs:subClassOf,owl:Thing
rc:Lawn,rdfs:subClassOf,rc:HumanlyOccupiedSpatialObject
rc:Lawn,rdfs:subClassOf,rc:LandParcel
rc:Lawn,rdfs:subClassOf,rc:OutdoorLocation
rc:Lawn,rdfs:subClassOf,owl:Thing
rc:AutonomousCommunity_Spain,rdfs:subClassOf,rc:AutonomousCommunity_State_Geopolitical
rc:AutonomousCommunity_Spain,rdfs:subClassOf,owl:Thing
rc:StatenIsland,rdfs:subClassOf,rc:City
rc:StatenIsland,rdfs:subClassOf,owl:Thing
rc:FederalCorrectionalFacility,rdfs:subClassOf,rc:CorrectionalFacility
rc:FederalCorrectionalFacility,rdfs:subClassOf,owl:Thing
rc:GeographicalPlace_1D,rdfs:subClassOf,rc:GeographicalLine_Intangible
rc:GeographicalPlace_1D,rdfs:subClassOf,rc:GeographicalSpaceRegion
rc:GeographicalPlace_1D,rdfs:subClassOf,owl:Thing
rc:DacLac_ProvinceVietnam,rdfs:subClassOf,rc:Province_Vietnam
rc:DacLac_ProvinceVietnam,rdfs:subClassOf,owl:Thing
rc:Massawa,rdfs:subClassOf,rc:City
rc:Massawa,rdfs:subClassOf,owl:Thing
rc:Hainaut_ProvinceBelgium,rdfs:subClassOf,rc:Province_Belgium
rc:Hainaut_ProvinceBelgium,rdfs:subClassOf,owl:Thing
rc:CoastalTownInTheMarche,rdfs:subClassOf,rc:Town
rc:CoastalTownInTheMarche,rdfs:subClassOf,owl:Thing
rc:KarstSpring,rdfs:subClassOf,rc:Karst
rc:KarstSpring,rdfs:subClassOf,owl:Thing
rc:DiyalaProvinceIraq,rdfs:subClassOf,rc:Province_Iraq
rc:DiyalaProvinceIraq,rdfs:subClassOf,owl:Thing
rc:ZielonaGora_ProvincePoland,rdfs:subClassOf,rc:Province_Poland
rc:ZielonaGora_ProvincePoland,rdfs:subClassOf,owl:Thing
rc:Rhineland,rdfs:subClassOf,rc:RhineRiver
rc:Rhineland,rdfs:subClassOf,owl:Thing
rc:Chamber,rdfs:subClassOf,rc:RoomInAConstruction
rc:Chamber,rdfs:subClassOf,owl:Thing
rc:Large_DetachedHouse,rdfs:subClassOf,rc:DetachedHouse
rc:Large_DetachedHouse,rdfs:subClassOf,owl:Thing
rc:CoralReef,rdfs:subClassOf,rc:Reef
rc:CoralReef,rdfs:subClassOf,owl:Thing
rc:Fairway,rdfs:subClassOf,rc:GolfingArea
rc:Fairway,rdfs:subClassOf,rc:Lawn
rc:Fairway,rdfs:subClassOf,owl:Thing
rc:CountyOfHainaut,rdfs:subClassOf,rc:Hainaut_ProvinceBelgium
rc:CountyOfHainaut,rdfs:subClassOf,owl:Thing
rc:FreezingFogArea,rdfs:subClassOf,rc:FoggyArea
rc:FreezingFogArea,rdfs:subClassOf,rc:FreezingArea
rc:FreezingFogArea,rdfs:subClassOf,owl:Thing
rc:HeratProvince,rdfs:subClassOf,rc:Khorasan_ProvinceIran
rc:HeratProvince,rdfs:subClassOf,owl:Thing
rc:Timber_FramedHouse,rdfs:subClassOf,rc:House_Country
rc:Timber_FramedHouse,rdfs:subClassOf,owl:Thing
rc:LakeCountyCalifornia,rdfs:subClassOf,rc:NorthernCalifornia
rc:LakeCountyCalifornia,rdfs:subClassOf,owl:Thing
rc:CensusDivisionOfSaskatchewan,rdfs:subClassOf,rc:CensusDivision
rc:CensusDivisionOfSaskatchewan,rdfs:subClassOf,owl:Thing
rc:Interstate65,rdfs:subClassOf,rc:InterstateHighway
rc:Interstate65,rdfs:subClassOf,owl:Thing
rc:SoufriereHillsVolcano_Montserrat,rdfs:subClassOf,rc:Stratovolcano
rc:SoufriereHillsVolcano_Montserrat,rdfs:subClassOf,owl:Thing
rc:HeadwaterReservoir,rdfs:subClassOf,rc:WaterReservoir
rc:HeadwaterReservoir,rdfs:subClassOf,owl:Thing
rc:AxialPoleOfPlanet,rdfs:subClassOf,rc:GeographicalPlace_POI
rc:AxialPoleOfPlanet,rdfs:subClassOf,owl:Thing
rc:Crux_Constellation,rdfs:subClassOf,rc:Constellation
rc:Crux_Constellation,rdfs:subClassOf,owl:Thing
rc:District_DiyalaProvince,rdfs:subClassOf,rc:District
rc:District_DiyalaProvince,rdfs:subClassOf,rc:DiyalaProvinceIraq
rc:District_DiyalaProvince,rdfs:subClassOf,owl:Thing
rc:MozambiqueChannel,rdfs:subClassOf,rc:Channel_BodyOfWaterLink
rc:MozambiqueChannel,rdfs:subClassOf,owl:Thing
rc:FortificationByType,rdfs:subClassOf,rc:Fortification
rc:FortificationByType,rdfs:subClassOf,owl:Thing
rc:ScienceResearchBase,rdfs:subClassOf,rc:ResearchFacility
rc:ScienceResearchBase,rdfs:subClassOf,owl:Thing
rc:Nigeria,rdfs:subClassOf,rc:IndustrializedCountry
rc:Nigeria,rdfs:subClassOf,owl:Thing
rc:ProvingGround,rdfs:subClassOf,rc:MilitaryTerrain
rc:ProvingGround,rdfs:subClassOf,owl:Thing
rc:Kahoolawe_Island_Hawaii,rdfs:subClassOf,rc:Island
rc:Kahoolawe_Island_Hawaii,rdfs:subClassOf,owl:Thing
rc:GilaRiver,rdfs:subClassOf,rc:River
rc:GilaRiver,rdfs:subClassOf,owl:Thing
rc:Severomorsk,rdfs:subClassOf,rc:Town
rc:Severomorsk,rdfs:subClassOf,owl:Thing
rc:Mansion,rdfs:subClassOf,rc:Large_DetachedHouse
rc:Mansion,rdfs:subClassOf,owl:Thing
rc:House,rdfs:subClassOf,rc:PrefabricatedResidentialBuildingStructure
rc:House,rdfs:subClassOf,rc:ResidentialBuilding
rc:House,rdfs:subClassOf,owl:Thing
rc:AmawalkReservoir,rdfs:subClassOf,rc:HeadwaterReservoir
rc:AmawalkReservoir,rdfs:subClassOf,owl:Thing
rc:AxialNorthPoleOfEarth,rdfs:subClassOf,rc:AxialPoleOfPlanet
rc:AxialNorthPoleOfEarth,rdfs:subClassOf,owl:Thing
rc:USCounty,rdfs:subClassOf,rc:County
rc:USCounty,rdfs:subClassOf,rc:SecondOrderAdministrativeDivision
rc:USCounty,rdfs:subClassOf,owl:Thing
rc:Ziggurat,rdfs:subClassOf,rc:PyramidMonument
rc:Ziggurat,rdfs:subClassOf,owl:Thing
rc:Cepheus_Constellation,rdfs:subClassOf,rc:Constellation
rc:Cepheus_Constellation,rdfs:subClassOf,owl:Thing
rc:ShoppingMall,rdfs:subClassOf,rc:ShoppingMallBuilding
rc:ShoppingMall,rdfs:subClassOf,owl:Thing
rc:CarolineIslandsArchipelago,rdfs:subClassOf,rc:Archipelago
rc:CarolineIslandsArchipelago,rdfs:subClassOf,owl:Thing
rc:Aul,rdfs:subClassOf,rc:FortificationByType
rc:Aul,rdfs:subClassOf,owl:Thing
rc:WabashRiver,rdfs:subClassOf,rc:River
rc:WabashRiver,rdfs:subClassOf,owl:Thing
rc:AberdeenProvingGround,rdfs:subClassOf,rc:ProvingGround
rc:AberdeenProvingGround,rdfs:subClassOf,owl:Thing
rc:Continent_Generic,rdfs:subClassOf,rc:LandMass
rc:Continent_Generic,rdfs:subClassOf,owl:Thing
rc:TropicalAndSubtropicalDryBroadleafForest,rdfs:subClassOf,rc:Forest
rc:TropicalAndSubtropicalDryBroadleafForest,rdfs:subClassOf,owl:Thing
rc:Stromboli_Volcano,rdfs:subClassOf,rc:Stratovolcano
rc:Stromboli_Volcano,rdfs:subClassOf,owl:Thing
rc:Indoors_IsolatedFromOutside,rdfs:subClassOf,rc:Place_Situational
rc:Indoors_IsolatedFromOutside,rdfs:subClassOf,owl:Thing
rc:Jizan_EmirateSaudiArabia,rdfs:subClassOf,rc:Province
rc:Jizan_EmirateSaudiArabia,rdfs:subClassOf,owl:Thing
rc:Interstate66,rdfs:subClassOf,rc:InterstateHighway
rc:Interstate66,rdfs:subClassOf,owl:Thing
rc:Continent,rdfs:subClassOf,rc:BodyOfWater_Area
rc:Continent,rdfs:subClassOf,rc:Continent_Generic
rc:Continent,rdfs:subClassOf,owl:Thing
rc:BuonMaThuot,rdfs:subClassOf,rc:DacLac_ProvinceVietnam
rc:BuonMaThuot,rdfs:subClassOf,owl:Thing
rc:Yazd_ProvinceIran,rdfs:subClassOf,rc:Province_Iran
rc:Yazd_ProvinceIran,rdfs:subClassOf,owl:Thing
rc:Brazil,rdfs:subClassOf,rc:SouthAmericanCountry
rc:Brazil,rdfs:subClassOf,owl:Thing
rc:PalaceBuilding,rdfs:subClassOf,rc:Mansion
rc:PalaceBuilding,rdfs:subClassOf,owl:Thing
rc:ApalachicolaRiver,rdfs:subClassOf,rc:River
rc:ApalachicolaRiver,rdfs:subClassOf,owl:Thing
rc:Reach_Topographical,rdfs:subClassOf,rc:BodyOfWater_Area
rc:Reach_Topographical,rdfs:subClassOf,owl:Thing
rc:DrainageArea,rdfs:subClassOf,rc:DrainageBasin
rc:DrainageArea,rdfs:subClassOf,owl:Thing
rc:BrooklynBridge,rdfs:subClassOf,rc:Bridge
rc:BrooklynBridge,rdfs:subClassOf,rc:Landmark
rc:BrooklynBridge,rdfs:subClassOf,owl:Thing
rc:HalfMoonBay_Place,rdfs:subClassOf,rc:Bay
rc:HalfMoonBay_Place,rdfs:subClassOf,owl:Thing
rc:Myeon,rdfs:subClassOf,rc:FourthOrderAdministrativeDivision
rc:Myeon,rdfs:subClassOf,owl:Thing
rc:WabashRiverWatershed,rdfs:subClassOf,rc:WabashRiver
rc:WabashRiverWatershed,rdfs:subClassOf,rc:Watershed
rc:WabashRiverWatershed,rdfs:subClassOf,owl:Thing
rc:WirtzDam,rdfs:subClassOf,rc:FederallyOwnedDam
rc:WirtzDam,rdfs:subClassOf,owl:Thing
rc:Tucana_Constellation,rdfs:subClassOf,rc:Constellation
rc:Tucana_Constellation,rdfs:subClassOf,owl:Thing
rc:Hubei_ProvinceChina,rdfs:subClassOf,rc:ChineseProvince
rc:Hubei_ProvinceChina,rdfs:subClassOf,owl:Thing
rc:MorningsideHeightsManhattan,rdfs:subClassOf,rc:Neighborhood
rc:MorningsideHeightsManhattan,rdfs:subClassOf,rc:NewYorkCity
rc:MorningsideHeightsManhattan,rdfs:subClassOf,owl:Thing
rc:Spur_Topographical,rdfs:subClassOf,rc:MinorTerrainFeature
rc:Spur_Topographical,rdfs:subClassOf,rc:TerrainHighGround
rc:Spur_Topographical,rdfs:subClassOf,owl:Thing
rc:Bhutan,rdfs:subClassOf,rc:Country
rc:Bhutan,rdfs:subClassOf,owl:Thing
rc:BazarutoArchipelago,rdfs:subClassOf,rc:MozambiqueChannel
rc:BazarutoArchipelago,rdfs:subClassOf,owl:Thing
rc:Travertine,rdfs:subClassOf,rc:Stone
rc:Travertine,rdfs:subClassOf,owl:Thing
rc:FrancZone,rdfs:subClassOf,rc:EconomicRegion
rc:FrancZone,rdfs:subClassOf,owl:Thing
rc:OffshoreGasPlatform,rdfs:subClassOf,rc:NaturalGasPlatform
rc:OffshoreGasPlatform,rdfs:subClassOf,owl:Thing
rc:ContinentOfEurasia,rdfs:subClassOf,rc:Continent
rc:ContinentOfEurasia,rdfs:subClassOf,owl:Thing
rc:Town_China,rdfs:subClassOf,rc:ThirdOrderAdministrativeDivision
rc:Town_China,rdfs:subClassOf,owl:Thing
rc:ColvilleRiver,rdfs:subClassOf,rc:River
rc:ColvilleRiver,rdfs:subClassOf,owl:Thing
rc:StatesOfNigeria,rdfs:subClassOf,rc:Nigeria
rc:StatesOfNigeria,rdfs:subClassOf,owl:Thing
rc:Province_Laos,rdfs:subClassOf,rc:Province
rc:Province_Laos,rdfs:subClassOf,owl:Thing
rc:PyreneanThreeThousander,rdfs:subClassOf,rc:Pyrenees_Mountains
rc:PyreneanThreeThousander,rdfs:subClassOf,owl:Thing
rc:EasternUSATimeZone,rdfs:subClassOf,rc:TimeZone_IntegralOffset
rc:EasternUSATimeZone,rdfs:subClassOf,owl:Thing
rc:Swamp,rdfs:subClassOf,rc:Forest
rc:Swamp,rdfs:subClassOf,rc:WetlandRegion
rc:Swamp,rdfs:subClassOf,owl:Thing
rc:DanishSpeakingCountryOrTerritory,rdfs:subClassOf,rc:LanguageSpeakingCountryOrTerritory
rc:DanishSpeakingCountryOrTerritory,rdfs:subClassOf,owl:Thing
rc:PermaFrostRegion,rdfs:subClassOf,rc:BiomeType
rc:PermaFrostRegion,rdfs:subClassOf,owl:Thing
rc:Inlet,rdfs:subClassOf,rc:BodyOfWater_Area
rc:Inlet,rdfs:subClassOf,owl:Thing
rc:Massif,rdfs:subClassOf,rc:Mountain
rc:Massif,rdfs:subClassOf,owl:Thing
rc:Ocean_classIronclad,rdfs:subClassOf,rc:IroncladWarship
rc:Ocean_classIronclad,rdfs:subClassOf,owl:Thing
rc:Herat_ProvinceAfghanistan,rdfs:subClassOf,rc:Province_Afghanistan
rc:Herat_ProvinceAfghanistan,rdfs:subClassOf,owl:Thing
rc:CensusDivisionOfSpain,rdfs:subClassOf,rc:CensusDivision
rc:CensusDivisionOfSpain,rdfs:subClassOf,owl:Thing
rc:HumanOccupationConstructObject,rdfs:subClassOf,rc:Indoors_IsolatedFromOutside
rc:HumanOccupationConstructObject,rdfs:subClassOf,owl:Thing
rc:Aisle_PathArtifact,rdfs:subClassOf,rc:PathArtifact_HumanOccupied
rc:Aisle_PathArtifact,rdfs:subClassOf,rc:SpaceInAHOC
rc:Aisle_PathArtifact,rdfs:subClassOf,owl:Thing
rc:Fjord,rdfs:subClassOf,rc:BodyOfWater_SubRegionsSea
rc:Fjord,rdfs:subClassOf,owl:Thing
rc:SideWall,rdfs:subClassOf,rc:Wall_Vertical
rc:SideWall,rdfs:subClassOf,owl:Thing
rc:AfroEurasia,rdfs:subClassOf,rc:ContinentOfEurasia
rc:AfroEurasia,rdfs:subClassOf,owl:Thing
rc:Everglades,rdfs:subClassOf,rc:Swamp
rc:Everglades,rdfs:subClassOf,owl:Thing
rc:KonTum_ProvinceVietnam,rdfs:subClassOf,rc:Province_Vietnam
rc:KonTum_ProvinceVietnam,rdfs:subClassOf,owl:Thing
rc:PointOfSail,rdfs:subClassOf,rc:Reach_Topographical
rc:PointOfSail,rdfs:subClassOf,owl:Thing
rc:Sanguie_ProvinceBurkinaFaso,rdfs:subClassOf,rc:Province_BurkinaFaso
rc:Sanguie_ProvinceBurkinaFaso,rdfs:subClassOf,owl:Thing
rc:LakeErie,rdfs:subClassOf,rc:BodyOfWater_Large
rc:LakeErie,rdfs:subClassOf,rc:GreatLakes
rc:LakeErie,rdfs:subClassOf,owl:Thing
rc:Tucker_classDestroyer,rdfs:subClassOf,rc:Destroyer
rc:Tucker_classDestroyer,rdfs:subClassOf,owl:Thing
rc:Milestone_Marker,rdfs:subClassOf,rc:PathArtifact_POI
rc:Milestone_Marker,rdfs:subClassOf,owl:Thing
rc:BalmoralCastle,rdfs:subClassOf,rc:OfficialResidence
rc:BalmoralCastle,rdfs:subClassOf,rc:PalaceBuilding
rc:BalmoralCastle,rdfs:subClassOf,owl:Thing
rc:Spur_Topographical_Undersea,rdfs:subClassOf,rc:UnderwaterTopographicalFeature
rc:Spur_Topographical_Undersea,rdfs:subClassOf,owl:Thing
rc:FreezingRainArea,rdfs:subClassOf,rc:FreezingArea
rc:FreezingRainArea,rdfs:subClassOf,rc:RainyArea
rc:FreezingRainArea,rdfs:subClassOf,owl:Thing
rc:OffshoreOilPlatform,rdfs:subClassOf,rc:FixedStructurePlatform
rc:OffshoreOilPlatform,rdfs:subClassOf,owl:Thing
rc:SoukAhras_ProvinceAlgeria,rdfs:subClassOf,rc:Province_Algeria
rc:SoukAhras_ProvinceAlgeria,rdfs:subClassOf,owl:Thing
rc:MindanaoIsland_Philippines,rdfs:subClassOf,rc:Island
rc:MindanaoIsland_Philippines,rdfs:subClassOf,owl:Thing
rc:CimarronRiver,rdfs:subClassOf,rc:River
rc:CimarronRiver,rdfs:subClassOf,owl:Thing
rc:HoChiMinh_ProvinceVietnam,rdfs:subClassOf,rc:Province_Vietnam
rc:HoChiMinh_ProvinceVietnam,rdfs:subClassOf,owl:Thing
rc:Palau,rdfs:subClassOf,rc:Country
rc:Palau,rdfs:subClassOf,owl:Thing
rc:HouseBoat,rdfs:subClassOf,rc:Boat
rc:HouseBoat,rdfs:subClassOf,rc:HumanResidence
rc:HouseBoat,rdfs:subClassOf,owl:Thing
rc:TropicalAndSubtropicalMoistBroadleafForest,rdfs:subClassOf,rc:Forest
rc:TropicalAndSubtropicalMoistBroadleafForest,rdfs:subClassOf,owl:Thing
rc:HouseholdAttachment,rdfs:subClassOf,rc:HumanOccupationConstructObject
rc:HouseholdAttachment,rdfs:subClassOf,owl:Thing
rc:InspectionFacility,rdfs:subClassOf,rc:PublicBuildingStructure
rc:InspectionFacility,rdfs:subClassOf,owl:Thing
rc:CeremonialSite,rdfs:subClassOf,rc:ProtectedArea
rc:CeremonialSite,rdfs:subClassOf,owl:Thing
rc:SydneyOperaHouse,rdfs:subClassOf,rc:OperaHouse
rc:SydneyOperaHouse,rdfs:subClassOf,owl:Thing
rc:CoastsOfTheBalticSea,rdfs:subClassOf,rc:BalticSea
rc:CoastsOfTheBalticSea,rdfs:subClassOf,owl:Thing
rc:Wacht_classAviso,rdfs:subClassOf,rc:Aviso
rc:Wacht_classAviso,rdfs:subClassOf,owl:Thing
rc:Regolith,rdfs:subClassOf,rc:SolidRockyPlanetaryStuff
rc:Regolith,rdfs:subClassOf,owl:Thing
rc:AxialSouthPoleOfEarth,rdfs:subClassOf,rc:AxialPoleOfPlanet
rc:AxialSouthPoleOfEarth,rdfs:subClassOf,owl:Thing
rc:Austria,rdfs:subClassOf,rc:Country
rc:Austria,rdfs:subClassOf,owl:Thing
rc:SaintBarthelemy_Island,rdfs:subClassOf,rc:Island
rc:SaintBarthelemy_Island,rdfs:subClassOf,owl:Thing
rc:Interstate69,rdfs:subClassOf,rc:InterstateHighway
rc:Interstate69,rdfs:subClassOf,owl:Thing
rc:AdministrativeDivision_China,rdfs:subClassOf,rc:AdministrativeDivision_SingleCountry
rc:AdministrativeDivision_China,rdfs:subClassOf,owl:Thing
rc:Bokeo_ProvinceLaos,rdfs:subClassOf,rc:Province_Laos
rc:Bokeo_ProvinceLaos,rdfs:subClassOf,owl:Thing
rc:BorderCheckpointFacility,rdfs:subClassOf,rc:InspectionFacility
rc:BorderCheckpointFacility,rdfs:subClassOf,owl:Thing
rc:Cairn,rdfs:subClassOf,rc:CeremonialSite
rc:Cairn,rdfs:subClassOf,rc:HistoricalSite
rc:Cairn,rdfs:subClassOf,rc:Landmark
rc:Cairn,rdfs:subClassOf,rc:MemorialMarker
rc:Cairn,rdfs:subClassOf,owl:Thing
rc:Nebraska_State,rdfs:subClassOf,rc:State_UnitedStates
rc:Nebraska_State,rdfs:subClassOf,owl:Thing
rc:Guinea_Bissau,rdfs:subClassOf,rc:Country
rc:Guinea_Bissau,rdfs:subClassOf,owl:Thing
rc:CoralSea,rdfs:subClassOf,rc:Sea
rc:CoralSea,rdfs:subClassOf,owl:Thing
rc:Bazega_ProvinceBurkinaFaso,rdfs:subClassOf,rc:Province_BurkinaFaso
rc:Bazega_ProvinceBurkinaFaso,rdfs:subClassOf,owl:Thing
rc:StorageConstructInABuilding,rdfs:subClassOf,rc:HouseholdAttachment
rc:StorageConstructInABuilding,rdfs:subClassOf,owl:Thing
rc:Trawler,rdfs:subClassOf,rc:CommercialFishingBoat
rc:Trawler,rdfs:subClassOf,rc:Ship
rc:Trawler,rdfs:subClassOf,owl:Thing
rc:TypeOfRoad,rdfs:subClassOf,rc:Roadway
rc:TypeOfRoad,rdfs:subClassOf,owl:Thing
rc:Helipad,rdfs:subClassOf,rc:Terminal_TransferPoint
rc:Helipad,rdfs:subClassOf,owl:Thing
rc:VettorPisani_classCruiser,rdfs:subClassOf,rc:Cruiser
rc:VettorPisani_classCruiser,rdfs:subClassOf,owl:Thing
rc:BerberSpeakingCountryOrTerritory,rdfs:subClassOf,rc:LanguageSpeakingCountryOrTerritory
rc:BerberSpeakingCountryOrTerritory,rdfs:subClassOf,owl:Thing
rc:Nepal,rdfs:subClassOf,rc:Country
rc:Nepal,rdfs:subClassOf,owl:Thing
rc:France,rdfs:subClassOf,rc:Country
rc:France,rdfs:subClassOf,owl:Thing
rc:DhiQarProvinceIraq,rdfs:subClassOf,rc:Province_Iraq
rc:DhiQarProvinceIraq,rdfs:subClassOf,owl:Thing
rc:DrainageCanal,rdfs:subClassOf,rc:Canal
rc:DrainageCanal,rdfs:subClassOf,rc:Watercourse
rc:DrainageCanal,rdfs:subClassOf,owl:Thing
rc:ApolimaIsland_WesternSamoa,rdfs:subClassOf,rc:Island
rc:ApolimaIsland_WesternSamoa,rdfs:subClassOf,owl:Thing
rc:Marietta_classMonitor,rdfs:subClassOf,rc:Monitor
rc:Marietta_classMonitor,rdfs:subClassOf,owl:Thing
rc:Town_India,rdfs:subClassOf,rc:Town
rc:Town_India,rdfs:subClassOf,owl:Thing
rc:CoralSeaIslands,rdfs:subClassOf,rc:Archipelago
rc:CoralSeaIslands,rdfs:subClassOf,owl:Thing
rc:Southwest_USRegion,rdfs:subClassOf,rc:WesternUS_Region
rc:Southwest_USRegion,rdfs:subClassOf,owl:Thing
rc:VolcanoIslands,rdfs:subClassOf,rc:BoninIslands
rc:VolcanoIslands,rdfs:subClassOf,owl:Thing
rc:StatesOfTheConfederateStatesOfAmerica,rdfs:subClassOf,rc:ConfederateStatesOfAmerica
rc:StatesOfTheConfederateStatesOfAmerica,rdfs:subClassOf,owl:Thing
rc:SouthernCone_SouthAmerica,rdfs:subClassOf,rc:GeoculturalRegion
rc:SouthernCone_SouthAmerica,rdfs:subClassOf,owl:Thing
rc:District_Ethiopia,rdfs:subClassOf,rc:ThirdOrderAdministrativeDivision
rc:District_Ethiopia,rdfs:subClassOf,owl:Thing
rc:Monaco,rdfs:subClassOf,rc:Country
rc:Monaco,rdfs:subClassOf,rc:State_Geopolitical
rc:Monaco,rdfs:subClassOf,owl:Thing
rc:Heliport_Physical,rdfs:subClassOf,rc:AircraftLandingAndTakeoffFacility
rc:Heliport_Physical,rdfs:subClassOf,rc:PublicTerminal
rc:Heliport_Physical,rdfs:subClassOf,owl:Thing
rc:Poni_ProvinceBurkinaFaso,rdfs:subClassOf,rc:Province_BurkinaFaso
rc:Poni_ProvinceBurkinaFaso,rdfs:subClassOf,owl:Thing
rc:AncientAegina,rdfs:subClassOf,rc:Aegina_Island_Greece
rc:AncientAegina,rdfs:subClassOf,rc:Historical_Region
rc:AncientAegina,rdfs:subClassOf,owl:Thing
rc:BowlBarrow,rdfs:subClassOf,rc:Cairn
rc:BowlBarrow,rdfs:subClassOf,owl:Thing
rc:Mauritius,rdfs:subClassOf,rc:Country
rc:Mauritius,rdfs:subClassOf,owl:Thing
rc:Skierniewice_ProvincePoland,rdfs:subClassOf,rc:Province_Poland
rc:Skierniewice_ProvincePoland,rdfs:subClassOf,owl:Thing
rc:AutonomousRegionInMuslimMindanao,rdfs:subClassOf,rc:MindanaoIsland_Philippines
rc:AutonomousRegionInMuslimMindanao,rdfs:subClassOf,owl:Thing
rc:SyrianDesert,rdfs:subClassOf,rc:Desert
rc:SyrianDesert,rdfs:subClassOf,owl:Thing
rc:MediumEnduranceCutter,rdfs:subClassOf,rc:Cutter_NavalWatercraft
rc:MediumEnduranceCutter,rdfs:subClassOf,owl:Thing
rc:WestTexas,rdfs:subClassOf,rc:Southwest_USRegion
rc:WestTexas,rdfs:subClassOf,owl:Thing
rc:Eurodistrict,rdfs:subClassOf,rc:UrbanArea
rc:Eurodistrict,rdfs:subClassOf,owl:Thing
rc:VilaDoCorvo,rdfs:subClassOf,rc:Municipality
rc:VilaDoCorvo,rdfs:subClassOf,owl:Thing
rc:BankVault,rdfs:subClassOf,rc:RoomInAConstruction
rc:BankVault,rdfs:subClassOf,rc:StorageConstructInABuilding
rc:BankVault,rdfs:subClassOf,owl:Thing
rc:HighVoltageDirectCurrent,rdfs:subClassOf,rc:PowerLine
rc:HighVoltageDirectCurrent,rdfs:subClassOf,owl:Thing
rc:Tobago_WardTrinidadAndTobago,rdfs:subClassOf,rc:FirstOrderAdministrativeDivision
rc:Tobago_WardTrinidadAndTobago,rdfs:subClassOf,owl:Thing
rc:NaturalMonument_CzechRepublic,rdfs:subClassOf,rc:NaturalMonument
rc:NaturalMonument_CzechRepublic,rdfs:subClassOf,owl:Thing
rc:MemberStateOfOPEC,rdfs:subClassOf,rc:MemberState
rc:MemberStateOfOPEC,rdfs:subClassOf,owl:Thing
rc:TorpedoWatercraft_Surface,rdfs:subClassOf,rc:TorpedoArmedCraft
rc:TorpedoWatercraft_Surface,rdfs:subClassOf,owl:Thing
rc:AmericanOldWest,rdfs:subClassOf,rc:WesternUS_Region
rc:AmericanOldWest,rdfs:subClassOf,owl:Thing
rc:HudsonBay,rdfs:subClassOf,rc:BodyOfWater_Large
rc:HudsonBay,rdfs:subClassOf,owl:Thing
rc:WaterPark,rdfs:subClassOf,rc:AmusementPark
rc:WaterPark,rdfs:subClassOf,owl:Thing
rc:KitgumDistrict,rdfs:subClassOf,rc:District
rc:KitgumDistrict,rdfs:subClassOf,owl:Thing
rc:Group_BuildingOrStructure,rdfs:subClassOf,rc:BuildingOrStructure
rc:Group_BuildingOrStructure,rdfs:subClassOf,owl:Thing
rc:FrancescoCaracciolo_classBattleship,rdfs:subClassOf,rc:Battleship
rc:FrancescoCaracciolo_classBattleship,rdfs:subClassOf,owl:Thing
rc:LakeErieCircleTour,rdfs:subClassOf,rc:CircleTour
rc:LakeErieCircleTour,rdfs:subClassOf,owl:Thing
rc:Northwest_ProvinceCameroon,rdfs:subClassOf,rc:Province_Cameroon
rc:Northwest_ProvinceCameroon,rdfs:subClassOf,owl:Thing
rc:Konar_ProvinceAfghanistan,rdfs:subClassOf,rc:Province_Afghanistan
rc:Konar_ProvinceAfghanistan,rdfs:subClassOf,owl:Thing
rc:Valais,rdfs:subClassOf,rc:Canton_Swiss
rc:Valais,rdfs:subClassOf,owl:Thing
rc:CountryCapital,rdfs:subClassOf,rc:CapitalCityOfRegion
rc:CountryCapital,rdfs:subClassOf,owl:Thing
rc:Tarawa,rdfs:subClassOf,rc:GilbertIslands_Kiribati
rc:Tarawa,rdfs:subClassOf,owl:Thing
rc:Town_Japan,rdfs:subClassOf,rc:Municipality
rc:Town_Japan,rdfs:subClassOf,owl:Thing
rc:BritishWindwardIslands,rdfs:subClassOf,rc:Tobago_WardTrinidadAndTobago
rc:BritishWindwardIslands,rdfs:subClassOf,owl:Thing
rc:Apylinke_LithuaniaSSR,rdfs:subClassOf,rc:AdministrativeDistrict
rc:Apylinke_LithuaniaSSR,rdfs:subClassOf,owl:Thing
rc:Grenadines_Islands,rdfs:subClassOf,rc:Archipelago
rc:Grenadines_Islands,rdfs:subClassOf,owl:Thing
rc:Duomo,rdfs:subClassOf,rc:Cathedral
rc:Duomo,rdfs:subClassOf,owl:Thing
rc:IrishRepublic,rdfs:subClassOf,rc:Country
rc:IrishRepublic,rdfs:subClassOf,owl:Thing
rc:FederalElectoralDistrict_Canada,rdfs:subClassOf,rc:ElectoralDistrict
rc:FederalElectoralDistrict_Canada,rdfs:subClassOf,owl:Thing
rc:Tucuman_ProvinceArgentina,rdfs:subClassOf,rc:Province_Argentina
rc:Tucuman_ProvinceArgentina,rdfs:subClassOf,owl:Thing
rc:EvergladesNationalPark,rdfs:subClassOf,rc:NationalPark
rc:EvergladesNationalPark,rdfs:subClassOf,owl:Thing
rc:BrewsterCountyTexas,rdfs:subClassOf,rc:WestTexas
rc:BrewsterCountyTexas,rdfs:subClassOf,owl:Thing
rc:StatesOfTheEastCoastOfTheUnitedStates,rdfs:subClassOf,rc:EastCoast_USRegion
rc:StatesOfTheEastCoastOfTheUnitedStates,rdfs:subClassOf,owl:Thing
rc:Japan,rdfs:subClassOf,rc:Country
rc:Japan,rdfs:subClassOf,owl:Thing
rc:BarentsSea,rdfs:subClassOf,rc:Sea
rc:BarentsSea,rdfs:subClassOf,owl:Thing
rc:VilaDoPorto,rdfs:subClassOf,rc:SantaMaria_Island
rc:VilaDoPorto,rdfs:subClassOf,owl:Thing
rc:Faryab_ProvinceAfghanistan,rdfs:subClassOf,rc:Province_Afghanistan
rc:Faryab_ProvinceAfghanistan,rdfs:subClassOf,owl:Thing
rc:CityOfBonnGermany,rdfs:subClassOf,rc:CountryCapital
rc:CityOfBonnGermany,rdfs:subClassOf,owl:Thing
rc:AsirProvinceSaudiArabia,rdfs:subClassOf,rc:Province
rc:AsirProvinceSaudiArabia,rdfs:subClassOf,owl:Thing
rc:Zimbabwe,rdfs:subClassOf,rc:Country
rc:Zimbabwe,rdfs:subClassOf,owl:Thing
rc:Oklahoma_State,rdfs:subClassOf,rc:State_UnitedStates
rc:Oklahoma_State,rdfs:subClassOf,owl:Thing
rc:SuburbOfNairobi,rdfs:subClassOf,rc:NairobiArea_Kenya
rc:SuburbOfNairobi,rdfs:subClassOf,owl:Thing
rc:MediumGirderBridge,rdfs:subClassOf,rc:Bridge
rc:MediumGirderBridge,rdfs:subClassOf,owl:Thing
rc:MilitaryStorageBunker,rdfs:subClassOf,rc:Bunker
rc:MilitaryStorageBunker,rdfs:subClassOf,rc:MilitaryDepot_Site
rc:MilitaryStorageBunker,rdfs:subClassOf,owl:Thing
rc:LittleCayman_Island,rdfs:subClassOf,rc:Island
rc:LittleCayman_Island,rdfs:subClassOf,owl:Thing
rc:Karuzi_ProvinceBurundi,rdfs:subClassOf,rc:Province_Burundi
rc:Karuzi_ProvinceBurundi,rdfs:subClassOf,owl:Thing
rc:CountySeat,rdfs:subClassOf,rc:CapitalCityOfRegion
rc:CountySeat,rdfs:subClassOf,owl:Thing
rc:Multi_ArchDam,rdfs:subClassOf,rc:Dam
rc:Multi_ArchDam,rdfs:subClassOf,owl:Thing
rc:BroomHandle,rdfs:subClassOf,rc:HumanOccupationConstructObject
rc:BroomHandle,rdfs:subClassOf,owl:Thing
rc:District_FaryabProvince,rdfs:subClassOf,rc:District
rc:District_FaryabProvince,rdfs:subClassOf,rc:Faryab_ProvinceAfghanistan
rc:District_FaryabProvince,rdfs:subClassOf,owl:Thing
rc:Stellenbosch,rdfs:subClassOf,rc:WesternCape_ProvinceSouthAfrica
rc:Stellenbosch,rdfs:subClassOf,owl:Thing
rc:LakeGeneva,rdfs:subClassOf,rc:FreshWaterLake
rc:LakeGeneva,rdfs:subClassOf,owl:Thing
rc:Sewer,rdfs:subClassOf,rc:WasteFacility
rc:Sewer,rdfs:subClassOf,owl:Thing
rc:InternationalWaters,rdfs:subClassOf,rc:BodyOfWater_SubRegionsSea
rc:InternationalWaters,rdfs:subClassOf,owl:Thing
rc:PunjabiSpeakingCountryOrTerritory,rdfs:subClassOf,rc:LanguageSpeakingCountryOrTerritory
rc:PunjabiSpeakingCountryOrTerritory,rdfs:subClassOf,owl:Thing
rc:KitimatRange,rdfs:subClassOf,rc:CoastMountains
rc:KitimatRange,rdfs:subClassOf,owl:Thing
rc:RealEstate,rdfs:subClassOf,rc:RealProperty
rc:RealEstate,rdfs:subClassOf,owl:Thing
rc:Koncar_classMissileBoat,rdfs:subClassOf,rc:MissileWatercraft_Surface
rc:Koncar_classMissileBoat,rdfs:subClassOf,owl:Thing
rc:PrivatelyOwnedPublicSpace,rdfs:subClassOf,rc:RealEstate
rc:PrivatelyOwnedPublicSpace,rdfs:subClassOf,owl:Thing
rc:AdministrativeDivision_France,rdfs:subClassOf,rc:AdministrativeDivision_SingleCountry
rc:AdministrativeDivision_France,rdfs:subClassOf,owl:Thing
rc:Briton_classCorvette,rdfs:subClassOf,rc:Corvette_Ship
rc:Briton_classCorvette,rdfs:subClassOf,owl:Thing
rc:WaddenSea,rdfs:subClassOf,rc:NorthSea
rc:WaddenSea,rdfs:subClassOf,owl:Thing
rc:Gilan_ProvinceIran,rdfs:subClassOf,rc:Province_Iran
rc:Gilan_ProvinceIran,rdfs:subClassOf,owl:Thing
rc:Interstate70,rdfs:subClassOf,rc:InterstateHighway
rc:Interstate70,rdfs:subClassOf,owl:Thing
rc:Duplex,rdfs:subClassOf,rc:MultiFamilyHousing
rc:Duplex,rdfs:subClassOf,owl:Thing
rc:Palawan_ProvincePhilippines,rdfs:subClassOf,rc:Province_Philippines
rc:Palawan_ProvincePhilippines,rdfs:subClassOf,owl:Thing
rc:IntermittentLake,rdfs:subClassOf,rc:BodyOfWater_Intermittent
rc:IntermittentLake,rdfs:subClassOf,rc:Lake
rc:IntermittentLake,rdfs:subClassOf,owl:Thing
rc:Mykonos_IslandGreece,rdfs:subClassOf,rc:Island
rc:Mykonos_IslandGreece,rdfs:subClassOf,owl:Thing
rc:Heath,rdfs:subClassOf,rc:CanopyClosure_Open
rc:Heath,rdfs:subClassOf,rc:OpenArea
rc:Heath,rdfs:subClassOf,rc:RuralArea
rc:Heath,rdfs:subClassOf,rc:SandySoilRegion
rc:Heath,rdfs:subClassOf,rc:ScrubbyVegetationRegion
rc:Heath,rdfs:subClassOf,owl:Thing
rc:StateCapital,rdfs:subClassOf,rc:CapitalCityOfRegion
rc:StateCapital,rdfs:subClassOf,owl:Thing
rc:Atoll,rdfs:subClassOf,rc:Island
rc:Atoll,rdfs:subClassOf,owl:Thing
rc:BuildingDefect,rdfs:subClassOf,rc:Building
rc:BuildingDefect,rdfs:subClassOf,owl:Thing
rc:Bank_Topographical,rdfs:subClassOf,rc:NaturalElevation
rc:Bank_Topographical,rdfs:subClassOf,owl:Thing
rc:HorseFarm,rdfs:subClassOf,rc:LivestockFarm
rc:HorseFarm,rdfs:subClassOf,owl:Thing
rc:ElectricPowerGrid,rdfs:subClassOf,rc:UtilityBuildingStructure
rc:ElectricPowerGrid,rdfs:subClassOf,owl:Thing
rc:Oman,rdfs:subClassOf,rc:ArabWorld
rc:Oman,rdfs:subClassOf,rc:PersianGulfCountry
rc:Oman,rdfs:subClassOf,owl:Thing
rc:Kaiman_classTorpedoBoat,rdfs:subClassOf,rc:TorpedoWatercraft_Surface
rc:Kaiman_classTorpedoBoat,rdfs:subClassOf,owl:Thing
rc:MamaroneckNewYork,rdfs:subClassOf,rc:Town
rc:MamaroneckNewYork,rdfs:subClassOf,owl:Thing
rc:WarminskoMazurskie_ProvincePoland,rdfs:subClassOf,rc:Province_Poland
rc:WarminskoMazurskie_ProvincePoland,rdfs:subClassOf,owl:Thing
rc:DrainageDitch,rdfs:subClassOf,rc:Ditch
rc:DrainageDitch,rdfs:subClassOf,owl:Thing
rc:MemberStateOfTheCommonwealthOfNations,rdfs:subClassOf,rc:MemberState
rc:MemberStateOfTheCommonwealthOfNations,rdfs:subClassOf,owl:Thing
rc:KerobokanPrison,rdfs:subClassOf,rc:Prison
rc:KerobokanPrison,rdfs:subClassOf,owl:Thing
rc:DominantTerrain,rdfs:subClassOf,rc:DefensivelyAdvantageousTerrain
rc:DominantTerrain,rdfs:subClassOf,rc:TacticalPoint
rc:DominantTerrain,rdfs:subClassOf,owl:Thing
rc:HighWindArea,rdfs:subClassOf,rc:AreaWithSomeWind
rc:HighWindArea,rdfs:subClassOf,owl:Thing
rc:Macedonia,rdfs:subClassOf,rc:EasternEuropeanCountry
rc:Macedonia,rdfs:subClassOf,owl:Thing
rc:ExtractionTerrainFeatureType,rdfs:subClassOf,rc:ArtifactualFeatureType
rc:ExtractionTerrainFeatureType,rdfs:subClassOf,owl:Thing
rc:CompactOverheadPowerline,rdfs:subClassOf,rc:ElectricPowerGrid
rc:CompactOverheadPowerline,rdfs:subClassOf,owl:Thing
rc:SulfurSpring,rdfs:subClassOf,rc:Spring_WaterSource
rc:SulfurSpring,rdfs:subClassOf,owl:Thing
rc:TableSpoon_MeasuringTool,rdfs:subClassOf,rc:MeasuringSpoon
rc:TableSpoon_MeasuringTool,rdfs:subClassOf,owl:Thing
rc:Cambodia,rdfs:subClassOf,rc:Country
rc:Cambodia,rdfs:subClassOf,owl:Thing
rc:MonaragalaDistrict,rdfs:subClassOf,rc:Uva_ProvinceSriLanka
rc:MonaragalaDistrict,rdfs:subClassOf,owl:Thing
rc:TelephonePlug,rdfs:subClassOf,rc:ElectricalPlug
rc:TelephonePlug,rdfs:subClassOf,owl:Thing
rc:TypeOfSoil,rdfs:subClassOf,rc:DirtSoil
rc:TypeOfSoil,rdfs:subClassOf,owl:Thing
rc:AncientArchaeologicalSite,rdfs:subClassOf,rc:ArchaeologicalSite
rc:AncientArchaeologicalSite,rdfs:subClassOf,owl:Thing
rc:Morocco,rdfs:subClassOf,rc:ArabWorld
rc:Morocco,rdfs:subClassOf,owl:Thing
rc:Wadi,rdfs:subClassOf,rc:Valley
rc:Wadi,rdfs:subClassOf,owl:Thing
rc:TarawaAtoll_Island_Kiribati,rdfs:subClassOf,rc:Island
rc:TarawaAtoll_Island_Kiribati,rdfs:subClassOf,owl:Thing
rc:FederalElectoralDistrict_Germany,rdfs:subClassOf,rc:ElectoralDistrict
rc:FederalElectoralDistrict_Germany,rdfs:subClassOf,owl:Thing
rc:Palazzo,rdfs:subClassOf,rc:PalaceBuilding
rc:Palazzo,rdfs:subClassOf,owl:Thing
rc:HudsonHighlands,rdfs:subClassOf,rc:MountainRange
rc:HudsonHighlands,rdfs:subClassOf,owl:Thing
rc:LakeGeorge,rdfs:subClassOf,rc:FreshWaterLake
rc:LakeGeorge,rdfs:subClassOf,owl:Thing
rc:GroundsOfOrganization,rdfs:subClassOf,rc:OutdoorLocation
rc:GroundsOfOrganization,rdfs:subClassOf,rc:RealEstate
rc:GroundsOfOrganization,rdfs:subClassOf,owl:Thing
rc:NeusiedlerSee_Austria,rdfs:subClassOf,rc:Lake
rc:NeusiedlerSee_Austria,rdfs:subClassOf,owl:Thing
rc:WisconsinRiver,rdfs:subClassOf,rc:River
rc:WisconsinRiver,rdfs:subClassOf,owl:Thing
rc:SerboCroatianSpeakingCountryOrTerritory,rdfs:subClassOf,rc:LanguageSpeakingCountryOrTerritory
rc:SerboCroatianSpeakingCountryOrTerritory,rdfs:subClassOf,owl:Thing
rc:Villa,rdfs:subClassOf,rc:Large_DetachedHouse
rc:Villa,rdfs:subClassOf,owl:Thing
rc:RedSea,rdfs:subClassOf,rc:InternationalWaters
rc:RedSea,rdfs:subClassOf,owl:Thing
rc:SuburbanNeighborhood,rdfs:subClassOf,rc:Neighborhood
rc:SuburbanNeighborhood,rdfs:subClassOf,owl:Thing
rc:Farmhouse,rdfs:subClassOf,rc:House_Country
rc:Farmhouse,rdfs:subClassOf,owl:Thing
rc:WesternAsia,rdfs:subClassOf,rc:ContinentOfAsia
rc:WesternAsia,rdfs:subClassOf,owl:Thing
rc:Town_Portugal,rdfs:subClassOf,rc:Town
rc:Town_Portugal,rdfs:subClassOf,owl:Thing
rc:PreyVeng_ProvinceCambodia,rdfs:subClassOf,rc:Province_Cambodia
rc:PreyVeng_ProvinceCambodia,rdfs:subClassOf,owl:Thing
rc:CityOfBostonMA,rdfs:subClassOf,rc:StateCapital
rc:CityOfBostonMA,rdfs:subClassOf,owl:Thing
rc:Mensa_Constellation,rdfs:subClassOf,rc:Constellation
rc:Mensa_Constellation,rdfs:subClassOf,owl:Thing
rc:EntrywayCloset,rdfs:subClassOf,rc:Closet
rc:EntrywayCloset,rdfs:subClassOf,owl:Thing
rc:EuropaIsland,rdfs:subClassOf,rc:Island
rc:EuropaIsland,rdfs:subClassOf,owl:Thing
rc:Texas_State,rdfs:subClassOf,rc:State_UnitedStates
rc:Texas_State,rdfs:subClassOf,owl:Thing
rc:AgriculturalFacility,rdfs:subClassOf,rc:AgriculturalBuildingStructure
rc:AgriculturalFacility,rdfs:subClassOf,rc:GroundsOfOrganization
rc:AgriculturalFacility,rdfs:subClassOf,owl:Thing
rc:Seabath,rdfs:subClassOf,rc:Bathhouse_Facility
rc:Seabath,rdfs:subClassOf,owl:Thing
rc:Gauteng_ProvinceSouthAfrica,rdfs:subClassOf,rc:Province_RepublicOfSouthAfrica
rc:Gauteng_ProvinceSouthAfrica,rdfs:subClassOf,owl:Thing
rc:Interstate71,rdfs:subClassOf,rc:InterstateHighway
rc:Interstate71,rdfs:subClassOf,owl:Thing
rc:Aqaba,rdfs:subClassOf,rc:RedSea
rc:Aqaba,rdfs:subClassOf,owl:Thing
rc:KashmiriSpeakingCountryOrTerritory,rdfs:subClassOf,rc:LanguageSpeakingCountryOrTerritory
rc:KashmiriSpeakingCountryOrTerritory,rdfs:subClassOf,owl:Thing
rc:AdministrativeDivision_Germany,rdfs:subClassOf,rc:AdministrativeDivision_SingleCountry
rc:AdministrativeDivision_Germany,rdfs:subClassOf,owl:Thing
rc:Ystad,rdfs:subClassOf,rc:Town
rc:Ystad,rdfs:subClassOf,owl:Thing
rc:Fornax_Constellation,rdfs:subClassOf,rc:Constellation
rc:Fornax_Constellation,rdfs:subClassOf,owl:Thing
rc:ValdivianTemperateRainforest,rdfs:subClassOf,rc:BroadleafForest
rc:ValdivianTemperateRainforest,rdfs:subClassOf,owl:Thing
rc:Shikishima_classBattleship,rdfs:subClassOf,rc:PreDreadnoughtBattleship
rc:Shikishima_classBattleship,rdfs:subClassOf,owl:Thing
rc:VfBMarburg,rdfs:subClassOf,rc:Marburg
rc:VfBMarburg,rdfs:subClassOf,owl:Thing
rc:Lewis_Island,rdfs:subClassOf,rc:Island
rc:Lewis_Island,rdfs:subClassOf,owl:Thing
rc:Habsburg_classBattleship,rdfs:subClassOf,rc:Battleship
rc:Habsburg_classBattleship,rdfs:subClassOf,owl:Thing
rc:Bank_Underwater,rdfs:subClassOf,rc:Bank_Topographical
rc:Bank_Underwater,rdfs:subClassOf,rc:UnderwaterTopographicalFeature
rc:Bank_Underwater,rdfs:subClassOf,owl:Thing
rc:Kondoz_ProvinceAfghanistan,rdfs:subClassOf,rc:Province_Afghanistan
rc:Kondoz_ProvinceAfghanistan,rdfs:subClassOf,owl:Thing
rc:SaintCatherinesMonastery,rdfs:subClassOf,rc:Monastery_Residence
rc:SaintCatherinesMonastery,rdfs:subClassOf,owl:Thing
rc:RepublicOfChina,rdfs:subClassOf,rc:China_Historical
rc:RepublicOfChina,rdfs:subClassOf,rc:Country
rc:RepublicOfChina,rdfs:subClassOf,owl:Thing
rc:TheWhiteHouse,rdfs:subClassOf,rc:House_Modern
rc:TheWhiteHouse,rdfs:subClassOf,rc:OfficialResidence
rc:TheWhiteHouse,rdfs:subClassOf,owl:Thing
rc:IssykKul_ProvinceKyrgyzstan,rdfs:subClassOf,rc:Province_Kyrgyzstan
rc:IssykKul_ProvinceKyrgyzstan,rdfs:subClassOf,owl:Thing
rc:HouseFuse,rdfs:subClassOf,rc:LowVoltageNetwork
rc:HouseFuse,rdfs:subClassOf,owl:Thing
rc:Centaurus_Constellation,rdfs:subClassOf,rc:Constellation
rc:Centaurus_Constellation,rdfs:subClassOf,owl:Thing
rc:District_France,rdfs:subClassOf,rc:AdministrativeDistrict
rc:District_France,rdfs:subClassOf,owl:Thing
rc:AthleticField,rdfs:subClassOf,rc:OpenArea
rc:AthleticField,rdfs:subClassOf,rc:SportsPlayingArea
rc:AthleticField,rdfs:subClassOf,owl:Thing
rc:NaturalWatercourse,rdfs:subClassOf,rc:Watercourse
rc:NaturalWatercourse,rdfs:subClassOf,owl:Thing
rc:Penthouse,rdfs:subClassOf,rc:MultiRoomUnit
rc:Penthouse,rdfs:subClassOf,owl:Thing
rc:Palus_Lunar,rdfs:subClassOf,rc:LunarPlain
rc:Palus_Lunar,rdfs:subClassOf,owl:Thing
rc:SewerLine,rdfs:subClassOf,rc:Sewer
rc:SewerLine,rdfs:subClassOf,owl:Thing
rc:Coln_classCruiser,rdfs:subClassOf,rc:LightCruiser
rc:Coln_classCruiser,rdfs:subClassOf,owl:Thing
rc:Slide_Topographical,rdfs:subClassOf,rc:LandTopographicalFeature
rc:Slide_Topographical,rdfs:subClassOf,rc:RuggedTerrain
rc:Slide_Topographical,rdfs:subClassOf,owl:Thing
rc:HoaBinh_ProvinceVietnam,rdfs:subClassOf,rc:Province_Vietnam
rc:HoaBinh_ProvinceVietnam,rdfs:subClassOf,owl:Thing
rc:TransitCenter,rdfs:subClassOf,rc:Terminal_TransferPoint
rc:TransitCenter,rdfs:subClassOf,owl:Thing
rc:MoroniComoros,rdfs:subClassOf,rc:CapitalCityOfRegion
rc:MoroniComoros,rdfs:subClassOf,owl:Thing
rc:IntermittentNaturalWatercourse,rdfs:subClassOf,rc:NaturalWatercourse
rc:IntermittentNaturalWatercourse,rdfs:subClassOf,owl:Thing
rc:InnerAsia,rdfs:subClassOf,rc:ContinentOfAsia
rc:InnerAsia,rdfs:subClassOf,owl:Thing
rc:WindFarm,rdfs:subClassOf,rc:PowerStation
rc:WindFarm,rdfs:subClassOf,owl:Thing
rc:LincolnTunnel,rdfs:subClassOf,rc:Tunnel
rc:LincolnTunnel,rdfs:subClassOf,owl:Thing
rc:Mull_Island,rdfs:subClassOf,rc:Island
rc:Mull_Island,rdfs:subClassOf,owl:Thing
rc:Railway,rdfs:subClassOf,rc:PathForWheeledVehicles
rc:Railway,rdfs:subClassOf,owl:Thing
rc:Interstate72,rdfs:subClassOf,rc:InterstateHighway
rc:Interstate72,rdfs:subClassOf,owl:Thing
rc:MemberStateOfTheCouncilOfEurope,rdfs:subClassOf,rc:EuropeanCountry
rc:MemberStateOfTheCouncilOfEurope,rdfs:subClassOf,rc:MemberState
rc:MemberStateOfTheCouncilOfEurope,rdfs:subClassOf,owl:Thing
rc:Haze,rdfs:subClassOf,rc:Fog
rc:Haze,rdfs:subClassOf,owl:Thing
rc:I_351_classSubmarine,rdfs:subClassOf,rc:AttackSubmarine
rc:I_351_classSubmarine,rdfs:subClassOf,owl:Thing
rc:Isthmus,rdfs:subClassOf,rc:LandTopographicalFeature
rc:Isthmus,rdfs:subClassOf,owl:Thing
rc:TypeOfThoroughfare,rdfs:subClassOf,rc:TravelRoute_Road
rc:TypeOfThoroughfare,rdfs:subClassOf,owl:Thing
rc:HudsonRiver,rdfs:subClassOf,rc:River
rc:HudsonRiver,rdfs:subClassOf,owl:Thing
rc:CityOfCalgaryCanada,rdfs:subClassOf,rc:City
rc:CityOfCalgaryCanada,rdfs:subClassOf,owl:Thing
rc:SharmElSheikh,rdfs:subClassOf,rc:City
rc:SharmElSheikh,rdfs:subClassOf,owl:Thing
rc:Balamory,rdfs:subClassOf,rc:Mull_Island
rc:Balamory,rdfs:subClassOf,owl:Thing
rc:Munxar,rdfs:subClassOf,rc:Village
rc:Munxar,rdfs:subClassOf,owl:Thing
rc:Subway,rdfs:subClassOf,rc:Railway
rc:Subway,rdfs:subClassOf,rc:TransportBuildingStructure
rc:Subway,rdfs:subClassOf,owl:Thing
rc:KurdishSpeakingCountryOrTerritory,rdfs:subClassOf,rc:LanguageSpeakingCountryOrTerritory
rc:KurdishSpeakingCountryOrTerritory,rdfs:subClassOf,owl:Thing
rc:Rizal_ProvincePhilippines,rdfs:subClassOf,rc:Province_Philippines
rc:Rizal_ProvincePhilippines,rdfs:subClassOf,owl:Thing
rc:LargeMagellanicCloud,rdfs:subClassOf,rc:Mensa_Constellation
rc:LargeMagellanicCloud,rdfs:subClassOf,owl:Thing
rc:MultiLevelBuilding,rdfs:subClassOf,rc:Building
rc:MultiLevelBuilding,rdfs:subClassOf,owl:Thing
rc:KaiserFriedrichIii_classBattleship,rdfs:subClassOf,rc:PreDreadnoughtBattleship
rc:KaiserFriedrichIii_classBattleship,rdfs:subClassOf,owl:Thing
rc:Hell,rdfs:subClassOf,rc:AfterlifePlace
rc:Hell,rdfs:subClassOf,owl:Thing
rc:Town_Romania,rdfs:subClassOf,rc:SecondOrderAdministrativeDivision
rc:Town_Romania,rdfs:subClassOf,owl:Thing
rc:AdenRefinery,rdfs:subClassOf,rc:OilRefinery
rc:AdenRefinery,rdfs:subClassOf,owl:Thing
rc:Alley,rdfs:subClassOf,rc:Roadway
rc:Alley,rdfs:subClassOf,owl:Thing
rc:OffshoreWindFarmInTheBalticSea,rdfs:subClassOf,rc:WindFarm
rc:OffshoreWindFarmInTheBalticSea,rdfs:subClassOf,owl:Thing
rc:Lynx_Constellation,rdfs:subClassOf,rc:Constellation
rc:Lynx_Constellation,rdfs:subClassOf,owl:Thing
rc:MonsoonForest,rdfs:subClassOf,rc:Forest
rc:MonsoonForest,rdfs:subClassOf,owl:Thing
rc:Ghana,rdfs:subClassOf,rc:Country
rc:Ghana,rdfs:subClassOf,owl:Thing
rc:Exosphere_PlanetEarth,rdfs:subClassOf,rc:AtmosphericLayer
rc:Exosphere_PlanetEarth,rdfs:subClassOf,owl:Thing
rc:WesternAustralia,rdfs:subClassOf,rc:State_Australia
rc:WesternAustralia,rdfs:subClassOf,owl:Thing
rc:Wisconsin_State,rdfs:subClassOf,rc:State_UnitedStates
rc:Wisconsin_State,rdfs:subClassOf,owl:Thing
rc:FrancheComte,rdfs:subClassOf,rc:FrenchRegion
rc:FrancheComte,rdfs:subClassOf,owl:Thing
rc:AutomatedGuidewayTransit,rdfs:subClassOf,rc:Subway
rc:AutomatedGuidewayTransit,rdfs:subClassOf,owl:Thing
rc:Norway,rdfs:subClassOf,rc:Country
rc:Norway,rdfs:subClassOf,owl:Thing
rc:FederalElectoralDistrict_Mexico,rdfs:subClassOf,rc:ElectoralDistrict
rc:FederalElectoralDistrict_Mexico,rdfs:subClassOf,owl:Thing
rc:AdministrativeDivision_Indonesia,rdfs:subClassOf,rc:AdministrativeDivision_SingleCountry
rc:AdministrativeDivision_Indonesia,rdfs:subClassOf,owl:Thing
rc:RecordsRoom,rdfs:subClassOf,rc:RoomInAConstruction
rc:RecordsRoom,rdfs:subClassOf,owl:Thing
rc:HighRiseBuilding,rdfs:subClassOf,rc:MultiLevelBuilding
rc:HighRiseBuilding,rdfs:subClassOf,owl:Thing
rc:Freguesia,rdfs:subClassOf,rc:ThirdOrderAdministrativeDivision
rc:Freguesia,rdfs:subClassOf,owl:Thing
rc:DriveInTheater,rdfs:subClassOf,rc:MovieTheaterSpace
rc:DriveInTheater,rdfs:subClassOf,owl:Thing
rc:Dagbon,rdfs:subClassOf,rc:Ghana
rc:Dagbon,rdfs:subClassOf,owl:Thing
rc:LouangNamtha_ProvinceLaos,rdfs:subClassOf,rc:Province_Laos
rc:LouangNamtha_ProvinceLaos,rdfs:subClassOf,owl:Thing
rc:Lifeboat,rdfs:subClassOf,rc:Rowboat
rc:Lifeboat,rdfs:subClassOf,owl:Thing
rc:Monarch_classCoastalDefenseShip,rdfs:subClassOf,rc:Battleship
rc:Monarch_classCoastalDefenseShip,rdfs:subClassOf,owl:Thing
rc:TypeOfVolcanicEruption,rdfs:subClassOf,rc:Volcano
rc:TypeOfVolcanicEruption,rdfs:subClassOf,owl:Thing
rc:VillageDevelopmentCommittee_Nepal,rdfs:subClassOf,rc:AdministrativeDistrict
rc:VillageDevelopmentCommittee_Nepal,rdfs:subClassOf,owl:Thing
rc:LakeHavasu,rdfs:subClassOf,rc:ColoradoRiverOfArizona
rc:LakeHavasu,rdfs:subClassOf,owl:Thing
rc:Stratosphere_PlanetEarth,rdfs:subClassOf,rc:AtmosphericLayer
rc:Stratosphere_PlanetEarth,rdfs:subClassOf,owl:Thing
rc:FederalElectoralDistrict_Ontario,rdfs:subClassOf,rc:ElectoralDistrict
rc:FederalElectoralDistrict_Ontario,rdfs:subClassOf,owl:Thing
rc:UtilityPole,rdfs:subClassOf,rc:Outdoors_ExposedToWeather
rc:UtilityPole,rdfs:subClassOf,owl:Thing
rc:HudsonRiverPark,rdfs:subClassOf,rc:Park
rc:HudsonRiverPark,rdfs:subClassOf,owl:Thing
rc:MarthasVineyard_Island,rdfs:subClassOf,rc:Island
rc:MarthasVineyard_Island,rdfs:subClassOf,owl:Thing
rc:TargetReferencePoint,rdfs:subClassOf,rc:TacticalPoint
rc:TargetReferencePoint,rdfs:subClassOf,owl:Thing
rc:County_China,rdfs:subClassOf,rc:County
rc:County_China,rdfs:subClassOf,owl:Thing
rc:Xinjiang_ProvinceChina,rdfs:subClassOf,rc:ChineseProvince
rc:Xinjiang_ProvinceChina,rdfs:subClassOf,owl:Thing
rc:PapuaNewGuinea,rdfs:subClassOf,rc:Country
rc:PapuaNewGuinea,rdfs:subClassOf,owl:Thing
rc:Stairwell,rdfs:subClassOf,rc:SpaceInAFixedHOC
rc:Stairwell,rdfs:subClassOf,owl:Thing
rc:Pigging,rdfs:subClassOf,rc:Pipeline
rc:Pigging,rdfs:subClassOf,owl:Thing
rc:Marina,rdfs:subClassOf,rc:TransportFacility
rc:Marina,rdfs:subClassOf,owl:Thing
rc:Honduras,rdfs:subClassOf,rc:CentralAmericanCountry
rc:Honduras,rdfs:subClassOf,owl:Thing
rc:ThimbleIslands,rdfs:subClassOf,rc:Archipelago
rc:ThimbleIslands,rdfs:subClassOf,owl:Thing
rc:NarmadaValleyDryDeciduousForest,rdfs:subClassOf,rc:DryTropicalForest
rc:NarmadaValleyDryDeciduousForest,rdfs:subClassOf,owl:Thing
rc:Skyscraper,rdfs:subClassOf,rc:HighRiseBuilding
rc:Skyscraper,rdfs:subClassOf,rc:HumanHighOccupancyConstruct
rc:Skyscraper,rdfs:subClassOf,rc:OfficeBuilding
rc:Skyscraper,rdfs:subClassOf,rc:Tower
rc:Skyscraper,rdfs:subClassOf,owl:Thing
rc:FlowerBed,rdfs:subClassOf,rc:Garden
rc:FlowerBed,rdfs:subClassOf,owl:Thing
rc:TelephonePole,rdfs:subClassOf,rc:UtilityPole
rc:TelephonePole,rdfs:subClassOf,owl:Thing
rc:Lyon_classBattleship,rdfs:subClassOf,rc:Battleship
rc:Lyon_classBattleship,rdfs:subClassOf,owl:Thing
rc:CommonwealthWarGravesCommissionCemetery,rdfs:subClassOf,rc:Graveyard
rc:CommonwealthWarGravesCommissionCemetery,rdfs:subClassOf,owl:Thing
rc:DzungarKhanate,rdfs:subClassOf,rc:Xinjiang_ProvinceChina
rc:DzungarKhanate,rdfs:subClassOf,owl:Thing
rc:SalweenRiver,rdfs:subClassOf,rc:River
rc:SalweenRiver,rdfs:subClassOf,owl:Thing
rc:ThuaThien_ProvinceVietnam,rdfs:subClassOf,rc:Province_Vietnam
rc:ThuaThien_ProvinceVietnam,rdfs:subClassOf,owl:Thing
rc:ArmamentOfTheIowa_classBattleship,rdfs:subClassOf,rc:Iowa_classBattleship
rc:ArmamentOfTheIowa_classBattleship,rdfs:subClassOf,owl:Thing
rc:Soum_ProvinceBurkinaFaso,rdfs:subClassOf,rc:Province_BurkinaFaso
rc:Soum_ProvinceBurkinaFaso,rdfs:subClassOf,owl:Thing
rc:AuSableRiver,rdfs:subClassOf,rc:River
rc:AuSableRiver,rdfs:subClassOf,owl:Thing
rc:Louangphabang_ProvinceLaos,rdfs:subClassOf,rc:Province_Laos
rc:Louangphabang_ProvinceLaos,rdfs:subClassOf,owl:Thing
rc:VillageInTajikistan,rdfs:subClassOf,rc:Village
rc:VillageInTajikistan,rdfs:subClassOf,owl:Thing
rc:WaterPlatform_Surface,rdfs:subClassOf,rc:MilitaryWatercraft
rc:WaterPlatform_Surface,rdfs:subClassOf,rc:Watercraft_Surface
rc:WaterPlatform_Surface,rdfs:subClassOf,owl:Thing
rc:Tenea,rdfs:subClassOf,rc:City
rc:Tenea,rdfs:subClassOf,owl:Thing
rc:IsthmusOfPanama,rdfs:subClassOf,rc:Isthmus
rc:IsthmusOfPanama,rdfs:subClassOf,owl:Thing
rc:District_Ghana,rdfs:subClassOf,rc:SecondOrderAdministrativeDivision
rc:District_Ghana,rdfs:subClassOf,owl:Thing
rc:Harris_Island,rdfs:subClassOf,rc:Island
rc:Harris_Island,rdfs:subClassOf,owl:Thing
rc:Iowa_classBattleship,rdfs:subClassOf,rc:Battleship
rc:Iowa_classBattleship,rdfs:subClassOf,owl:Thing
rc:Volcano,rdfs:subClassOf,rc:LandTopographicalFeature
rc:Volcano,rdfs:subClassOf,owl:Thing
rc:LanguageSpeakingCountryOrTerritory,rdfs:subClassOf,kko:AreaRegion
rc:LanguageSpeakingCountryOrTerritory,rdfs:subClassOf,owl:Thing
rc:Zaire_ProvinceAngola,rdfs:subClassOf,rc:Province_Angola
rc:Zaire_ProvinceAngola,rdfs:subClassOf,owl:Thing
rc:Brothel,rdfs:subClassOf,rc:CommercialBuilding
rc:Brothel,rdfs:subClassOf,owl:Thing
rc:NorthAsia,rdfs:subClassOf,rc:ContinentOfAsia
rc:NorthAsia,rdfs:subClassOf,owl:Thing
rc:LakeHongze,rdfs:subClassOf,rc:FreshWaterLake
rc:LakeHongze,rdfs:subClassOf,owl:Thing
rc:HellInPopularCulture,rdfs:subClassOf,rc:Hell
rc:HellInPopularCulture,rdfs:subClassOf,owl:Thing
rc:NationalLakeshoresOfTheUnitedStates,rdfs:subClassOf,rc:GreatLakes
rc:NationalLakeshoresOfTheUnitedStates,rdfs:subClassOf,owl:Thing
rc:SewerSystem,rdfs:subClassOf,rc:WaterSupplyNetwork
rc:SewerSystem,rdfs:subClassOf,owl:Thing
rc:Viaduct,rdfs:subClassOf,rc:Bridge
rc:Viaduct,rdfs:subClassOf,rc:IrrigationFloodControlWaterwork
rc:Viaduct,rdfs:subClassOf,owl:Thing
rc:ShikokuIsland_Japan,rdfs:subClassOf,rc:Island
rc:ShikokuIsland_Japan,rdfs:subClassOf,owl:Thing
rc:Interstate73,rdfs:subClassOf,rc:InterstateHighway
rc:Interstate73,rdfs:subClassOf,owl:Thing
rc:BusinessByRegion,rdfs:subClassOf,rc:EconomicRegion
rc:BusinessByRegion,rdfs:subClassOf,owl:Thing
rc:IntermittentWetlandRegion,rdfs:subClassOf,rc:PeriodicallyFloodedRegion
rc:IntermittentWetlandRegion,rdfs:subClassOf,rc:WetlandRegion
rc:IntermittentWetlandRegion,rdfs:subClassOf,owl:Thing
rc:NewYork_State,rdfs:subClassOf,rc:State_UnitedStates
rc:NewYork_State,rdfs:subClassOf,owl:Thing
rc:MemberStateOfTheDutchLanguageUnion,rdfs:subClassOf,rc:MemberState
rc:MemberStateOfTheDutchLanguageUnion,rdfs:subClassOf,owl:Thing
rc:AfrikaansSpeakingCountryOrTerritory,rdfs:subClassOf,rc:LanguageSpeakingCountryOrTerritory
rc:AfrikaansSpeakingCountryOrTerritory,rdfs:subClassOf,owl:Thing
rc:Danton_classBattleship,rdfs:subClassOf,rc:PreDreadnoughtBattleship
rc:Danton_classBattleship,rdfs:subClassOf,owl:Thing
rc:DecadesInZaire,rdfs:subClassOf,rc:Zaire_ProvinceAngola
rc:DecadesInZaire,rdfs:subClassOf,owl:Thing
rc:EmpireStateBuilding,rdfs:subClassOf,rc:HistoricalSite
rc:EmpireStateBuilding,rdfs:subClassOf,rc:Skyscraper
rc:EmpireStateBuilding,rdfs:subClassOf,owl:Thing
rc:CityOfMilanItaly,rdfs:subClassOf,rc:City
rc:CityOfMilanItaly,rdfs:subClassOf,owl:Thing
rc:Tenerife_Island,rdfs:subClassOf,rc:Island
rc:Tenerife_Island,rdfs:subClassOf,owl:Thing
rc:HeathrowAirport_London,rdfs:subClassOf,rc:CommercialAirport
rc:HeathrowAirport_London,rdfs:subClassOf,owl:Thing
rc:AircraftBlastBarrier,rdfs:subClassOf,rc:Barrier_ConstructionArtifact
rc:AircraftBlastBarrier,rdfs:subClassOf,owl:Thing
rc:CoronationStones,rdfs:subClassOf,rc:MemorialMarker
rc:CoronationStones,rdfs:subClassOf,owl:Thing
rc:TizardBanks,rdfs:subClassOf,rc:SpratlyIslands
rc:TizardBanks,rdfs:subClassOf,owl:Thing
rc:Samar_ProvincePhilippines,rdfs:subClassOf,rc:Province_Philippines
rc:Samar_ProvincePhilippines,rdfs:subClassOf,owl:Thing
rc:Kiva,rdfs:subClassOf,rc:RoomInAConstruction
rc:Kiva,rdfs:subClassOf,owl:Thing
rc:TypeOfWall,rdfs:subClassOf,rc:Wall_GenericBarrier
rc:TypeOfWall,rdfs:subClassOf,owl:Thing
rc:Brittany,rdfs:subClassOf,rc:FrenchRegion
rc:Brittany,rdfs:subClassOf,owl:Thing
rc:BattleCruiser,rdfs:subClassOf,rc:Cruiser
rc:BattleCruiser,rdfs:subClassOf,owl:Thing
rc:Townhouse,rdfs:subClassOf,rc:MultiFamilyHousing
rc:Townhouse,rdfs:subClassOf,owl:Thing
rc:PathArtifact_POI,rdfs:subClassOf,kko:LocationPlace
rc:PathArtifact_POI,rdfs:subClassOf,owl:Thing
rc:Point_Topographical,rdfs:subClassOf,rc:Peninsula
rc:Point_Topographical,rdfs:subClassOf,owl:Thing
rc:Biafra,rdfs:subClassOf,rc:Country
rc:Biafra,rdfs:subClassOf,owl:Thing
rc:Lombardia_RegionItaly,rdfs:subClassOf,rc:Region_Italy
rc:Lombardia_RegionItaly,rdfs:subClassOf,owl:Thing
rc:Graveyard,rdfs:subClassOf,rc:Gravesite
rc:Graveyard,rdfs:subClassOf,rc:LandParcel
rc:Graveyard,rdfs:subClassOf,rc:ProtectedArea
rc:Graveyard,rdfs:subClassOf,owl:Thing
rc:VolgaRiver,rdfs:subClassOf,rc:River
rc:VolgaRiver,rdfs:subClassOf,owl:Thing
rc:Dominica,rdfs:subClassOf,rc:Country
rc:Dominica,rdfs:subClassOf,owl:Thing
rc:GymnasiumRoom,rdfs:subClassOf,rc:RoomInAConstruction
rc:GymnasiumRoom,rdfs:subClassOf,owl:Thing
rc:EAndF_classDestroyer,rdfs:subClassOf,rc:Destroyer
rc:EAndF_classDestroyer,rdfs:subClassOf,owl:Thing
rc:Sewerage,rdfs:subClassOf,rc:SewerSystem
rc:Sewerage,rdfs:subClassOf,owl:Thing
rc:RepublicOfIreland,rdfs:subClassOf,rc:BritishIsles
rc:RepublicOfIreland,rdfs:subClassOf,rc:Ireland_TheIsland
rc:RepublicOfIreland,rdfs:subClassOf,owl:Thing
rc:Siquijor_ProvincePhilippines,rdfs:subClassOf,rc:Province_Philippines
rc:Siquijor_ProvincePhilippines,rdfs:subClassOf,owl:Thing
rc:Minesweeper_Coastal,rdfs:subClassOf,rc:MineCountermeasuresVessel
rc:Minesweeper_Coastal,rdfs:subClassOf,owl:Thing
rc:HoneoyeLake,rdfs:subClassOf,rc:FingerLakes
rc:HoneoyeLake,rdfs:subClassOf,owl:Thing
rc:MarinaSite,rdfs:subClassOf,rc:IndustrialLandParcel
rc:MarinaSite,rdfs:subClassOf,owl:Thing
rc:Province_Cameroon,rdfs:subClassOf,rc:Province
rc:Province_Cameroon,rdfs:subClassOf,owl:Thing
rc:Bowl_Generic,rdfs:subClassOf,rc:Basin
rc:Bowl_Generic,rdfs:subClassOf,owl:Thing
rc:Dagestan,rdfs:subClassOf,rc:Caucasus_Region
rc:Dagestan,rdfs:subClassOf,owl:Thing
rc:EmbassyBuilding,rdfs:subClassOf,rc:DiplomaticFacility
rc:EmbassyBuilding,rdfs:subClassOf,owl:Thing
rc:Interstate74,rdfs:subClassOf,rc:InterstateHighway
rc:Interstate74,rdfs:subClassOf,owl:Thing
rc:Blowhole_Topographical,rdfs:subClassOf,rc:LandTopographicalFeature
rc:Blowhole_Topographical,rdfs:subClassOf,owl:Thing
rc:Road,rdfs:subClassOf,rc:Roadway
rc:Road,rdfs:subClassOf,owl:Thing
rc:AirVentSystem,rdfs:subClassOf,rc:PathArtifact_POI
rc:AirVentSystem,rdfs:subClassOf,owl:Thing
rc:CityOfVersaillesFrance,rdfs:subClassOf,rc:City
rc:CityOfVersaillesFrance,rdfs:subClassOf,owl:Thing
rc:Adamaoua_ProvinceCameroon,rdfs:subClassOf,rc:Province_Cameroon
rc:Adamaoua_ProvinceCameroon,rdfs:subClassOf,owl:Thing
rc:Epicenter,rdfs:subClassOf,rc:GeographicalPlace_POI
rc:Epicenter,rdfs:subClassOf,owl:Thing
rc:Narodnaya_Mount,rdfs:subClassOf,rc:Mountain
rc:Narodnaya_Mount,rdfs:subClassOf,owl:Thing
rc:RentalProperty,rdfs:subClassOf,rc:RealEstate
rc:RentalProperty,rdfs:subClassOf,owl:Thing
rc:Boadicea_classCruiser,rdfs:subClassOf,rc:Cruiser
rc:Boadicea_classCruiser,rdfs:subClassOf,owl:Thing
rc:Townland,rdfs:subClassOf,rc:AdministrativeDistrict
rc:Townland,rdfs:subClassOf,owl:Thing
rc:SouthernEuropeanCountry,rdfs:subClassOf,rc:EuropeanCountry
rc:SouthernEuropeanCountry,rdfs:subClassOf,owl:Thing
rc:Sanmatenga_ProvinceBurkinaFaso,rdfs:subClassOf,rc:Province_BurkinaFaso
rc:Sanmatenga_ProvinceBurkinaFaso,rdfs:subClassOf,owl:Thing
rc:Seachannel,rdfs:subClassOf,rc:Channel_WaterPath
rc:Seachannel,rdfs:subClassOf,owl:Thing
rc:OceanicTrenchOfTheCaribbeanSea,rdfs:subClassOf,rc:OceanTrench
rc:OceanicTrenchOfTheCaribbeanSea,rdfs:subClassOf,owl:Thing
rc:Kongo_classBattlecruiser,rdfs:subClassOf,rc:BattleCruiser
rc:Kongo_classBattlecruiser,rdfs:subClassOf,owl:Thing
rc:NepaliSpeakingCountryOrTerritory,rdfs:subClassOf,rc:LanguageSpeakingCountryOrTerritory
rc:NepaliSpeakingCountryOrTerritory,rdfs:subClassOf,owl:Thing
rc:County_Georgia,rdfs:subClassOf,rc:USCounty
rc:County_Georgia,rdfs:subClassOf,owl:Thing
rc:BaffinIsland,rdfs:subClassOf,rc:Island
rc:BaffinIsland,rdfs:subClassOf,owl:Thing
rc:StockDam,rdfs:subClassOf,rc:Dam
rc:StockDam,rdfs:subClassOf,owl:Thing
rc:Flexus_Planetary,rdfs:subClassOf,rc:Ridge_Hill
rc:Flexus_Planetary,rdfs:subClassOf,owl:Thing
rc:SpaceShuttleLivingQuarters,rdfs:subClassOf,rc:HumanlyOccupiedRegion_TransportationDevice
rc:SpaceShuttleLivingQuarters,rdfs:subClassOf,owl:Thing
rc:CouncilHouse,rdfs:subClassOf,rc:RentalProperty
rc:CouncilHouse,rdfs:subClassOf,owl:Thing
rc:Durango_StateMexico,rdfs:subClassOf,rc:State_Mexico
rc:Durango_StateMexico,rdfs:subClassOf,owl:Thing
rc:AdmiralHipper_classCruiser,rdfs:subClassOf,rc:BattleCruiser
rc:AdmiralHipper_classCruiser,rdfs:subClassOf,owl:Thing
rc:Afloat_Generic,rdfs:subClassOf,rc:Place_Situational
rc:Afloat_Generic,rdfs:subClassOf,owl:Thing
rc:JapaneseCastle,rdfs:subClassOf,rc:Castle
rc:JapaneseCastle,rdfs:subClassOf,owl:Thing
rc:DryCreekBed,rdfs:subClassOf,rc:FlowTerrain
rc:DryCreekBed,rdfs:subClassOf,owl:Thing
rc:MemberStateOfTheUnitedNations,rdfs:subClassOf,rc:MemberState
rc:MemberStateOfTheUnitedNations,rdfs:subClassOf,owl:Thing
rc:Maine_State,rdfs:subClassOf,rc:State_UnitedStates
rc:Maine_State,rdfs:subClassOf,owl:Thing
rc:Bucentaur,rdfs:subClassOf,rc:Barge
rc:Bucentaur,rdfs:subClassOf,owl:Thing
rc:CenterOfGeographicalRegion,rdfs:subClassOf,rc:Epicenter
rc:CenterOfGeographicalRegion,rdfs:subClassOf,owl:Thing
rc:LakeHuron,rdfs:subClassOf,rc:GreatLakes
rc:LakeHuron,rdfs:subClassOf,owl:Thing
rc:HaTay_ProvinceVietnam,rdfs:subClassOf,rc:Province_Vietnam
rc:HaTay_ProvinceVietnam,rdfs:subClassOf,owl:Thing
rc:LocalGeopoliticalRegion,rdfs:subClassOf,rc:GeopoliticalRegion
rc:LocalGeopoliticalRegion,rdfs:subClassOf,owl:Thing
rc:DisplayWindow_Complete,rdfs:subClassOf,rc:SpaceInAFixedHOC
rc:DisplayWindow_Complete,rdfs:subClassOf,rc:Window
rc:DisplayWindow_Complete,rdfs:subClassOf,owl:Thing
rc:VillageInTheInnerHebrides,rdfs:subClassOf,rc:Village
rc:VillageInTheInnerHebrides,rdfs:subClassOf,owl:Thing
rc:ArcticCordillera,rdfs:subClassOf,rc:BaffinIsland
rc:ArcticCordillera,rdfs:subClassOf,owl:Thing
rc:InflatableBoat,rdfs:subClassOf,rc:Boat
rc:InflatableBoat,rdfs:subClassOf,rc:Watercraft_Small
rc:InflatableBoat,rdfs:subClassOf,owl:Thing
rc:ArtifactualFeatureType,rdfs:subClassOf,rc:LandscapeType
rc:ArtifactualFeatureType,rdfs:subClassOf,owl:Thing
rc:Minesweeper_Ocean,rdfs:subClassOf,rc:MineCountermeasuresVessel
rc:Minesweeper_Ocean,rdfs:subClassOf,owl:Thing
rc:Windmill,rdfs:subClassOf,rc:Tower
rc:Windmill,rdfs:subClassOf,rc:UtilityBuildingStructure
rc:Windmill,rdfs:subClassOf,owl:Thing
rc:Sidewalk,rdfs:subClassOf,rc:PublicProperty
rc:Sidewalk,rdfs:subClassOf,rc:TransportFacility
rc:Sidewalk,rdfs:subClassOf,rc:Walkway
rc:Sidewalk,rdfs:subClassOf,owl:Thing
rc:HudsonValley,rdfs:subClassOf,rc:HudsonRiver
rc:HudsonValley,rdfs:subClassOf,rc:UpstateNewYork_Region
rc:HudsonValley,rdfs:subClassOf,owl:Thing
rc:District_HaTayProvince,rdfs:subClassOf,rc:District
rc:District_HaTayProvince,rdfs:subClassOf,rc:HaTay_ProvinceVietnam
rc:District_HaTayProvince,rdfs:subClassOf,owl:Thing
rc:AgriculturalBuildingStructure,rdfs:subClassOf,rc:PermanentBuildingStructure
rc:AgriculturalBuildingStructure,rdfs:subClassOf,owl:Thing
rc:RussianOrthodoxChurchBuilding,rdfs:subClassOf,rc:OrthodoxChurchBuilding
rc:RussianOrthodoxChurchBuilding,rdfs:subClassOf,owl:Thing
rc:Kongo_classIronclad,rdfs:subClassOf,rc:IroncladWarship
rc:Kongo_classIronclad,rdfs:subClassOf,owl:Thing
rc:SaintCroix_Island,rdfs:subClassOf,rc:Island
rc:SaintCroix_Island,rdfs:subClassOf,owl:Thing
rc:RatnapuraDistrict,rdfs:subClassOf,rc:Sabaragamuwa_ProvinceSriLanka
rc:RatnapuraDistrict,rdfs:subClassOf,owl:Thing
rc:NewYork_classBattleship,rdfs:subClassOf,rc:Battleship
rc:NewYork_classBattleship,rdfs:subClassOf,owl:Thing
rc:LocalGovernmentArea_Australia,rdfs:subClassOf,rc:ThirdOrderAdministrativeDivision
rc:LocalGovernmentArea_Australia,rdfs:subClassOf,owl:Thing
rc:ClimaticAndGlaciologicalAndesSubregion,rdfs:subClassOf,rc:Andes_Mountains
rc:ClimaticAndGlaciologicalAndesSubregion,rdfs:subClassOf,owl:Thing
rc:PostMill,rdfs:subClassOf,rc:Windmill
rc:PostMill,rdfs:subClassOf,owl:Thing
rc:TiziOuzou_ProvinceAlgeria,rdfs:subClassOf,rc:Province_Algeria
rc:TiziOuzou_ProvinceAlgeria,rdfs:subClassOf,owl:Thing
rc:UnderwaterTopographicalFeature,rdfs:subClassOf,rc:LandTopographicalFeature
rc:UnderwaterTopographicalFeature,rdfs:subClassOf,rc:UnderwaterLocation
rc:UnderwaterTopographicalFeature,rdfs:subClassOf,owl:Thing
rc:Afloat_OnWater,rdfs:subClassOf,rc:Afloat_Generic
rc:Afloat_OnWater,rdfs:subClassOf,owl:Thing
rc:SchoolDistrict,rdfs:subClassOf,rc:AdministrativeDistrict
rc:SchoolDistrict,rdfs:subClassOf,owl:Thing
rc:Gymnasium_Facility,rdfs:subClassOf,rc:EducationalResearchBuildingStructure
rc:Gymnasium_Facility,rdfs:subClassOf,rc:SportHealthBuildingStructure
rc:Gymnasium_Facility,rdfs:subClassOf,owl:Thing
rc:RepublicOfSouthAfrica,rdfs:subClassOf,rc:Country
rc:RepublicOfSouthAfrica,rdfs:subClassOf,owl:Thing
rc:Bowl_Eating,rdfs:subClassOf,rc:Bowl_Generic
rc:Bowl_Eating,rdfs:subClassOf,owl:Thing
rc:ComaBerenices_Constellation,rdfs:subClassOf,rc:Constellation
rc:ComaBerenices_Constellation,rdfs:subClassOf,owl:Thing
rc:MemberState_ASEAN,rdfs:subClassOf,rc:MemberState
rc:MemberState_ASEAN,rdfs:subClassOf,owl:Thing
rc:FaroeIslands,rdfs:subClassOf,rc:Archipelago
rc:FaroeIslands,rdfs:subClassOf,owl:Thing
rc:Tlaxcala_StateMexico,rdfs:subClassOf,rc:State_Mexico
rc:Tlaxcala_StateMexico,rdfs:subClassOf,owl:Thing
rc:Commune_Angola,rdfs:subClassOf,rc:ThirdOrderAdministrativeDivision
rc:Commune_Angola,rdfs:subClassOf,owl:Thing
rc:Taurus_Constellation,rdfs:subClassOf,rc:ZodiacConstellation
rc:Taurus_Constellation,rdfs:subClassOf,owl:Thing
rc:NightClub_Facility,rdfs:subClassOf,rc:CommercialFacility
rc:NightClub_Facility,rdfs:subClassOf,rc:CommercialPublicPlace
rc:NightClub_Facility,rdfs:subClassOf,owl:Thing
rc:WesternBugRiver,rdfs:subClassOf,rc:River
rc:WesternBugRiver,rdfs:subClassOf,owl:Thing
rc:MisamisOccidental_ProvincePhilippines,rdfs:subClassOf,rc:Province_Philippines
rc:MisamisOccidental_ProvincePhilippines,rdfs:subClassOf,owl:Thing
rc:AbyssalPlain,rdfs:subClassOf,rc:UnderwaterTopographicalFeature
rc:AbyssalPlain,rdfs:subClassOf,owl:Thing
rc:Interstate75,rdfs:subClassOf,rc:InterstateHighway
rc:Interstate75,rdfs:subClassOf,owl:Thing
rc:FaroeIslands_AdministrativeDivision,rdfs:subClassOf,rc:AutonomousRegion
rc:FaroeIslands_AdministrativeDivision,rdfs:subClassOf,owl:Thing
rc:NewZealand,rdfs:subClassOf,rc:Country
rc:NewZealand,rdfs:subClassOf,owl:Thing
rc:AircraftCarrier,rdfs:subClassOf,rc:AircraftLandingAndTakeoffFacility
rc:AircraftCarrier,rdfs:subClassOf,rc:ModernNavalShip
rc:AircraftCarrier,rdfs:subClassOf,owl:Thing
rc:YubaCountyCalifornia,rdfs:subClassOf,rc:NorthernCalifornia
rc:YubaCountyCalifornia,rdfs:subClassOf,owl:Thing
rc:Sannat,rdfs:subClassOf,rc:Village
rc:Sannat,rdfs:subClassOf,owl:Thing
rc:Tugboat,rdfs:subClassOf,rc:Boat
rc:Tugboat,rdfs:subClassOf,rc:Motorboat
rc:Tugboat,rdfs:subClassOf,owl:Thing
rc:CrabNebula,rdfs:subClassOf,rc:Taurus_Constellation
rc:CrabNebula,rdfs:subClassOf,owl:Thing
rc:FortTheShelterRegion,rdfs:subClassOf,rc:DefensiveStructure
rc:FortTheShelterRegion,rdfs:subClassOf,rc:HumanResidenceArea
rc:FortTheShelterRegion,rdfs:subClassOf,owl:Thing
rc:Mausoleum,rdfs:subClassOf,rc:FixedStructure
rc:Mausoleum,rdfs:subClassOf,rc:MemorialMarker
rc:Mausoleum,rdfs:subClassOf,owl:Thing
rc:FenRiver,rdfs:subClassOf,rc:River
rc:FenRiver,rdfs:subClassOf,owl:Thing
rc:Seaport,rdfs:subClassOf,rc:EconomicRegion
rc:Seaport,rdfs:subClassOf,rc:Terminal_TransferPoint
rc:Seaport,rdfs:subClassOf,owl:Thing
rc:CityOnTheDniester,rdfs:subClassOf,rc:City
rc:CityOnTheDniester,rdfs:subClassOf,owl:Thing
rc:OceanicTrenchOfTheSouthChinaSea,rdfs:subClassOf,rc:OceanTrench
rc:OceanicTrenchOfTheSouthChinaSea,rdfs:subClassOf,owl:Thing
rc:PapuaProvince,rdfs:subClassOf,rc:WesternNewGuinea
rc:PapuaProvince,rdfs:subClassOf,owl:Thing
rc:DryDock,rdfs:subClassOf,rc:Dock
rc:DryDock,rdfs:subClassOf,owl:Thing
rc:PeeDeeRiver,rdfs:subClassOf,rc:River
rc:PeeDeeRiver,rdfs:subClassOf,owl:Thing
rc:UssuriRiver,rdfs:subClassOf,rc:River
rc:UssuriRiver,rdfs:subClassOf,owl:Thing
rc:InnerMongolia_ProvinceChina,rdfs:subClassOf,rc:ChineseProvince
rc:InnerMongolia_ProvinceChina,rdfs:subClassOf,owl:Thing
rc:Lomza_ProvincePoland,rdfs:subClassOf,rc:Province_Poland
rc:Lomza_ProvincePoland,rdfs:subClassOf,owl:Thing
rc:Kaiser_classBattleship,rdfs:subClassOf,rc:Battleship
rc:Kaiser_classBattleship,rdfs:subClassOf,owl:Thing
rc:County_Hungary,rdfs:subClassOf,rc:County
rc:County_Hungary,rdfs:subClassOf,owl:Thing
rc:HumanlyOccupiedRegion_TransportationDevice,rdfs:subClassOf,rc:SpaceInAHOC
rc:HumanlyOccupiedRegion_TransportationDevice,rdfs:subClassOf,owl:Thing
rc:PredynasticEgypt,rdfs:subClassOf,rc:AncientEgypt
rc:PredynasticEgypt,rdfs:subClassOf,owl:Thing
rc:Port,rdfs:subClassOf,rc:Seaport
rc:Port,rdfs:subClassOf,owl:Thing
rc:DanubeRiver,rdfs:subClassOf,rc:River
rc:DanubeRiver,rdfs:subClassOf,owl:Thing
rc:LakeHuronCircleTour,rdfs:subClassOf,rc:CircleTour
rc:LakeHuronCircleTour,rdfs:subClassOf,owl:Thing
rc:Raft,rdfs:subClassOf,rc:Watercraft_Small
rc:Raft,rdfs:subClassOf,owl:Thing
rc:Barge,rdfs:subClassOf,rc:Watercraft
rc:Barge,rdfs:subClassOf,owl:Thing
rc:DiningRoom_Home,rdfs:subClassOf,rc:DiningRoom
rc:DiningRoom_Home,rdfs:subClassOf,owl:Thing
rc:NoatakRiver,rdfs:subClassOf,rc:River
rc:NoatakRiver,rdfs:subClassOf,owl:Thing
rc:AslyumBuilding,rdfs:subClassOf,rc:AccommodationBuildingStructure
rc:AslyumBuilding,rdfs:subClassOf,rc:Building
rc:AslyumBuilding,rdfs:subClassOf,owl:Thing
rc:Province_Kyrgyzstan,rdfs:subClassOf,rc:Province
rc:Province_Kyrgyzstan,rdfs:subClassOf,owl:Thing
rc:Commune_Burundi,rdfs:subClassOf,rc:SecondOrderAdministrativeDivision
rc:Commune_Burundi,rdfs:subClassOf,owl:Thing
rc:SubwayStation,rdfs:subClassOf,rc:PublicTerminal
rc:SubwayStation,rdfs:subClassOf,rc:Underground
rc:SubwayStation,rdfs:subClassOf,owl:Thing
rc:PassengerCompartment,rdfs:subClassOf,rc:HumanlyOccupiedRegion_TransportationDevice
rc:PassengerCompartment,rdfs:subClassOf,owl:Thing
rc:DanubeDelta,rdfs:subClassOf,rc:DanubeRiver
rc:DanubeDelta,rdfs:subClassOf,owl:Thing
rc:MontBlanc_Mount,rdfs:subClassOf,rc:Mountain
rc:MontBlanc_Mount,rdfs:subClassOf,owl:Thing
rc:SouthernHighlandsNewSouthWales,rdfs:subClassOf,rc:GreatDividingRange
rc:SouthernHighlandsNewSouthWales,rdfs:subClassOf,owl:Thing
rc:MilitaryAdministrativeRegion,rdfs:subClassOf,rc:GeopoliticalRegion
rc:MilitaryAdministrativeRegion,rdfs:subClassOf,owl:Thing
rc:Maine_classBattleship,rdfs:subClassOf,rc:PreDreadnoughtBattleship
rc:Maine_classBattleship,rdfs:subClassOf,owl:Thing
rc:Table_SeatingArea,rdfs:subClassOf,rc:RestaurantSeatingArea
rc:Table_SeatingArea,rdfs:subClassOf,owl:Thing
rc:WindsorCastle,rdfs:subClassOf,rc:OfficialResidence
rc:WindsorCastle,rdfs:subClassOf,rc:PalaceBuilding
rc:WindsorCastle,rdfs:subClassOf,owl:Thing
rc:Batken_ProvinceKyrgyzstan,rdfs:subClassOf,rc:Province_Kyrgyzstan
rc:Batken_ProvinceKyrgyzstan,rdfs:subClassOf,owl:Thing
rc:Battleship,rdfs:subClassOf,rc:ModernNavalShip
rc:Battleship,rdfs:subClassOf,owl:Thing
rc:Province_Poland,rdfs:subClassOf,rc:Province
rc:Province_Poland,rdfs:subClassOf,owl:Thing
rc:ElectricalOutlet,rdfs:subClassOf,rc:LowVoltageNetwork
rc:ElectricalOutlet,rdfs:subClassOf,owl:Thing
rc:County_Illinois,rdfs:subClassOf,rc:USCounty
rc:County_Illinois,rdfs:subClassOf,owl:Thing
rc:Fortification,rdfs:subClassOf,rc:DefensiveStructure
rc:Fortification,rdfs:subClassOf,owl:Thing
rc:Helmand_ProvinceAfghanistan,rdfs:subClassOf,rc:Province_Afghanistan
rc:Helmand_ProvinceAfghanistan,rdfs:subClassOf,owl:Thing
rc:Elba_Island_Italy,rdfs:subClassOf,rc:Island
rc:Elba_Island_Italy,rdfs:subClassOf,owl:Thing
rc:CanadianRiver,rdfs:subClassOf,rc:River
rc:CanadianRiver,rdfs:subClassOf,owl:Thing
rc:LocalGovernmentArea_NewSouthWales,rdfs:subClassOf,rc:ThirdOrderAdministrativeDivision
rc:LocalGovernmentArea_NewSouthWales,rdfs:subClassOf,owl:Thing
rc:Grave,rdfs:subClassOf,rc:Gravesite
rc:Grave,rdfs:subClassOf,rc:ProtectedArea
rc:Grave,rdfs:subClassOf,owl:Thing
rc:Konig_classBattleship,rdfs:subClassOf,rc:Battleship
rc:Konig_classBattleship,rdfs:subClassOf,owl:Thing
rc:VillageOnTheIsleOfMull,rdfs:subClassOf,rc:Village
rc:VillageOnTheIsleOfMull,rdfs:subClassOf,owl:Thing
rc:StationOfTheNakasendo,rdfs:subClassOf,rc:TravelRoute_Road
rc:StationOfTheNakasendo,rdfs:subClassOf,owl:Thing
rc:AircraftCabin,rdfs:subClassOf,rc:PassengerCompartment
rc:AircraftCabin,rdfs:subClassOf,owl:Thing
rc:BialaPodlaska_ProvincePoland,rdfs:subClassOf,rc:Province_Poland
rc:BialaPodlaska_ProvincePoland,rdfs:subClassOf,owl:Thing
rc:Stalingrad_classBattlecruiser,rdfs:subClassOf,rc:BattleCruiser
rc:Stalingrad_classBattlecruiser,rdfs:subClassOf,owl:Thing
rc:Causeway,rdfs:subClassOf,rc:Bridge
rc:Causeway,rdfs:subClassOf,rc:IrrigationFloodControlWaterwork
rc:Causeway,rdfs:subClassOf,owl:Thing
rc:Delphinus_Constellation,rdfs:subClassOf,rc:Constellation
rc:Delphinus_Constellation,rdfs:subClassOf,owl:Thing
rc:InflatableRaft,rdfs:subClassOf,rc:Raft
rc:InflatableRaft,rdfs:subClassOf,owl:Thing
rc:ArableLand,rdfs:subClassOf,rc:EconomicRegion
rc:ArableLand,rdfs:subClassOf,rc:LandTopographicalFeature
rc:ArableLand,rdfs:subClassOf,owl:Thing
rc:MeetingHouse,rdfs:subClassOf,rc:Church_Building
rc:MeetingHouse,rdfs:subClassOf,rc:PersonAssemblyArea
rc:MeetingHouse,rdfs:subClassOf,owl:Thing
rc:Group_PopulatedPlace,rdfs:subClassOf,rc:PopulatedPlace
rc:Group_PopulatedPlace,rdfs:subClassOf,owl:Thing
rc:Gazebo,rdfs:subClassOf,rc:PrefabricatedResidentialBuildingStructure
rc:Gazebo,rdfs:subClassOf,rc:SmallBuilding
rc:Gazebo,rdfs:subClassOf,owl:Thing
rc:Samarkand,rdfs:subClassOf,rc:Khorasan_ProvinceIran
rc:Samarkand,rdfs:subClassOf,owl:Thing
rc:SierraNevada_Mountains,rdfs:subClassOf,rc:MountainRange
rc:SierraNevada_Mountains,rdfs:subClassOf,owl:Thing
rc:Cuesta,rdfs:subClassOf,rc:Ridge_Hill
rc:Cuesta,rdfs:subClassOf,owl:Thing
rc:District_HelmandProvince,rdfs:subClassOf,rc:District
rc:District_HelmandProvince,rdfs:subClassOf,rc:Helmand_ProvinceAfghanistan
rc:District_HelmandProvince,rdfs:subClassOf,owl:Thing
rc:RegionTypeBySurfaceDrainage_NRCS,rdfs:subClassOf,rc:RegionTypeByTerrain
rc:RegionTypeBySurfaceDrainage_NRCS,rdfs:subClassOf,owl:Thing
rc:Interstate76East,rdfs:subClassOf,rc:InterstateHighway
rc:Interstate76East,rdfs:subClassOf,owl:Thing
rc:WeatherShip,rdfs:subClassOf,rc:Ship_PermanentlyMoored
rc:WeatherShip,rdfs:subClassOf,owl:Thing
rc:NorthBorneo,rdfs:subClassOf,rc:Borneo_TheIsland
rc:NorthBorneo,rdfs:subClassOf,rc:Brunei
rc:NorthBorneo,rdfs:subClassOf,owl:Thing
rc:Tlemcen_ProvinceAlgeria,rdfs:subClassOf,rc:Province_Algeria
rc:Tlemcen_ProvinceAlgeria,rdfs:subClassOf,owl:Thing
rc:FortificationArchitecturalElement,rdfs:subClassOf,rc:Fortification
rc:FortificationArchitecturalElement,rdfs:subClassOf,owl:Thing
rc:SaintEustatiusIsland_NetherlandsAntilles,rdfs:subClassOf,rc:Island
rc:SaintEustatiusIsland_NetherlandsAntilles,rdfs:subClassOf,rc:NetherlandsAntilles
rc:SaintEustatiusIsland_NetherlandsAntilles,rdfs:subClassOf,owl:Thing
rc:Colombia,rdfs:subClassOf,rc:SouthAmericanCountry
rc:Colombia,rdfs:subClassOf,owl:Thing
rc:MisamisOriental_ProvincePhilippines,rdfs:subClassOf,rc:Province_Philippines
rc:MisamisOriental_ProvincePhilippines,rdfs:subClassOf,owl:Thing
rc:RecreationDam,rdfs:subClassOf,rc:Dam
rc:RecreationDam,rdfs:subClassOf,owl:Thing
rc:Pamir_Mountains,rdfs:subClassOf,rc:MountainRange
rc:Pamir_Mountains,rdfs:subClassOf,owl:Thing
rc:ComaPedrosa_Andorra,rdfs:subClassOf,rc:Mountain
rc:ComaPedrosa_Andorra,rdfs:subClassOf,owl:Thing
rc:PeriodicallyFloodedRegion,rdfs:subClassOf,rc:RegionTypeBySurfaceDrainage_NRCS
rc:PeriodicallyFloodedRegion,rdfs:subClassOf,owl:Thing
rc:BusinessCenter,rdfs:subClassOf,rc:BuildingCluster
rc:BusinessCenter,rdfs:subClassOf,rc:OfficeSpace
rc:BusinessCenter,rdfs:subClassOf,owl:Thing
rc:Marinduque_ProvincePhilippines,rdfs:subClassOf,rc:Province_Philippines
rc:Marinduque_ProvincePhilippines,rdfs:subClassOf,owl:Thing
rc:Fars_ProvinceIran,rdfs:subClassOf,rc:Province_Iran
rc:Fars_ProvinceIran,rdfs:subClassOf,owl:Thing
rc:Peeler_Device,rdfs:subClassOf,rc:CookingUtensil
rc:Peeler_Device,rdfs:subClassOf,owl:Thing
rc:Commune_Cambodia,rdfs:subClassOf,rc:ThirdOrderAdministrativeDivision
rc:Commune_Cambodia,rdfs:subClassOf,owl:Thing
rc:BodyOfWater_Intermittent,rdfs:subClassOf,rc:BodyOfWater_Area
rc:BodyOfWater_Intermittent,rdfs:subClassOf,rc:PeriodicallyFloodedRegion
rc:BodyOfWater_Intermittent,rdfs:subClassOf,owl:Thing
rc:IndustrialHeritageAnchorPointEuropeanRoute,rdfs:subClassOf,rc:TravelRoute_Road
rc:IndustrialHeritageAnchorPointEuropeanRoute,rdfs:subClassOf,owl:Thing
rc:TownshipLevelDivisionsOfJiangxi,rdfs:subClassOf,rc:Jiangxi_ProvinceChina
rc:TownshipLevelDivisionsOfJiangxi,rdfs:subClassOf,owl:Thing
rc:Interstate77,rdfs:subClassOf,rc:InterstateHighway
rc:Interstate77,rdfs:subClassOf,owl:Thing
rc:RoadBridge,rdfs:subClassOf,rc:TransportBuildingStructure
rc:RoadBridge,rdfs:subClassOf,owl:Thing
rc:ButtressDam,rdfs:subClassOf,rc:Dam
rc:ButtressDam,rdfs:subClassOf,owl:Thing
rc:LakeLBJ,rdfs:subClassOf,rc:WaterReservoir
rc:LakeLBJ,rdfs:subClassOf,owl:Thing
rc:OfficeSpace,rdfs:subClassOf,rc:MultiRoomUnit
rc:OfficeSpace,rdfs:subClassOf,owl:Thing
rc:RoadVehiclePassengerCompartment,rdfs:subClassOf,rc:PassengerCompartment
rc:RoadVehiclePassengerCompartment,rdfs:subClassOf,owl:Thing
rc:Amphitheater,rdfs:subClassOf,rc:HumanHighOccupancyConstruct
rc:Amphitheater,rdfs:subClassOf,owl:Thing
rc:TridentClassSubmarine,rdfs:subClassOf,rc:BallisticMissileSubmarine
rc:TridentClassSubmarine,rdfs:subClassOf,rc:NuclearSubmarine
rc:TridentClassSubmarine,rdfs:subClassOf,owl:Thing
rc:FortificationByBuilder,rdfs:subClassOf,rc:Fortification
rc:FortificationByBuilder,rdfs:subClassOf,owl:Thing
rc:NorthCanadianRiver,rdfs:subClassOf,rc:River
rc:NorthCanadianRiver,rdfs:subClassOf,owl:Thing
rc:SaatliRayonuAzerbaijan,rdfs:subClassOf,rc:Province
rc:SaatliRayonuAzerbaijan,rdfs:subClassOf,owl:Thing
rc:PortCity,rdfs:subClassOf,rc:CoastalCity
rc:PortCity,rdfs:subClassOf,owl:Thing
rc:MedicalLaboratory,rdfs:subClassOf,rc:Laboratory
rc:MedicalLaboratory,rdfs:subClassOf,owl:Thing
rc:Catalonia,rdfs:subClassOf,rc:State_Geopolitical
rc:Catalonia,rdfs:subClassOf,owl:Thing
rc:Romania,rdfs:subClassOf,rc:EasternEuropeanCountry
rc:Romania,rdfs:subClassOf,owl:Thing
rc:PlacerCountyCalifornia,rdfs:subClassOf,rc:NorthernCalifornia
rc:PlacerCountyCalifornia,rdfs:subClassOf,rc:SierraNevada_Mountains
rc:PlacerCountyCalifornia,rdfs:subClassOf,owl:Thing
rc:PikeNationalForest,rdfs:subClassOf,rc:NationalForest
rc:PikeNationalForest,rdfs:subClassOf,owl:Thing
rc:Lyra_Constellation,rdfs:subClassOf,rc:Constellation
rc:Lyra_Constellation,rdfs:subClassOf,owl:Thing
rc:Bridge,rdfs:subClassOf,rc:RoadBridge
rc:Bridge,rdfs:subClassOf,rc:TransportFacility
rc:Bridge,rdfs:subClassOf,owl:Thing
rc:Ocean,rdfs:subClassOf,rc:Sea
rc:Ocean,rdfs:subClassOf,owl:Thing
rc:StockExchangePhysicalQuarters,rdfs:subClassOf,rc:OfficeBuilding
rc:StockExchangePhysicalQuarters,rdfs:subClassOf,owl:Thing
rc:Kaiser_classIronclad,rdfs:subClassOf,rc:IroncladWarship
rc:Kaiser_classIronclad,rdfs:subClassOf,owl:Thing
rc:AdministrativeDivisionBelowMunicipality_Spain,rdfs:subClassOf,rc:AdministrativeDivision
rc:AdministrativeDivisionBelowMunicipality_Spain,rdfs:subClassOf,owl:Thing
rc:Malopolskie_ProvincePoland,rdfs:subClassOf,rc:Province_Poland
rc:Malopolskie_ProvincePoland,rdfs:subClassOf,owl:Thing
rc:LakeMaggiore,rdfs:subClassOf,rc:ResortFacility
rc:LakeMaggiore,rdfs:subClassOf,owl:Thing
rc:County_Iran,rdfs:subClassOf,rc:County
rc:County_Iran,rdfs:subClassOf,rc:SecondOrderAdministrativeDivision
rc:County_Iran,rdfs:subClassOf,owl:Thing
rc:SocialClub_Building,rdfs:subClassOf,rc:CommercialBuilding
rc:SocialClub_Building,rdfs:subClassOf,rc:RestaurantSpace
rc:SocialClub_Building,rdfs:subClassOf,owl:Thing
rc:RockyMountains,rdfs:subClassOf,rc:MountainRange
rc:RockyMountains,rdfs:subClassOf,owl:Thing
rc:USTownship,rdfs:subClassOf,rc:Township
rc:USTownship,rdfs:subClassOf,owl:Thing
rc:LocalGovernmentArea_Nigeria,rdfs:subClassOf,rc:SecondOrderAdministrativeDivision
rc:LocalGovernmentArea_Nigeria,rdfs:subClassOf,owl:Thing
rc:Tarlac_ProvincePhilippines,rdfs:subClassOf,rc:Province_Philippines
rc:Tarlac_ProvincePhilippines,rdfs:subClassOf,owl:Thing
rc:ArcticOcean,rdfs:subClassOf,rc:Ocean
rc:ArcticOcean,rdfs:subClassOf,owl:Thing
rc:AutomaticCarWindow,rdfs:subClassOf,rc:RoadVehiclePassengerCompartment
rc:AutomaticCarWindow,rdfs:subClassOf,owl:Thing
rc:Strongpoint_Military,rdfs:subClassOf,rc:CoverProvidingTerrain
rc:Strongpoint_Military,rdfs:subClassOf,rc:DefensivePosition
rc:Strongpoint_Military,rdfs:subClassOf,rc:DefensivelyAdvantageousTerrain
rc:Strongpoint_Military,rdfs:subClassOf,rc:TacticalPoint
rc:Strongpoint_Military,rdfs:subClassOf,owl:Thing
rc:Horizon,rdfs:subClassOf,rc:Place_NonAgent_Area
rc:Horizon,rdfs:subClassOf,owl:Thing
rc:ItalianSpeakingCountryOrTerritory,rdfs:subClassOf,rc:LanguageSpeakingCountryOrTerritory
rc:ItalianSpeakingCountryOrTerritory,rdfs:subClassOf,owl:Thing
rc:Esfahan_ProvinceIran,rdfs:subClassOf,rc:Province_Iran
rc:Esfahan_ProvinceIran,rdfs:subClassOf,owl:Thing
rc:Montana_State,rdfs:subClassOf,rc:State_UnitedStates
rc:Montana_State,rdfs:subClassOf,owl:Thing
rc:CommercialPassengerAirplaneCabin,rdfs:subClassOf,rc:AirplaneCabin
rc:CommercialPassengerAirplaneCabin,rdfs:subClassOf,owl:Thing
rc:BalticSea,rdfs:subClassOf,rc:Sea
rc:BalticSea,rdfs:subClassOf,owl:Thing
rc:CanadianRockies,rdfs:subClassOf,rc:RockyMountains
rc:CanadianRockies,rdfs:subClassOf,owl:Thing
rc:PostOffice,rdfs:subClassOf,rc:PublicBuildingStructure
rc:PostOffice,rdfs:subClassOf,owl:Thing
rc:TopBarHive,rdfs:subClassOf,rc:NestForBees
rc:TopBarHive,rdfs:subClassOf,owl:Thing
rc:Konigsberg_classCruiser,rdfs:subClassOf,rc:LightCruiser
rc:Konigsberg_classCruiser,rdfs:subClassOf,owl:Thing
rc:MovableBridge,rdfs:subClassOf,rc:Bridge
rc:MovableBridge,rdfs:subClassOf,owl:Thing
rc:TaliabuIsland_Indonesia,rdfs:subClassOf,rc:Island
rc:TaliabuIsland_Indonesia,rdfs:subClassOf,owl:Thing
rc:BoninIslands,rdfs:subClassOf,rc:Archipelago
rc:BoninIslands,rdfs:subClassOf,owl:Thing
rc:Syros,rdfs:subClassOf,rc:Cyclades
rc:Syros,rdfs:subClassOf,owl:Thing
rc:AgusandelSur_ProvincePhilippines,rdfs:subClassOf,rc:Province_Philippines
rc:AgusandelSur_ProvincePhilippines,rdfs:subClassOf,owl:Thing
rc:Village_Armenia,rdfs:subClassOf,rc:Village
rc:Village_Armenia,rdfs:subClassOf,owl:Thing
rc:SabaIsland_NetherlandsAntilles,rdfs:subClassOf,rc:Island
rc:SabaIsland_NetherlandsAntilles,rdfs:subClassOf,rc:NetherlandsAntilles
rc:SabaIsland_NetherlandsAntilles,rdfs:subClassOf,owl:Thing
rc:BalticIslands,rdfs:subClassOf,rc:BalticSea
rc:BalticIslands,rdfs:subClassOf,rc:Island
rc:BalticIslands,rdfs:subClassOf,owl:Thing
rc:PikesPeak_Mount,rdfs:subClassOf,rc:Massif
rc:PikesPeak_Mount,rdfs:subClassOf,owl:Thing
rc:BalancingReservoir,rdfs:subClassOf,rc:WaterReservoir
rc:BalancingReservoir,rdfs:subClassOf,owl:Thing
rc:LocalGovernmentArea_WesternAustralia,rdfs:subClassOf,rc:ThirdOrderAdministrativeDivision
rc:LocalGovernmentArea_WesternAustralia,rdfs:subClassOf,owl:Thing
rc:WeatherStation,rdfs:subClassOf,rc:ResearchStation
rc:WeatherStation,rdfs:subClassOf,owl:Thing
rc:Interstate78,rdfs:subClassOf,rc:InterstateHighway
rc:Interstate78,rdfs:subClassOf,owl:Thing
rc:Pampanga_ProvincePhilippines,rdfs:subClassOf,rc:Province_Philippines
rc:Pampanga_ProvincePhilippines,rdfs:subClassOf,owl:Thing
rc:Konin_ProvincePoland,rdfs:subClassOf,rc:Province_Poland
rc:Konin_ProvincePoland,rdfs:subClassOf,owl:Thing
rc:RockFormation,rdfs:subClassOf,rc:LandTopographicalFeature
rc:RockFormation,rdfs:subClassOf,owl:Thing
rc:HeavenInPopularCulture,rdfs:subClassOf,rc:Heaven
rc:HeavenInPopularCulture,rdfs:subClassOf,owl:Thing
rc:Greece,rdfs:subClassOf,rc:Country
rc:Greece,rdfs:subClassOf,owl:Thing
rc:FortificationByPeriod,rdfs:subClassOf,rc:Fortification
rc:FortificationByPeriod,rdfs:subClassOf,owl:Thing
rc:SultanKudarat_ProvincePhilippines,rdfs:subClassOf,rc:Province_Philippines
rc:SultanKudarat_ProvincePhilippines,rdfs:subClassOf,owl:Thing
rc:Gorals,rdfs:subClassOf,rc:Malopolskie_ProvincePoland
rc:Gorals,rdfs:subClassOf,owl:Thing
rc:PortCityInTheArabianPeninsula,rdfs:subClassOf,rc:PortCity
rc:PortCityInTheArabianPeninsula,rdfs:subClassOf,owl:Thing
rc:HorseRaceTrack,rdfs:subClassOf,rc:RaceTrack
rc:HorseRaceTrack,rdfs:subClassOf,owl:Thing
rc:Phosphorite,rdfs:subClassOf,rc:SedimentaryRock
rc:Phosphorite,rdfs:subClassOf,owl:Thing
rc:Jujuy_ProvinceArgentina,rdfs:subClassOf,rc:Province_Argentina
rc:Jujuy_ProvinceArgentina,rdfs:subClassOf,owl:Thing
rc:PostOfficeBuilding,rdfs:subClassOf,rc:GovernmentalBuilding
rc:PostOfficeBuilding,rdfs:subClassOf,owl:Thing
rc:SubSurfaceDam,rdfs:subClassOf,rc:Dam
rc:SubSurfaceDam,rdfs:subClassOf,owl:Thing
rc:MarineBase,rdfs:subClassOf,rc:GovernmentalLandParcel
rc:MarineBase,rdfs:subClassOf,owl:Thing
rc:Facility_Agricultural,rdfs:subClassOf,rc:AgriculturalFacility
rc:Facility_Agricultural,rdfs:subClassOf,owl:Thing
rc:Commune_Cameroon,rdfs:subClassOf,rc:FifthOrderAdministrativeDivision
rc:Commune_Cameroon,rdfs:subClassOf,owl:Thing
rc:Cafe_Place,rdfs:subClassOf,rc:CommercialBuilding
rc:Cafe_Place,rdfs:subClassOf,rc:RestaurantSpace
rc:Cafe_Place,rdfs:subClassOf,owl:Thing
rc:Township_Arkansas,rdfs:subClassOf,rc:USTownship
rc:Township_Arkansas,rdfs:subClassOf,owl:Thing
rc:CitySkyline,rdfs:subClassOf,rc:Horizon
rc:CitySkyline,rdfs:subClassOf,owl:Thing
rc:Fork_SilverwarePiece,rdfs:subClassOf,rc:SilverwarePiece
rc:Fork_SilverwarePiece,rdfs:subClassOf,owl:Thing
rc:PlacerMine,rdfs:subClassOf,rc:Mine_ExcavationFacility
rc:PlacerMine,rdfs:subClassOf,owl:Thing
rc:Puntland,rdfs:subClassOf,rc:AfricanCountry
rc:Puntland,rdfs:subClassOf,owl:Thing
rc:RegionTypeBySoilType_USCS,rdfs:subClassOf,rc:RegionTypes
rc:RegionTypeBySoilType_USCS,rdfs:subClassOf,owl:Thing
rc:SuluArchipelago,rdfs:subClassOf,rc:Archipelago
rc:SuluArchipelago,rdfs:subClassOf,owl:Thing
rc:DefenceEstablishment,rdfs:subClassOf,rc:MilitaryFacility
rc:DefenceEstablishment,rdfs:subClassOf,owl:Thing
rc:IberianPeninsula,rdfs:subClassOf,rc:Peninsula
rc:IberianPeninsula,rdfs:subClassOf,owl:Thing
rc:Katori_classBattleship,rdfs:subClassOf,rc:PreDreadnoughtBattleship
rc:Katori_classBattleship,rdfs:subClassOf,owl:Thing
rc:RaceInLatinAmerica,rdfs:subClassOf,rc:LatinAmerica
rc:RaceInLatinAmerica,rdfs:subClassOf,owl:Thing
rc:Yucatan_StateMexico,rdfs:subClassOf,rc:State_Mexico
rc:Yucatan_StateMexico,rdfs:subClassOf,owl:Thing
rc:AquacultureFacility,rdfs:subClassOf,rc:Building
rc:AquacultureFacility,rdfs:subClassOf,rc:Facility_Agricultural
rc:AquacultureFacility,rdfs:subClassOf,owl:Thing
rc:Muramvya_ProvinceBurundi,rdfs:subClassOf,rc:Province_Burundi
rc:Muramvya_ProvinceBurundi,rdfs:subClassOf,owl:Thing
rc:PlumIslandNewYork,rdfs:subClassOf,rc:Island
rc:PlumIslandNewYork,rdfs:subClassOf,owl:Thing
rc:DinnerFork,rdfs:subClassOf,rc:Fork_SilverwarePiece
rc:DinnerFork,rdfs:subClassOf,owl:Thing
rc:AdministrativeDivision_SingleCountry,rdfs:subClassOf,rc:AdministrativeDivision
rc:AdministrativeDivision_SingleCountry,rdfs:subClassOf,owl:Thing
rc:ArmyBase,rdfs:subClassOf,rc:GovernmentalLandParcel
rc:ArmyBase,rdfs:subClassOf,owl:Thing
rc:Runway,rdfs:subClassOf,rc:TransportBuildingStructure
rc:Runway,rdfs:subClassOf,owl:Thing
rc:ElbeRiver,rdfs:subClassOf,rc:River
rc:ElbeRiver,rdfs:subClassOf,owl:Thing
rc:MarineBase_Grounds,rdfs:subClassOf,rc:MilitaryBase_Grounds
rc:MarineBase_Grounds,rdfs:subClassOf,owl:Thing
rc:County_Kansas,rdfs:subClassOf,rc:USCounty
rc:County_Kansas,rdfs:subClassOf,owl:Thing
rc:Commune_CentralAfricanRepublic,rdfs:subClassOf,rc:AdministrativeDistrict
rc:Commune_CentralAfricanRepublic,rdfs:subClassOf,owl:Thing
rc:InorganicSoilRegion,rdfs:subClassOf,rc:RegionTypeBySoilType_USCS
rc:InorganicSoilRegion,rdfs:subClassOf,owl:Thing
rc:Bowl_Mixing,rdfs:subClassOf,rc:Bowl_Generic
rc:Bowl_Mixing,rdfs:subClassOf,owl:Thing
rc:AdministrativeDivision_Brazil,rdfs:subClassOf,rc:AdministrativeDivision_SingleCountry
rc:AdministrativeDivision_Brazil,rdfs:subClassOf,owl:Thing
rc:LightAircraftCarrier,rdfs:subClassOf,rc:AircraftCarrier
rc:LightAircraftCarrier,rdfs:subClassOf,owl:Thing
rc:USFederallyAdministeredTribalAreaAgency,rdfs:subClassOf,rc:FederallyAdministeredTribalAreas_Pakistan
rc:USFederallyAdministeredTribalAreaAgency,rdfs:subClassOf,owl:Thing
rc:Dardanelles_Strait,rdfs:subClassOf,rc:Strait
rc:Dardanelles_Strait,rdfs:subClassOf,owl:Thing
rc:RiftValley,rdfs:subClassOf,rc:Valley
rc:RiftValley,rdfs:subClassOf,owl:Thing
rc:AncientGreekTemple,rdfs:subClassOf,rc:Temple
rc:AncientGreekTemple,rdfs:subClassOf,owl:Thing
rc:District_HouseOfRepresentativesInJapan,rdfs:subClassOf,rc:ElectoralDistrict
rc:District_HouseOfRepresentativesInJapan,rdfs:subClassOf,owl:Thing
rc:SidiBelAbbes_ProvinceAlgeria,rdfs:subClassOf,rc:Province_Algeria
rc:SidiBelAbbes_ProvinceAlgeria,rdfs:subClassOf,owl:Thing
rc:OuachitaNationalForest,rdfs:subClassOf,rc:NationalForest
rc:OuachitaNationalForest,rdfs:subClassOf,owl:Thing
rc:EastAfrica,rdfs:subClassOf,rc:SubSaharanAfrica
rc:EastAfrica,rdfs:subClassOf,owl:Thing
rc:Cordillera,rdfs:subClassOf,rc:MountainRange
rc:Cordillera,rdfs:subClassOf,owl:Thing
rc:Cafeteria,rdfs:subClassOf,rc:CommercialBuilding
rc:Cafeteria,rdfs:subClassOf,owl:Thing
rc:Village_Brunei,rdfs:subClassOf,rc:Village
rc:Village_Brunei,rdfs:subClassOf,owl:Thing
rc:Montana_classBattleship,rdfs:subClassOf,rc:Battleship
rc:Montana_classBattleship,rdfs:subClassOf,owl:Thing
rc:Fuso_classBattleship,rdfs:subClassOf,rc:Dreadnought
rc:Fuso_classBattleship,rdfs:subClassOf,owl:Thing
rc:LakeMaracaibo,rdfs:subClassOf,rc:BodyOfWater_Large
rc:LakeMaracaibo,rdfs:subClassOf,owl:Thing
rc:Gazelle_classCruiser,rdfs:subClassOf,rc:LightCruiser
rc:Gazelle_classCruiser,rdfs:subClassOf,owl:Thing
rc:BariSomalia,rdfs:subClassOf,rc:Puntland
rc:BariSomalia,rdfs:subClassOf,owl:Thing
rc:MaterialSupportShip,rdfs:subClassOf,rc:ModernNavalShip
rc:MaterialSupportShip,rdfs:subClassOf,owl:Thing
rc:District_Hungary,rdfs:subClassOf,rc:SecondOrderAdministrativeDivision
rc:District_Hungary,rdfs:subClassOf,owl:Thing
rc:ArmyBase_Grounds,rdfs:subClassOf,rc:MilitaryBase_Grounds
rc:ArmyBase_Grounds,rdfs:subClassOf,owl:Thing
rc:LasPalmas,rdfs:subClassOf,rc:CapitalCityOfRegion
rc:LasPalmas,rdfs:subClassOf,owl:Thing
rc:IndustrialBuildingStructure,rdfs:subClassOf,rc:PermanentBuildingStructure
rc:IndustrialBuildingStructure,rdfs:subClassOf,owl:Thing
rc:CoarseGrainedSoilRegion,rdfs:subClassOf,rc:InorganicSoilRegion
rc:CoarseGrainedSoilRegion,rdfs:subClassOf,owl:Thing
rc:AirplaneRunway,rdfs:subClassOf,rc:PathForWheeledVehicles
rc:AirplaneRunway,rdfs:subClassOf,rc:Runway
rc:AirplaneRunway,rdfs:subClassOf,owl:Thing
rc:ShastaCascade,rdfs:subClassOf,rc:NorthernCalifornia
rc:ShastaCascade,rdfs:subClassOf,owl:Thing
rc:FlightDeckCruiser,rdfs:subClassOf,rc:Cruiser
rc:FlightDeckCruiser,rdfs:subClassOf,rc:LightAircraftCarrier
rc:FlightDeckCruiser,rdfs:subClassOf,owl:Thing
rc:Russia,rdfs:subClassOf,rc:CaspianCountry
rc:Russia,rdfs:subClassOf,owl:Thing
rc:Invincible_classBattlecruiser,rdfs:subClassOf,rc:BattleCruiser
rc:Invincible_classBattlecruiser,rdfs:subClassOf,owl:Thing
rc:Township_Illinois,rdfs:subClassOf,rc:USTownship
rc:Township_Illinois,rdfs:subClassOf,owl:Thing
rc:BodyOfWater_POI,rdfs:subClassOf,rc:GeographicalPlace_POI
rc:BodyOfWater_POI,rdfs:subClassOf,owl:Thing
rc:Tropics,rdfs:subClassOf,rc:EcologicalRegion
rc:Tropics,rdfs:subClassOf,owl:Thing
rc:Elblag_ProvincePoland,rdfs:subClassOf,rc:Province_Poland
rc:Elblag_ProvincePoland,rdfs:subClassOf,owl:Thing
rc:KeyFeatureArea,rdfs:subClassOf,rc:TacticalArea
rc:KeyFeatureArea,rdfs:subClassOf,rc:TopographicalFeature
rc:KeyFeatureArea,rdfs:subClassOf,owl:Thing
rc:Pila_ProvincePoland,rdfs:subClassOf,rc:Province_Poland
rc:Pila_ProvincePoland,rdfs:subClassOf,owl:Thing
rc:CityState,rdfs:subClassOf,rc:City
rc:CityState,rdfs:subClassOf,rc:IndependentCountry
rc:CityState,rdfs:subClassOf,owl:Thing
rc:Caraga,rdfs:subClassOf,rc:MindanaoIsland_Philippines
rc:Caraga,rdfs:subClassOf,owl:Thing
rc:County_Kentucky,rdfs:subClassOf,rc:USCounty
rc:County_Kentucky,rdfs:subClassOf,owl:Thing
rc:Derfflinger_classBattlecruiser,rdfs:subClassOf,rc:BattleCruiser
rc:Derfflinger_classBattlecruiser,rdfs:subClassOf,owl:Thing
rc:Chernozemye,rdfs:subClassOf,rc:Russia
rc:Chernozemye,rdfs:subClassOf,owl:Thing
rc:DominicanRepublic,rdfs:subClassOf,rc:Country
rc:DominicanRepublic,rdfs:subClassOf,owl:Thing
rc:BuildingOrStructure,rdfs:subClassOf,rc:PermanentBuildingStructure
rc:BuildingOrStructure,rdfs:subClassOf,owl:Thing
rc:TheatreDistrict,rdfs:subClassOf,rc:UrbanArea
rc:TheatreDistrict,rdfs:subClassOf,owl:Thing
rc:SaintGotthard_Mountains,rdfs:subClassOf,rc:MountainRange
rc:SaintGotthard_Mountains,rdfs:subClassOf,owl:Thing
rc:Village_Bulgaria,rdfs:subClassOf,rc:Village
rc:Village_Bulgaria,rdfs:subClassOf,owl:Thing
rc:BodyOfWater_Small,rdfs:subClassOf,rc:BodyOfWater_Area
rc:BodyOfWater_Small,rdfs:subClassOf,owl:Thing
rc:Refinery,rdfs:subClassOf,rc:IndustrialBuildingStructure
rc:Refinery,rdfs:subClassOf,owl:Thing
rc:AncientIndianForest,rdfs:subClassOf,rc:Forest
rc:AncientIndianForest,rdfs:subClassOf,owl:Thing
rc:Shoreline,rdfs:subClassOf,rc:Ground
rc:Shoreline,rdfs:subClassOf,rc:LandTopographicalFeature
rc:Shoreline,rdfs:subClassOf,owl:Thing
rc:Heaven,rdfs:subClassOf,rc:AfterlifePlace
rc:Heaven,rdfs:subClassOf,owl:Thing
rc:OuachitaRiver,rdfs:subClassOf,rc:River
rc:OuachitaRiver,rdfs:subClassOf,owl:Thing
rc:HighestPoint,rdfs:subClassOf,rc:KeyFeatureArea
rc:HighestPoint,rdfs:subClassOf,owl:Thing
rc:ShastaCountyCalifornia,rdfs:subClassOf,rc:NorthernCalifornia
rc:ShastaCountyCalifornia,rdfs:subClassOf,owl:Thing
rc:PrefectsOfGuadeloupe,rdfs:subClassOf,rc:Guadeloupe_TheDependency
rc:PrefectsOfGuadeloupe,rdfs:subClassOf,rc:Prefecture
rc:PrefectsOfGuadeloupe,rdfs:subClassOf,owl:Thing
rc:CanadianTemperateBroadleafAndMixedForest,rdfs:subClassOf,rc:BroadleafForest
rc:CanadianTemperateBroadleafAndMixedForest,rdfs:subClassOf,owl:Thing
rc:Interstate79,rdfs:subClassOf,rc:InterstateHighway
rc:Interstate79,rdfs:subClassOf,owl:Thing
rc:LaunchPad,rdfs:subClassOf,rc:TransportFacility
rc:LaunchPad,rdfs:subClassOf,owl:Thing
rc:LumberYard,rdfs:subClassOf,rc:CommercialLandParcel
rc:LumberYard,rdfs:subClassOf,rc:StorageFacility
rc:LumberYard,rdfs:subClassOf,owl:Thing
rc:ConceptionsOfHeaven,rdfs:subClassOf,rc:Heaven
rc:ConceptionsOfHeaven,rdfs:subClassOf,owl:Thing
rc:FortificationInTheChannelIsland,rdfs:subClassOf,rc:Fortification
rc:FortificationInTheChannelIsland,rdfs:subClassOf,owl:Thing
rc:PortElizabeth,rdfs:subClassOf,rc:City
rc:PortElizabeth,rdfs:subClassOf,rc:EasternCape_ProvinceSouthAfrica
rc:PortElizabeth,rdfs:subClassOf,owl:Thing
rc:AfterlifePlace,rdfs:subClassOf,kko:Places
rc:AfterlifePlace,rdfs:subClassOf,owl:Thing
rc:NorthCarolina_State,rdfs:subClassOf,rc:State_UnitedStates
rc:NorthCarolina_State,rdfs:subClassOf,owl:Thing
rc:Kattegat_Strait,rdfs:subClassOf,rc:Strait
rc:Kattegat_Strait,rdfs:subClassOf,owl:Thing
rc:AirplaneRunway_DisplacedThreshold,rdfs:subClassOf,rc:Airport_Physical
rc:AirplaneRunway_DisplacedThreshold,rdfs:subClassOf,rc:PathForWheeledVehicles
rc:AirplaneRunway_DisplacedThreshold,rdfs:subClassOf,owl:Thing
rc:250t_classTorpedoBoat,rdfs:subClassOf,rc:TorpedoWatercraft_Surface
rc:250t_classTorpedoBoat,rdfs:subClassOf,owl:Thing
rc:Historical_Region,rdfs:subClassOf,rc:GeoculturalRegion
rc:Historical_Region,rdfs:subClassOf,owl:Thing
rc:OilRefinery,rdfs:subClassOf,rc:BuildingCluster
rc:OilRefinery,rdfs:subClassOf,rc:Refinery
rc:OilRefinery,rdfs:subClassOf,owl:Thing
rc:Beach,rdfs:subClassOf,rc:CoarseGrainedSoilRegion
rc:Beach,rdfs:subClassOf,rc:EcologicalRegion
rc:Beach,rdfs:subClassOf,rc:Shoreline
rc:Beach,rdfs:subClassOf,owl:Thing
rc:Dahomey,rdfs:subClassOf,rc:Country
rc:Dahomey,rdfs:subClassOf,owl:Thing
rc:DestroyerTender,rdfs:subClassOf,rc:MaterialSupportShip
rc:DestroyerTender,rdfs:subClassOf,owl:Thing
rc:SumatraIsland_Indonesia,rdfs:subClassOf,rc:Island
rc:SumatraIsland_Indonesia,rdfs:subClassOf,owl:Thing
rc:GaronneRiver,rdfs:subClassOf,rc:River
rc:GaronneRiver,rdfs:subClassOf,owl:Thing
rc:Typewriter,rdfs:subClassOf,rc:HumanOccupationConstructObject
rc:Typewriter,rdfs:subClassOf,owl:Thing
rc:SodomAndGomorrah,rdfs:subClassOf,rc:PopulatedPlaceDestroyed
rc:SodomAndGomorrah,rdfs:subClassOf,owl:Thing
rc:Sulu_ProvincePhilippines,rdfs:subClassOf,rc:Province_Philippines
rc:Sulu_ProvincePhilippines,rdfs:subClassOf,owl:Thing
rc:SpecialArea_Conservation,rdfs:subClassOf,rc:ProtectedArea
rc:SpecialArea_Conservation,rdfs:subClassOf,owl:Thing
rc:NuclearPowerPlantBuilding,rdfs:subClassOf,rc:PowerPlantBuilding
rc:NuclearPowerPlantBuilding,rdfs:subClassOf,owl:Thing
rc:WaterPoweredMill,rdfs:subClassOf,rc:Mill_ManufacturingFacility
rc:WaterPoweredMill,rdfs:subClassOf,owl:Thing
rc:Commune_Chile,rdfs:subClassOf,rc:ThirdOrderAdministrativeDivision
rc:Commune_Chile,rdfs:subClassOf,owl:Thing
rc:SemiPrivateRoom,rdfs:subClassOf,rc:PatientRoom
rc:SemiPrivateRoom,rdfs:subClassOf,owl:Thing
rc:Murcia_AutonomousCommunitySpain,rdfs:subClassOf,rc:AutonomousCommunity_Spain
rc:Murcia_AutonomousCommunitySpain,rdfs:subClassOf,owl:Thing
rc:Fork_Topographical,rdfs:subClassOf,rc:UnderwaterTopographicalFeature
rc:Fork_Topographical,rdfs:subClassOf,owl:Thing
rc:Group_Spring_WaterSource,rdfs:subClassOf,rc:Spring_WaterSource
rc:Group_Spring_WaterSource,rdfs:subClassOf,owl:Thing
rc:AncientMonument,rdfs:subClassOf,rc:Monument
rc:AncientMonument,rdfs:subClassOf,owl:Thing
rc:Aceh,rdfs:subClassOf,rc:SumatraIsland_Indonesia
rc:Aceh,rdfs:subClassOf,owl:Thing
rc:AdministrativeDivision_Canada,rdfs:subClassOf,rc:AdministrativeDivision_SingleCountry
rc:AdministrativeDivision_Canada,rdfs:subClassOf,owl:Thing
rc:WorldTradeCenter,rdfs:subClassOf,rc:Skyscraper
rc:WorldTradeCenter,rdfs:subClassOf,owl:Thing
rc:TennesseeRiver,rdfs:subClassOf,rc:River
rc:TennesseeRiver,rdfs:subClassOf,owl:Thing
rc:AncientEgypt,rdfs:subClassOf,rc:Historical_Region
rc:AncientEgypt,rdfs:subClassOf,owl:Thing
rc:AbadanRefinery,rdfs:subClassOf,rc:OilRefinery
rc:AbadanRefinery,rdfs:subClassOf,owl:Thing
rc:EastAsia,rdfs:subClassOf,rc:ContinentOfAsia
rc:EastAsia,rdfs:subClassOf,owl:Thing
rc:Interstate8,rdfs:subClassOf,rc:InterstateHighway
rc:Interstate8,rdfs:subClassOf,owl:Thing
rc:Naryn_ProvinceKyrgyzstan,rdfs:subClassOf,rc:Province_Kyrgyzstan
rc:Naryn_ProvinceKyrgyzstan,rdfs:subClassOf,owl:Thing
rc:Gorge,rdfs:subClassOf,rc:Crevice_Topographical
rc:Gorge,rdfs:subClassOf,owl:Thing
rc:FactoryBuilding,rdfs:subClassOf,rc:CommercialBuilding
rc:FactoryBuilding,rdfs:subClassOf,rc:FactoryBuildingComplex
rc:FactoryBuilding,rdfs:subClassOf,owl:Thing
rc:LakeMarbleFalls,rdfs:subClassOf,rc:WaterReservoir
rc:LakeMarbleFalls,rdfs:subClassOf,owl:Thing
rc:LittleMissouriRiver,rdfs:subClassOf,rc:River
rc:LittleMissouriRiver,rdfs:subClassOf,owl:Thing
rc:FortifiedArea,rdfs:subClassOf,rc:TacticalArea
rc:FortifiedArea,rdfs:subClassOf,owl:Thing
rc:Hut,rdfs:subClassOf,rc:HumanResidence
rc:Hut,rdfs:subClassOf,rc:PrefabricatedResidentialBuildingStructure
rc:Hut,rdfs:subClassOf,owl:Thing
rc:Bowl_Serving,rdfs:subClassOf,rc:Bowl_Generic
rc:Bowl_Serving,rdfs:subClassOf,owl:Thing
rc:GoldenGateBridge,rdfs:subClassOf,rc:Bridge
rc:GoldenGateBridge,rdfs:subClassOf,rc:Landmark
rc:GoldenGateBridge,rdfs:subClassOf,owl:Thing
rc:AnimalBreeder,rdfs:subClassOf,rc:CommercialFacility
rc:AnimalBreeder,rdfs:subClassOf,owl:Thing
rc:Village_BurkinaFaso,rdfs:subClassOf,rc:Village
rc:Village_BurkinaFaso,rdfs:subClassOf,owl:Thing
rc:Township_Indiana,rdfs:subClassOf,rc:USTownship
rc:Township_Indiana,rdfs:subClassOf,owl:Thing
rc:ElectricalPlug,rdfs:subClassOf,rc:LowVoltageNetwork
rc:ElectricalPlug,rdfs:subClassOf,owl:Thing
rc:LouisianaPurchase,rdfs:subClassOf,rc:Historical_Region
rc:LouisianaPurchase,rdfs:subClassOf,owl:Thing
rc:AchaemenidEgypt,rdfs:subClassOf,rc:AncientEgypt
rc:AchaemenidEgypt,rdfs:subClassOf,owl:Thing
rc:Fork_Topographical_Undersea,rdfs:subClassOf,rc:UnderwaterTopographicalFeature
rc:Fork_Topographical_Undersea,rdfs:subClassOf,owl:Thing
rc:LocalGovernmentOffice,rdfs:subClassOf,rc:GovernmentalBuilding
rc:LocalGovernmentOffice,rdfs:subClassOf,owl:Thing
rc:Blowout_Topographical,rdfs:subClassOf,rc:LandTopographicalFeature
rc:Blowout_Topographical,rdfs:subClassOf,owl:Thing
rc:Lexington_classAircraftCarrier,rdfs:subClassOf,rc:AircraftCarrier
rc:Lexington_classAircraftCarrier,rdfs:subClassOf,owl:Thing
rc:District_India,rdfs:subClassOf,rc:County
rc:District_India,rdfs:subClassOf,rc:SecondOrderAdministrativeDivision
rc:District_India,rdfs:subClassOf,owl:Thing
rc:CityWall,rdfs:subClassOf,rc:Wall_GenericBarrier
rc:CityWall,rdfs:subClassOf,owl:Thing
rc:CarpathianMountains,rdfs:subClassOf,rc:MountainRange
rc:CarpathianMountains,rdfs:subClassOf,owl:Thing
rc:Siedlce_ProvincePoland,rdfs:subClassOf,rc:Province_Poland
rc:Siedlce_ProvincePoland,rdfs:subClassOf,owl:Thing
rc:KalahariDesert,rdfs:subClassOf,rc:Desert
rc:KalahariDesert,rdfs:subClassOf,owl:Thing
rc:Division_State_Geopolitical,rdfs:subClassOf,rc:State_Geopolitical
rc:Division_State_Geopolitical,rdfs:subClassOf,owl:Thing
rc:Theater_PhysicalStructure,rdfs:subClassOf,rc:HumanHighOccupancyConstruct
rc:Theater_PhysicalStructure,rdfs:subClassOf,rc:PublicTerminal
rc:Theater_PhysicalStructure,rdfs:subClassOf,owl:Thing
rc:LasVegasStrip,rdfs:subClassOf,rc:Landmark
rc:LasVegasStrip,rdfs:subClassOf,owl:Thing
rc:County_LevelCity,rdfs:subClassOf,rc:AdministrativeDistrict
rc:County_LevelCity,rdfs:subClassOf,owl:Thing
rc:PortJeffersonNewYork,rdfs:subClassOf,rc:Village
rc:PortJeffersonNewYork,rdfs:subClassOf,owl:Thing
rc:CordilleraAdministrativeRegion,rdfs:subClassOf,rc:LuzonIsland_Philippines
rc:CordilleraAdministrativeRegion,rdfs:subClassOf,owl:Thing
rc:Rajasthan,rdfs:subClassOf,rc:State_India
rc:Rajasthan,rdfs:subClassOf,owl:Thing
rc:ExtraterritorialRegion,rdfs:subClassOf,rc:GeopoliticalRegion
rc:ExtraterritorialRegion,rdfs:subClassOf,owl:Thing
rc:TopWall,rdfs:subClassOf,rc:Wall_GenericBarrier
rc:TopWall,rdfs:subClassOf,owl:Thing
rc:LakeMead,rdfs:subClassOf,rc:WaterReservoir
rc:LakeMead,rdfs:subClassOf,owl:Thing
rc:PaleoanthropologicalSite,rdfs:subClassOf,rc:ArchaeologicalSite
rc:PaleoanthropologicalSite,rdfs:subClassOf,owl:Thing
rc:Highland,rdfs:subClassOf,rc:HillRange
rc:Highland,rdfs:subClassOf,owl:Thing
rc:Division_Gambia,rdfs:subClassOf,rc:Division_State_Geopolitical
rc:Division_Gambia,rdfs:subClassOf,owl:Thing
rc:Gorgon_classMonitor,rdfs:subClassOf,rc:Monitor
rc:Gorgon_classMonitor,rdfs:subClassOf,owl:Thing
rc:EuropeanCountry,rdfs:subClassOf,rc:IndependentCountry
rc:EuropeanCountry,rdfs:subClassOf,owl:Thing
rc:CinemaOrMovieTheater,rdfs:subClassOf,rc:Theater_PhysicalStructure
rc:CinemaOrMovieTheater,rdfs:subClassOf,owl:Thing
rc:Sambadrome,rdfs:subClassOf,rc:Stadium
rc:Sambadrome,rdfs:subClassOf,owl:Thing
rc:PilcomayoRiver,rdfs:subClassOf,rc:River
rc:PilcomayoRiver,rdfs:subClassOf,owl:Thing
rc:Cross_FixedStructure,rdfs:subClassOf,rc:FixedStructure
rc:Cross_FixedStructure,rdfs:subClassOf,owl:Thing
rc:Chamotte,rdfs:subClassOf,rc:Clay
rc:Chamotte,rdfs:subClassOf,owl:Thing
rc:SaintHelena_Island,rdfs:subClassOf,rc:Island
rc:SaintHelena_Island,rdfs:subClassOf,owl:Thing
rc:KeukaLake,rdfs:subClassOf,rc:FingerLakes
rc:KeukaLake,rdfs:subClassOf,owl:Thing
rc:Township_Iowa,rdfs:subClassOf,rc:USTownship
rc:Township_Iowa,rdfs:subClassOf,owl:Thing
rc:EasternEuropeanCountry,rdfs:subClassOf,rc:EuropeanCountry
rc:EasternEuropeanCountry,rdfs:subClassOf,owl:Thing
rc:Kalamazoo_classMonitor,rdfs:subClassOf,rc:Monitor
rc:Kalamazoo_classMonitor,rdfs:subClassOf,owl:Thing
rc:NorthCarolina_classBattleship,rdfs:subClassOf,rc:Battleship
rc:NorthCarolina_classBattleship,rdfs:subClassOf,owl:Thing
rc:Group_Rocks,rdfs:subClassOf,rc:RockFormation
rc:Group_Rocks,rdfs:subClassOf,owl:Thing
rc:GeoculturalRegion,rdfs:subClassOf,rc:GeographicalRegion
rc:GeoculturalRegion,rdfs:subClassOf,owl:Thing
rc:Guizhou_ProvinceChina,rdfs:subClassOf,rc:ChineseProvince
rc:Guizhou_ProvinceChina,rdfs:subClassOf,owl:Thing
rc:Cannery_Factory,rdfs:subClassOf,rc:FactoryBuilding
rc:Cannery_Factory,rdfs:subClassOf,owl:Thing
rc:Borderlands_Undersea,rdfs:subClassOf,rc:LandTopographicalFeature
rc:Borderlands_Undersea,rdfs:subClassOf,rc:UnderwaterLocation
rc:Borderlands_Undersea,rdfs:subClassOf,owl:Thing
rc:Xaghra,rdfs:subClassOf,rc:Village
rc:Xaghra,rdfs:subClassOf,owl:Thing
rc:BuildingRow,rdfs:subClassOf,rc:BuildingCluster
rc:BuildingRow,rdfs:subClassOf,owl:Thing
rc:AirplaneRunway_Overrun,rdfs:subClassOf,rc:Airport_Physical
rc:AirplaneRunway_Overrun,rdfs:subClassOf,owl:Thing
rc:Caucasus_Region,rdfs:subClassOf,rc:GeoculturalRegion
rc:Caucasus_Region,rdfs:subClassOf,owl:Thing
rc:RoadCrater,rdfs:subClassOf,rc:ManMadeObstacle
rc:RoadCrater,rdfs:subClassOf,rc:Roadway
rc:RoadCrater,rdfs:subClassOf,owl:Thing
rc:NorthCascades,rdfs:subClassOf,rc:CascadeRange_Mountains
rc:NorthCascades,rdfs:subClassOf,owl:Thing
rc:WellDrainedRegion,rdfs:subClassOf,rc:RegionTypeBySurfaceDrainage_NRCS
rc:WellDrainedRegion,rdfs:subClassOf,owl:Thing
rc:PaysDeLaLoire,rdfs:subClassOf,rc:FrenchRegion
rc:PaysDeLaLoire,rdfs:subClassOf,owl:Thing
rc:Garowe,rdfs:subClassOf,rc:Puntland
rc:Garowe,rdfs:subClassOf,owl:Thing
rc:Interstate80,rdfs:subClassOf,rc:InterstateHighway
rc:Interstate80,rdfs:subClassOf,owl:Thing
rc:RhodeIsland_State,rdfs:subClassOf,rc:State_UnitedStates
rc:RhodeIsland_State,rdfs:subClassOf,owl:Thing
rc:Dahra_HofraOilField,rdfs:subClassOf,rc:OilField
rc:Dahra_HofraOilField,rdfs:subClassOf,owl:Thing
rc:BalticState,rdfs:subClassOf,rc:EasternEuropeanCountry
rc:BalticState,rdfs:subClassOf,owl:Thing
rc:Xaisomboun_ProvinceLaos,rdfs:subClassOf,rc:Province_Laos
rc:Xaisomboun_ProvinceLaos,rdfs:subClassOf,owl:Thing
rc:FortifiedHouse,rdfs:subClassOf,rc:Fortification
rc:FortifiedHouse,rdfs:subClassOf,owl:Thing
rc:Province_RepublicOfSouthAfrica,rdfs:subClassOf,rc:Province
rc:Province_RepublicOfSouthAfrica,rdfs:subClassOf,owl:Thing
rc:Footbridge,rdfs:subClassOf,rc:Bridge
rc:Footbridge,rdfs:subClassOf,owl:Thing
rc:Commune_Haiti,rdfs:subClassOf,rc:ThirdOrderAdministrativeDivision
rc:Commune_Haiti,rdfs:subClassOf,owl:Thing
rc:TombigbeeRiver,rdfs:subClassOf,rc:River
rc:TombigbeeRiver,rdfs:subClassOf,owl:Thing
rc:Gujarat,rdfs:subClassOf,rc:State_India
rc:Gujarat,rdfs:subClassOf,owl:Thing
rc:Defence_classIronclad,rdfs:subClassOf,rc:IroncladWarship
rc:Defence_classIronclad,rdfs:subClassOf,owl:Thing
rc:LondonReef,rdfs:subClassOf,rc:SpratlyIslands
rc:LondonReef,rdfs:subClassOf,owl:Thing
rc:Charlemagne_classBattleship,rdfs:subClassOf,rc:Battleship
rc:Charlemagne_classBattleship,rdfs:subClassOf,owl:Thing
rc:SaintKitts_Nevis,rdfs:subClassOf,rc:Country
rc:SaintKitts_Nevis,rdfs:subClassOf,owl:Thing
rc:EbroRiver,rdfs:subClassOf,rc:River
rc:EbroRiver,rdfs:subClassOf,owl:Thing
rc:Abkhazia,rdfs:subClassOf,rc:Caucasus_Region
rc:Abkhazia,rdfs:subClassOf,owl:Thing
rc:Slope_Topographical_Undersea,rdfs:subClassOf,rc:UnderwaterTopographicalFeature
rc:Slope_Topographical_Undersea,rdfs:subClassOf,owl:Thing
rc:ManufacturedHome,rdfs:subClassOf,rc:FactoryBuiltHome
rc:ManufacturedHome,rdfs:subClassOf,owl:Thing
rc:YuccaMountainNevada,rdfs:subClassOf,rc:Mountain
rc:YuccaMountainNevada,rdfs:subClassOf,owl:Thing
rc:TennesseeTombigbeeWaterway,rdfs:subClassOf,rc:TennesseeRiver
rc:TennesseeTombigbeeWaterway,rdfs:subClassOf,rc:TombigbeeRiver
rc:TennesseeTombigbeeWaterway,rdfs:subClassOf,rc:Waterway
rc:TennesseeTombigbeeWaterway,rdfs:subClassOf,owl:Thing
rc:FrontDoorwayOfHouse,rdfs:subClassOf,rc:Doorway
rc:FrontDoorwayOfHouse,rdfs:subClassOf,owl:Thing
rc:Milos_IslandGreece,rdfs:subClassOf,rc:Island
rc:Milos_IslandGreece,rdfs:subClassOf,owl:Thing
rc:Parish_State_Geopolitical,rdfs:subClassOf,rc:State_Geopolitical
rc:Parish_State_Geopolitical,rdfs:subClassOf,owl:Thing
rc:Blitz_classAviso,rdfs:subClassOf,rc:Aviso
rc:Blitz_classAviso,rdfs:subClassOf,owl:Thing
rc:Province_Vietnam,rdfs:subClassOf,rc:Province
rc:Province_Vietnam,rdfs:subClassOf,owl:Thing
rc:AirplaneCabin,rdfs:subClassOf,rc:AircraftCabin
rc:AirplaneCabin,rdfs:subClassOf,owl:Thing
rc:AmphibiousTransportDock,rdfs:subClassOf,rc:AmphibiousWarfareShip
rc:AmphibiousTransportDock,rdfs:subClassOf,owl:Thing
rc:BowlingAlley,rdfs:subClassOf,rc:SportsPlayingArea
rc:BowlingAlley,rdfs:subClassOf,owl:Thing
rc:City_Iran,rdfs:subClassOf,rc:City
rc:City_Iran,rdfs:subClassOf,owl:Thing
rc:Ouargla_ProvinceAlgeria,rdfs:subClassOf,rc:Province_Algeria
rc:Ouargla_ProvinceAlgeria,rdfs:subClassOf,owl:Thing
rc:County_Missouri,rdfs:subClassOf,rc:USCounty
rc:County_Missouri,rdfs:subClassOf,owl:Thing
rc:District_Iran,rdfs:subClassOf,rc:ThirdOrderAdministrativeDivision
rc:District_Iran,rdfs:subClassOf,owl:Thing
rc:Village_Estonia,rdfs:subClassOf,rc:Village
rc:Village_Estonia,rdfs:subClassOf,owl:Thing
rc:MakkahProvince,rdfs:subClassOf,rc:SaudiArabia
rc:MakkahProvince,rdfs:subClassOf,owl:Thing
rc:Cordillera_Undersea,rdfs:subClassOf,rc:UnderwaterTopographicalFeature
rc:Cordillera_Undersea,rdfs:subClassOf,owl:Thing
rc:BalticStates_Region,rdfs:subClassOf,rc:GeoculturalRegion
rc:BalticStates_Region,rdfs:subClassOf,owl:Thing
rc:ClimbingRoute,rdfs:subClassOf,rc:TravelRoute
rc:ClimbingRoute,rdfs:subClassOf,owl:Thing
rc:ParishOfShetland,rdfs:subClassOf,rc:Parish_State_Geopolitical
rc:ParishOfShetland,rdfs:subClassOf,owl:Thing
rc:HeavyForest,rdfs:subClassOf,rc:Forest
rc:HeavyForest,rdfs:subClassOf,owl:Thing
rc:LineIslands_Kiribati,rdfs:subClassOf,rc:Archipelago
rc:LineIslands_Kiribati,rdfs:subClassOf,owl:Thing
rc:AncientNavalShip,rdfs:subClassOf,rc:Ship
rc:AncientNavalShip,rdfs:subClassOf,owl:Thing
rc:MilitaryAirfield,rdfs:subClassOf,rc:Airfield
rc:MilitaryAirfield,rdfs:subClassOf,owl:Thing
rc:ArtificialWaterFeature_Area,rdfs:subClassOf,rc:BodyOfWater_Area
rc:ArtificialWaterFeature_Area,rdfs:subClassOf,owl:Thing
rc:RajasthanLegislativeAssemblyConstituency,rdfs:subClassOf,rc:Constituency
rc:RajasthanLegislativeAssemblyConstituency,rdfs:subClassOf,owl:Thing
rc:DarkAlbedoFeature_Topographical,rdfs:subClassOf,rc:AlbedoFeature_Topographical
rc:DarkAlbedoFeature_Topographical,rdfs:subClassOf,owl:Thing
rc:CafeteriaSpace,rdfs:subClassOf,rc:RestaurantSpace
rc:CafeteriaSpace,rdfs:subClassOf,owl:Thing
rc:Lexington_classBattlecruiser,rdfs:subClassOf,rc:BattleCruiser
rc:Lexington_classBattlecruiser,rdfs:subClassOf,owl:Thing
rc:WesternCape_ProvinceSouthAfrica,rdfs:subClassOf,rc:Province_RepublicOfSouthAfrica
rc:WesternCape_ProvinceSouthAfrica,rdfs:subClassOf,owl:Thing
rc:Tarnow_ProvincePoland,rdfs:subClassOf,rc:Province_Poland
rc:Tarnow_ProvincePoland,rdfs:subClassOf,owl:Thing
rc:Bolikhamxai_ProvinceLaos,rdfs:subClassOf,rc:Province_Laos
rc:Bolikhamxai_ProvinceLaos,rdfs:subClassOf,owl:Thing
rc:MerchantMarineShip_Bulk,rdfs:subClassOf,rc:CargoShip
rc:MerchantMarineShip_Bulk,rdfs:subClassOf,owl:Thing
rc:Pegasus_Constellation,rdfs:subClassOf,rc:Constellation
rc:Pegasus_Constellation,rdfs:subClassOf,owl:Thing
rc:City_Japan,rdfs:subClassOf,rc:City
rc:City_Japan,rdfs:subClassOf,owl:Thing
rc:Gdansk_ProvincePoland,rdfs:subClassOf,rc:Province_Poland
rc:Gdansk_ProvincePoland,rdfs:subClassOf,owl:Thing
rc:LouisianaTerritory,rdfs:subClassOf,rc:Midwest_USRegion
rc:LouisianaTerritory,rdfs:subClassOf,owl:Thing
rc:Cross_TortureDevice,rdfs:subClassOf,rc:Cross_FixedStructure
rc:Cross_TortureDevice,rdfs:subClassOf,owl:Thing
rc:Elevator,rdfs:subClassOf,rc:RoomInAConstruction
rc:Elevator,rdfs:subClassOf,owl:Thing
rc:Foothill,rdfs:subClassOf,rc:Hill
rc:Foothill,rdfs:subClassOf,owl:Thing
rc:District_Iraq,rdfs:subClassOf,rc:SecondOrderAdministrativeDivision
rc:District_Iraq,rdfs:subClassOf,owl:Thing
rc:Thurgau,rdfs:subClassOf,rc:Canton_Swiss
rc:Thurgau,rdfs:subClassOf,owl:Thing
rc:AlabamaRiver,rdfs:subClassOf,rc:River
rc:AlabamaRiver,rdfs:subClassOf,owl:Thing
rc:AutonomousRegion,rdfs:subClassOf,rc:Region
rc:AutonomousRegion,rdfs:subClassOf,owl:Thing
rc:LakeMichiganCircleTour,rdfs:subClassOf,rc:CircleTour
rc:LakeMichiganCircleTour,rdfs:subClassOf,owl:Thing
rc:Ravine,rdfs:subClassOf,rc:Crevice_Topographical
rc:Ravine,rdfs:subClassOf,owl:Thing
rc:Hall,rdfs:subClassOf,rc:RoomInAConstruction
rc:Hall,rdfs:subClassOf,owl:Thing
rc:SubSaharanAfrica,rdfs:subClassOf,rc:GeoculturalRegion
rc:SubSaharanAfrica,rdfs:subClassOf,owl:Thing
rc:PortOrHarbor,rdfs:subClassOf,rc:Harbor
rc:PortOrHarbor,rdfs:subClassOf,owl:Thing
rc:County_NewSouthWales,rdfs:subClassOf,rc:County
rc:County_NewSouthWales,rdfs:subClassOf,owl:Thing
rc:DahukProvinceIraq,rdfs:subClassOf,rc:Province_Iraq
rc:DahukProvinceIraq,rdfs:subClassOf,owl:Thing
rc:Township_Kansas,rdfs:subClassOf,rc:USTownship
rc:Township_Kansas,rdfs:subClassOf,owl:Thing
rc:CapeTown,rdfs:subClassOf,rc:WesternCape_ProvinceSouthAfrica
rc:CapeTown,rdfs:subClassOf,owl:Thing
rc:MovieProjectionRoom,rdfs:subClassOf,rc:ControlRoom
rc:MovieProjectionRoom,rdfs:subClassOf,owl:Thing
rc:LocalImprovementDistrict,rdfs:subClassOf,rc:CivilAdministrativeRegion
rc:LocalImprovementDistrict,rdfs:subClassOf,owl:Thing
rc:CrossOfJesus,rdfs:subClassOf,rc:Cross_TortureDevice
rc:CrossOfJesus,rdfs:subClassOf,owl:Thing
rc:FightingHole,rdfs:subClassOf,rc:Excavation_Hole
rc:FightingHole,rdfs:subClassOf,owl:Thing
rc:Street_Residential,rdfs:subClassOf,rc:Street_Generic
rc:Street_Residential,rdfs:subClassOf,owl:Thing
rc:AncientMelos,rdfs:subClassOf,rc:Milos_IslandGreece
rc:AncientMelos,rdfs:subClassOf,owl:Thing
rc:Swaziland,rdfs:subClassOf,rc:Country
rc:Swaziland,rdfs:subClassOf,owl:Thing
rc:Ravine_Topographical,rdfs:subClassOf,rc:Crevice_Topographical
rc:Ravine_Topographical,rdfs:subClassOf,owl:Thing
rc:ControlPoint,rdfs:subClassOf,rc:GeneralPoint
rc:ControlPoint,rdfs:subClassOf,owl:Thing
rc:FreshWaterLake,rdfs:subClassOf,rc:Lake
rc:FreshWaterLake,rdfs:subClassOf,owl:Thing
rc:OhioClassSubmarine,rdfs:subClassOf,rc:BallisticMissileSubmarine
rc:OhioClassSubmarine,rdfs:subClassOf,rc:NuclearSubmarine
rc:OhioClassSubmarine,rdfs:subClassOf,owl:Thing
rc:Commune_IvoryCoast,rdfs:subClassOf,rc:FifthOrderAdministrativeDivision
rc:Commune_IvoryCoast,rdfs:subClassOf,owl:Thing
rc:WeatherArea,rdfs:subClassOf,rc:GeographicalRegion
rc:WeatherArea,rdfs:subClassOf,rc:OutdoorLocation
rc:WeatherArea,rdfs:subClassOf,owl:Thing
rc:Interstate81,rdfs:subClassOf,rc:InterstateHighway
rc:Interstate81,rdfs:subClassOf,owl:Thing
rc:IrrigationFloodControlWaterwork,rdfs:subClassOf,rc:UtilityBuildingStructure
rc:IrrigationFloodControlWaterwork,rdfs:subClassOf,owl:Thing
rc:CatalyticCracker,rdfs:subClassOf,rc:Tower
rc:CatalyticCracker,rdfs:subClassOf,owl:Thing
rc:TypewriterRibbon,rdfs:subClassOf,rc:Typewriter
rc:TypewriterRibbon,rdfs:subClassOf,owl:Thing
rc:FortifiedTower,rdfs:subClassOf,rc:Fortification
rc:FortifiedTower,rdfs:subClassOf,owl:Thing
rc:ParishOfTheChannelIslands,rdfs:subClassOf,rc:Parish_State_Geopolitical
rc:ParishOfTheChannelIslands,rdfs:subClassOf,owl:Thing
rc:SlopedRoof,rdfs:subClassOf,rc:RoofOfAConstruction
rc:SlopedRoof,rdfs:subClassOf,owl:Thing
rc:Utah_State,rdfs:subClassOf,rc:State_UnitedStates
rc:Utah_State,rdfs:subClassOf,owl:Thing
rc:Ifriqiya,rdfs:subClassOf,rc:NorthernAfrica
rc:Ifriqiya,rdfs:subClassOf,owl:Thing
rc:CulDeSac,rdfs:subClassOf,rc:Street_Residential
rc:CulDeSac,rdfs:subClassOf,owl:Thing
rc:SaintLawrenceRiver,rdfs:subClassOf,rc:River
rc:SaintLawrenceRiver,rdfs:subClassOf,owl:Thing
rc:Sauna,rdfs:subClassOf,rc:RoomInAConstruction
rc:Sauna,rdfs:subClassOf,owl:Thing
rc:CanadiceLake,rdfs:subClassOf,rc:FreshWaterLake
rc:CanadiceLake,rdfs:subClassOf,owl:Thing
rc:AnGiang_ProvinceVietnam,rdfs:subClassOf,rc:Province_Vietnam
rc:AnGiang_ProvinceVietnam,rdfs:subClassOf,owl:Thing
rc:BucketElevator,rdfs:subClassOf,rc:Elevator
rc:BucketElevator,rdfs:subClassOf,owl:Thing
rc:AdverseWeatherArea,rdfs:subClassOf,rc:WeatherArea
rc:AdverseWeatherArea,rdfs:subClassOf,owl:Thing
rc:Belt_Region,rdfs:subClassOf,rc:Region
rc:Belt_Region,rdfs:subClassOf,owl:Thing
rc:UnderwayReplenishmentShip,rdfs:subClassOf,rc:ModernNavalShip
rc:UnderwayReplenishmentShip,rdfs:subClassOf,owl:Thing
rc:TribalRegion,rdfs:subClassOf,rc:GeoculturalRegion
rc:TribalRegion,rdfs:subClassOf,rc:ProtectedArea
rc:TribalRegion,rdfs:subClassOf,owl:Thing
rc:NorthCaucasus,rdfs:subClassOf,rc:Caucasus_Region
rc:NorthCaucasus,rdfs:subClassOf,rc:EasternEuropeanCountry
rc:NorthCaucasus,rdfs:subClassOf,owl:Thing
rc:Parapet,rdfs:subClassOf,rc:FortificationArchitecturalElement
rc:Parapet,rdfs:subClassOf,owl:Thing
rc:GujaratLegislativeAssemblyConstituency,rdfs:subClassOf,rc:Constituency
rc:GujaratLegislativeAssemblyConstituency,rdfs:subClassOf,owl:Thing
rc:PortOrHarborOfBouvetIsland,rdfs:subClassOf,rc:PortOrHarbor
rc:PortOrHarborOfBouvetIsland,rdfs:subClassOf,owl:Thing
rc:Rockfall,rdfs:subClassOf,rc:LandTopographicalFeature
rc:Rockfall,rdfs:subClassOf,rc:NaturalRegion
rc:Rockfall,rdfs:subClassOf,owl:Thing
rc:RecreationalPier,rdfs:subClassOf,rc:LeisureFacility
rc:RecreationalPier,rdfs:subClassOf,rc:Pier
rc:RecreationalPier,rdfs:subClassOf,owl:Thing
rc:GeothermalPowerPlant,rdfs:subClassOf,rc:PowerStation
rc:GeothermalPowerPlant,rdfs:subClassOf,owl:Thing
rc:WaterReservoir,rdfs:subClassOf,rc:ArtificialWaterFeature_Area
rc:WaterReservoir,rdfs:subClassOf,rc:IrrigationFloodControlWaterwork
rc:WaterReservoir,rdfs:subClassOf,owl:Thing
rc:RepublicanRiver,rdfs:subClassOf,rc:River
rc:RepublicanRiver,rdfs:subClassOf,owl:Thing
rc:Monastery,rdfs:subClassOf,rc:Monastery_Residence
rc:Monastery,rdfs:subClassOf,owl:Thing
rc:ReefOfTheRedSea,rdfs:subClassOf,rc:Reef
rc:ReefOfTheRedSea,rdfs:subClassOf,owl:Thing
rc:CentralAfrica,rdfs:subClassOf,rc:SubSaharanAfrica
rc:CentralAfrica,rdfs:subClassOf,owl:Thing
rc:Machicolation,rdfs:subClassOf,rc:Parapet
rc:Machicolation,rdfs:subClassOf,owl:Thing
rc:Troposphere_PlanetEarth,rdfs:subClassOf,rc:AtmosphericLayer
rc:Troposphere_PlanetEarth,rdfs:subClassOf,owl:Thing
rc:DryPort,rdfs:subClassOf,rc:Terminal_TransferPoint
rc:DryPort,rdfs:subClassOf,owl:Thing
rc:WaterPumpingFacility,rdfs:subClassOf,rc:PumpingFacility
rc:WaterPumpingFacility,rdfs:subClassOf,owl:Thing
rc:Commune_LevelTown_Vietnam,rdfs:subClassOf,rc:FourthOrderAdministrativeDivision
rc:Commune_LevelTown_Vietnam,rdfs:subClassOf,owl:Thing
rc:Italia_classIronclad,rdfs:subClassOf,rc:IroncladWarship
rc:Italia_classIronclad,rdfs:subClassOf,owl:Thing
rc:PopulatedLocality,rdfs:subClassOf,rc:PopulatedPlace
rc:PopulatedLocality,rdfs:subClassOf,owl:Thing
rc:Rhodes_Island_Greece,rdfs:subClassOf,rc:Island
rc:Rhodes_Island_Greece,rdfs:subClassOf,owl:Thing
rc:NativeReservation,rdfs:subClassOf,rc:AutonomousRegion
rc:NativeReservation,rdfs:subClassOf,rc:TribalRegion
rc:NativeReservation,rdfs:subClassOf,owl:Thing
rc:BodyOfWater_SubRegionsSea,rdfs:subClassOf,rc:BodyOfWater_Area
rc:BodyOfWater_SubRegionsSea,rdfs:subClassOf,owl:Thing
rc:MilitaryBase_Grounds,rdfs:subClassOf,rc:GroundsOfOrganization
rc:MilitaryBase_Grounds,rdfs:subClassOf,rc:MilitaryFacility
rc:MilitaryBase_Grounds,rdfs:subClassOf,owl:Thing
rc:Village_India,rdfs:subClassOf,rc:Village
rc:Village_India,rdfs:subClassOf,owl:Thing
rc:Province,rdfs:subClassOf,rc:State_Geopolitical
rc:Province,rdfs:subClassOf,owl:Thing
rc:Oubritenga_ProvinceBurkinaFaso,rdfs:subClassOf,rc:Province_BurkinaFaso
rc:Oubritenga_ProvinceBurkinaFaso,rdfs:subClassOf,owl:Thing
rc:MiddleEast,rdfs:subClassOf,rc:GeoculturalRegion
rc:MiddleEast,rdfs:subClassOf,owl:Thing
rc:MarineControlTower,rdfs:subClassOf,rc:ControlTower
rc:MarineControlTower,rdfs:subClassOf,owl:Thing
rc:LakeMohave,rdfs:subClassOf,rc:ColoradoRiverOfArizona
rc:LakeMohave,rdfs:subClassOf,owl:Thing
rc:County_NorthCarolina,rdfs:subClassOf,rc:USCounty
rc:County_NorthCarolina,rdfs:subClassOf,owl:Thing
rc:Reservoir,rdfs:subClassOf,rc:WaterReservoir
rc:Reservoir,rdfs:subClassOf,owl:Thing
rc:Buurtschap,rdfs:subClassOf,rc:PopulatedLocality
rc:Buurtschap,rdfs:subClassOf,owl:Thing
rc:ApartmentComplex,rdfs:subClassOf,rc:BuildingCluster
rc:ApartmentComplex,rdfs:subClassOf,rc:FlatApartment
rc:ApartmentComplex,rdfs:subClassOf,owl:Thing
rc:AmmunitionShip,rdfs:subClassOf,rc:UnderwayReplenishmentShip
rc:AmmunitionShip,rdfs:subClassOf,owl:Thing
rc:CapeTrafalgar,rdfs:subClassOf,rc:Peninsula
rc:CapeTrafalgar,rdfs:subClassOf,owl:Thing
rc:Province_Philippines,rdfs:subClassOf,rc:Province
rc:Province_Philippines,rdfs:subClassOf,owl:Thing
rc:AncientNearEast,rdfs:subClassOf,rc:Historical_Region
rc:AncientNearEast,rdfs:subClassOf,rc:MiddleEast
rc:AncientNearEast,rdfs:subClassOf,owl:Thing
rc:City_Philippines,rdfs:subClassOf,rc:City
rc:City_Philippines,rdfs:subClassOf,owl:Thing
rc:Oudalan_ProvinceBurkinaFaso,rdfs:subClassOf,rc:Province_BurkinaFaso
rc:Oudalan_ProvinceBurkinaFaso,rdfs:subClassOf,owl:Thing
rc:BeringSea,rdfs:subClassOf,rc:Sea
rc:BeringSea,rdfs:subClassOf,owl:Thing
rc:Tennessee_State,rdfs:subClassOf,rc:State_UnitedStates
rc:Tennessee_State,rdfs:subClassOf,owl:Thing
rc:ResidentialHome,rdfs:subClassOf,rc:AccommodationBuildingStructure
rc:ResidentialHome,rdfs:subClassOf,owl:Thing
rc:AnNajafProvinceIraq,rdfs:subClassOf,rc:Province_Iraq
rc:AnNajafProvinceIraq,rdfs:subClassOf,owl:Thing
rc:HouseOfCommonsConstituency,rdfs:subClassOf,rc:Constituency
rc:HouseOfCommonsConstituency,rdfs:subClassOf,owl:Thing
rc:USHighwayRoute,rdfs:subClassOf,rc:Highway
rc:USHighwayRoute,rdfs:subClassOf,rc:TravelRoute_Road
rc:USHighwayRoute,rdfs:subClassOf,owl:Thing
rc:Township_LevelDivision,rdfs:subClassOf,rc:Township
rc:Township_LevelDivision,rdfs:subClassOf,owl:Thing
rc:District_Japan,rdfs:subClassOf,rc:AdministrativeDistrict
rc:District_Japan,rdfs:subClassOf,owl:Thing
rc:Telescopium_Constellation,rdfs:subClassOf,rc:Constellation
rc:Telescopium_Constellation,rdfs:subClassOf,owl:Thing
rc:TerritorialEntitiesInAfrica,rdfs:subClassOf,rc:ContinentOfAfrica
rc:TerritorialEntitiesInAfrica,rdfs:subClassOf,owl:Thing
rc:LevelOfAConstruction,rdfs:subClassOf,rc:SpaceInAFixedHOC
rc:LevelOfAConstruction,rdfs:subClassOf,owl:Thing
rc:LittleSark_Island,rdfs:subClassOf,rc:Island
rc:LittleSark_Island,rdfs:subClassOf,owl:Thing
rc:LineOfContact,rdfs:subClassOf,rc:LineOfMilitaryForces
rc:LineOfContact,rdfs:subClassOf,owl:Thing
rc:HyadesStarCluster,rdfs:subClassOf,rc:Taurus_Constellation
rc:HyadesStarCluster,rdfs:subClassOf,owl:Thing
rc:CentralAfricanRepublic,rdfs:subClassOf,rc:Country
rc:CentralAfricanRepublic,rdfs:subClassOf,owl:Thing
rc:ThaiBinh_ProvinceVietnam,rdfs:subClassOf,rc:Province_Vietnam
rc:ThaiBinh_ProvinceVietnam,rdfs:subClassOf,owl:Thing
rc:Vastergotland,rdfs:subClassOf,rc:VastraGotaland_ProvinceSweden
rc:Vastergotland,rdfs:subClassOf,owl:Thing
rc:Abra_ProvincePhilippines,rdfs:subClassOf,rc:Province_Philippines
rc:Abra_ProvincePhilippines,rdfs:subClassOf,owl:Thing
rc:WindwardIslands_FrenchPolynesia,rdfs:subClassOf,rc:Archipelago
rc:WindwardIslands_FrenchPolynesia,rdfs:subClassOf,owl:Thing
rc:ControlRoom,rdfs:subClassOf,rc:RoomInAConstruction
rc:ControlRoom,rdfs:subClassOf,owl:Thing
rc:DavaoCity,rdfs:subClassOf,rc:DavaoRegion
rc:DavaoCity,rdfs:subClassOf,owl:Thing
rc:Gajnsielem,rdfs:subClassOf,rc:Village
rc:Gajnsielem,rdfs:subClassOf,owl:Thing
rc:BalconyLevelInAConstruction,rdfs:subClassOf,rc:LevelOfAConstruction
rc:BalconyLevelInAConstruction,rdfs:subClassOf,owl:Thing
rc:KootenayNationalPark,rdfs:subClassOf,rc:NationalPark
rc:KootenayNationalPark,rdfs:subClassOf,owl:Thing
rc:BeringStrait,rdfs:subClassOf,rc:Strait
rc:BeringStrait,rdfs:subClassOf,owl:Thing
rc:FranklinVirginia,rdfs:subClassOf,rc:City
rc:FranklinVirginia,rdfs:subClassOf,owl:Thing
rc:UrbanArea_Norway,rdfs:subClassOf,rc:AdministrativeDistrict
rc:UrbanArea_Norway,rdfs:subClassOf,rc:UrbanArea
rc:UrbanArea_Norway,rdfs:subClassOf,owl:Thing
rc:ResidentialRealEstate,rdfs:subClassOf,rc:RealEstate
rc:ResidentialRealEstate,rdfs:subClassOf,owl:Thing
rc:Anchorage,rdfs:subClassOf,rc:BodyOfWater_SubRegionsSea
rc:Anchorage,rdfs:subClassOf,owl:Thing
rc:Ifugao_ProvincePhilippines,rdfs:subClassOf,rc:Province_Philippines
rc:Ifugao_ProvincePhilippines,rdfs:subClassOf,owl:Thing
rc:SaintLawrenceSeaway,rdfs:subClassOf,rc:GreatLakes
rc:SaintLawrenceSeaway,rdfs:subClassOf,rc:SaintLawrenceRiver
rc:SaintLawrenceSeaway,rdfs:subClassOf,owl:Thing
rc:Interstate83,rdfs:subClassOf,rc:InterstateHighway
rc:Interstate83,rdfs:subClassOf,owl:Thing
rc:Fleet,rdfs:subClassOf,rc:Watercraft
rc:Fleet,rdfs:subClassOf,owl:Thing
rc:Classroom,rdfs:subClassOf,rc:RoomInAConstruction
rc:Classroom,rdfs:subClassOf,owl:Thing
rc:SouthernLeyte_ProvincePhilippines,rdfs:subClassOf,rc:Province_Philippines
rc:SouthernLeyte_ProvincePhilippines,rdfs:subClassOf,owl:Thing
rc:Ravine_Undersea,rdfs:subClassOf,rc:UnderwaterTopographicalFeature
rc:Ravine_Undersea,rdfs:subClassOf,owl:Thing
rc:District_State_Geopolitical,rdfs:subClassOf,rc:State_Geopolitical
rc:District_State_Geopolitical,rdfs:subClassOf,owl:Thing
rc:AirplaneRunway_TouchdownZone,rdfs:subClassOf,rc:AirplaneRunway
rc:AirplaneRunway_TouchdownZone,rdfs:subClassOf,owl:Thing
rc:Parish_Asturias,rdfs:subClassOf,rc:ThirdOrderAdministrativeDivision
rc:Parish_Asturias,rdfs:subClassOf,owl:Thing
rc:ReefOfTheSouthChinaSea,rdfs:subClassOf,rc:Reef
rc:ReefOfTheSouthChinaSea,rdfs:subClassOf,owl:Thing
rc:Township_Michigan,rdfs:subClassOf,rc:USTownship
rc:Township_Michigan,rdfs:subClassOf,owl:Thing
rc:AirplaneCockpit,rdfs:subClassOf,rc:PassengerCompartment
rc:AirplaneCockpit,rdfs:subClassOf,owl:Thing
rc:LocalRoad,rdfs:subClassOf,rc:Roadway
rc:LocalRoad,rdfs:subClassOf,owl:Thing
rc:Village_Japan,rdfs:subClassOf,rc:Village
rc:Village_Japan,rdfs:subClassOf,owl:Thing
rc:Convoy,rdfs:subClassOf,rc:Fleet
rc:Convoy,rdfs:subClassOf,owl:Thing
rc:NorthCelestialPole,rdfs:subClassOf,rc:AxialPoleOfPlanet
rc:NorthCelestialPole,rdfs:subClassOf,rc:CelestialRegion
rc:NorthCelestialPole,rdfs:subClassOf,owl:Thing
rc:RockfillDam,rdfs:subClassOf,rc:Dam
rc:RockfillDam,rdfs:subClassOf,owl:Thing
rc:Interstate84West,rdfs:subClassOf,rc:InterstateHighway
rc:Interstate84West,rdfs:subClassOf,owl:Thing
rc:PlumasCountyCalifornia,rdfs:subClassOf,rc:NorthernCalifornia
rc:PlumasCountyCalifornia,rdfs:subClassOf,owl:Thing
rc:Province_Argentina,rdfs:subClassOf,rc:Province
rc:Province_Argentina,rdfs:subClassOf,owl:Thing
rc:Hercules_Constellation,rdfs:subClassOf,rc:Constellation
rc:Hercules_Constellation,rdfs:subClassOf,owl:Thing
rc:TerritorialEntityInNorthAmerica,rdfs:subClassOf,rc:ContinentOfNorthAmerica
rc:TerritorialEntityInNorthAmerica,rdfs:subClassOf,owl:Thing
rc:Ibiza_Island,rdfs:subClassOf,rc:Island
rc:Ibiza_Island,rdfs:subClassOf,owl:Thing
rc:ResidentialBuilding,rdfs:subClassOf,rc:Building
rc:ResidentialBuilding,rdfs:subClassOf,rc:HumanResidence
rc:ResidentialBuilding,rdfs:subClassOf,rc:ResidentialHome
rc:ResidentialBuilding,rdfs:subClassOf,rc:ResidentialRealEstate
rc:ResidentialBuilding,rdfs:subClassOf,owl:Thing
rc:PortOrHarborOfTheAegeanSea,rdfs:subClassOf,rc:PortOrHarbor
rc:PortOrHarborOfTheAegeanSea,rdfs:subClassOf,owl:Thing
rc:Louisiana_State,rdfs:subClassOf,rc:State_UnitedStates
rc:Louisiana_State,rdfs:subClassOf,owl:Thing
rc:Molokai_IslandHawaii,rdfs:subClassOf,rc:Island
rc:Molokai_IslandHawaii,rdfs:subClassOf,owl:Thing
rc:EsopusCreek,rdfs:subClassOf,rc:River
rc:EsopusCreek,rdfs:subClassOf,owl:Thing
rc:Commune_Madagascar,rdfs:subClassOf,rc:AdministrativeDistrict
rc:Commune_Madagascar,rdfs:subClassOf,owl:Thing
rc:PoitouCharentes,rdfs:subClassOf,rc:FrenchRegion
rc:PoitouCharentes,rdfs:subClassOf,owl:Thing
rc:Rhodesia,rdfs:subClassOf,rc:Country
rc:Rhodesia,rdfs:subClassOf,owl:Thing
rc:GlassPlant_Facility,rdfs:subClassOf,rc:FactoryBuilding
rc:GlassPlant_Facility,rdfs:subClassOf,owl:Thing
rc:HockeyField,rdfs:subClassOf,rc:AthleticField
rc:HockeyField,rdfs:subClassOf,owl:Thing
rc:Catamarca_ProvinceArgentina,rdfs:subClassOf,rc:Province_Argentina
rc:Catamarca_ProvinceArgentina,rdfs:subClassOf,owl:Thing
rc:KeyLargo,rdfs:subClassOf,rc:FloridaKeys
rc:KeyLargo,rdfs:subClassOf,owl:Thing
rc:Siegfried_classCoastalDefenseShip,rdfs:subClassOf,rc:CoastalDefenceShip
rc:Siegfried_classCoastalDefenseShip,rdfs:subClassOf,owl:Thing
rc:KootenayRiver,rdfs:subClassOf,rc:River
rc:KootenayRiver,rdfs:subClassOf,owl:Thing
rc:AccommodationBuildingStructure,rdfs:subClassOf,rc:PermanentBuildingStructure
rc:AccommodationBuildingStructure,rdfs:subClassOf,owl:Thing
rc:Italy,rdfs:subClassOf,rc:Country
rc:Italy,rdfs:subClassOf,owl:Thing
rc:UrbanArea_Sweden,rdfs:subClassOf,rc:AdministrativeDistrict
rc:UrbanArea_Sweden,rdfs:subClassOf,rc:UrbanArea
rc:UrbanArea_Sweden,rdfs:subClassOf,owl:Thing
rc:SabineRiver,rdfs:subClassOf,rc:River
rc:SabineRiver,rdfs:subClassOf,owl:Thing
rc:TravelRoute_Water,rdfs:subClassOf,rc:TravelRoute
rc:TravelRoute_Water,rdfs:subClassOf,owl:Thing
rc:PortOrHarborOfTheArabianSea,rdfs:subClassOf,rc:PortOrHarbor
rc:PortOrHarborOfTheArabianSea,rdfs:subClassOf,owl:Thing
rc:Caravan,rdfs:subClassOf,rc:Convoy
rc:Caravan,rdfs:subClassOf,owl:Thing
rc:MalabarCoastMoistForest,rdfs:subClassOf,rc:SubtropicalForest
rc:MalabarCoastMoistForest,rdfs:subClassOf,owl:Thing
rc:CompostelaValley,rdfs:subClassOf,rc:DavaoRegion
rc:CompostelaValley,rdfs:subClassOf,owl:Thing
rc:NorthCentralCoast,rdfs:subClassOf,rc:Vietnam
rc:NorthCentralCoast,rdfs:subClassOf,owl:Thing
rc:BlackSea,rdfs:subClassOf,rc:Sea
rc:BlackSea,rdfs:subClassOf,owl:Thing
rc:FrenchDepartment,rdfs:subClassOf,rc:SecondOrderAdministrativeDivision
rc:FrenchDepartment,rdfs:subClassOf,owl:Thing
rc:WoodenChurch,rdfs:subClassOf,rc:Church_Building
rc:WoodenChurch,rdfs:subClassOf,owl:Thing
rc:LakeNaivasha,rdfs:subClassOf,rc:FreshWaterLake
rc:LakeNaivasha,rdfs:subClassOf,owl:Thing
rc:MonteCarlo_CommuneMonaco,rdfs:subClassOf,rc:State_Geopolitical
rc:MonteCarlo_CommuneMonaco,rdfs:subClassOf,owl:Thing
rc:House_Modern,rdfs:subClassOf,rc:ResidentialBuilding
rc:House_Modern,rdfs:subClassOf,owl:Thing
rc:ElectronicsAndTheEnvironment,rdfs:subClassOf,rc:Environment_Generic
rc:ElectronicsAndTheEnvironment,rdfs:subClassOf,owl:Thing
rc:Kuwait,rdfs:subClassOf,rc:PersianGulfCountry
rc:Kuwait,rdfs:subClassOf,owl:Thing
rc:YugoslavBosniaAndHerzegovina,rdfs:subClassOf,rc:Yugoslavia
rc:YugoslavBosniaAndHerzegovina,rdfs:subClassOf,owl:Thing
rc:LineOfMilitaryForces,rdfs:subClassOf,rc:TacticalLine
rc:LineOfMilitaryForces,rdfs:subClassOf,owl:Thing
rc:Agordat_classCruiser,rdfs:subClassOf,rc:Cruiser
rc:Agordat_classCruiser,rdfs:subClassOf,owl:Thing
rc:Gorzow_ProvincePoland,rdfs:subClassOf,rc:Province_Poland
rc:Gorzow_ProvincePoland,rdfs:subClassOf,owl:Thing
rc:County_NorthKorea,rdfs:subClassOf,rc:County
rc:County_NorthKorea,rdfs:subClassOf,rc:SecondOrderAdministrativeDivision
rc:County_NorthKorea,rdfs:subClassOf,owl:Thing
rc:Doghouse,rdfs:subClassOf,rc:AgriculturalBuildingStructure
rc:Doghouse,rdfs:subClassOf,owl:Thing
rc:SolomonIslands_TheNation,rdfs:subClassOf,rc:Country
rc:SolomonIslands_TheNation,rdfs:subClassOf,owl:Thing
rc:Waterway,rdfs:subClassOf,rc:IrrigationFloodControlWaterwork
rc:Waterway,rdfs:subClassOf,rc:TravelRoute_Water
rc:Waterway,rdfs:subClassOf,owl:Thing
rc:CapeVerde,rdfs:subClassOf,rc:Country
rc:CapeVerde,rdfs:subClassOf,owl:Thing
rc:Para_classMonitor,rdfs:subClassOf,rc:Monitor
rc:Para_classMonitor,rdfs:subClassOf,owl:Thing
rc:Village_Jordan,rdfs:subClassOf,rc:Village
rc:Village_Jordan,rdfs:subClassOf,owl:Thing
rc:City_Portugal,rdfs:subClassOf,rc:City
rc:City_Portugal,rdfs:subClassOf,owl:Thing
rc:LakeNakuru,rdfs:subClassOf,rc:FreshWaterLake
rc:LakeNakuru,rdfs:subClassOf,owl:Thing
rc:Etna_classCruiser,rdfs:subClassOf,rc:Cruiser
rc:Etna_classCruiser,rdfs:subClassOf,owl:Thing
rc:Jowzjan_ProvinceAfghanistan,rdfs:subClassOf,rc:Province_Afghanistan
rc:Jowzjan_ProvinceAfghanistan,rdfs:subClassOf,owl:Thing
rc:Oueme_ProvinceBenin,rdfs:subClassOf,rc:Province_Benin
rc:Oueme_ProvinceBenin,rdfs:subClassOf,owl:Thing
rc:LittleShipsOfDunkirk,rdfs:subClassOf,rc:Boat
rc:LittleShipsOfDunkirk,rdfs:subClassOf,owl:Thing
rc:Township_Minnesota,rdfs:subClassOf,rc:USTownship
rc:Township_Minnesota,rdfs:subClassOf,owl:Thing
rc:Commune_Mali,rdfs:subClassOf,rc:ThirdOrderAdministrativeDivision
rc:Commune_Mali,rdfs:subClassOf,owl:Thing
rc:KalawaoCountyHawaii,rdfs:subClassOf,rc:Molokai_IslandHawaii
rc:KalawaoCountyHawaii,rdfs:subClassOf,owl:Thing
rc:TradeRoute,rdfs:subClassOf,rc:TravelRoute
rc:TradeRoute,rdfs:subClassOf,owl:Thing
rc:Sieradz_ProvincePoland,rdfs:subClassOf,rc:Province_Poland
rc:Sieradz_ProvincePoland,rdfs:subClassOf,owl:Thing
rc:MultiFamilyHousing,rdfs:subClassOf,rc:House_Modern
rc:MultiFamilyHousing,rdfs:subClassOf,owl:Thing
rc:ClingmansDome_Mount,rdfs:subClassOf,rc:Mountain
rc:ClingmansDome_Mount,rdfs:subClassOf,owl:Thing
rc:Catanduanes_ProvincePhilippines,rdfs:subClassOf,rc:Province_Philippines
rc:Catanduanes_ProvincePhilippines,rdfs:subClassOf,owl:Thing
rc:DavaoDelNorte_ProvincePhilippines,rdfs:subClassOf,rc:DavaoRegion
rc:DavaoDelNorte_ProvincePhilippines,rdfs:subClassOf,owl:Thing
rc:AxisOfAdvance,rdfs:subClassOf,rc:LineOfMilitaryForces
rc:AxisOfAdvance,rdfs:subClassOf,owl:Thing
rc:PilgrimageRoute,rdfs:subClassOf,rc:TravelRoute
rc:PilgrimageRoute,rdfs:subClassOf,owl:Thing
rc:MartinCountyTexas,rdfs:subClassOf,rc:WestTexas
rc:MartinCountyTexas,rdfs:subClassOf,owl:Thing
rc:District_JowzjanProvince,rdfs:subClassOf,rc:District
rc:District_JowzjanProvince,rdfs:subClassOf,rc:Jowzjan_ProvinceAfghanistan
rc:District_JowzjanProvince,rdfs:subClassOf,owl:Thing
rc:Warrior_classCruiser,rdfs:subClassOf,rc:ArmoredCruiser
rc:Warrior_classCruiser,rdfs:subClassOf,owl:Thing
rc:Canal,rdfs:subClassOf,rc:ArtificialWaterFeature_Area
rc:Canal,rdfs:subClassOf,rc:BodyOfWater_Flowing
rc:Canal,rdfs:subClassOf,rc:Earthwork
rc:Canal,rdfs:subClassOf,rc:Waterway
rc:Canal,rdfs:subClassOf,owl:Thing
rc:City_Russia,rdfs:subClassOf,rc:City
rc:City_Russia,rdfs:subClassOf,owl:Thing
rc:SaintLucia,rdfs:subClassOf,rc:Country
rc:SaintLucia,rdfs:subClassOf,owl:Thing
rc:Landfill,rdfs:subClassOf,rc:HumanAlteredSite
rc:Landfill,rdfs:subClassOf,rc:HumanlyOccupiedSpatialObject
rc:Landfill,rdfs:subClassOf,owl:Thing
rc:DavaoOccidental_ProvincePhilippines,rdfs:subClassOf,rc:DavaoRegion
rc:DavaoOccidental_ProvincePhilippines,rdfs:subClassOf,owl:Thing
rc:NevadaCountyCalifornia,rdfs:subClassOf,rc:NorthernCalifornia
rc:NevadaCountyCalifornia,rdfs:subClassOf,owl:Thing
rc:MachuPicchu,rdfs:subClassOf,rc:UNESCOWorldHertitageSite
rc:MachuPicchu,rdfs:subClassOf,owl:Thing
rc:CrossRiverReservoir,rdfs:subClassOf,rc:WaterReservoir
rc:CrossRiverReservoir,rdfs:subClassOf,owl:Thing
rc:FalklandIslands,rdfs:subClassOf,rc:Archipelago
rc:FalklandIslands,rdfs:subClassOf,owl:Thing
rc:BurganOilField,rdfs:subClassOf,rc:OilField
rc:BurganOilField,rdfs:subClassOf,owl:Thing
rc:County_Poland,rdfs:subClassOf,rc:SecondOrderAdministrativeDivision
rc:County_Poland,rdfs:subClassOf,owl:Thing
rc:Geotope,rdfs:subClassOf,rc:Ecotope
rc:Geotope,rdfs:subClassOf,owl:Thing
rc:Botswana,rdfs:subClassOf,rc:Country
rc:Botswana,rdfs:subClassOf,owl:Thing
rc:ApartmentBuilding,rdfs:subClassOf,rc:ApartmentComplex
rc:ApartmentBuilding,rdfs:subClassOf,rc:MultiFamilyHousing
rc:ApartmentBuilding,rdfs:subClassOf,owl:Thing
rc:Tumulus,rdfs:subClassOf,rc:Earthwork
rc:Tumulus,rdfs:subClassOf,rc:Gravesite
rc:Tumulus,rdfs:subClassOf,rc:Monument
rc:Tumulus,rdfs:subClassOf,owl:Thing
rc:Slough_RegionEngland,rdfs:subClassOf,rc:State_Geopolitical
rc:Slough_RegionEngland,rdfs:subClassOf,owl:Thing
rc:FraserCanyon,rdfs:subClassOf,rc:Canyon
rc:FraserCanyon,rdfs:subClassOf,owl:Thing
rc:UnitedStatesOfAmerica,rdfs:subClassOf,rc:Country
rc:UnitedStatesOfAmerica,rdfs:subClassOf,owl:Thing
rc:HighlandLakes,rdfs:subClassOf,rc:LakeGroup
rc:HighlandLakes,rdfs:subClassOf,owl:Thing
rc:FixedStructurePlatform,rdfs:subClassOf,rc:FixedStructure
rc:FixedStructurePlatform,rdfs:subClassOf,owl:Thing
rc:Interstate85,rdfs:subClassOf,rc:InterstateHighway
rc:Interstate85,rdfs:subClassOf,owl:Thing
rc:StreamBend,rdfs:subClassOf,rc:Channel_WaterPath
rc:StreamBend,rdfs:subClassOf,owl:Thing
rc:AngaraRiver,rdfs:subClassOf,rc:River
rc:AngaraRiver,rdfs:subClassOf,owl:Thing
rc:EastAzerbaijan_ProvinceIran,rdfs:subClassOf,rc:Province_Iran
rc:EastAzerbaijan_ProvinceIran,rdfs:subClassOf,owl:Thing
rc:EcosystemProtectionService,rdfs:subClassOf,rc:Ecosystem
rc:EcosystemProtectionService,rdfs:subClassOf,owl:Thing
rc:CanandaiguaLake,rdfs:subClassOf,rc:FreshWaterLake
rc:CanandaiguaLake,rdfs:subClassOf,owl:Thing
rc:Chhattisgarh,rdfs:subClassOf,rc:State_India
rc:Chhattisgarh,rdfs:subClassOf,owl:Thing
rc:Balcony_BuildingPart,rdfs:subClassOf,rc:FixedStructurePlatform
rc:Balcony_BuildingPart,rdfs:subClassOf,owl:Thing
rc:ResortFacility,rdfs:subClassOf,rc:EconomicRegion
rc:ResortFacility,rdfs:subClassOf,rc:TouristAttraction
rc:ResortFacility,rdfs:subClassOf,owl:Thing
rc:BuckinghamPalace,rdfs:subClassOf,rc:Landmark
rc:BuckinghamPalace,rdfs:subClassOf,rc:OfficialResidence
rc:BuckinghamPalace,rdfs:subClassOf,owl:Thing
rc:OldParliament_ScotlandConstituency,rdfs:subClassOf,rc:Constituency
rc:OldParliament_ScotlandConstituency,rdfs:subClassOf,owl:Thing
rc:BurgasLakes,rdfs:subClassOf,rc:BodyOfWater_Large
rc:BurgasLakes,rdfs:subClassOf,owl:Thing
rc:Bolivia,rdfs:subClassOf,rc:SouthAmericanCountry
rc:Bolivia,rdfs:subClassOf,owl:Thing
rc:MarineEcosystemManagementService,rdfs:subClassOf,rc:Ecosystem
rc:MarineEcosystemManagementService,rdfs:subClassOf,owl:Thing
rc:CaravanRoute,rdfs:subClassOf,rc:TradeRoute
rc:CaravanRoute,rdfs:subClassOf,owl:Thing
rc:RoundBarrow,rdfs:subClassOf,rc:Tumulus
rc:RoundBarrow,rdfs:subClassOf,owl:Thing
rc:LeaningTowerOfPisa,rdfs:subClassOf,rc:Landmark
rc:LeaningTowerOfPisa,rdfs:subClassOf,owl:Thing
rc:LaundryRoom,rdfs:subClassOf,rc:RoomInAConstruction
rc:LaundryRoom,rdfs:subClassOf,owl:Thing
rc:Playground,rdfs:subClassOf,rc:HumanlyOccupiedSpatialObject
rc:Playground,rdfs:subClassOf,rc:OutdoorRecreationArea
rc:Playground,rdfs:subClassOf,owl:Thing
rc:PortOrHarborOfTheAtlanticOcean,rdfs:subClassOf,rc:PortOrHarbor
rc:PortOrHarborOfTheAtlanticOcean,rdfs:subClassOf,owl:Thing
rc:BeachResort_Attraction,rdfs:subClassOf,rc:ResortFacility
rc:BeachResort_Attraction,rdfs:subClassOf,owl:Thing
rc:Grahamstown,rdfs:subClassOf,rc:EasternCape_ProvinceSouthAfrica
rc:Grahamstown,rdfs:subClassOf,rc:Town
rc:Grahamstown,rdfs:subClassOf,owl:Thing
rc:Warrior_classIronclad,rdfs:subClassOf,rc:IroncladWarship
rc:Warrior_classIronclad,rdfs:subClassOf,owl:Thing
rc:YugoslavCroatia,rdfs:subClassOf,rc:Yugoslavia
rc:YugoslavCroatia,rdfs:subClassOf,owl:Thing
rc:LongAn_ProvinceVietnam,rdfs:subClassOf,rc:Province_Vietnam
rc:LongAn_ProvinceVietnam,rdfs:subClassOf,owl:Thing
rc:PhaseLine,rdfs:subClassOf,rc:MilitaryTerrain
rc:PhaseLine,rdfs:subClassOf,rc:TacticalLine
rc:PhaseLine,rdfs:subClassOf,owl:Thing
rc:WaitingRoom,rdfs:subClassOf,rc:RoomInAConstruction
rc:WaitingRoom,rdfs:subClassOf,owl:Thing
rc:NileRiver,rdfs:subClassOf,rc:River
rc:NileRiver,rdfs:subClassOf,owl:Thing
rc:Teaspoon,rdfs:subClassOf,rc:Spoon_SilverwarePiece
rc:Teaspoon,rdfs:subClassOf,owl:Thing
rc:SaltFlat,rdfs:subClassOf,rc:Flat_Topographical
rc:SaltFlat,rdfs:subClassOf,owl:Thing
rc:IronAgeSite,rdfs:subClassOf,rc:ArchaeologicalSite
rc:IronAgeSite,rdfs:subClassOf,owl:Thing
rc:ModernShelterConstruction,rdfs:subClassOf,rc:FixedStructure
rc:ModernShelterConstruction,rdfs:subClassOf,owl:Thing
rc:Village_Lebanon,rdfs:subClassOf,rc:Village
rc:Village_Lebanon,rdfs:subClassOf,owl:Thing
rc:Espana_classBattleship,rdfs:subClassOf,rc:Dreadnought
rc:Espana_classBattleship,rdfs:subClassOf,owl:Thing
rc:NationalParkway_NPS,rdfs:subClassOf,rc:ScenicRoadway
rc:NationalParkway_NPS,rdfs:subClassOf,owl:Thing
rc:SierraCountyCalifornia,rdfs:subClassOf,rc:NorthernCalifornia
rc:SierraCountyCalifornia,rdfs:subClassOf,owl:Thing
rc:LineOfDeparture,rdfs:subClassOf,rc:LineOfMilitaryForces
rc:LineOfDeparture,rdfs:subClassOf,rc:PhaseLine
rc:LineOfDeparture,rdfs:subClassOf,owl:Thing
rc:FutunaIslands,rdfs:subClassOf,rc:Archipelago
rc:FutunaIslands,rdfs:subClassOf,owl:Thing
rc:BodyOfWater_Flowing,rdfs:subClassOf,rc:BodyOfWater_Area
rc:BodyOfWater_Flowing,rdfs:subClassOf,owl:Thing
rc:SirriIsland,rdfs:subClassOf,rc:Province_Iran
rc:SirriIsland,rdfs:subClassOf,owl:Thing
rc:Commune_Mauritania,rdfs:subClassOf,rc:AdministrativeDistrict
rc:Commune_Mauritania,rdfs:subClassOf,owl:Thing
rc:WineAccessory,rdfs:subClassOf,rc:FoodUtensil
rc:WineAccessory,rdfs:subClassOf,owl:Thing
rc:LakeNasser,rdfs:subClassOf,rc:NileRiver
rc:LakeNasser,rdfs:subClassOf,owl:Thing
rc:ValledAosta_RegionItaly,rdfs:subClassOf,rc:Region_Italy
rc:ValledAosta_RegionItaly,rdfs:subClassOf,owl:Thing
rc:Sabkha,rdfs:subClassOf,rc:SaltFlat
rc:Sabkha,rdfs:subClassOf,owl:Thing
rc:RegionTypeByVegetation,rdfs:subClassOf,rc:RegionTypeByTerrain
rc:RegionTypeByVegetation,rdfs:subClassOf,owl:Thing
rc:Cape_Topographical,rdfs:subClassOf,rc:Peninsula
rc:Cape_Topographical,rdfs:subClassOf,owl:Thing
rc:Village_LevelDivision_China,rdfs:subClassOf,rc:Village
rc:Village_LevelDivision_China,rdfs:subClassOf,owl:Thing
rc:BridgeSpan,rdfs:subClassOf,rc:Bridge
rc:BridgeSpan,rdfs:subClassOf,owl:Thing
rc:BerkshireMountains,rdfs:subClassOf,rc:MountainRange
rc:BerkshireMountains,rdfs:subClassOf,owl:Thing
rc:RockyMountainNationalPark,rdfs:subClassOf,rc:NationalPark
rc:RockyMountainNationalPark,rdfs:subClassOf,owl:Thing
rc:ZionNationalPark,rdfs:subClassOf,rc:NationalPark
rc:ZionNationalPark,rdfs:subClassOf,owl:Thing
rc:County_Texas,rdfs:subClassOf,rc:USCounty
rc:County_Texas,rdfs:subClassOf,owl:Thing
rc:InyoCountyCalifornia,rdfs:subClassOf,rc:NorthernCalifornia
rc:InyoCountyCalifornia,rdfs:subClassOf,owl:Thing
rc:Township_Missouri,rdfs:subClassOf,rc:USTownship
rc:Township_Missouri,rdfs:subClassOf,owl:Thing
rc:Watercourse,rdfs:subClassOf,rc:OutdoorLocation
rc:Watercourse,rdfs:subClassOf,owl:Thing
rc:WorldWarIICaribbeanSeaOperation,rdfs:subClassOf,rc:CaribbeanSea
rc:WorldWarIICaribbeanSeaOperation,rdfs:subClassOf,owl:Thing
rc:City_Switzerland,rdfs:subClassOf,rc:City
rc:City_Switzerland,rdfs:subClassOf,owl:Thing
rc:HomeOffice,rdfs:subClassOf,rc:OfficeSpace_Personal
rc:HomeOffice,rdfs:subClassOf,rc:RoomInAConstruction
rc:HomeOffice,rdfs:subClassOf,owl:Thing
rc:Department_State_Geopolitical,rdfs:subClassOf,rc:State_Geopolitical
rc:Department_State_Geopolitical,rdfs:subClassOf,owl:Thing
rc:ChampagneArdenne,rdfs:subClassOf,rc:Ardennes_Region
rc:ChampagneArdenne,rdfs:subClassOf,owl:Thing
rc:UticaNewYork,rdfs:subClassOf,rc:City
rc:UticaNewYork,rdfs:subClassOf,owl:Thing
rc:KalbacarRayonuAzerbaijan,rdfs:subClassOf,rc:Province
rc:KalbacarRayonuAzerbaijan,rdfs:subClassOf,owl:Thing
rc:RegionTypes,rdfs:subClassOf,rc:Region
rc:RegionTypes,rdfs:subClassOf,owl:Thing
rc:SantaCruz_ProvinceArgentina,rdfs:subClassOf,rc:Province_Argentina
rc:SantaCruz_ProvinceArgentina,rdfs:subClassOf,owl:Thing
rc:VaticanCity,rdfs:subClassOf,rc:Country
rc:VaticanCity,rdfs:subClassOf,owl:Thing
rc:Haryana,rdfs:subClassOf,rc:State_India
rc:Haryana,rdfs:subClassOf,owl:Thing
rc:Naama,rdfs:subClassOf,rc:Naama_ProvinceAlgeria
rc:Naama,rdfs:subClassOf,owl:Thing
rc:BrazosRiver,rdfs:subClassOf,rc:River
rc:BrazosRiver,rdfs:subClassOf,owl:Thing
rc:OuluRiver,rdfs:subClassOf,rc:River
rc:OuluRiver,rdfs:subClassOf,owl:Thing
rc:Department_Uruguay,rdfs:subClassOf,rc:Department_State_Geopolitical
rc:Department_Uruguay,rdfs:subClassOf,owl:Thing
rc:ChildrenPlayAreaPlayground,rdfs:subClassOf,rc:Playground
rc:ChildrenPlayAreaPlayground,rdfs:subClassOf,owl:Thing
rc:Murmansk,rdfs:subClassOf,rc:City
rc:Murmansk,rdfs:subClassOf,owl:Thing
rc:PostSovietState,rdfs:subClassOf,rc:Country
rc:PostSovietState,rdfs:subClassOf,owl:Thing
rc:Biskra_ProvinceAlgeria,rdfs:subClassOf,rc:Province_Algeria
rc:Biskra_ProvinceAlgeria,rdfs:subClassOf,owl:Thing
rc:RegionTypeByTerrain,rdfs:subClassOf,rc:LandscapeType
rc:RegionTypeByTerrain,rdfs:subClassOf,rc:RegionTypes
rc:RegionTypeByTerrain,rdfs:subClassOf,owl:Thing
rc:Kapisa_ProvinceAfghanistan,rdfs:subClassOf,rc:Province_Afghanistan
rc:Kapisa_ProvinceAfghanistan,rdfs:subClassOf,owl:Thing
rc:SavaiiIsland_WesternSamoa,rdfs:subClassOf,rc:Island
rc:SavaiiIsland_WesternSamoa,rdfs:subClassOf,owl:Thing
rc:DavaoOriental_ProvincePhilippines,rdfs:subClassOf,rc:DavaoRegion
rc:DavaoOriental_ProvincePhilippines,rdfs:subClassOf,owl:Thing
rc:GroveNature,rdfs:subClassOf,rc:WoodedArea
rc:GroveNature,rdfs:subClassOf,owl:Thing
rc:Seacoast,rdfs:subClassOf,rc:Shoreline
rc:Seacoast,rdfs:subClassOf,owl:Thing
rc:Ridge,rdfs:subClassOf,rc:GeographicalPlace_Area
rc:Ridge,rdfs:subClassOf,rc:LandTopographicalFeature
rc:Ridge,rdfs:subClassOf,owl:Thing
rc:Interstate86East,rdfs:subClassOf,rc:InterstateHighway
rc:Interstate86East,rdfs:subClassOf,owl:Thing
rc:RealProperty,rdfs:subClassOf,kko:Places
rc:RealProperty,rdfs:subClassOf,owl:Thing
rc:OhioRiver,rdfs:subClassOf,rc:River
rc:OhioRiver,rdfs:subClassOf,owl:Thing
rc:Ibuki_classArmoredCruiser,rdfs:subClassOf,rc:BattleCruiser
rc:Ibuki_classArmoredCruiser,rdfs:subClassOf,owl:Thing
rc:FraserRiver,rdfs:subClassOf,rc:River
rc:FraserRiver,rdfs:subClassOf,owl:Thing
rc:Spoon_SilverwarePiece,rdfs:subClassOf,rc:SilverwarePiece
rc:Spoon_SilverwarePiece,rdfs:subClassOf,rc:Spoon
rc:Spoon_SilverwarePiece,rdfs:subClassOf,owl:Thing
rc:Fortress,rdfs:subClassOf,rc:Fortification
rc:Fortress,rdfs:subClassOf,owl:Thing
rc:GammaCephei,rdfs:subClassOf,rc:Cepheus_Constellation
rc:GammaCephei,rdfs:subClassOf,owl:Thing
rc:BaseballDiamond,rdfs:subClassOf,rc:AthleticField
rc:BaseballDiamond,rdfs:subClassOf,owl:Thing
rc:MonteRosa,rdfs:subClassOf,rc:PennineAlps_Mountain
rc:MonteRosa,rdfs:subClassOf,owl:Thing
rc:District_KapisaProvince,rdfs:subClassOf,rc:District
rc:District_KapisaProvince,rdfs:subClassOf,rc:Kapisa_ProvinceAfghanistan
rc:District_KapisaProvince,rdfs:subClassOf,owl:Thing
rc:Ecotope,rdfs:subClassOf,rc:Ecosystem
rc:Ecotope,rdfs:subClassOf,owl:Thing
rc:Ridge_Hill,rdfs:subClassOf,rc:Hill
rc:Ridge_Hill,rdfs:subClassOf,rc:Ridge
rc:Ridge_Hill,rdfs:subClassOf,owl:Thing
rc:HangGlidingSite,rdfs:subClassOf,rc:SportsPlayingArea
rc:HangGlidingSite,rdfs:subClassOf,owl:Thing
rc:HotSpring,rdfs:subClassOf,rc:Spring_WaterSource
rc:HotSpring,rdfs:subClassOf,owl:Thing
rc:FrontWall,rdfs:subClassOf,rc:Wall_Vertical
rc:FrontWall,rdfs:subClassOf,owl:Thing
rc:Township_Myanmar,rdfs:subClassOf,rc:ThirdOrderAdministrativeDivision
rc:Township_Myanmar,rdfs:subClassOf,owl:Thing
rc:ColoniaDepartmentUruguay,rdfs:subClassOf,rc:Department_Uruguay
rc:ColoniaDepartmentUruguay,rdfs:subClassOf,owl:Thing
rc:EastGermany,rdfs:subClassOf,rc:Country
rc:EastGermany,rdfs:subClassOf,owl:Thing
rc:StreamMouth,rdfs:subClassOf,rc:Channel_WaterPath
rc:StreamMouth,rdfs:subClassOf,owl:Thing
rc:NaturalFeatureType,rdfs:subClassOf,rc:RegionTypeByTerrain
rc:NaturalFeatureType,rdfs:subClassOf,owl:Thing
rc:CurrencyCentre,rdfs:subClassOf,rc:FinancialFacility
rc:CurrencyCentre,rdfs:subClassOf,owl:Thing
rc:Landform,rdfs:subClassOf,rc:KeyFeatureArea
rc:Landform,rdfs:subClassOf,owl:Thing
rc:Foreshore,rdfs:subClassOf,rc:Seacoast
rc:Foreshore,rdfs:subClassOf,owl:Thing
rc:PortOrHarborOfTheBlackSea,rdfs:subClassOf,rc:BlackSea
rc:PortOrHarborOfTheBlackSea,rdfs:subClassOf,owl:Thing
rc:BenNevis,rdfs:subClassOf,rc:Mountain
rc:BenNevis,rdfs:subClassOf,owl:Thing
rc:PublicProperty,rdfs:subClassOf,rc:RealProperty
rc:PublicProperty,rdfs:subClassOf,owl:Thing
rc:Geyser,rdfs:subClassOf,rc:HotSpring
rc:Geyser,rdfs:subClassOf,owl:Thing
rc:Northwest_USRegion,rdfs:subClassOf,rc:WesternUS_Region
rc:Northwest_USRegion,rdfs:subClassOf,owl:Thing
rc:PrehistoricArchaeologicalSite,rdfs:subClassOf,rc:AncientArchaeologicalSite
rc:PrehistoricArchaeologicalSite,rdfs:subClassOf,owl:Thing
rc:BurgasOblastBulgaria,rdfs:subClassOf,rc:Province
rc:BurgasOblastBulgaria,rdfs:subClassOf,owl:Thing
rc:Oran_ProvinceAlgeria,rdfs:subClassOf,rc:Province_Algeria
rc:Oran_ProvinceAlgeria,rdfs:subClassOf,owl:Thing
rc:EastBerlin,rdfs:subClassOf,rc:EastGermany
rc:EastBerlin,rdfs:subClassOf,owl:Thing
rc:Interstate87,rdfs:subClassOf,rc:InterstateHighway
rc:Interstate87,rdfs:subClassOf,owl:Thing
rc:BlackSeaEnergy,rdfs:subClassOf,rc:OilField
rc:BlackSeaEnergy,rdfs:subClassOf,owl:Thing
rc:WoodenSpoon,rdfs:subClassOf,rc:Spoon
rc:WoodenSpoon,rdfs:subClassOf,owl:Thing
rc:BeachRidge,rdfs:subClassOf,rc:Ridge_Hill
rc:BeachRidge,rdfs:subClassOf,owl:Thing
rc:RampArtifact,rdfs:subClassOf,rc:PathArtifact_Area
rc:RampArtifact,rdfs:subClassOf,owl:Thing
rc:DonRiver,rdfs:subClassOf,rc:River
rc:DonRiver,rdfs:subClassOf,owl:Thing
rc:BiggarSaskatchewan,rdfs:subClassOf,rc:Saskatchewan_CanadianProvince
rc:BiggarSaskatchewan,rdfs:subClassOf,owl:Thing
rc:CagayanValley,rdfs:subClassOf,rc:LuzonIsland_Philippines
rc:CagayanValley,rdfs:subClassOf,owl:Thing
rc:Korea,rdfs:subClassOf,rc:Country
rc:Korea,rdfs:subClassOf,owl:Thing
rc:SierraLeone,rdfs:subClassOf,rc:Country
rc:SierraLeone,rdfs:subClassOf,owl:Thing
rc:Stream_Canalized,rdfs:subClassOf,rc:Stream
rc:Stream_Canalized,rdfs:subClassOf,owl:Thing
rc:Commune_Moldova,rdfs:subClassOf,rc:AdministrativeDistrict
rc:Commune_Moldova,rdfs:subClassOf,owl:Thing
rc:PepactonReservoir,rdfs:subClassOf,rc:WaterReservoir
rc:PepactonReservoir,rdfs:subClassOf,owl:Thing
rc:SoftTerrain,rdfs:subClassOf,rc:RegionTypeByTerrain
rc:SoftTerrain,rdfs:subClassOf,owl:Thing
rc:InyoMountains,rdfs:subClassOf,rc:MountainRange
rc:InyoMountains,rdfs:subClassOf,owl:Thing
rc:PortOrHarborOfTheEnglishChannel,rdfs:subClassOf,rc:PortOrHarbor
rc:PortOrHarborOfTheEnglishChannel,rdfs:subClassOf,owl:Thing
rc:County_Virginia,rdfs:subClassOf,rc:USCounty
rc:County_Virginia,rdfs:subClassOf,owl:Thing
rc:Whirlpool_Bathtub,rdfs:subClassOf,rc:Bathtub
rc:Whirlpool_Bathtub,rdfs:subClassOf,owl:Thing
rc:MiniatureGolfCourse,rdfs:subClassOf,rc:AmusementPark
rc:MiniatureGolfCourse,rdfs:subClassOf,rc:SportsCourse
rc:MiniatureGolfCourse,rdfs:subClassOf,owl:Thing
rc:Sudan,rdfs:subClassOf,rc:ArabWorld
rc:Sudan,rdfs:subClassOf,owl:Thing
rc:YugoslavMacedonia,rdfs:subClassOf,rc:Yugoslavia
rc:YugoslavMacedonia,rdfs:subClassOf,owl:Thing
rc:AncientRoadway,rdfs:subClassOf,rc:Roadway
rc:AncientRoadway,rdfs:subClassOf,owl:Thing
rc:BoardingRamp,rdfs:subClassOf,rc:RampArtifact
rc:BoardingRamp,rdfs:subClassOf,owl:Thing
rc:City_Ukraine,rdfs:subClassOf,rc:City
rc:City_Ukraine,rdfs:subClassOf,owl:Thing
rc:SandySoilRegion,rdfs:subClassOf,rc:CoarseGrainedSoilRegion
rc:SandySoilRegion,rdfs:subClassOf,rc:SoftTerrain
rc:SandySoilRegion,rdfs:subClassOf,owl:Thing
rc:CombatOutpost,rdfs:subClassOf,rc:CombatPosition
rc:CombatOutpost,rdfs:subClassOf,owl:Thing
rc:SantaFe_ProvinceArgentina,rdfs:subClassOf,rc:Province_Argentina
rc:SantaFe_ProvinceArgentina,rdfs:subClassOf,owl:Thing
rc:SoupSpoon,rdfs:subClassOf,rc:Spoon_SilverwarePiece
rc:SoupSpoon,rdfs:subClassOf,owl:Thing
rc:RegionTypeBySurfaceGrowth,rdfs:subClassOf,rc:NaturalFeatureType
rc:RegionTypeBySurfaceGrowth,rdfs:subClassOf,rc:RegionTypeByVegetation
rc:RegionTypeBySurfaceGrowth,rdfs:subClassOf,owl:Thing
rc:MilitaryBarrack,rdfs:subClassOf,rc:Dormitory
rc:MilitaryBarrack,rdfs:subClassOf,rc:MilitaryFacility
rc:MilitaryBarrack,rdfs:subClassOf,owl:Thing
rc:LakeNyasa,rdfs:subClassOf,rc:FreshWaterLake
rc:LakeNyasa,rdfs:subClassOf,owl:Thing
rc:Village_Poland,rdfs:subClassOf,rc:Village
rc:Village_Poland,rdfs:subClassOf,owl:Thing
rc:TennisCourt,rdfs:subClassOf,rc:SportsCourt
rc:TennisCourt,rdfs:subClassOf,owl:Thing
rc:Commune_Morocco,rdfs:subClassOf,rc:MunicipalityByCountry
rc:Commune_Morocco,rdfs:subClassOf,owl:Thing
rc:ContactPoint,rdfs:subClassOf,rc:GeneralPoint
rc:ContactPoint,rdfs:subClassOf,owl:Thing
rc:SandyBeach,rdfs:subClassOf,rc:Beach
rc:SandyBeach,rdfs:subClassOf,rc:SandySoilRegion
rc:SandyBeach,rdfs:subClassOf,owl:Thing
rc:ValleyOfTheAlps,rdfs:subClassOf,rc:Valley
rc:ValleyOfTheAlps,rdfs:subClassOf,owl:Thing
rc:CentralAlps,rdfs:subClassOf,rc:Alps_Mountains
rc:CentralAlps,rdfs:subClassOf,owl:Thing
rc:Nevada_State,rdfs:subClassOf,rc:State_UnitedStates
rc:Nevada_State,rdfs:subClassOf,owl:Thing
rc:UnincorporatedCommunity,rdfs:subClassOf,rc:HumanResidenceArea
rc:UnincorporatedCommunity,rdfs:subClassOf,owl:Thing
rc:Parish_Ecuador,rdfs:subClassOf,rc:ThirdOrderAdministrativeDivision
rc:Parish_Ecuador,rdfs:subClassOf,owl:Thing
rc:OumelBouaghi_ProvinceAlgeria,rdfs:subClassOf,rc:Province_Algeria
rc:OumelBouaghi_ProvinceAlgeria,rdfs:subClassOf,owl:Thing
rc:DustParticle,rdfs:subClassOf,rc:EarthenSubstance
rc:DustParticle,rdfs:subClassOf,owl:Thing
rc:PacificNorthwest_USRegion,rdfs:subClassOf,rc:Northwest_USRegion
rc:PacificNorthwest_USRegion,rdfs:subClassOf,owl:Thing
rc:OhioRiverWatershed,rdfs:subClassOf,rc:OhioRiver
rc:OhioRiverWatershed,rdfs:subClassOf,rc:Watershed
rc:OhioRiverWatershed,rdfs:subClassOf,owl:Thing
rc:Township_Nebraska,rdfs:subClassOf,rc:USTownship
rc:Township_Nebraska,rdfs:subClassOf,owl:Thing
rc:PepactonTunnel,rdfs:subClassOf,rc:Aqueduct
rc:PepactonTunnel,rdfs:subClassOf,rc:Tunnel
rc:PepactonTunnel,rdfs:subClassOf,owl:Thing
rc:Naturdenkmal_Germany,rdfs:subClassOf,rc:NaturalMonument
rc:Naturdenkmal_Germany,rdfs:subClassOf,owl:Thing
rc:NuclearReactorContainmentBuilding,rdfs:subClassOf,rc:NuclearPowerPlantBuilding
rc:NuclearReactorContainmentBuilding,rdfs:subClassOf,owl:Thing
rc:BiomeType,rdfs:subClassOf,rc:RegionTypeBySurfaceGrowth
rc:BiomeType,rdfs:subClassOf,owl:Thing
rc:BerlinWall,rdfs:subClassOf,rc:Landmark
rc:BerlinWall,rdfs:subClassOf,owl:Thing
rc:PowerGenerationComplex,rdfs:subClassOf,rc:Facility_Construct
rc:PowerGenerationComplex,rdfs:subClassOf,rc:Outdoors_ExposedToWeather
rc:PowerGenerationComplex,rdfs:subClassOf,owl:Thing
rc:GarzeTibetanAutonomousPrefecture,rdfs:subClassOf,rc:Prefecture
rc:GarzeTibetanAutonomousPrefecture,rdfs:subClassOf,owl:Thing
rc:PublicFacility,rdfs:subClassOf,rc:Facility_Construct
rc:PublicFacility,rdfs:subClassOf,rc:PublicProperty
rc:PublicFacility,rdfs:subClassOf,owl:Thing
rc:HumanResidence,rdfs:subClassOf,rc:ModernShelterConstruction
rc:HumanResidence,rdfs:subClassOf,owl:Thing
rc:SantaMaria_Island,rdfs:subClassOf,rc:Island
rc:SantaMaria_Island,rdfs:subClassOf,owl:Thing
rc:GoldenSandBeach,rdfs:subClassOf,rc:SandyBeach
rc:GoldenSandBeach,rdfs:subClassOf,owl:Thing
rc:NorthCotabato_ProvincePhilippines,rdfs:subClassOf,rc:Province_Philippines
rc:NorthCotabato_ProvincePhilippines,rdfs:subClassOf,owl:Thing
rc:Landgemeinde_Austria,rdfs:subClassOf,rc:MunicipalityByCountry
rc:Landgemeinde_Austria,rdfs:subClassOf,owl:Thing
rc:FirstOrderAdministrativeDivision_Historical,rdfs:subClassOf,rc:FirstOrderAdministrativeDivision
rc:FirstOrderAdministrativeDivision_Historical,rdfs:subClassOf,owl:Thing
rc:GrainElevator,rdfs:subClassOf,rc:Facility_Agricultural
rc:GrainElevator,rdfs:subClassOf,rc:StorageFacility
rc:GrainElevator,rdfs:subClassOf,owl:Thing
rc:HydroelectricDam,rdfs:subClassOf,rc:Dam
rc:HydroelectricDam,rdfs:subClassOf,rc:PowerGenerationComplex
rc:HydroelectricDam,rdfs:subClassOf,owl:Thing
rc:VeracruzLlave_StateMexico,rdfs:subClassOf,rc:State_Mexico
rc:VeracruzLlave_StateMexico,rdfs:subClassOf,owl:Thing
rc:FraserValley_RegionBritishColumbia,rdfs:subClassOf,rc:PacificNorthwest_USRegion
rc:FraserValley_RegionBritishColumbia,rdfs:subClassOf,owl:Thing
rc:Ibuki_classCruiser,rdfs:subClassOf,rc:Cruiser
rc:Ibuki_classCruiser,rdfs:subClassOf,owl:Thing
rc:Ohio_State,rdfs:subClassOf,rc:State_UnitedStates
rc:Ohio_State,rdfs:subClassOf,owl:Thing
rc:Tundra,rdfs:subClassOf,rc:GrassyRegion
rc:Tundra,rdfs:subClassOf,rc:PermaFrostRegion
rc:Tundra,rdfs:subClassOf,rc:Plain_Topographical
rc:Tundra,rdfs:subClassOf,owl:Thing
rc:Shrine_Religious,rdfs:subClassOf,rc:HumanlyOccupiedSpatialObject
rc:Shrine_Religious,rdfs:subClassOf,rc:ReligiousBuilding
rc:Shrine_Religious,rdfs:subClassOf,owl:Thing
rc:FormosaStrait,rdfs:subClassOf,rc:Strait
rc:FormosaStrait,rdfs:subClassOf,owl:Thing
rc:WetlandRegion,rdfs:subClassOf,rc:BiomeType
rc:WetlandRegion,rdfs:subClassOf,owl:Thing
rc:CentralAmerica,rdfs:subClassOf,rc:GeoculturalRegion
rc:CentralAmerica,rdfs:subClassOf,owl:Thing
rc:Reticulum_Constellation,rdfs:subClassOf,rc:Constellation
rc:Reticulum_Constellation,rdfs:subClassOf,owl:Thing
rc:TerritorialWaters,rdfs:subClassOf,rc:BodyOfWater_SubRegionsSea
rc:TerritorialWaters,rdfs:subClassOf,owl:Thing
rc:MunicipalFacility,rdfs:subClassOf,rc:PublicBuildingStructure
rc:MunicipalFacility,rdfs:subClassOf,rc:PublicFacility
rc:MunicipalFacility,rdfs:subClassOf,owl:Thing
rc:ReligiousResidence,rdfs:subClassOf,rc:HumanResidence
rc:ReligiousResidence,rdfs:subClassOf,rc:ReligiousBuilding
rc:ReligiousResidence,rdfs:subClassOf,owl:Thing
rc:Interstate90,rdfs:subClassOf,rc:InterstateHighway
rc:Interstate90,rdfs:subClassOf,owl:Thing
rc:Republique_classBattleship,rdfs:subClassOf,rc:Battleship
rc:Republique_classBattleship,rdfs:subClassOf,owl:Thing
rc:Cagayan_ProvincePhilippines,rdfs:subClassOf,rc:Province_Philippines
rc:Cagayan_ProvincePhilippines,rdfs:subClassOf,owl:Thing
rc:HangaRoa,rdfs:subClassOf,rc:EasterIsland
rc:HangaRoa,rdfs:subClassOf,owl:Thing
rc:SaintPaulIsland,rdfs:subClassOf,rc:Island
rc:SaintPaulIsland,rdfs:subClassOf,owl:Thing
rc:Parish_Galicia,rdfs:subClassOf,rc:Parish_State_Geopolitical
rc:Parish_Galicia,rdfs:subClassOf,owl:Thing
rc:Montenegro,rdfs:subClassOf,rc:Country
rc:Montenegro,rdfs:subClassOf,owl:Thing
rc:ForwardEdgeOfBattleArea,rdfs:subClassOf,rc:LineOfMilitaryForces
rc:ForwardEdgeOfBattleArea,rdfs:subClassOf,rc:MilitaryTerrain
rc:ForwardEdgeOfBattleArea,rdfs:subClassOf,owl:Thing
rc:MurrayRiver,rdfs:subClassOf,rc:River
rc:MurrayRiver,rdfs:subClassOf,owl:Thing
rc:CrossStraitRelations,rdfs:subClassOf,rc:FormosaStrait
rc:CrossStraitRelations,rdfs:subClassOf,owl:Thing
rc:Watercraft_Small,rdfs:subClassOf,rc:Watercraft_Surface
rc:Watercraft_Small,rdfs:subClassOf,owl:Thing
rc:MondolKiri_ProvinceCambodia,rdfs:subClassOf,rc:Province_Cambodia
rc:MondolKiri_ProvinceCambodia,rdfs:subClassOf,owl:Thing
rc:Pan_Topographical,rdfs:subClassOf,rc:TopographicalFeature
rc:Pan_Topographical,rdfs:subClassOf,owl:Thing
rc:Kauai_Island_Hawaii,rdfs:subClassOf,rc:Island
rc:Kauai_Island_Hawaii,rdfs:subClassOf,owl:Thing
rc:RockyMountainStates_USRegion,rdfs:subClassOf,rc:USRegion
rc:RockyMountainStates_USRegion,rdfs:subClassOf,owl:Thing
rc:Province_BurkinaFaso,rdfs:subClassOf,rc:Province
rc:Province_BurkinaFaso,rdfs:subClassOf,owl:Thing
rc:GabledBuilding,rdfs:subClassOf,rc:Building
rc:GabledBuilding,rdfs:subClassOf,owl:Thing
rc:Commune_Romania,rdfs:subClassOf,rc:SecondOrderAdministrativeDivision
rc:Commune_Romania,rdfs:subClassOf,owl:Thing
rc:Canoe,rdfs:subClassOf,rc:Boat
rc:Canoe,rdfs:subClassOf,rc:Watercraft_Small
rc:Canoe,rdfs:subClassOf,owl:Thing
rc:Headboard_PartOfBedFrame,rdfs:subClassOf,rc:FurniturePart
rc:Headboard_PartOfBedFrame,rdfs:subClassOf,owl:Thing
rc:DavisMountains,rdfs:subClassOf,rc:MountainRange
rc:DavisMountains,rdfs:subClassOf,owl:Thing
rc:Fenland,rdfs:subClassOf,rc:County
rc:Fenland,rdfs:subClassOf,owl:Thing
rc:Turkey,rdfs:subClassOf,rc:CaucasusCountry
rc:Turkey,rdfs:subClassOf,owl:Thing
rc:LakeOfTheWoods,rdfs:subClassOf,rc:FreshWaterLake
rc:LakeOfTheWoods,rdfs:subClassOf,owl:Thing
rc:USInteriorHighlands,rdfs:subClassOf,rc:South_USRegion
rc:USInteriorHighlands,rdfs:subClassOf,owl:Thing
rc:YugoslavSerbia,rdfs:subClassOf,rc:Yugoslavia
rc:YugoslavSerbia,rdfs:subClassOf,owl:Thing
rc:Landscape,rdfs:subClassOf,rc:TopographicalFeature
rc:Landscape,rdfs:subClassOf,owl:Thing
rc:Katowice_ProvincePoland,rdfs:subClassOf,rc:Province_Poland
rc:Katowice_ProvincePoland,rdfs:subClassOf,owl:Thing
rc:Quay,rdfs:subClassOf,rc:Dock
rc:Quay,rdfs:subClassOf,owl:Thing
rc:Bam_ProvinceBurkinaFaso,rdfs:subClassOf,rc:Province_BurkinaFaso
rc:Bam_ProvinceBurkinaFaso,rdfs:subClassOf,owl:Thing
rc:MixtecSite,rdfs:subClassOf,rc:AncientArchaeologicalSite
rc:MixtecSite,rdfs:subClassOf,owl:Thing
rc:Abbey,rdfs:subClassOf,rc:ReligiousResidence
rc:Abbey,rdfs:subClassOf,owl:Thing
rc:BuildingWithClockGable,rdfs:subClassOf,rc:GabledBuilding
rc:BuildingWithClockGable,rdfs:subClassOf,owl:Thing
rc:Mackensen_classBattlecruiser,rdfs:subClassOf,rc:BattleCruiser
rc:Mackensen_classBattlecruiser,rdfs:subClassOf,owl:Thing
rc:PortOrHarborOfTheHumber,rdfs:subClassOf,rc:PortOrHarbor
rc:PortOrHarborOfTheHumber,rdfs:subClassOf,owl:Thing
rc:Trough_Topographical,rdfs:subClassOf,rc:Depression_Topographical
rc:Trough_Topographical,rdfs:subClassOf,owl:Thing
rc:Village_Saskatchewan,rdfs:subClassOf,rc:Village
rc:Village_Saskatchewan,rdfs:subClassOf,owl:Thing
rc:CharlesRiver,rdfs:subClassOf,rc:River
rc:CharlesRiver,rdfs:subClassOf,owl:Thing
rc:Majestic_classBattleship,rdfs:subClassOf,rc:PreDreadnoughtBattleship
rc:Majestic_classBattleship,rdfs:subClassOf,owl:Thing
rc:BlackSeaRegion,rdfs:subClassOf,rc:Turkey
rc:BlackSeaRegion,rdfs:subClassOf,owl:Thing
rc:Topography,rdfs:subClassOf,rc:TopographicalFeature
rc:Topography,rdfs:subClassOf,owl:Thing
rc:RoadTunnel,rdfs:subClassOf,rc:Tunnel
rc:RoadTunnel,rdfs:subClassOf,owl:Thing
rc:ForestClearing,rdfs:subClassOf,rc:CanopyClosure_Open
rc:ForestClearing,rdfs:subClassOf,rc:LandTopographicalFeature
rc:ForestClearing,rdfs:subClassOf,rc:OpenArea
rc:ForestClearing,rdfs:subClassOf,rc:RuralArea
rc:ForestClearing,rdfs:subClassOf,owl:Thing
rc:TennisCourtSurface,rdfs:subClassOf,rc:SportsPlayingArea
rc:TennisCourtSurface,rdfs:subClassOf,owl:Thing
rc:Cityscape,rdfs:subClassOf,rc:Landscape
rc:Cityscape,rdfs:subClassOf,owl:Thing
rc:District_Katowice,rdfs:subClassOf,rc:District
rc:District_Katowice,rdfs:subClassOf,rc:Katowice_ProvincePoland
rc:District_Katowice,rdfs:subClassOf,owl:Thing
rc:Transmed_Pipeline,rdfs:subClassOf,rc:GasPipeline
rc:Transmed_Pipeline,rdfs:subClassOf,owl:Thing
rc:ValleyOfTheMojaveDesert,rdfs:subClassOf,rc:Valley
rc:ValleyOfTheMojaveDesert,rdfs:subClassOf,owl:Thing
rc:FourthOrderAdministrativeDivision,rdfs:subClassOf,rc:AdministrativeDivision
rc:FourthOrderAdministrativeDivision,rdfs:subClassOf,owl:Thing
rc:PrimateSanctuary,rdfs:subClassOf,rc:AnimalSanctuary
rc:PrimateSanctuary,rdfs:subClassOf,owl:Thing
rc:Misiones_ProvinceArgentina,rdfs:subClassOf,rc:Province_Argentina
rc:Misiones_ProvinceArgentina,rdfs:subClassOf,owl:Thing
rc:LeisureFacility,rdfs:subClassOf,rc:Facility_Construct
rc:LeisureFacility,rdfs:subClassOf,owl:Thing
rc:BaseballField,rdfs:subClassOf,rc:AthleticField
rc:BaseballField,rdfs:subClassOf,owl:Thing
rc:ShintoShrine,rdfs:subClassOf,rc:Shrine_Religious
rc:ShintoShrine,rdfs:subClassOf,owl:Thing
rc:Bridge_Permanent,rdfs:subClassOf,rc:Bridge
rc:Bridge_Permanent,rdfs:subClassOf,owl:Thing
rc:ReclaimedLandBasin,rdfs:subClassOf,rc:LandscapeType
rc:ReclaimedLandBasin,rdfs:subClassOf,owl:Thing
rc:OutdoorLocation,rdfs:subClassOf,rc:Place_Generic
rc:OutdoorLocation,rdfs:subClassOf,owl:Thing
rc:DefenseBuildingStructure,rdfs:subClassOf,rc:PermanentBuildingStructure
rc:DefenseBuildingStructure,rdfs:subClassOf,owl:Thing
rc:FrenchFifthRepublicConstituency,rdfs:subClassOf,rc:Constituency
rc:FrenchFifthRepublicConstituency,rdfs:subClassOf,owl:Thing
rc:EastChinaSea,rdfs:subClassOf,rc:Sea
rc:EastChinaSea,rdfs:subClassOf,owl:Thing
rc:Pillar_Topographical,rdfs:subClassOf,rc:RockFormation
rc:Pillar_Topographical,rdfs:subClassOf,owl:Thing
rc:Township_NewJersey,rdfs:subClassOf,rc:USTownship
rc:Township_NewJersey,rdfs:subClassOf,owl:Thing
rc:FrontageRoad,rdfs:subClassOf,rc:Roadway
rc:FrontageRoad,rdfs:subClassOf,owl:Thing
rc:Salamis_IslandGreece,rdfs:subClassOf,rc:Island
rc:Salamis_IslandGreece,rdfs:subClassOf,owl:Thing
rc:Chiapas_StateMexico,rdfs:subClassOf,rc:State_Mexico
rc:Chiapas_StateMexico,rdfs:subClassOf,owl:Thing
rc:LandingCraftPersonnel,rdfs:subClassOf,rc:LandingCraft
rc:LandingCraftPersonnel,rdfs:subClassOf,owl:Thing
rc:Nevis_Island,rdfs:subClassOf,rc:Island
rc:Nevis_Island,rdfs:subClassOf,owl:Thing
rc:FifthOrderAdministrativeDivision,rdfs:subClassOf,rc:FourthOrderAdministrativeDivision
rc:FifthOrderAdministrativeDivision,rdfs:subClassOf,owl:Thing
rc:MackenzieRiver,rdfs:subClassOf,rc:River
rc:MackenzieRiver,rdfs:subClassOf,owl:Thing
rc:Bismarck_classBattleship,rdfs:subClassOf,rc:Battleship
rc:Bismarck_classBattleship,rdfs:subClassOf,owl:Thing
rc:Chubut_ProvinceArgentina,rdfs:subClassOf,rc:Province_Argentina
rc:Chubut_ProvinceArgentina,rdfs:subClassOf,owl:Thing
rc:AuvergneRegion,rdfs:subClassOf,rc:FrenchRegion
rc:AuvergneRegion,rdfs:subClassOf,owl:Thing
rc:LakeOkeechobee,rdfs:subClassOf,rc:FreshWaterLake
rc:LakeOkeechobee,rdfs:subClassOf,owl:Thing
rc:Wittelsbach_classBattleship,rdfs:subClassOf,rc:PreDreadnoughtBattleship
rc:Wittelsbach_classBattleship,rdfs:subClassOf,owl:Thing
rc:Polder,rdfs:subClassOf,rc:ReclaimedLandBasin
rc:Polder,rdfs:subClassOf,owl:Thing
rc:TrafficCircle,rdfs:subClassOf,rc:RoadwayJunction
rc:TrafficCircle,rdfs:subClassOf,owl:Thing
rc:Octans_Constellation,rdfs:subClassOf,rc:Constellation
rc:Octans_Constellation,rdfs:subClassOf,owl:Thing
rc:MilitaryTerrain,rdfs:subClassOf,rc:OutdoorLocation
rc:MilitaryTerrain,rdfs:subClassOf,owl:Thing
rc:Village_Senegal,rdfs:subClassOf,rc:Village
rc:Village_Senegal,rdfs:subClassOf,owl:Thing
rc:HongKong,rdfs:subClassOf,rc:AutonomousRegion
rc:HongKong,rdfs:subClassOf,owl:Thing
rc:Scharnhorst_classBattleship,rdfs:subClassOf,rc:Battleship
rc:Scharnhorst_classBattleship,rdfs:subClassOf,owl:Thing
rc:Johannesburg,rdfs:subClassOf,rc:CapitalCityOfRegion
rc:Johannesburg,rdfs:subClassOf,owl:Thing
rc:ProtectedArea,rdfs:subClassOf,rc:OutdoorLocation
rc:ProtectedArea,rdfs:subClassOf,owl:Thing
rc:ClasticSedimentaryRock,rdfs:subClassOf,rc:SedimentaryRock
rc:ClasticSedimentaryRock,rdfs:subClassOf,owl:Thing
rc:Vaud,rdfs:subClassOf,rc:Canton_Swiss
rc:Vaud,rdfs:subClassOf,owl:Thing
rc:Martinique,rdfs:subClassOf,rc:FrenchRegion
rc:Martinique,rdfs:subClassOf,owl:Thing
rc:Trough_Topographical_Undersea,rdfs:subClassOf,rc:UnderwaterTopographicalFeature
rc:Trough_Topographical_Undersea,rdfs:subClassOf,owl:Thing
rc:SpecialRegionOfYogyakarta,rdfs:subClassOf,rc:JavaIsland_Indonesia
rc:SpecialRegionOfYogyakarta,rdfs:subClassOf,owl:Thing
rc:Savannah,rdfs:subClassOf,rc:Grassland
rc:Savannah,rdfs:subClassOf,owl:Thing
rc:Bridgehead,rdfs:subClassOf,rc:TacticalArea
rc:Bridgehead,rdfs:subClassOf,owl:Thing
rc:Parish_Latvia,rdfs:subClassOf,rc:SecondOrderAdministrativeDivision
rc:Parish_Latvia,rdfs:subClassOf,owl:Thing
rc:Block_Yemen,rdfs:subClassOf,rc:FifthOrderAdministrativeDivision
rc:Block_Yemen,rdfs:subClassOf,owl:Thing
rc:ParacelIslands,rdfs:subClassOf,rc:Archipelago
rc:ParacelIslands,rdfs:subClassOf,owl:Thing
rc:Reticulum_Venusian,rdfs:subClassOf,rc:TopographicalFeature
rc:Reticulum_Venusian,rdfs:subClassOf,owl:Thing
rc:Passore_ProvinceBurkinaFaso,rdfs:subClassOf,rc:Province_BurkinaFaso
rc:Passore_ProvinceBurkinaFaso,rdfs:subClassOf,owl:Thing
rc:ApartmentUnit,rdfs:subClassOf,rc:MultiRoomUnit
rc:ApartmentUnit,rdfs:subClassOf,owl:Thing
rc:BordjBouArreridj_ProvinceAlgeria,rdfs:subClassOf,rc:Province_Algeria
rc:BordjBouArreridj_ProvinceAlgeria,rdfs:subClassOf,owl:Thing
rc:Locality_Mexico,rdfs:subClassOf,rc:AdministrativeDistrict
rc:Locality_Mexico,rdfs:subClassOf,owl:Thing
rc:Place_NonAgent_Area,rdfs:subClassOf,kko:AreaRegion
rc:Place_NonAgent_Area,rdfs:subClassOf,owl:Thing
rc:Pelee_Volcano,rdfs:subClassOf,rc:Stratovolcano
rc:Pelee_Volcano,rdfs:subClassOf,owl:Thing
rc:BuildingCluster,rdfs:subClassOf,rc:PermanentBuildingStructure
rc:BuildingCluster,rdfs:subClassOf,owl:Thing
rc:Bight,rdfs:subClassOf,rc:Gulf
rc:Bight,rdfs:subClassOf,owl:Thing
rc:AlyssaAlps,rdfs:subClassOf,rc:MountainRange
rc:AlyssaAlps,rdfs:subClassOf,owl:Thing
rc:Naama_ProvinceAlgeria,rdfs:subClassOf,rc:Province_Algeria
rc:Naama_ProvinceAlgeria,rdfs:subClassOf,owl:Thing
rc:LittoralRegion,rdfs:subClassOf,rc:BodyOfWater_Area
rc:LittoralRegion,rdfs:subClassOf,owl:Thing
rc:SaintPierre_Island,rdfs:subClassOf,rc:Island
rc:SaintPierre_Island,rdfs:subClassOf,owl:Thing
rc:OutdoorRecreationArea,rdfs:subClassOf,rc:LeisureFacility
rc:OutdoorRecreationArea,rdfs:subClassOf,rc:ProtectedArea
rc:OutdoorRecreationArea,rdfs:subClassOf,owl:Thing
rc:Interstate91,rdfs:subClassOf,rc:InterstateHighway
rc:Interstate91,rdfs:subClassOf,owl:Thing
rc:Ciudad_Spain,rdfs:subClassOf,rc:MunicipalityByCountry
rc:Ciudad_Spain,rdfs:subClassOf,owl:Thing
rc:TimesSquare,rdfs:subClassOf,rc:PersonAssemblyArea
rc:TimesSquare,rdfs:subClassOf,owl:Thing
rc:MontereyCountyCalifornia,rdfs:subClassOf,rc:NorthernCalifornia
rc:MontereyCountyCalifornia,rdfs:subClassOf,owl:Thing
rc:WallOfAConstruction,rdfs:subClassOf,rc:Wall_Vertical
rc:WallOfAConstruction,rdfs:subClassOf,owl:Thing
rc:BalearicIslands,rdfs:subClassOf,rc:Archipelago
rc:BalearicIslands,rdfs:subClassOf,owl:Thing
rc:Wielkopolskie_ProvincePoland,rdfs:subClassOf,rc:Province_Poland
rc:Wielkopolskie_ProvincePoland,rdfs:subClassOf,owl:Thing
rc:PortOrHarborOfTheIndianOcean,rdfs:subClassOf,rc:PortOrHarbor
rc:PortOrHarborOfTheIndianOcean,rdfs:subClassOf,owl:Thing
rc:Region,rdfs:subClassOf,kko:AreaRegion
rc:Region,rdfs:subClassOf,owl:Thing
rc:AnSfraDistrict,rdfs:subClassOf,rc:Naama_ProvinceAlgeria
rc:AnSfraDistrict,rdfs:subClassOf,owl:Thing
rc:ArtGallery,rdfs:subClassOf,rc:PublicBuildingStructure
rc:ArtGallery,rdfs:subClassOf,owl:Thing
rc:AncientSalamis,rdfs:subClassOf,rc:Salamis_IslandGreece
rc:AncientSalamis,rdfs:subClassOf,owl:Thing
rc:SamoanIslands_Archipelago,rdfs:subClassOf,rc:Archipelago
rc:SamoanIslands_Archipelago,rdfs:subClassOf,owl:Thing
rc:NorthDakota_State,rdfs:subClassOf,rc:State_UnitedStates
rc:NorthDakota_State,rdfs:subClassOf,owl:Thing
rc:GalapagosIslands,rdfs:subClassOf,rc:Archipelago
rc:GalapagosIslands,rdfs:subClassOf,owl:Thing
rc:TalusSlope,rdfs:subClassOf,rc:TopographicalFeature
rc:TalusSlope,rdfs:subClassOf,owl:Thing
rc:FixedStructure,rdfs:subClassOf,rc:OutdoorLocation
rc:FixedStructure,rdfs:subClassOf,owl:Thing
rc:GlassWall,rdfs:subClassOf,rc:WallOfAConstruction
rc:GlassWall,rdfs:subClassOf,owl:Thing
rc:TacticalTerrainObject,rdfs:subClassOf,rc:Place_NonAgent_Area
rc:TacticalTerrainObject,rdfs:subClassOf,owl:Thing
rc:BuildingWithCornice,rdfs:subClassOf,rc:GabledBuilding
rc:BuildingWithCornice,rdfs:subClassOf,owl:Thing
rc:RomanianSpeakingCountryOrTerritory,rdfs:subClassOf,rc:LanguageSpeakingCountryOrTerritory
rc:RomanianSpeakingCountryOrTerritory,rdfs:subClassOf,owl:Thing
rc:TabukProvince,rdfs:subClassOf,rc:Province
rc:TabukProvince,rdfs:subClassOf,owl:Thing
rc:Quebec_CanadianProvince,rdfs:subClassOf,rc:CanadianProvince
rc:Quebec_CanadianProvince,rdfs:subClassOf,owl:Thing
rc:TopographyOfTheAncientCityOfRome,rdfs:subClassOf,rc:KeyFeatureArea
rc:TopographyOfTheAncientCityOfRome,rdfs:subClassOf,owl:Thing
rc:DavisStrait,rdfs:subClassOf,rc:Strait
rc:DavisStrait,rdfs:subClassOf,owl:Thing
rc:CosoRange,rdfs:subClassOf,rc:MountainRange
rc:CosoRange,rdfs:subClassOf,owl:Thing
rc:Camelopardalis_Constellation,rdfs:subClassOf,rc:Constellation
rc:Camelopardalis_Constellation,rdfs:subClassOf,owl:Thing
rc:VistulaRiver,rdfs:subClassOf,rc:River
rc:VistulaRiver,rdfs:subClassOf,owl:Thing
rc:MurrumbidgeeRiver,rdfs:subClassOf,rc:River
rc:MurrumbidgeeRiver,rdfs:subClassOf,owl:Thing
rc:WakeIsland,rdfs:subClassOf,rc:Island
rc:WakeIsland,rdfs:subClassOf,owl:Thing
rc:SeaplaneStation,rdfs:subClassOf,rc:Airport_Physical
rc:SeaplaneStation,rdfs:subClassOf,owl:Thing
rc:GeographicalRegion,rdfs:subClassOf,rc:Region
rc:GeographicalRegion,rdfs:subClassOf,owl:Thing
rc:DixieHighway,rdfs:subClassOf,rc:TravelRoute_Road
rc:DixieHighway,rdfs:subClassOf,owl:Thing
rc:GharbAlAndalus,rdfs:subClassOf,rc:Algarve
rc:GharbAlAndalus,rdfs:subClassOf,owl:Thing
rc:CanaryIslands,rdfs:subClassOf,rc:Archipelago
rc:CanaryIslands,rdfs:subClassOf,rc:Island_State_Geopolitical
rc:CanaryIslands,rdfs:subClassOf,owl:Thing
rc:Valley_Undersea,rdfs:subClassOf,rc:UnderwaterTopographicalFeature
rc:Valley_Undersea,rdfs:subClassOf,owl:Thing
rc:WorldWarIMemorial,rdfs:subClassOf,rc:WarMemorial
rc:WorldWarIMemorial,rdfs:subClassOf,owl:Thing
rc:BightOfBenin,rdfs:subClassOf,rc:Gulf
rc:BightOfBenin,rdfs:subClassOf,owl:Thing
rc:Pillau_classCruiser,rdfs:subClassOf,rc:LightCruiser
rc:Pillau_classCruiser,rdfs:subClassOf,owl:Thing
rc:TacticalArea,rdfs:subClassOf,rc:MilitaryTerrain
rc:TacticalArea,rdfs:subClassOf,rc:TacticalTerrainObject
rc:TacticalArea,rdfs:subClassOf,owl:Thing
rc:SlovakSpeakingCountryOrTerritory,rdfs:subClassOf,rc:LanguageSpeakingCountryOrTerritory
rc:SlovakSpeakingCountryOrTerritory,rdfs:subClassOf,owl:Thing
rc:EastDeccanDryEvergreenForest,rdfs:subClassOf,rc:DryTropicalForest
rc:EastDeccanDryEvergreenForest,rdfs:subClassOf,owl:Thing
rc:NorthDangerReef,rdfs:subClassOf,rc:SpratlyIslands
rc:NorthDangerReef,rdfs:subClassOf,owl:Thing
rc:PortOrHarborOfTheNorthSea,rdfs:subClassOf,rc:PortOrHarbor
rc:PortOrHarborOfTheNorthSea,rdfs:subClassOf,owl:Thing
rc:District_Kazakhstan,rdfs:subClassOf,rc:SecondOrderAdministrativeDivision
rc:District_Kazakhstan,rdfs:subClassOf,owl:Thing
rc:CombatZone,rdfs:subClassOf,rc:TacticalArea
rc:CombatZone,rdfs:subClassOf,owl:Thing
rc:LakeOntario,rdfs:subClassOf,rc:BodyOfWater_Large
rc:LakeOntario,rdfs:subClassOf,rc:GreatLakes
rc:LakeOntario,rdfs:subClassOf,owl:Thing
rc:Township_NorthCarolina,rdfs:subClassOf,rc:USTownship
rc:Township_NorthCarolina,rdfs:subClassOf,owl:Thing
rc:Lepus_Constellation,rdfs:subClassOf,rc:Constellation
rc:Lepus_Constellation,rdfs:subClassOf,owl:Thing
rc:Tebessa_ProvinceAlgeria,rdfs:subClassOf,rc:Province_Algeria
rc:Tebessa_ProvinceAlgeria,rdfs:subClassOf,owl:Thing
rc:AncientSite,rdfs:subClassOf,rc:HistoricalSite
rc:AncientSite,rdfs:subClassOf,owl:Thing
rc:ModocCountyCalifornia,rdfs:subClassOf,rc:NorthernCalifornia
rc:ModocCountyCalifornia,rdfs:subClassOf,owl:Thing
rc:Pylon,rdfs:subClassOf,rc:Tower
rc:Pylon,rdfs:subClassOf,owl:Thing
rc:Place_Generic,rdfs:subClassOf,kko:Places
rc:Place_Generic,rdfs:subClassOf,owl:Thing
rc:Kalimantan,rdfs:subClassOf,rc:Borneo_TheIsland
rc:Kalimantan,rdfs:subClassOf,rc:Brunei
rc:Kalimantan,rdfs:subClassOf,owl:Thing
rc:SierraMadre_Mountains,rdfs:subClassOf,rc:MountainRange
rc:SierraMadre_Mountains,rdfs:subClassOf,owl:Thing
rc:BuildingWithNeckGable,rdfs:subClassOf,rc:GabledBuilding
rc:BuildingWithNeckGable,rdfs:subClassOf,owl:Thing
rc:TopographyTechniquesAndSubfields,rdfs:subClassOf,rc:KeyFeatureArea
rc:TopographyTechniquesAndSubfields,rdfs:subClassOf,owl:Thing
rc:ConcertHall,rdfs:subClassOf,rc:PersonAssemblyRoom
rc:ConcertHall,rdfs:subClassOf,rc:Theater_PhysicalStructure
rc:ConcertHall,rdfs:subClassOf,owl:Thing
rc:LandingCraftUtility,rdfs:subClassOf,rc:LandingCraft
rc:LandingCraftUtility,rdfs:subClassOf,owl:Thing
rc:SouthernOcean,rdfs:subClassOf,rc:Ocean
rc:SouthernOcean,rdfs:subClassOf,owl:Thing
rc:SouthShetlandIslands,rdfs:subClassOf,rc:Archipelago
rc:SouthShetlandIslands,rdfs:subClassOf,owl:Thing
rc:SeaportFacility,rdfs:subClassOf,rc:PortFacility
rc:SeaportFacility,rdfs:subClassOf,owl:Thing
rc:PublicHousing,rdfs:subClassOf,rc:AffordableHousing
rc:PublicHousing,rdfs:subClassOf,owl:Thing
rc:Bismarck_classCorvette,rdfs:subClassOf,rc:Corvette_Ship
rc:Bismarck_classCorvette,rdfs:subClassOf,owl:Thing
rc:Obstacle,rdfs:subClassOf,rc:TacticalArea
rc:Obstacle,rdfs:subClassOf,owl:Thing
rc:LightBreezeArea,rdfs:subClassOf,rc:AreaWithSomeWind
rc:LightBreezeArea,rdfs:subClassOf,owl:Thing
rc:Littorio_classBattleship,rdfs:subClassOf,rc:Battleship
rc:Littorio_classBattleship,rdfs:subClassOf,owl:Thing
rc:SantiagodelEstero_ProvinceArgentina,rdfs:subClassOf,rc:Province_Argentina
rc:SantiagodelEstero_ProvinceArgentina,rdfs:subClassOf,owl:Thing
rc:FlindersRanges_Mountains,rdfs:subClassOf,rc:MountainRange
rc:FlindersRanges_Mountains,rdfs:subClassOf,owl:Thing
rc:Township_NorthDakota,rdfs:subClassOf,rc:USTownship
rc:Township_NorthDakota,rdfs:subClassOf,owl:Thing
rc:Parish_SaintKitts_Nevis,rdfs:subClassOf,rc:Parish_State_Geopolitical
rc:Parish_SaintKitts_Nevis,rdfs:subClassOf,owl:Thing
rc:VictoriaGozo,rdfs:subClassOf,rc:CapitalCityOfRegion
rc:VictoriaGozo,rdfs:subClassOf,owl:Thing
rc:Scharnhorst_classCruiser,rdfs:subClassOf,rc:Cruiser
rc:Scharnhorst_classCruiser,rdfs:subClassOf,owl:Thing
rc:Village_Spain,rdfs:subClassOf,rc:Village
rc:Village_Spain,rdfs:subClassOf,owl:Thing
rc:DeceptionIsland,rdfs:subClassOf,rc:SouthShetlandIslands
rc:DeceptionIsland,rdfs:subClassOf,owl:Thing
rc:Almshouse,rdfs:subClassOf,rc:PublicHousing
rc:Almshouse,rdfs:subClassOf,owl:Thing
rc:SaintThomasMiddleIsland_ParishStKitts_Nevis,rdfs:subClassOf,rc:Parish_SaintKitts_Nevis
rc:SaintThomasMiddleIsland_ParishStKitts_Nevis,rdfs:subClassOf,owl:Thing
rc:RockySoilRegion,rdfs:subClassOf,rc:RegionTypeBySoilType_USCS
rc:RockySoilRegion,rdfs:subClassOf,owl:Thing
rc:RouteNationale,rdfs:subClassOf,rc:Highway
rc:RouteNationale,rdfs:subClassOf,owl:Thing
rc:Ground,rdfs:subClassOf,rc:GeographicalRegion
rc:Ground,rdfs:subClassOf,rc:Place_Generic
rc:Ground,rdfs:subClassOf,owl:Thing
rc:ZodiacConstellation,rdfs:subClassOf,rc:Constellation
rc:ZodiacConstellation,rdfs:subClassOf,owl:Thing
rc:CivilAdministrativeRegion,rdfs:subClassOf,rc:AdministrativeDivision
rc:CivilAdministrativeRegion,rdfs:subClassOf,owl:Thing
rc:PaisVasco_AutonomousCommunitySpain,rdfs:subClassOf,rc:AutonomousCommunity_Spain
rc:PaisVasco_AutonomousCommunitySpain,rdfs:subClassOf,owl:Thing
rc:Puppis_Constellation,rdfs:subClassOf,rc:Constellation
rc:Puppis_Constellation,rdfs:subClassOf,owl:Thing
rc:Charodeika_classMonitor,rdfs:subClassOf,rc:Monitor
rc:Charodeika_classMonitor,rdfs:subClassOf,owl:Thing
rc:Interstate93,rdfs:subClassOf,rc:InterstateHighway
rc:Interstate93,rdfs:subClassOf,owl:Thing
rc:Facility_Construct,rdfs:subClassOf,rc:FixedStructure
rc:Facility_Construct,rdfs:subClassOf,owl:Thing
rc:Here,rdfs:subClassOf,rc:Place_Situational
rc:Here,rdfs:subClassOf,owl:Thing
rc:LakePlacid,rdfs:subClassOf,rc:FreshWaterLake
rc:LakePlacid,rdfs:subClassOf,owl:Thing
rc:USMilitaryPrisonAlcatrazIslandInmate,rdfs:subClassOf,rc:Alcatraz_TheIsland
rc:USMilitaryPrisonAlcatrazIslandInmate,rdfs:subClassOf,owl:Thing
rc:HongKongIsland,rdfs:subClassOf,rc:HongKong
rc:HongKongIsland,rdfs:subClassOf,owl:Thing
rc:Aquarius_Constellation,rdfs:subClassOf,rc:ZodiacConstellation
rc:Aquarius_Constellation,rdfs:subClassOf,owl:Thing
rc:KalingaApayao_ProvincePhilippines,rdfs:subClassOf,rc:Province_Philippines
rc:KalingaApayao_ProvincePhilippines,rdfs:subClassOf,owl:Thing
rc:SpecialTemporaryAuthorizationStation,rdfs:subClassOf,rc:RadioStation_Place
rc:SpecialTemporaryAuthorizationStation,rdfs:subClassOf,owl:Thing
rc:KeyWest,rdfs:subClassOf,rc:FloridaKeys
rc:KeyWest,rdfs:subClassOf,owl:Thing
rc:GulfCoastOfTheUnitedStates,rdfs:subClassOf,rc:South_USRegion
rc:GulfCoastOfTheUnitedStates,rdfs:subClassOf,owl:Thing
rc:Wloclawek_ProvincePoland,rdfs:subClassOf,rc:Province_Poland
rc:Wloclawek_ProvincePoland,rdfs:subClassOf,owl:Thing
rc:Gypsum,rdfs:subClassOf,rc:Stone
rc:Gypsum,rdfs:subClassOf,owl:Thing
rc:HangingGardensOfBabylon,rdfs:subClassOf,rc:Landmark
rc:HangingGardensOfBabylon,rdfs:subClassOf,owl:Thing
rc:VacationProperty,rdfs:subClassOf,rc:ResidentialBuilding
rc:VacationProperty,rdfs:subClassOf,owl:Thing
rc:Interstate94,rdfs:subClassOf,rc:InterstateHighway
rc:Interstate94,rdfs:subClassOf,owl:Thing
rc:RegionTypeByCanopyClosure,rdfs:subClassOf,rc:RegionTypeByTerrain
rc:RegionTypeByCanopyClosure,rdfs:subClassOf,owl:Thing
rc:Hispaniola_Island,rdfs:subClassOf,rc:Island
rc:Hispaniola_Island,rdfs:subClassOf,owl:Thing
rc:Prefecture,rdfs:subClassOf,rc:State_Geopolitical
rc:Prefecture,rdfs:subClassOf,owl:Thing
rc:OldSoldiersHomeInTheUnitedStates,rdfs:subClassOf,rc:ResidentialBuilding
rc:OldSoldiersHomeInTheUnitedStates,rdfs:subClassOf,owl:Thing
rc:Creek,rdfs:subClassOf,rc:Stream
rc:Creek,rdfs:subClassOf,owl:Thing
rc:Street_Generic,rdfs:subClassOf,rc:Roadway
rc:Street_Generic,rdfs:subClassOf,rc:UrbanArea
rc:Street_Generic,rdfs:subClassOf,owl:Thing
rc:Ghardaia_ProvinceAlgeria,rdfs:subClassOf,rc:Province_Algeria
rc:Ghardaia_ProvinceAlgeria,rdfs:subClassOf,owl:Thing
rc:PermanentBuildingStructure,rdfs:subClassOf,rc:Facility_Construct
rc:PermanentBuildingStructure,rdfs:subClassOf,owl:Thing
rc:ManMadeObstacle,rdfs:subClassOf,rc:DefenseBuildingStructure
rc:ManMadeObstacle,rdfs:subClassOf,rc:Obstacle
rc:ManMadeObstacle,rdfs:subClassOf,owl:Thing
rc:LatinAmericanCountry,rdfs:subClassOf,rc:IndependentCountry
rc:LatinAmericanCountry,rdfs:subClassOf,rc:LatinAmerica
rc:LatinAmericanCountry,rdfs:subClassOf,owl:Thing
rc:Timeshare,rdfs:subClassOf,rc:VacationProperty
rc:Timeshare,rdfs:subClassOf,owl:Thing
rc:PortOrHarborOfThePersianGulf,rdfs:subClassOf,rc:PortOrHarbor
rc:PortOrHarborOfThePersianGulf,rdfs:subClassOf,owl:Thing
rc:Plateau_Undersea,rdfs:subClassOf,rc:UnderwaterTopographicalFeature
rc:Plateau_Undersea,rdfs:subClassOf,owl:Thing
rc:Diqing,rdfs:subClassOf,rc:Prefecture
rc:Diqing,rdfs:subClassOf,owl:Thing
rc:PowerLineTower,rdfs:subClassOf,rc:Pylon
rc:PowerLineTower,rdfs:subClassOf,rc:UtilityBuildingStructure
rc:PowerLineTower,rdfs:subClassOf,owl:Thing
rc:WakeIsland_Territory,rdfs:subClassOf,rc:Territory_US
rc:WakeIsland_Territory,rdfs:subClassOf,owl:Thing
rc:NatureReserve_CzechRepublic,rdfs:subClassOf,rc:NatureReserve
rc:NatureReserve_CzechRepublic,rdfs:subClassOf,owl:Thing
rc:IronDuke_classBattleship,rdfs:subClassOf,rc:Battleship
rc:IronDuke_classBattleship,rdfs:subClassOf,owl:Thing
rc:Steppe,rdfs:subClassOf,rc:Grassland
rc:Steppe,rdfs:subClassOf,owl:Thing
rc:SouthernOstrobothnia,rdfs:subClassOf,rc:WesternFinland_ProvinceFinland
rc:SouthernOstrobothnia,rdfs:subClassOf,owl:Thing
rc:NorthAmericanCountry,rdfs:subClassOf,rc:Country
rc:NorthAmericanCountry,rdfs:subClassOf,owl:Thing
rc:WesternEuropeanCountry,rdfs:subClassOf,rc:EuropeanCountry
rc:WesternEuropeanCountry,rdfs:subClassOf,rc:WesternCountry
rc:WesternEuropeanCountry,rdfs:subClassOf,owl:Thing
rc:LongIslandSound,rdfs:subClassOf,rc:Sound_BodyOfWater
rc:LongIslandSound,rdfs:subClassOf,owl:Thing
rc:VictoriaLouise_classCruiser,rdfs:subClassOf,rc:Cruiser
rc:VictoriaLouise_classCruiser,rdfs:subClassOf,owl:Thing
rc:Abatis,rdfs:subClassOf,rc:ManMadeObstacle
rc:Abatis,rdfs:subClassOf,owl:Thing
rc:Sparta,rdfs:subClassOf,rc:City
rc:Sparta,rdfs:subClassOf,owl:Thing
rc:OutdoorDiningArea,rdfs:subClassOf,rc:OutdoorLocation
rc:OutdoorDiningArea,rdfs:subClassOf,rc:RestaurantSeatingArea
rc:OutdoorDiningArea,rdfs:subClassOf,owl:Thing
rc:CloudlessArea,rdfs:subClassOf,rc:ClearWeatherArea
rc:CloudlessArea,rdfs:subClassOf,owl:Thing
rc:District_Keewatin,rdfs:subClassOf,rc:CanadianProvince
rc:District_Keewatin,rdfs:subClassOf,rc:District
rc:District_Keewatin,rdfs:subClassOf,owl:Thing
rc:Murzuk_OilField,rdfs:subClassOf,rc:OilField
rc:Murzuk_OilField,rdfs:subClassOf,owl:Thing
rc:BackRiver,rdfs:subClassOf,rc:River
rc:BackRiver,rdfs:subClassOf,owl:Thing
rc:Panama,rdfs:subClassOf,rc:CentralAmericanCountry
rc:Panama,rdfs:subClassOf,owl:Thing
rc:Village_Sudan,rdfs:subClassOf,rc:Village
rc:Village_Sudan,rdfs:subClassOf,owl:Thing
rc:Chui_ProvinceKyrgyzstan,rdfs:subClassOf,rc:Province_Kyrgyzstan
rc:Chui_ProvinceKyrgyzstan,rdfs:subClassOf,owl:Thing
rc:SiskiyouCountyCalifornia,rdfs:subClassOf,rc:NorthernCalifornia
rc:SiskiyouCountyCalifornia,rdfs:subClassOf,owl:Thing
rc:Evstafi_classBattleship,rdfs:subClassOf,rc:PreDreadnoughtBattleship
rc:Evstafi_classBattleship,rdfs:subClassOf,owl:Thing
rc:Leyte_ProvincePhilippines,rdfs:subClassOf,rc:Province_Philippines
rc:Leyte_ProvincePhilippines,rdfs:subClassOf,owl:Thing
rc:BasqueGovernment,rdfs:subClassOf,rc:PaisVasco_AutonomousCommunitySpain
rc:BasqueGovernment,rdfs:subClassOf,owl:Thing
rc:HangingValley,rdfs:subClassOf,rc:Valley
rc:HangingValley,rdfs:subClassOf,owl:Thing
rc:CanopyClosure_Moderate,rdfs:subClassOf,rc:RegionTypeByCanopyClosure
rc:CanopyClosure_Moderate,rdfs:subClassOf,owl:Thing
rc:ThaiNguyen_ProvinceVietnam,rdfs:subClassOf,rc:Province_Vietnam
rc:ThaiNguyen_ProvinceVietnam,rdfs:subClassOf,owl:Thing
rc:AncientSpartans,rdfs:subClassOf,rc:Sparta
rc:AncientSpartans,rdfs:subClassOf,owl:Thing
rc:Driveway,rdfs:subClassOf,rc:PathForWheeledVehicles
rc:Driveway,rdfs:subClassOf,owl:Thing
rc:BuildingWithSpoutGable,rdfs:subClassOf,rc:GabledBuilding
rc:BuildingWithSpoutGable,rdfs:subClassOf,owl:Thing
rc:CentralAmericanCountry,rdfs:subClassOf,rc:LatinAmericanCountry
rc:CentralAmericanCountry,rdfs:subClassOf,rc:NorthAmericanCountry
rc:CentralAmericanCountry,rdfs:subClassOf,owl:Thing
rc:PanamaCanal,rdfs:subClassOf,rc:NavigationCanal
rc:PanamaCanal,rdfs:subClassOf,owl:Thing
rc:Flint,rdfs:subClassOf,rc:Stone
rc:Flint,rdfs:subClassOf,owl:Thing
rc:Walkway,rdfs:subClassOf,rc:PathArtifact_HumanOccupied
rc:Walkway,rdfs:subClassOf,owl:Thing
rc:Outdoors,rdfs:subClassOf,rc:Place_Situational
rc:Outdoors,rdfs:subClassOf,owl:Thing
rc:ElectoralDistrict_Canada,rdfs:subClassOf,rc:ElectoralDistrict
rc:ElectoralDistrict_Canada,rdfs:subClassOf,owl:Thing
rc:Province_Iran,rdfs:subClassOf,rc:Province
rc:Province_Iran,rdfs:subClassOf,owl:Thing
rc:Shawangunk,rdfs:subClassOf,rc:UpstateNewYork_Region
rc:Shawangunk,rdfs:subClassOf,owl:Thing
rc:Parish_Venezuela,rdfs:subClassOf,rc:ThirdOrderAdministrativeDivision
rc:Parish_Venezuela,rdfs:subClassOf,owl:Thing
rc:ConfluenceOfStreams,rdfs:subClassOf,rc:BodyOfWater_Area
rc:ConfluenceOfStreams,rdfs:subClassOf,owl:Thing
rc:Krakow_ProvincePoland,rdfs:subClassOf,rc:Province_Poland
rc:Krakow_ProvincePoland,rdfs:subClassOf,owl:Thing
rc:LandingCraft_AirCushioned,rdfs:subClassOf,rc:LandingCraft
rc:LandingCraft_AirCushioned,rdfs:subClassOf,owl:Thing
rc:BuildingWithSteppedGable,rdfs:subClassOf,rc:GabledBuilding
rc:BuildingWithSteppedGable,rdfs:subClassOf,owl:Thing
rc:Township_Ohio,rdfs:subClassOf,rc:USTownship
rc:Township_Ohio,rdfs:subClassOf,owl:Thing
rc:ChukchiPeninsula,rdfs:subClassOf,rc:Peninsula
rc:ChukchiPeninsula,rdfs:subClassOf,owl:Thing
rc:BambooCoveredRegion,rdfs:subClassOf,rc:CanopyClosure_Moderate
rc:BambooCoveredRegion,rdfs:subClassOf,owl:Thing
rc:Sudivisions,rdfs:subClassOf,rc:CityOfMilanItaly
rc:Sudivisions,rdfs:subClassOf,owl:Thing
rc:MiyakejimaIsland_Japan,rdfs:subClassOf,rc:Island
rc:MiyakejimaIsland_Japan,rdfs:subClassOf,owl:Thing
rc:DravaRiver,rdfs:subClassOf,rc:River
rc:DravaRiver,rdfs:subClassOf,owl:Thing
rc:Rustenburg,rdfs:subClassOf,rc:NorthWest_ProvinceSouthAfrica
rc:Rustenburg,rdfs:subClassOf,owl:Thing
rc:Wiesbaden_classCruiser,rdfs:subClassOf,rc:Cruiser
rc:Wiesbaden_classCruiser,rdfs:subClassOf,owl:Thing
rc:Bihar,rdfs:subClassOf,rc:State_India
rc:Bihar,rdfs:subClassOf,owl:Thing
rc:Village_Ukraine,rdfs:subClassOf,rc:Village
rc:Village_Ukraine,rdfs:subClassOf,owl:Thing
rc:LakePowell,rdfs:subClassOf,rc:WaterReservoir
rc:LakePowell,rdfs:subClassOf,owl:Thing
rc:SaintThomas_Island,rdfs:subClassOf,rc:Island
rc:SaintThomas_Island,rdfs:subClassOf,owl:Thing
rc:StorageTower,rdfs:subClassOf,rc:Tower
rc:StorageTower,rdfs:subClassOf,owl:Thing
rc:Gunboat,rdfs:subClassOf,rc:ModernNavalShip
rc:Gunboat,rdfs:subClassOf,owl:Thing
rc:Santorini,rdfs:subClassOf,rc:Cyclades
rc:Santorini,rdfs:subClassOf,owl:Thing
rc:UnionCouncil_Bangladesh,rdfs:subClassOf,rc:AdministrativeDistrict
rc:UnionCouncil_Bangladesh,rdfs:subClassOf,owl:Thing
rc:UtilityRoom,rdfs:subClassOf,rc:RoomInAConstruction
rc:UtilityRoom,rdfs:subClassOf,owl:Thing
rc:ElectoralDistrict_NewSouthWales,rdfs:subClassOf,rc:ElectoralDistrict
rc:ElectoralDistrict_NewSouthWales,rdfs:subClassOf,owl:Thing
rc:SiltySoilRegion,rdfs:subClassOf,rc:FineGrainedSoilRegion
rc:SiltySoilRegion,rdfs:subClassOf,owl:Thing
rc:DayCareCenter,rdfs:subClassOf,rc:AccommodationBuildingStructure
rc:DayCareCenter,rdfs:subClassOf,owl:Thing
rc:FiordlandNationalPark,rdfs:subClassOf,rc:NationalPark
rc:FiordlandNationalPark,rdfs:subClassOf,owl:Thing
rc:DemilitarizedZone,rdfs:subClassOf,rc:MilitaryTerrain
rc:DemilitarizedZone,rdfs:subClassOf,owl:Thing
rc:Poland,rdfs:subClassOf,rc:EasternEuropeanCountry
rc:Poland,rdfs:subClassOf,owl:Thing
rc:Motte_And_BaileyCastle,rdfs:subClassOf,rc:Castle
rc:Motte_And_BaileyCastle,rdfs:subClassOf,owl:Thing
rc:NewfoundlandAndLabradorSubdivision,rdfs:subClassOf,rc:Newfoundland_CanadianProvince
rc:NewfoundlandAndLabradorSubdivision,rdfs:subClassOf,owl:Thing
rc:Interstate95,rdfs:subClassOf,rc:InterstateHighway
rc:Interstate95,rdfs:subClassOf,owl:Thing
rc:SpecialUseAirspace,rdfs:subClassOf,rc:AirspaceRegion
rc:SpecialUseAirspace,rdfs:subClassOf,owl:Thing
rc:ContainerShip,rdfs:subClassOf,rc:Ship
rc:ContainerShip,rdfs:subClassOf,owl:Thing
rc:Beacon_classGunvessel,rdfs:subClassOf,rc:Gunboat
rc:Beacon_classGunvessel,rdfs:subClassOf,owl:Thing
rc:PortOrHarborOfTheRedSea,rdfs:subClassOf,rc:PortOrHarbor
rc:PortOrHarborOfTheRedSea,rdfs:subClassOf,owl:Thing
rc:CaioDuilio_classIronclad,rdfs:subClassOf,rc:IroncladWarship
rc:CaioDuilio_classIronclad,rdfs:subClassOf,owl:Thing
rc:LearningCenterBuilding,rdfs:subClassOf,rc:Facility_Educational
rc:LearningCenterBuilding,rdfs:subClassOf,owl:Thing
rc:ThreeLanesOrWiderRoadway,rdfs:subClassOf,rc:TwoLanesOrWiderRoadway
rc:ThreeLanesOrWiderRoadway,rdfs:subClassOf,owl:Thing
rc:PostalCodeRegion,rdfs:subClassOf,rc:GeopoliticalRegion
rc:PostalCodeRegion,rdfs:subClassOf,owl:Thing
rc:Ardebil_ProvinceIran,rdfs:subClassOf,rc:Province_Iran
rc:Ardebil_ProvinceIran,rdfs:subClassOf,owl:Thing
rc:Flue,rdfs:subClassOf,rc:PathArtifact_POI
rc:Flue,rdfs:subClassOf,owl:Thing
rc:Boardwalk,rdfs:subClassOf,rc:Walkway
rc:Boardwalk,rdfs:subClassOf,owl:Thing
rc:Slovakia,rdfs:subClassOf,rc:Country
rc:Slovakia,rdfs:subClassOf,owl:Thing
rc:NatureReserve_Germany,rdfs:subClassOf,rc:NatureReserve
rc:NatureReserve_Germany,rdfs:subClassOf,owl:Thing
rc:IslandOfTahiti_FrenchPolynesia,rdfs:subClassOf,rc:Island
rc:IslandOfTahiti_FrenchPolynesia,rdfs:subClassOf,owl:Thing
rc:FourLanesOrWiderRoadway,rdfs:subClassOf,rc:ThreeLanesOrWiderRoadway
rc:FourLanesOrWiderRoadway,rdfs:subClassOf,owl:Thing
rc:LongJumpTrack,rdfs:subClassOf,rc:SportsTrack
rc:LongJumpTrack,rdfs:subClassOf,owl:Thing
rc:SaoFranciscoRiver,rdfs:subClassOf,rc:River
rc:SaoFranciscoRiver,rdfs:subClassOf,owl:Thing
rc:AdministrativeDivision_Ukraine,rdfs:subClassOf,rc:AdministrativeDivision_SingleCountry
rc:AdministrativeDivision_Ukraine,rdfs:subClassOf,owl:Thing
rc:District_Krakow,rdfs:subClassOf,rc:District
rc:District_Krakow,rdfs:subClassOf,rc:Krakow_ProvincePoland
rc:District_Krakow,rdfs:subClassOf,owl:Thing
rc:Musca_Constellation,rdfs:subClassOf,rc:Constellation
rc:Musca_Constellation,rdfs:subClassOf,owl:Thing
rc:Cave_ContainsGravesite,rdfs:subClassOf,rc:Cave
rc:Cave_ContainsGravesite,rdfs:subClassOf,owl:Thing
rc:CaveWithMultiplePortalsToSurface,rdfs:subClassOf,rc:Cave
rc:CaveWithMultiplePortalsToSurface,rdfs:subClassOf,owl:Thing
rc:TasiusaqBay,rdfs:subClassOf,rc:BaffinBay
rc:TasiusaqBay,rdfs:subClassOf,owl:Thing
rc:California_State,rdfs:subClassOf,rc:State_UnitedStates
rc:California_State,rdfs:subClassOf,owl:Thing
rc:InterstateHighway,rdfs:subClassOf,rc:FourLanesOrWiderRoadway
rc:InterstateHighway,rdfs:subClassOf,rc:Highway
rc:InterstateHighway,rdfs:subClassOf,owl:Thing
rc:CloudyArea,rdfs:subClassOf,rc:WeatherArea
rc:CloudyArea,rdfs:subClassOf,owl:Thing
rc:BaliIsland_Indonesia,rdfs:subClassOf,rc:Island
rc:BaliIsland_Indonesia,rdfs:subClassOf,owl:Thing
rc:Eridanus_Constellation,rdfs:subClassOf,rc:Constellation
rc:Eridanus_Constellation,rdfs:subClassOf,owl:Thing
rc:Province_Afghanistan,rdfs:subClassOf,rc:Province
rc:Province_Afghanistan,rdfs:subClassOf,owl:Thing
rc:Nassau_classBattleship,rdfs:subClassOf,rc:Dreadnought
rc:Nassau_classBattleship,rdfs:subClassOf,owl:Thing
rc:BiharLegislativeAssemblyConstituency,rdfs:subClassOf,rc:Constituency
rc:BiharLegislativeAssemblyConstituency,rdfs:subClassOf,owl:Thing
rc:BurialCave,rdfs:subClassOf,rc:Cave_ContainsGravesite
rc:BurialCave,rdfs:subClassOf,owl:Thing
rc:InorganicSiltSoilRegion,rdfs:subClassOf,rc:HighPlasticitySoilRegion
rc:InorganicSiltSoilRegion,rdfs:subClassOf,rc:InorganicSoilRegion
rc:InorganicSiltSoilRegion,rdfs:subClassOf,rc:SiltySoilRegion
rc:InorganicSiltSoilRegion,rdfs:subClassOf,owl:Thing
rc:Djelfa_ProvinceAlgeria,rdfs:subClassOf,rc:Province_Algeria
rc:Djelfa_ProvinceAlgeria,rdfs:subClassOf,owl:Thing
rc:AdministrativeDivision_UnitedKingdom,rdfs:subClassOf,rc:AdministrativeDivision_SingleCountry
rc:AdministrativeDivision_UnitedKingdom,rdfs:subClassOf,owl:Thing
rc:Yukon,rdfs:subClassOf,rc:CanadianProvince
rc:Yukon,rdfs:subClassOf,owl:Thing
rc:Victoria_StateAustralia,rdfs:subClassOf,rc:State_Australia
rc:Victoria_StateAustralia,rdfs:subClassOf,owl:Thing
rc:OrangeRiver,rdfs:subClassOf,rc:River
rc:OrangeRiver,rdfs:subClassOf,owl:Thing
rc:Alcatraz_TheIsland,rdfs:subClassOf,rc:Island
rc:Alcatraz_TheIsland,rdfs:subClassOf,owl:Thing
rc:LongKey,rdfs:subClassOf,rc:FloridaKeys
rc:LongKey,rdfs:subClassOf,owl:Thing
rc:FenwayPark,rdfs:subClassOf,rc:Landmark
rc:FenwayPark,rdfs:subClassOf,owl:Thing
rc:NuclearResearchFacility,rdfs:subClassOf,rc:ResearchFacility
rc:NuclearResearchFacility,rdfs:subClassOf,owl:Thing
rc:GrainSilo,rdfs:subClassOf,rc:Facility_Agricultural
rc:GrainSilo,rdfs:subClassOf,rc:StorageTower
rc:GrainSilo,rdfs:subClassOf,owl:Thing
rc:Slovenia,rdfs:subClassOf,rc:Country
rc:Slovenia,rdfs:subClassOf,owl:Thing
rc:OneCarGarage,rdfs:subClassOf,rc:Garage_Household
rc:OneCarGarage,rdfs:subClassOf,owl:Thing
rc:PostalCodesInCanada,rdfs:subClassOf,rc:PostalCodeRegion
rc:PostalCodesInCanada,rdfs:subClassOf,owl:Thing
rc:Badakhshan_ProvinceAfghanistan,rdfs:subClassOf,rc:Province_Afghanistan
rc:Badakhshan_ProvinceAfghanistan,rdfs:subClassOf,owl:Thing
rc:EastGermanArchitecture,rdfs:subClassOf,rc:EastGermany
rc:EastGermanArchitecture,rdfs:subClassOf,owl:Thing
rc:Township_Pennsylvania,rdfs:subClassOf,rc:USTownship
rc:Township_Pennsylvania,rdfs:subClassOf,owl:Thing
rc:CooperativeResidence,rdfs:subClassOf,rc:MultiFamilyHousing
rc:CooperativeResidence,rdfs:subClassOf,owl:Thing
rc:StructuralSystem,rdfs:subClassOf,rc:FixedStructure
rc:StructuralSystem,rdfs:subClassOf,owl:Thing
rc:ThirdConnecticutLake,rdfs:subClassOf,rc:FreshWaterLake
rc:ThirdConnecticutLake,rdfs:subClassOf,owl:Thing
rc:OilCamp,rdfs:subClassOf,rc:Campsite
rc:OilCamp,rdfs:subClassOf,owl:Thing
rc:Village_Wisconsin,rdfs:subClassOf,rc:Village
rc:Village_Wisconsin,rdfs:subClassOf,owl:Thing
rc:DongThap_ProvinceVietnam,rdfs:subClassOf,rc:Province_Vietnam
rc:DongThap_ProvinceVietnam,rdfs:subClassOf,owl:Thing
rc:PanamaCanalZone,rdfs:subClassOf,rc:PanamaCanal
rc:PanamaCanalZone,rdfs:subClassOf,owl:Thing
rc:WashBasin_PartOfSink,rdfs:subClassOf,rc:Basin
rc:WashBasin_PartOfSink,rdfs:subClassOf,rc:HouseholdAttachment
rc:WashBasin_PartOfSink,rdfs:subClassOf,owl:Thing
rc:VolleyballCourt,rdfs:subClassOf,rc:SportsCourt
rc:VolleyballCourt,rdfs:subClassOf,owl:Thing
rc:ParishesJailInLouisiana,rdfs:subClassOf,rc:Louisiana_State
rc:ParishesJailInLouisiana,rdfs:subClassOf,owl:Thing
rc:AlcatrazFederalPenitentiaryInmate,rdfs:subClassOf,rc:Alcatraz_TheIsland
rc:AlcatrazFederalPenitentiaryInmate,rdfs:subClassOf,owl:Thing
rc:AuxiliaryInterstateHighway,rdfs:subClassOf,rc:InterstateHighway
rc:AuxiliaryInterstateHighway,rdfs:subClassOf,owl:Thing
rc:Lhasa,rdfs:subClassOf,rc:Tibet
rc:Lhasa,rdfs:subClassOf,owl:Thing
rc:Pyxis_Constellation,rdfs:subClassOf,rc:Constellation
rc:Pyxis_Constellation,rdfs:subClassOf,owl:Thing
rc:LakeRoosevelt,rdfs:subClassOf,rc:WaterReservoir
rc:LakeRoosevelt,rdfs:subClassOf,owl:Thing
rc:FlarePipe,rdfs:subClassOf,rc:Flue
rc:FlarePipe,rdfs:subClassOf,owl:Thing
rc:ForestHighwaysInTheUnitedStates,rdfs:subClassOf,rc:ScenicRoadway
rc:ForestHighwaysInTheUnitedStates,rdfs:subClassOf,owl:Thing
rc:Kalisz_ProvincePoland,rdfs:subClassOf,rc:Province_Poland
rc:Kalisz_ProvincePoland,rdfs:subClassOf,owl:Thing
rc:Samos_Island_Greece,rdfs:subClassOf,rc:Island
rc:Samos_Island_Greece,rdfs:subClassOf,owl:Thing
rc:BuildingWithTriangularGable,rdfs:subClassOf,rc:GabledBuilding
rc:BuildingWithTriangularGable,rdfs:subClassOf,owl:Thing
rc:ArtificialWaterFeature_POI,rdfs:subClassOf,rc:GeographicalPlace_POI
rc:ArtificialWaterFeature_POI,rdfs:subClassOf,owl:Thing
rc:JohnEricsson_classMonitor,rdfs:subClassOf,rc:Monitor
rc:JohnEricsson_classMonitor,rdfs:subClassOf,owl:Thing
rc:EastCoast_USRegion,rdfs:subClassOf,rc:USRegion
rc:EastCoast_USRegion,rdfs:subClassOf,owl:Thing
rc:Hebei_ProvinceChina,rdfs:subClassOf,rc:ChineseProvince
rc:Hebei_ProvinceChina,rdfs:subClassOf,owl:Thing
rc:SaintVincent_Island,rdfs:subClassOf,rc:Island
rc:SaintVincent_Island,rdfs:subClassOf,owl:Thing
rc:ElectoralDistrict_Queensland,rdfs:subClassOf,rc:ElectoralDistrict
rc:ElectoralDistrict_Queensland,rdfs:subClassOf,owl:Thing
rc:Sextans_Constellation,rdfs:subClassOf,rc:Constellation
rc:Sextans_Constellation,rdfs:subClassOf,owl:Thing
rc:ExperimentStation,rdfs:subClassOf,rc:ResearchFacility
rc:ExperimentStation,rdfs:subClassOf,owl:Thing
rc:Dovecote,rdfs:subClassOf,rc:Tower
rc:Dovecote,rdfs:subClassOf,owl:Thing
rc:UnionCouncil_Pakistan,rdfs:subClassOf,rc:FifthOrderAdministrativeDivision
rc:UnionCouncil_Pakistan,rdfs:subClassOf,owl:Thing
rc:Township_PeoplesRepublic_China,rdfs:subClassOf,rc:FourthOrderAdministrativeDivision
rc:Township_PeoplesRepublic_China,rdfs:subClassOf,owl:Thing
rc:NewfoundlandTimeZone,rdfs:subClassOf,rc:TimeZone
rc:NewfoundlandTimeZone,rdfs:subClassOf,owl:Thing
rc:ArafuraSea,rdfs:subClassOf,rc:Sea
rc:ArafuraSea,rdfs:subClassOf,owl:Thing
rc:LandingZone,rdfs:subClassOf,rc:TacticalArea
rc:LandingZone,rdfs:subClassOf,owl:Thing
rc:UpstateNewYork_Region,rdfs:subClassOf,rc:EastCoast_USRegion
rc:UpstateNewYork_Region,rdfs:subClassOf,owl:Thing
rc:NatureReserve_Poland,rdfs:subClassOf,rc:NatureReserve
rc:NatureReserve_Poland,rdfs:subClassOf,owl:Thing
rc:AdministrativeCenter,rdfs:subClassOf,rc:GeographicalPlace_POI
rc:AdministrativeCenter,rdfs:subClassOf,owl:Thing
rc:Interstate96,rdfs:subClassOf,rc:InterstateHighway
rc:Interstate96,rdfs:subClassOf,owl:Thing
rc:EridanusGroup,rdfs:subClassOf,rc:Eridanus_Constellation
rc:EridanusGroup,rdfs:subClassOf,owl:Thing
rc:LakeSaintClair,rdfs:subClassOf,rc:GreatLakes
rc:LakeSaintClair,rdfs:subClassOf,owl:Thing
rc:ThemePark,rdfs:subClassOf,rc:AmusementPark
rc:ThemePark,rdfs:subClassOf,owl:Thing
rc:PortOrHarborOfTheRossDependency,rdfs:subClassOf,rc:PortOrHarbor
rc:PortOrHarborOfTheRossDependency,rdfs:subClassOf,owl:Thing
rc:TransportFacility,rdfs:subClassOf,rc:TransportBuildingStructure
rc:TransportFacility,rdfs:subClassOf,owl:Thing
rc:NorthIsland_NZ,rdfs:subClassOf,rc:Island
rc:NorthIsland_NZ,rdfs:subClassOf,owl:Thing
rc:Sourou_ProvinceBurkinaFaso,rdfs:subClassOf,rc:Province_BurkinaFaso
rc:Sourou_ProvinceBurkinaFaso,rdfs:subClassOf,owl:Thing
rc:FalloutShelter,rdfs:subClassOf,rc:Shelter
rc:FalloutShelter,rdfs:subClassOf,owl:Thing
rc:OperatingRoom,rdfs:subClassOf,rc:RoomInAConstruction
rc:OperatingRoom,rdfs:subClassOf,owl:Thing
rc:Dong_Korea,rdfs:subClassOf,rc:ThirdOrderAdministrativeDivision
rc:Dong_Korea,rdfs:subClassOf,owl:Thing
rc:AdministrativeDistrict,rdfs:subClassOf,rc:GeographicalPlace_POI
rc:AdministrativeDistrict,rdfs:subClassOf,owl:Thing
rc:BerriOilField,rdfs:subClassOf,rc:OilField
rc:BerriOilField,rdfs:subClassOf,owl:Thing
rc:Groyne,rdfs:subClassOf,rc:ErosionProtectionStructure
rc:Groyne,rdfs:subClassOf,rc:Wall_Vertical
rc:Groyne,rdfs:subClassOf,owl:Thing
rc:StoengTreng_ProvinceCambodia,rdfs:subClassOf,rc:Province_Cambodia
rc:StoengTreng_ProvinceCambodia,rdfs:subClassOf,owl:Thing
rc:Ghats_Mountains,rdfs:subClassOf,rc:MountainRange
rc:Ghats_Mountains,rdfs:subClassOf,owl:Thing
rc:Samothrace_Island_Greece,rdfs:subClassOf,rc:Island
rc:Samothrace_Island_Greece,rdfs:subClassOf,owl:Thing
rc:Wolf359,rdfs:subClassOf,rc:Leo_Constellation
rc:Wolf359,rdfs:subClassOf,owl:Thing
rc:TruckCab_Compartment,rdfs:subClassOf,rc:RoadVehiclePassengerCompartment
rc:TruckCab_Compartment,rdfs:subClassOf,owl:Thing
rc:Legnica_ProvincePoland,rdfs:subClassOf,rc:Province_Poland
rc:Legnica_ProvincePoland,rdfs:subClassOf,owl:Thing
rc:Province_Armenia,rdfs:subClassOf,rc:Province
rc:Province_Armenia,rdfs:subClassOf,owl:Thing
rc:CapitalDistrictNewYork,rdfs:subClassOf,rc:UpstateNewYork_Region
rc:CapitalDistrictNewYork,rdfs:subClassOf,owl:Thing
rc:GulfIslandsNationalSeashore,rdfs:subClassOf,rc:NationalPark
rc:GulfIslandsNationalSeashore,rdfs:subClassOf,rc:Seacoast
rc:GulfIslandsNationalSeashore,rdfs:subClassOf,owl:Thing
rc:Sifnos,rdfs:subClassOf,rc:Cyclades
rc:Sifnos,rdfs:subClassOf,owl:Thing
rc:InterstateHighwaysByState,rdfs:subClassOf,rc:InterstateHighway
rc:InterstateHighwaysByState,rdfs:subClassOf,owl:Thing
rc:Eurostar,rdfs:subClassOf,rc:ChannelTunnel
rc:Eurostar,rdfs:subClassOf,owl:Thing
rc:SaoJorge_Island,rdfs:subClassOf,rc:Island
rc:SaoJorge_Island,rdfs:subClassOf,owl:Thing
rc:TerrorismInCentralAsia,rdfs:subClassOf,rc:CentralAsia_Region
rc:TerrorismInCentralAsia,rdfs:subClassOf,owl:Thing
rc:HumboldtCountyCalifornia,rdfs:subClassOf,rc:NorthernCalifornia
rc:HumboldtCountyCalifornia,rdfs:subClassOf,owl:Thing
rc:Sissili_ProvinceBurkinaFaso,rdfs:subClassOf,rc:Province_BurkinaFaso
rc:Sissili_ProvinceBurkinaFaso,rdfs:subClassOf,owl:Thing
rc:GreatAustralianBight,rdfs:subClassOf,rc:Bay
rc:GreatAustralianBight,rdfs:subClassOf,owl:Thing
rc:MountEverest,rdfs:subClassOf,rc:Mountain
rc:MountEverest,rdfs:subClassOf,owl:Thing
rc:Lesbos_Island_Greece,rdfs:subClassOf,rc:Island
rc:Lesbos_Island_Greece,rdfs:subClassOf,owl:Thing
rc:ForbiddenCity,rdfs:subClassOf,rc:PalaceBuilding
rc:ForbiddenCity,rdfs:subClassOf,owl:Thing
rc:PortFacility,rdfs:subClassOf,rc:ArtificialWaterFeature_POI
rc:PortFacility,rdfs:subClassOf,rc:TransportFacility
rc:PortFacility,rdfs:subClassOf,owl:Thing
rc:AncientThrace,rdfs:subClassOf,rc:AncientGreece
rc:AncientThrace,rdfs:subClassOf,owl:Thing
rc:PopulatedPlace,rdfs:subClassOf,rc:GeographicalPlace_POI
rc:PopulatedPlace,rdfs:subClassOf,owl:Thing
rc:PostalCodesInTheUnitedStates,rdfs:subClassOf,rc:PostalCodeRegion
rc:PostalCodesInTheUnitedStates,rdfs:subClassOf,owl:Thing
rc:SaoMiguel_Island,rdfs:subClassOf,rc:Island
rc:SaoMiguel_Island,rdfs:subClassOf,owl:Thing
rc:AstronomicalObservatory,rdfs:subClassOf,rc:ResearchFacility
rc:AstronomicalObservatory,rdfs:subClassOf,owl:Thing
rc:FrenchGuiana,rdfs:subClassOf,rc:FrenchRegion
rc:FrenchGuiana,rdfs:subClassOf,owl:Thing
rc:Laboratory,rdfs:subClassOf,rc:ResearchFacility
rc:Laboratory,rdfs:subClassOf,owl:Thing
rc:Village_Yemen,rdfs:subClassOf,rc:Village
rc:Village_Yemen,rdfs:subClassOf,owl:Thing
rc:DiningRoom,rdfs:subClassOf,rc:RoomInAConstruction
rc:DiningRoom,rdfs:subClassOf,owl:Thing
rc:FederallyAdministeredTribalAreas_Pakistan,rdfs:subClassOf,rc:FirstOrderAdministrativeDivision
rc:FederallyAdministeredTribalAreas_Pakistan,rdfs:subClassOf,owl:Thing
rc:AccidentInvolvingEurostar,rdfs:subClassOf,rc:Eurostar
rc:AccidentInvolvingEurostar,rdfs:subClassOf,owl:Thing
rc:NationalRoad_Belgium,rdfs:subClassOf,rc:Highway
rc:NationalRoad_Belgium,rdfs:subClassOf,owl:Thing
rc:Laghman_ProvinceAfghanistan,rdfs:subClassOf,rc:Province_Afghanistan
rc:Laghman_ProvinceAfghanistan,rdfs:subClassOf,owl:Thing
rc:Xekong_ProvinceLaos,rdfs:subClassOf,rc:Province_Laos
rc:Xekong_ProvinceLaos,rdfs:subClassOf,owl:Thing
rc:Province_Tajikistan,rdfs:subClassOf,rc:Province
rc:Province_Tajikistan,rdfs:subClassOf,owl:Thing
rc:Terminal_TransferPoint,rdfs:subClassOf,rc:PortFacility
rc:Terminal_TransferPoint,rdfs:subClassOf,owl:Thing
rc:Colima_StateMexico,rdfs:subClassOf,rc:State_Mexico
rc:Colima_StateMexico,rdfs:subClassOf,owl:Thing
rc:Mizoram,rdfs:subClassOf,rc:State_India
rc:Mizoram,rdfs:subClassOf,owl:Thing
rc:Municipality,rdfs:subClassOf,rc:AdministrativeDistrict
rc:Municipality,rdfs:subClassOf,rc:PopulatedPlace
rc:Municipality,rdfs:subClassOf,owl:Thing
rc:GulfOfAden,rdfs:subClassOf,rc:Gulf
rc:GulfOfAden,rdfs:subClassOf,owl:Thing
rc:PolevaultArea,rdfs:subClassOf,rc:FieldSportArea
rc:PolevaultArea,rdfs:subClassOf,owl:Thing
rc:GreekOrthodoxChurchBuilding,rdfs:subClassOf,rc:OrthodoxChurchBuilding
rc:GreekOrthodoxChurchBuilding,rdfs:subClassOf,owl:Thing
rc:ArtificialIntelligenceLaboratory,rdfs:subClassOf,rc:Laboratory
rc:ArtificialIntelligenceLaboratory,rdfs:subClassOf,owl:Thing
rc:DiningHall,rdfs:subClassOf,rc:DiningRoom
rc:DiningHall,rdfs:subClassOf,rc:PersonAssemblyRoom
rc:DiningHall,rdfs:subClassOf,owl:Thing
rc:Aragatsotn_ProvinceArmenia,rdfs:subClassOf,rc:Province_Armenia
rc:Aragatsotn_ProvinceArmenia,rdfs:subClassOf,owl:Thing
rc:District_LaghmanProvince,rdfs:subClassOf,rc:District
rc:District_LaghmanProvince,rdfs:subClassOf,rc:Laghman_ProvinceAfghanistan
rc:District_LaghmanProvince,rdfs:subClassOf,owl:Thing
rc:Hydra_Constellation,rdfs:subClassOf,rc:Constellation
rc:Hydra_Constellation,rdfs:subClassOf,owl:Thing
rc:ShipClass,rdfs:subClassOf,rc:ModernNavalShip
rc:ShipClass,rdfs:subClassOf,owl:Thing
rc:Badakhshon_ProvinceTajikistan,rdfs:subClassOf,rc:Province_Tajikistan
rc:Badakhshon_ProvinceTajikistan,rdfs:subClassOf,owl:Thing
rc:Streambank,rdfs:subClassOf,rc:Bank_Topographical
rc:Streambank,rdfs:subClassOf,rc:Shoreline
rc:Streambank,rdfs:subClassOf,owl:Thing
rc:FederallyRegulatedDam,rdfs:subClassOf,rc:Dam
rc:FederallyRegulatedDam,rdfs:subClassOf,owl:Thing
rc:LakeSevan,rdfs:subClassOf,rc:FreshWaterLake
rc:LakeSevan,rdfs:subClassOf,owl:Thing
rc:NorthKarelia,rdfs:subClassOf,rc:EasternFinland_ProvinceFinland
rc:NorthKarelia,rdfs:subClassOf,owl:Thing
rc:Platform_Undersea,rdfs:subClassOf,rc:UnderwaterTopographicalFeature
rc:Platform_Undersea,rdfs:subClassOf,owl:Thing
rc:IvoryCoast,rdfs:subClassOf,rc:Country
rc:IvoryCoast,rdfs:subClassOf,owl:Thing
rc:ElectoralDistrict_SouthAustralia,rdfs:subClassOf,rc:ElectoralDistrict
rc:ElectoralDistrict_SouthAustralia,rdfs:subClassOf,owl:Thing
rc:MarineParksOfChina,rdfs:subClassOf,rc:NationalPark
rc:MarineParksOfChina,rdfs:subClassOf,owl:Thing
rc:BusinessInAsia,rdfs:subClassOf,rc:BusinessByRegion
rc:BusinessInAsia,rdfs:subClassOf,owl:Thing
rc:USNavalObservatory,rdfs:subClassOf,rc:Landmark
rc:USNavalObservatory,rdfs:subClassOf,owl:Thing
rc:SainteChapelle,rdfs:subClassOf,rc:Church_Building
rc:SainteChapelle,rdfs:subClassOf,owl:Thing
rc:PublicTerminal,rdfs:subClassOf,rc:CommercialPublicPlace
rc:PublicTerminal,rdfs:subClassOf,rc:ModernShelterConstruction
rc:PublicTerminal,rdfs:subClassOf,rc:Terminal_TransferPoint
rc:PublicTerminal,rdfs:subClassOf,owl:Thing
rc:Stele,rdfs:subClassOf,rc:MemorialMarker
rc:Stele,rdfs:subClassOf,owl:Thing
rc:Vavau_IslandGroupTonga,rdfs:subClassOf,rc:IslandGroup_Tonga
rc:Vavau_IslandGroupTonga,rdfs:subClassOf,owl:Thing
rc:PaleontologicalSite,rdfs:subClassOf,rc:ArchaeologicalSite
rc:PaleontologicalSite,rdfs:subClassOf,owl:Thing
rc:FontanaGozo,rdfs:subClassOf,rc:Village
rc:FontanaGozo,rdfs:subClassOf,owl:Thing
rc:ParkInKatowice,rdfs:subClassOf,rc:Park
rc:ParkInKatowice,rdfs:subClassOf,owl:Thing
rc:BackWall,rdfs:subClassOf,rc:Wall_Vertical
rc:BackWall,rdfs:subClassOf,owl:Thing
rc:SouthAmerica,rdfs:subClassOf,rc:LatinAmerica
rc:SouthAmerica,rdfs:subClassOf,owl:Thing
rc:Island_LandTied,rdfs:subClassOf,rc:Island
rc:Island_LandTied,rdfs:subClassOf,owl:Thing
rc:LocationNearMountEverest,rdfs:subClassOf,rc:MountEverest
rc:LocationNearMountEverest,rdfs:subClassOf,owl:Thing
rc:KingGeorgeIslandSouthShetlandIslands,rdfs:subClassOf,rc:SouthShetlandIslands
rc:KingGeorgeIslandSouthShetlandIslands,rdfs:subClassOf,owl:Thing
rc:FrontierRegion,rdfs:subClassOf,rc:FederallyAdministeredTribalAreas_Pakistan
rc:FrontierRegion,rdfs:subClassOf,owl:Thing
rc:Oahu_Island_Hawaii,rdfs:subClassOf,rc:Island
rc:Oahu_Island_Hawaii,rdfs:subClassOf,owl:Thing
rc:NadrogaNavosaProvince,rdfs:subClassOf,rc:VitiLevu_Island
rc:NadrogaNavosaProvince,rdfs:subClassOf,owl:Thing
rc:PortOrHarborOfTheSeaOfAzov,rdfs:subClassOf,rc:PortOrHarbor
rc:PortOrHarborOfTheSeaOfAzov,rdfs:subClassOf,owl:Thing
rc:LightForest,rdfs:subClassOf,rc:Forest
rc:LightForest,rdfs:subClassOf,owl:Thing
rc:TownSquare,rdfs:subClassOf,rc:Park
rc:TownSquare,rdfs:subClassOf,owl:Thing
rc:ContainmentZone,rdfs:subClassOf,rc:TacticalArea
rc:ContainmentZone,rdfs:subClassOf,owl:Thing
rc:MayaStelae,rdfs:subClassOf,rc:Stele
rc:MayaStelae,rdfs:subClassOf,owl:Thing
rc:RuggedTerrain,rdfs:subClassOf,rc:RegionTypeByTerrain
rc:RuggedTerrain,rdfs:subClassOf,owl:Thing
rc:Hydrus_Constellation,rdfs:subClassOf,rc:Constellation
rc:Hydrus_Constellation,rdfs:subClassOf,owl:Thing
rc:OuterBanks,rdfs:subClassOf,rc:Island
rc:OuterBanks,rdfs:subClassOf,owl:Thing
rc:BanquetHall,rdfs:subClassOf,rc:DiningHall
rc:BanquetHall,rdfs:subClassOf,owl:Thing
rc:HonoluluCountyHawaii,rdfs:subClassOf,rc:Oahu_Island_Hawaii
rc:HonoluluCountyHawaii,rdfs:subClassOf,owl:Thing
rc:VirginIslands_Archipelago,rdfs:subClassOf,rc:Archipelago
rc:VirginIslands_Archipelago,rdfs:subClassOf,owl:Thing
rc:HeritageRiver,rdfs:subClassOf,rc:ProtectedArea
rc:HeritageRiver,rdfs:subClassOf,rc:River
rc:HeritageRiver,rdfs:subClassOf,owl:Thing
rc:Vereeniging,rdfs:subClassOf,rc:City
rc:Vereeniging,rdfs:subClassOf,owl:Thing
rc:SpiderHole,rdfs:subClassOf,rc:Foxhole
rc:SpiderHole,rdfs:subClassOf,owl:Thing
rc:RailroadStation,rdfs:subClassOf,rc:PublicTerminal
rc:RailroadStation,rdfs:subClassOf,owl:Thing
rc:QueenElizabeth_classAircraftCarrier,rdfs:subClassOf,rc:AircraftCarrier
rc:QueenElizabeth_classAircraftCarrier,rdfs:subClassOf,owl:Thing
rc:TreeHouse,rdfs:subClassOf,rc:PlayhouseClubhouse
rc:TreeHouse,rdfs:subClassOf,rc:PrefabricatedResidentialBuildingStructure
rc:TreeHouse,rdfs:subClassOf,owl:Thing
rc:SextenDolomites,rdfs:subClassOf,rc:Dolomite
rc:SextenDolomites,rdfs:subClassOf,owl:Thing
rc:GramPanchayat_India,rdfs:subClassOf,rc:AdministrativeDistrict
rc:GramPanchayat_India,rdfs:subClassOf,owl:Thing
rc:Island_Micronesia_FederatedStatesOf,rdfs:subClassOf,rc:Island_State_Geopolitical
rc:Island_Micronesia_FederatedStatesOf,rdfs:subClassOf,owl:Thing
rc:SistanVaBaluchestan_ProvinceIran,rdfs:subClassOf,rc:Province_Iran
rc:SistanVaBaluchestan_ProvinceIran,rdfs:subClassOf,owl:Thing
rc:ElectoralDistrict_Victoria,rdfs:subClassOf,rc:ElectoralDistrict
rc:ElectoralDistrict_Victoria,rdfs:subClassOf,owl:Thing
rc:VictorianAlps,rdfs:subClassOf,rc:GreatDividingRange
rc:VictorianAlps,rdfs:subClassOf,owl:Thing
rc:GhawarOilField,rdfs:subClassOf,rc:OilField
rc:GhawarOilField,rdfs:subClassOf,owl:Thing
rc:BusinessInEurope,rdfs:subClassOf,rc:BusinessByRegion
rc:BusinessInEurope,rdfs:subClassOf,owl:Thing
rc:CaspianLittoralState,rdfs:subClassOf,rc:CaspianCountry
rc:CaspianLittoralState,rdfs:subClassOf,owl:Thing
rc:NavigationCanal,rdfs:subClassOf,rc:Canal
rc:NavigationCanal,rdfs:subClassOf,rc:Channel_BodyOfWaterLink
rc:NavigationCanal,rdfs:subClassOf,owl:Thing
rc:EnglishSpeakingCountryOrTerritory,rdfs:subClassOf,rc:LanguageSpeakingCountryOrTerritory
rc:EnglishSpeakingCountryOrTerritory,rdfs:subClassOf,owl:Thing
rc:AncientTownSquare,rdfs:subClassOf,rc:AncientSite
rc:AncientTownSquare,rdfs:subClassOf,rc:TownSquare
rc:AncientTownSquare,rdfs:subClassOf,owl:Thing
rc:Wakhan,rdfs:subClassOf,rc:Badakhshan_ProvinceAfghanistan
rc:Wakhan,rdfs:subClassOf,owl:Thing
rc:Djibouti,rdfs:subClassOf,rc:ArabWorld
rc:Djibouti,rdfs:subClassOf,owl:Thing
rc:NorthKhorasanProvince,rdfs:subClassOf,rc:Khorasan_ProvinceIran
rc:NorthKhorasanProvince,rdfs:subClassOf,owl:Thing
rc:Niihau_Island_Hawaii,rdfs:subClassOf,rc:Island
rc:Niihau_Island_Hawaii,rdfs:subClassOf,owl:Thing
rc:Tamanghasset_ProvinceAlgeria,rdfs:subClassOf,rc:Province_Algeria
rc:Tamanghasset_ProvinceAlgeria,rdfs:subClassOf,owl:Thing
rc:Riverbank,rdfs:subClassOf,rc:Streambank
rc:Riverbank,rdfs:subClassOf,owl:Thing
rc:PortOrHarborOfTheSeaOfMarmara,rdfs:subClassOf,rc:PortOrHarbor
rc:PortOrHarborOfTheSeaOfMarmara,rdfs:subClassOf,owl:Thing
rc:BracknellForest_RegionEngland,rdfs:subClassOf,rc:State_Geopolitical
rc:BracknellForest_RegionEngland,rdfs:subClassOf,owl:Thing
rc:ErieCanal,rdfs:subClassOf,rc:NavigationCanal
rc:ErieCanal,rdfs:subClassOf,owl:Thing
rc:PublicCommons,rdfs:subClassOf,rc:RealProperty
rc:PublicCommons,rdfs:subClassOf,owl:Thing
rc:Stolperstein,rdfs:subClassOf,rc:MemorialMarker
rc:Stolperstein,rdfs:subClassOf,owl:Thing
rc:GulfOfAqaba,rdfs:subClassOf,rc:Gulf
rc:GulfOfAqaba,rdfs:subClassOf,owl:Thing
rc:Headland,rdfs:subClassOf,rc:Promontory
rc:Headland,rdfs:subClassOf,owl:Thing
rc:Archipelago,rdfs:subClassOf,rc:LandTopographicalFeature
rc:Archipelago,rdfs:subClassOf,owl:Thing
rc:DarkSkyPreserve,rdfs:subClassOf,rc:Reserve_OutdoorRegion
rc:DarkSkyPreserve,rdfs:subClassOf,owl:Thing
rc:AstronomicalObservatoryBuilding,rdfs:subClassOf,rc:AstronomicalObservatory
rc:AstronomicalObservatoryBuilding,rdfs:subClassOf,rc:Building
rc:AstronomicalObservatoryBuilding,rdfs:subClassOf,owl:Thing
rc:Fiji,rdfs:subClassOf,rc:Country
rc:Fiji,rdfs:subClassOf,owl:Thing
rc:YukonRiver,rdfs:subClassOf,rc:River
rc:YukonRiver,rdfs:subClassOf,owl:Thing
rc:WoodedArea,rdfs:subClassOf,rc:OutdoorLocation
rc:WoodedArea,rdfs:subClassOf,owl:Thing
rc:Kawachi_classBattleship,rdfs:subClassOf,rc:Dreadnought
rc:Kawachi_classBattleship,rdfs:subClassOf,owl:Thing
rc:Aklan_ProvincePhilippines,rdfs:subClassOf,rc:Province_Philippines
rc:Aklan_ProvincePhilippines,rdfs:subClassOf,owl:Thing
rc:Haven,rdfs:subClassOf,rc:Place_Generic
rc:Haven,rdfs:subClassOf,owl:Thing
rc:Ijsselmeer_Lake,rdfs:subClassOf,rc:WaterReservoir
rc:Ijsselmeer_Lake,rdfs:subClassOf,owl:Thing
rc:Montserrat_Island,rdfs:subClassOf,rc:Island
rc:Montserrat_Island,rdfs:subClassOf,owl:Thing
rc:Ionia,rdfs:subClassOf,rc:Archipelago
rc:Ionia,rdfs:subClassOf,owl:Thing
rc:Bench_Topographical,rdfs:subClassOf,rc:Flat_Topographical
rc:Bench_Topographical,rdfs:subClassOf,owl:Thing
rc:Province_Vanuatu,rdfs:subClassOf,rc:Province
rc:Province_Vanuatu,rdfs:subClassOf,owl:Thing
rc:Province_Indonesia_TheNation,rdfs:subClassOf,rc:Province
rc:Province_Indonesia_TheNation,rdfs:subClassOf,owl:Thing
rc:RightRiverbank,rdfs:subClassOf,rc:Riverbank
rc:RightRiverbank,rdfs:subClassOf,owl:Thing
rc:MatagordaBay,rdfs:subClassOf,rc:Bay
rc:MatagordaBay,rdfs:subClassOf,owl:Thing
rc:FossilForest,rdfs:subClassOf,rc:Reserve_OutdoorRegion
rc:FossilForest,rdfs:subClassOf,owl:Thing
rc:Stratum,rdfs:subClassOf,rc:Geologic_formation
rc:Stratum,rdfs:subClassOf,owl:Thing
rc:RhoneAlpes,rdfs:subClassOf,rc:FrenchRegion
rc:RhoneAlpes,rdfs:subClassOf,owl:Thing
rc:Indefatigable_classBattlecruiser,rdfs:subClassOf,rc:BattleCruiser
rc:Indefatigable_classBattlecruiser,rdfs:subClassOf,owl:Thing
rc:Forest,rdfs:subClassOf,rc:BiomeType
rc:Forest,rdfs:subClassOf,rc:NaturalRegion
rc:Forest,rdfs:subClassOf,rc:WoodedArea
rc:Forest,rdfs:subClassOf,owl:Thing
rc:FederallyOwnedDam,rdfs:subClassOf,rc:Dam
rc:FederallyOwnedDam,rdfs:subClassOf,owl:Thing
rc:UnitedStatesVirginIslands,rdfs:subClassOf,rc:VirginIslands_Archipelago
rc:UnitedStatesVirginIslands,rdfs:subClassOf,owl:Thing
rc:JeffDavisCountyTexas,rdfs:subClassOf,rc:WestTexas
rc:JeffDavisCountyTexas,rdfs:subClassOf,owl:Thing
rc:RazgradOblastBulgaria,rdfs:subClassOf,rc:Province
rc:RazgradOblastBulgaria,rdfs:subClassOf,owl:Thing
rc:Roadblock,rdfs:subClassOf,rc:VehicleBarrier
rc:Roadblock,rdfs:subClassOf,owl:Thing
rc:ConservationEasement,rdfs:subClassOf,rc:EcologicalRegion
rc:ConservationEasement,rdfs:subClassOf,owl:Thing
rc:DissidentSanctuary,rdfs:subClassOf,rc:Haven
rc:DissidentSanctuary,rdfs:subClassOf,rc:Sanctuary
rc:DissidentSanctuary,rdfs:subClassOf,owl:Thing
rc:PeaceRiver,rdfs:subClassOf,rc:River
rc:PeaceRiver,rdfs:subClassOf,owl:Thing
rc:Hydra_classIronclad,rdfs:subClassOf,rc:IroncladWarship
rc:Hydra_classIronclad,rdfs:subClassOf,owl:Thing
rc:KingGeorgeV_classBattleship,rdfs:subClassOf,rc:Dreadnought
rc:KingGeorgeV_classBattleship,rdfs:subClassOf,owl:Thing
rc:Bali_ProvinceIndonesia,rdfs:subClassOf,rc:Province_Indonesia_TheNation
rc:Bali_ProvinceIndonesia,rdfs:subClassOf,owl:Thing
rc:Malampa_ProvinceVanuatu,rdfs:subClassOf,rc:Province_Vanuatu
rc:Malampa_ProvinceVanuatu,rdfs:subClassOf,owl:Thing
rc:CaucasusCountry,rdfs:subClassOf,rc:Country
rc:CaucasusCountry,rdfs:subClassOf,owl:Thing
rc:Flat_Topographical,rdfs:subClassOf,rc:LandTopographicalFeature
rc:Flat_Topographical,rdfs:subClassOf,owl:Thing
rc:AmericanHeritageRiver,rdfs:subClassOf,rc:HeritageRiver
rc:AmericanHeritageRiver,rdfs:subClassOf,owl:Thing
rc:NewportNewsVirginia,rdfs:subClassOf,rc:City
rc:NewportNewsVirginia,rdfs:subClassOf,owl:Thing
rc:PaderDistrict,rdfs:subClassOf,rc:District
rc:PaderDistrict,rdfs:subClassOf,owl:Thing
rc:GreywackeZone,rdfs:subClassOf,rc:Stratum
rc:GreywackeZone,rdfs:subClassOf,owl:Thing
rc:SlovenianRiviera,rdfs:subClassOf,rc:CoastalRegion
rc:SlovenianRiviera,rdfs:subClassOf,owl:Thing
rc:CorpsOfEngineersOwnedDam,rdfs:subClassOf,rc:FederallyOwnedDam
rc:CorpsOfEngineersOwnedDam,rdfs:subClassOf,owl:Thing
rc:ModularHome,rdfs:subClassOf,rc:ManufacturedHome
rc:ModularHome,rdfs:subClassOf,owl:Thing
rc:AchaemenidSatrapsOfIonia,rdfs:subClassOf,rc:Ionia
rc:AchaemenidSatrapsOfIonia,rdfs:subClassOf,owl:Thing
rc:RuggieroDiLauria_classIronclad,rdfs:subClassOf,rc:IroncladWarship
rc:RuggieroDiLauria_classIronclad,rdfs:subClassOf,owl:Thing
rc:ConteDiCavour_classBattleship,rdfs:subClassOf,rc:Dreadnought
rc:ConteDiCavour_classBattleship,rdfs:subClassOf,owl:Thing
rc:Nadur,rdfs:subClassOf,rc:Village
rc:Nadur,rdfs:subClassOf,owl:Thing
rc:ContinentOfAsia,rdfs:subClassOf,rc:Continent
rc:ContinentOfAsia,rdfs:subClassOf,owl:Thing
rc:Armenia,rdfs:subClassOf,rc:CaucasusCountry
rc:Armenia,rdfs:subClassOf,owl:Thing
rc:Mouhoun_ProvinceBurkinaFaso,rdfs:subClassOf,rc:Province_BurkinaFaso
rc:Mouhoun_ProvinceBurkinaFaso,rdfs:subClassOf,owl:Thing
rc:District_Laos,rdfs:subClassOf,rc:SecondOrderAdministrativeDivision
rc:District_Laos,rdfs:subClassOf,owl:Thing
rc:Plateau,rdfs:subClassOf,rc:Flat_Topographical
rc:Plateau,rdfs:subClassOf,owl:Thing
rc:PatrolWatercraft,rdfs:subClassOf,rc:MilitaryWatercraft
rc:PatrolWatercraft,rdfs:subClassOf,owl:Thing
rc:WaterSupplyDam,rdfs:subClassOf,rc:Dam
rc:WaterSupplyDam,rdfs:subClassOf,owl:Thing
rc:NewportRhodeIsland_Place,rdfs:subClassOf,rc:GeoculturalRegion
rc:NewportRhodeIsland_Place,rdfs:subClassOf,owl:Thing
rc:OuterHebrides_Archipelago,rdfs:subClassOf,rc:Hebrides_Archipelago
rc:OuterHebrides_Archipelago,rdfs:subClassOf,owl:Thing
rc:Township,rdfs:subClassOf,rc:PopulatedPlace
rc:Township,rdfs:subClassOf,owl:Thing
rc:ParkInSouthernCalifornia,rdfs:subClassOf,rc:Park
rc:ParkInSouthernCalifornia,rdfs:subClassOf,owl:Thing
rc:VayotsDzor_ProvinceArmenia,rdfs:subClassOf,rc:Province_Armenia
rc:VayotsDzor_ProvinceArmenia,rdfs:subClassOf,owl:Thing
rc:WesternGhats_Mountains,rdfs:subClassOf,rc:MountainRange
rc:WesternGhats_Mountains,rdfs:subClassOf,owl:Thing
rc:Lund,rdfs:subClassOf,rc:City
rc:Lund,rdfs:subClassOf,owl:Thing
rc:Subdistrict_China,rdfs:subClassOf,rc:Township
rc:Subdistrict_China,rdfs:subClassOf,owl:Thing
rc:CentralAsia_Region,rdfs:subClassOf,rc:ContinentOfAsia
rc:CentralAsia_Region,rdfs:subClassOf,owl:Thing
rc:LightFrigate,rdfs:subClassOf,rc:ModernFrigate
rc:LightFrigate,rdfs:subClassOf,owl:Thing
rc:Ghazni_ProvinceAfghanistan,rdfs:subClassOf,rc:Province_Afghanistan
rc:Ghazni_ProvinceAfghanistan,rdfs:subClassOf,owl:Thing
rc:FastAttackCraft,rdfs:subClassOf,rc:PatrolWatercraft
rc:FastAttackCraft,rdfs:subClassOf,owl:Thing
rc:Ardennes_Region,rdfs:subClassOf,rc:Plateau
rc:Ardennes_Region,rdfs:subClassOf,owl:Thing
rc:Scull,rdfs:subClassOf,rc:RowingShell
rc:Scull,rdfs:subClassOf,owl:Thing
rc:AlleghenyRiver,rdfs:subClassOf,rc:River
rc:AlleghenyRiver,rdfs:subClassOf,owl:Thing
rc:NorthSea,rdfs:subClassOf,rc:Sea
rc:NorthSea,rdfs:subClassOf,owl:Thing
rc:Zanjan_ProvinceIran,rdfs:subClassOf,rc:Province_Iran
rc:Zanjan_ProvinceIran,rdfs:subClassOf,owl:Thing
rc:Chemerin,rdfs:subClassOf,rc:Village
rc:Chemerin,rdfs:subClassOf,owl:Thing
rc:PortOrHarborOfTheSouthOrkneyIslands,rdfs:subClassOf,rc:PortOrHarbor
rc:PortOrHarborOfTheSouthOrkneyIslands,rdfs:subClassOf,owl:Thing
rc:NorthKorea,rdfs:subClassOf,rc:EastAsianCountry
rc:NorthKorea,rdfs:subClassOf,owl:Thing
rc:TocantinsRiver,rdfs:subClassOf,rc:River
rc:TocantinsRiver,rdfs:subClassOf,owl:Thing
rc:ShaybahOilField,rdfs:subClassOf,rc:OilField
rc:ShaybahOilField,rdfs:subClassOf,owl:Thing
rc:Spoon,rdfs:subClassOf,rc:FoodUtensil
rc:Spoon,rdfs:subClassOf,owl:Thing
rc:Hidalgo_StateMexico,rdfs:subClassOf,rc:State_Mexico
rc:Hidalgo_StateMexico,rdfs:subClassOf,owl:Thing
rc:AlleghenyIslandsWilderness,rdfs:subClassOf,rc:AlleghenyRiver
rc:AlleghenyIslandsWilderness,rdfs:subClassOf,owl:Thing
rc:GreatBarrierReef,rdfs:subClassOf,rc:CoralReef
rc:GreatBarrierReef,rdfs:subClassOf,owl:Thing
rc:GulfOfBothnia,rdfs:subClassOf,rc:Gulf
rc:GulfOfBothnia,rdfs:subClassOf,owl:Thing
rc:FirthOfForth,rdfs:subClassOf,rc:NorthSea
rc:FirthOfForth,rdfs:subClassOf,owl:Thing
rc:ElectoralDistrictsOfZanjanProvince,rdfs:subClassOf,rc:ElectoralDistrict
rc:ElectoralDistrictsOfZanjanProvince,rdfs:subClassOf,rc:Zanjan_ProvinceIran
rc:ElectoralDistrictsOfZanjanProvince,rdfs:subClassOf,owl:Thing
rc:Vietnam,rdfs:subClassOf,rc:Country
rc:Vietnam,rdfs:subClassOf,owl:Thing
rc:LinearMotorMetro,rdfs:subClassOf,rc:Subway
rc:LinearMotorMetro,rdfs:subClassOf,owl:Thing
rc:Somalia,rdfs:subClassOf,rc:ArabWorld
rc:Somalia,rdfs:subClassOf,owl:Thing
rc:Bujumbura_ProvinceBurundi,rdfs:subClassOf,rc:Province_Burundi
rc:Bujumbura_ProvinceBurundi,rdfs:subClassOf,owl:Thing
rc:ConcessionArea,rdfs:subClassOf,rc:EconomicRegion
rc:ConcessionArea,rdfs:subClassOf,owl:Thing
rc:HanishIslands,rdfs:subClassOf,rc:Archipelago
rc:HanishIslands,rdfs:subClassOf,owl:Thing
rc:LandlockedCountry,rdfs:subClassOf,rc:Country
rc:LandlockedCountry,rdfs:subClassOf,owl:Thing
rc:WesternHimalayanBroadleafForest,rdfs:subClassOf,rc:BroadleafForest
rc:WesternHimalayanBroadleafForest,rdfs:subClassOf,owl:Thing
rc:CostaRica,rdfs:subClassOf,rc:CentralAmericanCountry
rc:CostaRica,rdfs:subClassOf,owl:Thing
rc:UrbanHeatIsland,rdfs:subClassOf,rc:UrbanArea
rc:UrbanHeatIsland,rdfs:subClassOf,owl:Thing
rc:BoatLift,rdfs:subClassOf,rc:ArtificialWaterFeature_POI
rc:BoatLift,rdfs:subClassOf,owl:Thing
rc:Gegharkunik_ProvinceArmenia,rdfs:subClassOf,rc:Province_Armenia
rc:Gegharkunik_ProvinceArmenia,rdfs:subClassOf,owl:Thing
rc:Walbrzych_ProvincePoland,rdfs:subClassOf,rc:Province_Poland
rc:Walbrzych_ProvincePoland,rdfs:subClassOf,owl:Thing
rc:LakeSuperior,rdfs:subClassOf,rc:BodyOfWater_Large
rc:LakeSuperior,rdfs:subClassOf,rc:GreatLakes
rc:LakeSuperior,rdfs:subClassOf,owl:Thing
rc:SaoRoqueDoPico,rdfs:subClassOf,rc:Pico_Island
rc:SaoRoqueDoPico,rdfs:subClassOf,owl:Thing
rc:AncientVietnam,rdfs:subClassOf,rc:Vietnam
rc:AncientVietnam,rdfs:subClassOf,owl:Thing
rc:DarkSpot_Topographical,rdfs:subClassOf,rc:DarkAlbedoFeature_Topographical
rc:DarkSpot_Topographical,rdfs:subClassOf,owl:Thing
rc:Auriga_Constellation,rdfs:subClassOf,rc:Constellation
rc:Auriga_Constellation,rdfs:subClassOf,owl:Thing
rc:UrbanNeighborhood,rdfs:subClassOf,rc:Neighborhood
rc:UrbanNeighborhood,rdfs:subClassOf,rc:UrbanArea
rc:UrbanNeighborhood,rdfs:subClassOf,owl:Thing
rc:Roadside,rdfs:subClassOf,rc:Roadway
rc:Roadside,rdfs:subClassOf,owl:Thing
rc:CentralAsianCountry,rdfs:subClassOf,rc:CentralAsia_Region
rc:CentralAsianCountry,rdfs:subClassOf,rc:ContinentOfEurasia
rc:CentralAsianCountry,rdfs:subClassOf,owl:Thing
rc:UnisexRestroom,rdfs:subClassOf,rc:PublicRestroom
rc:UnisexRestroom,rdfs:subClassOf,owl:Thing
rc:Cycleway,rdfs:subClassOf,rc:SportHealthBuildingStructure
rc:Cycleway,rdfs:subClassOf,rc:TravelRoute
rc:Cycleway,rdfs:subClassOf,owl:Thing
rc:AstronomicalSatellite,rdfs:subClassOf,rc:AstronomicalObservatory
rc:AstronomicalSatellite,rdfs:subClassOf,owl:Thing
rc:RowHouse,rdfs:subClassOf,rc:MultiFamilyHousing
rc:RowHouse,rdfs:subClassOf,owl:Thing
rc:FrenchIroncladMarceau,rdfs:subClassOf,rc:IroncladWarship
rc:FrenchIroncladMarceau,rdfs:subClassOf,owl:Thing
rc:CoverProvidingTerrain,rdfs:subClassOf,rc:MilitaryTerrain
rc:CoverProvidingTerrain,rdfs:subClassOf,rc:TacticalTerrainObject
rc:CoverProvidingTerrain,rdfs:subClassOf,owl:Thing
rc:GreatBasinDesert,rdfs:subClassOf,rc:Desert
rc:GreatBasinDesert,rdfs:subClassOf,owl:Thing
rc:SomaliClansInEthiopia,rdfs:subClassOf,rc:Somalia
rc:SomaliClansInEthiopia,rdfs:subClassOf,owl:Thing
rc:SuezCanal,rdfs:subClassOf,rc:Canal
rc:SuezCanal,rdfs:subClassOf,owl:Thing
rc:ParkInTheFloridaKeys,rdfs:subClassOf,rc:Park
rc:ParkInTheFloridaKeys,rdfs:subClassOf,owl:Thing
rc:Lesotho,rdfs:subClassOf,rc:Country
rc:Lesotho,rdfs:subClassOf,owl:Thing
rc:ProposedBuildingOrStructure,rdfs:subClassOf,rc:BuildingOrStructure
rc:ProposedBuildingOrStructure,rdfs:subClassOf,owl:Thing
rc:TasmanSea,rdfs:subClassOf,rc:Sea
rc:TasmanSea,rdfs:subClassOf,owl:Thing
rc:Topsoil,rdfs:subClassOf,rc:DirtSoil
rc:Topsoil,rdfs:subClassOf,owl:Thing
rc:AmbushSite,rdfs:subClassOf,rc:CoverProvidingTerrain
rc:AmbushSite,rdfs:subClassOf,rc:TacticalPoint
rc:AmbushSite,rdfs:subClassOf,owl:Thing
rc:CrossingsByRiver,rdfs:subClassOf,rc:TravelRoute_Water
rc:CrossingsByRiver,rdfs:subClassOf,owl:Thing
rc:TiananmenSquare,rdfs:subClassOf,rc:TownSquare
rc:TiananmenSquare,rdfs:subClassOf,owl:Thing
rc:Back_To_BackHouse,rdfs:subClassOf,rc:RowHouse
rc:Back_To_BackHouse,rdfs:subClassOf,owl:Thing
rc:SaoTomeAndPrincipe,rdfs:subClassOf,rc:Country
rc:SaoTomeAndPrincipe,rdfs:subClassOf,owl:Thing
rc:PoliceBarrack,rdfs:subClassOf,rc:Dormitory
rc:PoliceBarrack,rdfs:subClassOf,rc:PoliceFacility
rc:PoliceBarrack,rdfs:subClassOf,owl:Thing
rc:Akoko,rdfs:subClassOf,rc:PopulatedPlace
rc:Akoko,rdfs:subClassOf,owl:Thing
rc:ExurbanNeighborhood,rdfs:subClassOf,rc:Neighborhood
rc:ExurbanNeighborhood,rdfs:subClassOf,owl:Thing
rc:FastAttackCraft_Gun,rdfs:subClassOf,rc:FastAttackCraft
rc:FastAttackCraft_Gun,rdfs:subClassOf,owl:Thing
rc:District_Liberia,rdfs:subClassOf,rc:SecondOrderAdministrativeDivision
rc:District_Liberia,rdfs:subClassOf,owl:Thing
rc:RoadsideStation_Japan,rdfs:subClassOf,rc:RestArea
rc:RoadsideStation_Japan,rdfs:subClassOf,owl:Thing
rc:Rodrigues,rdfs:subClassOf,rc:Island
rc:Rodrigues,rdfs:subClassOf,owl:Thing
rc:OneStoryBuilding,rdfs:subClassOf,rc:Building
rc:OneStoryBuilding,rdfs:subClassOf,owl:Thing
