id,subclassof,parent
rc:SignLanguageNotation,rdfs:subClassOf,rc:SignLanguages
rc:SignLanguageNotation,rdfs:subClassOf,owl:Thing
rc:MusicalComposition_Trance,rdfs:subClassOf,rc:MusicalComposition
rc:MusicalComposition_Trance,rdfs:subClassOf,owl:Thing
rc:AlgebraicGraphTheory,rdfs:subClassOf,rc:GraphTheory
rc:AlgebraicGraphTheory,rdfs:subClassOf,owl:Thing
rc:FrenchLanguage,rdfs:subClassOf,rc:RomanceLanguages
rc:FrenchLanguage,rdfs:subClassOf,owl:Thing
rc:PilotsLicense_Document,rdfs:subClassOf,rc:TransportationLicense_Document
rc:PilotsLicense_Document,rdfs:subClassOf,owl:Thing
rc:FormalLectureSeries_IBT,rdfs:subClassOf,rc:Lecturing
rc:FormalLectureSeries_IBT,rdfs:subClassOf,owl:Thing
rc:PowerPop,rdfs:subClassOf,rc:MusicalComposition_PopRock
rc:PowerPop,rdfs:subClassOf,owl:Thing
rc:DutchLanguage,rdfs:subClassOf,rc:GermanicLanguages
rc:DutchLanguage,rdfs:subClassOf,owl:Thing
rc:RoutingList,rdfs:subClassOf,rc:List_Information
rc:RoutingList,rdfs:subClassOf,owl:Thing
rc:AmericanEnglishDialect,rdfs:subClassOf,rc:EnglishDialect
rc:AmericanEnglishDialect,rdfs:subClassOf,owl:Thing
rc:SheafTheory,rdfs:subClassOf,rc:CategoryTheory
rc:SheafTheory,rdfs:subClassOf,owl:Thing
rc:InternetGroupManagementProtocol,rdfs:subClassOf,rc:NetworkProtocol
rc:InternetGroupManagementProtocol,rdfs:subClassOf,owl:Thing
rc:HebrewLetter,rdfs:subClassOf,rc:Letter_Alphabetic
rc:HebrewLetter,rdfs:subClassOf,owl:Thing
rc:SchemeProgrammingLanguageImplementation,rdfs:subClassOf,rc:FunctionalLanguage
rc:SchemeProgrammingLanguageImplementation,rdfs:subClassOf,rc:ProgrammingLanguageImplementation
rc:SchemeProgrammingLanguageImplementation,rdfs:subClassOf,owl:Thing
rc:KoreanLanguageTest,rdfs:subClassOf,rc:KoreanLanguage
rc:KoreanLanguageTest,rdfs:subClassOf,owl:Thing
rc:GothicLetter,rdfs:subClassOf,rc:Letter_Alphabetic
rc:GothicLetter,rdfs:subClassOf,owl:Thing
rc:Password_Computer,rdfs:subClassOf,rc:Password
rc:Password_Computer,rdfs:subClassOf,rc:SecurityInformation
rc:Password_Computer,rdfs:subClassOf,owl:Thing
rc:MoabiteLanguage,rdfs:subClassOf,rc:AncientLanguages
rc:MoabiteLanguage,rdfs:subClassOf,owl:Thing
rc:MusicalComposition_WorldFusion,rdfs:subClassOf,rc:MusicTypeOpenGenre
rc:MusicalComposition_WorldFusion,rdfs:subClassOf,rc:MusicalComposition_Fusion
rc:MusicalComposition_WorldFusion,rdfs:subClassOf,owl:Thing
rc:ManxLanguage,rdfs:subClassOf,rc:CelticLanguages
rc:ManxLanguage,rdfs:subClassOf,owl:Thing
rc:Wikipedia_WebSite,rdfs:subClassOf,rc:CWPublishedOnline
rc:Wikipedia_WebSite,rdfs:subClassOf,owl:Thing
rc:WebPageHitCounterProgram,rdfs:subClassOf,rc:ActivityLoggingProgram
rc:WebPageHitCounterProgram,rdfs:subClassOf,owl:Thing
rc:HebrewDiacritic,rdfs:subClassOf,rc:HebrewLetter
rc:HebrewDiacritic,rdfs:subClassOf,owl:Thing
rc:MilitaryContract,rdfs:subClassOf,rc:SalesContract
rc:MilitaryContract,rdfs:subClassOf,owl:Thing
rc:ComputerProgramCopy,rdfs:subClassOf,rc:ComputerCodeCopy
rc:ComputerProgramCopy,rdfs:subClassOf,owl:Thing
rc:GrammarChecker,rdfs:subClassOf,rc:Spelling
rc:GrammarChecker,rdfs:subClassOf,owl:Thing
rc:Review,rdfs:subClassOf,rc:Article_PCW
rc:Review,rdfs:subClassOf,owl:Thing
rc:VisualProgrammingEnvironment,rdfs:subClassOf,rc:DevelopmentProgram
rc:VisualProgrammingEnvironment,rdfs:subClassOf,owl:Thing
rc:FireArt,rdfs:subClassOf,rc:Art
rc:FireArt,rdfs:subClassOf,owl:Thing
rc:InternalUseInformation,rdfs:subClassOf,rc:Instructions
rc:InternalUseInformation,rdfs:subClassOf,owl:Thing
rc:AfricanAmericanVernacularEnglish,rdfs:subClassOf,rc:AmericanEnglishDialect
rc:AfricanAmericanVernacularEnglish,rdfs:subClassOf,owl:Thing
rc:ChildrensMovie,rdfs:subClassOf,rc:FilmGenre
rc:ChildrensMovie,rdfs:subClassOf,owl:Thing
rc:ProtectedInformation,rdfs:subClassOf,rc:InformationAccessType
rc:ProtectedInformation,rdfs:subClassOf,owl:Thing
rc:DarkWeb,rdfs:subClassOf,rc:WorldWideWeb_DynamicIndexedInfoSource
rc:DarkWeb,rdfs:subClassOf,owl:Thing
rc:AnimeAndMangaByGenre,rdfs:subClassOf,rc:Anime
rc:AnimeAndMangaByGenre,rdfs:subClassOf,rc:Manga
rc:AnimeAndMangaByGenre,rdfs:subClassOf,owl:Thing
rc:OldieSong,rdfs:subClassOf,rc:Song
rc:OldieSong,rdfs:subClassOf,owl:Thing
rc:MayanWriting,rdfs:subClassOf,rc:WritingSystem
rc:MayanWriting,rdfs:subClassOf,owl:Thing
rc:ComputerCodeCopy,rdfs:subClassOf,rc:ComputerIBT
rc:ComputerCodeCopy,rdfs:subClassOf,owl:Thing
rc:Djinshi,rdfs:subClassOf,rc:Manga
rc:Djinshi,rdfs:subClassOf,owl:Thing
rc:CallLoan,rdfs:subClassOf,rc:DemandLoan
rc:CallLoan,rdfs:subClassOf,owl:Thing
rc:IndefinitePronoun,rdfs:subClassOf,rc:Pronoun
rc:IndefinitePronoun,rdfs:subClassOf,owl:Thing
rc:InformationDesignation_MissionCritical,rdfs:subClassOf,rc:ProtectedInformation
rc:InformationDesignation_MissionCritical,rdfs:subClassOf,rc:RestrictedInformation
rc:InformationDesignation_MissionCritical,rdfs:subClassOf,owl:Thing
rc:StreetSign,rdfs:subClassOf,rc:RoadSign
rc:StreetSign,rdfs:subClassOf,rc:StationarySign
rc:StreetSign,rdfs:subClassOf,owl:Thing
rc:ManxLanguageSurname,rdfs:subClassOf,rc:HumanSurname
rc:ManxLanguageSurname,rdfs:subClassOf,owl:Thing
rc:BoatLoan,rdfs:subClassOf,rc:LoanAgreement
rc:BoatLoan,rdfs:subClassOf,owl:Thing
rc:OculusRift,rdfs:subClassOf,rc:VirtualReality
rc:OculusRift,rdfs:subClassOf,owl:Thing
rc:TelevisionProgrammingBlock,rdfs:subClassOf,rc:ChildrensTVShow
rc:TelevisionProgrammingBlock,rdfs:subClassOf,owl:Thing
rc:ProposedCalendar,rdfs:subClassOf,rc:CalendarSystem
rc:ProposedCalendar,rdfs:subClassOf,owl:Thing
rc:RomanticComedyMovie,rdfs:subClassOf,rc:ComedyMovie
rc:RomanticComedyMovie,rdfs:subClassOf,owl:Thing
rc:MalayoPolynesianLanguages,rdfs:subClassOf,rc:AustronesianLanguages
rc:MalayoPolynesianLanguages,rdfs:subClassOf,owl:Thing
rc:OfficialReport,rdfs:subClassOf,rc:Document
rc:OfficialReport,rdfs:subClassOf,rc:InformationBearingObject
rc:OfficialReport,rdfs:subClassOf,owl:Thing
rc:YumaLanguage,rdfs:subClassOf,rc:OtherAmericanLanguages
rc:YumaLanguage,rdfs:subClassOf,owl:Thing
rc:TorKwerbaLanguage,rdfs:subClassOf,rc:PapuanLanguageGrouping
rc:TorKwerbaLanguage,rdfs:subClassOf,owl:Thing
rc:HebrewGrammar,rdfs:subClassOf,rc:LanguageGrammars
rc:HebrewGrammar,rdfs:subClassOf,owl:Thing
rc:CryptographicSoftware,rdfs:subClassOf,rc:SecurityProgram
rc:CryptographicSoftware,rdfs:subClassOf,owl:Thing
rc:EyakLanguage,rdfs:subClassOf,rc:AthabascanLanguages
rc:EyakLanguage,rdfs:subClassOf,owl:Thing
rc:Computer_Generic,rdfs:subClassOf,rc:InformationBearingThing
rc:Computer_Generic,rdfs:subClassOf,owl:Thing
rc:PlusOrMinusSign,rdfs:subClassOf,rc:MathematicalNotation
rc:PlusOrMinusSign,rdfs:subClassOf,owl:Thing
rc:FijianLanguage,rdfs:subClassOf,rc:MalayoPolynesianLanguages
rc:FijianLanguage,rdfs:subClassOf,owl:Thing
rc:ThaiWordOrPhrase,rdfs:subClassOf,rc:WordOrPhraseByLanguage
rc:ThaiWordOrPhrase,rdfs:subClassOf,owl:Thing
rc:BalineseLanguage,rdfs:subClassOf,rc:MalayoPolynesianLanguages
rc:BalineseLanguage,rdfs:subClassOf,owl:Thing
rc:Hansard,rdfs:subClassOf,rc:OfficialReport
rc:Hansard,rdfs:subClassOf,owl:Thing
rc:VindolandaTablet,rdfs:subClassOf,rc:Manuscript
rc:VindolandaTablet,rdfs:subClassOf,owl:Thing
rc:YumanCochimLanguage,rdfs:subClassOf,rc:OtherAmericanLanguages
rc:YumanCochimLanguage,rdfs:subClassOf,owl:Thing
rc:SignLanguageTelevisionProgram,rdfs:subClassOf,rc:TVShow_IBT
rc:SignLanguageTelevisionProgram,rdfs:subClassOf,owl:Thing
rc:MoabiteInscription,rdfs:subClassOf,rc:Inscription
rc:MoabiteInscription,rdfs:subClassOf,rc:MoabiteLanguage
rc:MoabiteInscription,rdfs:subClassOf,owl:Thing
rc:KwomtariLanguage,rdfs:subClassOf,rc:PapuanLanguageGrouping
rc:KwomtariLanguage,rdfs:subClassOf,owl:Thing
rc:SiswatiLanguage,rdfs:subClassOf,rc:BantuLanguages
rc:SiswatiLanguage,rdfs:subClassOf,owl:Thing
rc:EmergencyCall_Script,rdfs:subClassOf,rc:EmergencyCommunication
rc:EmergencyCall_Script,rdfs:subClassOf,rc:Paper_IBO
rc:EmergencyCall_Script,rdfs:subClassOf,owl:Thing
rc:SomaliGivenName,rdfs:subClassOf,rc:HumanGivenName
rc:SomaliGivenName,rdfs:subClassOf,owl:Thing
rc:ComputerProcess_Generic,rdfs:subClassOf,rc:ComputerProgramCopy
rc:ComputerProcess_Generic,rdfs:subClassOf,rc:ProgramAction
rc:ComputerProcess_Generic,rdfs:subClassOf,owl:Thing
rc:UniversalAlgebra,rdfs:subClassOf,rc:CategoryTheory
rc:UniversalAlgebra,rdfs:subClassOf,owl:Thing
rc:SalLanguage,rdfs:subClassOf,rc:SinoTibetanLanguages
rc:SalLanguage,rdfs:subClassOf,owl:Thing
rc:Suffixation,rdfs:subClassOf,rc:Affixation_WordFormationProcess
rc:Suffixation,rdfs:subClassOf,owl:Thing
rc:DialUpNetworkingProgram,rdfs:subClassOf,rc:LocalProgram
rc:DialUpNetworkingProgram,rdfs:subClassOf,rc:NetworkingProgram
rc:DialUpNetworkingProgram,rdfs:subClassOf,owl:Thing
rc:RentalAgreement,rdfs:subClassOf,rc:TemporaryUserRightsAgreement
rc:RentalAgreement,rdfs:subClassOf,owl:Thing
rc:IntelligenceAnalysisProcess,rdfs:subClassOf,rc:InformationProcess
rc:IntelligenceAnalysisProcess,rdfs:subClassOf,owl:Thing
rc:BioimagingSoftware,rdfs:subClassOf,rc:GraphicsEditingProgram
rc:BioimagingSoftware,rdfs:subClassOf,owl:Thing
rc:Computer,rdfs:subClassOf,rc:Computer_Generic
rc:Computer,rdfs:subClassOf,owl:Thing
rc:HidatsaLanguage,rdfs:subClassOf,rc:SiouanLanguages
rc:HidatsaLanguage,rdfs:subClassOf,owl:Thing
rc:StatisticalSoftware,rdfs:subClassOf,rc:BusinessComputerProgram
rc:StatisticalSoftware,rdfs:subClassOf,rc:ScientificSoftware
rc:StatisticalSoftware,rdfs:subClassOf,owl:Thing
rc:WebLoggingProgram,rdfs:subClassOf,rc:InternetProgram
rc:WebLoggingProgram,rdfs:subClassOf,rc:TextEditorProgram
rc:WebLoggingProgram,rdfs:subClassOf,rc:WebPageHitCounterProgram
rc:WebLoggingProgram,rdfs:subClassOf,owl:Thing
rc:TelevisionSeriesByTopic,rdfs:subClassOf,rc:TVSeriesProduct
rc:TelevisionSeriesByTopic,rdfs:subClassOf,owl:Thing
rc:InternetLayerProtocol,rdfs:subClassOf,rc:InternetProtocol
rc:InternetLayerProtocol,rdfs:subClassOf,owl:Thing
rc:NewsClientProgram,rdfs:subClassOf,rc:ClientProgram
rc:NewsClientProgram,rdfs:subClassOf,rc:InternetProgram
rc:NewsClientProgram,rdfs:subClassOf,owl:Thing
rc:ClassificationSystem,rdfs:subClassOf,kko:StructuredInfo
rc:ClassificationSystem,rdfs:subClassOf,owl:Thing
rc:MagneticMonopole,rdfs:subClassOf,rc:QuantumFieldTheory
rc:MagneticMonopole,rdfs:subClassOf,owl:Thing
rc:5EuroNote,rdfs:subClassOf,rc:EuroBanknote
rc:5EuroNote,rdfs:subClassOf,owl:Thing
rc:OneidaLanguage,rdfs:subClassOf,rc:IroquoianLanguages
rc:OneidaLanguage,rdfs:subClassOf,owl:Thing
rc:SoftwareCrackProgram,rdfs:subClassOf,rc:SecurityProgram
rc:SoftwareCrackProgram,rdfs:subClassOf,rc:SoftwareCrack
rc:SoftwareCrackProgram,rdfs:subClassOf,owl:Thing
rc:VolleyballTerminology,rdfs:subClassOf,rc:SportsTerminology
rc:VolleyballTerminology,rdfs:subClassOf,owl:Thing
rc:KambaLanguage,rdfs:subClassOf,rc:BantuLanguages
rc:KambaLanguage,rdfs:subClassOf,owl:Thing
rc:JapaneseLanguage,rdfs:subClassOf,rc:LanguageIsolate
rc:JapaneseLanguage,rdfs:subClassOf,owl:Thing
rc:ContemporaryClassicalMusic,rdfs:subClassOf,rc:ClassicalMusic
rc:ContemporaryClassicalMusic,rdfs:subClassOf,owl:Thing
rc:Simile_FigureOfSpeech,rdfs:subClassOf,rc:FigureOfSpeech
rc:Simile_FigureOfSpeech,rdfs:subClassOf,owl:Thing
rc:Wikiversity,rdfs:subClassOf,rc:ReferenceWebSite
rc:Wikiversity,rdfs:subClassOf,owl:Thing
rc:SportsGameProgram,rdfs:subClassOf,rc:ComputerGameProgram
rc:SportsGameProgram,rdfs:subClassOf,owl:Thing
rc:AbstractManagementSoftware,rdfs:subClassOf,rc:BusinessComputerProgram
rc:AbstractManagementSoftware,rdfs:subClassOf,owl:Thing
rc:StatisticalTerminology,rdfs:subClassOf,rc:TechnicalTerminology
rc:StatisticalTerminology,rdfs:subClassOf,owl:Thing
rc:GrammarFramework,rdfs:subClassOf,rc:FormalGrammar
rc:GrammarFramework,rdfs:subClassOf,owl:Thing
rc:KxaLanguage,rdfs:subClassOf,rc:KhoisanLanguages
rc:KxaLanguage,rdfs:subClassOf,owl:Thing
rc:Wellfoundedness,rdfs:subClassOf,rc:SetTheory
rc:Wellfoundedness,rdfs:subClassOf,owl:Thing
rc:InternalismAndExternalism,rdfs:subClassOf,rc:Justification
rc:InternalismAndExternalism,rdfs:subClassOf,owl:Thing
rc:ArchaicJapaneseLanguage,rdfs:subClassOf,rc:JapaneseLanguage
rc:ArchaicJapaneseLanguage,rdfs:subClassOf,owl:Thing
rc:BukusuLanguage,rdfs:subClassOf,rc:BantuLanguages
rc:BukusuLanguage,rdfs:subClassOf,owl:Thing
rc:Taxonomy,rdfs:subClassOf,rc:ClassificationSystem
rc:Taxonomy,rdfs:subClassOf,owl:Thing
rc:DutchLanguageSurname,rdfs:subClassOf,rc:HumanSurname
rc:DutchLanguageSurname,rdfs:subClassOf,owl:Thing
rc:ProgramAction,rdfs:subClassOf,rc:ComputerCodeCopy
rc:ProgramAction,rdfs:subClassOf,owl:Thing
rc:PlantTaxonomy,rdfs:subClassOf,rc:TaxonomyBiology
rc:PlantTaxonomy,rdfs:subClassOf,owl:Thing
rc:ComputerTypeByHardware,rdfs:subClassOf,rc:ComputerSoftwareOrHardwareTypeByFeature
rc:ComputerTypeByHardware,rdfs:subClassOf,owl:Thing
rc:FormalLecture_IBT,rdfs:subClassOf,rc:Lecturing
rc:FormalLecture_IBT,rdfs:subClassOf,owl:Thing
rc:Charter,rdfs:subClassOf,rc:GovernmentDocument
rc:Charter,rdfs:subClassOf,owl:Thing
rc:CajunLanguage,rdfs:subClassOf,rc:CreoleAndPidginLanguages
rc:CajunLanguage,rdfs:subClassOf,owl:Thing
rc:Intertextuality,rdfs:subClassOf,rc:PropositionalCWText
rc:Intertextuality,rdfs:subClassOf,owl:Thing
rc:PlusOrMinusSign_TheSymbol,rdfs:subClassOf,rc:MathematicalCharacter
rc:PlusOrMinusSign_TheSymbol,rdfs:subClassOf,owl:Thing
rc:AnimeAndMangaByTopic,rdfs:subClassOf,rc:Anime
rc:AnimeAndMangaByTopic,rdfs:subClassOf,rc:Manga
rc:AnimeAndMangaByTopic,rdfs:subClassOf,owl:Thing
rc:TamazightLanguage,rdfs:subClassOf,rc:BerberLanguages
rc:TamazightLanguage,rdfs:subClassOf,owl:Thing
rc:50EuroNote,rdfs:subClassOf,rc:EuroBanknote
rc:50EuroNote,rdfs:subClassOf,owl:Thing
rc:LightGunShooter,rdfs:subClassOf,rc:VideoGameProgram_Color
rc:LightGunShooter,rdfs:subClassOf,owl:Thing
rc:HijiLanguage,rdfs:subClassOf,rc:OtherLanguages
rc:HijiLanguage,rdfs:subClassOf,owl:Thing
rc:FormalLetter,rdfs:subClassOf,rc:LetterCopy
rc:FormalLetter,rdfs:subClassOf,owl:Thing
rc:LeaseAgreement,rdfs:subClassOf,rc:RentalAgreement
rc:LeaseAgreement,rdfs:subClassOf,owl:Thing
rc:LinguisticQuantity,rdfs:subClassOf,rc:LexicalAttribute
rc:LinguisticQuantity,rdfs:subClassOf,owl:Thing
rc:CategoryTheoreticCategory,rdfs:subClassOf,rc:CategoryTheory
rc:CategoryTheoreticCategory,rdfs:subClassOf,owl:Thing
rc:TaxonomyBiology,rdfs:subClassOf,rc:Taxonomy
rc:TaxonomyBiology,rdfs:subClassOf,owl:Thing
rc:ProposedCurrency,rdfs:subClassOf,rc:Currency
rc:ProposedCurrency,rdfs:subClassOf,owl:Thing
rc:FileOperation,rdfs:subClassOf,rc:ProgramAction
rc:FileOperation,rdfs:subClassOf,owl:Thing
rc:CultivatedPlantTaxonomy,rdfs:subClassOf,rc:PlantTaxonomy
rc:CultivatedPlantTaxonomy,rdfs:subClassOf,owl:Thing
rc:ComputerTypeByArchitecture,rdfs:subClassOf,rc:ComputerTypeByHardware
rc:ComputerTypeByArchitecture,rdfs:subClassOf,owl:Thing
rc:HebrewInscription,rdfs:subClassOf,rc:Inscription
rc:HebrewInscription,rdfs:subClassOf,owl:Thing
rc:Avatar_ComputerImage,rdfs:subClassOf,rc:SymbolicThing
rc:Avatar_ComputerImage,rdfs:subClassOf,rc:VisualImage
rc:Avatar_ComputerImage,rdfs:subClassOf,owl:Thing
rc:LexicalAttribute,rdfs:subClassOf,rc:LinguisticObject
rc:LexicalAttribute,rdfs:subClassOf,owl:Thing
rc:CoordinatingConjunction,rdfs:subClassOf,rc:Conjunction
rc:CoordinatingConjunction,rdfs:subClassOf,owl:Thing
rc:Matching,rdfs:subClassOf,rc:GraphTheory
rc:Matching,rdfs:subClassOf,owl:Thing
rc:ElamiteLanguage,rdfs:subClassOf,rc:LanguageIsolate
rc:ElamiteLanguage,rdfs:subClassOf,owl:Thing
rc:AnimeAndMangaFandom,rdfs:subClassOf,rc:Anime
rc:AnimeAndMangaFandom,rdfs:subClassOf,rc:Manga
rc:AnimeAndMangaFandom,rdfs:subClassOf,owl:Thing
rc:MicronesianLanguage,rdfs:subClassOf,rc:MalayoPolynesianLanguages
rc:MicronesianLanguage,rdfs:subClassOf,owl:Thing
rc:VictoryOfSamothrace_Sculpture,rdfs:subClassOf,rc:Sculpture
rc:VictoryOfSamothrace_Sculpture,rdfs:subClassOf,owl:Thing
rc:MendeLanguage,rdfs:subClassOf,rc:AtlanticCongoLanguages
rc:MendeLanguage,rdfs:subClassOf,owl:Thing
rc:Oneirogens,rdfs:subClassOf,rc:Dream
rc:Oneirogens,rdfs:subClassOf,owl:Thing
rc:SculpturalGroup,rdfs:subClassOf,rc:Sculpture
rc:SculpturalGroup,rdfs:subClassOf,owl:Thing
rc:SemiticWordOrPhrase,rdfs:subClassOf,rc:LanguageRelatedConcepts
rc:SemiticWordOrPhrase,rdfs:subClassOf,rc:WordOrPhraseByLanguage
rc:SemiticWordOrPhrase,rdfs:subClassOf,owl:Thing
rc:EnglishWikipedia_ConceptualWork,rdfs:subClassOf,rc:ReferenceWebSite
rc:EnglishWikipedia_ConceptualWork,rdfs:subClassOf,owl:Thing
rc:ARMArchitecture,rdfs:subClassOf,rc:ComputerTypeByArchitecture
rc:ARMArchitecture,rdfs:subClassOf,owl:Thing
rc:GrungeRockMusic,rdfs:subClassOf,rc:RockMusic
rc:GrungeRockMusic,rdfs:subClassOf,owl:Thing
rc:JapaneseLanguageTest,rdfs:subClassOf,rc:JapaneseLanguage
rc:JapaneseLanguageTest,rdfs:subClassOf,owl:Thing
rc:SinoTibetanLanguages,rdfs:subClassOf,rc:LivingLanguage
rc:SinoTibetanLanguages,rdfs:subClassOf,owl:Thing
rc:GeneticInformation,rdfs:subClassOf,kko:StructuredInfo
rc:GeneticInformation,rdfs:subClassOf,owl:Thing
rc:BroadwayMusical,rdfs:subClassOf,rc:BroadwayShow
rc:BroadwayMusical,rdfs:subClassOf,rc:MusicalPerformance
rc:BroadwayMusical,rdfs:subClassOf,owl:Thing
rc:Compass,rdfs:subClassOf,rc:InformationBearingObject
rc:Compass,rdfs:subClassOf,owl:Thing
rc:LongTermStudy,rdfs:subClassOf,rc:DetailedStudy
rc:LongTermStudy,rdfs:subClassOf,owl:Thing
rc:SnookerWorldRanking,rdfs:subClassOf,rc:Ranking
rc:SnookerWorldRanking,rdfs:subClassOf,owl:Thing
rc:InternetStandard,rdfs:subClassOf,rc:InternetInformation
rc:InternetStandard,rdfs:subClassOf,rc:StructurallySpecificWork
rc:InternetStandard,rdfs:subClassOf,owl:Thing
rc:Honorable,rdfs:subClassOf,rc:CourtesyTitle
rc:Honorable,rdfs:subClassOf,owl:Thing
rc:KambaataLanguage,rdfs:subClassOf,rc:KalenjinLanguage
rc:KambaataLanguage,rdfs:subClassOf,owl:Thing
rc:TelevisionSeriesCanceledAfterOneEpisode,rdfs:subClassOf,rc:TVSeriesProduct
rc:TelevisionSeriesCanceledAfterOneEpisode,rdfs:subClassOf,owl:Thing
rc:BiblicalManuscript_AncientGreekVersion,rdfs:subClassOf,rc:Manuscript
rc:BiblicalManuscript_AncientGreekVersion,rdfs:subClassOf,owl:Thing
rc:PragmaticAttribute,rdfs:subClassOf,rc:LinguisticQuantity
rc:PragmaticAttribute,rdfs:subClassOf,owl:Thing
rc:ProgrammingLanguage,rdfs:subClassOf,rc:ComputerLanguage
rc:ProgrammingLanguage,rdfs:subClassOf,owl:Thing
rc:InternetMailProtocol,rdfs:subClassOf,rc:NetworkProtocol
rc:InternetMailProtocol,rdfs:subClassOf,owl:Thing
rc:CollaborativeSoftware,rdfs:subClassOf,rc:BusinessComputerProgram
rc:CollaborativeSoftware,rdfs:subClassOf,owl:Thing
rc:HiddenLabel,rdfs:subClassOf,rc:Label_IBO
rc:HiddenLabel,rdfs:subClassOf,owl:Thing
rc:PanoanLanguages,rdfs:subClassOf,rc:IndigenousAmericanLanguages
rc:PanoanLanguages,rdfs:subClassOf,owl:Thing
rc:ComputerProcess_SingleComputer,rdfs:subClassOf,rc:ComputerProcess_Generic
rc:ComputerProcess_SingleComputer,rdfs:subClassOf,owl:Thing
rc:NotarySeal,rdfs:subClassOf,rc:Label
rc:NotarySeal,rdfs:subClassOf,owl:Thing
rc:Wiktionary,rdfs:subClassOf,rc:MediaWiki_ComputerProgram
rc:Wiktionary,rdfs:subClassOf,owl:Thing
rc:DakotaLanguage,rdfs:subClassOf,rc:SiouanLanguages
rc:DakotaLanguage,rdfs:subClassOf,owl:Thing
rc:InternetProtocol,rdfs:subClassOf,rc:InternetStandard
rc:InternetProtocol,rdfs:subClassOf,owl:Thing
rc:VectorGraphicsEditor,rdfs:subClassOf,rc:GraphicsEditingProgram
rc:VectorGraphicsEditor,rdfs:subClassOf,owl:Thing
rc:MandaraLanguage,rdfs:subClassOf,rc:ChadicLanguages
rc:MandaraLanguage,rdfs:subClassOf,owl:Thing
rc:GyroCompass,rdfs:subClassOf,rc:Compass
rc:GyroCompass,rdfs:subClassOf,owl:Thing
rc:TelevisionSeriesRevivedAfterCancellation,rdfs:subClassOf,rc:TVSeriesProduct
rc:TelevisionSeriesRevivedAfterCancellation,rdfs:subClassOf,owl:Thing
rc:SoftwareCrack_Instructions,rdfs:subClassOf,rc:InstructionalWork
rc:SoftwareCrack_Instructions,rdfs:subClassOf,rc:SoftwareCrack
rc:SoftwareCrack_Instructions,rdfs:subClassOf,owl:Thing
rc:PlotNarrative,rdfs:subClassOf,rc:DramaticPerformance
rc:PlotNarrative,rdfs:subClassOf,owl:Thing
rc:CapitalizationLoanAgreement,rdfs:subClassOf,rc:LoanAgreement
rc:CapitalizationLoanAgreement,rdfs:subClassOf,owl:Thing
rc:DerivativeSecurity,rdfs:subClassOf,rc:Contract
rc:DerivativeSecurity,rdfs:subClassOf,owl:Thing
rc:LinguisticTranslationProcess,rdfs:subClassOf,rc:LanguageProcessing
rc:LinguisticTranslationProcess,rdfs:subClassOf,owl:Thing
rc:NauruanLanguage,rdfs:subClassOf,rc:MalayoPolynesianLanguages
rc:NauruanLanguage,rdfs:subClassOf,owl:Thing
rc:ComputerProcess_SingleCPU,rdfs:subClassOf,rc:ComputerProcess_SingleComputer
rc:ComputerProcess_SingleCPU,rdfs:subClassOf,owl:Thing
rc:RadarImaging,rdfs:subClassOf,rc:Imaging
rc:RadarImaging,rdfs:subClassOf,owl:Thing
rc:TreeOrganizationalChart,rdfs:subClassOf,rc:OrganizationalChart
rc:TreeOrganizationalChart,rdfs:subClassOf,owl:Thing
rc:FormalityOfSpeech,rdfs:subClassOf,rc:PragmaticAttribute
rc:FormalityOfSpeech,rdfs:subClassOf,owl:Thing
rc:DischargePaper,rdfs:subClassOf,rc:OfficialDocument
rc:DischargePaper,rdfs:subClassOf,rc:Paper_IBO
rc:DischargePaper,rdfs:subClassOf,owl:Thing
rc:LeaseDocument,rdfs:subClassOf,rc:ContractDocument
rc:LeaseDocument,rdfs:subClassOf,rc:Form_StandardizedIBO
rc:LeaseDocument,rdfs:subClassOf,owl:Thing
rc:NoteTaking,rdfs:subClassOf,rc:Memory
rc:NoteTaking,rdfs:subClassOf,owl:Thing
rc:OptionTransactionAgreement,rdfs:subClassOf,rc:Contract
rc:OptionTransactionAgreement,rdfs:subClassOf,owl:Thing
rc:GanLanguage,rdfs:subClassOf,rc:ChineseLanguages
rc:GanLanguage,rdfs:subClassOf,owl:Thing
rc:CanonComputer,rdfs:subClassOf,rc:PersonalComputer
rc:CanonComputer,rdfs:subClassOf,owl:Thing
rc:Queen_ChessPiece,rdfs:subClassOf,rc:ChessPiece
rc:Queen_ChessPiece,rdfs:subClassOf,owl:Thing
rc:WebMailProgram,rdfs:subClassOf,rc:EMailProgram
rc:WebMailProgram,rdfs:subClassOf,rc:HTMLInterpreter
rc:WebMailProgram,rdfs:subClassOf,owl:Thing
rc:ExampleBasedMachineTranslation,rdfs:subClassOf,rc:LinguisticTranslationProcess
rc:ExampleBasedMachineTranslation,rdfs:subClassOf,owl:Thing
rc:AccessingAFile,rdfs:subClassOf,rc:FileOperation
rc:AccessingAFile,rdfs:subClassOf,owl:Thing
rc:MusicalDrama,rdfs:subClassOf,rc:MusicalPerformance
rc:MusicalDrama,rdfs:subClassOf,owl:Thing
rc:Standard_Stream,rdfs:subClassOf,rc:DataStream
rc:Standard_Stream,rdfs:subClassOf,owl:Thing
rc:LesserAntilleanMusic,rdfs:subClassOf,rc:MusicByRegion
rc:LesserAntilleanMusic,rdfs:subClassOf,owl:Thing
rc:BehistunInscription,rdfs:subClassOf,rc:ElamiteLanguage
rc:BehistunInscription,rdfs:subClassOf,rc:Inscription
rc:BehistunInscription,rdfs:subClassOf,owl:Thing
rc:PlusSign_TheSymbol,rdfs:subClassOf,rc:MathematicalCharacter
rc:PlusSign_TheSymbol,rdfs:subClassOf,owl:Thing
rc:KamchadalLanguage,rdfs:subClassOf,rc:OtherLanguages
rc:KamchadalLanguage,rdfs:subClassOf,owl:Thing
rc:MilitaryDischargePaper,rdfs:subClassOf,rc:DischargePaper
rc:MilitaryDischargePaper,rdfs:subClassOf,rc:GovernmentDocument
rc:MilitaryDischargePaper,rdfs:subClassOf,owl:Thing
rc:TasmanianLanguage,rdfs:subClassOf,rc:OtherLanguages
rc:TasmanianLanguage,rdfs:subClassOf,owl:Thing
rc:TheoreticalBiology,rdfs:subClassOf,rc:Theories
rc:TheoreticalBiology,rdfs:subClassOf,owl:Thing
rc:ProtoIndoEuropeanLanguage,rdfs:subClassOf,rc:AncientLanguages
rc:ProtoIndoEuropeanLanguage,rdfs:subClassOf,owl:Thing
rc:SwedishLanguage,rdfs:subClassOf,rc:GermanicLanguages
rc:SwedishLanguage,rdfs:subClassOf,owl:Thing
rc:ManxMusic,rdfs:subClassOf,rc:MusicalComposition_Celtic
rc:ManxMusic,rdfs:subClassOf,owl:Thing
rc:Jargon,rdfs:subClassOf,rc:FormalityOfSpeech
rc:Jargon,rdfs:subClassOf,owl:Thing
rc:SculptureMaterial,rdfs:subClassOf,rc:Sculpture
rc:SculptureMaterial,rdfs:subClassOf,owl:Thing
rc:PaezLanguage,rdfs:subClassOf,rc:PanoanLanguages
rc:PaezLanguage,rdfs:subClassOf,owl:Thing
rc:HebrewLanguageName,rdfs:subClassOf,rc:NameConventionsByLanguage
rc:HebrewLanguageName,rdfs:subClassOf,owl:Thing
rc:Unit_PaperQuantity,rdfs:subClassOf,rc:SheetOfPaper
rc:Unit_PaperQuantity,rdfs:subClassOf,owl:Thing
rc:TibetoBurmanLanguages,rdfs:subClassOf,rc:SinoTibetanLanguages
rc:TibetoBurmanLanguages,rdfs:subClassOf,owl:Thing
rc:HumanNameString,rdfs:subClassOf,rc:ProperNameString
rc:HumanNameString,rdfs:subClassOf,owl:Thing
rc:FinancialOption,rdfs:subClassOf,rc:DerivativeSecurity
rc:FinancialOption,rdfs:subClassOf,rc:OptionTransactionAgreement
rc:FinancialOption,rdfs:subClassOf,owl:Thing
rc:FossilTaxon,rdfs:subClassOf,rc:Taxonomy
rc:FossilTaxon,rdfs:subClassOf,owl:Thing
rc:WesternIranianLanguage,rdfs:subClassOf,rc:IranianLanguages
rc:WesternIranianLanguage,rdfs:subClassOf,owl:Thing
rc:VisualizationComputerProgram,rdfs:subClassOf,rc:GraphicsEditingProgram
rc:VisualizationComputerProgram,rdfs:subClassOf,owl:Thing
rc:DeclarativeMood,rdfs:subClassOf,rc:InformationBearingObject
rc:DeclarativeMood,rdfs:subClassOf,owl:Thing
rc:Gmail_ComputerProgram,rdfs:subClassOf,rc:EMailProgram
rc:Gmail_ComputerProgram,rdfs:subClassOf,owl:Thing
rc:FictionWithAlternateEnding,rdfs:subClassOf,rc:PlotNarrative
rc:FictionWithAlternateEnding,rdfs:subClassOf,owl:Thing
rc:ExperimentalPop,rdfs:subClassOf,rc:PopMusicGenre
rc:ExperimentalPop,rdfs:subClassOf,owl:Thing
rc:Sitcom,rdfs:subClassOf,rc:TVSeriesProduct
rc:Sitcom,rdfs:subClassOf,owl:Thing
rc:HatsaLanguage,rdfs:subClassOf,rc:OtherLanguages
rc:HatsaLanguage,rdfs:subClassOf,owl:Thing
rc:BlueDischarge,rdfs:subClassOf,rc:MilitaryDischargePaper
rc:BlueDischarge,rdfs:subClassOf,owl:Thing
rc:WebMessageBoardProgram,rdfs:subClassOf,rc:InternetProgram
rc:WebMessageBoardProgram,rdfs:subClassOf,owl:Thing
rc:SomaliLanguage,rdfs:subClassOf,rc:CushiticLanguages
rc:SomaliLanguage,rdfs:subClassOf,owl:Thing
rc:MIDI,rdfs:subClassOf,rc:ComputerInterfaceConvention
rc:MIDI,rdfs:subClassOf,owl:Thing
rc:GraphicalCIS,rdfs:subClassOf,rc:ContextualizedInformationStructure
rc:GraphicalCIS,rdfs:subClassOf,rc:GraphicalStructure
rc:GraphicalCIS,rdfs:subClassOf,owl:Thing
rc:GalicianLanguage,rdfs:subClassOf,rc:RomanceLanguages
rc:GalicianLanguage,rdfs:subClassOf,owl:Thing
rc:InformationExchangeSoftware,rdfs:subClassOf,rc:Software
rc:InformationExchangeSoftware,rdfs:subClassOf,owl:Thing
rc:TechnoMusic,rdfs:subClassOf,rc:ElectronicMusic
rc:TechnoMusic,rdfs:subClassOf,owl:Thing
rc:Buzzword,rdfs:subClassOf,rc:Jargon
rc:Buzzword,rdfs:subClassOf,owl:Thing
rc:AnimeAndMangaTerminology,rdfs:subClassOf,rc:EntertainmentTerm
rc:AnimeAndMangaTerminology,rdfs:subClassOf,owl:Thing
rc:GrammariansOfCatalan,rdfs:subClassOf,rc:CatalanLanguage
rc:GrammariansOfCatalan,rdfs:subClassOf,owl:Thing
rc:Spade_TheSuit,rdfs:subClassOf,rc:PlayingCard
rc:Spade_TheSuit,rdfs:subClassOf,owl:Thing
rc:ArakaneseLanguage,rdfs:subClassOf,rc:TibetoBurmanLanguages
rc:ArakaneseLanguage,rdfs:subClassOf,owl:Thing
rc:Form_Entry,rdfs:subClassOf,rc:StructurallySpecificWork
rc:Form_Entry,rdfs:subClassOf,owl:Thing
rc:MoneyContainer,rdfs:subClassOf,rc:Money_DevisedPractice
rc:MoneyContainer,rdfs:subClassOf,owl:Thing
rc:StructuredMediaProduct,rdfs:subClassOf,rc:MediaProduct
rc:StructuredMediaProduct,rdfs:subClassOf,kko:StructuredInfo
rc:StructuredMediaProduct,rdfs:subClassOf,owl:Thing
rc:HebrewLanguageSurname,rdfs:subClassOf,rc:HumanSurname
rc:HebrewLanguageSurname,rdfs:subClassOf,owl:Thing
rc:DeclarativeProgrammingLanguage,rdfs:subClassOf,rc:ProgrammingLanguage
rc:DeclarativeProgrammingLanguage,rdfs:subClassOf,owl:Thing
rc:CollaborativeSoftwareForLinux,rdfs:subClassOf,rc:CollaborativeSoftware
rc:CollaborativeSoftwareForLinux,rdfs:subClassOf,owl:Thing
rc:TechnoGenre,rdfs:subClassOf,rc:MusicalComposition_Techno
rc:TechnoGenre,rdfs:subClassOf,rc:TechnoMusic
rc:TechnoGenre,rdfs:subClassOf,owl:Thing
rc:SiteNavigationElement,rdfs:subClassOf,rc:WebPage
rc:SiteNavigationElement,rdfs:subClassOf,owl:Thing
rc:PlattdeutschLanguage,rdfs:subClassOf,rc:GermanDialect
rc:PlattdeutschLanguage,rdfs:subClassOf,owl:Thing
rc:HonorableDischargeDocument,rdfs:subClassOf,rc:MilitaryDischargePaper
rc:HonorableDischargeDocument,rdfs:subClassOf,owl:Thing
rc:BasqueWordOrPhrase,rdfs:subClassOf,rc:WordOrPhraseByLanguage
rc:BasqueWordOrPhrase,rdfs:subClassOf,owl:Thing
rc:OptionToBuy,rdfs:subClassOf,rc:FinancialOption
rc:OptionToBuy,rdfs:subClassOf,owl:Thing
rc:Communication,rdfs:subClassOf,kko:Information
rc:Communication,rdfs:subClassOf,owl:Thing
rc:NoghayLanguage,rdfs:subClassOf,rc:TurkicLanguages
rc:NoghayLanguage,rdfs:subClassOf,owl:Thing
rc:StandingOrderForm,rdfs:subClassOf,rc:Form_Entry
rc:StandingOrderForm,rdfs:subClassOf,owl:Thing
rc:PsychiatricDiagnosis,rdfs:subClassOf,rc:MedicalDiagnosis
rc:PsychiatricDiagnosis,rdfs:subClassOf,owl:Thing
rc:InternetMarketing,rdfs:subClassOf,rc:WorldWideWeb_DynamicIndexedInfoSource
rc:InternetMarketing,rdfs:subClassOf,owl:Thing
rc:MIDIFile,rdfs:subClassOf,rc:ComputerSoundFile
rc:MIDIFile,rdfs:subClassOf,owl:Thing
rc:TrainEngineerLicense,rdfs:subClassOf,rc:TransportationLicense
rc:TrainEngineerLicense,rdfs:subClassOf,owl:Thing
rc:GraphicalSound,rdfs:subClassOf,rc:SyntheticSound
rc:GraphicalSound,rdfs:subClassOf,owl:Thing
rc:LeaseOption,rdfs:subClassOf,rc:TemporaryUserRightsAgreement
rc:LeaseOption,rdfs:subClassOf,owl:Thing
rc:MandarinChineseLanguage,rdfs:subClassOf,rc:ChineseLanguages
rc:MandarinChineseLanguage,rdfs:subClassOf,owl:Thing
rc:CzechDialect,rdfs:subClassOf,rc:LanguageDialect
rc:CzechDialect,rdfs:subClassOf,owl:Thing
rc:PersianDialectsAndVarieties,rdfs:subClassOf,rc:LanguageDialect
rc:PersianDialectsAndVarieties,rdfs:subClassOf,owl:Thing
rc:StructurallySpecificWork,rdfs:subClassOf,rc:StructuredMediaProduct
rc:StructurallySpecificWork,rdfs:subClassOf,owl:Thing
rc:MoodDisorder,rdfs:subClassOf,rc:PsychiatricDiagnosis
rc:MoodDisorder,rdfs:subClassOf,owl:Thing
rc:HumanFamilyNameString,rdfs:subClassOf,rc:HumanNameString
rc:HumanFamilyNameString,rdfs:subClassOf,owl:Thing
rc:RetractionNotice,rdfs:subClassOf,rc:Statement
rc:RetractionNotice,rdfs:subClassOf,owl:Thing
rc:ArtStyle,rdfs:subClassOf,rc:VisualArtsGenre
rc:ArtStyle,rdfs:subClassOf,owl:Thing
rc:ArtificialLanguage,rdfs:subClassOf,rc:Language
rc:ArtificialLanguage,rdfs:subClassOf,owl:Thing
rc:DayPlanner,rdfs:subClassOf,rc:Calendar_Document
rc:DayPlanner,rdfs:subClassOf,owl:Thing
rc:ContemporaryWorshipMusic,rdfs:subClassOf,rc:ChristianMusicGenre
rc:ContemporaryWorshipMusic,rdfs:subClassOf,owl:Thing
rc:PoliceMotuLanguage,rdfs:subClassOf,rc:CreoleAndPidginLanguages
rc:PoliceMotuLanguage,rdfs:subClassOf,owl:Thing
rc:InformationAccessType,rdfs:subClassOf,kko:Information
rc:InformationAccessType,rdfs:subClassOf,owl:Thing
rc:CallOption,rdfs:subClassOf,rc:OptionToBuy
rc:CallOption,rdfs:subClassOf,owl:Thing
rc:MoneyForgery,rdfs:subClassOf,rc:Money_DevisedPractice
rc:MoneyForgery,rdfs:subClassOf,owl:Thing
rc:PhotographAsArtForm,rdfs:subClassOf,rc:Photograph
rc:PhotographAsArtForm,rdfs:subClassOf,rc:TwoDimensionalArtObject
rc:PhotographAsArtForm,rdfs:subClassOf,owl:Thing
rc:NewsGroupServer,rdfs:subClassOf,rc:ComputerServer
rc:NewsGroupServer,rdfs:subClassOf,owl:Thing
rc:DirectDebitForm,rdfs:subClassOf,rc:StandingOrderForm
rc:DirectDebitForm,rdfs:subClassOf,owl:Thing
rc:HomeVideo,rdfs:subClassOf,rc:VideoRecordedObject
rc:HomeVideo,rdfs:subClassOf,owl:Thing
rc:PlaintextProtocol,rdfs:subClassOf,rc:MachineProtocol
rc:PlaintextProtocol,rdfs:subClassOf,rc:NetworkProtocol
rc:PlaintextProtocol,rdfs:subClassOf,owl:Thing
rc:ArtMovement,rdfs:subClassOf,rc:ArtStyle
rc:ArtMovement,rdfs:subClassOf,owl:Thing
rc:TheatricalGenre,rdfs:subClassOf,rc:VisualArtsGenre
rc:TheatricalGenre,rdfs:subClassOf,owl:Thing
rc:ProtoLanguage,rdfs:subClassOf,rc:NaturalLanguage
rc:ProtoLanguage,rdfs:subClassOf,owl:Thing
rc:NoteTakingSoftware,rdfs:subClassOf,rc:EducationalComputerProgram
rc:NoteTakingSoftware,rdfs:subClassOf,owl:Thing
rc:SecurityInformation,rdfs:subClassOf,rc:InformationAccessType
rc:SecurityInformation,rdfs:subClassOf,owl:Thing
rc:PastelDrawing,rdfs:subClassOf,rc:HardcopyInformationBearingObject
rc:PastelDrawing,rdfs:subClassOf,owl:Thing
rc:BookGeneric,rdfs:subClassOf,rc:PublishedConceptualWork
rc:BookGeneric,rdfs:subClassOf,owl:Thing
rc:LowFranconianLanguage,rdfs:subClassOf,rc:PlattdeutschLanguage
rc:LowFranconianLanguage,rdfs:subClassOf,owl:Thing
rc:MedicalSimulation,rdfs:subClassOf,rc:EducationalComputerProgram
rc:MedicalSimulation,rdfs:subClassOf,owl:Thing
rc:Instructions,rdfs:subClassOf,rc:StructurallySpecificWork
rc:Instructions,rdfs:subClassOf,owl:Thing
rc:WolofLanguage,rdfs:subClassOf,rc:AtlanticCongoLanguages
rc:WolofLanguage,rdfs:subClassOf,owl:Thing
rc:GalicianLanguageSurname,rdfs:subClassOf,rc:HumanSurname
rc:GalicianLanguageSurname,rdfs:subClassOf,owl:Thing
rc:Burlesque,rdfs:subClassOf,rc:TheatricalGenre
rc:Burlesque,rdfs:subClassOf,owl:Thing
rc:IndexedLoan,rdfs:subClassOf,rc:AdjustableRateLoan
rc:IndexedLoan,rdfs:subClassOf,rc:InstallmentLoan
rc:IndexedLoan,rdfs:subClassOf,owl:Thing
rc:LanguageMechanics,rdfs:subClassOf,rc:HumanLanguage
rc:LanguageMechanics,rdfs:subClassOf,owl:Thing
rc:ChildrensTelenovela,rdfs:subClassOf,rc:ChildrensTVShow
rc:ChildrensTelenovela,rdfs:subClassOf,owl:Thing
rc:SculptureOfZeus,rdfs:subClassOf,rc:Sculpture
rc:SculptureOfZeus,rdfs:subClassOf,owl:Thing
rc:CommunicationConvention,rdfs:subClassOf,rc:Communication
rc:CommunicationConvention,rdfs:subClassOf,owl:Thing
rc:ChineseWordOrPhrase,rdfs:subClassOf,rc:ChineseTopics
rc:ChineseWordOrPhrase,rdfs:subClassOf,rc:WordOrPhraseByLanguage
rc:ChineseWordOrPhrase,rdfs:subClassOf,owl:Thing
rc:MedicalImaging,rdfs:subClassOf,rc:Imaging
rc:MedicalImaging,rdfs:subClassOf,owl:Thing
rc:TheoreticalChemistry,rdfs:subClassOf,rc:Theories
rc:TheoreticalChemistry,rdfs:subClassOf,owl:Thing
rc:LandscapeArt,rdfs:subClassOf,rc:VisualArtsGenre
rc:LandscapeArt,rdfs:subClassOf,owl:Thing
rc:Backdoor_SecurityBypassInstructions,rdfs:subClassOf,rc:Instructions
rc:Backdoor_SecurityBypassInstructions,rdfs:subClassOf,rc:SecurityInformation
rc:Backdoor_SecurityBypassInstructions,rdfs:subClassOf,owl:Thing
rc:DualIndexedLoan,rdfs:subClassOf,rc:IndexedLoan
rc:DualIndexedLoan,rdfs:subClassOf,owl:Thing
rc:TuscaroraLanguage,rdfs:subClassOf,rc:IroquoianLanguages
rc:TuscaroraLanguage,rdfs:subClassOf,owl:Thing
rc:SignalEstimation,rdfs:subClassOf,rc:SignalProcessing
rc:SignalEstimation,rdfs:subClassOf,owl:Thing
rc:Protocol,rdfs:subClassOf,rc:Instructions
rc:Protocol,rdfs:subClassOf,owl:Thing
rc:CallRecording,rdfs:subClassOf,rc:RecordingOfWaveIBT
rc:CallRecording,rdfs:subClassOf,owl:Thing
rc:Semset,rdfs:subClassOf,rc:AlternativeLabel
rc:Semset,rdfs:subClassOf,owl:Thing
rc:DeclaringWar,rdfs:subClassOf,rc:AnnouncingSomething
rc:DeclaringWar,rdfs:subClassOf,owl:Thing
rc:SwedishLanguageTest,rdfs:subClassOf,rc:LanguageTests
rc:SwedishLanguageTest,rdfs:subClassOf,owl:Thing
rc:InternetMessageAccessProtocol,rdfs:subClassOf,rc:PlaintextProtocol
rc:InternetMessageAccessProtocol,rdfs:subClassOf,owl:Thing
rc:WritingSystem,rdfs:subClassOf,rc:CommunicationConvention
rc:WritingSystem,rdfs:subClassOf,owl:Thing
rc:HokanLanguage,rdfs:subClassOf,rc:SiouanLanguages
rc:HokanLanguage,rdfs:subClassOf,owl:Thing
rc:WebPageElement,rdfs:subClassOf,rc:WebPage
rc:WebPageElement,rdfs:subClassOf,owl:Thing
rc:MedicalSlang,rdfs:subClassOf,rc:Slang
rc:MedicalSlang,rdfs:subClassOf,owl:Thing
rc:Superstring,rdfs:subClassOf,rc:StringTheory
rc:Superstring,rdfs:subClassOf,owl:Thing
rc:CollaborativeWorkProgram,rdfs:subClassOf,rc:FileSystemManagementProgram
rc:CollaborativeWorkProgram,rdfs:subClassOf,rc:InteractiveComputerProgram
rc:CollaborativeWorkProgram,rdfs:subClassOf,owl:Thing
rc:YupikLanguage,rdfs:subClassOf,rc:EskimoAleutLanguages
rc:YupikLanguage,rdfs:subClassOf,owl:Thing
rc:GreekWordOrPhrase,rdfs:subClassOf,rc:WordOrPhraseByLanguage
rc:GreekWordOrPhrase,rdfs:subClassOf,owl:Thing
rc:Noise,rdfs:subClassOf,rc:Sound
rc:Noise,rdfs:subClassOf,owl:Thing
rc:EnglishWord,rdfs:subClassOf,rc:LexicalWord
rc:EnglishWord,rdfs:subClassOf,owl:Thing
rc:MachineProtocol,rdfs:subClassOf,rc:ProgramSpecification
rc:MachineProtocol,rdfs:subClassOf,rc:Protocol
rc:MachineProtocol,rdfs:subClassOf,owl:Thing
rc:CzechGrammar,rdfs:subClassOf,rc:LanguageGrammars
rc:CzechGrammar,rdfs:subClassOf,owl:Thing
rc:ChildrensTelevisionSeriesEpisodes,rdfs:subClassOf,rc:ChildrensTVShow
rc:ChildrensTelevisionSeriesEpisodes,rdfs:subClassOf,owl:Thing
rc:Crossword_IBO,rdfs:subClassOf,rc:Form_StandardizedIBO
rc:Crossword_IBO,rdfs:subClassOf,owl:Thing
rc:ManxWordOrPhrase,rdfs:subClassOf,rc:WordOrPhraseByLanguage
rc:ManxWordOrPhrase,rdfs:subClassOf,owl:Thing
rc:VideoArt,rdfs:subClassOf,rc:Art
rc:VideoArt,rdfs:subClassOf,rc:VideoRecordedObject
rc:VideoArt,rdfs:subClassOf,owl:Thing
rc:RuleOfGolf,rdfs:subClassOf,rc:Golf
rc:RuleOfGolf,rdfs:subClassOf,owl:Thing
rc:SomaliOrthography,rdfs:subClassOf,rc:LanguageOrthographies
rc:SomaliOrthography,rdfs:subClassOf,owl:Thing
rc:CriouloLanguage,rdfs:subClassOf,rc:CreoleAndPidginLanguages
rc:CriouloLanguage,rdfs:subClassOf,owl:Thing
rc:FormalGrammar,rdfs:subClassOf,rc:LanguageMechanics
rc:FormalGrammar,rdfs:subClassOf,rc:LinguisticObject
rc:FormalGrammar,rdfs:subClassOf,rc:WritingSystem
rc:FormalGrammar,rdfs:subClassOf,owl:Thing
rc:MIMEFile,rdfs:subClassOf,rc:ComputerFileTypeByFormat
rc:MIMEFile,rdfs:subClassOf,owl:Thing
rc:DualIndexedMortgage,rdfs:subClassOf,rc:AdjustableRateMortgage
rc:DualIndexedMortgage,rdfs:subClassOf,rc:DualIndexedLoan
rc:DualIndexedMortgage,rdfs:subClassOf,owl:Thing
rc:BikolLanguage,rdfs:subClassOf,rc:MalayoPolynesianLanguages
rc:BikolLanguage,rdfs:subClassOf,owl:Thing
rc:Curse,rdfs:subClassOf,rc:LinguisticObject
rc:Curse,rdfs:subClassOf,owl:Thing
rc:HanukkahMusic,rdfs:subClassOf,rc:MusicalComposition_Religious
rc:HanukkahMusic,rdfs:subClassOf,owl:Thing
rc:SocialNetworkingSite,rdfs:subClassOf,rc:InternetProgram
rc:SocialNetworkingSite,rdfs:subClassOf,owl:Thing
rc:InformationManagement,rdfs:subClassOf,rc:InformationSystem
rc:InformationManagement,rdfs:subClassOf,owl:Thing
rc:JapaneseName,rdfs:subClassOf,rc:JapaneseLanguage
rc:JapaneseName,rdfs:subClassOf,owl:Thing
rc:HousePlan,rdfs:subClassOf,rc:ArchitecturalPlan
rc:HousePlan,rdfs:subClassOf,owl:Thing
rc:AlphabeticWriting,rdfs:subClassOf,rc:WritingSystem
rc:AlphabeticWriting,rdfs:subClassOf,owl:Thing
rc:AnimeInfluencedAnimation,rdfs:subClassOf,rc:Anime
rc:AnimeInfluencedAnimation,rdfs:subClassOf,owl:Thing
rc:SenagiLanguage,rdfs:subClassOf,rc:PapuanLanguageGrouping
rc:SenagiLanguage,rdfs:subClassOf,owl:Thing
rc:AymaraLanguage,rdfs:subClassOf,rc:ArawakanLanguages
rc:AymaraLanguage,rdfs:subClassOf,owl:Thing
rc:PlayingCard,rdfs:subClassOf,rc:Card
rc:PlayingCard,rdfs:subClassOf,owl:Thing
rc:TupiLanguage,rdfs:subClassOf,rc:TupianLanguages
rc:TupiLanguage,rdfs:subClassOf,owl:Thing
rc:Facebook,rdfs:subClassOf,rc:SocialNetworkingSite
rc:Facebook,rdfs:subClassOf,owl:Thing
rc:AGPBusProtocol,rdfs:subClassOf,rc:MachineProtocol
rc:AGPBusProtocol,rdfs:subClassOf,owl:Thing
rc:MedicalEvaluationWithImaging,rdfs:subClassOf,rc:MedicalImaging
rc:MedicalEvaluationWithImaging,rdfs:subClassOf,owl:Thing
rc:NewsShow,rdfs:subClassOf,rc:InformativeTVShow
rc:NewsShow,rdfs:subClassOf,owl:Thing
rc:HomeVideoGameConsole,rdfs:subClassOf,rc:VideoGameSystem
rc:HomeVideoGameConsole,rdfs:subClassOf,owl:Thing
rc:EnglishWordOrPhrase,rdfs:subClassOf,rc:EnglishTopics
rc:EnglishWordOrPhrase,rdfs:subClassOf,rc:WordOrPhraseByLanguage
rc:EnglishWordOrPhrase,rdfs:subClassOf,owl:Thing
rc:KazakhLanguage,rdfs:subClassOf,rc:TurkicLanguages
rc:KazakhLanguage,rdfs:subClassOf,owl:Thing
rc:FormalLanguage,rdfs:subClassOf,rc:FormalGrammar
rc:FormalLanguage,rdfs:subClassOf,owl:Thing
rc:SegaGenesis,rdfs:subClassOf,rc:HomeVideoGameMachine
rc:SegaGenesis,rdfs:subClassOf,owl:Thing
rc:SrananLanguage,rdfs:subClassOf,rc:CreoleAndPidginLanguages
rc:SrananLanguage,rdfs:subClassOf,owl:Thing
rc:NoteValue,rdfs:subClassOf,rc:MusicalNotation_General
rc:NoteValue,rdfs:subClassOf,owl:Thing
kko:Information,rdfs:subClassOf,owl:Thing
rc:TheoreticalPhysics,rdfs:subClassOf,rc:Theories
rc:TheoreticalPhysics,rdfs:subClassOf,owl:Thing
rc:NewsMagazineShow,rdfs:subClassOf,rc:NewsShow
rc:NewsMagazineShow,rdfs:subClassOf,owl:Thing
rc:MooingSound,rdfs:subClassOf,rc:AnimalSound
rc:MooingSound,rdfs:subClassOf,owl:Thing
rc:ProtoSlavicLanguage,rdfs:subClassOf,rc:SlavicLanguages
rc:ProtoSlavicLanguage,rdfs:subClassOf,owl:Thing
rc:BibliographicDatabaseAndIndex,rdfs:subClassOf,rc:Database_AbstractContent
rc:BibliographicDatabaseAndIndex,rdfs:subClassOf,owl:Thing
rc:EyeChart,rdfs:subClassOf,rc:StationarySign
rc:EyeChart,rdfs:subClassOf,owl:Thing
rc:AramaicLanguage,rdfs:subClassOf,rc:AncientLanguages
rc:AramaicLanguage,rdfs:subClassOf,owl:Thing
rc:HiddenVariableTheory,rdfs:subClassOf,rc:QuantumMechanics
rc:HiddenVariableTheory,rdfs:subClassOf,owl:Thing
rc:MagneticResonanceImaging,rdfs:subClassOf,rc:MedicalEvaluationWithImaging
rc:MagneticResonanceImaging,rdfs:subClassOf,owl:Thing
rc:PoliceReport,rdfs:subClassOf,rc:OfficialDocument
rc:PoliceReport,rdfs:subClassOf,owl:Thing
rc:Informing,rdfs:subClassOf,rc:InformationBearingThing
rc:Informing,rdfs:subClassOf,owl:Thing
rc:InternetMovieDatabase,rdfs:subClassOf,rc:ReferenceWebSite
rc:InternetMovieDatabase,rdfs:subClassOf,owl:Thing
rc:DeadScripts,rdfs:subClassOf,rc:DeadLanguage
rc:DeadScripts,rdfs:subClassOf,owl:Thing
rc:List_Information,rdfs:subClassOf,rc:GraphicalStructure
rc:List_Information,rdfs:subClassOf,rc:TextualMaterial
rc:List_Information,rdfs:subClassOf,owl:Thing
rc:HebrewManuscript,rdfs:subClassOf,rc:Manuscript
rc:HebrewManuscript,rdfs:subClassOf,owl:Thing
rc:CharacterSet,rdfs:subClassOf,rc:CommunicationConvention
rc:CharacterSet,rdfs:subClassOf,owl:Thing
rc:CentralAtlasTamazight,rdfs:subClassOf,rc:BerberLanguages
rc:CentralAtlasTamazight,rdfs:subClassOf,owl:Thing
rc:ChichimecaLanguage,rdfs:subClassOf,rc:UtoAztecanLanguages
rc:ChichimecaLanguage,rdfs:subClassOf,owl:Thing
rc:TrainTicket,rdfs:subClassOf,rc:Ticket
rc:TrainTicket,rdfs:subClassOf,owl:Thing
rc:PequotLanguage,rdfs:subClassOf,rc:AlgonquianLanguages
rc:PequotLanguage,rdfs:subClassOf,owl:Thing
rc:GraphicsAcceleratorCard,rdfs:subClassOf,rc:ComputerGraphicsBoard
rc:GraphicsAcceleratorCard,rdfs:subClassOf,owl:Thing
rc:ArtificialLanguage_Formal,rdfs:subClassOf,rc:ArtificialLanguage
rc:ArtificialLanguage_Formal,rdfs:subClassOf,rc:FormalLanguage
rc:ArtificialLanguage_Formal,rdfs:subClassOf,owl:Thing
rc:ChineseWriting,rdfs:subClassOf,rc:ChineseTopics
rc:ChineseWriting,rdfs:subClassOf,rc:WritingSystem
rc:ChineseWriting,rdfs:subClassOf,owl:Thing
rc:WebPortal,rdfs:subClassOf,rc:WebSite
rc:WebPortal,rdfs:subClassOf,owl:Thing
rc:BibliographicReference,rdfs:subClassOf,rc:TextString
rc:BibliographicReference,rdfs:subClassOf,owl:Thing
rc:Gandingan,rdfs:subClassOf,rc:Kulintang
rc:Gandingan,rdfs:subClassOf,owl:Thing
rc:Languages,rdfs:subClassOf,rc:CommunicationConvention
rc:Languages,rdfs:subClassOf,owl:Thing
rc:ReflexivePronoun,rdfs:subClassOf,rc:Pronoun
rc:ReflexivePronoun,rdfs:subClassOf,owl:Thing
rc:SculptureTerm,rdfs:subClassOf,rc:TechnicalTerminology
rc:SculptureTerm,rdfs:subClassOf,owl:Thing
rc:GalicianMusic,rdfs:subClassOf,rc:MusicByRegion
rc:GalicianMusic,rdfs:subClassOf,owl:Thing
rc:EastPapuanLanguage,rdfs:subClassOf,rc:PapuanLanguageGrouping
rc:EastPapuanLanguage,rdfs:subClassOf,owl:Thing
rc:AttributingResponsibility,rdfs:subClassOf,rc:Informing
rc:AttributingResponsibility,rdfs:subClassOf,owl:Thing
rc:AnatolianInscription,rdfs:subClassOf,rc:DeadScripts
rc:AnatolianInscription,rdfs:subClassOf,rc:Inscription
rc:AnatolianInscription,rdfs:subClassOf,owl:Thing
rc:LunisolarCalendar,rdfs:subClassOf,rc:CalendarSystem
rc:LunisolarCalendar,rdfs:subClassOf,owl:Thing
rc:Phoneme,rdfs:subClassOf,rc:LinguisticObject
rc:Phoneme,rdfs:subClassOf,owl:Thing
rc:DialectsOfItalian,rdfs:subClassOf,rc:LanguageDialect
rc:DialectsOfItalian,rdfs:subClassOf,owl:Thing
rc:Declension,rdfs:subClassOf,rc:FormalGrammar
rc:Declension,rdfs:subClassOf,owl:Thing
rc:KamiaLanguage,rdfs:subClassOf,rc:OtherAmericanLanguages
rc:KamiaLanguage,rdfs:subClassOf,owl:Thing
rc:MalayBasedPidginsAndCreole,rdfs:subClassOf,rc:PidginLanguage
rc:MalayBasedPidginsAndCreole,rdfs:subClassOf,owl:Thing
rc:MusicalImprovisation,rdfs:subClassOf,rc:MusicalComposition
rc:MusicalImprovisation,rdfs:subClassOf,owl:Thing
rc:Note_Document,rdfs:subClassOf,rc:Commentary
rc:Note_Document,rdfs:subClassOf,owl:Thing
rc:LowGermanGivenName,rdfs:subClassOf,rc:HumanGivenName
rc:LowGermanGivenName,rdfs:subClassOf,rc:PlattdeutschLanguage
rc:LowGermanGivenName,rdfs:subClassOf,owl:Thing
rc:Supersymmetry,rdfs:subClassOf,rc:QuantumFieldTheory
rc:Supersymmetry,rdfs:subClassOf,owl:Thing
rc:ComputerFileTypeByApplication,rdfs:subClassOf,rc:ComputerFile
rc:ComputerFileTypeByApplication,rdfs:subClassOf,owl:Thing
rc:TheoryOfAging,rdfs:subClassOf,rc:Theories
rc:TheoryOfAging,rdfs:subClassOf,owl:Thing
rc:ChildrensWebSite,rdfs:subClassOf,rc:WebSite
rc:ChildrensWebSite,rdfs:subClassOf,owl:Thing
rc:LightMusic,rdfs:subClassOf,rc:ClassicalMusic
rc:LightMusic,rdfs:subClassOf,owl:Thing
rc:WesternLombardLanguage,rdfs:subClassOf,rc:ItalicLanguages
rc:WesternLombardLanguage,rdfs:subClassOf,owl:Thing
rc:HaidaLanguage,rdfs:subClassOf,rc:OtherAmericanLanguages
rc:HaidaLanguage,rdfs:subClassOf,owl:Thing
rc:B_Movie,rdfs:subClassOf,rc:Movie
rc:B_Movie,rdfs:subClassOf,owl:Thing
rc:RoaringSound,rdfs:subClassOf,rc:AnimalSound
rc:RoaringSound,rdfs:subClassOf,owl:Thing
rc:NimboranLanguage,rdfs:subClassOf,rc:PapuanLanguageGrouping
rc:NimboranLanguage,rdfs:subClassOf,owl:Thing
rc:Lista_de_Espera,rdfs:subClassOf,rc:Movie
rc:Lista_de_Espera,rdfs:subClassOf,owl:Thing
rc:BuddhistMusic,rdfs:subClassOf,rc:MusicalComposition_Religious
rc:BuddhistMusic,rdfs:subClassOf,owl:Thing
rc:Accusing,rdfs:subClassOf,rc:AttributingResponsibility
rc:Accusing,rdfs:subClassOf,owl:Thing
rc:SignalProcessingMetric,rdfs:subClassOf,rc:SignalProcessing
rc:SignalProcessingMetric,rdfs:subClassOf,owl:Thing
rc:Club_TheSuit,rdfs:subClassOf,rc:PlayingCard
rc:Club_TheSuit,rdfs:subClassOf,owl:Thing
rc:HealthcareSoftware,rdfs:subClassOf,rc:BusinessComputerProgram
rc:HealthcareSoftware,rdfs:subClassOf,owl:Thing
rc:PeriodicalCopy,rdfs:subClassOf,rc:BooksAndMagazinesMarketCategory
rc:PeriodicalCopy,rdfs:subClassOf,rc:InformationBearingObject
rc:PeriodicalCopy,rdfs:subClassOf,rc:PublishedIBT
rc:PeriodicalCopy,rdfs:subClassOf,rc:TextualMaterial
rc:PeriodicalCopy,rdfs:subClassOf,rc:WrittenMediaProduct
rc:PeriodicalCopy,rdfs:subClassOf,owl:Thing
rc:NauticalChart,rdfs:subClassOf,rc:BathymetricMap
rc:NauticalChart,rdfs:subClassOf,owl:Thing
rc:HebrewTypeface,rdfs:subClassOf,rc:HebrewLetter
rc:HebrewTypeface,rdfs:subClassOf,rc:UnicodeTypeface
rc:HebrewTypeface,rdfs:subClassOf,owl:Thing
rc:MIMEStandard,rdfs:subClassOf,rc:CommunicationProtocol
rc:MIMEStandard,rdfs:subClassOf,owl:Thing
rc:OpenSourceComputerProgram,rdfs:subClassOf,rc:ComputerProgramByLicense
rc:OpenSourceComputerProgram,rdfs:subClassOf,owl:Thing
rc:SimpleMailTransferProtocol,rdfs:subClassOf,rc:PlaintextProtocol
rc:SimpleMailTransferProtocol,rdfs:subClassOf,owl:Thing
rc:CharacterStringToken,rdfs:subClassOf,rc:HumanAccessibleIBT
rc:CharacterStringToken,rdfs:subClassOf,owl:Thing
rc:WebRing,rdfs:subClassOf,rc:InternetInformation
rc:WebRing,rdfs:subClassOf,owl:Thing
rc:MohaveLanguage,rdfs:subClassOf,rc:AthabascanLanguages
rc:MohaveLanguage,rdfs:subClassOf,owl:Thing
rc:CoosanLanguage,rdfs:subClassOf,rc:RecentExtinctLanguages
rc:CoosanLanguage,rdfs:subClassOf,owl:Thing
rc:GrammaticalCategory,rdfs:subClassOf,rc:FormalGrammar
rc:GrammaticalCategory,rdfs:subClassOf,owl:Thing
rc:ArmenianDialect,rdfs:subClassOf,rc:LanguageDialect
rc:ArmenianDialect,rdfs:subClassOf,owl:Thing
rc:StandingOrderForm_IBO,rdfs:subClassOf,rc:Form_StandardizedIBO
rc:StandingOrderForm_IBO,rdfs:subClassOf,owl:Thing
rc:TamilWriting,rdfs:subClassOf,rc:WritingSystem
rc:TamilWriting,rdfs:subClassOf,owl:Thing
rc:GalicianWordOrPhrase,rdfs:subClassOf,rc:WordOrPhraseByLanguage
rc:GalicianWordOrPhrase,rdfs:subClassOf,owl:Thing
rc:HumanFemaleGivenName,rdfs:subClassOf,rc:HumanGivenName
rc:HumanFemaleGivenName,rdfs:subClassOf,owl:Thing
rc:AlphabeticalList,rdfs:subClassOf,rc:List_Information
rc:AlphabeticalList,rdfs:subClassOf,owl:Thing
rc:PersianGulfMusic,rdfs:subClassOf,rc:MusicByRegion
rc:PersianGulfMusic,rdfs:subClassOf,owl:Thing
rc:Consonant,rdfs:subClassOf,rc:Phoneme
rc:Consonant,rdfs:subClassOf,owl:Thing
rc:MusicTypeByGenre,rdfs:subClassOf,rc:Music
rc:MusicTypeByGenre,rdfs:subClassOf,owl:Thing
rc:VisualMark,rdfs:subClassOf,rc:VisualInformationBearingThing
rc:VisualMark,rdfs:subClassOf,owl:Thing
rc:TechnoMusicalPerformance,rdfs:subClassOf,rc:MusicalPerformance
rc:TechnoMusicalPerformance,rdfs:subClassOf,owl:Thing
rc:BreakingBad,rdfs:subClassOf,rc:TVSeriesProduct
rc:BreakingBad,rdfs:subClassOf,owl:Thing
rc:SimpleNetworkManagementProtocol,rdfs:subClassOf,rc:NetworkProtocol
rc:SimpleNetworkManagementProtocol,rdfs:subClassOf,owl:Thing
rc:RhymingDictionary,rdfs:subClassOf,rc:Dictionary
rc:RhymingDictionary,rdfs:subClassOf,owl:Thing
rc:ConceptualWork_AnimeGenre,rdfs:subClassOf,rc:ConceptualWork_AnimationGenre
rc:ConceptualWork_AnimeGenre,rdfs:subClassOf,owl:Thing
rc:CursorGUIComponent,rdfs:subClassOf,rc:SymbolicThing
rc:CursorGUIComponent,rdfs:subClassOf,rc:VisualImage
rc:CursorGUIComponent,rdfs:subClassOf,owl:Thing
rc:NoiseReduction,rdfs:subClassOf,rc:AudibleSound
rc:NoiseReduction,rdfs:subClassOf,owl:Thing
rc:FreeApplicationSoftware,rdfs:subClassOf,rc:Freeware
rc:FreeApplicationSoftware,rdfs:subClassOf,rc:UserProgram
rc:FreeApplicationSoftware,rdfs:subClassOf,owl:Thing
rc:Pronoun,rdfs:subClassOf,rc:ClosedClassWord
rc:Pronoun,rdfs:subClassOf,rc:Noun
rc:Pronoun,rdfs:subClassOf,owl:Thing
rc:MaoLanguage,rdfs:subClassOf,rc:SinoTibetanLanguages
rc:MaoLanguage,rdfs:subClassOf,owl:Thing
rc:NewCarLoan,rdfs:subClassOf,rc:CarLoan
rc:NewCarLoan,rdfs:subClassOf,owl:Thing
rc:UmbrianLanguage,rdfs:subClassOf,rc:AncientLanguages
rc:UmbrianLanguage,rdfs:subClassOf,owl:Thing
rc:TelevisionSketchShow,rdfs:subClassOf,rc:Sketch
rc:TelevisionSketchShow,rdfs:subClassOf,owl:Thing
rc:Graphic_VisualIBT,rdfs:subClassOf,rc:StillImageSource
rc:Graphic_VisualIBT,rdfs:subClassOf,owl:Thing
rc:AnimeMovie,rdfs:subClassOf,rc:AnimatedMovie
rc:AnimeMovie,rdfs:subClassOf,rc:Anime
rc:AnimeMovie,rdfs:subClassOf,rc:ConceptualWork_AnimeGenre
rc:AnimeMovie,rdfs:subClassOf,owl:Thing
rc:BoardGameProgram,rdfs:subClassOf,rc:ComputerGameProgram
rc:BoardGameProgram,rdfs:subClassOf,owl:Thing
rc:FreeAccountingSoftware,rdfs:subClassOf,rc:AccountingProgram
rc:FreeAccountingSoftware,rdfs:subClassOf,rc:FreeApplicationSoftware
rc:FreeAccountingSoftware,rdfs:subClassOf,owl:Thing
rc:IceHockeyCollectible,rdfs:subClassOf,rc:IceHockey
rc:IceHockeyCollectible,rdfs:subClassOf,owl:Thing
rc:DualPronoun,rdfs:subClassOf,rc:Pronoun
rc:DualPronoun,rdfs:subClassOf,owl:Thing
rc:XhosaLanguage,rdfs:subClassOf,rc:BantuLanguages
rc:XhosaLanguage,rdfs:subClassOf,owl:Thing
rc:DirectDebitForm_IBO,rdfs:subClassOf,rc:StandingOrderForm_IBO
rc:DirectDebitForm_IBO,rdfs:subClassOf,owl:Thing
rc:MoonInArt,rdfs:subClassOf,rc:ArtSubject
rc:MoonInArt,rdfs:subClassOf,owl:Thing
rc:Affricative_Consonant,rdfs:subClassOf,rc:Consonant
rc:Affricative_Consonant,rdfs:subClassOf,owl:Thing
rc:DentalPracticeManagementSoftware,rdfs:subClassOf,rc:HealthcareSoftware
rc:DentalPracticeManagementSoftware,rdfs:subClassOf,owl:Thing
rc:CharacterStringToken_Inscribed,rdfs:subClassOf,rc:CharacterStringToken
rc:CharacterStringToken_Inscribed,rdfs:subClassOf,rc:HumanAccessibleIBO
rc:CharacterStringToken_Inscribed,rdfs:subClassOf,rc:VisualMark
rc:CharacterStringToken_Inscribed,rdfs:subClassOf,owl:Thing
rc:KazakhLanguageSurname,rdfs:subClassOf,rc:HumanSurname
rc:KazakhLanguageSurname,rdfs:subClassOf,owl:Thing
rc:AramaicWriting,rdfs:subClassOf,rc:WritingSystem
rc:AramaicWriting,rdfs:subClassOf,owl:Thing
rc:Loan_WrittenLegalAgreement,rdfs:subClassOf,rc:LoanAgreement
rc:Loan_WrittenLegalAgreement,rdfs:subClassOf,rc:WrittenLegalAgreement
rc:Loan_WrittenLegalAgreement,rdfs:subClassOf,owl:Thing
rc:SoulMusic,rdfs:subClassOf,rc:MusicTypeByGenre
rc:SoulMusic,rdfs:subClassOf,owl:Thing
rc:MobileBusinessSoftware,rdfs:subClassOf,rc:BusinessComputerProgram
rc:MobileBusinessSoftware,rdfs:subClassOf,owl:Thing
rc:MusicalPerformance,rdfs:subClassOf,rc:InformationBearingPerformance
rc:MusicalPerformance,rdfs:subClassOf,owl:Thing
rc:YurokLanguage,rdfs:subClassOf,rc:OtherAmericanLanguages
rc:YurokLanguage,rdfs:subClassOf,owl:Thing
rc:NegativePolarityItem,rdfs:subClassOf,rc:LinguisticObject
rc:NegativePolarityItem,rdfs:subClassOf,owl:Thing
rc:StillImage,rdfs:subClassOf,rc:VisualImage
rc:StillImage,rdfs:subClassOf,owl:Thing
rc:ArtificialLanguage_Informal,rdfs:subClassOf,rc:ArtificialLanguage
rc:ArtificialLanguage_Informal,rdfs:subClassOf,owl:Thing
rc:Newspaper,rdfs:subClassOf,rc:PeriodicalCopy
rc:Newspaper,rdfs:subClassOf,rc:PrintedPublication
rc:Newspaper,rdfs:subClassOf,owl:Thing
rc:Brown_eyedSoul,rdfs:subClassOf,rc:MusicTypeOpenGenre
rc:Brown_eyedSoul,rdfs:subClassOf,rc:SoulMusic
rc:Brown_eyedSoul,rdfs:subClassOf,owl:Thing
rc:TheoryOfConstraints,rdfs:subClassOf,rc:Theories
rc:TheoryOfConstraints,rdfs:subClassOf,owl:Thing
rc:PoliceReport_CW,rdfs:subClassOf,rc:WrittenReportOnSituation
rc:PoliceReport_CW,rdfs:subClassOf,owl:Thing
rc:ComputerGameProgram_ActionAdventure,rdfs:subClassOf,rc:ComputerGameProgram
rc:ComputerGameProgram_ActionAdventure,rdfs:subClassOf,owl:Thing
rc:AlternativeMusicPerformance,rdfs:subClassOf,rc:MusicalPerformance
rc:AlternativeMusicPerformance,rdfs:subClassOf,owl:Thing
rc:MortgageLoan,rdfs:subClassOf,rc:RealEstateLoan
rc:MortgageLoan,rdfs:subClassOf,owl:Thing
rc:DialectsOfPunjabi,rdfs:subClassOf,rc:LanguageDialect
rc:DialectsOfPunjabi,rdfs:subClassOf,owl:Thing
rc:DownloadingAFile,rdfs:subClassOf,rc:AccessingAFile
rc:DownloadingAFile,rdfs:subClassOf,owl:Thing
rc:MalayDialect,rdfs:subClassOf,rc:LanguageDialect
rc:MalayDialect,rdfs:subClassOf,owl:Thing
rc:SheepInArt,rdfs:subClassOf,rc:ArtSubject
rc:SheepInArt,rdfs:subClassOf,owl:Thing
rc:TamilBrahmiScript,rdfs:subClassOf,rc:TamilWriting
rc:TamilBrahmiScript,rdfs:subClassOf,owl:Thing
rc:CharacterStringToken_Serial,rdfs:subClassOf,rc:CharacterStringToken
rc:CharacterStringToken_Serial,rdfs:subClassOf,owl:Thing
rc:Kulintang,rdfs:subClassOf,rc:MusicTypeByGenre
rc:Kulintang,rdfs:subClassOf,owl:Thing
rc:RealEstateLoan,rdfs:subClassOf,rc:LoanAgreement
rc:RealEstateLoan,rdfs:subClassOf,owl:Thing
rc:Bibliography,rdfs:subClassOf,rc:ReferenceWork
rc:Bibliography,rdfs:subClassOf,owl:Thing
rc:LandscapeImage,rdfs:subClassOf,rc:StillImage
rc:LandscapeImage,rdfs:subClassOf,owl:Thing
rc:AnatolianLanguage,rdfs:subClassOf,rc:AncientLanguages
rc:AnatolianLanguage,rdfs:subClassOf,owl:Thing
rc:ShippingAddress,rdfs:subClassOf,rc:MailingAddress
rc:ShippingAddress,rdfs:subClassOf,owl:Thing
rc:BulgarianTopics,rdfs:subClassOf,rc:LanguageSpecificTopics
rc:BulgarianTopics,rdfs:subClassOf,owl:Thing
rc:ChinookLanguage,rdfs:subClassOf,rc:RecentExtinctLanguages
rc:ChinookLanguage,rdfs:subClassOf,owl:Thing
rc:RamseyTheory,rdfs:subClassOf,rc:MathematicalOrdering
rc:RamseyTheory,rdfs:subClassOf,owl:Thing
rc:HebrewWordOrPhrase,rdfs:subClassOf,rc:WordOrPhraseByLanguage
rc:HebrewWordOrPhrase,rdfs:subClassOf,owl:Thing
rc:SwedishName,rdfs:subClassOf,rc:NameConventionsByLanguage
rc:SwedishName,rdfs:subClassOf,owl:Thing
rc:AudibleMedicalSign,rdfs:subClassOf,rc:Sound
rc:AudibleMedicalSign,rdfs:subClassOf,owl:Thing
rc:Note_Mortgage,rdfs:subClassOf,rc:FinancialDocument
rc:Note_Mortgage,rdfs:subClassOf,rc:OfficialDocument
rc:Note_Mortgage,rdfs:subClassOf,owl:Thing
rc:WebScience,rdfs:subClassOf,rc:WorldWideWeb_DynamicIndexedInfoSource
rc:WebScience,rdfs:subClassOf,owl:Thing
rc:Map,rdfs:subClassOf,rc:VisualArtifact
rc:Map,rdfs:subClassOf,owl:Thing
rc:CzechLanguage,rdfs:subClassOf,rc:SlavicLanguages
rc:CzechLanguage,rdfs:subClassOf,owl:Thing
rc:MagneticSign,rdfs:subClassOf,rc:Signage
rc:MagneticSign,rdfs:subClassOf,owl:Thing
rc:VideoCassetteRecording,rdfs:subClassOf,rc:VisualImageRecording
rc:VideoCassetteRecording,rdfs:subClassOf,owl:Thing
rc:HausaLanguage,rdfs:subClassOf,rc:ChadicLanguages
rc:HausaLanguage,rdfs:subClassOf,owl:Thing
rc:TextMarking,rdfs:subClassOf,rc:VisualMark
rc:TextMarking,rdfs:subClassOf,owl:Thing
rc:AvestanLanguage,rdfs:subClassOf,rc:ClassicMedievalLanguages
rc:AvestanLanguage,rdfs:subClassOf,owl:Thing
rc:Agung,rdfs:subClassOf,rc:Kulintang
rc:Agung,rdfs:subClassOf,owl:Thing
rc:Lien,rdfs:subClassOf,rc:TemporaryUserRightsAgreement
rc:Lien,rdfs:subClassOf,owl:Thing
rc:QiangicLanguage,rdfs:subClassOf,rc:SinoTibetanLanguages
rc:QiangicLanguage,rdfs:subClassOf,owl:Thing
rc:TurkicTopics,rdfs:subClassOf,rc:LanguageSpecificTopics
rc:TurkicTopics,rdfs:subClassOf,owl:Thing
rc:DialectsOfRomani,rdfs:subClassOf,rc:LanguageDialect
rc:DialectsOfRomani,rdfs:subClassOf,owl:Thing
rc:BackgammonProgram,rdfs:subClassOf,rc:BoardGameProgram
rc:BackgammonProgram,rdfs:subClassOf,owl:Thing
rc:TzeltalLanguage,rdfs:subClassOf,rc:MayanLanguages
rc:TzeltalLanguage,rdfs:subClassOf,owl:Thing
rc:PerformanceArt,rdfs:subClassOf,rc:Art
rc:PerformanceArt,rdfs:subClassOf,owl:Thing
rc:TatarLanguage,rdfs:subClassOf,rc:TasmanianLanguage
rc:TatarLanguage,rdfs:subClassOf,rc:TurkicLanguages
rc:TatarLanguage,rdfs:subClassOf,owl:Thing
rc:ArrangersOfChurchMusic,rdfs:subClassOf,rc:MusicalComposition_Christian
rc:ArrangersOfChurchMusic,rdfs:subClassOf,owl:Thing
rc:BandaLanguage,rdfs:subClassOf,rc:AtlanticCongoLanguages
rc:BandaLanguage,rdfs:subClassOf,owl:Thing
rc:GrammaticalConjugation,rdfs:subClassOf,rc:FormalGrammar
rc:GrammaticalConjugation,rdfs:subClassOf,owl:Thing
rc:ComedyTelevisionNetwork,rdfs:subClassOf,rc:ComedyTVShow
rc:ComedyTelevisionNetwork,rdfs:subClassOf,owl:Thing
rc:IndustryClassification,rdfs:subClassOf,rc:ClassificationSystem
rc:IndustryClassification,rdfs:subClassOf,owl:Thing
rc:AnatolianLanguages,rdfs:subClassOf,rc:IndoEuropeanLanguages
rc:AnatolianLanguages,rdfs:subClassOf,owl:Thing
rc:VisualWork,rdfs:subClassOf,kko:VisualInfo
rc:VisualWork,rdfs:subClassOf,owl:Thing
rc:MalayLanguage,rdfs:subClassOf,rc:MalayoPolynesianLanguages
rc:MalayLanguage,rdfs:subClassOf,owl:Thing
rc:AlphabetsUsedByTurkicLanguages,rdfs:subClassOf,rc:TurkicTopics
rc:AlphabetsUsedByTurkicLanguages,rdfs:subClassOf,owl:Thing
rc:PersianInscription,rdfs:subClassOf,rc:Inscription
rc:PersianInscription,rdfs:subClassOf,owl:Thing
rc:Engraving,rdfs:subClassOf,rc:Graphic_VisualIBT
rc:Engraving,rdfs:subClassOf,rc:HardcopyInformationBearingObject
rc:Engraving,rdfs:subClassOf,rc:TwoDimensionalArtObject
rc:Engraving,rdfs:subClassOf,owl:Thing
rc:Newscast,rdfs:subClassOf,rc:NewsShow
rc:Newscast,rdfs:subClassOf,owl:Thing
rc:ChristmasOnstage,rdfs:subClassOf,rc:PerformanceArt
rc:ChristmasOnstage,rdfs:subClassOf,owl:Thing
rc:WrittenCharacterSequence,rdfs:subClassOf,rc:CharacterStringToken_Inscribed
rc:WrittenCharacterSequence,rdfs:subClassOf,rc:CharacterStringToken_Serial
rc:WrittenCharacterSequence,rdfs:subClassOf,rc:TextMarking
rc:WrittenCharacterSequence,rdfs:subClassOf,owl:Thing
rc:SecuredLoan,rdfs:subClassOf,rc:Lien
rc:SecuredLoan,rdfs:subClassOf,rc:LoanAgreement
rc:SecuredLoan,rdfs:subClassOf,owl:Thing
rc:Paragraph_TextualPCW,rdfs:subClassOf,rc:StructurallySpecificWork
rc:Paragraph_TextualPCW,rdfs:subClassOf,owl:Thing
rc:VisualProgrammingLanguage,rdfs:subClassOf,rc:ProgrammingLanguage
rc:VisualProgrammingLanguage,rdfs:subClassOf,owl:Thing
rc:DiscreteTransform,rdfs:subClassOf,rc:DigitalSignalProcessing
rc:DiscreteTransform,rdfs:subClassOf,owl:Thing
rc:DirectDebitInstruction,rdfs:subClassOf,rc:Instructions
rc:DirectDebitInstruction,rdfs:subClassOf,owl:Thing
rc:Chasta_CostaLanguage,rdfs:subClassOf,rc:AthabascanLanguages
rc:Chasta_CostaLanguage,rdfs:subClassOf,owl:Thing
rc:OsageLanguage,rdfs:subClassOf,rc:SiouanLanguages
rc:OsageLanguage,rdfs:subClassOf,owl:Thing
rc:Art,rdfs:subClassOf,rc:VisualWork
rc:Art,rdfs:subClassOf,owl:Thing
rc:TzotzilLanguage,rdfs:subClassOf,rc:MayanLanguages
rc:TzotzilLanguage,rdfs:subClassOf,owl:Thing
rc:MultiplicationSign_TheSymbol,rdfs:subClassOf,rc:MathematicalCharacter
rc:MultiplicationSign_TheSymbol,rdfs:subClassOf,owl:Thing
rc:AnimeSpinOffs,rdfs:subClassOf,rc:Anime
rc:AnimeSpinOffs,rdfs:subClassOf,owl:Thing
rc:JapaneseOrthography,rdfs:subClassOf,rc:JapaneseLanguage
rc:JapaneseOrthography,rdfs:subClassOf,owl:Thing
rc:Epitaph,rdfs:subClassOf,rc:Inscription
rc:Epitaph,rdfs:subClassOf,owl:Thing
rc:Prograph_ProgrammingLanguage,rdfs:subClassOf,rc:VisualProgrammingLanguage
rc:Prograph_ProgrammingLanguage,rdfs:subClassOf,owl:Thing
rc:NationalAnthem,rdfs:subClassOf,rc:Anthem
rc:NationalAnthem,rdfs:subClassOf,owl:Thing
rc:MoneyOrder,rdfs:subClassOf,rc:Check_TenderObject
rc:MoneyOrder,rdfs:subClassOf,owl:Thing
rc:TelevisionSpinOff,rdfs:subClassOf,rc:TVSeriesProduct
rc:TelevisionSpinOff,rdfs:subClassOf,owl:Thing
rc:ConservativePartyUKTerm,rdfs:subClassOf,rc:PoliticalTerminology
rc:ConservativePartyUKTerm,rdfs:subClassOf,owl:Thing
rc:Usenet,rdfs:subClassOf,rc:DynamicIndexedInfoSource
rc:Usenet,rdfs:subClassOf,owl:Thing
rc:MasaiLanguage,rdfs:subClassOf,rc:OtherLanguages
rc:MasaiLanguage,rdfs:subClassOf,owl:Thing
rc:BusinessPartnershipAgreement,rdfs:subClassOf,rc:Contract
rc:BusinessPartnershipAgreement,rdfs:subClassOf,owl:Thing
rc:NationalSymbol,rdfs:subClassOf,rc:GeopoliticalSymbol
rc:NationalSymbol,rdfs:subClassOf,owl:Thing
rc:MortgageAgreement,rdfs:subClassOf,rc:Loan_WrittenLegalAgreement
rc:MortgageAgreement,rdfs:subClassOf,rc:RealEstateLoan
rc:MortgageAgreement,rdfs:subClassOf,rc:SecuredLoan
rc:MortgageAgreement,rdfs:subClassOf,owl:Thing
rc:BulgarianGrammar,rdfs:subClassOf,rc:BulgarianTopics
rc:BulgarianGrammar,rdfs:subClassOf,rc:LanguageGrammars
rc:BulgarianGrammar,rdfs:subClassOf,owl:Thing
rc:SocialSecurityCard,rdfs:subClassOf,rc:Card
rc:SocialSecurityCard,rdfs:subClassOf,rc:GovernmentDocument
rc:SocialSecurityCard,rdfs:subClassOf,rc:IDDocument
rc:SocialSecurityCard,rdfs:subClassOf,rc:LegalDocument
rc:SocialSecurityCard,rdfs:subClassOf,owl:Thing
rc:OilPainting,rdfs:subClassOf,rc:Painting_ArtForm
rc:OilPainting,rdfs:subClassOf,owl:Thing
rc:HilbertSpace,rdfs:subClassOf,rc:QuantumMechanics
rc:HilbertSpace,rdfs:subClassOf,owl:Thing
rc:IceHockeyCompetition,rdfs:subClassOf,rc:IceHockey
rc:IceHockeyCompetition,rdfs:subClassOf,owl:Thing
rc:UzbekLanguage,rdfs:subClassOf,rc:TurkicLanguages
rc:UzbekLanguage,rdfs:subClassOf,owl:Thing
rc:MedalOfHonor,rdfs:subClassOf,rc:MilitaryAwardOrDecoration
rc:MedalOfHonor,rdfs:subClassOf,owl:Thing
rc:ObjectOrientedProgrammingLanguage,rdfs:subClassOf,rc:ProgrammingLanguage
rc:ObjectOrientedProgrammingLanguage,rdfs:subClassOf,owl:Thing
rc:Engraving_ArtMethod,rdfs:subClassOf,rc:Engraving
rc:Engraving_ArtMethod,rdfs:subClassOf,owl:Thing
rc:Compendium,rdfs:subClassOf,rc:ReferenceWork_Written
rc:Compendium,rdfs:subClassOf,owl:Thing
rc:ContentAuthoringEditingSoftware,rdfs:subClassOf,rc:Software
rc:ContentAuthoringEditingSoftware,rdfs:subClassOf,owl:Thing
rc:MandinkaLanguage,rdfs:subClassOf,rc:AtlanticCongoLanguages
rc:MandinkaLanguage,rdfs:subClassOf,rc:SiouanLanguages
rc:MandinkaLanguage,rdfs:subClassOf,owl:Thing
rc:BusinessPlanDocument,rdfs:subClassOf,rc:BusinessRelatedDocumentOrAgreement
rc:BusinessPlanDocument,rdfs:subClassOf,rc:WebPage
rc:BusinessPlanDocument,rdfs:subClassOf,owl:Thing
rc:MIPSArchitecture,rdfs:subClassOf,rc:RISCArchitecture
rc:MIPSArchitecture,rdfs:subClassOf,owl:Thing
rc:SoftwareEngineeringTerminology,rdfs:subClassOf,rc:TechnicalTerminology
rc:SoftwareEngineeringTerminology,rdfs:subClassOf,owl:Thing
rc:AnalyticNumberTheory,rdfs:subClassOf,rc:NumberTheory
rc:AnalyticNumberTheory,rdfs:subClassOf,owl:Thing
rc:BibliographyFileFormat,rdfs:subClassOf,rc:ComputerFileTypeByFormat
rc:BibliographyFileFormat,rdfs:subClassOf,owl:Thing
rc:JavaProgrammingLanguage,rdfs:subClassOf,rc:FunctionalLanguage
rc:JavaProgrammingLanguage,rdfs:subClassOf,rc:ObjectOrientedProgrammingLanguage
rc:JavaProgrammingLanguage,rdfs:subClassOf,owl:Thing
rc:TheoryOfCryptography,rdfs:subClassOf,rc:Theories
rc:TheoryOfCryptography,rdfs:subClassOf,owl:Thing
rc:EPIC_FinancialIDString,rdfs:subClassOf,rc:IDString
rc:EPIC_FinancialIDString,rdfs:subClassOf,rc:UniqueID
rc:EPIC_FinancialIDString,rdfs:subClassOf,owl:Thing
rc:GraphicsRelatedSoftwareForLinux,rdfs:subClassOf,rc:GraphicsEditingProgram
rc:GraphicsRelatedSoftwareForLinux,rdfs:subClassOf,owl:Thing
rc:ComputerGameProgram_Arcade,rdfs:subClassOf,rc:ComputerGameProgram
rc:ComputerGameProgram_Arcade,rdfs:subClassOf,owl:Thing
rc:AdjustableRateMortgage,rdfs:subClassOf,rc:AdjustableRateLoan
rc:AdjustableRateMortgage,rdfs:subClassOf,rc:MortgageAgreement
rc:AdjustableRateMortgage,rdfs:subClassOf,owl:Thing
rc:SignLanguages,rdfs:subClassOf,rc:LivingLanguage
rc:SignLanguages,rdfs:subClassOf,owl:Thing
rc:WebSearchEngineProvider,rdfs:subClassOf,rc:InternetService
rc:WebSearchEngineProvider,rdfs:subClassOf,owl:Thing
rc:RadarSignalProcessing,rdfs:subClassOf,rc:SignalProcessing
rc:RadarSignalProcessing,rdfs:subClassOf,owl:Thing
rc:NauticalSlang,rdfs:subClassOf,rc:Slang
rc:NauticalSlang,rdfs:subClassOf,owl:Thing
rc:PortableDocumentFormatFile,rdfs:subClassOf,rc:ComputerDocumentFile
rc:PortableDocumentFormatFile,rdfs:subClassOf,owl:Thing
rc:NationalSymbolOfAlgeria,rdfs:subClassOf,rc:NationalSymbol
rc:NationalSymbolOfAlgeria,rdfs:subClassOf,owl:Thing
rc:CzechLanguageSurname,rdfs:subClassOf,rc:HumanSurname
rc:CzechLanguageSurname,rdfs:subClassOf,owl:Thing
rc:Pact,rdfs:subClassOf,rc:Contract
rc:Pact,rdfs:subClassOf,owl:Thing
rc:ShippingAndReceivingForm,rdfs:subClassOf,rc:TextualMaterial
rc:ShippingAndReceivingForm,rdfs:subClassOf,owl:Thing
rc:DualityTheory,rdfs:subClassOf,rc:CategoryTheory
rc:DualityTheory,rdfs:subClassOf,owl:Thing
rc:Font_ComputerTypeface,rdfs:subClassOf,rc:ComputerFile
rc:Font_ComputerTypeface,rdfs:subClassOf,owl:Thing
rc:AnimeTVShow,rdfs:subClassOf,rc:AnimatedTVShow
rc:AnimeTVShow,rdfs:subClassOf,rc:Anime
rc:AnimeTVShow,rdfs:subClassOf,rc:ConceptualWork_AnimeGenre
rc:AnimeTVShow,rdfs:subClassOf,owl:Thing
rc:PremiumBond_UK,rdfs:subClassOf,rc:MunicipalBond_Agreement
rc:PremiumBond_UK,rdfs:subClassOf,owl:Thing
rc:WordNetKnowledgeBase,rdfs:subClassOf,rc:KnowledgeBase
rc:WordNetKnowledgeBase,rdfs:subClassOf,owl:Thing
rc:AmericanSignLanguage,rdfs:subClassOf,rc:SignLanguages
rc:AmericanSignLanguage,rdfs:subClassOf,owl:Thing
rc:SpinModel,rdfs:subClassOf,rc:QuantumMechanics
rc:SpinModel,rdfs:subClassOf,owl:Thing
rc:Newsgroup,rdfs:subClassOf,rc:Usenet
rc:Newsgroup,rdfs:subClassOf,owl:Thing
rc:WesternMovie,rdfs:subClassOf,rc:FilmGenre
rc:WesternMovie,rdfs:subClassOf,owl:Thing
rc:ThirtyYearLoan,rdfs:subClassOf,rc:FixedTimeLoan
rc:ThirtyYearLoan,rdfs:subClassOf,owl:Thing
rc:VideoCassette_Blank,rdfs:subClassOf,rc:VideoCassette
rc:VideoCassette_Blank,rdfs:subClassOf,owl:Thing
rc:DutchWordOrPhrase,rdfs:subClassOf,rc:WordOrPhraseByLanguage
rc:DutchWordOrPhrase,rdfs:subClassOf,owl:Thing
rc:DollarCoin_US,rdfs:subClassOf,rc:Coin_US
rc:DollarCoin_US,rdfs:subClassOf,owl:Thing
rc:MohawkLanguage,rdfs:subClassOf,rc:IroquoianLanguages
rc:MohawkLanguage,rdfs:subClassOf,owl:Thing
rc:PercentSign_TheSymbol,rdfs:subClassOf,rc:MathematicalCharacter
rc:PercentSign_TheSymbol,rdfs:subClassOf,owl:Thing
rc:IndependenceResult,rdfs:subClassOf,rc:SetTheory
rc:IndependenceResult,rdfs:subClassOf,owl:Thing
rc:JemezLanguage,rdfs:subClassOf,rc:OtherAmericanLanguages
rc:JemezLanguage,rdfs:subClassOf,owl:Thing
rc:EclipseSoftware,rdfs:subClassOf,rc:JavaProgrammingLanguage
rc:EclipseSoftware,rdfs:subClassOf,owl:Thing
rc:FreeAlgebraicStructure,rdfs:subClassOf,rc:CategoryTheory
rc:FreeAlgebraicStructure,rdfs:subClassOf,owl:Thing
rc:UzbekLanguageSurname,rdfs:subClassOf,rc:HumanSurname
rc:UzbekLanguageSurname,rdfs:subClassOf,owl:Thing
rc:IceHockeyGameLog,rdfs:subClassOf,rc:IceHockey
rc:IceHockeyGameLog,rdfs:subClassOf,owl:Thing
rc:Typeface,rdfs:subClassOf,rc:Font_ComputerTypeface
rc:Typeface,rdfs:subClassOf,owl:Thing
rc:DistanceEducationSoftware,rdfs:subClassOf,rc:EducationalComputerProgram
rc:DistanceEducationSoftware,rdfs:subClassOf,owl:Thing
rc:TatarLanguageSurname,rdfs:subClassOf,rc:HumanSurname
rc:TatarLanguageSurname,rdfs:subClassOf,owl:Thing
rc:ElementaryNumberTheory,rdfs:subClassOf,rc:NumberTheory
rc:ElementaryNumberTheory,rdfs:subClassOf,owl:Thing
rc:WordNetSynset,rdfs:subClassOf,rc:WordSense
rc:WordNetSynset,rdfs:subClassOf,owl:Thing
rc:Tutorial,rdfs:subClassOf,rc:Instructions
rc:Tutorial,rdfs:subClassOf,owl:Thing
rc:LandscapePaintingInScotland,rdfs:subClassOf,rc:LandscapeArt
rc:LandscapePaintingInScotland,rdfs:subClassOf,owl:Thing
rc:KhasiLanguage,rdfs:subClassOf,rc:IndicLanguages
rc:KhasiLanguage,rdfs:subClassOf,owl:Thing
rc:DialectsOfSerboCroatian,rdfs:subClassOf,rc:LanguageDialect
rc:DialectsOfSerboCroatian,rdfs:subClassOf,owl:Thing
rc:VideoCassette_PreRecorded,rdfs:subClassOf,rc:VideoCassette
rc:VideoCassette_PreRecorded,rdfs:subClassOf,owl:Thing
rc:PipilLanguage,rdfs:subClassOf,rc:UtoAztecanLanguages
rc:PipilLanguage,rdfs:subClassOf,owl:Thing
rc:BulgarianLanguage,rdfs:subClassOf,rc:BulgarianTopics
rc:BulgarianLanguage,rdfs:subClassOf,rc:SlavicLanguages
rc:BulgarianLanguage,rdfs:subClassOf,owl:Thing
rc:EastSemiticLanguage,rdfs:subClassOf,rc:SemiticLanguages
rc:EastSemiticLanguage,rdfs:subClassOf,owl:Thing
rc:ComputerGameProgram_Sports,rdfs:subClassOf,rc:ComputerGameProgram
rc:ComputerGameProgram_Sports,rdfs:subClassOf,owl:Thing
rc:MagneticTape,rdfs:subClassOf,rc:ComputerInformationStorageMedia
rc:MagneticTape,rdfs:subClassOf,owl:Thing
rc:MultiplicativeFunction,rdfs:subClassOf,rc:NumberTheory
rc:MultiplicativeFunction,rdfs:subClassOf,owl:Thing
rc:TamilLanguage,rdfs:subClassOf,rc:DravidianLanguages
rc:TamilLanguage,rdfs:subClassOf,owl:Thing
rc:PortableSoftware,rdfs:subClassOf,rc:SoftwareObject_Individual
rc:PortableSoftware,rdfs:subClassOf,owl:Thing
rc:NauticalTerm,rdfs:subClassOf,rc:Terminology
rc:NauticalTerm,rdfs:subClassOf,owl:Thing
rc:GraphicsSoftwareThatUsesGTK,rdfs:subClassOf,rc:GraphicsEditingProgram
rc:GraphicsSoftwareThatUsesGTK,rdfs:subClassOf,owl:Thing
rc:ClayAnimation,rdfs:subClassOf,rc:Animation_MovingImage
rc:ClayAnimation,rdfs:subClassOf,rc:Sculpture
rc:ClayAnimation,rdfs:subClassOf,owl:Thing
rc:LiveSportsTVShow,rdfs:subClassOf,rc:TVShow
rc:LiveSportsTVShow,rdfs:subClassOf,owl:Thing
rc:ProgressReport,rdfs:subClassOf,rc:WrittenReportOnSituation
rc:ProgressReport,rdfs:subClassOf,owl:Thing
rc:SpaghettiWesternMovie,rdfs:subClassOf,rc:WesternMovie
rc:SpaghettiWesternMovie,rdfs:subClassOf,owl:Thing
rc:FreeAntivirusSoftware,rdfs:subClassOf,rc:AntiVirusProgram
rc:FreeAntivirusSoftware,rdfs:subClassOf,owl:Thing
rc:XiangLanguage,rdfs:subClassOf,rc:ChineseLanguages
rc:XiangLanguage,rdfs:subClassOf,owl:Thing
rc:RoastComedy,rdfs:subClassOf,rc:Comedy
rc:RoastComedy,rdfs:subClassOf,owl:Thing
rc:ThirtyYearMortgageAgreement,rdfs:subClassOf,rc:MortgageAgreement
rc:ThirtyYearMortgageAgreement,rdfs:subClassOf,rc:ThirtyYearLoan
rc:ThirtyYearMortgageAgreement,rdfs:subClassOf,owl:Thing
rc:TBR1,rdfs:subClassOf,rc:EukaryoticGene
rc:TBR1,rdfs:subClassOf,owl:Thing
rc:InsectTaxonomy,rdfs:subClassOf,rc:TaxonomyBiology
rc:InsectTaxonomy,rdfs:subClassOf,owl:Thing
rc:MusicalMovie,rdfs:subClassOf,rc:FilmGenre
rc:MusicalMovie,rdfs:subClassOf,owl:Thing
rc:TutorialLesson,rdfs:subClassOf,rc:Lesson
rc:TutorialLesson,rdfs:subClassOf,owl:Thing
rc:RomulanFictionalLanguage,rdfs:subClassOf,rc:FictionalLanguage
rc:RomulanFictionalLanguage,rdfs:subClassOf,owl:Thing
rc:HumanAccessibleIBT,rdfs:subClassOf,rc:InformationBearingThing
rc:HumanAccessibleIBT,rdfs:subClassOf,owl:Thing
rc:AncientGreekLanguage,rdfs:subClassOf,rc:AncientLanguages
rc:AncientGreekLanguage,rdfs:subClassOf,owl:Thing
rc:ForcingMathematics,rdfs:subClassOf,rc:SetTheory
rc:ForcingMathematics,rdfs:subClassOf,owl:Thing
rc:Mr,rdfs:subClassOf,rc:CourtesyTitle
rc:Mr,rdfs:subClassOf,owl:Thing
rc:Altimeter,rdfs:subClassOf,rc:Gauge
rc:Altimeter,rdfs:subClassOf,owl:Thing
rc:Illbient,rdfs:subClassOf,rc:MusicalComposition_Ambient
rc:Illbient,rdfs:subClassOf,owl:Thing
rc:Counter_Illumination,rdfs:subClassOf,rc:CamouflagePattern
rc:Counter_Illumination,rdfs:subClassOf,owl:Thing
rc:PahariLanguage,rdfs:subClassOf,rc:IndoAryanLanguages
rc:PahariLanguage,rdfs:subClassOf,owl:Thing
rc:AdministrativeSoftware,rdfs:subClassOf,rc:BusinessComputerProgram
rc:AdministrativeSoftware,rdfs:subClassOf,owl:Thing
rc:NumericString,rdfs:subClassOf,rc:AbstractInformationStructure
rc:NumericString,rdfs:subClassOf,rc:LinguisticObject
rc:NumericString,rdfs:subClassOf,owl:Thing
rc:NationalSymbolOfHerm,rdfs:subClassOf,rc:NationalSymbol
rc:NationalSymbolOfHerm,rdfs:subClassOf,owl:Thing
rc:HumanGender_NeutralGivenName,rdfs:subClassOf,rc:HumanGivenName
rc:HumanGender_NeutralGivenName,rdfs:subClassOf,owl:Thing
rc:VedicLanguage,rdfs:subClassOf,rc:AncientLanguages
rc:VedicLanguage,rdfs:subClassOf,owl:Thing
rc:KyotoProtocol,rdfs:subClassOf,rc:Pact
rc:KyotoProtocol,rdfs:subClassOf,owl:Thing
rc:FormalTheoriesOfArithmetic,rdfs:subClassOf,rc:MathematicalTheory
rc:FormalTheoriesOfArithmetic,rdfs:subClassOf,owl:Thing
rc:OsamuTezukaManga,rdfs:subClassOf,rc:Manga
rc:OsamuTezukaManga,rdfs:subClassOf,owl:Thing
rc:BelarusianLanguageSurname,rdfs:subClassOf,rc:HumanSurname
rc:BelarusianLanguageSurname,rdfs:subClassOf,owl:Thing
rc:WordSense,rdfs:subClassOf,rc:LinguisticObject
rc:WordSense,rdfs:subClassOf,owl:Thing
rc:RhythmAndBluesMusic,rdfs:subClassOf,rc:MusicTypeByGenre
rc:RhythmAndBluesMusic,rdfs:subClassOf,owl:Thing
rc:InformationProcess,rdfs:subClassOf,kko:Information
rc:InformationProcess,rdfs:subClassOf,owl:Thing
rc:InformationBearingObject,rdfs:subClassOf,rc:InformationBearingThing
rc:InformationBearingObject,rdfs:subClassOf,owl:Thing
rc:NewsgroupHierarchy,rdfs:subClassOf,rc:Usenet
rc:NewsgroupHierarchy,rdfs:subClassOf,owl:Thing
rc:TransmissionControlProtocol,rdfs:subClassOf,rc:InternetStandard
rc:TransmissionControlProtocol,rdfs:subClassOf,owl:Thing
rc:DocFile,rdfs:subClassOf,rc:ComputerDocumentFile
rc:DocFile,rdfs:subClassOf,owl:Thing
rc:AnalyticStudy,rdfs:subClassOf,rc:WrittenReportOnSituation
rc:AnalyticStudy,rdfs:subClassOf,owl:Thing
rc:LakesPlainLanguage,rdfs:subClassOf,rc:PapuanLanguageGrouping
rc:LakesPlainLanguage,rdfs:subClassOf,owl:Thing
rc:ServerMessageBlockProtocol,rdfs:subClassOf,rc:ApplicationLayerProtocol
rc:ServerMessageBlockProtocol,rdfs:subClassOf,owl:Thing
rc:PersianLanguage,rdfs:subClassOf,rc:IranianLanguages
rc:PersianLanguage,rdfs:subClassOf,owl:Thing
rc:SocialSecurityNumber,rdfs:subClassOf,rc:UniqueID
rc:SocialSecurityNumber,rdfs:subClassOf,owl:Thing
rc:TheoryOfDeduction,rdfs:subClassOf,rc:Theories
rc:TheoryOfDeduction,rdfs:subClassOf,owl:Thing
rc:ComputerGameProgram_Baseball,rdfs:subClassOf,rc:ComputerGameProgram_Sports
rc:ComputerGameProgram_Baseball,rdfs:subClassOf,owl:Thing
rc:CommunicationsSecurityProtocol,rdfs:subClassOf,rc:MachineProtocol
rc:CommunicationsSecurityProtocol,rdfs:subClassOf,rc:NetworkProtocol
rc:CommunicationsSecurityProtocol,rdfs:subClassOf,owl:Thing
rc:StatueOfFreedom,rdfs:subClassOf,rc:Statue
rc:StatueOfFreedom,rdfs:subClassOf,owl:Thing
rc:AudioAcceleration,rdfs:subClassOf,rc:Sound
rc:AudioAcceleration,rdfs:subClassOf,owl:Thing
rc:Operon,rdfs:subClassOf,rc:Gene_GenInfo
rc:Operon,rdfs:subClassOf,owl:Thing
rc:WebSecurityExploit,rdfs:subClassOf,rc:WorldWideWeb_DynamicIndexedInfoSource
rc:WebSecurityExploit,rdfs:subClassOf,owl:Thing
rc:Reasoning,rdfs:subClassOf,rc:InformationProcess
rc:Reasoning,rdfs:subClassOf,owl:Thing
rc:LuoLanguage,rdfs:subClassOf,rc:BantuLanguages
rc:LuoLanguage,rdfs:subClassOf,owl:Thing
rc:Voltmeter,rdfs:subClassOf,rc:Gauge
rc:Voltmeter,rdfs:subClassOf,owl:Thing
rc:MasalitLanguage,rdfs:subClassOf,rc:NiloSaharanLanguages
rc:MasalitLanguage,rdfs:subClassOf,owl:Thing
rc:N,rdfs:subClassOf,rc:LatinScript
rc:N,rdfs:subClassOf,owl:Thing
rc:FinancialAdvice,rdfs:subClassOf,rc:Advising
rc:FinancialAdvice,rdfs:subClassOf,owl:Thing
rc:DialectsOfTheBulgarianLanguage,rdfs:subClassOf,rc:LanguageDialect
rc:DialectsOfTheBulgarianLanguage,rdfs:subClassOf,owl:Thing
rc:Encyclopedia,rdfs:subClassOf,rc:ReferenceWork_Written
rc:Encyclopedia,rdfs:subClassOf,owl:Thing
rc:VandalicLanguage,rdfs:subClassOf,rc:ClassicMedievalLanguages
rc:VandalicLanguage,rdfs:subClassOf,owl:Thing
rc:HiligaynonLanguage,rdfs:subClassOf,rc:MalayoPolynesianLanguages
rc:HiligaynonLanguage,rdfs:subClassOf,owl:Thing
rc:AmericanSlang,rdfs:subClassOf,rc:AmericanEnglishDialect
rc:AmericanSlang,rdfs:subClassOf,owl:Thing
rc:Mrs,rdfs:subClassOf,rc:CourtesyTitle
rc:Mrs,rdfs:subClassOf,owl:Thing
rc:VisualImage,rdfs:subClassOf,rc:Image
rc:VisualImage,rdfs:subClassOf,owl:Thing
rc:GeologySoftware,rdfs:subClassOf,rc:ScientificSoftware
rc:GeologySoftware,rdfs:subClassOf,owl:Thing
rc:BrahmiWriting,rdfs:subClassOf,rc:WritingSystem
rc:BrahmiWriting,rdfs:subClassOf,owl:Thing
rc:AreaCode,rdfs:subClassOf,rc:TelephoneNumberingPlan
rc:AreaCode,rdfs:subClassOf,owl:Thing
rc:PressureGauge,rdfs:subClassOf,rc:Gauge
rc:PressureGauge,rdfs:subClassOf,owl:Thing
rc:MPEGFile,rdfs:subClassOf,rc:ComputerVideoFile
rc:MPEGFile,rdfs:subClassOf,owl:Thing
rc:PenAndInkDrawing,rdfs:subClassOf,rc:PenOrPencilDrawing
rc:PenAndInkDrawing,rdfs:subClassOf,rc:TwoDimensionalArtObject
rc:PenAndInkDrawing,rdfs:subClassOf,owl:Thing
rc:RelationalDatabase,rdfs:subClassOf,rc:ComputerDatabase
rc:RelationalDatabase,rdfs:subClassOf,owl:Thing
rc:AnimeWithOriginalScreenplay,rdfs:subClassOf,rc:Anime
rc:AnimeWithOriginalScreenplay,rdfs:subClassOf,owl:Thing
rc:PahlaviLanguage,rdfs:subClassOf,rc:ClassicMedievalLanguages
rc:PahlaviLanguage,rdfs:subClassOf,owl:Thing
rc:H1WorkVisa,rdfs:subClassOf,rc:USWorkVisa
rc:H1WorkVisa,rdfs:subClassOf,owl:Thing
rc:AbductiveInferenceProcess,rdfs:subClassOf,rc:Reasoning
rc:AbductiveInferenceProcess,rdfs:subClassOf,owl:Thing
rc:ERPSoftware,rdfs:subClassOf,rc:EnterpriseSoftware
rc:ERPSoftware,rdfs:subClassOf,owl:Thing
rc:Nynorsk,rdfs:subClassOf,rc:NorwegianLanguage
rc:Nynorsk,rdfs:subClassOf,owl:Thing
rc:BulgarianLanguageSurname,rdfs:subClassOf,rc:BulgarianTopics
rc:BulgarianLanguageSurname,rdfs:subClassOf,rc:HumanSurname
rc:BulgarianLanguageSurname,rdfs:subClassOf,owl:Thing
rc:PsychedelicFolk,rdfs:subClassOf,rc:PsychedelicMusic
rc:PsychedelicFolk,rdfs:subClassOf,owl:Thing
rc:StatueOfLiberty,rdfs:subClassOf,rc:Statue
rc:StatueOfLiberty,rdfs:subClassOf,owl:Thing
rc:CluckingSound,rdfs:subClassOf,rc:AnimalSound
rc:CluckingSound,rdfs:subClassOf,owl:Thing
rc:NetworkLayerProtocol,rdfs:subClassOf,rc:ProtocolStackLayer
rc:NetworkLayerProtocol,rdfs:subClassOf,owl:Thing
rc:TelephoneNumberingPlan,rdfs:subClassOf,rc:NumericString
rc:TelephoneNumberingPlan,rdfs:subClassOf,rc:PhoneNumber
rc:TelephoneNumberingPlan,rdfs:subClassOf,owl:Thing
rc:Petroglyph,rdfs:subClassOf,rc:AncientArt
rc:Petroglyph,rdfs:subClassOf,rc:Glyph
rc:Petroglyph,rdfs:subClassOf,rc:StructuredInformationSource
rc:Petroglyph,rdfs:subClassOf,rc:TwoDimensionalArtObject
rc:Petroglyph,rdfs:subClassOf,owl:Thing
rc:Singular_NLAttr,rdfs:subClassOf,rc:NLWordForm
rc:Singular_NLAttr,rdfs:subClassOf,owl:Thing
rc:MovingImage,rdfs:subClassOf,rc:VisualImage
rc:MovingImage,rdfs:subClassOf,owl:Thing
rc:GameToken,rdfs:subClassOf,rc:Token_Physical
rc:GameToken,rdfs:subClassOf,owl:Thing
rc:Barometer,rdfs:subClassOf,rc:PressureGauge
rc:Barometer,rdfs:subClassOf,owl:Thing
rc:HieraticCursive,rdfs:subClassOf,rc:CursiveStyleOfWriting
rc:HieraticCursive,rdfs:subClassOf,owl:Thing
rc:Illustration,rdfs:subClassOf,rc:VisualImage
rc:Illustration,rdfs:subClassOf,owl:Thing
rc:MusicalNote,rdfs:subClassOf,rc:MusicalNotation_General
rc:MusicalNote,rdfs:subClassOf,owl:Thing
rc:VideoCompression,rdfs:subClassOf,rc:VideoRecordedObject
rc:VideoCompression,rdfs:subClassOf,owl:Thing
rc:GeologyTerminology,rdfs:subClassOf,rc:TechnicalTerminology
rc:GeologyTerminology,rdfs:subClassOf,owl:Thing
rc:Tattoo,rdfs:subClassOf,rc:BodyArt
rc:Tattoo,rdfs:subClassOf,owl:Thing
rc:PublicInformationWork,rdfs:subClassOf,rc:PublishedConceptualWork
rc:PublicInformationWork,rdfs:subClassOf,owl:Thing
rc:InternetPacketExchange,rdfs:subClassOf,rc:NetworkLayerProtocol
rc:InternetPacketExchange,rdfs:subClassOf,owl:Thing
rc:MoheganLanguage,rdfs:subClassOf,rc:AlgonquianLanguages
rc:MoheganLanguage,rdfs:subClassOf,owl:Thing
rc:ArmenianLanguage,rdfs:subClassOf,rc:OtherIndoEuropeanLanguages
rc:ArmenianLanguage,rdfs:subClassOf,owl:Thing
rc:GrammaticalNumber,rdfs:subClassOf,rc:Singular_NLAttr
rc:GrammaticalNumber,rdfs:subClassOf,owl:Thing
rc:DialectsOfTheMacedonianLanguage,rdfs:subClassOf,rc:LanguageDialect
rc:DialectsOfTheMacedonianLanguage,rdfs:subClassOf,owl:Thing
rc:PrepaidTelephoneCard,rdfs:subClassOf,rc:Card
rc:PrepaidTelephoneCard,rdfs:subClassOf,rc:TenderObject
rc:PrepaidTelephoneCard,rdfs:subClassOf,owl:Thing
rc:Permit,rdfs:subClassOf,rc:Contract
rc:Permit,rdfs:subClassOf,owl:Thing
rc:JapanesePhonology,rdfs:subClassOf,rc:JapaneseLanguage
rc:JapanesePhonology,rdfs:subClassOf,owl:Thing
rc:TransportLayerSecurity,rdfs:subClassOf,rc:SecureCommunication
rc:TransportLayerSecurity,rdfs:subClassOf,owl:Thing
rc:TCPCongestionControl,rdfs:subClassOf,rc:TransmissionControlProtocol
rc:TCPCongestionControl,rdfs:subClassOf,owl:Thing
rc:Backgammon_Piece,rdfs:subClassOf,rc:GameToken
rc:Backgammon_Piece,rdfs:subClassOf,owl:Thing
rc:PopRockMusic,rdfs:subClassOf,rc:RockMusic
rc:PopRockMusic,rdfs:subClassOf,owl:Thing
rc:RonLanguage,rdfs:subClassOf,rc:OtherLanguages
rc:RonLanguage,rdfs:subClassOf,owl:Thing
rc:GraphingProgram,rdfs:subClassOf,rc:BusinessComputerProgram
rc:GraphingProgram,rdfs:subClassOf,rc:InteractiveComputerProgram
rc:GraphingProgram,rdfs:subClassOf,owl:Thing
rc:ZNotation,rdfs:subClassOf,rc:MathematicalNotation
rc:ZNotation,rdfs:subClassOf,owl:Thing
rc:RhythmAndBluesMusicGenre,rdfs:subClassOf,rc:MusicalComposition_RhythmAndBlues
rc:RhythmAndBluesMusicGenre,rdfs:subClassOf,rc:RhythmAndBluesMusic
rc:RhythmAndBluesMusicGenre,rdfs:subClassOf,owl:Thing
rc:ColorImage,rdfs:subClassOf,rc:VisualImage
rc:ColorImage,rdfs:subClassOf,owl:Thing
rc:HTMLEditor_Dynamic,rdfs:subClassOf,rc:ScriptingProgram
rc:HTMLEditor_Dynamic,rdfs:subClassOf,owl:Thing
rc:CreoleLanguage,rdfs:subClassOf,rc:CreoleAndPidginLanguages
rc:CreoleLanguage,rdfs:subClassOf,owl:Thing
rc:ProductLabel,rdfs:subClassOf,rc:VisualLabel
rc:ProductLabel,rdfs:subClassOf,owl:Thing
rc:Landscaping,rdfs:subClassOf,rc:ComputerProcess_Generic
rc:Landscaping,rdfs:subClassOf,owl:Thing
rc:CommunicationsStatusReport,rdfs:subClassOf,rc:WrittenReportOnSituation
rc:CommunicationsStatusReport,rdfs:subClassOf,owl:Thing
rc:ChinookanLanguage,rdfs:subClassOf,rc:RecentExtinctLanguages
rc:ChinookanLanguage,rdfs:subClassOf,owl:Thing
rc:Odometer,rdfs:subClassOf,rc:Gauge
rc:Odometer,rdfs:subClassOf,owl:Thing
rc:MP3File,rdfs:subClassOf,rc:ComputerSoundFile
rc:MP3File,rdfs:subClassOf,rc:MPEGFile
rc:MP3File,rdfs:subClassOf,owl:Thing
rc:ContentManagementSoftware,rdfs:subClassOf,rc:HTMLEditor_Dynamic
rc:ContentManagementSoftware,rdfs:subClassOf,owl:Thing
rc:PoliceTVShow,rdfs:subClassOf,rc:FictionalTVShow
rc:PoliceTVShow,rdfs:subClassOf,owl:Thing
rc:MarketingStatement,rdfs:subClassOf,rc:WebPage
rc:MarketingStatement,rdfs:subClassOf,owl:Thing
rc:Flag,rdfs:subClassOf,rc:Insignia
rc:Flag,rdfs:subClassOf,owl:Thing
rc:OscanLanguage,rdfs:subClassOf,rc:AncientLanguages
rc:OscanLanguage,rdfs:subClassOf,owl:Thing
rc:TibetanLanguage,rdfs:subClassOf,rc:TibetoBurmanLanguages
rc:TibetanLanguage,rdfs:subClassOf,owl:Thing
rc:ScienceFictionMovie,rdfs:subClassOf,rc:FilmGenre
rc:ScienceFictionMovie,rdfs:subClassOf,owl:Thing
rc:ProgressiveBluegrass,rdfs:subClassOf,rc:BluegrassMusic
rc:ProgressiveBluegrass,rdfs:subClassOf,rc:MusicTypeOpenGenre
rc:ProgressiveBluegrass,rdfs:subClassOf,owl:Thing
rc:SoftwareFeature,rdfs:subClassOf,rc:SoftwareObject_Individual
rc:SoftwareFeature,rdfs:subClassOf,owl:Thing
rc:NationalSymbolOfNauru,rdfs:subClassOf,rc:NationalSymbol
rc:NationalSymbolOfNauru,rdfs:subClassOf,owl:Thing
rc:VisualArtsGenre,rdfs:subClassOf,rc:Art
rc:VisualArtsGenre,rdfs:subClassOf,owl:Thing
rc:WebServerSoftware,rdfs:subClassOf,rc:WebApplicationProgram
rc:WebServerSoftware,rdfs:subClassOf,owl:Thing
rc:Dictionary,rdfs:subClassOf,rc:IndexedInformationSource
rc:Dictionary,rdfs:subClassOf,rc:Lexicography
rc:Dictionary,rdfs:subClassOf,rc:ReferenceWork_Written
rc:Dictionary,rdfs:subClassOf,owl:Thing
rc:SimulationGameProgram,rdfs:subClassOf,rc:ComputerGameProgram
rc:SimulationGameProgram,rdfs:subClassOf,rc:FileReadingProgram_Visual
rc:SimulationGameProgram,rdfs:subClassOf,owl:Thing
rc:Visa_Document,rdfs:subClassOf,rc:CertificateDocument
rc:Visa_Document,rdfs:subClassOf,rc:GovernmentDocument
rc:Visa_Document,rdfs:subClassOf,rc:IDDocument
rc:Visa_Document,rdfs:subClassOf,rc:LegalDocument
rc:Visa_Document,rdfs:subClassOf,owl:Thing
rc:Brochure,rdfs:subClassOf,rc:MarketingStatement
rc:Brochure,rdfs:subClassOf,owl:Thing
rc:Die_TheCube,rdfs:subClassOf,rc:GameToken
rc:Die_TheCube,rdfs:subClassOf,owl:Thing
rc:CappedRateMortgage,rdfs:subClassOf,rc:AdjustableRateMortgage
rc:CappedRateMortgage,rdfs:subClassOf,owl:Thing
rc:Newsletter,rdfs:subClassOf,rc:PublishedConceptualWork
rc:Newsletter,rdfs:subClassOf,owl:Thing
rc:NameConventionsByLanguage,rdfs:subClassOf,rc:CharacterizationsByLanguage
rc:NameConventionsByLanguage,rdfs:subClassOf,owl:Thing
rc:Ms,rdfs:subClassOf,rc:CourtesyTitle
rc:Ms,rdfs:subClassOf,owl:Thing
rc:NoticeOfSeparationDocument,rdfs:subClassOf,rc:MilitaryDischargePaper
rc:NoticeOfSeparationDocument,rdfs:subClassOf,owl:Thing
rc:ElectronicReferenceMaterial,rdfs:subClassOf,rc:PublishedMaterial
rc:ElectronicReferenceMaterial,rdfs:subClassOf,owl:Thing
rc:GleesMusic,rdfs:subClassOf,rc:ClassicalMusic_Baroque
rc:GleesMusic,rdfs:subClassOf,rc:MusicalComposition_Baroque
rc:GleesMusic,rdfs:subClassOf,owl:Thing
rc:OilPressureGauge,rdfs:subClassOf,rc:PressureGauge
rc:OilPressureGauge,rdfs:subClassOf,owl:Thing
rc:PlannerProgram,rdfs:subClassOf,rc:ArtificialIntelligenceProgram
rc:PlannerProgram,rdfs:subClassOf,rc:ProgrammingLanguageImplementation
rc:PlannerProgram,rdfs:subClassOf,owl:Thing
rc:SignageEtc,rdfs:subClassOf,rc:PublishedMaterial
rc:SignageEtc,rdfs:subClassOf,owl:Thing
rc:ChessComputer,rdfs:subClassOf,rc:SingleUserComputer
rc:ChessComputer,rdfs:subClassOf,owl:Thing
rc:StarWarsMovie,rdfs:subClassOf,rc:ScienceFictionMovie
rc:StarWarsMovie,rdfs:subClassOf,owl:Thing
rc:Verse,rdfs:subClassOf,rc:MusicalComposition
rc:Verse,rdfs:subClassOf,owl:Thing
rc:ConsistencyModel,rdfs:subClassOf,rc:DistributedComputingArchitecture
rc:ConsistencyModel,rdfs:subClassOf,owl:Thing
rc:BelarusianName,rdfs:subClassOf,rc:NameConventionsByLanguage
rc:BelarusianName,rdfs:subClassOf,owl:Thing
rc:PahlaviWriting,rdfs:subClassOf,rc:WritingSystem
rc:PahlaviWriting,rdfs:subClassOf,owl:Thing
rc:KoreanWordOrPhrase,rdfs:subClassOf,rc:KoreanLanguage
rc:KoreanWordOrPhrase,rdfs:subClassOf,rc:WordOrPhraseByLanguage
rc:KoreanWordOrPhrase,rdfs:subClassOf,owl:Thing
rc:PopMusicGenre,rdfs:subClassOf,rc:PopRockMusic
rc:PopMusicGenre,rdfs:subClassOf,owl:Thing
rc:FinancialAdvising,rdfs:subClassOf,rc:Advising_Professional
rc:FinancialAdvising,rdfs:subClassOf,owl:Thing
rc:EastSlavicLanguage,rdfs:subClassOf,rc:SlavicLanguages
rc:EastSlavicLanguage,rdfs:subClassOf,owl:Thing
rc:SoftwareForChildren,rdfs:subClassOf,rc:UserProgram
rc:SoftwareForChildren,rdfs:subClassOf,owl:Thing
rc:AlbanianDialect,rdfs:subClassOf,rc:LanguageDialect
rc:AlbanianDialect,rdfs:subClassOf,owl:Thing
rc:ComputerGameProgram_Basketball,rdfs:subClassOf,rc:ComputerGameProgram_Sports
rc:ComputerGameProgram_Basketball,rdfs:subClassOf,owl:Thing
rc:ReligiousTerm,rdfs:subClassOf,rc:Terminology
rc:ReligiousTerm,rdfs:subClassOf,owl:Thing
rc:TheoryOfGravitation,rdfs:subClassOf,rc:ScientificTheory
rc:TheoryOfGravitation,rdfs:subClassOf,owl:Thing
rc:DayakLanguage,rdfs:subClassOf,rc:MalayoPolynesianLanguages
rc:DayakLanguage,rdfs:subClassOf,owl:Thing
rc:ElectroacousticMusic,rdfs:subClassOf,rc:MusicTypeByGenre
rc:ElectroacousticMusic,rdfs:subClassOf,owl:Thing
rc:Acronym,rdfs:subClassOf,rc:Abbreviation
rc:Acronym,rdfs:subClassOf,owl:Thing
rc:WebSoftware,rdfs:subClassOf,rc:WebApplicationProgram
rc:WebSoftware,rdfs:subClassOf,owl:Thing
rc:NutritionInformation,rdfs:subClassOf,rc:ProductLabel
rc:NutritionInformation,rdfs:subClassOf,owl:Thing
rc:FoundationalQuantumPhysics,rdfs:subClassOf,rc:QuantumMechanics
rc:FoundationalQuantumPhysics,rdfs:subClassOf,owl:Thing
rc:Signage,rdfs:subClassOf,rc:Illustration
rc:Signage,rdfs:subClassOf,rc:SignageEtc
rc:Signage,rdfs:subClassOf,owl:Thing
rc:ChickasawLanguage,rdfs:subClassOf,rc:MuskogeanLanguages
rc:ChickasawLanguage,rdfs:subClassOf,owl:Thing
rc:DialectsOfUrdu,rdfs:subClassOf,rc:LanguageDialect
rc:DialectsOfUrdu,rdfs:subClassOf,owl:Thing
rc:NationalSymbolOfSark,rdfs:subClassOf,rc:NationalSymbol
rc:NationalSymbolOfSark,rdfs:subClassOf,owl:Thing
rc:RelationalDatabaseServerProgram,rdfs:subClassOf,rc:DatabaseServerProgram
rc:RelationalDatabaseServerProgram,rdfs:subClassOf,owl:Thing
rc:IntelligenceReport,rdfs:subClassOf,rc:WrittenReportOnSituation
rc:IntelligenceReport,rdfs:subClassOf,owl:Thing
rc:AssumableLoanAgreement,rdfs:subClassOf,rc:MortgageAgreement
rc:AssumableLoanAgreement,rdfs:subClassOf,owl:Thing
rc:MusicalPerformanceTicket,rdfs:subClassOf,rc:EntertainmentPerformanceTicket
rc:MusicalPerformanceTicket,rdfs:subClassOf,owl:Thing
rc:KyrgyzLanguageSurname,rdfs:subClassOf,rc:HumanSurname
rc:KyrgyzLanguageSurname,rdfs:subClassOf,owl:Thing
rc:MultitrackRecording,rdfs:subClassOf,rc:RecordedSoundProduct
rc:MultitrackRecording,rdfs:subClassOf,owl:Thing
rc:TreeWalk,rdfs:subClassOf,rc:UtilityProgram
rc:TreeWalk,rdfs:subClassOf,owl:Thing
rc:NavajoLanguage,rdfs:subClassOf,rc:ApacheLanguage
rc:NavajoLanguage,rdfs:subClassOf,owl:Thing
rc:MalayWordOrPhrase,rdfs:subClassOf,rc:WordOrPhraseByLanguage
rc:MalayWordOrPhrase,rdfs:subClassOf,owl:Thing
rc:VideoFormat,rdfs:subClassOf,rc:VideoRecordedObject
rc:VideoFormat,rdfs:subClassOf,owl:Thing
rc:NahuatlWordOrPhrase,rdfs:subClassOf,rc:WordOrPhraseByLanguage
rc:NahuatlWordOrPhrase,rdfs:subClassOf,owl:Thing
rc:SenecaLanguage,rdfs:subClassOf,rc:IroquoianLanguages
rc:SenecaLanguage,rdfs:subClassOf,owl:Thing
rc:Knight_ChessPiece,rdfs:subClassOf,rc:ChessPiece
rc:Knight_ChessPiece,rdfs:subClassOf,owl:Thing
rc:EmergencyMedicalCertification,rdfs:subClassOf,rc:Certification
rc:EmergencyMedicalCertification,rdfs:subClassOf,owl:Thing
rc:WordOrPhraseInIndoAryanLanguage,rdfs:subClassOf,rc:WordOrPhraseByLanguage
rc:WordOrPhraseInIndoAryanLanguage,rdfs:subClassOf,owl:Thing
rc:ArtPop,rdfs:subClassOf,rc:PopMusicGenre
rc:ArtPop,rdfs:subClassOf,owl:Thing
rc:TechnicalTerminology,rdfs:subClassOf,rc:Terminology
rc:TechnicalTerminology,rdfs:subClassOf,owl:Thing
rc:DravidianLanguages,rdfs:subClassOf,rc:LivingLanguage
rc:DravidianLanguages,rdfs:subClassOf,owl:Thing
rc:Die_Standard,rdfs:subClassOf,rc:Die_TheCube
rc:Die_Standard,rdfs:subClassOf,owl:Thing
rc:LawBarCertification,rdfs:subClassOf,rc:Certification
rc:LawBarCertification,rdfs:subClassOf,owl:Thing
rc:ReturnOfTheJedi,rdfs:subClassOf,rc:StarWarsMovie
rc:ReturnOfTheJedi,rdfs:subClassOf,owl:Thing
rc:TuuLanguage,rdfs:subClassOf,rc:KhoisanLanguages
rc:TuuLanguage,rdfs:subClassOf,owl:Thing
rc:JuniorGolf,rdfs:subClassOf,rc:Golf
rc:JuniorGolf,rdfs:subClassOf,owl:Thing
rc:SystemOfWrittenMaterials,rdfs:subClassOf,kko:WrittenInfo
rc:SystemOfWrittenMaterials,rdfs:subClassOf,owl:Thing
rc:AgriculturalTerminology,rdfs:subClassOf,rc:TechnicalTerminology
rc:AgriculturalTerminology,rdfs:subClassOf,owl:Thing
rc:GreenCard,rdfs:subClassOf,rc:USWorkVisa
rc:GreenCard,rdfs:subClassOf,rc:Visa_Document
rc:GreenCard,rdfs:subClassOf,owl:Thing
rc:BrahuiLanguage,rdfs:subClassOf,rc:DravidianLanguages
rc:BrahuiLanguage,rdfs:subClassOf,owl:Thing
rc:FreeBusinessSoftware,rdfs:subClassOf,rc:BusinessComputerProgram
rc:FreeBusinessSoftware,rdfs:subClassOf,owl:Thing
rc:SymbolicThing,rdfs:subClassOf,rc:InformationStore
rc:SymbolicThing,rdfs:subClassOf,owl:Thing
rc:WordOrPhraseInUralicLanguage,rdfs:subClassOf,rc:WordOrPhraseByLanguage
rc:WordOrPhraseInUralicLanguage,rdfs:subClassOf,owl:Thing
rc:Epithet,rdfs:subClassOf,rc:Name
rc:Epithet,rdfs:subClassOf,owl:Thing
rc:Recipe,rdfs:subClassOf,rc:Instructions
rc:Recipe,rdfs:subClassOf,owl:Thing
rc:ProposedTopLevelDomain,rdfs:subClassOf,rc:DomainNameSystemProtocol
rc:ProposedTopLevelDomain,rdfs:subClassOf,owl:Thing
rc:Spamming,rdfs:subClassOf,rc:EMailMessage
rc:Spamming,rdfs:subClassOf,owl:Thing
rc:ElectronicPublicationMusic,rdfs:subClassOf,rc:ElectronicReferenceMaterial
rc:ElectronicPublicationMusic,rdfs:subClassOf,owl:Thing
rc:CursiveStyleOfWriting,rdfs:subClassOf,rc:SystemOfWrittenMaterials
rc:CursiveStyleOfWriting,rdfs:subClassOf,owl:Thing
rc:CounterfeitCurrency,rdfs:subClassOf,rc:Money_DevisedPractice
rc:CounterfeitCurrency,rdfs:subClassOf,owl:Thing
rc:ActivismFlag,rdfs:subClassOf,rc:Flag
rc:ActivismFlag,rdfs:subClassOf,owl:Thing
rc:UIInputComponent,rdfs:subClassOf,rc:ComputerProgramModule
rc:UIInputComponent,rdfs:subClassOf,owl:Thing
rc:FileArchiver,rdfs:subClassOf,rc:SoftwareObject_Individual
rc:FileArchiver,rdfs:subClassOf,owl:Thing
rc:PlautdietschLanguage,rdfs:subClassOf,rc:DutchLanguage
rc:PlautdietschLanguage,rdfs:subClassOf,rc:PlattdeutschLanguage
rc:PlautdietschLanguage,rdfs:subClassOf,owl:Thing
rc:SexualSlang,rdfs:subClassOf,rc:Slang
rc:SexualSlang,rdfs:subClassOf,owl:Thing
rc:SimulationSoftware,rdfs:subClassOf,rc:EngineeringSoftware
rc:SimulationSoftware,rdfs:subClassOf,owl:Thing
rc:ProgressiveMetal,rdfs:subClassOf,rc:ProgressiveRockMusic
rc:ProgressiveMetal,rdfs:subClassOf,owl:Thing
rc:NewspaperArticle,rdfs:subClassOf,rc:Article_PCW
rc:NewspaperArticle,rdfs:subClassOf,rc:PublishedConceptualWork
rc:NewspaperArticle,rdfs:subClassOf,owl:Thing
rc:VideoGallery,rdfs:subClassOf,rc:WebPage
rc:VideoGallery,rdfs:subClassOf,owl:Thing
rc:ActionMovie,rdfs:subClassOf,rc:FilmGenre
rc:ActionMovie,rdfs:subClassOf,owl:Thing
rc:PostgreSQL,rdfs:subClassOf,rc:UserProgram
rc:PostgreSQL,rdfs:subClassOf,owl:Thing
rc:License_IBO,rdfs:subClassOf,rc:CertificateDocument
rc:License_IBO,rdfs:subClassOf,owl:Thing
rc:UrduLanguage,rdfs:subClassOf,rc:IndicLanguages
rc:UrduLanguage,rdfs:subClassOf,owl:Thing
rc:Symbol,rdfs:subClassOf,rc:Media
rc:Symbol,rdfs:subClassOf,rc:SymbolicThing
rc:Symbol,rdfs:subClassOf,owl:Thing
rc:Z_TheLetter,rdfs:subClassOf,rc:LatinScript
rc:Z_TheLetter,rdfs:subClassOf,owl:Thing
rc:ArmenianLanguageSurname,rdfs:subClassOf,rc:HumanSurname
rc:ArmenianLanguageSurname,rdfs:subClassOf,owl:Thing
rc:StoneMountainMemorialHalfDollar,rdfs:subClassOf,rc:HalfDollarCoin_US
rc:StoneMountainMemorialHalfDollar,rdfs:subClassOf,owl:Thing
rc:TelevisionTerminology,rdfs:subClassOf,rc:EntertainmentTerm
rc:TelevisionTerminology,rdfs:subClassOf,owl:Thing
rc:MusicSingle,rdfs:subClassOf,rc:RecordedSoundProduct
rc:MusicSingle,rdfs:subClassOf,owl:Thing
rc:BurmeseLanguage,rdfs:subClassOf,rc:TibetoBurmanLanguages
rc:BurmeseLanguage,rdfs:subClassOf,owl:Thing
rc:BuddhistTerminology,rdfs:subClassOf,rc:ReligiousTerm
rc:BuddhistTerminology,rdfs:subClassOf,owl:Thing
rc:BackgroundMusic,rdfs:subClassOf,rc:ElectronicPublicationMusic
rc:BackgroundMusic,rdfs:subClassOf,owl:Thing
rc:CalligraphyStyleOfWriting,rdfs:subClassOf,rc:CursiveStyleOfWriting
rc:CalligraphyStyleOfWriting,rdfs:subClassOf,owl:Thing
rc:DreamDictionary,rdfs:subClassOf,rc:Dictionary
rc:DreamDictionary,rdfs:subClassOf,owl:Thing
rc:WashoLanguage,rdfs:subClassOf,rc:OtherAmericanLanguages
rc:WashoLanguage,rdfs:subClassOf,owl:Thing
rc:TransportationLicense_Document,rdfs:subClassOf,rc:IDDocument
rc:TransportationLicense_Document,rdfs:subClassOf,rc:License_IBO
rc:TransportationLicense_Document,rdfs:subClassOf,rc:Permit
rc:TransportationLicense_Document,rdfs:subClassOf,owl:Thing
rc:NotificationProgram,rdfs:subClassOf,rc:FileReadingProgram_Interactive
rc:NotificationProgram,rdfs:subClassOf,owl:Thing
rc:VersionControlSystem,rdfs:subClassOf,rc:ComputerCode_Source
rc:VersionControlSystem,rdfs:subClassOf,owl:Thing
rc:InternetProgram,rdfs:subClassOf,rc:InteractiveComputerProgram
rc:InternetProgram,rdfs:subClassOf,rc:NetworkProgram
rc:InternetProgram,rdfs:subClassOf,owl:Thing
rc:Oscar_Statuette,rdfs:subClassOf,rc:AwardObject
rc:Oscar_Statuette,rdfs:subClassOf,rc:Figurine
rc:Oscar_Statuette,rdfs:subClassOf,owl:Thing
rc:SiouanLanguages,rdfs:subClassOf,rc:IndigenousAmericanLanguages
rc:SiouanLanguages,rdfs:subClassOf,owl:Thing
rc:Rongorongo,rdfs:subClassOf,rc:Glyph
rc:Rongorongo,rdfs:subClassOf,owl:Thing
rc:Questionnaire,rdfs:subClassOf,rc:Form_Entry
rc:Questionnaire,rdfs:subClassOf,owl:Thing
rc:SymbolicObject,rdfs:subClassOf,rc:HumanAccessibleIBO
rc:SymbolicObject,rdfs:subClassOf,rc:SymbolicThing
rc:SymbolicObject,rdfs:subClassOf,owl:Thing
rc:HumorInClassicalMusic,rdfs:subClassOf,rc:ClassicalMusic
rc:HumorInClassicalMusic,rdfs:subClassOf,owl:Thing
rc:PornographicWebSite,rdfs:subClassOf,rc:WebSite
rc:PornographicWebSite,rdfs:subClassOf,owl:Thing
rc:IonicGreekDialect,rdfs:subClassOf,rc:GreekDialect
rc:IonicGreekDialect,rdfs:subClassOf,owl:Thing
rc:Metallism,rdfs:subClassOf,rc:Money_DevisedPractice
rc:Metallism,rdfs:subClassOf,owl:Thing
rc:WrapAroundLoan,rdfs:subClassOf,rc:LoanAgreement
rc:WrapAroundLoan,rdfs:subClassOf,owl:Thing
rc:SearchStringProgram,rdfs:subClassOf,rc:InteractiveComputerProgram
rc:SearchStringProgram,rdfs:subClassOf,rc:UtilityProgram
rc:SearchStringProgram,rdfs:subClassOf,owl:Thing
rc:NationalSymbolOfSomalia,rdfs:subClassOf,rc:NationalSymbol
rc:NationalSymbolOfSomalia,rdfs:subClassOf,owl:Thing
rc:ArikaraLanguage,rdfs:subClassOf,rc:SiouanLanguages
rc:ArikaraLanguage,rdfs:subClassOf,owl:Thing
rc:TibetanWriting,rdfs:subClassOf,rc:WritingSystem
rc:TibetanWriting,rdfs:subClassOf,owl:Thing
rc:DartsTerminology,rdfs:subClassOf,rc:SportsTerminology
rc:DartsTerminology,rdfs:subClassOf,owl:Thing
rc:NetBIOS,rdfs:subClassOf,rc:TransportLayerProtocol
rc:NetBIOS,rdfs:subClassOf,owl:Thing
rc:NewspaperClipping,rdfs:subClassOf,rc:Clipping
rc:NewspaperClipping,rdfs:subClassOf,owl:Thing
rc:ComicBookAlbum,rdfs:subClassOf,rc:ComicBookIssue
rc:ComicBookAlbum,rdfs:subClassOf,owl:Thing
rc:ArapahoLanguage,rdfs:subClassOf,rc:AlgonquianLanguages
rc:ArapahoLanguage,rdfs:subClassOf,owl:Thing
rc:Foundationalism,rdfs:subClassOf,rc:Justification
rc:Foundationalism,rdfs:subClassOf,owl:Thing
rc:ConsoleApplication,rdfs:subClassOf,rc:SoftwareObject_Individual
rc:ConsoleApplication,rdfs:subClassOf,owl:Thing
rc:InternetPornography,rdfs:subClassOf,rc:PornographicWebSite
rc:InternetPornography,rdfs:subClassOf,owl:Thing
rc:ComputerGameProgram_BoardGame,rdfs:subClassOf,rc:ComputerGameProgram
rc:ComputerGameProgram_BoardGame,rdfs:subClassOf,owl:Thing
rc:IceHockeyPosition,rdfs:subClassOf,rc:IceHockey
rc:IceHockeyPosition,rdfs:subClassOf,owl:Thing
rc:MoneyTenderType,rdfs:subClassOf,rc:Money_DevisedPractice
rc:MoneyTenderType,rdfs:subClassOf,owl:Thing
rc:SoftwareForModelingSoftware,rdfs:subClassOf,rc:ScientificSoftware
rc:SoftwareForModelingSoftware,rdfs:subClassOf,owl:Thing
rc:PsychedelicTrance,rdfs:subClassOf,rc:PsychedelicMusic
rc:PsychedelicTrance,rdfs:subClassOf,owl:Thing
rc:Calligraphy_ArtObject,rdfs:subClassOf,rc:TwoDimensionalArtObject
rc:Calligraphy_ArtObject,rdfs:subClassOf,owl:Thing
rc:BoatingLicense_Document,rdfs:subClassOf,rc:TransportationLicense_Document
rc:BoatingLicense_Document,rdfs:subClassOf,owl:Thing
rc:CarrierLanguage,rdfs:subClassOf,rc:OtherLanguages
rc:CarrierLanguage,rdfs:subClassOf,owl:Thing
rc:J1WorkVisa,rdfs:subClassOf,rc:USWorkVisa
rc:J1WorkVisa,rdfs:subClassOf,owl:Thing
rc:PornographicCartoon,rdfs:subClassOf,rc:Cartoon
rc:PornographicCartoon,rdfs:subClassOf,rc:PornographicMaterial_Legal
rc:PornographicCartoon,rdfs:subClassOf,owl:Thing
rc:MillenniumBug,rdfs:subClassOf,rc:Bug_Software
rc:MillenniumBug,rdfs:subClassOf,owl:Thing
rc:Insignia,rdfs:subClassOf,rc:Signage
rc:Insignia,rdfs:subClassOf,rc:Symbol
rc:Insignia,rdfs:subClassOf,rc:SymbolicObject
rc:Insignia,rdfs:subClassOf,rc:VisualInformationBearingThing
rc:Insignia,rdfs:subClassOf,owl:Thing
rc:VanderbiltCup,rdfs:subClassOf,rc:Trophy
rc:VanderbiltCup,rdfs:subClassOf,owl:Thing
rc:MusicalScore,rdfs:subClassOf,rc:MusicalText
rc:MusicalScore,rdfs:subClassOf,owl:Thing
rc:SituationalComedy,rdfs:subClassOf,rc:Comedy
rc:SituationalComedy,rdfs:subClassOf,rc:ComedyTVShow
rc:SituationalComedy,rdfs:subClassOf,owl:Thing
rc:SearchEngine,rdfs:subClassOf,rc:InternetProgram
rc:SearchEngine,rdfs:subClassOf,rc:SearchStringProgram
rc:SearchEngine,rdfs:subClassOf,owl:Thing
rc:HardcopyInformationBearingObject,rdfs:subClassOf,rc:HumanAccessibleIBO
rc:HardcopyInformationBearingObject,rdfs:subClassOf,rc:StillImageSource
rc:HardcopyInformationBearingObject,rdfs:subClassOf,owl:Thing
rc:ComputerGameProgram_Bowling,rdfs:subClassOf,rc:ComputerGameProgram_Sports
rc:ComputerGameProgram_Bowling,rdfs:subClassOf,owl:Thing
rc:MalayalamDialect,rdfs:subClassOf,rc:LanguageDialect
rc:MalayalamDialect,rdfs:subClassOf,owl:Thing
rc:LuriLanguage,rdfs:subClassOf,rc:IranianLanguages
rc:LuriLanguage,rdfs:subClassOf,owl:Thing
rc:ChoctawLanguage,rdfs:subClassOf,rc:MuskogeanLanguages
rc:ChoctawLanguage,rdfs:subClassOf,owl:Thing
rc:EstimationTheory,rdfs:subClassOf,rc:SignalProcessing
rc:EstimationTheory,rdfs:subClassOf,owl:Thing
rc:Hentai,rdfs:subClassOf,rc:PornographicCartoon
rc:Hentai,rdfs:subClassOf,owl:Thing
rc:SyntheticSound,rdfs:subClassOf,rc:AudibleSound
rc:SyntheticSound,rdfs:subClassOf,owl:Thing
rc:Refrain,rdfs:subClassOf,rc:MusicalComposition
rc:Refrain,rdfs:subClassOf,owl:Thing
rc:SalaryCalculator,rdfs:subClassOf,rc:CalculatorProgram
rc:SalaryCalculator,rdfs:subClassOf,rc:FinancialProgram
rc:SalaryCalculator,rdfs:subClassOf,owl:Thing
rc:AntiVirusProgram,rdfs:subClassOf,rc:SecurityProgram
rc:AntiVirusProgram,rdfs:subClassOf,rc:UtilityProgram
rc:AntiVirusProgram,rdfs:subClassOf,owl:Thing
rc:WesternOceanicLanguage,rdfs:subClassOf,rc:MalayoPolynesianLanguages
rc:WesternOceanicLanguage,rdfs:subClassOf,owl:Thing
rc:MusicalTerminology,rdfs:subClassOf,rc:TechnicalTerminology
rc:MusicalTerminology,rdfs:subClassOf,owl:Thing
rc:ServiceContractDocument,rdfs:subClassOf,rc:ContractDocument
rc:ServiceContractDocument,rdfs:subClassOf,owl:Thing
rc:InternationalCommerceTerm,rdfs:subClassOf,rc:EconomicsTerminology
rc:InternationalCommerceTerm,rdfs:subClassOf,owl:Thing
rc:PenComputer,rdfs:subClassOf,rc:PersonalComputer
rc:PenComputer,rdfs:subClassOf,owl:Thing
rc:ProcessTerminationFunction,rdfs:subClassOf,rc:ProgrammingLanguageImplementation
rc:ProcessTerminationFunction,rdfs:subClassOf,owl:Thing
rc:ArtPrint,rdfs:subClassOf,rc:Graphic_VisualIBT
rc:ArtPrint,rdfs:subClassOf,rc:HardcopyInformationBearingObject
rc:ArtPrint,rdfs:subClassOf,rc:TwoDimensionalArtObject
rc:ArtPrint,rdfs:subClassOf,owl:Thing
rc:AreaCodeFinder,rdfs:subClassOf,rc:SearchEngine
rc:AreaCodeFinder,rdfs:subClassOf,owl:Thing
rc:RolePlayingGameSoftware,rdfs:subClassOf,rc:SoftwareObject_Individual
rc:RolePlayingGameSoftware,rdfs:subClassOf,owl:Thing
rc:AudioBeep,rdfs:subClassOf,rc:SyntheticSound
rc:AudioBeep,rdfs:subClassOf,owl:Thing
rc:MaoriLanguage,rdfs:subClassOf,rc:MalayoPolynesianLanguages
rc:MaoriLanguage,rdfs:subClassOf,owl:Thing
rc:FileBackupProgram,rdfs:subClassOf,rc:FileSystemManagementProgram
rc:FileBackupProgram,rdfs:subClassOf,owl:Thing
rc:EpithetsOfApollo,rdfs:subClassOf,rc:Epithet
rc:EpithetsOfApollo,rdfs:subClassOf,owl:Thing
rc:EroGuro,rdfs:subClassOf,rc:Hentai
rc:EroGuro,rdfs:subClassOf,owl:Thing
rc:ToyFigurine,rdfs:subClassOf,rc:Figurine
rc:ToyFigurine,rdfs:subClassOf,owl:Thing
rc:RhythmAndMeter,rdfs:subClassOf,rc:MusicalNotation_General
rc:RhythmAndMeter,rdfs:subClassOf,owl:Thing
rc:IndependentMovie,rdfs:subClassOf,rc:Movie
rc:IndependentMovie,rdfs:subClassOf,owl:Thing
rc:TibetanTypeface,rdfs:subClassOf,rc:TibetanWriting
rc:TibetanTypeface,rdfs:subClassOf,rc:UnicodeTypeface
rc:TibetanTypeface,rdfs:subClassOf,owl:Thing
rc:PersianOrthography,rdfs:subClassOf,rc:LanguageOrthographies
rc:PersianOrthography,rdfs:subClassOf,owl:Thing
rc:FinancialAidAgreement,rdfs:subClassOf,rc:Loan_WrittenLegalAgreement
rc:FinancialAidAgreement,rdfs:subClassOf,owl:Thing
rc:Proposition_ConceptuallyTrue,rdfs:subClassOf,rc:Proposition_True
rc:Proposition_ConceptuallyTrue,rdfs:subClassOf,owl:Thing
rc:Tattooing,rdfs:subClassOf,rc:BodyArt
rc:Tattooing,rdfs:subClassOf,owl:Thing
rc:WhiteMountainArt,rdfs:subClassOf,rc:LandscapeArt
rc:WhiteMountainArt,rdfs:subClassOf,owl:Thing
rc:FreeCollaborativeSoftware,rdfs:subClassOf,rc:CollaborativeSoftware
rc:FreeCollaborativeSoftware,rdfs:subClassOf,owl:Thing
rc:PlayPerformance_Musical,rdfs:subClassOf,rc:PlayPerformance
rc:PlayPerformance_Musical,rdfs:subClassOf,owl:Thing
rc:MediaFranchise,rdfs:subClassOf,rc:MediaSeriesProduct
rc:MediaFranchise,rdfs:subClassOf,owl:Thing
rc:MaoriLanguageSurname,rdfs:subClassOf,rc:HumanSurname
rc:MaoriLanguageSurname,rdfs:subClassOf,owl:Thing
rc:StructuredInformationSource,rdfs:subClassOf,rc:InformationStore
rc:StructuredInformationSource,rdfs:subClassOf,owl:Thing
rc:ClipFont,rdfs:subClassOf,rc:Font_ComputerTypeface
rc:ClipFont,rdfs:subClassOf,owl:Thing
rc:TelevisionVideoAndDVD,rdfs:subClassOf,rc:DVD_Disk
rc:TelevisionVideoAndDVD,rdfs:subClassOf,owl:Thing
rc:TrueTypeFont,rdfs:subClassOf,rc:Font_ComputerTypeface
rc:TrueTypeFont,rdfs:subClassOf,owl:Thing
rc:ProbabilityTheory,rdfs:subClassOf,rc:MathematicalTheory
rc:ProbabilityTheory,rdfs:subClassOf,owl:Thing
rc:HomeVideoGameMachine,rdfs:subClassOf,rc:VideoGameSystem
rc:HomeVideoGameMachine,rdfs:subClassOf,owl:Thing
rc:NintendoEntertainmentSystem_TheProduct,rdfs:subClassOf,rc:HomeVideoGameMachine
rc:NintendoEntertainmentSystem_TheProduct,rdfs:subClassOf,owl:Thing
rc:DropDownBox,rdfs:subClassOf,rc:ComputerDisplayMenuItem
rc:DropDownBox,rdfs:subClassOf,owl:Thing
rc:NationalSymbolOfThePalestinianNationalAuthority,rdfs:subClassOf,rc:NationalSymbol
rc:NationalSymbolOfThePalestinianNationalAuthority,rdfs:subClassOf,owl:Thing
rc:SalesContract,rdfs:subClassOf,rc:Contract
rc:SalesContract,rdfs:subClassOf,owl:Thing
rc:Label_IBO,rdfs:subClassOf,rc:HardcopyInformationBearingObject
rc:Label_IBO,rdfs:subClassOf,rc:StructuredInformationSource
rc:Label_IBO,rdfs:subClassOf,owl:Thing
rc:JDBCDatabaseProtocol,rdfs:subClassOf,rc:MachineProtocol
rc:JDBCDatabaseProtocol,rdfs:subClassOf,owl:Thing
rc:RandomGraph,rdfs:subClassOf,rc:GraphTheory
rc:RandomGraph,rdfs:subClassOf,owl:Thing
rc:EpithetsOfAres,rdfs:subClassOf,rc:Epithet
rc:EpithetsOfAres,rdfs:subClassOf,owl:Thing
rc:PCComputer,rdfs:subClassOf,rc:PersonalComputer
rc:PCComputer,rdfs:subClassOf,owl:Thing
rc:ComicBookCollecting,rdfs:subClassOf,rc:Cartoon_Still
rc:ComicBookCollecting,rdfs:subClassOf,owl:Thing
rc:ControlledVocabulary,rdfs:subClassOf,rc:Vocabulary
rc:ControlledVocabulary,rdfs:subClassOf,owl:Thing
rc:CentralLimitTheorem,rdfs:subClassOf,rc:ProbabilityTheory
rc:CentralLimitTheorem,rdfs:subClassOf,owl:Thing
rc:OtomangueanLanguages,rdfs:subClassOf,rc:IndigenousAmericanLanguages
rc:OtomangueanLanguages,rdfs:subClassOf,owl:Thing
rc:MalayalamGrammar,rdfs:subClassOf,rc:LanguageGrammars
rc:MalayalamGrammar,rdfs:subClassOf,owl:Thing
rc:NintendoEntertainmentSystemAccessory,rdfs:subClassOf,rc:NintendoEntertainmentSystem_TheProduct
rc:NintendoEntertainmentSystemAccessory,rdfs:subClassOf,owl:Thing
rc:Questionnaire_IBO,rdfs:subClassOf,rc:HumanAccessibleIBO
rc:Questionnaire_IBO,rdfs:subClassOf,rc:TextualMaterial
rc:Questionnaire_IBO,rdfs:subClassOf,owl:Thing
rc:CommunicationProtocol,rdfs:subClassOf,rc:CommunicationConvention
rc:CommunicationProtocol,rdfs:subClassOf,owl:Thing
rc:TIFFFile,rdfs:subClassOf,rc:ComputerImageFile
rc:TIFFFile,rdfs:subClassOf,owl:Thing
rc:InternetProtocolBasedNetworkSoftware,rdfs:subClassOf,rc:InternetProtocol
rc:InternetProtocolBasedNetworkSoftware,rdfs:subClassOf,owl:Thing
rc:NewspaperCopy,rdfs:subClassOf,rc:HardcopyInformationBearingObject
rc:NewspaperCopy,rdfs:subClassOf,rc:PeriodicalCopy
rc:NewspaperCopy,rdfs:subClassOf,owl:Thing
rc:TibetanTypography,rdfs:subClassOf,rc:TibetanWriting
rc:TibetanTypography,rdfs:subClassOf,owl:Thing
rc:StringObject,rdfs:subClassOf,rc:Label_IBO
rc:StringObject,rdfs:subClassOf,rc:ProgramObject
rc:StringObject,rdfs:subClassOf,owl:Thing
rc:IceHockeyRivalry,rdfs:subClassOf,rc:IceHockey
rc:IceHockeyRivalry,rdfs:subClassOf,owl:Thing
rc:LiveVideoAlbum,rdfs:subClassOf,rc:VideoRecordedObject
rc:LiveVideoAlbum,rdfs:subClassOf,owl:Thing
rc:FinancialAnalysisSoftware,rdfs:subClassOf,rc:AccountingEnterpriseResourcePlanningSoftware
rc:FinancialAnalysisSoftware,rdfs:subClassOf,owl:Thing
rc:BelarusianWordOrPhrase,rdfs:subClassOf,rc:WordOrPhraseByLanguage
rc:BelarusianWordOrPhrase,rdfs:subClassOf,owl:Thing
rc:KhmerLanguage,rdfs:subClassOf,rc:MonKhmerLanguages
rc:KhmerLanguage,rdfs:subClassOf,owl:Thing
rc:ComputerDataStructure,rdfs:subClassOf,rc:ProgramObject
rc:ComputerDataStructure,rdfs:subClassOf,rc:StructuredInformationSource
rc:ComputerDataStructure,rdfs:subClassOf,owl:Thing
rc:AshantiLanguage,rdfs:subClassOf,rc:AtlanticCongoLanguages
rc:AshantiLanguage,rdfs:subClassOf,owl:Thing
rc:LandsmalDialect,rdfs:subClassOf,rc:NorwegianDialect
rc:LandsmalDialect,rdfs:subClassOf,owl:Thing
rc:MP4File,rdfs:subClassOf,rc:ComputerSoundFile
rc:MP4File,rdfs:subClassOf,rc:MPEGFile
rc:MP4File,rdfs:subClassOf,owl:Thing
rc:AltaicLanguages,rdfs:subClassOf,rc:LivingLanguage
rc:AltaicLanguages,rdfs:subClassOf,owl:Thing
rc:Summons_Legal,rdfs:subClassOf,rc:LegalDocument
rc:Summons_Legal,rdfs:subClassOf,owl:Thing
rc:Explaining_CommunicationAct,rdfs:subClassOf,rc:Informing
rc:Explaining_CommunicationAct,rdfs:subClassOf,owl:Thing
rc:ComputerGameProgram_Boxing,rdfs:subClassOf,rc:ComputerGameProgram_Sports
rc:ComputerGameProgram_Boxing,rdfs:subClassOf,owl:Thing
rc:TheoryOfProbabilityDistribution,rdfs:subClassOf,rc:ProbabilityTheory
rc:TheoryOfProbabilityDistribution,rdfs:subClassOf,owl:Thing
rc:MedicalTVShow,rdfs:subClassOf,rc:FictionalTVShow
rc:MedicalTVShow,rdfs:subClassOf,owl:Thing
rc:WesternPahariLanguage,rdfs:subClassOf,rc:IndoAryanLanguages
rc:WesternPahariLanguage,rdfs:subClassOf,owl:Thing
rc:MedicalPrescription,rdfs:subClassOf,rc:OfficialDocument
rc:MedicalPrescription,rdfs:subClassOf,owl:Thing
rc:ASCII,rdfs:subClassOf,rc:CommunicationProtocol
rc:ASCII,rdfs:subClassOf,owl:Thing
rc:Dreamcast,rdfs:subClassOf,rc:HomeVideoGameMachine
rc:Dreamcast,rdfs:subClassOf,owl:Thing
rc:AccessNumber,rdfs:subClassOf,rc:PhoneNumber
rc:AccessNumber,rdfs:subClassOf,owl:Thing
rc:SwedishWordOrPhrase,rdfs:subClassOf,rc:WordOrPhraseByLanguage
rc:SwedishWordOrPhrase,rdfs:subClassOf,owl:Thing
rc:ControlCharacterFreeString,rdfs:subClassOf,rc:StringObject
rc:ControlCharacterFreeString,rdfs:subClassOf,owl:Thing
rc:MPAAAdvisoryClassification_Film,rdfs:subClassOf,rc:ClassificationSystem
rc:MPAAAdvisoryClassification_Film,rdfs:subClassOf,owl:Thing
rc:FamilyMovie,rdfs:subClassOf,rc:FilmGenre
rc:FamilyMovie,rdfs:subClassOf,owl:Thing
rc:MalayalamLanguage,rdfs:subClassOf,rc:DravidianLanguages
rc:MalayalamLanguage,rdfs:subClassOf,owl:Thing
rc:HermesInArt,rdfs:subClassOf,rc:ArtSubject
rc:HermesInArt,rdfs:subClassOf,owl:Thing
rc:ElucidatingSomething,rdfs:subClassOf,rc:Explaining_CommunicationAct
rc:ElucidatingSomething,rdfs:subClassOf,owl:Thing
rc:MusicalTextCopy,rdfs:subClassOf,rc:HumanAccessibleIBO
rc:MusicalTextCopy,rdfs:subClassOf,rc:TextualMaterial
rc:MusicalTextCopy,rdfs:subClassOf,owl:Thing
rc:FuturesContract,rdfs:subClassOf,rc:DerivativeSecurity
rc:FuturesContract,rdfs:subClassOf,rc:SalesContract
rc:FuturesContract,rdfs:subClassOf,owl:Thing
rc:DevicePrescription,rdfs:subClassOf,rc:MedicalPrescription
rc:DevicePrescription,rdfs:subClassOf,owl:Thing
rc:Array_DataStructure,rdfs:subClassOf,rc:ComputerDataStructure
rc:Array_DataStructure,rdfs:subClassOf,owl:Thing
rc:ZapotecoLanguage,rdfs:subClassOf,rc:OtomangueanLanguages
rc:ZapotecoLanguage,rdfs:subClassOf,owl:Thing
rc:Facepainting,rdfs:subClassOf,rc:Bodypainting
rc:Facepainting,rdfs:subClassOf,owl:Thing
rc:UrduRomanization,rdfs:subClassOf,rc:Romanization
rc:UrduRomanization,rdfs:subClassOf,owl:Thing
rc:RoyalAirForceMusic,rdfs:subClassOf,rc:MusicTypeByGenre
rc:RoyalAirForceMusic,rdfs:subClassOf,owl:Thing
rc:GovernmentAffiliatedInformationDesignation,rdfs:subClassOf,rc:InformationDesignation
rc:GovernmentAffiliatedInformationDesignation,rdfs:subClassOf,owl:Thing
rc:PornographyByGenre,rdfs:subClassOf,rc:PornographicMaterial
rc:PornographyByGenre,rdfs:subClassOf,owl:Thing
rc:RhythmGame,rdfs:subClassOf,rc:MusicVideoGame
rc:RhythmGame,rdfs:subClassOf,owl:Thing
rc:Insert_IBO,rdfs:subClassOf,rc:HardcopyInformationBearingObject
rc:Insert_IBO,rdfs:subClassOf,owl:Thing
rc:FreeDataRecoverySoftware,rdfs:subClassOf,rc:FreeApplicationSoftware
rc:FreeDataRecoverySoftware,rdfs:subClassOf,owl:Thing
rc:GangsterMovie,rdfs:subClassOf,rc:CrimeMovie
rc:GangsterMovie,rdfs:subClassOf,owl:Thing
rc:Hieroglyph,rdfs:subClassOf,rc:Glyph
rc:Hieroglyph,rdfs:subClassOf,owl:Thing
rc:WelshEnglish,rdfs:subClassOf,rc:BritishEnglishDialect
rc:WelshEnglish,rdfs:subClassOf,owl:Thing
rc:FoodDrinkTerm,rdfs:subClassOf,rc:Terminology
rc:FoodDrinkTerm,rdfs:subClassOf,owl:Thing
rc:ProgressivePop,rdfs:subClassOf,rc:PopMusicGenre
rc:ProgressivePop,rdfs:subClassOf,owl:Thing
rc:TransportProtocolDataUnit,rdfs:subClassOf,rc:InternetInformation
rc:TransportProtocolDataUnit,rdfs:subClassOf,owl:Thing
rc:SiwiLanguage,rdfs:subClassOf,rc:SemiticLanguages
rc:SiwiLanguage,rdfs:subClassOf,owl:Thing
rc:InformationBearingThing,rdfs:subClassOf,rc:InformationStore
rc:InformationBearingThing,rdfs:subClassOf,owl:Thing
rc:SonyPlayStation2_TheProduct,rdfs:subClassOf,rc:HomeVideoGameMachine
rc:SonyPlayStation2_TheProduct,rdfs:subClassOf,owl:Thing
rc:PublicNotice,rdfs:subClassOf,rc:LegalDocument
rc:PublicNotice,rdfs:subClassOf,owl:Thing
rc:Eroge,rdfs:subClassOf,rc:Hentai
rc:Eroge,rdfs:subClassOf,rc:PornographyByGenre
rc:Eroge,rdfs:subClassOf,owl:Thing
rc:ElaboratingSomething,rdfs:subClassOf,rc:ElucidatingSomething
rc:ElaboratingSomething,rdfs:subClassOf,owl:Thing
rc:CommodityFuturesContract,rdfs:subClassOf,rc:FuturesContract
rc:CommodityFuturesContract,rdfs:subClassOf,owl:Thing
rc:CorrectiveLensPrescription,rdfs:subClassOf,rc:DevicePrescription
rc:CorrectiveLensPrescription,rdfs:subClassOf,owl:Thing
rc:UnavailableCombination,rdfs:subClassOf,rc:Taxonomy
rc:UnavailableCombination,rdfs:subClassOf,owl:Thing
rc:ChatinoLanguage,rdfs:subClassOf,rc:ZapotecoLanguage
rc:ChatinoLanguage,rdfs:subClassOf,owl:Thing
rc:MaoriWordOrPhrase,rdfs:subClassOf,rc:WordOrPhraseByLanguage
rc:MaoriWordOrPhrase,rdfs:subClassOf,owl:Thing
rc:EpithetsOfAthena,rdfs:subClassOf,rc:Epithet
rc:EpithetsOfAthena,rdfs:subClassOf,owl:Thing
rc:GovernmentFundedLoan,rdfs:subClassOf,rc:LimitConformingLoan
rc:GovernmentFundedLoan,rdfs:subClassOf,owl:Thing
rc:Catalog,rdfs:subClassOf,rc:ReferenceWork
rc:Catalog,rdfs:subClassOf,owl:Thing
rc:JPEGFile,rdfs:subClassOf,rc:ComputerImageFile
rc:JPEGFile,rdfs:subClassOf,owl:Thing
rc:NationalSymbolOfTheRepublicOfChina,rdfs:subClassOf,rc:NationalSymbol
rc:NationalSymbolOfTheRepublicOfChina,rdfs:subClassOf,owl:Thing
rc:BurmeseWordOrPhrase,rdfs:subClassOf,rc:WordOrPhraseByLanguage
rc:BurmeseWordOrPhrase,rdfs:subClassOf,owl:Thing
rc:UtilityProgram,rdfs:subClassOf,rc:ApplicationProgram
rc:UtilityProgram,rdfs:subClassOf,owl:Thing
rc:RandomMatrix,rdfs:subClassOf,rc:ProbabilityTheory
rc:RandomMatrix,rdfs:subClassOf,owl:Thing
rc:PercussionNotation,rdfs:subClassOf,rc:MusicalNotation_General
rc:PercussionNotation,rdfs:subClassOf,owl:Thing
rc:PlayStation2Accessory,rdfs:subClassOf,rc:SonyPlayStation2_TheProduct
rc:PlayStation2Accessory,rdfs:subClassOf,owl:Thing
rc:MagneticTapeCassette,rdfs:subClassOf,rc:InformationStorageMedia
rc:MagneticTapeCassette,rdfs:subClassOf,owl:Thing
rc:BookReview,rdfs:subClassOf,rc:Review
rc:BookReview,rdfs:subClassOf,owl:Thing
rc:LinguaFrancaNovaConstructedLanguage,rdfs:subClassOf,rc:InternationalAuxiliaryLanguage
rc:LinguaFrancaNovaConstructedLanguage,rdfs:subClassOf,owl:Thing
rc:IDObject,rdfs:subClassOf,rc:InformationBearingObject
rc:IDObject,rdfs:subClassOf,owl:Thing
rc:WordProcessor,rdfs:subClassOf,rc:EditingSoftware
rc:WordProcessor,rdfs:subClassOf,owl:Thing
rc:SheetMusic,rdfs:subClassOf,rc:PrintedPublication
rc:SheetMusic,rdfs:subClassOf,owl:Thing
rc:GovernmentFundedRealEstateLoan,rdfs:subClassOf,rc:GovernmentFundedLoan
rc:GovernmentFundedRealEstateLoan,rdfs:subClassOf,rc:RealEstateLoan
rc:GovernmentFundedRealEstateLoan,rdfs:subClassOf,owl:Thing
rc:ExpoundingSomething,rdfs:subClassOf,rc:ElaboratingSomething
rc:ExpoundingSomething,rdfs:subClassOf,owl:Thing
rc:ComicStrip,rdfs:subClassOf,rc:AVMediaProduct
rc:ComicStrip,rdfs:subClassOf,rc:VisualArtifact
rc:ComicStrip,rdfs:subClassOf,owl:Thing
rc:Bodypainting,rdfs:subClassOf,rc:BodyArt
rc:Bodypainting,rdfs:subClassOf,rc:Painting_ArtForm
rc:Bodypainting,rdfs:subClassOf,owl:Thing
rc:Braille,rdfs:subClassOf,rc:WritingSystem
rc:Braille,rdfs:subClassOf,owl:Thing
rc:InternetProtocol_v6,rdfs:subClassOf,rc:InternetStandard
rc:InternetProtocol_v6,rdfs:subClassOf,owl:Thing
rc:NationalSymbolOfVietnam,rdfs:subClassOf,rc:NationalSymbol
rc:NationalSymbolOfVietnam,rdfs:subClassOf,owl:Thing
rc:Hymn,rdfs:subClassOf,rc:Song
rc:Hymn,rdfs:subClassOf,owl:Thing
rc:Mosaic,rdfs:subClassOf,rc:Art
rc:Mosaic,rdfs:subClassOf,owl:Thing
rc:IceHockeyRule,rdfs:subClassOf,rc:IceHockey
rc:IceHockeyRule,rdfs:subClassOf,owl:Thing
rc:LiveVideoSoftware,rdfs:subClassOf,rc:GraphicsEditingProgram
rc:LiveVideoSoftware,rdfs:subClassOf,owl:Thing
rc:Pattern,rdfs:subClassOf,rc:InformationBearingThing
rc:Pattern,rdfs:subClassOf,owl:Thing
rc:ChessNotation,rdfs:subClassOf,rc:Notation
rc:ChessNotation,rdfs:subClassOf,owl:Thing
rc:IBTWithVisualElements,rdfs:subClassOf,rc:InformationBearingThing
rc:IBTWithVisualElements,rdfs:subClassOf,owl:Thing
rc:InformationGatheringProgram,rdfs:subClassOf,rc:EnterpriseSoftware
rc:InformationGatheringProgram,rdfs:subClassOf,owl:Thing
rc:NumberTheory,rdfs:subClassOf,rc:MathematicalTheory
rc:NumberTheory,rdfs:subClassOf,owl:Thing
rc:IndustrialSoftware,rdfs:subClassOf,rc:EnterpriseSoftware
rc:IndustrialSoftware,rdfs:subClassOf,owl:Thing
rc:SaraikiLanguage,rdfs:subClassOf,rc:IndicLanguages
rc:SaraikiLanguage,rdfs:subClassOf,owl:Thing
rc:TheoryOfRelativity,rdfs:subClassOf,rc:ScientificTheory
rc:TheoryOfRelativity,rdfs:subClassOf,owl:Thing
rc:AudioCassette,rdfs:subClassOf,rc:MagneticTapeCassette
rc:AudioCassette,rdfs:subClassOf,owl:Thing
rc:Order,rdfs:subClassOf,rc:AwardObject
rc:Order,rdfs:subClassOf,owl:Thing
rc:StudentLoan,rdfs:subClassOf,rc:LoanAgreement
rc:StudentLoan,rdfs:subClassOf,owl:Thing
rc:LanguageToponyms,rdfs:subClassOf,rc:CharacterizationsByLanguage
rc:LanguageToponyms,rdfs:subClassOf,owl:Thing
rc:IDString,rdfs:subClassOf,rc:IDObject
rc:IDString,rdfs:subClassOf,owl:Thing
rc:BurmeseWriting,rdfs:subClassOf,rc:WritingSystem
rc:BurmeseWriting,rdfs:subClassOf,owl:Thing
rc:Summons_UK,rdfs:subClassOf,rc:LegalDocument
rc:Summons_UK,rdfs:subClassOf,owl:Thing
rc:VALoan,rdfs:subClassOf,rc:GovernmentFundedRealEstateLoan
rc:VALoan,rdfs:subClassOf,owl:Thing
rc:DescribingSomething,rdfs:subClassOf,rc:ExpoundingSomething
rc:DescribingSomething,rdfs:subClassOf,owl:Thing
rc:NintendoEntertainmentSystemHardwareClone,rdfs:subClassOf,rc:NintendoEntertainmentSystem_TheProduct
rc:NintendoEntertainmentSystemHardwareClone,rdfs:subClassOf,owl:Thing
rc:PatternsInNature,rdfs:subClassOf,rc:Pattern
rc:PatternsInNature,rdfs:subClassOf,owl:Thing
rc:ComputerGameProgram_CardGame,rdfs:subClassOf,rc:ComputerGameProgram
rc:ComputerGameProgram_CardGame,rdfs:subClassOf,owl:Thing
rc:ChemicalEngineeringSoftware,rdfs:subClassOf,rc:EngineeringSoftware
rc:ChemicalEngineeringSoftware,rdfs:subClassOf,rc:IndustrialSoftware
rc:ChemicalEngineeringSoftware,rdfs:subClassOf,owl:Thing
rc:IntelligentComputerProgram,rdfs:subClassOf,rc:ArtificialIntelligenceProgram
rc:IntelligentComputerProgram,rdfs:subClassOf,owl:Thing
rc:PageOfPaper_IBO,rdfs:subClassOf,rc:Paper_IBO
rc:PageOfPaper_IBO,rdfs:subClassOf,rc:SheetOfPaper
rc:PageOfPaper_IBO,rdfs:subClassOf,owl:Thing
rc:Backlit,rdfs:subClassOf,kko:VisualInfo
rc:Backlit,rdfs:subClassOf,owl:Thing
rc:UMBEL,rdfs:subClassOf,rc:KnowledgeBase
rc:UMBEL,rdfs:subClassOf,owl:Thing
rc:Rumor_IBT,rdfs:subClassOf,rc:InformationBearingThing
rc:Rumor_IBT,rdfs:subClassOf,owl:Thing
rc:MultipleUserComputer,rdfs:subClassOf,rc:ClassOfComputer
rc:MultipleUserComputer,rdfs:subClassOf,owl:Thing
rc:BulgarianToponym,rdfs:subClassOf,rc:BulgarianTopics
rc:BulgarianToponym,rdfs:subClassOf,rc:LanguageToponyms
rc:BulgarianToponym,rdfs:subClassOf,owl:Thing
rc:SheetOfWritingPaper,rdfs:subClassOf,rc:SheetOfPaper
rc:SheetOfWritingPaper,rdfs:subClassOf,owl:Thing
rc:IconicInformation,rdfs:subClassOf,kko:Information
rc:IconicInformation,rdfs:subClassOf,owl:Thing
rc:ConsolidationLoan,rdfs:subClassOf,rc:LoanAgreement
rc:ConsolidationLoan,rdfs:subClassOf,owl:Thing
rc:SpecificPolishLetter,rdfs:subClassOf,rc:PolishTopics
rc:SpecificPolishLetter,rdfs:subClassOf,owl:Thing
rc:MosaicTool,rdfs:subClassOf,rc:Mosaic
rc:MosaicTool,rdfs:subClassOf,owl:Thing
rc:NewspaperIssue,rdfs:subClassOf,rc:PeriodicalIssue
rc:NewspaperIssue,rdfs:subClassOf,owl:Thing
rc:TuvaluanLanguage,rdfs:subClassOf,rc:MalayoPolynesianLanguages
rc:TuvaluanLanguage,rdfs:subClassOf,owl:Thing
rc:BluePage,rdfs:subClassOf,rc:PageOfPaper_IBO
rc:BluePage,rdfs:subClassOf,owl:Thing
rc:FloodReport,rdfs:subClassOf,rc:OfficialDocument
rc:FloodReport,rdfs:subClassOf,owl:Thing
rc:SarakoleLanguage,rdfs:subClassOf,rc:OtherLanguages
rc:SarakoleLanguage,rdfs:subClassOf,owl:Thing
rc:ProperNameString,rdfs:subClassOf,rc:ControlCharacterFreeString
rc:ProperNameString,rdfs:subClassOf,rc:IDString
rc:ProperNameString,rdfs:subClassOf,owl:Thing
rc:KhmerScript,rdfs:subClassOf,rc:ScriptsByLanguage
rc:KhmerScript,rdfs:subClassOf,owl:Thing
rc:MainframeComputer,rdfs:subClassOf,rc:MultipleUserComputer
rc:MainframeComputer,rdfs:subClassOf,owl:Thing
rc:DirectVALoan,rdfs:subClassOf,rc:VALoan
rc:DirectVALoan,rdfs:subClassOf,owl:Thing
rc:MalayalamTerm,rdfs:subClassOf,rc:LanguageTerm
rc:MalayalamTerm,rdfs:subClassOf,owl:Thing
rc:ChickenPlumagePattern,rdfs:subClassOf,rc:PatternsInNature
rc:ChickenPlumagePattern,rdfs:subClassOf,owl:Thing
rc:MeitheiLanguage,rdfs:subClassOf,rc:IndicLanguages
rc:MeitheiLanguage,rdfs:subClassOf,owl:Thing
rc:AshcanCopy,rdfs:subClassOf,rc:ComicBookIssue
rc:AshcanCopy,rdfs:subClassOf,owl:Thing
rc:PostmodernArt,rdfs:subClassOf,rc:ArtByPeriod
rc:PostmodernArt,rdfs:subClassOf,owl:Thing
rc:BiologicalDatabase,rdfs:subClassOf,rc:Database_AbstractContent
rc:BiologicalDatabase,rdfs:subClassOf,owl:Thing
rc:GermanAsOfficialLanguage,rdfs:subClassOf,rc:GermanTopics
rc:GermanAsOfficialLanguage,rdfs:subClassOf,rc:OfficialLanguage
rc:GermanAsOfficialLanguage,rdfs:subClassOf,owl:Thing
rc:UralicLanguages,rdfs:subClassOf,rc:LivingLanguage
rc:UralicLanguages,rdfs:subClassOf,owl:Thing
rc:NortheastCaucasianLanguage,rdfs:subClassOf,rc:CaucasianLanguages
rc:NortheastCaucasianLanguage,rdfs:subClassOf,owl:Thing
rc:FileComparisonProgram,rdfs:subClassOf,rc:FileReadingProgram
rc:FileComparisonProgram,rdfs:subClassOf,owl:Thing
rc:VideoGameProgram_BlackAndWhite,rdfs:subClassOf,rc:ComputerGameProgram_Graphical
rc:VideoGameProgram_BlackAndWhite,rdfs:subClassOf,owl:Thing
rc:IBM360Mainframe,rdfs:subClassOf,rc:MainframeComputer
rc:IBM360Mainframe,rdfs:subClassOf,owl:Thing
rc:VisualInformationBearingThing,rdfs:subClassOf,rc:IBTWithVisualElements
rc:VisualInformationBearingThing,rdfs:subClassOf,rc:IconicInformation
rc:VisualInformationBearingThing,rdfs:subClassOf,kko:VisualInfo
rc:VisualInformationBearingThing,rdfs:subClassOf,owl:Thing
rc:MalayalamWriting,rdfs:subClassOf,rc:WritingSystem
rc:MalayalamWriting,rdfs:subClassOf,owl:Thing
rc:ComputerGameProgram_ChildrensGame,rdfs:subClassOf,rc:ComputerGameProgram
rc:ComputerGameProgram_ChildrensGame,rdfs:subClassOf,owl:Thing
rc:EasterCard,rdfs:subClassOf,rc:ReligiousHolidayCard
rc:EasterCard,rdfs:subClassOf,owl:Thing
rc:MaotianshanShalesFossil,rdfs:subClassOf,rc:Fossil
rc:MaotianshanShalesFossil,rdfs:subClassOf,owl:Thing
rc:EpithetsOfDemeter,rdfs:subClassOf,rc:Epithet
rc:EpithetsOfDemeter,rdfs:subClassOf,owl:Thing
rc:UMLSyntaxObject,rdfs:subClassOf,rc:ProgramSyntaxObject
rc:UMLSyntaxObject,rdfs:subClassOf,owl:Thing
rc:AudioCassette_Blank,rdfs:subClassOf,rc:AudioCassette
rc:AudioCassette_Blank,rdfs:subClassOf,owl:Thing
rc:HardDisk,rdfs:subClassOf,rc:ComputerDisk
rc:HardDisk,rdfs:subClassOf,owl:Thing
rc:ComicStripAsArtForm,rdfs:subClassOf,rc:TwoDimensionalArtObject
rc:ComicStripAsArtForm,rdfs:subClassOf,owl:Thing
rc:ChurchSlavonicLanguage,rdfs:subClassOf,rc:SlavicLanguages
rc:ChurchSlavonicLanguage,rdfs:subClassOf,owl:Thing
rc:AlgebraicNumberTheory,rdfs:subClassOf,rc:NumberTheory
rc:AlgebraicNumberTheory,rdfs:subClassOf,owl:Thing
rc:FinnicLanguages,rdfs:subClassOf,rc:UralicLanguages
rc:FinnicLanguages,rdfs:subClassOf,owl:Thing
rc:IndigenousAmericanLanguages,rdfs:subClassOf,rc:LivingLanguage
rc:IndigenousAmericanLanguages,rdfs:subClassOf,owl:Thing
rc:GIFFile,rdfs:subClassOf,rc:ComputerImageFile
rc:GIFFile,rdfs:subClassOf,owl:Thing
rc:OtherIndoEuropeanLanguages,rdfs:subClassOf,rc:IndoEuropeanLanguages
rc:OtherIndoEuropeanLanguages,rdfs:subClassOf,owl:Thing
rc:Demographics,rdfs:subClassOf,rc:PropositionalInformationThing
rc:Demographics,rdfs:subClassOf,rc:StructurallySpecificWork
rc:Demographics,rdfs:subClassOf,owl:Thing
rc:ZaghawaLanguage,rdfs:subClassOf,rc:NiloSaharanLanguages
rc:ZaghawaLanguage,rdfs:subClassOf,owl:Thing
rc:ContextFreeGrammar,rdfs:subClassOf,rc:FormalGrammar
rc:ContextFreeGrammar,rdfs:subClassOf,owl:Thing
rc:MicrosoftEmailSoftware,rdfs:subClassOf,rc:ComputerProgramByVendor
rc:MicrosoftEmailSoftware,rdfs:subClassOf,rc:EMailProgram
rc:MicrosoftEmailSoftware,rdfs:subClassOf,owl:Thing
rc:UrduWordOrPhrase,rdfs:subClassOf,rc:WordOrPhraseByLanguage
rc:UrduWordOrPhrase,rdfs:subClassOf,owl:Thing
rc:ServiceRecord,rdfs:subClassOf,rc:PersonnelRecord
rc:ServiceRecord,rdfs:subClassOf,owl:Thing
rc:IndexCard,rdfs:subClassOf,rc:Card
rc:IndexCard,rdfs:subClassOf,owl:Thing
rc:UMLElement,rdfs:subClassOf,rc:UMLSyntaxObject
rc:UMLElement,rdfs:subClassOf,owl:Thing
rc:StillImageSource,rdfs:subClassOf,rc:VisualInformationBearingThing
rc:StillImageSource,rdfs:subClassOf,owl:Thing
rc:ThanksgivingTelevisionEpisode,rdfs:subClassOf,rc:TelevisionEpisode
rc:ThanksgivingTelevisionEpisode,rdfs:subClassOf,owl:Thing
rc:SupplyChainAnalytics,rdfs:subClassOf,rc:SupplyChainManagementSoftware
rc:SupplyChainAnalytics,rdfs:subClassOf,owl:Thing
rc:AlbanianLanguage,rdfs:subClassOf,rc:OtherIndoEuropeanLanguages
rc:AlbanianLanguage,rdfs:subClassOf,owl:Thing
rc:TenderObject,rdfs:subClassOf,rc:HumanAccessibleIBO
rc:TenderObject,rdfs:subClassOf,owl:Thing
rc:JSON,rdfs:subClassOf,rc:JavaScriptFile
rc:JSON,rdfs:subClassOf,rc:JavaScriptProgrammingLanguage
rc:JSON,rdfs:subClassOf,owl:Thing
rc:OnlineCasino,rdfs:subClassOf,rc:WebSite
rc:OnlineCasino,rdfs:subClassOf,owl:Thing
rc:NomlakiLanguage,rdfs:subClassOf,rc:OtherAmericanLanguages
rc:NomlakiLanguage,rdfs:subClassOf,owl:Thing
rc:PortalSoftware,rdfs:subClassOf,rc:BusinessComputerProgram
rc:PortalSoftware,rdfs:subClassOf,owl:Thing
rc:FreeEducationalSoftware,rdfs:subClassOf,rc:EducationalComputerProgram
rc:FreeEducationalSoftware,rdfs:subClassOf,owl:Thing
rc:EstonianLanguage,rdfs:subClassOf,rc:FinnicLanguages
rc:EstonianLanguage,rdfs:subClassOf,owl:Thing
rc:MapCopy,rdfs:subClassOf,rc:Infographic
rc:MapCopy,rdfs:subClassOf,owl:Thing
rc:SexualityInPopularCulture,rdfs:subClassOf,rc:Erotica
rc:SexualityInPopularCulture,rdfs:subClassOf,owl:Thing
rc:LowerCaseLetter,rdfs:subClassOf,rc:Letter_Alphabetic
rc:LowerCaseLetter,rdfs:subClassOf,owl:Thing
rc:UnixShell,rdfs:subClassOf,rc:ShellProgram
rc:UnixShell,rdfs:subClassOf,owl:Thing
rc:EcologicalData,rdfs:subClassOf,rc:Data
rc:EcologicalData,rdfs:subClassOf,rc:Database_AbstractContent
rc:EcologicalData,rdfs:subClassOf,owl:Thing
rc:Principles,rdfs:subClassOf,rc:PropositionalInformationThing
rc:Principles,rdfs:subClassOf,owl:Thing
rc:Slang,rdfs:subClassOf,rc:FormalityOfSpeech
rc:Slang,rdfs:subClassOf,rc:Terminology
rc:Slang,rdfs:subClassOf,owl:Thing
rc:SonyPlayStation3_TheProduct,rdfs:subClassOf,rc:VideoGameSystem
rc:SonyPlayStation3_TheProduct,rdfs:subClassOf,owl:Thing
rc:SpecificationLanguage,rdfs:subClassOf,rc:ArtificialLanguage_Formal
rc:SpecificationLanguage,rdfs:subClassOf,owl:Thing
rc:OrderForm,rdfs:subClassOf,rc:Form_StandardizedIBO
rc:OrderForm,rdfs:subClassOf,owl:Thing
rc:MosaicsOfDelos,rdfs:subClassOf,rc:Mosaic
rc:MosaicsOfDelos,rdfs:subClassOf,owl:Thing
rc:DemographicsOfAsia,rdfs:subClassOf,rc:Demographics
rc:DemographicsOfAsia,rdfs:subClassOf,owl:Thing
rc:MicrosoftOfficeXP,rdfs:subClassOf,rc:MSOffice
rc:MicrosoftOfficeXP,rdfs:subClassOf,owl:Thing
rc:MakingACriminalCharge,rdfs:subClassOf,rc:Accusing
rc:MakingACriminalCharge,rdfs:subClassOf,owl:Thing
rc:HumanMaleGivenName,rdfs:subClassOf,rc:HumanGivenName
rc:HumanMaleGivenName,rdfs:subClassOf,owl:Thing
rc:FictionalLanguage,rdfs:subClassOf,rc:Language
rc:FictionalLanguage,rdfs:subClassOf,owl:Thing
rc:FinancialAccountTenderObject,rdfs:subClassOf,rc:TenderObject
rc:FinancialAccountTenderObject,rdfs:subClassOf,owl:Thing
rc:StanleyCup,rdfs:subClassOf,rc:Trophy
rc:StanleyCup,rdfs:subClassOf,owl:Thing
rc:GolfRecordOrRanking,rdfs:subClassOf,rc:Golf
rc:GolfRecordOrRanking,rdfs:subClassOf,rc:Ranking
rc:GolfRecordOrRanking,rdfs:subClassOf,owl:Thing
rc:GIFFile_Animated,rdfs:subClassOf,rc:GIFFile
rc:GIFFile_Animated,rdfs:subClassOf,owl:Thing
rc:CantLanguage,rdfs:subClassOf,rc:Slang
rc:CantLanguage,rdfs:subClassOf,owl:Thing
rc:ProvencalLanguage,rdfs:subClassOf,rc:RomanceLanguages
rc:ProvencalLanguage,rdfs:subClassOf,owl:Thing
rc:Erotica,rdfs:subClassOf,rc:SexualProduct
rc:Erotica,rdfs:subClassOf,owl:Thing
rc:PolicyDocument,rdfs:subClassOf,rc:OfficialDocument
rc:PolicyDocument,rdfs:subClassOf,owl:Thing
rc:UnixSignal,rdfs:subClassOf,rc:Unix
rc:UnixSignal,rdfs:subClassOf,owl:Thing
rc:ContextSensitiveGrammar,rdfs:subClassOf,rc:FormalGrammar
rc:ContextSensitiveGrammar,rdfs:subClassOf,owl:Thing
rc:PlayStation3Accessory,rdfs:subClassOf,rc:SonyPlayStation3_TheProduct
rc:PlayStation3Accessory,rdfs:subClassOf,owl:Thing
rc:NintendoGameCubeAccessory,rdfs:subClassOf,rc:Gamecube
rc:NintendoGameCubeAccessory,rdfs:subClassOf,owl:Thing
rc:EstonianDialect,rdfs:subClassOf,rc:EstonianLanguage
rc:EstonianDialect,rdfs:subClassOf,rc:LanguageDialect
rc:EstonianDialect,rdfs:subClassOf,owl:Thing
rc:MarkerPlate,rdfs:subClassOf,rc:Signage
rc:MarkerPlate,rdfs:subClassOf,owl:Thing
rc:DevanagariWriting,rdfs:subClassOf,rc:WritingSystem
rc:DevanagariWriting,rdfs:subClassOf,owl:Thing
rc:Impeachment,rdfs:subClassOf,rc:MakingACriminalCharge
rc:Impeachment,rdfs:subClassOf,owl:Thing
rc:BaseballTerminology,rdfs:subClassOf,rc:SportsTerminology
rc:BaseballTerminology,rdfs:subClassOf,owl:Thing
rc:MazanderaniLanguage,rdfs:subClassOf,rc:IranianLanguages
rc:MazanderaniLanguage,rdfs:subClassOf,owl:Thing
rc:OscoUmbrianLanguage,rdfs:subClassOf,rc:ItalicLanguages
rc:OscoUmbrianLanguage,rdfs:subClassOf,owl:Thing
rc:Currency,rdfs:subClassOf,rc:HardcopyInformationBearingObject
rc:Currency,rdfs:subClassOf,rc:TenderObject
rc:Currency,rdfs:subClassOf,owl:Thing
rc:TupianLanguages,rdfs:subClassOf,rc:IndigenousAmericanLanguages
rc:TupianLanguages,rdfs:subClassOf,owl:Thing
rc:EroticArt,rdfs:subClassOf,rc:Art
rc:EroticArt,rdfs:subClassOf,rc:Erotica
rc:EroticArt,rdfs:subClassOf,owl:Thing
rc:J_TheLetter,rdfs:subClassOf,rc:LatinScript
rc:J_TheLetter,rdfs:subClassOf,owl:Thing
rc:SelfOrganization,rdfs:subClassOf,rc:ChaosTheory
rc:SelfOrganization,rdfs:subClassOf,owl:Thing
rc:KhmuLanguage,rdfs:subClassOf,rc:MonKhmerLanguages
rc:KhmuLanguage,rdfs:subClassOf,owl:Thing
rc:MahajaniCursive,rdfs:subClassOf,rc:CursiveStyleOfWriting
rc:MahajaniCursive,rdfs:subClassOf,owl:Thing
rc:Receipt,rdfs:subClassOf,rc:FinancialAccountTenderObject
rc:Receipt,rdfs:subClassOf,rc:OfficialDocument
rc:Receipt,rdfs:subClassOf,owl:Thing
rc:BulgarianWordOrPhrase,rdfs:subClassOf,rc:BulgarianTopics
rc:BulgarianWordOrPhrase,rdfs:subClassOf,rc:WordOrPhraseByLanguage
rc:BulgarianWordOrPhrase,rdfs:subClassOf,owl:Thing
rc:PersianWordOrPhrase,rdfs:subClassOf,rc:WordOrPhraseByLanguage
rc:PersianWordOrPhrase,rdfs:subClassOf,owl:Thing
rc:Website,rdfs:subClassOf,rc:WorldWideWeb_DynamicIndexedInfoSource
rc:Website,rdfs:subClassOf,owl:Thing
rc:StudentLoanSystemsByCountry,rdfs:subClassOf,rc:FinancialAidAgreement
rc:StudentLoanSystemsByCountry,rdfs:subClassOf,owl:Thing
rc:NetworkInformationSystem,rdfs:subClassOf,rc:InformationSystem
rc:NetworkInformationSystem,rdfs:subClassOf,owl:Thing
rc:JuniorIceHockey,rdfs:subClassOf,rc:IceHockey
rc:JuniorIceHockey,rdfs:subClassOf,owl:Thing
rc:Tune,rdfs:subClassOf,rc:MusicalComposition
rc:Tune,rdfs:subClassOf,owl:Thing
rc:FileCompressionProgram,rdfs:subClassOf,rc:FileSystemManagementProgram
rc:FileCompressionProgram,rdfs:subClassOf,owl:Thing
rc:E_TheLetter,rdfs:subClassOf,rc:LatinScript
rc:E_TheLetter,rdfs:subClassOf,owl:Thing
rc:ByzantineGreekLanguage,rdfs:subClassOf,rc:ClassicMedievalLanguages
rc:ByzantineGreekLanguage,rdfs:subClassOf,owl:Thing
rc:CelticFusion,rdfs:subClassOf,rc:MusicalComposition_Celtic
rc:CelticFusion,rdfs:subClassOf,owl:Thing
rc:DBpedia,rdfs:subClassOf,rc:KnowledgeBase
rc:DBpedia,rdfs:subClassOf,owl:Thing
rc:AguarunaLanguage,rdfs:subClassOf,rc:TupianLanguages
rc:AguarunaLanguage,rdfs:subClassOf,owl:Thing
rc:CrowLanguage,rdfs:subClassOf,rc:SiouanLanguages
rc:CrowLanguage,rdfs:subClassOf,owl:Thing
rc:GermanBasedPidginsAndCreoles,rdfs:subClassOf,rc:PidginLanguage
rc:GermanBasedPidginsAndCreoles,rdfs:subClassOf,owl:Thing
rc:ClassicalMusic,rdfs:subClassOf,rc:MusicTypeByGenre
rc:ClassicalMusic,rdfs:subClassOf,owl:Thing
rc:IceHockeyStrategy,rdfs:subClassOf,rc:IceHockey
rc:IceHockeyStrategy,rdfs:subClassOf,owl:Thing
rc:BengaliTopics,rdfs:subClassOf,rc:LanguageSpecificTopics
rc:BengaliTopics,rdfs:subClassOf,owl:Thing
rc:AudioClip,rdfs:subClassOf,rc:AudioRecordedObject
rc:AudioClip,rdfs:subClassOf,owl:Thing
rc:NewspaperSeries,rdfs:subClassOf,rc:Newspaper
rc:NewspaperSeries,rdfs:subClassOf,owl:Thing
rc:AssyrianLanguage,rdfs:subClassOf,rc:AncientLanguages
rc:AssyrianLanguage,rdfs:subClassOf,owl:Thing
rc:Rune,rdfs:subClassOf,rc:CharacterStringToken
rc:Rune,rdfs:subClassOf,owl:Thing
rc:DevanagariLetter,rdfs:subClassOf,rc:DevanagariWriting
rc:DevanagariLetter,rdfs:subClassOf,rc:MahajaniCursive
rc:DevanagariLetter,rdfs:subClassOf,owl:Thing
rc:ComputerGameProgram_DrivingSimulation,rdfs:subClassOf,rc:ComputerGameProgram
rc:ComputerGameProgram_DrivingSimulation,rdfs:subClassOf,owl:Thing
rc:TokPisinCreoleLanguage,rdfs:subClassOf,rc:CreoleLanguage
rc:TokPisinCreoleLanguage,rdfs:subClassOf,owl:Thing
rc:EpithetsOfHades,rdfs:subClassOf,rc:Epithet
rc:EpithetsOfHades,rdfs:subClassOf,owl:Thing
rc:CantabrianMusic,rdfs:subClassOf,rc:MusicByRegion
rc:CantabrianMusic,rdfs:subClassOf,owl:Thing
rc:ImpeachmentInThePhilippines,rdfs:subClassOf,rc:Impeachment
rc:ImpeachmentInThePhilippines,rdfs:subClassOf,owl:Thing
rc:VideoGamesThatUseFigurines,rdfs:subClassOf,rc:Figurine
rc:VideoGamesThatUseFigurines,rdfs:subClassOf,owl:Thing
rc:LibraryFile,rdfs:subClassOf,rc:ComputerFile
rc:LibraryFile,rdfs:subClassOf,owl:Thing
rc:OSX,rdfs:subClassOf,rc:MacOS
rc:OSX,rdfs:subClassOf,owl:Thing
rc:ScholarlySearchService,rdfs:subClassOf,rc:ScholarlyArticle
rc:ScholarlySearchService,rdfs:subClassOf,owl:Thing
rc:FileTranslationProgram,rdfs:subClassOf,rc:UtilityProgram
rc:FileTranslationProgram,rdfs:subClassOf,owl:Thing
rc:ClassicalMusic_Baroque,rdfs:subClassOf,rc:ClassicalMusic
rc:ClassicalMusic_Baroque,rdfs:subClassOf,owl:Thing
rc:DemographicsOfCroatia,rdfs:subClassOf,rc:Demographics
rc:DemographicsOfCroatia,rdfs:subClassOf,owl:Thing
rc:CollectionPage,rdfs:subClassOf,rc:WebPage
rc:CollectionPage,rdfs:subClassOf,owl:Thing
rc:SoftwareProgrammedinJava,rdfs:subClassOf,rc:JavaProgrammingLanguage
rc:SoftwareProgrammedinJava,rdfs:subClassOf,owl:Thing
rc:WelshGrammar,rdfs:subClassOf,rc:LanguageGrammars
rc:WelshGrammar,rdfs:subClassOf,owl:Thing
rc:BillForServices,rdfs:subClassOf,rc:Bill_PaymentRequest
rc:BillForServices,rdfs:subClassOf,rc:HumanAccessibleIBO
rc:BillForServices,rdfs:subClassOf,owl:Thing
rc:SoftwareAgent,rdfs:subClassOf,rc:ComputerCodeCopy
rc:SoftwareAgent,rdfs:subClassOf,owl:Thing
rc:ComputerSoftwareLibrary,rdfs:subClassOf,rc:ComputerCode_Source
rc:ComputerSoftwareLibrary,rdfs:subClassOf,rc:LibraryFile
rc:ComputerSoftwareLibrary,rdfs:subClassOf,rc:SoftwareObject
rc:ComputerSoftwareLibrary,rdfs:subClassOf,owl:Thing
rc:UMLModelElement,rdfs:subClassOf,rc:UMLElement
rc:UMLModelElement,rdfs:subClassOf,owl:Thing
rc:EpithetsOfHelios,rdfs:subClassOf,rc:Epithet
rc:EpithetsOfHelios,rdfs:subClassOf,owl:Thing
rc:WrestlingAnimeAndManga,rdfs:subClassOf,rc:Manga
rc:WrestlingAnimeAndManga,rdfs:subClassOf,owl:Thing
rc:TransactionalNetwork,rdfs:subClassOf,rc:NetworkInformationSystem
rc:TransactionalNetwork,rdfs:subClassOf,owl:Thing
rc:SubgroupProperty,rdfs:subClassOf,rc:GroupTheory
rc:SubgroupProperty,rdfs:subClassOf,rc:Subordinate
rc:SubgroupProperty,rdfs:subClassOf,owl:Thing
rc:PolicyLoan,rdfs:subClassOf,rc:SecuredLoan
rc:PolicyLoan,rdfs:subClassOf,owl:Thing
rc:Souvenir,rdfs:subClassOf,rc:Memento
rc:Souvenir,rdfs:subClassOf,owl:Thing
rc:GISData_AIS,rdfs:subClassOf,rc:StructuredKnowledgeSource
rc:GISData_AIS,rdfs:subClassOf,owl:Thing
rc:MusicalComposition_Baroque,rdfs:subClassOf,rc:MusicalComposition_Classical
rc:MusicalComposition_Baroque,rdfs:subClassOf,owl:Thing
rc:CriticalPhenomena,rdfs:subClassOf,rc:QuantumFieldTheory
rc:CriticalPhenomena,rdfs:subClassOf,owl:Thing
rc:ElectricFolk,rdfs:subClassOf,rc:FolkRockMusic
rc:ElectricFolk,rdfs:subClassOf,rc:MusicTypeOpenGenre
rc:ElectricFolk,rdfs:subClassOf,owl:Thing
rc:ZoqueLanguage,rdfs:subClassOf,rc:MixeZoqueLanguages
rc:ZoqueLanguage,rdfs:subClassOf,owl:Thing
rc:ConsonanceAndDissonance,rdfs:subClassOf,rc:Tune
rc:ConsonanceAndDissonance,rdfs:subClassOf,owl:Thing
rc:EasterEggProgram,rdfs:subClassOf,rc:ComputerProgramModule
rc:EasterEggProgram,rdfs:subClassOf,rc:DiversionaryComputerProgram
rc:EasterEggProgram,rdfs:subClassOf,owl:Thing
rc:OrderOfCanada,rdfs:subClassOf,rc:MilitaryAwardOrDecoration
rc:OrderOfCanada,rdfs:subClassOf,owl:Thing
rc:PETComputer,rdfs:subClassOf,rc:PersonalComputer
rc:PETComputer,rdfs:subClassOf,owl:Thing
rc:LinguisticConceptExtraction,rdfs:subClassOf,rc:LanguageProcessing
rc:LinguisticConceptExtraction,rdfs:subClassOf,owl:Thing
rc:VAX,rdfs:subClassOf,rc:Minicomputer
rc:VAX,rdfs:subClassOf,owl:Thing
rc:BengaliLanguage,rdfs:subClassOf,rc:BengaliTopics
rc:BengaliLanguage,rdfs:subClassOf,rc:IndicLanguages
rc:BengaliLanguage,rdfs:subClassOf,owl:Thing
rc:UMLNamespace,rdfs:subClassOf,rc:UMLModelElement
rc:UMLNamespace,rdfs:subClassOf,owl:Thing
rc:PlayStation3Software,rdfs:subClassOf,rc:ComputerProgramByVendor
rc:PlayStation3Software,rdfs:subClassOf,owl:Thing
rc:KoryakLanguage,rdfs:subClassOf,rc:OtherLanguages
rc:KoryakLanguage,rdfs:subClassOf,owl:Thing
rc:PianoCompositionsInTheRomanticEra,rdfs:subClassOf,rc:MusicalComposition_Romantic
rc:PianoCompositionsInTheRomanticEra,rdfs:subClassOf,owl:Thing
rc:PreparingFinancialRecords,rdfs:subClassOf,rc:InformationRecordingProcess
rc:PreparingFinancialRecords,rdfs:subClassOf,owl:Thing
rc:InternetSafety,rdfs:subClassOf,rc:WorldWideWeb_DynamicIndexedInfoSource
rc:InternetSafety,rdfs:subClassOf,owl:Thing
rc:AllegoricalPainting,rdfs:subClassOf,rc:Painting_ArtForm
rc:AllegoricalPainting,rdfs:subClassOf,owl:Thing
rc:BaroqueMusicManuscriptSource,rdfs:subClassOf,rc:ClassicalMusic_Baroque
rc:BaroqueMusicManuscriptSource,rdfs:subClassOf,rc:MusicalComposition_Baroque
rc:BaroqueMusicManuscriptSource,rdfs:subClassOf,owl:Thing
rc:Crystallizing,rdfs:subClassOf,rc:SelfOrganization
rc:Crystallizing,rdfs:subClassOf,owl:Thing
rc:QuadraticForm,rdfs:subClassOf,rc:NumberTheory
rc:QuadraticForm,rdfs:subClassOf,owl:Thing
rc:SlangDictionary,rdfs:subClassOf,rc:Dictionary
rc:SlangDictionary,rdfs:subClassOf,owl:Thing
rc:KhoBwaLanguage,rdfs:subClassOf,rc:SinoTibetanLanguages
rc:KhoBwaLanguage,rdfs:subClassOf,owl:Thing
rc:ChatterBot,rdfs:subClassOf,rc:SoftwareAgent
rc:ChatterBot,rdfs:subClassOf,owl:Thing
rc:HedgeFundShare,rdfs:subClassOf,rc:DerivativeSecurity
rc:HedgeFundShare,rdfs:subClassOf,owl:Thing
rc:UnixSoftware,rdfs:subClassOf,rc:Unix
rc:UnixSoftware,rdfs:subClassOf,owl:Thing
rc:NewspaperTerminology,rdfs:subClassOf,rc:TechnicalTerminology
rc:NewspaperTerminology,rdfs:subClassOf,owl:Thing
rc:EroticDance,rdfs:subClassOf,rc:Erotica
rc:EroticDance,rdfs:subClassOf,owl:Thing
rc:WebstersDictionary,rdfs:subClassOf,rc:Dictionary
rc:WebstersDictionary,rdfs:subClassOf,owl:Thing
rc:WikiWiki,rdfs:subClassOf,rc:DynamicIndexedInfoSource
rc:WikiWiki,rdfs:subClassOf,owl:Thing
rc:DecoderProgram,rdfs:subClassOf,rc:FileTranslationProgram
rc:DecoderProgram,rdfs:subClassOf,owl:Thing
rc:CelticInscription,rdfs:subClassOf,rc:DeadScripts
rc:CelticInscription,rdfs:subClassOf,rc:Inscription
rc:CelticInscription,rdfs:subClassOf,owl:Thing
rc:IllinoisLanguage,rdfs:subClassOf,rc:AlgonquianLanguages
rc:IllinoisLanguage,rdfs:subClassOf,owl:Thing
rc:ComputerGameProgram_Family,rdfs:subClassOf,rc:ComputerGameProgram
rc:ComputerGameProgram_Family,rdfs:subClassOf,owl:Thing
rc:ImpeachmentInTheUnitedStates,rdfs:subClassOf,rc:Impeachment
rc:ImpeachmentInTheUnitedStates,rdfs:subClassOf,owl:Thing
rc:NationalVarietiesOfGerman,rdfs:subClassOf,rc:GermanLanguage
rc:NationalVarietiesOfGerman,rdfs:subClassOf,owl:Thing
rc:OSXGraphicsRelatedSoftware,rdfs:subClassOf,rc:GraphicsEditingProgram
rc:OSXGraphicsRelatedSoftware,rdfs:subClassOf,owl:Thing
rc:GolfStroke,rdfs:subClassOf,rc:Golf
rc:GolfStroke,rdfs:subClassOf,owl:Thing
rc:Description_SpeechAct,rdfs:subClassOf,rc:DescribingSomething
rc:Description_SpeechAct,rdfs:subClassOf,owl:Thing
rc:TandyComputer,rdfs:subClassOf,rc:PersonalComputer
rc:TandyComputer,rdfs:subClassOf,owl:Thing
rc:IBMCompatiblePC,rdfs:subClassOf,rc:PersonalComputer
rc:IBMCompatiblePC,rdfs:subClassOf,owl:Thing
rc:LanglandsProgram,rdfs:subClassOf,rc:NumberTheory
rc:LanglandsProgram,rdfs:subClassOf,owl:Thing
rc:FileDecompressionProgram,rdfs:subClassOf,rc:DecoderProgram
rc:FileDecompressionProgram,rdfs:subClassOf,rc:FileSystemManagementProgram
rc:FileDecompressionProgram,rdfs:subClassOf,owl:Thing
rc:GeneticInformationStructure,rdfs:subClassOf,rc:GeneticInformation
rc:GeneticInformationStructure,rdfs:subClassOf,owl:Thing
rc:PangasinanLanguage,rdfs:subClassOf,rc:MalayoPolynesianLanguages
rc:PangasinanLanguage,rdfs:subClassOf,owl:Thing
rc:Golf,rdfs:subClassOf,rc:SportsGame
rc:Golf,rdfs:subClassOf,owl:Thing
rc:CommodoreComputer,rdfs:subClassOf,rc:PersonalComputer
rc:CommodoreComputer,rdfs:subClassOf,owl:Thing
rc:WelshLanguage,rdfs:subClassOf,rc:CelticLanguages
rc:WelshLanguage,rdfs:subClassOf,owl:Thing
rc:DevelopmentProgram,rdfs:subClassOf,rc:DesignProgram
rc:DevelopmentProgram,rdfs:subClassOf,owl:Thing
rc:BengaliLanguageMovement,rdfs:subClassOf,rc:BengaliTopics
rc:BengaliLanguageMovement,rdfs:subClassOf,owl:Thing
rc:Chant,rdfs:subClassOf,rc:MusicalComposition_Religious
rc:Chant,rdfs:subClassOf,owl:Thing
rc:IBMComputer,rdfs:subClassOf,rc:IBMCompatiblePC
rc:IBMComputer,rdfs:subClassOf,owl:Thing
rc:BookSeries,rdfs:subClassOf,rc:PublishedConceptualWork
rc:BookSeries,rdfs:subClassOf,rc:WrittenMediaSeriesProduct
rc:BookSeries,rdfs:subClassOf,owl:Thing
rc:SpanishBasedPidginsAndCreoles,rdfs:subClassOf,rc:PidginLanguage
rc:SpanishBasedPidginsAndCreoles,rdfs:subClassOf,rc:SpanishTopics
rc:SpanishBasedPidginsAndCreoles,rdfs:subClassOf,owl:Thing
rc:KhoeLanguage,rdfs:subClassOf,rc:KhoisanLanguages
rc:KhoeLanguage,rdfs:subClassOf,owl:Thing
rc:SlangOfTheSouthernUnitedStates,rdfs:subClassOf,rc:Slang
rc:SlangOfTheSouthernUnitedStates,rdfs:subClassOf,owl:Thing
rc:IceHockeyTerminology,rdfs:subClassOf,rc:SportsTerminology
rc:IceHockeyTerminology,rdfs:subClassOf,owl:Thing
rc:DevanagariScriptHelpPage,rdfs:subClassOf,rc:DevanagariWriting
rc:DevanagariScriptHelpPage,rdfs:subClassOf,rc:MahajaniCursive
rc:DevanagariScriptHelpPage,rdfs:subClassOf,owl:Thing
rc:Commodore128,rdfs:subClassOf,rc:CommodoreComputer
rc:Commodore128,rdfs:subClassOf,owl:Thing
rc:WordlessNovel,rdfs:subClassOf,rc:Cartoon_Still
rc:WordlessNovel,rdfs:subClassOf,owl:Thing
rc:DHCPProgram,rdfs:subClassOf,rc:NetworkingProgram
rc:DHCPProgram,rdfs:subClassOf,owl:Thing
rc:USSupremeCourtDemographic,rdfs:subClassOf,rc:Demographics
rc:USSupremeCourtDemographic,rdfs:subClassOf,owl:Thing
rc:AlbanianWordOrPhrase,rdfs:subClassOf,rc:WordOrPhraseByLanguage
rc:AlbanianWordOrPhrase,rdfs:subClassOf,owl:Thing
rc:Nucleotide_GIS,rdfs:subClassOf,rc:GeneticInformationStructure
rc:Nucleotide_GIS,rdfs:subClassOf,owl:Thing
rc:ChessProgram,rdfs:subClassOf,rc:BoardGameProgram
rc:ChessProgram,rdfs:subClassOf,owl:Thing
rc:RecordedIBO,rdfs:subClassOf,rc:InformationBearingObject
rc:RecordedIBO,rdfs:subClassOf,kko:AudioInfo
rc:RecordedIBO,rdfs:subClassOf,owl:Thing
rc:Message,rdfs:subClassOf,rc:Document
rc:Message,rdfs:subClassOf,owl:Thing
rc:StructuredMediaSeriesProduct,rdfs:subClassOf,rc:MediaSeriesProduct
rc:StructuredMediaSeriesProduct,rdfs:subClassOf,rc:StructuredMediaProduct
rc:StructuredMediaSeriesProduct,rdfs:subClassOf,owl:Thing
rc:EncodingOfJapanese,rdfs:subClassOf,rc:JapaneseLanguage
rc:EncodingOfJapanese,rdfs:subClassOf,owl:Thing
rc:GeographicInformationSystem,rdfs:subClassOf,rc:EducationalReferenceSoftware
rc:GeographicInformationSystem,rdfs:subClassOf,rc:EngineeringSoftware
rc:GeographicInformationSystem,rdfs:subClassOf,rc:GraphicsSoftware
rc:GeographicInformationSystem,rdfs:subClassOf,owl:Thing
rc:Compiler,rdfs:subClassOf,rc:BatchProgram
rc:Compiler,rdfs:subClassOf,rc:DecoderProgram
rc:Compiler,rdfs:subClassOf,rc:DevelopmentProgram
rc:Compiler,rdfs:subClassOf,rc:ProgrammingLanguageImplementation
rc:Compiler,rdfs:subClassOf,owl:Thing
rc:InternetSearch,rdfs:subClassOf,rc:WorldWideWeb_DynamicIndexedInfoSource
rc:InternetSearch,rdfs:subClassOf,owl:Thing
rc:DemographicsOfEurope,rdfs:subClassOf,rc:Demographics
rc:DemographicsOfEurope,rdfs:subClassOf,owl:Thing
rc:DescriptiveSetTheory,rdfs:subClassOf,rc:SetTheory
rc:DescriptiveSetTheory,rdfs:subClassOf,owl:Thing
rc:IBMAptivaComputer,rdfs:subClassOf,rc:DesktopComputer
rc:IBMAptivaComputer,rdfs:subClassOf,rc:IBMComputer
rc:IBMAptivaComputer,rdfs:subClassOf,owl:Thing
rc:EpithetsOfHephaestus,rdfs:subClassOf,rc:Epithet
rc:EpithetsOfHephaestus,rdfs:subClassOf,owl:Thing
rc:MinisculeCursive,rdfs:subClassOf,rc:CursiveStyleOfWriting
rc:MinisculeCursive,rdfs:subClassOf,owl:Thing
rc:DomainDecompositionMethod,rdfs:subClassOf,rc:ParallelArchitecture
rc:DomainDecompositionMethod,rdfs:subClassOf,owl:Thing
rc:RecordingOfWaveIBT,rdfs:subClassOf,rc:InformationBearingObject
rc:RecordingOfWaveIBT,rdfs:subClassOf,owl:Thing
rc:ScholasticAptitudeTest,rdfs:subClassOf,rc:CollegeEntranceTest
rc:ScholasticAptitudeTest,rdfs:subClassOf,owl:Thing
rc:UnicodeTypeface,rdfs:subClassOf,rc:Typeface
rc:UnicodeTypeface,rdfs:subClassOf,rc:UnicodeStandard
rc:UnicodeTypeface,rdfs:subClassOf,owl:Thing
rc:JapaneseTvSeries,rdfs:subClassOf,rc:TVSeriesProduct
rc:JapaneseTvSeries,rdfs:subClassOf,owl:Thing
rc:Urelement,rdfs:subClassOf,rc:SetTheory
rc:Urelement,rdfs:subClassOf,owl:Thing
rc:GISProgram,rdfs:subClassOf,rc:GeographicInformationSystem
rc:GISProgram,rdfs:subClassOf,owl:Thing
rc:PhysicalPrinciple,rdfs:subClassOf,rc:Proposition
rc:PhysicalPrinciple,rdfs:subClassOf,owl:Thing
rc:EstonianLanguageSurname,rdfs:subClassOf,rc:EstonianLanguage
rc:EstonianLanguageSurname,rdfs:subClassOf,rc:HumanSurname
rc:EstonianLanguageSurname,rdfs:subClassOf,owl:Thing
rc:DNASequence,rdfs:subClassOf,rc:Nucleotide_GIS
rc:DNASequence,rdfs:subClassOf,owl:Thing
rc:Ipad_4thGeneration,rdfs:subClassOf,rc:IPad
rc:Ipad_4thGeneration,rdfs:subClassOf,owl:Thing
rc:TelnetProgram,rdfs:subClassOf,rc:NetworkingProgram
rc:TelnetProgram,rdfs:subClassOf,owl:Thing
rc:ContextualizedInformationStructure,rdfs:subClassOf,rc:AbstractStructure
rc:ContextualizedInformationStructure,rdfs:subClassOf,owl:Thing
rc:VideoGameSeries,rdfs:subClassOf,rc:ComputerGameProgram_Graphical
rc:VideoGameSeries,rdfs:subClassOf,rc:StructuredMediaSeriesProduct
rc:VideoGameSeries,rdfs:subClassOf,owl:Thing
rc:EgyptianArabicLanguage,rdfs:subClassOf,rc:ArabicLanguage
rc:EgyptianArabicLanguage,rdfs:subClassOf,owl:Thing
rc:MicrosoftSoftwarePatch,rdfs:subClassOf,rc:ComputerPatchProgram
rc:MicrosoftSoftwarePatch,rdfs:subClassOf,owl:Thing
rc:HumanNameSuffix,rdfs:subClassOf,rc:CommunicationConvention
rc:HumanNameSuffix,rdfs:subClassOf,owl:Thing
rc:DigitalSubscriberLine,rdfs:subClassOf,rc:CommunicationProtocol
rc:DigitalSubscriberLine,rdfs:subClassOf,owl:Thing
rc:StudentVisa_Document,rdfs:subClassOf,rc:Visa_Document
rc:StudentVisa_Document,rdfs:subClassOf,owl:Thing
rc:BudgetDescriptionDocument,rdfs:subClassOf,rc:BusinessRelatedDocumentOrAgreement
rc:BudgetDescriptionDocument,rdfs:subClassOf,rc:WebPage
rc:BudgetDescriptionDocument,rdfs:subClassOf,owl:Thing
rc:MusicalsBasedOnAnimeAndManga,rdfs:subClassOf,rc:Anime
rc:MusicalsBasedOnAnimeAndManga,rdfs:subClassOf,owl:Thing
rc:Abbreviation,rdfs:subClassOf,rc:ProperNameString
rc:Abbreviation,rdfs:subClassOf,owl:Thing
rc:GolfTerminology,rdfs:subClassOf,rc:SportsTerminology
rc:GolfTerminology,rdfs:subClassOf,owl:Thing
rc:JapaneseVocabulary,rdfs:subClassOf,rc:JapaneseLanguage
rc:JapaneseVocabulary,rdfs:subClassOf,owl:Thing
rc:BabylonianLanguage,rdfs:subClassOf,rc:AncientLanguages
rc:BabylonianLanguage,rdfs:subClassOf,owl:Thing
rc:Proposition_True,rdfs:subClassOf,rc:Proposition
rc:Proposition_True,rdfs:subClassOf,owl:Thing
rc:AirplaneTicket,rdfs:subClassOf,rc:Ticket
rc:AirplaneTicket,rdfs:subClassOf,owl:Thing
rc:AmateurGolf,rdfs:subClassOf,rc:Golf
rc:AmateurGolf,rdfs:subClassOf,owl:Thing
rc:PrintReproduction,rdfs:subClassOf,rc:Graphic_VisualIBT
rc:PrintReproduction,rdfs:subClassOf,owl:Thing
rc:BaroquePop,rdfs:subClassOf,rc:PopMusicGenre
rc:BaroquePop,rdfs:subClassOf,owl:Thing
rc:VideoRecordedObject,rdfs:subClassOf,rc:AVMediaProduct
rc:VideoRecordedObject,rdfs:subClassOf,rc:PublishedMaterial
rc:VideoRecordedObject,rdfs:subClassOf,rc:RecordedIBO
rc:VideoRecordedObject,rdfs:subClassOf,rc:RecordingOfWaveIBT
rc:VideoRecordedObject,rdfs:subClassOf,kko:VisualInfo
rc:VideoRecordedObject,rdfs:subClassOf,owl:Thing
rc:EroticDramaMovie,rdfs:subClassOf,rc:DramaticMovie
rc:EroticDramaMovie,rdfs:subClassOf,owl:Thing
rc:Unclassified,rdfs:subClassOf,rc:InformationAccessType
rc:Unclassified,rdfs:subClassOf,owl:Thing
rc:Commodore128Software,rdfs:subClassOf,rc:ComputerProgramByVendor
rc:Commodore128Software,rdfs:subClassOf,owl:Thing
rc:AsymmetricDigitalSubscriberLine,rdfs:subClassOf,rc:DigitalSubscriberLine
rc:AsymmetricDigitalSubscriberLine,rdfs:subClassOf,owl:Thing
rc:ShowBusinessTerm,rdfs:subClassOf,rc:BusinessTerm
rc:ShowBusinessTerm,rdfs:subClassOf,rc:EntertainmentTerm
rc:ShowBusinessTerm,rdfs:subClassOf,owl:Thing
rc:CelticLanguages,rdfs:subClassOf,rc:IndoEuropeanLanguages
rc:CelticLanguages,rdfs:subClassOf,owl:Thing
rc:TagalogLanguage,rdfs:subClassOf,rc:MalayoPolynesianLanguages
rc:TagalogLanguage,rdfs:subClassOf,owl:Thing
rc:Hype,rdfs:subClassOf,rc:AnnouncingSomething
rc:Hype,rdfs:subClassOf,owl:Thing
rc:SeychellesCreoleLanguage,rdfs:subClassOf,rc:CreoleAndPidginLanguages
rc:SeychellesCreoleLanguage,rdfs:subClassOf,owl:Thing
rc:DemographicsOfNewZealand,rdfs:subClassOf,rc:Demographics
rc:DemographicsOfNewZealand,rdfs:subClassOf,owl:Thing
rc:HIPPINetworkProtocol,rdfs:subClassOf,rc:MachineProtocol
rc:HIPPINetworkProtocol,rdfs:subClassOf,rc:NetworkProtocol
rc:HIPPINetworkProtocol,rdfs:subClassOf,owl:Thing
rc:ComputerGameProgram_Fighting,rdfs:subClassOf,rc:ComputerGameProgram
rc:ComputerGameProgram_Fighting,rdfs:subClassOf,owl:Thing
rc:NounCompoundPhrase,rdfs:subClassOf,rc:SententialConstituent
rc:NounCompoundPhrase,rdfs:subClassOf,owl:Thing
rc:KanareseLanguage,rdfs:subClassOf,rc:DravidianLanguages
rc:KanareseLanguage,rdfs:subClassOf,owl:Thing
rc:MicrosoftWindows2000,rdfs:subClassOf,rc:MSWindowsOperatingSystem
rc:MicrosoftWindows2000,rdfs:subClassOf,owl:Thing
rc:DevanagariTypeface,rdfs:subClassOf,rc:DevanagariWriting
rc:DevanagariTypeface,rdfs:subClassOf,rc:MahajaniCursive
rc:DevanagariTypeface,rdfs:subClassOf,rc:UnicodeTypeface
rc:DevanagariTypeface,rdfs:subClassOf,owl:Thing
rc:RealEstateTerminology,rdfs:subClassOf,rc:BusinessTerm
rc:RealEstateTerminology,rdfs:subClassOf,owl:Thing
rc:LawOfNature,rdfs:subClassOf,rc:PhysicalPrinciple
rc:LawOfNature,rdfs:subClassOf,rc:Proposition_True
rc:LawOfNature,rdfs:subClassOf,owl:Thing
rc:FileDeletingProgram,rdfs:subClassOf,rc:FileSystemManagementProgram
rc:FileDeletingProgram,rdfs:subClassOf,owl:Thing
rc:SlangTermsForMen,rdfs:subClassOf,rc:Slang
rc:SlangTermsForMen,rdfs:subClassOf,owl:Thing
rc:WelshLanguageMusic,rdfs:subClassOf,rc:MusicalComposition_Celtic
rc:WelshLanguageMusic,rdfs:subClassOf,owl:Thing
rc:TelnetClientProgram,rdfs:subClassOf,rc:ClientProgram
rc:TelnetClientProgram,rdfs:subClassOf,rc:TelnetProgram
rc:TelnetClientProgram,rdfs:subClassOf,owl:Thing
rc:BengaliLanguageSurname,rdfs:subClassOf,rc:BengaliTopics
rc:BengaliLanguageSurname,rdfs:subClassOf,rc:HumanSurname
rc:BengaliLanguageSurname,rdfs:subClassOf,owl:Thing
rc:KhowarLanguage,rdfs:subClassOf,rc:IranianLanguages
rc:KhowarLanguage,rdfs:subClassOf,owl:Thing
rc:TVActionShow,rdfs:subClassOf,rc:NarrativeTVShow
rc:TVActionShow,rdfs:subClassOf,owl:Thing
rc:MetalworkingTerminology,rdfs:subClassOf,rc:TechnicalTerminology
rc:MetalworkingTerminology,rdfs:subClassOf,owl:Thing
rc:Proverb,rdfs:subClassOf,rc:TextualExpression
rc:Proverb,rdfs:subClassOf,owl:Thing
rc:IroquoianLanguages,rdfs:subClassOf,rc:IndigenousAmericanLanguages
rc:IroquoianLanguages,rdfs:subClassOf,owl:Thing
rc:IceHockey,rdfs:subClassOf,rc:SportsGame
rc:IceHockey,rdfs:subClassOf,owl:Thing
rc:ComputerGameProgram_FlyingSimulation,rdfs:subClassOf,rc:ComputerGameProgram
rc:ComputerGameProgram_FlyingSimulation,rdfs:subClassOf,owl:Thing
rc:MundaScript,rdfs:subClassOf,rc:ScriptsByLanguage
rc:MundaScript,rdfs:subClassOf,owl:Thing
rc:AppointmentCard,rdfs:subClassOf,rc:Card
rc:AppointmentCard,rdfs:subClassOf,rc:Form_StandardizedIBO
rc:AppointmentCard,rdfs:subClassOf,owl:Thing
rc:DHCPProtocol,rdfs:subClassOf,rc:NetworkProtocol
rc:DHCPProtocol,rdfs:subClassOf,owl:Thing
rc:TaniLanguage,rdfs:subClassOf,rc:SinoTibetanLanguages
rc:TaniLanguage,rdfs:subClassOf,owl:Thing
rc:Inscription,rdfs:subClassOf,rc:CharacterizationsByLanguage
rc:Inscription,rdfs:subClassOf,rc:TextualMaterial
rc:Inscription,rdfs:subClassOf,owl:Thing
rc:GeometricGraphTheory,rdfs:subClassOf,rc:GraphTheory
rc:GeometricGraphTheory,rdfs:subClassOf,owl:Thing
rc:CayugaLanguage,rdfs:subClassOf,rc:IroquoianLanguages
rc:CayugaLanguage,rdfs:subClassOf,owl:Thing
rc:MedicalUltrasonography,rdfs:subClassOf,rc:MedicalImaging
rc:MedicalUltrasonography,rdfs:subClassOf,owl:Thing
rc:OWL_WebOntologyLanguage,rdfs:subClassOf,rc:KnowledgeRepresentationLanguage
rc:OWL_WebOntologyLanguage,rdfs:subClassOf,owl:Thing
rc:ChipewyanLanguage,rdfs:subClassOf,rc:AthabascanLanguages
rc:ChipewyanLanguage,rdfs:subClassOf,owl:Thing
rc:SikhMusic,rdfs:subClassOf,rc:MusicalComposition_Religious
rc:SikhMusic,rdfs:subClassOf,owl:Thing
rc:EpithetsOfHera,rdfs:subClassOf,rc:Epithet
rc:EpithetsOfHera,rdfs:subClassOf,owl:Thing
rc:EagleCoin_US,rdfs:subClassOf,rc:Coin_US
rc:EagleCoin_US,rdfs:subClassOf,owl:Thing
rc:LibertarianTelevisionOrRadioShow,rdfs:subClassOf,rc:BroadcastMediaShow
rc:LibertarianTelevisionOrRadioShow,rdfs:subClassOf,owl:Thing
rc:EncodingOfThai,rdfs:subClassOf,rc:WritingSymbolCharacter
rc:EncodingOfThai,rdfs:subClassOf,owl:Thing
rc:VideoOnDemand,rdfs:subClassOf,rc:VideoRecordedObject
rc:VideoOnDemand,rdfs:subClassOf,owl:Thing
rc:Clipping,rdfs:subClassOf,rc:PageOfPaper_IBO
rc:Clipping,rdfs:subClassOf,owl:Thing
rc:AkkadianInscription,rdfs:subClassOf,rc:BabylonianLanguage
rc:AkkadianInscription,rdfs:subClassOf,rc:Inscription
rc:AkkadianInscription,rdfs:subClassOf,owl:Thing
rc:SymbolOfCommunism,rdfs:subClassOf,rc:GeopoliticalSymbol
rc:SymbolOfCommunism,rdfs:subClassOf,owl:Thing
rc:SouthEstonianLanguage,rdfs:subClassOf,rc:EstonianLanguage
rc:SouthEstonianLanguage,rdfs:subClassOf,owl:Thing
rc:AmateurIceHockey,rdfs:subClassOf,rc:IceHockey
rc:AmateurIceHockey,rdfs:subClassOf,owl:Thing
rc:LiteraryArchive,rdfs:subClassOf,rc:Archive
rc:LiteraryArchive,rdfs:subClassOf,owl:Thing
rc:QuicheLanguage,rdfs:subClassOf,rc:ArawakanLanguages
rc:QuicheLanguage,rdfs:subClassOf,owl:Thing
rc:Sovereign_BritishCoin,rdfs:subClassOf,rc:Coin_Currency
rc:Sovereign_BritishCoin,rdfs:subClassOf,owl:Thing
rc:WinnebagoLanguage,rdfs:subClassOf,rc:SiouanLanguages
rc:WinnebagoLanguage,rdfs:subClassOf,owl:Thing
rc:PurringSound,rdfs:subClassOf,rc:AnimalSound
rc:PurringSound,rdfs:subClassOf,owl:Thing
rc:PlantDiseaseScale,rdfs:subClassOf,rc:Ranking
rc:PlantDiseaseScale,rdfs:subClassOf,owl:Thing
rc:SubjectOfIconicPhotograph,rdfs:subClassOf,rc:Photograph
rc:SubjectOfIconicPhotograph,rdfs:subClassOf,owl:Thing
rc:TagalogWriting,rdfs:subClassOf,rc:WritingSystem
rc:TagalogWriting,rdfs:subClassOf,owl:Thing
rc:DHCPServerProgram,rdfs:subClassOf,rc:DHCPProgram
rc:DHCPServerProgram,rdfs:subClassOf,rc:ServerProgram
rc:DHCPServerProgram,rdfs:subClassOf,owl:Thing
rc:OnlineGallery,rdfs:subClassOf,rc:WebPage
rc:OnlineGallery,rdfs:subClassOf,owl:Thing
rc:HammerAndSickle,rdfs:subClassOf,rc:SymbolOfCommunism
rc:HammerAndSickle,rdfs:subClassOf,owl:Thing
rc:DemographicsOfNiger,rdfs:subClassOf,rc:Demographics
rc:DemographicsOfNiger,rdfs:subClassOf,owl:Thing
rc:MicrosoftWindows95,rdfs:subClassOf,rc:MSWindowsOperatingSystem
rc:MicrosoftWindows95,rdfs:subClassOf,owl:Thing
rc:DazaLanguage,rdfs:subClassOf,rc:NiloSaharanLanguages
rc:DazaLanguage,rdfs:subClassOf,owl:Thing
rc:LightweightDirectoryAccessProtocol,rdfs:subClassOf,rc:MachineProtocol
rc:LightweightDirectoryAccessProtocol,rdfs:subClassOf,owl:Thing
rc:GISServerProgram,rdfs:subClassOf,rc:GISProgram
rc:GISServerProgram,rdfs:subClassOf,rc:ServerProgram
rc:GISServerProgram,rdfs:subClassOf,owl:Thing
rc:PiawiLanguage,rdfs:subClassOf,rc:PapuanLanguageGrouping
rc:PiawiLanguage,rdfs:subClassOf,owl:Thing
rc:EpithetsOfHermes,rdfs:subClassOf,rc:Epithet
rc:EpithetsOfHermes,rdfs:subClassOf,owl:Thing
rc:DomainHack,rdfs:subClassOf,rc:DomainNameSystemProtocol
rc:DomainHack,rdfs:subClassOf,owl:Thing
rc:UnclassifiedLanguagesOfNewGuinea,rdfs:subClassOf,rc:PapuanLanguageGrouping
rc:UnclassifiedLanguagesOfNewGuinea,rdfs:subClassOf,owl:Thing
rc:LibertarianTerm,rdfs:subClassOf,rc:PoliticalTerminology
rc:LibertarianTerm,rdfs:subClassOf,owl:Thing
rc:Cuneiform,rdfs:subClassOf,rc:WritingSystem
rc:Cuneiform,rdfs:subClassOf,owl:Thing
rc:Iphone6,rdfs:subClassOf,rc:IPhone_AppleCellphone
rc:Iphone6,rdfs:subClassOf,owl:Thing
rc:RollerHockey,rdfs:subClassOf,rc:SportsGame
rc:RollerHockey,rdfs:subClassOf,owl:Thing
rc:RoadClass,rdfs:subClassOf,rc:ClassificationSystem
rc:RoadClass,rdfs:subClassOf,owl:Thing
rc:Commodore16,rdfs:subClassOf,rc:CommodoreComputer
rc:Commodore16,rdfs:subClassOf,owl:Thing
rc:GolfTournament,rdfs:subClassOf,rc:Golf
rc:GolfTournament,rdfs:subClassOf,owl:Thing
rc:CayuseLanguage,rdfs:subClassOf,rc:RecentExtinctLanguages
rc:CayuseLanguage,rdfs:subClassOf,owl:Thing
rc:CarianLanguage,rdfs:subClassOf,rc:AncientLanguages
rc:CarianLanguage,rdfs:subClassOf,owl:Thing
rc:SoftwareSampler,rdfs:subClassOf,rc:AudioProgram
rc:SoftwareSampler,rdfs:subClassOf,owl:Thing
rc:IndoEuropeanWordOrPhrase,rdfs:subClassOf,rc:WordOrPhraseByLanguage
rc:IndoEuropeanWordOrPhrase,rdfs:subClassOf,owl:Thing
rc:PGroups,rdfs:subClassOf,rc:GroupTheory
rc:PGroups,rdfs:subClassOf,owl:Thing
rc:ZoroastrianCalendar,rdfs:subClassOf,rc:CalendarSystem
rc:ZoroastrianCalendar,rdfs:subClassOf,owl:Thing
rc:RunicInscription,rdfs:subClassOf,rc:Inscription
rc:RunicInscription,rdfs:subClassOf,rc:RunicWriting
rc:RunicInscription,rdfs:subClassOf,owl:Thing
rc:GoOpening,rdfs:subClassOf,rc:GameTheory
rc:GoOpening,rdfs:subClassOf,owl:Thing
rc:MusicalComposition_Religious,rdfs:subClassOf,rc:MusicTypeOpenGenre
rc:MusicalComposition_Religious,rdfs:subClassOf,rc:MusicalComposition
rc:MusicalComposition_Religious,rdfs:subClassOf,owl:Thing
rc:Certification,rdfs:subClassOf,rc:Paper_IBO
rc:Certification,rdfs:subClassOf,owl:Thing
rc:SlangTermsForWomen,rdfs:subClassOf,rc:Slang
rc:SlangTermsForWomen,rdfs:subClassOf,owl:Thing
rc:FileDirectory,rdfs:subClassOf,rc:ComputerFile
rc:FileDirectory,rdfs:subClassOf,rc:DynamicIndexedInfoSource
rc:FileDirectory,rdfs:subClassOf,owl:Thing
rc:VCDPlayer_Software,rdfs:subClassOf,rc:MultimediaProgram
rc:VCDPlayer_Software,rdfs:subClassOf,owl:Thing
rc:Commodore64,rdfs:subClassOf,rc:CommodoreComputer
rc:Commodore64,rdfs:subClassOf,owl:Thing
rc:KanaujiLanguage,rdfs:subClassOf,rc:IndicLanguages
rc:KanaujiLanguage,rdfs:subClassOf,owl:Thing
rc:CelticRockMusic,rdfs:subClassOf,rc:MusicalComposition_Celtic
rc:CelticRockMusic,rdfs:subClassOf,owl:Thing
rc:RunicLetter,rdfs:subClassOf,rc:Letter_Alphabetic
rc:RunicLetter,rdfs:subClassOf,owl:Thing
rc:CongratulationsCard,rdfs:subClassOf,rc:OccasionCard
rc:CongratulationsCard,rdfs:subClassOf,owl:Thing
rc:SubjectPronoun,rdfs:subClassOf,rc:Pronoun
rc:SubjectPronoun,rdfs:subClassOf,owl:Thing
rc:WelshLanguageSurname,rdfs:subClassOf,rc:HumanSurname
rc:WelshLanguageSurname,rdfs:subClassOf,owl:Thing
rc:Insignia_ClothingPart,rdfs:subClassOf,rc:Badge
rc:Insignia_ClothingPart,rdfs:subClassOf,rc:Insignia
rc:Insignia_ClothingPart,rdfs:subClassOf,owl:Thing
rc:SunMachine,rdfs:subClassOf,rc:ComputerWorkstation
rc:SunMachine,rdfs:subClassOf,owl:Thing
rc:Ada_ProgrammingLanguage,rdfs:subClassOf,rc:AbstractProgrammingLanguage
rc:Ada_ProgrammingLanguage,rdfs:subClassOf,owl:Thing
rc:BengaliLetter,rdfs:subClassOf,rc:BengaliTopics
rc:BengaliLetter,rdfs:subClassOf,owl:Thing
rc:ComputerGameProgram_Football,rdfs:subClassOf,rc:ComputerGameProgram
rc:ComputerGameProgram_Football,rdfs:subClassOf,owl:Thing
rc:ComicsSpinOff,rdfs:subClassOf,rc:ComicStrip
rc:ComicsSpinOff,rdfs:subClassOf,owl:Thing
rc:TVBiography,rdfs:subClassOf,rc:InformativeTVShow
rc:TVBiography,rdfs:subClassOf,rc:NarrativeTVShow
rc:TVBiography,rdfs:subClassOf,owl:Thing
rc:LiteraryTerm,rdfs:subClassOf,rc:Terminology
rc:LiteraryTerm,rdfs:subClassOf,owl:Thing
rc:GovernmentInformationDesignation,rdfs:subClassOf,rc:GovernmentAffiliatedInformationDesignation
rc:GovernmentInformationDesignation,rdfs:subClassOf,owl:Thing
rc:AntivirusSoftwareForLinux,rdfs:subClassOf,rc:AntiVirusProgram
rc:AntivirusSoftwareForLinux,rdfs:subClassOf,owl:Thing
rc:InternationalERoadNetwork,rdfs:subClassOf,rc:RouteNumber
rc:InternationalERoadNetwork,rdfs:subClassOf,owl:Thing
rc:MunicipalBond_Agreement,rdfs:subClassOf,rc:BondsFinance
rc:MunicipalBond_Agreement,rdfs:subClassOf,owl:Thing
rc:OrderOfTheBath,rdfs:subClassOf,rc:MilitaryAwardOrDecoration
rc:OrderOfTheBath,rdfs:subClassOf,owl:Thing
rc:LetterCopy,rdfs:subClassOf,rc:HumanAccessibleIBT
rc:LetterCopy,rdfs:subClassOf,rc:TextualMaterial
rc:LetterCopy,rdfs:subClassOf,owl:Thing
rc:Preposition,rdfs:subClassOf,rc:ClosedClassWord
rc:Preposition,rdfs:subClassOf,owl:Thing
rc:EroticThriller,rdfs:subClassOf,rc:Erotica
rc:EroticThriller,rdfs:subClassOf,owl:Thing
rc:MusiqueConcrete,rdfs:subClassOf,rc:ElectroacousticMusic
rc:MusiqueConcrete,rdfs:subClassOf,owl:Thing
rc:BookTerminology,rdfs:subClassOf,rc:LiteraryTerm
rc:BookTerminology,rdfs:subClassOf,owl:Thing
rc:KosliLanguage,rdfs:subClassOf,rc:IndicLanguages
rc:KosliLanguage,rdfs:subClassOf,owl:Thing
rc:O_TheLetter,rdfs:subClassOf,rc:LatinScript
rc:O_TheLetter,rdfs:subClassOf,owl:Thing
rc:IBMIntellistationComputer,rdfs:subClassOf,rc:IBMComputer
rc:IBMIntellistationComputer,rdfs:subClassOf,owl:Thing
rc:NonlexicalLinguisticObject,rdfs:subClassOf,rc:LinguisticObject
rc:NonlexicalLinguisticObject,rdfs:subClassOf,owl:Thing
rc:MSOffice,rdfs:subClassOf,rc:MicrosoftComputerProgram
rc:MSOffice,rdfs:subClassOf,owl:Thing
rc:Song_Sung,rdfs:subClassOf,rc:Music
rc:Song_Sung,rdfs:subClassOf,owl:Thing
rc:MangbetuLanguage,rdfs:subClassOf,rc:OtherLanguages
rc:MangbetuLanguage,rdfs:subClassOf,owl:Thing
rc:WillAndTestament,rdfs:subClassOf,rc:LegalDocument
rc:WillAndTestament,rdfs:subClassOf,owl:Thing
rc:Tokenizer,rdfs:subClassOf,rc:SoftwareAgent
rc:Tokenizer,rdfs:subClassOf,owl:Thing
rc:RouteNumber,rdfs:subClassOf,rc:RoadClass
rc:RouteNumber,rdfs:subClassOf,owl:Thing
rc:MusicalComposition_Christian,rdfs:subClassOf,rc:MusicalComposition_Religious
rc:MusicalComposition_Christian,rdfs:subClassOf,owl:Thing
rc:InfraredImaging,rdfs:subClassOf,rc:Imaging
rc:InfraredImaging,rdfs:subClassOf,owl:Thing
rc:RoyalCharter,rdfs:subClassOf,rc:Charter
rc:RoyalCharter,rdfs:subClassOf,owl:Thing
rc:Alternation,rdfs:subClassOf,rc:NonlexicalLinguisticObject
rc:Alternation,rdfs:subClassOf,owl:Thing
rc:Jack_O_Lantern,rdfs:subClassOf,rc:Sculpture
rc:Jack_O_Lantern,rdfs:subClassOf,owl:Thing
rc:FreeGraphicsSoftware,rdfs:subClassOf,rc:GraphicsEditingProgram
rc:FreeGraphicsSoftware,rdfs:subClassOf,owl:Thing
rc:ObjectPronoun,rdfs:subClassOf,rc:Pronoun
rc:ObjectPronoun,rdfs:subClassOf,owl:Thing
rc:GeometricGroupTheory,rdfs:subClassOf,rc:GroupTheory
rc:GeometricGroupTheory,rdfs:subClassOf,owl:Thing
rc:Rook_ChessPiece,rdfs:subClassOf,rc:ChessPiece
rc:Rook_ChessPiece,rdfs:subClassOf,owl:Thing
rc:FinancialInterestDisclosure,rdfs:subClassOf,rc:FinancialDocument
rc:FinancialInterestDisclosure,rdfs:subClassOf,rc:Statement
rc:FinancialInterestDisclosure,rdfs:subClassOf,owl:Thing
rc:RollerHockeyCompetition,rdfs:subClassOf,rc:RollerHockey
rc:RollerHockeyCompetition,rdfs:subClassOf,owl:Thing
rc:VideoProcessing,rdfs:subClassOf,rc:DigitalSignalProcessing
rc:VideoProcessing,rdfs:subClassOf,owl:Thing
rc:Almanac,rdfs:subClassOf,rc:ReferenceWork_Written
rc:Almanac,rdfs:subClassOf,owl:Thing
rc:ComicsTerminology,rdfs:subClassOf,rc:EntertainmentTerm
rc:ComicsTerminology,rdfs:subClassOf,owl:Thing
rc:BusinessSectionOfPeriodical,rdfs:subClassOf,rc:PublishedConceptualWork
rc:BusinessSectionOfPeriodical,rdfs:subClassOf,owl:Thing
rc:DemographicsOfNorthAmerica,rdfs:subClassOf,rc:Demographics
rc:DemographicsOfNorthAmerica,rdfs:subClassOf,owl:Thing
rc:GenBank_DBContent,rdfs:subClassOf,rc:BiologicalDatabase
rc:GenBank_DBContent,rdfs:subClassOf,owl:Thing
rc:MongolianWriting,rdfs:subClassOf,rc:WritingSystem
rc:MongolianWriting,rdfs:subClassOf,owl:Thing
rc:IBMNetfinityComputer,rdfs:subClassOf,rc:IBMComputer
rc:IBMNetfinityComputer,rdfs:subClassOf,owl:Thing
rc:BiweeklyLoan,rdfs:subClassOf,rc:LoanAgreement
rc:BiweeklyLoan,rdfs:subClassOf,owl:Thing
rc:List_CW,rdfs:subClassOf,rc:StructurallySpecificWork
rc:List_CW,rdfs:subClassOf,owl:Thing
rc:AviationLicensesAndCertification,rdfs:subClassOf,rc:Certification
rc:AviationLicensesAndCertification,rdfs:subClassOf,owl:Thing
rc:Unclassified_ReportClassification,rdfs:subClassOf,rc:TextualMaterial
rc:Unclassified_ReportClassification,rdfs:subClassOf,owl:Thing
rc:BeatEmUp,rdfs:subClassOf,rc:VideoGameProgram_Color
rc:BeatEmUp,rdfs:subClassOf,owl:Thing
rc:DomainName,rdfs:subClassOf,rc:ContactInfoString
rc:DomainName,rdfs:subClassOf,owl:Thing
rc:TelnetServerProgram,rdfs:subClassOf,rc:RemoteLoginProgram
rc:TelnetServerProgram,rdfs:subClassOf,rc:ServerProgram
rc:TelnetServerProgram,rdfs:subClassOf,rc:TelnetProgram
rc:TelnetServerProgram,rdfs:subClassOf,owl:Thing
rc:AnglicanMusic,rdfs:subClassOf,rc:MusicalComposition_Christian
rc:AnglicanMusic,rdfs:subClassOf,owl:Thing
rc:ChemicalFormula,rdfs:subClassOf,rc:Notation
rc:ChemicalFormula,rdfs:subClassOf,owl:Thing
rc:StudioAlbum,rdfs:subClassOf,rc:Album
rc:StudioAlbum,rdfs:subClassOf,owl:Thing
rc:GermanExonym,rdfs:subClassOf,rc:GermanTopics
rc:GermanExonym,rdfs:subClassOf,rc:LanguageExonyms
rc:GermanExonym,rdfs:subClassOf,owl:Thing
rc:PublicRelationsTerminology,rdfs:subClassOf,rc:BusinessTerm
rc:PublicRelationsTerminology,rdfs:subClassOf,owl:Thing
rc:BusinessSoftwareForLinux,rdfs:subClassOf,rc:BusinessComputerProgram
rc:BusinessSoftwareForLinux,rdfs:subClassOf,owl:Thing
rc:LegalCode_ModernWestern,rdfs:subClassOf,rc:PublishedConceptualWork
rc:LegalCode_ModernWestern,rdfs:subClassOf,rc:StructurallySpecificWork
rc:LegalCode_ModernWestern,rdfs:subClassOf,owl:Thing
rc:Language,rdfs:subClassOf,kko:WrittenInfo
rc:Language,rdfs:subClassOf,owl:Thing
rc:MicrosoftWindows98,rdfs:subClassOf,rc:MSWindowsOperatingSystem
rc:MicrosoftWindows98,rdfs:subClassOf,owl:Thing
rc:CompilerConstruction,rdfs:subClassOf,rc:ProgrammingLanguageImplementation
rc:CompilerConstruction,rdfs:subClassOf,owl:Thing
rc:HeroOfBelarus,rdfs:subClassOf,rc:MilitaryAwardOrDecoration
rc:HeroOfBelarus,rdfs:subClassOf,owl:Thing
rc:AppointmentLetter,rdfs:subClassOf,rc:LetterCopy
rc:AppointmentLetter,rdfs:subClassOf,owl:Thing
rc:EpithetsOfZeus,rdfs:subClassOf,rc:Epithet
rc:EpithetsOfZeus,rdfs:subClassOf,owl:Thing
rc:DazzleCamouflage,rdfs:subClassOf,rc:CamouflagePattern
rc:DazzleCamouflage,rdfs:subClassOf,owl:Thing
rc:LinguisticMorphology,rdfs:subClassOf,rc:FormalGrammar
rc:LinguisticMorphology,rdfs:subClassOf,owl:Thing
rc:SchoolAdministrationSoftware,rdfs:subClassOf,rc:EducationalComputerProgram
rc:SchoolAdministrationSoftware,rdfs:subClassOf,owl:Thing
rc:CaribanLanguages,rdfs:subClassOf,rc:IndigenousAmericanLanguages
rc:CaribanLanguages,rdfs:subClassOf,owl:Thing
rc:ThongaLanguage,rdfs:subClassOf,rc:BantuLanguages
rc:ThongaLanguage,rdfs:subClassOf,owl:Thing
rc:FileFixingProgram,rdfs:subClassOf,rc:FileWritingProgram
rc:FileFixingProgram,rdfs:subClassOf,owl:Thing
rc:TorricelliLanguage,rdfs:subClassOf,rc:PapuanLanguageGrouping
rc:TorricelliLanguage,rdfs:subClassOf,owl:Thing
rc:EurovisionSongThatScoredNoPoints,rdfs:subClassOf,rc:Song_Sung
rc:EurovisionSongThatScoredNoPoints,rdfs:subClassOf,owl:Thing
rc:PrintingProgram,rdfs:subClassOf,rc:UtilityProgram
rc:PrintingProgram,rdfs:subClassOf,owl:Thing
rc:BusinessRelatedDocumentOrAgreement,rdfs:subClassOf,rc:Document
rc:BusinessRelatedDocumentOrAgreement,rdfs:subClassOf,owl:Thing
rc:ConventionalLoan,rdfs:subClassOf,rc:FixedRateLoan
rc:ConventionalLoan,rdfs:subClassOf,owl:Thing
rc:Prospectus,rdfs:subClassOf,rc:WrittenReportOnSituation
rc:Prospectus,rdfs:subClassOf,owl:Thing
rc:OnlineGameService,rdfs:subClassOf,rc:InternetService
rc:OnlineGameService,rdfs:subClassOf,owl:Thing
rc:CaribLanguage,rdfs:subClassOf,rc:CaribanLanguages
rc:CaribLanguage,rdfs:subClassOf,owl:Thing
rc:TVBiography_PartlyFictional,rdfs:subClassOf,rc:FictionalTVShow
rc:TVBiography_PartlyFictional,rdfs:subClassOf,rc:NarrativeTVShow
rc:TVBiography_PartlyFictional,rdfs:subClassOf,owl:Thing
rc:EncryptedCode,rdfs:subClassOf,rc:ComputerCode_Source
rc:EncryptedCode,rdfs:subClassOf,rc:ComputerProgram
rc:EncryptedCode,rdfs:subClassOf,owl:Thing
rc:WeddingCard,rdfs:subClassOf,rc:OccasionCard
rc:WeddingCard,rdfs:subClassOf,owl:Thing
rc:ComputerSoftwareTypeByFeature_Generic,rdfs:subClassOf,rc:ComputerSoftwareOrHardwareTypeByFeature
rc:ComputerSoftwareTypeByFeature_Generic,rdfs:subClassOf,rc:SoftwareObject
rc:ComputerSoftwareTypeByFeature_Generic,rdfs:subClassOf,owl:Thing
rc:SunOS_OperatingSystem,rdfs:subClassOf,rc:OperatingSystem
rc:SunOS_OperatingSystem,rdfs:subClassOf,owl:Thing
rc:GovernmentInsuredLoan,rdfs:subClassOf,rc:SecuredLoan
rc:GovernmentInsuredLoan,rdfs:subClassOf,owl:Thing
rc:PHP_ProgrammingLanguage,rdfs:subClassOf,rc:AbstractProgrammingLanguage
rc:PHP_ProgrammingLanguage,rdfs:subClassOf,owl:Thing
rc:ComputerGameProgram_Golf,rdfs:subClassOf,rc:ComputerGameProgram
rc:ComputerGameProgram_Golf,rdfs:subClassOf,owl:Thing
rc:BillOfRights_US,rdfs:subClassOf,rc:LegalCode_ModernWestern
rc:BillOfRights_US,rdfs:subClassOf,owl:Thing
rc:SongAboutDrinkingAndDriving,rdfs:subClassOf,rc:Song
rc:SongAboutDrinkingAndDriving,rdfs:subClassOf,owl:Thing
rc:EasternAlgonquianLanguage,rdfs:subClassOf,rc:AlgonquianLanguages
rc:EasternAlgonquianLanguage,rdfs:subClassOf,owl:Thing
rc:PathfinderProspectus,rdfs:subClassOf,rc:Prospectus
rc:PathfinderProspectus,rdfs:subClassOf,owl:Thing
rc:MongolianLanguage,rdfs:subClassOf,rc:MongolianWriting
rc:MongolianLanguage,rdfs:subClassOf,owl:Thing
rc:SeniorGolf,rdfs:subClassOf,rc:Golf
rc:SeniorGolf,rdfs:subClassOf,owl:Thing
rc:HousingFinanceInCanada,rdfs:subClassOf,rc:HomeLoan
rc:HousingFinanceInCanada,rdfs:subClassOf,owl:Thing
rc:BoxingTerminology,rdfs:subClassOf,rc:SportsTerminology
rc:BoxingTerminology,rdfs:subClassOf,owl:Thing
rc:HumanLanguage,rdfs:subClassOf,rc:Language
rc:HumanLanguage,rdfs:subClassOf,owl:Thing
rc:OrderedListType,rdfs:subClassOf,rc:List_CW
rc:OrderedListType,rdfs:subClassOf,owl:Thing
rc:SindebeleLanguage,rdfs:subClassOf,rc:BantuLanguages
rc:SindebeleLanguage,rdfs:subClassOf,owl:Thing
rc:FinancialDocument,rdfs:subClassOf,rc:BusinessRelatedDocumentOrAgreement
rc:FinancialDocument,rdfs:subClassOf,rc:InformationBearingObject
rc:FinancialDocument,rdfs:subClassOf,owl:Thing
rc:SpoolerServiceProgram,rdfs:subClassOf,rc:UtilityProgram
rc:SpoolerServiceProgram,rdfs:subClassOf,owl:Thing
rc:SardinianLanguage,rdfs:subClassOf,rc:RomanceLanguages
rc:SardinianLanguage,rdfs:subClassOf,owl:Thing
rc:PrepositionalPhrase,rdfs:subClassOf,rc:NLPhrase
rc:PrepositionalPhrase,rdfs:subClassOf,owl:Thing
rc:TranceMusic,rdfs:subClassOf,rc:TechnoMusic
rc:TranceMusic,rdfs:subClassOf,owl:Thing
rc:NudeArt,rdfs:subClassOf,rc:Art
rc:NudeArt,rdfs:subClassOf,owl:Thing
rc:NeighingSound,rdfs:subClassOf,rc:AnimalSound
rc:NeighingSound,rdfs:subClassOf,owl:Thing
rc:GanzaLanguage,rdfs:subClassOf,rc:OtherLanguages
rc:GanzaLanguage,rdfs:subClassOf,owl:Thing
rc:TokharianBLanguage,rdfs:subClassOf,rc:ClassicMedievalLanguages
rc:TokharianBLanguage,rdfs:subClassOf,owl:Thing
rc:MoonshineTheory,rdfs:subClassOf,rc:GroupTheory
rc:MoonshineTheory,rdfs:subClassOf,owl:Thing
rc:ProjectManagementSoftware,rdfs:subClassOf,rc:BusinessComputerProgram
rc:ProjectManagementSoftware,rdfs:subClassOf,rc:BusinessFunctionSpecificSoftware
rc:ProjectManagementSoftware,rdfs:subClassOf,owl:Thing
rc:RevealingTrueInformation,rdfs:subClassOf,rc:Informing
rc:RevealingTrueInformation,rdfs:subClassOf,owl:Thing
rc:FixedRateLoan,rdfs:subClassOf,rc:LoanAgreement
rc:FixedRateLoan,rdfs:subClassOf,owl:Thing
rc:WelshMusic,rdfs:subClassOf,rc:MusicByRegion
rc:WelshMusic,rdfs:subClassOf,owl:Thing
rc:WomensEroticaAndPornography,rdfs:subClassOf,rc:Erotica
rc:WomensEroticaAndPornography,rdfs:subClassOf,owl:Thing
rc:FileFolder,rdfs:subClassOf,rc:ComputerFile_Abstract
rc:FileFolder,rdfs:subClassOf,owl:Thing
rc:TranceGenre,rdfs:subClassOf,rc:MusicalComposition_Trance
rc:TranceGenre,rdfs:subClassOf,rc:TranceMusic
rc:TranceGenre,rdfs:subClassOf,owl:Thing
rc:SaxonLanguage,rdfs:subClassOf,rc:OtherIndoEuropeanLanguages
rc:SaxonLanguage,rdfs:subClassOf,owl:Thing
rc:ProgressiveRockMusic,rdfs:subClassOf,rc:RockMusic
rc:ProgressiveRockMusic,rdfs:subClassOf,owl:Thing
rc:TedaLanguage,rdfs:subClassOf,rc:NiloSaharanLanguages
rc:TedaLanguage,rdfs:subClassOf,owl:Thing
rc:Niqqud,rdfs:subClassOf,rc:LanguageOrthographies
rc:Niqqud,rdfs:subClassOf,owl:Thing
rc:NaturalLanguage,rdfs:subClassOf,rc:HumanLanguage
rc:NaturalLanguage,rdfs:subClassOf,owl:Thing
rc:FlatheadLanguage,rdfs:subClassOf,rc:SalishanLanguages
rc:FlatheadLanguage,rdfs:subClassOf,owl:Thing
rc:AccountingReport,rdfs:subClassOf,rc:FinancialDocument
rc:AccountingReport,rdfs:subClassOf,owl:Thing
rc:PrintSpoolerServiceProgram,rdfs:subClassOf,rc:PrintingProgram
rc:PrintSpoolerServiceProgram,rdfs:subClassOf,rc:SpoolerServiceProgram
rc:PrintSpoolerServiceProgram,rdfs:subClassOf,owl:Thing
rc:PublishedIBT,rdfs:subClassOf,rc:InformationBearingThing
rc:PublishedIBT,rdfs:subClassOf,rc:PublishedMaterial
rc:PublishedIBT,rdfs:subClassOf,owl:Thing
rc:Index_List_Information,rdfs:subClassOf,rc:List_Information
rc:Index_List_Information,rdfs:subClassOf,owl:Thing
rc:ComputerSoftwareTypeByFeature,rdfs:subClassOf,rc:ComputerSoftwareTypeByFeature_Generic
rc:ComputerSoftwareTypeByFeature,rdfs:subClassOf,owl:Thing
rc:DLLInjection,rdfs:subClassOf,rc:ProgrammingLanguageImplementation
rc:DLLInjection,rdfs:subClassOf,owl:Thing
rc:CanterburyScene,rdfs:subClassOf,rc:MusicTypeOpenGenre
rc:CanterburyScene,rdfs:subClassOf,rc:ProgressiveRockMusic
rc:CanterburyScene,rdfs:subClassOf,owl:Thing
rc:IBMPC,rdfs:subClassOf,rc:IBMComputer
rc:IBMPC,rdfs:subClassOf,owl:Thing
rc:PlayboyTVShow,rdfs:subClassOf,rc:TVShow
rc:PlayboyTVShow,rdfs:subClassOf,owl:Thing
rc:CompuaddComputer,rdfs:subClassOf,rc:PersonalComputer
rc:CompuaddComputer,rdfs:subClassOf,owl:Thing
rc:DemographicsOfYugoslavia,rdfs:subClassOf,rc:Demographics
rc:DemographicsOfYugoslavia,rdfs:subClassOf,owl:Thing
rc:Origami,rdfs:subClassOf,rc:ArtworkProduct
rc:Origami,rdfs:subClassOf,owl:Thing
rc:AccessingAFile_ReadOnly,rdfs:subClassOf,rc:AccessingAFile
rc:AccessingAFile_ReadOnly,rdfs:subClassOf,owl:Thing
rc:ChessTerminology,rdfs:subClassOf,rc:SportsTerminology
rc:ChessTerminology,rdfs:subClassOf,owl:Thing
rc:NorthernAthabaskanLanguage,rdfs:subClassOf,rc:AthabascanLanguages
rc:NorthernAthabaskanLanguage,rdfs:subClassOf,owl:Thing
rc:WhiteSeaFossil,rdfs:subClassOf,rc:Fossil
rc:WhiteSeaFossil,rdfs:subClassOf,owl:Thing
rc:SeniorIceHockey,rdfs:subClassOf,rc:IceHockey
rc:SeniorIceHockey,rdfs:subClassOf,owl:Thing
rc:NetworkFlowSystem_Bounded,rdfs:subClassOf,rc:BoundedDirectedAcyclicGraph
rc:NetworkFlowSystem_Bounded,rdfs:subClassOf,owl:Thing
rc:HoopaLanguage,rdfs:subClassOf,rc:OtherAmericanLanguages
rc:HoopaLanguage,rdfs:subClassOf,owl:Thing
rc:LivingLanguage,rdfs:subClassOf,rc:NaturalLanguage
rc:LivingLanguage,rdfs:subClassOf,owl:Thing
rc:InternetServicesDaemon,rdfs:subClassOf,rc:ServerProgram
rc:InternetServicesDaemon,rdfs:subClassOf,rc:ServiceProgram
rc:InternetServicesDaemon,rdfs:subClassOf,owl:Thing
rc:PsychedelicMusic,rdfs:subClassOf,rc:MusicTypeOpenGenre
rc:PsychedelicMusic,rdfs:subClassOf,rc:RockMusic
rc:PsychedelicMusic,rdfs:subClassOf,owl:Thing
rc:TheBeatlesAlbumCovers,rdfs:subClassOf,rc:CoverArt
rc:TheBeatlesAlbumCovers,rdfs:subClassOf,owl:Thing
rc:LightweightUnixLikeSystem,rdfs:subClassOf,rc:Unix
rc:LightweightUnixLikeSystem,rdfs:subClassOf,owl:Thing
rc:SoftwareUsability,rdfs:subClassOf,rc:ComputerSoftwareTypeByFeature
rc:SoftwareUsability,rdfs:subClassOf,owl:Thing
rc:CompilerForC,rdfs:subClassOf,rc:Compiler
rc:CompilerForC,rdfs:subClassOf,owl:Thing
rc:BooksAndMagazinesMarketCategory,rdfs:subClassOf,rc:PublishedMaterial
rc:BooksAndMagazinesMarketCategory,rdfs:subClassOf,owl:Thing
rc:SubleaseDocument,rdfs:subClassOf,rc:OfficialDocument
rc:SubleaseDocument,rdfs:subClassOf,owl:Thing
rc:HeroOfTheRussianFederation,rdfs:subClassOf,rc:MilitaryAwardOrDecoration
rc:HeroOfTheRussianFederation,rdfs:subClassOf,owl:Thing
rc:BoundaryMarker,rdfs:subClassOf,rc:HumanAccessibleIBO
rc:BoundaryMarker,rdfs:subClassOf,owl:Thing
rc:FixedRateMortgage,rdfs:subClassOf,rc:FixedRateLoan
rc:FixedRateMortgage,rdfs:subClassOf,rc:MortgageAgreement
rc:FixedRateMortgage,rdfs:subClassOf,owl:Thing
rc:Diamond_TheSuit,rdfs:subClassOf,rc:PlayingCard
rc:Diamond_TheSuit,rdfs:subClassOf,owl:Thing
rc:EstoppelCertificate,rdfs:subClassOf,rc:OfficialDocument
rc:EstoppelCertificate,rdfs:subClassOf,owl:Thing
rc:BusinessSoftwareForOSX,rdfs:subClassOf,rc:BusinessComputerProgram
rc:BusinessSoftwareForOSX,rdfs:subClassOf,owl:Thing
rc:Slideshow,rdfs:subClassOf,rc:VisualWork
rc:Slideshow,rdfs:subClassOf,owl:Thing
rc:BengaliRecitation,rdfs:subClassOf,rc:BengaliTopics
rc:BengaliRecitation,rdfs:subClassOf,owl:Thing
rc:GoaTranceMusic,rdfs:subClassOf,rc:PsychedelicMusic
rc:GoaTranceMusic,rdfs:subClassOf,owl:Thing
rc:TokharianLanguages,rdfs:subClassOf,rc:IndoEuropeanLanguages
rc:TokharianLanguages,rdfs:subClassOf,owl:Thing
rc:Accepted,rdfs:subClassOf,rc:Movie
rc:Accepted,rdfs:subClassOf,owl:Thing
rc:Perspective,rdfs:subClassOf,kko:VisualInfo
rc:Perspective,rdfs:subClassOf,owl:Thing
rc:IlluminatedSign,rdfs:subClassOf,rc:Signage
rc:IlluminatedSign,rdfs:subClassOf,owl:Thing
rc:OtherLanguages,rdfs:subClassOf,rc:LivingLanguage
rc:OtherLanguages,rdfs:subClassOf,owl:Thing
rc:MSPowerPointDocument,rdfs:subClassOf,rc:ComputerFile
rc:MSPowerPointDocument,rdfs:subClassOf,rc:Slideshow
rc:MSPowerPointDocument,rdfs:subClassOf,owl:Thing
rc:PHP_TheProgram,rdfs:subClassOf,rc:ServerProgram
rc:PHP_TheProgram,rdfs:subClassOf,owl:Thing
rc:CelticWordOrPhrase,rdfs:subClassOf,rc:DeadScripts
rc:CelticWordOrPhrase,rdfs:subClassOf,rc:WordOrPhraseByLanguage
rc:CelticWordOrPhrase,rdfs:subClassOf,owl:Thing
rc:Paper_IBO,rdfs:subClassOf,rc:HardcopyInformationBearingObject
rc:Paper_IBO,rdfs:subClassOf,rc:Media
rc:Paper_IBO,rdfs:subClassOf,owl:Thing
rc:CebuanoDialect,rdfs:subClassOf,rc:LanguageDialect
rc:CebuanoDialect,rdfs:subClassOf,owl:Thing
rc:SongAgainstRacismAndXenophobia,rdfs:subClassOf,rc:Song
rc:SongAgainstRacismAndXenophobia,rdfs:subClassOf,owl:Thing
rc:VideoClip,rdfs:subClassOf,rc:VideoRecordedObject
rc:VideoClip,rdfs:subClassOf,owl:Thing
rc:Software_build,rdfs:subClassOf,rc:SoftwareObject_Individual
rc:Software_build,rdfs:subClassOf,owl:Thing
rc:ArawakanLanguages,rdfs:subClassOf,rc:IndigenousAmericanLanguages
rc:ArawakanLanguages,rdfs:subClassOf,owl:Thing
rc:CompulsoryInsuranceMortgage,rdfs:subClassOf,rc:MortgageAgreement
rc:CompulsoryInsuranceMortgage,rdfs:subClassOf,owl:Thing
rc:PreprocessorProgram,rdfs:subClassOf,rc:Compiler
rc:PreprocessorProgram,rdfs:subClassOf,owl:Thing
rc:Encryption,rdfs:subClassOf,rc:Encrypted
rc:Encryption,rdfs:subClassOf,owl:Thing
rc:CognitiveGrammar,rdfs:subClassOf,rc:FormalGrammar
rc:CognitiveGrammar,rdfs:subClassOf,owl:Thing
rc:CompilerForFortran,rdfs:subClassOf,rc:Compiler
rc:CompilerForFortran,rdfs:subClassOf,owl:Thing
rc:BiweeklyMortgage,rdfs:subClassOf,rc:BiweeklyLoan
rc:BiweeklyMortgage,rdfs:subClassOf,rc:FixedRateMortgage
rc:BiweeklyMortgage,rdfs:subClassOf,owl:Thing
rc:JapaneseWordOrPhrase,rdfs:subClassOf,rc:JapaneseLanguage
rc:JapaneseWordOrPhrase,rdfs:subClassOf,rc:WordOrPhraseByLanguage
rc:JapaneseWordOrPhrase,rdfs:subClassOf,owl:Thing
rc:LinguisticPurismInIcelandic,rdfs:subClassOf,rc:IcelandicTopics
rc:LinguisticPurismInIcelandic,rdfs:subClassOf,owl:Thing
rc:MusicForEaster,rdfs:subClassOf,rc:MusicTypeByGenre
rc:MusicForEaster,rdfs:subClassOf,owl:Thing
rc:NLPhrase,rdfs:subClassOf,rc:SententialConstituent
rc:NLPhrase,rdfs:subClassOf,owl:Thing
rc:HundredDollarBill_US,rdfs:subClassOf,rc:Bill_US
rc:HundredDollarBill_US,rdfs:subClassOf,owl:Thing
rc:PanoramicPerspective,rdfs:subClassOf,rc:Perspective
rc:PanoramicPerspective,rdfs:subClassOf,owl:Thing
rc:AVMediaProduct,rdfs:subClassOf,rc:MediaProduct
rc:AVMediaProduct,rdfs:subClassOf,kko:AVInfo
rc:AVMediaProduct,rdfs:subClassOf,owl:Thing
rc:FileIndexNode,rdfs:subClassOf,rc:ComputerDataStructure
rc:FileIndexNode,rdfs:subClassOf,owl:Thing
rc:NisqualliLanguage,rdfs:subClassOf,rc:SalishanLanguages
rc:NisqualliLanguage,rdfs:subClassOf,owl:Thing
rc:NounPhrase,rdfs:subClassOf,rc:NLPhrase
rc:NounPhrase,rdfs:subClassOf,owl:Thing
rc:WomensFieldHockey,rdfs:subClassOf,rc:FieldHockey
rc:WomensFieldHockey,rdfs:subClassOf,owl:Thing
rc:NewtonsFirstLaw,rdfs:subClassOf,rc:LawOfNature
rc:NewtonsFirstLaw,rdfs:subClassOf,owl:Thing
rc:MSProject,rdfs:subClassOf,rc:MSOffice
rc:MSProject,rdfs:subClassOf,owl:Thing
rc:MadeForTVMovie,rdfs:subClassOf,rc:NarrativeTVShow
rc:MadeForTVMovie,rdfs:subClassOf,owl:Thing
rc:PostOfficeProtocol,rdfs:subClassOf,rc:PlaintextProtocol
rc:PostOfficeProtocol,rdfs:subClassOf,owl:Thing
rc:GeometricPattern,rdfs:subClassOf,rc:VisualPattern
rc:GeometricPattern,rdfs:subClassOf,owl:Thing
rc:OrdersDecorationsAndMedalsOfTheConfederateStatesOfAmerica,rdfs:subClassOf,rc:MilitaryAwardOrDecoration
rc:OrdersDecorationsAndMedalsOfTheConfederateStatesOfAmerica,rdfs:subClassOf,owl:Thing
rc:FloorLimitLoan,rdfs:subClassOf,rc:LimitConformingLoan
rc:FloorLimitLoan,rdfs:subClassOf,owl:Thing
rc:Jackpot,rdfs:subClassOf,rc:AwardObject
rc:Jackpot,rdfs:subClassOf,owl:Thing
rc:AudioMixing,rdfs:subClassOf,rc:RecordedSoundProduct
rc:AudioMixing,rdfs:subClassOf,owl:Thing
rc:BookCopy,rdfs:subClassOf,rc:BooksAndMagazinesMarketCategory
rc:BookCopy,rdfs:subClassOf,rc:Paper_IBO
rc:BookCopy,rdfs:subClassOf,rc:PublishedIBT
rc:BookCopy,rdfs:subClassOf,owl:Thing
rc:AerialPerspective,rdfs:subClassOf,rc:Perspective
rc:AerialPerspective,rdfs:subClassOf,owl:Thing
rc:EditingSoftware,rdfs:subClassOf,rc:UtilityProgram
rc:EditingSoftware,rdfs:subClassOf,owl:Thing
rc:IBMThinkpadComputer,rdfs:subClassOf,rc:IBMComputer
rc:IBMThinkpadComputer,rdfs:subClassOf,rc:LaptopComputer
rc:IBMThinkpadComputer,rdfs:subClassOf,owl:Thing
rc:CentralSemiticLanguage,rdfs:subClassOf,rc:SemiticLanguages
rc:CentralSemiticLanguage,rdfs:subClassOf,owl:Thing
rc:TVClip,rdfs:subClassOf,rc:TVMediaProduct
rc:TVClip,rdfs:subClassOf,rc:VideoClip
rc:TVClip,rdfs:subClassOf,owl:Thing
rc:Cash,rdfs:subClassOf,rc:Currency
rc:Cash,rdfs:subClassOf,owl:Thing
rc:GermanGrammar,rdfs:subClassOf,rc:GermanTopics
rc:GermanGrammar,rdfs:subClassOf,rc:LanguageGrammars
rc:GermanGrammar,rdfs:subClassOf,owl:Thing
rc:EnvironmentalTerminology,rdfs:subClassOf,rc:Terminology
rc:EnvironmentalTerminology,rdfs:subClassOf,owl:Thing
rc:AlsatianDialect,rdfs:subClassOf,rc:GermanDialect
rc:AlsatianDialect,rdfs:subClassOf,owl:Thing
rc:PingCommandProgram,rdfs:subClassOf,rc:DiagnosticComputerProgram
rc:PingCommandProgram,rdfs:subClassOf,rc:NetworkProgram
rc:PingCommandProgram,rdfs:subClassOf,owl:Thing
rc:DefiniteNounPhrase,rdfs:subClassOf,rc:NounPhrase
rc:DefiniteNounPhrase,rdfs:subClassOf,owl:Thing
rc:ChessTheory,rdfs:subClassOf,rc:GameTheory
rc:ChessTheory,rdfs:subClassOf,owl:Thing
rc:ImperialismTerminology,rdfs:subClassOf,rc:PoliticalTerminology
rc:ImperialismTerminology,rdfs:subClassOf,owl:Thing
rc:BlogPosting,rdfs:subClassOf,rc:OnlineArticle
rc:BlogPosting,rdfs:subClassOf,owl:Thing
rc:Fountain_ArtObject,rdfs:subClassOf,rc:Sculpture
rc:Fountain_ArtObject,rdfs:subClassOf,owl:Thing
rc:PropositionalFallacy,rdfs:subClassOf,rc:LogicalFallacy
rc:PropositionalFallacy,rdfs:subClassOf,owl:Thing
rc:Engraving_Print,rdfs:subClassOf,rc:HardcopyInformationBearingObject
rc:Engraving_Print,rdfs:subClassOf,owl:Thing
rc:TelephoneDirectory,rdfs:subClassOf,rc:Directory_ReferenceWork
rc:TelephoneDirectory,rdfs:subClassOf,owl:Thing
rc:InternetSlang,rdfs:subClassOf,rc:Slang
rc:InternetSlang,rdfs:subClassOf,owl:Thing
rc:AddressBook,rdfs:subClassOf,rc:BookCopy
rc:AddressBook,rdfs:subClassOf,owl:Thing
rc:TheBeatlesAndRadio,rdfs:subClassOf,rc:RadioShow_IBT
rc:TheBeatlesAndRadio,rdfs:subClassOf,owl:Thing
rc:EcologyTerminology,rdfs:subClassOf,rc:EnvironmentalTerminology
rc:EcologyTerminology,rdfs:subClassOf,owl:Thing
rc:BusinessSoftwareForWindows,rdfs:subClassOf,rc:BusinessComputerProgram
rc:BusinessSoftwareForWindows,rdfs:subClassOf,owl:Thing
rc:YiLanguage,rdfs:subClassOf,rc:OtherLanguages
rc:YiLanguage,rdfs:subClassOf,owl:Thing
rc:AudioProgram,rdfs:subClassOf,rc:ApplicationProgram
rc:AudioProgram,rdfs:subClassOf,owl:Thing
rc:SogdianLanguage,rdfs:subClassOf,rc:ShastanLanguage
rc:SogdianLanguage,rdfs:subClassOf,owl:Thing
rc:DanceAnimation,rdfs:subClassOf,rc:Animation_MovingImage
rc:DanceAnimation,rdfs:subClassOf,owl:Thing
rc:LanguageFamily,rdfs:subClassOf,rc:NaturalLanguage
rc:LanguageFamily,rdfs:subClassOf,owl:Thing
rc:MapucheLanguage,rdfs:subClassOf,rc:TupianLanguages
rc:MapucheLanguage,rdfs:subClassOf,owl:Thing
rc:Appositive,rdfs:subClassOf,rc:DefiniteNounPhrase
rc:Appositive,rdfs:subClassOf,owl:Thing
rc:Tokusatsu,rdfs:subClassOf,rc:TelevisionSeriesByGenre
rc:Tokusatsu,rdfs:subClassOf,owl:Thing
rc:DesignProgram,rdfs:subClassOf,rc:InteractiveComputerProgram
rc:DesignProgram,rdfs:subClassOf,owl:Thing
rc:BleatingSound,rdfs:subClassOf,rc:AnimalSound
rc:BleatingSound,rdfs:subClassOf,owl:Thing
rc:NetworkApplicationSoftware,rdfs:subClassOf,rc:Software
rc:NetworkApplicationSoftware,rdfs:subClassOf,owl:Thing
rc:TrustAgreement,rdfs:subClassOf,rc:FinancialDocument
rc:TrustAgreement,rdfs:subClassOf,rc:TemporaryUserRightsAgreement
rc:TrustAgreement,rdfs:subClassOf,owl:Thing
rc:HistoricalNarrativeMovie,rdfs:subClassOf,rc:FilmGenre
rc:HistoricalNarrativeMovie,rdfs:subClassOf,owl:Thing
rc:LatinAlphabetRepresentation,rdfs:subClassOf,rc:RomanAlphabet
rc:LatinAlphabetRepresentation,rdfs:subClassOf,owl:Thing
rc:ComputerGameProgram_Hockey,rdfs:subClassOf,rc:ComputerGameProgram_Sports
rc:ComputerGameProgram_Hockey,rdfs:subClassOf,owl:Thing
rc:FictionalTVShow,rdfs:subClassOf,rc:TVShow
rc:FictionalTVShow,rdfs:subClassOf,owl:Thing
rc:ExtensionsAndGeneralizationsOfGraphs,rdfs:subClassOf,rc:GraphTheory
rc:ExtensionsAndGeneralizationsOfGraphs,rdfs:subClassOf,owl:Thing
rc:OnlineJournalPublishingPlatform,rdfs:subClassOf,rc:ScholarlyArticle
rc:OnlineJournalPublishingPlatform,rdfs:subClassOf,owl:Thing
rc:CentralSudanicLanguages,rdfs:subClassOf,rc:NiloSaharanLanguages
rc:CentralSudanicLanguages,rdfs:subClassOf,owl:Thing
rc:JapaneseWritingSystem,rdfs:subClassOf,rc:JapaneseLanguage
rc:JapaneseWritingSystem,rdfs:subClassOf,rc:WritingSystem
rc:JapaneseWritingSystem,rdfs:subClassOf,owl:Thing
rc:StopSign,rdfs:subClassOf,rc:RoadSign
rc:StopSign,rdfs:subClassOf,rc:StationarySign
rc:StopSign,rdfs:subClassOf,owl:Thing
rc:ComputerAidedDesignSoftware,rdfs:subClassOf,rc:DesignProgram
rc:ComputerAidedDesignSoftware,rdfs:subClassOf,owl:Thing
rc:Bill_Currency,rdfs:subClassOf,rc:Cash
rc:Bill_Currency,rdfs:subClassOf,rc:Engraving_Print
rc:Bill_Currency,rdfs:subClassOf,rc:Paper_IBO
rc:Bill_Currency,rdfs:subClassOf,owl:Thing
rc:POP2Protocol,rdfs:subClassOf,rc:PostOfficeProtocol
rc:POP2Protocol,rdfs:subClassOf,owl:Thing
rc:TheravadaBuddhistTerminology,rdfs:subClassOf,rc:ReligiousTerm
rc:TheravadaBuddhistTerminology,rdfs:subClassOf,owl:Thing
rc:ArmenianWordOrPhrase,rdfs:subClassOf,rc:WordOrPhraseByLanguage
rc:ArmenianWordOrPhrase,rdfs:subClassOf,owl:Thing
rc:MusicalComposition_Funk,rdfs:subClassOf,rc:MusicalComposition
rc:MusicalComposition_Funk,rdfs:subClassOf,owl:Thing
rc:EngagementCard,rdfs:subClassOf,rc:OccasionCard
rc:EngagementCard,rdfs:subClassOf,owl:Thing
rc:ZoroastrianTerminology,rdfs:subClassOf,rc:ReligiousTerm
rc:ZoroastrianTerminology,rdfs:subClassOf,owl:Thing
kko:StructuredInfo,rdfs:subClassOf,kko:Information
kko:StructuredInfo,rdfs:subClassOf,owl:Thing
rc:CustomSoftwareProject,rdfs:subClassOf,rc:SoftwareObject_Individual
rc:CustomSoftwareProject,rdfs:subClassOf,owl:Thing
rc:EncryptionAlgorithm,rdfs:subClassOf,rc:CommunicationConvention
rc:EncryptionAlgorithm,rdfs:subClassOf,owl:Thing
rc:TheBeatlesAndTelevision,rdfs:subClassOf,rc:TVShow_IBT
rc:TheBeatlesAndTelevision,rdfs:subClassOf,owl:Thing
rc:KeleLanguage,rdfs:subClassOf,rc:KanuriLanguage
rc:KeleLanguage,rdfs:subClassOf,rc:OtherLanguages
rc:KeleLanguage,rdfs:subClassOf,owl:Thing
rc:VisualLabel,rdfs:subClassOf,rc:Label_IBO
rc:VisualLabel,rdfs:subClassOf,owl:Thing
rc:ResidentialPhoneDirectory,rdfs:subClassOf,rc:TelephoneDirectory
rc:ResidentialPhoneDirectory,rdfs:subClassOf,owl:Thing
rc:VFATFileSystem,rdfs:subClassOf,rc:FATFilesystem
rc:VFATFileSystem,rdfs:subClassOf,owl:Thing
rc:VideoStorage,rdfs:subClassOf,rc:VideoRecordedObject
rc:VideoStorage,rdfs:subClassOf,owl:Thing
rc:TahitianLanguage,rdfs:subClassOf,rc:MalayoPolynesianLanguages
rc:TahitianLanguage,rdfs:subClassOf,owl:Thing
rc:CADToolProgram,rdfs:subClassOf,rc:ComputerAidedDesignSoftware
rc:CADToolProgram,rdfs:subClassOf,owl:Thing
rc:DevelopmentSoftware,rdfs:subClassOf,rc:Software
rc:DevelopmentSoftware,rdfs:subClassOf,owl:Thing
rc:MSWindows,rdfs:subClassOf,rc:MSWindowsOperatingSystem
rc:MSWindows,rdfs:subClassOf,owl:Thing
rc:ComputerGameProgram_Hunting,rdfs:subClassOf,rc:ComputerGameProgram
rc:ComputerGameProgram_Hunting,rdfs:subClassOf,owl:Thing
rc:TriqueLanguage,rdfs:subClassOf,rc:MixtecoLanguage
rc:TriqueLanguage,rdfs:subClassOf,owl:Thing
rc:FileMovingProgram,rdfs:subClassOf,rc:FileSystemManagementProgram
rc:FileMovingProgram,rdfs:subClassOf,owl:Thing
rc:WeddingMusic,rdfs:subClassOf,rc:MusicTypeByGenre
rc:WeddingMusic,rdfs:subClassOf,owl:Thing
rc:FrequentlyAskedQuestionsList,rdfs:subClassOf,rc:List_Information
rc:FrequentlyAskedQuestionsList,rdfs:subClassOf,owl:Thing
rc:LowerMamberamoLanguage,rdfs:subClassOf,rc:PapuanLanguageGrouping
rc:LowerMamberamoLanguage,rdfs:subClassOf,owl:Thing
rc:ComputerSoundFile,rdfs:subClassOf,rc:ComputerFileTypeByFormat
rc:ComputerSoundFile,rdfs:subClassOf,owl:Thing
rc:AudioMixingSoftware,rdfs:subClassOf,rc:AudioProgram
rc:AudioMixingSoftware,rdfs:subClassOf,owl:Thing
rc:JaponicLanguage,rdfs:subClassOf,rc:AltaicLanguages
rc:JaponicLanguage,rdfs:subClassOf,owl:Thing
rc:EmergencyCommunication,rdfs:subClassOf,rc:CommunicationByType
rc:EmergencyCommunication,rdfs:subClassOf,owl:Thing
rc:EncryptionProgram,rdfs:subClassOf,rc:SecurityProgram
rc:EncryptionProgram,rdfs:subClassOf,owl:Thing
rc:MossiLanguage,rdfs:subClassOf,rc:AtlanticCongoLanguages
rc:MossiLanguage,rdfs:subClassOf,owl:Thing
rc:EmphaticPurpose,rdfs:subClassOf,rc:TextString
rc:EmphaticPurpose,rdfs:subClassOf,owl:Thing
rc:SoftwareObject_Individual,rdfs:subClassOf,rc:ComputerFile_Abstract
rc:SoftwareObject_Individual,rdfs:subClassOf,rc:Software
rc:SoftwareObject_Individual,rdfs:subClassOf,rc:SoftwareObject
rc:SoftwareObject_Individual,rdfs:subClassOf,owl:Thing
rc:GroceryList,rdfs:subClassOf,rc:List_Information
rc:GroceryList,rdfs:subClassOf,owl:Thing
rc:Edition_Book,rdfs:subClassOf,rc:BookGeneric
rc:Edition_Book,rdfs:subClassOf,owl:Thing
rc:BengaliWordOrPhrase,rdfs:subClassOf,rc:BengaliTopics
rc:BengaliWordOrPhrase,rdfs:subClassOf,rc:WordOrPhraseByLanguage
rc:BengaliWordOrPhrase,rdfs:subClassOf,owl:Thing
rc:Genogram,rdfs:subClassOf,rc:FamilyTree
rc:Genogram,rdfs:subClassOf,owl:Thing
rc:MediaSeriesProduct,rdfs:subClassOf,rc:MediaProduct
rc:MediaSeriesProduct,rdfs:subClassOf,owl:Thing
rc:DistressSignal_PCW,rdfs:subClassOf,rc:EmergencyCommunication
rc:DistressSignal_PCW,rdfs:subClassOf,owl:Thing
rc:PrakritLanguage,rdfs:subClassOf,rc:ClassicMedievalLanguages
rc:PrakritLanguage,rdfs:subClassOf,owl:Thing
rc:WomensGolf,rdfs:subClassOf,rc:Golf
rc:WomensGolf,rdfs:subClassOf,owl:Thing
rc:AddressLabel,rdfs:subClassOf,rc:VisualLabel
rc:AddressLabel,rdfs:subClassOf,owl:Thing
rc:InternetSoftwareMarketCategory,rdfs:subClassOf,rc:NetworkApplicationSoftware
rc:InternetSoftwareMarketCategory,rdfs:subClassOf,owl:Thing
rc:CastilianLanguage,rdfs:subClassOf,rc:OtherIndoEuropeanLanguages
rc:CastilianLanguage,rdfs:subClassOf,owl:Thing
rc:NezPerceLanguage,rdfs:subClassOf,rc:OtherAmericanLanguages
rc:NezPerceLanguage,rdfs:subClassOf,owl:Thing
rc:TelevisionEpisode,rdfs:subClassOf,rc:TVSeriesProduct
rc:TelevisionEpisode,rdfs:subClassOf,owl:Thing
rc:POP3Protocol,rdfs:subClassOf,rc:PostOfficeProtocol
rc:POP3Protocol,rdfs:subClassOf,owl:Thing
rc:PropositionalCWText,rdfs:subClassOf,rc:CWInfoStructure
rc:PropositionalCWText,rdfs:subClassOf,rc:TextString
rc:PropositionalCWText,rdfs:subClassOf,owl:Thing
rc:FunkGenre,rdfs:subClassOf,rc:MusicTypeByGenre
rc:FunkGenre,rdfs:subClassOf,rc:MusicalComposition_Funk
rc:FunkGenre,rdfs:subClassOf,owl:Thing
rc:ComputerProgram,rdfs:subClassOf,rc:ComputerFile
rc:ComputerProgram,rdfs:subClassOf,rc:SoftwareObject_Individual
rc:ComputerProgram,rdfs:subClassOf,owl:Thing
rc:NASCARTerminology,rdfs:subClassOf,rc:SportsTerminology
rc:NASCARTerminology,rdfs:subClassOf,owl:Thing
rc:MathematicalLanguage,rdfs:subClassOf,rc:FormalLanguage
rc:MathematicalLanguage,rdfs:subClassOf,owl:Thing
rc:EprintArchive,rdfs:subClassOf,rc:Archive
rc:EprintArchive,rdfs:subClassOf,rc:ScholarlyArticle
rc:EprintArchive,rdfs:subClassOf,owl:Thing
rc:IndustrySpecificSoftware,rdfs:subClassOf,rc:Software
rc:IndustrySpecificSoftware,rdfs:subClassOf,owl:Thing
rc:AppraisalReportDocument,rdfs:subClassOf,rc:OfficialDocument
rc:AppraisalReportDocument,rdfs:subClassOf,owl:Thing
rc:SikhTerminology,rdfs:subClassOf,rc:ReligiousTerm
rc:SikhTerminology,rdfs:subClassOf,owl:Thing
rc:FacialPicture,rdfs:subClassOf,rc:PornographicPicture
rc:FacialPicture,rdfs:subClassOf,owl:Thing
rc:AVMediaSeriesProduct,rdfs:subClassOf,rc:AVMediaProduct
rc:AVMediaSeriesProduct,rdfs:subClassOf,rc:MediaSeriesProduct
rc:AVMediaSeriesProduct,rdfs:subClassOf,owl:Thing
rc:DoctorWhoMissingEpisode,rdfs:subClassOf,rc:TelevisionEpisode
rc:DoctorWhoMissingEpisode,rdfs:subClassOf,owl:Thing
rc:NetworkManagementProgram,rdfs:subClassOf,rc:AdministrationProgram
rc:NetworkManagementProgram,rdfs:subClassOf,owl:Thing
rc:FamilyTree,rdfs:subClassOf,rc:StructurallySpecificWork
rc:FamilyTree,rdfs:subClassOf,owl:Thing
rc:WordsToPCW,rdfs:subClassOf,rc:PropositionalCWText
rc:WordsToPCW,rdfs:subClassOf,owl:Thing
rc:Command,rdfs:subClassOf,rc:EmphaticPurpose
rc:Command,rdfs:subClassOf,owl:Thing
rc:LibertyHeadNickel,rdfs:subClassOf,rc:NickelCoin_US
rc:LibertyHeadNickel,rdfs:subClassOf,owl:Thing
rc:SogdianWordOrPhrase,rdfs:subClassOf,rc:WordOrPhraseByLanguage
rc:SogdianWordOrPhrase,rdfs:subClassOf,owl:Thing
rc:Money_DevisedPractice,rdfs:subClassOf,rc:TenderObject
rc:Money_DevisedPractice,rdfs:subClassOf,owl:Thing
rc:WorkScheduleDocument,rdfs:subClassOf,rc:ScheduleDocument
rc:WorkScheduleDocument,rdfs:subClassOf,owl:Thing
rc:ConventionalRealEstateLoan,rdfs:subClassOf,rc:ConventionalLoan
rc:ConventionalRealEstateLoan,rdfs:subClassOf,rc:RealEstateLoan
rc:ConventionalRealEstateLoan,rdfs:subClassOf,owl:Thing
rc:TeluguLanguage,rdfs:subClassOf,rc:DravidianLanguages
rc:TeluguLanguage,rdfs:subClassOf,owl:Thing
rc:TVCommercial_IBT,rdfs:subClassOf,rc:Commercial_IBT
rc:TVCommercial_IBT,rdfs:subClassOf,rc:MovingImageWithSound
rc:TVCommercial_IBT,rdfs:subClassOf,rc:TVMediaProduct
rc:TVCommercial_IBT,rdfs:subClassOf,owl:Thing
rc:Stop_Consonant,rdfs:subClassOf,rc:Consonant
rc:Stop_Consonant,rdfs:subClassOf,owl:Thing
rc:BengaliWriting,rdfs:subClassOf,rc:BengaliTopics
rc:BengaliWriting,rdfs:subClassOf,rc:WritingSystem
rc:BengaliWriting,rdfs:subClassOf,owl:Thing
rc:SongInClassicalMusic,rdfs:subClassOf,rc:ClassicalMusic
rc:SongInClassicalMusic,rdfs:subClassOf,rc:Song
rc:SongInClassicalMusic,rdfs:subClassOf,owl:Thing
rc:ApplicationProgram,rdfs:subClassOf,rc:ComputerProgram
rc:ApplicationProgram,rdfs:subClassOf,owl:Thing
rc:ArmenianWriting,rdfs:subClassOf,rc:WritingSystem
rc:ArmenianWriting,rdfs:subClassOf,owl:Thing
rc:LanguageInterpretation,rdfs:subClassOf,rc:Language
rc:LanguageInterpretation,rdfs:subClassOf,owl:Thing
rc:BatakLanguage,rdfs:subClassOf,rc:MalayoPolynesianLanguages
rc:BatakLanguage,rdfs:subClassOf,owl:Thing
rc:CoinCollecting,rdfs:subClassOf,rc:Money_DevisedPractice
rc:CoinCollecting,rdfs:subClassOf,owl:Thing
rc:MathematicalLogicHierarchy,rdfs:subClassOf,rc:Hierarchy
rc:MathematicalLogicHierarchy,rdfs:subClassOf,owl:Thing
rc:ConventionalMortgage,rdfs:subClassOf,rc:ConventionalRealEstateLoan
rc:ConventionalMortgage,rdfs:subClassOf,rc:MortgageAgreement
rc:ConventionalMortgage,rdfs:subClassOf,owl:Thing
rc:Lyric_WordsToSong,rdfs:subClassOf,rc:WordsToPCW
rc:Lyric_WordsToSong,rdfs:subClassOf,owl:Thing
rc:InformationBearingPerformance,rdfs:subClassOf,rc:InformationBearingThing
rc:InformationBearingPerformance,rdfs:subClassOf,owl:Thing
rc:TheBeatlesMusic,rdfs:subClassOf,rc:PopRockMusic
rc:TheBeatlesMusic,rdfs:subClassOf,owl:Thing
rc:OakLeaf_MilitaryInsignia,rdfs:subClassOf,rc:Insignia_ClothingPart
rc:OakLeaf_MilitaryInsignia,rdfs:subClassOf,owl:Thing
rc:Pathname,rdfs:subClassOf,rc:ComputerNetworkContactInfoString
rc:Pathname,rdfs:subClassOf,owl:Thing
rc:Painting_ArtForm,rdfs:subClassOf,rc:Graphic_VisualIBT
rc:Painting_ArtForm,rdfs:subClassOf,rc:HardcopyInformationBearingObject
rc:Painting_ArtForm,rdfs:subClassOf,rc:TwoDimensionalArtObject
rc:Painting_ArtForm,rdfs:subClassOf,owl:Thing
rc:MusicMedia,rdfs:subClassOf,rc:Music
rc:MusicMedia,rdfs:subClassOf,rc:RecordedIBO
rc:MusicMedia,rdfs:subClassOf,owl:Thing
rc:IllyrianLanguage,rdfs:subClassOf,rc:AncientLanguages
rc:IllyrianLanguage,rdfs:subClassOf,owl:Thing
rc:PhonographRecord,rdfs:subClassOf,rc:DiscStorageMedium
rc:PhonographRecord,rdfs:subClassOf,rc:RecordedSoundProduct
rc:PhonographRecord,rdfs:subClassOf,owl:Thing
rc:PointFinitePathSystem,rdfs:subClassOf,rc:GraphicalStructure
rc:PointFinitePathSystem,rdfs:subClassOf,owl:Thing
rc:SindhiLanguage,rdfs:subClassOf,rc:IndicLanguages
rc:SindhiLanguage,rdfs:subClassOf,owl:Thing
rc:ClallamLanguage,rdfs:subClassOf,rc:SalishanLanguages
rc:ClallamLanguage,rdfs:subClassOf,owl:Thing
rc:FilePathname,rdfs:subClassOf,rc:Pathname
rc:FilePathname,rdfs:subClassOf,owl:Thing
rc:Servlet_ComputerProgram,rdfs:subClassOf,rc:UtilityProgram
rc:Servlet_ComputerProgram,rdfs:subClassOf,owl:Thing
rc:AncientCurrency,rdfs:subClassOf,rc:CoinCollecting
rc:AncientCurrency,rdfs:subClassOf,owl:Thing
rc:BeatlesLyric,rdfs:subClassOf,rc:Lyric_WordsToSong
rc:BeatlesLyric,rdfs:subClassOf,owl:Thing
rc:DramaticPerformance,rdfs:subClassOf,rc:InformationBearingPerformance
rc:DramaticPerformance,rdfs:subClassOf,rc:VisualInformationBearingThing
rc:DramaticPerformance,rdfs:subClassOf,owl:Thing
rc:DirectoryPathname,rdfs:subClassOf,rc:Pathname
rc:DirectoryPathname,rdfs:subClassOf,owl:Thing
rc:LigurianLanguage,rdfs:subClassOf,rc:RomanceLanguages
rc:LigurianLanguage,rdfs:subClassOf,owl:Thing
rc:SogdianWriting,rdfs:subClassOf,rc:WritingSystem
rc:SogdianWriting,rdfs:subClassOf,owl:Thing
rc:TeluguLanguageSurname,rdfs:subClassOf,rc:HumanSurname
rc:TeluguLanguageSurname,rdfs:subClassOf,owl:Thing
rc:AcrylicPainting,rdfs:subClassOf,rc:Painting_ArtForm
rc:AcrylicPainting,rdfs:subClassOf,owl:Thing
rc:WorkVisa_Document,rdfs:subClassOf,rc:Visa_Document
rc:WorkVisa_Document,rdfs:subClassOf,owl:Thing
rc:ComputerGameProgram_InteractiveFiction,rdfs:subClassOf,rc:ComputerGameProgram
rc:ComputerGameProgram_InteractiveFiction,rdfs:subClassOf,owl:Thing
rc:GramophoneRecord,rdfs:subClassOf,rc:PhonographRecord
rc:GramophoneRecord,rdfs:subClassOf,owl:Thing
rc:ComputerSportsGame,rdfs:subClassOf,rc:ComputerGameProgram
rc:ComputerSportsGame,rdfs:subClassOf,owl:Thing
rc:EncyclopaediaBritannica,rdfs:subClassOf,rc:Encyclopedia
rc:EncyclopaediaBritannica,rdfs:subClassOf,owl:Thing
rc:MSWindows7,rdfs:subClassOf,rc:MSWindowsOperatingSystem
rc:MSWindows7,rdfs:subClassOf,owl:Thing
rc:BusinessComputerProgram,rdfs:subClassOf,rc:EnterpriseSoftware
rc:BusinessComputerProgram,rdfs:subClassOf,owl:Thing
rc:Most_Haunted,rdfs:subClassOf,rc:TVShow
rc:Most_Haunted,rdfs:subClassOf,owl:Thing
rc:TheBeatlesYellowSubmarine,rdfs:subClassOf,rc:AnimatedMovie
rc:TheBeatlesYellowSubmarine,rdfs:subClassOf,rc:FantasyMovie
rc:TheBeatlesYellowSubmarine,rdfs:subClassOf,owl:Thing
rc:StealthGame,rdfs:subClassOf,rc:VideoGameProgram_Color
rc:StealthGame,rdfs:subClassOf,owl:Thing
rc:PortraitPerspective,rdfs:subClassOf,rc:Perspective
rc:PortraitPerspective,rdfs:subClassOf,owl:Thing
rc:CAD_CAMSystem,rdfs:subClassOf,rc:IndustrySpecificSoftware
rc:CAD_CAMSystem,rdfs:subClassOf,owl:Thing
rc:BantuLanguages,rdfs:subClassOf,rc:NigerCongoLanguages
rc:BantuLanguages,rdfs:subClassOf,owl:Thing
rc:RenewableEnergyCredit,rdfs:subClassOf,rc:DerivativeSecurity
rc:RenewableEnergyCredit,rdfs:subClassOf,owl:Thing
rc:ScientificSoftware,rdfs:subClassOf,rc:ApplicationProgram
rc:ScientificSoftware,rdfs:subClassOf,owl:Thing
rc:LanguageIsolatesOfNewGuinea,rdfs:subClassOf,rc:PapuanLanguageGrouping
rc:LanguageIsolatesOfNewGuinea,rdfs:subClassOf,owl:Thing
rc:ErromintxelaLanguage,rdfs:subClassOf,rc:IndicLanguages
rc:ErromintxelaLanguage,rdfs:subClassOf,owl:Thing
rc:Mural,rdfs:subClassOf,rc:Painting_ArtForm
rc:Mural,rdfs:subClassOf,owl:Thing
rc:RelationalStructure,rdfs:subClassOf,rc:AbstractInformationStructure
rc:RelationalStructure,rdfs:subClassOf,owl:Thing
rc:MusicNotationFileFormat,rdfs:subClassOf,rc:ComputerFileTypeByFormat
rc:MusicNotationFileFormat,rdfs:subClassOf,rc:MusicalNotation_General
rc:MusicNotationFileFormat,rdfs:subClassOf,owl:Thing
rc:POPServerProgram,rdfs:subClassOf,rc:InternetMailAccessServerProgram
rc:POPServerProgram,rdfs:subClassOf,owl:Thing
rc:PutOption,rdfs:subClassOf,rc:OptionToSell
rc:PutOption,rdfs:subClassOf,owl:Thing
rc:AsynchronousTransferMode,rdfs:subClassOf,rc:MachineProtocol
rc:AsynchronousTransferMode,rdfs:subClassOf,owl:Thing
rc:Metaphor,rdfs:subClassOf,rc:WordOrPhrase
rc:Metaphor,rdfs:subClassOf,owl:Thing
rc:Act_Dramatic,rdfs:subClassOf,rc:DramaticPerformance
rc:Act_Dramatic,rdfs:subClassOf,owl:Thing
rc:Fresco,rdfs:subClassOf,rc:Mural
rc:Fresco,rdfs:subClassOf,owl:Thing
rc:VGACard,rdfs:subClassOf,rc:ComputerGraphicsBoard
rc:VGACard,rdfs:subClassOf,owl:Thing
rc:SecondExtendedFilesystem,rdfs:subClassOf,rc:Filesystem
rc:SecondExtendedFilesystem,rdfs:subClassOf,owl:Thing
rc:FinancialSoftware,rdfs:subClassOf,rc:BusinessComputerProgram
rc:FinancialSoftware,rdfs:subClassOf,owl:Thing
rc:AcademicJournal,rdfs:subClassOf,rc:ScholarlyArticle
rc:AcademicJournal,rdfs:subClassOf,owl:Thing
rc:SpanishEtymology,rdfs:subClassOf,rc:SpanishTopics
rc:SpanishEtymology,rdfs:subClassOf,owl:Thing
rc:ScottishEnglish,rdfs:subClassOf,rc:BritishEnglishDialect
rc:ScottishEnglish,rdfs:subClassOf,owl:Thing
rc:Currency_US,rdfs:subClassOf,rc:Currency
rc:Currency_US,rdfs:subClassOf,owl:Thing
rc:ComputabilityTheory,rdfs:subClassOf,rc:Theories
rc:ComputabilityTheory,rdfs:subClassOf,owl:Thing
rc:YiddishLanguage,rdfs:subClassOf,rc:GermanicLanguages
rc:YiddishLanguage,rdfs:subClassOf,owl:Thing
rc:Genome_GenInfo,rdfs:subClassOf,rc:GeneticInformation
rc:Genome_GenInfo,rdfs:subClassOf,owl:Thing
rc:MashriqiArabic,rdfs:subClassOf,rc:ArabicLanguage
rc:MashriqiArabic,rdfs:subClassOf,rc:ClassicalArabicWriting
rc:MashriqiArabic,rdfs:subClassOf,owl:Thing
rc:LingalaLanguage,rdfs:subClassOf,rc:BantuLanguages
rc:LingalaLanguage,rdfs:subClassOf,owl:Thing
rc:TVConcert,rdfs:subClassOf,rc:MusicTVShow
rc:TVConcert,rdfs:subClassOf,owl:Thing
rc:MediaWiki_ComputerProgram,rdfs:subClassOf,rc:ComputerProgramByVendor
rc:MediaWiki_ComputerProgram,rdfs:subClassOf,owl:Thing
rc:NetworkManagementSoftware,rdfs:subClassOf,rc:Software
rc:NetworkManagementSoftware,rdfs:subClassOf,owl:Thing
rc:Reliabilism,rdfs:subClassOf,rc:PhilosophicalTheory
rc:Reliabilism,rdfs:subClassOf,owl:Thing
rc:LoginAuthenticator,rdfs:subClassOf,rc:ComputerServer
rc:LoginAuthenticator,rdfs:subClassOf,owl:Thing
rc:Bill_US,rdfs:subClassOf,rc:Bill_Currency
rc:Bill_US,rdfs:subClassOf,rc:Currency_US
rc:Bill_US,rdfs:subClassOf,owl:Thing
rc:POPServer_Network,rdfs:subClassOf,rc:MailServer_Network
rc:POPServer_Network,rdfs:subClassOf,owl:Thing
rc:BangalaLanguage,rdfs:subClassOf,rc:LingalaLanguage
rc:BangalaLanguage,rdfs:subClassOf,owl:Thing
rc:MathematicalComputingProgram,rdfs:subClassOf,rc:ScientificSoftware
rc:MathematicalComputingProgram,rdfs:subClassOf,owl:Thing
rc:FinancialProgram,rdfs:subClassOf,rc:FinancialSoftware
rc:FinancialProgram,rdfs:subClassOf,owl:Thing
rc:Multigraph,rdfs:subClassOf,rc:PointFinitePathSystem
rc:Multigraph,rdfs:subClassOf,rc:RelationalStructure
rc:Multigraph,rdfs:subClassOf,owl:Thing
rc:IranianGivenName,rdfs:subClassOf,rc:HumanGivenName
rc:IranianGivenName,rdfs:subClassOf,owl:Thing
rc:InspectionTag,rdfs:subClassOf,rc:Tag
rc:InspectionTag,rdfs:subClassOf,owl:Thing
rc:PlayingAGame,rdfs:subClassOf,rc:InformationBearingThing
rc:PlayingAGame,rdfs:subClassOf,owl:Thing
rc:NetworkNewsTransferProtocol,rdfs:subClassOf,rc:NetworkProtocol
rc:NetworkNewsTransferProtocol,rdfs:subClassOf,owl:Thing
rc:Editorial,rdfs:subClassOf,rc:CommentaryArticle
rc:Editorial,rdfs:subClassOf,owl:Thing
rc:ContinentalCelticLanguage,rdfs:subClassOf,rc:RecentExtinctLanguages
rc:ContinentalCelticLanguage,rdfs:subClassOf,owl:Thing
rc:NuerLanguage,rdfs:subClassOf,rc:NiloSaharanLanguages
rc:NuerLanguage,rdfs:subClassOf,owl:Thing
rc:BatakWriting,rdfs:subClassOf,rc:WritingSystem
rc:BatakWriting,rdfs:subClassOf,owl:Thing
rc:MathematicalMarkupLanguage,rdfs:subClassOf,rc:MathematicalNotation
rc:MathematicalMarkupLanguage,rdfs:subClassOf,owl:Thing
rc:Endorsing_CommunicationAct,rdfs:subClassOf,rc:Informing
rc:Endorsing_CommunicationAct,rdfs:subClassOf,owl:Thing
rc:ChaosTheory,rdfs:subClassOf,rc:MathematicalTheory
rc:ChaosTheory,rdfs:subClassOf,owl:Thing
rc:DirectedMultigraph,rdfs:subClassOf,rc:Multigraph
rc:DirectedMultigraph,rdfs:subClassOf,owl:Thing
rc:ComputerGameProgram_ShooterGame,rdfs:subClassOf,rc:ComputerGameProgram
rc:ComputerGameProgram_ShooterGame,rdfs:subClassOf,owl:Thing
rc:Watson_Computer,rdfs:subClassOf,rc:ArtificialIntelligenceProgram
rc:Watson_Computer,rdfs:subClassOf,owl:Thing
rc:HomininFossil,rdfs:subClassOf,rc:Fossil
rc:HomininFossil,rdfs:subClassOf,owl:Thing
rc:SoilClassification,rdfs:subClassOf,rc:ClassificationSystem
rc:SoilClassification,rdfs:subClassOf,owl:Thing
rc:SonghaiLanguage,rdfs:subClassOf,rc:NiloSaharanLanguages
rc:SonghaiLanguage,rdfs:subClassOf,owl:Thing
rc:MeroiticLanguage,rdfs:subClassOf,rc:LanguageIsolate
rc:MeroiticLanguage,rdfs:subClassOf,owl:Thing
rc:KelleyBlueBook,rdfs:subClassOf,rc:BlueBook_Pricing
rc:KelleyBlueBook,rdfs:subClassOf,owl:Thing
rc:CalculatorProgram,rdfs:subClassOf,rc:MathematicalComputingProgram
rc:CalculatorProgram,rdfs:subClassOf,owl:Thing
rc:AccountingProgram,rdfs:subClassOf,rc:AccountingEnterpriseResourcePlanningSoftware
rc:AccountingProgram,rdfs:subClassOf,rc:FinancialProgram
rc:AccountingProgram,rdfs:subClassOf,owl:Thing
rc:MSWindowsApplication,rdfs:subClassOf,rc:MicrosoftComputerProgram
rc:MSWindowsApplication,rdfs:subClassOf,owl:Thing
rc:OnlineMovieReview,rdfs:subClassOf,rc:PublishedConceptualWork
rc:OnlineMovieReview,rdfs:subClassOf,rc:Review
rc:OnlineMovieReview,rdfs:subClassOf,owl:Thing
rc:TaxForm_1040,rdfs:subClassOf,rc:TaxForm
rc:TaxForm_1040,rdfs:subClassOf,owl:Thing
rc:PeninsularArabic,rdfs:subClassOf,rc:ClassicalArabicWriting
rc:PeninsularArabic,rdfs:subClassOf,owl:Thing
rc:ArtworkProduct,rdfs:subClassOf,rc:ArtObject
rc:ArtworkProduct,rdfs:subClassOf,owl:Thing
rc:ProgrammingLanguageImplementation,rdfs:subClassOf,rc:ComputerProgram
rc:ProgrammingLanguageImplementation,rdfs:subClassOf,owl:Thing
rc:CatholicMusic,rdfs:subClassOf,rc:MusicalComposition_Christian
rc:CatholicMusic,rdfs:subClassOf,owl:Thing
rc:LanguageLearningSoftware,rdfs:subClassOf,rc:EducationalComputerProgram
rc:LanguageLearningSoftware,rdfs:subClassOf,owl:Thing
rc:MahakirantiLanguage,rdfs:subClassOf,rc:SinoTibetanLanguages
rc:MahakirantiLanguage,rdfs:subClassOf,owl:Thing
rc:TreviFountain,rdfs:subClassOf,rc:Fountain_ArtObject
rc:TreviFountain,rdfs:subClassOf,owl:Thing
rc:AudioPodcast,rdfs:subClassOf,rc:RecordedSoundProduct
rc:AudioPodcast,rdfs:subClassOf,owl:Thing
rc:HertzComputer,rdfs:subClassOf,rc:PersonalComputer
rc:HertzComputer,rdfs:subClassOf,owl:Thing
rc:ReferenceWebSite,rdfs:subClassOf,rc:ReferenceWork_Structured
rc:ReferenceWebSite,rdfs:subClassOf,rc:WebSite
rc:ReferenceWebSite,rdfs:subClassOf,owl:Thing
rc:DirectedGraph,rdfs:subClassOf,rc:DirectedMultigraph
rc:DirectedGraph,rdfs:subClassOf,owl:Thing
rc:TeluguWriting,rdfs:subClassOf,rc:WritingSystem
rc:TeluguWriting,rdfs:subClassOf,owl:Thing
rc:AmazonS3,rdfs:subClassOf,rc:WebSite
rc:AmazonS3,rdfs:subClassOf,owl:Thing
rc:NTMachine,rdfs:subClassOf,rc:Computer
rc:NTMachine,rdfs:subClassOf,owl:Thing
rc:DirectoryServerProgram,rdfs:subClassOf,rc:ServerProgram
rc:DirectoryServerProgram,rdfs:subClassOf,owl:Thing
rc:PrinterDriver,rdfs:subClassOf,rc:DeviceDriverProgram
rc:PrinterDriver,rdfs:subClassOf,owl:Thing
rc:HopiLanguage,rdfs:subClassOf,rc:UtoAztecanLanguages
rc:HopiLanguage,rdfs:subClassOf,owl:Thing
rc:Portrayal,rdfs:subClassOf,rc:TwoDimensionalArtObject
rc:Portrayal,rdfs:subClassOf,owl:Thing
rc:FreeSoftwareProgrammedInAda,rdfs:subClassOf,rc:FreeApplicationSoftware
rc:FreeSoftwareProgrammedInAda,rdfs:subClassOf,owl:Thing
rc:Sculpture,rdfs:subClassOf,rc:ArtworkProduct
rc:Sculpture,rdfs:subClassOf,rc:StillImageSource
rc:Sculpture,rdfs:subClassOf,owl:Thing
rc:FloorPlan,rdfs:subClassOf,rc:Map
rc:FloorPlan,rdfs:subClassOf,owl:Thing
rc:Spectacle,rdfs:subClassOf,rc:VisualImage
rc:Spectacle,rdfs:subClassOf,owl:Thing
rc:AutoLoanCalculatorProgram,rdfs:subClassOf,rc:CalculatorProgram
rc:AutoLoanCalculatorProgram,rdfs:subClassOf,rc:FinancialProgram
rc:AutoLoanCalculatorProgram,rdfs:subClassOf,owl:Thing
rc:ASPAccountingSystem,rdfs:subClassOf,rc:AccountingProgram
rc:ASPAccountingSystem,rdfs:subClassOf,owl:Thing
rc:MilitaryAwardOrDecoration,rdfs:subClassOf,rc:AwardObject
rc:MilitaryAwardOrDecoration,rdfs:subClassOf,owl:Thing
rc:EncyclopediaOfLife,rdfs:subClassOf,rc:ReferenceWebSite
rc:EncyclopediaOfLife,rdfs:subClassOf,owl:Thing
rc:YellowPages,rdfs:subClassOf,rc:TelephoneDirectory
rc:YellowPages,rdfs:subClassOf,owl:Thing
rc:VideoTape,rdfs:subClassOf,rc:MagneticTape
rc:VideoTape,rdfs:subClassOf,owl:Thing
rc:TicketTypeBySitTypeAuthorized,rdfs:subClassOf,rc:Ticket
rc:TicketTypeBySitTypeAuthorized,rdfs:subClassOf,owl:Thing
rc:LusatianLanguage,rdfs:subClassOf,rc:SlavicLanguages
rc:LusatianLanguage,rdfs:subClassOf,owl:Thing
rc:MusicByRegion,rdfs:subClassOf,rc:Music
rc:MusicByRegion,rdfs:subClassOf,owl:Thing
rc:MeroiticWriting,rdfs:subClassOf,rc:WritingSystem
rc:MeroiticWriting,rdfs:subClassOf,owl:Thing
rc:Complementizer,rdfs:subClassOf,rc:ClosedClassWord
rc:Complementizer,rdfs:subClassOf,owl:Thing
rc:LGBTErotica,rdfs:subClassOf,rc:Erotica
rc:LGBTErotica,rdfs:subClassOf,owl:Thing
rc:Lesson,rdfs:subClassOf,rc:InformationBearingThing
rc:Lesson,rdfs:subClassOf,owl:Thing
rc:DirectedAcyclicGraph,rdfs:subClassOf,rc:DirectedGraph
rc:DirectedAcyclicGraph,rdfs:subClassOf,owl:Thing
rc:MSWindowsVista,rdfs:subClassOf,rc:MSWindowsOperatingSystem
rc:MSWindowsVista,rdfs:subClassOf,owl:Thing
rc:WelshToponym,rdfs:subClassOf,rc:LanguageToponyms
rc:WelshToponym,rdfs:subClassOf,owl:Thing
rc:TemneLanguage,rdfs:subClassOf,rc:AtlanticCongoLanguages
rc:TemneLanguage,rdfs:subClassOf,owl:Thing
rc:PolishTopics,rdfs:subClassOf,rc:LanguageSpecificTopics
rc:PolishTopics,rdfs:subClassOf,owl:Thing
rc:NTDomainServer,rdfs:subClassOf,rc:LoginAuthenticator
rc:NTDomainServer,rdfs:subClassOf,rc:NTMachine
rc:NTDomainServer,rdfs:subClassOf,owl:Thing
rc:DecorationOfTheRoyalAirForce,rdfs:subClassOf,rc:MilitaryAwardOrDecoration
rc:DecorationOfTheRoyalAirForce,rdfs:subClassOf,owl:Thing
rc:MetaphorsByType,rdfs:subClassOf,rc:Metaphor
rc:MetaphorsByType,rdfs:subClassOf,owl:Thing
rc:YPHoldings,rdfs:subClassOf,rc:YellowPages
rc:YPHoldings,rdfs:subClassOf,owl:Thing
rc:FirewallProgram,rdfs:subClassOf,rc:InternetProgram
rc:FirewallProgram,rdfs:subClassOf,rc:SecurityProgram
rc:FirewallProgram,rdfs:subClassOf,rc:ServerProgram
rc:FirewallProgram,rdfs:subClassOf,owl:Thing
rc:ChechenLanguage,rdfs:subClassOf,rc:OtherLanguages
rc:ChechenLanguage,rdfs:subClassOf,owl:Thing
rc:BritishChristianMusic,rdfs:subClassOf,rc:MusicalComposition_Christian
rc:BritishChristianMusic,rdfs:subClassOf,owl:Thing
rc:TVHobbyShow,rdfs:subClassOf,rc:InformativeTVShow
rc:TVHobbyShow,rdfs:subClassOf,owl:Thing
rc:LowerSorbianLanguage,rdfs:subClassOf,rc:LusatianLanguage
rc:LowerSorbianLanguage,rdfs:subClassOf,owl:Thing
rc:AndeanMusic,rdfs:subClassOf,rc:MusicByRegion
rc:AndeanMusic,rdfs:subClassOf,owl:Thing
rc:YiddishLanguageSurname,rdfs:subClassOf,rc:HumanSurname
rc:YiddishLanguageSurname,rdfs:subClassOf,owl:Thing
rc:PoliticalCartoon,rdfs:subClassOf,rc:Cartoon
rc:PoliticalCartoon,rdfs:subClassOf,owl:Thing
rc:Media_Communication,rdfs:subClassOf,rc:Communication
rc:Media_Communication,rdfs:subClassOf,owl:Thing
rc:Reverend_Title,rdfs:subClassOf,rc:MilitaryTitle
rc:Reverend_Title,rdfs:subClassOf,owl:Thing
rc:TequistlatecanLanguage,rdfs:subClassOf,rc:RecentExtinctLanguages
rc:TequistlatecanLanguage,rdfs:subClassOf,owl:Thing
rc:IranianInscription,rdfs:subClassOf,rc:Inscription
rc:IranianInscription,rdfs:subClassOf,owl:Thing
rc:PolishDialect,rdfs:subClassOf,rc:LanguageDialect
rc:PolishDialect,rdfs:subClassOf,rc:PolishTopics
rc:PolishDialect,rdfs:subClassOf,owl:Thing
rc:RealityTVShow,rdfs:subClassOf,rc:TVShow
rc:RealityTVShow,rdfs:subClassOf,owl:Thing
rc:SensitiveButUnclassified,rdfs:subClassOf,rc:InformationAccessType
rc:SensitiveButUnclassified,rdfs:subClassOf,owl:Thing
rc:MetaphorsReferringToWarAndViolence,rdfs:subClassOf,rc:Metaphor
rc:MetaphorsReferringToWarAndViolence,rdfs:subClassOf,owl:Thing
rc:TVCookingShow,rdfs:subClassOf,rc:TVHobbyShow
rc:TVCookingShow,rdfs:subClassOf,owl:Thing
rc:DancePerformance,rdfs:subClassOf,rc:InformationBearingPerformance
rc:DancePerformance,rdfs:subClassOf,owl:Thing
rc:TwentyDollarBill_US,rdfs:subClassOf,rc:Bill_US
rc:TwentyDollarBill_US,rdfs:subClassOf,owl:Thing
rc:MinaeanDialect,rdfs:subClassOf,rc:IonicGreekDialect
rc:MinaeanDialect,rdfs:subClassOf,owl:Thing
rc:Interpreter_Computers,rdfs:subClassOf,rc:ProgrammingLanguageImplementation
rc:Interpreter_Computers,rdfs:subClassOf,owl:Thing
rc:BoundedDirectedAcyclicGraph,rdfs:subClassOf,rc:DirectedAcyclicGraph
rc:BoundedDirectedAcyclicGraph,rdfs:subClassOf,owl:Thing
rc:WomensHandball,rdfs:subClassOf,rc:IndividualHandball
rc:WomensHandball,rdfs:subClassOf,owl:Thing
rc:EditorialCartoon,rdfs:subClassOf,rc:PoliticalCartoon
rc:EditorialCartoon,rdfs:subClassOf,owl:Thing
rc:OffBroadway,rdfs:subClassOf,rc:BroadwayShow
rc:OffBroadway,rdfs:subClassOf,owl:Thing
rc:BackupDomainController,rdfs:subClassOf,rc:NTDomainServer
rc:BackupDomainController,rdfs:subClassOf,owl:Thing
rc:ResignationLetter,rdfs:subClassOf,rc:LetterCopy
rc:ResignationLetter,rdfs:subClassOf,owl:Thing
rc:TaiDamLanguage,rdfs:subClassOf,rc:TaiKadaiLanguages
rc:TaiDamLanguage,rdfs:subClassOf,owl:Thing
rc:GermanLanguage,rdfs:subClassOf,rc:GermanicLanguages
rc:GermanLanguage,rdfs:subClassOf,owl:Thing
rc:HardwareInLinux,rdfs:subClassOf,rc:LinuxOS
rc:HardwareInLinux,rdfs:subClassOf,owl:Thing
rc:WalloonLanguage,rdfs:subClassOf,rc:RomanceLanguages
rc:WalloonLanguage,rdfs:subClassOf,owl:Thing
rc:YiddishPolonism,rdfs:subClassOf,rc:PolishLanguage
rc:YiddishPolonism,rdfs:subClassOf,owl:Thing
rc:Coin_Currency,rdfs:subClassOf,rc:Cash
rc:Coin_Currency,rdfs:subClassOf,rc:Token_Physical
rc:Coin_Currency,rdfs:subClassOf,owl:Thing
rc:OverdraftProtection,rdfs:subClassOf,rc:LoanAgreement
rc:OverdraftProtection,rdfs:subClassOf,owl:Thing
rc:HealthSoftware,rdfs:subClassOf,rc:HealthcareSoftware
rc:HealthSoftware,rdfs:subClassOf,owl:Thing
rc:SurvivalHorror,rdfs:subClassOf,rc:VideoGameProgram_Color
rc:SurvivalHorror,rdfs:subClassOf,owl:Thing
rc:EpsonComputer,rdfs:subClassOf,rc:PersonalComputer
rc:EpsonComputer,rdfs:subClassOf,owl:Thing
rc:EncyclopediaProgram,rdfs:subClassOf,rc:Encyclopedia
rc:EncyclopediaProgram,rdfs:subClassOf,rc:ReferenceComputerProgram
rc:EncyclopediaProgram,rdfs:subClassOf,owl:Thing
rc:TolkienianLanguageFamily,rdfs:subClassOf,rc:FictionalLanguage
rc:TolkienianLanguageFamily,rdfs:subClassOf,owl:Thing
rc:InternationalGreetingCard,rdfs:subClassOf,rc:GreetingCard
rc:InternationalGreetingCard,rdfs:subClassOf,owl:Thing
rc:RecentExtinctLanguages,rdfs:subClassOf,rc:SpecificDeadLanguages
rc:RecentExtinctLanguages,rdfs:subClassOf,owl:Thing
rc:King_ChessPiece,rdfs:subClassOf,rc:ChessPiece
rc:King_ChessPiece,rdfs:subClassOf,owl:Thing
rc:WorkflowSoftware,rdfs:subClassOf,rc:EnterpriseSoftware
rc:WorkflowSoftware,rdfs:subClassOf,owl:Thing
rc:InternetTerminology,rdfs:subClassOf,rc:TechnicalTerminology
rc:InternetTerminology,rdfs:subClassOf,owl:Thing
rc:KangxiRadical,rdfs:subClassOf,rc:ChineseCharacter
rc:KangxiRadical,rdfs:subClassOf,owl:Thing
rc:CommandInterpreter,rdfs:subClassOf,rc:Interpreter_Computers
rc:CommandInterpreter,rdfs:subClassOf,rc:SystemSoftware
rc:CommandInterpreter,rdfs:subClassOf,owl:Thing
rc:ComputerGameProgram_SimulationGod,rdfs:subClassOf,rc:ComputerGameProgram
rc:ComputerGameProgram_SimulationGod,rdfs:subClassOf,owl:Thing
rc:GermanLanguageEducation,rdfs:subClassOf,rc:GermanTopics
rc:GermanLanguageEducation,rdfs:subClassOf,owl:Thing
rc:Coin_US,rdfs:subClassOf,rc:Coin_Currency
rc:Coin_US,rdfs:subClassOf,rc:Currency_US
rc:Coin_US,rdfs:subClassOf,owl:Thing
rc:PhrygianLanguage,rdfs:subClassOf,rc:AncientLanguages
rc:PhrygianLanguage,rdfs:subClassOf,owl:Thing
rc:IBTWithAudioElements,rdfs:subClassOf,rc:InformationBearingThing
rc:IBTWithAudioElements,rdfs:subClassOf,owl:Thing
rc:Installation,rdfs:subClassOf,rc:VisualArtsGenre
rc:Installation,rdfs:subClassOf,owl:Thing
rc:Hyperlink,rdfs:subClassOf,rc:InformationBearingThing
rc:Hyperlink,rdfs:subClassOf,owl:Thing
rc:Y_TheLetter,rdfs:subClassOf,rc:LatinScript
rc:Y_TheLetter,rdfs:subClassOf,owl:Thing
rc:OnlineNewsArticle,rdfs:subClassOf,rc:NewsArticle
rc:OnlineNewsArticle,rdfs:subClassOf,rc:OnlineArticle
rc:OnlineNewsArticle,rdfs:subClassOf,owl:Thing
rc:AlseanLanguage,rdfs:subClassOf,rc:RecentExtinctLanguages
rc:AlseanLanguage,rdfs:subClassOf,owl:Thing
rc:SindhiWordOrPhrase,rdfs:subClassOf,rc:WordOrPhraseByLanguage
rc:SindhiWordOrPhrase,rdfs:subClassOf,owl:Thing
rc:ProprietaryWikiSoftware,rdfs:subClassOf,rc:WikiSoftware
rc:ProprietaryWikiSoftware,rdfs:subClassOf,owl:Thing
rc:Deny_FirewallTarget,rdfs:subClassOf,rc:FirewallProgram
rc:Deny_FirewallTarget,rdfs:subClassOf,owl:Thing
rc:ScottishFiddling,rdfs:subClassOf,rc:MusicalComposition_Celtic
rc:ScottishFiddling,rdfs:subClassOf,owl:Thing
rc:TaxForm_1040A,rdfs:subClassOf,rc:TaxForm
rc:TaxForm_1040A,rdfs:subClassOf,owl:Thing
rc:BackupOperatorAccount,rdfs:subClassOf,rc:PrivilegedAccount
rc:BackupOperatorAccount,rdfs:subClassOf,owl:Thing
rc:BororoLanguage,rdfs:subClassOf,rc:ArawakanLanguages
rc:BororoLanguage,rdfs:subClassOf,owl:Thing
rc:ComputerGameProgram_Soccer,rdfs:subClassOf,rc:ComputerGameProgram_Sports
rc:ComputerGameProgram_Soccer,rdfs:subClassOf,owl:Thing
rc:Directory_ReferenceWork,rdfs:subClassOf,rc:ReferenceWork_Written
rc:Directory_ReferenceWork,rdfs:subClassOf,owl:Thing
rc:NickelCoin_US,rdfs:subClassOf,rc:Coin_US
rc:NickelCoin_US,rdfs:subClassOf,owl:Thing
rc:BalletDancePerformance,rdfs:subClassOf,rc:DancePerformance
rc:BalletDancePerformance,rdfs:subClassOf,owl:Thing
rc:RibonucleotideSequence_GIS,rdfs:subClassOf,rc:NucleicAcidSequence_GIS
rc:RibonucleotideSequence_GIS,rdfs:subClassOf,owl:Thing
rc:SoundInformationBearingThing,rdfs:subClassOf,rc:IBTWithAudioElements
rc:SoundInformationBearingThing,rdfs:subClassOf,owl:Thing
rc:MusicOfAthens_Georgia,rdfs:subClassOf,rc:MusicByRegion
rc:MusicOfAthens_Georgia,rdfs:subClassOf,owl:Thing
rc:LacrosseTerminology,rdfs:subClassOf,rc:SportsTerminology
rc:LacrosseTerminology,rdfs:subClassOf,owl:Thing
rc:OsseticLanguage,rdfs:subClassOf,rc:IranianLanguages
rc:OsseticLanguage,rdfs:subClassOf,owl:Thing
rc:MailingAddress,rdfs:subClassOf,rc:Address_PhysicalLocationDesignator
rc:MailingAddress,rdfs:subClassOf,owl:Thing
rc:OrdinalNumber,rdfs:subClassOf,rc:SetTheory
rc:OrdinalNumber,rdfs:subClassOf,owl:Thing
rc:WesternSwing,rdfs:subClassOf,rc:SwingMusic
rc:WesternSwing,rdfs:subClassOf,owl:Thing
rc:FreeSoftwareProgrammedInJavaScript,rdfs:subClassOf,rc:JavaScriptFile
rc:FreeSoftwareProgrammedInJavaScript,rdfs:subClassOf,rc:JavaScriptProgrammingLanguage
rc:FreeSoftwareProgrammedInJavaScript,rdfs:subClassOf,owl:Thing
rc:UnproducedTelevisionProgram,rdfs:subClassOf,rc:TVSeriesProduct
rc:UnproducedTelevisionProgram,rdfs:subClassOf,owl:Thing
rc:MSWindowsXP,rdfs:subClassOf,rc:MSWindowsOperatingSystem
rc:MSWindowsXP,rdfs:subClassOf,owl:Thing
rc:Manga,rdfs:subClassOf,rc:AnimationByGenre
rc:Manga,rdfs:subClassOf,owl:Thing
rc:UserInterface,rdfs:subClassOf,rc:SoftwareObject_Individual
rc:UserInterface,rdfs:subClassOf,owl:Thing
rc:OfficialDocument,rdfs:subClassOf,rc:Document
rc:OfficialDocument,rdfs:subClassOf,rc:HardcopyInformationBearingObject
rc:OfficialDocument,rdfs:subClassOf,owl:Thing
rc:MobileSculpture,rdfs:subClassOf,rc:Sculpture
rc:MobileSculpture,rdfs:subClassOf,owl:Thing
rc:BuffaloNickel,rdfs:subClassOf,rc:NickelCoin_US
rc:BuffaloNickel,rdfs:subClassOf,owl:Thing
rc:SkaMusic,rdfs:subClassOf,rc:MusicTypeByGenre
rc:SkaMusic,rdfs:subClassOf,owl:Thing
rc:BritishCookingTelevisionProgram,rdfs:subClassOf,rc:TelevisionSeriesByGenre
rc:BritishCookingTelevisionProgram,rdfs:subClassOf,owl:Thing
rc:BalletCompetition,rdfs:subClassOf,rc:BalletDancePerformance
rc:BalletCompetition,rdfs:subClassOf,owl:Thing
rc:AlarmSound,rdfs:subClassOf,rc:AlarmSignal
rc:AlarmSound,rdfs:subClassOf,rc:SoundInformationBearingThing
rc:AlarmSound,rdfs:subClassOf,owl:Thing
rc:Gene_GIS,rdfs:subClassOf,rc:NucleicAcidSequence_GIS
rc:Gene_GIS,rdfs:subClassOf,owl:Thing
rc:Write_off,rdfs:subClassOf,rc:InformationRecordingProcess
rc:Write_off,rdfs:subClassOf,owl:Thing
rc:TeenMovie,rdfs:subClassOf,rc:FilmGenre
rc:TeenMovie,rdfs:subClassOf,owl:Thing
rc:MusicalNotation_General,rdfs:subClassOf,rc:CommunicationConvention
rc:MusicalNotation_General,rdfs:subClassOf,owl:Thing
rc:PolishGrammar,rdfs:subClassOf,rc:LanguageGrammars
rc:PolishGrammar,rdfs:subClassOf,rc:PolishTopics
rc:PolishGrammar,rdfs:subClassOf,owl:Thing
rc:ChuvashLanguage,rdfs:subClassOf,rc:TurkicLanguages
rc:ChuvashLanguage,rdfs:subClassOf,owl:Thing
rc:LegalDocument,rdfs:subClassOf,rc:OfficialDocument
rc:LegalDocument,rdfs:subClassOf,owl:Thing
rc:InfantMobile,rdfs:subClassOf,rc:MobileSculpture
rc:InfantMobile,rdfs:subClassOf,owl:Thing
rc:CompletedForm_StandardizedIBO,rdfs:subClassOf,rc:Form_StandardizedIBO
rc:CompletedForm_StandardizedIBO,rdfs:subClassOf,owl:Thing
rc:GeometryOfNumbers,rdfs:subClassOf,rc:NumberTheory
rc:GeometryOfNumbers,rdfs:subClassOf,owl:Thing
rc:ChechenLanguageSurname,rdfs:subClassOf,rc:HumanSurname
rc:ChechenLanguageSurname,rdfs:subClassOf,owl:Thing
rc:TaiLuLanguage,rdfs:subClassOf,rc:Tai_NeuaLanguage
rc:TaiLuLanguage,rdfs:subClassOf,owl:Thing
rc:WelshWordOrPhrase,rdfs:subClassOf,rc:WordOrPhraseByLanguage
rc:WelshWordOrPhrase,rdfs:subClassOf,owl:Thing
rc:HawaiiSesquicentennialHalfDollar,rdfs:subClassOf,rc:HalfDollarCoin_US
rc:HawaiiSesquicentennialHalfDollar,rdfs:subClassOf,owl:Thing
rc:CantillationMark,rdfs:subClassOf,rc:MusicalNotation_General
rc:CantillationMark,rdfs:subClassOf,owl:Thing
rc:MusicOfItaly,rdfs:subClassOf,rc:MusicByRegion
rc:MusicOfItaly,rdfs:subClassOf,owl:Thing
rc:KanjiCharacter,rdfs:subClassOf,rc:JapaneseWritingSystem
rc:KanjiCharacter,rdfs:subClassOf,owl:Thing
rc:Lesson_CW,rdfs:subClassOf,rc:InstructionalWork
rc:Lesson_CW,rdfs:subClassOf,owl:Thing
rc:YiddishWordOrPhrase,rdfs:subClassOf,rc:WordOrPhraseByLanguage
rc:YiddishWordOrPhrase,rdfs:subClassOf,owl:Thing
rc:ShockwaveFlash_TheProgram,rdfs:subClassOf,rc:PlugInProgram
rc:ShockwaveFlash_TheProgram,rdfs:subClassOf,owl:Thing
rc:PerformaComputer,rdfs:subClassOf,rc:MacintoshComputer
rc:PerformaComputer,rdfs:subClassOf,owl:Thing
rc:TVDocumentary,rdfs:subClassOf,rc:Documentary_Genre
rc:TVDocumentary,rdfs:subClassOf,rc:InformativeTVShow
rc:TVDocumentary,rdfs:subClassOf,rc:NarrativeTVShow
rc:TVDocumentary,rdfs:subClassOf,owl:Thing
rc:UnsecuredLineOfCredit,rdfs:subClassOf,rc:LineOfCredit
rc:UnsecuredLineOfCredit,rdfs:subClassOf,rc:UnsecuredLoan
rc:UnsecuredLineOfCredit,rdfs:subClassOf,owl:Thing
rc:ReverseMortgage,rdfs:subClassOf,rc:HomeEquityLoan
rc:ReverseMortgage,rdfs:subClassOf,rc:MortgageAgreement
rc:ReverseMortgage,rdfs:subClassOf,owl:Thing
rc:OfficeSuiteSoftware,rdfs:subClassOf,rc:BusinessComputerProgram
rc:OfficeSuiteSoftware,rdfs:subClassOf,rc:BusinessFunctionSpecificSoftware
rc:OfficeSuiteSoftware,rdfs:subClassOf,rc:SoftwareSuite
rc:OfficeSuiteSoftware,rdfs:subClassOf,owl:Thing
rc:IlocanoLanguage,rdfs:subClassOf,rc:MalayoPolynesianLanguages
rc:IlocanoLanguage,rdfs:subClassOf,owl:Thing
rc:Affidavit,rdfs:subClassOf,rc:LegalDocument
rc:Affidavit,rdfs:subClassOf,owl:Thing
rc:KickapooLanguage,rdfs:subClassOf,rc:AlgonquianLanguages
rc:KickapooLanguage,rdfs:subClassOf,owl:Thing
rc:AboutPage,rdfs:subClassOf,rc:WebPage
rc:AboutPage,rdfs:subClassOf,owl:Thing
rc:FileSavingProgram,rdfs:subClassOf,rc:FileWritingProgram
rc:FileSavingProgram,rdfs:subClassOf,owl:Thing
rc:DishonorableDischargeDocument,rdfs:subClassOf,rc:MilitaryDischargePaper
rc:DishonorableDischargeDocument,rdfs:subClassOf,owl:Thing
rc:CommandLineInterface,rdfs:subClassOf,rc:UserInterface
rc:CommandLineInterface,rdfs:subClassOf,owl:Thing
rc:MarathiLanguage,rdfs:subClassOf,rc:IndoAryanLanguages
rc:MarathiLanguage,rdfs:subClassOf,owl:Thing
rc:TaxForm_1040ES,rdfs:subClassOf,rc:TaxForm
rc:TaxForm_1040ES,rdfs:subClassOf,owl:Thing
rc:Likeness,rdfs:subClassOf,rc:VisualImage
rc:Likeness,rdfs:subClassOf,owl:Thing
rc:KhoisanLanguages,rdfs:subClassOf,rc:LivingLanguage
rc:KhoisanLanguages,rdfs:subClassOf,owl:Thing
rc:ComputationalChemistrySoftware,rdfs:subClassOf,rc:ScientificSoftware
rc:ComputationalChemistrySoftware,rdfs:subClassOf,owl:Thing
rc:OnlineNewsSeries,rdfs:subClassOf,rc:WebSite
rc:OnlineNewsSeries,rdfs:subClassOf,owl:Thing
rc:InstallationProgram,rdfs:subClassOf,rc:UtilityProgram
rc:InstallationProgram,rdfs:subClassOf,owl:Thing
rc:PortugueseBasedPidginsAndCreoles,rdfs:subClassOf,rc:PidginLanguage
rc:PortugueseBasedPidginsAndCreoles,rdfs:subClassOf,owl:Thing
rc:TurkicLanguages,rdfs:subClassOf,rc:AltaicLanguages
rc:TurkicLanguages,rdfs:subClassOf,rc:TurkicTopics
rc:TurkicLanguages,rdfs:subClassOf,owl:Thing
rc:OffOffBroadway,rdfs:subClassOf,rc:BroadwayShow
rc:OffOffBroadway,rdfs:subClassOf,owl:Thing
rc:EroticStory,rdfs:subClassOf,rc:PornographicMaterial_Legal
rc:EroticStory,rdfs:subClassOf,owl:Thing
rc:SukLanguage,rdfs:subClassOf,rc:NiloSaharanLanguages
rc:SukLanguage,rdfs:subClassOf,owl:Thing
rc:GermanLanguageInTheUnitedStates,rdfs:subClassOf,rc:GermanTopics
rc:GermanLanguageInTheUnitedStates,rdfs:subClassOf,owl:Thing
rc:WesternTVShow,rdfs:subClassOf,rc:NarrativeTVShow
rc:WesternTVShow,rdfs:subClassOf,owl:Thing
rc:PersonalCheck,rdfs:subClassOf,rc:Check_TenderObject
rc:PersonalCheck,rdfs:subClassOf,owl:Thing
rc:OriginalWorkOfArt,rdfs:subClassOf,rc:ArtObject
rc:OriginalWorkOfArt,rdfs:subClassOf,owl:Thing
rc:ComputerGameProgram_Strategy,rdfs:subClassOf,rc:ComputerGameProgram
rc:ComputerGameProgram_Strategy,rdfs:subClassOf,owl:Thing
rc:BashkirLanguage,rdfs:subClassOf,rc:TurkicLanguages
rc:BashkirLanguage,rdfs:subClassOf,owl:Thing
rc:MarathiTerm,rdfs:subClassOf,rc:LanguageTerm
rc:MarathiTerm,rdfs:subClassOf,owl:Thing
rc:UNIXMachine,rdfs:subClassOf,rc:MultipleUserComputer
rc:UNIXMachine,rdfs:subClassOf,owl:Thing
rc:FileServerProgram,rdfs:subClassOf,rc:NetworkingProgram
rc:FileServerProgram,rdfs:subClassOf,owl:Thing
rc:NootkaLanguage,rdfs:subClassOf,rc:WakashanLanguages
rc:NootkaLanguage,rdfs:subClassOf,owl:Thing
rc:LispObject,rdfs:subClassOf,rc:LinguisticObject
rc:LispObject,rdfs:subClassOf,rc:ProgramObject
rc:LispObject,rdfs:subClassOf,owl:Thing
rc:Booklet,rdfs:subClassOf,rc:PublishedConceptualWork
rc:Booklet,rdfs:subClassOf,owl:Thing
rc:HumanProtocol,rdfs:subClassOf,rc:Protocol
rc:HumanProtocol,rdfs:subClassOf,owl:Thing
rc:InformationStorageMedia,rdfs:subClassOf,rc:InformationBearingObject
rc:InformationStorageMedia,rdfs:subClassOf,owl:Thing
rc:MedicareNumber,rdfs:subClassOf,rc:IDString
rc:MedicareNumber,rdfs:subClassOf,rc:UniqueID
rc:MedicareNumber,rdfs:subClassOf,owl:Thing
rc:BestialityStory,rdfs:subClassOf,rc:EroticStory
rc:BestialityStory,rdfs:subClassOf,owl:Thing
rc:TemperaPainting,rdfs:subClassOf,rc:Painting_ArtForm
rc:TemperaPainting,rdfs:subClassOf,owl:Thing
rc:NetworkProtocolStack,rdfs:subClassOf,rc:NetworkLayerProtocol
rc:NetworkProtocolStack,rdfs:subClassOf,owl:Thing
rc:Voodoo_GraphicsAccelerator,rdfs:subClassOf,rc:GraphicsAcceleratorCard
rc:Voodoo_GraphicsAccelerator,rdfs:subClassOf,owl:Thing
rc:SilentFilmMusic,rdfs:subClassOf,rc:MusicTypeByGenre
rc:SilentFilmMusic,rdfs:subClassOf,owl:Thing
rc:FreeSoftwareProgrammedInLisp,rdfs:subClassOf,rc:LispObject
rc:FreeSoftwareProgrammedInLisp,rdfs:subClassOf,owl:Thing
rc:DeadLanguageInUse,rdfs:subClassOf,rc:DeadLanguage
rc:DeadLanguageInUse,rdfs:subClassOf,owl:Thing
rc:NameServer_Network,rdfs:subClassOf,rc:ComputerServer
rc:NameServer_Network,rdfs:subClassOf,rc:ServerProgram
rc:NameServer_Network,rdfs:subClassOf,owl:Thing
rc:StoreChargeCard,rdfs:subClassOf,rc:CreditCard
rc:StoreChargeCard,rdfs:subClassOf,owl:Thing
rc:StarTrekMovie,rdfs:subClassOf,rc:ScienceFictionMovie
rc:StarTrekMovie,rdfs:subClassOf,owl:Thing
rc:InternetMailAccessServerProgram,rdfs:subClassOf,rc:EMailProgram
rc:InternetMailAccessServerProgram,rdfs:subClassOf,rc:ServerProgram
rc:InternetMailAccessServerProgram,rdfs:subClassOf,owl:Thing
rc:SignedPurchaseContract,rdfs:subClassOf,rc:OfficialDocument
rc:SignedPurchaseContract,rdfs:subClassOf,owl:Thing
rc:Poker_ComputerCardGame,rdfs:subClassOf,rc:CardGameProgram
rc:Poker_ComputerCardGame,rdfs:subClassOf,owl:Thing
rc:GuaraniLanguage,rdfs:subClassOf,rc:TupianLanguages
rc:GuaraniLanguage,rdfs:subClassOf,owl:Thing
rc:CustomerCommunicationsManagement,rdfs:subClassOf,rc:SoftwareObject_Individual
rc:CustomerCommunicationsManagement,rdfs:subClassOf,owl:Thing
rc:WomensIceHockey,rdfs:subClassOf,rc:IceHockey
rc:WomensIceHockey,rdfs:subClassOf,owl:Thing
rc:MSWord,rdfs:subClassOf,rc:MSOffice
rc:MSWord,rdfs:subClassOf,rc:OfficeSuiteSoftware
rc:MSWord,rdfs:subClassOf,owl:Thing
rc:TypeOfMalware,rdfs:subClassOf,rc:MaliciousComputerProgram
rc:TypeOfMalware,rdfs:subClassOf,owl:Thing
rc:ReliefBust,rdfs:subClassOf,rc:Bust_Sculpture
rc:ReliefBust,rdfs:subClassOf,rc:Relief_Sculpture
rc:ReliefBust,rdfs:subClassOf,owl:Thing
rc:MusicOfTheSouthernUnitedStates,rdfs:subClassOf,rc:MusicByRegion
rc:MusicOfTheSouthernUnitedStates,rdfs:subClassOf,owl:Thing
rc:Letter_Alphabetic,rdfs:subClassOf,rc:WritingSymbolCharacter
rc:Letter_Alphabetic,rdfs:subClassOf,owl:Thing
rc:IranianLanguageSurname,rdfs:subClassOf,rc:HumanSurname
rc:IranianLanguageSurname,rdfs:subClassOf,owl:Thing
rc:ReferenceWork_Structured,rdfs:subClassOf,rc:ReferenceWork
rc:ReferenceWork_Structured,rdfs:subClassOf,owl:Thing
rc:HighLevelLanguageComputerArchitecture,rdfs:subClassOf,rc:ComputerTypeByArchitecture
rc:HighLevelLanguageComputerArchitecture,rdfs:subClassOf,owl:Thing
rc:HeismanTrophy,rdfs:subClassOf,rc:Trophy
rc:HeismanTrophy,rdfs:subClassOf,owl:Thing
rc:ClockProgram,rdfs:subClassOf,rc:UtilityProgram
rc:ClockProgram,rdfs:subClassOf,owl:Thing
rc:Ransomware,rdfs:subClassOf,rc:TypeOfMalware
rc:Ransomware,rdfs:subClassOf,owl:Thing
rc:ParodyMovie,rdfs:subClassOf,rc:ComedyMovie
rc:ParodyMovie,rdfs:subClassOf,owl:Thing
rc:KannadaLanguage,rdfs:subClassOf,rc:DravidianLanguages
rc:KannadaLanguage,rdfs:subClassOf,owl:Thing
rc:TVFamilyShow,rdfs:subClassOf,rc:TVShow
rc:TVFamilyShow,rdfs:subClassOf,owl:Thing
rc:SecondLevelDomain,rdfs:subClassOf,rc:DomainNameSystemProtocol
rc:SecondLevelDomain,rdfs:subClassOf,owl:Thing
rc:PsychiatricTerminology,rdfs:subClassOf,rc:MedicalTerminology
rc:PsychiatricTerminology,rdfs:subClassOf,owl:Thing
rc:Atlas,rdfs:subClassOf,rc:ReferenceWork_Structured
rc:Atlas,rdfs:subClassOf,owl:Thing
rc:HottentotLanguage,rdfs:subClassOf,rc:KhoisanLanguages
rc:HottentotLanguage,rdfs:subClassOf,owl:Thing
rc:GumuzLanguage,rdfs:subClassOf,rc:OtherLanguages
rc:GumuzLanguage,rdfs:subClassOf,owl:Thing
rc:AustralianCountryMusic,rdfs:subClassOf,rc:CountryMusic
rc:AustralianCountryMusic,rdfs:subClassOf,rc:MusicTypeOpenGenre
rc:AustralianCountryMusic,rdfs:subClassOf,rc:MusicalComposition_Country
rc:AustralianCountryMusic,rdfs:subClassOf,owl:Thing
rc:AcademicStyleGuide,rdfs:subClassOf,rc:ScholarlyArticle
rc:AcademicStyleGuide,rdfs:subClassOf,owl:Thing
rc:ChaoticMap,rdfs:subClassOf,rc:ChaosTheory
rc:ChaoticMap,rdfs:subClassOf,owl:Thing
rc:Parody,rdfs:subClassOf,rc:ParodyMovie
rc:Parody,rdfs:subClassOf,owl:Thing
rc:DataCollection,rdfs:subClassOf,rc:Database_AbstractContent
rc:DataCollection,rdfs:subClassOf,owl:Thing
rc:VideoCassette,rdfs:subClassOf,rc:MagneticTapeCassette
rc:VideoCassette,rdfs:subClassOf,owl:Thing
rc:ArithmeticFunction,rdfs:subClassOf,rc:NumberTheory
rc:ArithmeticFunction,rdfs:subClassOf,owl:Thing
rc:Etching_Print,rdfs:subClassOf,rc:Graphic_VisualIBT
rc:Etching_Print,rdfs:subClassOf,rc:HardcopyInformationBearingObject
rc:Etching_Print,rdfs:subClassOf,rc:TwoDimensionalArtObject
rc:Etching_Print,rdfs:subClassOf,owl:Thing
rc:MaldivianLanguage,rdfs:subClassOf,rc:IndicLanguages
rc:MaldivianLanguage,rdfs:subClassOf,owl:Thing
rc:SignageEquipment,rdfs:subClassOf,rc:SignageEtc
rc:SignageEquipment,rdfs:subClassOf,owl:Thing
rc:CompletedRegistration,rdfs:subClassOf,rc:SignedPurchaseContract
rc:CompletedRegistration,rdfs:subClassOf,owl:Thing
rc:MusicalComposition_Romantic,rdfs:subClassOf,rc:MusicTypeOpenGenre
rc:MusicalComposition_Romantic,rdfs:subClassOf,rc:MusicalComposition
rc:MusicalComposition_Romantic,rdfs:subClassOf,owl:Thing
rc:EconometricsSoftware,rdfs:subClassOf,rc:UtilityProgram
rc:EconometricsSoftware,rdfs:subClassOf,owl:Thing
rc:IndonesianLanguage,rdfs:subClassOf,rc:MalayoPolynesianLanguages
rc:IndonesianLanguage,rdfs:subClassOf,owl:Thing
rc:VHSCassette,rdfs:subClassOf,rc:VideoCassette
rc:VHSCassette,rdfs:subClassOf,owl:Thing
rc:NativeAmericanLanguageRevitalization,rdfs:subClassOf,rc:DeadLanguageInUse
rc:NativeAmericanLanguageRevitalization,rdfs:subClassOf,owl:Thing
rc:IndicLanguages,rdfs:subClassOf,rc:HottentotLanguage
rc:IndicLanguages,rdfs:subClassOf,rc:IndoEuropeanLanguages
rc:IndicLanguages,rdfs:subClassOf,owl:Thing
rc:CacheCoherency,rdfs:subClassOf,rc:ParallelArchitecture
rc:CacheCoherency,rdfs:subClassOf,owl:Thing
rc:TheBostonGlobe_TheNewspaper,rdfs:subClassOf,rc:NewspaperSeries
rc:TheBostonGlobe_TheNewspaper,rdfs:subClassOf,owl:Thing
rc:GermanLanguageSurname,rdfs:subClassOf,rc:GermanTopics
rc:GermanLanguageSurname,rdfs:subClassOf,rc:HumanSurname
rc:GermanLanguageSurname,rdfs:subClassOf,owl:Thing
rc:YieldSign,rdfs:subClassOf,rc:RoadSign
rc:YieldSign,rdfs:subClassOf,rc:StationarySign
rc:YieldSign,rdfs:subClassOf,owl:Thing
rc:Dataset,rdfs:subClassOf,rc:DataCollection
rc:Dataset,rdfs:subClassOf,owl:Thing
rc:SheetOfPaper,rdfs:subClassOf,rc:InformationStorageMedia
rc:SheetOfPaper,rdfs:subClassOf,kko:WrittenInfo
rc:SheetOfPaper,rdfs:subClassOf,owl:Thing
rc:TVGameShow,rdfs:subClassOf,rc:TVShow
rc:TVGameShow,rdfs:subClassOf,owl:Thing
rc:MSWordDocument,rdfs:subClassOf,rc:ComputerFile
rc:MSWordDocument,rdfs:subClassOf,owl:Thing
rc:OnlinePokerGame,rdfs:subClassOf,rc:Poker_ComputerCardGame
rc:OnlinePokerGame,rdfs:subClassOf,owl:Thing
rc:HungarianGivenName,rdfs:subClassOf,rc:HumanGivenName
rc:HungarianGivenName,rdfs:subClassOf,owl:Thing
rc:ZandeLanguage,rdfs:subClassOf,rc:AtlanticCongoLanguages
rc:ZandeLanguage,rdfs:subClassOf,owl:Thing
rc:IMAPServerProgram,rdfs:subClassOf,rc:InternetMailAccessServerProgram
rc:IMAPServerProgram,rdfs:subClassOf,owl:Thing
rc:ComputerGameProgram_Trivia,rdfs:subClassOf,rc:ComputerGameProgram
rc:ComputerGameProgram_Trivia,rdfs:subClassOf,owl:Thing
rc:ShellForCasting,rdfs:subClassOf,rc:PhysicalTemplate
rc:ShellForCasting,rdfs:subClassOf,owl:Thing
rc:Alphabet,rdfs:subClassOf,rc:Letter_Alphabetic
rc:Alphabet,rdfs:subClassOf,owl:Thing
rc:Interoperability,rdfs:subClassOf,rc:InformationProcess
rc:Interoperability,rdfs:subClassOf,owl:Thing
rc:ScottishGaelicLanguage,rdfs:subClassOf,rc:CelticLanguages
rc:ScottishGaelicLanguage,rdfs:subClassOf,owl:Thing
rc:Playstation,rdfs:subClassOf,rc:VideoGameSystem
rc:Playstation,rdfs:subClassOf,owl:Thing
rc:Spinor,rdfs:subClassOf,rc:QuantumFieldTheory
rc:Spinor,rdfs:subClassOf,owl:Thing
rc:Modal,rdfs:subClassOf,rc:AuxVerb
rc:Modal,rdfs:subClassOf,owl:Thing
rc:AssameseLanguage,rdfs:subClassOf,rc:IndicLanguages
rc:AssameseLanguage,rdfs:subClassOf,owl:Thing
rc:TurkanaLanguage,rdfs:subClassOf,rc:NiloSaharanLanguages
rc:TurkanaLanguage,rdfs:subClassOf,owl:Thing
rc:Letter_Latin,rdfs:subClassOf,rc:Letter_Alphabetic
rc:Letter_Latin,rdfs:subClassOf,owl:Thing
rc:LibraryCatalog,rdfs:subClassOf,rc:Catalog
rc:LibraryCatalog,rdfs:subClassOf,owl:Thing
rc:GrammaticalGender,rdfs:subClassOf,rc:LinguisticQuantity
rc:GrammaticalGender,rdfs:subClassOf,rc:NLWordForm
rc:GrammaticalGender,rdfs:subClassOf,rc:Vocabulary
rc:GrammaticalGender,rdfs:subClassOf,owl:Thing
rc:Videotelephony,rdfs:subClassOf,rc:VideoRecordedObject
rc:Videotelephony,rdfs:subClassOf,owl:Thing
rc:FileServer_Network,rdfs:subClassOf,rc:ComputerServer
rc:FileServer_Network,rdfs:subClassOf,owl:Thing
rc:ArenaFootballLeagueTerminology,rdfs:subClassOf,rc:SportsTerminology
rc:ArenaFootballLeagueTerminology,rdfs:subClassOf,owl:Thing
rc:Poster,rdfs:subClassOf,rc:Art
rc:Poster,rdfs:subClassOf,rc:Paper_IBO
rc:Poster,rdfs:subClassOf,rc:SheetOfPaper
rc:Poster,rdfs:subClassOf,owl:Thing
rc:GermanLanguageTest,rdfs:subClassOf,rc:GermanTopics
rc:GermanLanguageTest,rdfs:subClassOf,rc:LanguageTests
rc:GermanLanguageTest,rdfs:subClassOf,owl:Thing
rc:NameTag,rdfs:subClassOf,rc:Tag_IBO
rc:NameTag,rdfs:subClassOf,owl:Thing
rc:UpperCaseLetter,rdfs:subClassOf,rc:Letter_Alphabetic
rc:UpperCaseLetter,rdfs:subClassOf,owl:Thing
rc:SignTheDisplay,rdfs:subClassOf,rc:HardcopyInformationBearingObject
rc:SignTheDisplay,rdfs:subClassOf,rc:Signage
rc:SignTheDisplay,rdfs:subClassOf,owl:Thing
rc:CacheComputing,rdfs:subClassOf,rc:ComputerTypeByArchitecture
rc:CacheComputing,rdfs:subClassOf,owl:Thing
rc:MusicOfTheUnitedStates,rdfs:subClassOf,rc:MusicByRegion
rc:MusicOfTheUnitedStates,rdfs:subClassOf,owl:Thing
rc:CatholicTerm,rdfs:subClassOf,rc:ReligiousTerm
rc:CatholicTerm,rdfs:subClassOf,owl:Thing
rc:ComputerGameProgram_Wrestling,rdfs:subClassOf,rc:ComputerGameProgram_Sports
rc:ComputerGameProgram_Wrestling,rdfs:subClassOf,owl:Thing
rc:NBC_Mystery_Movie,rdfs:subClassOf,rc:MysteryMovie
rc:NBC_Mystery_Movie,rdfs:subClassOf,owl:Thing
rc:GarageRock,rdfs:subClassOf,rc:RockMusic
rc:GarageRock,rdfs:subClassOf,owl:Thing
rc:LatinCapitalLetterA,rdfs:subClassOf,rc:Letter_Latin
rc:LatinCapitalLetterA,rdfs:subClassOf,rc:UpperCaseLetter
rc:LatinCapitalLetterA,rdfs:subClassOf,owl:Thing
rc:ScottishGaelicMusic,rdfs:subClassOf,rc:MusicalComposition_Celtic
rc:ScottishGaelicMusic,rdfs:subClassOf,owl:Thing
rc:Mazurka,rdfs:subClassOf,rc:MusicalComposition_Romantic
rc:Mazurka,rdfs:subClassOf,owl:Thing
rc:StarTrekRankOrInsignia,rdfs:subClassOf,rc:Insignia
rc:StarTrekRankOrInsignia,rdfs:subClassOf,owl:Thing
rc:Visa_Permit,rdfs:subClassOf,rc:Permit
rc:Visa_Permit,rdfs:subClassOf,owl:Thing
rc:BalletMusic,rdfs:subClassOf,rc:MusicTypeByGenre
rc:BalletMusic,rdfs:subClassOf,owl:Thing
rc:ModalFrame,rdfs:subClassOf,rc:Tune
rc:ModalFrame,rdfs:subClassOf,owl:Thing
rc:TritonFountain,rdfs:subClassOf,rc:Fountain_ArtObject
rc:TritonFountain,rdfs:subClassOf,owl:Thing
rc:HungarianGrammar,rdfs:subClassOf,rc:LanguageGrammars
rc:HungarianGrammar,rdfs:subClassOf,owl:Thing
rc:Metatheorem,rdfs:subClassOf,rc:Theories
rc:Metatheorem,rdfs:subClassOf,owl:Thing
rc:DistributedDatabaseSystem,rdfs:subClassOf,rc:DynamicIndexedInfoSource
rc:DistributedDatabaseSystem,rdfs:subClassOf,owl:Thing
rc:StationarySign,rdfs:subClassOf,rc:SignTheDisplay
rc:StationarySign,rdfs:subClassOf,owl:Thing
rc:GenderNeutralPronoun,rdfs:subClassOf,rc:Neuter_NLAttr
rc:GenderNeutralPronoun,rdfs:subClassOf,owl:Thing
rc:MinbeiLanguage,rdfs:subClassOf,rc:SinoTibetanLanguages
rc:MinbeiLanguage,rdfs:subClassOf,owl:Thing
rc:MarketingTerminology,rdfs:subClassOf,rc:BusinessTerm
rc:MarketingTerminology,rdfs:subClassOf,owl:Thing
rc:MailServer_Network,rdfs:subClassOf,rc:ComputerServer
rc:MailServer_Network,rdfs:subClassOf,owl:Thing
rc:UnitedStatesVisasByType,rdfs:subClassOf,rc:Visa_Permit
rc:UnitedStatesVisasByType,rdfs:subClassOf,owl:Thing
rc:SovietPhraseology,rdfs:subClassOf,rc:RussianWordOrPhrase
rc:SovietPhraseology,rdfs:subClassOf,owl:Thing
rc:TransportLayerProtocol,rdfs:subClassOf,rc:ProtocolStackLayer
rc:TransportLayerProtocol,rdfs:subClassOf,owl:Thing
rc:PornographicPicture,rdfs:subClassOf,rc:PornographicMaterial
rc:PornographicPicture,rdfs:subClassOf,rc:VisualInformationBearingThing
rc:PornographicPicture,rdfs:subClassOf,owl:Thing
rc:Neuter_NLAttr,rdfs:subClassOf,rc:GrammaticalGender
rc:Neuter_NLAttr,rdfs:subClassOf,owl:Thing
rc:GNUGeneralPublicLicense,rdfs:subClassOf,rc:License_LegalAgreement
rc:GNUGeneralPublicLicense,rdfs:subClassOf,owl:Thing
rc:IMAPServer_Network,rdfs:subClassOf,rc:MailServer_Network
rc:IMAPServer_Network,rdfs:subClassOf,owl:Thing
rc:SpanishGrammar,rdfs:subClassOf,rc:LanguageGrammars
rc:SpanishGrammar,rdfs:subClassOf,rc:SpanishTopics
rc:SpanishGrammar,rdfs:subClassOf,owl:Thing
rc:Bookmark_WWW,rdfs:subClassOf,rc:InternetInformation
rc:Bookmark_WWW,rdfs:subClassOf,owl:Thing
rc:PolishLanguage,rdfs:subClassOf,rc:PolishTopics
rc:PolishLanguage,rdfs:subClassOf,rc:SlavicLanguages
rc:PolishLanguage,rdfs:subClassOf,owl:Thing
rc:HypertextTransferProtocol,rdfs:subClassOf,rc:TransportLayerProtocol
rc:HypertextTransferProtocol,rdfs:subClassOf,owl:Thing
rc:LatinCapitalLetterC,rdfs:subClassOf,rc:Letter_Latin
rc:LatinCapitalLetterC,rdfs:subClassOf,rc:UpperCaseLetter
rc:LatinCapitalLetterC,rdfs:subClassOf,owl:Thing
rc:Deontic_AgencyReasoning,rdfs:subClassOf,rc:Reasoning
rc:Deontic_AgencyReasoning,rdfs:subClassOf,owl:Thing
rc:NovellNetWare_OperatingSystem,rdfs:subClassOf,rc:OperatingSystem
rc:NovellNetWare_OperatingSystem,rdfs:subClassOf,owl:Thing
rc:MS_DOS,rdfs:subClassOf,rc:MSOperatingSystem
rc:MS_DOS,rdfs:subClassOf,owl:Thing
rc:BasicConceptsInSetTheory,rdfs:subClassOf,rc:SetTheory
rc:BasicConceptsInSetTheory,rdfs:subClassOf,owl:Thing
rc:BritishEnglishIdiom,rdfs:subClassOf,rc:BritishEnglishDialect
rc:BritishEnglishIdiom,rdfs:subClassOf,owl:Thing
rc:PortugueseDialect,rdfs:subClassOf,rc:LanguageDialect
rc:PortugueseDialect,rdfs:subClassOf,owl:Thing
rc:Let_There_Be_Rock_international_album,rdfs:subClassOf,rc:Album
rc:Let_There_Be_Rock_international_album,rdfs:subClassOf,owl:Thing
rc:ChaouiaLanguage,rdfs:subClassOf,rc:BerberLanguages
rc:ChaouiaLanguage,rdfs:subClassOf,owl:Thing
rc:Billboard,rdfs:subClassOf,rc:Advertisement_Commercial_IBT
rc:Billboard,rdfs:subClassOf,rc:SignageEquipment
rc:Billboard,rdfs:subClassOf,rc:StationarySign
rc:Billboard,rdfs:subClassOf,owl:Thing
rc:UNLOCODE,rdfs:subClassOf,rc:GeographicTaxonomy
rc:UNLOCODE,rdfs:subClassOf,owl:Thing
rc:USWorkVisa,rdfs:subClassOf,rc:UnitedStatesVisasByType
rc:USWorkVisa,rdfs:subClassOf,owl:Thing
rc:KickboxingTerminology,rdfs:subClassOf,rc:SportsTerminology
rc:KickboxingTerminology,rdfs:subClassOf,owl:Thing
rc:DistributedElementFilter,rdfs:subClassOf,rc:SignalFilter
rc:DistributedElementFilter,rdfs:subClassOf,owl:Thing
rc:DressageTerminology,rdfs:subClassOf,rc:SportsTerminology
rc:DressageTerminology,rdfs:subClassOf,owl:Thing
rc:TVLoveStory,rdfs:subClassOf,rc:NarrativeTVShow
rc:TVLoveStory,rdfs:subClassOf,owl:Thing
rc:RomanceLanguages,rdfs:subClassOf,rc:IndoEuropeanLanguages
rc:RomanceLanguages,rdfs:subClassOf,owl:Thing
rc:ToshibaComputer,rdfs:subClassOf,rc:PersonalComputer
rc:ToshibaComputer,rdfs:subClassOf,owl:Thing
rc:ConstructedHumanLanguage,rdfs:subClassOf,rc:ArtificialLanguage_Informal
rc:ConstructedHumanLanguage,rdfs:subClassOf,rc:HumanLanguage
rc:ConstructedHumanLanguage,rdfs:subClassOf,owl:Thing
rc:PlaystationGame,rdfs:subClassOf,rc:ComputerGameProgram_Graphical
rc:PlaystationGame,rdfs:subClassOf,owl:Thing
rc:MbereLanguage,rdfs:subClassOf,rc:OtherLanguages
rc:MbereLanguage,rdfs:subClassOf,owl:Thing
rc:Globe_Map,rdfs:subClassOf,rc:HardcopyInformationBearingObject
rc:Globe_Map,rdfs:subClassOf,rc:Map
rc:Globe_Map,rdfs:subClassOf,owl:Thing
rc:ReviewPurpose,rdfs:subClassOf,rc:TextString
rc:ReviewPurpose,rdfs:subClassOf,owl:Thing
rc:HPComputer,rdfs:subClassOf,rc:PersonalComputer
rc:HPComputer,rdfs:subClassOf,owl:Thing
rc:WrittenMediaProduct,rdfs:subClassOf,rc:MediaProduct
rc:WrittenMediaProduct,rdfs:subClassOf,kko:WrittenInfo
rc:WrittenMediaProduct,rdfs:subClassOf,owl:Thing
rc:QueryLanguage,rdfs:subClassOf,rc:ComputerLanguage
rc:QueryLanguage,rdfs:subClassOf,owl:Thing
rc:SignalProcessing,rdfs:subClassOf,rc:InformationProcess
rc:SignalProcessing,rdfs:subClassOf,owl:Thing
rc:SpanishTopics,rdfs:subClassOf,rc:LanguageSpecificTopics
rc:SpanishTopics,rdfs:subClassOf,owl:Thing
rc:F1WorkVisa,rdfs:subClassOf,rc:USWorkVisa
rc:F1WorkVisa,rdfs:subClassOf,owl:Thing
rc:CumShot,rdfs:subClassOf,rc:PornographicPicture
rc:CumShot,rdfs:subClassOf,owl:Thing
rc:MS_DOSApplication,rdfs:subClassOf,rc:MicrosoftComputerProgram
rc:MS_DOSApplication,rdfs:subClassOf,owl:Thing
rc:ComputerDataAlteration,rdfs:subClassOf,rc:ProgramAction
rc:ComputerDataAlteration,rdfs:subClassOf,owl:Thing
rc:ContinuedFraction,rdfs:subClassOf,rc:NumberTheory
rc:ContinuedFraction,rdfs:subClassOf,owl:Thing
rc:CachingProgram,rdfs:subClassOf,rc:FileSystemManagementProgram
rc:CachingProgram,rdfs:subClassOf,owl:Thing
rc:JavaScriptFile,rdfs:subClassOf,rc:ComputerFileTypeByFormat
rc:JavaScriptFile,rdfs:subClassOf,owl:Thing
rc:LanguageSpecificLinuxDistribution,rdfs:subClassOf,rc:LinuxOS
rc:LanguageSpecificLinuxDistribution,rdfs:subClassOf,owl:Thing
rc:SQL_Language,rdfs:subClassOf,rc:QueryLanguage
rc:SQL_Language,rdfs:subClassOf,owl:Thing
rc:EqualsSign_TheSymbol,rdfs:subClassOf,rc:MathematicalCharacter
rc:EqualsSign_TheSymbol,rdfs:subClassOf,owl:Thing
rc:VISACard,rdfs:subClassOf,rc:CreditCard_RevolvingAccount
rc:VISACard,rdfs:subClassOf,rc:MajorCreditCard
rc:VISACard,rdfs:subClassOf,owl:Thing
rc:FaultTolerantComputerSystem,rdfs:subClassOf,rc:ComputerTypeByArchitecture
rc:FaultTolerantComputerSystem,rdfs:subClassOf,owl:Thing
rc:ComputerGraphics,rdfs:subClassOf,rc:Graphic_VisualIBT
rc:ComputerGraphics,rdfs:subClassOf,owl:Thing
rc:AssameseLanguageSurname,rdfs:subClassOf,rc:HumanSurname
rc:AssameseLanguageSurname,rdfs:subClassOf,owl:Thing
rc:BufferOutOfBoundsWrite,rdfs:subClassOf,rc:ComputerDataAlteration
rc:BufferOutOfBoundsWrite,rdfs:subClassOf,owl:Thing
rc:WrittenMediaSeriesProduct,rdfs:subClassOf,rc:MediaSeriesProduct
rc:WrittenMediaSeriesProduct,rdfs:subClassOf,rc:WrittenMediaProduct
rc:WrittenMediaSeriesProduct,rdfs:subClassOf,owl:Thing
rc:BatchProgram,rdfs:subClassOf,rc:ComputerProgram
rc:BatchProgram,rdfs:subClassOf,owl:Thing
rc:Business_RelatedDocument,rdfs:subClassOf,rc:BusinessRelatedDocumentOrAgreement
rc:Business_RelatedDocument,rdfs:subClassOf,owl:Thing
rc:SpanishLanguage,rdfs:subClassOf,rc:RomanceLanguages
rc:SpanishLanguage,rdfs:subClassOf,rc:SpanishTopics
rc:SpanishLanguage,rdfs:subClassOf,owl:Thing
rc:LinguisticsTerminology,rdfs:subClassOf,rc:TechnicalTerminology
rc:LinguisticsTerminology,rdfs:subClassOf,owl:Thing
rc:MusicalCharts,rdfs:subClassOf,rc:List_Information
rc:MusicalCharts,rdfs:subClassOf,owl:Thing
rc:OperatingEnvironmentSoftware,rdfs:subClassOf,rc:Software
rc:OperatingEnvironmentSoftware,rdfs:subClassOf,owl:Thing
rc:PersonalDigitalAssistant,rdfs:subClassOf,rc:PalmtopComputer
rc:PersonalDigitalAssistant,rdfs:subClassOf,owl:Thing
rc:LibraryLoanAgreement,rdfs:subClassOf,rc:LoanAgreement
rc:LibraryLoanAgreement,rdfs:subClassOf,owl:Thing
rc:UnversionedSoftwareObject,rdfs:subClassOf,rc:SoftwareObject_Individual
rc:UnversionedSoftwareObject,rdfs:subClassOf,owl:Thing
rc:StrikeoutFormat,rdfs:subClassOf,rc:TypographicalStructure
rc:StrikeoutFormat,rdfs:subClassOf,owl:Thing
rc:ExecutiveOrder,rdfs:subClassOf,rc:GovernmentDocument
rc:ExecutiveOrder,rdfs:subClassOf,rc:LegalDocument
rc:ExecutiveOrder,rdfs:subClassOf,owl:Thing
rc:StreetAddress,rdfs:subClassOf,rc:ContactInfoString
rc:StreetAddress,rdfs:subClassOf,owl:Thing
rc:CommunistTerminology,rdfs:subClassOf,rc:PoliticalTerminology
rc:CommunistTerminology,rdfs:subClassOf,owl:Thing
rc:BasicEnglish,rdfs:subClassOf,rc:ConstructedHumanLanguage
rc:BasicEnglish,rdfs:subClassOf,rc:EnglishTopics
rc:BasicEnglish,rdfs:subClassOf,owl:Thing
rc:Null_SQL,rdfs:subClassOf,rc:SQL_Language
rc:Null_SQL,rdfs:subClassOf,owl:Thing
rc:RapLyric,rdfs:subClassOf,rc:Lyric_WordsToSong
rc:RapLyric,rdfs:subClassOf,owl:Thing
rc:ModelAirplane,rdfs:subClassOf,rc:Model_Artifact
rc:ModelAirplane,rdfs:subClassOf,owl:Thing
rc:ShellProgram,rdfs:subClassOf,rc:CommandInterpreter
rc:ShellProgram,rdfs:subClassOf,rc:LocalProgram
rc:ShellProgram,rdfs:subClassOf,owl:Thing
rc:EquationsOfPhysics,rdfs:subClassOf,rc:Equation_MathematicalStatement
rc:EquationsOfPhysics,rdfs:subClassOf,owl:Thing
rc:FuegianLanguage,rdfs:subClassOf,rc:OtherLanguages
rc:FuegianLanguage,rdfs:subClassOf,owl:Thing
rc:Periodical,rdfs:subClassOf,rc:PublishedConceptualWork
rc:Periodical,rdfs:subClassOf,rc:WrittenMediaSeriesProduct
rc:Periodical,rdfs:subClassOf,owl:Thing
rc:InteractiveArt,rdfs:subClassOf,rc:DigitalArtObject
rc:InteractiveArt,rdfs:subClassOf,owl:Thing
rc:Garamond,rdfs:subClassOf,rc:Typeface
rc:Garamond,rdfs:subClassOf,owl:Thing
rc:MathematicalQuantization,rdfs:subClassOf,rc:QuantumMechanics
rc:MathematicalQuantization,rdfs:subClassOf,owl:Thing
rc:CaciboLanguage,rdfs:subClassOf,rc:TupianLanguages
rc:CaciboLanguage,rdfs:subClassOf,owl:Thing
rc:CaribbeanSpanish,rdfs:subClassOf,rc:SpanishLanguage
rc:CaribbeanSpanish,rdfs:subClassOf,owl:Thing
rc:MarkovNetwork,rdfs:subClassOf,rc:StructuredInformationSource
rc:MarkovNetwork,rdfs:subClassOf,owl:Thing
rc:Salinometer,rdfs:subClassOf,rc:Gauge
rc:Salinometer,rdfs:subClassOf,owl:Thing
rc:AssameseWriting,rdfs:subClassOf,rc:WritingSystem
rc:AssameseWriting,rdfs:subClassOf,owl:Thing
rc:Scroll,rdfs:subClassOf,rc:TextualMaterial
rc:Scroll,rdfs:subClassOf,owl:Thing
rc:ZuluLanguage,rdfs:subClassOf,rc:BantuLanguages
rc:ZuluLanguage,rdfs:subClassOf,owl:Thing
rc:JavaScriptProgrammingLanguage,rdfs:subClassOf,rc:AbstractProgrammingLanguage
rc:JavaScriptProgrammingLanguage,rdfs:subClassOf,owl:Thing
rc:WaveguideFilter,rdfs:subClassOf,rc:SignalFilter
rc:WaveguideFilter,rdfs:subClassOf,owl:Thing
rc:PolishLanguageCulture,rdfs:subClassOf,rc:PolishTopics
rc:PolishLanguageCulture,rdfs:subClassOf,owl:Thing
rc:JavaAPIForXML,rdfs:subClassOf,rc:XML_MarkupLanguage
rc:JavaAPIForXML,rdfs:subClassOf,owl:Thing
rc:PaliLanguage,rdfs:subClassOf,rc:ClassicMedievalLanguages
rc:PaliLanguage,rdfs:subClassOf,owl:Thing
rc:BackusNaurForm,rdfs:subClassOf,rc:FormalMetaGrammar
rc:BackusNaurForm,rdfs:subClassOf,owl:Thing
rc:GNULesserGeneralPublicLicense,rdfs:subClassOf,rc:License_LegalAgreement
rc:GNULesserGeneralPublicLicense,rdfs:subClassOf,owl:Thing
rc:HypertextTransferProtocolClient,rdfs:subClassOf,rc:HypertextTransferProtocol
rc:HypertextTransferProtocolClient,rdfs:subClassOf,owl:Thing
rc:Archetype,rdfs:subClassOf,rc:InformationBearingThing
rc:Archetype,rdfs:subClassOf,owl:Thing
rc:FurLanguage,rdfs:subClassOf,rc:NiloSaharanLanguages
rc:FurLanguage,rdfs:subClassOf,owl:Thing
rc:PublicTransportInformationSystem,rdfs:subClassOf,rc:InformationSystem
rc:PublicTransportInformationSystem,rdfs:subClassOf,owl:Thing
rc:DeadSeaScroll,rdfs:subClassOf,rc:HardcopyInformationBearingObject
rc:DeadSeaScroll,rdfs:subClassOf,rc:Scroll
rc:DeadSeaScroll,rdfs:subClassOf,owl:Thing
rc:ExecutiveOrder_Russia,rdfs:subClassOf,rc:ExecutiveOrder
rc:ExecutiveOrder_Russia,rdfs:subClassOf,owl:Thing
rc:ComputationalGroupTheory,rdfs:subClassOf,rc:GroupTheory
rc:ComputationalGroupTheory,rdfs:subClassOf,owl:Thing
rc:NenetsLanguage,rdfs:subClassOf,rc:UralicLanguages
rc:NenetsLanguage,rdfs:subClassOf,owl:Thing
rc:IMONumber,rdfs:subClassOf,rc:UniqueID
rc:IMONumber,rdfs:subClassOf,owl:Thing
rc:Filesystem,rdfs:subClassOf,rc:DynamicIndexedInfoSource
rc:Filesystem,rdfs:subClassOf,owl:Thing
rc:NetworkTheory,rdfs:subClassOf,rc:GraphTheory
rc:NetworkTheory,rdfs:subClassOf,owl:Thing
rc:XML_MarkupLanguage,rdfs:subClassOf,rc:MarkupLanguage
rc:XML_MarkupLanguage,rdfs:subClassOf,owl:Thing
rc:LatinCapitalLetterM,rdfs:subClassOf,rc:Letter_Latin
rc:LatinCapitalLetterM,rdfs:subClassOf,rc:UpperCaseLetter
rc:LatinCapitalLetterM,rdfs:subClassOf,owl:Thing
rc:YaghnobiLanguage,rdfs:subClassOf,rc:IranianLanguages
rc:YaghnobiLanguage,rdfs:subClassOf,owl:Thing
rc:MbunduLanguage,rdfs:subClassOf,rc:OtherNigerCongoLanguages
rc:MbunduLanguage,rdfs:subClassOf,owl:Thing
rc:PresentationLayerProtocol,rdfs:subClassOf,rc:ProtocolStackLayer
rc:PresentationLayerProtocol,rdfs:subClassOf,owl:Thing
rc:BlackberryPhone,rdfs:subClassOf,rc:Smartphone
rc:BlackberryPhone,rdfs:subClassOf,owl:Thing
rc:HawaiianPidginLanguage,rdfs:subClassOf,rc:PidginLanguage
rc:HawaiianPidginLanguage,rdfs:subClassOf,owl:Thing
rc:DanceFormsInClassicalMusic,rdfs:subClassOf,rc:ClassicalMusic
rc:DanceFormsInClassicalMusic,rdfs:subClassOf,owl:Thing
rc:BillboardNumberOneSinglesByChart,rdfs:subClassOf,rc:MusicalCharts
rc:BillboardNumberOneSinglesByChart,rdfs:subClassOf,owl:Thing
rc:FilesystemSoftware,rdfs:subClassOf,rc:OperatingEnvironmentSoftware
rc:FilesystemSoftware,rdfs:subClassOf,owl:Thing
rc:DigitalSignalProcessing,rdfs:subClassOf,rc:SignalProcessing
rc:DigitalSignalProcessing,rdfs:subClassOf,owl:Thing
rc:ComputerCode,rdfs:subClassOf,rc:ComputerAIS
rc:ComputerCode,rdfs:subClassOf,owl:Thing
rc:InteractiveGeometrySoftware,rdfs:subClassOf,rc:EducationalComputerProgram
rc:InteractiveGeometrySoftware,rdfs:subClassOf,owl:Thing
rc:Commander,rdfs:subClassOf,rc:Title
rc:Commander,rdfs:subClassOf,owl:Thing
rc:TVMiniseries,rdfs:subClassOf,rc:NarrativeTVShow
rc:TVMiniseries,rdfs:subClassOf,rc:TVSeriesProduct
rc:TVMiniseries,rdfs:subClassOf,owl:Thing
rc:LanguageTerm,rdfs:subClassOf,rc:Terminology
rc:LanguageTerm,rdfs:subClassOf,owl:Thing
rc:SilentShortFilm,rdfs:subClassOf,rc:Movie_Silent
rc:SilentShortFilm,rdfs:subClassOf,rc:ShortFilm
rc:SilentShortFilm,rdfs:subClassOf,owl:Thing
rc:HypertextTransferProtocolHeader,rdfs:subClassOf,rc:HypertextTransferProtocol
rc:HypertextTransferProtocolHeader,rdfs:subClassOf,owl:Thing
rc:DemonstrationProgram,rdfs:subClassOf,rc:ComputerProgram
rc:DemonstrationProgram,rdfs:subClassOf,owl:Thing
rc:ReviewableRateMortgage,rdfs:subClassOf,rc:AdjustableRateMortgage
rc:ReviewableRateMortgage,rdfs:subClassOf,owl:Thing
rc:ComputerCode_Source,rdfs:subClassOf,rc:ComputerCode
rc:ComputerCode_Source,rdfs:subClassOf,owl:Thing
rc:NetworkTimeProtocol,rdfs:subClassOf,rc:NetworkProtocol
rc:NetworkTimeProtocol,rdfs:subClassOf,owl:Thing
rc:MusicPerformance,rdfs:subClassOf,rc:InformationBearingPerformance
rc:MusicPerformance,rdfs:subClassOf,owl:Thing
rc:AjaxProgramming,rdfs:subClassOf,rc:JavaScriptFile
rc:AjaxProgramming,rdfs:subClassOf,rc:JavaScriptProgrammingLanguage
rc:AjaxProgramming,rdfs:subClassOf,rc:XML_MarkupLanguage
rc:AjaxProgramming,rdfs:subClassOf,owl:Thing
rc:LibraryOfCongressClassification,rdfs:subClassOf,rc:ClassificationSystem
rc:LibraryOfCongressClassification,rdfs:subClassOf,owl:Thing
rc:GameAccessory,rdfs:subClassOf,rc:VideoGameSystem
rc:GameAccessory,rdfs:subClassOf,owl:Thing
rc:EndangeredLanguages,rdfs:subClassOf,rc:NaturalLanguage
rc:EndangeredLanguages,rdfs:subClassOf,owl:Thing
rc:UgricLanguages,rdfs:subClassOf,rc:UralicLanguages
rc:UgricLanguages,rdfs:subClassOf,owl:Thing
rc:FileSharingSystem,rdfs:subClassOf,rc:Filesystem
rc:FileSharingSystem,rdfs:subClassOf,rc:FilesystemSoftware
rc:FileSharingSystem,rdfs:subClassOf,owl:Thing
rc:ModelBoat,rdfs:subClassOf,rc:Model_Artifact
rc:ModelBoat,rdfs:subClassOf,owl:Thing
rc:FATFilesystem,rdfs:subClassOf,rc:Filesystem
rc:FATFilesystem,rdfs:subClassOf,owl:Thing
rc:GameController,rdfs:subClassOf,rc:GameAccessory
rc:GameController,rdfs:subClassOf,owl:Thing
rc:LatinCapitalLetterN,rdfs:subClassOf,rc:Letter_Latin
rc:LatinCapitalLetterN,rdfs:subClassOf,rc:UpperCaseLetter
rc:LatinCapitalLetterN,rdfs:subClassOf,owl:Thing
rc:DistributedFilesystem,rdfs:subClassOf,rc:Filesystem
rc:DistributedFilesystem,rdfs:subClassOf,owl:Thing
rc:SouthSemiticLanguage,rdfs:subClassOf,rc:SemiticLanguages
rc:SouthSemiticLanguage,rdfs:subClassOf,owl:Thing
rc:EndangeredAthabaskanLanguage,rdfs:subClassOf,rc:EndangeredLanguages
rc:EndangeredAthabaskanLanguage,rdfs:subClassOf,owl:Thing
rc:HungarianLanguage,rdfs:subClassOf,rc:UgricLanguages
rc:HungarianLanguage,rdfs:subClassOf,owl:Thing
rc:CategoryTheory,rdfs:subClassOf,rc:MathematicalTheory
rc:CategoryTheory,rdfs:subClassOf,owl:Thing
rc:OnlineGameProgram,rdfs:subClassOf,rc:ComputerGameProgram
rc:OnlineGameProgram,rdfs:subClassOf,rc:InternetProgram
rc:OnlineGameProgram,rdfs:subClassOf,owl:Thing
rc:PersonalDigitalAssistantSoftware,rdfs:subClassOf,rc:SoftwareObject_Individual
rc:PersonalDigitalAssistantSoftware,rdfs:subClassOf,owl:Thing
rc:JavaClass,rdfs:subClassOf,rc:ProgramSpecification
rc:JavaClass,rdfs:subClassOf,owl:Thing
rc:SesothoLanguage,rdfs:subClassOf,rc:BantuLanguages
rc:SesothoLanguage,rdfs:subClassOf,owl:Thing
rc:GivenNamesOfGreekLanguageOrigin,rdfs:subClassOf,rc:NameConventionsByLanguage
rc:GivenNamesOfGreekLanguageOrigin,rdfs:subClassOf,owl:Thing
rc:Nameplate,rdfs:subClassOf,rc:StationarySign
rc:Nameplate,rdfs:subClassOf,rc:VisualLabel
rc:Nameplate,rdfs:subClassOf,owl:Thing
rc:BalletStyle,rdfs:subClassOf,rc:BalletDancePerformance
rc:BalletStyle,rdfs:subClassOf,owl:Thing
rc:RapMusic,rdfs:subClassOf,rc:MusicTypeByGenre
rc:RapMusic,rdfs:subClassOf,owl:Thing
rc:KnowledgeManagementProgram,rdfs:subClassOf,rc:HelpProgram
rc:KnowledgeManagementProgram,rdfs:subClassOf,owl:Thing
rc:ProductName,rdfs:subClassOf,rc:ProperNameString
rc:ProductName,rdfs:subClassOf,owl:Thing
rc:LuwianLanguage,rdfs:subClassOf,rc:AncientLanguages
rc:LuwianLanguage,rdfs:subClassOf,owl:Thing
rc:AdditiveCategory,rdfs:subClassOf,rc:CategoryTheory
rc:AdditiveCategory,rdfs:subClassOf,owl:Thing
rc:IranianWordOrPhrase,rdfs:subClassOf,rc:WordOrPhraseByLanguage
rc:IranianWordOrPhrase,rdfs:subClassOf,owl:Thing
rc:HawaiianEnglish,rdfs:subClassOf,rc:AmericanEnglishDialect
rc:HawaiianEnglish,rdfs:subClassOf,rc:HawaiianPidginLanguage
rc:HawaiianEnglish,rdfs:subClassOf,owl:Thing
rc:MUDGame,rdfs:subClassOf,rc:OnlineGameProgram
rc:MUDGame,rdfs:subClassOf,owl:Thing
rc:TotalOrdering_Strict,rdfs:subClassOf,rc:EventLikeOrdering
rc:TotalOrdering_Strict,rdfs:subClassOf,owl:Thing
rc:AcousticFingerprinting,rdfs:subClassOf,rc:DigitalSignalProcessing
rc:AcousticFingerprinting,rdfs:subClassOf,owl:Thing
rc:NationalFlag,rdfs:subClassOf,rc:Flag
rc:NationalFlag,rdfs:subClassOf,owl:Thing
rc:ComputerGraphicsBoard,rdfs:subClassOf,rc:GameController
rc:ComputerGraphicsBoard,rdfs:subClassOf,owl:Thing
rc:LuwianInscription,rdfs:subClassOf,rc:Inscription
rc:LuwianInscription,rdfs:subClassOf,rc:LuwianLanguage
rc:LuwianInscription,rdfs:subClassOf,owl:Thing
rc:PresentationProgram,rdfs:subClassOf,rc:BusinessComputerProgram
rc:PresentationProgram,rdfs:subClassOf,rc:ContentAuthoringEditingSoftware
rc:PresentationProgram,rdfs:subClassOf,rc:InteractiveComputerProgram
rc:PresentationProgram,rdfs:subClassOf,owl:Thing
rc:AudioConceptualWork,rdfs:subClassOf,kko:AudioInfo
rc:AudioConceptualWork,rdfs:subClassOf,owl:Thing
rc:PaliWordOrPhrase,rdfs:subClassOf,rc:WordOrPhraseByLanguage
rc:PaliWordOrPhrase,rdfs:subClassOf,owl:Thing
rc:PolishLanguageSurname,rdfs:subClassOf,rc:HumanSurname
rc:PolishLanguageSurname,rdfs:subClassOf,rc:PolishTopics
rc:PolishLanguageSurname,rdfs:subClassOf,owl:Thing
rc:Madrigal,rdfs:subClassOf,rc:ClassicalMusic_Baroque
rc:Madrigal,rdfs:subClassOf,rc:MusicalComposition_Baroque
rc:Madrigal,rdfs:subClassOf,owl:Thing
rc:ZuluWordOrPhrase,rdfs:subClassOf,rc:WordOrPhraseByLanguage
rc:ZuluWordOrPhrase,rdfs:subClassOf,owl:Thing
rc:TheChicagoTribune_TheNewspaper,rdfs:subClassOf,rc:NewspaperSeries
rc:TheChicagoTribune_TheNewspaper,rdfs:subClassOf,owl:Thing
rc:TVMusical,rdfs:subClassOf,rc:NarrativeTVShow
rc:TVMusical,rdfs:subClassOf,owl:Thing
rc:Album,rdfs:subClassOf,rc:AudioConceptualWork
rc:Album,rdfs:subClassOf,owl:Thing
rc:ComputationalLearningTheory,rdfs:subClassOf,rc:Theories
rc:ComputationalLearningTheory,rdfs:subClassOf,owl:Thing
rc:GovernmentSoftware,rdfs:subClassOf,rc:ApplicationProgram
rc:GovernmentSoftware,rdfs:subClassOf,owl:Thing
rc:Wavelet,rdfs:subClassOf,rc:DigitalSignalProcessing
rc:Wavelet,rdfs:subClassOf,owl:Thing
rc:BalletTerminology,rdfs:subClassOf,rc:EntertainmentTerm
rc:BalletTerminology,rdfs:subClassOf,owl:Thing
rc:InteralliedVictoryMedalOfWorldWarI,rdfs:subClassOf,rc:MilitaryAwardOrDecoration
rc:InteralliedVictoryMedalOfWorldWarI,rdfs:subClassOf,owl:Thing
rc:ReggaeGenre,rdfs:subClassOf,rc:MusicalComposition_Reggae
rc:ReggaeGenre,rdfs:subClassOf,owl:Thing
rc:Sash,rdfs:subClassOf,rc:Insignia
rc:Sash,rdfs:subClassOf,owl:Thing
rc:FanLetter,rdfs:subClassOf,rc:LetterCopy
rc:FanLetter,rdfs:subClassOf,owl:Thing
rc:StringDataStructure,rdfs:subClassOf,rc:StringObject
rc:StringDataStructure,rdfs:subClassOf,owl:Thing
rc:InstantMessagingClient,rdfs:subClassOf,rc:ClientProgram
rc:InstantMessagingClient,rdfs:subClassOf,owl:Thing
rc:GovernmentReport,rdfs:subClassOf,rc:WrittenReportOnSituation
rc:GovernmentReport,rdfs:subClassOf,owl:Thing
rc:MUD,rdfs:subClassOf,rc:MUDGame
rc:MUD,rdfs:subClassOf,owl:Thing
rc:MathematicalTerminology,rdfs:subClassOf,rc:TechnicalTerminology
rc:MathematicalTerminology,rdfs:subClassOf,owl:Thing
rc:SafetySign,rdfs:subClassOf,rc:Signage
rc:SafetySign,rdfs:subClassOf,owl:Thing
rc:LoyaltyIslandsLanguage,rdfs:subClassOf,rc:MalayoPolynesianLanguages
rc:LoyaltyIslandsLanguage,rdfs:subClassOf,owl:Thing
rc:FolkMusic,rdfs:subClassOf,rc:MusicTypeByGenre
rc:FolkMusic,rdfs:subClassOf,owl:Thing
rc:FileSynchronizationProgram,rdfs:subClassOf,rc:NetworkingProgram
rc:FileSynchronizationProgram,rdfs:subClassOf,owl:Thing
rc:AustroasiaticLanguages,rdfs:subClassOf,rc:LivingLanguage
rc:AustroasiaticLanguages,rdfs:subClassOf,owl:Thing
rc:CongressionalResearchServiceReports,rdfs:subClassOf,rc:GovernmentReport
rc:CongressionalResearchServiceReports,rdfs:subClassOf,owl:Thing
rc:WangComputer,rdfs:subClassOf,rc:PersonalComputer
rc:WangComputer,rdfs:subClassOf,owl:Thing
rc:SpanishInAsia,rdfs:subClassOf,rc:SpanishTopics
rc:SpanishInAsia,rdfs:subClassOf,owl:Thing
rc:LanguageOrthographies,rdfs:subClassOf,rc:CharacterizationsByLanguage
rc:LanguageOrthographies,rdfs:subClassOf,owl:Thing
rc:ProseSystem,rdfs:subClassOf,rc:SystemOfWrittenMaterials
rc:ProseSystem,rdfs:subClassOf,owl:Thing
rc:NeoConstructedLanguage,rdfs:subClassOf,rc:InternationalAuxiliaryLanguage
rc:NeoConstructedLanguage,rdfs:subClassOf,owl:Thing
rc:FolkRockMusic,rdfs:subClassOf,rc:FolkMusic
rc:FolkRockMusic,rdfs:subClassOf,rc:RockMusic
rc:FolkRockMusic,rdfs:subClassOf,owl:Thing
rc:Ehwaz,rdfs:subClassOf,rc:Letter_Alphabetic
rc:Ehwaz,rdfs:subClassOf,owl:Thing
rc:Lladro_Figurine,rdfs:subClassOf,rc:Figurine
rc:Lladro_Figurine,rdfs:subClassOf,owl:Thing
rc:LatinCapitalLetterR,rdfs:subClassOf,rc:Letter_Latin
rc:LatinCapitalLetterR,rdfs:subClassOf,rc:UpperCaseLetter
rc:LatinCapitalLetterR,rdfs:subClassOf,owl:Thing
rc:MongolicLanguages,rdfs:subClassOf,rc:AltaicLanguages
rc:MongolicLanguages,rdfs:subClassOf,owl:Thing
rc:MonKhmerLanguages,rdfs:subClassOf,rc:AustroasiaticLanguages
rc:MonKhmerLanguages,rdfs:subClassOf,owl:Thing
rc:Tsao_ShuCursive,rdfs:subClassOf,rc:CursiveStyleOfWriting
rc:Tsao_ShuCursive,rdfs:subClassOf,owl:Thing
rc:HypertextTransferProtocolStatusCode,rdfs:subClassOf,rc:HypertextTransferProtocol
rc:HypertextTransferProtocolStatusCode,rdfs:subClassOf,owl:Thing
rc:JavaEnterprisePlatform,rdfs:subClassOf,rc:BusinessComputerProgram
rc:JavaEnterprisePlatform,rdfs:subClassOf,owl:Thing
rc:Sentence,rdfs:subClassOf,rc:LexicalItem
rc:Sentence,rdfs:subClassOf,owl:Thing
rc:ModelCar,rdfs:subClassOf,rc:Model_Artifact
rc:ModelCar,rdfs:subClassOf,owl:Thing
rc:EndangeredAustronesianLanguage,rdfs:subClassOf,rc:EndangeredLanguages
rc:EndangeredAustronesianLanguage,rdfs:subClassOf,owl:Thing
rc:SinghaleseWriting,rdfs:subClassOf,rc:WritingSystem
rc:SinghaleseWriting,rdfs:subClassOf,owl:Thing
rc:UNSPSC,rdfs:subClassOf,rc:IDString
rc:UNSPSC,rdfs:subClassOf,rc:UniqueID
rc:UNSPSC,rdfs:subClassOf,owl:Thing
rc:StoneSculpture,rdfs:subClassOf,rc:Sculpture
rc:StoneSculpture,rdfs:subClassOf,owl:Thing
rc:ZapotecLanguage,rdfs:subClassOf,rc:ZapotecoLanguage
rc:ZapotecLanguage,rdfs:subClassOf,owl:Thing
rc:BuryatLanguage,rdfs:subClassOf,rc:MongolicLanguages
rc:BuryatLanguage,rdfs:subClassOf,rc:TibetoBurmanLanguages
rc:BuryatLanguage,rdfs:subClassOf,owl:Thing
rc:GivenNamesOfHebrewLanguageOrigin,rdfs:subClassOf,rc:NameConventionsByLanguage
rc:GivenNamesOfHebrewLanguageOrigin,rdfs:subClassOf,owl:Thing
rc:KnowledgeRepresentationLanguage,rdfs:subClassOf,rc:ComputerLanguage
rc:KnowledgeRepresentationLanguage,rdfs:subClassOf,owl:Thing
rc:Phu_ThaiLanguage,rdfs:subClassOf,rc:TaiKadaiLanguages
rc:Phu_ThaiLanguage,rdfs:subClassOf,owl:Thing
rc:BritishFolkRockMusic,rdfs:subClassOf,rc:FolkRockMusic
rc:BritishFolkRockMusic,rdfs:subClassOf,owl:Thing
rc:DanceNotation,rdfs:subClassOf,rc:Notation
rc:DanceNotation,rdfs:subClassOf,owl:Thing
rc:AdmiraltyIslandsLanguages,rdfs:subClassOf,rc:MonKhmerLanguages
rc:AdmiraltyIslandsLanguages,rdfs:subClassOf,owl:Thing
rc:Data,rdfs:subClassOf,rc:Information_Content
rc:Data,rdfs:subClassOf,owl:Thing
rc:Log_Document,rdfs:subClassOf,rc:Document
rc:Log_Document,rdfs:subClassOf,owl:Thing
rc:Motif,rdfs:subClassOf,rc:Tune
rc:Motif,rdfs:subClassOf,owl:Thing
rc:TaxSoftware,rdfs:subClassOf,rc:AccountingEnterpriseResourcePlanningSoftware
rc:TaxSoftware,rdfs:subClassOf,rc:BusinessComputerProgram
rc:TaxSoftware,rdfs:subClassOf,owl:Thing
rc:HTML5,rdfs:subClassOf,rc:HypertextMarkupLanguage
rc:HTML5,rdfs:subClassOf,owl:Thing
rc:HungarianLanguageSurname,rdfs:subClassOf,rc:HumanSurname
rc:HungarianLanguageSurname,rdfs:subClassOf,owl:Thing
rc:NigerCongoLanguages,rdfs:subClassOf,rc:LivingLanguage
rc:NigerCongoLanguages,rdfs:subClassOf,owl:Thing
rc:CalendarSystem,rdfs:subClassOf,kko:StructuredInfo
rc:CalendarSystem,rdfs:subClassOf,owl:Thing
rc:Krautrock,rdfs:subClassOf,rc:MusicTypeOpenGenre
rc:Krautrock,rdfs:subClassOf,rc:ProgressiveRockMusic
rc:Krautrock,rdfs:subClassOf,owl:Thing
rc:PedagogicIntegratedDevelopment,rdfs:subClassOf,rc:EducationalComputerProgram
rc:PedagogicIntegratedDevelopment,rdfs:subClassOf,owl:Thing
rc:GNU_OperatingSystem,rdfs:subClassOf,rc:OpenSourceComputerProgram
rc:GNU_OperatingSystem,rdfs:subClassOf,owl:Thing
rc:SG_1000,rdfs:subClassOf,rc:HomeVideoGameMachine
rc:SG_1000,rdfs:subClassOf,owl:Thing
rc:ZuniLanguage,rdfs:subClassOf,rc:OtherAmericanLanguages
rc:ZuniLanguage,rdfs:subClassOf,owl:Thing
rc:EndangeredCaddoanLanguage,rdfs:subClassOf,rc:EndangeredLanguages
rc:EndangeredCaddoanLanguage,rdfs:subClassOf,owl:Thing
rc:FileSystemMountingProgram,rdfs:subClassOf,rc:FileSystemManagementProgram
rc:FileSystemMountingProgram,rdfs:subClassOf,owl:Thing
rc:Obscenity,rdfs:subClassOf,rc:NLPhrase
rc:Obscenity,rdfs:subClassOf,owl:Thing
rc:LoanApplication,rdfs:subClassOf,rc:ApplicationForm
rc:LoanApplication,rdfs:subClassOf,owl:Thing
rc:DynamicDNS,rdfs:subClassOf,rc:DomainNameSystemProtocol
rc:DynamicDNS,rdfs:subClassOf,owl:Thing
rc:GermanOrthography,rdfs:subClassOf,rc:GermanTopics
rc:GermanOrthography,rdfs:subClassOf,rc:LanguageOrthographies
rc:GermanOrthography,rdfs:subClassOf,owl:Thing
rc:BatesianMimicry,rdfs:subClassOf,rc:Mimicry
rc:BatesianMimicry,rdfs:subClassOf,owl:Thing
rc:YahooGames,rdfs:subClassOf,rc:OnlineGameService
rc:YahooGames,rdfs:subClassOf,owl:Thing
rc:TVSeason,rdfs:subClassOf,rc:TVSeriesProduct
rc:TVSeason,rdfs:subClassOf,owl:Thing
rc:ConstructionLoan,rdfs:subClassOf,rc:RealEstateLoan
rc:ConstructionLoan,rdfs:subClassOf,owl:Thing
rc:StringDatatype_Unlimited,rdfs:subClassOf,rc:StringObject
rc:StringDatatype_Unlimited,rdfs:subClassOf,owl:Thing
rc:BalletTraining,rdfs:subClassOf,rc:BalletDancePerformance
rc:BalletTraining,rdfs:subClassOf,owl:Thing
rc:SouthSlavicLanguage,rdfs:subClassOf,rc:SlavicLanguages
rc:SouthSlavicLanguage,rdfs:subClassOf,owl:Thing
rc:TegaliLanguage,rdfs:subClassOf,rc:NiloSaharanLanguages
rc:TegaliLanguage,rdfs:subClassOf,owl:Thing
rc:CroatianInscription,rdfs:subClassOf,rc:Inscription
rc:CroatianInscription,rdfs:subClassOf,owl:Thing
rc:DemoticCursive,rdfs:subClassOf,rc:TextualMaterial
rc:DemoticCursive,rdfs:subClassOf,owl:Thing
rc:ProgramSyntaxObject,rdfs:subClassOf,rc:ComputerCode_Source
rc:ProgramSyntaxObject,rdfs:subClassOf,owl:Thing
rc:Bocce,rdfs:subClassOf,rc:SportsGame
rc:Bocce,rdfs:subClassOf,owl:Thing
rc:ApprovedLoanApplication,rdfs:subClassOf,rc:LoanApplication
rc:ApprovedLoanApplication,rdfs:subClassOf,owl:Thing
rc:GreatSphinxOfGiza,rdfs:subClassOf,rc:StoneSculpture
rc:GreatSphinxOfGiza,rdfs:subClassOf,owl:Thing
rc:Pennant,rdfs:subClassOf,rc:Signage
rc:Pennant,rdfs:subClassOf,owl:Thing
rc:OnondagaLanguage,rdfs:subClassOf,rc:IroquoianLanguages
rc:OnondagaLanguage,rdfs:subClassOf,owl:Thing
rc:VariationOfIceHockey,rdfs:subClassOf,rc:IceHockey
rc:VariationOfIceHockey,rdfs:subClassOf,owl:Thing
rc:SecondMortgage,rdfs:subClassOf,rc:MortgageAgreement
rc:SecondMortgage,rdfs:subClassOf,owl:Thing
rc:ReligiousSymbol,rdfs:subClassOf,rc:Symbol
rc:ReligiousSymbol,rdfs:subClassOf,owl:Thing
rc:VoterRegistrationCard,rdfs:subClassOf,rc:IDDocument
rc:VoterRegistrationCard,rdfs:subClassOf,owl:Thing
rc:Impressionism,rdfs:subClassOf,rc:ArtStyle
rc:Impressionism,rdfs:subClassOf,owl:Thing
rc:PolishMusic,rdfs:subClassOf,rc:MusicByRegion
rc:PolishMusic,rdfs:subClassOf,owl:Thing
rc:Relief_Sculpture,rdfs:subClassOf,rc:Sculpture
rc:Relief_Sculpture,rdfs:subClassOf,owl:Thing
rc:MadureseLanguage,rdfs:subClassOf,rc:MalayoPolynesianLanguages
rc:MadureseLanguage,rdfs:subClassOf,owl:Thing
rc:AztecCalendar,rdfs:subClassOf,rc:CalendarSystem
rc:AztecCalendar,rdfs:subClassOf,owl:Thing
rc:ProgramExpression,rdfs:subClassOf,rc:ProgramSyntaxObject
rc:ProgramExpression,rdfs:subClassOf,owl:Thing
rc:ParanormalTerminology,rdfs:subClassOf,rc:SociologicalTerminology
rc:ParanormalTerminology,rdfs:subClassOf,owl:Thing
rc:TVShowOnFinance,rdfs:subClassOf,rc:InformativeTVShow
rc:TVShowOnFinance,rdfs:subClassOf,owl:Thing
rc:SpanishLanguageCulture,rdfs:subClassOf,rc:SpanishTopics
rc:SpanishLanguageCulture,rdfs:subClassOf,owl:Thing
rc:CheckPattern,rdfs:subClassOf,rc:VisualPattern
rc:CheckPattern,rdfs:subClassOf,owl:Thing
rc:LatinCapitalLetterS,rdfs:subClassOf,rc:Letter_Latin
rc:LatinCapitalLetterS,rdfs:subClassOf,rc:UpperCaseLetter
rc:LatinCapitalLetterS,rdfs:subClassOf,owl:Thing
rc:Zx81,rdfs:subClassOf,rc:PersonalComputer
rc:Zx81,rdfs:subClassOf,owl:Thing
rc:WorldWideWebPage,rdfs:subClassOf,rc:PublishedConceptualWork
rc:WorldWideWebPage,rdfs:subClassOf,rc:WebPage
rc:WorldWideWebPage,rdfs:subClassOf,owl:Thing
rc:Crucifix_ChristianSymbol,rdfs:subClassOf,rc:ArtObject
rc:Crucifix_ChristianSymbol,rdfs:subClassOf,rc:ReligiousSymbol
rc:Crucifix_ChristianSymbol,rdfs:subClassOf,owl:Thing
rc:CommonGatewayInterface,rdfs:subClassOf,rc:InternetStandard
rc:CommonGatewayInterface,rdfs:subClassOf,owl:Thing
rc:AtlanticCongoLanguages,rdfs:subClassOf,rc:NigerCongoLanguages
rc:AtlanticCongoLanguages,rdfs:subClassOf,owl:Thing
rc:StringGrammar,rdfs:subClassOf,rc:FormalGrammar
rc:StringGrammar,rdfs:subClassOf,owl:Thing
rc:LanguageVersusDialect,rdfs:subClassOf,rc:LanguageDialect
rc:LanguageVersusDialect,rdfs:subClassOf,owl:Thing
rc:LOGO_ProgrammingLanguage,rdfs:subClassOf,rc:AbstractProgrammingLanguage
rc:LOGO_ProgrammingLanguage,rdfs:subClassOf,owl:Thing
rc:NetworkVulnerability,rdfs:subClassOf,rc:CyberVulnerabilityExploit
rc:NetworkVulnerability,rdfs:subClassOf,owl:Thing
rc:NumberString,rdfs:subClassOf,rc:NumericString
rc:NumberString,rdfs:subClassOf,owl:Thing
rc:TransFlyBulakaRiverLanguage,rdfs:subClassOf,rc:PapuanLanguageGrouping
rc:TransFlyBulakaRiverLanguage,rdfs:subClassOf,owl:Thing
rc:FloppyDisk,rdfs:subClassOf,rc:ComputerDisk
rc:FloppyDisk,rdfs:subClassOf,owl:Thing
rc:SlavicLanguageName,rdfs:subClassOf,rc:NameConventionsByLanguage
rc:SlavicLanguageName,rdfs:subClassOf,owl:Thing
rc:Introduction,rdfs:subClassOf,rc:Document
rc:Introduction,rdfs:subClassOf,owl:Thing
rc:StillCamera_Film,rdfs:subClassOf,rc:PhotographicFilm
rc:StillCamera_Film,rdfs:subClassOf,owl:Thing
rc:FileVersionControlProgram,rdfs:subClassOf,rc:FileSystemManagementProgram
rc:FileVersionControlProgram,rdfs:subClassOf,owl:Thing
rc:FreeUtilitySoftware,rdfs:subClassOf,rc:UtilityProgram
rc:FreeUtilitySoftware,rdfs:subClassOf,owl:Thing
rc:IndonesianWordOrPhrase,rdfs:subClassOf,rc:WordOrPhraseByLanguage
rc:IndonesianWordOrPhrase,rdfs:subClassOf,owl:Thing
rc:PortugueseLanguage,rdfs:subClassOf,rc:RomanceLanguages
rc:PortugueseLanguage,rdfs:subClassOf,owl:Thing
rc:Cartoon,rdfs:subClassOf,rc:VisualInformationBearingThing
rc:Cartoon,rdfs:subClassOf,owl:Thing
rc:ProgramIdentifier,rdfs:subClassOf,rc:ProgramExpression
rc:ProgramIdentifier,rdfs:subClassOf,owl:Thing
rc:HTMLEditor,rdfs:subClassOf,rc:HTMLEditor_Dynamic
rc:HTMLEditor,rdfs:subClassOf,owl:Thing
rc:ColoringBook,rdfs:subClassOf,rc:BookGeneric
rc:ColoringBook,rdfs:subClassOf,owl:Thing
rc:AkanLanguage,rdfs:subClassOf,rc:AtlanticCongoLanguages
rc:AkanLanguage,rdfs:subClassOf,owl:Thing
rc:Imprint,rdfs:subClassOf,rc:VisualInformationBearingThing
rc:Imprint,rdfs:subClassOf,owl:Thing
rc:StyleGuideForAmericanEnglish,rdfs:subClassOf,rc:EnglishDialect
rc:StyleGuideForAmericanEnglish,rdfs:subClassOf,owl:Thing
rc:KnowledgeRepresentationSoftware,rdfs:subClassOf,rc:ArtificialIntelligenceProgram
rc:KnowledgeRepresentationSoftware,rdfs:subClassOf,owl:Thing
rc:ScottishMusic,rdfs:subClassOf,rc:MusicByRegion
rc:ScottishMusic,rdfs:subClassOf,owl:Thing
rc:MusicSoftware,rdfs:subClassOf,rc:AudioProgram
rc:MusicSoftware,rdfs:subClassOf,owl:Thing
rc:RapeStory,rdfs:subClassOf,rc:EroticStory
rc:RapeStory,rdfs:subClassOf,owl:Thing
rc:HighReliefSculpture,rdfs:subClassOf,rc:Relief_Sculpture
rc:HighReliefSculpture,rdfs:subClassOf,owl:Thing
rc:TanoanLanguage,rdfs:subClassOf,rc:OtherLanguages
rc:TanoanLanguage,rdfs:subClassOf,owl:Thing
rc:Silhouetted,rdfs:subClassOf,rc:Backlit
rc:Silhouetted,rdfs:subClassOf,owl:Thing
rc:VisualArtifact,rdfs:subClassOf,rc:VisualWork
rc:VisualArtifact,rdfs:subClassOf,owl:Thing
rc:Intron_GIS,rdfs:subClassOf,rc:NucleicAcidSequence_GIS
rc:Intron_GIS,rdfs:subClassOf,owl:Thing
rc:PublicTransportationScheduleDocument,rdfs:subClassOf,rc:ScheduleDocument
rc:PublicTransportationScheduleDocument,rdfs:subClassOf,owl:Thing
rc:MathematicalTypeface,rdfs:subClassOf,rc:MathematicalNotation
rc:MathematicalTypeface,rdfs:subClassOf,rc:UnicodeTypeface
rc:MathematicalTypeface,rdfs:subClassOf,owl:Thing
rc:Namespace,rdfs:subClassOf,rc:ProgramIdentifier
rc:Namespace,rdfs:subClassOf,owl:Thing
rc:WorldWideWebPage_PCW,rdfs:subClassOf,rc:WorldWideWebPage
rc:WorldWideWebPage_PCW,rdfs:subClassOf,owl:Thing
rc:GPGPU,rdfs:subClassOf,rc:ParallelArchitecture
rc:GPGPU,rdfs:subClassOf,owl:Thing
rc:SessionLayerProtocol,rdfs:subClassOf,rc:ProtocolStackLayer
rc:SessionLayerProtocol,rdfs:subClassOf,owl:Thing
rc:TemperatureGauge,rdfs:subClassOf,rc:Gauge
rc:TemperatureGauge,rdfs:subClassOf,owl:Thing
rc:HeavyMetalMusic,rdfs:subClassOf,rc:RockMusic
rc:HeavyMetalMusic,rdfs:subClassOf,owl:Thing
rc:PersonalIdentificationNumber,rdfs:subClassOf,rc:Password
rc:PersonalIdentificationNumber,rdfs:subClassOf,owl:Thing
rc:NonMilitaryRankInsignia,rdfs:subClassOf,rc:Badge
rc:NonMilitaryRankInsignia,rdfs:subClassOf,rc:Insignia
rc:NonMilitaryRankInsignia,rdfs:subClassOf,owl:Thing
rc:EndangeredCelticLanguage,rdfs:subClassOf,rc:RecentExtinctLanguages
rc:EndangeredCelticLanguage,rdfs:subClassOf,owl:Thing
rc:Decree,rdfs:subClassOf,rc:Statement
rc:Decree,rdfs:subClassOf,owl:Thing
rc:BritishHeavyMetalMusic,rdfs:subClassOf,rc:HeavyMetalMusic
rc:BritishHeavyMetalMusic,rdfs:subClassOf,owl:Thing
rc:LuxembourgianLanguage,rdfs:subClassOf,rc:GermanicLanguages
rc:LuxembourgianLanguage,rdfs:subClassOf,owl:Thing
rc:DynamicDataExchangeProtocol,rdfs:subClassOf,rc:NetworkProtocol
rc:DynamicDataExchangeProtocol,rdfs:subClassOf,owl:Thing
rc:FanSitePage,rdfs:subClassOf,rc:WorldWideWebPage_PCW
rc:FanSitePage,rdfs:subClassOf,owl:Thing
rc:RailroadMap,rdfs:subClassOf,rc:ChartMapAtlas
rc:RailroadMap,rdfs:subClassOf,owl:Thing
rc:Weblog,rdfs:subClassOf,rc:WebSite
rc:Weblog,rdfs:subClassOf,owl:Thing
rc:NitinatLanguage,rdfs:subClassOf,rc:OtherAmericanLanguages
rc:NitinatLanguage,rdfs:subClassOf,owl:Thing
rc:GratisPornography,rdfs:subClassOf,rc:PornographicMaterial
rc:GratisPornography,rdfs:subClassOf,owl:Thing
rc:PolishName,rdfs:subClassOf,rc:NameConventionsByLanguage
rc:PolishName,rdfs:subClassOf,rc:PolishTopics
rc:PolishName,rdfs:subClassOf,owl:Thing
rc:EndangeredChibchanLanguage,rdfs:subClassOf,rc:EndangeredLanguages
rc:EndangeredChibchanLanguage,rdfs:subClassOf,owl:Thing
rc:Codex,rdfs:subClassOf,rc:Manuscript
rc:Codex,rdfs:subClassOf,owl:Thing
rc:SafetyTag,rdfs:subClassOf,rc:Tag
rc:SafetyTag,rdfs:subClassOf,owl:Thing
rc:Adverb,rdfs:subClassOf,rc:OpenClassWord
rc:Adverb,rdfs:subClassOf,owl:Thing
rc:WoodSculpture,rdfs:subClassOf,rc:Sculpture
rc:WoodSculpture,rdfs:subClassOf,owl:Thing
rc:NovialConstructedLanguage,rdfs:subClassOf,rc:InternationalAuxiliaryLanguage
rc:NovialConstructedLanguage,rdfs:subClassOf,owl:Thing
rc:TVShowOnHealth,rdfs:subClassOf,rc:InformativeTVShow
rc:TVShowOnHealth,rdfs:subClassOf,owl:Thing
rc:SpanishLanguageEducation,rdfs:subClassOf,rc:SpanishTopics
rc:SpanishLanguageEducation,rdfs:subClassOf,owl:Thing
rc:DempsterShaferTheory,rdfs:subClassOf,rc:ProbabilityTheory
rc:DempsterShaferTheory,rdfs:subClassOf,owl:Thing
rc:BondCertificate,rdfs:subClassOf,rc:CertificateDocument
rc:BondCertificate,rdfs:subClassOf,owl:Thing
rc:PuyallupLanguage,rdfs:subClassOf,rc:OtherAmericanLanguages
rc:PuyallupLanguage,rdfs:subClassOf,owl:Thing
rc:ComputationalNumberTheory,rdfs:subClassOf,rc:NumberTheory
rc:ComputationalNumberTheory,rdfs:subClassOf,owl:Thing
rc:Document_InPrint,rdfs:subClassOf,rc:Document
rc:Document_InPrint,rdfs:subClassOf,owl:Thing
rc:SandArt,rdfs:subClassOf,rc:Art
rc:SandArt,rdfs:subClassOf,owl:Thing
rc:AztecCodex,rdfs:subClassOf,rc:Codex
rc:AztecCodex,rdfs:subClassOf,owl:Thing
rc:Manifesto,rdfs:subClassOf,rc:ReferenceWork_Written
rc:Manifesto,rdfs:subClassOf,owl:Thing
rc:Snowman,rdfs:subClassOf,rc:SculptureInTheRound
rc:Snowman,rdfs:subClassOf,owl:Thing
rc:FileVersioningSoftware,rdfs:subClassOf,rc:ContentManagementSoftware
rc:FileVersioningSoftware,rdfs:subClassOf,owl:Thing
rc:HomologicalAlgebra,rdfs:subClassOf,rc:CategoryTheory
rc:HomologicalAlgebra,rdfs:subClassOf,owl:Thing
rc:LanguagesWrittenInDevanagari,rdfs:subClassOf,rc:DevanagariWriting
rc:LanguagesWrittenInDevanagari,rdfs:subClassOf,rc:MahajaniCursive
rc:LanguagesWrittenInDevanagari,rdfs:subClassOf,owl:Thing
rc:HumanResourceManagementSoftware,rdfs:subClassOf,rc:BusinessComputerProgram
rc:HumanResourceManagementSoftware,rdfs:subClassOf,owl:Thing
rc:LatinCapitalLetterT,rdfs:subClassOf,rc:Letter_Latin
rc:LatinCapitalLetterT,rdfs:subClassOf,rc:UpperCaseLetter
rc:LatinCapitalLetterT,rdfs:subClassOf,owl:Thing
rc:CoverArt,rdfs:subClassOf,rc:Art
rc:CoverArt,rdfs:subClassOf,rc:CoverOfIBO
rc:CoverArt,rdfs:subClassOf,rc:VisualArtifact
rc:CoverArt,rdfs:subClassOf,owl:Thing
rc:StillLifeImage,rdfs:subClassOf,rc:VisualImage
rc:StillLifeImage,rdfs:subClassOf,owl:Thing
rc:RevolutionTerminology,rdfs:subClassOf,rc:PoliticalTerminology
rc:RevolutionTerminology,rdfs:subClassOf,owl:Thing
rc:TransNewGuineaLanguage,rdfs:subClassOf,rc:PapuanLanguageGrouping
rc:TransNewGuineaLanguage,rdfs:subClassOf,owl:Thing
rc:InstantMessengerProgram,rdfs:subClassOf,rc:CommunicationSoftware
rc:InstantMessengerProgram,rdfs:subClassOf,rc:UtilityProgram
rc:InstantMessengerProgram,rdfs:subClassOf,owl:Thing
rc:LimbuLanguage,rdfs:subClassOf,rc:TibetoBurmanLanguages
rc:LimbuLanguage,rdfs:subClassOf,owl:Thing
rc:TextEditorProgram,rdfs:subClassOf,rc:ContentAuthoringEditingSoftware
rc:TextEditorProgram,rdfs:subClassOf,rc:FileReadingProgram
rc:TextEditorProgram,rdfs:subClassOf,rc:FileWritingProgram
rc:TextEditorProgram,rdfs:subClassOf,rc:LocalProgram
rc:TextEditorProgram,rdfs:subClassOf,rc:UserProgram
rc:TextEditorProgram,rdfs:subClassOf,owl:Thing
rc:InterpretationsOfQuantumMechanics,rdfs:subClassOf,rc:QuantumMechanics
rc:InterpretationsOfQuantumMechanics,rdfs:subClassOf,owl:Thing
rc:Reggaeton,rdfs:subClassOf,rc:MusicalComposition_Reggae
rc:Reggaeton,rdfs:subClassOf,owl:Thing
rc:DimeCoin_US,rdfs:subClassOf,rc:Coin_US
rc:DimeCoin_US,rdfs:subClassOf,owl:Thing
rc:LatinCapitalLetterX,rdfs:subClassOf,rc:Letter_Latin
rc:LatinCapitalLetterX,rdfs:subClassOf,rc:UpperCaseLetter
rc:LatinCapitalLetterX,rdfs:subClassOf,owl:Thing
rc:U_TheLetter,rdfs:subClassOf,rc:LatinScript
rc:U_TheLetter,rdfs:subClassOf,owl:Thing
rc:AppleComputer,rdfs:subClassOf,rc:PersonalComputer
rc:AppleComputer,rdfs:subClassOf,owl:Thing
rc:SourceCodePackage,rdfs:subClassOf,rc:ComputerCode_Source
rc:SourceCodePackage,rdfs:subClassOf,owl:Thing
rc:BavarianDialect,rdfs:subClassOf,rc:GermanDialect
rc:BavarianDialect,rdfs:subClassOf,owl:Thing
rc:SpanishLanguageInTheAmericas,rdfs:subClassOf,rc:SpanishTopics
rc:SpanishLanguageInTheAmericas,rdfs:subClassOf,owl:Thing
rc:WordProcessingProgram,rdfs:subClassOf,rc:TextEditorProgram
rc:WordProcessingProgram,rdfs:subClassOf,owl:Thing
rc:CroatianLanguage,rdfs:subClassOf,rc:SerboCroatianLanguage
rc:CroatianLanguage,rdfs:subClassOf,owl:Thing
rc:ModelHelicopter,rdfs:subClassOf,rc:Model_Artifact
rc:ModelHelicopter,rdfs:subClassOf,owl:Thing
rc:PuzzleGameProgram,rdfs:subClassOf,rc:ComputerGameProgram
rc:PuzzleGameProgram,rdfs:subClassOf,owl:Thing
rc:NavigationalBuoy,rdfs:subClassOf,rc:Buoy
rc:NavigationalBuoy,rdfs:subClassOf,owl:Thing
rc:NeuralNetwork,rdfs:subClassOf,rc:ArtificialIntelligenceProgram
rc:NeuralNetwork,rdfs:subClassOf,owl:Thing
rc:StyleGuideForBritishEnglish,rdfs:subClassOf,rc:BritishEnglishDialect
rc:StyleGuideForBritishEnglish,rdfs:subClassOf,owl:Thing
rc:SIMDComputing,rdfs:subClassOf,rc:ParallelArchitecture
rc:SIMDComputing,rdfs:subClassOf,owl:Thing
rc:JavaPackage,rdfs:subClassOf,rc:SourceCodePackage
rc:JavaPackage,rdfs:subClassOf,owl:Thing
rc:YokUtianLanguage,rdfs:subClassOf,rc:PenutianLanguages
rc:YokUtianLanguage,rdfs:subClassOf,owl:Thing
rc:PreColumbianArt,rdfs:subClassOf,rc:ArtByPeriod
rc:PreColumbianArt,rdfs:subClassOf,owl:Thing
rc:AppleComputerProgram,rdfs:subClassOf,rc:ComputerProgramByVendor
rc:AppleComputerProgram,rdfs:subClassOf,owl:Thing
rc:ShuswapLanguage,rdfs:subClassOf,rc:SalishanLanguages
rc:ShuswapLanguage,rdfs:subClassOf,owl:Thing
rc:TotemPole,rdfs:subClassOf,rc:WoodSculpture
rc:TotemPole,rdfs:subClassOf,owl:Thing
rc:Noun,rdfs:subClassOf,rc:OpenClassWord
rc:Noun,rdfs:subClassOf,owl:Thing
rc:GermanPhonology,rdfs:subClassOf,rc:GermanTopics
rc:GermanPhonology,rdfs:subClassOf,owl:Thing
rc:AztecLanguage,rdfs:subClassOf,rc:RecentExtinctLanguages
rc:AztecLanguage,rdfs:subClassOf,owl:Thing
rc:PrintingTerminology,rdfs:subClassOf,rc:TechnicalTerminology
rc:PrintingTerminology,rdfs:subClassOf,owl:Thing
rc:Kantianism,rdfs:subClassOf,rc:Deontic_AgencyReasoning
rc:Kantianism,rdfs:subClassOf,owl:Thing
rc:AggressiveMimicry,rdfs:subClassOf,rc:Mimicry
rc:AggressiveMimicry,rdfs:subClassOf,owl:Thing
rc:VoticLanguage,rdfs:subClassOf,rc:UralicLanguages
rc:VoticLanguage,rdfs:subClassOf,owl:Thing
rc:M_TheLetter,rdfs:subClassOf,rc:LatinScript
rc:M_TheLetter,rdfs:subClassOf,owl:Thing
rc:SportsGame,rdfs:subClassOf,rc:ComputerGameEntertainmentSoftware
rc:SportsGame,rdfs:subClassOf,owl:Thing
rc:IcelandicTopics,rdfs:subClassOf,rc:LanguageSpecificTopics
rc:IcelandicTopics,rdfs:subClassOf,owl:Thing
rc:Diary,rdfs:subClassOf,rc:Document
rc:Diary,rdfs:subClassOf,rc:HardcopyInformationBearingObject
rc:Diary,rdfs:subClassOf,owl:Thing
rc:WordProcessingProgram_Interactive,rdfs:subClassOf,rc:InteractiveComputerProgram
rc:WordProcessingProgram_Interactive,rdfs:subClassOf,rc:WordProcessingProgram
rc:WordProcessingProgram_Interactive,rdfs:subClassOf,owl:Thing
rc:ModelMotorcycle,rdfs:subClassOf,rc:Model_Artifact
rc:ModelMotorcycle,rdfs:subClassOf,owl:Thing
rc:SuspenseAnimeAndManga,rdfs:subClassOf,rc:Manga
rc:SuspenseAnimeAndManga,rdfs:subClassOf,owl:Thing
rc:HindiLanguage,rdfs:subClassOf,rc:IndicLanguages
rc:HindiLanguage,rdfs:subClassOf,owl:Thing
rc:PaintingOfCupid,rdfs:subClassOf,rc:ArtSubject
rc:PaintingOfCupid,rdfs:subClassOf,owl:Thing
rc:BluegrassMusic,rdfs:subClassOf,rc:MusicTypeByGenre
rc:BluegrassMusic,rdfs:subClassOf,owl:Thing
rc:WritingStyleGuide,rdfs:subClassOf,rc:InstructionalWork
rc:WritingStyleGuide,rdfs:subClassOf,owl:Thing
rc:Airsoft_SportsGame,rdfs:subClassOf,rc:SportsGame
rc:Airsoft_SportsGame,rdfs:subClassOf,owl:Thing
rc:DecryptionProgram,rdfs:subClassOf,rc:DecoderProgram
rc:DecryptionProgram,rdfs:subClassOf,rc:SecurityProgram
rc:DecryptionProgram,rdfs:subClassOf,owl:Thing
rc:NaturalLanguageProgram,rdfs:subClassOf,rc:UtilityProgram
rc:NaturalLanguageProgram,rdfs:subClassOf,owl:Thing
rc:CPlusPlus_ProgrammingLanguage,rdfs:subClassOf,rc:AbstractProgrammingLanguage
rc:CPlusPlus_ProgrammingLanguage,rdfs:subClassOf,owl:Thing
rc:VisualPattern,rdfs:subClassOf,rc:InformationBearingThing
rc:VisualPattern,rdfs:subClassOf,rc:Media
rc:VisualPattern,rdfs:subClassOf,owl:Thing
rc:Document_OutOfPrint,rdfs:subClassOf,rc:Document
rc:Document_OutOfPrint,rdfs:subClassOf,owl:Thing
rc:StringQuartetComposition,rdfs:subClassOf,rc:ChamberMusicComposition
rc:StringQuartetComposition,rdfs:subClassOf,owl:Thing
rc:TVShowOnNature,rdfs:subClassOf,rc:InformativeTVShow
rc:TVShowOnNature,rdfs:subClassOf,owl:Thing
rc:MahikanLanguage,rdfs:subClassOf,rc:AlgonquianLanguages
rc:MahikanLanguage,rdfs:subClassOf,owl:Thing
rc:EndangeredGermanicLanguage,rdfs:subClassOf,rc:EndangeredLanguages
rc:EndangeredGermanicLanguage,rdfs:subClassOf,owl:Thing
rc:PersonalInformation,rdfs:subClassOf,rc:PropositionalInformationThing
rc:PersonalInformation,rdfs:subClassOf,owl:Thing
rc:EducationTerminology,rdfs:subClassOf,rc:Terminology
rc:EducationTerminology,rdfs:subClassOf,owl:Thing
rc:WordProcessingProgram_Visual,rdfs:subClassOf,rc:FileReadingProgram_Visual
rc:WordProcessingProgram_Visual,rdfs:subClassOf,rc:WordProcessingProgram_Interactive
rc:WordProcessingProgram_Visual,rdfs:subClassOf,owl:Thing
rc:Vowel,rdfs:subClassOf,rc:Phoneme
rc:Vowel,rdfs:subClassOf,owl:Thing
rc:DeVerbalNoun,rdfs:subClassOf,rc:Noun
rc:DeVerbalNoun,rdfs:subClassOf,owl:Thing
rc:SecondPersonPluralPronounsInEnglish,rdfs:subClassOf,rc:Singular_NLAttr
rc:SecondPersonPluralPronounsInEnglish,rdfs:subClassOf,owl:Thing
rc:Tomcat_TheProgram,rdfs:subClassOf,rc:ServerProgram
rc:Tomcat_TheProgram,rdfs:subClassOf,owl:Thing
rc:PhoenicianInscription,rdfs:subClassOf,rc:DeadScripts
rc:PhoenicianInscription,rdfs:subClassOf,rc:Inscription
rc:PhoenicianInscription,rdfs:subClassOf,owl:Thing
rc:BlotchyPattern,rdfs:subClassOf,rc:VisualPattern
rc:BlotchyPattern,rdfs:subClassOf,owl:Thing
rc:AmericanPhraseology,rdfs:subClassOf,rc:AmericanEnglishDialect
rc:AmericanPhraseology,rdfs:subClassOf,owl:Thing
rc:SuspenseMovie,rdfs:subClassOf,rc:FilmGenre
rc:SuspenseMovie,rdfs:subClassOf,owl:Thing
rc:Cartoon_Animated,rdfs:subClassOf,rc:Animation_MovingImage
rc:Cartoon_Animated,rdfs:subClassOf,rc:Cartoon
rc:Cartoon_Animated,rdfs:subClassOf,owl:Thing
rc:PortugueseLanguageSurname,rdfs:subClassOf,rc:HumanSurname
rc:PortugueseLanguageSurname,rdfs:subClassOf,owl:Thing
rc:BlackfootLanguage,rdfs:subClassOf,rc:AlgonquianLanguages
rc:BlackfootLanguage,rdfs:subClassOf,owl:Thing
rc:TwoDollarBill_US,rdfs:subClassOf,rc:Bill_US
rc:TwoDollarBill_US,rdfs:subClassOf,owl:Thing
rc:HawaiianLanguage,rdfs:subClassOf,rc:MalayoPolynesianLanguages
rc:HawaiianLanguage,rdfs:subClassOf,owl:Thing
rc:ConvertibleARM,rdfs:subClassOf,rc:AdjustableRateMortgage
rc:ConvertibleARM,rdfs:subClassOf,owl:Thing
rc:Diphthong_Vowel,rdfs:subClassOf,rc:Vowel
rc:Diphthong_Vowel,rdfs:subClassOf,owl:Thing
rc:SpanishLanguageSurname,rdfs:subClassOf,rc:HumanSurname
rc:SpanishLanguageSurname,rdfs:subClassOf,rc:SpanishTopics
rc:SpanishLanguageSurname,rdfs:subClassOf,owl:Thing
rc:EukaryoticGene,rdfs:subClassOf,rc:Gene_HereditaryUnit
rc:EukaryoticGene,rdfs:subClassOf,owl:Thing
rc:Gene_GenInfo,rdfs:subClassOf,rc:GeneticInformation
rc:Gene_GenInfo,rdfs:subClassOf,owl:Thing
rc:TVShowOnScience,rdfs:subClassOf,rc:InformativeTVShow
rc:TVShowOnScience,rdfs:subClassOf,owl:Thing
rc:JustificationTruth,rdfs:subClassOf,rc:Reasoning
rc:JustificationTruth,rdfs:subClassOf,owl:Thing
rc:Documentary_Genre,rdfs:subClassOf,rc:Movie
rc:Documentary_Genre,rdfs:subClassOf,rc:TVShow
rc:Documentary_Genre,rdfs:subClassOf,owl:Thing
rc:TomographyScan,rdfs:subClassOf,rc:MedicalEvaluationWithImaging
rc:TomographyScan,rdfs:subClassOf,owl:Thing
rc:TotonacLanguage,rdfs:subClassOf,rc:ZapotecoLanguage
rc:TotonacLanguage,rdfs:subClassOf,owl:Thing
rc:BodicLanguage,rdfs:subClassOf,rc:SinoTibetanLanguages
rc:BodicLanguage,rdfs:subClassOf,owl:Thing
rc:TsimshianicLanguage,rdfs:subClassOf,rc:PenutianLanguages
rc:TsimshianicLanguage,rdfs:subClassOf,owl:Thing
rc:AgentiveNoun,rdfs:subClassOf,rc:DeVerbalNoun
rc:AgentiveNoun,rdfs:subClassOf,owl:Thing
rc:C_ProgrammingLanguage,rdfs:subClassOf,rc:AbstractProgrammingLanguage
rc:C_ProgrammingLanguage,rdfs:subClassOf,owl:Thing
rc:DeoxyribonucleotideStructureSequence,rdfs:subClassOf,rc:NucleotideStructureSequence
rc:DeoxyribonucleotideStructureSequence,rdfs:subClassOf,owl:Thing
rc:RiskManagementSoftware,rdfs:subClassOf,rc:BusinessComputerProgram
rc:RiskManagementSoftware,rdfs:subClassOf,owl:Thing
rc:IcelandicGrammar,rdfs:subClassOf,rc:IcelandicTopics
rc:IcelandicGrammar,rdfs:subClassOf,rc:LanguageGrammars
rc:IcelandicGrammar,rdfs:subClassOf,owl:Thing
rc:OriyaLanguage,rdfs:subClassOf,rc:IndicLanguages
rc:OriyaLanguage,rdfs:subClassOf,owl:Thing
rc:CamouflagePattern,rdfs:subClassOf,rc:BlotchyPattern
rc:CamouflagePattern,rdfs:subClassOf,owl:Thing
rc:ProtocolStackLayer,rdfs:subClassOf,rc:MachineProtocol
rc:ProtocolStackLayer,rdfs:subClassOf,rc:NetworkProtocol
rc:ProtocolStackLayer,rdfs:subClassOf,owl:Thing
rc:HTMLEditor_Static,rdfs:subClassOf,rc:FileCopyingProgram
rc:HTMLEditor_Static,rdfs:subClassOf,rc:WordProcessingProgram_Visual
rc:HTMLEditor_Static,rdfs:subClassOf,owl:Thing
rc:ComputationalProblemsInGraphTheory,rdfs:subClassOf,rc:GraphTheory
rc:ComputationalProblemsInGraphTheory,rdfs:subClassOf,owl:Thing
rc:NaturalLanguageParser,rdfs:subClassOf,rc:NaturalLanguageProgram
rc:NaturalLanguageParser,rdfs:subClassOf,owl:Thing
rc:ComputerTypeByUse,rdfs:subClassOf,rc:ComputerSoftwareOrHardwareTypeByFeature
rc:ComputerTypeByUse,rdfs:subClassOf,owl:Thing
rc:PhoenicianLanguage,rdfs:subClassOf,rc:AncientLanguages
rc:PhoenicianLanguage,rdfs:subClassOf,owl:Thing
rc:WritingSystemsDerivedFromThePhoenician,rdfs:subClassOf,rc:DeadScripts
rc:WritingSystemsDerivedFromThePhoenician,rdfs:subClassOf,rc:PhoenicianWriting
rc:WritingSystemsDerivedFromThePhoenician,rdfs:subClassOf,owl:Thing
rc:DeoxyribonucleotideSequence_GIS,rdfs:subClassOf,rc:DeoxyribonucleotideStructureSequence
rc:DeoxyribonucleotideSequence_GIS,rdfs:subClassOf,owl:Thing
rc:SlavicToponym,rdfs:subClassOf,rc:LanguageToponyms
rc:SlavicToponym,rdfs:subClassOf,owl:Thing
rc:CoahuiltecanLanguage,rdfs:subClassOf,rc:SiouanLanguages
rc:CoahuiltecanLanguage,rdfs:subClassOf,owl:Thing
rc:Emiliano_RomagnoloLanguage,rdfs:subClassOf,rc:RomanceLanguages
rc:Emiliano_RomagnoloLanguage,rdfs:subClassOf,owl:Thing
rc:Cartoon_Animated_Silent,rdfs:subClassOf,rc:Cartoon_Animated
rc:Cartoon_Animated_Silent,rdfs:subClassOf,owl:Thing
rc:SokoroLanguage,rdfs:subClassOf,rc:NiloSaharanLanguages
rc:SokoroLanguage,rdfs:subClassOf,owl:Thing
rc:WintuLanguage,rdfs:subClassOf,rc:OtherAmericanLanguages
rc:WintuLanguage,rdfs:subClassOf,owl:Thing
rc:CCompiler,rdfs:subClassOf,rc:CPlusPlus_ProgrammingLanguage
rc:CCompiler,rdfs:subClassOf,rc:C_ProgrammingLanguage
rc:CCompiler,rdfs:subClassOf,owl:Thing
rc:MusicTVShow,rdfs:subClassOf,rc:TVShow
rc:MusicTVShow,rdfs:subClassOf,owl:Thing
rc:TermLoanAgreement,rdfs:subClassOf,rc:Loan_WrittenLegalAgreement
rc:TermLoanAgreement,rdfs:subClassOf,rc:ShortTermLoan
rc:TermLoanAgreement,rdfs:subClassOf,owl:Thing
rc:LogicBomb,rdfs:subClassOf,rc:MaliciousComputerProgram
rc:LogicBomb,rdfs:subClassOf,owl:Thing
rc:DynamicLinkLibrary,rdfs:subClassOf,rc:LibraryFile
rc:DynamicLinkLibrary,rdfs:subClassOf,owl:Thing
rc:LinkParser,rdfs:subClassOf,rc:NaturalLanguageParser
rc:LinkParser,rdfs:subClassOf,owl:Thing
rc:TurkicGivenName,rdfs:subClassOf,rc:HumanGivenName
rc:TurkicGivenName,rdfs:subClassOf,rc:TurkicTopics
rc:TurkicGivenName,rdfs:subClassOf,owl:Thing
rc:HighRiskLoan,rdfs:subClassOf,rc:LoanAgreement
rc:HighRiskLoan,rdfs:subClassOf,owl:Thing
rc:KanuriLanguage,rdfs:subClassOf,rc:NiloSaharanLanguages
rc:KanuriLanguage,rdfs:subClassOf,owl:Thing
rc:WorkshopNotesArticle,rdfs:subClassOf,rc:ConferenceProceedingsArticle
rc:WorkshopNotesArticle,rdfs:subClassOf,owl:Thing
rc:Theories,rdfs:subClassOf,rc:AbductiveInferenceProcess
rc:Theories,rdfs:subClassOf,owl:Thing
rc:ConstructionPermanentLoan,rdfs:subClassOf,rc:RealEstateLoan
rc:ConstructionPermanentLoan,rdfs:subClassOf,owl:Thing
rc:FuelGauge,rdfs:subClassOf,rc:Gauge
rc:FuelGauge,rdfs:subClassOf,owl:Thing
rc:OriyaWriting,rdfs:subClassOf,rc:WritingSystem
rc:OriyaWriting,rdfs:subClassOf,owl:Thing
rc:CommemorativeCoin,rdfs:subClassOf,rc:Token_Physical
rc:CommemorativeCoin,rdfs:subClassOf,owl:Thing
rc:DocumentaryFilm,rdfs:subClassOf,rc:Documentary_Genre
rc:DocumentaryFilm,rdfs:subClassOf,rc:FilmGenre
rc:DocumentaryFilm,rdfs:subClassOf,owl:Thing
rc:ImageCatalogue,rdfs:subClassOf,rc:Catalog
rc:ImageCatalogue,rdfs:subClassOf,rc:VisualWork
rc:ImageCatalogue,rdfs:subClassOf,owl:Thing
rc:Bug_Software,rdfs:subClassOf,rc:SoftwareObject
rc:Bug_Software,rdfs:subClassOf,owl:Thing
rc:EndangeredIndoEuropeanLanguage,rdfs:subClassOf,rc:EndangeredLanguages
rc:EndangeredIndoEuropeanLanguage,rdfs:subClassOf,owl:Thing
rc:Mimicry,rdfs:subClassOf,rc:CamouflagePattern
rc:Mimicry,rdfs:subClassOf,owl:Thing
rc:Brand,rdfs:subClassOf,rc:Name
rc:Brand,rdfs:subClassOf,owl:Thing
rc:TainoLanguage,rdfs:subClassOf,rc:RecentExtinctLanguages
rc:TainoLanguage,rdfs:subClassOf,owl:Thing
rc:DomainNameSystemProtocol,rdfs:subClassOf,rc:ApplicationLayerProtocol
rc:DomainNameSystemProtocol,rdfs:subClassOf,owl:Thing
rc:MusicTerminology,rdfs:subClassOf,rc:Terminology
rc:MusicTerminology,rdfs:subClassOf,owl:Thing
rc:StackArchitecture,rdfs:subClassOf,rc:ComputerArchitecture
rc:StackArchitecture,rdfs:subClassOf,owl:Thing
rc:MaayLanguage,rdfs:subClassOf,rc:OtherLanguages
rc:MaayLanguage,rdfs:subClassOf,owl:Thing
rc:HTMLFile,rdfs:subClassOf,rc:ComputerFileTypeByFormat
rc:HTMLFile,rdfs:subClassOf,owl:Thing
rc:Basic_ComputerLanguage,rdfs:subClassOf,rc:AbstractProgrammingLanguage
rc:Basic_ComputerLanguage,rdfs:subClassOf,owl:Thing
rc:MovingImageWithSound,rdfs:subClassOf,rc:Media
rc:MovingImageWithSound,rdfs:subClassOf,rc:VisualWork
rc:MovingImageWithSound,rdfs:subClassOf,owl:Thing
rc:WrittenCharacter,rdfs:subClassOf,rc:CharacterToken_Inscribed
rc:WrittenCharacter,rdfs:subClassOf,rc:WrittenCharacterSequence
rc:WrittenCharacter,rdfs:subClassOf,owl:Thing
rc:IcelandicLanguage,rdfs:subClassOf,rc:GermanicLanguages
rc:IcelandicLanguage,rdfs:subClassOf,owl:Thing
rc:PersonalInformationManager,rdfs:subClassOf,rc:UserProgram
rc:PersonalInformationManager,rdfs:subClassOf,owl:Thing
rc:TotonacanLanguage,rdfs:subClassOf,rc:PenutianLanguages
rc:TotonacanLanguage,rdfs:subClassOf,owl:Thing
rc:MathematicalTheory,rdfs:subClassOf,rc:Theories
rc:MathematicalTheory,rdfs:subClassOf,owl:Thing
rc:SetTheory,rdfs:subClassOf,rc:MathematicalTheory
rc:SetTheory,rdfs:subClassOf,owl:Thing
rc:DNSLookupTable,rdfs:subClassOf,rc:ComputerFile
rc:DNSLookupTable,rdfs:subClassOf,owl:Thing
rc:YokutLanguage,rdfs:subClassOf,rc:PenutianLanguages
rc:YokutLanguage,rdfs:subClassOf,owl:Thing
rc:TheFinancialTimes_TheNewspaper,rdfs:subClassOf,rc:NewspaperSeries
rc:TheFinancialTimes_TheNewspaper,rdfs:subClassOf,owl:Thing
rc:RolodexFile,rdfs:subClassOf,rc:CardFile
rc:RolodexFile,rdfs:subClassOf,rc:StructuredInformationSource
rc:RolodexFile,rdfs:subClassOf,owl:Thing
rc:SculptureInTheRound,rdfs:subClassOf,rc:Sculpture
rc:SculptureInTheRound,rdfs:subClassOf,owl:Thing
rc:AssassinsCreed,rdfs:subClassOf,rc:VideoGameProgram_Color
rc:AssassinsCreed,rdfs:subClassOf,owl:Thing
rc:DeductiveInferenceProcess,rdfs:subClassOf,rc:Reasoning
rc:DeductiveInferenceProcess,rdfs:subClassOf,owl:Thing
rc:Animation_MovingImage,rdfs:subClassOf,rc:MovingImage
rc:Animation_MovingImage,rdfs:subClassOf,rc:MovingImageWithSound
rc:Animation_MovingImage,rdfs:subClassOf,owl:Thing
rc:UbuntuOperatingSystem,rdfs:subClassOf,rc:LinuxOS
rc:UbuntuOperatingSystem,rdfs:subClassOf,owl:Thing
rc:WikiSoftware,rdfs:subClassOf,rc:CollaborativeSoftware
rc:WikiSoftware,rdfs:subClassOf,rc:HTMLEditor_Dynamic
rc:WikiSoftware,rdfs:subClassOf,owl:Thing
rc:RoboticsSoftware,rdfs:subClassOf,rc:ScientificSoftware
rc:RoboticsSoftware,rdfs:subClassOf,owl:Thing
rc:PhoenicianWriting,rdfs:subClassOf,rc:WritingSystem
rc:PhoenicianWriting,rdfs:subClassOf,owl:Thing
rc:TechnologyServicesAgreement,rdfs:subClassOf,rc:Contract
rc:TechnologyServicesAgreement,rdfs:subClassOf,owl:Thing
rc:CardFile,rdfs:subClassOf,rc:ComputerFileTypeByFormat
rc:CardFile,rdfs:subClassOf,owl:Thing
rc:CorporateBond_Agreement,rdfs:subClassOf,rc:BondsFinance
rc:CorporateBond_Agreement,rdfs:subClassOf,owl:Thing
rc:SpreadsheetSoftware,rdfs:subClassOf,rc:ContentAuthoringEditingSoftware
rc:SpreadsheetSoftware,rdfs:subClassOf,rc:EditingSoftware
rc:SpreadsheetSoftware,rdfs:subClassOf,rc:HumanAccessibleIBT
rc:SpreadsheetSoftware,rdfs:subClassOf,rc:InteractiveComputerProgram
rc:SpreadsheetSoftware,rdfs:subClassOf,rc:MathematicalComputingProgram
rc:SpreadsheetSoftware,rdfs:subClassOf,rc:StructuredInformationSource
rc:SpreadsheetSoftware,rdfs:subClassOf,owl:Thing
rc:Bust_Sculpture,rdfs:subClassOf,rc:SculptureInTheRound
rc:Bust_Sculpture,rdfs:subClassOf,owl:Thing
rc:EndangeredIranianLanguage,rdfs:subClassOf,rc:EndangeredLanguages
rc:EndangeredIranianLanguage,rdfs:subClassOf,owl:Thing
rc:SlavicWordOrPhrase,rdfs:subClassOf,rc:WordOrPhraseByLanguage
rc:SlavicWordOrPhrase,rdfs:subClassOf,owl:Thing
rc:GroupTheory,rdfs:subClassOf,rc:MathematicalTheory
rc:GroupTheory,rdfs:subClassOf,owl:Thing
rc:Signal,rdfs:subClassOf,rc:InformationBearingThing
rc:Signal,rdfs:subClassOf,owl:Thing
rc:Painting_Moveable,rdfs:subClassOf,rc:Painting_ArtForm
rc:Painting_Moveable,rdfs:subClassOf,owl:Thing
rc:JavaScriptBasedCalendarComponent,rdfs:subClassOf,rc:JavaScriptFile
rc:JavaScriptBasedCalendarComponent,rdfs:subClassOf,rc:JavaScriptProgrammingLanguage
rc:JavaScriptBasedCalendarComponent,rdfs:subClassOf,owl:Thing
rc:CardinalNumber,rdfs:subClassOf,rc:SetTheory
rc:CardinalNumber,rdfs:subClassOf,owl:Thing
rc:TVShowOnTravel,rdfs:subClassOf,rc:InformativeTVShow
rc:TVShowOnTravel,rdfs:subClassOf,owl:Thing
rc:VarietiesOfChinese,rdfs:subClassOf,rc:ChineseLanguages
rc:VarietiesOfChinese,rdfs:subClassOf,owl:Thing
rc:PennsylvaniaGermanLanguage,rdfs:subClassOf,rc:GermanDialect
rc:PennsylvaniaGermanLanguage,rdfs:subClassOf,owl:Thing
rc:OrchestralComposition,rdfs:subClassOf,rc:MusicalComposition_Classical
rc:OrchestralComposition,rdfs:subClassOf,owl:Thing
rc:PublicationManagementSoftware,rdfs:subClassOf,rc:BusinessComputerProgram
rc:PublicationManagementSoftware,rdfs:subClassOf,owl:Thing
rc:PortugueseLanguageTest,rdfs:subClassOf,rc:LanguageTests
rc:PortugueseLanguageTest,rdfs:subClassOf,owl:Thing
rc:CorsicanLanguage,rdfs:subClassOf,rc:RomanceLanguages
rc:CorsicanLanguage,rdfs:subClassOf,owl:Thing
rc:ConvertibleBond,rdfs:subClassOf,rc:CorporateBond_Agreement
rc:ConvertibleBond,rdfs:subClassOf,owl:Thing
rc:JewishCalendar,rdfs:subClassOf,rc:CalendarSystem
rc:JewishCalendar,rdfs:subClassOf,owl:Thing
rc:FieldHockey,rdfs:subClassOf,rc:SportsGame
rc:FieldHockey,rdfs:subClassOf,owl:Thing
rc:SelfAdhesiveLabel,rdfs:subClassOf,rc:Label
rc:SelfAdhesiveLabel,rdfs:subClassOf,owl:Thing
rc:JakatiLanguage,rdfs:subClassOf,rc:ArabicLanguage
rc:JakatiLanguage,rdfs:subClassOf,owl:Thing
rc:AnimationByGenre,rdfs:subClassOf,rc:Animation_MovingImage
rc:AnimationByGenre,rdfs:subClassOf,rc:VisualArtsGenre
rc:AnimationByGenre,rdfs:subClassOf,owl:Thing
rc:WarMovie,rdfs:subClassOf,rc:FilmGenre
rc:WarMovie,rdfs:subClassOf,owl:Thing
rc:MediaPlayerProgram,rdfs:subClassOf,rc:FileReadingProgram_Interactive
rc:MediaPlayerProgram,rdfs:subClassOf,owl:Thing
rc:GroundForce,rdfs:subClassOf,rc:TVShow
rc:GroundForce,rdfs:subClassOf,owl:Thing
rc:LetterToTheEditor,rdfs:subClassOf,rc:CommentaryArticle
rc:LetterToTheEditor,rdfs:subClassOf,owl:Thing
rc:TechnologyServicesAgreement_Ongoing,rdfs:subClassOf,rc:TechnologyServicesAgreement
rc:TechnologyServicesAgreement_Ongoing,rdfs:subClassOf,owl:Thing
rc:BritishIslesGivenName,rdfs:subClassOf,rc:HumanGivenName
rc:BritishIslesGivenName,rdfs:subClassOf,owl:Thing
rc:Subnotebook,rdfs:subClassOf,rc:PersonalComputer
rc:Subnotebook,rdfs:subClassOf,owl:Thing
rc:AbelianGroupTheory,rdfs:subClassOf,rc:GroupTheory
rc:AbelianGroupTheory,rdfs:subClassOf,owl:Thing
rc:Sound,rdfs:subClassOf,rc:Media
rc:Sound,rdfs:subClassOf,kko:AudioInfo
rc:Sound,rdfs:subClassOf,owl:Thing
rc:TransfiniteCardinal,rdfs:subClassOf,rc:CardinalNumber
rc:TransfiniteCardinal,rdfs:subClassOf,owl:Thing
rc:DataFeed_System,rdfs:subClassOf,rc:ComputerFile_Abstract
rc:DataFeed_System,rdfs:subClassOf,owl:Thing
rc:Multi_MovementComposition,rdfs:subClassOf,rc:MusicalComposition_Classical
rc:Multi_MovementComposition,rdfs:subClassOf,owl:Thing
rc:SurfMusic,rdfs:subClassOf,rc:RockMusic
rc:SurfMusic,rdfs:subClassOf,owl:Thing
rc:Cartoon_Still,rdfs:subClassOf,rc:Cartoon
rc:Cartoon_Still,rdfs:subClassOf,owl:Thing
rc:Deoxyribonucleotide_GIS,rdfs:subClassOf,rc:Nucleotide_GIS
rc:Deoxyribonucleotide_GIS,rdfs:subClassOf,owl:Thing
rc:ModelRocket,rdfs:subClassOf,rc:Model_Artifact
rc:ModelRocket,rdfs:subClassOf,owl:Thing
rc:LatinLanguage,rdfs:subClassOf,rc:ItalicLanguages
rc:LatinLanguage,rdfs:subClassOf,owl:Thing
rc:Prolog_ComputerLanguage,rdfs:subClassOf,rc:AbstractProgrammingLanguage
rc:Prolog_ComputerLanguage,rdfs:subClassOf,owl:Thing
rc:AdventureAnimation,rdfs:subClassOf,rc:AnimationByGenre
rc:AdventureAnimation,rdfs:subClassOf,owl:Thing
rc:CoverLetter,rdfs:subClassOf,rc:LetterCopy
rc:CoverLetter,rdfs:subClassOf,owl:Thing
rc:CDPlayerProgram,rdfs:subClassOf,rc:AudioProgram
rc:CDPlayerProgram,rdfs:subClassOf,rc:MediaPlayerProgram
rc:CDPlayerProgram,rdfs:subClassOf,owl:Thing
rc:LogicFamily,rdfs:subClassOf,rc:ComputerMemory_Abstract
rc:LogicFamily,rdfs:subClassOf,owl:Thing
rc:Commentary,rdfs:subClassOf,rc:Statement
rc:Commentary,rdfs:subClassOf,owl:Thing
rc:Advising,rdfs:subClassOf,rc:Informing
rc:Advising,rdfs:subClassOf,owl:Thing
rc:SererLanguage,rdfs:subClassOf,rc:AtlanticCongoLanguages
rc:SererLanguage,rdfs:subClassOf,owl:Thing
rc:FHALoan,rdfs:subClassOf,rc:GovernmentFundedRealEstateLoan
rc:FHALoan,rdfs:subClassOf,owl:Thing
rc:TextualExpression,rdfs:subClassOf,rc:TextualMaterial
rc:TextualExpression,rdfs:subClassOf,owl:Thing
rc:FreeWikiSoftware,rdfs:subClassOf,rc:WikiSoftware
rc:FreeWikiSoftware,rdfs:subClassOf,owl:Thing
rc:Symphony,rdfs:subClassOf,rc:Multi_MovementComposition
rc:Symphony,rdfs:subClassOf,rc:OrchestralComposition
rc:Symphony,rdfs:subClassOf,owl:Thing
rc:Remark,rdfs:subClassOf,rc:Statement
rc:Remark,rdfs:subClassOf,owl:Thing
rc:Checkerboard,rdfs:subClassOf,rc:CheckPattern
rc:Checkerboard,rdfs:subClassOf,owl:Thing
rc:UdmurtLanguage,rdfs:subClassOf,rc:UralicLanguages
rc:UdmurtLanguage,rdfs:subClassOf,owl:Thing
rc:WorkshopNotesIssue,rdfs:subClassOf,rc:ConferenceProceedingsIssue
rc:WorkshopNotesIssue,rdfs:subClassOf,owl:Thing
rc:SociologicalTerminology,rdfs:subClassOf,rc:TechnicalTerminology
rc:SociologicalTerminology,rdfs:subClassOf,owl:Thing
rc:RadioCommercial_IBT,rdfs:subClassOf,rc:Commercial_IBT
rc:RadioCommercial_IBT,rdfs:subClassOf,rc:SoundInformationBearingThing
rc:RadioCommercial_IBT,rdfs:subClassOf,owl:Thing
rc:InternetService,rdfs:subClassOf,rc:TechnologyServicesAgreement_Ongoing
rc:InternetService,rdfs:subClassOf,owl:Thing
rc:Cruft,rdfs:subClassOf,rc:ComputerCode
rc:Cruft,rdfs:subClassOf,owl:Thing
rc:LanguageDialect,rdfs:subClassOf,rc:NaturalLanguage
rc:LanguageDialect,rdfs:subClassOf,owl:Thing
rc:SoundsByType,rdfs:subClassOf,rc:Sound
rc:SoundsByType,rdfs:subClassOf,owl:Thing
rc:AlgalTaxonomy,rdfs:subClassOf,rc:TaxonomyBiology
rc:AlgalTaxonomy,rdfs:subClassOf,owl:Thing
rc:TurkicInscription,rdfs:subClassOf,rc:Inscription
rc:TurkicInscription,rdfs:subClassOf,rc:TurkicTopics
rc:TurkicInscription,rdfs:subClassOf,owl:Thing
rc:SetTheoreticProgrammingLanguage,rdfs:subClassOf,rc:ProgrammingLanguage
rc:SetTheoreticProgrammingLanguage,rdfs:subClassOf,owl:Thing
rc:Aleph_1,rdfs:subClassOf,rc:TransfiniteCardinal
rc:Aleph_1,rdfs:subClassOf,owl:Thing
rc:Observation_Remark,rdfs:subClassOf,rc:Remark
rc:Observation_Remark,rdfs:subClassOf,owl:Thing
rc:YolnguLanguage,rdfs:subClassOf,rc:AustralianLanguages
rc:YolnguLanguage,rdfs:subClassOf,owl:Thing
rc:IcelandicLanguageSurname,rdfs:subClassOf,rc:HumanSurname
rc:IcelandicLanguageSurname,rdfs:subClassOf,rc:IcelandicTopics
rc:IcelandicLanguageSurname,rdfs:subClassOf,owl:Thing
rc:FangLanguage,rdfs:subClassOf,rc:AtlanticCongoLanguages
rc:FangLanguage,rdfs:subClassOf,owl:Thing
rc:WebServer_Network,rdfs:subClassOf,rc:ComputerServer
rc:WebServer_Network,rdfs:subClassOf,owl:Thing
rc:MusicTrack,rdfs:subClassOf,rc:RecordedSoundProduct
rc:MusicTrack,rdfs:subClassOf,owl:Thing
rc:NeoNoir,rdfs:subClassOf,rc:FilmNoirMovie
rc:NeoNoir,rdfs:subClassOf,owl:Thing
rc:PatrioticSong,rdfs:subClassOf,rc:Song
rc:PatrioticSong,rdfs:subClassOf,owl:Thing
rc:MabaLanguage,rdfs:subClassOf,rc:NiloSaharanLanguages
rc:MabaLanguage,rdfs:subClassOf,owl:Thing
rc:CardGameProgram,rdfs:subClassOf,rc:ComputerGameProgram
rc:CardGameProgram,rdfs:subClassOf,owl:Thing
rc:ChoralSymphony,rdfs:subClassOf,rc:Symphony
rc:ChoralSymphony,rdfs:subClassOf,owl:Thing
rc:ThoughtExperimentsInQuantumMechanics,rdfs:subClassOf,rc:QuantumMechanics
rc:ThoughtExperimentsInQuantumMechanics,rdfs:subClassOf,owl:Thing
rc:MagarLanguage,rdfs:subClassOf,rc:IndicLanguages
rc:MagarLanguage,rdfs:subClassOf,owl:Thing
rc:AlternativeInternetDNSService,rdfs:subClassOf,rc:DomainNameSystemProtocol
rc:AlternativeInternetDNSService,rdfs:subClassOf,rc:InternetService
rc:AlternativeInternetDNSService,rdfs:subClassOf,owl:Thing
rc:South_African_English,rdfs:subClassOf,rc:EnglishLanguage
rc:South_African_English,rdfs:subClassOf,owl:Thing
rc:ParseTree,rdfs:subClassOf,rc:CWInfoStructure
rc:ParseTree,rdfs:subClassOf,rc:LinguisticObject
rc:ParseTree,rdfs:subClassOf,owl:Thing
rc:DeductiveReasoning,rdfs:subClassOf,rc:DeductiveInferenceProcess
rc:DeductiveReasoning,rdfs:subClassOf,owl:Thing
rc:SurfInstrumental,rdfs:subClassOf,rc:SurfMusic
rc:SurfInstrumental,rdfs:subClassOf,owl:Thing
rc:GreekDialect,rdfs:subClassOf,rc:LanguageDialect
rc:GreekDialect,rdfs:subClassOf,owl:Thing
rc:IPhone_AppleCellphone,rdfs:subClassOf,rc:AppleIncHardware
rc:IPhone_AppleCellphone,rdfs:subClassOf,rc:Smartphone
rc:IPhone_AppleCellphone,rdfs:subClassOf,owl:Thing
rc:AlarmSignal,rdfs:subClassOf,rc:Signal
rc:AlarmSignal,rdfs:subClassOf,rc:SoundsByType
rc:AlarmSignal,rdfs:subClassOf,owl:Thing
rc:BullettedFormat,rdfs:subClassOf,rc:List_Information
rc:BullettedFormat,rdfs:subClassOf,owl:Thing
rc:WaterColorPainting,rdfs:subClassOf,rc:Painting_ArtForm
rc:WaterColorPainting,rdfs:subClassOf,owl:Thing
rc:WomensRinkHockey,rdfs:subClassOf,rc:RollerHockey
rc:WomensRinkHockey,rdfs:subClassOf,owl:Thing
rc:BusProtocol,rdfs:subClassOf,rc:MachineProtocol
rc:BusProtocol,rdfs:subClassOf,owl:Thing
rc:SetTheoreticUniverse,rdfs:subClassOf,rc:SetTheory
rc:SetTheoreticUniverse,rdfs:subClassOf,owl:Thing
rc:CanginLanguage,rdfs:subClassOf,rc:SererLanguage
rc:CanginLanguage,rdfs:subClassOf,owl:Thing
rc:Statement,rdfs:subClassOf,rc:TextualExpression
rc:Statement,rdfs:subClassOf,owl:Thing
rc:SpreadsheetProgram,rdfs:subClassOf,rc:BusinessComputerProgram
rc:SpreadsheetProgram,rdfs:subClassOf,rc:DatabaseProgram
rc:SpreadsheetProgram,rdfs:subClassOf,rc:SpreadsheetSoftware
rc:SpreadsheetProgram,rdfs:subClassOf,owl:Thing
rc:Sonorant_Consonant,rdfs:subClassOf,rc:Consonant
rc:Sonorant_Consonant,rdfs:subClassOf,owl:Thing
rc:GeoCitiesWebHostingService,rdfs:subClassOf,rc:InternetService
rc:GeoCitiesWebHostingService,rdfs:subClassOf,rc:WebServer_Network
rc:GeoCitiesWebHostingService,rdfs:subClassOf,owl:Thing
rc:VideoGameProgram_Color,rdfs:subClassOf,rc:ComputerGameProgram_Graphical
rc:VideoGameProgram_Color,rdfs:subClassOf,owl:Thing
rc:Gauge,rdfs:subClassOf,rc:InformationBearingObject
rc:Gauge,rdfs:subClassOf,owl:Thing
rc:RockabillyMusic,rdfs:subClassOf,rc:RockMusic
rc:RockabillyMusic,rdfs:subClassOf,owl:Thing
rc:WrittenNumeralSequence,rdfs:subClassOf,rc:WrittenCharacterSequence
rc:WrittenNumeralSequence,rdfs:subClassOf,owl:Thing
rc:NewsMedia,rdfs:subClassOf,rc:News
rc:NewsMedia,rdfs:subClassOf,owl:Thing
rc:TVShow_Single,rdfs:subClassOf,rc:TVSeriesProduct
rc:TVShow_Single,rdfs:subClassOf,owl:Thing
rc:Dummy,rdfs:subClassOf,rc:Model_Artifact
rc:Dummy,rdfs:subClassOf,owl:Thing
rc:SpecificationDocument,rdfs:subClassOf,rc:OfficialDocument
rc:SpecificationDocument,rdfs:subClassOf,owl:Thing
rc:FieldHockeyCompetition,rdfs:subClassOf,rc:FieldHockey
rc:FieldHockeyCompetition,rdfs:subClassOf,owl:Thing
rc:CroatianWordOrPhrase,rdfs:subClassOf,rc:WordOrPhraseByLanguage
rc:CroatianWordOrPhrase,rdfs:subClassOf,owl:Thing
rc:DTPForOSX,rdfs:subClassOf,rc:GraphicsEditingProgram
rc:DTPForOSX,rdfs:subClassOf,owl:Thing
rc:Diagram,rdfs:subClassOf,rc:IconicInformation
rc:Diagram,rdfs:subClassOf,rc:VisualArtifact
rc:Diagram,rdfs:subClassOf,owl:Thing
rc:JalaliCalendar,rdfs:subClassOf,rc:CalendarSystem
rc:JalaliCalendar,rdfs:subClassOf,owl:Thing
rc:VarietiesOfGreek,rdfs:subClassOf,rc:LanguageDialect
rc:VarietiesOfGreek,rdfs:subClassOf,owl:Thing
rc:JavaScriptProgrammingLanguageFamily,rdfs:subClassOf,rc:JavaScriptFile
rc:JavaScriptProgrammingLanguageFamily,rdfs:subClassOf,rc:JavaScriptProgrammingLanguage
rc:JavaScriptProgrammingLanguageFamily,rdfs:subClassOf,owl:Thing
rc:KinshipTerminology,rdfs:subClassOf,rc:SociologicalTerminology
rc:KinshipTerminology,rdfs:subClassOf,owl:Thing
rc:AztecWriting,rdfs:subClassOf,rc:WritingSystem
rc:AztecWriting,rdfs:subClassOf,owl:Thing
rc:AeolicGreekDialect,rdfs:subClassOf,rc:AncientLanguages
rc:AeolicGreekDialect,rdfs:subClassOf,rc:GreekDialect
rc:AeolicGreekDialect,rdfs:subClassOf,owl:Thing
rc:NumeralString,rdfs:subClassOf,rc:NumberString
rc:NumeralString,rdfs:subClassOf,owl:Thing
rc:HTMLHeadingTag,rdfs:subClassOf,rc:HTMLTag
rc:HTMLHeadingTag,rdfs:subClassOf,owl:Thing
rc:MelodicDeathMetal,rdfs:subClassOf,rc:DeathMetalMusic
rc:MelodicDeathMetal,rdfs:subClassOf,rc:MusicTypeOpenGenre
rc:MelodicDeathMetal,rdfs:subClassOf,owl:Thing
rc:Psychobilly,rdfs:subClassOf,rc:MusicalComposition_Rockabilly
rc:Psychobilly,rdfs:subClassOf,rc:RockabillyMusic
rc:Psychobilly,rdfs:subClassOf,owl:Thing
rc:EndangeredIroquoianLanguage,rdfs:subClassOf,rc:EndangeredLanguages
rc:EndangeredIroquoianLanguage,rdfs:subClassOf,owl:Thing
rc:ToneCluster,rdfs:subClassOf,rc:MusicalChord
rc:ToneCluster,rdfs:subClassOf,owl:Thing
rc:PublicationStyleSpecification,rdfs:subClassOf,rc:SpecificationDocument
rc:PublicationStyleSpecification,rdfs:subClassOf,owl:Thing
rc:HomonymyInChinese,rdfs:subClassOf,rc:ChineseTopics
rc:HomonymyInChinese,rdfs:subClassOf,owl:Thing
rc:MonochromeImage,rdfs:subClassOf,rc:VisualImage
rc:MonochromeImage,rdfs:subClassOf,owl:Thing
rc:Affirmation_IBT,rdfs:subClassOf,rc:Statement
rc:Affirmation_IBT,rdfs:subClassOf,owl:Thing
rc:DeedInLieu,rdfs:subClassOf,rc:LegalDocument
rc:DeedInLieu,rdfs:subClassOf,owl:Thing
rc:DataLinkLayerProtocol,rdfs:subClassOf,rc:ProtocolStackLayer
rc:DataLinkLayerProtocol,rdfs:subClassOf,owl:Thing
rc:Trivia,rdfs:subClassOf,rc:Information_Content
rc:Trivia,rdfs:subClassOf,owl:Thing
rc:OlmecColossalHead,rdfs:subClassOf,rc:StoneSculpture
rc:OlmecColossalHead,rdfs:subClassOf,owl:Thing
rc:Advising_Professional,rdfs:subClassOf,rc:Advising
rc:Advising_Professional,rdfs:subClassOf,owl:Thing
rc:TVSketchComedy,rdfs:subClassOf,rc:ComedyTVShow
rc:TVSketchComedy,rdfs:subClassOf,owl:Thing
rc:MuskogeanLanguages,rdfs:subClassOf,rc:IndigenousAmericanLanguages
rc:MuskogeanLanguages,rdfs:subClassOf,owl:Thing
rc:UdukLanguage,rdfs:subClassOf,rc:OtherLanguages
rc:UdukLanguage,rdfs:subClassOf,owl:Thing
rc:BugineseLanguage,rdfs:subClassOf,rc:MalayoPolynesianLanguages
rc:BugineseLanguage,rdfs:subClassOf,owl:Thing
rc:LatinLanguage_Classical,rdfs:subClassOf,rc:ClassicMedievalLanguages
rc:LatinLanguage_Classical,rdfs:subClassOf,owl:Thing
rc:Journalism,rdfs:subClassOf,rc:NewsMedia
rc:Journalism,rdfs:subClassOf,owl:Thing
rc:CommentaryArticle,rdfs:subClassOf,rc:Article_PCW
rc:CommentaryArticle,rdfs:subClassOf,owl:Thing
rc:BailAgreement,rdfs:subClassOf,rc:Contract
rc:BailAgreement,rdfs:subClassOf,owl:Thing
rc:Template_programming,rdfs:subClassOf,rc:Template
rc:Template_programming,rdfs:subClassOf,owl:Thing
rc:Annex,rdfs:subClassOf,rc:Contract
rc:Annex,rdfs:subClassOf,owl:Thing
rc:CaddoLanguage,rdfs:subClassOf,rc:MuskogeanLanguages
rc:CaddoLanguage,rdfs:subClassOf,owl:Thing
rc:PhDThesis,rdfs:subClassOf,rc:Dissertation
rc:PhDThesis,rdfs:subClassOf,owl:Thing
rc:FHAMortgage,rdfs:subClassOf,rc:AssumableLoanAgreement
rc:FHAMortgage,rdfs:subClassOf,rc:ConformingMortgage
rc:FHAMortgage,rdfs:subClassOf,rc:FHALoan
rc:FHAMortgage,rdfs:subClassOf,owl:Thing
rc:IOSSoftware,rdfs:subClassOf,rc:IPhone_AppleCellphone
rc:IOSSoftware,rdfs:subClassOf,owl:Thing
rc:AnalysisDiagram,rdfs:subClassOf,rc:Diagram
rc:AnalysisDiagram,rdfs:subClassOf,owl:Thing
rc:FileReadingProgram,rdfs:subClassOf,rc:UtilityProgram
rc:FileReadingProgram,rdfs:subClassOf,owl:Thing
rc:HTMLInterpreter,rdfs:subClassOf,rc:Interpreter_Computers
rc:HTMLInterpreter,rdfs:subClassOf,owl:Thing
rc:SolarCalendar,rdfs:subClassOf,rc:CalendarSystem
rc:SolarCalendar,rdfs:subClassOf,owl:Thing
rc:TurkicLanguageSurname,rdfs:subClassOf,rc:HumanSurname
rc:TurkicLanguageSurname,rdfs:subClassOf,rc:TurkicTopics
rc:TurkicLanguageSurname,rdfs:subClassOf,owl:Thing
rc:IcelandicOrthography,rdfs:subClassOf,rc:IcelandicTopics
rc:IcelandicOrthography,rdfs:subClassOf,rc:LanguageOrthographies
rc:IcelandicOrthography,rdfs:subClassOf,owl:Thing
rc:PalmtopComputer,rdfs:subClassOf,rc:PersonalComputer
rc:PalmtopComputer,rdfs:subClassOf,owl:Thing
rc:VideoGameSystem,rdfs:subClassOf,rc:ClassOfComputer
rc:VideoGameSystem,rdfs:subClassOf,owl:Thing
rc:MarovoLanguage,rdfs:subClassOf,rc:MalayoPolynesianLanguages
rc:MarovoLanguage,rdfs:subClassOf,owl:Thing
rc:TerminalEmulatorProgram,rdfs:subClassOf,rc:UtilityProgram
rc:TerminalEmulatorProgram,rdfs:subClassOf,owl:Thing
rc:FileReadingProgram_Interactive,rdfs:subClassOf,rc:FileReadingProgram
rc:FileReadingProgram_Interactive,rdfs:subClassOf,owl:Thing
rc:MagaricLanguage,rdfs:subClassOf,rc:SinoTibetanLanguages
rc:MagaricLanguage,rdfs:subClassOf,owl:Thing
rc:SyntacticParsing,rdfs:subClassOf,rc:LanguageProcessing
rc:SyntacticParsing,rdfs:subClassOf,owl:Thing
rc:WrittenNumeral,rdfs:subClassOf,rc:WrittenCharacter
rc:WrittenNumeral,rdfs:subClassOf,rc:WrittenNumeralSequence
rc:WrittenNumeral,rdfs:subClassOf,owl:Thing
rc:LycianLanguage,rdfs:subClassOf,rc:AncientLanguages
rc:LycianLanguage,rdfs:subClassOf,owl:Thing
rc:NetworkingSoftware,rdfs:subClassOf,rc:Software
rc:NetworkingSoftware,rdfs:subClassOf,owl:Thing
rc:MusicTrackWithVocals,rdfs:subClassOf,rc:MusicTrack
rc:MusicTrackWithVocals,rdfs:subClassOf,owl:Thing
rc:GaloisTheory,rdfs:subClassOf,rc:GroupTheory
rc:GaloisTheory,rdfs:subClassOf,owl:Thing
rc:Smartphone,rdfs:subClassOf,rc:PalmtopComputer
rc:Smartphone,rdfs:subClassOf,owl:Thing
rc:ThracianLanguage,rdfs:subClassOf,rc:AncientLanguages
rc:ThracianLanguage,rdfs:subClassOf,owl:Thing
rc:AnnexationOfCrimeaByTheRussianFederation,rdfs:subClassOf,rc:Annex
rc:AnnexationOfCrimeaByTheRussianFederation,rdfs:subClassOf,owl:Thing
rc:QuoteRequestDocument,rdfs:subClassOf,rc:OfficialDocument
rc:QuoteRequestDocument,rdfs:subClassOf,owl:Thing
rc:VehicleRegistrationPlate,rdfs:subClassOf,rc:UniqueID
rc:VehicleRegistrationPlate,rdfs:subClassOf,owl:Thing
rc:StraightLoan,rdfs:subClassOf,rc:LoanAgreement
rc:StraightLoan,rdfs:subClassOf,owl:Thing
rc:KinyarwandaLanguage,rdfs:subClassOf,rc:BantuLanguages
rc:KinyarwandaLanguage,rdfs:subClassOf,owl:Thing
rc:ParserGenerator,rdfs:subClassOf,rc:SyntacticParsing
rc:ParserGenerator,rdfs:subClassOf,owl:Thing
rc:StringTheory,rdfs:subClassOf,rc:QuantumFieldTheory
rc:StringTheory,rdfs:subClassOf,owl:Thing
rc:TelecommunicationsProgram,rdfs:subClassOf,rc:CommunicationSoftware
rc:TelecommunicationsProgram,rdfs:subClassOf,owl:Thing
rc:ModelTrain,rdfs:subClassOf,rc:Model_Artifact
rc:ModelTrain,rdfs:subClassOf,owl:Thing
rc:PacificCoastAthabaskanLanguages,rdfs:subClassOf,rc:AthabascanLanguages
rc:PacificCoastAthabaskanLanguages,rdfs:subClassOf,owl:Thing
rc:FileReadingProgram_Visual,rdfs:subClassOf,rc:FileReadingProgram_Interactive
rc:FileReadingProgram_Visual,rdfs:subClassOf,owl:Thing
rc:ThracoIllyrian,rdfs:subClassOf,rc:IndoEuropeanLanguages
rc:ThracoIllyrian,rdfs:subClassOf,owl:Thing
rc:CaddoanLanguage,rdfs:subClassOf,rc:SiouanLanguages
rc:CaddoanLanguage,rdfs:subClassOf,owl:Thing
rc:TheGuardian_TheNewspaper,rdfs:subClassOf,rc:NewspaperSeries
rc:TheGuardian_TheNewspaper,rdfs:subClassOf,owl:Thing
rc:PolishWordOrPhrase,rdfs:subClassOf,rc:PolishTopics
rc:PolishWordOrPhrase,rdfs:subClassOf,rc:WordOrPhraseByLanguage
rc:PolishWordOrPhrase,rdfs:subClassOf,owl:Thing
rc:ImageFromTheLibraryOfCongress,rdfs:subClassOf,rc:VisualImage
rc:ImageFromTheLibraryOfCongress,rdfs:subClassOf,owl:Thing
rc:Blueprint,rdfs:subClassOf,rc:Paper_IBO
rc:Blueprint,rdfs:subClassOf,rc:PublishedIBT
rc:Blueprint,rdfs:subClassOf,owl:Thing
rc:FaxSoftware,rdfs:subClassOf,rc:NetworkingSoftware
rc:FaxSoftware,rdfs:subClassOf,rc:TelecommunicationsProgram
rc:FaxSoftware,rdfs:subClassOf,owl:Thing
rc:DTPForWindows,rdfs:subClassOf,rc:GraphicsEditingProgram
rc:DTPForWindows,rdfs:subClassOf,owl:Thing
rc:MelodicMotion,rdfs:subClassOf,rc:Tune
rc:MelodicMotion,rdfs:subClassOf,owl:Thing
rc:VarietyShow,rdfs:subClassOf,rc:TVShow
rc:VarietyShow,rdfs:subClassOf,owl:Thing
rc:AndroidSmartphone,rdfs:subClassOf,rc:Smartphone
rc:AndroidSmartphone,rdfs:subClassOf,owl:Thing
rc:TriviaCompetition,rdfs:subClassOf,rc:Trivia
rc:TriviaCompetition,rdfs:subClassOf,owl:Thing
rc:AustralianLanguages,rdfs:subClassOf,rc:LivingLanguage
rc:AustralianLanguages,rdfs:subClassOf,owl:Thing
rc:CDROMBasedConsole,rdfs:subClassOf,rc:VideoGameSystem
rc:CDROMBasedConsole,rdfs:subClassOf,owl:Thing
rc:KidsCard,rdfs:subClassOf,rc:GreetingCard
rc:KidsCard,rdfs:subClassOf,owl:Thing
rc:AlternativeLabel,rdfs:subClassOf,rc:Label_IBO
rc:AlternativeLabel,rdfs:subClassOf,owl:Thing
rc:Subplot,rdfs:subClassOf,rc:PlotNarrative
rc:Subplot,rdfs:subClassOf,owl:Thing
rc:QuantumBiology,rdfs:subClassOf,rc:QuantumMechanics
rc:QuantumBiology,rdfs:subClassOf,owl:Thing
rc:DataManagementQuerySoftware,rdfs:subClassOf,rc:ComputerDataStorageManagementSystem
rc:DataManagementQuerySoftware,rdfs:subClassOf,owl:Thing
rc:DeedOfTrust,rdfs:subClassOf,rc:LegalDocument
rc:DeedOfTrust,rdfs:subClassOf,owl:Thing
rc:ComputerProgramByVendor,rdfs:subClassOf,rc:ComputerProgram
rc:ComputerProgramByVendor,rdfs:subClassOf,owl:Thing
rc:FaxProgram,rdfs:subClassOf,rc:FaxSoftware
rc:FaxProgram,rdfs:subClassOf,owl:Thing
rc:Parsing,rdfs:subClassOf,rc:ProgrammingLanguageImplementation
rc:Parsing,rdfs:subClassOf,owl:Thing
rc:BiologicalRecord,rdfs:subClassOf,rc:Dataset
rc:BiologicalRecord,rdfs:subClassOf,owl:Thing
rc:LatinLanguage_Ecclesiastical,rdfs:subClassOf,rc:RomanceLanguages
rc:LatinLanguage_Ecclesiastical,rdfs:subClassOf,owl:Thing
rc:MilitaryOrder_IBO,rdfs:subClassOf,rc:InformationBearingObject
rc:MilitaryOrder_IBO,rdfs:subClassOf,rc:TextualMaterial
rc:MilitaryOrder_IBO,rdfs:subClassOf,owl:Thing
rc:FieldHockeyRule,rdfs:subClassOf,rc:FieldHockey
rc:FieldHockeyRule,rdfs:subClassOf,owl:Thing
rc:RecipeCopy,rdfs:subClassOf,rc:HumanAccessibleIBT
rc:RecipeCopy,rdfs:subClassOf,rc:TextualMaterial
rc:RecipeCopy,rdfs:subClassOf,owl:Thing
rc:Dance_ClassicalMusic,rdfs:subClassOf,rc:MusicalComposition_Classical
rc:Dance_ClassicalMusic,rdfs:subClassOf,owl:Thing
rc:SalsaMusic,rdfs:subClassOf,rc:MusicTypeByGenre
rc:SalsaMusic,rdfs:subClassOf,owl:Thing
rc:TVTalkShow,rdfs:subClassOf,rc:TVShow
rc:TVTalkShow,rdfs:subClassOf,owl:Thing
rc:JavaSpecificationRequest,rdfs:subClassOf,rc:JavaProgrammingLanguage
rc:JavaSpecificationRequest,rdfs:subClassOf,owl:Thing
rc:ImageGallery,rdfs:subClassOf,rc:WebPage
rc:ImageGallery,rdfs:subClassOf,owl:Thing
rc:RealTimeProgram,rdfs:subClassOf,rc:ComputerProgram
rc:RealTimeProgram,rdfs:subClassOf,owl:Thing
rc:Ledger,rdfs:subClassOf,rc:OfficialDocument
rc:Ledger,rdfs:subClassOf,owl:Thing
rc:InterrogativeMood,rdfs:subClassOf,rc:InformationBearingObject
rc:InterrogativeMood,rdfs:subClassOf,owl:Thing
kko:WrittenInfo,rdfs:subClassOf,kko:Information
kko:WrittenInfo,rdfs:subClassOf,owl:Thing
rc:EndangeredMixeZoqueLanguage,rdfs:subClassOf,rc:EndangeredLanguages
rc:EndangeredMixeZoqueLanguage,rdfs:subClassOf,owl:Thing
rc:MarkupLanguageSource,rdfs:subClassOf,rc:TextString
rc:MarkupLanguageSource,rdfs:subClassOf,owl:Thing
rc:MusicVideo,rdfs:subClassOf,rc:VideoConceptualWork
rc:MusicVideo,rdfs:subClassOf,owl:Thing
rc:Yonkoma,rdfs:subClassOf,rc:Manga
rc:Yonkoma,rdfs:subClassOf,owl:Thing
rc:RepaymentMortgage,rdfs:subClassOf,rc:AmortizedLoan
rc:RepaymentMortgage,rdfs:subClassOf,rc:MortgageAgreement
rc:RepaymentMortgage,rdfs:subClassOf,owl:Thing
rc:CloseUpPerspective,rdfs:subClassOf,rc:Perspective
rc:CloseUpPerspective,rdfs:subClassOf,owl:Thing
rc:ReplyingToAQuestion,rdfs:subClassOf,rc:Informing
rc:ReplyingToAQuestion,rdfs:subClassOf,owl:Thing
rc:DeathCertificate,rdfs:subClassOf,rc:Form_StandardizedIBO
rc:DeathCertificate,rdfs:subClassOf,owl:Thing
rc:SchroedingerEquation,rdfs:subClassOf,rc:QuantumMechanics
rc:SchroedingerEquation,rdfs:subClassOf,owl:Thing
rc:EndangeredPapuanLanguage,rdfs:subClassOf,rc:EndangeredLanguages
rc:EndangeredPapuanLanguage,rdfs:subClassOf,owl:Thing
rc:HTMLSource,rdfs:subClassOf,rc:MarkupLanguageSource
rc:HTMLSource,rdfs:subClassOf,owl:Thing
rc:NCRComputer,rdfs:subClassOf,rc:PersonalComputer
rc:NCRComputer,rdfs:subClassOf,owl:Thing
rc:ComputerGameProgram_Graphical,rdfs:subClassOf,rc:ComputerGameProgram
rc:ComputerGameProgram_Graphical,rdfs:subClassOf,rc:FileReadingProgram_Visual
rc:ComputerGameProgram_Graphical,rdfs:subClassOf,rc:RealTimeProgram
rc:ComputerGameProgram_Graphical,rdfs:subClassOf,owl:Thing
rc:BlackjackTelevisionProgram,rdfs:subClassOf,rc:TelevisionSeriesByGenre
rc:BlackjackTelevisionProgram,rdfs:subClassOf,owl:Thing
rc:LycianWriting,rdfs:subClassOf,rc:WritingSystem
rc:LycianWriting,rdfs:subClassOf,owl:Thing
rc:LegalTerm,rdfs:subClassOf,rc:Terminology
rc:LegalTerm,rdfs:subClassOf,owl:Thing
rc:FlyingLicense,rdfs:subClassOf,rc:TransportationLicense
rc:FlyingLicense,rdfs:subClassOf,owl:Thing
rc:ModelTruck,rdfs:subClassOf,rc:Model_Artifact
rc:ModelTruck,rdfs:subClassOf,owl:Thing
rc:HandGesture,rdfs:subClassOf,rc:Gesture
rc:HandGesture,rdfs:subClassOf,owl:Thing
rc:KiowaLanguage,rdfs:subClassOf,rc:OtherAmericanLanguages
rc:KiowaLanguage,rdfs:subClassOf,owl:Thing
rc:Musical,rdfs:subClassOf,rc:AudioConceptualWork
rc:Musical,rdfs:subClassOf,owl:Thing
rc:LawyerTVShow,rdfs:subClassOf,rc:FictionalTVShow
rc:LawyerTVShow,rdfs:subClassOf,owl:Thing
rc:AppleIncHardware,rdfs:subClassOf,rc:AppleComputer
rc:AppleIncHardware,rdfs:subClassOf,owl:Thing
rc:Affirmative_NLResponse,rdfs:subClassOf,rc:ReplyingToAQuestion
rc:Affirmative_NLResponse,rdfs:subClassOf,owl:Thing
rc:TerminologyOfTheBritishIsles,rdfs:subClassOf,rc:LanguageTerm
rc:TerminologyOfTheBritishIsles,rdfs:subClassOf,owl:Thing
rc:MusicVideoCopy,rdfs:subClassOf,rc:VideoRecordedObject
rc:MusicVideoCopy,rdfs:subClassOf,owl:Thing
rc:CDRipper,rdfs:subClassOf,rc:AudioProgram
rc:CDRipper,rdfs:subClassOf,owl:Thing
rc:SonyPlaystationGame,rdfs:subClassOf,rc:ComputerGameProgram_Graphical
rc:SonyPlaystationGame,rdfs:subClassOf,owl:Thing
rc:MacOS,rdfs:subClassOf,rc:OperatingSystem
rc:MacOS,rdfs:subClassOf,owl:Thing
rc:Galvanometer,rdfs:subClassOf,rc:Gauge
rc:Galvanometer,rdfs:subClassOf,owl:Thing
rc:WrittenRecord,rdfs:subClassOf,rc:TextualMaterial
rc:WrittenRecord,rdfs:subClassOf,owl:Thing
rc:MelodicSection,rdfs:subClassOf,rc:Tune
rc:MelodicSection,rdfs:subClassOf,owl:Thing
rc:UnderscoredFormat,rdfs:subClassOf,rc:TypographicalStructure
rc:UnderscoredFormat,rdfs:subClassOf,owl:Thing
rc:Godspell_Musical,rdfs:subClassOf,rc:Musical
rc:Godspell_Musical,rdfs:subClassOf,owl:Thing
rc:DrugPrescription,rdfs:subClassOf,rc:MedicalPrescription
rc:DrugPrescription,rdfs:subClassOf,owl:Thing
rc:SiangicLanguage,rdfs:subClassOf,rc:SinoTibetanLanguages
rc:SiangicLanguage,rdfs:subClassOf,owl:Thing
rc:Thraco_PhrygianLanguages,rdfs:subClassOf,rc:IndoEuropeanLanguages
rc:Thraco_PhrygianLanguages,rdfs:subClassOf,owl:Thing
rc:Lithograph,rdfs:subClassOf,rc:HardcopyInformationBearingObject
rc:Lithograph,rdfs:subClassOf,rc:TwoDimensionalArtObject
rc:Lithograph,rdfs:subClassOf,owl:Thing
rc:HawaiianWordOrPhrase,rdfs:subClassOf,rc:WordOrPhraseByLanguage
rc:HawaiianWordOrPhrase,rdfs:subClassOf,owl:Thing
rc:DiskArray_Computer,rdfs:subClassOf,rc:ComputerDisk
rc:DiskArray_Computer,rdfs:subClassOf,owl:Thing
rc:BluesLyric,rdfs:subClassOf,rc:Lyric_WordsToSong
rc:BluesLyric,rdfs:subClassOf,owl:Thing
rc:ComputerVulnerabilityDatabase,rdfs:subClassOf,rc:ComputerDatabase
rc:ComputerVulnerabilityDatabase,rdfs:subClassOf,owl:Thing
rc:DataManagementSoftware,rdfs:subClassOf,rc:UtilityProgram
rc:DataManagementSoftware,rdfs:subClassOf,owl:Thing
rc:HTTPCookie,rdfs:subClassOf,rc:ComputerFileCopy
rc:HTTPCookie,rdfs:subClassOf,owl:Thing
rc:BacteriaPhyla,rdfs:subClassOf,rc:BacterialTaxonomy
rc:BacteriaPhyla,rdfs:subClassOf,owl:Thing
rc:BritishMusic,rdfs:subClassOf,rc:MusicByRegion
rc:BritishMusic,rdfs:subClassOf,owl:Thing
rc:TrivialFileTransferProtocol,rdfs:subClassOf,rc:NetworkProtocol
rc:TrivialFileTransferProtocol,rdfs:subClassOf,owl:Thing
rc:NanakshahiCalendar,rdfs:subClassOf,rc:CalendarSystem
rc:NanakshahiCalendar,rdfs:subClassOf,owl:Thing
rc:ReciprocalPronoun,rdfs:subClassOf,rc:Pronoun
rc:ReciprocalPronoun,rdfs:subClassOf,owl:Thing
rc:Gold_Medal,rdfs:subClassOf,rc:Medal_Physical
rc:Gold_Medal,rdfs:subClassOf,owl:Thing
rc:CharacterGeneratorProgram,rdfs:subClassOf,rc:ServerProgram
rc:CharacterGeneratorProgram,rdfs:subClassOf,owl:Thing
rc:WrittenWord,rdfs:subClassOf,rc:WrittenCharacterSequence
rc:WrittenWord,rdfs:subClassOf,owl:Thing
rc:HittiteLanguage,rdfs:subClassOf,rc:AncientLanguages
rc:HittiteLanguage,rdfs:subClassOf,owl:Thing
rc:GenealogySoftware,rdfs:subClassOf,rc:UserProgram
rc:GenealogySoftware,rdfs:subClassOf,owl:Thing
rc:NewSchoolHipHop,rdfs:subClassOf,rc:HipHopMusic
rc:NewSchoolHipHop,rdfs:subClassOf,owl:Thing
rc:BacterialTaxonomy,rdfs:subClassOf,rc:TaxonomyBiology
rc:BacterialTaxonomy,rdfs:subClassOf,owl:Thing
rc:MagazineArticle,rdfs:subClassOf,rc:Article_PCW
rc:MagazineArticle,rdfs:subClassOf,rc:PublishedConceptualWork
rc:MagazineArticle,rdfs:subClassOf,owl:Thing
rc:ReplyingToAYesOrNoQuestion,rdfs:subClassOf,rc:ReplyingToAQuestion
rc:ReplyingToAYesOrNoQuestion,rdfs:subClassOf,owl:Thing
rc:CommonLawLegalTerm,rdfs:subClassOf,rc:LegalTerm
rc:CommonLawLegalTerm,rdfs:subClassOf,owl:Thing
rc:RadioDocumentary,rdfs:subClassOf,rc:RecordedSoundProduct
rc:RadioDocumentary,rdfs:subClassOf,owl:Thing
rc:WHWord,rdfs:subClassOf,rc:ClosedClassWord
rc:WHWord,rdfs:subClassOf,owl:Thing
rc:LatinPhrase,rdfs:subClassOf,rc:WordOrPhrase
rc:LatinPhrase,rdfs:subClassOf,owl:Thing
rc:DepartmentOfCommerceGoldMedal,rdfs:subClassOf,rc:Gold_Medal
rc:DepartmentOfCommerceGoldMedal,rdfs:subClassOf,owl:Thing
rc:CWStructure,rdfs:subClassOf,rc:AbstractStructure
rc:CWStructure,rdfs:subClassOf,owl:Thing
rc:MathematicalStatement,rdfs:subClassOf,rc:Statement
rc:MathematicalStatement,rdfs:subClassOf,owl:Thing
rc:GeopoliticalSymbol,rdfs:subClassOf,rc:Symbol
rc:GeopoliticalSymbol,rdfs:subClassOf,owl:Thing
rc:TaxonomyOfNarcissus,rdfs:subClassOf,rc:PlantTaxonomy
rc:TaxonomyOfNarcissus,rdfs:subClassOf,owl:Thing
rc:EnterpriseResourcePlanningProgram,rdfs:subClassOf,rc:ERPSoftware
rc:EnterpriseResourcePlanningProgram,rdfs:subClassOf,owl:Thing
rc:OtherNigerCongoLanguages,rdfs:subClassOf,rc:NigerCongoLanguages
rc:OtherNigerCongoLanguages,rdfs:subClassOf,owl:Thing
rc:UniqueID,rdfs:subClassOf,rc:IDObject
rc:UniqueID,rdfs:subClassOf,kko:StructuredInfo
rc:UniqueID,rdfs:subClassOf,owl:Thing
rc:WetTShirtPicture,rdfs:subClassOf,rc:PornographicPicture
rc:WetTShirtPicture,rdfs:subClassOf,owl:Thing
rc:LicensePlate,rdfs:subClassOf,rc:IDDocument
rc:LicensePlate,rdfs:subClassOf,rc:License_IBO
rc:LicensePlate,rdfs:subClassOf,owl:Thing
rc:Testifying,rdfs:subClassOf,rc:Informing
rc:Testifying,rdfs:subClassOf,owl:Thing
rc:Interrogative_Word,rdfs:subClassOf,rc:WHWord
rc:Interrogative_Word,rdfs:subClassOf,owl:Thing
rc:BugzillaBugReport,rdfs:subClassOf,rc:ComputerFile
rc:BugzillaBugReport,rdfs:subClassOf,owl:Thing
rc:GeneonUSA,rdfs:subClassOf,rc:Anime
rc:GeneonUSA,rdfs:subClassOf,owl:Thing
rc:UnsecuredLoan,rdfs:subClassOf,rc:LoanAgreement
rc:UnsecuredLoan,rdfs:subClassOf,owl:Thing
rc:TabletComputer,rdfs:subClassOf,rc:PersonalComputer
rc:TabletComputer,rdfs:subClassOf,owl:Thing
rc:NC_17Rating,rdfs:subClassOf,rc:Movie
rc:NC_17Rating,rdfs:subClassOf,owl:Thing
rc:MathematicalOrdering,rdfs:subClassOf,rc:RelationalStructure
rc:MathematicalOrdering,rdfs:subClassOf,owl:Thing
rc:Hearsay,rdfs:subClassOf,rc:Testifying
rc:Hearsay,rdfs:subClassOf,owl:Thing
rc:PledgeAccountMortgage,rdfs:subClassOf,rc:MortgageAgreement
rc:PledgeAccountMortgage,rdfs:subClassOf,owl:Thing
rc:EndangeredRomanceLanguage,rdfs:subClassOf,rc:EndangeredLanguages
rc:EndangeredRomanceLanguage,rdfs:subClassOf,owl:Thing
rc:MannanLanguage,rdfs:subClassOf,rc:DravidianLanguages
rc:MannanLanguage,rdfs:subClassOf,owl:Thing
rc:QuantumComputer,rdfs:subClassOf,rc:ClassOfComputer
rc:QuantumComputer,rdfs:subClassOf,owl:Thing
rc:PatronymicSurname,rdfs:subClassOf,rc:HumanSurname
rc:PatronymicSurname,rdfs:subClassOf,owl:Thing
rc:FolkMusicGenre,rdfs:subClassOf,rc:FolkMusic
rc:FolkMusicGenre,rdfs:subClassOf,owl:Thing
rc:TermiteReport,rdfs:subClassOf,rc:OfficialDocument
rc:TermiteReport,rdfs:subClassOf,owl:Thing
rc:ContactInfoString,rdfs:subClassOf,rc:IDString
rc:ContactInfoString,rdfs:subClassOf,owl:Thing
rc:ClosedCategory,rdfs:subClassOf,rc:CategoryTheory
rc:ClosedCategory,rdfs:subClassOf,owl:Thing
rc:HungarianWordOrPhrase,rdfs:subClassOf,rc:WordOrPhraseByLanguage
rc:HungarianWordOrPhrase,rdfs:subClassOf,owl:Thing
rc:MusicVideoGame,rdfs:subClassOf,rc:ComputerGameProgram_Graphical
rc:MusicVideoGame,rdfs:subClassOf,owl:Thing
rc:QuasiOrdering,rdfs:subClassOf,rc:MathematicalOrdering
rc:QuasiOrdering,rdfs:subClassOf,owl:Thing
rc:Fanspeak,rdfs:subClassOf,rc:Slang
rc:Fanspeak,rdfs:subClassOf,owl:Thing
rc:SingleLine_PatternType,rdfs:subClassOf,rc:VisualPattern
rc:SingleLine_PatternType,rdfs:subClassOf,owl:Thing
rc:SpeechProcessing,rdfs:subClassOf,rc:DigitalSignalProcessing
rc:SpeechProcessing,rdfs:subClassOf,owl:Thing
rc:Interrupt,rdfs:subClassOf,rc:InformationProcess
rc:Interrupt,rdfs:subClassOf,owl:Thing
rc:HomeImprovementLoan,rdfs:subClassOf,rc:RealEstateLoan
rc:HomeImprovementLoan,rdfs:subClassOf,owl:Thing
rc:Card,rdfs:subClassOf,rc:HardcopyInformationBearingObject
rc:Card,rdfs:subClassOf,owl:Thing
rc:TaiwaneseChineseLanguage,rdfs:subClassOf,rc:FormosanLanguages
rc:TaiwaneseChineseLanguage,rdfs:subClassOf,owl:Thing
rc:CornishFolkMusic,rdfs:subClassOf,rc:FolkMusicGenre
rc:CornishFolkMusic,rdfs:subClassOf,owl:Thing
rc:MacOSDevelopment,rdfs:subClassOf,rc:MacOS
rc:MacOSDevelopment,rdfs:subClassOf,owl:Thing
rc:PhoneNumber,rdfs:subClassOf,rc:ContactInfoString
rc:PhoneNumber,rdfs:subClassOf,owl:Thing
rc:BeteLanguage,rdfs:subClassOf,rc:OtherNigerCongoLanguages
rc:BeteLanguage,rdfs:subClassOf,owl:Thing
rc:CheckingAccountNumber,rdfs:subClassOf,rc:UniqueID
rc:CheckingAccountNumber,rdfs:subClassOf,owl:Thing
rc:BluesMusic,rdfs:subClassOf,rc:MusicTypeByGenre
rc:BluesMusic,rdfs:subClassOf,owl:Thing
rc:CuneiformDeterminative,rdfs:subClassOf,rc:BabylonianLanguage
rc:CuneiformDeterminative,rdfs:subClassOf,rc:Cuneiform
rc:CuneiformDeterminative,rdfs:subClassOf,rc:HittiteLanguage
rc:CuneiformDeterminative,rdfs:subClassOf,owl:Thing
rc:ChineseCharacter,rdfs:subClassOf,rc:WritingSymbolCharacter
rc:ChineseCharacter,rdfs:subClassOf,owl:Thing
rc:NonPublishedText,rdfs:subClassOf,rc:HardcopyInformationBearingObject
rc:NonPublishedText,rdfs:subClassOf,rc:TextualMaterial
rc:NonPublishedText,rdfs:subClassOf,owl:Thing
rc:DynamicsProcessing,rdfs:subClassOf,rc:SignalProcessing
rc:DynamicsProcessing,rdfs:subClassOf,owl:Thing
rc:ComputerWallpaperFile,rdfs:subClassOf,rc:ComputerDesktopTheme
rc:ComputerWallpaperFile,rdfs:subClassOf,rc:ComputerImageFile
rc:ComputerWallpaperFile,rdfs:subClassOf,owl:Thing
rc:GreetingCard,rdfs:subClassOf,rc:Card
rc:GreetingCard,rdfs:subClassOf,rc:Paper_IBO
rc:GreetingCard,rdfs:subClassOf,owl:Thing
rc:IPad,rdfs:subClassOf,rc:AppleIncHardware
rc:IPad,rdfs:subClassOf,rc:TabletComputer
rc:IPad,rdfs:subClassOf,owl:Thing
rc:Affirming_Replying,rdfs:subClassOf,rc:ReplyingToAYesOrNoQuestion
rc:Affirming_Replying,rdfs:subClassOf,owl:Thing
rc:CompactDisc_Generic,rdfs:subClassOf,rc:DiscStorageMedium
rc:CompactDisc_Generic,rdfs:subClassOf,owl:Thing
rc:Holography,rdfs:subClassOf,rc:VisualImageRecording
rc:Holography,rdfs:subClassOf,owl:Thing
rc:GurageLanguage,rdfs:subClassOf,rc:SemiticLanguages
rc:GurageLanguage,rdfs:subClassOf,owl:Thing
rc:PartialOrdering,rdfs:subClassOf,rc:QuasiOrdering
rc:PartialOrdering,rdfs:subClassOf,owl:Thing
rc:BlackletterTypeface,rdfs:subClassOf,rc:Typeface
rc:BlackletterTypeface,rdfs:subClassOf,owl:Thing
rc:KipchakLanguage,rdfs:subClassOf,rc:TurkicLanguages
rc:KipchakLanguage,rdfs:subClassOf,owl:Thing
rc:Equation_MathematicalStatement,rdfs:subClassOf,rc:MathematicalStatement
rc:Equation_MathematicalStatement,rdfs:subClassOf,owl:Thing
rc:MagazineCopy,rdfs:subClassOf,rc:Paper_IBO
rc:MagazineCopy,rdfs:subClassOf,rc:PeriodicalCopy
rc:MagazineCopy,rdfs:subClassOf,owl:Thing
rc:Masquerade_FirewallTarget,rdfs:subClassOf,rc:FirewallProgram
rc:Masquerade_FirewallTarget,rdfs:subClassOf,owl:Thing
rc:CharacterLoan,rdfs:subClassOf,rc:UnsecuredLoan
rc:CharacterLoan,rdfs:subClassOf,owl:Thing
rc:MacOSGraphicsSoftware,rdfs:subClassOf,rc:GraphicsEditingProgram
rc:MacOSGraphicsSoftware,rdfs:subClassOf,owl:Thing
rc:MesopotamianArabic,rdfs:subClassOf,rc:ArabicLanguage
rc:MesopotamianArabic,rdfs:subClassOf,rc:ClassicalArabicWriting
rc:MesopotamianArabic,rdfs:subClassOf,owl:Thing
rc:GeopoliticalTerminology,rdfs:subClassOf,rc:PoliticalTerminology
rc:GeopoliticalTerminology,rdfs:subClassOf,owl:Thing
rc:OccasionCard,rdfs:subClassOf,rc:GreetingCard
rc:OccasionCard,rdfs:subClassOf,owl:Thing
rc:ImageOfAustria,rdfs:subClassOf,rc:VisualImage
rc:ImageOfAustria,rdfs:subClassOf,owl:Thing
rc:CarvedArtwork,rdfs:subClassOf,rc:Sculpture
rc:CarvedArtwork,rdfs:subClassOf,owl:Thing
rc:RockMusic,rdfs:subClassOf,rc:MusicTypeByGenre
rc:RockMusic,rdfs:subClassOf,owl:Thing
rc:Recitative,rdfs:subClassOf,rc:CompositionWithSoloistAndAccompaniment
rc:Recitative,rdfs:subClassOf,owl:Thing
rc:MusicalComposition_Blues,rdfs:subClassOf,rc:MusicalComposition
rc:MusicalComposition_Blues,rdfs:subClassOf,owl:Thing
rc:Lattice_LatticeTheoretic,rdfs:subClassOf,rc:PartialOrdering
rc:Lattice_LatticeTheoretic,rdfs:subClassOf,owl:Thing
rc:BankAccountStatement,rdfs:subClassOf,rc:FinancialDocument
rc:BankAccountStatement,rdfs:subClassOf,rc:WrittenReportOnSituation
rc:BankAccountStatement,rdfs:subClassOf,owl:Thing
rc:DifferentialEquation,rdfs:subClassOf,rc:Equation_MathematicalStatement
rc:DifferentialEquation,rdfs:subClassOf,owl:Thing
rc:Melodrama,rdfs:subClassOf,rc:TheatricalGenre
rc:Melodrama,rdfs:subClassOf,owl:Thing
rc:Synth_Pop,rdfs:subClassOf,rc:PopMusicGenre
rc:Synth_Pop,rdfs:subClassOf,owl:Thing
rc:Tai_NeuaLanguage,rdfs:subClassOf,rc:TaiKadaiLanguages
rc:Tai_NeuaLanguage,rdfs:subClassOf,owl:Thing
rc:CountryMusic,rdfs:subClassOf,rc:MusicTypeByGenre
rc:CountryMusic,rdfs:subClassOf,owl:Thing
rc:CuneiformSignsAmarnaLetters,rdfs:subClassOf,rc:Cuneiform
rc:CuneiformSignsAmarnaLetters,rdfs:subClassOf,owl:Thing
rc:10EuroNote,rdfs:subClassOf,rc:EuroBanknote
rc:10EuroNote,rdfs:subClassOf,owl:Thing
rc:ComputerWorkstation,rdfs:subClassOf,rc:SingleUserComputer
rc:ComputerWorkstation,rdfs:subClassOf,owl:Thing
rc:MusicVideoTVShow,rdfs:subClassOf,rc:MusicTVShow
rc:MusicVideoTVShow,rdfs:subClassOf,owl:Thing
rc:FHATitleILoanAgreement,rdfs:subClassOf,rc:FHALoan
rc:FHATitleILoanAgreement,rdfs:subClassOf,rc:HomeImprovementLoan
rc:FHATitleILoanAgreement,rdfs:subClassOf,owl:Thing
rc:ComputerIcon,rdfs:subClassOf,rc:ComputerFile
rc:ComputerIcon,rdfs:subClassOf,rc:IconicInformation
rc:ComputerIcon,rdfs:subClassOf,rc:SymbolicThing
rc:ComputerIcon,rdfs:subClassOf,owl:Thing
rc:InternetInformation,rdfs:subClassOf,rc:ComputingInformation
rc:InternetInformation,rdfs:subClassOf,rc:StructuredInformationSource
rc:InternetInformation,rdfs:subClassOf,owl:Thing
rc:CharacterString,rdfs:subClassOf,rc:TypographicalStructure
rc:CharacterString,rdfs:subClassOf,owl:Thing
rc:UgariticLanguage,rdfs:subClassOf,rc:AncientLanguages
rc:UgariticLanguage,rdfs:subClassOf,owl:Thing
rc:AnniversaryCard,rdfs:subClassOf,rc:OccasionCard
rc:AnniversaryCard,rdfs:subClassOf,owl:Thing
rc:MusicTypeOpenGenre,rdfs:subClassOf,rc:MusicTypeByGenre
rc:MusicTypeOpenGenre,rdfs:subClassOf,owl:Thing
rc:ResponsiveWebDesign,rdfs:subClassOf,rc:WebDesign
rc:ResponsiveWebDesign,rdfs:subClassOf,owl:Thing
rc:AppleIncService,rdfs:subClassOf,rc:AppleComputer
rc:AppleIncService,rdfs:subClassOf,rc:InternetService
rc:AppleIncService,rdfs:subClassOf,owl:Thing
rc:ModularLattice,rdfs:subClassOf,rc:Lattice_LatticeTheoretic
rc:ModularLattice,rdfs:subClassOf,owl:Thing
rc:DVD_Disk,rdfs:subClassOf,rc:ComputerDisk
rc:DVD_Disk,rdfs:subClassOf,owl:Thing
rc:ImageOfSouthAmerica,rdfs:subClassOf,rc:VisualImage
rc:ImageOfSouthAmerica,rdfs:subClassOf,owl:Thing
rc:V_TheLetter,rdfs:subClassOf,rc:LatinScript
rc:V_TheLetter,rdfs:subClassOf,owl:Thing
rc:StructuredKnowledgeSource,rdfs:subClassOf,rc:StructuredInformationSource
rc:StructuredKnowledgeSource,rdfs:subClassOf,owl:Thing
rc:IPadMini,rdfs:subClassOf,rc:IPad
rc:IPadMini,rdfs:subClassOf,owl:Thing
rc:MedievalBulgarianEpigraphy,rdfs:subClassOf,rc:BulgarianTopics
rc:MedievalBulgarianEpigraphy,rdfs:subClassOf,owl:Thing
rc:TonganLanguage,rdfs:subClassOf,rc:MalayoPolynesianLanguages
rc:TonganLanguage,rdfs:subClassOf,owl:Thing
rc:HeterogeneousComputing,rdfs:subClassOf,rc:ComputerTypeByArchitecture
rc:HeterogeneousComputing,rdfs:subClassOf,owl:Thing
rc:UsedCarLoan,rdfs:subClassOf,rc:CarLoan
rc:UsedCarLoan,rdfs:subClassOf,owl:Thing
rc:LineOfCredit,rdfs:subClassOf,rc:LoanAgreement
rc:LineOfCredit,rdfs:subClassOf,owl:Thing
rc:Secondary_RoadClassification,rdfs:subClassOf,rc:RoadClass
rc:Secondary_RoadClassification,rdfs:subClassOf,owl:Thing
rc:CollegeFootballRanking,rdfs:subClassOf,rc:Ranking
rc:CollegeFootballRanking,rdfs:subClassOf,owl:Thing
rc:PapuanLanguageGrouping,rdfs:subClassOf,rc:LivingLanguage
rc:PapuanLanguageGrouping,rdfs:subClassOf,owl:Thing
rc:HolographicDataStorage,rdfs:subClassOf,rc:Holography
rc:HolographicDataStorage,rdfs:subClassOf,owl:Thing
rc:EndangeredSinoTibetanLanguage,rdfs:subClassOf,rc:EndangeredLanguages
rc:EndangeredSinoTibetanLanguage,rdfs:subClassOf,owl:Thing
rc:DeathMetalMusic,rdfs:subClassOf,rc:HeavyMetalMusic
rc:DeathMetalMusic,rdfs:subClassOf,owl:Thing
rc:ComputerIconsOfApple,rdfs:subClassOf,rc:ComputerIcon
rc:ComputerIconsOfApple,rdfs:subClassOf,owl:Thing
rc:MusicalComposition_Country,rdfs:subClassOf,rc:MusicalComposition
rc:MusicalComposition_Country,rdfs:subClassOf,owl:Thing
rc:SMTPServerProgram,rdfs:subClassOf,rc:InternetMailAccessServerProgram
rc:SMTPServerProgram,rdfs:subClassOf,owl:Thing
rc:CarLoan,rdfs:subClassOf,rc:LoanAgreement
rc:CarLoan,rdfs:subClassOf,owl:Thing
rc:HumanGivenName,rdfs:subClassOf,rc:CharacterizationsByLanguage
rc:HumanGivenName,rdfs:subClassOf,rc:HumanName
rc:HumanGivenName,rdfs:subClassOf,owl:Thing
rc:DVDManufacturing,rdfs:subClassOf,rc:DVD_Disk
rc:DVDManufacturing,rdfs:subClassOf,owl:Thing
rc:DistributiveLattice,rdfs:subClassOf,rc:ModularLattice
rc:DistributiveLattice,rdfs:subClassOf,owl:Thing
rc:EarlyMusic,rdfs:subClassOf,rc:ClassicalMusic
rc:EarlyMusic,rdfs:subClassOf,owl:Thing
rc:LaoLanguage,rdfs:subClassOf,rc:Tai_NeuaLanguage
rc:LaoLanguage,rdfs:subClassOf,owl:Thing
rc:AlternativeRockMusic,rdfs:subClassOf,rc:RockMusic
rc:AlternativeRockMusic,rdfs:subClassOf,owl:Thing
rc:ClosedEndLineOfCredit,rdfs:subClassOf,rc:ClosedEndLoanAgreement
rc:ClosedEndLineOfCredit,rdfs:subClassOf,rc:LineOfCredit
rc:ClosedEndLineOfCredit,rdfs:subClassOf,owl:Thing
rc:ConstructionSoftware,rdfs:subClassOf,rc:EngineeringSoftware
rc:ConstructionSoftware,rdfs:subClassOf,owl:Thing
rc:WebPage,rdfs:subClassOf,rc:ComputerFile
rc:WebPage,rdfs:subClassOf,rc:InternetInformation
rc:WebPage,rdfs:subClassOf,rc:SoftwareObject
rc:WebPage,rdfs:subClassOf,rc:StructuredKnowledgeSource
rc:WebPage,rdfs:subClassOf,owl:Thing
rc:BluesMusicGenre,rdfs:subClassOf,rc:BluesMusic
rc:BluesMusicGenre,rdfs:subClassOf,rc:MusicalComposition_Blues
rc:BluesMusicGenre,rdfs:subClassOf,owl:Thing
rc:FantaseryeAndTelefantasya,rdfs:subClassOf,rc:TelevisionSeriesByGenre
rc:FantaseryeAndTelefantasya,rdfs:subClassOf,owl:Thing
rc:DiskDefragmenterProgram,rdfs:subClassOf,rc:UtilityProgram
rc:DiskDefragmenterProgram,rdfs:subClassOf,owl:Thing
rc:AmtoMusanLanguage,rdfs:subClassOf,rc:PapuanLanguageGrouping
rc:AmtoMusanLanguage,rdfs:subClassOf,owl:Thing
rc:EndangeredSiouanCatawbanLanguage,rdfs:subClassOf,rc:EndangeredLanguages
rc:EndangeredSiouanCatawbanLanguage,rdfs:subClassOf,owl:Thing
rc:DelawareLanguage,rdfs:subClassOf,rc:AlgonquianLanguages
rc:DelawareLanguage,rdfs:subClassOf,owl:Thing
rc:KirghizLanguage,rdfs:subClassOf,rc:TurkicLanguages
rc:KirghizLanguage,rdfs:subClassOf,owl:Thing
rc:SwingMusic,rdfs:subClassOf,rc:MusicTypeByGenre
rc:SwingMusic,rdfs:subClassOf,owl:Thing
rc:NewTechnologyFilesystem,rdfs:subClassOf,rc:Filesystem
rc:NewTechnologyFilesystem,rdfs:subClassOf,owl:Thing
rc:MidobiLanguage,rdfs:subClassOf,rc:OtherLanguages
rc:MidobiLanguage,rdfs:subClassOf,owl:Thing
rc:BootVirus,rdfs:subClassOf,rc:ComputerVirus
rc:BootVirus,rdfs:subClassOf,owl:Thing
rc:DragAndDrop,rdfs:subClassOf,rc:ComputerInterfaceConvention
rc:DragAndDrop,rdfs:subClassOf,owl:Thing
rc:TurkicWordOrPhrase,rdfs:subClassOf,rc:TurkicTopics
rc:TurkicWordOrPhrase,rdfs:subClassOf,rc:WordOrPhraseByLanguage
rc:TurkicWordOrPhrase,rdfs:subClassOf,owl:Thing
rc:AmericanCountryMusic,rdfs:subClassOf,rc:CountryMusic
rc:AmericanCountryMusic,rdfs:subClassOf,rc:MusicTypeOpenGenre
rc:AmericanCountryMusic,rdfs:subClassOf,rc:MusicalComposition_Country
rc:AmericanCountryMusic,rdfs:subClassOf,owl:Thing
rc:EducationalGameProgram,rdfs:subClassOf,rc:ComputerGameProgram
rc:EducationalGameProgram,rdfs:subClassOf,rc:EducationalComputerProgram
rc:EducationalGameProgram,rdfs:subClassOf,owl:Thing
rc:MacOSSoftware,rdfs:subClassOf,rc:MacOS
rc:MacOSSoftware,rdfs:subClassOf,owl:Thing
rc:MedicalDatabase,rdfs:subClassOf,rc:Database_AbstractContent
rc:MedicalDatabase,rdfs:subClassOf,owl:Thing
rc:VoiceTransmissionProgram,rdfs:subClassOf,rc:AudioProgram
rc:VoiceTransmissionProgram,rdfs:subClassOf,owl:Thing
rc:InuitLanguage,rdfs:subClassOf,rc:EskimoAleutLanguages
rc:InuitLanguage,rdfs:subClassOf,owl:Thing
rc:MesoscopicPhysics,rdfs:subClassOf,rc:QuantumMechanics
rc:MesoscopicPhysics,rdfs:subClassOf,owl:Thing
rc:Pictogram,rdfs:subClassOf,rc:Ideogram
rc:Pictogram,rdfs:subClassOf,owl:Thing
rc:WuLanguage,rdfs:subClassOf,rc:ChineseLanguages
rc:WuLanguage,rdfs:subClassOf,owl:Thing
rc:MusicalComposition_Rock,rdfs:subClassOf,rc:MusicalComposition
rc:MusicalComposition_Rock,rdfs:subClassOf,owl:Thing
rc:ComputerServer,rdfs:subClassOf,rc:ClassOfComputer
rc:ComputerServer,rdfs:subClassOf,owl:Thing
rc:HinduMusic,rdfs:subClassOf,rc:MusicalComposition_Religious
rc:HinduMusic,rdfs:subClassOf,owl:Thing
rc:ComputerAidedManufacturingSoftware,rdfs:subClassOf,rc:EngineeringSoftware
rc:ComputerAidedManufacturingSoftware,rdfs:subClassOf,rc:IndustrialSoftware
rc:ComputerAidedManufacturingSoftware,rdfs:subClassOf,owl:Thing
rc:Audiobook,rdfs:subClassOf,rc:RecordedSoundProduct
rc:Audiobook,rdfs:subClassOf,owl:Thing
rc:CD_R,rdfs:subClassOf,rc:CompactDisc_Generic
rc:CD_R,rdfs:subClassOf,owl:Thing
rc:BritishNationalVegetationClassification,rdfs:subClassOf,rc:ClassificationSystem
rc:BritishNationalVegetationClassification,rdfs:subClassOf,owl:Thing
rc:RockAndRoll,rdfs:subClassOf,rc:MusicalComposition_RockAndRoll
rc:RockAndRoll,rdfs:subClassOf,rc:RockMusic
rc:RockAndRoll,rdfs:subClassOf,owl:Thing
rc:NetworkingProgram,rdfs:subClassOf,rc:NetworkProgram
rc:NetworkingProgram,rdfs:subClassOf,owl:Thing
rc:TranscriptCopy,rdfs:subClassOf,rc:HumanAccessibleIBO
rc:TranscriptCopy,rdfs:subClassOf,rc:TextualMaterial
rc:TranscriptCopy,rdfs:subClassOf,owl:Thing
rc:KBpedia,rdfs:subClassOf,rc:KnowledgeBase
rc:KBpedia,rdfs:subClassOf,owl:Thing
rc:ClassicCarLoan,rdfs:subClassOf,rc:UsedCarLoan
rc:ClassicCarLoan,rdfs:subClassOf,owl:Thing
rc:CountryMusicGenre,rdfs:subClassOf,rc:CountryMusic
rc:CountryMusicGenre,rdfs:subClassOf,rc:MusicalComposition_Country
rc:CountryMusicGenre,rdfs:subClassOf,owl:Thing
rc:PostalCode,rdfs:subClassOf,rc:ContactInfoString
rc:PostalCode,rdfs:subClassOf,rc:Geocode
rc:PostalCode,rdfs:subClassOf,owl:Thing
rc:ImageOrganizer,rdfs:subClassOf,rc:GraphicsEditingProgram
rc:ImageOrganizer,rdfs:subClassOf,owl:Thing
rc:PacificNorthwestArt,rdfs:subClassOf,rc:ArtStyle
rc:PacificNorthwestArt,rdfs:subClassOf,owl:Thing
rc:UgariticWriting,rdfs:subClassOf,rc:WritingSystem
rc:UgariticWriting,rdfs:subClassOf,owl:Thing
rc:LicensePlate_Information,rdfs:subClassOf,rc:License_LegalAgreement
rc:LicensePlate_Information,rdfs:subClassOf,owl:Thing
rc:NumismaticTerminology,rdfs:subClassOf,rc:TechnicalTerminology
rc:NumismaticTerminology,rdfs:subClassOf,owl:Thing
rc:BankAccountStatement_Historical,rdfs:subClassOf,rc:BankAccountStatement
rc:BankAccountStatement_Historical,rdfs:subClassOf,owl:Thing
rc:EasternIranianLanguage,rdfs:subClassOf,rc:IranianLanguages
rc:EasternIranianLanguage,rdfs:subClassOf,owl:Thing
rc:MusicalComposition_AlternativeRock,rdfs:subClassOf,rc:MusicalComposition_Rock
rc:MusicalComposition_AlternativeRock,rdfs:subClassOf,owl:Thing
rc:DataMiningAndMachineLearningSoftware,rdfs:subClassOf,rc:ArtificialIntelligenceProgram
rc:DataMiningAndMachineLearningSoftware,rdfs:subClassOf,owl:Thing
rc:MusicVisualizationSoftware,rdfs:subClassOf,rc:EntertainmentSoftware
rc:MusicVisualizationSoftware,rdfs:subClassOf,owl:Thing
rc:VogulLanguage,rdfs:subClassOf,rc:UralicLanguages
rc:VogulLanguage,rdfs:subClassOf,owl:Thing
rc:ComputerWorm,rdfs:subClassOf,rc:MaliciousComputerProgram
rc:ComputerWorm,rdfs:subClassOf,owl:Thing
rc:ServerProgram,rdfs:subClassOf,rc:NetworkingProgram
rc:ServerProgram,rdfs:subClassOf,owl:Thing
rc:SpaceArt,rdfs:subClassOf,rc:ArtStyle
rc:SpaceArt,rdfs:subClassOf,owl:Thing
rc:JamaicanCreoleLanguage,rdfs:subClassOf,rc:CreoleAndPidginLanguages
rc:JamaicanCreoleLanguage,rdfs:subClassOf,owl:Thing
rc:Cypherpunk,rdfs:subClassOf,rc:MusicalComposition_Cyberpunk
rc:Cypherpunk,rdfs:subClassOf,owl:Thing
rc:GurmukhScript,rdfs:subClassOf,rc:ScriptsByLanguage
rc:GurmukhScript,rdfs:subClassOf,owl:Thing
rc:BankAccountStatement_Monthly,rdfs:subClassOf,rc:BankAccountStatement
rc:BankAccountStatement_Monthly,rdfs:subClassOf,owl:Thing
rc:BondageStory,rdfs:subClassOf,rc:EroticStory
rc:BondageStory,rdfs:subClassOf,owl:Thing
rc:ReligiousIcon,rdfs:subClassOf,rc:Painting_ArtForm
rc:ReligiousIcon,rdfs:subClassOf,owl:Thing
rc:LaoWriting,rdfs:subClassOf,rc:WritingSystem
rc:LaoWriting,rdfs:subClassOf,owl:Thing
rc:Magazine,rdfs:subClassOf,rc:Periodical
rc:Magazine,rdfs:subClassOf,owl:Thing
rc:Waray_WarayLanguage,rdfs:subClassOf,rc:VisayanLanguage
rc:Waray_WarayLanguage,rdfs:subClassOf,owl:Thing
rc:MelodyTypes,rdfs:subClassOf,rc:Tune
rc:MelodyTypes,rdfs:subClassOf,owl:Thing
rc:100EuroNote,rdfs:subClassOf,rc:EuroBanknote
rc:100EuroNote,rdfs:subClassOf,owl:Thing
rc:AlternativeRockGenre,rdfs:subClassOf,rc:AlternativeRockMusic
rc:AlternativeRockGenre,rdfs:subClassOf,rc:MusicalComposition_AlternativeRock
rc:AlternativeRockGenre,rdfs:subClassOf,owl:Thing
rc:BronzeAgeArt,rdfs:subClassOf,rc:ArtByPeriod
rc:BronzeAgeArt,rdfs:subClassOf,owl:Thing
rc:VietnameseGrammar,rdfs:subClassOf,rc:LanguageGrammars
rc:VietnameseGrammar,rdfs:subClassOf,owl:Thing
rc:AppleIncSoftware,rdfs:subClassOf,rc:AppleComputer
rc:AppleIncSoftware,rdfs:subClassOf,owl:Thing
rc:SpanishProfanity,rdfs:subClassOf,rc:SpanishTopics
rc:SpanishProfanity,rdfs:subClassOf,owl:Thing
rc:LatinoFaliscanLanguage,rdfs:subClassOf,rc:ItalicLanguages
rc:LatinoFaliscanLanguage,rdfs:subClassOf,owl:Thing
rc:LanguageProcessing,rdfs:subClassOf,rc:InformationProcess
rc:LanguageProcessing,rdfs:subClassOf,owl:Thing
rc:IPad_3rdGeneration,rdfs:subClassOf,rc:IPad
rc:IPad_3rdGeneration,rdfs:subClassOf,owl:Thing
rc:AudibleSound,rdfs:subClassOf,rc:SoundsByType
rc:AudibleSound,rdfs:subClassOf,owl:Thing
rc:TaosLanguage,rdfs:subClassOf,rc:UtoAztecanLanguages
rc:TaosLanguage,rdfs:subClassOf,owl:Thing
rc:WebApplicationProgram,rdfs:subClassOf,rc:ApplicationProgram
rc:WebApplicationProgram,rdfs:subClassOf,rc:ServerProgram
rc:WebApplicationProgram,rdfs:subClassOf,owl:Thing
rc:OtherAmericanLanguages,rdfs:subClassOf,rc:IndigenousAmericanLanguages
rc:OtherAmericanLanguages,rdfs:subClassOf,owl:Thing
rc:CheckoutPage,rdfs:subClassOf,rc:WebPage
rc:CheckoutPage,rdfs:subClassOf,owl:Thing
rc:InternationalPostalCode,rdfs:subClassOf,rc:PostalCode
rc:InternationalPostalCode,rdfs:subClassOf,owl:Thing
rc:Euphemism,rdfs:subClassOf,rc:WordOrPhrase
rc:Euphemism,rdfs:subClassOf,owl:Thing
rc:SpokenLanguageCommunicationProgram,rdfs:subClassOf,rc:InteractiveComputerProgram
rc:SpokenLanguageCommunicationProgram,rdfs:subClassOf,rc:NaturalLanguageProgram
rc:SpokenLanguageCommunicationProgram,rdfs:subClassOf,rc:VoiceTransmissionProgram
rc:SpokenLanguageCommunicationProgram,rdfs:subClassOf,owl:Thing
rc:SMTPServer_Network,rdfs:subClassOf,rc:MailServer_Network
rc:SMTPServer_Network,rdfs:subClassOf,owl:Thing
rc:DataProcessing,rdfs:subClassOf,rc:InformationProcess
rc:DataProcessing,rdfs:subClassOf,owl:Thing
rc:EarlyNetherlandishPainting,rdfs:subClassOf,rc:ArtStyle
rc:EarlyNetherlandishPainting,rdfs:subClassOf,owl:Thing
rc:ComputerInformationStorageMedia,rdfs:subClassOf,rc:InformationStorageMedia
rc:ComputerInformationStorageMedia,rdfs:subClassOf,owl:Thing
rc:Affixation_WordFormationProcess,rdfs:subClassOf,rc:LanguageProcessing
rc:Affixation_WordFormationProcess,rdfs:subClassOf,owl:Thing
rc:SepikRamuLanguage,rdfs:subClassOf,rc:PapuanLanguageGrouping
rc:SepikRamuLanguage,rdfs:subClassOf,owl:Thing
rc:FunctionalLanguage,rdfs:subClassOf,rc:ProgrammingLanguage
rc:FunctionalLanguage,rdfs:subClassOf,owl:Thing
rc:NadeneLanguages,rdfs:subClassOf,rc:OtherAmericanLanguages
rc:NadeneLanguages,rdfs:subClassOf,owl:Thing
rc:Dumped,rdfs:subClassOf,rc:TVShow_IBT
rc:Dumped,rdfs:subClassOf,owl:Thing
rc:VietnameseLanguage,rdfs:subClassOf,rc:MonKhmerLanguages
rc:VietnameseLanguage,rdfs:subClassOf,owl:Thing
rc:FingerCommandProgram,rdfs:subClassOf,rc:DiagnosticComputerProgram
rc:FingerCommandProgram,rdfs:subClassOf,rc:NetworkProgram
rc:FingerCommandProgram,rdfs:subClassOf,owl:Thing
rc:ComputerAidedSoftwareEngineeringProgram,rdfs:subClassOf,rc:DevelopmentProgram
rc:ComputerAidedSoftwareEngineeringProgram,rdfs:subClassOf,owl:Thing
rc:RichTextFormatFile,rdfs:subClassOf,rc:ComputerDocumentFile
rc:RichTextFormatFile,rdfs:subClassOf,owl:Thing
rc:Chronology,rdfs:subClassOf,rc:StructuredInformationSource
rc:Chronology,rdfs:subClassOf,owl:Thing
rc:NandiLanguage,rdfs:subClassOf,rc:NiloSaharanLanguages
rc:NandiLanguage,rdfs:subClassOf,owl:Thing
rc:FantasticArt,rdfs:subClassOf,rc:VisualArtsGenre
rc:FantasticArt,rdfs:subClassOf,owl:Thing
rc:ZenBuddhistTerminology,rdfs:subClassOf,rc:ReligiousTerm
rc:ZenBuddhistTerminology,rdfs:subClassOf,owl:Thing
rc:ProgrammingLanguage_Lisp,rdfs:subClassOf,rc:AbstractProgrammingLanguage
rc:ProgrammingLanguage_Lisp,rdfs:subClassOf,rc:FunctionalLanguage
rc:ProgrammingLanguage_Lisp,rdfs:subClassOf,owl:Thing
rc:SpeechToTextProgram,rdfs:subClassOf,rc:SpokenLanguageCommunicationProgram
rc:SpeechToTextProgram,rdfs:subClassOf,owl:Thing
rc:MacOSUserInterface,rdfs:subClassOf,rc:MacOS
rc:MacOSUserInterface,rdfs:subClassOf,owl:Thing
rc:AthabaskanLanguages,rdfs:subClassOf,rc:NadeneLanguages
rc:AthabaskanLanguages,rdfs:subClassOf,owl:Thing
rc:TapDancePerformance,rdfs:subClassOf,rc:DancePerformance
rc:TapDancePerformance,rdfs:subClassOf,owl:Thing
rc:SNMPProgram,rdfs:subClassOf,rc:NetworkingProgram
rc:SNMPProgram,rdfs:subClassOf,owl:Thing
rc:EndangeredSlavicLanguage,rdfs:subClassOf,rc:EndangeredLanguages
rc:EndangeredSlavicLanguage,rdfs:subClassOf,owl:Thing
rc:RDF_ResourceDescriptionFramework,rdfs:subClassOf,rc:KnowledgeRepresentationLanguage
rc:RDF_ResourceDescriptionFramework,rdfs:subClassOf,owl:Thing
rc:TranscriptOfSpeech,rdfs:subClassOf,rc:WordsToPCW
rc:TranscriptOfSpeech,rdfs:subClassOf,owl:Thing
rc:VideoProgram,rdfs:subClassOf,rc:FileReadingProgram_Visual
rc:VideoProgram,rdfs:subClassOf,rc:MediaPlayerProgram
rc:VideoProgram,rdfs:subClassOf,owl:Thing
rc:CommonLisp,rdfs:subClassOf,rc:ProgrammingLanguage_Lisp
rc:CommonLisp,rdfs:subClassOf,owl:Thing
rc:PenutianLanguages,rdfs:subClassOf,rc:OtherAmericanLanguages
rc:PenutianLanguages,rdfs:subClassOf,owl:Thing
rc:TigreLanguage,rdfs:subClassOf,rc:SemiticLanguages
rc:TigreLanguage,rdfs:subClassOf,owl:Thing
rc:ClassicMovie,rdfs:subClassOf,rc:FilmGenre
rc:ClassicMovie,rdfs:subClassOf,owl:Thing
rc:KDE_GUI,rdfs:subClassOf,rc:UserInterfaceProgram
rc:KDE_GUI,rdfs:subClassOf,owl:Thing
rc:FlynnsTaxonomy,rdfs:subClassOf,rc:ComputerTypeByArchitecture
rc:FlynnsTaxonomy,rdfs:subClassOf,rc:ParallelArchitecture
rc:FlynnsTaxonomy,rdfs:subClassOf,owl:Thing
rc:JewishName,rdfs:subClassOf,rc:HumanName
rc:JewishName,rdfs:subClassOf,owl:Thing
rc:CountryMusicLyric,rdfs:subClassOf,rc:Lyric_WordsToSong
rc:CountryMusicLyric,rdfs:subClassOf,owl:Thing
rc:ComputerDisk,rdfs:subClassOf,rc:ComputerInformationStorageMedia
rc:ComputerDisk,rdfs:subClassOf,rc:DiscStorageMedium
rc:ComputerDisk,rdfs:subClassOf,owl:Thing
rc:ArtByPeriod,rdfs:subClassOf,rc:Art
rc:ArtByPeriod,rdfs:subClassOf,owl:Thing
rc:LadinoLanguage,rdfs:subClassOf,rc:RomanceLanguages
rc:LadinoLanguage,rdfs:subClassOf,owl:Thing
rc:RDFDataAccess,rdfs:subClassOf,rc:RDF_ResourceDescriptionFramework
rc:RDFDataAccess,rdfs:subClassOf,owl:Thing
rc:MaiduLanguage,rdfs:subClassOf,rc:PenutianLanguages
rc:MaiduLanguage,rdfs:subClassOf,owl:Thing
rc:MusicalChord,rdfs:subClassOf,rc:AudibleSound
rc:MusicalChord,rdfs:subClassOf,rc:Music
rc:MusicalChord,rdfs:subClassOf,owl:Thing
rc:AnimalSound,rdfs:subClassOf,rc:AudibleSound
rc:AnimalSound,rdfs:subClassOf,owl:Thing
rc:ReclaimedWord,rdfs:subClassOf,rc:Slang
rc:ReclaimedWord,rdfs:subClassOf,owl:Thing
rc:AccountingSoftwareForLinux,rdfs:subClassOf,rc:AccountingProgram
rc:AccountingSoftwareForLinux,rdfs:subClassOf,owl:Thing
rc:ReligiousIconography,rdfs:subClassOf,rc:Iconography
rc:ReligiousIconography,rdfs:subClassOf,rc:SymbolicObject
rc:ReligiousIconography,rdfs:subClassOf,owl:Thing
rc:CornishLanguage,rdfs:subClassOf,rc:RecentExtinctLanguages
rc:CornishLanguage,rdfs:subClassOf,owl:Thing
rc:WikiEngine,rdfs:subClassOf,rc:NetworkingProgram
rc:WikiEngine,rdfs:subClassOf,rc:WikiSoftware
rc:WikiEngine,rdfs:subClassOf,owl:Thing
rc:RivaTNT,rdfs:subClassOf,rc:GraphicsAcceleratorCard
rc:RivaTNT,rdfs:subClassOf,owl:Thing
rc:HolonomicBrainTheory,rdfs:subClassOf,rc:ScientificTheory
rc:HolonomicBrainTheory,rdfs:subClassOf,owl:Thing
rc:AncientArt,rdfs:subClassOf,rc:ArtByPeriod
rc:AncientArt,rdfs:subClassOf,owl:Thing
rc:Ornamentation,rdfs:subClassOf,rc:Tune
rc:Ornamentation,rdfs:subClassOf,owl:Thing
rc:Conjecture,rdfs:subClassOf,rc:Proposition
rc:Conjecture,rdfs:subClassOf,owl:Thing
rc:FlemishLanguage,rdfs:subClassOf,rc:GermanicLanguages
rc:FlemishLanguage,rdfs:subClassOf,owl:Thing
rc:ImageProcessing,rdfs:subClassOf,rc:DigitalSignalProcessing
rc:ImageProcessing,rdfs:subClassOf,owl:Thing
rc:CattleInArt,rdfs:subClassOf,rc:ArtSubject
rc:CattleInArt,rdfs:subClassOf,owl:Thing
rc:PennyCoin_US,rdfs:subClassOf,rc:Coin_US
rc:PennyCoin_US,rdfs:subClassOf,owl:Thing
rc:TranscriptOfSpeech_PCW,rdfs:subClassOf,rc:PublishedConceptualWork
rc:TranscriptOfSpeech_PCW,rdfs:subClassOf,owl:Thing
rc:CD_RDrive,rdfs:subClassOf,rc:ComputerDisk
rc:CD_RDrive,rdfs:subClassOf,owl:Thing
rc:WindowManagerProgram,rdfs:subClassOf,rc:CommandInterpreter
rc:WindowManagerProgram,rdfs:subClassOf,rc:GraphicalUserInterfaceProgram
rc:WindowManagerProgram,rdfs:subClassOf,owl:Thing
rc:BusTicket,rdfs:subClassOf,rc:Ticket
rc:BusTicket,rdfs:subClassOf,owl:Thing
rc:BankAccountStatement_Online,rdfs:subClassOf,rc:BankAccountStatement
rc:BankAccountStatement_Online,rdfs:subClassOf,owl:Thing
rc:ChineseTopics,rdfs:subClassOf,rc:LanguageSpecificTopics
rc:ChineseTopics,rdfs:subClassOf,owl:Thing
rc:MusicalCompositionTypeByGenre,rdfs:subClassOf,rc:MusicTypeByGenre
rc:MusicalCompositionTypeByGenre,rdfs:subClassOf,owl:Thing
rc:RockAndRollMusic,rdfs:subClassOf,rc:RockMusic
rc:RockAndRollMusic,rdfs:subClassOf,owl:Thing
rc:MaiduanLanguages,rdfs:subClassOf,rc:RecentExtinctLanguages
rc:MaiduanLanguages,rdfs:subClassOf,owl:Thing
rc:IPhone4S,rdfs:subClassOf,rc:IPhone_AppleCellphone
rc:IPhone4S,rdfs:subClassOf,owl:Thing
rc:ChronologyInYear,rdfs:subClassOf,rc:Chronology
rc:ChronologyInYear,rdfs:subClassOf,owl:Thing
rc:InuktitutLanguage,rdfs:subClassOf,rc:EskimoAleutLanguages
rc:InuktitutLanguage,rdfs:subClassOf,owl:Thing
rc:CommonLispImplementation,rdfs:subClassOf,rc:CommonLisp
rc:CommonLispImplementation,rdfs:subClassOf,owl:Thing
rc:VietnameseLanguageSurname,rdfs:subClassOf,rc:HumanSurname
rc:VietnameseLanguageSurname,rdfs:subClassOf,owl:Thing
rc:PersonalWiki,rdfs:subClassOf,rc:WikiEngine
rc:PersonalWiki,rdfs:subClassOf,owl:Thing
rc:MultimediaProgram,rdfs:subClassOf,rc:AudioProgram
rc:MultimediaProgram,rdfs:subClassOf,rc:InteractiveComputerProgram
rc:MultimediaProgram,rdfs:subClassOf,rc:VideoProgram
rc:MultimediaProgram,rdfs:subClassOf,owl:Thing
rc:RockAndRollHallOfFame,rdfs:subClassOf,rc:MusicalComposition_RockAndRoll
rc:RockAndRollHallOfFame,rdfs:subClassOf,rc:RockAndRollMusic
rc:RockAndRollHallOfFame,rdfs:subClassOf,owl:Thing
rc:DiplomaticCorrespondence,rdfs:subClassOf,rc:Correspondence
rc:DiplomaticCorrespondence,rdfs:subClassOf,owl:Thing
rc:ChineseLanguages,rdfs:subClassOf,rc:ChineseTopics
rc:ChineseLanguages,rdfs:subClassOf,rc:SinoTibetanLanguages
rc:ChineseLanguages,rdfs:subClassOf,owl:Thing
rc:Understatement,rdfs:subClassOf,rc:Informing
rc:Understatement,rdfs:subClassOf,owl:Thing
rc:ImageProcessingSoftware,rdfs:subClassOf,rc:GraphicsEditingProgram
rc:ImageProcessingSoftware,rdfs:subClassOf,owl:Thing
rc:EndangeredTsimshianicLanguage,rdfs:subClassOf,rc:EndangeredLanguages
rc:EndangeredTsimshianicLanguage,rdfs:subClassOf,owl:Thing
rc:SetswanaLanguage,rdfs:subClassOf,rc:BantuLanguages
rc:SetswanaLanguage,rdfs:subClassOf,owl:Thing
rc:Secret,rdfs:subClassOf,rc:InformationAccessType
rc:Secret,rdfs:subClassOf,owl:Thing
rc:YorubaLanguage,rdfs:subClassOf,rc:AtlanticCongoLanguages
rc:YorubaLanguage,rdfs:subClassOf,owl:Thing
rc:Picture_Image,rdfs:subClassOf,rc:StillImage
rc:Picture_Image,rdfs:subClassOf,owl:Thing
rc:SingleSiteLicense,rdfs:subClassOf,rc:License_IBTRights
rc:SingleSiteLicense,rdfs:subClassOf,owl:Thing
rc:TheJerusalemPost_Newspaper,rdfs:subClassOf,rc:NewspaperSeries
rc:TheJerusalemPost_Newspaper,rdfs:subClassOf,owl:Thing
rc:MacOSX,rdfs:subClassOf,rc:MacOS
rc:MacOSX,rdfs:subClassOf,owl:Thing
rc:CantoneseLanguage,rdfs:subClassOf,rc:ChineseLanguages
rc:CantoneseLanguage,rdfs:subClassOf,owl:Thing
rc:IPhone5,rdfs:subClassOf,rc:IPhone_AppleCellphone
rc:IPhone5,rdfs:subClassOf,owl:Thing
rc:Mannerism,rdfs:subClassOf,rc:ArtStyle
rc:Mannerism,rdfs:subClassOf,owl:Thing
rc:DVDPlayer_Software,rdfs:subClassOf,rc:MultimediaProgram
rc:DVDPlayer_Software,rdfs:subClassOf,owl:Thing
rc:Correspondence,rdfs:subClassOf,rc:Document
rc:Correspondence,rdfs:subClassOf,owl:Thing
rc:ClassicalArabicWriting,rdfs:subClassOf,rc:DeadScripts
rc:ClassicalArabicWriting,rdfs:subClassOf,owl:Thing
rc:ComputerAnimation,rdfs:subClassOf,rc:Animation_MovingImage
rc:ComputerAnimation,rdfs:subClassOf,owl:Thing
rc:MarriageLicense,rdfs:subClassOf,rc:License_LegalAgreement
rc:MarriageLicense,rdfs:subClassOf,owl:Thing
rc:Parastatistics,rdfs:subClassOf,rc:QuantumFieldTheory
rc:Parastatistics,rdfs:subClassOf,owl:Thing
rc:AbstractVisualStructure,rdfs:subClassOf,rc:AbstractStructure
rc:AbstractVisualStructure,rdfs:subClassOf,kko:VisualInfo
rc:AbstractVisualStructure,rdfs:subClassOf,owl:Thing
rc:MaloLanguage,rdfs:subClassOf,rc:MalayoPolynesianLanguages
rc:MaloLanguage,rdfs:subClassOf,owl:Thing
rc:PitchAndPutt,rdfs:subClassOf,rc:Golf
rc:PitchAndPutt,rdfs:subClassOf,owl:Thing
rc:AdultCheckWebSite,rdfs:subClassOf,rc:WebSite
rc:AdultCheckWebSite,rdfs:subClassOf,owl:Thing
rc:GoodByeCard,rdfs:subClassOf,rc:OccasionCard
rc:GoodByeCard,rdfs:subClassOf,owl:Thing
rc:GermanWordOrPhrase,rdfs:subClassOf,rc:GermanTopics
rc:GermanWordOrPhrase,rdfs:subClassOf,rc:WordOrPhraseByLanguage
rc:GermanWordOrPhrase,rdfs:subClassOf,owl:Thing
rc:ArabicCalligraphy,rdfs:subClassOf,rc:ClassicalArabicWriting
rc:ArabicCalligraphy,rdfs:subClassOf,owl:Thing
rc:Schema_LogicalOrPhysical,rdfs:subClassOf,rc:CWInfoStructure
rc:Schema_LogicalOrPhysical,rdfs:subClassOf,owl:Thing
rc:TigrinyaLanguage,rdfs:subClassOf,rc:SemiticLanguages
rc:TigrinyaLanguage,rdfs:subClassOf,owl:Thing
rc:EndangeredTurkicLanguage,rdfs:subClassOf,rc:EndangeredLanguages
rc:EndangeredTurkicLanguage,rdfs:subClassOf,owl:Thing
rc:MusicalComposition_1980sPop,rdfs:subClassOf,rc:MusicalComposition
rc:MusicalComposition_1980sPop,rdfs:subClassOf,owl:Thing
rc:MobileSoftware,rdfs:subClassOf,rc:UserProgram
rc:MobileSoftware,rdfs:subClassOf,owl:Thing
rc:SatelliteImage,rdfs:subClassOf,rc:VisualImage
rc:SatelliteImage,rdfs:subClassOf,owl:Thing
rc:LoanNote_Transferable,rdfs:subClassOf,rc:DebtSecurity
rc:LoanNote_Transferable,rdfs:subClassOf,owl:Thing
rc:TuaregLanguage,rdfs:subClassOf,rc:BerberLanguages
rc:TuaregLanguage,rdfs:subClassOf,owl:Thing
rc:SerboCroatianLanguage,rdfs:subClassOf,rc:SlavicLanguages
rc:SerboCroatianLanguage,rdfs:subClassOf,owl:Thing
rc:OstyakLanguage,rdfs:subClassOf,rc:OtherUralicLanguages
rc:OstyakLanguage,rdfs:subClassOf,owl:Thing
rc:GrabarLanguage,rdfs:subClassOf,rc:ClassicMedievalLanguages
rc:GrabarLanguage,rdfs:subClassOf,owl:Thing
rc:LevantineArabic,rdfs:subClassOf,rc:ArabicLanguage
rc:LevantineArabic,rdfs:subClassOf,rc:ClassicalArabicWriting
rc:LevantineArabic,rdfs:subClassOf,owl:Thing
rc:ComputingCommand,rdfs:subClassOf,rc:CommandLineInterface
rc:ComputingCommand,rdfs:subClassOf,owl:Thing
rc:LogicalSchema,rdfs:subClassOf,rc:Schema_LogicalOrPhysical
rc:LogicalSchema,rdfs:subClassOf,owl:Thing
rc:CornishLanguageSurname,rdfs:subClassOf,rc:DeadScripts
rc:CornishLanguageSurname,rdfs:subClassOf,rc:HumanSurname
rc:CornishLanguageSurname,rdfs:subClassOf,owl:Thing
rc:CD_ROM,rdfs:subClassOf,rc:CompactDisc_Generic
rc:CD_ROM,rdfs:subClassOf,owl:Thing
rc:BosnianLanguage,rdfs:subClassOf,rc:SerboCroatianLanguage
rc:BosnianLanguage,rdfs:subClassOf,owl:Thing
rc:WakashanLanguages,rdfs:subClassOf,rc:IndigenousAmericanLanguages
rc:WakashanLanguages,rdfs:subClassOf,owl:Thing
rc:Tour_Performance,rdfs:subClassOf,rc:DramaticPerformance
rc:Tour_Performance,rdfs:subClassOf,owl:Thing
rc:BodishLanguage,rdfs:subClassOf,rc:SinoTibetanLanguages
rc:BodishLanguage,rdfs:subClassOf,owl:Thing
rc:InternationalRanking,rdfs:subClassOf,rc:Ranking
rc:InternationalRanking,rdfs:subClassOf,owl:Thing
rc:DiskFormattingProgram,rdfs:subClassOf,rc:UtilityProgram
rc:DiskFormattingProgram,rdfs:subClassOf,owl:Thing
rc:CensorshipOfPornography,rdfs:subClassOf,rc:PornographicMaterial
rc:CensorshipOfPornography,rdfs:subClassOf,owl:Thing
rc:PitchModificationSoftware,rdfs:subClassOf,rc:AudioProgram
rc:PitchModificationSoftware,rdfs:subClassOf,rc:DigitalSignalProcessing
rc:PitchModificationSoftware,rdfs:subClassOf,owl:Thing
rc:SynthesizerProgram,rdfs:subClassOf,rc:AudioProgram
rc:SynthesizerProgram,rdfs:subClassOf,owl:Thing
rc:Icon,rdfs:subClassOf,rc:IconicInformation
rc:Icon,rdfs:subClassOf,owl:Thing
rc:LinuxAPI,rdfs:subClassOf,rc:LinuxOS
rc:LinuxAPI,rdfs:subClassOf,owl:Thing
rc:EntertainmentPerformanceTicket,rdfs:subClassOf,rc:Ticket
rc:EntertainmentPerformanceTicket,rdfs:subClassOf,owl:Thing
rc:LucidDream,rdfs:subClassOf,rc:Dream
rc:LucidDream,rdfs:subClassOf,owl:Thing
rc:GoidelicLanguage,rdfs:subClassOf,rc:RecentExtinctLanguages
rc:GoidelicLanguage,rdfs:subClassOf,owl:Thing
rc:AudiovisualEphemera,rdfs:subClassOf,rc:VideoRecordedObject
rc:AudiovisualEphemera,rdfs:subClassOf,owl:Thing
rc:MordvinianLanguage,rdfs:subClassOf,rc:UralicLanguages
rc:MordvinianLanguage,rdfs:subClassOf,owl:Thing
rc:MedicalDictionary,rdfs:subClassOf,rc:Dictionary
rc:MedicalDictionary,rdfs:subClassOf,owl:Thing
rc:Tcl_ProgrammingLanguage,rdfs:subClassOf,rc:AbstractProgrammingLanguage
rc:Tcl_ProgrammingLanguage,rdfs:subClassOf,owl:Thing
rc:ComputerProgramByLanguage,rdfs:subClassOf,rc:ComputerProgram
rc:ComputerProgramByLanguage,rdfs:subClassOf,owl:Thing
rc:Choreography_Notation,rdfs:subClassOf,rc:Notation
rc:Choreography_Notation,rdfs:subClassOf,owl:Thing
rc:MonoidalCategory,rdfs:subClassOf,rc:CategoryTheory
rc:MonoidalCategory,rdfs:subClassOf,owl:Thing
rc:ASN1SyntaxSpecification,rdfs:subClassOf,rc:FormalMetaGrammar
rc:ASN1SyntaxSpecification,rdfs:subClassOf,owl:Thing
rc:HaitianCreoleLanguage,rdfs:subClassOf,rc:CreoleAndPidginLanguages
rc:HaitianCreoleLanguage,rdfs:subClassOf,owl:Thing
rc:GusiiLanguage,rdfs:subClassOf,rc:BantuLanguages
rc:GusiiLanguage,rdfs:subClassOf,owl:Thing
rc:InuktitutWordOrPhrase,rdfs:subClassOf,rc:WordOrPhraseByLanguage
rc:InuktitutWordOrPhrase,rdfs:subClassOf,owl:Thing
rc:FileCopyingProgram,rdfs:subClassOf,rc:FileSystemManagementProgram
rc:FileCopyingProgram,rdfs:subClassOf,owl:Thing
rc:DiskPartitioningProgram,rdfs:subClassOf,rc:FileSystemManagementProgram
rc:DiskPartitioningProgram,rdfs:subClassOf,owl:Thing
rc:ProxyServerProgram,rdfs:subClassOf,rc:ServerProgram
rc:ProxyServerProgram,rdfs:subClassOf,owl:Thing
rc:OlympicMedal,rdfs:subClassOf,rc:Medal_Physical
rc:OlympicMedal,rdfs:subClassOf,owl:Thing
rc:QuantumLatticeModel,rdfs:subClassOf,rc:QuantumMechanics
rc:QuantumLatticeModel,rdfs:subClassOf,owl:Thing
rc:CommonLispSoftware,rdfs:subClassOf,rc:ComputerProgramByLanguage
rc:CommonLispSoftware,rdfs:subClassOf,owl:Thing
rc:MacOrMcSurnamePrefix,rdfs:subClassOf,rc:HumanSurname
rc:MacOrMcSurnamePrefix,rdfs:subClassOf,owl:Thing
rc:LydianLanguage,rdfs:subClassOf,rc:AncientLanguages
rc:LydianLanguage,rdfs:subClassOf,owl:Thing
rc:HistoryOfTheUSTelevisionSeries,rdfs:subClassOf,rc:TVSeriesProduct
rc:HistoryOfTheUSTelevisionSeries,rdfs:subClassOf,owl:Thing
rc:CopticLanguage,rdfs:subClassOf,rc:ClassicMedievalLanguages
rc:CopticLanguage,rdfs:subClassOf,owl:Thing
rc:AmarnaLetters,rdfs:subClassOf,rc:Cuneiform
rc:AmarnaLetters,rdfs:subClassOf,rc:DiplomaticCorrespondence
rc:AmarnaLetters,rdfs:subClassOf,owl:Thing
rc:DVDRipper,rdfs:subClassOf,rc:FileCopyingProgram
rc:DVDRipper,rdfs:subClassOf,owl:Thing
rc:K_TheLetter,rdfs:subClassOf,rc:LatinScript
rc:K_TheLetter,rdfs:subClassOf,owl:Thing
rc:CenturiesInArt,rdfs:subClassOf,rc:ArtByPeriod
rc:CenturiesInArt,rdfs:subClassOf,rc:ArtSubject
rc:CenturiesInArt,rdfs:subClassOf,owl:Thing
rc:GraphicalStructure,rdfs:subClassOf,rc:AbstractVisualStructure
rc:GraphicalStructure,rdfs:subClassOf,kko:StructuredInfo
rc:GraphicalStructure,rdfs:subClassOf,owl:Thing
rc:YorubaWordOrPhrase,rdfs:subClassOf,rc:WordOrPhraseByLanguage
rc:YorubaWordOrPhrase,rdfs:subClassOf,owl:Thing
rc:UkiyoE,rdfs:subClassOf,rc:VisualArtsGenre
rc:UkiyoE,rdfs:subClassOf,owl:Thing
rc:BellaBellaLanguage,rdfs:subClassOf,rc:WakashanLanguages
rc:BellaBellaLanguage,rdfs:subClassOf,owl:Thing
rc:AwadhiLanguage,rdfs:subClassOf,rc:IndicLanguages
rc:AwadhiLanguage,rdfs:subClassOf,owl:Thing
rc:EducationalMathSoftware,rdfs:subClassOf,rc:EducationalComputerProgram
rc:EducationalMathSoftware,rdfs:subClassOf,owl:Thing
rc:H_TheLetter,rdfs:subClassOf,rc:LatinScript
rc:H_TheLetter,rdfs:subClassOf,owl:Thing
rc:TextualPCWStructure,rdfs:subClassOf,rc:CWStructure
rc:TextualPCWStructure,rdfs:subClassOf,rc:GraphicalStructure
rc:TextualPCWStructure,rdfs:subClassOf,owl:Thing
rc:SPARCProcessorArchitecture,rdfs:subClassOf,rc:RISCArchitecture
rc:SPARCProcessorArchitecture,rdfs:subClassOf,owl:Thing
rc:MedievalGreekLanguage,rdfs:subClassOf,rc:ClassicMedievalLanguages
rc:MedievalGreekLanguage,rdfs:subClassOf,owl:Thing
rc:VulcanFictionalLanguage,rdfs:subClassOf,rc:FictionalLanguage
rc:VulcanFictionalLanguage,rdfs:subClassOf,owl:Thing
rc:Deathcore,rdfs:subClassOf,rc:DeathMetalMusic
rc:Deathcore,rdfs:subClassOf,rc:MusicTypeOpenGenre
rc:Deathcore,rdfs:subClassOf,owl:Thing
rc:IPhone5S,rdfs:subClassOf,rc:IPhone_AppleCellphone
rc:IPhone5S,rdfs:subClassOf,owl:Thing
rc:PrivateAirplaneLoan,rdfs:subClassOf,rc:LoanAgreement
rc:PrivateAirplaneLoan,rdfs:subClassOf,owl:Thing
rc:SecretInformation,rdfs:subClassOf,rc:InformationAccessType
rc:SecretInformation,rdfs:subClassOf,owl:Thing
rc:MacintoshPlatform,rdfs:subClassOf,rc:MacintoshComputer
rc:MacintoshPlatform,rdfs:subClassOf,owl:Thing
rc:EndangeredUralicLanguage,rdfs:subClassOf,rc:EndangeredLanguages
rc:EndangeredUralicLanguage,rdfs:subClassOf,owl:Thing
rc:PotentialForm,rdfs:subClassOf,rc:LinguisticMorphology
rc:PotentialForm,rdfs:subClassOf,owl:Thing
rc:JavaneseLanguage,rdfs:subClassOf,rc:MalayoPolynesianLanguages
rc:JavaneseLanguage,rdfs:subClassOf,owl:Thing
rc:Contract,rdfs:subClassOf,rc:BusinessRelatedDocumentOrAgreement
rc:Contract,rdfs:subClassOf,owl:Thing
rc:MordvinicLanguage,rdfs:subClassOf,rc:UralicLanguages
rc:MordvinicLanguage,rdfs:subClassOf,owl:Thing
rc:MacPro,rdfs:subClassOf,rc:MacintoshPlatform
rc:MacPro,rdfs:subClassOf,owl:Thing
rc:CD_ROMDrive,rdfs:subClassOf,rc:ComputerDisk
rc:CD_ROMDrive,rdfs:subClassOf,owl:Thing
rc:SpeedOfLight,rdfs:subClassOf,rc:LawOfNature
rc:SpeedOfLight,rdfs:subClassOf,owl:Thing
rc:PatwinLanguage,rdfs:subClassOf,rc:OtherAmericanLanguages
rc:PatwinLanguage,rdfs:subClassOf,owl:Thing
rc:AnimalTaxonomy,rdfs:subClassOf,rc:TaxonomyBiology
rc:AnimalTaxonomy,rdfs:subClassOf,owl:Thing
rc:MusicalComposition_1990sPop,rdfs:subClassOf,rc:MusicTypeOpenGenre
rc:MusicalComposition_1990sPop,rdfs:subClassOf,rc:MusicalComposition
rc:MusicalComposition_1990sPop,rdfs:subClassOf,owl:Thing
rc:Abstract,rdfs:subClassOf,rc:Document
rc:Abstract,rdfs:subClassOf,rc:TextualPCWStructure
rc:Abstract,rdfs:subClassOf,owl:Thing
rc:GoodFaithEstimate,rdfs:subClassOf,rc:OfficialDocument
rc:GoodFaithEstimate,rdfs:subClassOf,owl:Thing
rc:KikuyuLanguage,rdfs:subClassOf,rc:BantuLanguages
rc:KikuyuLanguage,rdfs:subClassOf,owl:Thing
rc:IconSoftware,rdfs:subClassOf,rc:GraphicsEditingProgram
rc:IconSoftware,rdfs:subClassOf,owl:Thing
rc:Conjunction,rdfs:subClassOf,rc:ClosedClassWord
rc:Conjunction,rdfs:subClassOf,owl:Thing
rc:BroadcastMediaProduct,rdfs:subClassOf,rc:AVMediaProduct
rc:BroadcastMediaProduct,rdfs:subClassOf,owl:Thing
rc:WyandotLanguage,rdfs:subClassOf,rc:IroquoianLanguages
rc:WyandotLanguage,rdfs:subClassOf,owl:Thing
rc:PalmOSDevice,rdfs:subClassOf,rc:Smartphone
rc:PalmOSDevice,rdfs:subClassOf,owl:Thing
rc:License_IBTRights,rdfs:subClassOf,rc:Contract
rc:License_IBTRights,rdfs:subClassOf,owl:Thing
rc:Disapproving_CommunicationAct,rdfs:subClassOf,rc:Informing
rc:Disapproving_CommunicationAct,rdfs:subClassOf,owl:Thing
rc:Sahaptin_ChinookLanguage,rdfs:subClassOf,rc:PenutianLanguages
rc:Sahaptin_ChinookLanguage,rdfs:subClassOf,owl:Thing
rc:Cliche,rdfs:subClassOf,rc:TextualExpression
rc:Cliche,rdfs:subClassOf,owl:Thing
rc:GermanicMusic,rdfs:subClassOf,rc:MusicByRegion
rc:GermanicMusic,rdfs:subClassOf,owl:Thing
rc:PitchMusic,rdfs:subClassOf,rc:Sound
rc:PitchMusic,rdfs:subClassOf,owl:Thing
rc:ParthianLanguage,rdfs:subClassOf,rc:ClassicMedievalLanguages
rc:ParthianLanguage,rdfs:subClassOf,owl:Thing
rc:BroadcastSeriesProduct,rdfs:subClassOf,rc:AVMediaSeriesProduct
rc:BroadcastSeriesProduct,rdfs:subClassOf,rc:BroadcastMediaProduct
rc:BroadcastSeriesProduct,rdfs:subClassOf,owl:Thing
rc:UpperSorbianLanguage,rdfs:subClassOf,rc:LusatianLanguage
rc:UpperSorbianLanguage,rdfs:subClassOf,owl:Thing
rc:CornishWordOrPhrase,rdfs:subClassOf,rc:DeadScripts
rc:CornishWordOrPhrase,rdfs:subClassOf,rc:WordOrPhraseByLanguage
rc:CornishWordOrPhrase,rdfs:subClassOf,owl:Thing
rc:VietnameseName,rdfs:subClassOf,rc:NameConventionsByLanguage
rc:VietnameseName,rdfs:subClassOf,owl:Thing
rc:PortugueseWordOrPhrase,rdfs:subClassOf,rc:WordOrPhraseByLanguage
rc:PortugueseWordOrPhrase,rdfs:subClassOf,owl:Thing
rc:PenobscotLanguage,rdfs:subClassOf,rc:AlgonquianLanguages
rc:PenobscotLanguage,rdfs:subClassOf,owl:Thing
rc:Objecting_CommunicationAct,rdfs:subClassOf,rc:Disapproving_CommunicationAct
rc:Objecting_CommunicationAct,rdfs:subClassOf,owl:Thing
rc:DiskSector,rdfs:subClassOf,rc:ComputerInformationStorageMedia
rc:DiskSector,rdfs:subClassOf,owl:Thing
rc:SalishanLanguages,rdfs:subClassOf,rc:IndigenousAmericanLanguages
rc:SalishanLanguages,rdfs:subClassOf,owl:Thing
rc:InstructionSetArchitecture,rdfs:subClassOf,rc:ComputerTypeByArchitecture
rc:InstructionSetArchitecture,rdfs:subClassOf,owl:Thing
rc:QuantumMeasurement,rdfs:subClassOf,rc:QuantumMechanics
rc:QuantumMeasurement,rdfs:subClassOf,owl:Thing
rc:SatelliteNavigationSystem,rdfs:subClassOf,rc:InformationSystem
rc:SatelliteNavigationSystem,rdfs:subClassOf,owl:Thing
rc:TranscriptionOfChinese,rdfs:subClassOf,rc:ChineseTopics
rc:TranscriptionOfChinese,rdfs:subClassOf,owl:Thing
rc:ArabicGivenName,rdfs:subClassOf,rc:ClassicalArabicWriting
rc:ArabicGivenName,rdfs:subClassOf,rc:HumanGivenName
rc:ArabicGivenName,rdfs:subClassOf,owl:Thing
rc:OlympicGoldMedal,rdfs:subClassOf,rc:OlympicMedal
rc:OlympicGoldMedal,rdfs:subClassOf,owl:Thing
rc:Riddim,rdfs:subClassOf,rc:MusicTypeOpenGenre
rc:Riddim,rdfs:subClassOf,rc:MusicalComposition_Reggae
rc:Riddim,rdfs:subClassOf,owl:Thing
rc:MullerianMimicry,rdfs:subClassOf,rc:Mimicry
rc:MullerianMimicry,rdfs:subClassOf,owl:Thing
rc:LinuxAudioPodcast,rdfs:subClassOf,rc:AudioPodcast
rc:LinuxAudioPodcast,rdfs:subClassOf,owl:Thing
rc:ImageViewer,rdfs:subClassOf,rc:GraphicsSoftware
rc:ImageViewer,rdfs:subClassOf,owl:Thing
rc:BronzeAgeWritingSystem,rdfs:subClassOf,rc:WritingSystem
rc:BronzeAgeWritingSystem,rdfs:subClassOf,owl:Thing
rc:Pictures_Film,rdfs:subClassOf,rc:Movie
rc:Pictures_Film,rdfs:subClassOf,owl:Thing
rc:Fricative_Consonant,rdfs:subClassOf,rc:Consonant
rc:Fricative_Consonant,rdfs:subClassOf,owl:Thing
rc:BellaCoolaLanguage,rdfs:subClassOf,rc:SalishanLanguages
rc:BellaCoolaLanguage,rdfs:subClassOf,owl:Thing
rc:MusicalComposition_ACappella,rdfs:subClassOf,rc:MusicTypeOpenGenre
rc:MusicalComposition_ACappella,rdfs:subClassOf,rc:MusicalComposition
rc:MusicalComposition_ACappella,rdfs:subClassOf,owl:Thing
rc:IrishDialect,rdfs:subClassOf,rc:LanguageDialect
rc:IrishDialect,rdfs:subClassOf,owl:Thing
rc:BroadcastMediaShow,rdfs:subClassOf,rc:BroadcastMediaProduct
rc:BroadcastMediaShow,rdfs:subClassOf,owl:Thing
rc:Iconicity,rdfs:subClassOf,rc:IconicInformation
rc:Iconicity,rdfs:subClassOf,owl:Thing
rc:AuditTrail,rdfs:subClassOf,rc:AccountingReport
rc:AuditTrail,rdfs:subClassOf,owl:Thing
rc:ElectronicBodyMusic,rdfs:subClassOf,rc:IndustrialMusic
rc:ElectronicBodyMusic,rdfs:subClassOf,rc:MusicTypeOpenGenre
rc:ElectronicBodyMusic,rdfs:subClassOf,owl:Thing
rc:Censuring_CommunicationAct,rdfs:subClassOf,rc:Objecting_CommunicationAct
rc:Censuring_CommunicationAct,rdfs:subClassOf,owl:Thing
rc:ComputerInterfaceConvention,rdfs:subClassOf,rc:CommunicationConvention
rc:ComputerInterfaceConvention,rdfs:subClassOf,owl:Thing
rc:MonolithicKernel,rdfs:subClassOf,rc:OperatingSystemKernel
rc:MonolithicKernel,rdfs:subClassOf,owl:Thing
rc:AwardCertificate,rdfs:subClassOf,rc:AwardObject
rc:AwardCertificate,rdfs:subClassOf,rc:Paper_IBO
rc:AwardCertificate,rdfs:subClassOf,rc:SheetOfPaper
rc:AwardCertificate,rdfs:subClassOf,owl:Thing
rc:TurkishDialect,rdfs:subClassOf,rc:LanguageDialect
rc:TurkishDialect,rdfs:subClassOf,owl:Thing
rc:EducationalMovie,rdfs:subClassOf,rc:FilmGenre
rc:EducationalMovie,rdfs:subClassOf,owl:Thing
rc:MintMadeError,rdfs:subClassOf,rc:CoinCollecting
rc:MintMadeError,rdfs:subClassOf,owl:Thing
rc:EndangeredUtoAztecanLanguage,rdfs:subClassOf,rc:EndangeredLanguages
rc:EndangeredUtoAztecanLanguage,rdfs:subClassOf,owl:Thing
rc:Genome_GIS,rdfs:subClassOf,rc:GeneticInformationStructure
rc:Genome_GIS,rdfs:subClassOf,owl:Thing
rc:MassMailerComputerProgram,rdfs:subClassOf,rc:EMailProgram
rc:MassMailerComputerProgram,rdfs:subClassOf,owl:Thing
rc:TextualMaterial,rdfs:subClassOf,rc:InformationBearingThing
rc:TextualMaterial,rdfs:subClassOf,rc:PublishedMaterial
rc:TextualMaterial,rdfs:subClassOf,kko:WrittenInfo
rc:TextualMaterial,rdfs:subClassOf,owl:Thing
rc:SPARQL,rdfs:subClassOf,rc:QueryLanguage
rc:SPARQL,rdfs:subClassOf,owl:Thing
rc:Centerfold_Generic,rdfs:subClassOf,rc:StillImageSource
rc:Centerfold_Generic,rdfs:subClassOf,owl:Thing
rc:LinuxDocumentationProject,rdfs:subClassOf,rc:LinuxOS
rc:LinuxDocumentationProject,rdfs:subClassOf,owl:Thing
rc:IPhoneAccessory,rdfs:subClassOf,rc:IPhone_AppleCellphone
rc:IPhoneAccessory,rdfs:subClassOf,owl:Thing
rc:TVMediaProduct,rdfs:subClassOf,rc:BroadcastMediaProduct
rc:TVMediaProduct,rdfs:subClassOf,owl:Thing
rc:ArabicGrammar,rdfs:subClassOf,rc:ClassicalArabicWriting
rc:ArabicGrammar,rdfs:subClassOf,owl:Thing
rc:CopticWriting,rdfs:subClassOf,rc:WritingSystem
rc:CopticWriting,rdfs:subClassOf,owl:Thing
rc:Form_StandardizedIBO,rdfs:subClassOf,rc:HumanAccessibleIBO
rc:Form_StandardizedIBO,rdfs:subClassOf,rc:StructuredInformationSource
rc:Form_StandardizedIBO,rdfs:subClassOf,rc:TextualMaterial
rc:Form_StandardizedIBO,rdfs:subClassOf,owl:Thing
rc:GothicMusic,rdfs:subClassOf,rc:RockMusic
rc:GothicMusic,rdfs:subClassOf,owl:Thing
rc:BBCCountryProfile,rdfs:subClassOf,rc:PublishedConceptualWork
rc:BBCCountryProfile,rdfs:subClassOf,rc:WebPage
rc:BBCCountryProfile,rdfs:subClassOf,owl:Thing
rc:Single_MovementComposition,rdfs:subClassOf,rc:MusicalComposition_Classical
rc:Single_MovementComposition,rdfs:subClassOf,owl:Thing
rc:Birdsong,rdfs:subClassOf,rc:AnimalSound
rc:Birdsong,rdfs:subClassOf,owl:Thing
rc:Software,rdfs:subClassOf,rc:InformationBearingObject
rc:Software,rdfs:subClassOf,owl:Thing
rc:FaeroeseLanguage,rdfs:subClassOf,rc:GermanicLanguages
rc:FaeroeseLanguage,rdfs:subClassOf,owl:Thing
rc:NicobareseLanguage,rdfs:subClassOf,rc:OtherAustronesianLanguages
rc:NicobareseLanguage,rdfs:subClassOf,owl:Thing
rc:Advertisement_Print,rdfs:subClassOf,rc:Advertisement_IBT
rc:Advertisement_Print,rdfs:subClassOf,rc:PublishedIBT
rc:Advertisement_Print,rdfs:subClassOf,owl:Thing
rc:KirundiLanguage,rdfs:subClassOf,rc:BantuLanguages
rc:KirundiLanguage,rdfs:subClassOf,owl:Thing
rc:SpaceGroup,rdfs:subClassOf,rc:PointGroup
rc:SpaceGroup,rdfs:subClassOf,owl:Thing
rc:Deathrock,rdfs:subClassOf,rc:GothicMusic
rc:Deathrock,rdfs:subClassOf,owl:Thing
rc:Photograph,rdfs:subClassOf,rc:Art
rc:Photograph,rdfs:subClassOf,rc:Graphic_VisualIBT
rc:Photograph,rdfs:subClassOf,owl:Thing
rc:JavaneseWriting,rdfs:subClassOf,rc:WritingSystem
rc:JavaneseWriting,rdfs:subClassOf,owl:Thing
rc:DesktopComputer,rdfs:subClassOf,rc:PersonalComputer
rc:DesktopComputer,rdfs:subClassOf,owl:Thing
rc:TVShow,rdfs:subClassOf,rc:BroadcastMediaShow
rc:TVShow,rdfs:subClassOf,rc:TVMediaProduct
rc:TVShow,rdfs:subClassOf,rc:VideoConceptualWork
rc:TVShow,rdfs:subClassOf,owl:Thing
rc:PalmOS_OperatingSystem,rdfs:subClassOf,rc:SmartPhoneOS
rc:PalmOS_OperatingSystem,rdfs:subClassOf,owl:Thing
rc:Acrostic_IBO,rdfs:subClassOf,rc:Form_StandardizedIBO
rc:Acrostic_IBO,rdfs:subClassOf,owl:Thing
rc:GermanicName,rdfs:subClassOf,rc:GermanTopics
rc:GermanicName,rdfs:subClassOf,rc:NameConventionsByLanguage
rc:GermanicName,rdfs:subClassOf,owl:Thing
rc:Saho_AfarLanguage,rdfs:subClassOf,rc:CushiticLanguages
rc:Saho_AfarLanguage,rdfs:subClassOf,owl:Thing
rc:ComputingTerminology,rdfs:subClassOf,rc:TechnicalTerminology
rc:ComputingTerminology,rdfs:subClassOf,owl:Thing
rc:PicuncheLanguage,rdfs:subClassOf,rc:TupianLanguages
rc:PicuncheLanguage,rdfs:subClassOf,owl:Thing
rc:NungLanguage,rdfs:subClassOf,rc:OtherLanguages
rc:NungLanguage,rdfs:subClassOf,owl:Thing
rc:Profanity,rdfs:subClassOf,rc:Obscenity
rc:Profanity,rdfs:subClassOf,rc:WordOrPhrase
rc:Profanity,rdfs:subClassOf,owl:Thing
rc:TelegramCopy,rdfs:subClassOf,rc:HumanAccessibleIBT
rc:TelegramCopy,rdfs:subClassOf,rc:TextualMaterial
rc:TelegramCopy,rdfs:subClassOf,owl:Thing
rc:RomanAlphabet,rdfs:subClassOf,rc:Alphabet
rc:RomanAlphabet,rdfs:subClassOf,rc:WritingSystem
rc:RomanAlphabet,rdfs:subClassOf,owl:Thing
rc:StageProp,rdfs:subClassOf,rc:VisualInformationBearingThing
rc:StageProp,rdfs:subClassOf,owl:Thing
rc:EducationalOperatingSystem,rdfs:subClassOf,rc:EducationalComputerProgram
rc:EducationalOperatingSystem,rdfs:subClassOf,owl:Thing
rc:Portunol,rdfs:subClassOf,rc:PortugueseLanguage
rc:Portunol,rdfs:subClassOf,rc:SpanishLanguage
rc:Portunol,rdfs:subClassOf,owl:Thing
rc:WomensWaterPolo,rdfs:subClassOf,rc:WaterPolo
rc:WomensWaterPolo,rdfs:subClassOf,owl:Thing
rc:AccountingEnterpriseResourcePlanningSoftware,rdfs:subClassOf,rc:Software
rc:AccountingEnterpriseResourcePlanningSoftware,rdfs:subClassOf,owl:Thing
rc:PalmOSSoftware,rdfs:subClassOf,rc:PalmOS_OperatingSystem
rc:PalmOSSoftware,rdfs:subClassOf,owl:Thing
rc:BodoLanguage,rdfs:subClassOf,rc:IndicLanguages
rc:BodoLanguage,rdfs:subClassOf,owl:Thing
rc:PressPass,rdfs:subClassOf,rc:IDObject
rc:PressPass,rdfs:subClassOf,owl:Thing
rc:PauliExclusionPrinciple,rdfs:subClassOf,rc:QuantumMechanics
rc:PauliExclusionPrinciple,rdfs:subClassOf,owl:Thing
rc:FirewallConfiguringProgram,rdfs:subClassOf,rc:ConfiguringProgram
rc:FirewallConfiguringProgram,rdfs:subClassOf,owl:Thing
rc:CelebrityCenterfold,rdfs:subClassOf,rc:Centerfold_Generic
rc:CelebrityCenterfold,rdfs:subClassOf,rc:Photograph
rc:CelebrityCenterfold,rdfs:subClassOf,owl:Thing
rc:Obituary,rdfs:subClassOf,rc:NewsArticle
rc:Obituary,rdfs:subClassOf,owl:Thing
rc:OpticalDiscAuthoringSoftware,rdfs:subClassOf,rc:EditingSoftware
rc:OpticalDiscAuthoringSoftware,rdfs:subClassOf,owl:Thing
rc:DiskUsageManagementProgram,rdfs:subClassOf,rc:InteractiveComputerProgram
rc:DiskUsageManagementProgram,rdfs:subClassOf,owl:Thing
rc:TVSeriesProduct,rdfs:subClassOf,rc:BroadcastSeriesProduct
rc:TVSeriesProduct,rdfs:subClassOf,rc:TVShow
rc:TVSeriesProduct,rdfs:subClassOf,owl:Thing
rc:LatinScript,rdfs:subClassOf,rc:RomanAlphabet
rc:LatinScript,rdfs:subClassOf,owl:Thing
rc:GiftCertificate,rdfs:subClassOf,rc:Paper_IBO
rc:GiftCertificate,rdfs:subClassOf,owl:Thing
rc:MusicalComposition_AlternativeCountry,rdfs:subClassOf,rc:MusicTypeOpenGenre
rc:MusicalComposition_AlternativeCountry,rdfs:subClassOf,rc:MusicalComposition_Country
rc:MusicalComposition_AlternativeCountry,rdfs:subClassOf,owl:Thing
rc:NewWaveMusic,rdfs:subClassOf,rc:RockMusic
rc:NewWaveMusic,rdfs:subClassOf,owl:Thing
rc:DeviceDriverProgram,rdfs:subClassOf,rc:ApplicationProgram
rc:DeviceDriverProgram,rdfs:subClassOf,rc:SystemSoftware
rc:DeviceDriverProgram,rdfs:subClassOf,owl:Thing
rc:ProkaryoticGene_HereditaryUnit,rdfs:subClassOf,rc:Gene_HereditaryUnit
rc:ProkaryoticGene_HereditaryUnit,rdfs:subClassOf,owl:Thing
rc:TurkishExonym,rdfs:subClassOf,rc:LanguageExonyms
rc:TurkishExonym,rdfs:subClassOf,owl:Thing
rc:CricketTerminology,rdfs:subClassOf,rc:SportsTerminology
rc:CricketTerminology,rdfs:subClassOf,owl:Thing
rc:AlphaProcessorArchitecture,rdfs:subClassOf,rc:RISCArchitecture
rc:AlphaProcessorArchitecture,rdfs:subClassOf,owl:Thing
rc:D_TheLetter,rdfs:subClassOf,rc:LatinScript
rc:D_TheLetter,rdfs:subClassOf,owl:Thing
rc:ComputerVulnerability,rdfs:subClassOf,rc:CyberVulnerabilityExploit
rc:ComputerVulnerability,rdfs:subClassOf,owl:Thing
rc:CollegeIceHockey,rdfs:subClassOf,rc:IceHockey
rc:CollegeIceHockey,rdfs:subClassOf,owl:Thing
rc:SpanishVariant,rdfs:subClassOf,rc:SpanishLanguage
rc:SpanishVariant,rdfs:subClassOf,owl:Thing
rc:InstructionalMovie,rdfs:subClassOf,rc:EducationalMovie
rc:InstructionalMovie,rdfs:subClassOf,owl:Thing
rc:TVDrama,rdfs:subClassOf,rc:NarrativeTVShow
rc:TVDrama,rdfs:subClassOf,owl:Thing
rc:CD_ROMDriver,rdfs:subClassOf,rc:DeviceDriverProgram
rc:CD_ROMDriver,rdfs:subClassOf,owl:Thing
rc:UkrainianDialect,rdfs:subClassOf,rc:LanguageDialect
rc:UkrainianDialect,rdfs:subClassOf,owl:Thing
rc:LithuanianGivenName,rdfs:subClassOf,rc:HumanGivenName
rc:LithuanianGivenName,rdfs:subClassOf,owl:Thing
rc:BacterialGene_HereditaryUnit,rdfs:subClassOf,rc:ProkaryoticGene_HereditaryUnit
rc:BacterialGene_HereditaryUnit,rdfs:subClassOf,owl:Thing
rc:YanaLanguage,rdfs:subClassOf,rc:RecentExtinctLanguages
rc:YanaLanguage,rdfs:subClassOf,owl:Thing
rc:VietnameseSoftware,rdfs:subClassOf,rc:ComputerProgramByLanguage
rc:VietnameseSoftware,rdfs:subClassOf,owl:Thing
rc:ComputerIBT,rdfs:subClassOf,rc:ComputingInformation
rc:ComputerIBT,rdfs:subClassOf,rc:InformationBearingThing
rc:ComputerIBT,rdfs:subClassOf,owl:Thing
rc:AbandonwareProgram,rdfs:subClassOf,rc:ComputerProgram
rc:AbandonwareProgram,rdfs:subClassOf,owl:Thing
rc:HardRockMusic,rdfs:subClassOf,rc:RockMusic
rc:HardRockMusic,rdfs:subClassOf,owl:Thing
rc:LinuxKernel,rdfs:subClassOf,rc:LinuxOS
rc:LinuxKernel,rdfs:subClassOf,owl:Thing
rc:CelebritySexTape,rdfs:subClassOf,rc:Movie
rc:CelebritySexTape,rdfs:subClassOf,owl:Thing
rc:SoapOpera,rdfs:subClassOf,rc:Serial_MediaProduct
rc:SoapOpera,rdfs:subClassOf,rc:TVDrama
rc:SoapOpera,rdfs:subClassOf,rc:TVSeriesProduct
rc:SoapOpera,rdfs:subClassOf,owl:Thing
rc:BalloonLoan,rdfs:subClassOf,rc:ClosedEndLoanAgreement
rc:BalloonLoan,rdfs:subClassOf,owl:Thing
rc:CaucasianLanguages,rdfs:subClassOf,rc:IndoEuropeanLanguages
rc:CaucasianLanguages,rdfs:subClassOf,owl:Thing
rc:Code_CommunicationConvention,rdfs:subClassOf,rc:CommunicationConvention
rc:Code_CommunicationConvention,rdfs:subClassOf,owl:Thing
rc:LatterDaySaintMusic,rdfs:subClassOf,rc:MusicalComposition_Christian
rc:LatterDaySaintMusic,rdfs:subClassOf,owl:Thing
rc:OpticalDisk,rdfs:subClassOf,rc:ComputerDisk
rc:OpticalDisk,rdfs:subClassOf,owl:Thing
rc:KohistaniLanguage,rdfs:subClassOf,rc:IranianLanguages
rc:KohistaniLanguage,rdfs:subClassOf,owl:Thing
rc:MeasureSetTheory,rdfs:subClassOf,rc:SetTheory
rc:MeasureSetTheory,rdfs:subClassOf,owl:Thing
rc:JudeoRomanceLanguage,rdfs:subClassOf,rc:RomanceLanguages
rc:JudeoRomanceLanguage,rdfs:subClassOf,owl:Thing
rc:AnnouncementCard,rdfs:subClassOf,rc:GreetingCard
rc:AnnouncementCard,rdfs:subClassOf,owl:Thing
rc:MusicalComposition_PopRock,rdfs:subClassOf,rc:MusicTypeOpenGenre
rc:MusicalComposition_PopRock,rdfs:subClassOf,rc:MusicalComposition_Rock
rc:MusicalComposition_PopRock,rdfs:subClassOf,owl:Thing
rc:RailwaySignal,rdfs:subClassOf,rc:InformationBearingObject
rc:RailwaySignal,rdfs:subClassOf,rc:Signal
rc:RailwaySignal,rdfs:subClassOf,rc:VisualInformationBearingThing
rc:RailwaySignal,rdfs:subClassOf,owl:Thing
rc:DataVisualizationSoftware,rdfs:subClassOf,rc:GraphicsEditingProgram
rc:DataVisualizationSoftware,rdfs:subClassOf,owl:Thing
rc:Drawing,rdfs:subClassOf,rc:Graphic_VisualIBT
rc:Drawing,rdfs:subClassOf,rc:TwoDimensionalArtObject
rc:Drawing,rdfs:subClassOf,owl:Thing
rc:ArabicInscription,rdfs:subClassOf,rc:ClassicalArabicWriting
rc:ArabicInscription,rdfs:subClassOf,rc:Inscription
rc:ArabicInscription,rdfs:subClassOf,owl:Thing
rc:MiamiLanguage,rdfs:subClassOf,rc:AlgonquianLanguages
rc:MiamiLanguage,rdfs:subClassOf,owl:Thing
rc:CountryRockMusic,rdfs:subClassOf,rc:CountryMusic
rc:CountryRockMusic,rdfs:subClassOf,rc:RockMusic
rc:CountryRockMusic,rdfs:subClassOf,owl:Thing
rc:RegionalNewspaper,rdfs:subClassOf,rc:Newspaper
rc:RegionalNewspaper,rdfs:subClassOf,rc:ReferenceWebSite
rc:RegionalNewspaper,rdfs:subClassOf,owl:Thing
rc:ScienceEducationSoftware,rdfs:subClassOf,rc:EducationalComputerProgram
rc:ScienceEducationSoftware,rdfs:subClassOf,owl:Thing
rc:ArchitecturalPlan,rdfs:subClassOf,rc:Drawing
rc:ArchitecturalPlan,rdfs:subClassOf,owl:Thing
rc:GreenlandicEskimoLanguage,rdfs:subClassOf,rc:OtherLanguages
rc:GreenlandicEskimoLanguage,rdfs:subClassOf,owl:Thing
rc:ArabicLanguage,rdfs:subClassOf,rc:SemiticLanguages
rc:ArabicLanguage,rdfs:subClassOf,owl:Thing
rc:UnitedStatesCode,rdfs:subClassOf,rc:LegalCode_ModernWestern
rc:UnitedStatesCode,rdfs:subClassOf,owl:Thing
rc:Sticker_Adhesive,rdfs:subClassOf,rc:Paper_IBO
rc:Sticker_Adhesive,rdfs:subClassOf,owl:Thing
rc:GlamMetal,rdfs:subClassOf,rc:HardRockMusic
rc:GlamMetal,rdfs:subClassOf,rc:MusicalComposition_PopRock
rc:GlamMetal,rdfs:subClassOf,owl:Thing
rc:OnlineArticle,rdfs:subClassOf,rc:Article_PCW
rc:OnlineArticle,rdfs:subClassOf,rc:CWPublishedOnline
rc:OnlineArticle,rdfs:subClassOf,owl:Thing
rc:CD_RW,rdfs:subClassOf,rc:CompactDisc_Generic
rc:CD_RW,rdfs:subClassOf,owl:Thing
rc:NungishLanguage,rdfs:subClassOf,rc:SinoTibetanLanguages
rc:NungishLanguage,rdfs:subClassOf,owl:Thing
rc:CommonNoun,rdfs:subClassOf,rc:Noun
rc:CommonNoun,rdfs:subClassOf,owl:Thing
rc:InterfaceProgram,rdfs:subClassOf,rc:UserProgram
rc:InterfaceProgram,rdfs:subClassOf,owl:Thing
rc:Subset,rdfs:subClassOf,rc:Subordinate
rc:Subset,rdfs:subClassOf,owl:Thing
rc:BumperSticker,rdfs:subClassOf,rc:Sticker_Adhesive
rc:BumperSticker,rdfs:subClassOf,owl:Thing
rc:NaziTerminology,rdfs:subClassOf,rc:PoliticalTerminology
rc:NaziTerminology,rdfs:subClassOf,owl:Thing
rc:NonVolatileMemory,rdfs:subClassOf,rc:ComputerMemory_Abstract
rc:NonVolatileMemory,rdfs:subClassOf,owl:Thing
rc:DanishDialect,rdfs:subClassOf,rc:LanguageDialect
rc:DanishDialect,rdfs:subClassOf,owl:Thing
rc:ExtinctBalticLanguage,rdfs:subClassOf,rc:RecentExtinctLanguages
rc:ExtinctBalticLanguage,rdfs:subClassOf,owl:Thing
rc:UserInterfaceProgram,rdfs:subClassOf,rc:InterfaceProgram
rc:UserInterfaceProgram,rdfs:subClassOf,owl:Thing
rc:IconographicCollection,rdfs:subClassOf,rc:ArtCollection
rc:IconographicCollection,rdfs:subClassOf,owl:Thing
rc:FingerServerProgram,rdfs:subClassOf,rc:ServerProgram
rc:FingerServerProgram,rdfs:subClassOf,owl:Thing
rc:HakkaLanguage,rdfs:subClassOf,rc:ChineseLanguages
rc:HakkaLanguage,rdfs:subClassOf,owl:Thing
rc:ComputerArt,rdfs:subClassOf,rc:DigitalArtObject
rc:ComputerArt,rdfs:subClassOf,owl:Thing
rc:PressRelease,rdfs:subClassOf,rc:Statement
rc:PressRelease,rdfs:subClassOf,owl:Thing
rc:MusicalComposition_Bluegrass,rdfs:subClassOf,rc:MusicTypeOpenGenre
rc:MusicalComposition_Bluegrass,rdfs:subClassOf,rc:MusicalComposition
rc:MusicalComposition_Bluegrass,rdfs:subClassOf,owl:Thing
rc:GlosaConstructedLanguage,rdfs:subClassOf,rc:InternationalAuxiliaryLanguage
rc:GlosaConstructedLanguage,rdfs:subClassOf,owl:Thing
rc:BluesRockMusic,rdfs:subClassOf,rc:BluesMusic
rc:BluesRockMusic,rdfs:subClassOf,rc:RockMusic
rc:BluesRockMusic,rdfs:subClassOf,owl:Thing
rc:FantasyMovie,rdfs:subClassOf,rc:FilmGenre
rc:FantasyMovie,rdfs:subClassOf,owl:Thing
rc:GoodLuckCard,rdfs:subClassOf,rc:OccasionCard
rc:GoodLuckCard,rdfs:subClassOf,owl:Thing
rc:GermanicWordOrPhrase,rdfs:subClassOf,rc:GermanTopics
rc:GermanicWordOrPhrase,rdfs:subClassOf,rc:WordOrPhraseByLanguage
rc:GermanicWordOrPhrase,rdfs:subClassOf,owl:Thing
rc:GraphicalUserInterfaceProgram,rdfs:subClassOf,rc:UserInterfaceProgram
rc:GraphicalUserInterfaceProgram,rdfs:subClassOf,rc:UtilityProgram
rc:GraphicalUserInterfaceProgram,rdfs:subClassOf,owl:Thing
rc:JamesBondMovie,rdfs:subClassOf,rc:ActionMovie
rc:JamesBondMovie,rdfs:subClassOf,owl:Thing
rc:NewWaveOfBritishHeavyMetal,rdfs:subClassOf,rc:HeavyMetalSubgenre
rc:NewWaveOfBritishHeavyMetal,rdfs:subClassOf,owl:Thing
rc:SpanishVarietiesOfSouthAmerica,rdfs:subClassOf,rc:SpanishLanguage
rc:SpanishVarietiesOfSouthAmerica,rdfs:subClassOf,owl:Thing
rc:MonologueInDramaticPerformance,rdfs:subClassOf,rc:DramaticPerformance
rc:MonologueInDramaticPerformance,rdfs:subClassOf,owl:Thing
rc:KukiChinNagaLanguage,rdfs:subClassOf,rc:SinoTibetanLanguages
rc:KukiChinNagaLanguage,rdfs:subClassOf,owl:Thing
rc:LugandaLanguage,rdfs:subClassOf,rc:BantuLanguages
rc:LugandaLanguage,rdfs:subClassOf,owl:Thing
rc:MycenaeanGreekLanguage,rdfs:subClassOf,rc:AncientLanguages
rc:MycenaeanGreekLanguage,rdfs:subClassOf,owl:Thing
rc:DiplomaDocument,rdfs:subClassOf,rc:Form_StandardizedIBO
rc:DiplomaDocument,rdfs:subClassOf,owl:Thing
rc:CommunicationSoftware,rdfs:subClassOf,rc:EnterpriseSoftware
rc:CommunicationSoftware,rdfs:subClassOf,owl:Thing
rc:FeminismAndPornography,rdfs:subClassOf,rc:PornographicMaterial
rc:FeminismAndPornography,rdfs:subClassOf,owl:Thing
rc:DiffusedLightingCamouflage,rdfs:subClassOf,rc:CamouflagePattern
rc:DiffusedLightingCamouflage,rdfs:subClassOf,owl:Thing
rc:KarelianLanguage,rdfs:subClassOf,rc:FinnicLanguages
rc:KarelianLanguage,rdfs:subClassOf,owl:Thing
rc:Secret_ReportClassification,rdfs:subClassOf,rc:TextualMaterial
rc:Secret_ReportClassification,rdfs:subClassOf,owl:Thing
rc:FractalRepresentation,rdfs:subClassOf,rc:StillImageSource
rc:FractalRepresentation,rdfs:subClassOf,owl:Thing
rc:MinusSign_TheSymbol,rdfs:subClassOf,rc:MathematicalCharacter
rc:MinusSign_TheSymbol,rdfs:subClassOf,owl:Thing
rc:InductiveFallacy,rdfs:subClassOf,rc:InductiveInferenceProcess
rc:InductiveFallacy,rdfs:subClassOf,rc:LogicalFallacy
rc:InductiveFallacy,rdfs:subClassOf,owl:Thing
rc:NetworkArchitecture,rdfs:subClassOf,rc:ComputerTypeByArchitecture
rc:NetworkArchitecture,rdfs:subClassOf,owl:Thing
rc:QuantumModel,rdfs:subClassOf,rc:QuantumMechanics
rc:QuantumModel,rdfs:subClassOf,owl:Thing
rc:AmateurRadioSoftware,rdfs:subClassOf,rc:CommunicationSoftware
rc:AmateurRadioSoftware,rdfs:subClassOf,owl:Thing
rc:ArcadeGameProgram,rdfs:subClassOf,rc:ComputerGameProgram
rc:ArcadeGameProgram,rdfs:subClassOf,owl:Thing
rc:CoastSalishLanguage,rdfs:subClassOf,rc:SalishanLanguages
rc:CoastSalishLanguage,rdfs:subClassOf,owl:Thing
rc:DesktopEnvironmentProgram,rdfs:subClassOf,rc:CommandInterpreter
rc:DesktopEnvironmentProgram,rdfs:subClassOf,rc:GraphicalUserInterfaceProgram
rc:DesktopEnvironmentProgram,rdfs:subClassOf,rc:LocalProgram
rc:DesktopEnvironmentProgram,rdfs:subClassOf,owl:Thing
rc:LinuxMalware,rdfs:subClassOf,rc:LinuxOS
rc:LinuxMalware,rdfs:subClassOf,owl:Thing
rc:AustralianRulesFootballTerminology,rdfs:subClassOf,rc:SportsTerminology
rc:AustralianRulesFootballTerminology,rdfs:subClassOf,owl:Thing
rc:ComputerJargon,rdfs:subClassOf,rc:Jargon
rc:ComputerJargon,rdfs:subClassOf,rc:Slang
rc:ComputerJargon,rdfs:subClassOf,owl:Thing
rc:RecommenderSystem,rdfs:subClassOf,rc:InformationSystem
rc:RecommenderSystem,rdfs:subClassOf,owl:Thing
rc:PersonalityTheory,rdfs:subClassOf,rc:Theories
rc:PersonalityTheory,rdfs:subClassOf,owl:Thing
rc:LithuanianGrammar,rdfs:subClassOf,rc:LanguageGrammars
rc:LithuanianGrammar,rdfs:subClassOf,owl:Thing
rc:LimitsCategoryTheory,rdfs:subClassOf,rc:CategoryTheory
rc:LimitsCategoryTheory,rdfs:subClassOf,owl:Thing
rc:Iconography,rdfs:subClassOf,rc:IconicInformation
rc:Iconography,rdfs:subClassOf,owl:Thing
rc:BasketballCard,rdfs:subClassOf,rc:SportsCard
rc:BasketballCard,rdfs:subClassOf,owl:Thing
rc:BalloonMortgage,rdfs:subClassOf,rc:BalloonLoan
rc:BalloonMortgage,rdfs:subClassOf,rc:MortgageAgreement
rc:BalloonMortgage,rdfs:subClassOf,owl:Thing
rc:Cricket_TheGame,rdfs:subClassOf,rc:SportsGame
rc:Cricket_TheGame,rdfs:subClassOf,owl:Thing
rc:ClickToDonateSite,rdfs:subClassOf,rc:WebSite
rc:ClickToDonateSite,rdfs:subClassOf,owl:Thing
rc:GiftLetterDocument,rdfs:subClassOf,rc:OfficialDocument
rc:GiftLetterDocument,rdfs:subClassOf,owl:Thing
rc:NetworkFileSystem,rdfs:subClassOf,rc:DistributedFilesystem
rc:NetworkFileSystem,rdfs:subClassOf,owl:Thing
rc:Cubism,rdfs:subClassOf,rc:ArtStyle
rc:Cubism,rdfs:subClassOf,owl:Thing
rc:MusicalComposition_NewAge,rdfs:subClassOf,rc:MusicTypeOpenGenre
rc:MusicalComposition_NewAge,rdfs:subClassOf,rc:MusicalComposition
rc:MusicalComposition_NewAge,rdfs:subClassOf,owl:Thing
rc:RussianBallet,rdfs:subClassOf,rc:BalletDancePerformance
rc:RussianBallet,rdfs:subClassOf,owl:Thing
rc:Logo,rdfs:subClassOf,rc:IconicInformation
rc:Logo,rdfs:subClassOf,rc:Symbol
rc:Logo,rdfs:subClassOf,rc:VisualWork
rc:Logo,rdfs:subClassOf,owl:Thing
rc:HitSong,rdfs:subClassOf,rc:Song
rc:HitSong,rdfs:subClassOf,owl:Thing
rc:ShonaGivenName,rdfs:subClassOf,rc:HumanGivenName
rc:ShonaGivenName,rdfs:subClassOf,owl:Thing
rc:Windows10,rdfs:subClassOf,rc:MSWindowsOperatingSystem
rc:Windows10,rdfs:subClassOf,owl:Thing
rc:MassNoun_Generic,rdfs:subClassOf,rc:Noun
rc:MassNoun_Generic,rdfs:subClassOf,owl:Thing
rc:TurkishGivenName,rdfs:subClassOf,rc:HumanGivenName
rc:TurkishGivenName,rdfs:subClassOf,owl:Thing
rc:Heart_TheSuit,rdfs:subClassOf,rc:PlayingCard
rc:Heart_TheSuit,rdfs:subClassOf,owl:Thing
rc:ObjectCategoryTheory,rdfs:subClassOf,rc:CategoryTheory
rc:ObjectCategoryTheory,rdfs:subClassOf,owl:Thing
rc:CommonObjectRequestBrokerArchitecture,rdfs:subClassOf,rc:StructuredKnowledgeSource
rc:CommonObjectRequestBrokerArchitecture,rdfs:subClassOf,owl:Thing
rc:InternationalRelationsTerm,rdfs:subClassOf,rc:PoliticalTerminology
rc:InternationalRelationsTerm,rdfs:subClassOf,owl:Thing
rc:EarthMysteries,rdfs:subClassOf,rc:MusicalComposition_NewAge
rc:EarthMysteries,rdfs:subClassOf,owl:Thing
rc:TheMuppetsTelevisionSpecial,rdfs:subClassOf,rc:TVShow_Single
rc:TheMuppetsTelevisionSpecial,rdfs:subClassOf,owl:Thing
rc:Miami_Illinois_language,rdfs:subClassOf,rc:AlgonquianLanguages
rc:Miami_Illinois_language,rdfs:subClassOf,owl:Thing
rc:Firewall_Network,rdfs:subClassOf,rc:NetworkArchitecture
rc:Firewall_Network,rdfs:subClassOf,rc:NetworkFileSystem
rc:Firewall_Network,rdfs:subClassOf,owl:Thing
rc:ArtworksInMetal,rdfs:subClassOf,rc:Sculpture
rc:ArtworksInMetal,rdfs:subClassOf,owl:Thing
rc:MassNoun,rdfs:subClassOf,rc:CommonNoun
rc:MassNoun,rdfs:subClassOf,rc:MassNoun_Generic
rc:MassNoun,rdfs:subClassOf,owl:Thing
rc:TurkishGrammar,rdfs:subClassOf,rc:LanguageGrammars
rc:TurkishGrammar,rdfs:subClassOf,owl:Thing
rc:VulnerabilityScannerProgram,rdfs:subClassOf,rc:SecurityProgram
rc:VulnerabilityScannerProgram,rdfs:subClassOf,owl:Thing
rc:BootstrapProtocol,rdfs:subClassOf,rc:MachineProtocol
rc:BootstrapProtocol,rdfs:subClassOf,owl:Thing
rc:SQLServerProgram,rdfs:subClassOf,rc:Interpreter_Computers
rc:SQLServerProgram,rdfs:subClassOf,rc:RelationalDatabaseServerProgram
rc:SQLServerProgram,rdfs:subClassOf,owl:Thing
rc:ArchitecturalTerminology,rdfs:subClassOf,rc:TechnicalTerminology
rc:ArchitecturalTerminology,rdfs:subClassOf,owl:Thing
rc:CD_RWDrive,rdfs:subClassOf,rc:ComputerDisk
rc:CD_RWDrive,rdfs:subClassOf,owl:Thing
rc:GoodMailingStatus,rdfs:subClassOf,rc:Address_PhysicalLocationDesignator
rc:GoodMailingStatus,rdfs:subClassOf,owl:Thing
rc:Loan_InformalOralAgreement,rdfs:subClassOf,rc:LoanAgreement
rc:Loan_InformalOralAgreement,rdfs:subClassOf,owl:Thing
rc:DatabaseProgram,rdfs:subClassOf,rc:UtilityProgram
rc:DatabaseProgram,rdfs:subClassOf,owl:Thing
rc:FiveDollarBill_US,rdfs:subClassOf,rc:Bill_US
rc:FiveDollarBill_US,rdfs:subClassOf,owl:Thing
rc:NorthernThaiLanguage,rdfs:subClassOf,rc:Tai_NeuaLanguage
rc:NorthernThaiLanguage,rdfs:subClassOf,owl:Thing
rc:EducationalProgrammingLanguage,rdfs:subClassOf,rc:EducationalComputerProgram
rc:EducationalProgrammingLanguage,rdfs:subClassOf,owl:Thing
rc:NationalHeroOfIndonesia,rdfs:subClassOf,rc:MilitaryAwardOrDecoration
rc:NationalHeroOfIndonesia,rdfs:subClassOf,owl:Thing
rc:SilkFlower,rdfs:subClassOf,rc:Model_Artifact
rc:SilkFlower,rdfs:subClassOf,owl:Thing
rc:UsabilityInspection,rdfs:subClassOf,rc:SoftwareUsability
rc:UsabilityInspection,rdfs:subClassOf,owl:Thing
rc:MusicalText,rdfs:subClassOf,rc:TextString
rc:MusicalText,rdfs:subClassOf,owl:Thing
rc:PauwasiLanguage,rdfs:subClassOf,rc:PapuanLanguageGrouping
rc:PauwasiLanguage,rdfs:subClassOf,owl:Thing
rc:AnnouncingSomething,rdfs:subClassOf,rc:Informing
rc:AnnouncingSomething,rdfs:subClassOf,owl:Thing
rc:SandaweLanguage,rdfs:subClassOf,rc:OtherLanguages
rc:SandaweLanguage,rdfs:subClassOf,owl:Thing
rc:ExtinctCelticLanguage,rdfs:subClassOf,rc:RecentExtinctLanguages
rc:ExtinctCelticLanguage,rdfs:subClassOf,owl:Thing
rc:DebtSecurity,rdfs:subClassOf,rc:LoanAgreement
rc:DebtSecurity,rdfs:subClassOf,owl:Thing
rc:DatabaseClientProgram,rdfs:subClassOf,rc:ClientProgram
rc:DatabaseClientProgram,rdfs:subClassOf,rc:DatabaseProgram
rc:DatabaseClientProgram,rdfs:subClassOf,owl:Thing
rc:BluesStyle,rdfs:subClassOf,rc:BluesMusic
rc:BluesStyle,rdfs:subClassOf,rc:MusicalComposition_Blues
rc:BluesStyle,rdfs:subClassOf,owl:Thing
rc:AdobeComputerProgram,rdfs:subClassOf,rc:ComputerProgramByVendor
rc:AdobeComputerProgram,rdfs:subClassOf,owl:Thing
rc:NupeLanguage,rdfs:subClassOf,rc:AtlanticCongoLanguages
rc:NupeLanguage,rdfs:subClassOf,owl:Thing
rc:USCProductTypeCode,rdfs:subClassOf,rc:IDString
rc:USCProductTypeCode,rdfs:subClassOf,rc:UniqueID
rc:USCProductTypeCode,rdfs:subClassOf,owl:Thing
rc:KissiLanguage,rdfs:subClassOf,rc:AtlanticCongoLanguages
rc:KissiLanguage,rdfs:subClassOf,owl:Thing
rc:PublishingSoftware,rdfs:subClassOf,rc:BusinessComputerProgram
rc:PublishingSoftware,rdfs:subClassOf,owl:Thing
rc:MusicalComposition_BluesRock,rdfs:subClassOf,rc:MusicTypeOpenGenre
rc:MusicalComposition_BluesRock,rdfs:subClassOf,rc:MusicalComposition_Blues
rc:MusicalComposition_BluesRock,rdfs:subClassOf,rc:MusicalComposition_Rock
rc:MusicalComposition_BluesRock,rdfs:subClassOf,owl:Thing
rc:KarenLanguage,rdfs:subClassOf,rc:TibetoBurmanLanguages
rc:KarenLanguage,rdfs:subClassOf,owl:Thing
rc:FractalSoftware,rdfs:subClassOf,rc:GraphicsSoftware
rc:FractalSoftware,rdfs:subClassOf,owl:Thing
rc:BondsFinance,rdfs:subClassOf,rc:DebtSecurity
rc:BondsFinance,rdfs:subClassOf,owl:Thing
rc:CascadingStyleSheet,rdfs:subClassOf,rc:WebDesign
rc:CascadingStyleSheet,rdfs:subClassOf,owl:Thing
rc:Glossary,rdfs:subClassOf,rc:ReferenceWork_Written
rc:Glossary,rdfs:subClassOf,owl:Thing
rc:VirtualAvatar,rdfs:subClassOf,rc:VirtualReality
rc:VirtualAvatar,rdfs:subClassOf,owl:Thing
rc:ChamLanguage,rdfs:subClassOf,rc:MonKhmerLanguages
rc:ChamLanguage,rdfs:subClassOf,owl:Thing
rc:AleutLanguage,rdfs:subClassOf,rc:OtherLanguages
rc:AleutLanguage,rdfs:subClassOf,owl:Thing
rc:KuliakLanguage,rdfs:subClassOf,rc:RecentExtinctLanguages
rc:KuliakLanguage,rdfs:subClassOf,owl:Thing
rc:DaciaInArt,rdfs:subClassOf,rc:ArtSubject
rc:DaciaInArt,rdfs:subClassOf,owl:Thing
rc:QuantumOptics,rdfs:subClassOf,rc:QuantumMechanics
rc:QuantumOptics,rdfs:subClassOf,owl:Thing
rc:MusicalComposition_Choral,rdfs:subClassOf,rc:MusicTypeOpenGenre
rc:MusicalComposition_Choral,rdfs:subClassOf,rc:MusicalComposition
rc:MusicalComposition_Choral,rdfs:subClassOf,owl:Thing
rc:WirelessEmail,rdfs:subClassOf,rc:EmailAgent
rc:WirelessEmail,rdfs:subClassOf,owl:Thing
rc:InductiveReasoning,rdfs:subClassOf,rc:InductiveInferenceProcess
rc:InductiveReasoning,rdfs:subClassOf,owl:Thing
rc:Gloss,rdfs:subClassOf,rc:Glossary
rc:Gloss,rdfs:subClassOf,owl:Thing
rc:ShonaLanguage,rdfs:subClassOf,rc:BantuLanguages
rc:ShonaLanguage,rdfs:subClassOf,owl:Thing
rc:GamblingTerminology,rdfs:subClassOf,rc:Slang
rc:GamblingTerminology,rdfs:subClassOf,owl:Thing
rc:GuestbookProgram,rdfs:subClassOf,rc:DatabaseProgram
rc:GuestbookProgram,rdfs:subClassOf,rc:InteractiveComputerProgram
rc:GuestbookProgram,rdfs:subClassOf,owl:Thing
rc:Firewire_TheProtocol,rdfs:subClassOf,rc:CommunicationProtocol
rc:Firewire_TheProtocol,rdfs:subClassOf,owl:Thing
rc:KabbalisticWordOrPhrase,rdfs:subClassOf,rc:WordOrPhraseByLanguage
rc:KabbalisticWordOrPhrase,rdfs:subClassOf,owl:Thing
rc:CookBook,rdfs:subClassOf,rc:InstructionalWork
rc:CookBook,rdfs:subClassOf,owl:Thing
rc:PalmPilot,rdfs:subClassOf,rc:PalmtopComputer
rc:PalmPilot,rdfs:subClassOf,owl:Thing
rc:CyrillicLetter,rdfs:subClassOf,rc:Letter_Alphabetic
rc:CyrillicLetter,rdfs:subClassOf,owl:Thing
rc:HandballAtTheSummerOlympics,rdfs:subClassOf,rc:IndividualHandball
rc:HandballAtTheSummerOlympics,rdfs:subClassOf,owl:Thing
rc:GlamRockMusic,rdfs:subClassOf,rc:RockMusic
rc:GlamRockMusic,rdfs:subClassOf,owl:Thing
rc:CocopaLanguage,rdfs:subClassOf,rc:OtherAmericanLanguages
rc:CocopaLanguage,rdfs:subClassOf,owl:Thing
rc:Bluetooth,rdfs:subClassOf,rc:NetworkProtocol
rc:Bluetooth,rdfs:subClassOf,owl:Thing
rc:EasternOrthodoxLiturgicalMusic,rdfs:subClassOf,rc:MusicalComposition_Christian
rc:EasternOrthodoxLiturgicalMusic,rdfs:subClassOf,owl:Thing
rc:SententialConstituent,rdfs:subClassOf,rc:AbstractInformationStructure
rc:SententialConstituent,rdfs:subClassOf,rc:LinguisticObject
rc:SententialConstituent,rdfs:subClassOf,owl:Thing
rc:InstrumentalMusic,rdfs:subClassOf,rc:MusicTypeByGenre
rc:InstrumentalMusic,rdfs:subClassOf,owl:Thing
rc:CharacterToken,rdfs:subClassOf,rc:CharacterStringToken_Serial
rc:CharacterToken,rdfs:subClassOf,owl:Thing
rc:PornographicMagazineSeries,rdfs:subClassOf,rc:PornographicMaterial_Legal
rc:PornographicMagazineSeries,rdfs:subClassOf,owl:Thing
rc:LinuxSoftware,rdfs:subClassOf,rc:LinuxOS
rc:LinuxSoftware,rdfs:subClassOf,owl:Thing
rc:NeuroimagingSoftware,rdfs:subClassOf,rc:GraphicsSoftware
rc:NeuroimagingSoftware,rdfs:subClassOf,rc:ScientificSoftware
rc:NeuroimagingSoftware,rdfs:subClassOf,owl:Thing
rc:VoicedConsonant,rdfs:subClassOf,rc:Sonorant_Consonant
rc:VoicedConsonant,rdfs:subClassOf,owl:Thing
rc:WindowsNT,rdfs:subClassOf,rc:MSWindowsOperatingSystem
rc:WindowsNT,rdfs:subClassOf,owl:Thing
rc:OwnershipDocument,rdfs:subClassOf,rc:FinancialDocument
rc:OwnershipDocument,rdfs:subClassOf,rc:OfficialDocument
rc:OwnershipDocument,rdfs:subClassOf,owl:Thing
rc:LogographicWriting,rdfs:subClassOf,rc:WritingSystem
rc:LogographicWriting,rdfs:subClassOf,owl:Thing
rc:LithuanianLanguage,rdfs:subClassOf,rc:BalticLanguages
rc:LithuanianLanguage,rdfs:subClassOf,owl:Thing
rc:QuantumPhase,rdfs:subClassOf,rc:QuantumMechanics
rc:QuantumPhase,rdfs:subClassOf,owl:Thing
rc:TrojanHorseComputerProgram,rdfs:subClassOf,rc:MaliciousComputerProgram
rc:TrojanHorseComputerProgram,rdfs:subClassOf,owl:Thing
rc:Tag_IBO,rdfs:subClassOf,rc:VisualLabel
rc:Tag_IBO,rdfs:subClassOf,owl:Thing
rc:LanguageExonyms,rdfs:subClassOf,rc:CharacterizationsByLanguage
rc:LanguageExonyms,rdfs:subClassOf,owl:Thing
rc:Windows8_1,rdfs:subClassOf,rc:WindowsNT
rc:Windows8_1,rdfs:subClassOf,owl:Thing
rc:DesktopPublishingSoftwareForLinux,rdfs:subClassOf,rc:GraphicsEditingProgram
rc:DesktopPublishingSoftwareForLinux,rdfs:subClassOf,owl:Thing
rc:AnnualDocument,rdfs:subClassOf,rc:EditionOfCWSeries_Periodic
rc:AnnualDocument,rdfs:subClassOf,owl:Thing
rc:KoineLanguage,rdfs:subClassOf,rc:ClassicMedievalLanguages
rc:KoineLanguage,rdfs:subClassOf,owl:Thing
rc:Tapestry,rdfs:subClassOf,rc:WallHanging_ArtObject
rc:Tapestry,rdfs:subClassOf,owl:Thing
rc:LocalProgram,rdfs:subClassOf,rc:ApplicationProgram
rc:LocalProgram,rdfs:subClassOf,owl:Thing
rc:UkrainianGivenName,rdfs:subClassOf,rc:HumanGivenName
rc:UkrainianGivenName,rdfs:subClassOf,owl:Thing
rc:FukieneseLanguage,rdfs:subClassOf,rc:ChineseLanguages
rc:FukieneseLanguage,rdfs:subClassOf,owl:Thing
rc:ConformalFieldTheory,rdfs:subClassOf,rc:QuantumFieldTheory
rc:ConformalFieldTheory,rdfs:subClassOf,owl:Thing
rc:BodyArt,rdfs:subClassOf,rc:Art
rc:BodyArt,rdfs:subClassOf,rc:InformationBearingObject
rc:BodyArt,rdfs:subClassOf,rc:StillImageSource
rc:BodyArt,rdfs:subClassOf,rc:VisualMark
rc:BodyArt,rdfs:subClassOf,owl:Thing
rc:Fingerprint,rdfs:subClassOf,rc:AuthenticationSource
rc:Fingerprint,rdfs:subClassOf,rc:StillImageSource
rc:Fingerprint,rdfs:subClassOf,rc:VisualMark
rc:Fingerprint,rdfs:subClassOf,owl:Thing
rc:Three_CentNickel,rdfs:subClassOf,rc:Coin_Currency
rc:Three_CentNickel,rdfs:subClassOf,owl:Thing
rc:CommercialCatalogueEdition,rdfs:subClassOf,rc:Catalog
rc:CommercialCatalogueEdition,rdfs:subClassOf,owl:Thing
rc:AtomicSymbol_Abstract,rdfs:subClassOf,rc:AbstractInformationStructure
rc:AtomicSymbol_Abstract,rdfs:subClassOf,owl:Thing
rc:TravelGuide,rdfs:subClassOf,rc:PublishedConceptualWork
rc:TravelGuide,rdfs:subClassOf,owl:Thing
rc:AnnualBusinessReport,rdfs:subClassOf,rc:AnnualDocument
rc:AnnualBusinessReport,rdfs:subClassOf,owl:Thing
rc:LeftMayLanguage,rdfs:subClassOf,rc:PapuanLanguageGrouping
rc:LeftMayLanguage,rdfs:subClassOf,owl:Thing
rc:Certificate_IBT,rdfs:subClassOf,rc:OfficialDocument
rc:Certificate_IBT,rdfs:subClassOf,owl:Thing
rc:HindustaniOrthography,rdfs:subClassOf,rc:WritingSystem
rc:HindustaniOrthography,rdfs:subClassOf,owl:Thing
rc:PornographicMaterial_Illegal,rdfs:subClassOf,rc:PornographicMaterial
rc:PornographicMaterial_Illegal,rdfs:subClassOf,owl:Thing
rc:CharacterToken_Inscribed,rdfs:subClassOf,rc:CharacterStringToken_Inscribed
rc:CharacterToken_Inscribed,rdfs:subClassOf,rc:CharacterToken
rc:CharacterToken_Inscribed,rdfs:subClassOf,owl:Thing
rc:BronzeMedal_Physical,rdfs:subClassOf,rc:Medal_Physical
rc:BronzeMedal_Physical,rdfs:subClassOf,owl:Thing
rc:NLWordForm,rdfs:subClassOf,rc:SententialConstituent
rc:NLWordForm,rdfs:subClassOf,owl:Thing
rc:LinuxSoftwareProject,rdfs:subClassOf,rc:LinuxOS
rc:LinuxSoftwareProject,rdfs:subClassOf,owl:Thing
rc:DacianLanguage,rdfs:subClassOf,rc:AncientLanguages
rc:DacianLanguage,rdfs:subClassOf,owl:Thing
rc:ReportClassification_US,rdfs:subClassOf,rc:Designation
rc:ReportClassification_US,rdfs:subClassOf,owl:Thing
rc:HowlingSound,rdfs:subClassOf,rc:AnimalSound
rc:HowlingSound,rdfs:subClassOf,owl:Thing
rc:VietnameseWordOrPhrase,rdfs:subClassOf,rc:WordOrPhraseByLanguage
rc:VietnameseWordOrPhrase,rdfs:subClassOf,owl:Thing
rc:Emo,rdfs:subClassOf,rc:MusicalComposition
rc:Emo,rdfs:subClassOf,owl:Thing
rc:X,rdfs:subClassOf,rc:LatinScript
rc:X,rdfs:subClassOf,owl:Thing
rc:CertificateDocument,rdfs:subClassOf,rc:Certificate_IBT
rc:CertificateDocument,rdfs:subClassOf,owl:Thing
rc:ChineseExonym,rdfs:subClassOf,rc:ChineseTopics
rc:ChineseExonym,rdfs:subClassOf,rc:LanguageExonyms
rc:ChineseExonym,rdfs:subClassOf,owl:Thing
rc:ChamWriting,rdfs:subClassOf,rc:WritingSystem
rc:ChamWriting,rdfs:subClassOf,owl:Thing
rc:ArabicLanguageName,rdfs:subClassOf,rc:ClassicalArabicWriting
rc:ArabicLanguageName,rdfs:subClassOf,owl:Thing
rc:DatabaseDataFormat,rdfs:subClassOf,rc:CommunicationConvention
rc:DatabaseDataFormat,rdfs:subClassOf,owl:Thing
rc:MiddleDutch,rdfs:subClassOf,rc:DutchLanguage
rc:MiddleDutch,rdfs:subClassOf,owl:Thing
rc:IndianStateInsignia,rdfs:subClassOf,rc:FormalInsignia
rc:IndianStateInsignia,rdfs:subClassOf,owl:Thing
rc:NorthernUtoAztecanLanguage,rdfs:subClassOf,rc:UtoAztecanLanguages
rc:NorthernUtoAztecanLanguage,rdfs:subClassOf,owl:Thing
rc:ClientProgram,rdfs:subClassOf,rc:LocalProgram
rc:ClientProgram,rdfs:subClassOf,rc:NetworkingProgram
rc:ClientProgram,rdfs:subClassOf,owl:Thing
rc:AuxiliaryWritingMark,rdfs:subClassOf,rc:CharacterToken_Inscribed
rc:AuxiliaryWritingMark,rdfs:subClassOf,rc:TextMarking
rc:AuxiliaryWritingMark,rdfs:subClassOf,owl:Thing
rc:OpenClassWord,rdfs:subClassOf,rc:NLWordForm
rc:OpenClassWord,rdfs:subClassOf,owl:Thing
rc:GiftTag,rdfs:subClassOf,rc:Tag_IBO
rc:GiftTag,rdfs:subClassOf,owl:Thing
rc:VoicelessConsonant,rdfs:subClassOf,rc:Consonant
rc:VoicelessConsonant,rdfs:subClassOf,owl:Thing
rc:BretonMusic,rdfs:subClassOf,rc:MusicByRegion
rc:BretonMusic,rdfs:subClassOf,owl:Thing
rc:Self_portrait,rdfs:subClassOf,rc:PortraitPerspective
rc:Self_portrait,rdfs:subClassOf,owl:Thing
rc:VirtualComputerInstance,rdfs:subClassOf,rc:Computer_Generic
rc:VirtualComputerInstance,rdfs:subClassOf,rc:SoftwareObject_Individual
rc:VirtualComputerInstance,rdfs:subClassOf,owl:Thing
rc:SinhaleseLanguage,rdfs:subClassOf,rc:IndicLanguages
rc:SinhaleseLanguage,rdfs:subClassOf,owl:Thing
rc:EnglishAsAGlobalLanguage,rdfs:subClassOf,rc:EnglishTopics
rc:EnglishAsAGlobalLanguage,rdfs:subClassOf,owl:Thing
rc:DragonFlyBSD,rdfs:subClassOf,rc:UnixVariant
rc:DragonFlyBSD,rdfs:subClassOf,owl:Thing
rc:MusicalComposition_CountryRock,rdfs:subClassOf,rc:MusicTypeOpenGenre
rc:MusicalComposition_CountryRock,rdfs:subClassOf,rc:MusicalComposition_Country
rc:MusicalComposition_CountryRock,rdfs:subClassOf,rc:MusicalComposition_Rock
rc:MusicalComposition_CountryRock,rdfs:subClassOf,owl:Thing
rc:MultiFunctionServerProgram,rdfs:subClassOf,rc:ServerProgram
rc:MultiFunctionServerProgram,rdfs:subClassOf,owl:Thing
rc:GovernmentDocument,rdfs:subClassOf,rc:OfficialDocument
rc:GovernmentDocument,rdfs:subClassOf,owl:Thing
rc:TillamookLanguage,rdfs:subClassOf,rc:OtherAmericanLanguages
rc:TillamookLanguage,rdfs:subClassOf,owl:Thing
rc:LithuanianLanguageSurname,rdfs:subClassOf,rc:HumanSurname
rc:LithuanianLanguageSurname,rdfs:subClassOf,owl:Thing
rc:ShonaSurname,rdfs:subClassOf,rc:HumanSurname
rc:ShonaSurname,rdfs:subClassOf,owl:Thing
rc:DiacriticMark,rdfs:subClassOf,rc:AuxiliaryWritingMark
rc:DiacriticMark,rdfs:subClassOf,owl:Thing
rc:Going_Somewhere,rdfs:subClassOf,rc:Album
rc:Going_Somewhere,rdfs:subClassOf,owl:Thing
rc:Adjective_Gradable,rdfs:subClassOf,rc:OpenClassWord
rc:Adjective_Gradable,rdfs:subClassOf,owl:Thing
rc:Character_Abstract,rdfs:subClassOf,rc:AtomicSymbol_Abstract
rc:Character_Abstract,rdfs:subClassOf,owl:Thing
rc:GeneralDischargeDocument,rdfs:subClassOf,rc:MilitaryDischargePaper
rc:GeneralDischargeDocument,rdfs:subClassOf,owl:Thing
rc:CopyingAComputerFile,rdfs:subClassOf,rc:AccessingAFile_ReadOnly
rc:CopyingAComputerFile,rdfs:subClassOf,rc:CreatingAFile
rc:CopyingAComputerFile,rdfs:subClassOf,owl:Thing
rc:CommercialDocument,rdfs:subClassOf,rc:BusinessRelatedDocumentOrAgreement
rc:CommercialDocument,rdfs:subClassOf,rc:HumanAccessibleIBO
rc:CommercialDocument,rdfs:subClassOf,owl:Thing
rc:Denial_IBT,rdfs:subClassOf,rc:Statement
rc:Denial_IBT,rdfs:subClassOf,owl:Thing
rc:KumauniLanguage,rdfs:subClassOf,rc:IndicLanguages
rc:KumauniLanguage,rdfs:subClassOf,owl:Thing
rc:PunicLanguage,rdfs:subClassOf,rc:AncientLanguages
rc:PunicLanguage,rdfs:subClassOf,owl:Thing
rc:KabyleLanguage,rdfs:subClassOf,rc:BerberLanguages
rc:KabyleLanguage,rdfs:subClassOf,owl:Thing
rc:ClosingDocument,rdfs:subClassOf,rc:OfficialDocument
rc:ClosingDocument,rdfs:subClassOf,owl:Thing
rc:QuantumState,rdfs:subClassOf,rc:QuantumMechanics
rc:QuantumState,rdfs:subClassOf,owl:Thing
rc:SequencedPacketExchange,rdfs:subClassOf,rc:TransportLayerProtocol
rc:SequencedPacketExchange,rdfs:subClassOf,owl:Thing
rc:UkrainianGrammar,rdfs:subClassOf,rc:LanguageGrammars
rc:UkrainianGrammar,rdfs:subClassOf,owl:Thing
rc:BirthCertificate,rdfs:subClassOf,rc:CertificateDocument
rc:BirthCertificate,rdfs:subClassOf,rc:Form_StandardizedIBO
rc:BirthCertificate,rdfs:subClassOf,rc:GovernmentDocument
rc:BirthCertificate,rdfs:subClassOf,rc:IDDocument
rc:BirthCertificate,rdfs:subClassOf,rc:LegalDocument
rc:BirthCertificate,rdfs:subClassOf,owl:Thing
rc:ComputerBinaryFile,rdfs:subClassOf,rc:ComputerFile
rc:ComputerBinaryFile,rdfs:subClassOf,owl:Thing
rc:Geocode,rdfs:subClassOf,rc:IDString
rc:Geocode,rdfs:subClassOf,rc:UniqueID
rc:Geocode,rdfs:subClassOf,owl:Thing
rc:OinkingSound,rdfs:subClassOf,rc:AnimalSound
rc:OinkingSound,rdfs:subClassOf,owl:Thing
rc:AlphabeticDiacritic,rdfs:subClassOf,rc:DiacriticMark
rc:AlphabeticDiacritic,rdfs:subClassOf,owl:Thing
rc:SicilianLanguage,rdfs:subClassOf,rc:RomanceLanguages
rc:SicilianLanguage,rdfs:subClassOf,owl:Thing
rc:Logogram,rdfs:subClassOf,rc:IconicInformation
rc:Logogram,rdfs:subClassOf,owl:Thing
rc:VietnameseWritingSystem,rdfs:subClassOf,rc:WritingSystem
rc:VietnameseWritingSystem,rdfs:subClassOf,owl:Thing
rc:Otherkin,rdfs:subClassOf,rc:MusicalComposition_NewAge
rc:Otherkin,rdfs:subClassOf,owl:Thing
rc:Unix,rdfs:subClassOf,rc:OperatingSystem
rc:Unix,rdfs:subClassOf,owl:Thing
rc:TajikLanguage,rdfs:subClassOf,rc:IranianLanguages
rc:TajikLanguage,rdfs:subClassOf,owl:Thing
rc:DesktopWidget,rdfs:subClassOf,rc:UserProgram
rc:DesktopWidget,rdfs:subClassOf,owl:Thing
rc:NorseRunestone,rdfs:subClassOf,rc:Runestone
rc:NorseRunestone,rdfs:subClassOf,owl:Thing
rc:IPv4,rdfs:subClassOf,rc:InternetProtocol
rc:IPv4,rdfs:subClassOf,owl:Thing
rc:FIPSStateCode,rdfs:subClassOf,rc:Geocode
rc:FIPSStateCode,rdfs:subClassOf,owl:Thing
rc:NeXTComputer,rdfs:subClassOf,rc:ComputerWorkstation
rc:NeXTComputer,rdfs:subClassOf,owl:Thing
rc:CanadianBlues,rdfs:subClassOf,rc:BluesMusic
rc:CanadianBlues,rdfs:subClassOf,rc:MusicalComposition_Blues
rc:CanadianBlues,rdfs:subClassOf,owl:Thing
rc:KarlukLanguage,rdfs:subClassOf,rc:TurkicLanguages
rc:KarlukLanguage,rdfs:subClassOf,owl:Thing
rc:TurkishLanguageSurname,rdfs:subClassOf,rc:HumanSurname
rc:TurkishLanguageSurname,rdfs:subClassOf,owl:Thing
rc:VacuumGauge,rdfs:subClassOf,rc:Gauge
rc:VacuumGauge,rdfs:subClassOf,owl:Thing
rc:TopLevelDomain,rdfs:subClassOf,rc:DomainNameSystemProtocol
rc:TopLevelDomain,rdfs:subClassOf,owl:Thing
rc:OpticalIllusion,rdfs:subClassOf,rc:VisualImage
rc:OpticalIllusion,rdfs:subClassOf,owl:Thing
rc:OromoLanguage,rdfs:subClassOf,rc:CushiticLanguages
rc:OromoLanguage,rdfs:subClassOf,owl:Thing
rc:HeraInArt,rdfs:subClassOf,rc:ArtSubject
rc:HeraInArt,rdfs:subClassOf,owl:Thing
rc:GameArtificialIntelligence,rdfs:subClassOf,rc:GameTheory
rc:GameArtificialIntelligence,rdfs:subClassOf,owl:Thing
rc:WritingSymbolCharacter,rdfs:subClassOf,rc:Character_Abstract
rc:WritingSymbolCharacter,rdfs:subClassOf,rc:Logogram
rc:WritingSymbolCharacter,rdfs:subClassOf,owl:Thing
rc:BiniLanguage,rdfs:subClassOf,rc:AtlanticCongoLanguages
rc:BiniLanguage,rdfs:subClassOf,owl:Thing
rc:FulaniLanguage,rdfs:subClassOf,rc:AtlanticCongoLanguages
rc:FulaniLanguage,rdfs:subClassOf,owl:Thing
rc:IrishGivenName,rdfs:subClassOf,rc:HumanGivenName
rc:IrishGivenName,rdfs:subClassOf,owl:Thing
rc:CountryTopLevelDomain,rdfs:subClassOf,rc:TopLevelDomain
rc:CountryTopLevelDomain,rdfs:subClassOf,owl:Thing
rc:ReligiousSoftware,rdfs:subClassOf,rc:UserProgram
rc:ReligiousSoftware,rdfs:subClassOf,owl:Thing
rc:ContractForDeed,rdfs:subClassOf,rc:OfficialDocument
rc:ContractForDeed,rdfs:subClassOf,owl:Thing
rc:CreatingAFile,rdfs:subClassOf,rc:FileOperation
rc:CreatingAFile,rdfs:subClassOf,owl:Thing
rc:NuristaniLanguage,rdfs:subClassOf,rc:IndoAryanLanguages
rc:NuristaniLanguage,rdfs:subClassOf,owl:Thing
rc:Emoticon,rdfs:subClassOf,rc:DigitalArtObject
rc:Emoticon,rdfs:subClassOf,owl:Thing
rc:ComoranLanguage,rdfs:subClassOf,rc:MalayoPolynesianLanguages
rc:ComoranLanguage,rdfs:subClassOf,owl:Thing
rc:X86Architecture,rdfs:subClassOf,rc:ComputerTypeByArchitecture
rc:X86Architecture,rdfs:subClassOf,owl:Thing
rc:BluetoothSoftware,rdfs:subClassOf,rc:Bluetooth
rc:BluetoothSoftware,rdfs:subClassOf,rc:NetworkingProgram
rc:BluetoothSoftware,rdfs:subClassOf,owl:Thing
rc:ConferenceProceedingsArticle,rdfs:subClassOf,rc:JournalArticle
rc:ConferenceProceedingsArticle,rdfs:subClassOf,rc:ScholarlyArticle
rc:ConferenceProceedingsArticle,rdfs:subClassOf,owl:Thing
rc:PiemonteseLanguage,rdfs:subClassOf,rc:RomanceLanguages
rc:PiemonteseLanguage,rdfs:subClassOf,owl:Thing
rc:MusicalComposition_Folk,rdfs:subClassOf,rc:MusicTypeOpenGenre
rc:MusicalComposition_Folk,rdfs:subClassOf,rc:MusicalComposition
rc:MusicalComposition_Folk,rdfs:subClassOf,owl:Thing
rc:VirtualEconomy,rdfs:subClassOf,rc:VirtualReality
rc:VirtualEconomy,rdfs:subClassOf,owl:Thing
rc:JicaqueLanguage,rdfs:subClassOf,rc:OtherLanguages
rc:JicaqueLanguage,rdfs:subClassOf,owl:Thing
rc:NeXTSTEPSoftware,rdfs:subClassOf,rc:ComputerProgramByVendor
rc:NeXTSTEPSoftware,rdfs:subClassOf,owl:Thing
rc:ReportingSoftware,rdfs:subClassOf,rc:BusinessComputerProgram
rc:ReportingSoftware,rdfs:subClassOf,owl:Thing
rc:ExtinctGermanicLanguage,rdfs:subClassOf,rc:ClassicMedievalLanguages
rc:ExtinctGermanicLanguage,rdfs:subClassOf,owl:Thing
rc:ArabicLanguageSurname,rdfs:subClassOf,rc:ClassicalArabicWriting
rc:ArabicLanguageSurname,rdfs:subClassOf,rc:HumanSurname
rc:ArabicLanguageSurname,rdfs:subClassOf,owl:Thing
rc:RomanEmpireArt,rdfs:subClassOf,rc:ArtByPeriod
rc:RomanEmpireArt,rdfs:subClassOf,owl:Thing
rc:OfficialLanguage,rdfs:subClassOf,rc:NaturalLanguage
rc:OfficialLanguage,rdfs:subClassOf,owl:Thing
rc:ReligiousTVShow,rdfs:subClassOf,rc:InformativeTVShow
rc:ReligiousTVShow,rdfs:subClassOf,owl:Thing
rc:MusicalComposition_CountryWestern,rdfs:subClassOf,rc:MusicTypeOpenGenre
rc:MusicalComposition_CountryWestern,rdfs:subClassOf,rc:MusicalComposition_Country
rc:MusicalComposition_CountryWestern,rdfs:subClassOf,owl:Thing
rc:DisneyJargon,rdfs:subClassOf,rc:Slang
rc:DisneyJargon,rdfs:subClassOf,owl:Thing
rc:InteriorSalishLanguage,rdfs:subClassOf,rc:SalishanLanguages
rc:InteriorSalishLanguage,rdfs:subClassOf,owl:Thing
rc:MusicalComposition_Celtic,rdfs:subClassOf,rc:MusicalComposition_Folk
rc:MusicalComposition_Celtic,rdfs:subClassOf,owl:Thing
rc:XBox,rdfs:subClassOf,rc:HomeVideoGameMachine
rc:XBox,rdfs:subClassOf,owl:Thing
rc:TheNewYorkTimes_TheNewspaper,rdfs:subClassOf,rc:NewspaperSeries
rc:TheNewYorkTimes_TheNewspaper,rdfs:subClassOf,owl:Thing
rc:Ticket,rdfs:subClassOf,rc:Paper_IBO
rc:Ticket,rdfs:subClassOf,rc:TenderObject
rc:Ticket,rdfs:subClassOf,owl:Thing
rc:JicaqueanLanguage,rdfs:subClassOf,rc:OtherAmericanLanguages
rc:JicaqueanLanguage,rdfs:subClassOf,owl:Thing
rc:SpanishWordOrPhrase,rdfs:subClassOf,rc:SpanishTopics
rc:SpanishWordOrPhrase,rdfs:subClassOf,rc:WordOrPhraseByLanguage
rc:SpanishWordOrPhrase,rdfs:subClassOf,owl:Thing
rc:IDDocument,rdfs:subClassOf,rc:OfficialDocument
rc:IDDocument,rdfs:subClassOf,owl:Thing
rc:MarginAccount,rdfs:subClassOf,rc:SecuredLoan
rc:MarginAccount,rdfs:subClassOf,owl:Thing
rc:UnixVariant,rdfs:subClassOf,rc:Unix
rc:UnixVariant,rdfs:subClassOf,owl:Thing
rc:EnglishAsOfficialLanguage,rdfs:subClassOf,rc:EnglishTopics
rc:EnglishAsOfficialLanguage,rdfs:subClassOf,rc:OfficialLanguage
rc:EnglishAsOfficialLanguage,rdfs:subClassOf,owl:Thing
rc:EducationalSoftwareForLinux,rdfs:subClassOf,rc:EducationalComputerProgram
rc:EducationalSoftwareForLinux,rdfs:subClassOf,owl:Thing
rc:AthenaInArt,rdfs:subClassOf,rc:ArtSubject
rc:AthenaInArt,rdfs:subClassOf,owl:Thing
rc:HandballCompetition,rdfs:subClassOf,rc:IndividualHandball
rc:HandballCompetition,rdfs:subClassOf,owl:Thing
rc:WestPapuanLanguage,rdfs:subClassOf,rc:PapuanLanguageGrouping
rc:WestPapuanLanguage,rdfs:subClassOf,owl:Thing
rc:Speedometer,rdfs:subClassOf,rc:Gauge
rc:Speedometer,rdfs:subClassOf,owl:Thing
rc:VoidPointer,rdfs:subClassOf,rc:ProgramObject
rc:VoidPointer,rdfs:subClassOf,owl:Thing
rc:DeweyDecimalClassification,rdfs:subClassOf,rc:ClassificationSystem
rc:DeweyDecimalClassification,rdfs:subClassOf,owl:Thing
rc:ShootEmUp,rdfs:subClassOf,rc:ComputerGameProgram_ShooterGame
rc:ShootEmUp,rdfs:subClassOf,owl:Thing
rc:PornographyTerm,rdfs:subClassOf,rc:Terminology
rc:PornographyTerm,rdfs:subClassOf,owl:Thing
rc:Margin_finance,rdfs:subClassOf,rc:MarginAccount
rc:Margin_finance,rdfs:subClassOf,owl:Thing
rc:Ridiculing,rdfs:subClassOf,rc:Disapproving_CommunicationAct
rc:Ridiculing,rdfs:subClassOf,owl:Thing
rc:GroupAutomorphism,rdfs:subClassOf,rc:GroupTheory
rc:GroupAutomorphism,rdfs:subClassOf,owl:Thing
rc:Going_for_Broke_album,rdfs:subClassOf,rc:Album
rc:Going_for_Broke_album,rdfs:subClassOf,owl:Thing
rc:CanadianCelticMusic,rdfs:subClassOf,rc:MusicalComposition_Celtic
rc:CanadianCelticMusic,rdfs:subClassOf,owl:Thing
rc:SpokanLanguage,rdfs:subClassOf,rc:SalishanLanguages
rc:SpokanLanguage,rdfs:subClassOf,owl:Thing
rc:SubstanceTheory,rdfs:subClassOf,rc:PhilosophicalTheory
rc:SubstanceTheory,rdfs:subClassOf,owl:Thing
rc:MusicalComposition_Soul,rdfs:subClassOf,rc:MusicTypeOpenGenre
rc:MusicalComposition_Soul,rdfs:subClassOf,rc:MusicalComposition
rc:MusicalComposition_Soul,rdfs:subClassOf,owl:Thing
rc:KitamatLanguage,rdfs:subClassOf,rc:WakashanLanguages
rc:KitamatLanguage,rdfs:subClassOf,owl:Thing
rc:OpenAccessArchive,rdfs:subClassOf,rc:Archive
rc:OpenAccessArchive,rdfs:subClassOf,rc:ScholarlyArticle
rc:OpenAccessArchive,rdfs:subClassOf,owl:Thing
rc:Debian,rdfs:subClassOf,rc:UnixVariant
rc:Debian,rdfs:subClassOf,owl:Thing
rc:ClosingTag,rdfs:subClassOf,rc:MarkupLanguageTag
rc:ClosingTag,rdfs:subClassOf,owl:Thing
rc:FIPSState_CountyCode,rdfs:subClassOf,rc:Geocode
rc:FIPSState_CountyCode,rdfs:subClassOf,owl:Thing
rc:Fossil,rdfs:subClassOf,rc:InformationBearingObject
rc:Fossil,rdfs:subClassOf,owl:Thing
rc:CrimeData,rdfs:subClassOf,rc:Dataset
rc:CrimeData,rdfs:subClassOf,owl:Thing
rc:DeniedStatus,rdfs:subClassOf,rc:LoanApplication
rc:DeniedStatus,rdfs:subClassOf,owl:Thing
rc:InventoryDocument,rdfs:subClassOf,rc:BusinessRelatedDocumentOrAgreement
rc:InventoryDocument,rdfs:subClassOf,owl:Thing
rc:WindowsArchitecture,rdfs:subClassOf,rc:MSWindowsOperatingSystem
rc:WindowsArchitecture,rdfs:subClassOf,owl:Thing
rc:IrishGrammar,rdfs:subClassOf,rc:LanguageGrammars
rc:IrishGrammar,rdfs:subClassOf,owl:Thing
rc:Featherwork,rdfs:subClassOf,rc:Art
rc:Featherwork,rdfs:subClassOf,owl:Thing
rc:TaxForm,rdfs:subClassOf,rc:Form_Entry
rc:TaxForm,rdfs:subClassOf,owl:Thing
rc:ElectronicDanceMusic,rdfs:subClassOf,rc:ElectronicMusic
rc:ElectronicDanceMusic,rdfs:subClassOf,rc:MusicTypeOpenGenre
rc:ElectronicDanceMusic,rdfs:subClassOf,owl:Thing
rc:RasterArray,rdfs:subClassOf,rc:Array_DataStructure
rc:RasterArray,rdfs:subClassOf,owl:Thing
rc:UkrainianLanguage,rdfs:subClassOf,rc:SlavicLanguages
rc:UkrainianLanguage,rdfs:subClassOf,owl:Thing
rc:StagecraftSoftware,rdfs:subClassOf,rc:EntertainmentSoftware
rc:StagecraftSoftware,rdfs:subClassOf,owl:Thing
rc:GeorgianTopics,rdfs:subClassOf,rc:LanguageSpecificTopics
rc:GeorgianTopics,rdfs:subClassOf,owl:Thing
rc:BankDebitCard,rdfs:subClassOf,rc:Card
rc:BankDebitCard,rdfs:subClassOf,rc:IDDocument
rc:BankDebitCard,rdfs:subClassOf,rc:TenderObject
rc:BankDebitCard,rdfs:subClassOf,owl:Thing
rc:DepositSlip,rdfs:subClassOf,rc:Form_StandardizedIBO
rc:DepositSlip,rdfs:subClassOf,rc:Receipt
rc:DepositSlip,rdfs:subClassOf,owl:Thing
rc:GatewayPC,rdfs:subClassOf,rc:PersonalComputer
rc:GatewayPC,rdfs:subClassOf,owl:Thing
rc:IRSTaxForm,rdfs:subClassOf,rc:TaxForm
rc:IRSTaxForm,rdfs:subClassOf,owl:Thing
rc:AthabascanLanguages,rdfs:subClassOf,rc:IndigenousAmericanLanguages
rc:AthabascanLanguages,rdfs:subClassOf,owl:Thing
rc:ShanLanguage,rdfs:subClassOf,rc:MonKhmerLanguages
rc:ShanLanguage,rdfs:subClassOf,owl:Thing
rc:Substance_SourceAlternation,rdfs:subClassOf,rc:ObjOfTrans_SubjOfIntrans
rc:Substance_SourceAlternation,rdfs:subClassOf,owl:Thing
rc:BDSMTerminology,rdfs:subClassOf,rc:PornographyTerm
rc:BDSMTerminology,rdfs:subClassOf,owl:Thing
rc:Ballot_Underspecified,rdfs:subClassOf,rc:Paper_IBO
rc:Ballot_Underspecified,rdfs:subClassOf,owl:Thing
rc:ArabicLetter,rdfs:subClassOf,rc:Letter_Alphabetic
rc:ArabicLetter,rdfs:subClassOf,owl:Thing
rc:GeorgianCalligraphy,rdfs:subClassOf,rc:GeorgianTopics
rc:GeorgianCalligraphy,rdfs:subClassOf,owl:Thing
rc:YaquiLanguage,rdfs:subClassOf,rc:OtherLanguages
rc:YaquiLanguage,rdfs:subClassOf,owl:Thing
rc:AwkFile,rdfs:subClassOf,rc:ComputerFileTypeByFormat
rc:AwkFile,rdfs:subClassOf,owl:Thing
rc:Zero_Number,rdfs:subClassOf,rc:CardinalNumber
rc:Zero_Number,rdfs:subClassOf,owl:Thing
rc:TemporaryLoan,rdfs:subClassOf,rc:ShortTermLoan
rc:TemporaryLoan,rdfs:subClassOf,owl:Thing
rc:HrusoLanguage,rdfs:subClassOf,rc:SinoTibetanLanguages
rc:HrusoLanguage,rdfs:subClassOf,owl:Thing
rc:TwoDimensionalArtObjectTypeByGenre,rdfs:subClassOf,rc:TwoDimensionalArtObject
rc:TwoDimensionalArtObjectTypeByGenre,rdfs:subClassOf,rc:VisualArtsGenre
rc:TwoDimensionalArtObjectTypeByGenre,rdfs:subClassOf,owl:Thing
rc:GregorianCalendar,rdfs:subClassOf,rc:CalendarSystem
rc:GregorianCalendar,rdfs:subClassOf,owl:Thing
rc:MusicalComposition_Disco,rdfs:subClassOf,rc:MusicalComposition_Soul
rc:MusicalComposition_Disco,rdfs:subClassOf,owl:Thing
rc:JournalIssue,rdfs:subClassOf,rc:PeriodicalIssue
rc:JournalIssue,rdfs:subClassOf,owl:Thing
rc:PaperPlane,rdfs:subClassOf,rc:Origami
rc:PaperPlane,rdfs:subClassOf,owl:Thing
rc:RomanEmpireInArtAndCulture,rdfs:subClassOf,rc:ArtSubject
rc:RomanEmpireInArtAndCulture,rdfs:subClassOf,owl:Thing
rc:PhonographRecord_78,rdfs:subClassOf,rc:PhonographRecord
rc:PhonographRecord_78,rdfs:subClassOf,owl:Thing
rc:Stain,rdfs:subClassOf,rc:VisualMark
rc:Stain,rdfs:subClassOf,owl:Thing
rc:DanishGrammar,rdfs:subClassOf,rc:LanguageGrammars
rc:DanishGrammar,rdfs:subClassOf,owl:Thing
rc:Fantasy_PictorialGenre,rdfs:subClassOf,rc:TwoDimensionalArtObjectTypeByGenre
rc:Fantasy_PictorialGenre,rdfs:subClassOf,owl:Thing
rc:OjibwaLanguage,rdfs:subClassOf,rc:AlgonquianLanguages
rc:OjibwaLanguage,rdfs:subClassOf,owl:Thing
rc:Viewer,rdfs:subClassOf,rc:FileReadingProgram
rc:Viewer,rdfs:subClassOf,owl:Thing
rc:LaptopComputer,rdfs:subClassOf,rc:PersonalComputer
rc:LaptopComputer,rdfs:subClassOf,owl:Thing
rc:StructuredKnowledgeSourceProtocol,rdfs:subClassOf,rc:MachineProtocol
rc:StructuredKnowledgeSourceProtocol,rdfs:subClassOf,owl:Thing
rc:ConferenceProceedingsIssue,rdfs:subClassOf,rc:JournalIssue
rc:ConferenceProceedingsIssue,rdfs:subClassOf,owl:Thing
rc:ApacheLanguage,rdfs:subClassOf,rc:AthabascanLanguages
rc:ApacheLanguage,rdfs:subClassOf,owl:Thing
rc:PositiveCoverage,rdfs:subClassOf,rc:InsurancePolicyDocument
rc:PositiveCoverage,rdfs:subClassOf,owl:Thing
rc:KachinLanguage,rdfs:subClassOf,rc:TibetoBurmanLanguages
rc:KachinLanguage,rdfs:subClassOf,owl:Thing
rc:TeleologicalArgument,rdfs:subClassOf,rc:Argument
rc:TeleologicalArgument,rdfs:subClassOf,owl:Thing
rc:VirtualHost,rdfs:subClassOf,rc:ComputerServer
rc:VirtualHost,rdfs:subClassOf,owl:Thing
rc:ProfessionalIceHockey,rdfs:subClassOf,rc:IceHockey
rc:ProfessionalIceHockey,rdfs:subClassOf,owl:Thing
rc:KunamaLanguage,rdfs:subClassOf,rc:OtherLanguages
rc:KunamaLanguage,rdfs:subClassOf,owl:Thing
rc:ShootingThaler,rdfs:subClassOf,rc:CommemorativeCoin
rc:ShootingThaler,rdfs:subClassOf,owl:Thing
rc:MacintoshComputer,rdfs:subClassOf,rc:AppleIncHardware
rc:MacintoshComputer,rdfs:subClassOf,owl:Thing
rc:UsenetClient,rdfs:subClassOf,rc:Usenet
rc:UsenetClient,rdfs:subClassOf,owl:Thing
rc:TitleDocument,rdfs:subClassOf,rc:LegalDocument
rc:TitleDocument,rdfs:subClassOf,owl:Thing
rc:DatabaseProtocol,rdfs:subClassOf,rc:StructuredKnowledgeSourceProtocol
rc:DatabaseProtocol,rdfs:subClassOf,owl:Thing
rc:HazaragiLanguage,rdfs:subClassOf,rc:IranianLanguages
rc:HazaragiLanguage,rdfs:subClassOf,owl:Thing
rc:Film,rdfs:subClassOf,rc:MovingImage
rc:Film,rdfs:subClassOf,owl:Thing
rc:ExtinctRomanceLanguage,rdfs:subClassOf,rc:RecentExtinctLanguages
rc:ExtinctRomanceLanguage,rdfs:subClassOf,owl:Thing
rc:Interiors,rdfs:subClassOf,rc:Movie
rc:Interiors,rdfs:subClassOf,owl:Thing
rc:EducationalSoftwareForOSX,rdfs:subClassOf,rc:EducationalComputerProgram
rc:EducationalSoftwareForOSX,rdfs:subClassOf,owl:Thing
rc:Check_TenderObject,rdfs:subClassOf,rc:FinancialAccountTenderObject
rc:Check_TenderObject,rdfs:subClassOf,rc:Form_StandardizedIBO
rc:Check_TenderObject,rdfs:subClassOf,rc:IDDocument
rc:Check_TenderObject,rdfs:subClassOf,rc:Paper_IBO
rc:Check_TenderObject,rdfs:subClassOf,rc:SheetOfPaper
rc:Check_TenderObject,rdfs:subClassOf,owl:Thing
rc:ApplicationLayerProtocol,rdfs:subClassOf,rc:ProtocolStackLayer
rc:ApplicationLayerProtocol,rdfs:subClassOf,owl:Thing
rc:OccitanoRomanceLanguage,rdfs:subClassOf,rc:RomanceLanguages
rc:OccitanoRomanceLanguage,rdfs:subClassOf,owl:Thing
rc:EnglishBasedPidginsAndCreoles,rdfs:subClassOf,rc:EnglishTopics
rc:EnglishBasedPidginsAndCreoles,rdfs:subClassOf,rc:PidginLanguage
rc:EnglishBasedPidginsAndCreoles,rdfs:subClassOf,owl:Thing
rc:InventoryManagementSoftware,rdfs:subClassOf,rc:BusinessFunctionSpecificSoftware
rc:InventoryManagementSoftware,rdfs:subClassOf,owl:Thing
rc:PersonnelRecord,rdfs:subClassOf,rc:Dataset
rc:PersonnelRecord,rdfs:subClassOf,rc:PersonnelDocumentation
rc:PersonnelRecord,rdfs:subClassOf,owl:Thing
rc:PomoanLanguage,rdfs:subClassOf,rc:RecentExtinctLanguages
rc:PomoanLanguage,rdfs:subClassOf,owl:Thing
rc:Pronoun_SubjectOrObject,rdfs:subClassOf,rc:Pronoun
rc:Pronoun_SubjectOrObject,rdfs:subClassOf,owl:Thing
rc:PhonographRecord_LP,rdfs:subClassOf,rc:PhonographRecord
rc:PhonographRecord_LP,rdfs:subClassOf,owl:Thing
rc:WestSlavicLanguage,rdfs:subClassOf,rc:SlavicLanguages
rc:WestSlavicLanguage,rdfs:subClassOf,owl:Thing
rc:WindowsComponent,rdfs:subClassOf,rc:MSWindowsOperatingSystem
rc:WindowsComponent,rdfs:subClassOf,owl:Thing
rc:OpenAccessPublishing,rdfs:subClassOf,rc:ScholarlyArticle
rc:OpenAccessPublishing,rdfs:subClassOf,owl:Thing
rc:Ballot,rdfs:subClassOf,rc:Ballot_Underspecified
rc:Ballot,rdfs:subClassOf,rc:List_CW
rc:Ballot,rdfs:subClassOf,owl:Thing
rc:ArticleCollection,rdfs:subClassOf,rc:Article_PCW
rc:ArticleCollection,rdfs:subClassOf,owl:Thing
rc:NetworkProtocol,rdfs:subClassOf,rc:CommunicationProtocol
rc:NetworkProtocol,rdfs:subClassOf,rc:ProgramSpecification
rc:NetworkProtocol,rdfs:subClassOf,owl:Thing
rc:SpellChecker,rdfs:subClassOf,rc:EducationalReferenceSoftware
rc:SpellChecker,rdfs:subClassOf,rc:UtilityProgram
rc:SpellChecker,rdfs:subClassOf,owl:Thing
rc:ApplePowerbookComputer,rdfs:subClassOf,rc:LaptopComputer
rc:ApplePowerbookComputer,rdfs:subClassOf,rc:MacintoshComputer
rc:ApplePowerbookComputer,rdfs:subClassOf,owl:Thing
rc:CopyrightLicense,rdfs:subClassOf,rc:License_IBTRights
rc:CopyrightLicense,rdfs:subClassOf,owl:Thing
rc:ThesaurusInformation,rdfs:subClassOf,rc:ClassificationSystem
rc:ThesaurusInformation,rdfs:subClassOf,owl:Thing
rc:BankDraft,rdfs:subClassOf,rc:Check_TenderObject
rc:BankDraft,rdfs:subClassOf,owl:Thing
rc:Florin_BritishCoin,rdfs:subClassOf,rc:Coin_Currency
rc:Florin_BritishCoin,rdfs:subClassOf,owl:Thing
rc:WindowsDevice,rdfs:subClassOf,rc:Smartphone
rc:WindowsDevice,rdfs:subClassOf,owl:Thing
rc:ProfessionalLicense_Document,rdfs:subClassOf,rc:IDDocument
rc:ProfessionalLicense_Document,rdfs:subClassOf,rc:License_IBO
rc:ProfessionalLicense_Document,rdfs:subClassOf,owl:Thing
rc:RasterToVectorConversionSoftware,rdfs:subClassOf,rc:GraphicsEditingProgram
rc:RasterToVectorConversionSoftware,rdfs:subClassOf,owl:Thing
rc:BotanicalArt,rdfs:subClassOf,rc:Art
rc:BotanicalArt,rdfs:subClassOf,owl:Thing
rc:ThesaurusProgram,rdfs:subClassOf,rc:ReferenceComputerProgram
rc:ThesaurusProgram,rdfs:subClassOf,rc:Thesaurus
rc:ThesaurusProgram,rdfs:subClassOf,owl:Thing
rc:UkrainianLanguageSurname,rdfs:subClassOf,rc:HumanSurname
rc:UkrainianLanguageSurname,rdfs:subClassOf,owl:Thing
rc:Album_IBO,rdfs:subClassOf,rc:RecordedSoundProduct
rc:Album_IBO,rdfs:subClassOf,owl:Thing
rc:MusicalComposition_Electronica,rdfs:subClassOf,rc:MusicTypeOpenGenre
rc:MusicalComposition_Electronica,rdfs:subClassOf,rc:MusicalComposition
rc:MusicalComposition_Electronica,rdfs:subClassOf,owl:Thing
rc:RockInstrumental,rdfs:subClassOf,rc:RockMusic
rc:RockInstrumental,rdfs:subClassOf,owl:Thing
rc:Freeware,rdfs:subClassOf,rc:ComputerProgramByLicense
rc:Freeware,rdfs:subClassOf,owl:Thing
rc:RegisterArchitecture,rdfs:subClassOf,rc:ComputerArchitecture
rc:RegisterArchitecture,rdfs:subClassOf,owl:Thing
rc:OlympicSilverMedal,rdfs:subClassOf,rc:OlympicMedal
rc:OlympicSilverMedal,rdfs:subClassOf,owl:Thing
rc:HentaiAnimeAndManga,rdfs:subClassOf,rc:Manga
rc:HentaiAnimeAndManga,rdfs:subClassOf,owl:Thing
rc:ScreenSaver,rdfs:subClassOf,rc:DiversionaryComputerProgram
rc:ScreenSaver,rdfs:subClassOf,rc:LocalProgram
rc:ScreenSaver,rdfs:subClassOf,owl:Thing
rc:GolaLanguage,rdfs:subClassOf,rc:AtlanticCongoLanguages
rc:GolaLanguage,rdfs:subClassOf,owl:Thing
rc:Lieutenant_Title,rdfs:subClassOf,rc:MilitaryTitle
rc:Lieutenant_Title,rdfs:subClassOf,owl:Thing
rc:Awk_ProgrammingLanguage,rdfs:subClassOf,rc:AbstractProgrammingLanguage
rc:Awk_ProgrammingLanguage,rdfs:subClassOf,owl:Thing
rc:MusicalComposition_Song,rdfs:subClassOf,rc:MusicalComposition
rc:MusicalComposition_Song,rdfs:subClassOf,owl:Thing
rc:PartialOrdering_Strict,rdfs:subClassOf,rc:MathematicalOrdering
rc:PartialOrdering_Strict,rdfs:subClassOf,owl:Thing
rc:RepresentationTheory,rdfs:subClassOf,rc:GroupTheory
rc:RepresentationTheory,rdfs:subClassOf,owl:Thing
rc:RadioShow,rdfs:subClassOf,rc:AudioConceptualWork
rc:RadioShow,rdfs:subClassOf,rc:BroadcastMediaShow
rc:RadioShow,rdfs:subClassOf,owl:Thing
rc:DebtAssumptionLetter,rdfs:subClassOf,rc:FinancialDocument
rc:DebtAssumptionLetter,rdfs:subClassOf,rc:OfficialDocument
rc:DebtAssumptionLetter,rdfs:subClassOf,owl:Thing
rc:UpskirtPicture,rdfs:subClassOf,rc:PornographicPicture
rc:UpskirtPicture,rdfs:subClassOf,rc:VisualImage
rc:UpskirtPicture,rdfs:subClassOf,owl:Thing
rc:Zeuhl,rdfs:subClassOf,rc:ProgressiveRockMusic
rc:Zeuhl,rdfs:subClassOf,owl:Thing
rc:Freeware3DGraphicsSoftware,rdfs:subClassOf,rc:Freeware
rc:Freeware3DGraphicsSoftware,rdfs:subClassOf,owl:Thing
rc:ComputerFileCopy,rdfs:subClassOf,rc:ComputerIBT
rc:ComputerFileCopy,rdfs:subClassOf,rc:Document
rc:ComputerFileCopy,rdfs:subClassOf,owl:Thing
rc:IrishLanguage,rdfs:subClassOf,rc:CelticLanguages
rc:IrishLanguage,rdfs:subClassOf,owl:Thing
rc:GeorgianFamilyTree,rdfs:subClassOf,rc:FamilyTree
rc:GeorgianFamilyTree,rdfs:subClassOf,owl:Thing
rc:AdministrationProgram,rdfs:subClassOf,rc:UtilityProgram
rc:AdministrationProgram,rdfs:subClassOf,owl:Thing
rc:BritishSignLanguage,rdfs:subClassOf,rc:SignLanguages
rc:BritishSignLanguage,rdfs:subClassOf,owl:Thing
rc:HalfDollarCoin_US,rdfs:subClassOf,rc:Coin_US
rc:HalfDollarCoin_US,rdfs:subClassOf,owl:Thing
rc:EmailAgent,rdfs:subClassOf,rc:EMailProgram
rc:EmailAgent,rdfs:subClassOf,owl:Thing
rc:CodeBook,rdfs:subClassOf,rc:PrintedPublication
rc:CodeBook,rdfs:subClassOf,owl:Thing
rc:ComputerBulletinBoard,rdfs:subClassOf,rc:IndexedInformationSource
rc:ComputerBulletinBoard,rdfs:subClassOf,owl:Thing
rc:WAVFile,rdfs:subClassOf,rc:ComputerSoundFile
rc:WAVFile,rdfs:subClassOf,owl:Thing
rc:EventLikeOrdering,rdfs:subClassOf,rc:PartialOrdering_Strict
rc:EventLikeOrdering,rdfs:subClassOf,owl:Thing
rc:SmartPhoneOS,rdfs:subClassOf,rc:OperatingSystem
rc:SmartPhoneOS,rdfs:subClassOf,owl:Thing
rc:ExtinctSlavicLanguage,rdfs:subClassOf,rc:RecentExtinctLanguages
rc:ExtinctSlavicLanguage,rdfs:subClassOf,owl:Thing
rc:DeepWeb,rdfs:subClassOf,rc:WorldWideWeb_DynamicIndexedInfoSource
rc:DeepWeb,rdfs:subClassOf,owl:Thing
rc:Ballot_IBO,rdfs:subClassOf,rc:Ballot_Underspecified
rc:Ballot_IBO,rdfs:subClassOf,rc:PublishedIBT
rc:Ballot_IBO,rdfs:subClassOf,owl:Thing
rc:VirtualLearningEnvironment,rdfs:subClassOf,rc:EducationalComputerProgram
rc:VirtualLearningEnvironment,rdfs:subClassOf,owl:Thing
rc:EarthSciencesGraphicsSoftware,rdfs:subClassOf,rc:ScientificSoftware
rc:EarthSciencesGraphicsSoftware,rdfs:subClassOf,owl:Thing
rc:DynamicInfoSource,rdfs:subClassOf,kko:Information
rc:DynamicInfoSource,rdfs:subClassOf,owl:Thing
rc:Bill_PaymentRequest,rdfs:subClassOf,rc:FinancialDocument
rc:Bill_PaymentRequest,rdfs:subClassOf,owl:Thing
rc:PiercedBodyPart,rdfs:subClassOf,rc:BodyArt
rc:PiercedBodyPart,rdfs:subClassOf,owl:Thing
rc:XMLDataAccess,rdfs:subClassOf,rc:XML_MarkupLanguage
rc:XMLDataAccess,rdfs:subClassOf,owl:Thing
rc:UsenetFreePosting,rdfs:subClassOf,rc:Usenet
rc:UsenetFreePosting,rdfs:subClassOf,owl:Thing
rc:FormosanLanguages,rdfs:subClassOf,rc:AustronesianLanguages
rc:FormosanLanguages,rdfs:subClassOf,owl:Thing
rc:ElectricalEquipmentSoftware,rdfs:subClassOf,rc:Software
rc:ElectricalEquipmentSoftware,rdfs:subClassOf,owl:Thing
rc:SpellingCompetition,rdfs:subClassOf,rc:Spelling
rc:SpellingCompetition,rdfs:subClassOf,owl:Thing
rc:SellersPack_PCW,rdfs:subClassOf,rc:PublicInformationWork
rc:SellersPack_PCW,rdfs:subClassOf,owl:Thing
rc:EducationalSoftwareForWindows,rdfs:subClassOf,rc:EducationalComputerProgram
rc:EducationalSoftwareForWindows,rdfs:subClassOf,owl:Thing
rc:LatticeModel,rdfs:subClassOf,rc:QuantumMechanics
rc:LatticeModel,rdfs:subClassOf,owl:Thing
rc:MariLanguage,rdfs:subClassOf,rc:UralicLanguages
rc:MariLanguage,rdfs:subClassOf,owl:Thing
rc:AtticGreekDialect,rdfs:subClassOf,rc:AncientLanguages
rc:AtticGreekDialect,rdfs:subClassOf,rc:GreekDialect
rc:AtticGreekDialect,rdfs:subClassOf,owl:Thing
rc:HandballTerminology,rdfs:subClassOf,rc:SportsTerminology
rc:HandballTerminology,rdfs:subClassOf,owl:Thing
rc:FreewareGame,rdfs:subClassOf,rc:ComputerGameProgram
rc:FreewareGame,rdfs:subClassOf,rc:Freeware
rc:FreewareGame,rdfs:subClassOf,owl:Thing
rc:Interjection_SpeechPart,rdfs:subClassOf,rc:ClosedClassWord
rc:Interjection_SpeechPart,rdfs:subClassOf,owl:Thing
rc:RestrictedRating,rdfs:subClassOf,rc:Movie
rc:RestrictedRating,rdfs:subClassOf,owl:Thing
rc:CopyProtectedProgram,rdfs:subClassOf,rc:ComputerFileCopy
rc:CopyProtectedProgram,rdfs:subClassOf,owl:Thing
rc:Proposition,rdfs:subClassOf,rc:Information_Content
rc:Proposition,rdfs:subClassOf,owl:Thing
rc:MusicalComposition_Experimental,rdfs:subClassOf,rc:MusicTypeOpenGenre
rc:MusicalComposition_Experimental,rdfs:subClassOf,rc:MusicalComposition
rc:MusicalComposition_Experimental,rdfs:subClassOf,owl:Thing
rc:XMLEditor,rdfs:subClassOf,rc:XML_MarkupLanguage
rc:XMLEditor,rdfs:subClassOf,owl:Thing
rc:UsenetServer,rdfs:subClassOf,rc:Usenet
rc:UsenetServer,rdfs:subClassOf,owl:Thing
rc:Song,rdfs:subClassOf,rc:MusicalComposition_Song
rc:Song,rdfs:subClassOf,owl:Thing
rc:ThrillerMovie,rdfs:subClassOf,rc:FilmGenre
rc:ThrillerMovie,rdfs:subClassOf,owl:Thing
rc:SpokenWordAlbum,rdfs:subClassOf,rc:RecordedSoundProduct
rc:SpokenWordAlbum,rdfs:subClassOf,owl:Thing
rc:UkrainianLanguageVarietyOrStyle,rdfs:subClassOf,rc:UkrainianLanguage
rc:UkrainianLanguageVarietyOrStyle,rdfs:subClassOf,owl:Thing
rc:Theorem_Proposition,rdfs:subClassOf,rc:Proposition
rc:Theorem_Proposition,rdfs:subClassOf,owl:Thing
rc:SaterlandFrisianLanguage,rdfs:subClassOf,rc:GermanicLanguages
rc:SaterlandFrisianLanguage,rdfs:subClassOf,owl:Thing
rc:SouthernAthabaskanLanguage,rdfs:subClassOf,rc:AthabascanLanguages
rc:SouthernAthabaskanLanguage,rdfs:subClassOf,owl:Thing
rc:Numeral,rdfs:subClassOf,rc:WritingSymbolCharacter
rc:Numeral,rdfs:subClassOf,owl:Thing
rc:FifteenYearLoan,rdfs:subClassOf,rc:FixedTimeLoan
rc:FifteenYearLoan,rdfs:subClassOf,owl:Thing
rc:CompactDiscAndDVDCopyProtection,rdfs:subClassOf,rc:CopyProtectedProgram
rc:CompactDiscAndDVDCopyProtection,rdfs:subClassOf,owl:Thing
rc:WarehouseLine,rdfs:subClassOf,rc:LoanAgreement
rc:WarehouseLine,rdfs:subClassOf,owl:Thing
rc:Restricted_RoadClassification,rdfs:subClassOf,rc:RoadClass
rc:Restricted_RoadClassification,rdfs:subClassOf,owl:Thing
rc:HentaiDjin,rdfs:subClassOf,rc:Hentai
rc:HentaiDjin,rdfs:subClassOf,owl:Thing
rc:WindowsFile,rdfs:subClassOf,rc:ComputerFileTypeByFormat
rc:WindowsFile,rdfs:subClassOf,rc:MSWindowsOperatingSystem
rc:WindowsFile,rdfs:subClassOf,owl:Thing
rc:ScreenShot,rdfs:subClassOf,rc:VisualImage
rc:ScreenShot,rdfs:subClassOf,owl:Thing
rc:BayesTheorem,rdfs:subClassOf,rc:Theorem_Proposition
rc:BayesTheorem,rdfs:subClassOf,owl:Thing
rc:GoogleAndroidOS,rdfs:subClassOf,rc:SmartPhoneOS
rc:GoogleAndroidOS,rdfs:subClassOf,owl:Thing
rc:ArabicNumeral,rdfs:subClassOf,rc:Numeral
rc:ArabicNumeral,rdfs:subClassOf,owl:Thing
rc:ConferenceProceedingsSeries,rdfs:subClassOf,rc:JournalSeries
rc:ConferenceProceedingsSeries,rdfs:subClassOf,owl:Thing
rc:HeraldicBadge,rdfs:subClassOf,rc:Badge
rc:HeraldicBadge,rdfs:subClassOf,owl:Thing
rc:FriendshipCard,rdfs:subClassOf,rc:GreetingCard
rc:FriendshipCard,rdfs:subClassOf,owl:Thing
rc:CGIScript,rdfs:subClassOf,rc:ScriptingProgram
rc:CGIScript,rdfs:subClassOf,owl:Thing
rc:IndexedInformationSource,rdfs:subClassOf,rc:StructuredInformationSource
rc:IndexedInformationSource,rdfs:subClassOf,owl:Thing
rc:BritishSlang,rdfs:subClassOf,rc:BritishEnglishDialect
rc:BritishSlang,rdfs:subClassOf,owl:Thing
rc:RadioShow_IBT,rdfs:subClassOf,rc:SoundInformationBearingThing
rc:RadioShow_IBT,rdfs:subClassOf,owl:Thing
rc:MathematicalCharacter,rdfs:subClassOf,rc:WritingSymbolCharacter
rc:MathematicalCharacter,rdfs:subClassOf,owl:Thing
rc:RockLyric,rdfs:subClassOf,rc:Lyric_WordsToSong
rc:RockLyric,rdfs:subClassOf,owl:Thing
rc:ROT13,rdfs:subClassOf,rc:CaesarCipher
rc:ROT13,rdfs:subClassOf,owl:Thing
rc:ApacheWebServer,rdfs:subClassOf,rc:OpenSourceComputerProgram
rc:ApacheWebServer,rdfs:subClassOf,rc:ServerProgram
rc:ApacheWebServer,rdfs:subClassOf,owl:Thing
rc:MailingList,rdfs:subClassOf,rc:List_Information
rc:MailingList,rdfs:subClassOf,owl:Thing
rc:SignalMultiplexing,rdfs:subClassOf,rc:SignalProcessing
rc:SignalMultiplexing,rdfs:subClassOf,owl:Thing
rc:Ballot_PaperCopy,rdfs:subClassOf,rc:Ballot_IBO
rc:Ballot_PaperCopy,rdfs:subClassOf,owl:Thing
rc:WPAdBlock,rdfs:subClassOf,rc:WebPage
rc:WPAdBlock,rdfs:subClassOf,owl:Thing
rc:HorrorMovie,rdfs:subClassOf,rc:FilmGenre
rc:HorrorMovie,rdfs:subClassOf,owl:Thing
rc:GameEngine,rdfs:subClassOf,rc:ComputerGameProgram
rc:GameEngine,rdfs:subClassOf,owl:Thing
rc:DividedBySign_TheSymbol,rdfs:subClassOf,rc:MathematicalCharacter
rc:DividedBySign_TheSymbol,rdfs:subClassOf,owl:Thing
rc:DatabaseServerProgram,rdfs:subClassOf,rc:DatabaseProgram
rc:DatabaseServerProgram,rdfs:subClassOf,rc:ServerProgram
rc:DatabaseServerProgram,rdfs:subClassOf,owl:Thing
rc:GeorgianGrammar,rdfs:subClassOf,rc:GeorgianTopics
rc:GeorgianGrammar,rdfs:subClassOf,rc:LanguageGrammars
rc:GeorgianGrammar,rdfs:subClassOf,owl:Thing
rc:CanadianCountryMusic,rdfs:subClassOf,rc:CountryMusic
rc:CanadianCountryMusic,rdfs:subClassOf,rc:MusicalComposition_Country
rc:CanadianCountryMusic,rdfs:subClassOf,owl:Thing
rc:HalfEagleCoin_US,rdfs:subClassOf,rc:Coin_US
rc:HalfEagleCoin_US,rdfs:subClassOf,owl:Thing
rc:DelinquentStatus,rdfs:subClassOf,rc:LoanAgreement
rc:DelinquentStatus,rdfs:subClassOf,owl:Thing
rc:DynamicIndexedInfoSource,rdfs:subClassOf,rc:DynamicInfoSource
rc:DynamicIndexedInfoSource,rdfs:subClassOf,rc:IndexedInformationSource
rc:DynamicIndexedInfoSource,rdfs:subClassOf,owl:Thing
rc:LuggageTag,rdfs:subClassOf,rc:Tag_IBO
rc:LuggageTag,rdfs:subClassOf,owl:Thing
rc:CodeDivisionMultipleAccess,rdfs:subClassOf,rc:SignalMultiplexing
rc:CodeDivisionMultipleAccess,rdfs:subClassOf,owl:Thing
rc:CliffsNotes,rdfs:subClassOf,rc:ReferenceWork_Written
rc:CliffsNotes,rdfs:subClassOf,owl:Thing
rc:SharedEquityMortgage,rdfs:subClassOf,rc:MortgageAgreement
rc:SharedEquityMortgage,rdfs:subClassOf,owl:Thing
rc:20EuroNote,rdfs:subClassOf,rc:EuroBanknote
rc:20EuroNote,rdfs:subClassOf,owl:Thing
rc:Guideline,rdfs:subClassOf,rc:Instructions
rc:Guideline,rdfs:subClassOf,owl:Thing
rc:EmailClient,rdfs:subClassOf,rc:ClientProgram
rc:EmailClient,rdfs:subClassOf,rc:EMailProgram
rc:EmailClient,rdfs:subClassOf,owl:Thing
rc:DanishLanguage,rdfs:subClassOf,rc:GermanicLanguages
rc:DanishLanguage,rdfs:subClassOf,owl:Thing
rc:LaborHourContract,rdfs:subClassOf,rc:Contract
rc:LaborHourContract,rdfs:subClassOf,owl:Thing
rc:TitleReport,rdfs:subClassOf,rc:GovernmentDocument
rc:TitleReport,rdfs:subClassOf,owl:Thing
rc:LatticePoint,rdfs:subClassOf,rc:NumberTheory
rc:LatticePoint,rdfs:subClassOf,owl:Thing
rc:MusicalComposition_FolkRock,rdfs:subClassOf,rc:MusicalComposition_Folk
rc:MusicalComposition_FolkRock,rdfs:subClassOf,rc:MusicalComposition_Rock
rc:MusicalComposition_FolkRock,rdfs:subClassOf,owl:Thing
rc:Fare,rdfs:subClassOf,rc:Ticket
rc:Fare,rdfs:subClassOf,owl:Thing
rc:StainedGlassWorkAsArtForm,rdfs:subClassOf,rc:Graphic_VisualIBT
rc:StainedGlassWorkAsArtForm,rdfs:subClassOf,rc:HardcopyInformationBearingObject
rc:StainedGlassWorkAsArtForm,rdfs:subClassOf,rc:TwoDimensionalArtObject
rc:StainedGlassWorkAsArtForm,rdfs:subClassOf,owl:Thing
rc:QuarterCoin_US,rdfs:subClassOf,rc:Coin_US
rc:QuarterCoin_US,rdfs:subClassOf,owl:Thing
rc:WebSite,rdfs:subClassOf,rc:DynamicIndexedInfoSource
rc:WebSite,rdfs:subClassOf,rc:StructurallySpecificWork
rc:WebSite,rdfs:subClassOf,owl:Thing
rc:DoubleAlbum,rdfs:subClassOf,rc:Album
rc:DoubleAlbum,rdfs:subClassOf,owl:Thing
rc:ScriptingProgram,rdfs:subClassOf,rc:UtilityProgram
rc:ScriptingProgram,rdfs:subClassOf,owl:Thing
rc:MeowingSound,rdfs:subClassOf,rc:AnimalSound
rc:MeowingSound,rdfs:subClassOf,owl:Thing
rc:IslamicCalendar,rdfs:subClassOf,rc:CalendarSystem
rc:IslamicCalendar,rdfs:subClassOf,owl:Thing
rc:XMLFile,rdfs:subClassOf,rc:ComputerFileTypeByFormat
rc:XMLFile,rdfs:subClassOf,owl:Thing
rc:WPFooter,rdfs:subClassOf,rc:WebPage
rc:WPFooter,rdfs:subClassOf,owl:Thing
rc:EquityMortgage,rdfs:subClassOf,rc:SharedEquityMortgage
rc:EquityMortgage,rdfs:subClassOf,owl:Thing
rc:ShoppingCartProgram,rdfs:subClassOf,rc:InteractiveComputerProgram
rc:ShoppingCartProgram,rdfs:subClassOf,rc:ServerProgram
rc:ShoppingCartProgram,rdfs:subClassOf,owl:Thing
rc:RussianTopics,rdfs:subClassOf,rc:LanguageSpecificTopics
rc:RussianTopics,rdfs:subClassOf,owl:Thing
rc:IsraeliHebrewLanguage,rdfs:subClassOf,rc:SemiticLanguages
rc:IsraeliHebrewLanguage,rdfs:subClassOf,owl:Thing
rc:AppleScript,rdfs:subClassOf,rc:ScriptingProgram
rc:AppleScript,rdfs:subClassOf,owl:Thing
rc:PerturbationTheory,rdfs:subClassOf,rc:QuantumMechanics
rc:PerturbationTheory,rdfs:subClassOf,owl:Thing
rc:HazardScale,rdfs:subClassOf,rc:Ranking
rc:HazardScale,rdfs:subClassOf,owl:Thing
rc:StainedGlassWindow,rdfs:subClassOf,rc:StainedGlassWorkAsArtForm
rc:StainedGlassWindow,rdfs:subClassOf,owl:Thing
rc:InfiniteGraph,rdfs:subClassOf,rc:GraphTheory
rc:InfiniteGraph,rdfs:subClassOf,owl:Thing
rc:ChineseGrammar,rdfs:subClassOf,rc:ChineseTopics
rc:ChineseGrammar,rdfs:subClassOf,rc:LanguageGrammars
rc:ChineseGrammar,rdfs:subClassOf,owl:Thing
rc:MiddleEasternMusic,rdfs:subClassOf,rc:MusicByRegion
rc:MiddleEasternMusic,rdfs:subClassOf,owl:Thing
rc:FifteenYearMortgageAgreement,rdfs:subClassOf,rc:FifteenYearLoan
rc:FifteenYearMortgageAgreement,rdfs:subClassOf,rc:MortgageAgreement
rc:FifteenYearMortgageAgreement,rdfs:subClassOf,owl:Thing
rc:Major_Title,rdfs:subClassOf,rc:MilitaryTitle
rc:Major_Title,rdfs:subClassOf,owl:Thing
rc:FilmAndTelevisionPodcast,rdfs:subClassOf,rc:MovingImage
rc:FilmAndTelevisionPodcast,rdfs:subClassOf,owl:Thing
rc:OtomiLanguage,rdfs:subClassOf,rc:OtomangueanLanguages
rc:OtomiLanguage,rdfs:subClassOf,owl:Thing
rc:QuarterEagleCoin_US,rdfs:subClassOf,rc:Coin_US
rc:QuarterEagleCoin_US,rdfs:subClassOf,owl:Thing
rc:Macbook,rdfs:subClassOf,rc:AppleIncHardware
rc:Macbook,rdfs:subClassOf,owl:Thing
rc:ApacheModule,rdfs:subClassOf,rc:ApacheWebServer
rc:ApacheModule,rdfs:subClassOf,owl:Thing
rc:Perjury,rdfs:subClassOf,rc:Testifying
rc:Perjury,rdfs:subClassOf,owl:Thing
rc:Palaeography,rdfs:subClassOf,rc:RomanAlphabet
rc:Palaeography,rdfs:subClassOf,owl:Thing
rc:EasternRomanceLanguage,rdfs:subClassOf,rc:RomanceLanguages
rc:EasternRomanceLanguage,rdfs:subClassOf,owl:Thing
rc:GeographicTaxonomy,rdfs:subClassOf,rc:Taxonomy
rc:GeographicTaxonomy,rdfs:subClassOf,owl:Thing
rc:WindowsGraphicsRelatedSoftware,rdfs:subClassOf,rc:GraphicsEditingProgram
rc:WindowsGraphicsRelatedSoftware,rdfs:subClassOf,owl:Thing
rc:CHeader,rdfs:subClassOf,rc:C_ProgrammingLanguage
rc:CHeader,rdfs:subClassOf,owl:Thing
rc:GoldCard,rdfs:subClassOf,rc:CreditCard
rc:GoldCard,rdfs:subClassOf,owl:Thing
rc:YaruroLanguage,rdfs:subClassOf,rc:PanoanLanguages
rc:YaruroLanguage,rdfs:subClassOf,owl:Thing
rc:Column,rdfs:subClassOf,rc:Article_PCW
rc:Column,rdfs:subClassOf,rc:PublishedConceptualWork
rc:Column,rdfs:subClassOf,owl:Thing
rc:Database_Physical,rdfs:subClassOf,rc:InformationBearingObject
rc:Database_Physical,rdfs:subClassOf,rc:StructuredKnowledgeSource
rc:Database_Physical,rdfs:subClassOf,owl:Thing
rc:RadioSketchShow,rdfs:subClassOf,rc:Sketch
rc:RadioSketchShow,rdfs:subClassOf,owl:Thing
rc:RockMusicGenre,rdfs:subClassOf,rc:MusicalComposition_Rock
rc:RockMusicGenre,rdfs:subClassOf,rc:RockMusic
rc:RockMusicGenre,rdfs:subClassOf,owl:Thing
rc:GeorgianInscription,rdfs:subClassOf,rc:GeorgianTopics
rc:GeorgianInscription,rdfs:subClassOf,rc:Inscription
rc:GeorgianInscription,rdfs:subClassOf,owl:Thing
rc:Grant,rdfs:subClassOf,rc:FinancialAidAgreement
rc:Grant,rdfs:subClassOf,owl:Thing
rc:FinancialStatement,rdfs:subClassOf,rc:FinancialDocument
rc:FinancialStatement,rdfs:subClassOf,owl:Thing
rc:EditionOfCWSeries_Periodic,rdfs:subClassOf,rc:PublishedConceptualWork
rc:EditionOfCWSeries_Periodic,rdfs:subClassOf,owl:Thing
rc:TurkishToponym,rdfs:subClassOf,rc:LanguageToponyms
rc:TurkishToponym,rdfs:subClassOf,owl:Thing
rc:ClassicalMusic_Classical,rdfs:subClassOf,rc:ClassicalMusic
rc:ClassicalMusic_Classical,rdfs:subClassOf,owl:Thing
rc:ScienceFictionTVShow,rdfs:subClassOf,rc:FictionalTVShow
rc:ScienceFictionTVShow,rdfs:subClassOf,rc:NarrativeTVShow
rc:ScienceFictionTVShow,rdfs:subClassOf,owl:Thing
rc:ArabicOrthography,rdfs:subClassOf,rc:ClassicalArabicWriting
rc:ArabicOrthography,rdfs:subClassOf,owl:Thing
rc:IrishLanguageSurname,rdfs:subClassOf,rc:HumanSurname
rc:IrishLanguageSurname,rdfs:subClassOf,owl:Thing
rc:Blame,rdfs:subClassOf,rc:Accusing
rc:Blame,rdfs:subClassOf,owl:Thing
rc:Monophthong_Vowel,rdfs:subClassOf,rc:Vowel
rc:Monophthong_Vowel,rdfs:subClassOf,owl:Thing
rc:SSHProgram,rdfs:subClassOf,rc:RemoteLoginProgram
rc:SSHProgram,rdfs:subClassOf,owl:Thing
rc:ContractNote,rdfs:subClassOf,rc:FinancialStatement
rc:ContractNote,rdfs:subClassOf,owl:Thing
rc:ComputerProgramModule,rdfs:subClassOf,rc:ComputerProgram
rc:ComputerProgramModule,rdfs:subClassOf,owl:Thing
rc:PhysicalDBTable,rdfs:subClassOf,rc:InformationBearingThing
rc:PhysicalDBTable,rdfs:subClassOf,rc:StructuredKnowledgeSource
rc:PhysicalDBTable,rdfs:subClassOf,owl:Thing
rc:HeraldicDevice,rdfs:subClassOf,rc:Insignia
rc:HeraldicDevice,rdfs:subClassOf,owl:Thing
rc:VideoSoftware,rdfs:subClassOf,rc:MultimediaSoftware
rc:VideoSoftware,rdfs:subClassOf,owl:Thing
rc:PunjabiLanguage,rdfs:subClassOf,rc:IndicLanguages
rc:PunjabiLanguage,rdfs:subClassOf,owl:Thing
rc:ClassicalMusic_Romantic,rdfs:subClassOf,rc:ClassicalMusic
rc:ClassicalMusic_Romantic,rdfs:subClassOf,owl:Thing
rc:DanishLanguageSurname,rdfs:subClassOf,rc:HumanSurname
rc:DanishLanguageSurname,rdfs:subClassOf,owl:Thing
rc:WindowsME,rdfs:subClassOf,rc:MSWindowsOperatingSystem
rc:WindowsME,rdfs:subClassOf,owl:Thing
rc:Whitespace,rdfs:subClassOf,rc:Punctuation
rc:Whitespace,rdfs:subClassOf,owl:Thing
rc:ForeignMovie,rdfs:subClassOf,rc:FilmGenre
rc:ForeignMovie,rdfs:subClassOf,owl:Thing
rc:MarkupLanguage,rdfs:subClassOf,rc:ComputerLanguage
rc:MarkupLanguage,rdfs:subClassOf,owl:Thing
rc:PeriodicalIssue,rdfs:subClassOf,rc:EditionOfCWSeries_Periodic
rc:PeriodicalIssue,rdfs:subClassOf,rc:MediaProduct
rc:PeriodicalIssue,rdfs:subClassOf,owl:Thing
rc:RussianGrammar,rdfs:subClassOf,rc:LanguageGrammars
rc:RussianGrammar,rdfs:subClassOf,rc:RussianTopics
rc:RussianGrammar,rdfs:subClassOf,owl:Thing
rc:NarrativeTVShow,rdfs:subClassOf,rc:TVShow
rc:NarrativeTVShow,rdfs:subClassOf,owl:Thing
rc:MaghrebiArabic,rdfs:subClassOf,rc:ArabicLanguage
rc:MaghrebiArabic,rdfs:subClassOf,rc:ClassicalArabicWriting
rc:MaghrebiArabic,rdfs:subClassOf,owl:Thing
rc:ScreencastingSoftware,rdfs:subClassOf,rc:VideoSoftware
rc:ScreencastingSoftware,rdfs:subClassOf,owl:Thing
rc:EducationalComputerProgram,rdfs:subClassOf,rc:ApplicationProgram
rc:EducationalComputerProgram,rdfs:subClassOf,owl:Thing
rc:ReceiptItem,rdfs:subClassOf,rc:Receipt
rc:ReceiptItem,rdfs:subClassOf,owl:Thing
rc:200EuroNote,rdfs:subClassOf,rc:EuroBanknote
rc:200EuroNote,rdfs:subClassOf,owl:Thing
rc:CoverOfIBO,rdfs:subClassOf,rc:Signage
rc:CoverOfIBO,rdfs:subClassOf,owl:Thing
rc:Token_Physical,rdfs:subClassOf,rc:HardcopyInformationBearingObject
rc:Token_Physical,rdfs:subClassOf,rc:SymbolicObject
rc:Token_Physical,rdfs:subClassOf,owl:Thing
rc:MarketingSoftware,rdfs:subClassOf,rc:BusinessComputerProgram
rc:MarketingSoftware,rdfs:subClassOf,owl:Thing
rc:MessageThread,rdfs:subClassOf,rc:InternetInformation
rc:MessageThread,rdfs:subClassOf,owl:Thing
rc:ShapeNote,rdfs:subClassOf,rc:MusicalComposition_Christian
rc:ShapeNote,rdfs:subClassOf,owl:Thing
rc:AnatomicalSimulation,rdfs:subClassOf,rc:EducationalComputerProgram
rc:AnatomicalSimulation,rdfs:subClassOf,owl:Thing
rc:CompactDiscCover,rdfs:subClassOf,rc:CoverOfIBO
rc:CompactDiscCover,rdfs:subClassOf,rc:HardcopyInformationBearingObject
rc:CompactDiscCover,rdfs:subClassOf,owl:Thing
rc:MusicalComposition_Fusion,rdfs:subClassOf,rc:MusicalComposition_Jazz
rc:MusicalComposition_Fusion,rdfs:subClassOf,rc:MusicalComposition_Rock
rc:MusicalComposition_Fusion,rdfs:subClassOf,owl:Thing
rc:XMLMarkupLanguage,rdfs:subClassOf,rc:XML_MarkupLanguage
rc:XMLMarkupLanguage,rdfs:subClassOf,owl:Thing
rc:EmailMarketingSoftware,rdfs:subClassOf,rc:MarketingSoftware
rc:EmailMarketingSoftware,rdfs:subClassOf,owl:Thing
rc:MagazineIssue,rdfs:subClassOf,rc:PeriodicalIssue
rc:MagazineIssue,rdfs:subClassOf,owl:Thing
rc:TravellersCheck,rdfs:subClassOf,rc:Check_TenderObject
rc:TravellersCheck,rdfs:subClassOf,owl:Thing
rc:KomaLanguage,rdfs:subClassOf,rc:OtherLanguages
rc:KomaLanguage,rdfs:subClassOf,owl:Thing
rc:DeliveryReceipt,rdfs:subClassOf,rc:Receipt
rc:DeliveryReceipt,rdfs:subClassOf,rc:TextualMaterial
rc:DeliveryReceipt,rdfs:subClassOf,owl:Thing
rc:WPHeader,rdfs:subClassOf,rc:WebPage
rc:WPHeader,rdfs:subClassOf,owl:Thing
rc:DigitalAudioRecording,rdfs:subClassOf,rc:RecordingOfWaveIBT
rc:DigitalAudioRecording,rdfs:subClassOf,owl:Thing
rc:Title_Aristocratic,rdfs:subClassOf,rc:Title
rc:Title_Aristocratic,rdfs:subClassOf,owl:Thing
rc:CrimeMovie,rdfs:subClassOf,rc:FilmGenre
rc:CrimeMovie,rdfs:subClassOf,owl:Thing
rc:Medal_Physical,rdfs:subClassOf,rc:AwardObject
rc:Medal_Physical,rdfs:subClassOf,rc:Token_Physical
rc:Medal_Physical,rdfs:subClassOf,owl:Thing
rc:InfiniteGroupTheory,rdfs:subClassOf,rc:GroupTheory
rc:InfiniteGroupTheory,rdfs:subClassOf,owl:Thing
rc:SatireMovie,rdfs:subClassOf,rc:FilmGenre
rc:SatireMovie,rdfs:subClassOf,owl:Thing
rc:HandheldGameConsole,rdfs:subClassOf,rc:VideoGameSystem
rc:HandheldGameConsole,rdfs:subClassOf,owl:Thing
rc:NondeterministicProgrammingLanguage,rdfs:subClassOf,rc:ProgrammingLanguage
rc:NondeterministicProgrammingLanguage,rdfs:subClassOf,owl:Thing
rc:HypertextMarkupLanguage,rdfs:subClassOf,rc:MarkupLanguage
rc:HypertextMarkupLanguage,rdfs:subClassOf,owl:Thing
rc:CatalanLanguage,rdfs:subClassOf,rc:RomanceLanguages
rc:CatalanLanguage,rdfs:subClassOf,owl:Thing
rc:MessageTransferAgent,rdfs:subClassOf,rc:EMailMessage
rc:MessageTransferAgent,rdfs:subClassOf,owl:Thing
rc:Perl_ProgrammingLanguage,rdfs:subClassOf,rc:AbstractProgrammingLanguage
rc:Perl_ProgrammingLanguage,rdfs:subClassOf,owl:Thing
rc:Pawn_ChessPiece,rdfs:subClassOf,rc:ChessPiece
rc:Pawn_ChessPiece,rdfs:subClassOf,owl:Thing
rc:KaduLanguage,rdfs:subClassOf,rc:NiloSaharanLanguages
rc:KaduLanguage,rdfs:subClassOf,owl:Thing
rc:TelephoneDirectory_Reverse,rdfs:subClassOf,rc:TelephoneDirectory
rc:TelephoneDirectory_Reverse,rdfs:subClassOf,owl:Thing
rc:MacbookPro,rdfs:subClassOf,rc:Macbook
rc:MacbookPro,rdfs:subClassOf,owl:Thing
rc:FilmAndVideoFandom,rdfs:subClassOf,rc:MovingImage
rc:FilmAndVideoFandom,rdfs:subClassOf,owl:Thing
rc:TableOfContents,rdfs:subClassOf,rc:List_Information
rc:TableOfContents,rdfs:subClassOf,rc:TextString
rc:TableOfContents,rdfs:subClassOf,owl:Thing
rc:CHeaderFile,rdfs:subClassOf,rc:ComputerFileTypeByFormat
rc:CHeaderFile,rdfs:subClassOf,rc:ComputerProgramModule
rc:CHeaderFile,rdfs:subClassOf,owl:Thing
rc:SSHClientProgram,rdfs:subClassOf,rc:ClientProgram
rc:SSHClientProgram,rdfs:subClassOf,rc:SSHProgram
rc:SSHClientProgram,rdfs:subClassOf,owl:Thing
rc:EconomicReport,rdfs:subClassOf,rc:WrittenReportOnSituation
rc:EconomicReport,rdfs:subClassOf,owl:Thing
rc:CatalanDialect,rdfs:subClassOf,rc:CatalanLanguage
rc:CatalanDialect,rdfs:subClassOf,rc:LanguageDialect
rc:CatalanDialect,rdfs:subClassOf,owl:Thing
rc:Perl6,rdfs:subClassOf,rc:Perl_ProgrammingLanguage
rc:Perl6,rdfs:subClassOf,owl:Thing
rc:DatasetsInMachineLearning,rdfs:subClassOf,rc:Dataset
rc:DatasetsInMachineLearning,rdfs:subClassOf,owl:Thing
rc:PrintedMedia,rdfs:subClassOf,rc:PublishedMaterial
rc:PrintedMedia,rdfs:subClassOf,owl:Thing
rc:XMLParser,rdfs:subClassOf,rc:XML_MarkupLanguage
rc:XMLParser,rdfs:subClassOf,owl:Thing
rc:HurrianLanguage,rdfs:subClassOf,rc:LanguageIsolate
rc:HurrianLanguage,rdfs:subClassOf,owl:Thing
rc:SwabianDialect,rdfs:subClassOf,rc:GermanDialect
rc:SwabianDialect,rdfs:subClassOf,owl:Thing
rc:RockMusical,rdfs:subClassOf,rc:RockMusic
rc:RockMusical,rdfs:subClassOf,owl:Thing
rc:HorrorTVShow,rdfs:subClassOf,rc:FictionalTVShow
rc:HorrorTVShow,rdfs:subClassOf,rc:NarrativeTVShow
rc:HorrorTVShow,rdfs:subClassOf,owl:Thing
rc:ScienceFictionTerminology,rdfs:subClassOf,rc:LiteraryTerm
rc:ScienceFictionTerminology,rdfs:subClassOf,owl:Thing
rc:MarkupLanguageTag,rdfs:subClassOf,rc:TextString
rc:MarkupLanguageTag,rdfs:subClassOf,owl:Thing
rc:WorldFusion,rdfs:subClassOf,rc:MusicalComposition_WorldFusion
rc:WorldFusion,rdfs:subClassOf,owl:Thing
rc:EmailStorageFormat,rdfs:subClassOf,rc:ComputerFileTypeByFormat
rc:EmailStorageFormat,rdfs:subClassOf,owl:Thing
rc:ComedyTVShow,rdfs:subClassOf,rc:NarrativeTVShow
rc:ComedyTVShow,rdfs:subClassOf,owl:Thing
rc:KartvelianLanguages,rdfs:subClassOf,rc:CaucasianLanguages
rc:KartvelianLanguages,rdfs:subClassOf,owl:Thing
rc:BallroomDanceMusic,rdfs:subClassOf,rc:MusicTypeByGenre
rc:BallroomDanceMusic,rdfs:subClassOf,owl:Thing
rc:LanguageIsolate,rdfs:subClassOf,rc:NaturalLanguage
rc:LanguageIsolate,rdfs:subClassOf,owl:Thing
rc:ArabicScript,rdfs:subClassOf,rc:ClassicalArabicWriting
rc:ArabicScript,rdfs:subClassOf,owl:Thing
rc:HuastecLanguage,rdfs:subClassOf,rc:UtoAztecanLanguages
rc:HuastecLanguage,rdfs:subClassOf,owl:Thing
rc:MonLanguage,rdfs:subClassOf,rc:MonKhmerLanguages
rc:MonLanguage,rdfs:subClassOf,owl:Thing
rc:GeorgianLanguage,rdfs:subClassOf,rc:KartvelianLanguages
rc:GeorgianLanguage,rdfs:subClassOf,owl:Thing
rc:MajusculeCursive,rdfs:subClassOf,rc:CursiveStyleOfWriting
rc:MajusculeCursive,rdfs:subClassOf,owl:Thing
rc:CreditCard,rdfs:subClassOf,rc:Card
rc:CreditCard,rdfs:subClassOf,rc:FinancialAccountTenderObject
rc:CreditCard,rdfs:subClassOf,rc:IDDocument
rc:CreditCard,rdfs:subClassOf,owl:Thing
rc:FairUseBlueBookMagazineCover,rdfs:subClassOf,rc:CoverOfIBO
rc:FairUseBlueBookMagazineCover,rdfs:subClassOf,owl:Thing
rc:PrintedPublication,rdfs:subClassOf,rc:PrintedMedia
rc:PrintedPublication,rdfs:subClassOf,owl:Thing
rc:CWPublishedOnline,rdfs:subClassOf,rc:PublishedConceptualWork
rc:CWPublishedOnline,rdfs:subClassOf,owl:Thing
rc:SyriacLanguage,rdfs:subClassOf,rc:SignLanguages
rc:SyriacLanguage,rdfs:subClassOf,owl:Thing
rc:WindowsMobile,rdfs:subClassOf,rc:SmartPhoneOS
rc:WindowsMobile,rdfs:subClassOf,owl:Thing
rc:GranthaScript,rdfs:subClassOf,rc:ScriptsByLanguage
rc:GranthaScript,rdfs:subClassOf,owl:Thing
rc:GeneralLedger_Document,rdfs:subClassOf,rc:AccountingReport
rc:GeneralLedger_Document,rdfs:subClassOf,owl:Thing
rc:HTMLTag,rdfs:subClassOf,rc:HypertextMarkupLanguage
rc:HTMLTag,rdfs:subClassOf,rc:MarkupLanguageTag
rc:HTMLTag,rdfs:subClassOf,owl:Thing
rc:KomanLanguage,rdfs:subClassOf,rc:NiloSaharanLanguages
rc:KomanLanguage,rdfs:subClassOf,owl:Thing
rc:LuhyaLanguage,rdfs:subClassOf,rc:BantuLanguages
rc:LuhyaLanguage,rdfs:subClassOf,owl:Thing
rc:BritishTelevisionComedy,rdfs:subClassOf,rc:ComedyTVShow
rc:BritishTelevisionComedy,rdfs:subClassOf,owl:Thing
rc:NursingCredentialOrCertification,rdfs:subClassOf,rc:Certification
rc:NursingCredentialOrCertification,rdfs:subClassOf,owl:Thing
rc:LandArt,rdfs:subClassOf,rc:ArtMovement
rc:LandArt,rdfs:subClassOf,owl:Thing
rc:IrishMusic,rdfs:subClassOf,rc:MusicByRegion
rc:IrishMusic,rdfs:subClassOf,owl:Thing
rc:Dysphemism,rdfs:subClassOf,rc:WordOrPhrase
rc:Dysphemism,rdfs:subClassOf,owl:Thing
rc:FixedPriceContract,rdfs:subClassOf,rc:Contract
rc:FixedPriceContract,rdfs:subClassOf,owl:Thing
rc:ClassicalMusicalCompositionType,rdfs:subClassOf,rc:ClassicalMusic
rc:ClassicalMusicalCompositionType,rdfs:subClassOf,owl:Thing
rc:VenetianLanguage,rdfs:subClassOf,rc:RomanceLanguages
rc:VenetianLanguage,rdfs:subClassOf,owl:Thing
rc:ShieldNickel,rdfs:subClassOf,rc:NickelCoin_US
rc:ShieldNickel,rdfs:subClassOf,owl:Thing
rc:CreditCard_RevolvingAccount,rdfs:subClassOf,rc:CreditCard
rc:CreditCard_RevolvingAccount,rdfs:subClassOf,owl:Thing
rc:ZhuangLanguage,rdfs:subClassOf,rc:TaiKadaiLanguages
rc:ZhuangLanguage,rdfs:subClassOf,owl:Thing
rc:InformativeTVShow,rdfs:subClassOf,rc:TVShow
rc:InformativeTVShow,rdfs:subClassOf,owl:Thing
rc:UralicInscription,rdfs:subClassOf,rc:Inscription
rc:UralicInscription,rdfs:subClassOf,owl:Thing
rc:UserCheckin,rdfs:subClassOf,rc:UserInterface
rc:UserCheckin,rdfs:subClassOf,owl:Thing
rc:ComicBookIssue,rdfs:subClassOf,rc:MagazineIssue
rc:ComicBookIssue,rdfs:subClassOf,rc:PrintedPublication
rc:ComicBookIssue,rdfs:subClassOf,owl:Thing
rc:JournalArticle,rdfs:subClassOf,rc:Article_PCW
rc:JournalArticle,rdfs:subClassOf,rc:PublishedConceptualWork
rc:JournalArticle,rdfs:subClassOf,owl:Thing
rc:MessagingApplicationInterfaceProgram,rdfs:subClassOf,rc:EMailProgram
rc:MessagingApplicationInterfaceProgram,rdfs:subClassOf,owl:Thing
rc:WPSideBar,rdfs:subClassOf,rc:WebPage
rc:WPSideBar,rdfs:subClassOf,owl:Thing
rc:TenDollarBill_US,rdfs:subClassOf,rc:Bill_US
rc:TenDollarBill_US,rdfs:subClassOf,owl:Thing
rc:MusicalComposition_Rap,rdfs:subClassOf,rc:MusicTypeOpenGenre
rc:MusicalComposition_Rap,rdfs:subClassOf,rc:MusicalComposition
rc:MusicalComposition_Rap,rdfs:subClassOf,owl:Thing
rc:EducationalTVShow,rdfs:subClassOf,rc:InformativeTVShow
rc:EducationalTVShow,rdfs:subClassOf,owl:Thing
rc:SothoGrammar,rdfs:subClassOf,rc:LanguageGrammars
rc:SothoGrammar,rdfs:subClassOf,owl:Thing
rc:GaelicLanguageFamily,rdfs:subClassOf,rc:RecentExtinctLanguages
rc:GaelicLanguageFamily,rdfs:subClassOf,owl:Thing
rc:NuclearPhysics,rdfs:subClassOf,rc:QuantumMechanics
rc:NuclearPhysics,rdfs:subClassOf,owl:Thing
rc:Interlingua,rdfs:subClassOf,rc:InternationalAuxiliaryLanguage
rc:Interlingua,rdfs:subClassOf,owl:Thing
rc:AinuLanguage,rdfs:subClassOf,rc:LanguageIsolate
rc:AinuLanguage,rdfs:subClassOf,owl:Thing
rc:HipHopMusic,rdfs:subClassOf,rc:MusicTypeOpenGenre
rc:HipHopMusic,rdfs:subClassOf,owl:Thing
rc:Barclaycard,rdfs:subClassOf,rc:CreditCard_RevolvingAccount
rc:Barclaycard,rdfs:subClassOf,owl:Thing
rc:Plea_Legal,rdfs:subClassOf,rc:ReplyingToAQuestion
rc:Plea_Legal,rdfs:subClassOf,owl:Thing
rc:HelpProgram,rdfs:subClassOf,rc:EducationalComputerProgram
rc:HelpProgram,rdfs:subClassOf,rc:InteractiveComputerProgram
rc:HelpProgram,rdfs:subClassOf,owl:Thing
rc:MicmacLanguage,rdfs:subClassOf,rc:AlgonquianLanguages
rc:MicmacLanguage,rdfs:subClassOf,owl:Thing
rc:BrevityCode,rdfs:subClassOf,rc:Code_CommunicationConvention
rc:BrevityCode,rdfs:subClassOf,owl:Thing
rc:NuclearIsomer,rdfs:subClassOf,rc:NuclearPhysics
rc:NuclearIsomer,rdfs:subClassOf,owl:Thing
rc:FilmAndVideoTerminology,rdfs:subClassOf,rc:EntertainmentTerm
rc:FilmAndVideoTerminology,rdfs:subClassOf,owl:Thing
rc:ChineseHonorific,rdfs:subClassOf,rc:ChineseTopics
rc:ChineseHonorific,rdfs:subClassOf,owl:Thing
rc:TableOfOrganisationAndEquipment,rdfs:subClassOf,rc:Table_Visual
rc:TableOfOrganisationAndEquipment,rdfs:subClassOf,owl:Thing
rc:KomiLanguage,rdfs:subClassOf,rc:UralicLanguages
rc:KomiLanguage,rdfs:subClassOf,owl:Thing
rc:NationalIDDocument,rdfs:subClassOf,rc:GovernmentDocument
rc:NationalIDDocument,rdfs:subClassOf,rc:IDDocument
rc:NationalIDDocument,rdfs:subClassOf,owl:Thing
rc:PawneeLanguage,rdfs:subClassOf,rc:SiouanLanguages
rc:PawneeLanguage,rdfs:subClassOf,owl:Thing
rc:PhysicalExamination,rdfs:subClassOf,rc:MedicalDiagnosis
rc:PhysicalExamination,rdfs:subClassOf,owl:Thing
rc:NaturalLanguageProcessing,rdfs:subClassOf,rc:LanguageProcessing
rc:NaturalLanguageProcessing,rdfs:subClassOf,owl:Thing
rc:GuiltyPlea,rdfs:subClassOf,rc:Plea_Legal
rc:GuiltyPlea,rdfs:subClassOf,owl:Thing
rc:ComputerMemory_Abstract,rdfs:subClassOf,rc:ComputerAIS
rc:ComputerMemory_Abstract,rdfs:subClassOf,owl:Thing
rc:ScreenshotSoftware,rdfs:subClassOf,rc:GraphicsSoftware
rc:ScreenshotSoftware,rdfs:subClassOf,owl:Thing
rc:ArchiveFormat,rdfs:subClassOf,rc:Archive
rc:ArchiveFormat,rdfs:subClassOf,owl:Thing
rc:StrategicPartnership,rdfs:subClassOf,rc:BusinessPartnershipAgreement
rc:StrategicPartnership,rdfs:subClassOf,owl:Thing
rc:TakingAPhotograph,rdfs:subClassOf,rc:VisualImageRecording
rc:TakingAPhotograph,rdfs:subClassOf,owl:Thing
rc:Supercomputer,rdfs:subClassOf,rc:MainframeComputer
rc:Supercomputer,rdfs:subClassOf,owl:Thing
rc:LanguageCorpora,rdfs:subClassOf,rc:CharacterizationsByLanguage
rc:LanguageCorpora,rdfs:subClassOf,owl:Thing
rc:NorthwestCaucasianLanguage,rdfs:subClassOf,rc:CaucasianLanguages
rc:NorthwestCaucasianLanguage,rdfs:subClassOf,owl:Thing
rc:W_TheLetter,rdfs:subClassOf,rc:LatinScript
rc:W_TheLetter,rdfs:subClassOf,owl:Thing
rc:YouthIceHockey,rdfs:subClassOf,rc:IceHockey
rc:YouthIceHockey,rdfs:subClassOf,owl:Thing
rc:SyriacWriting,rdfs:subClassOf,rc:WritingSystem
rc:SyriacWriting,rdfs:subClassOf,owl:Thing
rc:XMLSoftware,rdfs:subClassOf,rc:ComputerProgramByLanguage
rc:XMLSoftware,rdfs:subClassOf,owl:Thing
rc:Thesaurus,rdfs:subClassOf,rc:ReferenceWork_Written
rc:Thesaurus,rdfs:subClassOf,owl:Thing
rc:HuaveLanguage,rdfs:subClassOf,rc:NiloSaharanLanguages
rc:HuaveLanguage,rdfs:subClassOf,rc:OtherLanguages
rc:HuaveLanguage,rdfs:subClassOf,owl:Thing
rc:EmailWorm,rdfs:subClassOf,rc:ComputerWorm
rc:EmailWorm,rdfs:subClassOf,owl:Thing
rc:SubstringIndex,rdfs:subClassOf,rc:StringObject
rc:SubstringIndex,rdfs:subClassOf,owl:Thing
rc:Exon_GIS,rdfs:subClassOf,rc:NucleicAcidSequence_GIS
rc:Exon_GIS,rdfs:subClassOf,owl:Thing
rc:Gaulic,rdfs:subClassOf,rc:DeadScripts
rc:Gaulic,rdfs:subClassOf,owl:Thing
rc:CertificateOfCommitment,rdfs:subClassOf,rc:OfficialDocument
rc:CertificateOfCommitment,rdfs:subClassOf,owl:Thing
rc:UkrainianWordOrPhrase,rdfs:subClassOf,rc:WordOrPhraseByLanguage
rc:UkrainianWordOrPhrase,rdfs:subClassOf,owl:Thing
rc:PoiPerformanceArt,rdfs:subClassOf,rc:PerformanceArt
rc:PoiPerformanceArt,rdfs:subClassOf,owl:Thing
rc:EnglishCorpora,rdfs:subClassOf,rc:EnglishTopics
rc:EnglishCorpora,rdfs:subClassOf,rc:LanguageCorpora
rc:EnglishCorpora,rdfs:subClassOf,owl:Thing
rc:OttawaLanguage,rdfs:subClassOf,rc:AlgonquianLanguages
rc:OttawaLanguage,rdfs:subClassOf,owl:Thing
rc:MakahLanguage,rdfs:subClassOf,rc:WakashanLanguages
rc:MakahLanguage,rdfs:subClassOf,owl:Thing
rc:Applet_ComputerProgram,rdfs:subClassOf,rc:ApplicationProgram
rc:Applet_ComputerProgram,rdfs:subClassOf,owl:Thing
rc:PerlFile,rdfs:subClassOf,rc:ComputerFileTypeByFormat
rc:PerlFile,rdfs:subClassOf,owl:Thing
rc:AfrikaansWordOrPhrase,rdfs:subClassOf,rc:WordOrPhraseByLanguage
rc:AfrikaansWordOrPhrase,rdfs:subClassOf,owl:Thing
rc:DebuggerProgram,rdfs:subClassOf,rc:DevelopmentProgram
rc:DebuggerProgram,rdfs:subClassOf,rc:HelpProgram
rc:DebuggerProgram,rdfs:subClassOf,rc:InformationGatheringProgram
rc:DebuggerProgram,rdfs:subClassOf,rc:UtilityProgram
rc:DebuggerProgram,rdfs:subClassOf,owl:Thing
rc:WindowsOnlyFreeware,rdfs:subClassOf,rc:Freeware
rc:WindowsOnlyFreeware,rdfs:subClassOf,owl:Thing
rc:InternationalStandardBookNumber,rdfs:subClassOf,rc:UniqueID
rc:InternationalStandardBookNumber,rdfs:subClassOf,owl:Thing
rc:ArchaeaTaxonomicPhyla,rdfs:subClassOf,rc:TaxonomyBiology
rc:ArchaeaTaxonomicPhyla,rdfs:subClassOf,owl:Thing
rc:SSHServerProgram,rdfs:subClassOf,rc:SSHProgram
rc:SSHServerProgram,rdfs:subClassOf,rc:ServerProgram
rc:SSHServerProgram,rdfs:subClassOf,owl:Thing
rc:YavapaiLanguage,rdfs:subClassOf,rc:UtoAztecanLanguages
rc:YavapaiLanguage,rdfs:subClassOf,owl:Thing
rc:PalaicLanguage,rdfs:subClassOf,rc:AncientLanguages
rc:PalaicLanguage,rdfs:subClassOf,owl:Thing
rc:ComputerClipartFile,rdfs:subClassOf,rc:ComputerImageFile
rc:ComputerClipartFile,rdfs:subClassOf,owl:Thing
rc:GeorgianLanguageMedia,rdfs:subClassOf,rc:GeorgianTopics
rc:GeorgianLanguageMedia,rdfs:subClassOf,owl:Thing
rc:RussianLanguage,rdfs:subClassOf,rc:RussianTopics
rc:RussianLanguage,rdfs:subClassOf,rc:SlavicLanguages
rc:RussianLanguage,rdfs:subClassOf,owl:Thing
rc:PackageMortgage,rdfs:subClassOf,rc:MortgageAgreement
rc:PackageMortgage,rdfs:subClassOf,owl:Thing
rc:OttawaDialect,rdfs:subClassOf,rc:LanguageDialect
rc:OttawaDialect,rdfs:subClassOf,rc:OttawaLanguage
rc:OttawaDialect,rdfs:subClassOf,owl:Thing
rc:ClassicalMusicalCompositionTypeByMusicalForm,rdfs:subClassOf,rc:ClassicalMusic
rc:ClassicalMusicalCompositionTypeByMusicalForm,rdfs:subClassOf,owl:Thing
rc:GermanTopics,rdfs:subClassOf,rc:LanguageSpecificTopics
rc:GermanTopics,rdfs:subClassOf,owl:Thing
rc:ArchaeaTaxonomicOrder,rdfs:subClassOf,rc:ArchaeaTaxonomicPhyla
rc:ArchaeaTaxonomicOrder,rdfs:subClassOf,owl:Thing
rc:TurkishWordOrPhrase,rdfs:subClassOf,rc:WordOrPhraseByLanguage
rc:TurkishWordOrPhrase,rdfs:subClassOf,owl:Thing
rc:Tag,rdfs:subClassOf,rc:SignageEtc
rc:Tag,rdfs:subClassOf,owl:Thing
rc:DellComputer,rdfs:subClassOf,rc:PersonalComputer
rc:DellComputer,rdfs:subClassOf,owl:Thing
rc:SidamoLanguage,rdfs:subClassOf,rc:CushiticLanguages
rc:SidamoLanguage,rdfs:subClassOf,rc:OtherLanguages
rc:SidamoLanguage,rdfs:subClassOf,owl:Thing
rc:OpticalSoftware,rdfs:subClassOf,rc:ScientificSoftware
rc:OpticalSoftware,rdfs:subClassOf,owl:Thing
rc:ConsumerLoanAgreement,rdfs:subClassOf,rc:Loan_WrittenLegalAgreement
rc:ConsumerLoanAgreement,rdfs:subClassOf,owl:Thing
rc:PersonalLoan,rdfs:subClassOf,rc:LoanAgreement
rc:PersonalLoan,rdfs:subClassOf,owl:Thing
rc:ComputerMemoryFormFactor,rdfs:subClassOf,rc:ComputerMemory_Abstract
rc:ComputerMemoryFormFactor,rdfs:subClassOf,owl:Thing
rc:ArchaeaTaxonomicFamily,rdfs:subClassOf,rc:ArchaeaTaxonomicOrder
rc:ArchaeaTaxonomicFamily,rdfs:subClassOf,owl:Thing
rc:SportsMovie,rdfs:subClassOf,rc:FilmGenre
rc:SportsMovie,rdfs:subClassOf,owl:Thing
rc:GaugeTheory,rdfs:subClassOf,rc:QuantumFieldTheory
rc:GaugeTheory,rdfs:subClassOf,owl:Thing
rc:PalaihnihanLanguage,rdfs:subClassOf,rc:RecentExtinctLanguages
rc:PalaihnihanLanguage,rdfs:subClassOf,owl:Thing
rc:SSL_Encryption,rdfs:subClassOf,rc:InternetInformation
rc:SSL_Encryption,rdfs:subClassOf,owl:Thing
rc:PlottingSoftware,rdfs:subClassOf,rc:GraphicsSoftware
rc:PlottingSoftware,rdfs:subClassOf,owl:Thing
rc:IdentificationTag,rdfs:subClassOf,rc:Tag
rc:IdentificationTag,rdfs:subClassOf,owl:Thing
rc:TradeMagazine,rdfs:subClassOf,rc:Magazine
rc:TradeMagazine,rdfs:subClassOf,owl:Thing
rc:HmongMienLanguages,rdfs:subClassOf,rc:LivingLanguage
rc:HmongMienLanguages,rdfs:subClassOf,owl:Thing
rc:LobsterBuoy,rdfs:subClassOf,rc:Buoy
rc:LobsterBuoy,rdfs:subClassOf,owl:Thing
rc:RockOpera,rdfs:subClassOf,rc:RockMusic
rc:RockOpera,rdfs:subClassOf,owl:Thing
rc:ProfessionalTitleOrCertification,rdfs:subClassOf,rc:Certification
rc:ProfessionalTitleOrCertification,rdfs:subClassOf,owl:Thing
rc:EuroBanknote,rdfs:subClassOf,rc:Bill_Currency
rc:EuroBanknote,rdfs:subClassOf,owl:Thing
rc:Croquet,rdfs:subClassOf,rc:SportsGame
rc:Croquet,rdfs:subClassOf,owl:Thing
rc:SothoLanguage,rdfs:subClassOf,rc:BantuLanguages
rc:SothoLanguage,rdfs:subClassOf,owl:Thing
rc:GraduateLoan,rdfs:subClassOf,rc:PersonalLoan
rc:GraduateLoan,rdfs:subClassOf,rc:UnsecuredLoan
rc:GraduateLoan,rdfs:subClassOf,owl:Thing
rc:BerberLanguages,rdfs:subClassOf,rc:AfroAsiaticLanguages
rc:BerberLanguages,rdfs:subClassOf,owl:Thing
rc:LinguisticObject,rdfs:subClassOf,kko:WrittenInfo
rc:LinguisticObject,rdfs:subClassOf,owl:Thing
rc:MusicalEra,rdfs:subClassOf,rc:Music
rc:MusicalEra,rdfs:subClassOf,owl:Thing
rc:Lullaby,rdfs:subClassOf,rc:Song
rc:Lullaby,rdfs:subClassOf,owl:Thing
rc:ConceptAlbum,rdfs:subClassOf,rc:Album
rc:ConceptAlbum,rdfs:subClassOf,owl:Thing
rc:Niger_KordofanianLanguages,rdfs:subClassOf,rc:OtherNigerCongoLanguages
rc:Niger_KordofanianLanguages,rdfs:subClassOf,owl:Thing
rc:HmongLanguage,rdfs:subClassOf,rc:HmongMienLanguages
rc:HmongLanguage,rdfs:subClassOf,owl:Thing
rc:CatalanGivenName,rdfs:subClassOf,rc:CatalanLanguage
rc:CatalanGivenName,rdfs:subClassOf,rc:HumanGivenName
rc:CatalanGivenName,rdfs:subClassOf,owl:Thing
rc:OxfordEnglishDictionary,rdfs:subClassOf,rc:Dictionary
rc:OxfordEnglishDictionary,rdfs:subClassOf,owl:Thing
rc:GaelicLanguageGivenName,rdfs:subClassOf,rc:Gaulic
rc:GaelicLanguageGivenName,rdfs:subClassOf,rc:HumanGivenName
rc:GaelicLanguageGivenName,rdfs:subClassOf,owl:Thing
rc:SemangLanguage,rdfs:subClassOf,rc:OtherLanguages
rc:SemangLanguage,rdfs:subClassOf,owl:Thing
rc:ArchaeaTaxonomicClass,rdfs:subClassOf,rc:ArchaeaTaxonomicFamily
rc:ArchaeaTaxonomicClass,rdfs:subClassOf,owl:Thing
rc:Database_AbstractContent,rdfs:subClassOf,rc:IndexedInformationSource
rc:Database_AbstractContent,rdfs:subClassOf,owl:Thing
rc:MagicalGirl,rdfs:subClassOf,rc:AnimeAndMangaByGenre
rc:MagicalGirl,rdfs:subClassOf,owl:Thing
rc:RadioTalkShow,rdfs:subClassOf,rc:RadioShow
rc:RadioTalkShow,rdfs:subClassOf,owl:Thing
rc:PunjabiMusic,rdfs:subClassOf,rc:MusicByRegion
rc:PunjabiMusic,rdfs:subClassOf,owl:Thing
rc:PositronEmissionTomography,rdfs:subClassOf,rc:MedicalImaging
rc:PositronEmissionTomography,rdfs:subClassOf,owl:Thing
rc:BhiliLanguage,rdfs:subClassOf,rc:IndicLanguages
rc:BhiliLanguage,rdfs:subClassOf,owl:Thing
rc:KaffaLanguage,rdfs:subClassOf,rc:OtherLanguages
rc:KaffaLanguage,rdfs:subClassOf,owl:Thing
rc:MarshalleseLanguage,rdfs:subClassOf,rc:MalayoPolynesianLanguages
rc:MarshalleseLanguage,rdfs:subClassOf,owl:Thing
rc:PersonalInformationManagementProgram,rdfs:subClassOf,rc:InteractiveComputerProgram
rc:PersonalInformationManagementProgram,rdfs:subClassOf,owl:Thing
rc:MusicalComposition_GlamRock,rdfs:subClassOf,rc:MusicTypeOpenGenre
rc:MusicalComposition_GlamRock,rdfs:subClassOf,rc:MusicalComposition_Rock
rc:MusicalComposition_GlamRock,rdfs:subClassOf,owl:Thing
rc:NaturalLanguageProcessingSoftware,rdfs:subClassOf,rc:ArtificialIntelligenceProgram
rc:NaturalLanguageProcessingSoftware,rdfs:subClassOf,owl:Thing
rc:OtherUralicLanguages,rdfs:subClassOf,rc:UralicLanguages
rc:OtherUralicLanguages,rdfs:subClassOf,owl:Thing
rc:ShoppingList,rdfs:subClassOf,rc:List_Information
rc:ShoppingList,rdfs:subClassOf,owl:Thing
rc:GaulishInscription,rdfs:subClassOf,rc:Gaulic
rc:GaulishInscription,rdfs:subClassOf,rc:Inscription
rc:GaulishInscription,rdfs:subClassOf,owl:Thing
rc:Frame_Network,rdfs:subClassOf,rc:StructuredInformationSource
rc:Frame_Network,rdfs:subClassOf,owl:Thing
rc:BasketballMovie,rdfs:subClassOf,rc:SportsMovie
rc:BasketballMovie,rdfs:subClassOf,owl:Thing
rc:Barcode,rdfs:subClassOf,rc:InformationBearingObject
rc:Barcode,rdfs:subClassOf,owl:Thing
rc:AfroAsiaticLanguages,rdfs:subClassOf,rc:LivingLanguage
rc:AfroAsiaticLanguages,rdfs:subClassOf,owl:Thing
rc:PerlSoftware,rdfs:subClassOf,rc:Perl_ProgrammingLanguage
rc:PerlSoftware,rdfs:subClassOf,owl:Thing
rc:CroquetCompetition,rdfs:subClassOf,rc:Croquet
rc:CroquetCompetition,rdfs:subClassOf,owl:Thing
rc:ComputerFile_Abstract,rdfs:subClassOf,rc:ComputerIBT
rc:ComputerFile_Abstract,rdfs:subClassOf,owl:Thing
rc:CalendarProgram,rdfs:subClassOf,rc:PersonalInformationManagementProgram
rc:CalendarProgram,rdfs:subClassOf,owl:Thing
rc:Supercomputing,rdfs:subClassOf,rc:ComputerTypeByUse
rc:Supercomputing,rdfs:subClassOf,owl:Thing
rc:WarlpiriLanguage,rdfs:subClassOf,rc:AustralianLanguages
rc:WarlpiriLanguage,rdfs:subClassOf,owl:Thing
rc:Komi_PermyakLanguage,rdfs:subClassOf,rc:OtherUralicLanguages
rc:Komi_PermyakLanguage,rdfs:subClassOf,owl:Thing
rc:IndoEuropeanLanguages,rdfs:subClassOf,rc:LivingLanguage
rc:IndoEuropeanLanguages,rdfs:subClassOf,owl:Thing
rc:ComputerSoftwareOrHardwareTypeByFeature,rdfs:subClassOf,rc:ComputingInformation
rc:ComputerSoftwareOrHardwareTypeByFeature,rdfs:subClassOf,owl:Thing
rc:HandwrittenDocument,rdfs:subClassOf,rc:AuthenticationSource
rc:HandwrittenDocument,rdfs:subClassOf,rc:Document
rc:HandwrittenDocument,rdfs:subClassOf,rc:InformationBearingObject
rc:HandwrittenDocument,rdfs:subClassOf,owl:Thing
rc:ArchaeaSpecies,rdfs:subClassOf,rc:ArchaeaTaxonomicClass
rc:ArchaeaSpecies,rdfs:subClassOf,owl:Thing
rc:EasternSudanicLanguage,rdfs:subClassOf,rc:NiloSaharanLanguages
rc:EasternSudanicLanguage,rdfs:subClassOf,owl:Thing
rc:MonWriting,rdfs:subClassOf,rc:WritingSystem
rc:MonWriting,rdfs:subClassOf,owl:Thing
rc:Debunking,rdfs:subClassOf,rc:Disapproving_CommunicationAct
rc:Debunking,rdfs:subClassOf,owl:Thing
rc:SemanticDesktop,rdfs:subClassOf,rc:DesktopEnvironmentProgram
rc:SemanticDesktop,rdfs:subClassOf,owl:Thing
rc:CWInfoStructure,rdfs:subClassOf,rc:AbstractInformationStructure
rc:CWInfoStructure,rdfs:subClassOf,owl:Thing
rc:WindowsPhone,rdfs:subClassOf,rc:MSWindowsOperatingSystem
rc:WindowsPhone,rdfs:subClassOf,owl:Thing
rc:Signature,rdfs:subClassOf,rc:CharacterStringToken_Inscribed
rc:Signature,rdfs:subClassOf,rc:HandwrittenDocument
rc:Signature,rdfs:subClassOf,rc:SymbolicObject
rc:Signature,rdfs:subClassOf,owl:Thing
rc:SerbianLanguage,rdfs:subClassOf,rc:SerboCroatianLanguage
rc:SerbianLanguage,rdfs:subClassOf,owl:Thing
rc:EnterpriseSoftware,rdfs:subClassOf,rc:ApplicationProgram
rc:EnterpriseSoftware,rdfs:subClassOf,owl:Thing
rc:Justification,rdfs:subClassOf,rc:LinguisticObject
rc:Justification,rdfs:subClassOf,owl:Thing
rc:AncientEgyptianLanguage,rdfs:subClassOf,rc:AncientLanguages
rc:AncientEgyptianLanguage,rdfs:subClassOf,owl:Thing
rc:XMStrip,rdfs:subClassOf,rc:OpenSourceComputerProgram
rc:XMStrip,rdfs:subClassOf,owl:Thing
rc:GeorgianLanguageSurname,rdfs:subClassOf,rc:HumanSurname
rc:GeorgianLanguageSurname,rdfs:subClassOf,owl:Thing
rc:ClassicalMusicalEra,rdfs:subClassOf,rc:MusicalEra
rc:ClassicalMusicalEra,rdfs:subClassOf,owl:Thing
rc:Mirage,rdfs:subClassOf,rc:VisualImage
rc:Mirage,rdfs:subClassOf,owl:Thing
rc:BiologySoftware,rdfs:subClassOf,rc:ScientificSoftware
rc:BiologySoftware,rdfs:subClassOf,owl:Thing
rc:MusicalComposition_Gothic,rdfs:subClassOf,rc:MusicTypeOpenGenre
rc:MusicalComposition_Gothic,rdfs:subClassOf,rc:MusicalComposition_Rock
rc:MusicalComposition_Gothic,rdfs:subClassOf,owl:Thing
rc:ChineseInscription,rdfs:subClassOf,rc:ChineseTopics
rc:ChineseInscription,rdfs:subClassOf,rc:Inscription
rc:ChineseInscription,rdfs:subClassOf,owl:Thing
rc:GermanicLanguages,rdfs:subClassOf,rc:GermanTopics
rc:GermanicLanguages,rdfs:subClassOf,rc:IndoEuropeanLanguages
rc:GermanicLanguages,rdfs:subClassOf,owl:Thing
rc:QuarterlyReport,rdfs:subClassOf,rc:Document
rc:QuarterlyReport,rdfs:subClassOf,owl:Thing
rc:SwahiliBasedPidginsAndCreoles,rdfs:subClassOf,rc:PidginLanguage
rc:SwahiliBasedPidginsAndCreoles,rdfs:subClassOf,owl:Thing
rc:Exonumia,rdfs:subClassOf,rc:CoinCollecting
rc:Exonumia,rdfs:subClassOf,owl:Thing
rc:AttributeValuePair,rdfs:subClassOf,rc:CWInfoStructure
rc:AttributeValuePair,rdfs:subClassOf,owl:Thing
rc:AustralopithecusFossil,rdfs:subClassOf,rc:Fossil
rc:AustralopithecusFossil,rdfs:subClassOf,owl:Thing
rc:CertificateOfDeposit,rdfs:subClassOf,rc:FinancialDocument
rc:CertificateOfDeposit,rdfs:subClassOf,rc:LoanAgreement
rc:CertificateOfDeposit,rdfs:subClassOf,rc:OfficialDocument
rc:CertificateOfDeposit,rdfs:subClassOf,owl:Thing
rc:FramingSocialSciences,rdfs:subClassOf,rc:AbductiveInferenceProcess
rc:FramingSocialSciences,rdfs:subClassOf,owl:Thing
rc:DruzeTerm,rdfs:subClassOf,rc:ReligiousTerm
rc:DruzeTerm,rdfs:subClassOf,owl:Thing
rc:Subtext,rdfs:subClassOf,rc:InformationStore
rc:Subtext,rdfs:subClassOf,owl:Thing
rc:PointGroup,rdfs:subClassOf,rc:GroupTheory
rc:PointGroup,rdfs:subClassOf,owl:Thing
rc:JazzDancePerformance,rdfs:subClassOf,rc:DancePerformance
rc:JazzDancePerformance,rdfs:subClassOf,owl:Thing
rc:DoubleEagleCoin_US,rdfs:subClassOf,rc:Coin_US
rc:DoubleEagleCoin_US,rdfs:subClassOf,owl:Thing
rc:ClassicMedievalLanguages,rdfs:subClassOf,rc:SpecificDeadLanguages
rc:ClassicMedievalLanguages,rdfs:subClassOf,owl:Thing
rc:AbstractStructure,rdfs:subClassOf,kko:Information
rc:AbstractStructure,rdfs:subClassOf,owl:Thing
rc:NNTPServerProgram,rdfs:subClassOf,rc:ServerProgram
rc:NNTPServerProgram,rdfs:subClassOf,owl:Thing
rc:Slide,rdfs:subClassOf,rc:VisualWork
rc:Slide,rdfs:subClassOf,owl:Thing
rc:TransientResponseCharacteristic,rdfs:subClassOf,rc:SignalProcessing
rc:TransientResponseCharacteristic,rdfs:subClassOf,owl:Thing
rc:AmericanEnglishWord,rdfs:subClassOf,rc:AmericanEnglishDialect
rc:AmericanEnglishWord,rdfs:subClassOf,owl:Thing
rc:QuarterlyFinancialStatement,rdfs:subClassOf,rc:QuarterlyReport
rc:QuarterlyFinancialStatement,rdfs:subClassOf,owl:Thing
rc:ColvilleLanguage,rdfs:subClassOf,rc:AthabascanLanguages
rc:ColvilleLanguage,rdfs:subClassOf,owl:Thing
rc:Autograph,rdfs:subClassOf,rc:Signature
rc:Autograph,rdfs:subClassOf,owl:Thing
rc:ComputerDatabase,rdfs:subClassOf,rc:ComputerFile
rc:ComputerDatabase,rdfs:subClassOf,rc:Database_AbstractContent
rc:ComputerDatabase,rdfs:subClassOf,rc:StructuredKnowledgeSource
rc:ComputerDatabase,rdfs:subClassOf,owl:Thing
rc:MicroCode,rdfs:subClassOf,rc:ComputerCode_Binary
rc:MicroCode,rdfs:subClassOf,owl:Thing
rc:APriori,rdfs:subClassOf,rc:Justification
rc:APriori,rdfs:subClassOf,owl:Thing
rc:DellHardware,rdfs:subClassOf,rc:DellComputer
rc:DellHardware,rdfs:subClassOf,owl:Thing
rc:CatalanGrammar,rdfs:subClassOf,rc:CatalanLanguage
rc:CatalanGrammar,rdfs:subClassOf,owl:Thing
rc:AcerComputer,rdfs:subClassOf,rc:PersonalComputer
rc:AcerComputer,rdfs:subClassOf,owl:Thing
rc:RomanceMovie,rdfs:subClassOf,rc:FilmGenre
rc:RomanceMovie,rdfs:subClassOf,owl:Thing
rc:ClassicalArabicLanguage,rdfs:subClassOf,rc:ClassicMedievalLanguages
rc:ClassicalArabicLanguage,rdfs:subClassOf,owl:Thing
rc:AfrikaansLanguage,rdfs:subClassOf,rc:GermanicLanguages
rc:AfrikaansLanguage,rdfs:subClassOf,owl:Thing
rc:EasternTransFlyLanguage,rdfs:subClassOf,rc:PapuanLanguageGrouping
rc:EasternTransFlyLanguage,rdfs:subClassOf,owl:Thing
rc:NursingDiagnosis,rdfs:subClassOf,rc:MedicalDiagnosis
rc:NursingDiagnosis,rdfs:subClassOf,owl:Thing
rc:2011IIHFWorldChampionship,rdfs:subClassOf,rc:IceHockeyCompetition
rc:2011IIHFWorldChampionship,rdfs:subClassOf,owl:Thing
rc:ElectronicMagazine,rdfs:subClassOf,rc:ElectronicPublicationMusic
rc:ElectronicMagazine,rdfs:subClassOf,owl:Thing
rc:RegistrationProgram,rdfs:subClassOf,rc:NetworkingProgram
rc:RegistrationProgram,rdfs:subClassOf,owl:Thing
rc:GaulishLanguage,rdfs:subClassOf,rc:AncientLanguages
rc:GaulishLanguage,rdfs:subClassOf,owl:Thing
rc:Throne,rdfs:subClassOf,rc:SymbolicObject
rc:Throne,rdfs:subClassOf,owl:Thing
rc:AbstractInformationStructure,rdfs:subClassOf,rc:AbstractStructure
rc:AbstractInformationStructure,rdfs:subClassOf,kko:StructuredInfo
rc:AbstractInformationStructure,rdfs:subClassOf,owl:Thing
rc:WindowsServer2012,rdfs:subClassOf,rc:MSWindowsOperatingSystem
rc:WindowsServer2012,rdfs:subClassOf,owl:Thing
rc:PalmyreneLanguage,rdfs:subClassOf,rc:AncientLanguages
rc:PalmyreneLanguage,rdfs:subClassOf,owl:Thing
rc:KurdishLanguage,rdfs:subClassOf,rc:IranianLanguages
rc:KurdishLanguage,rdfs:subClassOf,owl:Thing
rc:DigitalCertificate,rdfs:subClassOf,rc:ComputerFile_Abstract
rc:DigitalCertificate,rdfs:subClassOf,owl:Thing
rc:OnlineDatabase,rdfs:subClassOf,rc:ComputerDatabase
rc:OnlineDatabase,rdfs:subClassOf,owl:Thing
rc:Helios,rdfs:subClassOf,rc:OperatingSystem
rc:Helios,rdfs:subClassOf,owl:Thing
rc:JivaroLanguage,rdfs:subClassOf,rc:TupianLanguages
rc:JivaroLanguage,rdfs:subClassOf,owl:Thing
rc:VikingMetal,rdfs:subClassOf,rc:DeathMetalMusic
rc:VikingMetal,rdfs:subClassOf,owl:Thing
rc:TypeOfRAM,rdfs:subClassOf,rc:ComputerMemory_Abstract
rc:TypeOfRAM,rdfs:subClassOf,owl:Thing
rc:UserManual,rdfs:subClassOf,rc:InstructionalWork
rc:UserManual,rdfs:subClassOf,owl:Thing
rc:Pascal_ProgrammingLanguage,rdfs:subClassOf,rc:AbstractProgrammingLanguage
rc:Pascal_ProgrammingLanguage,rdfs:subClassOf,owl:Thing
rc:ComputerModel,rdfs:subClassOf,rc:ComputerCode_Source
rc:ComputerModel,rdfs:subClassOf,rc:StructurallySpecificWork
rc:ComputerModel,rdfs:subClassOf,owl:Thing
rc:DellInspironComputer,rdfs:subClassOf,rc:DellComputer
rc:DellInspironComputer,rdfs:subClassOf,owl:Thing
rc:MilitarySlangAndJargon,rdfs:subClassOf,rc:Slang
rc:MilitarySlangAndJargon,rdfs:subClassOf,owl:Thing
rc:ArabicWordOrPhrase,rdfs:subClassOf,rc:ClassicalArabicLanguage
rc:ArabicWordOrPhrase,rdfs:subClassOf,rc:WordOrPhraseByLanguage
rc:ArabicWordOrPhrase,rdfs:subClassOf,owl:Thing
rc:CausalDiagram,rdfs:subClassOf,rc:AnalysisDiagram
rc:CausalDiagram,rdfs:subClassOf,owl:Thing
rc:NuclearMagneticResonanceSoftware,rdfs:subClassOf,rc:ScientificSoftware
rc:NuclearMagneticResonanceSoftware,rdfs:subClassOf,owl:Thing
rc:SangoLanguage,rdfs:subClassOf,rc:AtlanticCongoLanguages
rc:SangoLanguage,rdfs:subClassOf,owl:Thing
rc:SemanticHTML,rdfs:subClassOf,rc:HypertextMarkupLanguage
rc:SemanticHTML,rdfs:subClassOf,owl:Thing
rc:MaricopaLanguage,rdfs:subClassOf,rc:OtherAmericanLanguages
rc:MaricopaLanguage,rdfs:subClassOf,owl:Thing
rc:ComputerAIS,rdfs:subClassOf,rc:AbstractInformationStructure
rc:ComputerAIS,rdfs:subClassOf,owl:Thing
rc:FootballJersey,rdfs:subClassOf,rc:Jersey_TheShirt
rc:FootballJersey,rdfs:subClassOf,owl:Thing
rc:PossessivePronoun,rdfs:subClassOf,rc:Pronoun
rc:PossessivePronoun,rdfs:subClassOf,owl:Thing
rc:Gargoyle_Sculpture,rdfs:subClassOf,rc:Sculpture
rc:Gargoyle_Sculpture,rdfs:subClassOf,owl:Thing
rc:KnowledgeBase,rdfs:subClassOf,rc:OnlineDatabase
rc:KnowledgeBase,rdfs:subClassOf,owl:Thing
rc:ConceptExtractionTool,rdfs:subClassOf,rc:UtilityProgram
rc:ConceptExtractionTool,rdfs:subClassOf,owl:Thing
rc:ChamberMusicComposition,rdfs:subClassOf,rc:MusicalComposition_Classical
rc:ChamberMusicComposition,rdfs:subClassOf,owl:Thing
rc:RussianLanguageEducation,rdfs:subClassOf,rc:RussianTopics
rc:RussianLanguageEducation,rdfs:subClassOf,owl:Thing
rc:Archive,rdfs:subClassOf,rc:InformationBearingObject
rc:Archive,rdfs:subClassOf,owl:Thing
rc:GaelicLanguageSurname,rdfs:subClassOf,rc:Gaulic
rc:GaelicLanguageSurname,rdfs:subClassOf,rc:HumanSurname
rc:GaelicLanguageSurname,rdfs:subClassOf,owl:Thing
rc:XPath,rdfs:subClassOf,rc:InternetInformation
rc:XPath,rdfs:subClassOf,owl:Thing
rc:MagicalTerm,rdfs:subClassOf,rc:EntertainmentTerm
rc:MagicalTerm,rdfs:subClassOf,owl:Thing
rc:ClassicalMusicalPerformance,rdfs:subClassOf,rc:MusicalPerformance
rc:ClassicalMusicalPerformance,rdfs:subClassOf,owl:Thing
rc:BirthdayCard,rdfs:subClassOf,rc:OccasionCard
rc:BirthdayCard,rdfs:subClassOf,owl:Thing
rc:CompactDisc_Audio,rdfs:subClassOf,rc:CompactDisc_Generic
rc:CompactDisc_Audio,rdfs:subClassOf,rc:RecordedSoundProduct
rc:CompactDisc_Audio,rdfs:subClassOf,owl:Thing
rc:CharacterizationsByLanguage,rdfs:subClassOf,rc:NaturalLanguage
rc:CharacterizationsByLanguage,rdfs:subClassOf,owl:Thing
rc:BiologyTerminology,rdfs:subClassOf,rc:TechnicalTerminology
rc:BiologyTerminology,rdfs:subClassOf,owl:Thing
rc:MusicalComposition_Jazz,rdfs:subClassOf,rc:MusicalComposition
rc:MusicalComposition_Jazz,rdfs:subClassOf,owl:Thing
rc:InsuranceClaimForm,rdfs:subClassOf,rc:Form_StandardizedIBO
rc:InsuranceClaimForm,rdfs:subClassOf,owl:Thing
rc:Romanization,rdfs:subClassOf,rc:CharacterizationsByLanguage
rc:Romanization,rdfs:subClassOf,owl:Thing
rc:DenominationCurrency,rdfs:subClassOf,rc:Currency
rc:DenominationCurrency,rdfs:subClassOf,owl:Thing
rc:ProgramObject,rdfs:subClassOf,rc:ComputerAIS
rc:ProgramObject,rdfs:subClassOf,owl:Thing
rc:Hierarchy,rdfs:subClassOf,rc:AbstractStructure
rc:Hierarchy,rdfs:subClassOf,owl:Thing
rc:Rationalism,rdfs:subClassOf,rc:Justification
rc:Rationalism,rdfs:subClassOf,owl:Thing
rc:MusicalComposition_GrungeRock,rdfs:subClassOf,rc:MusicTypeOpenGenre
rc:MusicalComposition_GrungeRock,rdfs:subClassOf,rc:MusicalComposition_Rock
rc:MusicalComposition_GrungeRock,rdfs:subClassOf,owl:Thing
rc:PashtoLanguage,rdfs:subClassOf,rc:IranianLanguages
rc:PashtoLanguage,rdfs:subClassOf,owl:Thing
rc:SwahiliLanguage,rdfs:subClassOf,rc:BantuLanguages
rc:SwahiliLanguage,rdfs:subClassOf,owl:Thing
rc:LexicalItem,rdfs:subClassOf,rc:AbstractInformationStructure
rc:LexicalItem,rdfs:subClassOf,rc:LinguisticObject
rc:LexicalItem,rdfs:subClassOf,owl:Thing
rc:WorldMap,rdfs:subClassOf,rc:Map
rc:WorldMap,rdfs:subClassOf,owl:Thing
rc:MedicalTerminology,rdfs:subClassOf,rc:TechnicalTerminology
rc:MedicalTerminology,rdfs:subClassOf,owl:Thing
rc:RecordedMusic,rdfs:subClassOf,rc:RecordedSoundProduct
rc:RecordedMusic,rdfs:subClassOf,owl:Thing
rc:PhosphateClass_Minerals,rdfs:subClassOf,rc:ClassificationOfMinerals
rc:PhosphateClass_Minerals,rdfs:subClassOf,owl:Thing
rc:TarahumareLanguage,rdfs:subClassOf,rc:UtoAztecanLanguages
rc:TarahumareLanguage,rdfs:subClassOf,owl:Thing
rc:OtherAustronesianLanguages,rdfs:subClassOf,rc:AustronesianLanguages
rc:OtherAustronesianLanguages,rdfs:subClassOf,owl:Thing
rc:Paperback,rdfs:subClassOf,rc:BookCopy
rc:Paperback,rdfs:subClassOf,owl:Thing
rc:GlassArt,rdfs:subClassOf,rc:Art
rc:GlassArt,rdfs:subClassOf,owl:Thing
rc:Ranking,rdfs:subClassOf,rc:Hierarchy
rc:Ranking,rdfs:subClassOf,owl:Thing
rc:WeatherMap,rdfs:subClassOf,rc:Map
rc:WeatherMap,rdfs:subClassOf,owl:Thing
rc:LargeDeviationsTheory,rdfs:subClassOf,rc:ProbabilityTheory
rc:LargeDeviationsTheory,rdfs:subClassOf,owl:Thing
rc:GaelicWriting,rdfs:subClassOf,rc:WritingSystem
rc:GaelicWriting,rdfs:subClassOf,owl:Thing
rc:SouthernConeMusic,rdfs:subClassOf,rc:MusicByRegion
rc:SouthernConeMusic,rdfs:subClassOf,owl:Thing
rc:ComputerProgramByLicense,rdfs:subClassOf,rc:ComputerProgram
rc:ComputerProgramByLicense,rdfs:subClassOf,owl:Thing
rc:MainVerb,rdfs:subClassOf,rc:Verb
rc:MainVerb,rdfs:subClassOf,owl:Thing
rc:Ribonucleotide_GIS,rdfs:subClassOf,rc:Nucleotide_GIS
rc:Ribonucleotide_GIS,rdfs:subClassOf,owl:Thing
rc:AnatomicalTerminology,rdfs:subClassOf,rc:MedicalTerminology
rc:AnatomicalTerminology,rdfs:subClassOf,owl:Thing
rc:DataStream,rdfs:subClassOf,rc:ProgramObject
rc:DataStream,rdfs:subClassOf,owl:Thing
rc:CarolinianLanguage,rdfs:subClassOf,rc:OtherAustronesianLanguages
rc:CarolinianLanguage,rdfs:subClassOf,owl:Thing
rc:LanguageRelatedConcepts,rdfs:subClassOf,rc:NaturalLanguage
rc:LanguageRelatedConcepts,rdfs:subClassOf,owl:Thing
rc:Label,rdfs:subClassOf,rc:Signage
rc:Label,rdfs:subClassOf,owl:Thing
rc:BasketballRanking,rdfs:subClassOf,rc:Ranking
rc:BasketballRanking,rdfs:subClassOf,owl:Thing
rc:WordConstituent,rdfs:subClassOf,rc:LexicalItem
rc:WordConstituent,rdfs:subClassOf,owl:Thing
rc:Rationalization,rdfs:subClassOf,rc:Argument
rc:Rationalization,rdfs:subClassOf,owl:Thing
rc:RevolvingLoan,rdfs:subClassOf,rc:FixedTimeLoan
rc:RevolvingLoan,rdfs:subClassOf,rc:LineOfCredit
rc:RevolvingLoan,rdfs:subClassOf,owl:Thing
rc:ScriptsByLanguage,rdfs:subClassOf,rc:CharacterizationsByLanguage
rc:ScriptsByLanguage,rdfs:subClassOf,owl:Thing
rc:LatvianLanguage,rdfs:subClassOf,rc:BalticLanguages
rc:LatvianLanguage,rdfs:subClassOf,owl:Thing
rc:JazzGenre,rdfs:subClassOf,rc:JazzMusic
rc:JazzGenre,rdfs:subClassOf,rc:MusicalComposition_Jazz
rc:JazzGenre,rdfs:subClassOf,owl:Thing
rc:WindowsService,rdfs:subClassOf,rc:MSWindowsApplication
rc:WindowsService,rdfs:subClassOf,rc:ServiceProgram
rc:WindowsService,rdfs:subClassOf,owl:Thing
rc:CertificateOfEligibility,rdfs:subClassOf,rc:OfficialDocument
rc:CertificateOfEligibility,rdfs:subClassOf,owl:Thing
rc:BrazilianChristianMusic,rdfs:subClassOf,rc:MusicalComposition_Christian
rc:BrazilianChristianMusic,rdfs:subClassOf,owl:Thing
rc:TradeSecret,rdfs:subClassOf,rc:ConfidentialInformation
rc:TradeSecret,rdfs:subClassOf,owl:Thing
rc:RegistryKey,rdfs:subClassOf,rc:ConfigurationFile
rc:RegistryKey,rdfs:subClassOf,owl:Thing
rc:MusicalComposition_HardRock,rdfs:subClassOf,rc:MusicTypeOpenGenre
rc:MusicalComposition_HardRock,rdfs:subClassOf,rc:MusicalComposition_Rock
rc:MusicalComposition_HardRock,rdfs:subClassOf,owl:Thing
rc:Reporting,rdfs:subClassOf,rc:DescribingSomething
rc:Reporting,rdfs:subClassOf,owl:Thing
rc:NoContestPlea,rdfs:subClassOf,rc:Plea_Legal
rc:NoContestPlea,rdfs:subClassOf,owl:Thing
rc:CreditCardAgreement,rdfs:subClassOf,rc:Loan_WrittenLegalAgreement
rc:CreditCardAgreement,rdfs:subClassOf,rc:RevolvingLoan
rc:CreditCardAgreement,rdfs:subClassOf,owl:Thing
rc:SwahiliLanguageSurname,rdfs:subClassOf,rc:HumanSurname
rc:SwahiliLanguageSurname,rdfs:subClassOf,owl:Thing
rc:PossessivePronoun_Pre,rdfs:subClassOf,rc:PossessivePronoun
rc:PossessivePronoun_Pre,rdfs:subClassOf,owl:Thing
rc:BlankForm,rdfs:subClassOf,rc:Form_StandardizedIBO
rc:BlankForm,rdfs:subClassOf,owl:Thing
rc:GeorgianScript,rdfs:subClassOf,rc:GeorgianTopics
rc:GeorgianScript,rdfs:subClassOf,rc:ScriptsByLanguage
rc:GeorgianScript,rdfs:subClassOf,owl:Thing
rc:DellPowerEdgeComputer,rdfs:subClassOf,rc:DellComputer
rc:DellPowerEdgeComputer,rdfs:subClassOf,owl:Thing
rc:ConsumerReport,rdfs:subClassOf,rc:PublishedConceptualWork
rc:ConsumerReport,rdfs:subClassOf,owl:Thing
rc:Buoy,rdfs:subClassOf,rc:HumanAccessibleIBO
rc:Buoy,rdfs:subClassOf,owl:Thing
rc:PunjabiRomanization,rdfs:subClassOf,rc:Romanization
rc:PunjabiRomanization,rdfs:subClassOf,owl:Thing
rc:BaseWordForm,rdfs:subClassOf,rc:WordConstituent
rc:BaseWordForm,rdfs:subClassOf,owl:Thing
rc:LoloBurmeseLanguage,rdfs:subClassOf,rc:SinoTibetanLanguages
rc:LoloBurmeseLanguage,rdfs:subClassOf,owl:Thing
rc:PayStub,rdfs:subClassOf,rc:OfficialDocument
rc:PayStub,rdfs:subClassOf,owl:Thing
rc:Shareware,rdfs:subClassOf,rc:ComputerProgramByLicense
rc:Shareware,rdfs:subClassOf,owl:Thing
rc:LogicalFallacy,rdfs:subClassOf,rc:Argument
rc:LogicalFallacy,rdfs:subClassOf,owl:Thing
rc:IncestStory,rdfs:subClassOf,rc:EroticStory
rc:IncestStory,rdfs:subClassOf,owl:Thing
rc:WindowsXP,rdfs:subClassOf,rc:MSWindowsOperatingSystem
rc:WindowsXP,rdfs:subClassOf,owl:Thing
rc:Gargoyle_Spout,rdfs:subClassOf,rc:Gargoyle_Sculpture
rc:Gargoyle_Spout,rdfs:subClassOf,owl:Thing
rc:Document,rdfs:subClassOf,rc:InformationStore
rc:Document,rdfs:subClassOf,owl:Thing
rc:ParentalGuidance13Rating,rdfs:subClassOf,rc:Movie
rc:ParentalGuidance13Rating,rdfs:subClassOf,owl:Thing
rc:Ideogram,rdfs:subClassOf,rc:Iconicity
rc:Ideogram,rdfs:subClassOf,owl:Thing
rc:StrategyGameProgram,rdfs:subClassOf,rc:ComputerGameProgram
rc:StrategyGameProgram,rdfs:subClassOf,owl:Thing
rc:SecularHolidayCard,rdfs:subClassOf,rc:GreetingCard
rc:SecularHolidayCard,rdfs:subClassOf,owl:Thing
rc:LexicalWord,rdfs:subClassOf,rc:BaseWordForm
rc:LexicalWord,rdfs:subClassOf,owl:Thing
rc:RussianLanguageSurname,rdfs:subClassOf,rc:HumanSurname
rc:RussianLanguageSurname,rdfs:subClassOf,rc:RussianTopics
rc:RussianLanguageSurname,rdfs:subClassOf,owl:Thing
rc:LanguageTests,rdfs:subClassOf,rc:LanguageRelatedConcepts
rc:LanguageTests,rdfs:subClassOf,owl:Thing
rc:WeatherNews,rdfs:subClassOf,rc:News
rc:WeatherNews,rdfs:subClassOf,owl:Thing
rc:CompactDisc_GenericTypeByWritability,rdfs:subClassOf,rc:CompactDisc_Generic
rc:CompactDisc_GenericTypeByWritability,rdfs:subClassOf,owl:Thing
rc:FarmersAlmanac_TheReferenceWork,rdfs:subClassOf,rc:Almanac
rc:FarmersAlmanac_TheReferenceWork,rdfs:subClassOf,owl:Thing
rc:GilakiLanguage,rdfs:subClassOf,rc:IranianLanguages
rc:GilakiLanguage,rdfs:subClassOf,owl:Thing
rc:Codon_GIS,rdfs:subClassOf,rc:Ribonucleotide_GIS
rc:Codon_GIS,rdfs:subClassOf,owl:Thing
rc:TakriWriting,rdfs:subClassOf,rc:WritingSystem
rc:TakriWriting,rdfs:subClassOf,owl:Thing
rc:XQueryProcessor,rdfs:subClassOf,rc:XML_MarkupLanguage
rc:XQueryProcessor,rdfs:subClassOf,owl:Thing
rc:PharmacyMedicineLabel,rdfs:subClassOf,rc:ProductLabel
rc:PharmacyMedicineLabel,rdfs:subClassOf,owl:Thing
rc:MalwareByPlatform,rdfs:subClassOf,rc:MaliciousComputerProgram
rc:MalwareByPlatform,rdfs:subClassOf,owl:Thing
rc:GeneralOfTheArmy_Title,rdfs:subClassOf,rc:MilitaryTitle
rc:GeneralOfTheArmy_Title,rdfs:subClassOf,owl:Thing
rc:ClassicalPeriodMusic,rdfs:subClassOf,rc:ClassicalMusic
rc:ClassicalPeriodMusic,rdfs:subClassOf,owl:Thing
rc:RussianLanguageTest,rdfs:subClassOf,rc:LanguageTests
rc:RussianLanguageTest,rdfs:subClassOf,rc:RussianTopics
rc:RussianLanguageTest,rdfs:subClassOf,owl:Thing
rc:ComputerCodeFunction,rdfs:subClassOf,rc:ComputerCode
rc:ComputerCodeFunction,rdfs:subClassOf,owl:Thing
rc:ComputerFile,rdfs:subClassOf,rc:ComputerFile_Abstract
rc:ComputerFile,rdfs:subClassOf,rc:DataStream
rc:ComputerFile,rdfs:subClassOf,rc:Document
rc:ComputerFile,rdfs:subClassOf,rc:StructurallySpecificWork
rc:ComputerFile,rdfs:subClassOf,owl:Thing
rc:Chari_NileLanguages,rdfs:subClassOf,rc:NiloSaharanLanguages
rc:Chari_NileLanguages,rdfs:subClassOf,owl:Thing
rc:Cipher,rdfs:subClassOf,rc:SecureCommunication
rc:Cipher,rdfs:subClassOf,owl:Thing
rc:RecordedVideoProduct,rdfs:subClassOf,rc:PublishedIBT
rc:RecordedVideoProduct,rdfs:subClassOf,rc:VideoRecordedObject
rc:RecordedVideoProduct,rdfs:subClassOf,owl:Thing
rc:Riff,rdfs:subClassOf,rc:MusicalComposition
rc:Riff,rdfs:subClassOf,owl:Thing
rc:Name,rdfs:subClassOf,rc:LexicalWord
rc:Name,rdfs:subClassOf,owl:Thing
rc:MundaLanguages,rdfs:subClassOf,rc:AustroasiaticLanguages
rc:MundaLanguages,rdfs:subClassOf,owl:Thing
rc:SiouxLanguage,rdfs:subClassOf,rc:SiouanLanguages
rc:SiouxLanguage,rdfs:subClassOf,owl:Thing
rc:ChineseLanguageTest,rdfs:subClassOf,rc:ChineseTopics
rc:ChineseLanguageTest,rdfs:subClassOf,rc:LanguageTests
rc:ChineseLanguageTest,rdfs:subClassOf,owl:Thing
rc:AssetConversionLoan,rdfs:subClassOf,rc:LoanAgreement
rc:AssetConversionLoan,rdfs:subClassOf,owl:Thing
rc:QuarterlyReporting,rdfs:subClassOf,rc:Reporting
rc:QuarterlyReporting,rdfs:subClassOf,owl:Thing
rc:TypeOfScientificFallacy,rdfs:subClassOf,rc:LogicalFallacy
rc:TypeOfScientificFallacy,rdfs:subClassOf,owl:Thing
rc:MonetaryEconomics,rdfs:subClassOf,rc:Money_DevisedPractice
rc:MonetaryEconomics,rdfs:subClassOf,owl:Thing
rc:CausalFallacy,rdfs:subClassOf,rc:LogicalFallacy
rc:CausalFallacy,rdfs:subClassOf,owl:Thing
rc:GarhwaliLanguage,rdfs:subClassOf,rc:IndicLanguages
rc:GarhwaliLanguage,rdfs:subClassOf,owl:Thing
rc:CaesarCipher,rdfs:subClassOf,rc:Cipher
rc:CaesarCipher,rdfs:subClassOf,owl:Thing
rc:JournalSeries,rdfs:subClassOf,rc:ReferenceWork_Written
rc:JournalSeries,rdfs:subClassOf,owl:Thing
rc:MineralSpecies,rdfs:subClassOf,rc:ClassificationOfMinerals
rc:MineralSpecies,rdfs:subClassOf,owl:Thing
rc:ArabicWritingSystem,rdfs:subClassOf,rc:ClassicalArabicWriting
rc:ArabicWritingSystem,rdfs:subClassOf,rc:WritingSystem
rc:ArabicWritingSystem,rdfs:subClassOf,owl:Thing
rc:CatalanLanguageSurname,rdfs:subClassOf,rc:CatalanLanguage
rc:CatalanLanguageSurname,rdfs:subClassOf,rc:HumanSurname
rc:CatalanLanguageSurname,rdfs:subClassOf,owl:Thing
rc:CISCArchitecture,rdfs:subClassOf,rc:ComputerArchitecture
rc:CISCArchitecture,rdfs:subClassOf,owl:Thing
rc:GoldStandard,rdfs:subClassOf,rc:MonetaryEconomics
rc:GoldStandard,rdfs:subClassOf,owl:Thing
rc:ElectronicMailingList,rdfs:subClassOf,rc:PublishedConceptualWork
rc:ElectronicMailingList,rdfs:subClassOf,rc:StructuredMediaSeriesProduct
rc:ElectronicMailingList,rdfs:subClassOf,owl:Thing
rc:SerboCroatianLanguageSurname,rdfs:subClassOf,rc:HumanSurname
rc:SerboCroatianLanguageSurname,rdfs:subClassOf,owl:Thing
rc:XRating,rdfs:subClassOf,rc:Movie
rc:XRating,rdfs:subClassOf,owl:Thing
rc:MusicalComposition_HeavyMetal,rdfs:subClassOf,rc:MusicTypeOpenGenre
rc:MusicalComposition_HeavyMetal,rdfs:subClassOf,rc:MusicalComposition_Rock
rc:MusicalComposition_HeavyMetal,rdfs:subClassOf,owl:Thing
rc:MassivelyParallelArchitecture,rdfs:subClassOf,rc:ComputerArchitecture
rc:MassivelyParallelArchitecture,rdfs:subClassOf,owl:Thing
rc:BlankGreetingCard,rdfs:subClassOf,rc:GreetingCard
rc:BlankGreetingCard,rdfs:subClassOf,owl:Thing
rc:SwahiliWordOrPhrase,rdfs:subClassOf,rc:WordOrPhraseByLanguage
rc:SwahiliWordOrPhrase,rdfs:subClassOf,owl:Thing
rc:ConsumerReports,rdfs:subClassOf,rc:Periodical
rc:ConsumerReports,rdfs:subClassOf,owl:Thing
rc:Confession,rdfs:subClassOf,rc:Informing
rc:Confession,rdfs:subClassOf,owl:Thing
rc:CertificationOfApprenticeship,rdfs:subClassOf,rc:Certification
rc:CertificationOfApprenticeship,rdfs:subClassOf,owl:Thing
rc:DyulaLanguage,rdfs:subClassOf,rc:AtlanticCongoLanguages
rc:DyulaLanguage,rdfs:subClassOf,owl:Thing
rc:FringeTheatre,rdfs:subClassOf,rc:TheatricalGenre
rc:FringeTheatre,rdfs:subClassOf,owl:Thing
rc:CanadianFootballTerminology,rdfs:subClassOf,rc:SportsTerminology
rc:CanadianFootballTerminology,rdfs:subClassOf,owl:Thing
rc:GameProgram_CheatingInstruction,rdfs:subClassOf,rc:Instructions
rc:GameProgram_CheatingInstruction,rdfs:subClassOf,owl:Thing
rc:EnglishEtymology,rdfs:subClassOf,rc:EnglishTopics
rc:EnglishEtymology,rdfs:subClassOf,owl:Thing
rc:NorthAmericanSpanish,rdfs:subClassOf,rc:SpanishLanguage
rc:NorthAmericanSpanish,rdfs:subClassOf,owl:Thing
rc:GeorgianWordOrPhrase,rdfs:subClassOf,rc:GeorgianTopics
rc:GeorgianWordOrPhrase,rdfs:subClassOf,rc:WordOrPhraseByLanguage
rc:GeorgianWordOrPhrase,rdfs:subClassOf,owl:Thing
rc:CreditCardAuthorizationForm,rdfs:subClassOf,rc:Form_StandardizedIBO
rc:CreditCardAuthorizationForm,rdfs:subClassOf,rc:Paper_IBO
rc:CreditCardAuthorizationForm,rdfs:subClassOf,owl:Thing
rc:DigitalDictation,rdfs:subClassOf,rc:RecordingOfWaveIBT
rc:DigitalDictation,rdfs:subClassOf,owl:Thing
rc:UnitedStatesGovernmentSecrecy,rdfs:subClassOf,rc:RestrictedInformation
rc:UnitedStatesGovernmentSecrecy,rdfs:subClassOf,rc:Unclassified
rc:UnitedStatesGovernmentSecrecy,rdfs:subClassOf,owl:Thing
rc:SyllabicWriting,rdfs:subClassOf,rc:WritingSystem
rc:SyllabicWriting,rdfs:subClassOf,owl:Thing
rc:EBookReader,rdfs:subClassOf,rc:ClassOfComputer
rc:EBookReader,rdfs:subClassOf,owl:Thing
rc:Visa_Permit_Student,rdfs:subClassOf,rc:Visa_Permit
rc:Visa_Permit_Student,rdfs:subClassOf,owl:Thing
rc:PostCard,rdfs:subClassOf,rc:Card
rc:PostCard,rdfs:subClassOf,owl:Thing
rc:UnicodeBlock,rdfs:subClassOf,rc:UnicodeStandard
rc:UnicodeBlock,rdfs:subClassOf,owl:Thing
rc:IdeographicWriting,rdfs:subClassOf,rc:WritingSystem
rc:IdeographicWriting,rdfs:subClassOf,owl:Thing
rc:HoLanguage,rdfs:subClassOf,rc:MundaLanguages
rc:HoLanguage,rdfs:subClassOf,owl:Thing
rc:JobApplicationForm,rdfs:subClassOf,rc:ApplicationForm
rc:JobApplicationForm,rdfs:subClassOf,owl:Thing
rc:TimeBomb_Computer,rdfs:subClassOf,rc:LogicBomb
rc:TimeBomb_Computer,rdfs:subClassOf,owl:Thing
rc:ApplicationAccount,rdfs:subClassOf,rc:ComputerAccount
rc:ApplicationAccount,rdfs:subClassOf,owl:Thing
rc:Microarchitecture,rdfs:subClassOf,rc:ComputerTypeByArchitecture
rc:Microarchitecture,rdfs:subClassOf,owl:Thing
rc:DzongkhaLanguage,rdfs:subClassOf,rc:TibetoBurmanLanguages
rc:DzongkhaLanguage,rdfs:subClassOf,owl:Thing
rc:FiftyDollarBill_US,rdfs:subClassOf,rc:Bill_US
rc:FiftyDollarBill_US,rdfs:subClassOf,owl:Thing
rc:ParentalGuidanceRating,rdfs:subClassOf,rc:Movie
rc:ParentalGuidanceRating,rdfs:subClassOf,owl:Thing
rc:LepidopteraTaxonomy,rdfs:subClassOf,rc:InsectTaxonomy
rc:LepidopteraTaxonomy,rdfs:subClassOf,owl:Thing
rc:MassivelyParallelComputer,rdfs:subClassOf,rc:ParallelArchitecture
rc:MassivelyParallelComputer,rdfs:subClassOf,owl:Thing
rc:PaltaLanguage,rdfs:subClassOf,rc:OtherLanguages
rc:PaltaLanguage,rdfs:subClassOf,owl:Thing
rc:UnicodeFormattingCodePoint,rdfs:subClassOf,rc:UnicodeStandard
rc:UnicodeFormattingCodePoint,rdfs:subClassOf,owl:Thing
rc:AmazonKindle,rdfs:subClassOf,rc:EBookReader
rc:AmazonKindle,rdfs:subClassOf,owl:Thing
rc:Slide_Photograph,rdfs:subClassOf,rc:Photograph
rc:Slide_Photograph,rdfs:subClassOf,owl:Thing
rc:RadioTerminology,rdfs:subClassOf,rc:EntertainmentTerm
rc:RadioTerminology,rdfs:subClassOf,owl:Thing
rc:RiffLanguage,rdfs:subClassOf,rc:BerberLanguages
rc:RiffLanguage,rdfs:subClassOf,owl:Thing
rc:ComputerCode_Binary,rdfs:subClassOf,rc:ComputerCode
rc:ComputerCode_Binary,rdfs:subClassOf,owl:Thing
rc:Rainbow,rdfs:subClassOf,rc:SymbolicThing
rc:Rainbow,rdfs:subClassOf,owl:Thing
rc:Multi_ScaleCamouflage,rdfs:subClassOf,rc:CamouflagePattern
rc:Multi_ScaleCamouflage,rdfs:subClassOf,owl:Thing
rc:Syllogism,rdfs:subClassOf,rc:DeductiveInferenceProcess
rc:Syllogism,rdfs:subClassOf,owl:Thing
rc:TheWashingtonPost_TheNewspaper,rdfs:subClassOf,rc:NewspaperSeries
rc:TheWashingtonPost_TheNewspaper,rdfs:subClassOf,owl:Thing
rc:RussianLanguageVarietyOrStyle,rdfs:subClassOf,rc:RussianLanguage
rc:RussianLanguageVarietyOrStyle,rdfs:subClassOf,owl:Thing
rc:MauritiusCreoleLanguage,rdfs:subClassOf,rc:CreoleAndPidginLanguages
rc:MauritiusCreoleLanguage,rdfs:subClassOf,owl:Thing
rc:StyleOfCommunication,rdfs:subClassOf,rc:CommunicationConvention
rc:StyleOfCommunication,rdfs:subClassOf,owl:Thing
rc:Gene_HereditaryUnit,rdfs:subClassOf,rc:GeneticInformation
rc:Gene_HereditaryUnit,rdfs:subClassOf,owl:Thing
rc:Notation,rdfs:subClassOf,rc:CommunicationConvention
rc:Notation,rdfs:subClassOf,owl:Thing
rc:HumanAccessibleIBO,rdfs:subClassOf,rc:HumanAccessibleIBT
rc:HumanAccessibleIBO,rdfs:subClassOf,rc:InformationBearingObject
rc:HumanAccessibleIBO,rdfs:subClassOf,owl:Thing
rc:HumanName,rdfs:subClassOf,rc:Name
rc:HumanName,rdfs:subClassOf,owl:Thing
rc:ComputerCode_Compiled,rdfs:subClassOf,rc:ComputerCode_Binary
rc:ComputerCode_Compiled,rdfs:subClassOf,owl:Thing
rc:CLanguageContest,rdfs:subClassOf,rc:C_ProgrammingLanguage
rc:CLanguageContest,rdfs:subClassOf,owl:Thing
rc:IslamicGeometricPattern,rdfs:subClassOf,rc:GeometricPattern
rc:IslamicGeometricPattern,rdfs:subClassOf,owl:Thing
rc:GarifunaMusic,rdfs:subClassOf,rc:MusicByRegion
rc:GarifunaMusic,rdfs:subClassOf,owl:Thing
kko:AudioInfo,rdfs:subClassOf,kko:AVInfo
kko:AudioInfo,rdfs:subClassOf,owl:Thing
rc:MusicalComposition_HipHop,rdfs:subClassOf,rc:MusicTypeOpenGenre
rc:MusicalComposition_HipHop,rdfs:subClassOf,rc:MusicalComposition
rc:MusicalComposition_HipHop,rdfs:subClassOf,owl:Thing
rc:NonlinearSystem,rdfs:subClassOf,rc:ChaosTheory
rc:NonlinearSystem,rdfs:subClassOf,owl:Thing
rc:LinguisticRegister,rdfs:subClassOf,rc:StyleOfCommunication
rc:LinguisticRegister,rdfs:subClassOf,owl:Thing
rc:GuinnessBookOfWorldRecord,rdfs:subClassOf,rc:ReferenceWork
rc:GuinnessBookOfWorldRecord,rdfs:subClassOf,owl:Thing
rc:SemanticWeb,rdfs:subClassOf,rc:WorldWideWeb_DynamicIndexedInfoSource
rc:SemanticWeb,rdfs:subClassOf,owl:Thing
rc:DensityFunctionalTheory,rdfs:subClassOf,rc:QuantumMechanics
rc:DensityFunctionalTheory,rdfs:subClassOf,owl:Thing
rc:OptionToSell,rdfs:subClassOf,rc:FinancialOption
rc:OptionToSell,rdfs:subClassOf,owl:Thing
rc:MathematicalNotation,rdfs:subClassOf,rc:Notation
rc:MathematicalNotation,rdfs:subClassOf,owl:Thing
rc:CertificationOfCompetence,rdfs:subClassOf,rc:Certification
rc:CertificationOfCompetence,rdfs:subClassOf,owl:Thing
rc:TivLanguage,rdfs:subClassOf,rc:AtlanticCongoLanguages
rc:TivLanguage,rdfs:subClassOf,owl:Thing
rc:GagauzLanguage,rdfs:subClassOf,rc:TurkicLanguages
rc:GagauzLanguage,rdfs:subClassOf,owl:Thing
rc:ScrewedUp,rdfs:subClassOf,rc:Album
rc:ScrewedUp,rdfs:subClassOf,owl:Thing
rc:RainbowBook,rdfs:subClassOf,rc:SpecificationDocument
rc:RainbowBook,rdfs:subClassOf,owl:Thing
rc:StochasticProcess,rdfs:subClassOf,rc:ProbabilityTheory
rc:StochasticProcess,rdfs:subClassOf,owl:Thing
rc:EnglishExonym,rdfs:subClassOf,rc:EnglishTopics
rc:EnglishExonym,rdfs:subClassOf,rc:LanguageExonyms
rc:EnglishExonym,rdfs:subClassOf,owl:Thing
rc:FinnishDialect,rdfs:subClassOf,rc:LanguageDialect
rc:FinnishDialect,rdfs:subClassOf,owl:Thing
rc:BathymetricMap,rdfs:subClassOf,rc:Map
rc:BathymetricMap,rdfs:subClassOf,owl:Thing
rc:CatalanWordOrPhrase,rdfs:subClassOf,rc:CatalanLanguage
rc:CatalanWordOrPhrase,rdfs:subClassOf,rc:WordOrPhraseByLanguage
rc:CatalanWordOrPhrase,rdfs:subClassOf,owl:Thing
rc:IndiePop,rdfs:subClassOf,rc:PopMusicGenre
rc:IndiePop,rdfs:subClassOf,owl:Thing
rc:ArtObject,rdfs:subClassOf,rc:Art
rc:ArtObject,rdfs:subClassOf,rc:HumanAccessibleIBO
rc:ArtObject,rdfs:subClassOf,rc:VisualInformationBearingThing
rc:ArtObject,rdfs:subClassOf,owl:Thing
rc:NorwegianDialect,rdfs:subClassOf,rc:LanguageDialect
rc:NorwegianDialect,rdfs:subClassOf,owl:Thing
rc:HumanSurname,rdfs:subClassOf,rc:CharacterizationsByLanguage
rc:HumanSurname,rdfs:subClassOf,rc:HumanName
rc:HumanSurname,rdfs:subClassOf,owl:Thing
rc:PestControlLicense,rdfs:subClassOf,rc:License_LegalAgreement
rc:PestControlLicense,rdfs:subClassOf,owl:Thing
rc:SubL,rdfs:subClassOf,rc:AbstractProgrammingLanguage
rc:SubL,rdfs:subClassOf,owl:Thing
rc:LegalLanguage_Register,rdfs:subClassOf,rc:LinguisticRegister
rc:LegalLanguage_Register,rdfs:subClassOf,owl:Thing
rc:PostDisco,rdfs:subClassOf,rc:DiscoMusic
rc:PostDisco,rdfs:subClassOf,rc:MusicTypeOpenGenre
rc:PostDisco,rdfs:subClassOf,owl:Thing
rc:NumeralSystem,rdfs:subClassOf,rc:MathematicalNotation
rc:NumeralSystem,rdfs:subClassOf,owl:Thing
rc:ChamberPop,rdfs:subClassOf,rc:IndiePop
rc:ChamberPop,rdfs:subClassOf,owl:Thing
rc:MusicalComposition_House,rdfs:subClassOf,rc:MusicalComposition_Disco
rc:MusicalComposition_House,rdfs:subClassOf,rc:MusicalComposition_Electronic
rc:MusicalComposition_House,rdfs:subClassOf,owl:Thing
rc:GreatestHitsAlbum,rdfs:subClassOf,rc:Album
rc:GreatestHitsAlbum,rdfs:subClassOf,owl:Thing
rc:ComputerGameEntertainmentSoftware,rdfs:subClassOf,rc:Software
rc:ComputerGameEntertainmentSoftware,rdfs:subClassOf,owl:Thing
rc:VisayanLanguage,rdfs:subClassOf,rc:MalayoPolynesianLanguages
rc:VisayanLanguage,rdfs:subClassOf,owl:Thing
rc:TwoDimensionalArtObject,rdfs:subClassOf,rc:ArtObject
rc:TwoDimensionalArtObject,rdfs:subClassOf,owl:Thing
rc:ObjOfTrans_SubjOfIntrans,rdfs:subClassOf,rc:Alternation
rc:ObjOfTrans_SubjOfIntrans,rdfs:subClassOf,owl:Thing
rc:AfrikaansLanguageSurname,rdfs:subClassOf,rc:HumanSurname
rc:AfrikaansLanguageSurname,rdfs:subClassOf,owl:Thing
rc:PhysicalLayerProtocol,rdfs:subClassOf,rc:ProtocolStackLayer
rc:PhysicalLayerProtocol,rdfs:subClassOf,owl:Thing
rc:GilberteseLanguage,rdfs:subClassOf,rc:MalayoPolynesianLanguages
rc:GilberteseLanguage,rdfs:subClassOf,owl:Thing
rc:Username,rdfs:subClassOf,rc:IDString
rc:Username,rdfs:subClassOf,rc:SecurityInformation
rc:Username,rdfs:subClassOf,owl:Thing
rc:SerboCroatianWordOrPhrase,rdfs:subClassOf,rc:WordOrPhraseByLanguage
rc:SerboCroatianWordOrPhrase,rdfs:subClassOf,owl:Thing
rc:ModernDancePerformance,rdfs:subClassOf,rc:DancePerformance
rc:ModernDancePerformance,rdfs:subClassOf,owl:Thing
rc:AnimalUtterance_IBT,rdfs:subClassOf,rc:AnimalSound
rc:AnimalUtterance_IBT,rdfs:subClassOf,rc:InformationBearingThing
rc:AnimalUtterance_IBT,rdfs:subClassOf,owl:Thing
rc:ProteinC,rdfs:subClassOf,rc:EukaryoticGene
rc:ProteinC,rdfs:subClassOf,owl:Thing
rc:DiversionaryComputerProgram,rdfs:subClassOf,rc:ApplicationProgram
rc:DiversionaryComputerProgram,rdfs:subClassOf,owl:Thing
rc:SupplyChainManagementSoftware,rdfs:subClassOf,rc:IndustrialSoftware
rc:SupplyChainManagementSoftware,rdfs:subClassOf,owl:Thing
rc:ElectricalLabel,rdfs:subClassOf,rc:Signage
rc:ElectricalLabel,rdfs:subClassOf,owl:Thing
rc:AdventureGame,rdfs:subClassOf,rc:ComputerGameEntertainmentSoftware
rc:AdventureGame,rdfs:subClassOf,rc:ComputerGameProgram
rc:AdventureGame,rdfs:subClassOf,owl:Thing
rc:SyllogisticFallacy,rdfs:subClassOf,rc:DeductiveInferenceProcess
rc:SyllogisticFallacy,rdfs:subClassOf,rc:LogicalFallacy
rc:SyllogisticFallacy,rdfs:subClassOf,owl:Thing
rc:Punctuation,rdfs:subClassOf,rc:FormalGrammar
rc:Punctuation,rdfs:subClassOf,owl:Thing
rc:SemanticWikiSoftware,rdfs:subClassOf,rc:WikiSoftware
rc:SemanticWikiSoftware,rdfs:subClassOf,owl:Thing
rc:FilmDubbing,rdfs:subClassOf,rc:MovingImage
rc:FilmDubbing,rdfs:subClassOf,owl:Thing
rc:PunjabiWordOrPhrase,rdfs:subClassOf,rc:WordOrPhraseByLanguage
rc:PunjabiWordOrPhrase,rdfs:subClassOf,owl:Thing
rc:UnicodeSpecialCodePoint,rdfs:subClassOf,rc:UnicodeStandard
rc:UnicodeSpecialCodePoint,rdfs:subClassOf,owl:Thing
rc:DigitalArtObject,rdfs:subClassOf,rc:Graphic_VisualIBT
rc:DigitalArtObject,rdfs:subClassOf,rc:TwoDimensionalArtObject
rc:DigitalArtObject,rdfs:subClassOf,owl:Thing
rc:IslamicHonorific,rdfs:subClassOf,rc:ClassicalArabicWriting
rc:IslamicHonorific,rdfs:subClassOf,owl:Thing
rc:TVShow_IBT,rdfs:subClassOf,rc:MovingImageWithSound
rc:TVShow_IBT,rdfs:subClassOf,rc:TVMediaProduct
rc:TVShow_IBT,rdfs:subClassOf,owl:Thing
rc:BokmalDialect,rdfs:subClassOf,rc:NorwegianDialect
rc:BokmalDialect,rdfs:subClassOf,owl:Thing
rc:RussianLiturgicalMusic,rdfs:subClassOf,rc:MusicalComposition_Religious
rc:RussianLiturgicalMusic,rdfs:subClassOf,owl:Thing
kko:AVInfo,rdfs:subClassOf,kko:Information
kko:AVInfo,rdfs:subClassOf,owl:Thing
rc:UserProgram,rdfs:subClassOf,rc:ApplicationProgram
rc:UserProgram,rdfs:subClassOf,owl:Thing
rc:ChristianMusic,rdfs:subClassOf,rc:MusicalComposition_Religious
rc:ChristianMusic,rdfs:subClassOf,owl:Thing
rc:ProgramSpecification,rdfs:subClassOf,rc:SoftwareObject
rc:ProgramSpecification,rdfs:subClassOf,owl:Thing
rc:TiwaLanguage,rdfs:subClassOf,rc:OtherAmericanLanguages
rc:TiwaLanguage,rdfs:subClassOf,owl:Thing
rc:ElectronicMusicGenre,rdfs:subClassOf,rc:ElectronicMusic
rc:ElectronicMusicGenre,rdfs:subClassOf,rc:MusicalComposition_Electronic
rc:ElectronicMusicGenre,rdfs:subClassOf,owl:Thing
rc:PointSystem_WritingSystem,rdfs:subClassOf,rc:WritingSystem
rc:PointSystem_WritingSystem,rdfs:subClassOf,owl:Thing
rc:Gopher_InternetProtocol,rdfs:subClassOf,rc:InternetProtocol
rc:Gopher_InternetProtocol,rdfs:subClassOf,owl:Thing
rc:ASCII_Art,rdfs:subClassOf,rc:DigitalArtObject
rc:ASCII_Art,rdfs:subClassOf,owl:Thing
rc:MusicalCompositonByInstrument,rdfs:subClassOf,rc:MusicalComposition
rc:MusicalCompositonByInstrument,rdfs:subClassOf,owl:Thing
rc:CertificationOfWorkExperience,rdfs:subClassOf,rc:Certification
rc:CertificationOfWorkExperience,rdfs:subClassOf,owl:Thing
rc:AlgorithmsOnStrings,rdfs:subClassOf,rc:StringObject
rc:AlgorithmsOnStrings,rdfs:subClassOf,owl:Thing
rc:RomaniLanguage,rdfs:subClassOf,rc:IndoAryanLanguages
rc:RomaniLanguage,rdfs:subClassOf,owl:Thing
rc:Imaging,rdfs:subClassOf,rc:RecordingOfWaveIBT
rc:Imaging,rdfs:subClassOf,owl:Thing
rc:MusicalComposition_Industrial,rdfs:subClassOf,rc:MusicTypeOpenGenre
rc:MusicalComposition_Industrial,rdfs:subClassOf,rc:MusicalComposition_Rock
rc:MusicalComposition_Industrial,rdfs:subClassOf,owl:Thing
rc:FTPAccount,rdfs:subClassOf,rc:ApplicationAccount
rc:FTPAccount,rdfs:subClassOf,owl:Thing
rc:Causative_InchoativeAlternation,rdfs:subClassOf,rc:ObjOfTrans_SubjOfIntrans
rc:Causative_InchoativeAlternation,rdfs:subClassOf,owl:Thing
rc:ApplicationForm,rdfs:subClassOf,rc:Form_StandardizedIBO
rc:ApplicationForm,rdfs:subClassOf,owl:Thing
rc:GopherClient,rdfs:subClassOf,rc:Gopher_InternetProtocol
rc:GopherClient,rdfs:subClassOf,owl:Thing
rc:CompositionForAccordion,rdfs:subClassOf,rc:MusicalCompositonByInstrument
rc:CompositionForAccordion,rdfs:subClassOf,owl:Thing
rc:NoWave,rdfs:subClassOf,rc:PostPunkMusic
rc:NoWave,rdfs:subClassOf,owl:Thing
rc:CyclingRaceClass,rdfs:subClassOf,rc:ClassificationSystem
rc:CyclingRaceClass,rdfs:subClassOf,owl:Thing
rc:InvestmentGuide,rdfs:subClassOf,rc:Instructions
rc:InvestmentGuide,rdfs:subClassOf,owl:Thing
rc:ChristianMusicByOccasion,rdfs:subClassOf,rc:MusicalComposition_Christian
rc:ChristianMusicByOccasion,rdfs:subClassOf,owl:Thing
rc:MilitarySupplyChainManagement,rdfs:subClassOf,rc:SupplyChainManagementSoftware
rc:MilitarySupplyChainManagement,rdfs:subClassOf,owl:Thing
rc:CommercialLoanAgreement,rdfs:subClassOf,rc:Loan_WrittenLegalAgreement
rc:CommercialLoanAgreement,rdfs:subClassOf,owl:Thing
rc:USExecutiveOrder,rdfs:subClassOf,rc:ExecutiveOrder
rc:USExecutiveOrder,rdfs:subClassOf,owl:Thing
rc:NepaliLanguage,rdfs:subClassOf,rc:IndicLanguages
rc:NepaliLanguage,rdfs:subClassOf,owl:Thing
rc:DecadesInArt,rdfs:subClassOf,rc:ArtByPeriod
rc:DecadesInArt,rdfs:subClassOf,rc:ArtSubject
rc:DecadesInArt,rdfs:subClassOf,owl:Thing
rc:PunctuationMark,rdfs:subClassOf,rc:AuxiliaryWritingMark
rc:PunctuationMark,rdfs:subClassOf,rc:Punctuation
rc:PunctuationMark,rdfs:subClassOf,owl:Thing
rc:InteractiveComputerProgram,rdfs:subClassOf,rc:UserProgram
rc:InteractiveComputerProgram,rdfs:subClassOf,owl:Thing
rc:StockCertificate,rdfs:subClassOf,rc:CertificateDocument
rc:StockCertificate,rdfs:subClassOf,rc:FinancialDocument
rc:StockCertificate,rdfs:subClassOf,rc:IDDocument
rc:StockCertificate,rdfs:subClassOf,owl:Thing
rc:GeographyEducationSoftware,rdfs:subClassOf,rc:EducationalComputerProgram
rc:GeographyEducationSoftware,rdfs:subClassOf,owl:Thing
rc:Medley,rdfs:subClassOf,rc:AudioConceptualWork
rc:Medley,rdfs:subClassOf,owl:Thing
rc:ConfidentialInformation,rdfs:subClassOf,rc:InformationAccessType
rc:ConfidentialInformation,rdfs:subClassOf,owl:Thing
rc:AdvancedRISCComputing,rdfs:subClassOf,rc:ComputerTypeByArchitecture
rc:AdvancedRISCComputing,rdfs:subClassOf,owl:Thing
rc:KongoLanguage,rdfs:subClassOf,rc:BantuLanguages
rc:KongoLanguage,rdfs:subClassOf,owl:Thing
rc:GayStory,rdfs:subClassOf,rc:EroticStory
rc:GayStory,rdfs:subClassOf,owl:Thing
rc:MacedonianGrammar,rdfs:subClassOf,rc:LanguageGrammars
rc:MacedonianGrammar,rdfs:subClassOf,owl:Thing
rc:CN,rdfs:subClassOf,rc:CyclingRaceClass
rc:CN,rdfs:subClassOf,owl:Thing
rc:PaymentBook,rdfs:subClassOf,rc:OfficialDocument
rc:PaymentBook,rdfs:subClassOf,owl:Thing
rc:JapaneseBasedPidginAndCreole,rdfs:subClassOf,rc:JapaneseLanguage
rc:JapaneseBasedPidginAndCreole,rdfs:subClassOf,rc:PidginLanguage
rc:JapaneseBasedPidginAndCreole,rdfs:subClassOf,owl:Thing
rc:LocalDeliveryAgent,rdfs:subClassOf,rc:EMailProgram
rc:LocalDeliveryAgent,rdfs:subClassOf,owl:Thing
rc:FrisianLanguage,rdfs:subClassOf,rc:GermanicLanguages
rc:FrisianLanguage,rdfs:subClassOf,owl:Thing
rc:Ruby_ProgrammingLanguage,rdfs:subClassOf,rc:FunctionalLanguage
rc:Ruby_ProgrammingLanguage,rdfs:subClassOf,rc:ObjectOrientedProgrammingLanguage
rc:Ruby_ProgrammingLanguage,rdfs:subClassOf,owl:Thing
rc:ComputerGameProgram,rdfs:subClassOf,rc:DiversionaryComputerProgram
rc:ComputerGameProgram,rdfs:subClassOf,rc:InteractiveComputerProgram
rc:ComputerGameProgram,rdfs:subClassOf,rc:PublishedConceptualWork
rc:ComputerGameProgram,rdfs:subClassOf,owl:Thing
rc:PriceTag,rdfs:subClassOf,rc:PriceQuoteDocument
rc:PriceTag,rdfs:subClassOf,owl:Thing
rc:LombardLanguage,rdfs:subClassOf,rc:RomanceLanguages
rc:LombardLanguage,rdfs:subClassOf,owl:Thing
rc:LinuxOS,rdfs:subClassOf,rc:OpenSourceComputerProgram
rc:LinuxOS,rdfs:subClassOf,owl:Thing
rc:Full_stop,rdfs:subClassOf,rc:PunctuationMark
rc:Full_stop,rdfs:subClassOf,owl:Thing
rc:UnicodeString,rdfs:subClassOf,rc:CommunicationConvention
rc:UnicodeString,rdfs:subClassOf,owl:Thing
rc:Anthem,rdfs:subClassOf,rc:Song
rc:Anthem,rdfs:subClassOf,rc:SymbolicThing
rc:Anthem,rdfs:subClassOf,owl:Thing
rc:InsurancePolicyDescription,rdfs:subClassOf,rc:WebPage
rc:InsurancePolicyDescription,rdfs:subClassOf,owl:Thing
rc:ScriptCursive,rdfs:subClassOf,rc:CursiveStyleOfWriting
rc:ScriptCursive,rdfs:subClassOf,owl:Thing
rc:ClassicalVocalComposition,rdfs:subClassOf,rc:MusicalComposition_Classical
rc:ClassicalVocalComposition,rdfs:subClassOf,owl:Thing
rc:ValentinesCard,rdfs:subClassOf,rc:SecularHolidayCard
rc:ValentinesCard,rdfs:subClassOf,owl:Thing
rc:Gesture,rdfs:subClassOf,rc:Signal
rc:Gesture,rdfs:subClassOf,rc:VisualInformationBearingThing
rc:Gesture,rdfs:subClassOf,owl:Thing
rc:TriconsonantalRoots,rdfs:subClassOf,rc:ClassicalArabicWriting
rc:TriconsonantalRoots,rdfs:subClassOf,owl:Thing
rc:RemixAlbum,rdfs:subClassOf,rc:Album
rc:RemixAlbum,rdfs:subClassOf,owl:Thing
rc:ActionGame,rdfs:subClassOf,rc:ComputerGameEntertainmentSoftware
rc:ActionGame,rdfs:subClassOf,rc:ComputerGameProgram
rc:ActionGame,rdfs:subClassOf,owl:Thing
rc:ModernGreekLanguage,rdfs:subClassOf,rc:IndoEuropeanLanguages
rc:ModernGreekLanguage,rdfs:subClassOf,owl:Thing
rc:HomeComputer,rdfs:subClassOf,rc:PersonalComputer
rc:HomeComputer,rdfs:subClassOf,owl:Thing
rc:I_TheLetter,rdfs:subClassOf,rc:LatinScript
rc:I_TheLetter,rdfs:subClassOf,owl:Thing
rc:SlavicLanguages,rdfs:subClassOf,rc:IndoEuropeanLanguages
rc:SlavicLanguages,rdfs:subClassOf,owl:Thing
rc:InformationStore,rdfs:subClassOf,kko:Information
rc:InformationStore,rdfs:subClassOf,owl:Thing
rc:AdventureMovie,rdfs:subClassOf,rc:FilmGenre
rc:AdventureMovie,rdfs:subClassOf,owl:Thing
rc:FranchiseContract,rdfs:subClassOf,rc:Contract
rc:FranchiseContract,rdfs:subClassOf,owl:Thing
rc:JazzMusicalPerformance,rdfs:subClassOf,rc:MusicalPerformance
rc:JazzMusicalPerformance,rdfs:subClassOf,owl:Thing
rc:Redirect_FirewallTarget,rdfs:subClassOf,rc:FirewallProgram
rc:Redirect_FirewallTarget,rdfs:subClassOf,owl:Thing
rc:PaymentChit,rdfs:subClassOf,rc:TenderObject
rc:PaymentChit,rdfs:subClassOf,owl:Thing
rc:Quasi_AlphabeticWriting,rdfs:subClassOf,rc:WritingSystem
rc:Quasi_AlphabeticWriting,rdfs:subClassOf,owl:Thing
rc:MacedonianLanguage,rdfs:subClassOf,rc:SlavicLanguages
rc:MacedonianLanguage,rdfs:subClassOf,owl:Thing
rc:UnicodeTransformationFormat,rdfs:subClassOf,rc:UnicodeStandard
rc:UnicodeTransformationFormat,rdfs:subClassOf,owl:Thing
rc:TradeableSecurityCertificate,rdfs:subClassOf,rc:FinancialDocument
rc:TradeableSecurityCertificate,rdfs:subClassOf,owl:Thing
rc:CellImaging,rdfs:subClassOf,rc:Imaging
rc:CellImaging,rdfs:subClassOf,owl:Thing
rc:KashubianLanguage,rdfs:subClassOf,rc:SlavicLanguages
rc:KashubianLanguage,rdfs:subClassOf,owl:Thing
rc:InsurancePolicyDocument,rdfs:subClassOf,rc:ContractDocument
rc:InsurancePolicyDocument,rdfs:subClassOf,owl:Thing
rc:TablatureNotation,rdfs:subClassOf,rc:MusicalNotation_General
rc:TablatureNotation,rdfs:subClassOf,owl:Thing
rc:Ideophone,rdfs:subClassOf,rc:Iconicity
rc:Ideophone,rdfs:subClassOf,owl:Thing
rc:FormalMetaGrammar,rdfs:subClassOf,rc:TextString
rc:FormalMetaGrammar,rdfs:subClassOf,owl:Thing
rc:ClassOfComputer,rdfs:subClassOf,rc:Computer
rc:ClassOfComputer,rdfs:subClassOf,rc:ComputerTypeByArchitecture
rc:ClassOfComputer,rdfs:subClassOf,owl:Thing
rc:GameWalkthrough_Instructions,rdfs:subClassOf,rc:Instructions
rc:GameWalkthrough_Instructions,rdfs:subClassOf,owl:Thing
rc:GameTheory,rdfs:subClassOf,rc:MathematicalTheory
rc:GameTheory,rdfs:subClassOf,owl:Thing
rc:BorderLanguagesNewGuinea,rdfs:subClassOf,rc:PapuanLanguageGrouping
rc:BorderLanguagesNewGuinea,rdfs:subClassOf,owl:Thing
rc:FileTransferProtocol,rdfs:subClassOf,rc:DataLinkLayerProtocol
rc:FileTransferProtocol,rdfs:subClassOf,owl:Thing
rc:MediaProduct,rdfs:subClassOf,rc:InformationStore
rc:MediaProduct,rdfs:subClassOf,owl:Thing
rc:DisclosureStatement,rdfs:subClassOf,rc:OfficialDocument
rc:DisclosureStatement,rdfs:subClassOf,owl:Thing
rc:AnthemsOfIndianStates,rdfs:subClassOf,rc:Anthem
rc:AnthemsOfIndianStates,rdfs:subClassOf,owl:Thing
rc:GuitarTablatureNotation,rdfs:subClassOf,rc:TablatureNotation
rc:GuitarTablatureNotation,rdfs:subClassOf,owl:Thing
rc:PermanentMortgage,rdfs:subClassOf,rc:MortgageAgreement
rc:PermanentMortgage,rdfs:subClassOf,owl:Thing
rc:XRayImage,rdfs:subClassOf,rc:StillImage
rc:XRayImage,rdfs:subClassOf,owl:Thing
rc:MusicalComposition_JazzRock,rdfs:subClassOf,rc:MusicTypeOpenGenre
rc:MusicalComposition_JazzRock,rdfs:subClassOf,rc:MusicalComposition_Rock
rc:MusicalComposition_JazzRock,rdfs:subClassOf,owl:Thing
rc:HudsonRiverSchool,rdfs:subClassOf,rc:ArtMovement
rc:HudsonRiverSchool,rdfs:subClassOf,owl:Thing
rc:Ia64ProcessorArchitecture,rdfs:subClassOf,rc:CISCArchitecture
rc:Ia64ProcessorArchitecture,rdfs:subClassOf,owl:Thing
rc:Medline_CommercialDatabase,rdfs:subClassOf,rc:MedicalDatabase
rc:Medline_CommercialDatabase,rdfs:subClassOf,owl:Thing
rc:FTPClient,rdfs:subClassOf,rc:FileTransferProtocol
rc:FTPClient,rdfs:subClassOf,owl:Thing
rc:WaterPolo,rdfs:subClassOf,rc:SportsGame
rc:WaterPolo,rdfs:subClassOf,owl:Thing
rc:NonstandardSpelling,rdfs:subClassOf,rc:Spelling
rc:NonstandardSpelling,rdfs:subClassOf,owl:Thing
rc:CompositionForHarpsichord,rdfs:subClassOf,rc:MusicalComposition_Baroque
rc:CompositionForHarpsichord,rdfs:subClassOf,owl:Thing
rc:Morphism,rdfs:subClassOf,rc:CategoryTheory
rc:Morphism,rdfs:subClassOf,owl:Thing
rc:GopherServerProgram,rdfs:subClassOf,rc:ServerProgram
rc:GopherServerProgram,rdfs:subClassOf,owl:Thing
rc:TurkishLanguage,rdfs:subClassOf,rc:TurkicLanguages
rc:TurkishLanguage,rdfs:subClassOf,owl:Thing
rc:SingleUserComputer,rdfs:subClassOf,rc:ClassOfComputer
rc:SingleUserComputer,rdfs:subClassOf,owl:Thing
rc:HurroUrartianLanguage,rdfs:subClassOf,rc:Cuneiform
rc:HurroUrartianLanguage,rdfs:subClassOf,owl:Thing
rc:BelorussianLanguage,rdfs:subClassOf,rc:SlavicLanguages
rc:BelorussianLanguage,rdfs:subClassOf,owl:Thing
rc:OpenOffice_TheProgram,rdfs:subClassOf,rc:UserProgram
rc:OpenOffice_TheProgram,rdfs:subClassOf,owl:Thing
rc:EntertainmentSoftware,rdfs:subClassOf,rc:DiversionaryComputerProgram
rc:EntertainmentSoftware,rdfs:subClassOf,owl:Thing
rc:Table_PCW,rdfs:subClassOf,rc:Table_Visual
rc:Table_PCW,rdfs:subClassOf,owl:Thing
rc:CatalogCopy,rdfs:subClassOf,rc:Paper_IBO
rc:CatalogCopy,rdfs:subClassOf,rc:PrintedPublication
rc:CatalogCopy,rdfs:subClassOf,rc:PublishedIBT
rc:CatalogCopy,rdfs:subClassOf,rc:TextualMaterial
rc:CatalogCopy,rdfs:subClassOf,owl:Thing
rc:OttomanTurkishLanguage,rdfs:subClassOf,rc:TurkishLanguage
rc:OttomanTurkishLanguage,rdfs:subClassOf,owl:Thing
rc:EnglishGrammar,rdfs:subClassOf,rc:EnglishTopics
rc:EnglishGrammar,rdfs:subClassOf,rc:LanguageGrammars
rc:EnglishGrammar,rdfs:subClassOf,owl:Thing
rc:ClothingLabel,rdfs:subClassOf,rc:Label
rc:ClothingLabel,rdfs:subClassOf,owl:Thing
rc:Sir,rdfs:subClassOf,rc:CourtesyTitle
rc:Sir,rdfs:subClassOf,owl:Thing
rc:TextString,rdfs:subClassOf,rc:LinguisticObject
rc:TextString,rdfs:subClassOf,owl:Thing
rc:GameboyGame,rdfs:subClassOf,rc:ComputerGameProgram_Graphical
rc:GameboyGame,rdfs:subClassOf,owl:Thing
rc:BargainingTheory,rdfs:subClassOf,rc:GameTheory
rc:BargainingTheory,rdfs:subClassOf,owl:Thing
rc:Model_Artifact,rdfs:subClassOf,rc:HumanAccessibleIBO
rc:Model_Artifact,rdfs:subClassOf,owl:Thing
rc:TimeMaterialContract,rdfs:subClassOf,rc:Contract
rc:TimeMaterialContract,rdfs:subClassOf,owl:Thing
rc:FakePassport,rdfs:subClassOf,rc:CertificateDocument
rc:FakePassport,rdfs:subClassOf,owl:Thing
rc:ElectronicMusicSoftware,rdfs:subClassOf,rc:EntertainmentSoftware
rc:ElectronicMusicSoftware,rdfs:subClassOf,owl:Thing
rc:PersonalComputer,rdfs:subClassOf,rc:SingleUserComputer
rc:PersonalComputer,rdfs:subClassOf,owl:Thing
rc:Vocabulary,rdfs:subClassOf,rc:InformationStore
rc:Vocabulary,rdfs:subClassOf,owl:Thing
rc:NewsArticle,rdfs:subClassOf,rc:ExpositoryArticle
rc:NewsArticle,rdfs:subClassOf,rc:WrittenMediaProduct
rc:NewsArticle,rdfs:subClassOf,owl:Thing
rc:MilitaryTVShow,rdfs:subClassOf,rc:FictionalTVShow
rc:MilitaryTVShow,rdfs:subClassOf,owl:Thing
rc:Accelerometer,rdfs:subClassOf,rc:Gauge
rc:Accelerometer,rdfs:subClassOf,owl:Thing
rc:ScientificJournal,rdfs:subClassOf,rc:AcademicJournal
rc:ScientificJournal,rdfs:subClassOf,owl:Thing
rc:ShillukLanguage,rdfs:subClassOf,rc:NiloSaharanLanguages
rc:ShillukLanguage,rdfs:subClassOf,owl:Thing
rc:NarragansettLanguage,rdfs:subClassOf,rc:AlgonquianLanguages
rc:NarragansettLanguage,rdfs:subClassOf,owl:Thing
rc:MusicalComposition_Klezmer,rdfs:subClassOf,rc:MusicTypeOpenGenre
rc:MusicalComposition_Klezmer,rdfs:subClassOf,rc:MusicalComposition
rc:MusicalComposition_Klezmer,rdfs:subClassOf,owl:Thing
rc:NetworkProgram,rdfs:subClassOf,rc:ComputerProgram
rc:NetworkProgram,rdfs:subClassOf,owl:Thing
rc:Trademark_String,rdfs:subClassOf,rc:ProperNameString
rc:Trademark_String,rdfs:subClassOf,owl:Thing
rc:FilmGenre,rdfs:subClassOf,rc:Movie
rc:FilmGenre,rdfs:subClassOf,rc:MovingImage
rc:FilmGenre,rdfs:subClassOf,rc:VisualArtsGenre
rc:FilmGenre,rdfs:subClassOf,owl:Thing
rc:KiwaiPoromeLanguage,rdfs:subClassOf,rc:PapuanLanguageGrouping
rc:KiwaiPoromeLanguage,rdfs:subClassOf,owl:Thing
rc:BusinessCard,rdfs:subClassOf,rc:Card
rc:BusinessCard,rdfs:subClassOf,rc:Paper_IBO
rc:BusinessCard,rdfs:subClassOf,rc:SheetOfPaper
rc:BusinessCard,rdfs:subClassOf,owl:Thing
rc:WordOrPhrase,rdfs:subClassOf,rc:LinguisticObject
rc:WordOrPhrase,rdfs:subClassOf,rc:Vocabulary
rc:WordOrPhrase,rdfs:subClassOf,owl:Thing
rc:SamaritanLanguage,rdfs:subClassOf,rc:SemiticLanguages
rc:SamaritanLanguage,rdfs:subClassOf,owl:Thing
rc:JazzRadio,rdfs:subClassOf,rc:JazzMusic
rc:JazzRadio,rdfs:subClassOf,owl:Thing
rc:Trophy,rdfs:subClassOf,rc:AwardObject
rc:Trophy,rdfs:subClassOf,owl:Thing
rc:DigitalGoldCurrency,rdfs:subClassOf,rc:DigitalCurrency
rc:DigitalGoldCurrency,rdfs:subClassOf,owl:Thing
rc:ATandTComputer,rdfs:subClassOf,rc:PersonalComputer
rc:ATandTComputer,rdfs:subClassOf,owl:Thing
rc:LegalReasoning,rdfs:subClassOf,rc:Reasoning
rc:LegalReasoning,rdfs:subClassOf,owl:Thing
rc:BalanceSheet,rdfs:subClassOf,rc:AccountingReport
rc:BalanceSheet,rdfs:subClassOf,owl:Thing
rc:Idiom,rdfs:subClassOf,rc:WordOrPhrase
rc:Idiom,rdfs:subClassOf,owl:Thing
rc:Empiricism,rdfs:subClassOf,rc:Justification
rc:Empiricism,rdfs:subClassOf,owl:Thing
rc:LomweLanguage,rdfs:subClassOf,rc:MalayoPolynesianLanguages
rc:LomweLanguage,rdfs:subClassOf,owl:Thing
rc:HouseMusic,rdfs:subClassOf,rc:DiscoMusic
rc:HouseMusic,rdfs:subClassOf,rc:ElectronicMusic
rc:HouseMusic,rdfs:subClassOf,owl:Thing
rc:EBook,rdfs:subClassOf,rc:PublishedIBT
rc:EBook,rdfs:subClassOf,owl:Thing
rc:SoftwarePackage,rdfs:subClassOf,rc:SoftwareObject_Individual
rc:SoftwarePackage,rdfs:subClassOf,owl:Thing
rc:InnerModelTheory,rdfs:subClassOf,rc:SetTheory
rc:InnerModelTheory,rdfs:subClassOf,owl:Thing
rc:Calendar_Document,rdfs:subClassOf,rc:ReferenceWork
rc:Calendar_Document,rdfs:subClassOf,owl:Thing
rc:PlugInProgram,rdfs:subClassOf,rc:ComputerProgramModule
rc:PlugInProgram,rdfs:subClassOf,owl:Thing
rc:MacedonianLanguageSurname,rdfs:subClassOf,rc:HumanSurname
rc:MacedonianLanguageSurname,rdfs:subClassOf,owl:Thing
rc:WordOrPhraseByLanguage,rdfs:subClassOf,rc:CharacterizationsByLanguage
rc:WordOrPhraseByLanguage,rdfs:subClassOf,rc:WordOrPhrase
rc:WordOrPhraseByLanguage,rdfs:subClassOf,owl:Thing
rc:GrecoRomanAntiquityInArtAndCulture,rdfs:subClassOf,rc:ArtSubject
rc:GrecoRomanAntiquityInArtAndCulture,rdfs:subClassOf,owl:Thing
rc:ScriptTypeface,rdfs:subClassOf,rc:Typeface
rc:ScriptTypeface,rdfs:subClassOf,owl:Thing
rc:ComputerAccount,rdfs:subClassOf,rc:ComputingInformation
rc:ComputerAccount,rdfs:subClassOf,owl:Thing
rc:CyberAttackOnEnergySector,rdfs:subClassOf,rc:CyberVulnerabilityExploit
rc:CyberAttackOnEnergySector,rdfs:subClassOf,owl:Thing
rc:ChristianMusicFormat,rdfs:subClassOf,rc:MusicalComposition_Christian
rc:ChristianMusicFormat,rdfs:subClassOf,owl:Thing
rc:PoliticalTerminology,rdfs:subClassOf,rc:Terminology
rc:PoliticalTerminology,rdfs:subClassOf,owl:Thing
rc:RomaniSurname,rdfs:subClassOf,rc:HumanSurname
rc:RomaniSurname,rdfs:subClassOf,owl:Thing
rc:AnthemsOfTheSovietRepublics,rdfs:subClassOf,rc:Anthem
rc:AnthemsOfTheSovietRepublics,rdfs:subClassOf,owl:Thing
rc:PamirDialect,rdfs:subClassOf,rc:LanguageDialect
rc:PamirDialect,rdfs:subClassOf,owl:Thing
rc:MuongLanguage,rdfs:subClassOf,rc:MonKhmerLanguages
rc:MuongLanguage,rdfs:subClassOf,owl:Thing
rc:SystemSoftware,rdfs:subClassOf,rc:ComputerProgram
rc:SystemSoftware,rdfs:subClassOf,owl:Thing
rc:Model_Horse_Domesticated,rdfs:subClassOf,rc:Model_Artifact
rc:Model_Horse_Domesticated,rdfs:subClassOf,owl:Thing
rc:NepaliWordOrPhrase,rdfs:subClassOf,rc:WordOrPhraseByLanguage
rc:NepaliWordOrPhrase,rdfs:subClassOf,owl:Thing
rc:MorphologicalProcess,rdfs:subClassOf,rc:LanguageProcessing
rc:MorphologicalProcess,rdfs:subClassOf,owl:Thing
rc:AwardObject,rdfs:subClassOf,rc:SymbolicObject
rc:AwardObject,rdfs:subClassOf,owl:Thing
rc:TablatureText_StringedInstruments,rdfs:subClassOf,rc:MusicalText
rc:TablatureText_StringedInstruments,rdfs:subClassOf,owl:Thing
rc:PrivilegedAccount,rdfs:subClassOf,rc:ComputerAccount
rc:PrivilegedAccount,rdfs:subClassOf,owl:Thing
rc:WarrantCertificate,rdfs:subClassOf,rc:FinancialDocument
rc:WarrantCertificate,rdfs:subClassOf,owl:Thing
rc:SaintDominicInSoriano,rdfs:subClassOf,rc:OilPainting
rc:SaintDominicInSoriano,rdfs:subClassOf,owl:Thing
rc:GillSans,rdfs:subClassOf,rc:Typeface
rc:GillSans,rdfs:subClassOf,owl:Thing
rc:MedicalInsuranceClaimForm,rdfs:subClassOf,rc:InsuranceClaimForm
rc:MedicalInsuranceClaimForm,rdfs:subClassOf,owl:Thing
rc:Ogham,rdfs:subClassOf,rc:LanguageOrthographies
rc:Ogham,rdfs:subClassOf,owl:Thing
rc:PiggybackLoan,rdfs:subClassOf,rc:LoanAgreement
rc:PiggybackLoan,rdfs:subClassOf,owl:Thing
rc:CompositionForPiano,rdfs:subClassOf,rc:MusicalCompositonByInstrument
rc:CompositionForPiano,rdfs:subClassOf,owl:Thing
rc:JazzMusic,rdfs:subClassOf,rc:MusicTypeByGenre
rc:JazzMusic,rdfs:subClassOf,owl:Thing
rc:SpyTVShow,rdfs:subClassOf,rc:FictionalTVShow
rc:SpyTVShow,rdfs:subClassOf,owl:Thing
rc:CambodianWriting,rdfs:subClassOf,rc:WritingSystem
rc:CambodianWriting,rdfs:subClassOf,owl:Thing
rc:GuitarTablatureText,rdfs:subClassOf,rc:TablatureText_StringedInstruments
rc:GuitarTablatureText,rdfs:subClassOf,owl:Thing
rc:Gameboy_TheProduct,rdfs:subClassOf,rc:HomeVideoGameMachine
rc:Gameboy_TheProduct,rdfs:subClassOf,owl:Thing
rc:Leading_Off,rdfs:subClassOf,rc:Album
rc:Leading_Off,rdfs:subClassOf,owl:Thing
rc:BasketballTerminology,rdfs:subClassOf,rc:SportsTerminology
rc:BasketballTerminology,rdfs:subClassOf,owl:Thing
rc:OperatingSystem,rdfs:subClassOf,rc:SoftwarePackage
rc:OperatingSystem,rdfs:subClassOf,rc:SystemSoftware
rc:OperatingSystem,rdfs:subClassOf,owl:Thing
rc:FTPProgram,rdfs:subClassOf,rc:NetworkingProgram
rc:FTPProgram,rdfs:subClassOf,owl:Thing
rc:CarouselHorse,rdfs:subClassOf,rc:Model_Horse_Domesticated
rc:CarouselHorse,rdfs:subClassOf,owl:Thing
rc:ComputerFileTypeByFormat,rdfs:subClassOf,rc:ComputerFile
rc:ComputerFileTypeByFormat,rdfs:subClassOf,owl:Thing
rc:DiscoMusic,rdfs:subClassOf,rc:SoulMusic
rc:DiscoMusic,rdfs:subClassOf,owl:Thing
rc:RomaniWordOrPhrase,rdfs:subClassOf,rc:WordOrPhraseByLanguage
rc:RomaniWordOrPhrase,rdfs:subClassOf,owl:Thing
rc:AegonSurbitonTrophy,rdfs:subClassOf,rc:Trophy
rc:AegonSurbitonTrophy,rdfs:subClassOf,owl:Thing
rc:FusionMusic,rdfs:subClassOf,rc:JazzMusic
rc:FusionMusic,rdfs:subClassOf,rc:RockMusic
rc:FusionMusic,rdfs:subClassOf,owl:Thing
rc:RegularExpression,rdfs:subClassOf,rc:LinguisticObject
rc:RegularExpression,rdfs:subClassOf,owl:Thing
rc:AccountOperatorAccount,rdfs:subClassOf,rc:PrivilegedAccount
rc:AccountOperatorAccount,rdfs:subClassOf,owl:Thing
rc:EnglishLanguage,rdfs:subClassOf,rc:EnglishTopics
rc:EnglishLanguage,rdfs:subClassOf,rc:GermanicLanguages
rc:EnglishLanguage,rdfs:subClassOf,owl:Thing
rc:OttonianArt,rdfs:subClassOf,rc:VisualArtsGenre
rc:OttonianArt,rdfs:subClassOf,owl:Thing
rc:MartialArtsRanking,rdfs:subClassOf,rc:Ranking
rc:MartialArtsRanking,rdfs:subClassOf,owl:Thing
rc:MusicalComposition_Lounge,rdfs:subClassOf,rc:MusicTypeOpenGenre
rc:MusicalComposition_Lounge,rdfs:subClassOf,rc:MusicalComposition
rc:MusicalComposition_Lounge,rdfs:subClassOf,owl:Thing
rc:TextStringOccurrence,rdfs:subClassOf,rc:GraphicalCIS
rc:TextStringOccurrence,rdfs:subClassOf,owl:Thing
rc:Media,rdfs:subClassOf,kko:Information
rc:Media,rdfs:subClassOf,owl:Thing
rc:ColdWarTerminology,rdfs:subClassOf,rc:PoliticalTerminology
rc:ColdWarTerminology,rdfs:subClassOf,owl:Thing
rc:CompositionForSoloInstrument,rdfs:subClassOf,rc:MusicalComposition_Classical
rc:CompositionForSoloInstrument,rdfs:subClassOf,owl:Thing
rc:FilmMusic,rdfs:subClassOf,rc:MovingImage
rc:FilmMusic,rdfs:subClassOf,owl:Thing
rc:SanskritGrammar,rdfs:subClassOf,rc:LanguageGrammars
rc:SanskritGrammar,rdfs:subClassOf,owl:Thing
rc:HigherCategoryTheory,rdfs:subClassOf,rc:CategoryTheory
rc:HigherCategoryTheory,rdfs:subClassOf,owl:Thing
rc:FriulianDialect,rdfs:subClassOf,rc:RomanceLanguages
rc:FriulianDialect,rdfs:subClassOf,owl:Thing
rc:AegonManchesterTrophy,rdfs:subClassOf,rc:Trophy
rc:AegonManchesterTrophy,rdfs:subClassOf,owl:Thing
rc:VideoConceptualWork,rdfs:subClassOf,rc:VisualWork
rc:VideoConceptualWork,rdfs:subClassOf,owl:Thing
rc:ContractDocument,rdfs:subClassOf,rc:FinancialDocument
rc:ContractDocument,rdfs:subClassOf,rc:OfficialDocument
rc:ContractDocument,rdfs:subClassOf,owl:Thing
rc:Image,rdfs:subClassOf,rc:Media
rc:Image,rdfs:subClassOf,kko:VisualInfo
rc:Image,rdfs:subClassOf,owl:Thing
rc:NaturalSound,rdfs:subClassOf,rc:SoundsByType
rc:NaturalSound,rdfs:subClassOf,owl:Thing
rc:WaterPoloCompetition,rdfs:subClassOf,rc:WaterPolo
rc:WaterPoloCompetition,rdfs:subClassOf,owl:Thing
rc:SpecifiedTest,rdfs:subClassOf,rc:StructurallySpecificWork
rc:SpecifiedTest,rdfs:subClassOf,owl:Thing
rc:2012WorldJuniorIceHockeyChampionships,rdfs:subClassOf,rc:IceHockeyCompetition
rc:2012WorldJuniorIceHockeyChampionships,rdfs:subClassOf,owl:Thing
rc:InductiveInferenceProcess,rdfs:subClassOf,rc:Reasoning
rc:InductiveInferenceProcess,rdfs:subClassOf,owl:Thing
rc:EmployeeBadge,rdfs:subClassOf,rc:Badge
rc:EmployeeBadge,rdfs:subClassOf,rc:IDDocument
rc:EmployeeBadge,rdfs:subClassOf,owl:Thing
rc:RemoteAdministrationProgram,rdfs:subClassOf,rc:AdministrationProgram
rc:RemoteAdministrationProgram,rdfs:subClassOf,rc:ServerProgram
rc:RemoteAdministrationProgram,rdfs:subClassOf,owl:Thing
rc:SymbianDevice,rdfs:subClassOf,rc:Smartphone
rc:SymbianDevice,rdfs:subClassOf,owl:Thing
rc:SoftwareParameter,rdfs:subClassOf,rc:SoftwareObject
rc:SoftwareParameter,rdfs:subClassOf,owl:Thing
rc:DaggerCategory,rdfs:subClassOf,rc:CategoryTheory
rc:DaggerCategory,rdfs:subClassOf,owl:Thing
rc:SoundFilm,rdfs:subClassOf,rc:Movie
rc:SoundFilm,rdfs:subClassOf,owl:Thing
rc:OtuhoLanguage,rdfs:subClassOf,rc:OtherLanguages
rc:OtuhoLanguage,rdfs:subClassOf,owl:Thing
rc:Gilt_Bond,rdfs:subClassOf,rc:BondsFinance
rc:Gilt_Bond,rdfs:subClassOf,owl:Thing
rc:PersonnelDocumentation,rdfs:subClassOf,rc:OfficialDocument
rc:PersonnelDocumentation,rdfs:subClassOf,owl:Thing
rc:IndirectLoan,rdfs:subClassOf,rc:LoanAgreement
rc:IndirectLoan,rdfs:subClassOf,owl:Thing
rc:OghurLanguage,rdfs:subClassOf,rc:TurkicLanguages
rc:OghurLanguage,rdfs:subClassOf,owl:Thing
rc:PhilosophicalTheory,rdfs:subClassOf,rc:PropositionalInformationThing
rc:PhilosophicalTheory,rdfs:subClassOf,rc:Theories
rc:PhilosophicalTheory,rdfs:subClassOf,owl:Thing
rc:HouseMusicGenre,rdfs:subClassOf,rc:HouseMusic
rc:HouseMusicGenre,rdfs:subClassOf,owl:Thing
rc:ChristianMusicGenre,rdfs:subClassOf,rc:MusicalComposition_Christian
rc:ChristianMusicGenre,rdfs:subClassOf,owl:Thing
rc:EnvironmentVariable,rdfs:subClassOf,rc:SoftwareParameter
rc:EnvironmentVariable,rdfs:subClassOf,owl:Thing
rc:ProfessionalWrestlingSlang,rdfs:subClassOf,rc:Slang
rc:ProfessionalWrestlingSlang,rdfs:subClassOf,owl:Thing
rc:FilmNoirMovie,rdfs:subClassOf,rc:FilmGenre
rc:FilmNoirMovie,rdfs:subClassOf,owl:Thing
rc:ScriptsEncodedInUnicode,rdfs:subClassOf,rc:UnicodeStandard
rc:ScriptsEncodedInUnicode,rdfs:subClassOf,owl:Thing
rc:RoadAtlas,rdfs:subClassOf,rc:Atlas
rc:RoadAtlas,rdfs:subClassOf,owl:Thing
rc:ComputerImageFile,rdfs:subClassOf,rc:ComputerFileTypeByFormat
rc:ComputerImageFile,rdfs:subClassOf,rc:Image
rc:ComputerImageFile,rdfs:subClassOf,owl:Thing
rc:OldEnglishLanguage,rdfs:subClassOf,rc:LanguageRelatedConcepts
rc:OldEnglishLanguage,rdfs:subClassOf,owl:Thing
rc:CreditCardNumber,rdfs:subClassOf,rc:UniqueID
rc:CreditCardNumber,rdfs:subClassOf,owl:Thing
rc:ImmigrationRecord,rdfs:subClassOf,rc:Dataset
rc:ImmigrationRecord,rdfs:subClassOf,rc:GovernmentDocument
rc:ImmigrationRecord,rdfs:subClassOf,owl:Thing
rc:JobDescriptionDocument,rdfs:subClassOf,rc:BusinessRelatedDocumentOrAgreement
rc:JobDescriptionDocument,rdfs:subClassOf,owl:Thing
rc:HellenicLanguages,rdfs:subClassOf,rc:IndoEuropeanLanguages
rc:HellenicLanguages,rdfs:subClassOf,owl:Thing
rc:EmbeddedLinux,rdfs:subClassOf,rc:LinuxOS
rc:EmbeddedLinux,rdfs:subClassOf,owl:Thing
rc:TradingCard,rdfs:subClassOf,rc:Card
rc:TradingCard,rdfs:subClassOf,rc:Paper_IBO
rc:TradingCard,rdfs:subClassOf,rc:PrintedPublication
rc:TradingCard,rdfs:subClassOf,owl:Thing
rc:Reduplication,rdfs:subClassOf,rc:MorphologicalProcess
rc:Reduplication,rdfs:subClassOf,owl:Thing
rc:IbanagLanguage,rdfs:subClassOf,rc:MalayoPolynesianLanguages
rc:IbanagLanguage,rdfs:subClassOf,owl:Thing
rc:UnicodeStandard,rdfs:subClassOf,rc:IndexedInformationSource
rc:UnicodeStandard,rdfs:subClassOf,owl:Thing
rc:NepaliWriting,rdfs:subClassOf,rc:WritingSystem
rc:NepaliWriting,rdfs:subClassOf,owl:Thing
rc:TransitionalFossil,rdfs:subClassOf,rc:Fossil
rc:TransitionalFossil,rdfs:subClassOf,owl:Thing
rc:SymbianOS,rdfs:subClassOf,rc:SmartPhoneOS
rc:SymbianOS,rdfs:subClassOf,owl:Thing
rc:ConfidentialityAgreementDocument,rdfs:subClassOf,rc:ContractDocument
rc:ConfidentialityAgreementDocument,rdfs:subClassOf,rc:PersonnelDocumentation
rc:ConfidentialityAgreementDocument,rdfs:subClassOf,owl:Thing
rc:Spyware,rdfs:subClassOf,rc:InformationGatheringProgram
rc:Spyware,rdfs:subClassOf,owl:Thing
rc:CombinatorialGameTheory,rdfs:subClassOf,rc:GameTheory
rc:CombinatorialGameTheory,rdfs:subClassOf,owl:Thing
rc:ElectronicMusic,rdfs:subClassOf,rc:MusicTypeByGenre
rc:ElectronicMusic,rdfs:subClassOf,owl:Thing
rc:CharityCard,rdfs:subClassOf,rc:CreditCard_RevolvingAccount
rc:CharityCard,rdfs:subClassOf,owl:Thing
rc:ElectronicSoftwareReferenceMaterial,rdfs:subClassOf,rc:ElectronicReferenceMaterial
rc:ElectronicSoftwareReferenceMaterial,rdfs:subClassOf,owl:Thing
rc:ScientificTheory,rdfs:subClassOf,rc:InductiveInferenceProcess
rc:ScientificTheory,rdfs:subClassOf,rc:PhilosophicalTheory
rc:ScientificTheory,rdfs:subClassOf,owl:Thing
rc:XSLFile,rdfs:subClassOf,rc:XMLFile
rc:XSLFile,rdfs:subClassOf,owl:Thing
rc:UnidentifiedSound,rdfs:subClassOf,rc:Sound
rc:UnidentifiedSound,rdfs:subClassOf,owl:Thing
rc:GraphicalAIS,rdfs:subClassOf,rc:AbstractInformationStructure
rc:GraphicalAIS,rdfs:subClassOf,rc:GraphicalStructure
rc:GraphicalAIS,rdfs:subClassOf,owl:Thing
rc:RetailPOSSystem,rdfs:subClassOf,rc:InformationSystem
rc:RetailPOSSystem,rdfs:subClassOf,owl:Thing
rc:InvestmentPortfolio_CW,rdfs:subClassOf,rc:FinancialDocument
rc:InvestmentPortfolio_CW,rdfs:subClassOf,rc:WebPage
rc:InvestmentPortfolio_CW,rdfs:subClassOf,owl:Thing
rc:ComputerVideoFile,rdfs:subClassOf,rc:ComputerImageFile
rc:ComputerVideoFile,rdfs:subClassOf,owl:Thing
rc:NucleotideStructureSequence,rdfs:subClassOf,rc:GeneticInformation
rc:NucleotideStructureSequence,rdfs:subClassOf,owl:Thing
rc:FTPServerSoftware,rdfs:subClassOf,rc:FileTransferProtocol
rc:FTPServerSoftware,rdfs:subClassOf,owl:Thing
rc:EnglishLanguageCulture,rdfs:subClassOf,rc:EnglishTopics
rc:EnglishLanguageCulture,rdfs:subClassOf,owl:Thing
rc:ComputerMusic,rdfs:subClassOf,rc:ElectronicMusic
rc:ComputerMusic,rdfs:subClassOf,owl:Thing
rc:ScriptsNotEncodedInUnicode,rdfs:subClassOf,rc:UnicodeStandard
rc:ScriptsNotEncodedInUnicode,rdfs:subClassOf,owl:Thing
rc:OghuzLanguage,rdfs:subClassOf,rc:TurkicLanguages
rc:OghuzLanguage,rdfs:subClassOf,owl:Thing
rc:AxiomOfSetTheory,rdfs:subClassOf,rc:SetTheory
rc:AxiomOfSetTheory,rdfs:subClassOf,owl:Thing
rc:MusicalComposition_NewWave,rdfs:subClassOf,rc:MusicTypeOpenGenre
rc:MusicalComposition_NewWave,rdfs:subClassOf,rc:MusicalComposition_Rock
rc:MusicalComposition_NewWave,rdfs:subClassOf,owl:Thing
rc:HomeEquityLoan,rdfs:subClassOf,rc:RealEstateLoan
rc:HomeEquityLoan,rdfs:subClassOf,rc:SecuredLoan
rc:HomeEquityLoan,rdfs:subClassOf,owl:Thing
rc:TypographicalStructure,rdfs:subClassOf,rc:GraphicalAIS
rc:TypographicalStructure,rdfs:subClassOf,owl:Thing
rc:DataUnit,rdfs:subClassOf,rc:ProgramObject
rc:DataUnit,rdfs:subClassOf,owl:Thing
rc:BeAux,rdfs:subClassOf,rc:AuxVerb
rc:BeAux,rdfs:subClassOf,owl:Thing
rc:ArtCollection,rdfs:subClassOf,rc:ArtObject
rc:ArtCollection,rdfs:subClassOf,owl:Thing
rc:DinkaLanguage,rdfs:subClassOf,rc:NiloSaharanLanguages
rc:DinkaLanguage,rdfs:subClassOf,owl:Thing
rc:Gamecube,rdfs:subClassOf,rc:HomeVideoGameMachine
rc:Gamecube,rdfs:subClassOf,owl:Thing
rc:QuantumFieldTheory,rdfs:subClassOf,rc:MathematicalTheory
rc:QuantumFieldTheory,rdfs:subClassOf,rc:ScientificTheory
rc:QuantumFieldTheory,rdfs:subClassOf,owl:Thing
rc:Swarming,rdfs:subClassOf,rc:SelfOrganization
rc:Swarming,rdfs:subClassOf,owl:Thing
rc:ScientificPresentation,rdfs:subClassOf,rc:Informing
rc:ScientificPresentation,rdfs:subClassOf,owl:Thing
rc:OldEnglishDialect,rdfs:subClassOf,rc:EnglishDialect
rc:OldEnglishDialect,rdfs:subClassOf,rc:OldEnglishLanguage
rc:OldEnglishDialect,rdfs:subClassOf,owl:Thing
rc:CompositionForTuba,rdfs:subClassOf,rc:MusicalCompositonByInstrument
rc:CompositionForTuba,rdfs:subClassOf,owl:Thing
rc:ApplicationProtocolDataUnit,rdfs:subClassOf,rc:DataUnit
rc:ApplicationProtocolDataUnit,rdfs:subClassOf,rc:StructuredInformationSource
rc:ApplicationProtocolDataUnit,rdfs:subClassOf,owl:Thing
rc:NucleicAcidSequence_GIS,rdfs:subClassOf,rc:GeneticInformationStructure
rc:NucleicAcidSequence_GIS,rdfs:subClassOf,rc:NucleotideStructureSequence
rc:NucleicAcidSequence_GIS,rdfs:subClassOf,owl:Thing
rc:AVIFile,rdfs:subClassOf,rc:ComputerVideoFile
rc:AVIFile,rdfs:subClassOf,owl:Thing
rc:XSL_MarkupLanguage,rdfs:subClassOf,rc:MarkupLanguageSource
rc:XSL_MarkupLanguage,rdfs:subClassOf,owl:Thing
rc:MartialArtsTerm,rdfs:subClassOf,rc:SportsTerminology
rc:MartialArtsTerm,rdfs:subClassOf,owl:Thing
rc:SpywareRemoval,rdfs:subClassOf,rc:Spyware
rc:SpywareRemoval,rdfs:subClassOf,owl:Thing
rc:MilitaryTerminology,rdfs:subClassOf,rc:Terminology
rc:MilitaryTerminology,rdfs:subClassOf,owl:Thing
rc:GetWellCard,rdfs:subClassOf,rc:OccasionCard
rc:GetWellCard,rdfs:subClassOf,owl:Thing
rc:ScientificLecturing,rdfs:subClassOf,rc:FormalLecture_IBT
rc:ScientificLecturing,rdfs:subClassOf,rc:ScientificPresentation
rc:ScientificLecturing,rdfs:subClassOf,owl:Thing
rc:JapaneseComicStrip,rdfs:subClassOf,rc:Manga
rc:JapaneseComicStrip,rdfs:subClassOf,owl:Thing
rc:BoldfacedFormat,rdfs:subClassOf,rc:TypographicalStructure
rc:BoldfacedFormat,rdfs:subClassOf,owl:Thing
rc:InflatableSexDoll,rdfs:subClassOf,rc:Dummy
rc:InflatableSexDoll,rdfs:subClassOf,owl:Thing
rc:SeriLanguage,rdfs:subClassOf,rc:OtherLanguages
rc:SeriLanguage,rdfs:subClassOf,owl:Thing
rc:SanskritInscription,rdfs:subClassOf,rc:Inscription
rc:SanskritInscription,rdfs:subClassOf,owl:Thing
rc:SouthernIndoAryanLanguage,rdfs:subClassOf,rc:IndoAryanLanguages
rc:SouthernIndoAryanLanguage,rdfs:subClassOf,owl:Thing
rc:CollegeEntranceTest,rdfs:subClassOf,rc:SpecifiedTest
rc:CollegeEntranceTest,rdfs:subClassOf,owl:Thing
rc:CriminalLawLegalTerm,rdfs:subClassOf,rc:LegalTerm
rc:CriminalLawLegalTerm,rdfs:subClassOf,owl:Thing
rc:Short_Time,rdfs:subClassOf,rc:Movie
rc:Short_Time,rdfs:subClassOf,owl:Thing
rc:RaceHumanCategorization,rdfs:subClassOf,rc:ClassificationSystem
rc:RaceHumanCategorization,rdfs:subClassOf,owl:Thing
rc:EasleyBlackwoodsNotation,rdfs:subClassOf,rc:MusicalNotation_General
rc:EasleyBlackwoodsNotation,rdfs:subClassOf,owl:Thing
rc:EnglishLanguageEducation,rdfs:subClassOf,rc:EnglishTopics
rc:EnglishLanguageEducation,rdfs:subClassOf,owl:Thing
rc:VirtualReality,rdfs:subClassOf,rc:VisualInformationBearingThing
rc:VirtualReality,rdfs:subClassOf,owl:Thing
rc:AnomaliesInPhysics,rdfs:subClassOf,rc:QuantumFieldTheory
rc:AnomaliesInPhysics,rdfs:subClassOf,owl:Thing
rc:SportsCard,rdfs:subClassOf,rc:TradingCard
rc:SportsCard,rdfs:subClassOf,owl:Thing
rc:CinemaByCulture,rdfs:subClassOf,rc:MovingImage
rc:CinemaByCulture,rdfs:subClassOf,owl:Thing
rc:MultidimensionalSignalProcessing,rdfs:subClassOf,rc:DigitalSignalProcessing
rc:MultidimensionalSignalProcessing,rdfs:subClassOf,owl:Thing
rc:MicrobiologyTerm,rdfs:subClassOf,rc:MedicalTerminology
rc:MicrobiologyTerm,rdfs:subClassOf,owl:Thing
rc:PunkBlues,rdfs:subClassOf,rc:MusicalComposition_BluesRock
rc:PunkBlues,rdfs:subClassOf,owl:Thing
rc:ComancheLanguage,rdfs:subClassOf,rc:MuskogeanLanguages
rc:ComancheLanguage,rdfs:subClassOf,owl:Thing
rc:Movie,rdfs:subClassOf,rc:AVMediaProduct
rc:Movie,rdfs:subClassOf,rc:VideoConceptualWork
rc:Movie,rdfs:subClassOf,owl:Thing
rc:SambaMusicGenre,rdfs:subClassOf,rc:MusicTypeByGenre
rc:SambaMusicGenre,rdfs:subClassOf,owl:Thing
rc:AmericanCollegeTestingProgramAssessment,rdfs:subClassOf,rc:CollegeEntranceTest
rc:AmericanCollegeTestingProgramAssessment,rdfs:subClassOf,owl:Thing
rc:AudioRecordedObject,rdfs:subClassOf,rc:RecordedIBO
rc:AudioRecordedObject,rdfs:subClassOf,rc:RecordingOfWaveIBT
rc:AudioRecordedObject,rdfs:subClassOf,owl:Thing
rc:HellenicScript,rdfs:subClassOf,rc:ScriptsByLanguage
rc:HellenicScript,rdfs:subClassOf,owl:Thing
rc:KatlaLanguage,rdfs:subClassOf,rc:OtherLanguages
rc:KatlaLanguage,rdfs:subClassOf,owl:Thing
rc:GimiraLanguage,rdfs:subClassOf,rc:OtherLanguages
rc:GimiraLanguage,rdfs:subClassOf,owl:Thing
rc:BaseballCard,rdfs:subClassOf,rc:SportsCard
rc:BaseballCard,rdfs:subClassOf,owl:Thing
rc:ThumbnailImage,rdfs:subClassOf,rc:ComputerImageFile
rc:ThumbnailImage,rdfs:subClassOf,owl:Thing
rc:WallHanging_ArtObject,rdfs:subClassOf,rc:ArtworkProduct
rc:WallHanging_ArtObject,rdfs:subClassOf,owl:Thing
rc:SecureTelephone,rdfs:subClassOf,rc:SecureCommunication
rc:SecureTelephone,rdfs:subClassOf,owl:Thing
rc:PostPunkMusic,rdfs:subClassOf,rc:MusicTypeOpenGenre
rc:PostPunkMusic,rdfs:subClassOf,rc:RockMusic
rc:PostPunkMusic,rdfs:subClassOf,owl:Thing
rc:TlingitLanguage,rdfs:subClassOf,rc:OtherAmericanLanguages
rc:TlingitLanguage,rdfs:subClassOf,owl:Thing
rc:EskimoAleutLanguages,rdfs:subClassOf,rc:IndigenousAmericanLanguages
rc:EskimoAleutLanguages,rdfs:subClassOf,owl:Thing
rc:RecordedSoundProduct,rdfs:subClassOf,rc:AudioRecordedObject
rc:RecordedSoundProduct,rdfs:subClassOf,owl:Thing
rc:FilmPreservation,rdfs:subClassOf,rc:MovingImage
rc:FilmPreservation,rdfs:subClassOf,owl:Thing
rc:SerialArchitecture,rdfs:subClassOf,rc:ComputerArchitecture
rc:SerialArchitecture,rdfs:subClassOf,owl:Thing
rc:ECommerceProgram,rdfs:subClassOf,rc:BusinessComputerProgram
rc:ECommerceProgram,rdfs:subClassOf,owl:Thing
rc:DramaGenre,rdfs:subClassOf,rc:DramaticPerformance
rc:DramaGenre,rdfs:subClassOf,owl:Thing
rc:EmbeddedSystem,rdfs:subClassOf,rc:ClassOfComputer
rc:EmbeddedSystem,rdfs:subClassOf,owl:Thing
rc:DagombaLanguage,rdfs:subClassOf,rc:AtlanticCongoLanguages
rc:DagombaLanguage,rdfs:subClassOf,owl:Thing
rc:Protein_CodingGene,rdfs:subClassOf,rc:Gene_GIS
rc:Protein_CodingGene,rdfs:subClassOf,owl:Thing
rc:IslamicLunarCalendar,rdfs:subClassOf,rc:CalendarSystem
rc:IslamicLunarCalendar,rdfs:subClassOf,owl:Thing
rc:Decal,rdfs:subClassOf,rc:Label
rc:Decal,rdfs:subClassOf,owl:Thing
rc:SolitaireProgram,rdfs:subClassOf,rc:CardGameProgram
rc:SolitaireProgram,rdfs:subClassOf,owl:Thing
rc:PunkMusic,rdfs:subClassOf,rc:RockMusic
rc:PunkMusic,rdfs:subClassOf,owl:Thing
rc:ColdWaveMusic,rdfs:subClassOf,rc:PostPunkMusic
rc:ColdWaveMusic,rdfs:subClassOf,owl:Thing
rc:FTPSite,rdfs:subClassOf,rc:IndexedInformationSource
rc:FTPSite,rdfs:subClassOf,rc:InternetInformation
rc:FTPSite,rdfs:subClassOf,owl:Thing
rc:ProperName_NLAttr,rdfs:subClassOf,rc:NLWordForm
rc:ProperName_NLAttr,rdfs:subClassOf,owl:Thing
rc:TypeTheory,rdfs:subClassOf,rc:MathematicalTheory
rc:TypeTheory,rdfs:subClassOf,owl:Thing
rc:BiometricsSoftware,rdfs:subClassOf,rc:SecurityProgram
rc:BiometricsSoftware,rdfs:subClassOf,owl:Thing
rc:LanguageSpecificTopics,rdfs:subClassOf,rc:NaturalLanguage
rc:LanguageSpecificTopics,rdfs:subClassOf,owl:Thing
rc:UltimateSport,rdfs:subClassOf,rc:SportsGame
rc:UltimateSport,rdfs:subClassOf,owl:Thing
rc:ElectronicStructureMethod,rdfs:subClassOf,rc:QuantumMechanics
rc:ElectronicStructureMethod,rdfs:subClassOf,owl:Thing
rc:CombinatorialGroupTheory,rdfs:subClassOf,rc:GroupTheory
rc:CombinatorialGroupTheory,rdfs:subClassOf,owl:Thing
rc:DriverTrainingSimulator,rdfs:subClassOf,rc:EducationalComputerProgram
rc:DriverTrainingSimulator,rdfs:subClassOf,rc:VirtualReality
rc:DriverTrainingSimulator,rdfs:subClassOf,owl:Thing
rc:ClassificationOfMinerals,rdfs:subClassOf,rc:ClassificationSystem
rc:ClassificationOfMinerals,rdfs:subClassOf,owl:Thing
rc:MixeZoqueLanguages,rdfs:subClassOf,rc:IndigenousAmericanLanguages
rc:MixeZoqueLanguages,rdfs:subClassOf,owl:Thing
rc:CreditCardStatement,rdfs:subClassOf,rc:FinancialDocument
rc:CreditCardStatement,rdfs:subClassOf,owl:Thing
rc:SecuredLineOfCredit,rdfs:subClassOf,rc:LineOfCredit
rc:SecuredLineOfCredit,rdfs:subClassOf,rc:SecuredLoan
rc:SecuredLineOfCredit,rdfs:subClassOf,owl:Thing
rc:MusicalComposition_Opera,rdfs:subClassOf,rc:MusicalComposition_Classical
rc:MusicalComposition_Opera,rdfs:subClassOf,owl:Thing
rc:EnglishTopics,rdfs:subClassOf,rc:LanguageSpecificTopics
rc:EnglishTopics,rdfs:subClassOf,owl:Thing
rc:FromLabel,rdfs:subClassOf,rc:AddressLabel
rc:FromLabel,rdfs:subClassOf,owl:Thing
rc:PublicInformation,rdfs:subClassOf,rc:InformationAccessType
rc:PublicInformation,rdfs:subClassOf,owl:Thing
rc:PampanganLanguage,rdfs:subClassOf,rc:MalayoPolynesianLanguages
rc:PampanganLanguage,rdfs:subClassOf,owl:Thing
rc:BalticLanguages,rdfs:subClassOf,rc:IndoEuropeanLanguages
rc:BalticLanguages,rdfs:subClassOf,owl:Thing
rc:ExoticProbability,rdfs:subClassOf,rc:ProbabilityTheory
rc:ExoticProbability,rdfs:subClassOf,owl:Thing
rc:ToDoList,rdfs:subClassOf,rc:List_CW
rc:ToDoList,rdfs:subClassOf,owl:Thing
rc:BatmanMovie,rdfs:subClassOf,rc:Movie
rc:BatmanMovie,rdfs:subClassOf,owl:Thing
rc:MixeLanguage,rdfs:subClassOf,rc:MixeZoqueLanguages
rc:MixeLanguage,rdfs:subClassOf,owl:Thing
rc:CProgrammingLanguageFamily,rdfs:subClassOf,rc:CPlusPlus_ProgrammingLanguage
rc:CProgrammingLanguageFamily,rdfs:subClassOf,rc:C_ProgrammingLanguage
rc:CProgrammingLanguageFamily,rdfs:subClassOf,owl:Thing
rc:WarrantToBuyStock,rdfs:subClassOf,rc:OptionToBuy
rc:WarrantToBuyStock,rdfs:subClassOf,owl:Thing
rc:Manuscript,rdfs:subClassOf,rc:WrittenCharacterSequence
rc:Manuscript,rdfs:subClassOf,owl:Thing
rc:FasLanguage,rdfs:subClassOf,rc:PapuanLanguageGrouping
rc:FasLanguage,rdfs:subClassOf,owl:Thing
rc:Centerfold_PhotoOfPerson,rdfs:subClassOf,rc:Centerfold_Generic
rc:Centerfold_PhotoOfPerson,rdfs:subClassOf,rc:Photograph
rc:Centerfold_PhotoOfPerson,rdfs:subClassOf,owl:Thing
rc:CorporateBond_InvestmentGrade,rdfs:subClassOf,rc:CorporateBond_Agreement
rc:CorporateBond_InvestmentGrade,rdfs:subClassOf,owl:Thing
rc:MusicalComposition_PostPunk,rdfs:subClassOf,rc:MusicTypeOpenGenre
rc:MusicalComposition_PostPunk,rdfs:subClassOf,rc:MusicalComposition_Rock
rc:MusicalComposition_PostPunk,rdfs:subClassOf,owl:Thing
rc:EnglishLanguageInCanada,rdfs:subClassOf,rc:EnglishTopics
rc:EnglishLanguageInCanada,rdfs:subClassOf,owl:Thing
rc:SanskritLanguage,rdfs:subClassOf,rc:ClassicMedievalLanguages
rc:SanskritLanguage,rdfs:subClassOf,owl:Thing
rc:MiniDisc,rdfs:subClassOf,rc:DiscStorageMedium
rc:MiniDisc,rdfs:subClassOf,owl:Thing
rc:Discography,rdfs:subClassOf,rc:Catalog
rc:Discography,rdfs:subClassOf,owl:Thing
rc:SocialCommentary,rdfs:subClassOf,rc:Commentary
rc:SocialCommentary,rdfs:subClassOf,owl:Thing
rc:GraduatedPaymentLoan,rdfs:subClassOf,rc:LoanAgreement
rc:GraduatedPaymentLoan,rdfs:subClassOf,owl:Thing
rc:System6,rdfs:subClassOf,rc:MacOS
rc:System6,rdfs:subClassOf,owl:Thing
rc:Swastika,rdfs:subClassOf,rc:GeopoliticalSymbol
rc:Swastika,rdfs:subClassOf,rc:VisualInformationBearingThing
rc:Swastika,rdfs:subClassOf,owl:Thing
rc:PeerToPeer,rdfs:subClassOf,rc:NetworkArchitecture
rc:PeerToPeer,rdfs:subClassOf,owl:Thing
rc:Kakemono,rdfs:subClassOf,rc:WallHanging_ArtObject
rc:Kakemono,rdfs:subClassOf,owl:Thing
rc:FolkMetal,rdfs:subClassOf,rc:FolkRockMusic
rc:FolkMetal,rdfs:subClassOf,rc:MusicTypeOpenGenre
rc:FolkMetal,rdfs:subClassOf,owl:Thing
rc:BrittonicLanguage,rdfs:subClassOf,rc:RecentExtinctLanguages
rc:BrittonicLanguage,rdfs:subClassOf,owl:Thing
rc:SabaeanDialect,rdfs:subClassOf,rc:AncientLanguages
rc:SabaeanDialect,rdfs:subClassOf,rc:LanguageDialect
rc:SabaeanDialect,rdfs:subClassOf,owl:Thing
rc:Graph,rdfs:subClassOf,rc:IconicInformation
rc:Graph,rdfs:subClassOf,rc:StructurallySpecificWork
rc:Graph,rdfs:subClassOf,rc:StructuredInformationSource
rc:Graph,rdfs:subClassOf,rc:VisualArtifact
rc:Graph,rdfs:subClassOf,owl:Thing
rc:EfeLanguage,rdfs:subClassOf,rc:NiloSaharanLanguages
rc:EfeLanguage,rdfs:subClassOf,owl:Thing
rc:OpenSourceIBT,rdfs:subClassOf,rc:InformationBearingThing
rc:OpenSourceIBT,rdfs:subClassOf,rc:PublicInformation
rc:OpenSourceIBT,rdfs:subClassOf,owl:Thing
rc:SanskritLanguageName,rdfs:subClassOf,rc:NameConventionsByLanguage
rc:SanskritLanguageName,rdfs:subClassOf,owl:Thing
rc:IdoConstructedLanguage,rdfs:subClassOf,rc:InternationalAuxiliaryLanguage
rc:IdoConstructedLanguage,rdfs:subClassOf,owl:Thing
rc:SerialArt,rdfs:subClassOf,rc:ArtStyle
rc:SerialArt,rdfs:subClassOf,owl:Thing
rc:TelephonyServerProgram,rdfs:subClassOf,rc:ServerProgram
rc:TelephonyServerProgram,rdfs:subClassOf,owl:Thing
rc:PeopleFinderProgram,rdfs:subClassOf,rc:SearchEngine
rc:PeopleFinderProgram,rdfs:subClassOf,owl:Thing
rc:FinnishLanguage,rdfs:subClassOf,rc:FinnicLanguages
rc:FinnishLanguage,rdfs:subClassOf,owl:Thing
rc:UnifiedMessagingProgram,rdfs:subClassOf,rc:NetworkProgram
rc:UnifiedMessagingProgram,rdfs:subClassOf,owl:Thing
rc:WiccanTerminology,rdfs:subClassOf,rc:ReligiousTerm
rc:WiccanTerminology,rdfs:subClassOf,owl:Thing
rc:RemoteLoginProgram,rdfs:subClassOf,rc:InternetProgram
rc:RemoteLoginProgram,rdfs:subClassOf,rc:NetworkingProgram
rc:RemoteLoginProgram,rdfs:subClassOf,owl:Thing
rc:GaroLanguage,rdfs:subClassOf,rc:IndicLanguages
rc:GaroLanguage,rdfs:subClassOf,owl:Thing
rc:Thunder,rdfs:subClassOf,rc:AudibleSound
rc:Thunder,rdfs:subClassOf,owl:Thing
rc:OldEnglishGrammar,rdfs:subClassOf,rc:OldEnglishLanguage
rc:OldEnglishGrammar,rdfs:subClassOf,owl:Thing
rc:KonkaniDialect,rdfs:subClassOf,rc:LanguageDialect
rc:KonkaniDialect,rdfs:subClassOf,owl:Thing
rc:ChamorroLanguage,rdfs:subClassOf,rc:MalayoPolynesianLanguages
rc:ChamorroLanguage,rdfs:subClassOf,owl:Thing
rc:NaturalizationRecord,rdfs:subClassOf,rc:LegalDocument
rc:NaturalizationRecord,rdfs:subClassOf,owl:Thing
rc:OmoticLanguage,rdfs:subClassOf,rc:AfroAsiaticLanguages
rc:OmoticLanguage,rdfs:subClassOf,owl:Thing
rc:ProperNoun,rdfs:subClassOf,rc:Noun
rc:ProperNoun,rdfs:subClassOf,owl:Thing
rc:IslamicMusic,rdfs:subClassOf,rc:MusicalComposition_Religious
rc:IslamicMusic,rdfs:subClassOf,owl:Thing
rc:LegalSoftware,rdfs:subClassOf,rc:BusinessComputerProgram
rc:LegalSoftware,rdfs:subClassOf,owl:Thing
rc:Lexicography,rdfs:subClassOf,rc:EnglishTopics
rc:Lexicography,rdfs:subClassOf,owl:Thing
rc:IlluminatedManuscript,rdfs:subClassOf,rc:Manuscript
rc:IlluminatedManuscript,rdfs:subClassOf,owl:Thing
rc:MechanicalDrawing,rdfs:subClassOf,rc:Drawing
rc:MechanicalDrawing,rdfs:subClassOf,owl:Thing
rc:CreditCard_NonRevolvingAccount,rdfs:subClassOf,rc:CreditCard
rc:CreditCard_NonRevolvingAccount,rdfs:subClassOf,owl:Thing
rc:NorwegianLanguage,rdfs:subClassOf,rc:GermanicLanguages
rc:NorwegianLanguage,rdfs:subClassOf,owl:Thing
rc:Gazetteer,rdfs:subClassOf,rc:Directory_ReferenceWork
rc:Gazetteer,rdfs:subClassOf,owl:Thing
rc:EEGReadout,rdfs:subClassOf,rc:VisualInformationBearingThing
rc:EEGReadout,rdfs:subClassOf,owl:Thing
rc:ApplicationServiceProvider,rdfs:subClassOf,rc:InternetService
rc:ApplicationServiceProvider,rdfs:subClassOf,owl:Thing
rc:X_TheLetter,rdfs:subClassOf,rc:LatinScript
rc:X_TheLetter,rdfs:subClassOf,owl:Thing
rc:Terminology,rdfs:subClassOf,rc:Lexicography
rc:Terminology,rdfs:subClassOf,owl:Thing
rc:TextsInIonicGreek,rdfs:subClassOf,rc:IonicGreekDialect
rc:TextsInIonicGreek,rdfs:subClassOf,owl:Thing
rc:CompositionMovement,rdfs:subClassOf,rc:MusicalComposition_Classical
rc:CompositionMovement,rdfs:subClassOf,owl:Thing
rc:ItalianWordOrPhrase,rdfs:subClassOf,rc:WordOrPhraseByLanguage
rc:ItalianWordOrPhrase,rdfs:subClassOf,owl:Thing
rc:RomanianGivenName,rdfs:subClassOf,rc:HumanGivenName
rc:RomanianGivenName,rdfs:subClassOf,owl:Thing
rc:GraphColoring,rdfs:subClassOf,rc:GraphTheory
rc:GraphColoring,rdfs:subClassOf,owl:Thing
rc:UltraDenseServer,rdfs:subClassOf,rc:ComputerServer
rc:UltraDenseServer,rdfs:subClassOf,owl:Thing
rc:AbkhazLanguage,rdfs:subClassOf,rc:OtherLanguages
rc:AbkhazLanguage,rdfs:subClassOf,owl:Thing
rc:LiftTicket,rdfs:subClassOf,rc:SheetOfPaper
rc:LiftTicket,rdfs:subClassOf,rc:Ticket
rc:LiftTicket,rdfs:subClassOf,owl:Thing
rc:Reminder,rdfs:subClassOf,rc:TextualExpression
rc:Reminder,rdfs:subClassOf,owl:Thing
rc:StockOption,rdfs:subClassOf,rc:FinancialOption
rc:StockOption,rdfs:subClassOf,owl:Thing
rc:Emblem,rdfs:subClassOf,rc:Symbol
rc:Emblem,rdfs:subClassOf,owl:Thing
rc:EnglishLanguageInEngland,rdfs:subClassOf,rc:BritishEnglishDialect
rc:EnglishLanguageInEngland,rdfs:subClassOf,owl:Thing
rc:CorporateBond_NonInvestmentGrade,rdfs:subClassOf,rc:CorporateBond_Agreement
rc:CorporateBond_NonInvestmentGrade,rdfs:subClassOf,owl:Thing
rc:PacketRadio,rdfs:subClassOf,rc:Packet_Network
rc:PacketRadio,rdfs:subClassOf,owl:Thing
rc:DardicLanguage,rdfs:subClassOf,rc:IndoAryanLanguages
rc:DardicLanguage,rdfs:subClassOf,owl:Thing
rc:ComputerNetworkContactInfoString,rdfs:subClassOf,rc:ContactInfoString
rc:ComputerNetworkContactInfoString,rdfs:subClassOf,owl:Thing
rc:CherokeeLanguage,rdfs:subClassOf,rc:IroquoianLanguages
rc:CherokeeLanguage,rdfs:subClassOf,owl:Thing
rc:NorwegianLanguageSurname,rdfs:subClassOf,rc:HumanSurname
rc:NorwegianLanguageSurname,rdfs:subClassOf,owl:Thing
rc:JukunLanguage,rdfs:subClassOf,rc:AtlanticCongoLanguages
rc:JukunLanguage,rdfs:subClassOf,owl:Thing
rc:GraduatedPaymentMortgage,rdfs:subClassOf,rc:GraduatedPaymentLoan
rc:GraduatedPaymentMortgage,rdfs:subClassOf,rc:MortgageAgreement
rc:GraduatedPaymentMortgage,rdfs:subClassOf,owl:Thing
rc:ConfigurationFile,rdfs:subClassOf,rc:ComputerFile
rc:ConfigurationFile,rdfs:subClassOf,owl:Thing
rc:MusicalComposition_Progressive,rdfs:subClassOf,rc:MusicTypeOpenGenre
rc:MusicalComposition_Progressive,rdfs:subClassOf,rc:MusicalComposition
rc:MusicalComposition_Progressive,rdfs:subClassOf,owl:Thing
rc:BusinessTerm,rdfs:subClassOf,rc:Terminology
rc:BusinessTerm,rdfs:subClassOf,owl:Thing
rc:TopSecretInformation,rdfs:subClassOf,rc:InformationAccessType
rc:TopSecretInformation,rdfs:subClassOf,owl:Thing
rc:SecurityProgram,rdfs:subClassOf,rc:EnterpriseSoftware
rc:SecurityProgram,rdfs:subClassOf,owl:Thing
rc:WarrantyDocument,rdfs:subClassOf,rc:ContractDocument
rc:WarrantyDocument,rdfs:subClassOf,owl:Thing
rc:Leaflet,rdfs:subClassOf,rc:Paper_IBO
rc:Leaflet,rdfs:subClassOf,owl:Thing
rc:EnglishLanguageTest,rdfs:subClassOf,rc:EnglishTopics
rc:EnglishLanguageTest,rdfs:subClassOf,rc:LanguageTests
rc:EnglishLanguageTest,rdfs:subClassOf,owl:Thing
rc:Embodiment,rdfs:subClassOf,rc:SymbolicObject
rc:Embodiment,rdfs:subClassOf,owl:Thing
rc:OldEnglishPersonalName,rdfs:subClassOf,rc:OldEnglishLanguage
rc:OldEnglishPersonalName,rdfs:subClassOf,owl:Thing
rc:SportsTerminology,rdfs:subClassOf,rc:Terminology
rc:SportsTerminology,rdfs:subClassOf,owl:Thing
rc:CurlingTerminology,rdfs:subClassOf,rc:SportsTerminology
rc:CurlingTerminology,rdfs:subClassOf,owl:Thing
rc:JapaneseCuisineTerm,rdfs:subClassOf,rc:FoodDrinkTerm
rc:JapaneseCuisineTerm,rdfs:subClassOf,owl:Thing
rc:ScientificNotation,rdfs:subClassOf,rc:Notation
rc:ScientificNotation,rdfs:subClassOf,owl:Thing
rc:AdvertisingTerminology,rdfs:subClassOf,rc:BusinessTerm
rc:AdvertisingTerminology,rdfs:subClassOf,owl:Thing
rc:ConceptualWork_AnimationGenre,rdfs:subClassOf,rc:AnimationByGenre
rc:ConceptualWork_AnimationGenre,rdfs:subClassOf,owl:Thing
rc:UnifiedModelingLanguage,rdfs:subClassOf,rc:SpecificationLanguage
rc:UnifiedModelingLanguage,rdfs:subClassOf,owl:Thing
rc:OralCommunication,rdfs:subClassOf,rc:Language
rc:OralCommunication,rdfs:subClassOf,owl:Thing
rc:ArtSubject,rdfs:subClassOf,rc:VisualWork
rc:ArtSubject,rdfs:subClassOf,owl:Thing
rc:ActivityLoggingProgram,rdfs:subClassOf,rc:InformationGatheringProgram
rc:ActivityLoggingProgram,rdfs:subClassOf,rc:SecurityProgram
rc:ActivityLoggingProgram,rdfs:subClassOf,rc:UtilityProgram
rc:ActivityLoggingProgram,rdfs:subClassOf,owl:Thing
rc:SymbolOfHades,rdfs:subClassOf,rc:Symbol
rc:SymbolOfHades,rdfs:subClassOf,owl:Thing
rc:ShinaLanguage,rdfs:subClassOf,rc:IndicLanguages
rc:ShinaLanguage,rdfs:subClassOf,owl:Thing
rc:AmericanFootballTerminology,rdfs:subClassOf,rc:SportsTerminology
rc:AmericanFootballTerminology,rdfs:subClassOf,owl:Thing
rc:EmployeeStockOption,rdfs:subClassOf,rc:StockOption
rc:EmployeeStockOption,rdfs:subClassOf,owl:Thing
rc:Teleplay,rdfs:subClassOf,rc:TVShow_Single
rc:Teleplay,rdfs:subClassOf,owl:Thing
rc:FinnishLanguageSurname,rdfs:subClassOf,rc:HumanSurname
rc:FinnishLanguageSurname,rdfs:subClassOf,owl:Thing
rc:KonsoLanguage,rdfs:subClassOf,rc:CushiticLanguages
rc:KonsoLanguage,rdfs:subClassOf,owl:Thing
rc:ExpertSystem,rdfs:subClassOf,rc:ArtificialIntelligenceProgram
rc:ExpertSystem,rdfs:subClassOf,owl:Thing
rc:WrittenReportOnSituation,rdfs:subClassOf,rc:Document
rc:WrittenReportOnSituation,rdfs:subClassOf,owl:Thing
rc:PunkRockGenre,rdfs:subClassOf,rc:MusicalComposition_Punk
rc:PunkRockGenre,rdfs:subClassOf,rc:PunkMusic
rc:PunkRockGenre,rdfs:subClassOf,owl:Thing
rc:BuildingPermit_PIT,rdfs:subClassOf,rc:Permit
rc:BuildingPermit_PIT,rdfs:subClassOf,owl:Thing
rc:WichitaLanguage,rdfs:subClassOf,rc:SiouanLanguages
rc:WichitaLanguage,rdfs:subClassOf,owl:Thing
rc:FlamencoDancePerformance,rdfs:subClassOf,rc:DancePerformance
rc:FlamencoDancePerformance,rdfs:subClassOf,owl:Thing
rc:AnimatedMovie,rdfs:subClassOf,rc:ConceptualWork_AnimationGenre
rc:AnimatedMovie,rdfs:subClassOf,rc:FilmGenre
rc:AnimatedMovie,rdfs:subClassOf,owl:Thing
rc:FightingGame,rdfs:subClassOf,rc:VideoGameProgram_Color
rc:FightingGame,rdfs:subClassOf,owl:Thing
rc:SoundProduction,rdfs:subClassOf,rc:Sound
rc:SoundProduction,rdfs:subClassOf,owl:Thing
rc:GbayaLanguage,rdfs:subClassOf,rc:AtlanticCongoLanguages
rc:GbayaLanguage,rdfs:subClassOf,owl:Thing
rc:Memento,rdfs:subClassOf,rc:Reminder
rc:Memento,rdfs:subClassOf,owl:Thing
rc:NTAccountSystem,rdfs:subClassOf,rc:ComputerAccount
rc:NTAccountSystem,rdfs:subClassOf,owl:Thing
rc:SoftwareSuite,rdfs:subClassOf,rc:ApplicationProgram
rc:SoftwareSuite,rdfs:subClassOf,owl:Thing
rc:ShortTermStudy,rdfs:subClassOf,rc:WrittenReportOnSituation
rc:ShortTermStudy,rdfs:subClassOf,owl:Thing
rc:Teleportation,rdfs:subClassOf,rc:QuantumMechanics
rc:Teleportation,rdfs:subClassOf,owl:Thing
rc:ExpertSystemShell,rdfs:subClassOf,rc:ArtificialIntelligenceProgram
rc:ExpertSystemShell,rdfs:subClassOf,owl:Thing
rc:HeadMountedDisplay,rdfs:subClassOf,rc:VirtualReality
rc:HeadMountedDisplay,rdfs:subClassOf,owl:Thing
rc:SymbolOfTheNorthwestTerritories,rdfs:subClassOf,rc:GeopoliticalSymbol
rc:SymbolOfTheNorthwestTerritories,rdfs:subClassOf,owl:Thing
rc:RestrictedInformation,rdfs:subClassOf,rc:InformationAccessType
rc:RestrictedInformation,rdfs:subClassOf,owl:Thing
rc:PhysicalSchema,rdfs:subClassOf,rc:Schema_LogicalOrPhysical
rc:PhysicalSchema,rdfs:subClassOf,owl:Thing
rc:RomanianGrammar,rdfs:subClassOf,rc:LanguageGrammars
rc:RomanianGrammar,rdfs:subClassOf,owl:Thing
rc:Woodcut,rdfs:subClassOf,rc:CarvedArtwork
rc:Woodcut,rdfs:subClassOf,rc:Engraving
rc:Woodcut,rdfs:subClassOf,owl:Thing
rc:ApolloInArt,rdfs:subClassOf,rc:ArtSubject
rc:ApolloInArt,rdfs:subClassOf,owl:Thing
rc:ApplicationSoftwareSuite,rdfs:subClassOf,rc:SoftwareSuite
rc:ApplicationSoftwareSuite,rdfs:subClassOf,owl:Thing
rc:AnimatedFeatureFilm,rdfs:subClassOf,rc:AnimatedMovie
rc:AnimatedFeatureFilm,rdfs:subClassOf,owl:Thing
rc:PreferredLabel,rdfs:subClassOf,rc:Label_IBO
rc:PreferredLabel,rdfs:subClassOf,owl:Thing
rc:ItalicLanguages,rdfs:subClassOf,rc:RomanceLanguages
rc:ItalicLanguages,rdfs:subClassOf,owl:Thing
rc:PacketSniffer,rdfs:subClassOf,rc:NetworkProgram
rc:PacketSniffer,rdfs:subClassOf,owl:Thing
rc:Invitation_IBT,rdfs:subClassOf,rc:InformationBearingThing
rc:Invitation_IBT,rdfs:subClassOf,owl:Thing
rc:JulianCalendar,rdfs:subClassOf,rc:CalendarSystem
rc:JulianCalendar,rdfs:subClassOf,owl:Thing
rc:Article_PCW,rdfs:subClassOf,rc:ShortTermStudy
rc:Article_PCW,rdfs:subClassOf,owl:Thing
rc:ProgramStep,rdfs:subClassOf,rc:SoftwareObject_Individual
rc:ProgramStep,rdfs:subClassOf,owl:Thing
rc:MusicalComposition_ProgressiveRock,rdfs:subClassOf,rc:MusicalComposition_Progressive
rc:MusicalComposition_ProgressiveRock,rdfs:subClassOf,rc:MusicalComposition_Rock
rc:MusicalComposition_ProgressiveRock,rdfs:subClassOf,owl:Thing
rc:EconomicsTerminology,rdfs:subClassOf,rc:Terminology
rc:EconomicsTerminology,rdfs:subClassOf,owl:Thing
rc:GraphConnectivity,rdfs:subClassOf,rc:GraphTheory
rc:GraphConnectivity,rdfs:subClassOf,owl:Thing
rc:NorwegianLanguageTest,rdfs:subClassOf,rc:LanguageTests
rc:NorwegianLanguageTest,rdfs:subClassOf,owl:Thing
rc:InternationalizedDomainName,rdfs:subClassOf,rc:DomainNameSystemProtocol
rc:InternationalizedDomainName,rdfs:subClassOf,owl:Thing
rc:ComputerArchitecture,rdfs:subClassOf,rc:Computer_Generic
rc:ComputerArchitecture,rdfs:subClassOf,owl:Thing
rc:SilverMedal_Physical,rdfs:subClassOf,rc:Medal_Physical
rc:SilverMedal_Physical,rdfs:subClassOf,owl:Thing
rc:Pamphlet,rdfs:subClassOf,rc:Paper_IBO
rc:Pamphlet,rdfs:subClassOf,owl:Thing
rc:ProgramFunction,rdfs:subClassOf,rc:ProgramStep
rc:ProgramFunction,rdfs:subClassOf,owl:Thing
rc:PrimaryDomainController,rdfs:subClassOf,rc:NTDomainServer
rc:PrimaryDomainController,rdfs:subClassOf,owl:Thing
rc:TuluLanguage,rdfs:subClassOf,rc:DravidianLanguages
rc:TuluLanguage,rdfs:subClassOf,owl:Thing
rc:ExpositoryArticle,rdfs:subClassOf,rc:Article_PCW
rc:ExpositoryArticle,rdfs:subClassOf,owl:Thing
rc:FinnishLanguageTest,rdfs:subClassOf,rc:LanguageTests
rc:FinnishLanguageTest,rdfs:subClassOf,owl:Thing
rc:PlayPerformance,rdfs:subClassOf,rc:DramaticPerformance
rc:PlayPerformance,rdfs:subClassOf,owl:Thing
rc:ClassifiedInformationInTheUnitedStates,rdfs:subClassOf,rc:RestrictedInformation
rc:ClassifiedInformationInTheUnitedStates,rdfs:subClassOf,owl:Thing
rc:UnifiedModelingLanguageDiagram,rdfs:subClassOf,rc:UnifiedModelingLanguage
rc:UnifiedModelingLanguageDiagram,rdfs:subClassOf,owl:Thing
rc:CherokeeWriting,rdfs:subClassOf,rc:WritingSystem
rc:CherokeeWriting,rdfs:subClassOf,owl:Thing
rc:ReceiveProtocol,rdfs:subClassOf,rc:CommunicationProtocol
rc:ReceiveProtocol,rdfs:subClassOf,rc:MachineProtocol
rc:ReceiveProtocol,rdfs:subClassOf,owl:Thing
rc:USGSTopographicMap,rdfs:subClassOf,rc:PublishedConceptualWork
rc:USGSTopographicMap,rdfs:subClassOf,rc:TopographicMap
rc:USGSTopographicMap,rdfs:subClassOf,owl:Thing
rc:RISCArchitecture,rdfs:subClassOf,rc:ComputerArchitecture
rc:RISCArchitecture,rdfs:subClassOf,owl:Thing
rc:NTDomain,rdfs:subClassOf,rc:NTAccountSystem
rc:NTDomain,rdfs:subClassOf,owl:Thing
rc:MusicalComposition_Psychedelic,rdfs:subClassOf,rc:MusicTypeOpenGenre
rc:MusicalComposition_Psychedelic,rdfs:subClassOf,rc:MusicalComposition_Rock
rc:MusicalComposition_Psychedelic,rdfs:subClassOf,owl:Thing
rc:FrenchCreoleLanguage,rdfs:subClassOf,rc:RomanceLanguages
rc:FrenchCreoleLanguage,rdfs:subClassOf,owl:Thing
rc:Cons,rdfs:subClassOf,rc:ProgramFunction
rc:Cons,rdfs:subClassOf,owl:Thing
rc:BroadwayShow,rdfs:subClassOf,rc:PlayPerformance
rc:BroadwayShow,rdfs:subClassOf,owl:Thing
rc:PermicLanguage,rdfs:subClassOf,rc:UralicLanguages
rc:PermicLanguage,rdfs:subClassOf,owl:Thing
rc:Inflation,rdfs:subClassOf,rc:Money_DevisedPractice
rc:Inflation,rdfs:subClassOf,owl:Thing
rc:SerialNumber_String,rdfs:subClassOf,rc:IDString
rc:SerialNumber_String,rdfs:subClassOf,rc:UniqueID
rc:SerialNumber_String,rdfs:subClassOf,owl:Thing
rc:OnDemandReceptions,rdfs:subClassOf,rc:ReceiveProtocol
rc:OnDemandReceptions,rdfs:subClassOf,owl:Thing
rc:SoundRecorderProgram,rdfs:subClassOf,rc:AudioProgram
rc:SoundRecorderProgram,rdfs:subClassOf,rc:FileWritingProgram
rc:SoundRecorderProgram,rdfs:subClassOf,owl:Thing
rc:GraphDescriptionLanguage,rdfs:subClassOf,rc:ComputerLanguage
rc:GraphDescriptionLanguage,rdfs:subClassOf,owl:Thing
rc:ReferenceWork,rdfs:subClassOf,rc:PublishedMaterial
rc:ReferenceWork,rdfs:subClassOf,owl:Thing
rc:ShastaLanguage,rdfs:subClassOf,rc:OtherAmericanLanguages
rc:ShastaLanguage,rdfs:subClassOf,owl:Thing
rc:MusicalComposition_Cyberpunk,rdfs:subClassOf,rc:MusicalComposition
rc:MusicalComposition_Cyberpunk,rdfs:subClassOf,owl:Thing
rc:UndirectedGraph,rdfs:subClassOf,rc:Multigraph
rc:UndirectedGraph,rdfs:subClassOf,owl:Thing
rc:RajasthaniLanguage,rdfs:subClassOf,rc:IndoAryanLanguages
rc:RajasthaniLanguage,rdfs:subClassOf,owl:Thing
rc:FilmTheory,rdfs:subClassOf,rc:MovingImage
rc:FilmTheory,rdfs:subClassOf,owl:Thing
rc:RemoteSensingSoftware,rdfs:subClassOf,rc:ScientificSoftware
rc:RemoteSensingSoftware,rdfs:subClassOf,owl:Thing
rc:VenusDeMilo_Statue,rdfs:subClassOf,rc:Statue
rc:VenusDeMilo_Statue,rdfs:subClassOf,owl:Thing
rc:Template,rdfs:subClassOf,rc:Pattern
rc:Template,rdfs:subClassOf,owl:Thing
rc:AllBlackCastBroadwayShow,rdfs:subClassOf,rc:BroadwayShow
rc:AllBlackCastBroadwayShow,rdfs:subClassOf,owl:Thing
rc:UnifiedSoilClassificationSystem,rdfs:subClassOf,rc:ClassificationSystem
rc:UnifiedSoilClassificationSystem,rdfs:subClassOf,rc:IndexedInformationSource
rc:UnifiedSoilClassificationSystem,rdfs:subClassOf,owl:Thing
rc:PunuLanguage,rdfs:subClassOf,rc:AtlanticCongoLanguages
rc:PunuLanguage,rdfs:subClassOf,owl:Thing
rc:TextualCollection,rdfs:subClassOf,rc:TextualMaterial
rc:TextualCollection,rdfs:subClassOf,owl:Thing
rc:FolkPunk,rdfs:subClassOf,rc:FolkRockMusic
rc:FolkPunk,rdfs:subClassOf,owl:Thing
rc:StatisticalDataSet,rdfs:subClassOf,rc:Dataset
rc:StatisticalDataSet,rdfs:subClassOf,owl:Thing
rc:Music,rdfs:subClassOf,rc:AudioConceptualWork
rc:Music,rdfs:subClassOf,owl:Thing
rc:PublishedMaterial,rdfs:subClassOf,rc:InformationStore
rc:PublishedMaterial,rdfs:subClassOf,owl:Thing
rc:RoadMap,rdfs:subClassOf,rc:Map
rc:RoadMap,rdfs:subClassOf,owl:Thing
rc:AustronesianInscription,rdfs:subClassOf,rc:Inscription
rc:AustronesianInscription,rdfs:subClassOf,rc:LanguageSpecificTopics
rc:AustronesianInscription,rdfs:subClassOf,owl:Thing
rc:WebDesign,rdfs:subClassOf,rc:WebPage
rc:WebDesign,rdfs:subClassOf,owl:Thing
rc:GreekAntiquityInArtAndCulture,rdfs:subClassOf,rc:ArtSubject
rc:GreekAntiquityInArtAndCulture,rdfs:subClassOf,owl:Thing
rc:ReferenceWork_Written,rdfs:subClassOf,rc:ReferenceWork
rc:ReferenceWork_Written,rdfs:subClassOf,owl:Thing
rc:LexisLinguistics,rdfs:subClassOf,rc:Vocabulary
rc:LexisLinguistics,rdfs:subClassOf,owl:Thing
rc:ItalicizedFormat,rdfs:subClassOf,rc:TypographicalStructure
rc:ItalicizedFormat,rdfs:subClassOf,owl:Thing
rc:ConfiguringProgram,rdfs:subClassOf,rc:AdministrationProgram
rc:ConfiguringProgram,rdfs:subClassOf,owl:Thing
rc:PropertyDeed,rdfs:subClassOf,rc:LegalDocument
rc:PropertyDeed,rdfs:subClassOf,rc:OwnershipDocument
rc:PropertyDeed,rdfs:subClassOf,owl:Thing
rc:RepublicanPartyUnitedStatesTerminology,rdfs:subClassOf,rc:PoliticalTerminology
rc:RepublicanPartyUnitedStatesTerminology,rdfs:subClassOf,owl:Thing
rc:MicrocomputerSoftware,rdfs:subClassOf,rc:SoftwareObject_Individual
rc:MicrocomputerSoftware,rdfs:subClassOf,owl:Thing
rc:ManufacturedHomeLoan,rdfs:subClassOf,rc:LoanAgreement
rc:ManufacturedHomeLoan,rdfs:subClassOf,owl:Thing
rc:KutchinLanguage,rdfs:subClassOf,rc:AthabascanLanguages
rc:KutchinLanguage,rdfs:subClassOf,owl:Thing
rc:KalangaLanguage,rdfs:subClassOf,rc:OtherNigerCongoLanguages
rc:KalangaLanguage,rdfs:subClassOf,owl:Thing
rc:CSSFramework,rdfs:subClassOf,rc:WebDesign
rc:CSSFramework,rdfs:subClassOf,owl:Thing
rc:ShastanLanguage,rdfs:subClassOf,rc:RecentExtinctLanguages
rc:ShastanLanguage,rdfs:subClassOf,owl:Thing
rc:FaliscanLanguage,rdfs:subClassOf,rc:AncientLanguages
rc:FaliscanLanguage,rdfs:subClassOf,owl:Thing
rc:GraduationCard,rdfs:subClassOf,rc:OccasionCard
rc:GraduationCard,rdfs:subClassOf,owl:Thing
rc:WesternClassicalMusicStyle,rdfs:subClassOf,rc:ClassicalMusic
rc:WesternClassicalMusicStyle,rdfs:subClassOf,owl:Thing
rc:GeographyTerminology,rdfs:subClassOf,rc:TechnicalTerminology
rc:GeographyTerminology,rdfs:subClassOf,owl:Thing
rc:PublishedConceptualWork,rdfs:subClassOf,rc:PublishedMaterial
rc:PublishedConceptualWork,rdfs:subClassOf,owl:Thing
rc:CyberpunkSubgenre,rdfs:subClassOf,rc:MusicTypeByGenre
rc:CyberpunkSubgenre,rdfs:subClassOf,rc:MusicalComposition_Cyberpunk
rc:CyberpunkSubgenre,rdfs:subClassOf,owl:Thing
rc:ManagedFileTransfer,rdfs:subClassOf,rc:FileTransferProtocol
rc:ManagedFileTransfer,rdfs:subClassOf,owl:Thing
rc:SpottedPattern,rdfs:subClassOf,rc:VisualPattern
rc:SpottedPattern,rdfs:subClassOf,owl:Thing
rc:Memorandum,rdfs:subClassOf,rc:TextualMaterial
rc:Memorandum,rdfs:subClassOf,owl:Thing
rc:InstructionalWork,rdfs:subClassOf,rc:Instructions
rc:InstructionalWork,rdfs:subClassOf,rc:ReferenceWork_Written
rc:InstructionalWork,rdfs:subClassOf,owl:Thing
rc:DivorceAgreement,rdfs:subClassOf,rc:Contract
rc:DivorceAgreement,rdfs:subClassOf,owl:Thing
rc:PhysicalTemplate,rdfs:subClassOf,rc:InformationBearingObject
rc:PhysicalTemplate,rdfs:subClassOf,rc:Template
rc:PhysicalTemplate,rdfs:subClassOf,owl:Thing
rc:ShortFilm,rdfs:subClassOf,rc:VideoConceptualWork
rc:ShortFilm,rdfs:subClassOf,owl:Thing
rc:Pseudoforest,rdfs:subClassOf,rc:UndirectedGraph
rc:Pseudoforest,rdfs:subClassOf,owl:Thing
rc:3DFilm,rdfs:subClassOf,rc:Movie
rc:3DFilm,rdfs:subClassOf,rc:PhotographicFilm
rc:3DFilm,rdfs:subClassOf,owl:Thing
rc:EGACard,rdfs:subClassOf,rc:ComputerGraphicsBoard
rc:EGACard,rdfs:subClassOf,owl:Thing
rc:JapaneseDialect,rdfs:subClassOf,rc:JapaneseLanguage
rc:JapaneseDialect,rdfs:subClassOf,rc:LanguageDialect
rc:JapaneseDialect,rdfs:subClassOf,owl:Thing
rc:MixedReality,rdfs:subClassOf,rc:VirtualReality
rc:MixedReality,rdfs:subClassOf,owl:Thing
rc:Pejorative,rdfs:subClassOf,rc:Slang
rc:Pejorative,rdfs:subClassOf,owl:Thing
rc:SignalFilter,rdfs:subClassOf,rc:SignalProcessing
rc:SignalFilter,rdfs:subClassOf,owl:Thing
rc:Packet_Internet,rdfs:subClassOf,rc:Packet_Network
rc:Packet_Internet,rdfs:subClassOf,owl:Thing
rc:PropertyDisclosureSheet,rdfs:subClassOf,rc:FinancialDocument
rc:PropertyDisclosureSheet,rdfs:subClassOf,rc:OfficialDocument
rc:PropertyDisclosureSheet,rdfs:subClassOf,owl:Thing
rc:AnimatedShortFilm,rdfs:subClassOf,rc:AnimatedMovie
rc:AnimatedShortFilm,rdfs:subClassOf,rc:ShortFilm
rc:AnimatedShortFilm,rdfs:subClassOf,owl:Thing
rc:ItaloWesternLanguage,rdfs:subClassOf,rc:RomanceLanguages
rc:ItaloWesternLanguage,rdfs:subClassOf,owl:Thing
rc:ScholarlyArticle,rdfs:subClassOf,rc:ExpositoryArticle
rc:ScholarlyArticle,rdfs:subClassOf,rc:PublishedConceptualWork
rc:ScholarlyArticle,rdfs:subClassOf,owl:Thing
rc:GraphEnumeration,rdfs:subClassOf,rc:GraphTheory
rc:GraphEnumeration,rdfs:subClassOf,owl:Thing
rc:IndustrialMetal,rdfs:subClassOf,rc:IndustrialMusic
rc:IndustrialMetal,rdfs:subClassOf,rc:MusicTypeOpenGenre
rc:IndustrialMetal,rdfs:subClassOf,owl:Thing
rc:CompaqComputer,rdfs:subClassOf,rc:PersonalComputer
rc:CompaqComputer,rdfs:subClassOf,owl:Thing
rc:IrishWordOrPhrase,rdfs:subClassOf,rc:WordOrPhraseByLanguage
rc:IrishWordOrPhrase,rdfs:subClassOf,owl:Thing
rc:MonteCarloParticlePhysicsSoftware,rdfs:subClassOf,rc:ScientificSoftware
rc:MonteCarloParticlePhysicsSoftware,rdfs:subClassOf,owl:Thing
rc:IndustrialMusic,rdfs:subClassOf,rc:ElectronicMusic
rc:IndustrialMusic,rdfs:subClassOf,rc:RockMusic
rc:IndustrialMusic,rdfs:subClassOf,owl:Thing
rc:MusicalComposition_Punk,rdfs:subClassOf,rc:MusicTypeOpenGenre
rc:MusicalComposition_Punk,rdfs:subClassOf,rc:MusicalComposition_Rock
rc:MusicalComposition_Punk,rdfs:subClassOf,owl:Thing
rc:SecurityBadge,rdfs:subClassOf,rc:Badge
rc:SecurityBadge,rdfs:subClassOf,rc:NameTag
rc:SecurityBadge,rdfs:subClassOf,owl:Thing
rc:TarotCard,rdfs:subClassOf,rc:PlayingCard
rc:TarotCard,rdfs:subClassOf,owl:Thing
rc:MakuaLanguage,rdfs:subClassOf,rc:MalayoPolynesianLanguages
rc:MakuaLanguage,rdfs:subClassOf,owl:Thing
rc:Entry,rdfs:subClassOf,rc:Dataset
rc:Entry,rdfs:subClassOf,owl:Thing
rc:MusicalWork,rdfs:subClassOf,rc:Music
rc:MusicalWork,rdfs:subClassOf,owl:Thing
rc:FirstMortgage,rdfs:subClassOf,rc:MortgageAgreement
rc:FirstMortgage,rdfs:subClassOf,owl:Thing
rc:SoundVolumeControlProgram,rdfs:subClassOf,rc:AudioProgram
rc:SoundVolumeControlProgram,rdfs:subClassOf,owl:Thing
rc:MusicalComposition_Electronic,rdfs:subClassOf,rc:MusicalComposition
rc:MusicalComposition_Electronic,rdfs:subClassOf,owl:Thing
rc:PolkaDotPattern,rdfs:subClassOf,rc:SpottedPattern
rc:PolkaDotPattern,rdfs:subClassOf,owl:Thing
rc:DictionaryEntry,rdfs:subClassOf,rc:Dictionary
rc:DictionaryEntry,rdfs:subClassOf,rc:Entry
rc:DictionaryEntry,rdfs:subClassOf,owl:Thing
rc:AstrologySoftware,rdfs:subClassOf,rc:DiversionaryComputerProgram
rc:AstrologySoftware,rdfs:subClassOf,owl:Thing
rc:HuicholLanguage,rdfs:subClassOf,rc:UtoAztecanLanguages
rc:HuicholLanguage,rdfs:subClassOf,owl:Thing
rc:SemiticLanguages,rdfs:subClassOf,rc:AfroAsiaticLanguages
rc:SemiticLanguages,rdfs:subClassOf,owl:Thing
rc:Band_passFilter,rdfs:subClassOf,rc:SignalFilter
rc:Band_passFilter,rdfs:subClassOf,owl:Thing
rc:ComputingInformation,rdfs:subClassOf,kko:StructuredInfo
rc:ComputingInformation,rdfs:subClassOf,owl:Thing
rc:VenusFigurine,rdfs:subClassOf,rc:Figurine
rc:VenusFigurine,rdfs:subClassOf,owl:Thing
rc:CompaqConturaComputer,rdfs:subClassOf,rc:CompaqComputer
rc:CompaqConturaComputer,rdfs:subClassOf,owl:Thing
rc:RajiRauteLanguage,rdfs:subClassOf,rc:SinoTibetanLanguages
rc:RajiRauteLanguage,rdfs:subClassOf,owl:Thing
rc:PekingOpera,rdfs:subClassOf,rc:Opera
rc:PekingOpera,rdfs:subClassOf,owl:Thing
rc:KalapuyanLanguage,rdfs:subClassOf,rc:RecentExtinctLanguages
rc:KalapuyanLanguage,rdfs:subClassOf,owl:Thing
rc:DiscStorageMedium,rdfs:subClassOf,rc:InformationStorageMedia
rc:DiscStorageMedium,rdfs:subClassOf,owl:Thing
rc:UteLanguage,rdfs:subClassOf,rc:UtoAztecanLanguages
rc:UteLanguage,rdfs:subClassOf,owl:Thing
rc:MusicalComposition,rdfs:subClassOf,rc:MusicalWork
rc:MusicalComposition,rdfs:subClassOf,owl:Thing
rc:ForensicsProgram,rdfs:subClassOf,rc:InformationGatheringProgram
rc:ForensicsProgram,rdfs:subClassOf,rc:SecurityProgram
rc:ForensicsProgram,rdfs:subClassOf,owl:Thing
rc:MilitaryArt,rdfs:subClassOf,rc:VisualArtsGenre
rc:MilitaryArt,rdfs:subClassOf,owl:Thing
rc:ParallelArchitecture,rdfs:subClassOf,rc:ComputerArchitecture
rc:ParallelArchitecture,rdfs:subClassOf,owl:Thing
rc:PlaidPattern,rdfs:subClassOf,rc:VisualPattern
rc:PlaidPattern,rdfs:subClassOf,owl:Thing
rc:SoftwareObject,rdfs:subClassOf,rc:ComputingInformation
rc:SoftwareObject,rdfs:subClassOf,owl:Thing
rc:MusicalComposition_Ambient,rdfs:subClassOf,rc:MusicTypeOpenGenre
rc:MusicalComposition_Ambient,rdfs:subClassOf,rc:MusicalComposition_Electronic
rc:MusicalComposition_Ambient,rdfs:subClassOf,owl:Thing
rc:AustronesianLanguages,rdfs:subClassOf,rc:LivingLanguage
rc:AustronesianLanguages,rdfs:subClassOf,owl:Thing
rc:DramaticMovie,rdfs:subClassOf,rc:FilmGenre
rc:DramaticMovie,rdfs:subClassOf,owl:Thing
rc:ComputerDataArtifact_Generic,rdfs:subClassOf,rc:ComputerIBT
rc:ComputerDataArtifact_Generic,rdfs:subClassOf,owl:Thing
rc:JediQuest,rdfs:subClassOf,rc:BookSeries
rc:JediQuest,rdfs:subClassOf,owl:Thing
rc:PhysicalTheatre,rdfs:subClassOf,rc:TheatricalGenre
rc:PhysicalTheatre,rdfs:subClassOf,owl:Thing
rc:DistributedComputingArchitecture,rdfs:subClassOf,rc:ComputerTypeByArchitecture
rc:DistributedComputingArchitecture,rdfs:subClassOf,rc:ParallelArchitecture
rc:DistributedComputingArchitecture,rdfs:subClassOf,owl:Thing
rc:HadiyyaLanguage,rdfs:subClassOf,rc:CushiticLanguages
rc:HadiyyaLanguage,rdfs:subClassOf,owl:Thing
rc:AmharicLanguage,rdfs:subClassOf,rc:SemiticLanguages
rc:AmharicLanguage,rdfs:subClassOf,owl:Thing
rc:Modernismo,rdfs:subClassOf,rc:SpanishLanguage
rc:Modernismo,rdfs:subClassOf,owl:Thing
rc:Pseudogene,rdfs:subClassOf,rc:DeoxyribonucleotideStructureSequence
rc:Pseudogene,rdfs:subClassOf,owl:Thing
rc:3DGraphicsSoftware,rdfs:subClassOf,rc:GraphicsEditingProgram
rc:3DGraphicsSoftware,rdfs:subClassOf,owl:Thing
rc:ShortTermLoan,rdfs:subClassOf,rc:FixedTimeLoan
rc:ShortTermLoan,rdfs:subClassOf,owl:Thing
rc:FormOfCricket,rdfs:subClassOf,rc:Cricket_TheGame
rc:FormOfCricket,rdfs:subClassOf,owl:Thing
rc:Opera,rdfs:subClassOf,rc:ClassicalVocalComposition
rc:Opera,rdfs:subClassOf,rc:MusicalComposition_Opera
rc:Opera,rdfs:subClassOf,rc:OrchestralComposition
rc:Opera,rdfs:subClassOf,owl:Thing
rc:AtomicLineFilter,rdfs:subClassOf,rc:Band_passFilter
rc:AtomicLineFilter,rdfs:subClassOf,owl:Thing
rc:CyberpunkTheme,rdfs:subClassOf,rc:MusicalComposition_Cyberpunk
rc:CyberpunkTheme,rdfs:subClassOf,owl:Thing
rc:SolomonIslandsPidginLanguage,rdfs:subClassOf,rc:PidginLanguage
rc:SolomonIslandsPidginLanguage,rdfs:subClassOf,owl:Thing
rc:DarkAmbient,rdfs:subClassOf,rc:IndustrialMusic
rc:DarkAmbient,rdfs:subClassOf,rc:MusicalComposition_Ambient
rc:DarkAmbient,rdfs:subClassOf,owl:Thing
rc:OldNorseLanguage,rdfs:subClassOf,rc:ClassicMedievalLanguages
rc:OldNorseLanguage,rdfs:subClassOf,owl:Thing
rc:CreditReportDocument,rdfs:subClassOf,rc:FinancialDocument
rc:CreditReportDocument,rdfs:subClassOf,rc:OfficialDocument
rc:CreditReportDocument,rdfs:subClassOf,owl:Thing
rc:Footprint,rdfs:subClassOf,rc:StillImageSource
rc:Footprint,rdfs:subClassOf,owl:Thing
rc:EIDEBusProtocol,rdfs:subClassOf,rc:BusProtocol
rc:EIDEBusProtocol,rdfs:subClassOf,owl:Thing
rc:NorwegianWordOrPhrase,rdfs:subClassOf,rc:WordOrPhraseByLanguage
rc:NorwegianWordOrPhrase,rdfs:subClassOf,owl:Thing
rc:EnglishLexicologyAndLexicography,rdfs:subClassOf,rc:Lexicography
rc:EnglishLexicologyAndLexicography,rdfs:subClassOf,owl:Thing
rc:MovieReel,rdfs:subClassOf,rc:InformationStorageMedia
rc:MovieReel,rdfs:subClassOf,rc:VideoRecordedObject
rc:MovieReel,rdfs:subClassOf,owl:Thing
rc:FigureOfSpeech,rdfs:subClassOf,rc:PragmaticAttribute
rc:FigureOfSpeech,rdfs:subClassOf,owl:Thing
rc:Advertisement_IBT,rdfs:subClassOf,rc:InformationBearingThing
rc:Advertisement_IBT,rdfs:subClassOf,owl:Thing
rc:IndividualHandball,rdfs:subClassOf,rc:SportsGame
rc:IndividualHandball,rdfs:subClassOf,owl:Thing
rc:Fortran,rdfs:subClassOf,rc:AbstractProgrammingLanguage
rc:Fortran,rdfs:subClassOf,owl:Thing
rc:Botnet,rdfs:subClassOf,rc:DistributedComputingArchitecture
rc:Botnet,rdfs:subClassOf,owl:Thing
rc:MorseCode,rdfs:subClassOf,rc:CommunicationConvention
rc:MorseCode,rdfs:subClassOf,owl:Thing
rc:RomanianLanguage,rdfs:subClassOf,rc:RomanceLanguages
rc:RomanianLanguage,rdfs:subClassOf,owl:Thing
rc:StreamBasedProtocol,rdfs:subClassOf,rc:MachineProtocol
rc:StreamBasedProtocol,rdfs:subClassOf,owl:Thing
rc:InterestOnlyLoan,rdfs:subClassOf,rc:BalloonLoan
rc:InterestOnlyLoan,rdfs:subClassOf,owl:Thing
rc:Packet_TCP,rdfs:subClassOf,rc:Packet_Internet
rc:Packet_TCP,rdfs:subClassOf,owl:Thing
rc:SymbolicsDocumentExaminer,rdfs:subClassOf,rc:KnowledgeRepresentationSoftware
rc:SymbolicsDocumentExaminer,rdfs:subClassOf,owl:Thing
rc:PuXianMin,rdfs:subClassOf,rc:FukieneseLanguage
rc:PuXianMin,rdfs:subClassOf,owl:Thing
rc:InformationRequest_IBT,rdfs:subClassOf,rc:InformationBearingThing
rc:InformationRequest_IBT,rdfs:subClassOf,owl:Thing
rc:GraphGrammar,rdfs:subClassOf,rc:FormalGrammar
rc:GraphGrammar,rdfs:subClassOf,owl:Thing
rc:BridgeFinancing,rdfs:subClassOf,rc:Loan_WrittenLegalAgreement
rc:BridgeFinancing,rdfs:subClassOf,rc:ShortTermLoan
rc:BridgeFinancing,rdfs:subClassOf,owl:Thing
rc:Designation,rdfs:subClassOf,kko:Information
rc:Designation,rdfs:subClassOf,owl:Thing
rc:SystemManagementSoftware,rdfs:subClassOf,rc:Software
rc:SystemManagementSoftware,rdfs:subClassOf,owl:Thing
rc:BluRayDisc,rdfs:subClassOf,rc:DiscStorageMedium
rc:BluRayDisc,rdfs:subClassOf,owl:Thing
rc:BeachHandball,rdfs:subClassOf,rc:IndividualHandball
rc:BeachHandball,rdfs:subClassOf,owl:Thing
rc:WithdrawalSlip,rdfs:subClassOf,rc:Form_StandardizedIBO
rc:WithdrawalSlip,rdfs:subClassOf,owl:Thing
rc:IronAgeArt,rdfs:subClassOf,rc:ArtByPeriod
rc:IronAgeArt,rdfs:subClassOf,owl:Thing
rc:HomeMortgage,rdfs:subClassOf,rc:HomeLoan
rc:HomeMortgage,rdfs:subClassOf,rc:MortgageAgreement
rc:HomeMortgage,rdfs:subClassOf,owl:Thing
rc:Title,rdfs:subClassOf,rc:LinguisticObject
rc:Title,rdfs:subClassOf,owl:Thing
rc:AssiniboinLanguage,rdfs:subClassOf,rc:SiouanLanguages
rc:AssiniboinLanguage,rdfs:subClassOf,owl:Thing
rc:InterestOnlyMortgage,rdfs:subClassOf,rc:InterestOnlyLoan
rc:InterestOnlyMortgage,rdfs:subClassOf,rc:MortgageAgreement
rc:InterestOnlyMortgage,rdfs:subClassOf,owl:Thing
rc:DivorceDecreeDocument,rdfs:subClassOf,rc:LegalDocument
rc:DivorceDecreeDocument,rdfs:subClassOf,owl:Thing
rc:Advertisement_Commercial_IBT,rdfs:subClassOf,rc:Advertisement_IBT
rc:Advertisement_Commercial_IBT,rdfs:subClassOf,owl:Thing
rc:MairasiLanguage,rdfs:subClassOf,rc:PapuanLanguageGrouping
rc:MairasiLanguage,rdfs:subClassOf,owl:Thing
rc:Question_IBT,rdfs:subClassOf,rc:InformationRequest_IBT
rc:Question_IBT,rdfs:subClassOf,owl:Thing
rc:SirenSound,rdfs:subClassOf,rc:AlarmSound
rc:SirenSound,rdfs:subClassOf,owl:Thing
rc:JavaVirtualMachine,rdfs:subClassOf,rc:Interpreter_Computers
rc:JavaVirtualMachine,rdfs:subClassOf,owl:Thing
rc:Graffiti,rdfs:subClassOf,rc:HandwrittenDocument
rc:Graffiti,rdfs:subClassOf,rc:WrittenCharacterSequence
rc:Graffiti,rdfs:subClassOf,owl:Thing
rc:ComputerVirus,rdfs:subClassOf,rc:MaliciousComputerProgram
rc:ComputerVirus,rdfs:subClassOf,owl:Thing
rc:CushiticLanguages,rdfs:subClassOf,rc:AfroAsiaticLanguages
rc:CushiticLanguages,rdfs:subClassOf,owl:Thing
rc:DigitalRegister,rdfs:subClassOf,rc:ComputerMemory_Abstract
rc:DigitalRegister,rdfs:subClassOf,owl:Thing
rc:Runestone,rdfs:subClassOf,rc:HardcopyInformationBearingObject
rc:Runestone,rdfs:subClassOf,owl:Thing
rc:MachineCodeInstruction,rdfs:subClassOf,rc:Instructions
rc:MachineCodeInstruction,rdfs:subClassOf,owl:Thing
rc:DiscontinuedJavaVirtualMachine,rdfs:subClassOf,rc:JavaVirtualMachine
rc:DiscontinuedJavaVirtualMachine,rdfs:subClassOf,owl:Thing
rc:TelevisionSeriesByGenre,rdfs:subClassOf,rc:TVSeriesProduct
rc:TelevisionSeriesByGenre,rdfs:subClassOf,rc:VisualArtsGenre
rc:TelevisionSeriesByGenre,rdfs:subClassOf,owl:Thing
rc:ApplicationVirus,rdfs:subClassOf,rc:ComputerVirus
rc:ApplicationVirus,rdfs:subClassOf,owl:Thing
rc:MaithiliLanguage,rdfs:subClassOf,rc:IndicLanguages
rc:MaithiliLanguage,rdfs:subClassOf,owl:Thing
rc:CourtesyTitle,rdfs:subClassOf,rc:Title
rc:CourtesyTitle,rdfs:subClassOf,owl:Thing
rc:UniformResidentialLoanApplication,rdfs:subClassOf,rc:FinancialDocument
rc:UniformResidentialLoanApplication,rdfs:subClassOf,rc:WebPage
rc:UniformResidentialLoanApplication,rdfs:subClassOf,owl:Thing
rc:Primary_RoadClassification,rdfs:subClassOf,rc:RoadClass
rc:Primary_RoadClassification,rdfs:subClassOf,owl:Thing
rc:EducationalReferenceSoftware,rdfs:subClassOf,rc:Software
rc:EducationalReferenceSoftware,rdfs:subClassOf,owl:Thing
rc:HuillicheLanguage,rdfs:subClassOf,rc:TupianLanguages
rc:HuillicheLanguage,rdfs:subClassOf,owl:Thing
rc:Hypothesis,rdfs:subClassOf,rc:AbductiveInferenceProcess
rc:Hypothesis,rdfs:subClassOf,rc:Proposition
rc:Hypothesis,rdfs:subClassOf,owl:Thing
rc:CompaqDeskproComputer,rdfs:subClassOf,rc:CompaqComputer
rc:CompaqDeskproComputer,rdfs:subClassOf,owl:Thing
rc:InternetProtocolAddress,rdfs:subClassOf,rc:InternetProtocol
rc:InternetProtocolAddress,rdfs:subClassOf,owl:Thing
rc:Polarity,rdfs:subClassOf,rc:LinguisticObject
rc:Polarity,rdfs:subClassOf,owl:Thing
rc:ProbabilisticArgument,rdfs:subClassOf,rc:Argument
rc:ProbabilisticArgument,rdfs:subClassOf,rc:ProbabilityTheory
rc:ProbabilisticArgument,rdfs:subClassOf,owl:Thing
rc:Telethon,rdfs:subClassOf,rc:TVShow_Single
rc:Telethon,rdfs:subClassOf,owl:Thing
rc:Serial_MediaProduct,rdfs:subClassOf,rc:MediaSeriesProduct
rc:Serial_MediaProduct,rdfs:subClassOf,owl:Thing
rc:AnimatedTVSeries,rdfs:subClassOf,rc:TelevisionSeriesByGenre
rc:AnimatedTVSeries,rdfs:subClassOf,owl:Thing
rc:ExtremalGraphTheory,rdfs:subClassOf,rc:GraphTheory
rc:ExtremalGraphTheory,rdfs:subClassOf,owl:Thing
rc:DetailPerspective,rdfs:subClassOf,rc:Perspective
rc:DetailPerspective,rdfs:subClassOf,owl:Thing
rc:GermanDialect,rdfs:subClassOf,rc:GermanTopics
rc:GermanDialect,rdfs:subClassOf,rc:LanguageDialect
rc:GermanDialect,rdfs:subClassOf,owl:Thing
rc:ReferenceComputerProgram,rdfs:subClassOf,rc:EducationalComputerProgram
rc:ReferenceComputerProgram,rdfs:subClassOf,owl:Thing
rc:InformationDesignation,rdfs:subClassOf,rc:Designation
rc:InformationDesignation,rdfs:subClassOf,owl:Thing
rc:PlainEnglish,rdfs:subClassOf,rc:EnglishTopics
rc:PlainEnglish,rdfs:subClassOf,owl:Thing
rc:IntegerComputerNumber,rdfs:subClassOf,rc:ProgramObject
rc:IntegerComputerNumber,rdfs:subClassOf,owl:Thing
rc:InternetAge,rdfs:subClassOf,rc:WorldWideWeb_DynamicIndexedInfoSource
rc:InternetAge,rdfs:subClassOf,owl:Thing
rc:License_LegalAgreement,rdfs:subClassOf,rc:Permit
rc:License_LegalAgreement,rdfs:subClassOf,owl:Thing
rc:ChessPiece,rdfs:subClassOf,rc:GameToken
rc:ChessPiece,rdfs:subClassOf,owl:Thing
rc:CheyenneLanguage,rdfs:subClassOf,rc:AlgonquianLanguages
rc:CheyenneLanguage,rdfs:subClassOf,owl:Thing
rc:MilitaryTitle,rdfs:subClassOf,rc:CourtesyTitle
rc:MilitaryTitle,rdfs:subClassOf,owl:Thing
rc:TumtumLanguage,rdfs:subClassOf,rc:OtherLanguages
rc:TumtumLanguage,rdfs:subClassOf,owl:Thing
rc:Timecard,rdfs:subClassOf,rc:Card
rc:Timecard,rdfs:subClassOf,rc:Form_StandardizedIBO
rc:Timecard,rdfs:subClassOf,rc:NonPublishedText
rc:Timecard,rdfs:subClassOf,rc:PersonnelDocumentation
rc:Timecard,rdfs:subClassOf,owl:Thing
rc:ReggaeMusic,rdfs:subClassOf,rc:MusicTypeByGenre
rc:ReggaeMusic,rdfs:subClassOf,owl:Thing
rc:SoftwareCrack,rdfs:subClassOf,rc:CyberVulnerabilityExploit
rc:SoftwareCrack,rdfs:subClassOf,owl:Thing
rc:EndowmentMortgage,rdfs:subClassOf,rc:InterestOnlyMortgage
rc:EndowmentMortgage,rdfs:subClassOf,owl:Thing
rc:CreoleAndPidginLanguages,rdfs:subClassOf,rc:LivingLanguage
rc:CreoleAndPidginLanguages,rdfs:subClassOf,owl:Thing
rc:InternetAndTheEuropeanUnion,rdfs:subClassOf,rc:WorldWideWeb_DynamicIndexedInfoSource
rc:InternetAndTheEuropeanUnion,rdfs:subClassOf,owl:Thing
rc:TraditionalSong,rdfs:subClassOf,rc:Song
rc:TraditionalSong,rdfs:subClassOf,owl:Thing
rc:DictionaryProgram,rdfs:subClassOf,rc:Dictionary
rc:DictionaryProgram,rdfs:subClassOf,rc:EducationalReferenceSoftware
rc:DictionaryProgram,rdfs:subClassOf,rc:ReferenceComputerProgram
rc:DictionaryProgram,rdfs:subClassOf,owl:Thing
rc:CorporateInformationDesignation,rdfs:subClassOf,rc:InformationDesignation
rc:CorporateInformationDesignation,rdfs:subClassOf,owl:Thing
rc:PostScriptInterpreter,rdfs:subClassOf,rc:Interpreter_Computers
rc:PostScriptInterpreter,rdfs:subClassOf,owl:Thing
rc:N_TheLetter,rdfs:subClassOf,rc:LatinScript
rc:N_TheLetter,rdfs:subClassOf,owl:Thing
rc:DailyNewspaper,rdfs:subClassOf,rc:Newspaper
rc:DailyNewspaper,rdfs:subClassOf,owl:Thing
rc:TransportationLicense,rdfs:subClassOf,rc:License_LegalAgreement
rc:TransportationLicense,rdfs:subClassOf,owl:Thing
rc:MusicalComposition_Reggae,rdfs:subClassOf,rc:MusicalComposition
rc:MusicalComposition_Reggae,rdfs:subClassOf,rc:ReggaeMusic
rc:MusicalComposition_Reggae,rdfs:subClassOf,owl:Thing
rc:DigitalRightsManagementCircumventionSoftware,rdfs:subClassOf,rc:SoftwareCrack
rc:DigitalRightsManagementCircumventionSoftware,rdfs:subClassOf,owl:Thing
rc:Bishop_ChessPiece,rdfs:subClassOf,rc:ChessPiece
rc:Bishop_ChessPiece,rdfs:subClassOf,owl:Thing
rc:PidginLanguage,rdfs:subClassOf,rc:CreoleAndPidginLanguages
rc:PidginLanguage,rdfs:subClassOf,owl:Thing
rc:Colonel_Title,rdfs:subClassOf,rc:MilitaryTitle
rc:Colonel_Title,rdfs:subClassOf,owl:Thing
rc:GujaratiLanguage,rdfs:subClassOf,rc:IndicLanguages
rc:GujaratiLanguage,rdfs:subClassOf,owl:Thing
rc:Serialism,rdfs:subClassOf,rc:MusicalComposition
rc:Serialism,rdfs:subClassOf,owl:Thing
rc:Scene_Dramatic,rdfs:subClassOf,rc:DramaticPerformance
rc:Scene_Dramatic,rdfs:subClassOf,owl:Thing
rc:CurrenciesByCountry,rdfs:subClassOf,rc:Currency
rc:CurrenciesByCountry,rdfs:subClassOf,owl:Thing
rc:FormOfEnglish,rdfs:subClassOf,rc:EnglishTopics
rc:FormOfEnglish,rdfs:subClassOf,owl:Thing
rc:RunicWriting,rdfs:subClassOf,rc:Runestone
rc:RunicWriting,rdfs:subClassOf,rc:WritingSystem
rc:RunicWriting,rdfs:subClassOf,owl:Thing
rc:LoungeMusic,rdfs:subClassOf,rc:MusicTypeOpenGenre
rc:LoungeMusic,rdfs:subClassOf,owl:Thing
rc:AgauLanguage,rdfs:subClassOf,rc:CushiticLanguages
rc:AgauLanguage,rdfs:subClassOf,owl:Thing
rc:AnimatedTVShow,rdfs:subClassOf,rc:ConceptualWork_AnimationGenre
rc:AnimatedTVShow,rdfs:subClassOf,rc:TVShow
rc:AnimatedTVShow,rdfs:subClassOf,owl:Thing
rc:TalmudConceptsAndTerminology,rdfs:subClassOf,rc:ReligiousTerm
rc:TalmudConceptsAndTerminology,rdfs:subClassOf,owl:Thing
rc:WaitingList,rdfs:subClassOf,rc:List_Information
rc:WaitingList,rdfs:subClassOf,owl:Thing
rc:SoftLoan,rdfs:subClassOf,rc:LoanAgreement
rc:SoftLoan,rdfs:subClassOf,owl:Thing
rc:SymbolicsMachine,rdfs:subClassOf,rc:ComputerWorkstation
rc:SymbolicsMachine,rdfs:subClassOf,owl:Thing
rc:InformationRecordingProcess,rdfs:subClassOf,rc:InformationProcess
rc:InformationRecordingProcess,rdfs:subClassOf,owl:Thing
rc:WebAnimation,rdfs:subClassOf,rc:WorldWideWeb_DynamicIndexedInfoSource
rc:WebAnimation,rdfs:subClassOf,owl:Thing
rc:IntegerSequence,rdfs:subClassOf,rc:NumberTheory
rc:IntegerSequence,rdfs:subClassOf,owl:Thing
rc:HelmholtzEllisNotation,rdfs:subClassOf,rc:MusicalNotation_General
rc:HelmholtzEllisNotation,rdfs:subClassOf,owl:Thing
rc:AlemannicDialect,rdfs:subClassOf,rc:GermanDialect
rc:AlemannicDialect,rdfs:subClassOf,owl:Thing
rc:GamezProgram,rdfs:subClassOf,rc:ComputerGameProgram
rc:GamezProgram,rdfs:subClassOf,owl:Thing
rc:StandupComedy,rdfs:subClassOf,rc:InformationBearingPerformance
rc:StandupComedy,rdfs:subClassOf,owl:Thing
rc:FortranSoftware,rdfs:subClassOf,rc:Fortran
rc:FortranSoftware,rdfs:subClassOf,owl:Thing
rc:CofanLanguage,rdfs:subClassOf,rc:OtherAmericanLanguages
rc:CofanLanguage,rdfs:subClassOf,owl:Thing
rc:RomanianLanguageSurname,rdfs:subClassOf,rc:HumanSurname
rc:RomanianLanguageSurname,rdfs:subClassOf,owl:Thing
rc:GraphInvariant,rdfs:subClassOf,rc:GraphTheory
rc:GraphInvariant,rdfs:subClassOf,owl:Thing
rc:Folksonomy,rdfs:subClassOf,rc:Taxonomy
rc:Folksonomy,rdfs:subClassOf,owl:Thing
rc:RetentionMortgage,rdfs:subClassOf,rc:MortgageAgreement
rc:RetentionMortgage,rdfs:subClassOf,owl:Thing
rc:DriversLicense_LicenseAgreement,rdfs:subClassOf,rc:TransportationLicense
rc:DriversLicense_LicenseAgreement,rdfs:subClassOf,owl:Thing
rc:MusicalComposition_RhythmAndBlues,rdfs:subClassOf,rc:MusicalComposition
rc:MusicalComposition_RhythmAndBlues,rdfs:subClassOf,owl:Thing
rc:OperaCompetition,rdfs:subClassOf,rc:Opera
rc:OperaCompetition,rdfs:subClassOf,owl:Thing
rc:BasqueBasedPidginsAndCreoles,rdfs:subClassOf,rc:PidginLanguage
rc:BasqueBasedPidginsAndCreoles,rdfs:subClassOf,owl:Thing
rc:MultimediaSoftware,rdfs:subClassOf,rc:AudioProgram
rc:MultimediaSoftware,rdfs:subClassOf,owl:Thing
rc:MemoryBias,rdfs:subClassOf,rc:Memory
rc:MemoryBias,rdfs:subClassOf,owl:Thing
rc:StandUpComedyOnDVD,rdfs:subClassOf,rc:StandupComedy
rc:StandUpComedyOnDVD,rdfs:subClassOf,owl:Thing
rc:RussianWordOrPhrase,rdfs:subClassOf,rc:RussianTopics
rc:RussianWordOrPhrase,rdfs:subClassOf,rc:WordOrPhraseByLanguage
rc:RussianWordOrPhrase,rdfs:subClassOf,owl:Thing
rc:IslamicTerminology,rdfs:subClassOf,rc:ReligiousTerm
rc:IslamicTerminology,rdfs:subClassOf,owl:Thing
rc:BaltoSlavicLanguage,rdfs:subClassOf,rc:IndoEuropeanLanguages
rc:BaltoSlavicLanguage,rdfs:subClassOf,owl:Thing
rc:BembaLanguage,rdfs:subClassOf,rc:BantuLanguages
rc:BembaLanguage,rdfs:subClassOf,owl:Thing
rc:GraphMinorTheory,rdfs:subClassOf,rc:GraphTheory
rc:GraphMinorTheory,rdfs:subClassOf,owl:Thing
rc:ElderFuthark,rdfs:subClassOf,rc:RunicWriting
rc:ElderFuthark,rdfs:subClassOf,owl:Thing
rc:ExpletivePronoun,rdfs:subClassOf,rc:Pronoun
rc:ExpletivePronoun,rdfs:subClassOf,owl:Thing
rc:DriversLicenseClassA,rdfs:subClassOf,rc:DriversLicense_LicenseAgreement
rc:DriversLicenseClassA,rdfs:subClassOf,owl:Thing
rc:OuijaSet,rdfs:subClassOf,rc:VisualInformationBearingThing
rc:OuijaSet,rdfs:subClassOf,owl:Thing
rc:HypothesisTesting,rdfs:subClassOf,rc:Hypothesis
rc:HypothesisTesting,rdfs:subClassOf,owl:Thing
rc:KlingonFictionalLanguage,rdfs:subClassOf,rc:FictionalLanguage
rc:KlingonFictionalLanguage,rdfs:subClassOf,owl:Thing
rc:CentralAlgonquianLanguage,rdfs:subClassOf,rc:AlgonquianLanguages
rc:CentralAlgonquianLanguage,rdfs:subClassOf,owl:Thing
rc:EfikLanguage,rdfs:subClassOf,rc:AtlanticCongoLanguages
rc:EfikLanguage,rdfs:subClassOf,owl:Thing
rc:Russification,rdfs:subClassOf,rc:RussianTopics
rc:Russification,rdfs:subClassOf,owl:Thing
rc:CompaqPresarioComputer,rdfs:subClassOf,rc:CompaqComputer
rc:CompaqPresarioComputer,rdfs:subClassOf,owl:Thing
rc:DetailedStudy,rdfs:subClassOf,rc:WrittenReportOnSituation
rc:DetailedStudy,rdfs:subClassOf,owl:Thing
rc:SoupRecipe,rdfs:subClassOf,rc:Recipe
rc:SoupRecipe,rdfs:subClassOf,owl:Thing
rc:OnTheSpotLoan,rdfs:subClassOf,rc:LineOfCredit
rc:OnTheSpotLoan,rdfs:subClassOf,owl:Thing
rc:JumboLoan,rdfs:subClassOf,rc:LoanAgreement
rc:JumboLoan,rdfs:subClassOf,owl:Thing
rc:EnglishOnlyMovementInTheUnitedStates,rdfs:subClassOf,rc:AmericanEnglishDialect
rc:EnglishOnlyMovementInTheUnitedStates,rdfs:subClassOf,owl:Thing
rc:VisualImageRecording,rdfs:subClassOf,rc:InformationRecordingProcess
rc:VisualImageRecording,rdfs:subClassOf,owl:Thing
rc:PhotographicFilm,rdfs:subClassOf,rc:InformationStorageMedia
rc:PhotographicFilm,rdfs:subClassOf,owl:Thing
rc:MishmiLanguage,rdfs:subClassOf,rc:SinoTibetanLanguages
rc:MishmiLanguage,rdfs:subClassOf,owl:Thing
rc:MotorhomeCamperRVAndTravelTrailerLoan,rdfs:subClassOf,rc:LoanAgreement
rc:MotorhomeCamperRVAndTravelTrailerLoan,rdfs:subClassOf,owl:Thing
rc:CurrenciesWithMultipleBanknoteIssuers,rdfs:subClassOf,rc:Currency
rc:CurrenciesWithMultipleBanknoteIssuers,rdfs:subClassOf,owl:Thing
rc:NewarLanguage,rdfs:subClassOf,rc:SinoTibetanLanguages
rc:NewarLanguage,rdfs:subClassOf,owl:Thing
rc:IboLanguage,rdfs:subClassOf,rc:AtlanticCongoLanguages
rc:IboLanguage,rdfs:subClassOf,owl:Thing
rc:ContactPage,rdfs:subClassOf,rc:WebPage
rc:ContactPage,rdfs:subClassOf,owl:Thing
rc:PlainTalk,rdfs:subClassOf,rc:AppleComputerProgram
rc:PlainTalk,rdfs:subClassOf,rc:LinguisticQuantity
rc:PlainTalk,rdfs:subClassOf,owl:Thing
rc:Microfilm,rdfs:subClassOf,rc:PhotographicFilm
rc:Microfilm,rdfs:subClassOf,owl:Thing
rc:ItemPage,rdfs:subClassOf,rc:WebPage
rc:ItemPage,rdfs:subClassOf,owl:Thing
rc:ProbabilisticInequality,rdfs:subClassOf,rc:ProbabilityTheory
rc:ProbabilisticInequality,rdfs:subClassOf,owl:Thing
rc:Scrapbook,rdfs:subClassOf,rc:BookCopy
rc:Scrapbook,rdfs:subClassOf,owl:Thing
rc:IntegrableSystem,rdfs:subClassOf,rc:QuantumFieldTheory
rc:IntegrableSystem,rdfs:subClassOf,owl:Thing
rc:KordofanianLanguage,rdfs:subClassOf,rc:OtherNigerCongoLanguages
rc:KordofanianLanguage,rdfs:subClassOf,owl:Thing
rc:ChhattisgarhiLanguage,rdfs:subClassOf,rc:IndicLanguages
rc:ChhattisgarhiLanguage,rdfs:subClassOf,owl:Thing
rc:Timeline,rdfs:subClassOf,rc:Graph
rc:Timeline,rdfs:subClassOf,owl:Thing
rc:TerritorialSymbolOfNunavut,rdfs:subClassOf,rc:GeopoliticalSymbol
rc:TerritorialSymbolOfNunavut,rdfs:subClassOf,owl:Thing
rc:FilmingAVisualImage,rdfs:subClassOf,rc:VisualImageRecording
rc:FilmingAVisualImage,rdfs:subClassOf,owl:Thing
rc:FormOfGolf,rdfs:subClassOf,rc:Golf
rc:FormOfGolf,rdfs:subClassOf,owl:Thing
rc:MedicalPhotographyAndIllustration,rdfs:subClassOf,rc:MedicalImaging
rc:MedicalPhotographyAndIllustration,rdfs:subClassOf,owl:Thing
rc:Radiography,rdfs:subClassOf,rc:MedicalImaging
rc:Radiography,rdfs:subClassOf,owl:Thing
rc:GujaratiLanguageSurname,rdfs:subClassOf,rc:HumanSurname
rc:GujaratiLanguageSurname,rdfs:subClassOf,owl:Thing
rc:Scene_film,rdfs:subClassOf,rc:Scene_Dramatic
rc:Scene_film,rdfs:subClassOf,owl:Thing
rc:LunarCalendar,rdfs:subClassOf,rc:CalendarSystem
rc:LunarCalendar,rdfs:subClassOf,owl:Thing
rc:OldPersianLanguage,rdfs:subClassOf,rc:ClassicMedievalLanguages
rc:OldPersianLanguage,rdfs:subClassOf,owl:Thing
rc:SecurityDocument,rdfs:subClassOf,rc:OfficialDocument
rc:SecurityDocument,rdfs:subClassOf,owl:Thing
rc:RomanianLanguageVarietyOrStyle,rdfs:subClassOf,rc:RomanianLanguage
rc:RomanianLanguageVarietyOrStyle,rdfs:subClassOf,owl:Thing
rc:WebArchivingInitiative,rdfs:subClassOf,rc:WorldWideWeb_DynamicIndexedInfoSource
rc:WebArchivingInitiative,rdfs:subClassOf,owl:Thing
rc:PanSlavicLanguage,rdfs:subClassOf,rc:SlavicLanguages
rc:PanSlavicLanguage,rdfs:subClassOf,owl:Thing
rc:IgboName,rdfs:subClassOf,rc:NameConventionsByLanguage
rc:IgboName,rdfs:subClassOf,owl:Thing
rc:PhotoAlbum,rdfs:subClassOf,rc:Scrapbook
rc:PhotoAlbum,rdfs:subClassOf,owl:Thing
rc:Cyc,rdfs:subClassOf,rc:KnowledgeBase
rc:Cyc,rdfs:subClassOf,owl:Thing
rc:OperaExcerpt,rdfs:subClassOf,rc:Opera
rc:OperaExcerpt,rdfs:subClassOf,owl:Thing
rc:ComputerPatchProgram,rdfs:subClassOf,rc:UtilityProgram
rc:ComputerPatchProgram,rdfs:subClassOf,owl:Thing
rc:SymbolismArts,rdfs:subClassOf,rc:VisualArtsGenre
rc:SymbolismArts,rdfs:subClassOf,owl:Thing
rc:AnimationCelAsArtForm,rdfs:subClassOf,rc:ArtObject
rc:AnimationCelAsArtForm,rdfs:subClassOf,owl:Thing
rc:GreekGrammar,rdfs:subClassOf,rc:LanguageGrammars
rc:GreekGrammar,rdfs:subClassOf,owl:Thing
rc:IranianLanguages,rdfs:subClassOf,rc:IndoEuropeanLanguages
rc:IranianLanguages,rdfs:subClassOf,owl:Thing
rc:NabataeanLanguage,rdfs:subClassOf,rc:AncientLanguages
rc:NabataeanLanguage,rdfs:subClassOf,owl:Thing
rc:Xbox360,rdfs:subClassOf,rc:XBox
rc:Xbox360,rdfs:subClassOf,owl:Thing
rc:MicrosoftComputerProgram,rdfs:subClassOf,rc:ComputerProgramByVendor
rc:MicrosoftComputerProgram,rdfs:subClassOf,owl:Thing
rc:VepsLanguage,rdfs:subClassOf,rc:UralicLanguages
rc:VepsLanguage,rdfs:subClassOf,owl:Thing
rc:ChadicLanguages,rdfs:subClassOf,rc:AfroAsiaticLanguages
rc:ChadicLanguages,rdfs:subClassOf,owl:Thing
rc:TalodiLanguage,rdfs:subClassOf,rc:NiloSaharanLanguages
rc:TalodiLanguage,rdfs:subClassOf,owl:Thing
rc:JumboMortgage,rdfs:subClassOf,rc:JumboLoan
rc:JumboMortgage,rdfs:subClassOf,owl:Thing
rc:NewariLanguage,rdfs:subClassOf,rc:SinoTibetanLanguages
rc:NewariLanguage,rdfs:subClassOf,owl:Thing
rc:HalloweenTelevisionEpisode,rdfs:subClassOf,rc:TelevisionEpisode
rc:HalloweenTelevisionEpisode,rdfs:subClassOf,owl:Thing
rc:MSOperatingSystem,rdfs:subClassOf,rc:MicrosoftComputerProgram
rc:MSOperatingSystem,rdfs:subClassOf,rc:OperatingSystem
rc:MSOperatingSystem,rdfs:subClassOf,owl:Thing
rc:ControlledEnglish,rdfs:subClassOf,rc:ConstructedHumanLanguage
rc:ControlledEnglish,rdfs:subClassOf,owl:Thing
rc:VictoriaCross,rdfs:subClassOf,rc:MilitaryAwardOrDecoration
rc:VictoriaCross,rdfs:subClassOf,owl:Thing
rc:MixtecoLanguage,rdfs:subClassOf,rc:OtomangueanLanguages
rc:MixtecoLanguage,rdfs:subClassOf,owl:Thing
rc:BislamaLanguage,rdfs:subClassOf,rc:CreoleAndPidginLanguages
rc:BislamaLanguage,rdfs:subClassOf,owl:Thing
rc:AngasLanguage,rdfs:subClassOf,rc:ChadicLanguages
rc:AngasLanguage,rdfs:subClassOf,owl:Thing
rc:HangOutLoan,rdfs:subClassOf,rc:LoanAgreement
rc:HangOutLoan,rdfs:subClassOf,owl:Thing
rc:Tartan,rdfs:subClassOf,rc:PlaidPattern
rc:Tartan,rdfs:subClassOf,owl:Thing
rc:ComputerDataStorageManagementSystem,rdfs:subClassOf,rc:Software
rc:ComputerDataStorageManagementSystem,rdfs:subClassOf,owl:Thing
rc:GraphOperation,rdfs:subClassOf,rc:GraphTheory
rc:GraphOperation,rdfs:subClassOf,owl:Thing
rc:SlovakLanguage,rdfs:subClassOf,rc:SlavicLanguages
rc:SlovakLanguage,rdfs:subClassOf,owl:Thing
rc:MSWindowsOperatingSystem,rdfs:subClassOf,rc:MSOperatingSystem
rc:MSWindowsOperatingSystem,rdfs:subClassOf,owl:Thing
rc:MixtecLanguage,rdfs:subClassOf,rc:MixtecoLanguage
rc:MixtecLanguage,rdfs:subClassOf,owl:Thing
rc:PokerGameplayAndTerminology,rdfs:subClassOf,rc:SportsTerminology
rc:PokerGameplayAndTerminology,rdfs:subClassOf,owl:Thing
rc:Rale,rdfs:subClassOf,rc:AudibleMedicalSign
rc:Rale,rdfs:subClassOf,owl:Thing
rc:IgboWordOrPhrase,rdfs:subClassOf,rc:WordOrPhraseByLanguage
rc:IgboWordOrPhrase,rdfs:subClassOf,owl:Thing
rc:DisruptiveColoration,rdfs:subClassOf,rc:CamouflagePattern
rc:DisruptiveColoration,rdfs:subClassOf,owl:Thing
rc:BaluchiLanguage,rdfs:subClassOf,rc:IranianLanguages
rc:BaluchiLanguage,rdfs:subClassOf,owl:Thing
rc:PlainsAlgonquianLanguage,rdfs:subClassOf,rc:AlgonquianLanguages
rc:PlainsAlgonquianLanguage,rdfs:subClassOf,owl:Thing
rc:Filmmaking,rdfs:subClassOf,rc:MovingImage
rc:Filmmaking,rdfs:subClassOf,owl:Thing
rc:GospelMusic,rdfs:subClassOf,rc:MusicTypeByGenre
rc:GospelMusic,rdfs:subClassOf,owl:Thing
rc:TopographicMap,rdfs:subClassOf,rc:Map
rc:TopographicMap,rdfs:subClassOf,owl:Thing
rc:DriversLicenseClassB,rdfs:subClassOf,rc:DriversLicense_LicenseAgreement
rc:DriversLicenseClassB,rdfs:subClassOf,owl:Thing
rc:LongAndShortScale,rdfs:subClassOf,rc:NumeralSystem
rc:LongAndShortScale,rdfs:subClassOf,owl:Thing
rc:SouthernMin,rdfs:subClassOf,rc:FukieneseLanguage
rc:SouthernMin,rdfs:subClassOf,owl:Thing
rc:F_TheLetter,rdfs:subClassOf,rc:LatinScript
rc:F_TheLetter,rdfs:subClassOf,owl:Thing
rc:NobiinLanguage,rdfs:subClassOf,rc:CushiticLanguages
rc:NobiinLanguage,rdfs:subClassOf,owl:Thing
rc:CommercialWebSite,rdfs:subClassOf,rc:WebSite
rc:CommercialWebSite,rdfs:subClassOf,owl:Thing
rc:DiscontinuedVersionsOfMicrosoftWindows,rdfs:subClassOf,rc:MSWindowsOperatingSystem
rc:DiscontinuedVersionsOfMicrosoftWindows,rdfs:subClassOf,owl:Thing
rc:TeletypeFormat,rdfs:subClassOf,rc:TypographicalStructure
rc:TeletypeFormat,rdfs:subClassOf,owl:Thing
rc:StatisticalFieldTheory,rdfs:subClassOf,rc:QuantumFieldTheory
rc:StatisticalFieldTheory,rdfs:subClassOf,owl:Thing
rc:VictoriaCrossForAustralia,rdfs:subClassOf,rc:MilitaryAwardOrDecoration
rc:VictoriaCrossForAustralia,rdfs:subClassOf,owl:Thing
rc:UtilitiesForLinux,rdfs:subClassOf,rc:UtilityProgram
rc:UtilitiesForLinux,rdfs:subClassOf,owl:Thing
rc:FunctionalDataStructure,rdfs:subClassOf,rc:ComputerDataStructure
rc:FunctionalDataStructure,rdfs:subClassOf,owl:Thing
rc:PackingSlip,rdfs:subClassOf,rc:OfficialDocument
rc:PackingSlip,rdfs:subClassOf,owl:Thing
rc:HeavyMetalSubgenre,rdfs:subClassOf,rc:HeavyMetalMusic
rc:HeavyMetalSubgenre,rdfs:subClassOf,rc:MusicTypeOpenGenre
rc:HeavyMetalSubgenre,rdfs:subClassOf,owl:Thing
rc:Vatteluttu,rdfs:subClassOf,rc:TamilWriting
rc:Vatteluttu,rdfs:subClassOf,owl:Thing
rc:ElectronicsTerminology,rdfs:subClassOf,rc:TechnicalTerminology
rc:ElectronicsTerminology,rdfs:subClassOf,owl:Thing
rc:NabataeanWriting,rdfs:subClassOf,rc:WritingSystem
rc:NabataeanWriting,rdfs:subClassOf,owl:Thing
rc:RoadSign,rdfs:subClassOf,rc:SignTheDisplay
rc:RoadSign,rdfs:subClassOf,owl:Thing
rc:MastersTournament,rdfs:subClassOf,rc:GolfTournament
rc:MastersTournament,rdfs:subClassOf,owl:Thing
rc:AnimationEducation,rdfs:subClassOf,rc:Animation_MovingImage
rc:AnimationEducation,rdfs:subClassOf,owl:Thing
rc:InternetArt,rdfs:subClassOf,rc:DigitalArtObject
rc:InternetArt,rdfs:subClassOf,owl:Thing
rc:HaryanviLanguage,rdfs:subClassOf,rc:IndicLanguages
rc:HaryanviLanguage,rdfs:subClassOf,owl:Thing
rc:MusicalComposition_GangstaRap,rdfs:subClassOf,rc:MusicalComposition_Rap
rc:MusicalComposition_GangstaRap,rdfs:subClassOf,owl:Thing
rc:WitnessProtection,rdfs:subClassOf,rc:Testifying
rc:WitnessProtection,rdfs:subClassOf,owl:Thing
rc:DermatologicTerminology,rdfs:subClassOf,rc:MedicalTerminology
rc:DermatologicTerminology,rdfs:subClassOf,owl:Thing
rc:TerritorialSymbolOfYukon,rdfs:subClassOf,rc:GeopoliticalSymbol
rc:TerritorialSymbolOfYukon,rdfs:subClassOf,owl:Thing
rc:SexMuseum,rdfs:subClassOf,rc:Erotica
rc:SexMuseum,rdfs:subClassOf,owl:Thing
rc:ReticleDie,rdfs:subClassOf,rc:InformationBearingObject
rc:ReticleDie,rdfs:subClassOf,rc:Template
rc:ReticleDie,rdfs:subClassOf,owl:Thing
rc:TaxFormIBO,rdfs:subClassOf,rc:Form_StandardizedIBO
rc:TaxFormIBO,rdfs:subClassOf,rc:GovernmentDocument
rc:TaxFormIBO,rdfs:subClassOf,owl:Thing
rc:MusicalComposition_Gospel,rdfs:subClassOf,rc:MusicalComposition_Religious
rc:MusicalComposition_Gospel,rdfs:subClassOf,owl:Thing
rc:MysteryMovie,rdfs:subClassOf,rc:FilmGenre
rc:MysteryMovie,rdfs:subClassOf,owl:Thing
rc:MusicalComposition_RockAndRoll,rdfs:subClassOf,rc:MusicTypeOpenGenre
rc:MusicalComposition_RockAndRoll,rdfs:subClassOf,rc:MusicalComposition_Rock
rc:MusicalComposition_RockAndRoll,rdfs:subClassOf,owl:Thing
rc:Puppet,rdfs:subClassOf,rc:Model_Artifact
rc:Puppet,rdfs:subClassOf,owl:Thing
rc:UtilitiesForOSX,rdfs:subClassOf,rc:UtilityProgram
rc:UtilitiesForOSX,rdfs:subClassOf,owl:Thing
rc:OperaGenre,rdfs:subClassOf,rc:Opera
rc:OperaGenre,rdfs:subClassOf,rc:TheatricalGenre
rc:OperaGenre,rdfs:subClassOf,owl:Thing
rc:ModernistTheatre,rdfs:subClassOf,rc:TheatricalGenre
rc:ModernistTheatre,rdfs:subClassOf,owl:Thing
rc:CycL,rdfs:subClassOf,rc:AbstractProgrammingLanguage
rc:CycL,rdfs:subClassOf,owl:Thing
rc:ProfilePage,rdfs:subClassOf,rc:WebPage
rc:ProfilePage,rdfs:subClassOf,owl:Thing
rc:TimelineOfHeavyMetal,rdfs:subClassOf,rc:Timeline
rc:TimelineOfHeavyMetal,rdfs:subClassOf,owl:Thing
rc:Notebook,rdfs:subClassOf,rc:Paper_IBO
rc:Notebook,rdfs:subClassOf,owl:Thing
rc:UninstallationProgram,rdfs:subClassOf,rc:FileDeletingProgram
rc:UninstallationProgram,rdfs:subClassOf,owl:Thing
rc:XboxConsole,rdfs:subClassOf,rc:XBox
rc:XboxConsole,rdfs:subClassOf,owl:Thing
rc:OldPersianWriting,rdfs:subClassOf,rc:WritingSystem
rc:OldPersianWriting,rdfs:subClassOf,owl:Thing
rc:GhanaTogoMountainLanguage,rdfs:subClassOf,rc:OtherNigerCongoLanguages
rc:GhanaTogoMountainLanguage,rdfs:subClassOf,owl:Thing
rc:SamiLanguage,rdfs:subClassOf,rc:UralicLanguages
rc:SamiLanguage,rdfs:subClassOf,owl:Thing
rc:CurrencyConverterProgram,rdfs:subClassOf,rc:CalculatorProgram
rc:CurrencyConverterProgram,rdfs:subClassOf,owl:Thing
rc:AspectsOfMusic,rdfs:subClassOf,rc:Music
rc:AspectsOfMusic,rdfs:subClassOf,owl:Thing
rc:PrehistoricArt,rdfs:subClassOf,rc:ArtByPeriod
rc:PrehistoricArt,rdfs:subClassOf,owl:Thing
rc:ServiceProgram,rdfs:subClassOf,rc:ApplicationProgram
rc:ServiceProgram,rdfs:subClassOf,owl:Thing
rc:BlueBook_Examination,rdfs:subClassOf,rc:Notebook
rc:BlueBook_Examination,rdfs:subClassOf,owl:Thing
rc:ProbabilisticSoftware,rdfs:subClassOf,rc:ScientificSoftware
rc:ProbabilisticSoftware,rdfs:subClassOf,owl:Thing
rc:SlovakLanguageSurname,rdfs:subClassOf,rc:HumanSurname
rc:SlovakLanguageSurname,rdfs:subClassOf,owl:Thing
rc:StreamingSoftware,rdfs:subClassOf,rc:SoftwareObject
rc:StreamingSoftware,rdfs:subClassOf,owl:Thing
rc:AlgonquianEthnonym,rdfs:subClassOf,rc:LanguageSpecificTopics
rc:AlgonquianEthnonym,rdfs:subClassOf,owl:Thing
rc:GujaratiWriting,rdfs:subClassOf,rc:WritingSystem
rc:GujaratiWriting,rdfs:subClassOf,owl:Thing
rc:HashTable_DataStructure,rdfs:subClassOf,rc:IndexDataStructure
rc:HashTable_DataStructure,rdfs:subClassOf,rc:StructuredKnowledgeSource
rc:HashTable_DataStructure,rdfs:subClassOf,owl:Thing
rc:ProfitAndLossStatement,rdfs:subClassOf,rc:AnnualDocument
rc:ProfitAndLossStatement,rdfs:subClassOf,rc:FinancialDocument
rc:ProfitAndLossStatement,rdfs:subClassOf,owl:Thing
rc:PokerStrategy,rdfs:subClassOf,rc:GameTheory
rc:PokerStrategy,rdfs:subClassOf,owl:Thing
rc:MemoryDisorder,rdfs:subClassOf,rc:Memory
rc:MemoryDisorder,rdfs:subClassOf,owl:Thing
rc:Filmography,rdfs:subClassOf,rc:MovingImage
rc:Filmography,rdfs:subClassOf,owl:Thing
rc:MysteryTVShow,rdfs:subClassOf,rc:NarrativeTVShow
rc:MysteryTVShow,rdfs:subClassOf,owl:Thing
rc:Halo_Symbolic,rdfs:subClassOf,rc:ReligiousSymbol
rc:Halo_Symbolic,rdfs:subClassOf,owl:Thing
rc:DriversLicenseClassC,rdfs:subClassOf,rc:DriversLicense_LicenseAgreement
rc:DriversLicenseClassC,rdfs:subClassOf,owl:Thing
rc:GospelMusicGenre,rdfs:subClassOf,rc:GospelMusic
rc:GospelMusicGenre,rdfs:subClassOf,rc:MusicalComposition_Gospel
rc:GospelMusicGenre,rdfs:subClassOf,owl:Thing
rc:OldPrussianLanguage,rdfs:subClassOf,rc:RecentExtinctLanguages
rc:OldPrussianLanguage,rdfs:subClassOf,owl:Thing
rc:Encrypted,rdfs:subClassOf,rc:ComputingInformation
rc:Encrypted,rdfs:subClassOf,owl:Thing
rc:EvolutionaryBiologyTerminology,rdfs:subClassOf,rc:BiologyTerminology
rc:EvolutionaryBiologyTerminology,rdfs:subClassOf,owl:Thing
rc:TeberanLanguage,rdfs:subClassOf,rc:PapuanLanguageGrouping
rc:TeberanLanguage,rdfs:subClassOf,owl:Thing
rc:XboxDevelopment,rdfs:subClassOf,rc:XBox
rc:XboxDevelopment,rdfs:subClassOf,owl:Thing
rc:LanguageComparisons,rdfs:subClassOf,rc:NaturalLanguage
rc:LanguageComparisons,rdfs:subClassOf,owl:Thing
rc:Commercial_IBT,rdfs:subClassOf,rc:Advertisement_Commercial_IBT
rc:Commercial_IBT,rdfs:subClassOf,owl:Thing
rc:TaxReturn,rdfs:subClassOf,rc:TaxFormIBO
rc:TaxReturn,rdfs:subClassOf,owl:Thing
rc:DriversLicenseNumber,rdfs:subClassOf,rc:UniqueID
rc:DriversLicenseNumber,rdfs:subClassOf,owl:Thing
rc:SecureCommunication,rdfs:subClassOf,rc:Encrypted
rc:SecureCommunication,rdfs:subClassOf,owl:Thing
rc:EtruscanLanguage,rdfs:subClassOf,rc:LanguageIsolate
rc:EtruscanLanguage,rdfs:subClassOf,owl:Thing
rc:VictoriaCross_Canada,rdfs:subClassOf,rc:MilitaryAwardOrDecoration
rc:VictoriaCross_Canada,rdfs:subClassOf,owl:Thing
rc:ComparisonOfGermanicLanguagesAndDialects,rdfs:subClassOf,rc:LanguageComparisons
rc:ComparisonOfGermanicLanguagesAndDialects,rdfs:subClassOf,owl:Thing
rc:FileSystemManagementProgram,rdfs:subClassOf,rc:AdministrationProgram
rc:FileSystemManagementProgram,rdfs:subClassOf,owl:Thing
rc:FutureContract_Commodity,rdfs:subClassOf,rc:DerivativeSecurity
rc:FutureContract_Commodity,rdfs:subClassOf,owl:Thing
rc:PhysiciansDeskReference_TheReferenceWork,rdfs:subClassOf,rc:ReferenceWork
rc:PhysiciansDeskReference_TheReferenceWork,rdfs:subClassOf,owl:Thing
rc:BasqueDialect,rdfs:subClassOf,rc:LanguageDialect
rc:BasqueDialect,rdfs:subClassOf,owl:Thing
rc:Diptych,rdfs:subClassOf,rc:Polyptych
rc:Diptych,rdfs:subClassOf,owl:Thing
rc:FilmsUsingStopMotionAnimation,rdfs:subClassOf,rc:MovingImage
rc:FilmsUsingStopMotionAnimation,rdfs:subClassOf,owl:Thing
rc:ScheduleDocument,rdfs:subClassOf,rc:Document
rc:ScheduleDocument,rdfs:subClassOf,rc:StructuredInformationSource
rc:ScheduleDocument,rdfs:subClassOf,owl:Thing
rc:BackEndUtilityProgram,rdfs:subClassOf,rc:ServiceProgram
rc:BackEndUtilityProgram,rdfs:subClassOf,owl:Thing
rc:AnonymityNetwork,rdfs:subClassOf,rc:SecureCommunication
rc:AnonymityNetwork,rdfs:subClassOf,owl:Thing
rc:MusicalComposition_Rockabilly,rdfs:subClassOf,rc:MusicTypeOpenGenre
rc:MusicalComposition_Rockabilly,rdfs:subClassOf,rc:MusicalComposition_Rock
rc:MusicalComposition_Rockabilly,rdfs:subClassOf,owl:Thing
rc:EnglishPhonology,rdfs:subClassOf,rc:EnglishTopics
rc:EnglishPhonology,rdfs:subClassOf,owl:Thing
rc:InternationalAuxiliaryLanguage,rdfs:subClassOf,rc:ConstructedHumanLanguage
rc:InternationalAuxiliaryLanguage,rdfs:subClassOf,owl:Thing
rc:BannerAdvertisementOnWebPage,rdfs:subClassOf,rc:Advertisement_IBT
rc:BannerAdvertisementOnWebPage,rdfs:subClassOf,owl:Thing
rc:FederalTaxReturn,rdfs:subClassOf,rc:TaxReturn
rc:FederalTaxReturn,rdfs:subClassOf,owl:Thing
rc:OperaPerformance,rdfs:subClassOf,rc:ClassicalMusicalPerformance
rc:OperaPerformance,rdfs:subClassOf,rc:DramaticPerformance
rc:OperaPerformance,rdfs:subClassOf,owl:Thing
rc:FileCreatingProgram,rdfs:subClassOf,rc:FileSystemManagementProgram
rc:FileCreatingProgram,rdfs:subClassOf,owl:Thing
rc:TimesRoman,rdfs:subClassOf,rc:CharacterSet
rc:TimesRoman,rdfs:subClassOf,owl:Thing
rc:KalenjinLanguage,rdfs:subClassOf,rc:NiloSaharanLanguages
rc:KalenjinLanguage,rdfs:subClassOf,owl:Thing
rc:ErgodicTheory,rdfs:subClassOf,rc:ProbabilityTheory
rc:ErgodicTheory,rdfs:subClassOf,owl:Thing
rc:WorldWideWebHomePage,rdfs:subClassOf,rc:WorldWideWebPage_PCW
rc:WorldWideWebHomePage,rdfs:subClassOf,owl:Thing
rc:UtilitiesForWindows,rdfs:subClassOf,rc:UtilityProgram
rc:UtilitiesForWindows,rdfs:subClassOf,owl:Thing
rc:EtruscanLetter,rdfs:subClassOf,rc:WritingSymbolCharacter
rc:EtruscanLetter,rdfs:subClassOf,owl:Thing
rc:CountNoun,rdfs:subClassOf,rc:CommonNoun
rc:CountNoun,rdfs:subClassOf,owl:Thing
rc:CompoundFamilyName,rdfs:subClassOf,rc:HumanSurname
rc:CompoundFamilyName,rdfs:subClassOf,owl:Thing
rc:ArchaeologicalTerminology,rdfs:subClassOf,rc:TechnicalTerminology
rc:ArchaeologicalTerminology,rdfs:subClassOf,owl:Thing
rc:Polyptych,rdfs:subClassOf,rc:Painting_ArtForm
rc:Polyptych,rdfs:subClassOf,owl:Thing
rc:GrowthChart,rdfs:subClassOf,rc:Graph
rc:GrowthChart,rdfs:subClassOf,rc:InformationBearingObject
rc:GrowthChart,rdfs:subClassOf,owl:Thing
rc:Inode,rdfs:subClassOf,rc:FileIndexNode
rc:Inode,rdfs:subClassOf,owl:Thing
rc:Esperanto,rdfs:subClassOf,rc:InternationalAuxiliaryLanguage
rc:Esperanto,rdfs:subClassOf,owl:Thing
rc:Postage,rdfs:subClassOf,rc:TenderObject
rc:Postage,rdfs:subClassOf,owl:Thing
rc:FileWritingProgram,rdfs:subClassOf,rc:FileCreatingProgram
rc:FileWritingProgram,rdfs:subClassOf,owl:Thing
rc:ZipCode,rdfs:subClassOf,rc:NumericString
rc:ZipCode,rdfs:subClassOf,rc:PostalCode
rc:ZipCode,rdfs:subClassOf,owl:Thing
rc:RenaissanceArt,rdfs:subClassOf,rc:ArtByPeriod
rc:RenaissanceArt,rdfs:subClassOf,rc:ArtStyle
rc:RenaissanceArt,rdfs:subClassOf,owl:Thing
rc:ThaiLanguage,rdfs:subClassOf,rc:SinoTibetanLanguages
rc:ThaiLanguage,rdfs:subClassOf,owl:Thing
rc:HomePage_Personal,rdfs:subClassOf,rc:WorldWideWebHomePage
rc:HomePage_Personal,rdfs:subClassOf,owl:Thing
rc:CreeLanguage,rdfs:subClassOf,rc:AlgonquianLanguages
rc:CreeLanguage,rdfs:subClassOf,owl:Thing
rc:OrganizationalChart,rdfs:subClassOf,rc:IndexedInformationSource
rc:OrganizationalChart,rdfs:subClassOf,owl:Thing
rc:FinnishWordOrPhrase,rdfs:subClassOf,rc:WordOrPhraseByLanguage
rc:FinnishWordOrPhrase,rdfs:subClassOf,owl:Thing
rc:AddressResolutionProtocol,rdfs:subClassOf,rc:MachineProtocol
rc:AddressResolutionProtocol,rdfs:subClassOf,owl:Thing
rc:AuthenticationProgram,rdfs:subClassOf,rc:SecurityProgram
rc:AuthenticationProgram,rdfs:subClassOf,owl:Thing
rc:ReferenceManagementSoftware,rdfs:subClassOf,rc:EducationalComputerProgram
rc:ReferenceManagementSoftware,rdfs:subClassOf,rc:ScientificSoftware
rc:ReferenceManagementSoftware,rdfs:subClassOf,owl:Thing
rc:MusicalComposition_Salsa,rdfs:subClassOf,rc:MusicTypeOpenGenre
rc:MusicalComposition_Salsa,rdfs:subClassOf,rc:MusicalComposition
rc:MusicalComposition_Salsa,rdfs:subClassOf,owl:Thing
rc:HelpDeskProgram,rdfs:subClassOf,rc:HelpProgram
rc:HelpDeskProgram,rdfs:subClassOf,owl:Thing
rc:SumerianLanguage,rdfs:subClassOf,rc:LanguageIsolate
rc:SumerianLanguage,rdfs:subClassOf,owl:Thing
rc:TaiKadaiLanguages,rdfs:subClassOf,rc:LivingLanguage
rc:TaiKadaiLanguages,rdfs:subClassOf,owl:Thing
rc:SacAndFoxLanguage,rdfs:subClassOf,rc:AlgonquianLanguages
rc:SacAndFoxLanguage,rdfs:subClassOf,owl:Thing
rc:DiscountLoan,rdfs:subClassOf,rc:LoanAgreement
rc:DiscountLoan,rdfs:subClassOf,owl:Thing
rc:Esperantido,rdfs:subClassOf,rc:Esperanto
rc:Esperantido,rdfs:subClassOf,owl:Thing
rc:Nightmare,rdfs:subClassOf,rc:Dream
rc:Nightmare,rdfs:subClassOf,owl:Thing
rc:GraphicsSoftware,rdfs:subClassOf,rc:ApplicationProgram
rc:GraphicsSoftware,rdfs:subClassOf,owl:Thing
rc:KeyTag,rdfs:subClassOf,rc:Tag
rc:KeyTag,rdfs:subClassOf,owl:Thing
rc:SecurityProtectionSoftware,rdfs:subClassOf,rc:Software
rc:SecurityProtectionSoftware,rdfs:subClassOf,owl:Thing
rc:WebCachingProtocol,rdfs:subClassOf,rc:InternetProtocol
rc:WebCachingProtocol,rdfs:subClassOf,owl:Thing
rc:GuleLanguage,rdfs:subClassOf,rc:GuaraniLanguage
rc:GuleLanguage,rdfs:subClassOf,rc:OtherLanguages
rc:GuleLanguage,rdfs:subClassOf,owl:Thing
rc:PostageStamp,rdfs:subClassOf,rc:GovernmentDocument
rc:PostageStamp,rdfs:subClassOf,rc:Postage
rc:PostageStamp,rdfs:subClassOf,rc:Sticker_Adhesive
rc:PostageStamp,rdfs:subClassOf,owl:Thing
rc:MemoryExpansion,rdfs:subClassOf,rc:ComputerMemory_Abstract
rc:MemoryExpansion,rdfs:subClassOf,owl:Thing
rc:SupermanMovie,rdfs:subClassOf,rc:Movie
rc:SupermanMovie,rdfs:subClassOf,owl:Thing
rc:VerbParticle,rdfs:subClassOf,rc:ClosedClassWord
rc:VerbParticle,rdfs:subClassOf,owl:Thing
rc:SystemicFunctionalLinguistics,rdfs:subClassOf,rc:FormalGrammar
rc:SystemicFunctionalLinguistics,rdfs:subClassOf,owl:Thing
rc:ItineraryDocument,rdfs:subClassOf,rc:ScheduleDocument
rc:ItineraryDocument,rdfs:subClassOf,owl:Thing
rc:Python_ProgrammingLanguage,rdfs:subClassOf,rc:AbstractProgrammingLanguage
rc:Python_ProgrammingLanguage,rdfs:subClassOf,rc:FunctionalLanguage
rc:Python_ProgrammingLanguage,rdfs:subClassOf,owl:Thing
rc:SantaliLanguage,rdfs:subClassOf,rc:MundaLanguages
rc:SantaliLanguage,rdfs:subClassOf,owl:Thing
rc:GraphRewriting,rdfs:subClassOf,rc:GraphTheory
rc:GraphRewriting,rdfs:subClassOf,owl:Thing
rc:FunctionalProgrammingLanguageImplementation,rdfs:subClassOf,rc:ProgrammingLanguageImplementation
rc:FunctionalProgrammingLanguageImplementation,rdfs:subClassOf,owl:Thing
rc:Argument,rdfs:subClassOf,rc:Reasoning
rc:Argument,rdfs:subClassOf,owl:Thing
rc:ItalianGrammar,rdfs:subClassOf,rc:LanguageGrammars
rc:ItalianGrammar,rdfs:subClassOf,owl:Thing
rc:WellOrdering,rdfs:subClassOf,rc:TotalOrdering_Strict
rc:WellOrdering,rdfs:subClassOf,owl:Thing
rc:PlateauPenutianLanguage,rdfs:subClassOf,rc:PenutianLanguages
rc:PlateauPenutianLanguage,rdfs:subClassOf,owl:Thing
rc:ProbabilityAssessment,rdfs:subClassOf,rc:ProbabilityTheory
rc:ProbabilityAssessment,rdfs:subClassOf,owl:Thing
rc:ImageFileViewingProgram,rdfs:subClassOf,rc:FileReadingProgram_Visual
rc:ImageFileViewingProgram,rdfs:subClassOf,owl:Thing
rc:ComputerDesktopTheme,rdfs:subClassOf,rc:VisualInformationBearingThing
rc:ComputerDesktopTheme,rdfs:subClassOf,owl:Thing
rc:IPAddress,rdfs:subClassOf,rc:IDString
rc:IPAddress,rdfs:subClassOf,rc:InternetProtocolAddress
rc:IPAddress,rdfs:subClassOf,owl:Thing
rc:AlgonquianLanguages,rdfs:subClassOf,rc:IndigenousAmericanLanguages
rc:AlgonquianLanguages,rdfs:subClassOf,owl:Thing
rc:MixtecanLanguage,rdfs:subClassOf,rc:MixtecoLanguage
rc:MixtecanLanguage,rdfs:subClassOf,owl:Thing
rc:XboxHardware,rdfs:subClassOf,rc:XBox
rc:XboxHardware,rdfs:subClassOf,owl:Thing
rc:CatawbaLanguage,rdfs:subClassOf,rc:SiouanLanguages
rc:CatawbaLanguage,rdfs:subClassOf,owl:Thing
rc:PythonImplementation,rdfs:subClassOf,rc:Python_ProgrammingLanguage
rc:PythonImplementation,rdfs:subClassOf,owl:Thing
rc:ComecrudanLanguage,rdfs:subClassOf,rc:RecentExtinctLanguages
rc:ComecrudanLanguage,rdfs:subClassOf,owl:Thing
rc:BurgundianLanguage,rdfs:subClassOf,rc:ClassicMedievalLanguages
rc:BurgundianLanguage,rdfs:subClassOf,owl:Thing
rc:Line_Marking,rdfs:subClassOf,rc:VisualMark
rc:Line_Marking,rdfs:subClassOf,owl:Thing
rc:BuyToLetMortgage,rdfs:subClassOf,rc:MortgageAgreement
rc:BuyToLetMortgage,rdfs:subClassOf,owl:Thing
rc:BasqueGivenName,rdfs:subClassOf,rc:HumanGivenName
rc:BasqueGivenName,rdfs:subClassOf,owl:Thing
rc:DongLanguage,rdfs:subClassOf,rc:TaiKadaiLanguages
rc:DongLanguage,rdfs:subClassOf,owl:Thing
rc:AlternativeCurrency,rdfs:subClassOf,rc:Currency
rc:AlternativeCurrency,rdfs:subClassOf,owl:Thing
rc:GreekLetter,rdfs:subClassOf,rc:Letter_Alphabetic
rc:GreekLetter,rdfs:subClassOf,owl:Thing
rc:InformalLegalTerm,rdfs:subClassOf,rc:LegalTerm
rc:InformalLegalTerm,rdfs:subClassOf,owl:Thing
rc:EvolutionaryGameTheory,rdfs:subClassOf,rc:GameTheory
rc:EvolutionaryGameTheory,rdfs:subClassOf,owl:Thing
rc:DriversLicense_Document,rdfs:subClassOf,rc:TransportationLicense_Document
rc:DriversLicense_Document,rdfs:subClassOf,owl:Thing
rc:GraphicsEditingProgram,rdfs:subClassOf,rc:FileWritingProgram
rc:GraphicsEditingProgram,rdfs:subClassOf,rc:GraphicsSoftware
rc:GraphicsEditingProgram,rdfs:subClassOf,rc:ImageFileViewingProgram
rc:GraphicsEditingProgram,rdfs:subClassOf,owl:Thing
rc:StructuralPattern,rdfs:subClassOf,rc:VisualPattern
rc:StructuralPattern,rdfs:subClassOf,owl:Thing
rc:Valleyspeak,rdfs:subClassOf,rc:AmericanEnglishDialect
rc:Valleyspeak,rdfs:subClassOf,owl:Thing
rc:InformationSystem,rdfs:subClassOf,kko:Information
rc:InformationSystem,rdfs:subClassOf,owl:Thing
rc:Corporatese,rdfs:subClassOf,rc:Jargon
rc:Corporatese,rdfs:subClassOf,owl:Thing
rc:Packet_Network,rdfs:subClassOf,rc:DataUnit
rc:Packet_Network,rdfs:subClassOf,rc:InternetInformation
rc:Packet_Network,rdfs:subClassOf,owl:Thing
rc:ComputerDictionary,rdfs:subClassOf,rc:Dictionary
rc:ComputerDictionary,rdfs:subClassOf,owl:Thing
rc:SubcategorizationFrame,rdfs:subClassOf,rc:NonlexicalLinguisticObject
rc:SubcategorizationFrame,rdfs:subClassOf,owl:Thing
rc:OperaScholarship,rdfs:subClassOf,rc:Opera
rc:OperaScholarship,rdfs:subClassOf,owl:Thing
rc:XboxLive,rdfs:subClassOf,rc:XBox
rc:XboxLive,rdfs:subClassOf,owl:Thing
rc:DiagnosticComputerProgram,rdfs:subClassOf,rc:InteractiveComputerProgram
rc:DiagnosticComputerProgram,rdfs:subClassOf,rc:SecurityProgram
rc:DiagnosticComputerProgram,rdfs:subClassOf,owl:Thing
rc:SpecialRelativityMt,rdfs:subClassOf,rc:ScientificTheory
rc:SpecialRelativityMt,rdfs:subClassOf,owl:Thing
rc:ComparisonOfSlavicLanguages,rdfs:subClassOf,rc:LanguageComparisons
rc:ComparisonOfSlavicLanguages,rdfs:subClassOf,owl:Thing
rc:ZipCodeFinder,rdfs:subClassOf,rc:SearchEngine
rc:ZipCodeFinder,rdfs:subClassOf,owl:Thing
rc:DiscountRateMortgage,rdfs:subClassOf,rc:AdjustableRateMortgage
rc:DiscountRateMortgage,rdfs:subClassOf,owl:Thing
rc:BlueBook_GovernmentDocument,rdfs:subClassOf,rc:GovernmentDocument
rc:BlueBook_GovernmentDocument,rdfs:subClassOf,owl:Thing
rc:ClosedClassWord,rdfs:subClassOf,rc:NLWordForm
rc:ClosedClassWord,rdfs:subClassOf,owl:Thing
rc:HeaderLengthField_Packet,rdfs:subClassOf,rc:Packet_Network
rc:HeaderLengthField_Packet,rdfs:subClassOf,owl:Thing
rc:UninterruptiblePowerSupplyServiceProgram,rdfs:subClassOf,rc:UtilityProgram
rc:UninterruptiblePowerSupplyServiceProgram,rdfs:subClassOf,owl:Thing
rc:CatawbanLanguage,rdfs:subClassOf,rc:SiouanLanguages
rc:CatawbanLanguage,rdfs:subClassOf,owl:Thing
rc:BroadcastAddress,rdfs:subClassOf,rc:IPAddress
rc:BroadcastAddress,rdfs:subClassOf,owl:Thing
rc:ModocLanguage,rdfs:subClassOf,rc:OtherAmericanLanguages
rc:ModocLanguage,rdfs:subClassOf,owl:Thing
rc:SocialInformationProcessing,rdfs:subClassOf,rc:InformationProcess
rc:SocialInformationProcessing,rdfs:subClassOf,owl:Thing
rc:EMailAccount,rdfs:subClassOf,rc:ComputerAccount
rc:EMailAccount,rdfs:subClassOf,owl:Thing
rc:OperaTerminology,rdfs:subClassOf,rc:EntertainmentTerm
rc:OperaTerminology,rdfs:subClassOf,rc:MusicTerminology
rc:OperaTerminology,rdfs:subClassOf,owl:Thing
rc:Verb,rdfs:subClassOf,rc:OpenClassWord
rc:Verb,rdfs:subClassOf,owl:Thing
rc:SemiempiricalQuantumChemistryMethod,rdfs:subClassOf,rc:QuantumMechanics
rc:SemiempiricalQuantumChemistryMethod,rdfs:subClassOf,owl:Thing
rc:CompoundGivenName,rdfs:subClassOf,rc:HumanGivenName
rc:CompoundGivenName,rdfs:subClassOf,owl:Thing
rc:AnimationSoftware,rdfs:subClassOf,rc:GraphicsEditingProgram
rc:AnimationSoftware,rdfs:subClassOf,owl:Thing
rc:MusicalComposition_Ska,rdfs:subClassOf,rc:MusicTypeOpenGenre
rc:MusicalComposition_Ska,rdfs:subClassOf,rc:MusicalComposition
rc:MusicalComposition_Ska,rdfs:subClassOf,owl:Thing
rc:SumerianWordOrPhrase,rdfs:subClassOf,rc:SumerianLanguage
rc:SumerianWordOrPhrase,rdfs:subClassOf,rc:WordOrPhraseByLanguage
rc:SumerianWordOrPhrase,rdfs:subClassOf,owl:Thing
rc:Address_PhysicalLocationDesignator,rdfs:subClassOf,rc:ContactInfoString
rc:Address_PhysicalLocationDesignator,rdfs:subClassOf,owl:Thing
rc:MovieSeriesProduct,rdfs:subClassOf,rc:AVMediaSeriesProduct
rc:MovieSeriesProduct,rdfs:subClassOf,owl:Thing
rc:KoreanDialect,rdfs:subClassOf,rc:KoreanLanguage
rc:KoreanDialect,rdfs:subClassOf,rc:LanguageDialect
rc:KoreanDialect,rdfs:subClassOf,owl:Thing
rc:WebCamPage,rdfs:subClassOf,rc:WorldWideWebPage_PCW
rc:WebCamPage,rdfs:subClassOf,owl:Thing
rc:ManufacturingSoftware,rdfs:subClassOf,rc:BusinessComputerProgram
rc:ManufacturingSoftware,rdfs:subClassOf,owl:Thing
rc:SamoanLanguage,rdfs:subClassOf,rc:MalayoPolynesianLanguages
rc:SamoanLanguage,rdfs:subClassOf,owl:Thing
rc:ZipFile,rdfs:subClassOf,rc:ComputerFileTypeByFormat
rc:ZipFile,rdfs:subClassOf,owl:Thing
rc:TalyshLanguage,rdfs:subClassOf,rc:IranianLanguages
rc:TalyshLanguage,rdfs:subClassOf,owl:Thing
rc:QuechuanLanguage,rdfs:subClassOf,rc:ArawakanLanguages
rc:QuechuanLanguage,rdfs:subClassOf,owl:Thing
rc:DutchBasedPidginsAndCreoles,rdfs:subClassOf,rc:PidginLanguage
rc:DutchBasedPidginsAndCreoles,rdfs:subClassOf,owl:Thing
rc:RoleplayingGameProgram,rdfs:subClassOf,rc:ComputerGameProgram
rc:RoleplayingGameProgram,rdfs:subClassOf,owl:Thing
rc:PriceQuoteDocument,rdfs:subClassOf,rc:OfficialDocument
rc:PriceQuoteDocument,rdfs:subClassOf,owl:Thing
rc:AuxVerb,rdfs:subClassOf,rc:ClosedClassWord
rc:AuxVerb,rdfs:subClassOf,rc:Verb
rc:AuxVerb,rdfs:subClassOf,owl:Thing
rc:RomanianWordOrPhrase,rdfs:subClassOf,rc:WordOrPhraseByLanguage
rc:RomanianWordOrPhrase,rdfs:subClassOf,owl:Thing
rc:AuthenticationSource,rdfs:subClassOf,rc:InformationBearingThing
rc:AuthenticationSource,rdfs:subClassOf,owl:Thing
rc:VerbPhrase,rdfs:subClassOf,rc:NLPhrase
rc:VerbPhrase,rdfs:subClassOf,owl:Thing
rc:PolabianLanguage,rdfs:subClassOf,rc:ClassicMedievalLanguages
rc:PolabianLanguage,rdfs:subClassOf,owl:Thing
rc:SourcesReliable,rdfs:subClassOf,rc:WrittenReportOnSituation
rc:SourcesReliable,rdfs:subClassOf,owl:Thing
rc:DigitalSystem,rdfs:subClassOf,rc:InformationSystem
rc:DigitalSystem,rdfs:subClassOf,owl:Thing
rc:ComputerLanguage,rdfs:subClassOf,rc:ArtificialLanguage_Formal
rc:ComputerLanguage,rdfs:subClassOf,owl:Thing
rc:Header_Packet,rdfs:subClassOf,rc:Packet_Network
rc:Header_Packet,rdfs:subClassOf,owl:Thing
rc:ArgumentsForTheExistenceOfGod,rdfs:subClassOf,rc:Argument
rc:ArgumentsForTheExistenceOfGod,rdfs:subClassOf,owl:Thing
rc:MultiplayerOnlineRolePlayingGame,rdfs:subClassOf,rc:OnlineGameProgram
rc:MultiplayerOnlineRolePlayingGame,rdfs:subClassOf,rc:RoleplayingGameProgram
rc:MultiplayerOnlineRolePlayingGame,rdfs:subClassOf,owl:Thing
rc:Ultrasound,rdfs:subClassOf,rc:Sound
rc:Ultrasound,rdfs:subClassOf,owl:Thing
rc:BlueBook_Pricing,rdfs:subClassOf,rc:PriceQuoteDocument
rc:BlueBook_Pricing,rdfs:subClassOf,rc:ReferenceWork_Structured
rc:BlueBook_Pricing,rdfs:subClassOf,owl:Thing
rc:TemporaryUserRightsAgreement,rdfs:subClassOf,rc:Document
rc:TemporaryUserRightsAgreement,rdfs:subClassOf,owl:Thing
rc:Shorthand,rdfs:subClassOf,rc:SystemOfWrittenMaterials
rc:Shorthand,rdfs:subClassOf,owl:Thing
rc:CurrencySymbol,rdfs:subClassOf,rc:Symbol
rc:CurrencySymbol,rdfs:subClassOf,owl:Thing
rc:StandardChinese,rdfs:subClassOf,rc:ChineseTopics
rc:StandardChinese,rdfs:subClassOf,owl:Thing
rc:Golden_Brown,rdfs:subClassOf,rc:Song
rc:Golden_Brown,rdfs:subClassOf,owl:Thing
rc:MalagasyLanguage,rdfs:subClassOf,rc:MalayoPolynesianLanguages
rc:MalagasyLanguage,rdfs:subClassOf,owl:Thing
rc:KaureKaporiLanguage,rdfs:subClassOf,rc:PapuanLanguageGrouping
rc:KaureKaporiLanguage,rdfs:subClassOf,owl:Thing
rc:ArgumentFromMorality,rdfs:subClassOf,rc:ArgumentsForTheExistenceOfGod
rc:ArgumentFromMorality,rdfs:subClassOf,owl:Thing
rc:Determinacy,rdfs:subClassOf,rc:SetTheory
rc:Determinacy,rdfs:subClassOf,owl:Thing
rc:Passport,rdfs:subClassOf,rc:CertificateDocument
rc:Passport,rdfs:subClassOf,rc:LegalDocument
rc:Passport,rdfs:subClassOf,rc:NationalIDDocument
rc:Passport,rdfs:subClassOf,owl:Thing
rc:MilitaryCamouflage,rdfs:subClassOf,rc:CamouflagePattern
rc:MilitaryCamouflage,rdfs:subClassOf,owl:Thing
rc:SlovakWordOrPhrase,rdfs:subClassOf,rc:WordOrPhraseByLanguage
rc:SlovakWordOrPhrase,rdfs:subClassOf,owl:Thing
rc:Bible_BookCopy,rdfs:subClassOf,rc:BookCopy
rc:Bible_BookCopy,rdfs:subClassOf,owl:Thing
rc:WorldWideWebClientProgram,rdfs:subClassOf,rc:ClientProgram
rc:WorldWideWebClientProgram,rdfs:subClassOf,rc:HTMLInterpreter
rc:WorldWideWebClientProgram,rdfs:subClassOf,rc:InternetProgram
rc:WorldWideWebClientProgram,rdfs:subClassOf,rc:InternetSoftwareMarketCategory
rc:WorldWideWebClientProgram,rdfs:subClassOf,owl:Thing
rc:TelevisionFranchise,rdfs:subClassOf,rc:TVSeriesProduct
rc:TelevisionFranchise,rdfs:subClassOf,owl:Thing
rc:Automimicry,rdfs:subClassOf,rc:Mimicry
rc:Automimicry,rdfs:subClassOf,owl:Thing
rc:MayaCalendar,rdfs:subClassOf,rc:CalendarSystem
rc:MayaCalendar,rdfs:subClassOf,owl:Thing
rc:Plaintext,rdfs:subClassOf,rc:TypographicalStructure
rc:Plaintext,rdfs:subClassOf,owl:Thing
rc:GraphTheoryObject,rdfs:subClassOf,rc:GraphTheory
rc:GraphTheoryObject,rdfs:subClassOf,owl:Thing
rc:MemoryManagement,rdfs:subClassOf,rc:ComputerMemory_Abstract
rc:MemoryManagement,rdfs:subClassOf,rc:ProgrammingLanguageImplementation
rc:MemoryManagement,rdfs:subClassOf,owl:Thing
rc:NewAgeMusic,rdfs:subClassOf,rc:MusicTypeByGenre
rc:NewAgeMusic,rdfs:subClassOf,owl:Thing
rc:XboxOne,rdfs:subClassOf,rc:XBox
rc:XboxOne,rdfs:subClassOf,owl:Thing
rc:Cryptocurrency,rdfs:subClassOf,rc:DigitalCurrency
rc:Cryptocurrency,rdfs:subClassOf,owl:Thing
rc:Miss,rdfs:subClassOf,rc:CourtesyTitle
rc:Miss,rdfs:subClassOf,owl:Thing
rc:Etude,rdfs:subClassOf,rc:MusicalComposition
rc:Etude,rdfs:subClassOf,owl:Thing
rc:QuantumMechanics,rdfs:subClassOf,rc:QuantumFieldTheory
rc:QuantumMechanics,rdfs:subClassOf,owl:Thing
rc:UnitedStatesStateInsignia,rdfs:subClassOf,rc:FormalInsignia
rc:UnitedStatesStateInsignia,rdfs:subClassOf,owl:Thing
rc:Table_Visual,rdfs:subClassOf,rc:StructuredInformationSource
rc:Table_Visual,rdfs:subClassOf,rc:VisualArtifact
rc:Table_Visual,rdfs:subClassOf,owl:Thing
rc:ProbabilityFallacy,rdfs:subClassOf,rc:LogicalFallacy
rc:ProbabilityFallacy,rdfs:subClassOf,rc:ProbabilisticArgument
rc:ProbabilityFallacy,rdfs:subClassOf,owl:Thing
rc:EntertainmentTerm,rdfs:subClassOf,rc:Terminology
rc:EntertainmentTerm,rdfs:subClassOf,owl:Thing
rc:PythonSoftware,rdfs:subClassOf,rc:Python_ProgrammingLanguage
rc:PythonSoftware,rdfs:subClassOf,owl:Thing
rc:ChibchaLanguage,rdfs:subClassOf,rc:CaribanLanguages
rc:ChibchaLanguage,rdfs:subClassOf,owl:Thing
rc:PhotoSoftware,rdfs:subClassOf,rc:GraphicsEditingProgram
rc:PhotoSoftware,rdfs:subClassOf,owl:Thing
rc:DigitalCurrency,rdfs:subClassOf,rc:AlternativeCurrency
rc:DigitalCurrency,rdfs:subClassOf,owl:Thing
rc:AbstractProgrammingLanguage,rdfs:subClassOf,rc:ProgrammingLanguage
rc:AbstractProgrammingLanguage,rdfs:subClassOf,owl:Thing
rc:AlgorithmicArt,rdfs:subClassOf,rc:DigitalArtObject
rc:AlgorithmicArt,rdfs:subClassOf,owl:Thing
rc:OperatingSystemKernel,rdfs:subClassOf,rc:OperatingSystem
rc:OperatingSystemKernel,rdfs:subClassOf,owl:Thing
rc:ComparisonTable,rdfs:subClassOf,rc:Table_Visual
rc:ComparisonTable,rdfs:subClassOf,owl:Thing
rc:AnimationTerminology,rdfs:subClassOf,rc:EntertainmentTerm
rc:AnimationTerminology,rdfs:subClassOf,owl:Thing
rc:YukiWappoLanguage,rdfs:subClassOf,rc:RecentExtinctLanguages
rc:YukiWappoLanguage,rdfs:subClassOf,owl:Thing
rc:EMailAddress,rdfs:subClassOf,rc:ContactInfoString
rc:EMailAddress,rdfs:subClassOf,owl:Thing
rc:HomeLoan,rdfs:subClassOf,rc:RealEstateLoan
rc:HomeLoan,rdfs:subClassOf,owl:Thing
rc:Sumerogram,rdfs:subClassOf,rc:BabylonianLanguage
rc:Sumerogram,rdfs:subClassOf,rc:Cuneiform
rc:Sumerogram,rdfs:subClassOf,rc:HittiteLanguage
rc:Sumerogram,rdfs:subClassOf,rc:Ideogram
rc:Sumerogram,rdfs:subClassOf,owl:Thing
rc:LoanAgreement,rdfs:subClassOf,rc:TemporaryUserRightsAgreement
rc:LoanAgreement,rdfs:subClassOf,owl:Thing
rc:TelevisionImage,rdfs:subClassOf,rc:MovingImage
rc:TelevisionImage,rdfs:subClassOf,owl:Thing
rc:MovieSoundtrack,rdfs:subClassOf,rc:AudioConceptualWork
rc:MovieSoundtrack,rdfs:subClassOf,owl:Thing
rc:Microkernel,rdfs:subClassOf,rc:OperatingSystemKernel
rc:Microkernel,rdfs:subClassOf,owl:Thing
rc:BusinessFunctionSpecificSoftware,rdfs:subClassOf,rc:Software
rc:BusinessFunctionSpecificSoftware,rdfs:subClassOf,owl:Thing
rc:SavingAFile,rdfs:subClassOf,rc:AccessingAFile
rc:SavingAFile,rdfs:subClassOf,rc:InformationRecordingProcess
rc:SavingAFile,rdfs:subClassOf,owl:Thing
rc:RehabilitationMortgage,rdfs:subClassOf,rc:HomeImprovementLoan
rc:RehabilitationMortgage,rdfs:subClassOf,rc:MortgageAgreement
rc:RehabilitationMortgage,rdfs:subClassOf,owl:Thing
rc:UrbanDictionary,rdfs:subClassOf,rc:ReferenceWebSite
rc:UrbanDictionary,rdfs:subClassOf,owl:Thing
rc:BridgingHomeLoan,rdfs:subClassOf,rc:HomeLoan
rc:BridgingHomeLoan,rdfs:subClassOf,owl:Thing
rc:SamoanWordOrPhrase,rdfs:subClassOf,rc:WordOrPhraseByLanguage
rc:SamoanWordOrPhrase,rdfs:subClassOf,owl:Thing
rc:EMailMessage,rdfs:subClassOf,rc:ComputerAIS
rc:EMailMessage,rdfs:subClassOf,owl:Thing
rc:BuyeoLanguage,rdfs:subClassOf,rc:AltaicLanguages
rc:BuyeoLanguage,rdfs:subClassOf,owl:Thing
rc:EMailAttachment,rdfs:subClassOf,rc:ComputerAIS
rc:EMailAttachment,rdfs:subClassOf,owl:Thing
rc:EweLanguage,rdfs:subClassOf,rc:AtlanticCongoLanguages
rc:EweLanguage,rdfs:subClassOf,owl:Thing
rc:ChibchanLanguage,rdfs:subClassOf,rc:CaribanLanguages
rc:ChibchanLanguage,rdfs:subClassOf,owl:Thing
rc:BlockchainTechnology,rdfs:subClassOf,rc:ComputerDataStructure
rc:BlockchainTechnology,rdfs:subClassOf,owl:Thing
rc:MusicalComposition_SouthernRock,rdfs:subClassOf,rc:MusicTypeOpenGenre
rc:MusicalComposition_SouthernRock,rdfs:subClassOf,rc:MusicalComposition_Rock
rc:MusicalComposition_SouthernRock,rdfs:subClassOf,owl:Thing
rc:ExpenseReport,rdfs:subClassOf,rc:FinancialDocument
rc:ExpenseReport,rdfs:subClassOf,owl:Thing
rc:SwedishCountryMusic,rdfs:subClassOf,rc:CountryMusic
rc:SwedishCountryMusic,rdfs:subClassOf,rc:MusicalComposition_Country
rc:SwedishCountryMusic,rdfs:subClassOf,owl:Thing
rc:ArafundiLanguage,rdfs:subClassOf,rc:PapuanLanguageGrouping
rc:ArafundiLanguage,rdfs:subClassOf,owl:Thing
rc:CreekLanguage,rdfs:subClassOf,rc:MuskogeanLanguages
rc:CreekLanguage,rdfs:subClassOf,owl:Thing
rc:GrammarsOfSpecificLanguage,rdfs:subClassOf,rc:FormalGrammar
rc:GrammarsOfSpecificLanguage,rdfs:subClassOf,owl:Thing
rc:SchedulerProgram,rdfs:subClassOf,rc:ClockProgram
rc:SchedulerProgram,rdfs:subClassOf,owl:Thing
rc:NorthGermanicLanguage,rdfs:subClassOf,rc:GermanicLanguages
rc:NorthGermanicLanguage,rdfs:subClassOf,owl:Thing
rc:Subordinate,rdfs:subClassOf,rc:Hierarchy
rc:Subordinate,rdfs:subClassOf,owl:Thing
rc:AdjustableRateLoan,rdfs:subClassOf,rc:LoanAgreement
rc:AdjustableRateLoan,rdfs:subClassOf,owl:Thing
rc:WesternGenreAnimation,rdfs:subClassOf,rc:AnimationByGenre
rc:WesternGenreAnimation,rdfs:subClassOf,owl:Thing
rc:RomanizationOfArabic,rdfs:subClassOf,rc:ClassicalArabicWriting
rc:RomanizationOfArabic,rdfs:subClassOf,owl:Thing
rc:AtomicPhysics,rdfs:subClassOf,rc:QuantumMechanics
rc:AtomicPhysics,rdfs:subClassOf,owl:Thing
rc:LanguageGrammars,rdfs:subClassOf,rc:CharacterizationsByLanguage
rc:LanguageGrammars,rdfs:subClassOf,rc:GrammarsOfSpecificLanguage
rc:LanguageGrammars,rdfs:subClassOf,owl:Thing
rc:VisualBasic,rdfs:subClassOf,rc:AbstractProgrammingLanguage
rc:VisualBasic,rdfs:subClassOf,owl:Thing
rc:EastGeelvinkBayLanguage,rdfs:subClassOf,rc:PapuanLanguageGrouping
rc:EastGeelvinkBayLanguage,rdfs:subClassOf,owl:Thing
rc:FunctionalSubgroup,rdfs:subClassOf,rc:GroupTheory
rc:FunctionalSubgroup,rdfs:subClassOf,rc:Subordinate
rc:FunctionalSubgroup,rdfs:subClassOf,owl:Thing
rc:PassportIdentificationNumber,rdfs:subClassOf,rc:UniqueID
rc:PassportIdentificationNumber,rdfs:subClassOf,owl:Thing
rc:WorldWideWebRobot,rdfs:subClassOf,rc:UtilityProgram
rc:WorldWideWebRobot,rdfs:subClassOf,owl:Thing
rc:AntiSpam,rdfs:subClassOf,rc:Spam_UnsolicitedEMail
rc:AntiSpam,rdfs:subClassOf,owl:Thing
rc:PythonWebApplicationFramework,rdfs:subClassOf,rc:Python_ProgrammingLanguage
rc:PythonWebApplicationFramework,rdfs:subClassOf,owl:Thing
rc:PropositionalInformationThing,rdfs:subClassOf,rc:InformationStore
rc:PropositionalInformationThing,rdfs:subClassOf,owl:Thing
rc:FormalEstimateDocument,rdfs:subClassOf,rc:PriceQuoteDocument
rc:FormalEstimateDocument,rdfs:subClassOf,owl:Thing
rc:ComedyMovie,rdfs:subClassOf,rc:FilmGenre
rc:ComedyMovie,rdfs:subClassOf,owl:Thing
rc:TamachekLanguage,rdfs:subClassOf,rc:BerberLanguages
rc:TamachekLanguage,rdfs:subClassOf,owl:Thing
rc:DionysusInArt,rdfs:subClassOf,rc:ArtSubject
rc:DionysusInArt,rdfs:subClassOf,owl:Thing
rc:RequestForComments,rdfs:subClassOf,rc:InternetStandard
rc:RequestForComments,rdfs:subClassOf,owl:Thing
rc:LoveSong,rdfs:subClassOf,rc:Song
rc:LoveSong,rdfs:subClassOf,rc:SymbolicThing
rc:LoveSong,rdfs:subClassOf,owl:Thing
rc:Helvetica,rdfs:subClassOf,rc:CharacterSet
rc:Helvetica,rdfs:subClassOf,owl:Thing
rc:ChumashanLanguage,rdfs:subClassOf,rc:RecentExtinctLanguages
rc:ChumashanLanguage,rdfs:subClassOf,owl:Thing
rc:CategoricalLogic,rdfs:subClassOf,rc:CategoryTheory
rc:CategoricalLogic,rdfs:subClassOf,owl:Thing
rc:EsperantoLetter,rdfs:subClassOf,rc:Esperanto
rc:EsperantoLetter,rdfs:subClassOf,owl:Thing
rc:BasqueGrammar,rdfs:subClassOf,rc:LanguageGrammars
rc:BasqueGrammar,rdfs:subClassOf,owl:Thing
rc:LezgiLanguage,rdfs:subClassOf,rc:OtherLanguages
rc:LezgiLanguage,rdfs:subClassOf,owl:Thing
rc:MedicalDiagnosis,rdfs:subClassOf,rc:PropositionalInformationThing
rc:MedicalDiagnosis,rdfs:subClassOf,owl:Thing
rc:TransportSoftware,rdfs:subClassOf,rc:EnterpriseSoftware
rc:TransportSoftware,rdfs:subClassOf,owl:Thing
rc:ProbabilityInterpretation,rdfs:subClassOf,rc:ProbabilityTheory
rc:ProbabilityInterpretation,rdfs:subClassOf,owl:Thing
rc:Spam_UnsolicitedEMail,rdfs:subClassOf,rc:EMailMessage
rc:Spam_UnsolicitedEMail,rdfs:subClassOf,owl:Thing
rc:WrittenLegalAgreement,rdfs:subClassOf,rc:WebPage
rc:WrittenLegalAgreement,rdfs:subClassOf,owl:Thing
rc:Determiner,rdfs:subClassOf,rc:ClosedClassWord
rc:Determiner,rdfs:subClassOf,owl:Thing
rc:XboxSoftware,rdfs:subClassOf,rc:ComputerGameProgram
rc:XboxSoftware,rdfs:subClassOf,owl:Thing
rc:Dissertation,rdfs:subClassOf,rc:DetailedStudy
rc:Dissertation,rdfs:subClassOf,rc:PublishedConceptualWork
rc:Dissertation,rdfs:subClassOf,owl:Thing
rc:PenOrPencilDrawing,rdfs:subClassOf,rc:HardcopyInformationBearingObject
rc:PenOrPencilDrawing,rdfs:subClassOf,owl:Thing
rc:RoutePlanningSoftware,rdfs:subClassOf,rc:TransportSoftware
rc:RoutePlanningSoftware,rdfs:subClassOf,owl:Thing
rc:MizoLanguage,rdfs:subClassOf,rc:SinoTibetanLanguages
rc:MizoLanguage,rdfs:subClassOf,owl:Thing
rc:KoreanLanguage,rdfs:subClassOf,rc:LanguageIsolate
rc:KoreanLanguage,rdfs:subClassOf,owl:Thing
rc:Graph_VisualIBT,rdfs:subClassOf,rc:Infographic
rc:Graph_VisualIBT,rdfs:subClassOf,owl:Thing
rc:FontEditorProgram,rdfs:subClassOf,rc:FileWritingProgram
rc:FontEditorProgram,rdfs:subClassOf,owl:Thing
rc:NewAgePractice,rdfs:subClassOf,rc:MusicalComposition_NewAge
rc:NewAgePractice,rdfs:subClassOf,owl:Thing
rc:MayanLanguages,rdfs:subClassOf,rc:IndigenousAmericanLanguages
rc:MayanLanguages,rdfs:subClassOf,owl:Thing
rc:Information_Content,rdfs:subClassOf,kko:Information
rc:Information_Content,rdfs:subClassOf,owl:Thing
rc:AlternativeDiagnosis,rdfs:subClassOf,rc:MedicalDiagnosis
rc:AlternativeDiagnosis,rdfs:subClassOf,owl:Thing
rc:SpacedRepetitionSoftware,rdfs:subClassOf,rc:EducationalComputerProgram
rc:SpacedRepetitionSoftware,rdfs:subClassOf,rc:Memory
rc:SpacedRepetitionSoftware,rdfs:subClassOf,owl:Thing
rc:FossilAlgae,rdfs:subClassOf,rc:Fossil
rc:FossilAlgae,rdfs:subClassOf,owl:Thing
rc:ModularArithmetic,rdfs:subClassOf,rc:NumberTheory
rc:ModularArithmetic,rdfs:subClassOf,owl:Thing
rc:MusicalComposition_SurfRock,rdfs:subClassOf,rc:MusicTypeOpenGenre
rc:MusicalComposition_SurfRock,rdfs:subClassOf,rc:MusicalComposition_Rock
rc:MusicalComposition_SurfRock,rdfs:subClassOf,owl:Thing
rc:WolayttaLanguage,rdfs:subClassOf,rc:CushiticLanguages
rc:WolayttaLanguage,rdfs:subClassOf,owl:Thing
rc:MemoryProcess,rdfs:subClassOf,rc:Memory
rc:MemoryProcess,rdfs:subClassOf,owl:Thing
rc:BlueBook_SocialRegistry,rdfs:subClassOf,rc:ReferenceWork
rc:BlueBook_SocialRegistry,rdfs:subClassOf,owl:Thing
kko:VisualInfo,rdfs:subClassOf,kko:AVInfo
kko:VisualInfo,rdfs:subClassOf,owl:Thing
rc:UtilitySoftwareByType,rdfs:subClassOf,rc:UtilityProgram
rc:UtilitySoftwareByType,rdfs:subClassOf,owl:Thing
rc:MayaLanguage,rdfs:subClassOf,rc:MayanLanguages
rc:MayaLanguage,rdfs:subClassOf,owl:Thing
rc:Sketch,rdfs:subClassOf,rc:PenOrPencilDrawing
rc:Sketch,rdfs:subClassOf,owl:Thing
rc:SavingsAccount,rdfs:subClassOf,rc:LoanAgreement
rc:SavingsAccount,rdfs:subClassOf,owl:Thing
rc:SexualProduct,rdfs:subClassOf,rc:PublishedMaterial
rc:SexualProduct,rdfs:subClassOf,owl:Thing
rc:AkkadianLanguage,rdfs:subClassOf,rc:Cuneiform
rc:AkkadianLanguage,rdfs:subClassOf,owl:Thing
rc:SmartCard,rdfs:subClassOf,rc:Card
rc:SmartCard,rdfs:subClassOf,rc:IDDocument
rc:SmartCard,rdfs:subClassOf,owl:Thing
rc:TungusicLanguages,rdfs:subClassOf,rc:AltaicLanguages
rc:TungusicLanguages,rdfs:subClassOf,owl:Thing
rc:Concerto,rdfs:subClassOf,rc:CompositionWithSoloistAndAccompaniment
rc:Concerto,rdfs:subClassOf,rc:Multi_MovementComposition
rc:Concerto,rdfs:subClassOf,rc:OrchestralComposition
rc:Concerto,rdfs:subClassOf,owl:Thing
rc:ValueTableSchema,rdfs:subClassOf,rc:Schema_LogicalOrPhysical
rc:ValueTableSchema,rdfs:subClassOf,owl:Thing
rc:BusinessGreetingCard,rdfs:subClassOf,rc:GreetingCard
rc:BusinessGreetingCard,rdfs:subClassOf,owl:Thing
rc:RomanizationOfGreek,rdfs:subClassOf,rc:Romanization
rc:RomanizationOfGreek,rdfs:subClassOf,owl:Thing
rc:SwedishDialect,rdfs:subClassOf,rc:LanguageDialect
rc:SwedishDialect,rdfs:subClassOf,owl:Thing
rc:ShawneeLanguage,rdfs:subClassOf,rc:AlgonquianLanguages
rc:ShawneeLanguage,rdfs:subClassOf,owl:Thing
rc:DecisionMakingSoftware,rdfs:subClassOf,rc:EnterpriseSoftware
rc:DecisionMakingSoftware,rdfs:subClassOf,owl:Thing
rc:TrafficLight,rdfs:subClassOf,rc:InformationBearingObject
rc:TrafficLight,rdfs:subClassOf,rc:Signal
rc:TrafficLight,rdfs:subClassOf,rc:VisualInformationBearingThing
rc:TrafficLight,rdfs:subClassOf,owl:Thing
rc:SoftwareAddOn,rdfs:subClassOf,rc:SoftwareObject_Individual
rc:SoftwareAddOn,rdfs:subClassOf,owl:Thing
rc:TreeDataStructure,rdfs:subClassOf,rc:IndexDataStructure
rc:TreeDataStructure,rdfs:subClassOf,owl:Thing
rc:ChildrensTVShow,rdfs:subClassOf,rc:TVShow
rc:ChildrensTVShow,rdfs:subClassOf,owl:Thing
rc:DutchDialect,rdfs:subClassOf,rc:LanguageDialect
rc:DutchDialect,rdfs:subClassOf,owl:Thing
rc:Minicomputer,rdfs:subClassOf,rc:MultipleUserComputer
rc:Minicomputer,rdfs:subClassOf,owl:Thing
rc:ManchuLanguage,rdfs:subClassOf,rc:TungusicLanguages
rc:ManchuLanguage,rdfs:subClassOf,owl:Thing
rc:InternetControlMessageProtocol,rdfs:subClassOf,rc:InternetStandard
rc:InternetControlMessageProtocol,rdfs:subClassOf,owl:Thing
rc:ItalianLanguage,rdfs:subClassOf,rc:RomanceLanguages
rc:ItalianLanguage,rdfs:subClassOf,owl:Thing
rc:HassanyaArabicLanguage,rdfs:subClassOf,rc:ArabicLanguage
rc:HassanyaArabicLanguage,rdfs:subClassOf,owl:Thing
rc:DeadLanguage,rdfs:subClassOf,rc:NaturalLanguage
rc:DeadLanguage,rdfs:subClassOf,owl:Thing
rc:TelevisionMusic,rdfs:subClassOf,rc:MusicTypeByGenre
rc:TelevisionMusic,rdfs:subClassOf,owl:Thing
rc:FixedTimeLoan,rdfs:subClassOf,rc:LoanAgreement
rc:FixedTimeLoan,rdfs:subClassOf,owl:Thing
rc:CommunicationByType,rdfs:subClassOf,rc:Communication
rc:CommunicationByType,rdfs:subClassOf,owl:Thing
rc:MajorCreditCard,rdfs:subClassOf,rc:CreditCard
rc:MajorCreditCard,rdfs:subClassOf,owl:Thing
rc:PornographicMaterial,rdfs:subClassOf,rc:Information_Content
rc:PornographicMaterial,rdfs:subClassOf,rc:SexualProduct
rc:PornographicMaterial,rdfs:subClassOf,owl:Thing
rc:OctopusCard,rdfs:subClassOf,rc:SmartCard
rc:OctopusCard,rdfs:subClassOf,owl:Thing
rc:ComedySketch,rdfs:subClassOf,rc:Sketch
rc:ComedySketch,rdfs:subClassOf,owl:Thing
rc:Password,rdfs:subClassOf,rc:IDString
rc:Password,rdfs:subClassOf,rc:NLWordForm
rc:Password,rdfs:subClassOf,owl:Thing
rc:WesternGenreAnimeAndManga,rdfs:subClassOf,rc:Manga
rc:WesternGenreAnimeAndManga,rdfs:subClassOf,rc:WesternGenreAnimation
rc:WesternGenreAnimeAndManga,rdfs:subClassOf,owl:Thing
rc:StandardGeneralizedMarkupLanguage,rdfs:subClassOf,rc:MarkupLanguage
rc:StandardGeneralizedMarkupLanguage,rdfs:subClassOf,owl:Thing
rc:UtilitySoftwareType,rdfs:subClassOf,rc:UtilityProgram
rc:UtilitySoftwareType,rdfs:subClassOf,owl:Thing
rc:SpecificDeadLanguages,rdfs:subClassOf,rc:DeadLanguage
rc:SpecificDeadLanguages,rdfs:subClassOf,owl:Thing
rc:HonkingSound,rdfs:subClassOf,rc:AnimalSound
rc:HonkingSound,rdfs:subClassOf,owl:Thing
rc:VisualCPlusPlus_ProgrammingLanguage,rdfs:subClassOf,rc:AbstractProgrammingLanguage
rc:VisualCPlusPlus_ProgrammingLanguage,rdfs:subClassOf,owl:Thing
rc:ClosedEndLoanAgreement,rdfs:subClassOf,rc:FixedTimeLoan
rc:ClosedEndLoanAgreement,rdfs:subClassOf,owl:Thing
rc:UniformResourceIdentifier,rdfs:subClassOf,rc:IDString
rc:UniformResourceIdentifier,rdfs:subClassOf,owl:Thing
rc:ChildrensGameShow,rdfs:subClassOf,rc:ChildrensTVShow
rc:ChildrensGameShow,rdfs:subClassOf,owl:Thing
rc:SlovenianLanguage,rdfs:subClassOf,rc:SlavicLanguages
rc:SlovenianLanguage,rdfs:subClassOf,owl:Thing
rc:TachelhitLanguage,rdfs:subClassOf,rc:BerberLanguages
rc:TachelhitLanguage,rdfs:subClassOf,owl:Thing
rc:MentalInformation,rdfs:subClassOf,rc:PropositionalInformationThing
rc:MentalInformation,rdfs:subClassOf,owl:Thing
rc:Figurine,rdfs:subClassOf,rc:Statue
rc:Figurine,rdfs:subClassOf,owl:Thing
rc:ArgumentsAgainstTheExistenceOfGod,rdfs:subClassOf,rc:Argument
rc:ArgumentsAgainstTheExistenceOfGod,rdfs:subClassOf,owl:Thing
rc:RomanizationOfKorean,rdfs:subClassOf,rc:KoreanLanguage
rc:RomanizationOfKorean,rdfs:subClassOf,owl:Thing
rc:TypingSoftware,rdfs:subClassOf,rc:EducationalComputerProgram
rc:TypingSoftware,rdfs:subClassOf,owl:Thing
rc:LearningManagementSystem,rdfs:subClassOf,rc:EducationalComputerProgram
rc:LearningManagementSystem,rdfs:subClassOf,owl:Thing
rc:DjermaLanguage,rdfs:subClassOf,rc:NiloSaharanLanguages
rc:DjermaLanguage,rdfs:subClassOf,owl:Thing
rc:MachineLearningProgram,rdfs:subClassOf,rc:DataMiningAndMachineLearningSoftware
rc:MachineLearningProgram,rdfs:subClassOf,owl:Thing
rc:Comedy,rdfs:subClassOf,rc:ComedyMovie
rc:Comedy,rdfs:subClassOf,rc:ComedySketch
rc:Comedy,rdfs:subClassOf,owl:Thing
rc:PornographicMaterial_Legal,rdfs:subClassOf,rc:PornographicMaterial
rc:PornographicMaterial_Legal,rdfs:subClassOf,owl:Thing
rc:PlatformGameProgram,rdfs:subClassOf,rc:ActionGame
rc:PlatformGameProgram,rdfs:subClassOf,owl:Thing
rc:Hangul,rdfs:subClassOf,rc:KoreanLanguage
rc:Hangul,rdfs:subClassOf,owl:Thing
rc:UniformResourceLocator,rdfs:subClassOf,rc:UniformResourceIdentifier
rc:UniformResourceLocator,rdfs:subClassOf,owl:Thing
rc:Kwa_CongoLanguages,rdfs:subClassOf,rc:OtherNigerCongoLanguages
rc:Kwa_CongoLanguages,rdfs:subClassOf,owl:Thing
rc:ComputerDisplayScreenRegion,rdfs:subClassOf,rc:ComputingInformation
rc:ComputerDisplayScreenRegion,rdfs:subClassOf,rc:InformationBearingObject
rc:ComputerDisplayScreenRegion,rdfs:subClassOf,rc:StillImageSource
rc:ComputerDisplayScreenRegion,rdfs:subClassOf,owl:Thing
rc:PhysicsProblem,rdfs:subClassOf,rc:Document
rc:PhysicsProblem,rdfs:subClassOf,owl:Thing
rc:Dream,rdfs:subClassOf,rc:MentalInformation
rc:Dream,rdfs:subClassOf,owl:Thing
rc:BasqueLanguage,rdfs:subClassOf,rc:LanguageIsolate
rc:BasqueLanguage,rdfs:subClassOf,rc:OtherLanguages
rc:BasqueLanguage,rdfs:subClassOf,owl:Thing
rc:DutchGivenName,rdfs:subClassOf,rc:HumanGivenName
rc:DutchGivenName,rdfs:subClassOf,owl:Thing
rc:AncientLanguages,rdfs:subClassOf,rc:SpecificDeadLanguages
rc:AncientLanguages,rdfs:subClassOf,owl:Thing
rc:WebDirectoryPage,rdfs:subClassOf,rc:WorldWideWebPage_PCW
rc:WebDirectoryPage,rdfs:subClassOf,owl:Thing
rc:SocialMedia,rdfs:subClassOf,rc:WorldWideWeb_DynamicIndexedInfoSource
rc:SocialMedia,rdfs:subClassOf,owl:Thing
rc:FashionTerminology,rdfs:subClassOf,rc:EntertainmentTerm
rc:FashionTerminology,rdfs:subClassOf,owl:Thing
rc:MemoryTest,rdfs:subClassOf,rc:Memory
rc:MemoryTest,rdfs:subClassOf,owl:Thing
rc:InstallmentLoan,rdfs:subClassOf,rc:ClosedEndLoanAgreement
rc:InstallmentLoan,rdfs:subClassOf,owl:Thing
rc:RenaissanceManuscript,rdfs:subClassOf,rc:Manuscript
rc:RenaissanceManuscript,rdfs:subClassOf,owl:Thing
rc:Road_Signs_France,rdfs:subClassOf,rc:RoadSign
rc:Road_Signs_France,rdfs:subClassOf,owl:Thing
rc:AntiSpywareProgram,rdfs:subClassOf,rc:SecurityProgram
rc:AntiSpywareProgram,rdfs:subClassOf,owl:Thing
rc:ProbabilityTheorem,rdfs:subClassOf,rc:ProbabilityTheory
rc:ProbabilityTheorem,rdfs:subClassOf,owl:Thing
rc:ComputerDisplayActiveArea,rdfs:subClassOf,rc:ComputerDisplayScreenRegion
rc:ComputerDisplayActiveArea,rdfs:subClassOf,owl:Thing
rc:EsperantoMovement,rdfs:subClassOf,rc:Esperanto
rc:EsperantoMovement,rdfs:subClassOf,owl:Thing
rc:TechnicalAnalysisSoftware,rdfs:subClassOf,rc:FinancialProgram
rc:TechnicalAnalysisSoftware,rdfs:subClassOf,owl:Thing
rc:DiscoverCard,rdfs:subClassOf,rc:CreditCard_RevolvingAccount
rc:DiscoverCard,rdfs:subClassOf,rc:MajorCreditCard
rc:DiscoverCard,rdfs:subClassOf,owl:Thing
rc:BiblicalDreamsAndVisions,rdfs:subClassOf,rc:Dream
rc:BiblicalDreamsAndVisions,rdfs:subClassOf,owl:Thing
rc:FontStyleMarkupTag,rdfs:subClassOf,rc:MarkupLanguageTag
rc:FontStyleMarkupTag,rdfs:subClassOf,owl:Thing
rc:BurjiLanguage,rdfs:subClassOf,rc:CushiticLanguages
rc:BurjiLanguage,rdfs:subClassOf,owl:Thing
rc:DigitalTypography,rdfs:subClassOf,rc:GraphicsSoftware
rc:DigitalTypography,rdfs:subClassOf,owl:Thing
rc:IndoAryanLanguages,rdfs:subClassOf,rc:IndoEuropeanLanguages
rc:IndoAryanLanguages,rdfs:subClassOf,owl:Thing
rc:TamangLanguage,rdfs:subClassOf,rc:TibetoBurmanLanguages
rc:TamangLanguage,rdfs:subClassOf,owl:Thing
rc:WorldWideWeb_DynamicIndexedInfoSource,rdfs:subClassOf,rc:DynamicIndexedInfoSource
rc:WorldWideWeb_DynamicIndexedInfoSource,rdfs:subClassOf,owl:Thing
rc:MalagasyWordOrPhrase,rdfs:subClassOf,rc:WordOrPhraseByLanguage
rc:MalagasyWordOrPhrase,rdfs:subClassOf,owl:Thing
rc:GeezLanguage,rdfs:subClassOf,rc:ClassicMedievalLanguages
rc:GeezLanguage,rdfs:subClassOf,owl:Thing
rc:JapaneseHonorific,rdfs:subClassOf,rc:JapaneseLanguage
rc:JapaneseHonorific,rdfs:subClassOf,owl:Thing
rc:GeneticCode,rdfs:subClassOf,rc:GeneticInformation
rc:GeneticCode,rdfs:subClassOf,owl:Thing
rc:WineTerm,rdfs:subClassOf,rc:FoodDrinkTerm
rc:WineTerm,rdfs:subClassOf,owl:Thing
rc:SystemsOfSetTheory,rdfs:subClassOf,rc:SetTheory
rc:SystemsOfSetTheory,rdfs:subClassOf,owl:Thing
rc:ElectroweakTheory,rdfs:subClassOf,rc:QuantumFieldTheory
rc:ElectroweakTheory,rdfs:subClassOf,owl:Thing
rc:NewAgePredecessor,rdfs:subClassOf,rc:MusicalComposition_NewAge
rc:NewAgePredecessor,rdfs:subClassOf,owl:Thing
rc:CooperativeShareLoan,rdfs:subClassOf,rc:LoanAgreement
rc:CooperativeShareLoan,rdfs:subClassOf,owl:Thing
rc:Statue,rdfs:subClassOf,rc:SculptureInTheRound
rc:Statue,rdfs:subClassOf,owl:Thing
rc:StatisticalNaturalLanguageProcessing,rdfs:subClassOf,rc:NaturalLanguageProcessing
rc:StatisticalNaturalLanguageProcessing,rdfs:subClassOf,owl:Thing
rc:AmortizedLoan,rdfs:subClassOf,rc:InstallmentLoan
rc:AmortizedLoan,rdfs:subClassOf,owl:Thing
rc:BihariLanguage,rdfs:subClassOf,rc:IndoAryanLanguages
rc:BihariLanguage,rdfs:subClassOf,owl:Thing
rc:Blogging,rdfs:subClassOf,rc:WorldWideWeb_DynamicIndexedInfoSource
rc:Blogging,rdfs:subClassOf,owl:Thing
rc:LispAtom,rdfs:subClassOf,rc:LispObject
rc:LispAtom,rdfs:subClassOf,owl:Thing
rc:DecisionTheory,rdfs:subClassOf,rc:ProbabilityTheory
rc:DecisionTheory,rdfs:subClassOf,owl:Thing
rc:FormalGrammarSpecification,rdfs:subClassOf,rc:TextString
rc:FormalGrammarSpecification,rdfs:subClassOf,owl:Thing
rc:MkhedruliLetter,rdfs:subClassOf,rc:Letter_Alphabetic
rc:MkhedruliLetter,rdfs:subClassOf,owl:Thing
rc:UtoAztecanLanguages,rdfs:subClassOf,rc:IndigenousAmericanLanguages
rc:UtoAztecanLanguages,rdfs:subClassOf,owl:Thing
rc:MusicalComposition_Swing,rdfs:subClassOf,rc:MusicTypeOpenGenre
rc:MusicalComposition_Swing,rdfs:subClassOf,rc:MusicalComposition
rc:MusicalComposition_Swing,rdfs:subClassOf,owl:Thing
rc:MagneticCompass,rdfs:subClassOf,rc:Compass
rc:MagneticCompass,rdfs:subClassOf,rc:HumanAccessibleIBO
rc:MagneticCompass,rdfs:subClassOf,owl:Thing
rc:RouterProgram,rdfs:subClassOf,rc:InternetProgram
rc:RouterProgram,rdfs:subClassOf,rc:SecurityProgram
rc:RouterProgram,rdfs:subClassOf,rc:ServerProgram
rc:RouterProgram,rdfs:subClassOf,owl:Thing
rc:SkouLanguage,rdfs:subClassOf,rc:PapuanLanguageGrouping
rc:SkouLanguage,rdfs:subClassOf,owl:Thing
rc:PowerOfAttorney,rdfs:subClassOf,rc:LegalDocument
rc:PowerOfAttorney,rdfs:subClassOf,owl:Thing
rc:ModularForm,rdfs:subClassOf,rc:NumberTheory
rc:ModularForm,rdfs:subClassOf,owl:Thing
rc:ValueTable_PCW,rdfs:subClassOf,rc:StructurallySpecificWork
rc:ValueTable_PCW,rdfs:subClassOf,rc:VisualArtifact
rc:ValueTable_PCW,rdfs:subClassOf,owl:Thing
rc:MortgageCalculatorProgram,rdfs:subClassOf,rc:CalculatorProgram
rc:MortgageCalculatorProgram,rdfs:subClassOf,rc:FinancialProgram
rc:MortgageCalculatorProgram,rdfs:subClassOf,owl:Thing
rc:EMailFile,rdfs:subClassOf,rc:ComputerFileTypeByFormat
rc:EMailFile,rdfs:subClassOf,owl:Thing
rc:LiveAlbum,rdfs:subClassOf,rc:Album
rc:LiveAlbum,rdfs:subClassOf,owl:Thing
rc:RenaissanceMusic,rdfs:subClassOf,rc:MusicTypeByGenre
rc:RenaissanceMusic,rdfs:subClassOf,owl:Thing
rc:PaiuteLanguage,rdfs:subClassOf,rc:UtoAztecanLanguages
rc:PaiuteLanguage,rdfs:subClassOf,owl:Thing
rc:Infographic,rdfs:subClassOf,rc:Graphic_VisualIBT
rc:Infographic,rdfs:subClassOf,owl:Thing
rc:Panama_PacificCommemorativeCoin,rdfs:subClassOf,rc:CommemorativeCoin
rc:Panama_PacificCommemorativeCoin,rdfs:subClassOf,owl:Thing
rc:KoreanWritingSystem,rdfs:subClassOf,rc:KoreanLanguage
rc:KoreanWritingSystem,rdfs:subClassOf,rc:WritingSystem
rc:KoreanWritingSystem,rdfs:subClassOf,owl:Thing
rc:PornographicMovie,rdfs:subClassOf,rc:FilmGenre
rc:PornographicMovie,rdfs:subClassOf,rc:PornographicMaterial_Legal
rc:PornographicMovie,rdfs:subClassOf,owl:Thing
rc:CentralAmericanSpanish,rdfs:subClassOf,rc:SpanishLanguage
rc:CentralAmericanSpanish,rdfs:subClassOf,owl:Thing
rc:Requiem,rdfs:subClassOf,rc:MusicalComposition_Classical
rc:Requiem,rdfs:subClassOf,owl:Thing
rc:PurchaseOrderDocument,rdfs:subClassOf,rc:OrderForm
rc:PurchaseOrderDocument,rdfs:subClassOf,owl:Thing
rc:WikiFarm,rdfs:subClassOf,rc:ComputerServer
rc:WikiFarm,rdfs:subClassOf,owl:Thing
rc:TransmitProtocol,rdfs:subClassOf,rc:CommunicationProtocol
rc:TransmitProtocol,rdfs:subClassOf,rc:MachineProtocol
rc:TransmitProtocol,rdfs:subClassOf,owl:Thing
rc:PasswordCrackingProgram,rdfs:subClassOf,rc:DecryptionProgram
rc:PasswordCrackingProgram,rdfs:subClassOf,owl:Thing
rc:ManchuWordOrPhrase,rdfs:subClassOf,rc:WordOrPhraseByLanguage
rc:ManchuWordOrPhrase,rdfs:subClassOf,owl:Thing
rc:MusicalComposition_Techno,rdfs:subClassOf,rc:MusicalComposition_Electronic
rc:MusicalComposition_Techno,rdfs:subClassOf,owl:Thing
rc:ClothingIBO,rdfs:subClassOf,rc:HumanAccessibleIBO
rc:ClothingIBO,rdfs:subClassOf,owl:Thing
rc:MovieTypeBySeries,rdfs:subClassOf,rc:Movie
rc:MovieTypeBySeries,rdfs:subClassOf,owl:Thing
rc:SakaLanguage,rdfs:subClassOf,rc:ClassicMedievalLanguages
rc:SakaLanguage,rdfs:subClassOf,owl:Thing
rc:WorldWideWebServerProgram,rdfs:subClassOf,rc:InternetProgram
rc:WorldWideWebServerProgram,rdfs:subClassOf,rc:InternetSoftwareMarketCategory
rc:WorldWideWebServerProgram,rdfs:subClassOf,rc:ServerProgram
rc:WorldWideWebServerProgram,rdfs:subClassOf,owl:Thing
rc:KoreanWriting,rdfs:subClassOf,rc:KoreanWritingSystem
rc:KoreanWriting,rdfs:subClassOf,owl:Thing
rc:IjoLanguage,rdfs:subClassOf,rc:AtlanticCongoLanguages
rc:IjoLanguage,rdfs:subClassOf,owl:Thing
rc:MacroVirus,rdfs:subClassOf,rc:ComputerVirus
rc:MacroVirus,rdfs:subClassOf,owl:Thing
rc:MESSoftware,rdfs:subClassOf,rc:IndustrialSoftware
rc:MESSoftware,rdfs:subClassOf,owl:Thing
rc:Manuscript_Handwritten,rdfs:subClassOf,rc:HandwrittenDocument
rc:Manuscript_Handwritten,rdfs:subClassOf,rc:Manuscript
rc:Manuscript_Handwritten,rdfs:subClassOf,owl:Thing
rc:MortgageCertificate,rdfs:subClassOf,rc:FinancialDocument
rc:MortgageCertificate,rdfs:subClassOf,rc:WrittenLegalAgreement
rc:MortgageCertificate,rdfs:subClassOf,owl:Thing
rc:RomanizationOfThai,rdfs:subClassOf,rc:WritingSymbolCharacter
rc:RomanizationOfThai,rdfs:subClassOf,owl:Thing
rc:ExactlySolvableModel,rdfs:subClassOf,rc:QuantumFieldTheory
rc:ExactlySolvableModel,rdfs:subClassOf,owl:Thing
rc:MinimalMusic,rdfs:subClassOf,rc:MusicTypeOpenGenre
rc:MinimalMusic,rdfs:subClassOf,owl:Thing
rc:DutchGrammar,rdfs:subClassOf,rc:LanguageGrammars
rc:DutchGrammar,rdfs:subClassOf,owl:Thing
rc:Chemehuevi,rdfs:subClassOf,rc:PaiuteLanguage
rc:Chemehuevi,rdfs:subClassOf,owl:Thing
rc:Animation_AdultAudience,rdfs:subClassOf,rc:PornographicMovie
rc:Animation_AdultAudience,rdfs:subClassOf,owl:Thing
rc:Chart,rdfs:subClassOf,rc:Infographic
rc:Chart,rdfs:subClassOf,owl:Thing
rc:NiloSaharanLanguages,rdfs:subClassOf,rc:LivingLanguage
rc:NiloSaharanLanguages,rdfs:subClassOf,owl:Thing
rc:KwakiutlLanguage,rdfs:subClassOf,rc:WakashanLanguages
rc:KwakiutlLanguage,rdfs:subClassOf,owl:Thing
rc:Trilogy,rdfs:subClassOf,rc:MediaSeriesProduct
rc:Trilogy,rdfs:subClassOf,owl:Thing
rc:SearchResultsPage,rdfs:subClassOf,rc:WebPage
rc:SearchResultsPage,rdfs:subClassOf,owl:Thing
rc:PasswordFile,rdfs:subClassOf,rc:ComputerFile_Abstract
rc:PasswordFile,rdfs:subClassOf,rc:Encrypted
rc:PasswordFile,rdfs:subClassOf,owl:Thing
rc:First_PersonShooter,rdfs:subClassOf,rc:ComputerGameProgram_ShooterGame
rc:First_PersonShooter,rdfs:subClassOf,owl:Thing
rc:DiagrammingSoftware,rdfs:subClassOf,rc:GraphicsEditingProgram
rc:DiagrammingSoftware,rdfs:subClassOf,owl:Thing
rc:RetiredStatus,rdfs:subClassOf,rc:LoanApplication
rc:RetiredStatus,rdfs:subClassOf,owl:Thing
rc:DiracEquation,rdfs:subClassOf,rc:QuantumFieldTheory
rc:DiracEquation,rdfs:subClassOf,owl:Thing
rc:ProgramVariable,rdfs:subClassOf,rc:ProgramExpression
rc:ProgramVariable,rdfs:subClassOf,owl:Thing
rc:ItalianLanguageSurname,rdfs:subClassOf,rc:HumanSurname
rc:ItalianLanguageSurname,rdfs:subClassOf,owl:Thing
rc:SoftwareByLibraryUsed,rdfs:subClassOf,rc:SoftwareObject_Individual
rc:SoftwareByLibraryUsed,rdfs:subClassOf,owl:Thing
rc:StandardModel,rdfs:subClassOf,rc:QuantumFieldTheory
rc:StandardModel,rdfs:subClassOf,owl:Thing
rc:HangulJamo,rdfs:subClassOf,rc:KoreanWriting
rc:HangulJamo,rdfs:subClassOf,owl:Thing
rc:ShoshoneLanguage,rdfs:subClassOf,rc:UtoAztecanLanguages
rc:ShoshoneLanguage,rdfs:subClassOf,owl:Thing
rc:BertaLanguage,rdfs:subClassOf,rc:NiloSaharanLanguages
rc:BertaLanguage,rdfs:subClassOf,owl:Thing
rc:OneDollarBill_US,rdfs:subClassOf,rc:Bill_US
rc:OneDollarBill_US,rdfs:subClassOf,owl:Thing
rc:CostReimbursementContract,rdfs:subClassOf,rc:Contract
rc:CostReimbursementContract,rdfs:subClassOf,owl:Thing
rc:Clause,rdfs:subClassOf,rc:PropositionalCWText
rc:Clause,rdfs:subClassOf,owl:Thing
rc:Functor,rdfs:subClassOf,rc:CategoryTheory
rc:Functor,rdfs:subClassOf,owl:Thing
rc:MusicalComposition_Classical,rdfs:subClassOf,rc:MusicTypeOpenGenre
rc:MusicalComposition_Classical,rdfs:subClassOf,rc:MusicalComposition
rc:MusicalComposition_Classical,rdfs:subClassOf,owl:Thing
rc:MayanLanguage,rdfs:subClassOf,rc:PenutianLanguages
rc:MayanLanguage,rdfs:subClassOf,owl:Thing
rc:GeezWriting,rdfs:subClassOf,rc:WritingSystem
rc:GeezWriting,rdfs:subClassOf,owl:Thing
rc:SoftwareClone,rdfs:subClassOf,rc:SoftwareObject
rc:SoftwareClone,rdfs:subClassOf,owl:Thing
rc:Anime,rdfs:subClassOf,rc:AnimationByGenre
rc:Anime,rdfs:subClassOf,rc:VideoConceptualWork
rc:Anime,rdfs:subClassOf,owl:Thing
rc:RomanizationOfTibetan,rdfs:subClassOf,rc:Romanization
rc:RomanizationOfTibetan,rdfs:subClassOf,owl:Thing
rc:ThaiTypeface,rdfs:subClassOf,rc:UnicodeTypeface
rc:ThaiTypeface,rdfs:subClassOf,rc:WritingSymbolCharacter
rc:ThaiTypeface,rdfs:subClassOf,owl:Thing
rc:ComputerDisplayMenuItem,rdfs:subClassOf,rc:ComputerDisplayActiveArea
rc:ComputerDisplayMenuItem,rdfs:subClassOf,owl:Thing
rc:SystemsOfUnits,rdfs:subClassOf,rc:Notation
rc:SystemsOfUnits,rdfs:subClassOf,owl:Thing
rc:CancelledCheck,rdfs:subClassOf,rc:FinancialDocument
rc:CancelledCheck,rdfs:subClassOf,rc:Paper_IBO
rc:CancelledCheck,rdfs:subClassOf,owl:Thing
rc:TypographySoftware,rdfs:subClassOf,rc:GraphicsEditingProgram
rc:TypographySoftware,rdfs:subClassOf,owl:Thing
rc:ChangeDetectionAndNotification,rdfs:subClassOf,rc:WorldWideWeb_DynamicIndexedInfoSource
rc:ChangeDetectionAndNotification,rdfs:subClassOf,owl:Thing
rc:BarkingSound,rdfs:subClassOf,rc:AnimalSound
rc:BarkingSound,rdfs:subClassOf,owl:Thing
rc:LispPackage,rdfs:subClassOf,rc:DevelopmentProgram
rc:LispPackage,rdfs:subClassOf,rc:SoftwarePackage
rc:LispPackage,rdfs:subClassOf,owl:Thing
rc:EmulatorProgram,rdfs:subClassOf,rc:UtilityProgram
rc:EmulatorProgram,rdfs:subClassOf,owl:Thing
rc:Photocopy,rdfs:subClassOf,rc:Paper_IBO
rc:Photocopy,rdfs:subClassOf,owl:Thing
rc:BiblicalEpicMovie,rdfs:subClassOf,rc:FilmGenre
rc:BiblicalEpicMovie,rdfs:subClassOf,owl:Thing
rc:LimitConformingLoan,rdfs:subClassOf,rc:LoanAgreement
rc:LimitConformingLoan,rdfs:subClassOf,owl:Thing
rc:PlatinumCard,rdfs:subClassOf,rc:CreditCard
rc:PlatinumCard,rdfs:subClassOf,owl:Thing
rc:BritishEnglishDialect,rdfs:subClassOf,rc:EnglishDialect
rc:BritishEnglishDialect,rdfs:subClassOf,owl:Thing
rc:SportsClothing_IBO,rdfs:subClassOf,rc:ClothingIBO
rc:SportsClothing_IBO,rdfs:subClassOf,owl:Thing
rc:FormalInsignia,rdfs:subClassOf,rc:Badge
rc:FormalInsignia,rdfs:subClassOf,rc:Insignia
rc:FormalInsignia,rdfs:subClassOf,owl:Thing
rc:ArtificialIntelligenceProgram,rdfs:subClassOf,rc:ApplicationProgram
rc:ArtificialIntelligenceProgram,rdfs:subClassOf,owl:Thing
rc:OneShotManga,rdfs:subClassOf,rc:Manga
rc:OneShotManga,rdfs:subClassOf,owl:Thing
rc:CurrentAccountMortgage,rdfs:subClassOf,rc:MortgageAgreement
rc:CurrentAccountMortgage,rdfs:subClassOf,owl:Thing
rc:PurchaseRequisitionDocument,rdfs:subClassOf,rc:Form_StandardizedIBO
rc:PurchaseRequisitionDocument,rdfs:subClassOf,owl:Thing
rc:InternetFax,rdfs:subClassOf,rc:EMailMessage
rc:InternetFax,rdfs:subClassOf,rc:WorldWideWeb_DynamicIndexedInfoSource
rc:InternetFax,rdfs:subClassOf,owl:Thing
rc:Mnemonics,rdfs:subClassOf,rc:Memory
rc:Mnemonics,rdfs:subClassOf,owl:Thing
rc:DiophantineApproximation,rdfs:subClassOf,rc:NumberTheory
rc:DiophantineApproximation,rdfs:subClassOf,owl:Thing
rc:KamaSutra,rdfs:subClassOf,rc:InstructionalWork
rc:KamaSutra,rdfs:subClassOf,owl:Thing
rc:TasksOfNaturalLanguageProcessing,rdfs:subClassOf,rc:NaturalLanguageProcessing
rc:TasksOfNaturalLanguageProcessing,rdfs:subClassOf,owl:Thing
rc:EngineeringSoftware,rdfs:subClassOf,rc:ApplicationProgram
rc:EngineeringSoftware,rdfs:subClassOf,owl:Thing
rc:CompositionWithSoloistAndAccompaniment,rdfs:subClassOf,rc:MusicalComposition_Classical
rc:CompositionWithSoloistAndAccompaniment,rdfs:subClassOf,owl:Thing
rc:FilterProgram,rdfs:subClassOf,rc:ProgrammingLanguageImplementation
rc:FilterProgram,rdfs:subClassOf,owl:Thing
rc:CultMovie,rdfs:subClassOf,rc:FilmGenre
rc:CultMovie,rdfs:subClassOf,owl:Thing
rc:Movie_Silent,rdfs:subClassOf,rc:Movie
rc:Movie_Silent,rdfs:subClassOf,owl:Thing
rc:Utility_RoadClassification,rdfs:subClassOf,rc:RoadClass
rc:Utility_RoadClassification,rdfs:subClassOf,owl:Thing
rc:MusicalComposition_TraditionalPop,rdfs:subClassOf,rc:MusicTypeOpenGenre
rc:MusicalComposition_TraditionalPop,rdfs:subClassOf,rc:MusicalComposition
rc:MusicalComposition_TraditionalPop,rdfs:subClassOf,owl:Thing
rc:Cobol,rdfs:subClassOf,rc:AbstractProgrammingLanguage
rc:Cobol,rdfs:subClassOf,owl:Thing
rc:Macro_ComputerScience,rdfs:subClassOf,rc:ScriptingProgram
rc:Macro_ComputerScience,rdfs:subClassOf,owl:Thing
rc:BasqueLanguageSurname,rdfs:subClassOf,rc:HumanSurname
rc:BasqueLanguageSurname,rdfs:subClassOf,owl:Thing
rc:AerospaceEngineeringSoftware,rdfs:subClassOf,rc:EngineeringSoftware
rc:AerospaceEngineeringSoftware,rdfs:subClassOf,owl:Thing
rc:WhiteBoardProgram,rdfs:subClassOf,rc:FileWritingProgram
rc:WhiteBoardProgram,rdfs:subClassOf,rc:InteractiveComputerProgram
rc:WhiteBoardProgram,rdfs:subClassOf,owl:Thing
rc:News,rdfs:subClassOf,rc:Information_Content
rc:News,rdfs:subClassOf,owl:Thing
rc:WebGraphics,rdfs:subClassOf,rc:ComputerImageFile
rc:WebGraphics,rdfs:subClassOf,owl:Thing
rc:MortgageFile,rdfs:subClassOf,rc:TextualMaterial
rc:MortgageFile,rdfs:subClassOf,owl:Thing
rc:IvoryWorkOfArt,rdfs:subClassOf,rc:Sculpture
rc:IvoryWorkOfArt,rdfs:subClassOf,owl:Thing
rc:BiblicalHebrewLanguage,rdfs:subClassOf,rc:AncientLanguages
rc:BiblicalHebrewLanguage,rdfs:subClassOf,owl:Thing
rc:LinearBWritingSystem,rdfs:subClassOf,rc:WritingSystem
rc:LinearBWritingSystem,rdfs:subClassOf,owl:Thing
rc:ConformingMortgage,rdfs:subClassOf,rc:LimitConformingLoan
rc:ConformingMortgage,rdfs:subClassOf,rc:MortgageAgreement
rc:ConformingMortgage,rdfs:subClassOf,owl:Thing
rc:NotGuiltyPlea,rdfs:subClassOf,rc:Plea_Legal
rc:NotGuiltyPlea,rdfs:subClassOf,owl:Thing
rc:Aria,rdfs:subClassOf,rc:CompositionWithSoloistAndAccompaniment
rc:Aria,rdfs:subClassOf,owl:Thing
rc:Spelling,rdfs:subClassOf,rc:LanguageMechanics
rc:Spelling,rdfs:subClassOf,owl:Thing
rc:GothicLanguage,rdfs:subClassOf,rc:ClassicMedievalLanguages
rc:GothicLanguage,rdfs:subClassOf,owl:Thing
rc:InternetFraud,rdfs:subClassOf,rc:EMailMessage
rc:InternetFraud,rdfs:subClassOf,owl:Thing
rc:TragediesEnMusique,rdfs:subClassOf,rc:OperaGenre
rc:TragediesEnMusique,rdfs:subClassOf,owl:Thing
rc:SnookerTerminology,rdfs:subClassOf,rc:SportsTerminology
rc:SnookerTerminology,rdfs:subClassOf,owl:Thing
rc:Badge,rdfs:subClassOf,rc:VisualLabel
rc:Badge,rdfs:subClassOf,owl:Thing
rc:Headline,rdfs:subClassOf,rc:News
rc:Headline,rdfs:subClassOf,owl:Thing
rc:SamoyedicLanguage,rdfs:subClassOf,rc:UralicLanguages
rc:SamoyedicLanguage,rdfs:subClassOf,owl:Thing
rc:PostalOrder,rdfs:subClassOf,rc:MoneyOrder
rc:PostalOrder,rdfs:subClassOf,owl:Thing
rc:StreetNewspaper,rdfs:subClassOf,rc:Newspaper
rc:StreetNewspaper,rdfs:subClassOf,owl:Thing
rc:ChartMapAtlas,rdfs:subClassOf,rc:PrintedPublication
rc:ChartMapAtlas,rdfs:subClassOf,owl:Thing
rc:Scheme,rdfs:subClassOf,rc:ProgrammingLanguage
rc:Scheme,rdfs:subClassOf,owl:Thing
rc:Plural_NLAttr,rdfs:subClassOf,rc:NLWordForm
rc:Plural_NLAttr,rdfs:subClassOf,owl:Thing
rc:StandardOutput,rdfs:subClassOf,rc:DataStream
rc:StandardOutput,rdfs:subClassOf,owl:Thing
rc:Index_PointerList,rdfs:subClassOf,rc:StructuredInformationSource
rc:Index_PointerList,rdfs:subClassOf,owl:Thing
rc:BiographicalArticle,rdfs:subClassOf,rc:Article_PCW
rc:BiographicalArticle,rdfs:subClassOf,owl:Thing
rc:Jersey_TheShirt,rdfs:subClassOf,rc:SportsClothing_IBO
rc:Jersey_TheShirt,rdfs:subClassOf,owl:Thing
rc:EnglishSpelling,rdfs:subClassOf,rc:EnglishTopics
rc:EnglishSpelling,rdfs:subClassOf,rc:Spelling
rc:EnglishSpelling,rdfs:subClassOf,owl:Thing
rc:GraphTheory,rdfs:subClassOf,rc:MathematicalTheory
rc:GraphTheory,rdfs:subClassOf,owl:Thing
rc:LightGun,rdfs:subClassOf,rc:GameController
rc:LightGun,rdfs:subClassOf,owl:Thing
rc:CyclesMusic,rdfs:subClassOf,rc:MusicalComposition
rc:CyclesMusic,rdfs:subClassOf,owl:Thing
rc:ProbabilityTheoryParadox,rdfs:subClassOf,rc:ProbabilityTheory
rc:ProbabilityTheoryParadox,rdfs:subClassOf,owl:Thing
rc:IndefiniteNounPhrase,rdfs:subClassOf,rc:NounPhrase
rc:IndefiniteNounPhrase,rdfs:subClassOf,owl:Thing
rc:Tachometer,rdfs:subClassOf,rc:Gauge
rc:Tachometer,rdfs:subClassOf,owl:Thing
rc:GraphicDesignProgram,rdfs:subClassOf,rc:DesignProgram
rc:GraphicDesignProgram,rdfs:subClassOf,rc:GraphicsEditingProgram
rc:GraphicDesignProgram,rdfs:subClassOf,owl:Thing
rc:KoreanLanguageName,rdfs:subClassOf,rc:KoreanLanguage
rc:KoreanLanguageName,rdfs:subClassOf,owl:Thing
rc:DjinAnime,rdfs:subClassOf,rc:Anime
rc:DjinAnime,rdfs:subClassOf,owl:Thing
rc:EnglishDialect,rdfs:subClassOf,rc:EnglishTopics
rc:EnglishDialect,rdfs:subClassOf,rc:LanguageDialect
rc:EnglishDialect,rdfs:subClassOf,owl:Thing
rc:Memory,rdfs:subClassOf,rc:MentalInformation
rc:Memory,rdfs:subClassOf,owl:Thing
rc:ToposTheory,rdfs:subClassOf,rc:CategoryTheory
rc:ToposTheory,rdfs:subClassOf,owl:Thing
rc:IndexDataStructure,rdfs:subClassOf,rc:ComputerDataStructure
rc:IndexDataStructure,rdfs:subClassOf,rc:Index_PointerList
rc:IndexDataStructure,rdfs:subClassOf,owl:Thing
rc:FijiHindi,rdfs:subClassOf,rc:IndoAryanLanguages
rc:FijiHindi,rdfs:subClassOf,owl:Thing
rc:Grammar,rdfs:subClassOf,rc:FormalGrammar
rc:Grammar,rdfs:subClassOf,owl:Thing
rc:CyberVulnerabilityExploit,rdfs:subClassOf,rc:ComputingInformation
rc:CyberVulnerabilityExploit,rdfs:subClassOf,owl:Thing
rc:Stereogram,rdfs:subClassOf,rc:VisualInformationBearingThing
rc:Stereogram,rdfs:subClassOf,owl:Thing
rc:EastGermanicLanguage,rdfs:subClassOf,rc:GermanicLanguages
rc:EastGermanicLanguage,rdfs:subClassOf,owl:Thing
rc:JeffersonNickel,rdfs:subClassOf,rc:NickelCoin_US
rc:JeffersonNickel,rdfs:subClassOf,owl:Thing
rc:TragedyOfTheCommons,rdfs:subClassOf,rc:GameTheory
rc:TragedyOfTheCommons,rdfs:subClassOf,owl:Thing
rc:Intelligence,rdfs:subClassOf,rc:Memory
rc:Intelligence,rdfs:subClassOf,owl:Thing
rc:Q_TheLetter,rdfs:subClassOf,rc:LatinScript
rc:Q_TheLetter,rdfs:subClassOf,owl:Thing
rc:ItalianLanguageTest,rdfs:subClassOf,rc:LanguageTests
rc:ItalianLanguageTest,rdfs:subClassOf,owl:Thing
rc:Voucher,rdfs:subClassOf,rc:TenderObject
rc:Voucher,rdfs:subClassOf,owl:Thing
rc:MaliciousComputerProgram,rdfs:subClassOf,rc:CyberVulnerabilityExploit
rc:MaliciousComputerProgram,rdfs:subClassOf,rc:SecurityProgram
rc:MaliciousComputerProgram,rdfs:subClassOf,owl:Thing
rc:ReligiousHolidayCard,rdfs:subClassOf,rc:GreetingCard
rc:ReligiousHolidayCard,rdfs:subClassOf,owl:Thing
rc:ExperimentalMovie,rdfs:subClassOf,rc:FilmGenre
rc:ExperimentalMovie,rdfs:subClassOf,owl:Thing
rc:AmericanAndBritishEnglishDifference,rdfs:subClassOf,rc:AmericanEnglishDialect
rc:AmericanAndBritishEnglishDifference,rdfs:subClassOf,rc:BritishEnglishDialect
rc:AmericanAndBritishEnglishDifference,rdfs:subClassOf,owl:Thing
rc:MarxistTerminology,rdfs:subClassOf,rc:PoliticalTerminology
rc:MarxistTerminology,rdfs:subClassOf,owl:Thing
rc:SemiticInscription,rdfs:subClassOf,rc:Inscription
rc:SemiticInscription,rdfs:subClassOf,rc:LanguageRelatedConcepts
rc:SemiticInscription,rdfs:subClassOf,owl:Thing
rc:Animatronics,rdfs:subClassOf,rc:Animation_MovingImage
rc:Animatronics,rdfs:subClassOf,owl:Thing
rc:BaseballJersey,rdfs:subClassOf,rc:Jersey_TheShirt
rc:BaseballJersey,rdfs:subClassOf,owl:Thing
rc:ComputerDocumentFile,rdfs:subClassOf,rc:ComputerFileTypeByFormat
rc:ComputerDocumentFile,rdfs:subClassOf,owl:Thing
rc:Reflection_Visual,rdfs:subClassOf,rc:VisualImage
rc:Reflection_Visual,rdfs:subClassOf,owl:Thing
rc:DiophantineEquation,rdfs:subClassOf,rc:NumberTheory
rc:DiophantineEquation,rdfs:subClassOf,owl:Thing
rc:BTree_DataStructure,rdfs:subClassOf,rc:IndexDataStructure
rc:BTree_DataStructure,rdfs:subClassOf,owl:Thing
rc:TennisTerminology,rdfs:subClassOf,rc:SportsTerminology
rc:TennisTerminology,rdfs:subClassOf,owl:Thing
rc:Coupon,rdfs:subClassOf,rc:Voucher
rc:Coupon,rdfs:subClassOf,owl:Thing
rc:BiblicalHebrew,rdfs:subClassOf,rc:BiblicalHebrewLanguage
rc:BiblicalHebrew,rdfs:subClassOf,owl:Thing
rc:DigitalWatermarking,rdfs:subClassOf,rc:CopyProtectedProgram
rc:DigitalWatermarking,rdfs:subClassOf,owl:Thing
rc:Glyph,rdfs:subClassOf,rc:CharacterToken
rc:Glyph,rdfs:subClassOf,rc:WritingSymbolCharacter
rc:Glyph,rdfs:subClassOf,owl:Thing
rc:ChristmasCard,rdfs:subClassOf,rc:ReligiousHolidayCard
rc:ChristmasCard,rdfs:subClassOf,owl:Thing
rc:Lecturing,rdfs:subClassOf,rc:Informing
rc:Lecturing,rdfs:subClassOf,owl:Thing
rc:Laserscope,rdfs:subClassOf,rc:LightGun
rc:Laserscope,rdfs:subClassOf,owl:Thing
rc:EMailProgram,rdfs:subClassOf,rc:NetworkingProgram
rc:EMailProgram,rdfs:subClassOf,owl:Thing
rc:SouthernRockMusic,rdfs:subClassOf,rc:RockMusic
rc:SouthernRockMusic,rdfs:subClassOf,owl:Thing
rc:CollaborationsInClassicalMusic,rdfs:subClassOf,rc:ClassicalMusic
rc:CollaborationsInClassicalMusic,rdfs:subClassOf,owl:Thing
rc:DemandLoan,rdfs:subClassOf,rc:LoanAgreement
rc:DemandLoan,rdfs:subClassOf,owl:Thing
rc:Wikidata,rdfs:subClassOf,rc:KnowledgeBase
rc:Wikidata,rdfs:subClassOf,owl:Thing
rc:NewsAgencyArticle,rdfs:subClassOf,rc:NewsArticle
rc:NewsAgencyArticle,rdfs:subClassOf,rc:PublishedConceptualWork
rc:NewsAgencyArticle,rdfs:subClassOf,owl:Thing
